/*--------------------------------*- C++ -*----------------------------------*\
  =========                 |
  \\      /  F ield         | OpenFOAM: The Open Source CFD Toolbox
   \\    /   O peration     | Website:  https://openfoam.org
    \\  /    A nd           | Version:  12
     \\/     M anipulation  |
\*---------------------------------------------------------------------------*/
FoamFile
{
    format      ascii;
    class       volVectorField;
    location    "100";
    object      U;
}
// * * * * * * * * * * * * * * * * * * * * * * * * * * * * * * * * * * * * * //

dimensions      [0 1 -1 0 0 0 0];

internalField   nonuniform List<vector> 
18240
(
(0.0122111 0.0122112 0.181784)
(0.00783361 0.0129654 0.20209)
(0.00254927 0.0135245 0.208154)
(-0.00254919 0.0135244 0.208154)
(-0.00783354 0.0129654 0.20209)
(-0.0122111 0.0122111 0.181784)
(0.0129654 0.00783361 0.20209)
(0.00811958 0.00811958 0.211526)
(0.0026932 0.00823991 0.213594)
(-0.00269314 0.0082399 0.213594)
(-0.00811953 0.00811957 0.211526)
(-0.0129654 0.00783359 0.20209)
(0.0135245 0.00254927 0.208154)
(0.00823991 0.00269319 0.213594)
(0.00272348 0.00272348 0.214326)
(-0.00272343 0.00272348 0.214326)
(-0.00823986 0.00269319 0.213594)
(-0.0135244 0.00254927 0.208154)
(0.0135244 -0.00254919 0.208154)
(0.0082399 -0.00269314 0.213594)
(0.00272348 -0.00272343 0.214326)
(-0.00272342 -0.00272342 0.214326)
(-0.00823986 -0.00269313 0.213594)
(-0.0135244 -0.00254918 0.208154)
(0.0129654 -0.00783354 0.20209)
(0.00811957 -0.00811953 0.211526)
(0.00269319 -0.00823986 0.213594)
(-0.00269313 -0.00823986 0.213594)
(-0.00811952 -0.00811952 0.211526)
(-0.0129654 -0.00783351 0.20209)
(0.0122111 -0.0122111 0.181784)
(0.0078336 -0.0129654 0.20209)
(0.00254927 -0.0135244 0.208154)
(-0.00254918 -0.0135244 0.208154)
(-0.00783351 -0.0129654 0.20209)
(-0.0122111 -0.0122111 0.181784)
(0.00250325 0.00250325 0.208303)
(0.00259015 0.0035128 0.249887)
(0.000925445 0.00406878 0.264928)
(-0.000925167 0.00406876 0.264928)
(-0.00258989 0.00351278 0.249887)
(-0.00250307 0.00250325 0.208303)
(0.0035128 0.00259015 0.249887)
(0.00308016 0.00308015 0.275319)
(0.00108829 0.00325959 0.282926)
(-0.0010881 0.00325958 0.282926)
(-0.00307999 0.00308013 0.275319)
(-0.00351269 0.00259013 0.249887)
(0.00406878 0.000925444 0.264928)
(0.00325959 0.00108829 0.282926)
(0.00114036 0.00114036 0.287338)
(-0.00114021 0.00114036 0.287338)
(-0.00325945 0.00108829 0.282926)
(-0.00406868 0.000925441 0.264928)
(0.00406876 -0.000925169 0.264928)
(0.00325958 -0.00108811 0.282926)
(0.00114036 -0.00114021 0.287338)
(-0.0011402 -0.0011402 0.287338)
(-0.00325944 -0.00108809 0.282926)
(-0.00406867 -0.000925147 0.264928)
(0.00351278 -0.0025899 0.249887)
(0.00308013 -0.00307999 0.275319)
(0.00108829 -0.00325946 0.282926)
(-0.00108809 -0.00325944 0.282926)
(-0.00307996 -0.00307996 0.27532)
(-0.00351267 -0.00258986 0.249888)
(0.00250325 -0.00250307 0.208303)
(0.00259013 -0.00351269 0.249887)
(0.000925443 -0.00406868 0.264928)
(-0.000925145 -0.00406867 0.264928)
(-0.00258986 -0.00351267 0.249888)
(-0.00250306 -0.00250306 0.208304)
(0.00177583 0.00177583 0.188537)
(0.00159388 0.002885 0.243952)
(0.000617886 0.00343157 0.267397)
(-0.000617387 0.00343157 0.267397)
(-0.00159342 0.00288502 0.243953)
(-0.00177551 0.00177589 0.18854)
(0.002885 0.00159388 0.243952)
(0.00236135 0.00236135 0.286694)
(0.000872236 0.00270262 0.302611)
(-0.0008719 0.00270261 0.302612)
(-0.00236105 0.00236134 0.286695)
(-0.00288481 0.0015939 0.243953)
(0.00343157 0.000617884 0.267397)
(0.00270262 0.000872235 0.302611)
(0.000982582 0.00098258 0.314388)
(-0.000982311 0.000982579 0.314388)
(-0.00270239 0.000872232 0.302612)
(-0.00343143 0.000617883 0.267398)
(0.00343157 -0.000617389 0.267397)
(0.00270261 -0.000871902 0.302612)
(0.00098258 -0.000982313 0.314388)
(-0.000982301 -0.000982303 0.314388)
(-0.00270237 -0.00087188 0.302612)
(-0.00343142 -0.00061737 0.267398)
(0.00288502 -0.00159343 0.243953)
(0.00236134 -0.00236105 0.286695)
(0.000872234 -0.00270239 0.302612)
(-0.000871878 -0.00270238 0.302612)
(-0.00236103 -0.00236103 0.286695)
(-0.00288482 -0.00159343 0.243954)
(0.00177589 -0.00177552 0.18854)
(0.0015939 -0.00288481 0.243953)
(0.000617885 -0.00343143 0.267398)
(-0.000617368 -0.00343142 0.267398)
(-0.00159342 -0.00288482 0.243954)
(-0.00177557 -0.00177557 0.188543)
(0.000261634 0.000261634 0.18206)
(0.000504597 0.00074608 0.239847)
(0.000238705 0.00106932 0.266534)
(-0.000238131 0.00106932 0.266535)
(-0.000504063 0.000746154 0.23985)
(-0.000261281 0.000261757 0.182065)
(0.00074608 0.000504596 0.239847)
(0.000960182 0.000960182 0.290494)
(0.000410504 0.00121792 0.312029)
(-0.000410105 0.00121793 0.312029)
(-0.000959817 0.000960216 0.290495)
(-0.000745827 0.000504678 0.23985)
(0.00106932 0.000238704 0.266534)
(0.00121792 0.000410503 0.312029)
(0.000501705 0.000501704 0.330072)
(-0.00050139 0.000501706 0.330072)
(-0.00121764 0.000410511 0.312029)
(-0.00106914 0.000238716 0.266535)
(0.00106932 -0.000238133 0.266535)
(0.00121793 -0.000410106 0.312029)
(0.000501707 -0.000501391 0.330072)
(-0.000501384 -0.000501386 0.330072)
(-0.00121764 -0.000410101 0.31203)
(-0.00106915 -0.000238141 0.266536)
(0.000746153 -0.000504064 0.23985)
(0.000960216 -0.000959819 0.290495)
(0.000410512 -0.00121765 0.312029)
(-0.000410099 -0.00121764 0.31203)
(-0.000959844 -0.000959846 0.290497)
(-0.000745899 -0.000504145 0.239852)
(0.000261757 -0.000261282 0.182065)
(0.000504679 -0.000745828 0.23985)
(0.000238718 -0.00106914 0.266535)
(-0.000238139 -0.00106915 0.266536)
(-0.000504143 -0.000745901 0.239852)
(-0.000261405 -0.000261406 0.18207)
(0.000113103 0.000113103 0.180396)
(0.000244882 0.000312619 0.238594)
(0.000120855 0.000474166 0.266473)
(-0.000120247 0.000474188 0.266475)
(-0.000244319 0.000312739 0.238597)
(-0.000112744 0.000113248 0.180403)
(0.000312619 0.000244882 0.238594)
(0.000498066 0.000498066 0.29264)
(0.000228362 0.000669429 0.317444)
(-0.000227899 0.000669448 0.317444)
(-0.000497634 0.000498144 0.292642)
(-0.000312305 0.00024501 0.238598)
(0.000474166 0.000120854 0.266473)
(0.00066943 0.000228361 0.317444)
(0.000296163 0.000296162 0.339876)
(-0.000295787 0.000296168 0.339876)
(-0.000669088 0.00022838 0.317445)
(-0.000473936 0.000120879 0.266476)
(0.000474188 -0.000120248 0.266475)
(0.000669449 -0.0002279 0.317444)
(0.000296169 -0.000295788 0.339876)
(-0.00029579 -0.000295791 0.339877)
(-0.000669106 -0.000227915 0.317446)
(-0.000473957 -0.000120283 0.266477)
(0.000312739 -0.00024432 0.238597)
(0.000498144 -0.000497636 0.292642)
(0.000228381 -0.00066909 0.317445)
(-0.000227914 -0.000669107 0.317446)
(-0.000497712 -0.000497713 0.292644)
(-0.000312425 -0.000244458 0.238602)
(0.000113248 -0.000112744 0.180403)
(0.000245011 -0.000312306 0.238598)
(0.00012088 -0.000473937 0.266476)
(-0.000120282 -0.000473958 0.266477)
(-0.000244456 -0.000312426 0.238602)
(-0.000112893 -0.000112894 0.180409)
(0.000113662 0.000113662 0.178856)
(0.000159258 0.000231338 0.237492)
(7.55345e-05 0.000318628 0.266044)
(-7.49469e-05 0.000318661 0.266045)
(-0.00015873 0.000231468 0.237497)
(-0.000113348 0.000113786 0.178864)
(0.000231338 0.000159258 0.237492)
(0.000305811 0.00030581 0.293321)
(0.000140433 0.000410475 0.319999)
(-0.000139937 0.000410504 0.32)
(-0.00030535 0.000305908 0.293324)
(-0.000231005 0.000159391 0.237498)
(0.000318628 7.55343e-05 0.266044)
(0.000410475 0.000140433 0.319999)
(0.000184889 0.000184888 0.345198)
(-0.000184467 0.000184896 0.345199)
(-0.000410087 0.000140459 0.320001)
(-0.000318354 7.55653e-05 0.266048)
(0.000318661 -7.49472e-05 0.266045)
(0.000410505 -0.000139937 0.32)
(0.000184897 -0.000184468 0.345199)
(-0.000184475 -0.000184476 0.3452)
(-0.000410117 -0.000139968 0.320002)
(-0.000318387 -7.49959e-05 0.266049)
(0.000231468 -0.00015873 0.237496)
(0.000305908 -0.000305351 0.293324)
(0.000140459 -0.000410088 0.320001)
(-0.000139967 -0.000410118 0.320002)
(-0.000305452 -0.000305453 0.293328)
(-0.000231136 -0.000158877 0.237503)
(0.000113786 -0.000113348 0.178864)
(0.000159391 -0.000231005 0.237498)
(7.55656e-05 -0.000318355 0.266048)
(-7.49953e-05 -0.000318388 0.266049)
(-0.000158876 -0.000231136 0.237503)
(-0.000113478 -0.000113478 0.178873)
(6.07747e-05 6.07748e-05 0.178032)
(9.16576e-05 0.000128844 0.236953)
(4.43443e-05 0.00017841 0.265912)
(-4.38337e-05 0.000178442 0.265914)
(-9.12201e-05 0.000128949 0.236958)
(-6.05364e-05 6.0855e-05 0.178042)
(0.000128845 9.16576e-05 0.236953)
(0.000172307 0.000172307 0.293779)
(8.08228e-05 0.000231308 0.321514)
(-8.03405e-05 0.000231339 0.321515)
(-0.000171872 0.000172396 0.293783)
(-0.000128544 9.1761e-05 0.23696)
(0.00017841 4.43443e-05 0.265912)
(0.000231308 8.08225e-05 0.321514)
(0.000107005 0.000107005 0.348332)
(-0.000106572 0.000107014 0.348333)
(-0.000230913 8.0848e-05 0.321517)
(-0.000178132 4.43715e-05 0.265918)
(0.000178442 -4.38335e-05 0.265914)
(0.000231339 -8.03408e-05 0.321515)
(0.000107015 -0.000106572 0.348333)
(-0.000106583 -0.000106584 0.348334)
(-0.000230945 -8.03758e-05 0.321518)
(-0.000178165 -4.38803e-05 0.26592)
(0.000128949 -9.12198e-05 0.236958)
(0.000172396 -0.000171872 0.293783)
(8.08483e-05 -0.000230913 0.321517)
(-8.03753e-05 -0.000230946 0.321518)
(-0.000171967 -0.000171967 0.293787)
(-0.00012865 -9.13371e-05 0.236966)
(6.08553e-05 -6.05363e-05 0.178042)
(9.17612e-05 -0.000128544 0.23696)
(4.43717e-05 -0.000178132 0.265918)
(-4.38801e-05 -0.000178165 0.26592)
(-9.13372e-05 -0.00012865 0.236966)
(-6.06216e-05 -6.06215e-05 0.178051)
(3.86153e-05 3.86154e-05 0.177555)
(5.71458e-05 8.01758e-05 0.236674)
(2.74841e-05 0.000110143 0.265894)
(-2.708e-05 0.000110166 0.265896)
(-5.68174e-05 8.02395e-05 0.23668)
(-3.845e-05 3.86532e-05 0.177566)
(8.01758e-05 5.71459e-05 0.236674)
(0.000104027 0.000104027 0.294111)
(4.85791e-05 0.000137884 0.322464)
(-4.81494e-05 0.000137908 0.322465)
(-0.000103654 0.00010409 0.294116)
(-7.99342e-05 5.72077e-05 0.236683)
(0.000110143 2.74841e-05 0.265894)
(0.000137884 4.8579e-05 0.322464)
(6.37747e-05 6.37744e-05 0.350217)
(-6.33628e-05 6.3782e-05 0.350218)
(-0.000137518 4.85982e-05 0.322468)
(-0.000109894 2.75012e-05 0.265902)
(0.000110166 -2.70798e-05 0.265896)
(0.000137908 -4.81495e-05 0.322465)
(6.37824e-05 -6.33631e-05 0.350218)
(-6.33735e-05 -6.33738e-05 0.35022)
(-0.000137544 -4.81788e-05 0.32247)
(-0.000109917 -2.71141e-05 0.265904)
(8.02396e-05 -5.68172e-05 0.23668)
(0.00010409 -0.000103654 0.294116)
(4.85985e-05 -0.000137518 0.322468)
(-4.81786e-05 -0.000137544 0.32247)
(-0.000103723 -0.000103723 0.294121)
(-8.00001e-05 -5.68904e-05 0.236689)
(3.86534e-05 -3.84497e-05 0.177566)
(5.72081e-05 -7.9934e-05 0.236683)
(2.75014e-05 -0.000109894 0.265902)
(-2.71141e-05 -0.000109917 0.265904)
(-5.68905e-05 -8e-05 0.236689)
(-3.84918e-05 -3.84916e-05 0.177576)
(2.52463e-05 2.52465e-05 0.177239)
(3.61377e-05 5.16662e-05 0.236493)
(1.71937e-05 7.04119e-05 0.265881)
(-1.69004e-05 7.04232e-05 0.265883)
(-3.59103e-05 5.16941e-05 0.2365)
(-2.51387e-05 2.52547e-05 0.17725)
(5.1666e-05 3.61379e-05 0.236493)
(6.48998e-05 6.48999e-05 0.294318)
(2.99065e-05 8.51312e-05 0.323045)
(-2.95524e-05 8.51456e-05 0.323047)
(-6.4604e-05 6.49339e-05 0.294324)
(-5.14859e-05 3.61642e-05 0.236503)
(7.04119e-05 1.71939e-05 0.265881)
(8.51313e-05 2.99066e-05 0.323045)
(3.88613e-05 3.88611e-05 0.351347)
(-3.84979e-05 3.88659e-05 0.351348)
(-8.48177e-05 2.99172e-05 0.32305)
(-7.02083e-05 1.72001e-05 0.26589)
(7.04233e-05 -1.69001e-05 0.265883)
(8.51458e-05 -2.95524e-05 0.323047)
(3.88662e-05 -3.84981e-05 0.351348)
(-3.85056e-05 -3.85058e-05 0.35135)
(-8.4834e-05 -2.95719e-05 0.323052)
(-7.02202e-05 -1.69201e-05 0.265892)
(5.16943e-05 -3.591e-05 0.2365)
(6.49341e-05 -6.46039e-05 0.294324)
(2.99173e-05 -8.48178e-05 0.32305)
(-2.95719e-05 -8.4834e-05 0.323052)
(-6.46439e-05 -6.46438e-05 0.29433)
(-5.15161e-05 -3.5945e-05 0.23651)
(2.52549e-05 -2.51386e-05 0.17725)
(3.61643e-05 -5.14859e-05 0.236503)
(1.72001e-05 -7.02082e-05 0.26589)
(-1.69201e-05 -7.02201e-05 0.265892)
(-3.59452e-05 -5.15158e-05 0.23651)
(-2.51497e-05 -2.51497e-05 0.177262)
(1.54768e-05 1.54769e-05 0.177043)
(2.23251e-05 3.18842e-05 0.236383)
(1.05793e-05 4.34946e-05 0.265876)
(-1.03812e-05 4.34972e-05 0.265878)
(-2.21774e-05 3.18889e-05 0.236391)
(-1.54101e-05 1.54688e-05 0.177055)
(3.1884e-05 2.23253e-05 0.236383)
(4.00716e-05 4.00718e-05 0.294452)
(1.83299e-05 5.23785e-05 0.323409)
(-1.80554e-05 5.23843e-05 0.323411)
(-3.98497e-05 4.00834e-05 0.294459)
(-3.1755e-05 2.23283e-05 0.236394)
(4.34945e-05 1.05794e-05 0.265876)
(5.23784e-05 1.833e-05 0.323409)
(2.36799e-05 2.36799e-05 0.352039)
(-2.33778e-05 2.36818e-05 0.352041)
(-5.21253e-05 1.8333e-05 0.323414)
(-4.33368e-05 1.05779e-05 0.265886)
(4.34972e-05 -1.03811e-05 0.265878)
(5.23844e-05 -1.80553e-05 0.323411)
(2.36819e-05 -2.33779e-05 0.352041)
(-2.33822e-05 -2.33823e-05 0.352043)
(-5.21329e-05 -1.80656e-05 0.323416)
(-4.334e-05 -1.03896e-05 0.265888)
(3.18888e-05 -2.21773e-05 0.236391)
(4.00836e-05 -3.98496e-05 0.294459)
(1.83331e-05 -5.21253e-05 0.323414)
(-1.80656e-05 -5.21328e-05 0.323416)
(-3.98663e-05 -3.98661e-05 0.294465)
(-3.1762e-05 -2.21863e-05 0.236401)
(1.54688e-05 -1.54099e-05 0.177055)
(2.23286e-05 -3.17549e-05 0.236394)
(1.0578e-05 -4.33367e-05 0.265886)
(-1.03895e-05 -4.334e-05 0.265888)
(-2.21863e-05 -3.17619e-05 0.236401)
(-1.5404e-05 -1.54041e-05 0.177068)
(9.67543e-06 9.67565e-06 0.176922)
(1.39342e-05 1.9853e-05 0.236317)
(6.57258e-06 2.70297e-05 0.265875)
(-6.44812e-06 2.70273e-05 0.265878)
(-1.38445e-05 1.98455e-05 0.236324)
(-9.63712e-06 9.65962e-06 0.176935)
(1.98529e-05 1.39344e-05 0.236317)
(2.48903e-05 2.48905e-05 0.294539)
(1.13234e-05 3.2422e-05 0.323637)
(-1.11213e-05 3.24222e-05 0.32364)
(-2.47307e-05 2.48884e-05 0.294546)
(-1.97628e-05 1.39248e-05 0.236328)
(2.70296e-05 6.57287e-06 0.265875)
(3.24219e-05 1.13236e-05 0.323637)
(1.45545e-05 1.45546e-05 0.352469)
(-1.43155e-05 1.45544e-05 0.352472)
(-3.22263e-05 1.13217e-05 0.323644)
(-2.69109e-05 6.56704e-06 0.265886)
(2.70273e-05 -6.44787e-06 0.265878)
(3.24222e-05 -1.11211e-05 0.32364)
(1.45544e-05 -1.43154e-05 0.352471)
(-1.43173e-05 -1.43173e-05 0.352474)
(-3.2228e-05 -1.11249e-05 0.323646)
(-2.69093e-05 -6.44924e-06 0.265888)
(1.98456e-05 -1.38442e-05 0.236324)
(2.48884e-05 -2.47305e-05 0.294546)
(1.13217e-05 -3.22261e-05 0.323644)
(-1.1125e-05 -3.22279e-05 0.323646)
(-2.47325e-05 -2.47324e-05 0.294553)
(-1.97571e-05 -1.38389e-05 0.236336)
(9.65971e-06 -9.63711e-06 0.176935)
(1.39248e-05 -1.97627e-05 0.236328)
(6.56704e-06 -2.69108e-05 0.265886)
(-6.44921e-06 -2.69091e-05 0.265888)
(-1.38389e-05 -1.9757e-05 0.236336)
(-9.62245e-06 -9.62269e-06 0.176947)
(6.14388e-06 6.14418e-06 0.176846)
(8.814e-06 1.26355e-05 0.236274)
(4.14109e-06 1.71986e-05 0.265873)
(-4.07043e-06 1.71939e-05 0.265876)
(-8.76541e-06 1.26222e-05 0.236282)
(-6.12513e-06 6.12479e-06 0.176859)
(1.26353e-05 8.81421e-06 0.236274)
(1.5747e-05 1.57471e-05 0.294593)
(7.13354e-06 2.04879e-05 0.32378)
(-6.99245e-06 2.04849e-05 0.323782)
(-1.56373e-05 1.57376e-05 0.2946)
(-1.25743e-05 8.7984e-06 0.236286)
(1.71985e-05 4.1414e-06 0.265873)
(2.04878e-05 7.13375e-06 0.32378)
(9.15134e-06 9.15148e-06 0.352737)
(-8.97133e-06 9.14998e-06 0.352739)
(-2.03426e-05 7.12904e-06 0.323786)
(-1.71114e-05 4.13388e-06 0.265884)
(1.71939e-05 -4.07025e-06 0.265876)
(2.04849e-05 -6.99226e-06 0.323782)
(9.14992e-06 -8.9712e-06 0.352739)
(-8.97165e-06 -8.97156e-06 0.352741)
(-2.03409e-05 -6.99222e-06 0.323789)
(-1.71074e-05 -4.06756e-06 0.265887)
(1.2622e-05 -8.76527e-06 0.236282)
(1.57377e-05 -1.56371e-05 0.2946)
(7.12903e-06 -2.03425e-05 0.323786)
(-6.99225e-06 -2.03408e-05 0.323789)
(-1.5631e-05 -1.56309e-05 0.294607)
(-1.25628e-05 -8.75233e-06 0.236294)
(6.12468e-06 -6.12488e-06 0.176859)
(8.79856e-06 -1.25741e-05 0.236286)
(4.13391e-06 -1.71113e-05 0.265884)
(-4.06751e-06 -1.71073e-05 0.265887)
(-8.75226e-06 -1.25629e-05 0.236294)
(-6.10722e-06 -6.10727e-06 0.176871)
(3.8489e-06 3.84906e-06 0.176797)
(5.5183e-06 7.96048e-06 0.236247)
(2.58731e-06 1.08616e-05 0.265872)
(-2.55386e-06 1.08561e-05 0.265875)
(-5.49788e-06 7.94487e-06 0.236255)
(-3.84341e-06 3.82887e-06 0.17681)
(7.96044e-06 5.51851e-06 0.236247)
(9.93745e-06 9.93759e-06 0.294626)
(4.49746e-06 1.29766e-05 0.323869)
(-4.40489e-06 1.29721e-05 0.323871)
(-9.86651e-06 9.92468e-06 0.294633)
(-7.92142e-06 5.49993e-06 0.236259)
(1.08616e-05 2.58756e-06 0.265872)
(1.29766e-05 4.49763e-06 0.323869)
(5.79209e-06 5.7922e-06 0.352904)
(-5.66331e-06 5.79013e-06 0.352906)
(-1.28735e-05 4.49176e-06 0.323875)
(-1.07997e-05 2.57948e-06 0.265883)
(1.08562e-05 -2.55359e-06 0.265875)
(1.29721e-05 -4.4047e-06 0.323871)
(5.79007e-06 -5.66319e-06 0.352906)
(-5.66273e-06 -5.66266e-06 0.352909)
(-1.28702e-05 -4.40259e-06 0.323878)
(-1.0795e-05 -2.54926e-06 0.265886)
(7.94504e-06 -5.49758e-06 0.236255)
(9.92469e-06 -9.86629e-06 0.294633)
(4.49175e-06 -1.28734e-05 0.323875)
(-4.40259e-06 -1.28701e-05 0.323878)
(-9.85623e-06 -9.8562e-06 0.294641)
(-7.90729e-06 -5.48165e-06 0.236267)
(3.82901e-06 -3.84342e-06 0.17681)
(5.49992e-06 -7.92137e-06 0.236259)
(2.5795e-06 -1.07996e-05 0.265883)
(-2.54917e-06 -1.07949e-05 0.265886)
(-5.48154e-06 -7.9072e-06 0.236267)
(-3.82411e-06 -3.82439e-06 0.176823)
(2.39541e-06 2.39556e-06 0.176768)
(3.42003e-06 4.92357e-06 0.236231)
(1.59926e-06 6.70983e-06 0.265872)
(-1.58989e-06 6.70446e-06 0.265875)
(-3.41786e-06 4.90748e-06 0.236239)
(-2.39857e-06 2.37593e-06 0.176781)
(4.92344e-06 3.42025e-06 0.236231)
(6.15498e-06 6.15514e-06 0.294648)
(2.78806e-06 8.0515e-06 0.323925)
(-2.73133e-06 8.04655e-06 0.323928)
(-6.11247e-06 6.14106e-06 0.294656)
(-4.90086e-06 3.40097e-06 0.236243)
(6.70976e-06 1.59943e-06 0.265872)
(8.05141e-06 2.78822e-06 0.323925)
(3.60176e-06 3.60187e-06 0.35301)
(-3.51383e-06 3.59966e-06 0.353012)
(-7.98158e-06 2.78216e-06 0.323932)
(-6.66784e-06 1.59158e-06 0.265883)
(6.70444e-06 -1.58974e-06 0.265875)
(8.04654e-06 -2.73116e-06 0.323928)
(3.59962e-06 -3.51371e-06 0.353012)
(-3.51276e-06 -3.5127e-06 0.353015)
(-7.97752e-06 -2.7279e-06 0.323935)
(-6.66302e-06 -1.58439e-06 0.265886)
(4.90732e-06 -3.4178e-06 0.236239)
(6.14113e-06 -6.11236e-06 0.294656)
(2.78219e-06 -7.98148e-06 0.323932)
(-2.72788e-06 -7.97745e-06 0.323935)
(-6.10037e-06 -6.10037e-06 0.294663)
(-4.88601e-06 -3.4002e-06 0.236251)
(2.37595e-06 -2.39825e-06 0.176781)
(3.40119e-06 -4.90068e-06 0.236243)
(1.59174e-06 -6.66775e-06 0.265883)
(-1.58425e-06 -6.66296e-06 0.265886)
(-3.40008e-06 -4.88606e-06 0.236251)
(-2.37981e-06 -2.37983e-06 0.176794)
(1.53351e-06 1.53351e-06 0.176749)
(2.17187e-06 3.1306e-06 0.236221)
(1.00939e-06 4.24781e-06 0.265872)
(-1.01445e-06 4.24289e-06 0.265875)
(-2.18054e-06 3.1153e-06 0.236229)
(-1.54165e-06 1.51563e-06 0.176762)
(3.1305e-06 2.17202e-06 0.236221)
(3.86936e-06 3.86956e-06 0.294662)
(1.74754e-06 5.03936e-06 0.323962)
(-1.71587e-06 5.03447e-06 0.323964)
(-3.84683e-06 3.85564e-06 0.29467)
(-3.11965e-06 2.15345e-06 0.236233)
(4.24779e-06 1.00951e-06 0.265872)
(5.03926e-06 1.74769e-06 0.323962)
(2.25107e-06 2.25117e-06 0.353077)
(-2.19385e-06 2.24905e-06 0.35308)
(-4.99434e-06 1.74192e-06 0.323969)
(-4.22085e-06 1.00214e-06 0.265884)
(4.24288e-06 -1.01423e-06 0.265875)
(5.03442e-06 -1.7157e-06 0.323964)
(2.24901e-06 -2.19373e-06 0.35308)
(-2.19257e-06 -2.19252e-06 0.353082)
(-4.99011e-06 -1.71199e-06 0.323971)
(-4.21627e-06 -1.00888e-06 0.265886)
(3.11552e-06 -2.1803e-06 0.236229)
(3.85564e-06 -3.84668e-06 0.29467)
(1.74195e-06 -4.99421e-06 0.323969)
(-1.71196e-06 -4.99005e-06 0.323971)
(-3.83434e-06 -3.83434e-06 0.294677)
(-3.10505e-06 -2.16327e-06 0.236241)
(1.51588e-06 -1.5417e-06 0.176762)
(2.1535e-06 -3.11964e-06 0.236233)
(1.00227e-06 -4.22073e-06 0.265884)
(-1.00871e-06 -4.21623e-06 0.265886)
(-2.16309e-06 -3.10494e-06 0.236241)
(-1.52397e-06 -1.52431e-06 0.176775)
(9.90634e-07 9.90503e-07 0.176737)
(1.40594e-06 2.04745e-06 0.236214)
(6.4935e-07 2.78306e-06 0.265872)
(-6.62878e-07 2.7787e-06 0.265875)
(-1.42062e-06 2.03361e-06 0.236222)
(-1.00112e-06 9.75049e-07 0.17675)
(2.04734e-06 1.40601e-06 0.236214)
(2.51161e-06 2.51181e-06 0.294671)
(1.12812e-06 3.26502e-06 0.323984)
(-1.11404e-06 3.26052e-06 0.323987)
(-2.50299e-06 2.499e-06 0.294678)
(-2.04462e-06 1.38936e-06 0.236226)
(2.78297e-06 6.49347e-07 0.265872)
(3.2649e-06 1.12825e-06 0.323984)
(1.45134e-06 1.45143e-06 0.353119)
(-1.41705e-06 1.44953e-06 0.353122)
(-3.23852e-06 1.12308e-06 0.323991)
(-2.76752e-06 6.42973e-07 0.265883)
(2.77865e-06 -6.62806e-07 0.265875)
(3.26049e-06 -1.11392e-06 0.323987)
(1.4495e-06 -1.41694e-06 0.353122)
(-1.41572e-06 -1.41567e-06 0.353124)
(-3.23444e-06 -1.11014e-06 0.323994)
(-2.76342e-06 -6.57569e-07 0.265886)
(2.03347e-06 -1.42063e-06 0.236222)
(2.49906e-06 -2.50293e-06 0.294678)
(1.12316e-06 -3.23844e-06 0.323991)
(-1.11009e-06 -3.23439e-06 0.323994)
(-2.49106e-06 -2.49111e-06 0.294686)
(-2.03145e-06 -1.40469e-06 0.236234)
(9.75171e-07 -1.00079e-06 0.17675)
(1.38965e-06 -2.04445e-06 0.236226)
(6.43268e-07 -2.76743e-06 0.265883)
(-6.57331e-07 -2.76337e-06 0.265886)
(-1.40446e-06 -2.03156e-06 0.236234)
(-9.86089e-07 -9.86186e-07 0.176763)
(6.16548e-07 6.16262e-07 0.176729)
(8.8598e-07 1.29758e-06 0.23621)
(4.0771e-07 1.77779e-06 0.265871)
(-4.25819e-07 1.774e-06 0.265874)
(-9.03387e-07 1.28565e-06 0.236218)
(-6.2751e-07 6.03621e-07 0.176742)
(1.29754e-06 8.85944e-07 0.23621)
(1.61098e-06 1.61118e-06 0.294676)
(7.22462e-07 2.10818e-06 0.323998)
(-7.20875e-07 2.1042e-06 0.324001)
(-1.61204e-06 1.59994e-06 0.294684)
(-1.30026e-06 8.71719e-07 0.236222)
(1.77776e-06 4.07652e-07 0.265871)
(2.10805e-06 7.22567e-07 0.323998)
(9.36188e-07 9.36279e-07 0.353146)
(-9.19162e-07 9.34633e-07 0.353148)
(-2.09559e-06 7.18093e-07 0.324005)
(-1.77091e-06 4.02156e-07 0.265883)
(1.77396e-06 -4.25687e-07 0.265874)
(2.10412e-06 -7.20738e-07 0.324001)
(9.34597e-07 -9.19054e-07 0.353148)
(-9.1791e-07 -9.17871e-07 0.353151)
(-2.09194e-06 -7.17354e-07 0.324008)
(-1.76727e-06 -4.21356e-07 0.265886)
(1.2859e-06 -9.03206e-07 0.236218)
(1.59993e-06 -1.61193e-06 0.294684)
(7.18153e-07 -2.09549e-06 0.324005)
(-7.17286e-07 -2.09192e-06 0.324008)
(-1.60154e-06 -1.60161e-06 0.294691)
(-1.28862e-06 -8.90002e-07 0.23623)
(6.03905e-07 -6.27611e-07 0.176742)
(8.71786e-07 -1.30026e-06 0.236222)
(4.02366e-07 -1.77081e-06 0.265883)
(-4.21095e-07 -1.76727e-06 0.265886)
(-8.89699e-07 -1.28861e-06 0.23623)
(-6.14715e-07 -6.15161e-07 0.176755)
(3.78012e-07 3.7777e-07 0.176724)
(5.41809e-07 7.9338e-07 0.236207)
(2.47381e-07 1.08966e-06 0.265871)
(-2.672e-07 1.08638e-06 0.265874)
(-5.59603e-07 7.83352e-07 0.236215)
(-3.88218e-07 3.67758e-07 0.176737)
(7.93328e-07 5.4172e-07 0.236207)
(9.949e-07 9.95013e-07 0.29468)
(4.45877e-07 1.31102e-06 0.324007)
(-4.52581e-07 1.30763e-06 0.32401)
(-1.00213e-06 9.85549e-07 0.294687)
(-7.99068e-07 5.30115e-07 0.236219)
(1.08955e-06 2.47308e-07 0.265871)
(1.31089e-06 4.45969e-07 0.324007)
(5.8321e-07 5.83315e-07 0.353163)
(-5.78655e-07 5.81914e-07 0.353165)
(-1.30841e-06 4.42197e-07 0.324014)
(-1.08865e-06 2.42838e-07 0.265883)
(1.0863e-06 -2.67181e-07 0.265874)
(1.30756e-06 -4.52476e-07 0.32401)
(5.81862e-07 -5.78543e-07 0.353165)
(-5.77538e-07 -5.77488e-07 0.353168)
(-1.30522e-06 -4.49493e-07 0.324017)
(-1.08549e-06 -2.63351e-07 0.265885)
(7.83201e-07 -5.59628e-07 0.236215)
(9.85591e-07 -1.00208e-06 0.294687)
(4.42272e-07 -1.30835e-06 0.324014)
(-4.49423e-07 -1.3052e-06 0.324017)
(-9.93083e-07 -9.93208e-07 0.294695)
(-7.89334e-07 -5.48398e-07 0.236227)
(3.678e-07 -3.87931e-07 0.176737)
(5.3034e-07 -7.9889e-07 0.236219)
(2.43098e-07 -1.08859e-06 0.265883)
(-2.63124e-07 -1.08547e-06 0.265885)
(-5.48129e-07 -7.89537e-07 0.236227)
(-3.78357e-07 -3.78423e-07 0.17675)
(2.41114e-07 2.4096e-07 0.176721)
(3.37146e-07 4.96625e-07 0.236206)
(1.51261e-07 6.76878e-07 0.265872)
(-1.7003e-07 6.74167e-07 0.265874)
(-3.53262e-07 4.88639e-07 0.236214)
(-2.49717e-07 2.3352e-07 0.176735)
(4.96652e-07 3.37063e-07 0.236206)
(6.12821e-07 6.12894e-07 0.294682)
(2.72254e-07 8.05745e-07 0.324013)
(-2.83271e-07 8.0289e-07 0.324016)
(-6.2298e-07 6.05117e-07 0.29469)
(-5.03468e-07 3.27907e-07 0.236218)
(6.76844e-07 1.51277e-07 0.265872)
(8.05632e-07 2.72347e-07 0.324013)
(3.56728e-07 3.56839e-07 0.353174)
(-3.60118e-07 3.55659e-07 0.353176)
(-8.09313e-07 2.69209e-07 0.32402)
(-6.79233e-07 1.47615e-07 0.265883)
(6.74117e-07 -1.69873e-07 0.265874)
(8.02773e-07 -2.83135e-07 0.324016)
(3.55588e-07 -3.60002e-07 0.353176)
(-3.59154e-07 -3.59101e-07 0.353179)
(-8.06613e-07 -2.80686e-07 0.324023)
(-6.76552e-07 -1.66977e-07 0.265886)
(4.88881e-07 -3.53011e-07 0.236214)
(6.05052e-07 -6.22826e-07 0.29469)
(2.69218e-07 -8.09209e-07 0.32402)
(-2.80639e-07 -8.06605e-07 0.324023)
(-6.15523e-07 -6.1563e-07 0.294697)
(-4.95427e-07 -3.44519e-07 0.236226)
(2.33653e-07 -2.49881e-07 0.176734)
(3.27784e-07 -5.03474e-07 0.236218)
(1.47642e-07 -6.7916e-07 0.265883)
(-1.66876e-07 -6.76563e-07 0.265886)
(-3.44326e-07 -4.95469e-07 0.236226)
(-2.42032e-07 -2.42284e-07 0.176747)
(1.57527e-07 1.57439e-07 0.176719)
(2.1764e-07 3.24307e-07 0.236205)
(9.57507e-08 4.39478e-07 0.265872)
(-1.1179e-07 4.37367e-07 0.265874)
(-2.30943e-07 3.18295e-07 0.236213)
(-1.64272e-07 1.52235e-07 0.176733)
(3.24283e-07 2.17613e-07 0.236205)
(3.91252e-07 3.91292e-07 0.294684)
(1.71042e-07 5.10544e-07 0.324017)
(-1.83157e-07 5.0828e-07 0.324019)
(-4.01788e-07 3.85307e-07 0.294691)
(-3.3089e-07 2.10934e-07 0.236217)
(4.39403e-07 9.57999e-08 0.265872)
(5.10448e-07 1.7113e-07 0.324017)
(2.23002e-07 2.23112e-07 0.353181)
(-2.30408e-07 2.22164e-07 0.353183)
(-5.17059e-07 1.68695e-07 0.324024)
(-4.4339e-07 9.31639e-08 0.265883)
(4.37305e-07 -1.11692e-07 0.265874)
(5.08192e-07 -1.83054e-07 0.324019)
(2.2209e-07 -2.30297e-07 0.353183)
(-2.29602e-07 -2.29536e-07 0.353186)
(-5.14844e-07 -1.81001e-07 0.324026)
(-4.41314e-07 -1.09218e-07 0.265886)
(3.18165e-07 -2.3087e-07 0.236213)
(3.85261e-07 -4.01693e-07 0.294691)
(1.68705e-07 -5.16985e-07 0.324024)
(-1.80986e-07 -5.14825e-07 0.324026)
(-3.95837e-07 -3.95943e-07 0.294699)
(-3.24992e-07 -2.24146e-07 0.236225)
(1.5215e-07 -1.64074e-07 0.176733)
(2.10897e-07 -3.30742e-07 0.236217)
(9.31804e-08 -4.43354e-07 0.265883)
(-1.09243e-07 -4.41303e-07 0.265886)
(-2.24105e-07 -3.25175e-07 0.236225)
(-1.59282e-07 -1.59063e-07 0.176746)
(9.97288e-08 9.97919e-08 0.176718)
(1.4085e-07 2.10395e-07 0.236204)
(6.12718e-08 2.86809e-07 0.265872)
(-7.38632e-08 2.85312e-07 0.265874)
(-1.50966e-07 2.06345e-07 0.236212)
(-1.04765e-07 9.65075e-08 0.176731)
(2.10369e-07 1.40891e-07 0.236204)
(2.54913e-07 2.5496e-07 0.294684)
(1.10026e-07 3.3215e-07 0.324019)
(-1.21242e-07 3.30481e-07 0.324022)
(-2.64338e-07 2.50701e-07 0.294692)
(-2.16205e-07 1.36363e-07 0.236216)
(2.86769e-07 6.14537e-08 0.265872)
(3.32053e-07 1.10143e-07 0.324019)
(1.43204e-07 1.43323e-07 0.353185)
(-1.51883e-07 1.42616e-07 0.353188)
(-3.39435e-07 1.08369e-07 0.324026)
(-2.91216e-07 5.95618e-08 0.265883)
(2.85269e-07 -7.36297e-08 0.265874)
(3.30337e-07 -1.21097e-07 0.324022)
(1.42513e-07 -1.51766e-07 0.353188)
(-1.51264e-07 -1.51181e-07 0.35319)
(-3.37798e-07 -1.19608e-07 0.324029)
(-2.89749e-07 -7.19948e-08 0.265886)
(2.06555e-07 -1.50671e-07 0.236212)
(2.50532e-07 -2.64166e-07 0.294692)
(1.08278e-07 -3.39334e-07 0.324026)
(-1.1966e-07 -3.37772e-07 0.324029)
(-2.60103e-07 -2.60144e-07 0.294699)
(-2.12101e-07 -1.46372e-07 0.236224)
(9.64562e-08 -1.05017e-07 0.176731)
(1.35973e-07 -2.16244e-07 0.236216)
(5.93065e-08 -2.91191e-07 0.265883)
(-7.22226e-08 -2.89741e-07 0.265886)
(-1.46491e-07 -2.12087e-07 0.236224)
(-1.01479e-07 -1.01341e-07 0.176744)
(6.0639e-08 6.0809e-08 0.176717)
(8.835e-08 1.31176e-07 0.236204)
(3.81986e-08 1.80737e-07 0.265872)
(-4.76646e-08 1.79754e-07 0.265874)
(-9.57071e-08 1.28654e-07 0.236212)
(-6.42393e-08 5.8855e-08 0.176731)
(1.3109e-07 8.84565e-08 0.236204)
(1.62955e-07 1.62966e-07 0.294685)
(6.99207e-08 2.13746e-07 0.324021)
(-7.94344e-08 2.12648e-07 0.324023)
(-1.70744e-07 1.60291e-07 0.294692)
(-1.35872e-07 8.57586e-08 0.236216)
(1.80639e-07 3.85073e-08 0.265872)
(2.1365e-07 7.00591e-08 0.324021)
(9.1546e-08 9.16808e-08 0.353188)
(-9.99716e-08 9.12024e-08 0.35319)
(-2.20668e-07 6.89194e-08 0.324028)
(-1.84995e-07 3.73795e-08 0.265883)
(1.797e-07 -4.74236e-08 0.265874)
(2.12507e-07 -7.93093e-08 0.324023)
(9.10808e-08 -9.98511e-08 0.35319)
(-9.95358e-08 -9.94174e-08 0.353193)
(-2.19545e-07 -7.8203e-08 0.32403)
(-1.84098e-07 -4.61122e-08 0.265885)
(1.28615e-07 -9.54671e-08 0.236212)
(1.60109e-07 -1.7058e-07 0.294692)
(6.88057e-08 -2.20576e-07 0.324028)
(-7.8327e-08 -2.19485e-07 0.32403)
(-1.67893e-07 -1.67908e-07 0.2947)
(-1.33498e-07 -9.24772e-08 0.236224)
(5.8654e-08 -6.42086e-08 0.176731)
(8.53651e-08 -1.35775e-07 0.236216)
(3.70378e-08 -1.85001e-07 0.265883)
(-4.65561e-08 -1.84034e-07 0.265885)
(-9.27951e-08 -1.33567e-07 0.236224)
(-6.27687e-08 -6.20944e-08 0.176743)
(3.66148e-08 3.68378e-08 0.176717)
(5.40882e-08 7.95595e-08 0.236203)
(2.32852e-08 1.10404e-07 0.265872)
(-2.97863e-08 1.09849e-07 0.265874)
(-5.89346e-08 7.83302e-08 0.236212)
(-3.90059e-08 3.59801e-08 0.17673)
(7.96917e-08 5.39815e-08 0.236203)
(1.00972e-07 1.00773e-07 0.294685)
(4.31227e-08 1.33296e-07 0.324022)
(-5.06733e-08 1.32626e-07 0.324024)
(-1.06991e-07 9.9236e-08 0.294693)
(-8.33502e-08 5.25444e-08 0.236215)
(1.10532e-07 2.3405e-08 0.265872)
(1.33398e-07 4.30649e-08 0.324022)
(5.69143e-08 5.68667e-08 0.35319)
(-6.43144e-08 5.65749e-08 0.353192)
(-1.39434e-07 4.23956e-08 0.324029)
(-1.1424e-07 2.28026e-08 0.265883)
(1.09956e-07 -2.98217e-08 0.265874)
(1.32638e-07 -5.07774e-08 0.324024)
(5.66266e-08 -6.43994e-08 0.353192)
(-6.40724e-08 -6.41135e-08 0.353194)
(-1.38746e-07 -5.01075e-08 0.324031)
(-1.13702e-07 -2.89579e-08 0.265885)
(7.87415e-08 -5.87897e-08 0.236211)
(9.91801e-08 -1.06907e-07 0.294693)
(4.24361e-08 -1.39475e-07 0.324029)
(-5.00969e-08 -1.38805e-07 0.324031)
(-1.05305e-07 -1.0539e-07 0.2947)
(-8.20823e-08 -5.70184e-08 0.236223)
(3.57673e-08 -3.97228e-08 0.17673)
(5.1983e-08 -8.35044e-08 0.236215)
(2.24245e-08 -1.14381e-07 0.265883)
(-2.93744e-08 -1.138e-07 0.265885)
(-5.7381e-08 -8.23155e-08 0.236223)
(-3.86942e-08 -3.80485e-08 0.176743)
(2.32677e-08 2.24105e-08 0.176717)
(3.30426e-08 4.86241e-08 0.236203)
(1.42719e-08 6.72623e-08 0.265872)
(-1.83529e-08 6.70691e-08 0.265874)
(-3.59857e-08 4.81147e-08 0.236211)
(-2.43282e-08 2.24105e-08 0.17673)
(4.90625e-08 3.23489e-08 0.236203)
(6.15041e-08 6.11192e-08 0.294686)
(2.60428e-08 8.11667e-08 0.324022)
(-3.17854e-08 8.08252e-08 0.324025)
(-6.59977e-08 6.03528e-08 0.294693)
(-5.15131e-08 3.18771e-08 0.236215)
(6.76535e-08 1.33208e-08 0.265872)
(8.15799e-08 2.55436e-08 0.324022)
(3.4479e-08 3.40583e-08 0.353191)
(-4.06131e-08 3.39272e-08 0.353193)
(-8.65149e-08 2.53116e-08 0.324029)
(-7.0603e-08 1.33959e-08 0.265883)
(6.73147e-08 -1.92891e-08 0.265874)
(8.12648e-08 -3.22989e-08 0.324025)
(3.43152e-08 -4.10158e-08 0.353193)
(-4.04714e-08 -4.0841e-08 0.353195)
(-8.61925e-08 -3.18152e-08 0.324032)
(-7.0253e-08 -1.85417e-08 0.265885)
(4.79081e-08 -3.70449e-08 0.236211)
(6.07765e-08 -6.65511e-08 0.294693)
(2.56645e-08 -8.69018e-08 0.324029)
(-3.15174e-08 -8.65067e-08 0.324032)
(-6.53685e-08 -6.55071e-08 0.2947)
(-5.07769e-08 -3.56884e-08 0.236223)
(2.22139e-08 -2.43954e-08 0.17673)
(3.23988e-08 -5.15013e-08 0.236215)
(1.37901e-08 -7.07653e-08 0.265883)
(-1.82112e-08 -7.05538e-08 0.265885)
(-3.56381e-08 -5.09182e-08 0.236223)
(-2.37952e-08 -2.40777e-08 0.176743)
(1.4869e-08 1.40791e-08 0.176716)
(2.04689e-08 3.03645e-08 0.236203)
(8.78399e-09 4.18107e-08 0.265872)
(-1.13799e-08 4.17496e-08 0.265874)
(-2.21829e-08 3.02575e-08 0.236211)
(-1.52816e-08 1.43781e-08 0.17673)
(3.07763e-08 1.96305e-08 0.236203)
(3.76525e-08 3.72013e-08 0.294686)
(1.56593e-08 4.93903e-08 0.324023)
(-1.99891e-08 4.9276e-08 0.324025)
(-4.09279e-08 3.69962e-08 0.294693)
(-3.23956e-08 1.97784e-08 0.236215)
(4.20697e-08 7.76628e-09 0.265872)
(4.97638e-08 1.51081e-08 0.324023)
(2.06028e-08 2.016e-08 0.353191)
(-2.56592e-08 2.01357e-08 0.353194)
(-5.37539e-08 1.51136e-08 0.32403)
(-4.43414e-08 8.09429e-09 0.265883)
(4.19537e-08 -1.22452e-08 0.265874)
(4.95863e-08 -2.04392e-08 0.324025)
(2.04726e-08 -2.6041e-08 0.353194)
(-2.55762e-08 -2.59215e-08 0.353196)
(-5.36159e-08 -2.01005e-08 0.324032)
(-4.42733e-08 -1.16378e-08 0.265885)
(3.03662e-08 -2.31261e-08 0.236211)
(3.71873e-08 -4.15056e-08 0.294693)
(1.53016e-08 -5.4133e-08 0.32403)
(-1.98633e-08 -5.38909e-08 0.324032)
(-4.06893e-08 -4.08736e-08 0.294701)
(-3.22783e-08 -2.22996e-08 0.236223)
(1.44532e-08 -1.58063e-08 0.17673)
(1.99772e-08 -3.28272e-08 0.236215)
(8.39329e-09 -4.45702e-08 0.265883)
(-1.13687e-08 -4.44206e-08 0.265885)
(-2.21502e-08 -3.23998e-08 0.236223)
(-1.54259e-08 -1.53861e-08 0.176742)
(9.23905e-09 8.94363e-09 0.176716)
(1.29115e-08 1.8989e-08 0.236203)
(5.47692e-09 2.6281e-08 0.265872)
(-7.09209e-09 2.62945e-08 0.265874)
(-1.38587e-08 1.92609e-08 0.236211)
(-9.62221e-09 9.22557e-09 0.176729)
(1.94624e-08 1.22964e-08 0.236203)
(2.34495e-08 2.29425e-08 0.294686)
(9.51959e-09 3.0412e-08 0.324023)
(-1.2661e-08 3.04063e-08 0.324025)
(-2.56818e-08 2.30448e-08 0.294693)
(-2.04997e-08 1.25624e-08 0.236215)
(2.64462e-08 4.7795e-09 0.265872)
(3.07092e-08 9.00632e-09 0.324023)
(1.23436e-08 1.19956e-08 0.353192)
(-1.63831e-08 1.20204e-08 0.353194)
(-3.37902e-08 9.11592e-09 0.32403)
(-2.81545e-08 5.07916e-09 0.265883)
(2.64033e-08 -7.77144e-09 0.265874)
(3.06032e-08 -1.31452e-08 0.324025)
(1.2264e-08 -1.67208e-08 0.353194)
(-1.63848e-08 -1.66362e-08 0.353197)
(-3.37607e-08 -1.29141e-08 0.324032)
(-2.81542e-08 -7.3487e-09 0.265885)
(1.89021e-08 -1.46087e-08 0.236211)
(2.30615e-08 -2.62383e-08 0.294693)
(9.23363e-09 -3.41607e-08 0.32403)
(-1.27614e-08 -3.40269e-08 0.324032)
(-2.56895e-08 -2.58996e-08 0.294701)
(-2.05673e-08 -1.40927e-08 0.236223)
(9.07575e-09 -9.62215e-09 0.176729)
(1.26327e-08 -2.07929e-08 0.236215)
(5.19499e-09 -2.84198e-08 0.265883)
(-7.28603e-09 -2.83301e-08 0.265885)
(-1.40019e-08 -2.07697e-08 0.236223)
(-9.91796e-09 -9.82771e-09 0.176742)
(5.80378e-09 5.67125e-09 0.176716)
(8.07721e-09 1.19662e-08 0.236203)
(3.46278e-09 1.6483e-08 0.265872)
(-4.41244e-09 1.65904e-08 0.265874)
(-8.66084e-09 1.22077e-08 0.236211)
(-5.90619e-09 5.91197e-09 0.176729)
(1.22274e-08 7.85824e-09 0.236203)
(1.46884e-08 1.43566e-08 0.294686)
(5.89069e-09 1.89522e-08 0.324023)
(-8.02527e-09 1.90206e-08 0.324025)
(-1.6197e-08 1.45747e-08 0.294693)
(-1.28402e-08 8.13377e-09 0.236215)
(1.66938e-08 3.20696e-09 0.265872)
(1.91771e-08 5.52861e-09 0.324023)
(7.51829e-09 7.26598e-09 0.353192)
(-1.05046e-08 7.31213e-09 0.353194)
(-2.14163e-08 5.68075e-09 0.32403)
(-1.7796e-08 3.34663e-09 0.265883)
(1.66075e-08 -4.56817e-09 0.265874)
(1.90526e-08 -8.35851e-09 0.324025)
(7.43865e-09 -1.0768e-08 0.353194)
(-1.0548e-08 -1.071e-08 0.353197)
(-2.14757e-08 -8.23285e-09 0.324032)
(-1.78459e-08 -4.57938e-09 0.265885)
(1.22488e-08 -8.70715e-09 0.236211)
(1.43843e-08 -1.65098e-08 0.294693)
(5.63242e-09 -2.16915e-08 0.32403)
(-8.20934e-09 -2.16925e-08 0.324032)
(-1.64354e-08 -1.64943e-08 0.294701)
(-1.29865e-08 -8.96032e-09 0.236223)
(5.86384e-09 -6.13936e-09 0.176729)
(7.72407e-09 -1.3218e-08 0.236215)
(3.07093e-09 -1.80289e-08 0.265883)
(-4.76869e-09 -1.80614e-08 0.265885)
(-9.12693e-09 -1.29205e-08 0.236223)
(-6.03307e-09 -5.97754e-09 0.176742)
(3.2495e-09 3.88513e-09 0.176716)
(4.97442e-09 7.54569e-09 0.236203)
(2.18721e-09 1.0313e-08 0.265872)
(-2.62667e-09 1.04246e-08 0.265874)
(-5.29168e-09 7.74988e-09 0.236211)
(-3.42444e-09 3.92664e-09 0.176729)
(7.43706e-09 5.27844e-09 0.236203)
(9.19747e-09 9.12977e-09 0.294686)
(3.67023e-09 1.19329e-08 0.324023)
(-5.05265e-09 1.19908e-08 0.324026)
(-1.01768e-08 9.28436e-09 0.294693)
(-7.91106e-09 5.39774e-09 0.236215)
(1.02756e-08 2.44125e-09 0.265872)
(1.19597e-08 3.59605e-09 0.324023)
(4.59644e-09 4.53922e-09 0.353192)
(-6.73048e-09 4.57397e-09 0.353195)
(-1.35462e-08 3.69031e-09 0.32403)
(-1.11098e-08 2.47768e-09 0.265883)
(1.03358e-08 -2.49207e-09 0.265874)
(1.19044e-08 -5.16284e-09 0.324026)
(4.51693e-09 -6.82571e-09 0.353195)
(-6.81448e-09 -6.80037e-09 0.353197)
(-1.36338e-08 -5.08596e-09 0.324032)
(-1.12595e-08 -2.50359e-09 0.265885)
(7.51319e-09 -5.11444e-09 0.236211)
(9.0597e-09 -1.02566e-08 0.294693)
(3.46794e-09 -1.36704e-08 0.32403)
(-5.28184e-09 -1.36489e-08 0.324032)
(-1.04192e-08 -1.02281e-08 0.294701)
(-8.35458e-09 -5.15502e-09 0.236223)
(3.65037e-09 -3.24434e-09 0.176729)
(5.01688e-09 -7.94488e-09 0.236215)
(1.99467e-09 -1.12564e-08 0.265883)
(-2.98904e-09 -1.12791e-08 0.265885)
(-5.70194e-09 -8.19574e-09 0.236223)
(-4.14346e-09 -3.54307e-09 0.176742)
(1.82118e-09 2.45024e-09 0.176716)
(3.02385e-09 4.71829e-09 0.236203)
(1.25928e-09 6.44416e-09 0.265872)
(-1.71068e-09 6.44586e-09 0.265874)
(-3.29656e-09 4.86541e-09 0.236211)
(-2.1668e-09 2.38148e-09 0.176729)
(4.40203e-09 3.56155e-09 0.236203)
(5.65966e-09 5.79523e-09 0.294686)
(2.20769e-09 7.49928e-09 0.324023)
(-3.20802e-09 7.55717e-09 0.324026)
(-6.32232e-09 5.97844e-09 0.294693)
(-4.83301e-09 3.56562e-09 0.236215)
(6.35303e-09 1.92763e-09 0.265872)
(7.41436e-09 2.38613e-09 0.324023)
(2.77987e-09 2.88118e-09 0.353192)
(-4.33111e-09 2.91411e-09 0.353195)
(-8.57545e-09 2.44102e-09 0.32403)
(-6.97389e-09 1.70825e-09 0.265883)
(6.34572e-09 -1.20276e-09 0.265874)
(7.35554e-09 -3.08678e-09 0.324026)
(2.72638e-09 -4.27635e-09 0.353195)
(-4.43733e-09 -4.28006e-09 0.353197)
(-8.71715e-09 -3.1445e-09 0.324033)
(-7.05944e-09 -1.47477e-09 0.265885)
(5.12163e-09 -2.58094e-09 0.236211)
(5.66294e-09 -6.02486e-09 0.294693)
(2.07325e-09 -8.43192e-09 0.32403)
(-3.50852e-09 -8.52071e-09 0.324033)
(-6.78543e-09 -6.33126e-09 0.294701)
(-5.26502e-09 -3.15924e-09 0.236223)
(2.29469e-09 -2.4631e-09 0.176729)
(2.82676e-09 -4.98026e-09 0.236215)
(9.00177e-10 -6.93912e-09 0.265883)
(-2.18308e-09 -6.9052e-09 0.265885)
(-3.88285e-09 -4.82537e-09 0.236223)
(-2.45835e-09 -2.15436e-09 0.176742)
(1.37876e-09 1.36165e-09 0.176716)
(1.87035e-09 2.98397e-09 0.236203)
(8.68601e-10 3.97648e-09 0.265872)
(-9.89746e-10 4.06641e-09 0.265874)
(-1.93171e-09 3.1118e-09 0.236211)
(-1.23192e-09 1.57778e-09 0.176729)
(2.73137e-09 2.21667e-09 0.236203)
(3.46843e-09 3.69704e-09 0.294686)
(1.44362e-09 4.73432e-09 0.324023)
(-1.90066e-09 4.82253e-09 0.324026)
(-3.79953e-09 3.91546e-09 0.294693)
(-2.84333e-09 2.46052e-09 0.236215)
(3.96524e-09 1.22581e-09 0.265872)
(4.66254e-09 1.60509e-09 0.324023)
(1.82102e-09 1.90656e-09 0.353193)
(-2.63495e-09 1.93848e-09 0.353195)
(-5.24748e-09 1.73101e-09 0.32403)
(-4.18305e-09 1.32824e-09 0.265883)
(4.07437e-09 -6.47067e-10 0.265874)
(4.72852e-09 -1.8256e-09 0.324026)
(1.81691e-09 -2.55595e-09 0.353195)
(-2.71688e-09 -2.52563e-09 0.353197)
(-5.38279e-09 -1.70183e-09 0.324033)
(-4.37958e-09 -5.5836e-10 0.265885)
(3.18785e-09 -1.59796e-09 0.236211)
(3.76352e-09 -3.65997e-09 0.294693)
(1.56001e-09 -5.09913e-09 0.32403)
(-2.04175e-09 -5.1338e-09 0.324033)
(-4.10918e-09 -3.74571e-09 0.294701)
(-3.26089e-09 -1.73066e-09 0.236223)
(1.75327e-09 -1.01117e-09 0.176729)
(2.15785e-09 -2.7109e-09 0.236215)
(9.78334e-10 -4.0225e-09 0.265883)
(-1.18905e-09 -4.13087e-09 0.265885)
(-2.2975e-09 -2.87268e-09 0.236223)
(-1.68615e-09 -9.908e-10 0.176742)
(7.93581e-10 8.51712e-10 0.176716)
(1.22986e-09 1.75587e-09 0.236203)
(6.28461e-10 2.4597e-09 0.265872)
(-4.95878e-10 2.53135e-09 0.265874)
(-1.08898e-09 1.96932e-09 0.236211)
(-6.81386e-10 1.04712e-09 0.176729)
(1.74733e-09 1.30527e-09 0.236203)
(2.19324e-09 2.28729e-09 0.294686)
(9.65974e-10 2.96569e-09 0.324023)
(-1.08765e-09 3.05723e-09 0.324026)
(-2.24054e-09 2.53532e-09 0.294693)
(-1.65981e-09 1.69817e-09 0.236215)
(2.4403e-09 6.75683e-10 0.265872)
(2.92755e-09 1.01789e-09 0.324023)
(1.21294e-09 1.21766e-09 0.353193)
(-1.54426e-09 1.27283e-09 0.353195)
(-3.11866e-09 1.1767e-09 0.32403)
(-2.47597e-09 1.05816e-09 0.265883)
(2.61521e-09 -4.39338e-10 0.265874)
(3.04101e-09 -1.04459e-09 0.324026)
(1.23963e-09 -1.51076e-09 0.353195)
(-1.61574e-09 -1.49531e-09 0.353197)
(-3.18598e-09 -9.75029e-10 0.324033)
(-2.60612e-09 -4.43648e-11 0.265885)
(2.03336e-09 -1.192e-09 0.236211)
(2.45978e-09 -2.28024e-09 0.294693)
(1.09731e-09 -3.11743e-09 0.32403)
(-1.1867e-09 -3.05968e-09 0.324033)
(-2.27967e-09 -2.20717e-09 0.294701)
(-1.98003e-09 -6.81724e-10 0.236223)
(1.04722e-09 -7.27412e-10 0.176729)
(1.56479e-09 -1.61036e-09 0.236215)
(9.74069e-10 -2.47849e-09 0.265883)
(-4.5829e-10 -2.4558e-09 0.265885)
(-9.5914e-10 -2.15291e-09 0.236223)
(-1.42768e-09 -6.50523e-10 0.176742)
(6.93644e-10 3.11421e-10 0.176716)
(7.90572e-10 1.03056e-09 0.236203)
(4.13356e-10 1.44299e-09 0.265872)
(-2.97716e-10 1.49018e-09 0.265874)
(-6.02102e-10 1.15312e-09 0.236211)
(-4.52302e-10 5.45058e-10 0.176729)
(1.14372e-09 5.79366e-10 0.236203)
(1.37354e-09 1.28629e-09 0.294686)
(6.31282e-10 1.73926e-09 0.324023)
(-6.17249e-10 1.84375e-09 0.324026)
(-1.26556e-09 1.55028e-09 0.294693)
(-9.60351e-10 1.00529e-09 0.236215)
(1.53062e-09 1.81791e-10 0.265872)
(1.81515e-09 5.14302e-10 0.324023)
(7.82265e-10 6.76298e-10 0.353193)
(-8.98788e-10 7.6304e-10 0.353195)
(-1.8197e-09 7.12594e-10 0.32403)
(-1.45943e-09 6.14294e-10 0.265883)
(1.56364e-09 -5.02405e-10 0.265874)
(1.89181e-09 -7.28689e-10 0.324026)
(8.34601e-10 -9.92467e-10 0.353195)
(-9.22714e-10 -9.62764e-10 0.353197)
(-1.8558e-09 -6.88974e-10 0.324033)
(-1.46584e-09 -1.39763e-10 0.265885)
(1.15474e-09 -9.73118e-10 0.236211)
(1.51349e-09 -1.48798e-09 0.294693)
(7.17578e-10 -1.98303e-09 0.32403)
(-7.15111e-10 -1.98411e-09 0.324033)
(-1.36061e-09 -1.51773e-09 0.294701)
(-1.00751e-09 -6.33596e-10 0.236223)
(4.61466e-10 -6.77875e-10 0.176729)
(8.79107e-10 -1.12166e-09 0.236215)
(5.49333e-10 -1.59879e-09 0.265883)
(-3.39345e-10 -1.60753e-09 0.265885)
(-6.69298e-10 -1.26058e-09 0.236223)
(-5.7378e-10 -4.78825e-10 0.176742)
(3.09822e-10 2.04969e-10 0.176716)
(5.28872e-10 4.97426e-10 0.236203)
(3.47338e-10 8.05552e-10 0.265872)
(-5.56114e-11 8.81949e-10 0.265874)
(-2.78245e-10 6.88497e-10 0.236211)
(-1.7827e-10 3.32447e-10 0.176729)
(7.51656e-10 2.14154e-10 0.236203)
(9.14728e-10 6.71012e-10 0.294686)
(4.83958e-10 9.81681e-10 0.324023)
(-2.74182e-10 1.05076e-09 0.324026)
(-6.9331e-10 8.52826e-10 0.294693)
(-5.19321e-10 4.76603e-10 0.236215)
(9.77644e-10 -7.53503e-11 0.265872)
(1.16466e-09 1.89585e-10 0.324023)
(5.47343e-10 3.19696e-10 0.353193)
(-4.70011e-10 3.79844e-10 0.353195)
(-1.02835e-09 3.52154e-10 0.32403)
(-7.97381e-10 2.31274e-10 0.265883)
(9.5893e-10 -5.46273e-10 0.265874)
(1.17727e-09 -6.18767e-10 0.324026)
(5.6266e-10 -7.37469e-10 0.353195)
(-4.81961e-10 -7.03e-10 0.353197)
(-1.06278e-09 -5.17469e-10 0.324033)
(-7.91085e-10 -2.92556e-10 0.265885)
(6.20441e-10 -8.00191e-10 0.236211)
(8.80644e-10 -1.0847e-09 0.294693)
(4.5681e-10 -1.34887e-09 0.32403)
(-3.72628e-10 -1.36844e-09 0.324033)
(-8.48507e-10 -1.0497e-09 0.294701)
(-5.9257e-10 -5.5258e-10 0.236223)
(2.04543e-10 -5.91189e-10 0.176729)
(3.76303e-10 -9.18861e-10 0.236215)
(2.01319e-10 -1.10447e-09 0.265883)
(-2.66388e-10 -1.15826e-09 0.265885)
(-5.6612e-10 -8.62487e-10 0.236223)
(-3.77528e-10 -3.6617e-10 0.176742)
(3.50121e-10 -3.49998e-11 0.176716)
(2.83743e-10 3.30036e-10 0.236203)
(2.44546e-10 4.48357e-10 0.265872)
(-4.35042e-11 5.16655e-10 0.265874)
(-1.78095e-10 3.77292e-10 0.236211)
(-2.51375e-10 -1.61488e-12 0.176729)
(4.89269e-10 -5.48764e-11 0.236203)
(5.42277e-10 3.23719e-10 0.294686)
(3.29934e-10 5.10493e-10 0.324023)
(-1.29002e-10 5.6603e-10 0.324026)
(-3.76148e-10 4.41595e-10 0.294693)
(-3.43816e-10 8.21629e-11 0.236215)
(5.91102e-10 -3.89001e-10 0.265872)
(7.30302e-10 -4.75699e-11 0.324023)
(3.67668e-10 6.94315e-11 0.353193)
(-2.40515e-10 1.1638e-10 0.353195)
(-6.06123e-10 9.66965e-11 0.32403)
(-5.05308e-10 -1.42964e-10 0.265883)
(5.39973e-10 -6.98511e-10 0.265874)
(7.64645e-10 -5.58258e-10 0.324026)
(3.42939e-10 -5.86667e-10 0.353195)
(-2.58718e-10 -5.62246e-10 0.353197)
(-6.69497e-10 -4.33786e-10 0.324033)
(-4.73509e-10 -4.67729e-10 0.265885)
(1.96517e-11 -9.82327e-10 0.236211)
(5.73095e-10 -9.61006e-10 0.294693)
(2.2406e-10 -1.02989e-09 0.32403)
(-2.35141e-10 -9.95353e-10 0.324033)
(-6.42037e-10 -7.46809e-10 0.294701)
(-3.57148e-10 -5.93056e-10 0.236223)
(-9.92439e-11 -2.0163e-10 0.176729)
(4.37869e-10 -5.56583e-10 0.236215)
(1.07389e-10 -7.80705e-10 0.265883)
(-1.8306e-10 -7.74754e-10 0.265885)
(-5.66254e-10 -3.87456e-10 0.236223)
(-9.3269e-11 -2.11118e-10 0.176742)
(2.00928e-10 3.71696e-11 0.176716)
(1.27816e-10 2.94025e-10 0.236203)
(1.14928e-10 3.38155e-10 0.265872)
(-5.73147e-11 3.56606e-10 0.265874)
(-1.42696e-10 2.04071e-10 0.236211)
(-1.42588e-10 4.45739e-12 0.176729)
(2.28772e-10 -3.54466e-11 0.236203)
(2.84928e-10 2.31198e-10 0.294686)
(1.94368e-10 3.49754e-10 0.324023)
(-8.29264e-11 3.89786e-10 0.324026)
(-2.40928e-10 2.83667e-10 0.294693)
(-2.19119e-10 4.68968e-11 0.236215)
(2.91014e-10 -2.35283e-10 0.265872)
(3.99349e-10 -2.63676e-11 0.324023)
(2.14547e-10 4.57679e-11 0.353193)
(-1.42025e-10 9.22983e-11 0.353195)
(-3.64539e-10 7.94382e-11 0.32403)
(-2.95125e-10 -5.99922e-11 0.265883)
(2.86258e-10 -3.72811e-10 0.265874)
(3.89961e-10 -3.27038e-10 0.324026)
(1.73277e-10 -3.5769e-10 0.353195)
(-1.60361e-10 -3.08665e-10 0.353197)
(-4.12092e-10 -1.93129e-10 0.324033)
(-3.64755e-10 -1.43194e-10 0.265885)
(1.68375e-10 -5.03483e-10 0.236211)
(2.25424e-10 -6.07272e-10 0.294693)
(5.56395e-11 -6.45107e-10 0.32403)
(-1.49834e-10 -5.5317e-10 0.324033)
(-3.64794e-10 -3.66904e-10 0.294701)
(-3.5705e-10 -1.68332e-10 0.236223)
(7.422e-11 -2.73344e-10 0.176729)
(1.13931e-10 -4.53956e-10 0.236215)
(3.07735e-11 -4.95176e-10 0.265883)
(-9.93898e-11 -4.12312e-10 0.265885)
(-2.54308e-10 -2.73492e-10 0.236223)
(-2.81611e-10 -2.37391e-11 0.176742)
(1.4024e-10 5.54918e-13 0.176716)
(1.55698e-10 1.62778e-10 0.236203)
(1.20814e-10 2.3853e-10 0.265872)
(1.62242e-11 2.36924e-10 0.265874)
(-7.96797e-11 1.26141e-10 0.236211)
(-6.98721e-11 4.87255e-11 0.176729)
(1.18621e-10 7.05935e-11 0.236203)
(1.68602e-10 2.11079e-10 0.294686)
(1.03547e-10 2.65305e-10 0.324023)
(-5.94457e-11 2.57649e-10 0.324026)
(-1.83391e-10 1.48491e-10 0.294693)
(-1.7519e-10 3.58528e-11 0.236215)
(1.07431e-10 -6.81683e-11 0.265872)
(1.90821e-10 7.70547e-12 0.324023)
(8.85997e-11 4.87482e-11 0.353193)
(-1.14863e-10 7.88179e-11 0.353195)
(-2.51875e-10 4.33603e-11 0.32403)
(-2.20247e-10 2.21454e-11 0.265883)
(1.12393e-10 -1.45644e-10 0.265874)
(1.73861e-10 -2.00867e-10 0.324026)
(5.50892e-11 -2.14345e-10 0.353195)
(-1.55346e-10 -1.75885e-10 0.353197)
(-2.87109e-10 -1.32731e-10 0.324033)
(-2.44173e-10 -4.2275e-11 0.265885)
(-1.19789e-10 -2.75935e-10 0.236211)
(5.40924e-11 -3.93384e-10 0.294693)
(-3.5274e-11 -4.10552e-10 0.32403)
(-1.95436e-10 -3.24944e-10 0.324033)
(-2.69027e-10 -1.86781e-10 0.294701)
(-2.28385e-10 -1.97896e-11 0.236223)
(1.54922e-11 1.46935e-10 0.176729)
(1.17473e-10 -1.84997e-10 0.236215)
(2.02501e-11 -3.23441e-10 0.265883)
(-9.2186e-11 -2.5535e-10 0.265885)
(-1.11168e-10 -1.85962e-10 0.236223)
(-1.25382e-10 -1.04409e-10 0.176742)
(9.33619e-11 4.46495e-11 0.176716)
(1.05007e-10 1.215e-10 0.236203)
(3.14578e-11 1.67017e-10 0.265872)
(-3.88841e-11 1.26409e-10 0.265874)
(-6.94721e-11 7.55126e-11 0.236211)
(-5.20487e-11 3.0312e-11 0.176729)
(5.87043e-11 8.26408e-11 0.236203)
(8.39345e-11 1.25385e-10 0.294686)
(1.51379e-11 1.71432e-10 0.324023)
(-8.20885e-11 1.62243e-10 0.324026)
(-1.40978e-10 1.13037e-10 0.294693)
(-1.19739e-10 6.23891e-11 0.236215)
(3.41005e-11 1.24364e-10 0.265872)
(4.75982e-11 4.92496e-11 0.324023)
(-1.71672e-11 5.6233e-11 0.353193)
(-1.32502e-10 6.95137e-11 0.353195)
(-2.10614e-10 5.81939e-11 0.32403)
(-1.71245e-10 2.85521e-11 0.265883)
(-1.38485e-11 1.01911e-10 0.265874)
(-1.69053e-11 -6.78745e-11 0.324026)
(-5.67935e-11 -1.1096e-10 0.353195)
(-1.6763e-10 -8.35857e-11 0.353197)
(-2.56991e-10 -4.00746e-11 0.324033)
(-1.88498e-10 -2.05274e-11 0.265885)
(1.19653e-10 1.88701e-10 0.236211)
(-8.44087e-11 -9.62095e-11 0.294693)
(-1.26699e-10 -2.0089e-10 0.32403)
(-1.99772e-10 -2.06274e-10 0.324033)
(-2.72353e-10 -1.35525e-10 0.294701)
(-1.07522e-10 -1.14448e-10 0.236223)
(1.10932e-10 -6.78028e-11 0.176729)
(-1.76536e-10 -2.2018e-10 0.236215)
(-2.29383e-10 -1.83711e-10 0.265883)
(-2.50101e-10 -1.48878e-10 0.265885)
(-2.76216e-10 7.68164e-11 0.236223)
(5.86776e-11 6.36897e-11 0.176742)
(-3.09028e-11 8.64917e-11 0.176716)
(8.86229e-11 2.57068e-11 0.236203)
(6.497e-11 9.39324e-11 0.265872)
(3.30608e-11 9.20111e-11 0.265874)
(2.40952e-11 1.04889e-10 0.236211)
(2.81101e-12 8.42041e-11 0.176729)
(2.57718e-11 1.60771e-10 0.236203)
(8.42741e-11 1.21958e-10 0.294686)
(4.39139e-11 1.47716e-10 0.324023)
(-1.13214e-11 1.41019e-10 0.324026)
(-3.98844e-11 1.4037e-10 0.294693)
(-2.75344e-11 1.44448e-10 0.236215)
(2.1172e-11 2.26949e-10 0.265872)
(5.05633e-11 1.27144e-10 0.324023)
(3.55881e-12 1.07164e-10 0.353193)
(-5.75676e-11 1.01597e-10 0.353195)
(-8.80797e-11 1.27162e-10 0.32403)
(-6.93682e-11 1.82371e-10 0.265883)
(1.41507e-11 2.06712e-10 0.265874)
(1.70786e-11 5.59458e-11 0.324026)
(-3.83212e-11 1.38554e-11 0.353195)
(-8.66161e-11 3.82236e-11 0.353197)
(-9.70024e-11 1.20794e-10 0.324033)
(-9.85448e-11 2.40157e-10 0.265885)
(-1.14409e-11 1.99031e-10 0.236211)
(3.5466e-11 3.97208e-11 0.294693)
(-2.187e-11 -4.50385e-11 0.32403)
(-4.78244e-11 3.65345e-12 0.324033)
(-4.82253e-11 9.50654e-11 0.294701)
(-1.55658e-10 2.64708e-10 0.236223)
(-5.39079e-11 2.25225e-10 0.176729)
(1.14602e-10 1.90428e-10 0.236215)
(4.14236e-11 -3.74642e-11 0.265883)
(4.26717e-11 -1.71479e-11 0.265885)
(6.33946e-11 -9.84958e-11 0.236223)
(-2.03086e-10 6.81891e-11 0.176742)
(1.34587e-10 -9.26029e-11 0.176716)
(1.00031e-10 3.82677e-11 0.236203)
(2.19234e-10 4.78817e-12 0.265872)
(2.56205e-10 7.65798e-11 0.265874)
(2.42708e-10 7.36042e-11 0.236211)
(2.60023e-10 2.17419e-10 0.176729)
(1.79355e-11 -6.37523e-12 0.236203)
(6.28375e-11 8.5952e-11 0.294686)
(1.11902e-10 8.62322e-11 0.324023)
(9.60856e-11 9.75116e-11 0.324026)
(5.64803e-11 8.27752e-11 0.294693)
(7.10453e-11 1.82729e-10 0.236215)
(8.03434e-11 1.52884e-10 0.265872)
(9.26848e-11 1.03788e-10 0.324023)
(9.80321e-11 9.17642e-11 0.353193)
(5.4475e-11 1.09802e-10 0.353195)
(2.53321e-11 1.33159e-10 0.32403)
(7.13274e-12 3.07937e-10 0.265883)
(7.16938e-11 2.86009e-10 0.265874)
(4.98092e-11 1.21011e-10 0.324026)
(7.96223e-11 5.60184e-11 0.353195)
(2.07447e-11 6.77471e-11 0.353197)
(3.45072e-11 9.33879e-11 0.324033)
(5.31496e-13 3.20813e-10 0.265885)
(4.43238e-10 3.91324e-10 0.236211)
(8.16297e-11 1.8934e-10 0.294693)
(1.10529e-10 7.0543e-11 0.32403)
(3.88111e-11 1.23873e-10 0.324033)
(9.69272e-11 2.0324e-10 0.294701)
(-6.12005e-11 4.93698e-10 0.236223)
(1.29691e-10 -1.29466e-10 0.176729)
(3.34809e-11 1.9468e-10 0.236215)
(2.36183e-10 3.95676e-11 0.265883)
(2.54118e-10 3.25185e-11 0.265885)
(3.31423e-10 -1.57654e-10 0.236223)
(-1.84898e-10 5.41651e-11 0.176742)
(1.75166e-10 -2.65989e-10 0.176716)
(1.66879e-10 -8.70944e-11 0.236203)
(2.76952e-10 -1.02141e-11 0.265872)
(3.00327e-10 1.9222e-12 0.265874)
(3.58348e-10 5.74889e-11 0.236211)
(1.69875e-10 8.34333e-11 0.176729)
(6.91013e-11 -2.85526e-10 0.236203)
(7.47893e-11 -2.98043e-11 0.294686)
(1.17905e-10 7.08179e-13 0.324023)
(1.12652e-10 1.24003e-11 0.324026)
(1.39917e-10 3.08113e-11 0.294693)
(8.83255e-11 2.91815e-11 0.236215)
(1.0115e-11 -3.06733e-10 0.265872)
(7.75052e-11 -4.73366e-11 0.324023)
(7.33766e-11 -2.48958e-11 0.353193)
(5.2817e-11 9.58726e-12 0.353195)
(2.5251e-11 3.00334e-11 0.32403)
(-1.52922e-11 1.5906e-11 0.265883)
(3.54186e-11 -2.85829e-10 0.265874)
(1.69664e-10 -3.57023e-11 0.324026)
(8.43092e-11 -1.92258e-11 0.353195)
(3.76996e-11 -1.27248e-11 0.353197)
(-2.23033e-11 -2.8586e-11 0.324033)
(-1.95547e-12 -2.85389e-11 0.265885)
(-2.25318e-10 -3.27906e-10 0.236211)
(2.93683e-10 -5.65752e-11 0.294693)
(1.37863e-10 -5.42904e-11 0.32403)
(2.62761e-11 -2.64538e-11 0.324033)
(-4.23962e-11 -2.20501e-11 0.294701)
(1.32371e-10 -4.68795e-11 0.236223)
(-1.76581e-10 2.68166e-10 0.176729)
(4.86134e-10 3.58254e-10 0.236215)
(3.00273e-10 4.84739e-11 0.265883)
(1.85436e-10 1.38304e-11 0.265885)
(1.69073e-11 9.66717e-11 0.236223)
(1.884e-10 6.66951e-12 0.176742)
(1.00027e-10 -2.54435e-10 0.176716)
(1.85297e-10 -1.83303e-10 0.236203)
(1.76205e-10 9.99644e-12 0.265872)
(2.40369e-10 2.48622e-11 0.265874)
(3.04408e-10 1.11885e-10 0.236211)
(1.6108e-10 4.97108e-11 0.176729)
(1.37374e-10 -3.86475e-10 0.236203)
(1.43616e-10 -1.37233e-10 0.294686)
(1.03646e-10 -1.00177e-11 0.324023)
(1.27186e-10 3.09609e-11 0.324026)
(1.66983e-10 7.86935e-11 0.294693)
(1.47471e-10 -1.50389e-11 0.236215)
(3.58264e-11 -3.10146e-10 0.265872)
(8.07132e-11 -7.95822e-11 0.324023)
(3.66789e-11 -3.55025e-11 0.353193)
(5.48849e-11 -2.96111e-12 0.353195)
(4.05368e-11 3.93614e-11 0.32403)
(5.9652e-11 -9.08002e-11 0.265883)
(8.95161e-11 -2.25123e-10 0.265874)
(1.0531e-10 3.78685e-11 0.324026)
(1.87164e-11 3.14465e-11 0.353195)
(5.79767e-11 3.94341e-11 0.353197)
(-2.81347e-11 7.61266e-11 0.324033)
(-7.40688e-12 -8.77509e-11 0.265885)
(9.34681e-11 -1.81533e-10 0.236211)
(1.40827e-10 4.16944e-11 0.294693)
(-2.80192e-12 3.24916e-11 0.32403)
(7.62001e-11 -1.45343e-11 0.324033)
(-6.61295e-11 -4.38546e-11 0.294701)
(6.31408e-11 -2.61751e-10 0.236223)
(-1.28851e-10 -1.92091e-10 0.176729)
(8.30786e-11 3.98985e-11 0.236215)
(-5.8628e-11 9.23072e-11 0.265883)
(1.7105e-11 6.7173e-11 0.265885)
(-1.63369e-10 2.4607e-10 0.236223)
(2.94528e-10 -1.31435e-11 0.176742)
(-1.85859e-12 -7.65618e-11 0.176716)
(7.25589e-11 -1.52632e-10 0.236203)
(7.7688e-12 -1.42216e-11 0.265872)
(7.79774e-11 3.55202e-11 0.265874)
(7.69909e-11 9.75748e-11 0.236211)
(-3.60105e-11 -2.67645e-11 0.176729)
(1.8751e-10 -3.2589e-10 0.236203)
(1.63461e-10 -2.11712e-10 0.294686)
(8.91336e-11 -3.98965e-11 0.324023)
(1.22753e-10 4.40915e-11 0.324026)
(1.26003e-10 9.1294e-11 0.294693)
(9.10854e-11 -5.55505e-12 0.236215)
(3.41208e-11 -3.02904e-10 0.265872)
(9.04399e-11 -1.1131e-10 0.324023)
(3.97816e-11 -9.82547e-12 0.353193)
(6.72598e-11 2.5329e-11 0.353195)
(6.32916e-11 4.03172e-11 0.32403)
(5.74341e-11 -3.64848e-11 0.265883)
(3.41235e-11 -3.02284e-10 0.265874)
(1.28567e-10 -2.19479e-11 0.324026)
(2.39412e-11 4.66313e-11 0.353195)
(4.53594e-11 6.17117e-11 0.353197)
(2.983e-11 7.15551e-11 0.324033)
(2.41812e-11 -6.54969e-12 0.265885)
(-3.2293e-10 -3.18249e-10 0.236211)
(1.12762e-10 -4.53049e-12 0.294693)
(-5.6934e-12 5.18429e-11 0.32403)
(5.31528e-11 7.68615e-11 0.324033)
(2.9929e-11 6.69846e-11 0.294701)
(-5.50195e-11 1.55065e-11 0.236223)
(-3.3352e-10 1.53472e-10 0.176729)
(1.18266e-10 1.76625e-10 0.236215)
(-1.64748e-11 6.67971e-11 0.265883)
(7.60766e-11 7.50352e-11 0.265885)
(7.52131e-11 -1.12527e-10 0.236223)
(-1.00135e-10 -1.65856e-10 0.176742)
(-1.54884e-10 1.32905e-10 0.176716)
(-1.47205e-11 -9.22129e-11 0.236203)
(-9.48399e-11 -1.22423e-11 0.265872)
(-9.19678e-11 2.8081e-11 0.265874)
(-1.54094e-10 2.18203e-11 0.236211)
(-1.46975e-10 -1.72318e-11 0.176729)
(9.98966e-11 1.41253e-12 0.236203)
(1.4079e-10 -8.74865e-11 0.294686)
(5.28256e-11 7.40015e-12 0.324023)
(3.95173e-11 7.63445e-11 0.324026)
(-2.89513e-12 9.65667e-11 0.294693)
(-2.1542e-11 4.15027e-11 0.236215)
(1.07715e-10 4.56455e-11 0.265872)
(1.01339e-10 -3.12597e-12 0.324023)
(3.38641e-11 5.36444e-11 0.353193)
(2.83783e-11 9.45189e-11 0.353195)
(6.7499e-12 9.59624e-11 0.32403)
(2.23577e-11 4.60169e-11 0.265883)
(6.91648e-11 6.39272e-11 0.265874)
(2.45576e-11 6.98429e-11 0.324026)
(-1.38082e-12 9.23766e-11 0.353195)
(2.16858e-12 1.10903e-10 0.353197)
(-2.79976e-11 8.65835e-11 0.324033)
(-1.27189e-11 3.93676e-11 0.265885)
(7.52971e-11 9.33331e-11 0.236211)
(-1.04593e-10 1.0708e-10 0.294693)
(-9.96117e-11 1.1351e-10 0.32403)
(-5.44525e-11 8.21248e-11 0.324033)
(-5.9749e-11 2.62507e-11 0.294701)
(6.05556e-11 -6.22585e-11 0.236223)
(-1.42278e-10 -2.50105e-10 0.176729)
(-3.36817e-10 -9.35912e-11 0.236215)
(-2.95238e-10 7.71791e-11 0.265883)
(-2.17706e-10 1.09358e-10 0.265885)
(-2.0567e-10 2.59444e-10 0.236223)
(7.25519e-11 1.78435e-10 0.176742)
(-2.15933e-10 2.39234e-10 0.176716)
(-1.82529e-10 6.9301e-11 0.236203)
(-2.07283e-10 1.90747e-12 0.265872)
(-2.04076e-10 -8.40543e-12 0.265874)
(-2.22035e-10 -2.87921e-11 0.236211)
(-1.58661e-10 -3.87825e-11 0.176729)
(-1.21175e-11 1.29029e-10 0.236203)
(2.05873e-11 -2.26657e-11 0.294686)
(-1.25352e-11 -3.66949e-12 0.324023)
(-2.20226e-11 4.35058e-11 0.324026)
(-5.68806e-11 6.45369e-11 0.294693)
(-6.2368e-11 7.17291e-11 0.236215)
(4.17081e-12 6.80588e-11 0.265872)
(3.40122e-11 1.62102e-11 0.324023)
(1.50116e-11 5.07411e-11 0.353193)
(1.60022e-11 8.52284e-11 0.353195)
(6.35549e-12 9.76431e-11 0.32403)
(-6.92575e-12 1.40194e-10 0.265883)
(-4.28063e-11 -2.40415e-11 0.265874)
(2.03673e-11 2.76986e-11 0.324026)
(-7.37581e-12 8.3907e-11 0.353195)
(9.21398e-13 1.23007e-10 0.353197)
(2.41161e-11 1.41372e-10 0.324033)
(-3.75092e-12 2.2756e-10 0.265885)
(-3.30804e-10 -7.79982e-11 0.236211)
(-4.70075e-11 2.93503e-11 0.294693)
(-5.76343e-11 8.01909e-11 0.32403)
(-2.26803e-11 1.46053e-10 0.324033)
(3.39538e-11 1.61576e-10 0.294701)
(-1.2371e-10 3.08931e-10 0.236223)
(-2.48253e-10 2.20542e-10 0.176729)
(-7.54356e-11 1.19587e-10 0.236215)
(-1.09947e-10 3.48113e-11 0.265883)
(-5.1094e-11 8.66603e-11 0.265885)
(5.15931e-11 -1.22164e-10 0.236223)
(-3.11945e-10 5.74547e-11 0.176742)
(-2.68756e-10 3.12589e-10 0.176716)
(-1.62142e-10 1.23995e-10 0.236203)
(-2.23077e-10 7.74124e-11 0.265872)
(-2.26246e-10 1.69757e-11 0.265874)
(-2.22179e-10 1.22436e-11 0.236211)
(-9.6674e-11 6.5786e-11 0.176729)
(-1.01062e-10 3.05196e-10 0.236203)
(-1.31266e-11 1.13463e-10 0.294686)
(-4.90181e-11 8.28874e-11 0.324023)
(-7.14734e-11 8.98561e-11 0.324026)
(-9.92727e-11 1.16931e-10 0.294693)
(-6.91558e-11 1.76316e-10 0.236215)
(2.83083e-11 3.01598e-10 0.265872)
(2.62866e-11 1.38998e-10 0.324023)
(-2.12516e-13 1.1194e-10 0.353193)
(-1.87061e-11 1.30051e-10 0.353195)
(-4.03194e-11 1.46861e-10 0.32403)
(-3.85091e-11 2.19923e-10 0.265883)
(1.55186e-11 1.88896e-10 0.265874)
(-2.97622e-11 1.27509e-10 0.324026)
(-2.52208e-11 1.1141e-10 0.353195)
(-2.66708e-11 1.43546e-10 0.353197)
(-2.32117e-11 1.56111e-10 0.324033)
(-3.112e-11 2.73053e-10 0.265885)
(1.68789e-10 2.1849e-10 0.236211)
(-9.12899e-11 1.67289e-10 0.294693)
(-1.01695e-10 1.31356e-10 0.32403)
(-7.86722e-11 1.56325e-10 0.324033)
(-2.96885e-11 1.56929e-10 0.294701)
(-3.40857e-11 2.6647e-10 0.236223)
(-3.53541e-11 -2.59316e-10 0.176729)
(-2.69501e-10 -8.25377e-11 0.236215)
(-2.41903e-10 3.35513e-11 0.265883)
(-1.74234e-10 1.33322e-10 0.265885)
(-9.2734e-11 1.46398e-10 0.236223)
(-1.40529e-10 2.49122e-10 0.176742)
(-1.18001e-11 1.41474e-10 0.176716)
(-1.46174e-10 1.45088e-10 0.236203)
(-1.51924e-10 4.21754e-11 0.265872)
(-1.61486e-10 -2.17065e-12 0.265874)
(-1.01734e-10 1.27102e-11 0.236211)
(-8.14626e-11 -4.39988e-12 0.176729)
(-1.71613e-11 1.39246e-10 0.236203)
(-5.67248e-11 8.61158e-11 0.294686)
(-3.451e-11 4.72192e-11 0.324023)
(-3.17837e-11 5.66643e-11 0.324026)
(-5.04289e-12 9.66415e-11 0.294693)
(1.46839e-11 1.71164e-10 0.236215)
(9.55885e-12 5.64559e-11 0.265872)
(1.32109e-11 6.73869e-11 0.324023)
(2.65719e-11 6.4787e-11 0.353193)
(1.51676e-11 8.22734e-11 0.353195)
(3.567e-11 9.20107e-11 0.32403)
(5.2048e-12 2.23065e-10 0.265883)
(2.16144e-11 -4.38087e-11 0.265874)
(5.40265e-11 2.20164e-11 0.324026)
(4.2617e-11 5.1257e-11 0.353195)
(1.1753e-11 9.64719e-11 0.353197)
(8.50745e-11 1.08401e-10 0.324033)
(1.19949e-11 3.70465e-10 0.265885)
(-1.4594e-10 -1.12669e-10 0.236211)
(3.25829e-11 1.39693e-11 0.294693)
(3.06452e-11 4.72656e-11 0.32403)
(-1.49349e-11 1.59797e-10 0.324033)
(1.47133e-10 1.66957e-10 0.294701)
(-1.62563e-10 5.29363e-10 0.236223)
(-2.17446e-11 1.7003e-10 0.176729)
(5.11868e-11 1.37821e-10 0.236215)
(9.76006e-11 7.73286e-12 0.265883)
(3.95113e-11 7.54428e-11 0.265885)
(2.53973e-10 -3.99578e-10 0.236223)
(-6.68481e-10 8.51552e-11 0.176742)
(7.09842e-11 -3.93226e-11 0.176716)
(-5.05208e-12 3.64342e-11 0.236203)
(4.11615e-11 1.01649e-11 0.265872)
(2.54718e-11 1.99624e-11 0.265874)
(5.42079e-11 1.00903e-11 0.236211)
(9.12393e-12 -1.75035e-11 0.176729)
(-1.66784e-11 1.8027e-11 0.236203)
(-1.74947e-11 7.94292e-11 0.294686)
(3.66813e-11 3.49151e-11 0.324023)
(3.3935e-11 1.47468e-11 0.324026)
(7.26844e-11 -3.22755e-12 0.294693)
(6.35857e-11 -3.89291e-11 0.236215)
(4.34566e-11 4.32921e-11 0.265872)
(2.27033e-11 7.17731e-11 0.324023)
(5.14198e-11 3.98478e-11 0.353193)
(4.6905e-11 4.11052e-11 0.353195)
(7.44498e-11 2.64666e-11 0.32403)
(6.99805e-11 -6.34945e-12 0.265883)
(2.40332e-11 6.42768e-12 0.265874)
(-1.33265e-11 4.03098e-11 0.324026)
(3.98963e-11 2.2768e-11 0.353195)
(3.81095e-11 2.12011e-11 0.353197)
(5.51667e-11 -3.23737e-11 0.324033)
(1.1396e-10 -9.21874e-11 0.265885)
(1.79635e-10 4.24047e-11 0.236211)
(-8.10435e-11 7.4122e-11 0.294693)
(-4.82898e-11 6.15574e-11 0.32403)
(-7.65242e-11 1.0895e-11 0.324033)
(-6.13884e-11 -1.22204e-11 0.294701)
(1.48998e-10 -1.14526e-10 0.236223)
(-5.69246e-11 -4.84766e-10 0.176729)
(-3.26256e-10 -2.31105e-10 0.236215)
(-2.42778e-10 -2.61538e-12 0.265883)
(-1.90593e-10 -3.74758e-11 0.265885)
(-1.70896e-10 1.26532e-10 0.236223)
(2.37653e-10 -1.13034e-10 0.176742)
(-7.34812e-11 9.40688e-11 0.176716)
(7.6458e-11 -2.59397e-11 0.236203)
(6.11184e-13 3.19573e-11 0.265872)
(2.96572e-11 -7.31988e-12 0.265874)
(-1.08091e-12 -3.37762e-11 0.236211)
(5.38877e-11 3.23593e-11 0.176729)
(5.91662e-11 5.04779e-11 0.236203)
(7.16959e-11 4.59103e-12 0.294686)
(2.05273e-11 2.48882e-11 0.324023)
(2.4023e-11 1.74518e-11 0.324026)
(1.58766e-11 6.14272e-12 0.294693)
(2.66732e-11 5.88436e-11 0.236215)
(-4.38233e-11 1.69377e-11 0.265872)
(9.36176e-12 1.28982e-11 0.324023)
(2.56893e-11 2.72153e-11 0.353193)
(4.25768e-11 2.98034e-11 0.353195)
(7.79871e-11 3.24664e-11 0.32403)
(1.07531e-10 1.00964e-10 0.265883)
(2.20157e-11 -4.6727e-11 0.265874)
(8.29664e-12 -3.87783e-11 0.324026)
(2.38825e-11 1.66625e-11 0.353195)
(3.18445e-11 3.80533e-11 0.353197)
(8.66041e-11 5.2528e-11 0.324033)
(-7.07502e-12 2.15851e-10 0.265885)
(-3.23808e-10 -2.17658e-10 0.236211)
(-1.09501e-10 -1.56711e-10 0.294693)
(2.18757e-13 -2.67955e-11 0.32403)
(4.07318e-12 2.95211e-11 0.324033)
(1.54498e-10 -3.71585e-11 0.294701)
(-1.11916e-11 1.87277e-10 0.236223)
(-3.74975e-11 3.26993e-10 0.176729)
(-8.74292e-11 2.33954e-11 0.236215)
(2.95791e-11 4.79258e-12 0.265883)
(-1.3039e-10 2.43802e-11 0.265885)
(2.66044e-11 -2.38543e-10 0.236223)
(-5.91566e-10 3.79529e-10 0.176742)
(5.16586e-12 5.88867e-11 0.176716)
(2.25655e-11 -6.86214e-11 0.236203)
(-1.56011e-11 -9.47551e-11 0.265872)
(8.87061e-12 -1.06567e-10 0.265874)
(-4.39916e-12 -9.48142e-11 0.236211)
(6.79513e-12 4.92525e-12 0.176729)
(7.35117e-11 -6.99427e-12 0.236203)
(7.39987e-11 -1.12778e-10 0.294686)
(4.2599e-11 -9.48324e-11 0.324023)
(4.94693e-11 -8.59444e-11 0.324026)
(3.16571e-11 -6.9306e-11 0.294693)
(1.4283e-11 4.3602e-11 0.236215)
(9.33713e-12 3.94062e-11 0.265872)
(3.29883e-12 -9.04517e-11 0.324023)
(3.14433e-11 -8.55417e-11 0.353193)
(5.14207e-11 -9.40639e-11 0.353195)
(8.79015e-11 -1.05694e-10 0.32403)
(8.0694e-11 3.31265e-11 0.265883)
(-3.95232e-11 4.38055e-11 0.265874)
(-9.65696e-11 -1.07943e-10 0.324026)
(-2.90093e-12 -1.13147e-10 0.353195)
(7.87501e-12 -1.18184e-10 0.353197)
(1.11362e-10 -1.32666e-10 0.324033)
(1.12642e-10 8.38302e-11 0.265885)
(-7.02224e-12 1.5252e-11 0.236211)
(-2.79628e-10 -1.67042e-10 0.294693)
(-1.13961e-10 -1.54132e-10 0.32403)
(-8.46372e-11 -1.67952e-10 0.324033)
(1.19951e-10 -1.9601e-10 0.294701)
(1.16705e-10 3.82341e-11 0.236223)
(6.76935e-11 -2.6755e-10 0.176729)
(-4.48948e-10 -4.50623e-10 0.236215)
(-2.64855e-10 -2.36578e-10 0.265883)
(-3.13563e-10 -1.88313e-10 0.265885)
(-1.02769e-10 -1.5581e-10 0.236223)
(-1.95452e-10 1.12079e-10 0.176742)
(4.78274e-12 7.66659e-12 0.176716)
(1.10497e-11 -1.18991e-10 0.236203)
(9.74172e-11 -1.69631e-10 0.265872)
(9.77451e-11 -1.32426e-10 0.265874)
(1.04932e-10 -1.11165e-10 0.236211)
(1.23385e-10 5.44415e-11 0.176729)
(5.88857e-11 -2.20713e-11 0.236203)
(4.21331e-11 -1.01161e-10 0.294686)
(8.5609e-11 -1.5562e-10 0.324023)
(8.0943e-11 -1.57799e-10 0.324026)
(7.21205e-11 -1.32055e-10 0.294693)
(6.53465e-11 -1.31487e-11 0.236215)
(1.3347e-11 -1.6252e-10 0.265872)
(2.77256e-11 -1.91997e-10 0.324023)
(6.24331e-11 -2.00083e-10 0.353193)
(8.11397e-11 -1.91752e-10 0.353195)
(1.00606e-10 -1.50262e-10 0.32403)
(9.11441e-11 -1.83061e-11 0.265883)
(-7.62655e-11 -1.80796e-10 0.265874)
(-2.16884e-11 -2.73439e-10 0.324026)
(3.23301e-11 -2.51997e-10 0.353195)
(6.44825e-11 -2.26041e-10 0.353197)
(1.14857e-10 -1.69025e-10 0.324033)
(1.33112e-10 -9.1607e-12 0.265885)
(-3.5153e-10 -2.83548e-10 0.236211)
(-1.23319e-10 -3.98607e-10 0.294693)
(-1.69484e-11 -3.42695e-10 0.32403)
(4.43257e-12 -2.92797e-10 0.324033)
(4.91404e-11 -1.81214e-10 0.294701)
(4.30948e-11 6.56064e-11 0.236223)
(2.72665e-12 1.97863e-10 0.176729)
(1.62209e-11 -1.88074e-10 0.236215)
(1.48096e-11 -2.70378e-10 0.265883)
(-5.06353e-11 -3.00132e-10 0.265885)
(-7.56036e-11 -1.75351e-10 0.236223)
(-1.55602e-10 7.92965e-11 0.176742)
(5.71983e-11 -1.578e-12 0.176716)
(-4.42921e-11 7.02509e-12 0.236203)
(7.45603e-11 -1.15207e-10 0.265872)
(1.07103e-10 -1.12388e-10 0.265874)
(1.72629e-10 -7.83144e-11 0.236211)
(1.54205e-10 4.72858e-11 0.176729)
(-4.38601e-11 -2.13415e-11 0.236203)
(-3.66728e-11 -7.68897e-11 0.294686)
(4.31454e-11 -1.55256e-10 0.324023)
(6.36764e-11 -1.55217e-10 0.324026)
(9.28074e-11 -1.08059e-10 0.294693)
(9.3331e-11 1.82397e-11 0.236215)
(-4.57072e-11 -3.49233e-11 0.265872)
(-4.38021e-11 -1.52835e-10 0.324023)
(2.07834e-11 -2.10538e-10 0.353193)
(5.66856e-11 -1.96682e-10 0.353195)
(8.3666e-11 -1.21951e-10 0.32403)
(6.7035e-11 3.03579e-11 0.265883)
(-8.15427e-11 4.20155e-11 0.265874)
(-1.2905e-10 -1.7785e-10 0.324026)
(-3.14683e-11 -2.39278e-10 0.353195)
(3.45765e-11 -2.22807e-10 0.353197)
(7.75492e-11 -1.2396e-10 0.324033)
(5.00421e-11 6.86442e-11 0.265885)
(1.18714e-10 1.09611e-10 0.236211)
(-1.89596e-10 -2.30925e-10 0.294693)
(-9.77322e-11 -2.75083e-10 0.32403)
(-3.49832e-11 -2.45294e-10 0.324033)
(1.10748e-12 -9.66757e-11 0.294701)
(-6.75466e-11 1.55694e-10 0.236223)
(3.47621e-10 -6.08067e-11 0.176729)
(-1.1991e-10 -3.74434e-10 0.236215)
(-6.81515e-11 -2.78571e-10 0.265883)
(-8.15166e-11 -2.27824e-10 0.265885)
(-9.26066e-11 -4.33633e-11 0.236223)
(-1.79569e-10 1.61085e-10 0.176742)
(-8.15609e-12 2.13236e-11 0.176716)
(3.55178e-11 -3.58405e-11 0.236203)
(9.87964e-11 -5.62996e-11 0.265872)
(1.41558e-10 -5.6319e-11 0.265874)
(1.81883e-10 4.13974e-12 0.236211)
(1.77793e-10 1.46418e-10 0.176729)
(-3.30275e-11 4.0056e-11 0.236203)
(-1.72448e-11 -3.60041e-11 0.294686)
(3.74306e-11 -1.03437e-10 0.324023)
(6.57136e-11 -1.09313e-10 0.324026)
(8.98099e-11 -4.79837e-11 0.294693)
(8.47815e-11 9.4423e-11 0.236215)
(-7.29307e-11 -4.23377e-11 0.265872)
(-4.22694e-11 -1.27588e-10 0.324023)
(2.81316e-12 -1.79199e-10 0.353193)
(3.35501e-11 -1.63326e-10 0.353195)
(4.90996e-11 -7.97685e-11 0.32403)
(3.17881e-11 7.92003e-11 0.265883)
(-7.01138e-11 -5.13716e-11 0.265874)
(-3.19796e-11 -1.91912e-10 0.324026)
(-1.7971e-11 -2.28898e-10 0.353195)
(2.84928e-12 -1.96354e-10 0.353197)
(1.0841e-11 -8.41072e-11 0.324033)
(-1.1115e-11 9.30224e-11 0.265885)
(-1.5688e-10 -4.82576e-11 0.236211)
(3.2026e-11 -2.35047e-10 0.294693)
(3.7696e-12 -2.80174e-10 0.32403)
(-2.82685e-11 -2.10404e-10 0.324033)
(-5.63423e-11 -4.81217e-11 0.294701)
(-1.02828e-10 1.50942e-10 0.236223)
(1.84074e-10 3.96802e-10 0.176729)
(3.38746e-10 4.14556e-11 0.236215)
(1.79205e-10 -1.98967e-10 0.265883)
(4.19749e-11 -1.73901e-10 0.265885)
(-7.0097e-11 -3.05155e-11 0.236223)
(-1.24053e-10 9.45288e-11 0.176742)
(-1.71511e-11 4.76971e-11 0.176716)
(-5.37328e-12 1.85535e-11 0.236203)
(9.25789e-12 -2.16919e-11 0.265872)
(7.25776e-11 -3.35859e-11 0.265874)
(1.26867e-10 3.75611e-11 0.236211)
(1.2474e-10 1.05658e-10 0.176729)
(-5.61825e-11 6.44846e-11 0.236203)
(-1.85003e-11 -3.55927e-11 0.294686)
(2.08657e-13 -6.86783e-11 0.324023)
(4.35158e-11 -5.33492e-11 0.324026)
(8.21826e-11 3.27501e-11 0.294693)
(1.06145e-10 1.77552e-10 0.236215)
(-5.11801e-11 1.68245e-10 0.265872)
(-5.32988e-11 -2.95893e-11 0.324023)
(-2.7747e-11 -1.01888e-10 0.353193)
(2.67201e-13 -8.75648e-11 0.353195)
(2.35433e-11 2.78243e-12 0.32403)
(2.75656e-11 1.68968e-10 0.265883)
(-5.14508e-12 2.35545e-10 0.265874)
(-7.55619e-11 -1.34146e-11 0.324026)
(-4.81723e-11 -1.24474e-10 0.353195)
(-3.72321e-11 -1.05551e-10 0.353197)
(-2.73971e-11 5.63814e-12 0.324033)
(-5.6189e-11 2.01053e-10 0.265885)
(3.09469e-10 3.82665e-10 0.236211)
(-1.85724e-11 6.02153e-11 0.294693)
(-4.57835e-11 -9.54165e-11 0.32403)
(-6.48678e-11 -9.58401e-11 0.324033)
(-6.96887e-11 7.22015e-12 0.294701)
(-1.25223e-10 1.79505e-10 0.236223)
(3.54102e-10 5.12754e-11 0.176729)
(3.57102e-11 -8.59393e-11 0.236215)
(-1.85636e-11 -1.03969e-10 0.265883)
(-1.0327e-10 -6.03057e-11 0.265885)
(-1.30966e-10 4.37253e-11 0.236223)
(-1.71361e-10 1.76023e-10 0.176742)
(1.76394e-12 2.38419e-11 0.176716)
(3.33995e-11 -2.9011e-11 0.236203)
(6.11623e-11 -3.22991e-11 0.265872)
(8.34283e-11 3.19106e-12 0.265874)
(9.88785e-11 6.69781e-11 0.236211)
(1.03656e-10 1.29221e-10 0.176729)
(1.02953e-11 8.57038e-11 0.236203)
(4.55497e-12 2.43192e-12 0.294686)
(3.21151e-11 -4.25205e-11 0.324023)
(6.05417e-11 -2.36541e-11 0.324026)
(7.93433e-11 5.60533e-11 0.294693)
(8.51887e-11 1.66322e-10 0.236215)
(8.34728e-12 6.58989e-11 0.265872)
(2.27301e-12 -2.21126e-11 0.324023)
(6.19344e-12 -7.37144e-11 0.353193)
(1.69025e-11 -6.07472e-11 0.353195)
(2.69995e-11 2.08184e-11 0.32403)
(2.6948e-11 1.45761e-10 0.265883)
(4.71627e-11 9.3086e-11 0.265874)
(5.47058e-11 -3.27823e-11 0.324026)
(1.2074e-11 -9.424e-11 0.353195)
(-2.13098e-11 -7.73484e-11 0.353197)
(-3.35642e-11 1.12592e-11 0.324033)
(-3.08883e-11 1.28912e-10 0.265885)
(-5.57511e-12 9.42653e-11 0.236211)
(1.45852e-10 -7.06084e-12 0.294693)
(6.83875e-11 -8.73341e-11 0.32403)
(-2.86844e-11 -7.36976e-11 0.324033)
(-8.36749e-11 1.38312e-11 0.294701)
(-8.79776e-11 1.02006e-10 0.236223)
(1.4121e-10 3.55813e-10 0.176729)
(3.20983e-10 1.99323e-10 0.236215)
(1.70343e-10 -1.34373e-11 0.265883)
(-1.54194e-12 -5.59843e-11 0.265885)
(-1.08878e-10 5.71098e-12 0.236223)
(-9.17559e-11 4.78045e-11 0.176742)
(-7.99291e-13 3.049e-11 0.176716)
(-4.16318e-11 4.66602e-11 0.236203)
(-2.25223e-11 -3.44272e-12 0.265872)
(-5.75363e-12 2.73248e-12 0.265874)
(3.17003e-11 3.96911e-11 0.236211)
(3.26128e-11 2.94763e-11 0.176729)
(-4.35296e-11 7.79191e-11 0.236203)
(-3.1253e-11 1.051e-11 0.294686)
(-6.47313e-12 -2.11069e-11 0.324023)
(1.63739e-11 7.31892e-12 0.324026)
(5.52359e-11 7.99079e-11 0.294693)
(7.40685e-11 1.49346e-10 0.236215)
(1.27398e-12 1.82788e-10 0.265872)
(-2.60716e-11 4.36313e-11 0.324023)
(-1.29409e-11 -1.96135e-11 0.353193)
(-9.3559e-12 -7.66661e-12 0.353195)
(1.35926e-11 6.21972e-11 0.32403)
(2.51608e-11 1.50678e-10 0.265883)
(5.18325e-11 2.66285e-10 0.265874)
(-2.97669e-11 8.91863e-11 0.324026)
(-1.87969e-11 -8.55724e-12 0.353195)
(-4.22967e-11 -1.33729e-11 0.353197)
(-3.66538e-11 5.56084e-11 0.324033)
(-4.44965e-11 1.56525e-10 0.265885)
(3.28037e-10 3.51163e-10 0.236211)
(-4.84376e-13 1.54456e-10 0.294693)
(-1.58504e-11 4.13248e-11 0.32403)
(-6.73817e-11 -2.71218e-12 0.324033)
(-7.14625e-11 2.96914e-11 0.294701)
(-8.77266e-11 9.24708e-11 0.236223)
(2.50135e-10 -7.34076e-11 0.176729)
(-8.41099e-11 -7.31787e-11 0.236215)
(-6.95872e-11 5.60995e-12 0.265883)
(-1.52046e-10 7.20062e-12 0.265885)
(-1.48807e-10 5.49654e-11 0.236223)
(-1.28572e-10 1.18518e-10 0.176742)
(-1.05957e-10 7.21223e-11 0.176716)
(-2.60623e-11 -5.20344e-12 0.236203)
(-5.73944e-11 2.00146e-11 0.265872)
(-5.96265e-11 1.31603e-11 0.265874)
(-5.36888e-11 4.69984e-11 0.236211)
(-3.48931e-11 2.4688e-11 0.176729)
(-1.96516e-11 1.02308e-10 0.236203)
(-2.90269e-12 1.50008e-11 0.294686)
(-1.13616e-11 6.49582e-13 0.324023)
(-4.1353e-12 1.89837e-11 0.324026)
(1.30079e-11 7.64276e-11 0.294693)
(1.54404e-11 1.0977e-10 0.236215)
(-1.45923e-12 8.95984e-11 0.265872)
(-3.0609e-12 2.54001e-11 0.324023)
(-9.60386e-12 -6.42999e-12 0.353193)
(-1.83806e-11 -2.66986e-12 0.353195)
(-6.57259e-12 4.25169e-11 0.32403)
(1.57324e-12 8.58195e-11 0.265883)
(2.85934e-11 3.19848e-11 0.265874)
(4.26473e-11 4.1239e-12 0.324026)
(1.42816e-12 -2.06653e-11 0.353195)
(-4.63038e-11 -1.99585e-11 0.353197)
(-4.77537e-11 2.26329e-11 0.324033)
(-3.62781e-11 7.50903e-11 0.265885)
(-8.56217e-11 -1.16865e-11 0.236211)
(9.55614e-11 1.53244e-11 0.294693)
(3.4179e-11 -2.20505e-11 0.32403)
(-6.17407e-11 -3.38957e-11 0.324033)
(-8.02418e-11 -1.92787e-11 0.294701)
(-6.27434e-11 1.07321e-11 0.236223)
(-5.62479e-11 1.91999e-10 0.176729)
(1.36926e-10 1.33431e-10 0.236215)
(1.48586e-11 -7.51299e-12 0.265883)
(-1.24204e-10 -2.11758e-11 0.265885)
(-1.66577e-10 -7.00146e-12 0.236223)
(-1.23419e-10 5.40571e-11 0.176742)
(-1.47373e-10 1.30839e-10 0.176716)
(-9.63205e-11 4.74077e-11 0.236203)
(-1.59995e-10 2.19957e-11 0.265872)
(-1.44072e-10 -8.01765e-12 0.265874)
(-1.31458e-10 8.76599e-12 0.236211)
(-9.17027e-11 -5.24895e-11 0.176729)
(-6.10056e-11 1.28246e-10 0.236203)
(-1.26535e-11 3.19365e-13 0.294686)
(-4.25912e-11 3.28636e-12 0.324023)
(-2.8409e-11 2.12507e-11 0.324026)
(-1.04686e-11 7.06053e-11 0.294693)
(1.31912e-11 8.64159e-11 0.236215)
(-2.02153e-12 2.27384e-10 0.265872)
(-1.4601e-11 7.66133e-11 0.324023)
(-2.3257e-11 3.48666e-11 0.353193)
(-2.50158e-11 2.85426e-11 0.353195)
(-4.29002e-12 5.71481e-11 0.32403)
(2.16382e-11 8.6067e-11 0.265883)
(2.74225e-11 1.9002e-10 0.265874)
(-3.81249e-11 9.60923e-11 0.324026)
(-3.19691e-11 3.3731e-11 0.353195)
(-4.88434e-11 2.26737e-11 0.353197)
(-3.2496e-11 5.22082e-11 0.324033)
(-2.22964e-11 1.08022e-10 0.265885)
(2.15155e-10 2.45049e-10 0.236211)
(-5.81383e-11 1.61847e-10 0.294693)
(-7.08586e-11 7.6204e-11 0.32403)
(-9.13453e-11 1.8604e-11 0.324033)
(-7.15808e-11 -2.07261e-12 0.294701)
(-6.0087e-11 3.64306e-11 0.236223)
(3.16687e-11 -1.93821e-10 0.176729)
(-2.64902e-10 -1.21747e-10 0.236215)
(-2.68202e-10 2.81859e-12 0.265883)
(-2.92845e-10 3.13657e-11 0.265885)
(-2.46466e-10 5.95588e-11 0.236223)
(-1.69757e-10 1.48453e-10 0.176742)
(-8.84979e-11 1.16715e-10 0.176716)
(-3.6277e-11 -3.18008e-12 0.236203)
(-2.53016e-11 -3.40845e-11 0.265872)
(-2.31336e-11 1.3584e-12 0.265874)
(-7.96469e-11 -1.56039e-11 0.236211)
(-2.30252e-11 3.56476e-12 0.176729)
(3.43936e-12 1.81957e-10 0.236203)
(2.15801e-11 5.34054e-11 0.294686)
(2.67873e-11 9.4431e-12 0.324023)
(2.61119e-11 1.25979e-12 0.324026)
(-9.87142e-12 -1.11645e-12 0.294693)
(1.97743e-13 2.1247e-11 0.236215)
(3.42065e-11 1.2398e-10 0.265872)
(4.72175e-11 3.45391e-11 0.324023)
(5.1206e-11 1.84091e-11 0.353193)
(4.01931e-11 5.72312e-12 0.353195)
(3.92626e-11 1.84797e-11 0.32403)
(5.83903e-11 6.1685e-11 0.265883)
(7.57371e-11 9.85328e-11 0.265874)
(5.94952e-11 -7.19451e-12 0.324026)
(6.02106e-11 -2.04956e-12 0.353195)
(1.8723e-11 -1.79926e-12 0.353197)
(2.13334e-11 2.2187e-11 0.324033)
(2.01085e-11 7.54899e-11 0.265885)
(-1.23772e-10 -1.60181e-11 0.236211)
(-6.67817e-12 -4.62571e-11 0.294693)
(5.73632e-11 -4.07849e-12 0.32403)
(-9.30248e-12 -1.84754e-11 0.324033)
(-9.10636e-12 9.26786e-13 0.294701)
(-1.48096e-11 5.87891e-11 0.236223)
(1.45126e-10 2.55589e-10 0.176729)
(2.33697e-11 -1.8614e-11 0.236215)
(2.23632e-11 2.0948e-11 0.265883)
(-1.17714e-10 -3.38476e-11 0.265885)
(-1.19341e-10 2.3603e-11 0.236223)
(-1.43232e-10 1.33828e-10 0.176742)
(-7.93094e-12 1.16664e-11 0.176716)
(-5.34959e-11 3.92183e-11 0.236203)
(4.33614e-11 -7.48653e-11 0.265872)
(7.00911e-11 -5.39399e-11 0.265874)
(4.13217e-11 -9.93259e-11 0.236211)
(7.42771e-11 -2.70903e-11 0.176729)
(-5.82331e-11 5.71617e-11 0.236203)
(-3.09024e-11 2.19322e-11 0.294686)
(3.09216e-11 -5.08264e-11 0.324023)
(4.1565e-11 -7.02488e-11 0.324026)
(9.44097e-12 -1.02131e-10 0.294693)
(3.09588e-12 -7.9105e-11 0.236215)
(8.94108e-12 3.38402e-11 0.265872)
(2.34467e-11 -1.90578e-11 0.324023)
(6.58822e-11 -4.56907e-11 0.353193)
(7.09391e-11 -5.01038e-11 0.353195)
(5.58302e-11 -4.06749e-11 0.32403)
(3.97072e-11 1.51136e-12 0.265883)
(-1.91734e-11 5.23194e-11 0.265874)
(7.17369e-12 -3.31985e-11 0.324026)
(6.43796e-11 -4.62236e-11 0.353195)
(5.85374e-11 -5.10794e-11 0.353197)
(5.49508e-11 -2.84367e-11 0.324033)
(5.02253e-11 -2.33004e-12 0.265885)
(1.10062e-10 2.21239e-11 0.236211)
(-2.69786e-11 -8.42305e-11 0.294693)
(4.62855e-11 -6.27146e-11 0.32403)
(3.48027e-11 -3.97866e-11 0.324033)
(1.8709e-11 2.75019e-11 0.294701)
(6.34701e-12 7.26559e-11 0.236223)
(4.80927e-11 -2.06504e-10 0.176729)
(-5.32169e-11 -1.46505e-10 0.236215)
(7.79107e-11 -6.45166e-11 0.265883)
(7.24147e-11 -7.3359e-11 0.265885)
(3.46154e-11 -7.22899e-12 0.236223)
(4.40563e-11 -1.29477e-11 0.176742)
(7.36119e-11 -1.06716e-10 0.176716)
(1.69116e-11 5.03553e-12 0.236203)
(1.16486e-10 -3.9007e-11 0.265872)
(8.54746e-11 -5.67957e-11 0.265874)
(1.00257e-10 -6.05781e-11 0.236211)
(1.55554e-11 -5.73203e-11 0.176729)
(-5.40107e-11 2.47976e-11 0.236203)
(-6.66928e-11 5.84877e-11 0.294686)
(4.42548e-12 -3.14733e-11 0.324023)
(1.14635e-12 -8.14409e-11 0.324026)
(1.18502e-11 -1.06371e-10 0.294693)
(-3.85151e-11 -1.20417e-10 0.236215)
(-3.35829e-11 -9.80078e-11 0.265872)
(-2.18324e-11 -5.0046e-11 0.324023)
(1.5592e-11 -7.86212e-11 0.353193)
(1.10159e-11 -8.34032e-11 0.353195)
(-4.32613e-12 -7.76557e-11 0.32403)
(-4.82156e-11 -1.01356e-10 0.265883)
(-3.3176e-11 -8.84759e-11 0.265874)
(4.03121e-13 -9.03999e-11 0.324026)
(1.91114e-11 -9.23307e-11 0.353195)
(1.60529e-11 -9.17572e-11 0.353197)
(-5.77687e-12 -6.76701e-11 0.324033)
(-1.62172e-11 -8.52684e-11 0.265885)
(-1.50732e-10 -1.62953e-10 0.236211)
(2.34362e-11 -1.76848e-10 0.294693)
(3.05957e-11 -1.33548e-10 0.32403)
(1.46665e-11 -9.14562e-11 0.324033)
(-1.975e-11 -2.11807e-11 0.294701)
(-2.2753e-11 -1.70566e-11 0.236223)
(1.45528e-10 2.05887e-10 0.176729)
(2.20949e-10 -8.3122e-11 0.236215)
(1.71789e-10 -1.06132e-10 0.265883)
(1.35435e-10 -8.64258e-11 0.265885)
(8.03297e-11 -2.12776e-11 0.236223)
(8.14946e-11 -5.09404e-11 0.176742)
(9.15005e-11 -5.41472e-11 0.176716)
(-2.4272e-11 6.54655e-11 0.236203)
(3.0889e-12 2.70343e-11 0.265872)
(1.30674e-11 -1.67467e-11 0.265874)
(7.37069e-11 -1.75945e-11 0.236211)
(7.68929e-11 9.42418e-12 0.176729)
(-5.58141e-11 -8.74822e-11 0.236203)
(-9.12237e-11 -4.64099e-12 0.294686)
(-4.75469e-11 -1.84252e-11 0.324023)
(-3.53341e-11 -3.69166e-11 0.324026)
(3.5023e-13 -3.4307e-11 0.294693)
(2.01421e-11 -2.22399e-11 0.236215)
(-6.55187e-11 -4.58693e-11 0.265872)
(-8.19733e-11 -3.19105e-11 0.324023)
(-4.76467e-11 -4.9972e-11 0.353193)
(-4.52137e-11 -5.50976e-11 0.353195)
(-4.28531e-11 -4.55292e-11 0.32403)
(-5.20324e-11 -5.63028e-11 0.265883)
(-8.03071e-11 -2.70061e-11 0.265874)
(-7.96525e-11 -5.13625e-11 0.324026)
(-4.25701e-11 -7.40486e-11 0.353195)
(-3.26126e-11 -6.57649e-11 0.353197)
(-3.84466e-11 -4.31411e-11 0.324033)
(-4.33233e-11 -6.93326e-11 0.265885)
(1.85755e-10 9.39895e-11 0.236211)
(-1.40963e-11 -2.25667e-11 0.294693)
(-1.4427e-11 -7.2125e-11 0.32403)
(-6.19462e-12 -5.9136e-11 0.324033)
(-3.27176e-11 -2.25724e-11 0.294701)
(-4.49874e-11 -6.41722e-11 0.236223)
(1.2623e-10 -1.86842e-10 0.176729)
(6.70932e-12 -9.75065e-11 0.236215)
(2.82572e-11 -8.94487e-11 0.265883)
(7.77193e-11 -5.85338e-11 0.265885)
(6.32135e-11 -3.37242e-11 0.236223)
(1.23938e-10 -1.59243e-10 0.176742)
(-3.4045e-12 -7.89338e-11 0.176716)
(3.84871e-11 -5.64651e-11 0.236203)
(-7.81821e-13 3.86468e-11 0.265872)
(-1.80702e-11 2.45246e-11 0.265874)
(1.24975e-11 7.96695e-11 0.236211)
(-5.42473e-11 -1.30517e-11 0.176729)
(-1.14897e-11 -3.40301e-11 0.236203)
(-2.17691e-11 -9.75692e-13 0.294686)
(-3.56727e-11 2.08713e-11 0.324023)
(-3.13242e-11 8.95707e-12 0.324026)
(6.17121e-12 3.3079e-11 0.294693)
(3.04986e-12 1.31166e-11 0.236215)
(-4.08018e-11 -1.62884e-11 0.265872)
(-5.17145e-11 2.30302e-13 0.324023)
(-6.09253e-11 -5.07293e-12 0.353193)
(-6.21187e-11 -1.80366e-11 0.353195)
(-4.95474e-11 -1.83821e-11 0.32403)
(-4.66526e-11 -5.33053e-11 0.265883)
(-6.27539e-12 -3.70544e-11 0.265874)
(-1.7128e-11 -2.89409e-11 0.324026)
(-4.78091e-11 -3.38256e-11 0.353195)
(-5.6336e-11 -3.38641e-11 0.353197)
(-5.83372e-11 -2.96647e-11 0.324033)
(-4.79682e-11 -6.26408e-11 0.265885)
(-6.61986e-11 8.93688e-12 0.236211)
(6.82464e-11 5.56613e-12 0.294693)
(6.79343e-12 -3.51627e-11 0.32403)
(-2.05472e-11 -4.33363e-11 0.324033)
(-3.30122e-11 -5.40508e-11 0.294701)
(-9.89481e-12 -1.03771e-10 0.236223)
(4.56556e-11 2.28622e-10 0.176729)
(1.76186e-10 8.50409e-11 0.236215)
(5.17267e-11 -2.64375e-11 0.265883)
(2.27081e-11 -2.04776e-11 0.265885)
(2.09037e-11 -3.61096e-11 0.236223)
(4.74169e-11 -6.55777e-11 0.176742)
(-1.08282e-10 9.86557e-11 0.176716)
(-5.20443e-11 2.20584e-11 0.236203)
(-1.50296e-10 6.24418e-11 0.265872)
(-1.2223e-10 3.95516e-11 0.265874)
(-1.03907e-10 5.93721e-11 0.236211)
(-4.51633e-11 5.414e-12 0.176729)
(-7.99257e-13 -1.41069e-11 0.236203)
(8.54936e-12 -5.59949e-11 0.294686)
(-5.61848e-11 1.75995e-11 0.324023)
(-4.35409e-11 5.13431e-11 0.324026)
(-2.10701e-11 9.36793e-11 0.294693)
(3.24115e-11 1.07819e-10 0.236215)
(-5.01634e-12 1.1913e-10 0.265872)
(-2.6418e-11 3.3516e-11 0.324023)
(-5.16941e-11 3.81943e-11 0.353193)
(-4.64694e-11 3.78192e-11 0.353195)
(-2.73938e-11 4.8292e-11 0.32403)
(4.16376e-12 7.31527e-11 0.265883)
(1.10173e-11 9.48805e-11 0.265874)
(-2.35127e-11 5.46992e-11 0.324026)
(-3.5843e-11 2.64203e-11 0.353195)
(-3.95683e-11 2.4634e-11 0.353197)
(-1.92175e-11 2.56497e-11 0.324033)
(-3.18081e-11 6.64754e-11 0.265885)
(2.33405e-10 2.19664e-10 0.236211)
(3.30444e-11 1.53684e-10 0.294693)
(-4.04445e-12 5.8211e-11 0.32403)
(-7.15844e-12 2.60906e-11 0.324033)
(2.20918e-11 -2.56627e-11 0.294701)
(-1.57509e-11 -1.65258e-11 0.236223)
(-4.26188e-11 -1.74453e-10 0.176729)
(-9.16032e-11 5.37197e-11 0.236215)
(-7.67785e-11 1.96542e-11 0.265883)
(-6.08583e-11 2.69735e-11 0.265885)
(-2.5163e-11 -4.09803e-11 0.236223)
(-7.25908e-11 2.67351e-11 0.176742)
(-8.13131e-11 4.80691e-11 0.176716)
(-2.28554e-11 -2.95497e-11 0.236203)
(-8.23426e-11 1.59649e-11 0.265872)
(-1.11323e-10 3.34211e-11 0.265874)
(-1.29297e-10 5.55976e-11 0.236211)
(-1.36124e-10 -5.87399e-11 0.176729)
(3.46806e-11 8.51158e-11 0.236203)
(3.88278e-11 1.73626e-12 0.294686)
(-7.40238e-12 2.27555e-11 0.324023)
(-1.80719e-11 4.08125e-11 0.324026)
(-1.59314e-11 6.60297e-11 0.294693)
(-1.5436e-11 3.98762e-11 0.236215)
(7.10442e-11 9.20147e-11 0.265872)
(4.29006e-11 3.93423e-11 0.324023)
(2.18827e-12 3.72298e-11 0.353193)
(-1.30526e-11 2.98752e-11 0.353195)
(-4.27147e-12 2.29722e-11 0.32403)
(7.76393e-12 1.58616e-11 0.265883)
(9.27771e-11 5.72916e-11 0.265874)
(6.18914e-11 4.00698e-11 0.324026)
(1.64847e-11 2.5094e-11 0.353195)
(-1.42151e-11 1.01061e-11 0.353197)
(-4.53983e-12 -5.79662e-12 0.324033)
(1.54298e-11 1.19117e-11 0.265885)
(-7.92234e-12 3.94716e-11 0.236211)
(7.48252e-11 8.07972e-11 0.294693)
(2.98266e-11 3.97126e-11 0.32403)
(-1.20519e-11 -6.63647e-12 0.324033)
(-1.37909e-14 -4.9292e-11 0.294701)
(2.51773e-11 -3.9024e-11 0.236223)
(-4.05058e-11 1.28767e-10 0.176729)
(2.6926e-11 8.37312e-11 0.236215)
(-4.95233e-11 2.96873e-11 0.265883)
(-1.02149e-10 3.21236e-12 0.265885)
(-9.34307e-11 -5.23506e-12 0.236223)
(-5.52775e-11 5.88101e-11 0.176742)
(-9.48997e-11 1.42823e-10 0.176716)
(-1.00939e-10 8.7026e-11 0.236203)
(-1.46714e-10 4.37647e-11 0.265872)
(-1.61245e-10 2.20281e-11 0.265874)
(-1.58361e-10 -3.75319e-12 0.236211)
(-9.13008e-11 -7.91562e-11 0.176729)
(-3.501e-12 8.71142e-11 0.236203)
(4.70802e-12 7.30323e-12 0.294686)
(-2.59341e-11 1.64518e-11 0.324023)
(-3.72413e-11 3.73714e-11 0.324026)
(-3.18313e-11 5.03472e-11 0.294693)
(1.88977e-12 1.78136e-11 0.236215)
(7.82617e-11 1.37319e-10 0.265872)
(4.22412e-11 5.32615e-11 0.324023)
(1.66959e-11 4.13028e-11 0.353193)
(-1.93262e-12 3.63824e-11 0.353195)
(1.93752e-12 3.47187e-11 0.32403)
(1.82775e-11 1.72627e-11 0.265883)
(5.76061e-11 8.72609e-11 0.265874)
(2.77499e-11 6.01361e-11 0.324026)
(2.31104e-11 3.54067e-11 0.353195)
(4.23935e-12 2.05544e-11 0.353197)
(8.33189e-12 1.57369e-11 0.324033)
(2.14804e-11 9.0729e-12 0.265885)
(2.38684e-10 1.40564e-10 0.236211)
(1.54403e-11 1.29548e-10 0.294693)
(8.79761e-13 6.81319e-11 0.32403)
(-1.39062e-11 1.51514e-11 0.324033)
(-2.93609e-11 -1.02515e-11 0.294701)
(-2.09359e-11 -1.70974e-11 0.236223)
(-9.58387e-11 -3.07874e-10 0.176729)
(-2.12995e-10 -3.80775e-11 0.236215)
(-1.84042e-10 1.86443e-11 0.265883)
(-1.5631e-10 1.31617e-11 0.265885)
(-1.57126e-10 2.79182e-11 0.236223)
(-4.22928e-11 2.46225e-11 0.176742)
(-7.41312e-11 7.82676e-11 0.176716)
(-3.75425e-11 5.20647e-11 0.236203)
(-9.06027e-11 5.90927e-11 0.265872)
(-1.4879e-10 3.63191e-11 0.265874)
(-1.66434e-10 3.12892e-11 0.236211)
(-1.57615e-10 -9.89774e-11 0.176729)
(2.08737e-12 1.50438e-10 0.236203)
(1.7666e-11 6.75667e-11 0.294686)
(-6.25675e-12 4.94465e-11 0.324023)
(-3.21123e-11 4.06678e-11 0.324026)
(-3.37592e-11 4.279e-11 0.294693)
(-3.9123e-11 -1.30153e-11 0.236215)
(8.76106e-11 1.05904e-10 0.265872)
(6.23873e-11 6.88525e-11 0.324023)
(3.64065e-11 5.70782e-11 0.353193)
(4.6416e-12 3.86872e-11 0.353195)
(-1.32431e-12 2.29107e-11 0.32403)
(-4.82943e-13 -2.9861e-11 0.265883)
(9.67497e-11 1.78644e-12 0.265874)
(7.15413e-11 2.91479e-11 0.324026)
(4.10041e-11 3.71216e-11 0.353195)
(5.27759e-12 2.27259e-11 0.353197)
(-4.48183e-12 1.72006e-11 0.324033)
(5.3477e-12 -1.57629e-11 0.265885)
(5.71062e-12 -5.48242e-11 0.236211)
(5.82746e-11 4.03384e-11 0.294693)
(2.25055e-11 4.67034e-11 0.32403)
(-2.45107e-11 1.58762e-11 0.324033)
(-5.06564e-11 -5.2988e-12 0.294701)
(-2.08528e-11 -4.00958e-11 0.236223)
(-7.93496e-11 1.00678e-11 0.176729)
(-3.80191e-11 2.52811e-11 0.236215)
(-1.15924e-10 3.0046e-11 0.265883)
(-1.64484e-10 3.13752e-11 0.265885)
(-1.84339e-10 6.19822e-11 0.236223)
(-6.48903e-11 8.65879e-11 0.176742)
(-1.95981e-10 1.83723e-10 0.176716)
(-1.20531e-10 8.61142e-11 0.236203)
(-2.14562e-10 6.73395e-11 0.265872)
(-2.19619e-10 -9.2345e-12 0.265874)
(-2.06406e-10 -3.16362e-11 0.236211)
(-1.53663e-10 -1.63603e-10 0.176729)
(-3.67207e-11 9.11778e-11 0.236203)
(7.79732e-12 -9.22367e-12 0.294686)
(-3.56252e-11 1.74206e-11 0.324023)
(-3.94095e-11 2.09962e-11 0.324026)
(-2.30848e-11 2.91683e-11 0.294693)
(2.49701e-12 -3.11165e-11 0.236215)
(5.5111e-11 1.14792e-10 0.265872)
(4.55976e-11 4.25945e-11 0.324023)
(3.25312e-11 4.52827e-11 0.353193)
(1.43659e-11 2.75596e-11 0.353195)
(2.37697e-11 4.96586e-12 0.32403)
(3.32753e-11 -4.29671e-11 0.265883)
(4.29433e-11 -4.09383e-11 0.265874)
(3.96361e-11 1.1202e-11 0.324026)
(4.02869e-11 2.22464e-11 0.353195)
(1.34751e-11 2.03225e-11 0.353197)
(2.90558e-11 9.13529e-12 0.324033)
(2.07822e-11 7.74794e-12 0.265885)
(1.70244e-10 -1.48609e-11 0.236211)
(2.31505e-11 7.61188e-11 0.294693)
(1.22526e-12 5.07571e-11 0.32403)
(-2.62061e-11 3.45612e-11 0.324033)
(-1.17607e-11 -9.4774e-12 0.294701)
(-3.04679e-11 -2.04547e-11 0.236223)
(-2.16645e-10 -3.72993e-10 0.176729)
(-2.13903e-10 -3.58529e-11 0.236215)
(-2.10268e-10 2.73643e-12 0.265883)
(-2.15127e-10 5.66474e-11 0.265885)
(-1.97579e-10 3.34552e-11 0.236223)
(-1.61757e-10 1.03711e-10 0.176742)
(9.7671e-11 -1.09737e-10 0.176716)
(4.54961e-11 2.07835e-11 0.236203)
(7.63303e-11 -3.05856e-12 0.265872)
(5.67791e-12 4.25672e-11 0.265874)
(-5.36972e-11 -9.06634e-12 0.236211)
(-8.00697e-11 -1.23986e-10 0.176729)
(4.17601e-11 1.7415e-11 0.236203)
(6.04904e-11 6.27355e-11 0.294686)
(1.00328e-10 2.53854e-11 0.324023)
(7.47498e-11 -1.69304e-12 0.324026)
(3.95729e-11 -5.35825e-11 0.294693)
(-1.74919e-11 -1.77787e-10 0.236215)
(1.73484e-10 -8.13574e-11 0.265872)
(1.63207e-10 1.81439e-11 0.324023)
(1.52032e-10 2.47429e-11 0.353193)
(1.18057e-10 1.34745e-12 0.353195)
(8.06225e-11 -3.93334e-11 0.32403)
(5.97327e-11 -1.86404e-10 0.265883)
(1.17073e-10 -2.04037e-10 0.265874)
(1.75085e-10 -4.61747e-11 0.324026)
(1.48792e-10 -6.84347e-12 0.353195)
(1.16746e-10 -5.6885e-12 0.353197)
(4.46531e-11 -2.98893e-11 0.324033)
(9.38051e-11 -2.36322e-10 0.265885)
(6.03793e-11 -2.49877e-10 0.236211)
(1.84946e-10 -4.69707e-11 0.294693)
(1.25835e-10 -7.92762e-12 0.32403)
(8.29476e-11 -1.77096e-11 0.324033)
(-8.17502e-11 -1.28302e-11 0.294701)
(1.05805e-10 -2.4592e-10 0.236223)
(-2.43252e-10 -2.77586e-10 0.176729)
(3.32621e-11 2.73715e-11 0.236215)
(-2.90612e-11 6.80539e-11 0.265883)
(-1.58954e-11 -1.27011e-11 0.265885)
(-2.47845e-10 1.98202e-10 0.236223)
(2.93204e-10 -3.81644e-11 0.176742)
(-3.36447e-11 4.93564e-11 0.176716)
(7.48906e-11 9.63964e-11 0.236203)
(3.37786e-11 1.05693e-10 0.265872)
(4.33757e-12 5.48885e-11 0.265874)
(-5.12059e-11 -1.84408e-11 0.236211)
(-8.54499e-12 -5.86139e-11 0.176729)
(4.64209e-12 5.9313e-11 0.236203)
(6.84391e-11 9.40264e-11 0.294686)
(4.53262e-11 9.41432e-11 0.324023)
(2.41771e-11 6.60154e-11 0.324026)
(-8.17846e-12 9.29864e-12 0.294693)
(-1.59442e-11 -5.67824e-11 0.236215)
(1.06562e-10 2.82912e-11 0.265872)
(1.28065e-10 7.31413e-11 0.324023)
(1.12273e-10 8.93586e-11 0.353193)
(8.61026e-11 8.13564e-11 0.353195)
(4.54309e-11 5.73325e-11 0.32403)
(3.34187e-11 -1.46046e-11 0.265883)
(1.10122e-10 -6.79333e-11 0.265874)
(1.12132e-10 4.89768e-11 0.324026)
(1.00437e-10 8.53963e-11 0.353195)
(8.90254e-11 8.89439e-11 0.353197)
(3.48173e-11 9.66495e-11 0.324033)
(-5.31257e-12 3.09829e-11 0.265885)
(2.48755e-10 -6.47328e-11 0.236211)
(9.13682e-11 5.93379e-11 0.294693)
(5.71397e-11 1.01648e-10 0.32403)
(7.05272e-11 1.26482e-10 0.324033)
(1.8421e-12 1.31222e-10 0.294701)
(-5.91836e-11 9.34323e-11 0.236223)
(-1.22368e-10 -3.67545e-10 0.176729)
(-1.66357e-10 -4.08935e-11 0.236215)
(-9.45424e-11 8.0415e-11 0.265883)
(-1.53208e-11 1.22224e-10 0.265885)
(-6.26164e-11 5.83035e-11 0.236223)
(-1.22348e-10 1.13893e-10 0.176742)
(2.19265e-10 -3.7805e-12 0.176716)
(1.70516e-10 1.37675e-10 0.236203)
(9.89083e-11 1.31743e-10 0.265872)
(3.01408e-11 1.27814e-10 0.265874)
(-7.10174e-11 7.72588e-11 0.236211)
(-9.09085e-12 7.0172e-11 0.176729)
(1.32073e-10 9.82445e-11 0.236203)
(1.15954e-10 1.31231e-10 0.294686)
(8.60437e-11 1.43968e-10 0.324023)
(4.22595e-11 1.28906e-10 0.324026)
(-4.18954e-11 8.75867e-11 0.294693)
(-4.4558e-11 1.16165e-10 0.236215)
(1.5385e-10 6.5232e-11 0.265872)
(1.46303e-10 1.04332e-10 0.324023)
(1.30388e-10 1.51662e-10 0.353193)
(7.68796e-11 1.43908e-10 0.353195)
(8.05277e-12 1.15589e-10 0.32403)
(-1.57932e-11 1.40707e-10 0.265883)
(1.84376e-10 1.86741e-11 0.265874)
(1.43037e-10 5.41969e-11 0.324026)
(1.3287e-10 1.29937e-10 0.353195)
(6.69968e-11 1.36218e-10 0.353197)
(1.09992e-11 1.24254e-10 0.324033)
(-3.28844e-11 1.34713e-10 0.265885)
(1.05969e-10 -7.0497e-11 0.236211)
(6.58272e-11 1.63596e-11 0.294693)
(9.91742e-11 1.30614e-10 0.32403)
(3.16267e-11 1.40429e-10 0.324033)
(-1.61839e-12 1.34631e-10 0.294701)
(-1.31075e-11 9.90658e-11 0.236223)
(1.00211e-10 4.305e-12 0.176729)
(-4.28678e-11 -2.89747e-11 0.236215)
(8.38587e-12 1.11569e-10 0.265883)
(-5.77147e-11 1.12074e-10 0.265885)
(-3.79059e-11 1.61412e-10 0.236223)
(7.15819e-11 9.97163e-11 0.176742)
(7.55505e-11 2.09535e-11 0.176716)
(1.75451e-10 5.61348e-11 0.236203)
(8.41321e-11 1.03915e-10 0.265872)
(3.14967e-11 9.06611e-11 0.265874)
(-3.96635e-11 6.72364e-11 0.236211)
(7.54489e-11 1.31325e-10 0.176729)
(8.57876e-11 1.10135e-10 0.236203)
(1.23258e-10 9.0314e-11 0.294686)
(7.86137e-11 1.25607e-10 0.324023)
(3.08606e-11 1.27317e-10 0.324026)
(-2.6678e-11 1.20463e-10 0.294693)
(-2.47859e-12 2.50257e-10 0.236215)
(1.06375e-10 1.32613e-10 0.265872)
(1.07378e-10 9.69187e-11 0.324023)
(1.05683e-10 1.48783e-10 0.353193)
(5.17915e-11 1.60221e-10 0.353195)
(2.93662e-11 1.49769e-10 0.32403)
(2.80012e-11 2.80838e-10 0.265883)
(1.21291e-10 1.13627e-10 0.265874)
(6.82054e-11 5.70985e-11 0.324026)
(1.12527e-10 1.26575e-10 0.353195)
(3.95832e-11 1.62033e-10 0.353197)
(4.81796e-11 1.73324e-10 0.324033)
(-3.46361e-11 3.51179e-10 0.265885)
(1.78094e-10 5.07438e-11 0.236211)
(-4.49162e-11 1.8925e-11 0.294693)
(8.80106e-11 1.15585e-10 0.32403)
(3.33427e-11 1.76706e-10 0.324033)
(1.29007e-10 1.42341e-10 0.294701)
(-1.61337e-12 3.0055e-10 0.236223)
(5.52091e-11 -1.2984e-10 0.176729)
(-2.11042e-10 -5.46522e-11 0.236215)
(3.89323e-11 7.60243e-11 0.265883)
(-6.13648e-11 1.20986e-10 0.265885)
(7.9885e-11 -3.43979e-11 0.236223)
(-3.04044e-10 3.45806e-10 0.176742)
(1.29606e-10 -3.54808e-11 0.176716)
(1.65295e-10 2.86984e-12 0.236203)
(8.28768e-11 3.73016e-11 0.265872)
(1.55981e-11 3.46993e-11 0.265874)
(-2.27409e-11 5.28092e-11 0.236211)
(1.41012e-11 8.19282e-11 0.176729)
(1.20578e-10 2.95686e-12 0.236203)
(1.29282e-10 -8.14409e-12 0.294686)
(8.70352e-11 3.71868e-11 0.324023)
(3.55765e-11 6.00517e-11 0.324026)
(7.83532e-12 9.11193e-11 0.294693)
(9.82836e-12 2.06002e-10 0.236215)
(1.08644e-10 -2.68837e-12 0.265872)
(9.61784e-11 -6.37138e-12 0.324023)
(9.55091e-11 4.90544e-11 0.353193)
(4.45261e-11 6.85942e-11 0.353195)
(3.50164e-11 7.32241e-11 0.32403)
(1.43305e-11 1.81558e-10 0.265883)
(6.6357e-11 -7.92314e-11 0.265874)
(4.66982e-11 -6.18631e-11 0.324026)
(8.67357e-11 1.23969e-11 0.353195)
(2.40856e-11 4.12616e-11 0.353197)
(5.32691e-11 4.12278e-11 0.324033)
(3.33648e-11 1.64521e-10 0.265885)
(-1.35856e-12 -1.58066e-10 0.236211)
(-4.50054e-11 -1.00178e-10 0.294693)
(4.12438e-11 -1.79852e-11 0.32403)
(-2.22483e-11 7.06761e-12 0.324033)
(6.88679e-11 -2.30634e-11 0.294701)
(7.05586e-11 4.8256e-11 0.236223)
(-8.9753e-11 -1.80633e-10 0.176729)
(-1.84782e-10 -1.46191e-10 0.236215)
(-8.41646e-11 -6.27025e-11 0.265883)
(-1.77544e-10 -3.37469e-11 0.265885)
(-8.42255e-11 -3.38926e-11 0.236223)
(-6.54752e-11 7.58413e-11 0.176742)
(1.97586e-11 -8.22156e-11 0.176716)
(1.34174e-10 -8.4914e-11 0.236203)
(9.12072e-11 -3.9692e-11 0.265872)
(5.85995e-11 -2.14595e-11 0.265874)
(4.23227e-11 7.08716e-12 0.236211)
(1.12158e-10 3.7606e-11 0.176729)
(6.38436e-11 -6.23093e-11 0.236203)
(1.20109e-10 -8.10707e-11 0.294686)
(9.61334e-11 -4.02376e-11 0.324023)
(6.29923e-11 -1.20266e-11 0.324026)
(5.1023e-11 2.87523e-11 0.294693)
(7.82238e-11 1.07443e-10 0.236215)
(7.48844e-11 -6.51685e-11 0.265872)
(8.00708e-11 -7.56974e-11 0.324023)
(8.70121e-11 -3.27696e-11 0.353193)
(5.94755e-11 -7.73271e-12 0.353195)
(6.72023e-11 2.16012e-11 0.32403)
(8.39246e-11 8.86282e-11 0.265883)
(1.30654e-11 -1.37017e-10 0.265874)
(-2.94057e-12 -1.26772e-10 0.324026)
(5.08323e-11 -7.26217e-11 0.353195)
(4.04176e-11 -3.99968e-11 0.353197)
(6.9557e-11 -7.58138e-12 0.324033)
(8.96416e-11 5.05687e-11 0.265885)
(9.62354e-12 -1.67675e-10 0.236211)
(-1.10206e-10 -1.53801e-10 0.294693)
(-2.33312e-11 -9.47997e-11 0.32403)
(-1.57183e-11 -8.09982e-11 0.324033)
(2.63075e-11 -7.20535e-11 0.294701)
(7.78381e-11 -1.04381e-11 0.236223)
(-1.48761e-10 -2.53683e-10 0.176729)
(-2.91424e-10 -2.10837e-10 0.236215)
(-2.06031e-10 -1.02004e-10 0.265883)
(-2.15747e-10 -8.72045e-11 0.265885)
(-1.84158e-10 -3.46608e-11 0.236223)
(-8.14683e-11 1.39969e-10 0.176742)
(1.00614e-10 5.50768e-12 0.176716)
(1.33599e-10 4.42364e-12 0.236203)
(9.28028e-11 1.20915e-11 0.265872)
(4.70746e-11 3.19248e-11 0.265874)
(1.71506e-11 7.60154e-11 0.236211)
(2.71537e-12 6.69376e-11 0.176729)
(1.37582e-10 -4.15417e-11 0.236203)
(1.37867e-10 -7.33855e-11 0.294686)
(1.0541e-10 -4.05693e-11 0.324023)
(6.26768e-11 -4.31068e-12 0.324026)
(3.57233e-11 4.78142e-11 0.294693)
(7.57312e-12 1.03332e-10 0.236215)
(1.36658e-10 -1.05846e-10 0.265872)
(1.10174e-10 -1.1889e-10 0.324023)
(9.6856e-11 -7.13069e-11 0.353193)
(5.47618e-11 -4.34774e-11 0.353195)
(3.69232e-11 -3.12197e-12 0.32403)
(7.699e-12 4.98463e-11 0.265883)
(6.43056e-11 -2.00617e-10 0.265874)
(2.96418e-11 -2.04595e-10 0.324026)
(4.80103e-11 -1.47237e-10 0.353195)
(2.12294e-11 -1.12492e-10 0.353197)
(2.40734e-11 -5.92905e-11 0.324033)
(6.46613e-12 7.26148e-12 0.265885)
(3.35702e-11 -2.37181e-10 0.236211)
(-6.77926e-11 -2.49375e-10 0.294693)
(-3.21839e-11 -1.95185e-10 0.32403)
(-5.18728e-11 -1.68234e-10 0.324033)
(-5.15048e-11 -1.1443e-10 0.294701)
(-6.47945e-11 -2.35533e-11 0.236223)
(-3.06152e-11 -2.39771e-10 0.176729)
(-1.95145e-10 -2.87269e-10 0.236215)
(-1.97067e-10 -2.14651e-10 0.265883)
(-2.44528e-10 -1.87013e-10 0.265885)
(-2.71023e-10 -8.71149e-11 0.236223)
(-2.11482e-10 8.67415e-11 0.176742)
(-4.54619e-11 -9.28387e-11 0.176716)
(5.71715e-11 -9.25528e-11 0.236203)
(7.04976e-11 -7.56191e-11 0.265872)
(8.63324e-11 -5.0746e-11 0.265874)
(8.82102e-11 -3.14753e-11 0.236211)
(1.45699e-10 -2.56227e-11 0.176729)
(-2.53483e-11 -5.57175e-11 0.236203)
(4.8471e-11 -1.1735e-10 0.294686)
(7.74008e-11 -9.69555e-11 0.324023)
(9.532e-11 -6.26889e-11 0.324026)
(1.11169e-10 -1.98853e-11 0.294693)
(1.3559e-10 4.78677e-11 0.236215)
(2.53281e-11 -8.77457e-11 0.265872)
(3.84463e-11 -1.32161e-10 0.324023)
(7.05224e-11 -9.77199e-11 0.353193)
(7.91999e-11 -6.55877e-11 0.353195)
(9.89348e-11 -1.98043e-11 0.32403)
(1.09292e-10 4.41463e-11 0.265883)
(-3.42936e-11 -1.22145e-10 0.265874)
(-3.87857e-11 -1.6224e-10 0.324026)
(1.44838e-11 -1.27957e-10 0.353195)
(3.18691e-11 -8.82664e-11 0.353197)
(6.04789e-11 -1.65048e-11 0.324033)
(8.38454e-11 5.76871e-11 0.265885)
(-1.04549e-11 -9.01618e-11 0.236211)
(-1.20016e-10 -1.4116e-10 0.294693)
(-7.1985e-11 -1.23054e-10 0.32403)
(-5.1075e-11 -8.48563e-11 0.324033)
(-3.96826e-11 1.02559e-11 0.294701)
(6.71315e-12 1.04545e-10 0.236223)
(-1.15002e-10 -1.10348e-10 0.176729)
(-2.22589e-10 -1.29262e-10 0.236215)
(-2.16964e-10 -9.84018e-11 0.265883)
(-2.16435e-10 -5.77567e-11 0.265885)
(-2.40275e-10 1.00922e-10 0.236223)
(-8.21483e-11 2.3715e-10 0.176742)
(7.32539e-11 4.44549e-11 0.176716)
(1.27248e-10 4.07916e-11 0.236203)
(1.01492e-10 2.73873e-11 0.265872)
(3.59201e-11 3.98599e-11 0.265874)
(-4.95508e-12 7.67968e-11 0.236211)
(1.1462e-12 7.71495e-11 0.176729)
(6.71425e-11 6.01603e-11 0.236203)
(1.11169e-10 -6.45931e-12 0.294686)
(9.84621e-11 -7.44855e-12 0.324023)
(5.88067e-11 2.35575e-11 0.324026)
(2.74345e-11 8.29186e-11 0.294693)
(2.50411e-11 1.51964e-10 0.236215)
(1.06644e-10 1.94919e-13 0.265872)
(9.89344e-11 -7.36671e-11 0.324023)
(8.96868e-11 -5.27393e-11 0.353193)
(4.70362e-11 -1.71223e-11 0.353195)
(1.96199e-11 4.37813e-11 0.32403)
(1.11689e-11 1.24331e-10 0.265883)
(6.31321e-11 -1.01841e-10 0.265874)
(3.73512e-11 -1.6321e-10 0.324026)
(3.98397e-11 -1.27376e-10 0.353195)
(-7.99992e-12 -7.84159e-11 0.353197)
(-3.50378e-11 1.39987e-12 0.324033)
(-3.68721e-11 8.56659e-11 0.265885)
(1.65984e-10 -8.53381e-11 0.236211)
(-5.24665e-12 -1.60208e-10 0.294693)
(-2.06742e-11 -1.41048e-10 0.32403)
(-9.44963e-11 -9.78071e-11 0.324033)
(-1.50523e-10 -6.94095e-12 0.294701)
(-1.46662e-10 8.74651e-11 0.236223)
(6.45024e-11 -2.00206e-10 0.176729)
(-1.08157e-10 -1.62799e-10 0.236215)
(-1.40829e-10 -1.1898e-10 0.265883)
(-2.53953e-10 -7.54397e-11 0.265885)
(-3.2166e-10 5.13058e-11 0.236223)
(-2.21837e-10 1.48009e-10 0.176742)
(-3.82422e-11 -1.11505e-10 0.176716)
(-3.07769e-11 -1.03367e-10 0.236203)
(3.75473e-11 -1.42813e-10 0.265872)
(1.47857e-10 -1.22408e-10 0.265874)
(1.98641e-10 -6.68253e-11 0.236211)
(1.91619e-10 -1.95822e-11 0.176729)
(-1.0585e-10 -9.45534e-11 0.236203)
(-6.51766e-11 -1.49578e-10 0.294686)
(3.17476e-11 -1.51327e-10 0.324023)
(1.3083e-10 -1.24554e-10 0.324026)
(1.99408e-10 -7.78261e-11 0.294693)
(1.92635e-10 -2.40708e-12 0.236215)
(-8.45809e-11 -4.41883e-11 0.265872)
(-6.79076e-11 -1.00669e-10 0.324023)
(2.636e-11 -8.40213e-11 0.353193)
(1.04377e-10 -5.0537e-11 0.353195)
(1.76928e-10 6.38902e-12 0.32403)
(1.92906e-10 7.72519e-11 0.265883)
(-1.03569e-10 2.74389e-11 0.265874)
(-1.13074e-10 -4.41995e-11 0.324026)
(-2.10451e-11 -2.50504e-11 0.353195)
(4.47332e-11 2.28241e-11 0.353197)
(1.1127e-10 1.12711e-10 0.324033)
(1.35085e-10 1.94888e-10 0.265885)
(-1.46176e-12 1.2438e-10 0.236211)
(-1.4033e-10 6.965e-11 0.294693)
(-7.52385e-11 7.76981e-11 0.32403)
(-2.6107e-11 1.21233e-10 0.324033)
(8.16562e-12 2.18902e-10 0.294701)
(2.895e-11 2.75516e-10 0.236223)
(-9.36111e-11 1.36121e-12 0.176729)
(-2.23567e-10 5.49463e-11 0.236215)
(-1.87286e-10 1.16787e-10 0.265883)
(-1.31059e-10 1.51987e-10 0.265885)
(-1.08233e-10 2.48816e-10 0.236223)
(1.4834e-11 2.5426e-10 0.176742)
(8.43894e-10 8.15208e-10 0.176716)
(1.11747e-09 9.44346e-10 0.236203)
(5.00167e-10 1.02804e-09 0.265872)
(-3.34522e-10 1.04652e-09 0.265874)
(-9.74153e-10 1.04177e-09 0.236211)
(-8.00042e-10 9.01703e-10 0.176729)
(9.73503e-10 1.05249e-09 0.236203)
(9.40611e-10 8.57802e-10 0.294686)
(4.13236e-10 7.81037e-10 0.324023)
(-2.31727e-10 8.17557e-10 0.324026)
(-7.74636e-10 9.79944e-10 0.294693)
(-8.62262e-10 1.21138e-09 0.236215)
(1.07913e-09 4.71981e-10 0.265872)
(8.44049e-10 3.1629e-10 0.324023)
(3.69419e-10 2.93695e-10 0.353193)
(-1.96117e-10 3.34494e-10 0.353195)
(-6.93776e-10 4.51557e-10 0.32403)
(-9.36871e-10 6.20915e-10 0.265883)
(1.07221e-09 -3.73196e-10 0.265874)
(8.08097e-10 -3.5494e-10 0.324026)
(3.35911e-10 -2.75411e-10 0.353195)
(-2.54335e-10 -2.26481e-10 0.353197)
(-7.60403e-10 -1.93698e-10 0.324033)
(-1.01746e-09 -2.04324e-10 0.265885)
(1.1881e-09 -9.34881e-10 0.236211)
(8.7642e-10 -8.36666e-10 0.294693)
(3.50197e-10 -7.27717e-10 0.32403)
(-3.66211e-10 -6.94431e-10 0.324033)
(-9.38061e-10 -7.37273e-10 0.294701)
(-1.02484e-09 -8.67838e-10 0.236223)
(8.96971e-10 -1.01084e-09 0.176729)
(8.88159e-10 -9.57913e-10 0.236215)
(3.24395e-10 -9.49346e-10 0.265883)
(-5.94374e-10 -9.36141e-10 0.265885)
(-1.24822e-09 -8.29235e-10 0.236223)
(-1.01104e-09 -6.40795e-10 0.176742)
(-7.63625e-09 -8.00433e-09 0.176716)
(-8.96261e-09 -6.61647e-09 0.236203)
(-3.50614e-09 -6.4647e-09 0.265872)
(3.81033e-09 -6.46746e-09 0.265874)
(9.3423e-09 -6.70637e-09 0.236211)
(8.1535e-09 -8.07619e-09 0.176729)
(-6.5127e-09 -9.22977e-09 0.236203)
(-6.66107e-09 -6.84961e-09 0.294686)
(-2.56915e-09 -5.88713e-09 0.324023)
(2.82852e-09 -5.84344e-09 0.324026)
(6.87641e-09 -6.74885e-09 0.294693)
(6.75306e-09 -9.14957e-09 0.236215)
(-6.31394e-09 -3.78533e-09 0.265872)
(-5.71934e-09 -2.8124e-09 0.324023)
(-2.1455e-09 -2.33094e-09 0.353193)
(2.3711e-09 -2.2942e-09 0.353195)
(5.91732e-09 -2.66324e-09 0.32403)
(6.53136e-09 -3.53003e-09 0.265883)
(-6.35843e-09 3.51786e-09 0.265874)
(-5.74523e-09 2.53153e-09 0.324026)
(-2.16691e-09 2.1828e-09 0.353195)
(2.33501e-09 2.25534e-09 0.353197)
(5.91563e-09 2.82119e-09 0.324033)
(6.49e-09 3.97941e-09 0.265885)
(-6.57083e-09 9.07412e-09 0.236211)
(-6.70746e-09 6.62988e-09 0.294693)
(-2.58103e-09 5.7841e-09 0.32403)
(2.79334e-09 5.86336e-09 0.324033)
(6.91117e-09 6.95729e-09 0.294701)
(6.74518e-09 9.57379e-09 0.236223)
(-7.94241e-09 7.97074e-09 0.176729)
(-9.21424e-09 6.55865e-09 0.236215)
(-3.55512e-09 6.45502e-09 0.265883)
(3.81106e-09 6.48546e-09 0.265885)
(9.45461e-09 6.85289e-09 0.236223)
(8.30852e-09 8.34274e-09 0.176742)
(-9.79234e-09 -9.72403e-09 0.176716)
(-1.08762e-08 -7.82354e-09 0.236203)
(-4.13412e-09 -6.858e-09 0.265872)
(4.79989e-09 -6.9091e-09 0.265874)
(1.16844e-08 -7.6223e-09 0.236211)
(9.90798e-09 -9.63335e-09 0.176729)
(-7.43166e-09 -1.12336e-08 0.236203)
(-7.56313e-09 -7.83747e-09 0.294686)
(-2.93725e-09 -6.35145e-09 0.324023)
(3.16018e-09 -6.38281e-09 0.324026)
(7.89329e-09 -7.8353e-09 0.294693)
(7.3228e-09 -1.1318e-08 0.236215)
(-6.70835e-09 -4.784e-09 0.265872)
(-6.1297e-09 -3.30007e-09 0.324023)
(-2.40181e-09 -2.68393e-09 0.353193)
(2.45855e-09 -2.6412e-09 0.353195)
(6.24951e-09 -3.20897e-09 0.32403)
(6.41038e-09 -4.57854e-09 0.265883)
(-6.7346e-09 4.09138e-09 0.265874)
(-6.11344e-09 2.82689e-09 0.324026)
(-2.43745e-09 2.20369e-09 0.353195)
(2.43955e-09 2.2686e-09 0.353197)
(6.24573e-09 2.97795e-09 0.324033)
(6.5754e-09 4.64708e-09 0.265885)
(-8.18683e-09 1.0704e-08 0.236211)
(-7.58416e-09 7.39566e-09 0.294693)
(-3.06944e-09 5.93248e-09 0.32403)
(3.0894e-09 6.12015e-09 0.324033)
(7.88525e-09 7.79569e-09 0.294701)
(7.38009e-09 1.18134e-08 0.236223)
(-1.00711e-08 1.01212e-08 0.176729)
(-1.06802e-08 7.47223e-09 0.236215)
(-4.15024e-09 6.33006e-09 0.265883)
(4.89278e-09 6.56218e-09 0.265885)
(1.18753e-08 7.25076e-09 0.236223)
(9.51146e-09 9.92438e-09 0.176742)
(0.00843587 0.0110909 0.156139)
(0.00809048 0.0108282 0.152323)
(0.00764576 0.010426 0.14687)
(0.00707412 0.00986803 0.138915)
(0.00632762 0.00906771 0.12706)
(0.00531442 0.00784501 0.108977)
(0.00382603 0.00579379 0.0806265)
(0.00142034 0.00216833 0.0345261)
(0.00693901 0.0132159 0.18724)
(0.00684573 0.013153 0.183945)
(0.006677 0.0129674 0.17913)
(0.00639478 0.0126231 0.171869)
(0.00593968 0.0120058 0.160519)
(0.00519905 0.0108411 0.142004)
(0.00390463 0.00839109 0.110177)
(0.001489 0.00320536 0.0516057)
(0.00225004 0.0143869 0.197666)
(0.00222831 0.0144331 0.195163)
(0.00218988 0.0143609 0.191272)
(0.0021215 0.0141512 0.185069)
(0.00200018 0.0136757 0.174837)
(0.00178053 0.0126108 0.157188)
(0.00135173 0.00999659 0.12488)
(0.000492573 0.00387051 0.0609494)
(-0.00224994 0.0143869 0.197666)
(-0.00222821 0.0144331 0.195163)
(-0.00218978 0.0143609 0.191272)
(-0.00212141 0.0141512 0.185069)
(-0.0020001 0.0136757 0.174837)
(-0.00178047 0.0126108 0.157188)
(-0.00135168 0.0099966 0.12488)
(-0.000492552 0.00387051 0.0609494)
(-0.00693891 0.0132159 0.18724)
(-0.00684563 0.013153 0.183945)
(-0.0066769 0.0129675 0.17913)
(-0.00639469 0.0126231 0.171869)
(-0.0059396 0.0120058 0.160519)
(-0.005199 0.0108411 0.142004)
(-0.00390459 0.0083911 0.110177)
(-0.00148899 0.00320537 0.0516057)
(-0.00843578 0.0110909 0.156139)
(-0.00809039 0.0108283 0.152323)
(-0.00764567 0.010426 0.146871)
(-0.00707405 0.00986805 0.138915)
(-0.00632755 0.00906773 0.12706)
(-0.00531438 0.00784503 0.108977)
(-0.00382601 0.0057938 0.0806265)
(-0.00142033 0.00216834 0.0345262)
(0.00163199 0.00173143 0.164363)
(0.00152514 0.00164175 0.158173)
(0.00138027 0.00154954 0.14982)
(0.00118642 0.0014152 0.138399)
(0.000935932 0.00122081 0.122609)
(0.000631302 0.000945804 0.100601)
(0.000295893 0.00057215 0.0698005)
(-1.82269e-06 0.000125048 0.0266419)
(0.0018587 0.00310555 0.216223)
(0.00174809 0.0030503 0.209382)
(0.00159881 0.00299638 0.199969)
(0.00139512 0.00286892 0.186768)
(0.00112019 0.00261557 0.167894)
(0.000763472 0.00216523 0.140429)
(0.000336659 0.00141354 0.0999261)
(-6.57723e-05 0.000322396 0.0397663)
(0.000671998 0.00384997 0.23682)
(0.000632485 0.00385036 0.230669)
(0.000579387 0.00384989 0.221871)
(0.00050677 0.00376041 0.209031)
(0.000407336 0.00350755 0.189899)
(0.000274826 0.00297773 0.160851)
(0.000110161 0.0019837 0.11615)
(-4.79499e-05 0.000422159 0.0470852)
(-0.00067162 0.00384998 0.23682)
(-0.000632098 0.00385037 0.230669)
(-0.000579004 0.0038499 0.221871)
(-0.000506408 0.00376043 0.209031)
(-0.000407012 0.00350757 0.189899)
(-0.000274559 0.00297775 0.160851)
(-0.000109976 0.00198372 0.11615)
(4.80222e-05 0.000422169 0.0470852)
(-0.00185832 0.00310557 0.216224)
(-0.00174771 0.00305033 0.209383)
(-0.00159843 0.00299642 0.199969)
(-0.00139476 0.00286897 0.186768)
(-0.00111988 0.00261563 0.167895)
(-0.000763221 0.0021653 0.140429)
(-0.000336493 0.0014136 0.0999263)
(6.5832e-05 0.000322421 0.0397664)
(-0.00163167 0.0017315 0.164364)
(-0.00152482 0.00164182 0.158174)
(-0.00137996 0.00154963 0.149821)
(-0.00118614 0.00141529 0.1384)
(-0.000935689 0.00122091 0.12261)
(-0.000631117 0.000945893 0.100602)
(-0.000295777 0.00057222 0.0698009)
(1.86014e-06 0.000125076 0.026642)
(0.000930469 0.00107376 0.141377)
(0.000840815 0.000968197 0.134829)
(0.000730867 0.000837147 0.126267)
(0.000599584 0.000680613 0.114979)
(0.000448207 0.000499343 0.100018)
(0.00028368 0.0003019 0.0801531)
(0.000126204 0.000118294 0.0538692)
(9.19792e-06 -4.40516e-06 0.0194236)
(0.00100575 0.0021295 0.199534)
(0.000915267 0.0019624 0.190933)
(0.000799686 0.00173666 0.179585)
(0.000656428 0.00145091 0.164464)
(0.000486399 0.00109876 0.14413)
(0.000299304 0.000689241 0.116606)
(0.000124193 0.000282361 0.0793245)
(3.29206e-06 -1.10878e-05 0.0291917)
(0.000410134 0.00271325 0.225824)
(0.000375271 0.0025326 0.217171)
(0.000330137 0.00227232 0.205468)
(0.000273313 0.00192941 0.189455)
(0.000204805 0.00148818 0.167308)
(0.000128443 0.000951599 0.13647)
(5.65638e-05 0.000394468 0.0935821)
(5.83984e-06 -2.16141e-05 0.0347089)
(-0.000409489 0.00271326 0.225824)
(-0.000374613 0.00253262 0.217171)
(-0.000329486 0.00227234 0.205469)
(-0.000272697 0.00192945 0.189455)
(-0.000204258 0.00148822 0.167308)
(-0.000128001 0.000951639 0.13647)
(-5.62684e-05 0.000394502 0.0935823)
(-5.73748e-06 -2.15998e-05 0.0347089)
(-0.00100511 0.00212958 0.199536)
(-0.000914616 0.00196248 0.190934)
(-0.000799045 0.00173676 0.179587)
(-0.000655827 0.00145102 0.164466)
(-0.000485871 0.00109887 0.144131)
(-0.000298886 0.000689353 0.116607)
(-0.000123921 0.00028245 0.0793253)
(-3.20238e-06 -1.10513e-05 0.0291919)
(-0.000929954 0.0010739 0.141381)
(-0.000840297 0.000968341 0.134833)
(-0.000730366 0.0008373 0.126271)
(-0.000599126 0.000680773 0.114983)
(-0.000447816 0.000499504 0.100021)
(-0.000283382 0.000302048 0.0801553)
(-0.000126018 0.000118406 0.0538707)
(-9.13912e-06 -4.36107e-06 0.0194241)
(0.000162925 9.20865e-05 0.136972)
(0.000148549 7.3027e-05 0.13069)
(0.00013078 5.51986e-05 0.122507)
(0.000109139 3.53452e-05 0.111753)
(8.37454e-05 1.52121e-05 0.0975146)
(5.6024e-05 -1.70517e-06 0.0785636)
(2.91057e-05 -1.06743e-05 0.0532757)
(7.87839e-06 -6.22309e-06 0.0195535)
(0.000293992 0.000413201 0.194253)
(0.000261292 0.000362064 0.185545)
(0.000222115 0.000306298 0.17421)
(0.000176412 0.000239245 0.159336)
(0.000125657 0.00016283 0.139643)
(7.40525e-05 8.4907e-05 0.113328)
(2.94985e-05 2.17009e-05 0.0778174)
(3.51048e-06 -2.35757e-06 0.0293577)
(0.000143846 0.000664065 0.221389)
(0.000127705 0.000596094 0.212168)
(0.00010798 0.000515254 0.199968)
(8.46037e-05 0.000412922 0.183691)
(5.83758e-05 0.000290125 0.161784)
(3.16776e-05 0.000157604 0.132041)
(9.25872e-06 4.40762e-05 0.0912926)
(-1.44437e-06 -2.28345e-06 0.0348274)
(-0.00014314 0.000664087 0.22139)
(-0.000126987 0.00059612 0.212169)
(-0.000107272 0.000515287 0.199969)
(-8.39364e-05 0.00041296 0.183692)
(-5.77869e-05 0.000290167 0.161785)
(-3.12101e-05 0.000157646 0.132042)
(-8.95748e-06 4.41096e-05 0.0912929)
(1.5396e-06 -2.27009e-06 0.0348275)
(-0.000293297 0.000413314 0.194256)
(-0.000260587 0.000362183 0.185548)
(-0.000221423 0.000306423 0.174213)
(-0.000175764 0.000239376 0.159339)
(-0.000125089 0.000162962 0.139646)
(-7.36056e-05 8.50278e-05 0.11333)
(-2.92127e-05 2.17923e-05 0.0778187)
(-3.4194e-06 -2.3217e-06 0.0293581)
(-0.000162409 9.22524e-05 0.136977)
(-0.000148034 7.31985e-05 0.130696)
(-0.000130285 5.53751e-05 0.122513)
(-0.000108684 3.55236e-05 0.111758)
(-8.33566e-05 1.53854e-05 0.0975191)
(-5.57251e-05 -1.55013e-06 0.0785672)
(-2.89186e-05 -1.05594e-05 0.053278)
(-7.8189e-06 -6.1793e-06 0.0195543)
(8.53995e-05 5.9161e-05 0.135856)
(8.02764e-05 5.15245e-05 0.129636)
(7.37263e-05 4.33966e-05 0.121534)
(6.53098e-05 3.37532e-05 0.11088)
(5.45259e-05 2.28464e-05 0.0967647)
(4.09894e-05 1.15268e-05 0.0779596)
(2.48535e-05 1.83882e-06 0.0528473)
(7.17831e-06 -2.66192e-06 0.0193686)
(0.000162651 0.00019831 0.193028)
(0.0001499 0.000178785 0.184339)
(0.000134417 0.000156591 0.173054)
(0.000115819 0.0001298 0.158274)
(9.38324e-05 9.85132e-05 0.138729)
(6.84883e-05 6.40628e-05 0.112612)
(4.04683e-05 3.00249e-05 0.077323)
(1.11588e-05 2.71714e-06 0.0291188)
(7.85976e-05 0.000318608 0.220515)
(7.16299e-05 0.000290873 0.211176)
(6.31034e-05 0.000257526 0.198889)
(5.28921e-05 0.000216243 0.182592)
(4.1065e-05 0.000167048 0.160767)
(2.8035e-05 0.000112056 0.131223)
(1.47641e-05 5.67927e-05 0.0907452)
(2.78487e-06 9.24242e-06 0.0345604)
(-7.78932e-05 0.000318641 0.220516)
(-7.09197e-05 0.000290909 0.211177)
(-6.24083e-05 0.000257566 0.19889)
(-5.22414e-05 0.000216287 0.182593)
(-4.04936e-05 0.000167093 0.160768)
(-2.75835e-05 0.000112098 0.131224)
(-1.44746e-05 5.68252e-05 0.0907456)
(-2.6936e-06 9.25508e-06 0.0345605)
(-0.000161979 0.000198449 0.193032)
(-0.000149224 0.000178926 0.184343)
(-0.000133759 0.000156734 0.173058)
(-0.000115207 0.000129943 0.158277)
(-9.32974e-05 9.86496e-05 0.138733)
(-6.80666e-05 6.41834e-05 0.112614)
(-4.01973e-05 3.01137e-05 0.0773247)
(-1.10711e-05 2.75137e-06 0.0291194)
(-8.49489e-05 5.93244e-05 0.135863)
(-7.9831e-05 5.16904e-05 0.129644)
(-7.33005e-05 4.35641e-05 0.121541)
(-6.49208e-05 3.39193e-05 0.110887)
(-5.41926e-05 2.30046e-05 0.0967706)
(-4.0732e-05 1.1666e-05 0.0779643)
(-2.46909e-05 1.9406e-06 0.0528503)
(-7.12582e-06 -2.62362e-06 0.0193696)
(7.00699e-05 6.2929e-05 0.134471)
(6.44661e-05 5.58232e-05 0.128269)
(5.74434e-05 4.76926e-05 0.120198)
(4.87822e-05 3.80804e-05 0.109599)
(3.83678e-05 2.71256e-05 0.0955766)
(2.64012e-05 1.54863e-05 0.0769286)
(1.38492e-05 5.01956e-06 0.0520822)
(2.72136e-06 -1.12592e-06 0.0190494)
(0.00010612 0.000154896 0.191761)
(9.78853e-05 0.000140387 0.183046)
(8.76493e-05 0.0001228 0.171742)
(7.50632e-05 0.000101447 0.156958)
(5.98453e-05 7.6182e-05 0.137442)
(4.20652e-05 4.7889e-05 0.111417)
(2.28222e-05 2.0149e-05 0.0763572)
(4.7991e-06 -2.26149e-08 0.0286633)
(5.09748e-05 0.000225494 0.219593)
(4.69619e-05 0.000206798 0.210172)
(4.19713e-05 0.000183156 0.197805)
(3.58418e-05 0.000153851 0.181436)
(2.84568e-05 0.000118365 0.159567)
(1.98734e-05 7.74433e-05 0.130041)
(1.06445e-05 3.54991e-05 0.0897239)
(2.09976e-06 2.10203e-06 0.0340377)
(-5.03472e-05 0.000225532 0.219594)
(-4.63369e-05 0.000206838 0.210174)
(-4.13671e-05 0.000183196 0.197806)
(-3.52827e-05 0.000153893 0.181437)
(-2.79717e-05 0.000118406 0.159568)
(-1.94952e-05 7.74797e-05 0.130042)
(-1.04064e-05 3.55257e-05 0.0897245)
(-2.02759e-06 2.11188e-06 0.0340379)
(-0.000105552 0.000155028 0.191766)
(-9.73229e-05 0.000140518 0.183051)
(-8.71083e-05 0.000122928 0.171747)
(-7.45646e-05 0.000101571 0.156963)
(-5.94134e-05 7.62972e-05 0.137446)
(-4.17276e-05 4.79878e-05 0.11142)
(-2.26072e-05 2.02195e-05 0.0763593)
(-4.73073e-06 3.77085e-09 0.028664)
(-6.97308e-05 6.30554e-05 0.13448)
(-6.41355e-05 5.59499e-05 0.128279)
(-5.71306e-05 4.78191e-05 0.120207)
(-4.84987e-05 3.82043e-05 0.109607)
(-3.81263e-05 2.72421e-05 0.0955838)
(-2.62153e-05 1.55876e-05 0.0769343)
(-1.37323e-05 5.09265e-06 0.0520859)
(-2.68397e-06 -1.09885e-06 0.0190506)
(3.82904e-05 3.1617e-05 0.133772)
(3.5256e-05 2.78084e-05 0.127586)
(3.14035e-05 2.36316e-05 0.119541)
(2.66049e-05 1.87076e-05 0.108982)
(2.08204e-05 1.31432e-05 0.0950229)
(1.42187e-05 7.33112e-06 0.0764713)
(7.39457e-06 2.22641e-06 0.0517663)
(1.49541e-06 -5.8866e-07 0.0189326)
(5.99161e-05 8.34955e-05 0.1911)
(5.49586e-05 7.54705e-05 0.182369)
(4.87954e-05 6.60235e-05 0.171055)
(4.12482e-05 5.44676e-05 0.156275)
(3.22444e-05 4.07485e-05 0.13679)
(2.20028e-05 2.54641e-05 0.110844)
(1.13951e-05 1.06626e-05 0.075938)
(2.21509e-06 2.89755e-07 0.0285001)
(2.96001e-05 0.000123526 0.219133)
(2.7169e-05 0.000113183 0.209658)
(2.41433e-05 0.00010034 0.197237)
(2.04308e-05 8.41977e-05 0.180826)
(1.59849e-05 6.44653e-05 0.158942)
(1.08965e-05 4.17061e-05 0.129454)
(5.59195e-06 1.86851e-05 0.0892692)
(1.02365e-06 1.38644e-06 0.0338531)
(-2.91054e-05 0.000123558 0.219135)
(-2.66844e-05 0.000113216 0.209659)
(-2.36826e-05 0.000100373 0.197239)
(-2.00117e-05 8.42295e-05 0.180828)
(-1.56283e-05 6.44951e-05 0.158943)
(-1.06249e-05 4.17316e-05 0.129455)
(-5.42657e-06 1.87029e-05 0.08927)
(-9.7694e-07 1.39273e-06 0.0338534)
(-5.94964e-05 8.35909e-05 0.191105)
(-5.45499e-05 7.55644e-05 0.182375)
(-4.84087e-05 6.61144e-05 0.17106)
(-4.08973e-05 5.45535e-05 0.15628)
(-3.19455e-05 4.08264e-05 0.136795)
(-2.17736e-05 2.55292e-05 0.110848)
(-1.12527e-05 1.0708e-05 0.0759404)
(-2.17198e-06 3.06178e-07 0.0285009)
(-3.8065e-05 3.1694e-05 0.133782)
(-3.50396e-05 2.78851e-05 0.127596)
(-3.12016e-05 2.37078e-05 0.119551)
(-2.64244e-05 1.87817e-05 0.108992)
(-2.06688e-05 1.32125e-05 0.0950312)
(-1.41038e-05 7.39085e-06 0.0764778)
(-7.32372e-06 2.26918e-06 0.0517706)
(-1.47369e-06 -5.73039e-07 0.018934)
(2.46391e-05 2.07049e-05 0.133353)
(2.27533e-05 1.83081e-05 0.127174)
(2.03399e-05 1.56373e-05 0.119142)
(1.7313e-05 1.24721e-05 0.108605)
(1.36373e-05 8.86667e-06 0.094681)
(9.39904e-06 5.05283e-06 0.0761836)
(4.95425e-06 1.63818e-06 0.0515615)
(1.01637e-06 -3.48695e-07 0.0188521)
(3.77287e-05 5.31872e-05 0.190728)
(3.46855e-05 4.83107e-05 0.181984)
(3.08649e-05 4.24946e-05 0.17066)
(2.61531e-05 3.53304e-05 0.155878)
(2.05061e-05 2.6753e-05 0.136406)
(1.40586e-05 1.70734e-05 0.110499)
(7.34291e-06 7.49518e-06 0.0756756)
(1.42197e-06 3.7979e-07 0.0283878)
(1.83731e-05 7.77791e-05 0.21889)
(1.68643e-05 7.15629e-05 0.209377)
(1.49727e-05 6.37356e-05 0.196919)
(1.26428e-05 5.38238e-05 0.180477)
(9.8539e-06 4.16125e-05 0.158576)
(6.67637e-06 2.73859e-05 0.129103)
(3.38915e-06 1.2755e-05 0.088987)
(5.69907e-07 1.17481e-06 0.0337255)
(-1.80201e-05 7.77994e-05 0.218892)
(-1.65251e-05 7.15832e-05 0.209379)
(-1.46569e-05 6.37556e-05 0.196921)
(-1.2362e-05 5.38429e-05 0.180478)
(-9.62141e-06 4.16299e-05 0.158578)
(-6.50553e-06 2.74004e-05 0.129104)
(-3.29039e-06 1.27648e-05 0.0889878)
(-5.45239e-07 1.17812e-06 0.0337257)
(-3.74465e-05 5.32411e-05 0.190735)
(-3.44157e-05 4.83633e-05 0.181991)
(-3.06147e-05 4.2545e-05 0.170666)
(-2.5931e-05 3.53776e-05 0.155884)
(-2.03217e-05 2.67952e-05 0.136411)
(-1.39217e-05 1.7108e-05 0.110504)
(-7.26161e-06 7.51886e-06 0.0756783)
(-1.39973e-06 3.88139e-07 0.0283887)
(-2.4499e-05 2.07413e-05 0.133364)
(-2.26207e-05 1.83444e-05 0.127186)
(-2.02181e-05 1.56738e-05 0.119153)
(-1.72062e-05 1.25078e-05 0.108616)
(-1.35497e-05 8.90028e-06 0.09469)
(-9.3346e-06 5.08199e-06 0.0761907)
(-4.91616e-06 1.65911e-06 0.0515662)
(-1.00573e-06 -3.41082e-07 0.0188536)
(1.60072e-05 1.35455e-05 0.133071)
(1.47761e-05 1.19745e-05 0.126896)
(1.31994e-05 1.02129e-05 0.118872)
(1.12231e-05 8.12747e-06 0.108349)
(8.82639e-06 5.75563e-06 0.094447)
(6.06859e-06 3.253e-06 0.0759858)
(3.1864e-06 1.02622e-06 0.0514199)
(6.48193e-07 -2.46162e-07 0.0187961)
(2.40534e-05 3.43611e-05 0.190482)
(2.21528e-05 3.11986e-05 0.181728)
(1.97473e-05 2.74118e-05 0.170395)
(1.67607e-05 2.27528e-05 0.15561)
(1.31618e-05 1.7176e-05 0.136145)
(9.03428e-06 1.0887e-05 0.110263)
(4.72235e-06 4.69357e-06 0.0754938)
(9.16863e-07 1.65642e-07 0.0283092)
(1.15731e-05 4.99024e-05 0.218728)
(1.06398e-05 4.59087e-05 0.20919)
(9.45991e-06 4.08699e-05 0.196706)
(7.99669e-06 3.44953e-05 0.180241)
(6.23667e-06 2.66308e-05 0.158328)
(4.2254e-06 1.74531e-05 0.128862)
(2.14341e-06 8.02789e-06 0.0887906)
(3.5961e-07 6.44663e-07 0.0336355)
(-1.13429e-05 4.99113e-05 0.21873)
(-1.04237e-05 4.59176e-05 0.209192)
(-9.26392e-06 4.08785e-05 0.196708)
(-7.8279e-06 3.45034e-05 0.180243)
(-6.10254e-06 2.66381e-05 0.158329)
(-4.13254e-06 1.74589e-05 0.128864)
(-2.09489e-06 8.03165e-06 0.0887915)
(-3.50851e-07 6.45825e-07 0.0336358)
(-2.38782e-05 3.43825e-05 0.190489)
(-2.19888e-05 3.12194e-05 0.181735)
(-1.95989e-05 2.74317e-05 0.170402)
(-1.66329e-05 2.27712e-05 0.155617)
(-1.30598e-05 1.71922e-05 0.136151)
(-8.96263e-06 1.09002e-05 0.110268)
(-4.68348e-06 4.70227e-06 0.0754967)
(-9.08617e-07 1.68552e-07 0.0283102)
(-1.59252e-05 1.35557e-05 0.133083)
(-1.46998e-05 1.1985e-05 0.126908)
(-1.31308e-05 1.02241e-05 0.118884)
(-1.11644e-05 8.13899e-06 0.10836)
(-8.77992e-06 5.76695e-06 0.0944566)
(-6.03616e-06 3.2632e-06 0.0759933)
(-3.16877e-06 1.03372e-06 0.0514248)
(-6.44254e-07 -2.4343e-07 0.0187978)
(9.94975e-06 8.20344e-06 0.132895)
(9.2008e-06 7.23494e-06 0.126723)
(8.23332e-06 6.15263e-06 0.118704)
(7.01254e-06 4.87372e-06 0.10819)
(5.52574e-06 3.42411e-06 0.0943033)
(3.81007e-06 1.90328e-06 0.0758653)
(2.01221e-06 5.64865e-07 0.0513346)
(4.21117e-07 -1.71692e-07 0.0187631)
(1.49805e-05 2.10703e-05 0.190329)
(1.38256e-05 1.91119e-05 0.181568)
(1.2352e-05 1.67759e-05 0.170231)
(1.05085e-05 1.38997e-05 0.155445)
(8.27382e-06 1.04585e-05 0.135985)
(5.69889e-06 6.58881e-06 0.110119)
(2.99745e-06 2.80263e-06 0.0753849)
(6.00728e-07 8.01258e-08 0.0282634)
(7.17595e-06 3.06941e-05 0.218629)
(6.61272e-06 2.82294e-05 0.209074)
(5.89424e-06 2.5131e-05 0.196575)
(4.99536e-06 2.1199e-05 0.180096)
(3.90635e-06 1.63383e-05 0.158176)
(2.65479e-06 1.06693e-05 0.128716)
(1.35321e-06 4.87188e-06 0.0886733)
(2.33752e-07 3.85203e-07 0.0335834)
(-7.03825e-06 3.06952e-05 0.218631)
(-6.48725e-06 2.82305e-05 0.209077)
(-5.78458e-06 2.51321e-05 0.196577)
(-4.9054e-06 2.12e-05 0.180098)
(-3.83974e-06 1.6339e-05 0.158178)
(-2.61385e-06 1.06697e-05 0.128718)
(-1.33682e-06 4.87197e-06 0.0886742)
(-2.34408e-07 3.85114e-07 0.0335837)
(-1.488e-05 2.1072e-05 0.190336)
(-1.37341e-05 1.91134e-05 0.181576)
(-1.22721e-05 1.67773e-05 0.170239)
(-1.04429e-05 1.39009e-05 0.155452)
(-8.22486e-06 1.04594e-05 0.135991)
(-5.66812e-06 6.58934e-06 0.110124)
(-2.98419e-06 2.80274e-06 0.075388)
(-6.00335e-07 8.0016e-08 0.0282644)
(-9.90628e-06 8.19932e-06 0.132908)
(-9.16134e-06 7.23135e-06 0.126736)
(-8.19902e-06 6.14993e-06 0.118716)
(-6.98454e-06 4.87186e-06 0.108202)
(-5.505e-06 3.42307e-06 0.0943133)
(-3.79711e-06 1.90293e-06 0.0758731)
(-2.0066e-06 5.64909e-07 0.0513397)
(-4.20852e-07 -1.71641e-07 0.0187648)
(6.24073e-06 5.15123e-06 0.132786)
(5.77395e-06 4.54645e-06 0.126616)
(5.16974e-06 3.86935e-06 0.1186)
(4.40612e-06 3.06969e-06 0.108092)
(3.47471e-06 2.16309e-06 0.0942141)
(2.39807e-06 1.21006e-06 0.0757903)
(1.26761e-06 3.67188e-07 0.0512815)
(2.63964e-07 -1.03632e-07 0.0187424)
(9.37166e-06 1.31879e-05 0.190236)
(8.65451e-06 1.19764e-05 0.181471)
(7.73867e-06 1.05222e-05 0.170131)
(6.59144e-06 8.72934e-06 0.155344)
(5.19765e-06 6.58348e-06 0.135887)
(3.58654e-06 4.16615e-06 0.110031)
(1.88981e-06 1.78991e-06 0.0753178)
(3.76596e-07 6.2012e-08 0.028235)
(4.47281e-06 1.91875e-05 0.218569)
(4.12553e-06 1.7673e-05 0.209005)
(3.68155e-06 1.57486e-05 0.196496)
(3.1248e-06 1.33e-05 0.180008)
(2.44814e-06 1.0272e-05 0.158083)
(1.66723e-06 6.73503e-06 0.128627)
(8.51239e-07 3.10158e-06 0.0886013)
(1.45742e-07 2.58968e-07 0.0335511)
(-4.39912e-06 1.91845e-05 0.218572)
(-4.06159e-06 1.767e-05 0.209007)
(-3.62929e-06 1.57457e-05 0.196498)
(-3.08609e-06 1.32971e-05 0.180011)
(-2.42431e-06 1.02693e-05 0.158085)
(-1.65813e-06 6.73257e-06 0.128628)
(-8.53692e-07 3.09969e-06 0.0886023)
(-1.5143e-07 2.58196e-07 0.0335515)
(-9.32098e-06 1.31796e-05 0.190243)
(-8.61071e-06 1.19682e-05 0.181479)
(-7.70309e-06 1.05142e-05 0.170139)
(-6.56524e-06 8.7217e-06 0.155351)
(-5.18159e-06 6.57642e-06 0.135893)
(-3.58037e-06 4.16009e-06 0.110036)
(-1.8913e-06 1.78547e-06 0.0753209)
(-3.80326e-07 6.02895e-08 0.028236)
(-6.22334e-06 5.13991e-06 0.1328)
(-5.7594e-06 4.53566e-06 0.126629)
(-5.15849e-06 3.85941e-06 0.118613)
(-4.39846e-06 3.06072e-06 0.108103)
(-3.47074e-06 2.15536e-06 0.0942242)
(-2.39748e-06 1.20392e-06 0.0757983)
(-1.26935e-06 3.63062e-07 0.0512867)
(-2.6578e-07 -1.05122e-07 0.0187441)
(3.94809e-06 3.27958e-06 0.132718)
(3.64989e-06 2.89308e-06 0.126549)
(3.26491e-06 2.4606e-06 0.118535)
(2.78028e-06 1.95036e-06 0.108029)
(2.19122e-06 1.37231e-06 0.0941574)
(1.51216e-06 7.65252e-07 0.0757425)
(8.00504e-07 2.29823e-07 0.0512474)
(1.67911e-07 -6.77761e-08 0.018729)
(5.92804e-06 8.40831e-06 0.190176)
(5.46997e-06 7.62872e-06 0.18141)
(4.88649e-06 6.69338e-06 0.170068)
(4.15918e-06 5.54587e-06 0.155279)
(3.27944e-06 4.17656e-06 0.135824)
(2.26554e-06 2.63692e-06 0.109974)
(1.19894e-06 1.12732e-06 0.0752744)
(2.43643e-07 3.28666e-08 0.0282163)
(2.81928e-06 1.22269e-05 0.218531)
(2.59835e-06 1.12477e-05 0.20896)
(2.31636e-06 1.00055e-05 0.196445)
(1.96437e-06 8.43761e-06 0.179952)
(1.53839e-06 6.50835e-06 0.158024)
(1.0482e-06 4.26077e-06 0.128569)
(5.36729e-07 1.9572e-06 0.0885547)
(9.33637e-08 1.56812e-07 0.0335299)
(-2.78854e-06 1.2222e-05 0.218534)
(-2.57491e-06 1.12428e-05 0.208963)
(-2.30112e-06 1.00007e-05 0.196447)
(-1.95798e-06 8.43292e-06 0.179954)
(-1.54082e-06 6.50394e-06 0.158026)
(-1.05798e-06 4.2569e-06 0.128571)
(-5.49775e-07 1.95433e-06 0.0885557)
(-1.01545e-07 1.557e-07 0.0335303)
(-5.91064e-06 8.39541e-06 0.190184)
(-5.45766e-06 7.61596e-06 0.181418)
(-4.87977e-06 6.68097e-06 0.170075)
(-4.15829e-06 5.53399e-06 0.155287)
(-3.28409e-06 4.16562e-06 0.13583)
(-2.27445e-06 2.62758e-06 0.109979)
(-1.20914e-06 1.12058e-06 0.0752775)
(-2.49607e-07 3.03045e-08 0.0282174)
(-3.94832e-06 3.26461e-06 0.132731)
(-3.65215e-06 2.87855e-06 0.126562)
(-3.26915e-06 2.44678e-06 0.118547)
(-2.78622e-06 1.93747e-06 0.108041)
(-2.19838e-06 1.36079e-06 0.0941677)
(-1.51968e-06 7.55746e-07 0.0757507)
(-8.06952e-07 2.23222e-07 0.0512527)
(-1.71001e-07 -7.01911e-08 0.0187308)
(2.49957e-06 2.0298e-06 0.132674)
(2.3146e-06 1.78568e-06 0.126505)
(2.07356e-06 1.51249e-06 0.118492)
(1.76828e-06 1.19044e-06 0.10799)
(1.39605e-06 8.26966e-07 0.0941212)
(9.66192e-07 4.48309e-07 0.0757122)
(5.14858e-07 1.20465e-07 0.0512259)
(1.12156e-07 -5.08453e-08 0.0187207)
(3.74555e-06 5.25612e-06 0.190138)
(3.46314e-06 4.75755e-06 0.181369)
(3.09929e-06 4.16248e-06 0.170026)
(2.64238e-06 3.43427e-06 0.155238)
(2.08776e-06 2.56801e-06 0.135784)
(1.44743e-06 1.60026e-06 0.109938)
(7.72281e-07 6.64643e-07 0.0752471)
(1.64645e-07 6.46672e-09 0.0282049)
(1.77083e-06 7.66141e-06 0.218506)
(1.63438e-06 7.0309e-06 0.208931)
(1.45853e-06 6.23954e-06 0.196412)
(1.23768e-06 5.24457e-06 0.179916)
(9.69842e-07 4.02364e-06 0.157986)
(6.61673e-07 2.60927e-06 0.128533)
(3.40277e-07 1.17737e-06 0.0885255)
(6.16147e-08 8.38557e-08 0.033517)
(-1.76804e-06 7.65595e-06 0.218508)
(-1.63688e-06 7.02541e-06 0.208934)
(-1.46653e-06 6.2341e-06 0.196414)
(-1.25104e-06 5.23928e-06 0.179918)
(-9.87714e-07 4.01865e-06 0.157988)
(-6.81891e-07 2.60491e-06 0.128535)
(-3.58535e-07 1.17418e-06 0.0885265)
(-7.05882e-08 8.26446e-08 0.0335173)
(-3.74997e-06 5.24125e-06 0.190146)
(-3.47125e-06 4.74286e-06 0.181378)
(-3.11105e-06 4.14819e-06 0.170034)
(-2.6574e-06 3.42059e-06 0.155245)
(-2.10509e-06 2.55544e-06 0.13579)
(-1.46522e-06 1.58957e-06 0.109943)
(-7.87247e-07 6.57022e-07 0.0752504)
(-1.71612e-07 3.61697e-09 0.0282059)
(-2.51075e-06 2.01325e-06 0.132687)
(-2.32721e-06 1.76949e-06 0.126519)
(-2.08723e-06 1.49692e-06 0.118505)
(-1.78239e-06 1.17575e-06 0.108002)
(-1.40977e-06 8.13656e-07 0.0941316)
(-9.78374e-07 4.37172e-07 0.0757204)
(-5.239e-07 1.12681e-07 0.0512313)
(-1.15876e-07 -5.3668e-08 0.0187225)
(1.56565e-06 1.26019e-06 0.132646)
(1.45219e-06 1.10977e-06 0.126478)
(1.30343e-06 9.40827e-07 0.118466)
(1.11352e-06 7.4128e-07 0.107965)
(8.80342e-07 5.15907e-07 0.0940987)
(6.09561e-07 2.80971e-07 0.0756934)
(3.241e-07 7.69374e-08 0.0512128)
(6.98609e-08 -3.04018e-08 0.0187157)
(2.33332e-06 3.25326e-06 0.190114)
(2.16287e-06 2.9501e-06 0.181345)
(1.94074e-06 2.5856e-06 0.170001)
(1.65811e-06 2.13635e-06 0.155212)
(1.31138e-06 1.60021e-06 0.135759)
(9.07961e-07 1.00032e-06 0.109916)
(4.80918e-07 4.18959e-07 0.0752308)
(9.91293e-08 8.36687e-09 0.0281981)
(1.09608e-06 4.74031e-06 0.21849)
(1.01361e-06 4.36035e-06 0.208913)
(9.06394e-07 3.87842e-06 0.196391)
(7.70169e-07 3.26543e-06 0.179893)
(6.03381e-07 2.50887e-06 0.157963)
(4.10257e-07 1.63016e-06 0.128511)
(2.08486e-07 7.3874e-07 0.0885082)
(3.54379e-08 5.73395e-08 0.0335094)
(-1.11027e-06 4.735e-06 0.218493)
(-1.03163e-06 4.355e-06 0.208916)
(-9.27933e-07 3.87312e-06 0.196394)
(-7.94508e-07 3.26026e-06 0.179896)
(-6.29164e-07 2.50401e-06 0.157965)
(-4.35042e-07 1.62592e-06 0.128513)
(-2.28195e-07 7.35648e-07 0.0885092)
(-4.39457e-08 5.6178e-08 0.0335098)
(-2.35098e-06 3.2382e-06 0.190122)
(-2.1832e-06 2.93525e-06 0.181353)
(-1.9633e-06 2.5712e-06 0.170009)
(-1.68207e-06 2.12264e-06 0.15522)
(-1.3354e-06 1.58766e-06 0.135766)
(-9.29918e-07 9.89688e-07 0.109922)
(-4.97606e-07 4.11405e-07 0.0752341)
(-1.06064e-07 5.55417e-09 0.0281992)
(-1.58291e-06 1.24381e-06 0.13266)
(-1.4704e-06 1.09371e-06 0.126491)
(-1.32204e-06 9.25304e-07 0.118479)
(-1.13176e-06 7.26569e-07 0.107977)
(-8.97207e-07 5.02511e-07 0.0941092)
(-6.23774e-07 2.69706e-07 0.0757017)
(-3.34078e-07 6.90293e-08 0.0512182)
(-7.36687e-08 -3.32687e-08 0.0187175)
(9.86542e-07 8.25158e-07 0.132629)
(9.12803e-07 7.29711e-07 0.126461)
(8.17328e-07 6.22324e-07 0.11845)
(6.96529e-07 4.95422e-07 0.107949)
(5.48941e-07 3.51289e-07 0.0940847)
(3.78107e-07 1.99223e-07 0.0756817)
(1.98741e-07 6.34902e-08 0.0512045)
(4.02188e-08 -1.45051e-08 0.0187124)
(1.46404e-06 2.09941e-06 0.1901)
(1.35366e-06 1.91061e-06 0.18133)
(1.21168e-06 1.68125e-06 0.169985)
(1.03253e-06 1.39766e-06 0.155196)
(8.13558e-07 1.05756e-06 0.135744)
(5.59445e-07 6.73332e-07 0.109903)
(2.91856e-07 2.9341e-07 0.0752204)
(5.50603e-08 1.35829e-08 0.0281937)
(6.83751e-07 3.04424e-06 0.218481)
(6.30543e-07 2.81052e-06 0.208903)
(5.62364e-07 2.50851e-06 0.196379)
(4.76515e-07 2.12215e-06 0.17988)
(3.71819e-07 1.64297e-06 0.157949)
(2.50882e-07 1.08153e-06 0.128497)
(1.25218e-07 5.02047e-07 0.0884971)
(1.87629e-08 4.48755e-08 0.0335044)
(-7.0662e-07 3.03946e-06 0.218484)
(-6.56176e-07 2.8057e-06 0.208905)
(-5.90107e-07 2.50373e-06 0.196382)
(-5.05322e-07 2.11748e-06 0.179882)
(-4.0009e-07 1.63857e-06 0.157951)
(-2.76182e-07 1.0777e-06 0.128499)
(-1.43999e-07 4.99282e-07 0.0884981)
(-2.61881e-08 4.38567e-08 0.0335047)
(-1.48811e-06 2.08531e-06 0.190108)
(-1.37961e-06 1.89675e-06 0.181338)
(-1.23885e-06 1.66786e-06 0.169993)
(-1.05985e-06 1.38494e-06 0.155204)
(-8.39536e-07 1.04596e-06 0.13575)
(-5.81978e-07 6.63568e-07 0.109908)
(-3.08094e-07 2.86559e-07 0.0752236)
(-6.13391e-08 1.1075e-08 0.0281948)
(-1.00577e-06 8.10204e-07 0.132643)
(-9.32577e-07 7.15038e-07 0.126475)
(-8.37083e-07 6.08136e-07 0.118463)
(-7.1545e-07 4.81946e-07 0.107961)
(-5.6603e-07 3.38985e-07 0.0940952)
(-3.92155e-07 1.88856e-07 0.07569)
(-2.08337e-07 5.62205e-08 0.0512099)
(-4.37283e-08 -1.71193e-08 0.0187142)
(6.31425e-07 5.38441e-07 0.132618)
(5.82721e-07 4.75606e-07 0.126451)
(5.20031e-07 4.05128e-07 0.118439)
(4.4159e-07 3.22152e-07 0.107939)
(3.46833e-07 2.28052e-07 0.0940756)
(2.38274e-07 1.28837e-07 0.075674)
(1.25313e-07 4.05272e-08 0.051199)
(2.54709e-08 -1.00087e-08 0.0187102)
(9.39098e-07 1.37829e-06 0.19009)
(8.647e-07 1.25182e-06 0.18132)
(7.70479e-07 1.09908e-06 0.169975)
(6.53879e-07 9.12005e-07 0.155186)
(5.13756e-07 6.88612e-07 0.135734)
(3.53322e-07 4.36678e-07 0.109894)
(1.85951e-07 1.88237e-07 0.0752132)
(3.66811e-08 6.20581e-09 0.0281906)
(4.35687e-07 1.99894e-06 0.218475)
(3.99877e-07 1.84088e-06 0.208895)
(3.54743e-07 1.63848e-06 0.196371)
(2.99119e-07 1.3833e-06 0.179871)
(2.32538e-07 1.06901e-06 0.157939)
(1.56769e-07 7.01792e-07 0.128488)
(7.88946e-08 3.23627e-07 0.0884893)
(1.26084e-08 2.57852e-08 0.0335008)
(-4.61611e-07 1.99481e-06 0.218478)
(-4.27632e-07 1.83672e-06 0.208898)
(-3.83614e-07 1.63433e-06 0.196374)
(-3.28e-07 1.37923e-06 0.179873)
(-2.59851e-07 1.06517e-06 0.157941)
(-1.80308e-07 6.98466e-07 0.12849)
(-9.57074e-08 3.21238e-07 0.0884904)
(-1.89024e-08 2.49111e-08 0.0335012)
(-9.64695e-07 1.36588e-06 0.190098)
(-8.91496e-07 1.23966e-06 0.181328)
(-7.9777e-07 1.08733e-06 0.169983)
(-6.80602e-07 9.0086e-07 0.155194)
(-5.38493e-07 6.78473e-07 0.13574)
(-3.74198e-07 4.28181e-07 0.109899)
(-2.00573e-07 1.82294e-07 0.0752165)
(-4.20996e-08 4.03581e-09 0.0281917)
(-6.49895e-07 5.25666e-07 0.132632)
(-6.01437e-07 4.6307e-07 0.126464)
(-5.38469e-07 3.92972e-07 0.118452)
(-4.5902e-07 3.10584e-07 0.107951)
(-3.62383e-07 2.17477e-07 0.0940862)
(-2.50902e-07 1.19912e-07 0.0756823)
(-1.33825e-07 3.42527e-08 0.0512043)
(-2.85178e-08 -1.22726e-08 0.018712)
(3.99119e-07 3.27455e-07 0.132611)
(3.6918e-07 2.87547e-07 0.126443)
(3.30093e-07 2.42825e-07 0.118432)
(2.80853e-07 1.90293e-07 0.107933)
(2.2129e-07 1.3126e-07 0.0940698)
(1.53042e-07 7.00382e-08 0.0756691)
(8.18612e-08 1.75456e-08 0.0511955)
(1.81827e-08 -9.0744e-09 0.0187089)
(5.98499e-07 8.61355e-07 0.190084)
(5.5192e-07 7.78587e-07 0.181313)
(4.92317e-07 6.79398e-07 0.169968)
(4.1847e-07 5.58654e-07 0.155179)
(3.30063e-07 4.15729e-07 0.135727)
(2.29178e-07 2.56771e-07 0.109888)
(1.23601e-07 1.04302e-07 0.0752087)
(2.77234e-08 -1.16152e-09 0.0281887)
(2.75114e-07 1.2592e-06 0.218471)
(2.52594e-07 1.15388e-06 0.208891)
(2.23943e-07 1.02118e-06 0.196365)
(1.88691e-07 8.55618e-07 0.179865)
(1.46821e-07 6.53777e-07 0.157932)
(9.95561e-08 4.21182e-07 0.128482)
(5.10975e-08 1.87469e-07 0.0884845)
(9.46568e-09 1.10271e-08 0.0334987)
(-3.00816e-07 1.25565e-06 0.218473)
(-2.79315e-07 1.1503e-06 0.208893)
(-2.51072e-07 1.01762e-06 0.196368)
(-2.15256e-07 8.5212e-07 0.179867)
(-1.7145e-07 6.5049e-07 0.157935)
(-1.20383e-07 4.18348e-07 0.128483)
(-6.57029e-08 1.85449e-07 0.0884855)
(-1.48267e-08 1.02927e-08 0.033499)
(-6.22657e-07 8.5074e-07 0.190092)
(-5.76684e-07 7.68184e-07 0.181321)
(-5.17086e-07 6.6935e-07 0.169976)
(-4.42346e-07 5.49135e-07 0.155187)
(-3.51857e-07 4.07088e-07 0.135734)
(-2.47339e-07 2.49562e-07 0.109893)
(-1.36179e-07 9.92975e-08 0.075212)
(-3.23294e-08 -2.97491e-09 0.0281898)
(-4.15159e-07 3.1695e-07 0.132625)
(-3.85236e-07 2.77242e-07 0.126457)
(-3.45739e-07 2.32835e-07 0.118445)
(-2.95517e-07 1.80787e-07 0.107945)
(-2.34282e-07 1.22568e-07 0.0940803)
(-1.63536e-07 6.27047e-08 0.0756774)
(-8.89059e-08 1.24057e-08 0.0512008)
(-2.06922e-08 -1.09203e-08 0.0187107)
(2.46553e-07 1.96259e-07 0.132607)
(2.28756e-07 1.72149e-07 0.126439)
(2.05377e-07 1.4507e-07 0.118428)
(1.75586e-07 1.13087e-07 0.107929)
(1.39123e-07 7.72078e-08 0.0940662)
(9.68513e-08 4.02611e-08 0.0756661)
(5.2202e-08 9.04296e-09 0.0511934)
(1.20083e-08 -5.96264e-09 0.0187081)
(3.70999e-07 5.21657e-07 0.19008)
(3.43852e-07 4.71684e-07 0.181309)
(3.08322e-07 4.11419e-07 0.169964)
(2.63368e-07 3.37446e-07 0.155175)
(2.08702e-07 2.49938e-07 0.135723)
(1.45501e-07 1.53182e-07 0.109884)
(7.85443e-08 6.14187e-08 0.0752062)
(1.78585e-08 -8.26769e-10 0.0281877)
(1.68079e-07 7.66106e-07 0.218468)
(1.54969e-07 7.02462e-07 0.208887)
(1.37907e-07 6.21697e-07 0.196362)
(1.16484e-07 5.19851e-07 0.179861)
(9.07029e-08 3.95624e-07 0.157929)
(6.13463e-08 2.53265e-07 0.128478)
(3.10868e-08 1.11801e-07 0.0884817)
(5.51248e-09 6.91207e-09 0.0334975)
(-1.91901e-07 7.63081e-07 0.218471)
(-1.79191e-07 6.99429e-07 0.20889)
(-1.62016e-07 6.18688e-07 0.196364)
(-1.39694e-07 5.16928e-07 0.179863)
(-1.1191e-07 3.92904e-07 0.157931)
(-7.90428e-08 2.50934e-07 0.12848)
(-4.33167e-08 1.10145e-07 0.0884828)
(-9.92944e-09 6.3076e-09 0.0334979)
(-3.9239e-07 5.12879e-07 0.190088)
(-3.65407e-07 4.63107e-07 0.181317)
(-3.29559e-07 4.03164e-07 0.169972)
(-2.83591e-07 3.29672e-07 0.155182)
(-2.26979e-07 2.42922e-07 0.13573)
(-1.60602e-07 1.4734e-07 0.109889)
(-8.89058e-08 5.73448e-08 0.0752094)
(-2.16194e-08 -2.31942e-09 0.0281887)
(-2.59771e-07 1.87975e-07 0.13262)
(-2.41856e-07 1.64032e-07 0.126453)
(-2.18034e-07 1.37196e-07 0.118441)
(-1.87371e-07 1.05611e-07 0.107941)
(-1.49509e-07 7.03951e-08 0.0940766)
(-1.05199e-07 3.45282e-08 0.0756744)
(-5.77661e-08 5.02461e-09 0.0511988)
(-1.39742e-08 -7.41274e-09 0.0187099)
(1.53526e-07 1.27441e-07 0.132604)
(1.42131e-07 1.12539e-07 0.126436)
(1.27501e-07 9.57749e-08 0.118426)
(1.09e-07 7.5882e-08 0.107926)
(8.63046e-08 5.33284e-08 0.094064)
(5.98438e-08 2.96915e-08 0.0756643)
(3.17657e-08 8.88841e-09 0.0511921)
(6.79327e-09 -2.56199e-09 0.0187076)
(2.28541e-07 3.3028e-07 0.190078)
(2.11917e-07 3.00367e-07 0.181307)
(1.9021e-07 2.63864e-07 0.169962)
(1.62509e-07 2.18561e-07 0.155173)
(1.2843e-07 1.6441e-07 0.135721)
(8.86522e-08 1.03693e-07 0.109882)
(4.64448e-08 4.44724e-08 0.0752046)
(9.17476e-09 1.78497e-09 0.028187)
(1.01431e-07 4.81459e-07 0.218467)
(9.35265e-08 4.44063e-07 0.208886)
(8.32663e-08 3.9557e-07 0.19636)
(7.02531e-08 3.33344e-07 0.179859)
(5.44008e-08 2.5653e-07 0.157926)
(3.61937e-08 1.67365e-07 0.128476)
(1.74732e-08 7.67417e-08 0.08848)
(2.23972e-09 6.761e-09 0.0334968)
(-1.22059e-07 4.78984e-07 0.218469)
(-1.14189e-07 4.416e-07 0.208888)
(-1.03502e-07 3.93156e-07 0.196362)
(-8.94218e-08 3.31031e-07 0.179861)
(-7.16269e-08 2.54404e-07 0.157928)
(-5.03029e-08 1.65572e-07 0.128478)
(-2.69905e-08 7.54964e-08 0.0884811)
(-5.56554e-09 6.31848e-09 0.0334971)
(-2.46313e-07 3.23305e-07 0.190086)
(-2.29598e-07 2.9358e-07 0.181315)
(-2.07411e-07 2.57391e-07 0.169969)
(-1.78692e-07 2.12518e-07 0.15518)
(-1.42882e-07 1.59004e-07 0.135727)
(-1.00439e-07 9.92462e-08 0.109887)
(-5.44037e-08 4.14363e-08 0.0752078)
(-1.20069e-08 7.02027e-10 0.0281881)
(-1.63635e-07 1.21234e-07 0.132618)
(-1.52057e-07 1.06479e-07 0.12645)
(-1.37012e-07 8.9938e-08 0.118439)
(-1.17788e-07 7.03689e-08 0.107938)
(-9.39895e-08 4.83268e-08 0.0940744)
(-6.59666e-08 2.55119e-08 0.0756725)
(-3.58032e-08 5.99867e-09 0.0511975)
(-8.19504e-09 -3.57669e-09 0.0187094)
(9.75615e-08 8.62391e-08 0.132602)
(8.98147e-08 7.65329e-08 0.126435)
(8.01046e-08 6.56844e-08 0.118424)
(6.80706e-08 5.28155e-08 0.107925)
(5.35009e-08 3.80643e-08 0.0940626)
(3.66913e-08 2.23145e-08 0.0756631)
(1.90669e-08 7.91305e-09 0.0511913)
(3.65914e-09 -9.42694e-10 0.0187073)
(1.43465e-07 2.19103e-07 0.190076)
(1.32187e-07 1.99834e-07 0.181305)
(1.17924e-07 1.76417e-07 0.16996)
(1.00103e-07 1.47398e-07 0.155171)
(7.84362e-08 1.12413e-07 0.135719)
(5.33998e-08 7.2577e-08 0.109881)
(2.72366e-08 3.25957e-08 0.0752035)
(4.59957e-09 2.24481e-09 0.0281865)
(6.24407e-08 3.16837e-07 0.218466)
(5.71754e-08 2.93021e-07 0.208885)
(5.05825e-08 2.62108e-07 0.196359)
(4.2402e-08 2.22448e-07 0.179857)
(3.25431e-08 1.73047e-07 0.157925)
(2.1319e-08 1.14825e-07 0.128475)
(9.95928e-09 5.4103e-08 0.0884789)
(9.16151e-10 5.36041e-09 0.0334963)
(-7.90254e-08 3.1499e-07 0.218468)
(-7.36072e-08 2.91203e-07 0.208887)
(-6.64464e-08 2.60351e-07 0.196361)
(-5.71676e-08 2.2079e-07 0.17986)
(-4.55304e-08 1.7155e-07 0.157927)
(-3.16687e-08 1.13584e-07 0.128476)
(-1.66744e-08 5.32527e-08 0.0884799)
(-3.0931e-09 5.06351e-09 0.0334966)
(-1.57266e-07 2.14071e-07 0.190084)
(-1.45784e-07 1.94981e-07 0.181313)
(-1.30996e-07 1.71835e-07 0.169968)
(-1.12229e-07 1.43178e-07 0.155178)
(-8.90831e-08 1.08696e-07 0.135726)
(-6.18982e-08 6.95587e-08 0.109886)
(-3.28044e-08 3.05441e-08 0.0752067)
(-6.47659e-09 1.51422e-09 0.0281876)
(-1.04879e-07 8.20557e-08 0.132616)
(-9.6941e-08 7.24663e-08 0.126448)
(-8.68757e-08 6.17732e-08 0.118437)
(-7.42694e-08 4.91415e-08 0.107937)
(-5.88634e-08 3.47589e-08 0.094073)
(-4.09038e-08 1.95744e-08 0.0756713)
(-2.17867e-08 6.02449e-09 0.0511966)
(-4.56688e-09 -1.60254e-09 0.0187091)
(6.1862e-08 5.54966e-08 0.132601)
(5.68319e-08 4.91731e-08 0.126434)
(5.05111e-08 4.21281e-08 0.118423)
(4.27388e-08 3.38174e-08 0.107924)
(3.34375e-08 2.43073e-08 0.0940617)
(2.2839e-08 1.41555e-08 0.0756624)
(1.18661e-08 4.90732e-09 0.0511907)
(2.27615e-09 -7.09061e-10 0.018707)
(9.1412e-08 1.42643e-07 0.190075)
(8.37147e-08 1.29809e-07 0.181304)
(7.42054e-08 1.1439e-07 0.169959)
(6.26303e-08 9.54661e-08 0.15517)
(4.88625e-08 7.26855e-08 0.135718)
(3.32418e-08 4.67248e-08 0.10988)
(1.71485e-08 2.06843e-08 0.0752028)
(3.0729e-09 1.10737e-09 0.0281862)
(3.92703e-08 2.06782e-07 0.218465)
(3.56922e-08 1.90727e-07 0.208884)
(3.1348e-08 1.70275e-07 0.196358)
(2.61314e-08 1.44393e-07 0.179856)
(2.00019e-08 1.12235e-07 0.157924)
(1.31574e-08 7.42942e-08 0.128474)
(6.31607e-09 3.4696e-08 0.088478)
(7.50585e-10 3.05258e-09 0.0334959)
(-5.15565e-08 2.05536e-07 0.218468)
(-4.77502e-08 1.89513e-07 0.208887)
(-4.28388e-08 1.69114e-07 0.19636)
(-3.6631e-08 1.43312e-07 0.179859)
(-2.90055e-08 1.11278e-07 0.157926)
(-2.00867e-08 7.3522e-08 0.128475)
(-1.05971e-08 3.41872e-08 0.0884791)
(-1.99959e-09 2.88509e-09 0.0334962)
(-1.01265e-07 1.39353e-07 0.190083)
(-9.33311e-08 1.26653e-07 0.181312)
(-8.33372e-08 1.11433e-07 0.169967)
(-7.09624e-08 9.27737e-08 0.155177)
(-5.60199e-08 7.03498e-08 0.135725)
(-3.87928e-08 4.48688e-08 0.109885)
(-2.06475e-08 1.94617e-08 0.075206)
(-4.16234e-09 6.93362e-10 0.0281873)
(-6.67726e-08 5.29584e-08 0.132615)
(-6.15599e-08 4.67195e-08 0.126447)
(-5.49452e-08 3.97839e-08 0.118436)
(-4.67368e-08 3.16328e-08 0.107936)
(-3.68336e-08 2.23592e-08 0.0940721)
(-2.54487e-08 1.25601e-08 0.0756706)
(-1.35051e-08 3.8231e-09 0.0511961)
(-2.79089e-09 -1.07834e-09 0.0187088)
(3.82067e-08 3.33423e-08 0.132601)
(3.51686e-08 2.94182e-08 0.126433)
(3.12917e-08 2.50545e-08 0.118422)
(2.6497e-08 1.9886e-08 0.107923)
(2.0767e-08 1.40063e-08 0.0940611)
(1.4263e-08 7.81978e-09 0.0756619)
(7.54405e-09 2.36826e-09 0.0511904)
(1.58091e-09 -6.73072e-10 0.0187069)
(5.76987e-08 8.8209e-08 0.190075)
(5.28122e-08 7.99936e-08 0.181304)
(4.6774e-08 7.01702e-08 0.169958)
(3.94879e-08 5.8143e-08 0.155169)
(3.09188e-08 4.3766e-08 0.135717)
(2.12821e-08 2.75759e-08 0.109879)
(1.13501e-08 1.16976e-08 0.0752023)
(2.41069e-09 2.35556e-10 0.028186)
(2.46597e-08 1.29224e-07 0.218465)
(2.24017e-08 1.18763e-07 0.208883)
(1.96646e-08 1.05579e-07 0.196357)
(1.64199e-08 8.9023e-08 0.179856)
(1.26602e-08 6.86197e-08 0.157923)
(8.49823e-09 4.47972e-08 0.128473)
(4.31593e-09 2.03805e-08 0.0884775)
(7.61774e-10 1.43068e-09 0.0334956)
(-3.31311e-08 1.28482e-07 0.218467)
(-3.05994e-08 1.18052e-07 0.208886)
(-2.73478e-08 1.04902e-07 0.19636)
(-2.32883e-08 8.84037e-08 0.179858)
(-1.838e-08 6.80849e-08 0.157925)
(-1.27276e-08 4.43763e-08 0.128475)
(-6.77943e-09 2.01046e-08 0.0884786)
(-1.36853e-09 1.33998e-09 0.033496)
(-6.4235e-08 8.6362e-08 0.190083)
(-5.91065e-08 7.82426e-08 0.181312)
(-5.26557e-08 6.85355e-08 0.169966)
(-4.47465e-08 5.66798e-08 0.155177)
(-3.53196e-08 4.25254e-08 0.135724)
(-2.45775e-08 2.65995e-08 0.109884)
(-1.33237e-08 1.10341e-08 0.0752055)
(-2.94726e-09 -8.79279e-13 0.0281871)
(-4.13928e-08 3.20344e-08 0.132614)
(-3.82033e-08 2.81582e-08 0.126446)
(-3.40998e-08 2.38344e-08 0.118435)
(-2.89896e-08 1.87551e-08 0.107935)
(-2.28453e-08 1.3015e-08 0.0940715)
(-1.58208e-08 7.01623e-09 0.0756701)
(-8.48379e-09 1.80509e-09 0.0511957)
(-1.85e-09 -8.82997e-10 0.0187087)
(2.31846e-08 1.9774e-08 0.1326)
(2.13997e-08 1.74072e-08 0.126433)
(1.91099e-08 1.47495e-08 0.118422)
(1.62597e-08 1.15979e-08 0.107923)
(1.28319e-08 8.03779e-09 0.0940608)
(8.90629e-09 4.32414e-09 0.0756616)
(4.79815e-09 1.12625e-09 0.0511902)
(1.08717e-09 -5.21832e-10 0.0187068)
(3.59821e-08 5.31673e-08 0.190074)
(3.3079e-08 4.81989e-08 0.181303)
(2.94258e-08 4.21864e-08 0.169958)
(2.49712e-08 3.47916e-08 0.155169)
(1.97036e-08 2.59829e-08 0.135717)
(1.37335e-08 1.61225e-08 0.109879)
(7.48205e-09 6.59038e-09 0.075202)
(1.74488e-09 -5.92252e-11 0.0281859)
(1.53957e-08 7.84999e-08 0.218464)
(1.40761e-08 7.21051e-08 0.208883)
(1.24368e-08 6.39746e-08 0.196357)
(1.04675e-08 5.37121e-08 0.179855)
(8.17017e-09 4.11247e-08 0.157923)
(5.59921e-09 2.65561e-08 0.128473)
(2.94517e-09 1.18569e-08 0.0884772)
(5.99636e-10 7.14453e-10 0.0334955)
(-2.05109e-08 7.80938e-08 0.218467)
(-1.89065e-08 7.17182e-08 0.208886)
(-1.68478e-08 6.36142e-08 0.196359)
(-1.42887e-08 5.33895e-08 0.179858)
(-1.12189e-08 4.08561e-08 0.157925)
(-7.71646e-09 2.63668e-08 0.128474)
(-4.06852e-09 1.17642e-08 0.0884783)
(-8.14455e-10 7.00648e-10 0.0334958)
(-3.96305e-08 5.22347e-08 0.190082)
(-3.64908e-08 4.73094e-08 0.181311)
(-3.25166e-08 4.13689e-08 0.169966)
(-2.76373e-08 3.40658e-08 0.155176)
(-2.18351e-08 2.53777e-08 0.135723)
(-1.52371e-08 1.56841e-08 0.109884)
(-8.31342e-09 6.35889e-09 0.0752052)
(-1.92385e-09 -1.03523e-10 0.028187)
(-2.48067e-08 1.9224e-08 0.132614)
(-2.2887e-08 1.68884e-08 0.126446)
(-2.043e-08 1.42723e-08 0.118435)
(-1.73767e-08 1.11728e-08 0.107935)
(-1.37109e-08 7.67751e-09 0.0940712)
(-9.52118e-09 4.05215e-09 0.0756698)
(-5.13785e-09 9.60217e-10 0.0511955)
(-1.16146e-09 -5.71698e-10 0.0187086)
(1.47074e-08 1.19597e-08 0.1326)
(1.3607e-08 1.05354e-08 0.126432)
(1.21912e-08 8.92418e-09 0.118422)
(1.04138e-08 7.03353e-09 0.107923)
(8.25475e-09 4.90789e-09 0.0940606)
(5.75245e-09 2.67926e-09 0.0756614)
(3.09181e-09 7.08016e-10 0.0511901)
(6.90475e-10 -3.38227e-10 0.0187068)
(2.2109e-08 3.24036e-08 0.190074)
(2.03913e-08 2.94238e-08 0.181303)
(1.81995e-08 2.57859e-08 0.169958)
(1.5489e-08 2.1288e-08 0.155169)
(1.22455e-08 1.59235e-08 0.135717)
(8.52904e-09 9.91245e-09 0.109878)
(4.59637e-09 4.0858e-09 0.0752019)
(1.01742e-09 2.4169e-12 0.0281858)
(9.787e-09 4.78424e-08 0.218464)
(9.04521e-09 4.40436e-08 0.208883)
(8.07917e-09 3.91322e-08 0.196357)
(6.87515e-09 3.28673e-08 0.179855)
(5.43238e-09 2.51747e-08 0.157923)
(3.77775e-09 1.62828e-08 0.128472)
(2.02127e-09 7.31603e-09 0.0884771)
(4.32115e-10 4.89892e-10 0.0334954)
(-1.24061e-08 4.7691e-08 0.218467)
(-1.13985e-08 4.38965e-08 0.208886)
(-1.01175e-08 3.90034e-08 0.196359)
(-8.5367e-09 3.27573e-08 0.179858)
(-6.65456e-09 2.50881e-08 0.157925)
(-4.52483e-09 1.62276e-08 0.128474)
(-2.32933e-09 7.29974e-09 0.0884781)
(-4.34656e-10 4.93526e-10 0.0334958)
(-2.38403e-08 3.20712e-08 0.190082)
(-2.19163e-08 2.91278e-08 0.181311)
(-1.94933e-08 2.55439e-08 0.169965)
(-1.65233e-08 2.10936e-08 0.155176)
(-1.29963e-08 1.57833e-08 0.135723)
(-8.99053e-09 9.84227e-09 0.109883)
(-4.8005e-09 4.09059e-09 0.0752051)
(-1.0346e-09 2.77146e-11 0.0281869)
(-1.5025e-08 1.19649e-08 0.132613)
(-1.38332e-08 1.0553e-08 0.126446)
(-1.23344e-08 8.9604e-09 0.118435)
(-1.04852e-08 7.07087e-09 0.107935)
(-8.26714e-09 4.93648e-09 0.094071)
(-5.7255e-09 2.70299e-09 0.0756696)
(-3.05501e-09 7.45327e-10 0.0511954)
(-6.67079e-10 -3.02423e-10 0.0187086)
(9.29503e-09 7.43644e-09 0.1326)
(8.59488e-09 6.55211e-09 0.126432)
(7.70667e-09 5.57205e-09 0.118421)
(6.59254e-09 4.40826e-09 0.107922)
(5.23092e-09 3.08856e-09 0.0940604)
(3.64436e-09 1.70778e-09 0.0756613)
(1.95221e-09 4.9081e-10 0.05119)
(4.26555e-10 -1.74281e-10 0.0187068)
(1.37175e-08 2.0189e-08 0.190074)
(1.26777e-08 1.8364e-08 0.181303)
(1.13453e-08 1.61469e-08 0.169957)
(9.67841e-09 1.33848e-08 0.155168)
(7.65805e-09 1.00781e-08 0.135717)
(5.32003e-09 6.36752e-09 0.109878)
(2.83594e-09 2.73786e-09 0.0752018)
(5.9766e-10 9.40933e-11 0.0281858)
(6.17875e-09 2.97997e-08 0.218464)
(5.75798e-09 2.74926e-08 0.208883)
(5.18934e-09 2.4498e-08 0.196357)
(4.45167e-09 2.06499e-08 0.179855)
(3.53681e-09 1.59007e-08 0.157922)
(2.46076e-09 1.03815e-08 0.128472)
(1.3056e-09 4.75884e-09 0.0884769)
(2.66681e-10 3.8418e-10 0.0334954)
(-7.43909e-09 2.97981e-08 0.218467)
(-6.78361e-09 2.74998e-08 0.208885)
(-5.97138e-09 2.45128e-08 0.196359)
(-4.98826e-09 2.0674e-08 0.179857)
(-3.83598e-09 1.59318e-08 0.157925)
(-2.55123e-09 1.04097e-08 0.128474)
(-1.25e-09 4.77075e-09 0.088478)
(-1.80965e-10 3.8359e-10 0.0334957)
(-1.43714e-08 2.02755e-08 0.190082)
(-1.31638e-08 1.8473e-08 0.181311)
(-1.1665e-08 1.62692e-08 0.169965)
(-9.84171e-09 1.35248e-08 0.155176)
(-7.68426e-09 1.02285e-08 0.135723)
(-5.2423e-09 6.49807e-09 0.109883)
(-2.70878e-09 2.80928e-09 0.075205)
(-5.14085e-10 1.05093e-10 0.0281868)
(-9.14646e-09 7.75049e-09 0.132613)
(-8.38678e-09 6.86416e-09 0.126446)
(-7.45477e-09 5.86649e-09 0.118434)
(-6.31978e-09 4.68614e-09 0.107934)
(-4.96384e-09 3.34578e-09 0.0940708)
(-3.4101e-09 1.92315e-09 0.0756695)
(-1.7801e-09 6.3428e-10 0.0511953)
(-3.58616e-10 -1.27953e-10 0.0187085)
(5.54791e-09 4.81623e-09 0.1326)
(5.09258e-09 4.26178e-09 0.126432)
(4.54227e-09 3.64492e-09 0.118421)
(3.87547e-09 2.91289e-09 0.107922)
(3.07306e-09 2.07554e-09 0.0940604)
(2.14052e-09 1.18429e-09 0.0756612)
(1.1441e-09 3.8168e-10 0.0511899)
(2.46096e-10 -8.17787e-11 0.0187067)
(8.54188e-09 1.27106e-08 0.190074)
(7.87651e-09 1.15846e-08 0.181303)
(7.0394e-09 1.02203e-08 0.169957)
(6.00161e-09 8.52302e-09 0.155168)
(4.74741e-09 6.47639e-09 0.135717)
(3.2942e-09 4.14395e-09 0.109878)
(1.748e-09 1.81265e-09 0.0752017)
(3.57818e-10 7.90789e-11 0.0281858)
(3.78406e-09 1.87621e-08 0.218464)
(3.51847e-09 1.73243e-08 0.208883)
(3.16878e-09 1.54727e-08 0.196357)
(2.71815e-09 1.30939e-08 0.179855)
(2.15774e-09 1.01402e-08 0.157922)
(1.49468e-09 6.67616e-09 0.128472)
(7.803e-10 3.09672e-09 0.0884769)
(1.37344e-10 2.69486e-10 0.0334954)
(-4.54304e-09 1.8794e-08 0.218467)
(-4.11935e-09 1.73612e-08 0.208885)
(-3.6022e-09 1.55118e-08 0.196359)
(-2.98333e-09 1.31343e-08 0.179857)
(-2.26444e-09 1.01812e-08 0.157924)
(-1.47221e-09 6.71743e-09 0.128474)
(-6.86554e-10 3.13432e-09 0.0884779)
(-7.42627e-11 2.86438e-10 0.0334957)
(-8.82962e-09 1.2925e-08 0.190082)
(-8.0588e-09 1.17846e-08 0.181311)
(-7.11467e-09 1.0405e-08 0.169965)
(-5.97463e-09 8.68893e-09 0.155176)
(-4.63118e-09 6.61826e-09 0.135723)
(-3.11871e-09 4.26129e-09 0.109883)
(-1.56705e-09 1.90069e-09 0.0752049)
(-2.59837e-10 1.17683e-10 0.0281868)
(-5.68841e-09 5.03409e-09 0.132613)
(-5.19888e-09 4.4714e-09 0.126446)
(-4.60454e-09 3.84311e-09 0.118434)
(-3.88632e-09 3.10007e-09 0.107934)
(-3.03266e-09 2.24983e-09 0.0940708)
(-2.06009e-09 1.33783e-09 0.0756694)
(-1.04956e-09 4.9192e-10 0.0511953)
(-1.90373e-10 -4.56016e-11 0.0187085)
(3.33981e-09 3.13691e-09 0.1326)
(3.03596e-09 2.79063e-09 0.126432)
(2.67565e-09 2.40562e-09 0.118421)
(2.2497e-09 1.94967e-09 0.107922)
(1.75101e-09 1.42496e-09 0.0940603)
(1.18922e-09 8.5981e-10 0.0756612)
(6.09243e-10 3.29604e-10 0.0511899)
(1.10242e-10 -1.82706e-11 0.0187067)
(5.12812e-09 7.99936e-09 0.190074)
(4.68434e-09 7.28161e-09 0.181303)
(4.1469e-09 6.42973e-09 0.169957)
(3.49988e-09 5.37387e-09 0.155168)
(2.73416e-09 4.09837e-09 0.135717)
(1.86564e-09 2.64601e-09 0.109878)
(9.65331e-10 1.18831e-09 0.0752016)
(1.76093e-10 8.00219e-11 0.0281858)
(2.34812e-09 1.17664e-08 0.218464)
(2.17323e-09 1.08626e-08 0.208883)
(1.95159e-09 9.71143e-09 0.196356)
(1.67277e-09 8.23717e-09 0.179855)
(1.33054e-09 6.4006e-09 0.157922)
(9.29596e-10 4.23799e-09 0.128472)
(5.01859e-10 1.98471e-09 0.0884768)
(1.07582e-10 1.82854e-10 0.0334953)
(-2.80679e-09 1.18639e-08 0.218467)
(-2.53688e-09 1.09562e-08 0.208885)
(-2.20809e-09 9.79909e-09 0.196359)
(-1.81599e-09 8.31723e-09 0.179857)
(-1.36224e-09 6.46904e-09 0.157924)
(-8.6553e-10 4.28733e-09 0.128474)
(-3.79107e-10 2.00953e-09 0.0884779)
(-1.84817e-11 1.87566e-10 0.0334957)
(-5.44626e-09 8.23451e-09 0.190082)
(-4.95189e-09 7.51337e-09 0.181311)
(-4.35244e-09 6.64556e-09 0.169965)
(-3.63435e-09 5.57069e-09 0.155176)
(-2.79329e-09 4.26859e-09 0.135723)
(-1.85286e-09 2.77369e-09 0.109883)
(-9.01157e-10 1.25706e-09 0.0752049)
(-1.24263e-10 9.21894e-11 0.0281868)
(-3.4831e-09 3.28179e-09 0.132613)
(-3.17657e-09 2.92017e-09 0.126445)
(-2.80493e-09 2.51408e-09 0.118434)
(-2.35764e-09 2.03761e-09 0.107934)
(-1.82808e-09 1.49259e-09 0.0940707)
(-1.22762e-09 9.04101e-10 0.0756694)
(-6.10796e-10 3.52129e-10 0.0511952)
(-9.90862e-11 -1.23229e-11 0.0187085)
(1.78927e-09 2.09237e-09 0.1326)
(1.60894e-09 1.86302e-09 0.126432)
(1.40255e-09 1.61718e-09 0.118421)
(1.16431e-09 1.30959e-09 0.107922)
(8.91005e-10 9.52963e-10 0.0940603)
(5.90579e-10 5.75058e-10 0.0756612)
(2.94776e-10 2.37834e-10 0.0511899)
(5.0521e-11 1.31806e-11 0.0187067)
(3.1803e-09 5.105e-09 0.190074)
(2.90477e-09 4.65579e-09 0.181303)
(2.57375e-09 4.11226e-09 0.169957)
(2.17691e-09 3.44327e-09 0.155168)
(1.70765e-09 2.63586e-09 0.135716)
(1.17336e-09 1.70231e-09 0.109878)
(6.18158e-10 7.4936e-10 0.0752016)
(1.31155e-10 3.26087e-11 0.0281857)
(1.43747e-09 7.40714e-09 0.218464)
(1.32078e-09 6.84093e-09 0.208883)
(1.18139e-09 6.12076e-09 0.196356)
(1.01301e-09 5.20296e-09 0.179855)
(8.10538e-10 4.05154e-09 0.157922)
(5.73737e-10 2.67981e-09 0.128472)
(3.12699e-10 1.23926e-09 0.0884768)
(5.8937e-11 1.00122e-10 0.0334953)
(-1.61447e-09 7.43794e-09 0.218467)
(-1.44435e-09 6.86152e-09 0.208885)
(-1.24099e-09 6.13962e-09 0.196359)
(-1.00056e-09 5.21579e-09 0.179857)
(-7.23679e-10 4.06342e-09 0.157924)
(-4.25621e-10 2.70521e-09 0.128474)
(-1.54307e-10 1.28904e-09 0.0884778)
(1.18185e-11 1.34742e-10 0.0334957)
(-3.26323e-09 5.17635e-09 0.190082)
(-2.94786e-09 4.71509e-09 0.181311)
(-2.57181e-09 4.17469e-09 0.169965)
(-2.12769e-09 3.49692e-09 0.155175)
(-1.61421e-09 2.677e-09 0.135723)
(-1.05189e-09 1.75492e-09 0.109883)
(-5.02194e-10 8.38523e-10 0.0752048)
(-6.95927e-11 9.69299e-11 0.0281868)
(-1.83335e-09 2.15034e-09 0.132613)
(-1.63709e-09 1.92598e-09 0.126445)
(-1.41292e-09 1.6886e-09 0.118434)
(-1.15614e-09 1.38614e-09 0.107934)
(-8.64522e-10 1.02452e-09 0.0940707)
(-5.51265e-10 6.37223e-10 0.0756693)
(-2.53714e-10 2.89563e-10 0.0511952)
(-2.5577e-11 3.76266e-11 0.0187085)
(8.7225e-10 1.36615e-09 0.1326)
(7.60353e-10 1.23787e-09 0.126432)
(6.43292e-10 1.10324e-09 0.118421)
(5.19137e-10 9.18025e-10 0.107922)
(3.85202e-10 6.86901e-10 0.0940603)
(2.4576e-10 4.32462e-10 0.0756611)
(1.14935e-10 1.98459e-10 0.0511899)
(1.1992e-11 2.60211e-11 0.0187067)
(1.81734e-09 3.16685e-09 0.190074)
(1.63144e-09 2.88797e-09 0.181303)
(1.41813e-09 2.5598e-09 0.169957)
(1.17397e-09 2.1423e-09 0.155168)
(8.9738e-10 1.63538e-09 0.135716)
(5.97905e-10 1.06774e-09 0.109878)
(3.02464e-10 5.07664e-10 0.0752016)
(5.42949e-11 5.38475e-11 0.0281857)
(7.65032e-10 4.57742e-09 0.218464)
(6.88067e-10 4.21259e-09 0.208883)
(6.02669e-10 3.76048e-09 0.196356)
(5.05479e-10 3.18612e-09 0.179855)
(3.92196e-10 2.47348e-09 0.157922)
(2.6408e-10 1.64031e-09 0.128472)
(1.34433e-10 7.77609e-10 0.0884768)
(2.46469e-11 7.49011e-11 0.0334953)
(-1.08252e-09 4.59729e-09 0.218467)
(-9.74454e-10 4.23877e-09 0.208885)
(-8.43048e-10 3.78591e-09 0.196359)
(-6.87463e-10 3.21163e-09 0.179857)
(-5.09931e-10 2.50057e-09 0.157924)
(-3.19356e-10 1.66571e-09 0.128474)
(-1.37471e-10 7.93323e-10 0.0884778)
(-5.21578e-12 7.89335e-11 0.0334956)
(-2.0068e-09 3.28942e-09 0.190082)
(-1.806e-09 2.99934e-09 0.181311)
(-1.56633e-09 2.65066e-09 0.169965)
(-1.28502e-09 2.21899e-09 0.155175)
(-9.62923e-10 1.69781e-09 0.135723)
(-6.1406e-10 1.10533e-09 0.109883)
(-2.77237e-10 5.10038e-10 0.0752048)
(-1.89228e-11 4.63966e-11 0.0281868)
(-1.26233e-09 1.38e-09 0.132613)
(-1.14386e-09 1.24489e-09 0.126445)
(-9.98145e-10 1.09395e-09 0.118434)
(-8.22369e-10 9.09179e-10 0.107934)
(-6.17497e-10 6.89198e-10 0.0940707)
(-3.93737e-10 4.43962e-10 0.0756693)
(-1.75971e-10 1.98525e-10 0.0511952)
(-1.2256e-11 1.14061e-11 0.0187085)
(8.11665e-10 7.79096e-10 0.1326)
(7.38339e-10 7.01329e-10 0.126432)
(6.47009e-10 6.18039e-10 0.118421)
(5.36447e-10 5.16409e-10 0.107922)
(4.07778e-10 3.92538e-10 0.0940602)
(2.67789e-10 2.54592e-10 0.0756611)
(1.2737e-10 1.08878e-10 0.0511899)
(1.42335e-11 -2.19548e-12 0.0187067)
(1.10865e-09 1.9513e-09 0.190074)
(9.93211e-10 1.76588e-09 0.181303)
(8.60252e-10 1.55203e-09 0.169957)
(7.08618e-10 1.28443e-09 0.155168)
(5.3833e-10 9.65218e-10 0.135716)
(3.57224e-10 6.17589e-10 0.109878)
(1.81523e-10 2.85406e-10 0.0752016)
(2.86007e-11 2.89244e-11 0.0281857)
(6.12756e-10 2.8051e-09 0.218464)
(5.70146e-10 2.58029e-09 0.208883)
(5.1892e-10 2.29845e-09 0.196356)
(4.56878e-10 1.94043e-09 0.179855)
(3.81571e-10 1.50129e-09 0.157922)
(2.92474e-10 9.92356e-10 0.128472)
(1.91675e-10 4.68849e-10 0.0884768)
(7.47702e-11 4.41667e-11 0.0334953)
(-6.05143e-10 2.89792e-09 0.218467)
(-5.38908e-10 2.66861e-09 0.208885)
(-4.56496e-10 2.38039e-09 0.196359)
(-3.57802e-10 2.01765e-09 0.179857)
(-2.45602e-10 1.56886e-09 0.157924)
(-1.27545e-10 1.03974e-09 0.128474)
(-2.25419e-11 4.87571e-10 0.0884778)
(3.15935e-11 4.36543e-11 0.0334956)
(-1.14252e-09 2.12862e-09 0.190082)
(-1.01981e-09 1.94687e-09 0.181311)
(-8.732e-10 1.72518e-09 0.169965)
(-7.01553e-10 1.45195e-09 0.155175)
(-5.0643e-10 1.12108e-09 0.135723)
(-2.98232e-10 7.39602e-10 0.109883)
(-1.04743e-10 3.46745e-10 0.0752048)
(2.03217e-11 3.60344e-11 0.0281868)
(-7.41673e-10 9.22254e-10 0.132613)
(-6.76942e-10 8.32728e-10 0.126445)
(-5.94301e-10 7.33363e-10 0.118434)
(-4.91191e-10 6.11973e-10 0.107934)
(-3.67505e-10 4.66255e-10 0.0940706)
(-2.29168e-10 3.02582e-10 0.0756693)
(-9.42088e-11 1.36269e-10 0.0511952)
(4.52104e-13 9.7386e-12 0.0187085)
(5.68129e-10 4.43414e-10 0.1326)
(5.3392e-10 3.87487e-10 0.126432)
(4.86961e-10 3.25767e-10 0.118421)
(4.2406e-10 2.49873e-10 0.107922)
(3.43305e-10 1.64638e-10 0.0940602)
(2.45361e-10 7.73378e-11 0.0756611)
(1.38399e-10 8.01112e-12 0.0511899)
(3.59237e-11 -1.7832e-11 0.0187067)
(8.81979e-10 1.18234e-09 0.190074)
(8.24657e-10 1.07821e-09 0.181303)
(7.49895e-10 9.48571e-10 0.169957)
(6.54161e-10 7.87274e-10 0.155168)
(5.34688e-10 5.92391e-10 0.135716)
(3.9046e-10 3.67969e-10 0.109878)
(2.27145e-10 1.44857e-10 0.0752016)
(6.25359e-11 -8.46457e-12 0.0281857)
(4.82429e-10 1.74969e-09 0.218464)
(4.57543e-10 1.61151e-09 0.208883)
(4.24815e-10 1.43623e-09 0.196356)
(3.8188e-10 1.21404e-09 0.179855)
(3.25737e-10 9.37214e-10 0.157922)
(2.52906e-10 6.12414e-10 0.128472)
(1.59872e-10 2.76909e-10 0.0884768)
(4.71795e-11 1.80837e-11 0.0334953)
(-2.36334e-10 1.8097e-09 0.218467)
(-1.9403e-10 1.66999e-09 0.208885)
(-1.45093e-10 1.4932e-09 0.196359)
(-9.02912e-11 1.26852e-09 0.179857)
(-3.22879e-11 9.88455e-10 0.157924)
(2.15636e-11 6.59867e-10 0.128474)
(5.4662e-11 3.15841e-10 0.0884778)
(4.17513e-11 3.43191e-11 0.0334956)
(-6.13977e-10 1.34981e-09 0.190082)
(-5.41379e-10 1.23641e-09 0.181311)
(-4.55727e-10 1.09746e-09 0.169965)
(-3.5706e-10 9.25147e-10 0.155175)
(-2.47444e-10 7.1567e-10 0.135723)
(-1.3457e-10 4.75168e-10 0.109883)
(-3.61372e-11 2.30398e-10 0.0752048)
(1.77155e-11 2.97637e-11 0.0281868)
(-3.46045e-10 6.22383e-10 0.132613)
(-3.05632e-10 5.66019e-10 0.126445)
(-2.58947e-10 5.01148e-10 0.118434)
(-2.05574e-10 4.20958e-10 0.107934)
(-1.45604e-10 3.2382e-10 0.0940706)
(-8.2391e-11 2.13996e-10 0.0756693)
(-2.55136e-11 1.03977e-10 0.0511952)
(7.97322e-12 1.46834e-11 0.0187085)
(4.1989e-10 1.54118e-10 0.1326)
(3.85636e-10 1.37337e-10 0.126432)
(3.43346e-10 1.27406e-10 0.118421)
(2.91419e-10 1.08041e-10 0.107922)
(2.29683e-10 7.91293e-11 0.0940602)
(1.60614e-10 4.86453e-11 0.0756611)
(8.64385e-11 1.63122e-11 0.0511899)
(1.63298e-11 -7.37582e-12 0.0187067)
(4.88964e-10 5.98798e-10 0.190074)
(4.42567e-10 5.29705e-10 0.181303)
(3.9008e-10 4.6459e-10 0.169957)
(3.29754e-10 3.7433e-10 0.155168)
(2.59428e-10 2.68031e-10 0.135716)
(1.82493e-10 1.69737e-10 0.109878)
(1.03227e-10 9.2248e-11 0.0752016)
(2.18322e-11 2.15734e-11 0.0281857)
(3.60987e-10 9.82938e-10 0.218464)
(3.49568e-10 8.97796e-10 0.208883)
(3.30992e-10 7.96642e-10 0.196356)
(3.02223e-10 6.67346e-10 0.179855)
(2.59652e-10 5.1176e-10 0.157922)
(2.02155e-10 3.40015e-10 0.128472)
(1.33298e-10 1.6817e-10 0.0884768)
(5.42589e-11 2.10617e-11 0.0334953)
(-1.39305e-10 1.06519e-09 0.218467)
(-1.12861e-10 9.82006e-10 0.208885)
(-8.20416e-11 8.74558e-10 0.196359)
(-4.94061e-11 7.4171e-10 0.179857)
(-1.83898e-11 5.78745e-10 0.157924)
(6.6337e-12 3.85263e-10 0.128474)
(2.22905e-11 1.79102e-10 0.0884778)
(2.0268e-11 1.34978e-11 0.0334956)
(-2.77859e-10 8.11969e-10 0.190082)
(-2.31157e-10 7.4668e-10 0.181311)
(-1.80715e-10 6.63756e-10 0.169965)
(-1.27958e-10 5.64423e-10 0.155175)
(-7.40446e-11 4.42893e-10 0.135723)
(-2.2459e-11 2.95032e-10 0.109883)
(1.83325e-11 1.3295e-10 0.0752048)
(2.96402e-11 9.4838e-12 0.0281868)
(-2.56033e-10 3.50893e-10 0.132613)
(-2.3302e-10 3.21336e-10 0.126445)
(-2.0402e-10 2.87261e-10 0.118434)
(-1.68473e-10 2.48833e-10 0.107934)
(-1.26258e-10 2.01058e-10 0.0940706)
(-7.8453e-11 1.4085e-10 0.0756693)
(-2.87576e-11 6.42635e-11 0.0511952)
(3.85269e-12 -1.05682e-13 0.0187085)
(1.50742e-10 1.09408e-10 0.1326)
(1.3357e-10 9.48607e-11 0.126432)
(1.16951e-10 8.00928e-11 0.118421)
(1.00257e-10 6.08847e-11 0.107922)
(8.20888e-11 3.96495e-11 0.0940602)
(6.09761e-11 1.75594e-11 0.0756611)
(3.67596e-11 -4.6024e-13 0.0511899)
(1.16538e-11 -5.38925e-12 0.0187067)
(3.43721e-10 3.42879e-10 0.190074)
(3.14558e-10 3.15937e-10 0.181303)
(2.8235e-10 2.80629e-10 0.169957)
(2.46722e-10 2.37483e-10 0.155168)
(2.05957e-10 1.83117e-10 0.135716)
(1.57162e-10 1.13981e-10 0.109878)
(9.80265e-11 3.6408e-11 0.0752016)
(3.22218e-11 -1.19357e-11 0.0281857)
(2.54376e-10 5.75585e-10 0.218464)
(2.37849e-10 5.32276e-10 0.208883)
(2.18418e-10 4.76111e-10 0.196356)
(1.95508e-10 4.03832e-10 0.179855)
(1.67743e-10 3.13297e-10 0.157922)
(1.32547e-10 2.03864e-10 0.128472)
(8.54494e-11 8.95016e-11 0.0884768)
(2.4663e-11 2.81979e-12 0.0334953)
(1.78178e-11 6.27233e-10 0.218467)
(2.83945e-11 5.7966e-10 0.208885)
(3.94336e-11 5.2006e-10 0.196359)
(5.05991e-11 4.44035e-10 0.179857)
(6.02721e-11 3.47748e-10 0.157924)
(6.45619e-11 2.34294e-10 0.128474)
(5.60735e-11 1.15807e-10 0.0884778)
(2.53368e-11 1.51924e-11 0.0334956)
(-1.16434e-10 4.61875e-10 0.190082)
(-9.35449e-11 4.2319e-10 0.181311)
(-6.98319e-11 3.79033e-10 0.169965)
(-4.55416e-11 3.21234e-10 0.155175)
(-2.15139e-11 2.50696e-10 0.135723)
(-4.3212e-13 1.71882e-10 0.109883)
(1.22178e-11 9.22544e-11 0.0752048)
(9.4869e-12 1.77368e-11 0.0281868)
(-4.97149e-11 1.78135e-10 0.132613)
(-3.80915e-11 1.60828e-10 0.126445)
(-2.75082e-11 1.47097e-10 0.118434)
(-1.73441e-11 1.23876e-10 0.107934)
(-7.45012e-12 9.3588e-11 0.0940706)
(1.19693e-12 6.12165e-11 0.0756693)
(5.2832e-12 3.38583e-11 0.0511952)
(4.58657e-12 1.04713e-11 0.0187085)
(2.5143e-10 1.51755e-11 0.1326)
(2.37948e-10 1.57227e-11 0.126432)
(2.14875e-10 1.81954e-11 0.118421)
(1.81236e-10 2.27301e-11 0.107922)
(1.38982e-10 2.91949e-11 0.0940602)
(9.1064e-11 3.25919e-11 0.0756611)
(3.90748e-11 1.50735e-11 0.0511899)
(-4.47919e-13 -7.87741e-12 0.0187067)
(7.79224e-11 2.08532e-10 0.190074)
(5.10048e-11 1.83501e-10 0.181303)
(2.69942e-11 1.60627e-10 0.169957)
(6.27469e-12 1.32673e-10 0.155168)
(-1.16429e-11 1.00167e-10 0.135716)
(-2.46029e-11 6.73905e-11 0.109878)
(-3.00633e-11 3.61515e-11 0.0752016)
(-2.59045e-11 9.92897e-12 0.0281857)
(1.72043e-10 3.18312e-10 0.218464)
(1.57667e-10 2.93083e-10 0.208883)
(1.40014e-10 2.59912e-10 0.196356)
(1.19881e-10 2.1874e-10 0.179855)
(9.75305e-11 1.69713e-10 0.157922)
(7.33574e-11 1.16113e-10 0.128472)
(4.73129e-11 6.10028e-11 0.0884768)
(1.89919e-11 8.56521e-12 0.0334953)
(-6.38622e-11 3.49733e-10 0.218467)
(-6.66333e-11 3.18036e-10 0.208885)
(-6.65095e-11 2.81311e-10 0.196359)
(-6.33871e-11 2.34792e-10 0.179857)
(-5.72842e-11 1.79909e-10 0.157924)
(-4.91697e-11 1.18495e-10 0.128474)
(-3.76769e-11 5.81819e-11 0.0884778)
(-1.87541e-11 5.08015e-12 0.0334956)
(-9.06878e-11 2.46354e-10 0.190082)
(-8.0496e-11 2.23157e-10 0.181311)
(-6.91253e-11 1.97889e-10 0.169965)
(-5.55451e-11 1.63392e-10 0.155175)
(-3.95996e-11 1.21966e-10 0.135723)
(-2.22723e-11 7.89874e-11 0.109883)
(-4.89414e-12 3.66463e-11 0.0752048)
(9.00934e-12 4.3692e-12 0.0281868)
(-2.74874e-10 1.01714e-11 0.132613)
(-2.73086e-10 5.65639e-12 0.126445)
(-2.60077e-10 1.17395e-12 0.118434)
(-2.33643e-10 -2.9145e-12 0.107934)
(-1.9376e-10 -6.94137e-12 0.0940706)
(-1.41484e-10 -1.17486e-11 0.0756693)
(-7.95546e-11 -1.99199e-11 0.0511952)
(-1.91163e-11 -1.8704e-11 0.0187085)
(2.54851e-10 -1.46189e-11 0.1326)
(2.55331e-10 -2.34931e-11 0.126432)
(2.42665e-10 -2.83187e-11 0.118421)
(2.1403e-10 -3.39627e-11 0.107922)
(1.70783e-10 -3.72036e-11 0.0940602)
(1.17381e-10 -3.35238e-11 0.0756611)
(6.10973e-11 -2.38438e-11 0.0511899)
(1.20899e-11 -9.48689e-12 0.0187067)
(8.84573e-11 1.68995e-10 0.190074)
(8.41467e-11 1.47117e-10 0.181303)
(7.74717e-11 1.25648e-10 0.169957)
(6.68181e-11 9.70386e-11 0.155168)
(5.10526e-11 6.65411e-11 0.135716)
(3.21692e-11 4.11102e-11 0.109878)
(1.38229e-11 2.46635e-11 0.0752016)
(-3.11305e-13 9.07616e-12 0.0281857)
(1.00063e-10 2.41634e-10 0.218464)
(9.64081e-11 2.23178e-10 0.208883)
(8.96757e-11 1.99187e-10 0.196356)
(7.90926e-11 1.67903e-10 0.179855)
(6.43917e-11 1.29047e-10 0.157922)
(4.69328e-11 8.55421e-11 0.128472)
(2.97913e-11 4.31391e-11 0.0884768)
(1.41542e-11 6.51391e-12 0.0334953)
(-5.69391e-11 2.64049e-10 0.218467)
(-5.71882e-11 2.44335e-10 0.208885)
(-5.56614e-11 2.17797e-10 0.196359)
(-5.17956e-11 1.83541e-10 0.179857)
(-4.54744e-11 1.41483e-10 0.157924)
(-3.58902e-11 8.81414e-11 0.128474)
(-2.07915e-11 3.33943e-11 0.0884778)
(-1.24201e-12 -2.56114e-12 0.0334956)
(-1.36175e-10 1.56782e-10 0.190082)
(-1.3545e-10 1.45405e-10 0.181311)
(-1.30899e-10 1.27232e-10 0.169965)
(-1.21251e-10 1.07597e-10 0.155175)
(-1.05381e-10 8.32404e-11 0.135723)
(-8.10517e-11 4.97865e-11 0.109883)
(-4.76565e-11 1.00146e-11 0.0752048)
(-1.1187e-11 -1.0525e-11 0.0281868)
(-1.88315e-10 -5.76773e-12 0.132613)
(-1.90479e-10 -1.46053e-11 0.126445)
(-1.86326e-10 -2.67343e-11 0.118434)
(-1.74156e-10 -3.4431e-11 0.107934)
(-1.52084e-10 -3.76355e-11 0.0940706)
(-1.17864e-10 -3.86238e-11 0.0756693)
(-7.17112e-11 -3.66241e-11 0.0511952)
(-2.16053e-11 -1.93064e-11 0.0187085)
(2.81654e-10 -7.6903e-12 0.1326)
(2.89038e-10 -1.94676e-11 0.126432)
(2.84053e-10 -3.94589e-11 0.118421)
(2.64343e-10 -5.01318e-11 0.107922)
(2.28504e-10 -5.30205e-11 0.0940602)
(1.74609e-10 -5.35352e-11 0.0756611)
(1.04187e-10 -5.30424e-11 0.0511899)
(3.02963e-11 -2.97962e-11 0.0187067)
(2.09651e-10 1.39584e-10 0.190074)
(2.16236e-10 1.28713e-10 0.181303)
(2.14591e-10 1.07272e-10 0.169957)
(2.02496e-10 8.73717e-11 0.155168)
(1.78079e-10 6.33061e-11 0.135716)
(1.38275e-10 2.82285e-11 0.109878)
(8.22567e-11 -1.35405e-11 0.0752016)
(1.97108e-11 -2.2195e-11 0.0281857)
(1.26056e-10 1.84392e-10 0.218464)
(1.25911e-10 1.71924e-10 0.208883)
(1.21289e-10 1.52816e-10 0.196356)
(1.11593e-10 1.29018e-10 0.179855)
(9.69748e-11 9.81989e-11 0.157922)
(7.63388e-11 6.0157e-11 0.128472)
(4.58554e-11 1.84899e-11 0.0884768)
(7.81077e-12 -4.42431e-12 0.0334953)
(3.6796e-11 1.65225e-10 0.218467)
(3.88032e-11 1.51474e-10 0.208885)
(3.89452e-11 1.36204e-10 0.196359)
(3.73962e-11 1.14816e-10 0.179857)
(3.46948e-11 8.87588e-11 0.157924)
(3.04676e-11 5.85842e-11 0.128474)
(2.16844e-11 3.01842e-11 0.0884778)
(6.00764e-12 5.39222e-12 0.0334956)
(-4.23237e-11 6.66532e-11 0.190082)
(-3.75281e-11 5.84723e-11 0.181311)
(-3.33574e-11 5.28907e-11 0.169965)
(-2.95602e-11 4.40027e-11 0.155175)
(-2.55701e-11 3.1891e-11 0.135723)
(-2.10057e-11 2.2982e-11 0.109883)
(-1.56665e-11 1.67449e-11 0.0752048)
(-7.61275e-12 5.9734e-12 0.0281868)
(7.81987e-12 1.34959e-11 0.132613)
(1.41114e-11 1.12399e-11 0.126445)
(1.70694e-11 1.1236e-11 0.118434)
(1.6422e-11 8.54779e-12 0.107934)
(1.2994e-11 4.23319e-12 0.0940706)
(7.5994e-12 5.9113e-13 0.0756693)
(1.36387e-12 1.79603e-12 0.0511952)
(-1.3072e-12 3.45522e-12 0.0187085)
(9.44237e-11 -2.74389e-11 0.1326)
(9.18238e-11 -2.89809e-11 0.126432)
(8.74655e-11 -2.32928e-11 0.118421)
(7.95452e-11 -2.51333e-11 0.107922)
(6.73079e-11 -3.10762e-11 0.0940602)
(5.19922e-11 -3.09838e-11 0.0756611)
(3.46554e-11 -1.81844e-11 0.0511899)
(1.18132e-11 -1.7905e-12 0.0187067)
(1.38442e-10 3.50979e-11 0.190074)
(1.41171e-10 2.39835e-11 0.181303)
(1.39821e-10 1.81632e-11 0.169957)
(1.31664e-10 6.63205e-12 0.155168)
(1.14724e-10 -5.34143e-12 0.135716)
(8.93471e-11 -6.36863e-12 0.109878)
(5.77124e-11 6.10339e-12 0.0752016)
(2.0045e-11 8.12201e-12 0.0281857)
(7.1637e-11 1.10603e-10 0.218464)
(7.75679e-11 9.89407e-11 0.208883)
(8.02158e-11 8.69764e-11 0.196356)
(7.73838e-11 7.14937e-11 0.179855)
(6.70335e-11 5.3379e-11 0.157922)
(4.92104e-11 3.56113e-11 0.128472)
(2.83736e-11 2.06729e-11 0.0884768)
(9.87386e-12 4.8104e-12 0.0334953)
(4.48101e-12 9.89811e-11 0.218467)
(1.10986e-11 9.34766e-11 0.208885)
(1.61941e-11 8.42996e-11 0.196359)
(1.85323e-11 7.35288e-11 0.179857)
(1.69437e-11 5.9707e-11 0.157924)
(1.17374e-11 4.16916e-11 0.128474)
(5.28138e-12 1.95379e-11 0.0884778)
(1.66467e-12 1.36788e-12 0.0334956)
(-8.25526e-12 6.68973e-11 0.190082)
(-4.74531e-13 6.31534e-11 0.181311)
(5.79476e-12 5.63308e-11 0.169965)
(9.60012e-12 5.03938e-11 0.155175)
(1.10934e-11 4.15343e-11 0.135723)
(1.03419e-11 2.78232e-11 0.109883)
(8.69193e-12 8.22137e-12 0.0752048)
(4.80063e-12 -2.64565e-12 0.0281868)
(-1.11311e-11 4.11101e-11 0.132613)
(-6.96277e-12 3.98824e-11 0.126445)
(-2.76212e-12 3.6494e-11 0.118434)
(8.99527e-13 3.47314e-11 0.107934)
(3.76189e-12 3.27036e-11 0.0940706)
(5.72257e-12 2.74208e-11 0.0756693)
(7.00353e-12 1.48898e-11 0.0511952)
(4.42185e-12 7.20125e-13 0.0187085)
(-6.59234e-11 6.96112e-11 0.1326)
(-6.86813e-11 6.35503e-11 0.126432)
(-6.66636e-11 4.93524e-11 0.118421)
(-5.8077e-11 4.03219e-11 0.107922)
(-4.38907e-11 3.47326e-11 0.0940602)
(-2.76419e-11 2.37942e-11 0.0756611)
(-1.34321e-11 8.21167e-12 0.0511899)
(-1.34859e-12 -1.6519e-12 0.0187067)
(8.47256e-11 4.21179e-11 0.190074)
(8.21474e-11 4.3388e-11 0.181303)
(7.78088e-11 3.86812e-11 0.169957)
(7.23608e-11 3.68615e-11 0.155168)
(6.6106e-11 3.28643e-11 0.135716)
(5.60752e-11 1.59227e-11 0.109878)
(3.84913e-11 -1.34057e-11 0.0752016)
(1.49538e-11 -1.93731e-11 0.0281857)
(6.9048e-11 6.44594e-11 0.218464)
(6.9321e-11 5.95883e-11 0.208883)
(6.83798e-11 5.24458e-11 0.196356)
(6.62931e-11 4.32081e-11 0.179855)
(6.28859e-11 3.08206e-11 0.157922)
(5.6332e-11 1.34547e-11 0.128472)
(4.1261e-11 -6.16653e-12 0.0884768)
(1.26355e-11 -8.85483e-12 0.0334953)
(6.73732e-11 6.25169e-11 0.218467)
(7.22656e-11 5.78512e-11 0.208885)
(7.55864e-11 5.20843e-11 0.196359)
(7.65389e-11 4.47923e-11 0.179857)
(7.45511e-11 3.57519e-11 0.157924)
(6.79209e-11 2.38708e-11 0.128474)
(5.22722e-11 1.3983e-11 0.0884778)
(2.20183e-11 4.2227e-12 0.0334956)
(7.44762e-11 6.77119e-11 0.190082)
(8.04099e-11 6.15801e-11 0.181311)
(8.40596e-11 5.64126e-11 0.169965)
(8.42053e-11 5.09735e-11 0.155175)
(7.97701e-11 4.49868e-11 0.135723)
(6.97526e-11 3.61186e-11 0.109883)
(5.16428e-11 2.36597e-11 0.0752048)
(2.20242e-11 8.30705e-12 0.0281868)
(6.26763e-11 5.81595e-11 0.132613)
(6.6665e-11 5.37265e-11 0.126445)
(6.83116e-11 4.80686e-11 0.118434)
(6.64071e-11 4.56543e-11 0.107934)
(6.05049e-11 4.39302e-11 0.0940706)
(5.06018e-11 3.93789e-11 0.0756693)
(3.62229e-11 2.83738e-11 0.0511952)
(1.4804e-11 9.76304e-12 0.0187085)
(2.28099e-10 -5.352e-11 0.1326)
(2.29825e-10 -6.08613e-11 0.126432)
(2.18749e-10 -7.51894e-11 0.118421)
(1.94799e-10 -7.36688e-11 0.107922)
(1.60129e-10 -5.94149e-11 0.0940602)
(1.1584e-10 -4.23509e-11 0.0756611)
(6.39096e-11 -3.32351e-11 0.0511899)
(1.48754e-11 -1.94057e-11 0.0187067)
(1.43395e-10 2.37999e-11 0.190074)
(1.47696e-10 1.28402e-11 0.181303)
(1.4582e-10 -2.30869e-12 0.169957)
(1.36672e-10 -8.59777e-12 0.155168)
(1.19678e-10 -1.22369e-11 0.135716)
(9.34207e-11 -2.24956e-11 0.109878)
(5.67838e-11 -3.65821e-11 0.0752016)
(1.35441e-11 -2.23596e-11 0.0281857)
(2.9204e-10 1.6937e-11 0.218464)
(2.98988e-10 1.96782e-11 0.208883)
(2.95564e-10 1.69001e-11 0.196356)
(2.80888e-10 1.43153e-11 0.179855)
(2.54926e-10 9.57169e-12 0.157922)
(2.15158e-10 3.61395e-14 0.128472)
(1.53282e-10 -1.18551e-11 0.0884768)
(5.77687e-11 -9.04956e-12 0.0334953)
(3.52357e-10 4.99695e-11 0.218467)
(3.63303e-10 4.81519e-11 0.208885)
(3.61804e-10 5.10304e-11 0.196359)
(3.45667e-10 5.04842e-11 0.179857)
(3.1336e-10 4.53567e-11 0.157924)
(2.61194e-10 3.71065e-11 0.128474)
(1.81018e-10 2.58013e-11 0.0884778)
(6.36741e-11 1.0136e-11 0.0334956)
(3.95882e-10 4.97833e-11 0.190082)
(4.12735e-10 5.53796e-11 0.181311)
(4.13966e-10 7.04807e-11 0.169965)
(3.94953e-10 8.048e-11 0.155175)
(3.51941e-10 8.7828e-11 0.135723)
(2.81858e-10 9.08061e-11 0.109883)
(1.81885e-10 8.33157e-11 0.0752048)
(5.53329e-11 3.80464e-11 0.0281868)
(5.27055e-10 1.60579e-10 0.132613)
(5.38522e-10 1.61124e-10 0.126445)
(5.25473e-10 1.63395e-10 0.118434)
(4.82766e-10 1.58693e-10 0.107934)
(4.10088e-10 1.47298e-10 0.0940706)
(3.09265e-10 1.28116e-10 0.0756693)
(1.84406e-10 1.03908e-10 0.0511952)
(5.32733e-11 5.04146e-11 0.0187085)
(4.37176e-10 -1.77579e-10 0.1326)
(4.53303e-10 -1.9002e-10 0.126432)
(4.49322e-10 -2.14782e-10 0.118421)
(4.21953e-10 -2.15944e-10 0.107922)
(3.69185e-10 -1.97084e-10 0.0940602)
(2.87107e-10 -1.68087e-10 0.0756611)
(1.78403e-10 -1.265e-10 0.0511899)
(5.76431e-11 -5.16416e-11 0.0187067)
(3.2322e-10 -1.64525e-11 0.190074)
(3.42048e-10 -1.45992e-11 0.181303)
(3.4746e-10 -2.47543e-11 0.169957)
(3.35189e-10 -2.28828e-11 0.155168)
(3.01885e-10 -1.99258e-11 0.135716)
(2.40292e-10 -3.31059e-11 0.109878)
(1.48935e-10 -5.99417e-11 0.0752016)
(4.18714e-11 -4.00842e-11 0.0281857)
(3.91362e-10 2.02422e-11 0.218464)
(4.04216e-10 2.39257e-11 0.208883)
(4.02391e-10 2.49742e-11 0.196356)
(3.82339e-10 2.54832e-11 0.179855)
(3.41863e-10 2.00877e-11 0.157922)
(2.76529e-10 9.2861e-13 0.128472)
(1.7941e-10 -2.57918e-11 0.0884768)
(5.28943e-11 -1.88733e-11 0.0334953)
(4.24446e-10 2.69993e-11 0.218467)
(4.39222e-10 3.76788e-11 0.208885)
(4.38937e-10 4.9984e-11 0.196359)
(4.17686e-10 5.77084e-11 0.179857)
(3.70405e-10 5.89954e-11 0.157924)
(2.92995e-10 4.55102e-11 0.128474)
(1.85868e-10 2.19789e-11 0.0884778)
(5.49734e-11 4.97858e-12 0.0334956)
(5.41857e-10 1.01217e-10 0.190082)
(5.56584e-10 1.07681e-10 0.181311)
(5.53315e-10 1.15534e-10 0.169965)
(5.2521e-10 1.28733e-10 0.155175)
(4.6644e-10 1.35472e-10 0.135723)
(3.74174e-10 1.17895e-10 0.109883)
(2.4834e-10 6.67951e-11 0.0752048)
(8.77525e-11 1.77464e-11 0.0281868)
(3.36559e-10 1.85474e-10 0.132613)
(3.41214e-10 1.81799e-10 0.126445)
(3.36567e-10 1.60011e-10 0.118434)
(3.16264e-10 1.53881e-10 0.107934)
(2.76952e-10 1.54739e-10 0.0940706)
(2.19538e-10 1.40994e-10 0.0756693)
(1.46013e-10 9.53122e-11 0.0511952)
(5.12135e-11 2.77342e-11 0.0187085)
(2.13122e-10 -1.97788e-10 0.1326)
(2.20665e-10 -2.0102e-10 0.126432)
(2.2383e-10 -2.08287e-10 0.118421)
(2.20572e-10 -2.04824e-10 0.107922)
(2.06807e-10 -1.88078e-10 0.0940602)
(1.75784e-10 -1.60042e-10 0.0756611)
(1.24223e-10 -1.08255e-10 0.0511899)
(4.88289e-11 -3.16634e-11 0.0187067)
(3.02494e-10 -1.03407e-10 0.190074)
(3.1569e-10 -9.3175e-11 0.181303)
(3.18978e-10 -8.53831e-11 0.169957)
(3.08179e-10 -7.14637e-11 0.155168)
(2.79559e-10 -5.52387e-11 0.135716)
(2.27028e-10 -4.38133e-11 0.109878)
(1.47506e-10 -3.87955e-11 0.0752016)
(4.96063e-11 -1.99524e-11 0.0281857)
(2.07888e-10 2.64455e-11 0.218464)
(2.11296e-10 2.82455e-11 0.208883)
(2.08075e-10 3.04319e-11 0.196356)
(1.94734e-10 2.99316e-11 0.179855)
(1.67747e-10 2.41689e-11 0.157922)
(1.24459e-10 1.17525e-11 0.128472)
(6.60272e-11 -3.99676e-12 0.0884768)
(6.50758e-12 -4.57836e-12 0.0334953)
(2.81631e-10 5.334e-11 0.218467)
(2.84304e-10 6.05538e-11 0.208885)
(2.78566e-10 6.62468e-11 0.196359)
(2.6039e-10 6.72745e-11 0.179857)
(2.25586e-10 6.175e-11 0.157924)
(1.71612e-10 4.49918e-11 0.128474)
(1.02349e-10 1.95626e-11 0.0884778)
(2.83358e-11 3.14412e-12 0.0334956)
(2.80727e-10 1.3388e-10 0.190082)
(2.70682e-10 1.30663e-10 0.181311)
(2.56071e-10 1.20133e-10 0.169965)
(2.3474e-10 1.124e-10 0.155175)
(2.03391e-10 1.00756e-10 0.135723)
(1.6048e-10 7.3736e-11 0.109883)
(1.05369e-10 3.10324e-11 0.0752048)
(3.52215e-11 1.511e-12 0.0281868)
(5.11615e-11 6.69533e-11 0.132613)
(3.75841e-11 5.45844e-11 0.126445)
(2.97222e-11 3.04418e-11 0.118434)
(2.64166e-11 1.85284e-11 0.107934)
(2.52591e-11 1.79252e-11 0.0940706)
(2.53708e-11 1.65948e-11 0.0756693)
(2.29622e-11 9.61268e-12 0.0511952)
(1.03966e-11 1.68731e-12 0.0187085)
(-1.74797e-10 -1.03312e-10 0.1326)
(-1.86523e-10 -9.30603e-11 0.126432)
(-1.8422e-10 -6.81521e-11 0.118421)
(-1.67123e-10 -5.5001e-11 0.107922)
(-1.36795e-10 -4.74212e-11 0.0940602)
(-9.38859e-11 -3.25067e-11 0.0756611)
(-4.22445e-11 1.06212e-13 0.0511899)
(-3.62677e-12 1.86914e-11 0.0187067)
(2.81557e-11 -1.55424e-10 0.190074)
(2.17022e-11 -1.47571e-10 0.181303)
(1.90919e-11 -1.24444e-10 0.169957)
(1.94324e-11 -1.05101e-10 0.155168)
(2.09388e-11 -8.05391e-11 0.135716)
(2.32418e-11 -4.21641e-11 0.109878)
(2.57561e-11 3.88839e-12 0.0752016)
(2.08691e-11 1.61288e-11 0.0281857)
(-6.03713e-11 -1.21667e-11 0.218464)
(-6.90836e-11 -1.12436e-11 0.208883)
(-7.24516e-11 -5.82281e-12 0.196356)
(-7.16279e-11 -1.91963e-12 0.179855)
(-6.8919e-11 1.58731e-12 0.157922)
(-6.44551e-11 5.26465e-12 0.128472)
(-5.06669e-11 1.0125e-11 0.0884768)
(-1.91978e-11 6.33318e-12 0.0334953)
(-7.52164e-12 3.81199e-11 0.218467)
(-2.1166e-11 3.82411e-11 0.208885)
(-3.18272e-11 3.61651e-11 0.196359)
(-3.90616e-11 3.17602e-11 0.179857)
(-4.35515e-11 2.54738e-11 0.157924)
(-4.48021e-11 1.46548e-11 0.128474)
(-3.73503e-11 3.76339e-15 0.0884778)
(-1.42939e-11 -4.67876e-12 0.0334956)
(-9.61663e-11 5.91153e-11 0.190082)
(-1.20273e-10 4.86027e-11 0.181311)
(-1.35609e-10 3.44924e-11 0.169965)
(-1.3931e-10 2.0832e-11 0.155175)
(-1.30375e-10 7.05004e-12 0.135723)
(-1.07635e-10 -1.00802e-11 0.109883)
(-7.03573e-11 -2.61718e-11 0.0752048)
(-2.28428e-11 -1.8822e-11 0.0281868)
(-2.45326e-10 -6.08931e-11 0.132613)
(-2.5932e-10 -7.02325e-11 0.126445)
(-2.59363e-10 -8.24525e-11 0.118434)
(-2.42921e-10 -8.80295e-11 0.107934)
(-2.09896e-10 -8.54859e-11 0.0940706)
(-1.60459e-10 -7.68991e-11 0.0756693)
(-9.76274e-11 -6.06699e-11 0.0511952)
(-2.99485e-11 -2.64508e-11 0.0187085)
(-3.60114e-10 1.24789e-10 0.1326)
(-3.71356e-10 1.26081e-10 0.126432)
(-3.64862e-10 1.20828e-10 0.118421)
(-3.36122e-10 1.13998e-10 0.107922)
(-2.84797e-10 1.04055e-10 0.0940602)
(-2.13347e-10 8.62669e-11 0.0756611)
(-1.25025e-10 6.61592e-11 0.0511899)
(-3.37804e-11 3.1652e-11 0.0187067)
(-1.53833e-10 -1.61987e-11 0.190074)
(-1.71424e-10 -1.38033e-12 0.181303)
(-1.80948e-10 1.24105e-11 0.169957)
(-1.78537e-10 2.7326e-11 0.155168)
(-1.61298e-10 4.05585e-11 0.135716)
(-1.28734e-10 4.42232e-11 0.109878)
(-8.14163e-11 3.55466e-11 0.0752016)
(-2.08949e-11 1.25577e-11 0.0281857)
(-2.44585e-10 7.89888e-12 0.218464)
(-2.64469e-10 1.40409e-11 0.208883)
(-2.73163e-10 2.15779e-11 0.196356)
(-2.67181e-10 2.73188e-11 0.179855)
(-2.4472e-10 2.99536e-11 0.157922)
(-2.03382e-10 2.6966e-11 0.128472)
(-1.40059e-10 1.7362e-11 0.0884768)
(-5.10342e-11 6.63766e-12 0.0334953)
(-2.26851e-10 3.47697e-11 0.218467)
(-2.46134e-10 3.60823e-11 0.208885)
(-2.55172e-10 3.28565e-11 0.196359)
(-2.50532e-10 2.74648e-11 0.179857)
(-2.29701e-10 1.88667e-11 0.157924)
(-1.89329e-10 5.32948e-12 0.128474)
(-1.25263e-10 -8.65198e-12 0.0884778)
(-3.77657e-11 -7.65704e-12 0.0334956)
(-3.56275e-10 7.43547e-12 0.190082)
(-3.79465e-10 1.17202e-12 0.181311)
(-3.86373e-10 -1.22487e-11 0.169965)
(-3.72081e-10 -2.25761e-11 0.155175)
(-3.33981e-10 -3.22661e-11 0.135723)
(-2.68209e-10 -4.49756e-11 0.109883)
(-1.73147e-10 -5.42881e-11 0.0752048)
(-5.62285e-11 -3.13789e-11 0.0281868)
(-3.07676e-10 -5.25761e-11 0.132613)
(-3.13834e-10 -6.47381e-11 0.126445)
(-3.07306e-10 -8.59049e-11 0.118434)
(-2.86122e-10 -9.79723e-11 0.107934)
(-2.49123e-10 -9.95459e-11 0.0940706)
(-1.93998e-10 -9.33145e-11 0.0756693)
(-1.22146e-10 -7.53903e-11 0.0511952)
(-3.98425e-11 -3.21583e-11 0.0187085)
(-4.22821e-10 1.3582e-10 0.1326)
(-4.33389e-10 1.41433e-10 0.126432)
(-4.2666e-10 1.59867e-10 0.118421)
(-3.99956e-10 1.59408e-10 0.107922)
(-3.50721e-10 1.43419e-10 0.0940602)
(-2.74041e-10 1.23367e-10 0.0756611)
(-1.6854e-10 1.0354e-10 0.0511899)
(-5.18026e-11 5.14587e-11 0.0187067)
(-3.33091e-10 1.59316e-11 0.190074)
(-3.50609e-10 1.50606e-11 0.181303)
(-3.5463e-10 2.62352e-11 0.169957)
(-3.41426e-10 2.97915e-11 0.155168)
(-3.07788e-10 3.16929e-11 0.135716)
(-2.47448e-10 4.63327e-11 0.109878)
(-1.5552e-10 6.69556e-11 0.0752016)
(-4.2539e-11 4.17119e-11 0.0281857)
(-3.12856e-10 -1.19235e-11 0.218464)
(-3.2562e-10 -1.30555e-11 0.208883)
(-3.26311e-10 -8.12216e-12 0.196356)
(-3.11707e-10 -3.10091e-12 0.179855)
(-2.79846e-10 1.9871e-12 0.157922)
(-2.26392e-10 1.11211e-11 0.128472)
(-1.45264e-10 2.01963e-11 0.0884768)
(-3.80615e-11 1.24455e-11 0.0334953)
(-3.02409e-10 -1.37686e-11 0.218467)
(-3.13668e-10 -1.53849e-11 0.208885)
(-3.13596e-10 -1.82305e-11 0.196359)
(-2.98759e-10 -1.90393e-11 0.179857)
(-2.66274e-10 -1.77544e-11 0.157924)
(-2.13193e-10 -1.59444e-11 0.128474)
(-1.35666e-10 -1.41031e-11 0.0884778)
(-3.74387e-11 -7.5076e-12 0.0334956)
(-3.11634e-10 -4.19417e-11 0.190082)
(-3.18008e-10 -4.50438e-11 0.181311)
(-3.13399e-10 -4.93694e-11 0.169965)
(-2.9449e-10 -5.00884e-11 0.155175)
(-2.58606e-10 -4.94518e-11 0.135723)
(-2.03061e-10 -4.82424e-11 0.109883)
(-1.2705e-10 -4.46505e-11 0.0752048)
(-3.67702e-11 -2.21483e-11 0.0281868)
(-2.0795e-10 -4.22497e-11 0.132613)
(-2.05288e-10 -4.37419e-11 0.126445)
(-1.95979e-10 -4.72803e-11 0.118434)
(-1.78861e-10 -4.66852e-11 0.107934)
(-1.52857e-10 -4.35427e-11 0.0940706)
(-1.16946e-10 -3.86272e-11 0.0756693)
(-7.05986e-11 -3.4013e-11 0.0511952)
(-2.02799e-11 -1.82066e-11 0.0187085)
(-3.35289e-10 1.86094e-10 0.1326)
(-3.34746e-10 1.80744e-10 0.126432)
(-3.21688e-10 1.74165e-10 0.118421)
(-2.93905e-10 1.54967e-10 0.107922)
(-2.50532e-10 1.25395e-10 0.0940602)
(-1.90211e-10 9.06777e-11 0.0756611)
(-1.1199e-10 6.47242e-11 0.0511899)
(-2.9746e-11 3.19588e-11 0.0187067)
(-2.09152e-10 1.075e-10 0.190074)
(-2.14282e-10 1.08408e-10 0.181303)
(-2.13512e-10 1.06607e-10 0.169957)
(-2.04042e-10 9.73914e-11 0.155168)
(-1.82284e-10 8.3644e-11 0.135716)
(-1.45009e-10 6.81224e-11 0.109878)
(-8.97788e-11 5.36584e-11 0.0752016)
(-2.05022e-11 2.08338e-11 0.0281857)
(-2.85941e-10 5.33157e-11 0.218464)
(-2.9153e-10 4.97751e-11 0.208883)
(-2.86925e-10 4.87537e-11 0.196356)
(-2.69793e-10 4.42815e-11 0.179855)
(-2.38071e-10 3.72457e-11 0.157922)
(-1.89604e-10 2.75787e-11 0.128472)
(-1.20846e-10 1.87379e-11 0.0884768)
(-3.53846e-11 6.19374e-12 0.0334953)
(-2.52972e-10 2.59712e-11 0.218467)
(-2.53697e-10 2.68619e-11 0.208885)
(-2.45903e-10 2.34656e-11 0.196359)
(-2.2723e-10 1.99797e-11 0.179857)
(-1.9582e-10 1.55402e-11 0.157924)
(-1.49434e-10 7.7398e-12 0.128474)
(-8.76804e-11 -2.02245e-12 0.0884778)
(-1.7517e-11 -4.64724e-12 0.0334956)
(-2.61201e-10 2.96153e-11 0.190082)
(-2.61068e-10 2.71646e-11 0.181311)
(-2.5156e-10 1.66743e-11 0.169965)
(-2.308e-10 9.54899e-12 0.155175)
(-1.97367e-10 2.57907e-12 0.135723)
(-1.49895e-10 -1.08295e-11 0.109883)
(-8.91783e-11 -2.61318e-11 0.0752048)
(-2.38245e-11 -1.85033e-11 0.0281868)
(-1.2278e-10 4.81425e-11 0.132613)
(-1.19469e-10 4.1566e-11 0.126445)
(-1.11525e-10 2.72955e-11 0.118434)
(-9.88048e-11 1.65058e-11 0.107934)
(-8.13386e-11 8.65618e-12 0.0940706)
(-5.87228e-11 5.7123e-14 0.0756693)
(-3.2144e-11 -8.71559e-12 0.0511952)
(-7.95056e-12 -8.77806e-12 0.0187085)
(-5.57119e-11 6.87457e-11 0.1326)
(-5.97313e-11 6.86017e-11 0.126432)
(-6.39622e-11 7.39574e-11 0.118421)
(-6.79156e-11 6.97908e-11 0.107922)
(-6.87052e-11 5.96316e-11 0.0940602)
(-6.11884e-11 5.02325e-11 0.0756611)
(-4.26231e-11 3.94381e-11 0.0511899)
(-1.63686e-11 1.61073e-11 0.0187067)
(-1.55726e-10 4.18497e-11 0.190074)
(-1.54611e-10 3.0707e-11 0.181303)
(-1.49963e-10 2.8246e-11 0.169957)
(-1.41468e-10 1.70779e-11 0.155168)
(-1.27589e-10 6.26755e-12 0.135716)
(-1.03178e-10 8.46278e-12 0.109878)
(-6.46122e-11 2.59743e-11 0.0752016)
(-1.92597e-11 2.23601e-11 0.0281857)
(-1.1194e-10 8.32641e-12 0.218464)
(-1.0401e-10 4.30861e-12 0.208883)
(-9.27681e-11 1.87524e-12 0.196356)
(-7.79807e-11 -2.20066e-12 0.179855)
(-5.95903e-11 -4.95891e-12 0.157922)
(-3.65109e-11 -1.9223e-12 0.128472)
(-8.34226e-12 7.1549e-12 0.0884768)
(1.55829e-11 5.93677e-12 0.0334953)
(-1.40849e-10 6.62911e-12 0.218467)
(-1.3416e-10 6.16716e-12 0.208885)
(-1.22199e-10 3.20035e-12 0.196359)
(-1.05028e-10 1.88422e-12 0.179857)
(-8.28624e-11 2.0824e-12 0.157924)
(-5.61165e-11 9.88668e-13 0.128474)
(-2.48934e-11 -2.16145e-12 0.0884778)
(2.58782e-12 -2.83407e-12 0.0334956)
(-5.56308e-11 3.9916e-11 0.190082)
(-4.75543e-11 3.94972e-11 0.181311)
(-3.72114e-11 3.34575e-11 0.169965)
(-2.49124e-11 3.17972e-11 0.155175)
(-1.08507e-11 2.90217e-11 0.135723)
(4.73401e-12 1.8954e-11 0.109883)
(1.88314e-11 1.19383e-12 0.0752048)
(2.09331e-11 -4.87292e-12 0.0281868)
(-9.3347e-11 4.8832e-11 0.132613)
(-9.15059e-11 4.79617e-11 0.126445)
(-8.46609e-11 3.96513e-11 0.118434)
(-7.30325e-11 3.86129e-11 0.107934)
(-5.69802e-11 3.93266e-11 0.0940706)
(-3.63016e-11 3.44448e-11 0.0756693)
(-1.19701e-11 1.37306e-11 0.0511952)
(3.80591e-12 -5.92853e-12 0.0187085)
(1.54962e-10 -3.71169e-11 0.1326)
(1.60234e-10 -4.13637e-11 0.126432)
(1.5729e-10 -4.88429e-11 0.118421)
(1.45029e-10 -4.92067e-11 0.107922)
(1.23587e-10 -4.38168e-11 0.0940602)
(9.29893e-11 -3.6455e-11 0.0756611)
(5.41286e-11 -3.20357e-11 0.0511899)
(1.50329e-11 -1.71413e-11 0.0187067)
(4.27698e-11 2.33501e-11 0.190074)
(4.94109e-11 1.92955e-11 0.181303)
(5.33745e-11 1.02321e-11 0.169957)
(5.41422e-11 4.05042e-12 0.155168)
(5.14052e-11 -8.75221e-13 0.135716)
(4.33242e-11 -1.11402e-11 0.109878)
(2.85795e-11 -2.23896e-11 0.0752016)
(7.99778e-12 -1.55357e-11 0.0281857)
(8.04954e-11 3.02163e-12 0.218464)
(8.57862e-11 1.50601e-12 0.208883)
(8.8301e-11 -2.99597e-12 0.196356)
(8.79029e-11 -6.95023e-12 0.179855)
(8.48461e-11 -9.41695e-12 0.157922)
(7.72112e-11 -1.33864e-11 0.128472)
(5.89792e-11 -1.5209e-11 0.0884768)
(2.26658e-11 -7.47049e-12 0.0334953)
(4.4338e-11 2.26662e-12 0.218467)
(4.71138e-11 -7.82295e-13 0.208885)
(4.90701e-11 -1.76054e-12 0.196359)
(5.033e-11 -3.22879e-12 0.179857)
(5.07301e-11 -4.85648e-12 0.157924)
(4.8503e-11 -3.45096e-12 0.128474)
(3.83879e-11 -8.37141e-14 0.0884778)
(1.42404e-11 2.18455e-12 0.0334956)
(6.71987e-11 -4.77024e-12 0.190082)
(6.74756e-11 -5.45466e-12 0.181311)
(6.5787e-11 -3.17251e-12 0.169965)
(6.22798e-11 -3.07738e-12 0.155175)
(5.67166e-11 -2.31107e-12 0.135723)
(4.8146e-11 4.203e-12 0.109883)
(3.36436e-11 1.24559e-11 0.0752048)
(1.20747e-11 1.00737e-11 0.0281868)
(-8.75594e-12 -3.33143e-11 0.132613)
(-1.15837e-11 -3.38937e-11 0.126445)
(-1.32172e-11 -2.9614e-11 0.118434)
(-1.26518e-11 -2.72304e-11 0.107934)
(-1.00352e-11 -2.52276e-11 0.0940706)
(-6.29995e-12 -1.95676e-11 0.0756693)
(-3.60631e-12 -8.41171e-12 0.0511952)
(-9.84824e-13 1.33602e-12 0.0187085)
(-7.38405e-11 4.28601e-12 0.1326)
(-7.29093e-11 -6.2068e-13 0.126432)
(-6.51871e-11 -4.0038e-12 0.118421)
(-5.11032e-11 -1.567e-11 0.107922)
(-3.30193e-11 -3.07906e-11 0.0940602)
(-1.35642e-11 -3.97261e-11 0.0756611)
(6.31368e-12 -2.34298e-11 0.0511899)
(1.22634e-11 3.17765e-12 0.0187067)
(1.55486e-10 -2.56612e-11 0.190074)
(1.627e-10 -2.17868e-11 0.181303)
(1.64609e-10 -1.70368e-11 0.169957)
(1.59327e-10 -1.6597e-11 0.155168)
(1.45708e-10 -1.66256e-11 0.135716)
(1.21807e-10 -1.24504e-11 0.109878)
(8.73343e-11 -9.5399e-13 0.0752016)
(4.00383e-11 8.71386e-13 0.0281857)
(7.96292e-12 2.38152e-11 0.218464)
(1.00003e-11 2.29442e-11 0.208883)
(1.1471e-11 2.4052e-11 0.196356)
(1.06072e-11 2.28935e-11 0.179855)
(5.65573e-12 1.82994e-11 0.157922)
(-3.6187e-12 1.25856e-11 0.128472)
(-1.25771e-11 6.97393e-12 0.0884768)
(-1.22809e-11 3.16827e-12 0.0334953)
(6.35708e-11 1.69019e-11 0.218467)
(6.69567e-11 2.26834e-11 0.208885)
(6.74353e-11 2.5342e-11 0.196359)
(6.43721e-11 2.7159e-11 0.179857)
(5.69899e-11 2.70181e-11 0.157924)
(4.55194e-11 2.00144e-11 0.128474)
(3.13934e-11 7.33775e-12 0.0884778)
(1.50937e-11 6.22445e-13 0.0334956)
(-4.72857e-11 1.89301e-12 0.190082)
(-5.31264e-11 6.16026e-12 0.181311)
(-5.66207e-11 4.83066e-12 0.169965)
(-5.76593e-11 5.86662e-12 0.155175)
(-5.62973e-11 6.49472e-12 0.135723)
(-5.05629e-11 5.19725e-13 0.109883)
(-3.89729e-11 -8.9292e-12 0.0752048)
(-1.99467e-11 -9.93421e-12 0.0281868)
(4.63684e-11 2.0607e-11 0.132613)
(4.52051e-11 1.68232e-11 0.126445)
(4.09731e-11 7.31242e-12 0.118434)
(3.29223e-11 -6.03613e-13 0.107934)
(2.17184e-11 -5.60489e-12 0.0940706)
(9.91419e-12 -1.02296e-11 0.0756693)
(-6.23586e-13 -8.83824e-12 0.0511952)
(-5.40548e-12 -1.54246e-12 0.0187085)
(-1.97121e-10 3.08515e-11 0.1326)
(-2.13484e-10 3.75429e-11 0.126432)
(-2.17968e-10 4.79183e-11 0.118421)
(-2.07371e-10 5.22822e-11 0.107922)
(-1.80571e-10 5.16126e-11 0.0940602)
(-1.36805e-10 4.87022e-11 0.0756611)
(-7.8862e-11 4.54259e-11 0.0511899)
(-2.17069e-11 2.42356e-11 0.0187067)
(-4.04975e-11 -9.87264e-11 0.190074)
(-4.99796e-11 -9.60436e-11 0.181303)
(-5.55465e-11 -8.23006e-11 0.169957)
(-5.63226e-11 -7.04103e-11 0.155168)
(-5.14351e-11 -5.5283e-11 0.135716)
(-3.90641e-11 -3.03756e-11 0.109878)
(-1.87721e-11 3.55829e-12 0.0752016)
(8.6134e-13 1.35908e-11 0.0281857)
(-1.97574e-11 -8.3099e-11 0.218464)
(-2.02309e-11 -7.63638e-11 0.208883)
(-1.90015e-11 -6.59925e-11 0.196356)
(-1.63072e-11 -5.48481e-11 0.179855)
(-1.31118e-11 -4.1871e-11 0.157922)
(-9.30187e-12 -2.43865e-11 0.128472)
(-2.03457e-12 -6.57681e-12 0.0884768)
(7.51594e-12 2.77107e-12 0.0334953)
(1.33463e-11 -6.83594e-11 0.218467)
(1.41581e-11 -5.98367e-11 0.208885)
(1.5081e-11 -5.12892e-11 0.196359)
(1.51677e-11 -4.04443e-11 0.179857)
(1.37277e-11 -2.86422e-11 0.157924)
(1.06084e-11 -1.87259e-11 0.128474)
(7.88302e-12 -1.2673e-11 0.0884778)
(6.17817e-12 -4.18572e-12 0.0334956)
(9.11683e-12 -5.02259e-11 0.190082)
(1.14076e-11 -4.32079e-11 0.181311)
(1.33269e-11 -3.60062e-11 0.169965)
(1.39253e-11 -2.44745e-11 0.155175)
(1.2439e-11 -1.30235e-11 0.135723)
(9.69539e-12 -7.57797e-12 0.109883)
(7.14896e-12 -1.04628e-11 0.0752048)
(3.68282e-12 -7.30334e-12 0.0281868)
(7.73677e-11 3.64312e-11 0.132613)
(8.29236e-11 3.76075e-11 0.126445)
(8.37067e-11 3.24629e-11 0.118434)
(7.75131e-11 3.2884e-11 0.107934)
(6.44156e-11 3.53578e-11 0.0940706)
(4.70039e-11 3.24398e-11 0.0756693)
(2.84414e-11 1.94685e-11 0.0511952)
(8.7024e-12 3.38255e-12 0.0187085)
(-4.09099e-11 9.19311e-11 0.1326)
(-4.4836e-11 8.68972e-11 0.126432)
(-4.91781e-11 6.42813e-11 0.118421)
(-5.06292e-11 5.84373e-11 0.107922)
(-4.757e-11 6.26233e-11 0.0940602)
(-4.17763e-11 5.77985e-11 0.0756611)
(-3.44676e-11 3.04134e-11 0.0511899)
(-1.53833e-11 -5.16054e-13 0.0187067)
(-5.82351e-11 -1.27523e-11 0.190074)
(-6.69052e-11 1.56068e-14 0.181303)
(-7.3457e-11 3.12697e-12 0.169957)
(-7.5015e-11 1.58201e-11 0.155168)
(-6.9388e-11 2.69522e-11 0.135716)
(-5.78823e-11 1.8004e-11 0.109878)
(-4.26646e-11 -1.13996e-11 0.0752016)
(-2.06034e-11 -1.67952e-11 0.0281857)
(6.46198e-11 -9.96049e-11 0.218464)
(5.74645e-11 -8.34703e-11 0.208883)
(4.90501e-11 -6.84792e-11 0.196356)
(4.12314e-11 -5.13786e-11 0.179855)
(3.63352e-11 -3.4812e-11 0.157922)
(3.38199e-11 -2.33126e-11 0.128472)
(2.63387e-11 -1.81476e-11 0.0884768)
(8.01971e-12 -6.3606e-12 0.0334953)
(1.00455e-10 -8.75881e-11 0.218467)
(9.98631e-11 -7.64451e-11 0.208885)
(9.66777e-11 -6.15909e-11 0.196359)
(9.04339e-11 -4.60196e-11 0.179857)
(8.07969e-11 -3.12988e-11 0.157924)
(6.68889e-11 -1.9427e-11 0.128474)
(4.65968e-11 -9.24202e-12 0.0884778)
(1.63441e-11 2.2752e-13 0.0334956)
(1.55726e-10 -5.11558e-11 0.190082)
(1.61404e-10 -3.86424e-11 0.181311)
(1.61434e-10 -2.40977e-11 0.169965)
(1.53913e-10 -7.72885e-12 0.155175)
(1.36734e-10 8.50399e-12 0.135723)
(1.09486e-10 1.90731e-11 0.109883)
(7.16476e-11 1.91927e-11 0.0752048)
(2.28344e-11 9.30224e-12 0.0281868)
(2.35319e-10 6.59025e-11 0.132613)
(2.40125e-10 6.59407e-11 0.126445)
(2.3453e-10 6.09261e-11 0.118434)
(2.15446e-10 5.84073e-11 0.107934)
(1.82431e-10 5.77152e-11 0.0940706)
(1.37359e-10 5.30614e-11 0.0756693)
(8.26695e-11 4.24396e-11 0.0511952)
(2.41138e-11 1.99716e-11 0.0187085)
(7.62372e-11 2.47445e-12 0.1326)
(7.52716e-11 1.58436e-12 0.126432)
(6.73327e-11 4.44894e-13 0.118421)
(5.23067e-11 2.73185e-12 0.107922)
(3.2724e-11 7.83188e-12 0.0940602)
(1.23487e-11 1.37836e-11 0.0756611)
(-4.07045e-12 1.30784e-11 0.0511899)
(-9.07625e-12 3.83347e-12 0.0187067)
(-5.50768e-11 -1.35649e-11 0.190074)
(-5.64393e-11 -1.71418e-11 0.181303)
(-5.7545e-11 -1.5979e-11 0.169957)
(-5.85076e-11 -1.43576e-11 0.155168)
(-5.8456e-11 -1.08435e-11 0.135716)
(-5.44e-11 -2.95157e-12 0.109878)
(-4.28354e-11 8.22008e-12 0.0752016)
(-2.10497e-11 1.05161e-11 0.0281857)
(1.16303e-10 -8.18285e-11 0.218464)
(1.197e-10 -7.40206e-11 0.208883)
(1.17474e-10 -6.30487e-11 0.196356)
(1.089e-10 -5.09237e-11 0.179855)
(9.40672e-11 -3.70509e-11 0.157922)
(7.38577e-11 -2.16419e-11 0.128472)
(4.97175e-11 -5.99582e-12 0.0884768)
(2.12194e-11 1.76828e-12 0.0334953)
(1.52206e-10 -7.4133e-11 0.218467)
(1.57886e-10 -6.54282e-11 0.208885)
(1.5752e-10 -5.28677e-11 0.196359)
(1.48906e-10 -3.80781e-11 0.179857)
(1.30623e-10 -2.30321e-11 0.157924)
(1.01797e-10 -1.05158e-11 0.128474)
(6.36468e-11 -3.26975e-12 0.0884778)
(1.90522e-11 3.82907e-13 0.0334956)
(2.73265e-10 -2.21135e-11 0.190082)
(2.83909e-10 -1.11938e-11 0.181311)
(2.83845e-10 2.71352e-12 0.169965)
(2.69461e-10 1.84782e-11 0.155175)
(2.38334e-10 3.36173e-11 0.135723)
(1.89249e-10 4.00022e-11 0.109883)
(1.22334e-10 3.35742e-11 0.0752048)
(4.05481e-11 1.36196e-11 0.0281868)
(2.64289e-10 7.97393e-11 0.132613)
(2.67717e-10 8.35403e-11 0.126445)
(2.60522e-10 8.41154e-11 0.118434)
(2.39732e-10 8.645e-11 0.107934)
(2.04501e-10 8.75527e-11 0.0940706)
(1.55976e-10 7.99936e-11 0.0756693)
(9.69358e-11 5.89854e-11 0.0511952)
(3.05379e-11 2.19705e-11 0.0187085)
(8.93191e-11 1.72369e-11 0.1326)
(9.64779e-11 9.33675e-12 0.126432)
(9.88509e-11 -7.0698e-12 0.118421)
(9.57072e-11 -1.70242e-11 0.107922)
(8.59907e-11 -2.10505e-11 0.0940602)
(6.76143e-11 -2.48197e-11 0.0756611)
(4.15617e-11 -2.58766e-11 0.0511899)
(1.35354e-11 -1.40598e-11 0.0187067)
(9.63381e-11 1.78821e-11 0.190074)
(1.02981e-10 2.34974e-11 0.181303)
(1.0477e-10 1.98941e-11 0.169957)
(1.00788e-10 2.01578e-11 0.155168)
(9.03614e-11 1.86111e-11 0.135716)
(7.14727e-11 6.78207e-12 0.109878)
(4.30093e-11 -1.38149e-11 0.0752016)
(1.12635e-11 -1.5191e-11 0.0281857)
(1.20124e-10 -2.10596e-11 0.218464)
(1.21651e-10 -1.47683e-11 0.208883)
(1.18508e-10 -1.02e-11 0.196356)
(1.09498e-10 -5.54961e-12 0.179855)
(9.43476e-11 -3.21554e-12 0.157922)
(7.21202e-11 -4.41762e-12 0.128472)
(4.12752e-11 -7.87182e-12 0.0884768)
(5.62433e-12 -5.34696e-12 0.0334953)
(1.86757e-10 -2.45749e-11 0.218467)
(1.91459e-10 -1.66793e-11 0.208885)
(1.89349e-10 -8.02724e-12 0.196359)
(1.78337e-10 -3.62042e-14 0.179857)
(1.56926e-10 5.45457e-12 0.157924)
(1.23777e-10 7.85838e-12 0.128474)
(7.86514e-11 6.27013e-12 0.0884778)
(2.34082e-11 2.64095e-12 0.0334956)
(2.28257e-10 3.48846e-11 0.190082)
(2.31837e-10 4.02593e-11 0.181311)
(2.2805e-10 4.4586e-11 0.169965)
(2.1441e-10 4.83236e-11 0.155175)
(1.88316e-10 4.93824e-11 0.135723)
(1.48322e-10 4.50683e-11 0.109883)
(9.33814e-11 3.34156e-11 0.0752048)
(2.69473e-11 1.18918e-11 0.0281868)
(2.39846e-10 1.09675e-10 0.132613)
(2.40117e-10 1.06934e-10 0.126445)
(2.32206e-10 1.01067e-10 0.118434)
(2.13896e-10 9.28444e-11 0.107934)
(1.84006e-10 8.24657e-11 0.0940706)
(1.42053e-10 6.82597e-11 0.0756693)
(8.76703e-11 5.05808e-11 0.0511952)
(2.63706e-11 2.21542e-11 0.0187085)
(-7.33692e-11 -6.62013e-12 0.1326)
(-7.83656e-11 -1.89807e-12 0.126432)
(-7.89372e-11 1.1797e-11 0.118421)
(-7.52502e-11 1.54041e-11 0.107922)
(-6.69224e-11 1.22599e-11 0.0940602)
(-5.17688e-11 1.15058e-11 0.0756611)
(-2.9555e-11 1.80653e-11 0.0511899)
(-8.45146e-12 1.49884e-11 0.0187067)
(1.18289e-12 -4.1758e-11 0.190074)
(4.35031e-13 -4.55793e-11 0.181303)
(9.54598e-14 -3.90723e-11 0.169957)
(-7.39701e-13 -3.78861e-11 0.155168)
(-2.84403e-12 -3.48903e-11 0.135716)
(-3.7263e-12 -1.68785e-11 0.109878)
(-4.92309e-13 1.40335e-11 0.0752016)
(2.58358e-12 1.87458e-11 0.0281857)
(3.97663e-11 -2.79997e-11 0.218464)
(4.37388e-11 -2.79304e-11 0.208883)
(4.61358e-11 -2.43763e-11 0.196356)
(4.48197e-11 -2.0347e-11 0.179855)
(3.80572e-11 -1.52437e-11 0.157922)
(2.59957e-11 -5.6615e-12 0.128472)
(1.41781e-11 6.20256e-12 0.0884768)
(7.21203e-12 6.32173e-12 0.0334953)
(1.01391e-10 -1.42012e-11 0.218467)
(1.05089e-10 -1.04494e-11 0.208885)
(1.05226e-10 -6.83278e-12 0.196359)
(9.97726e-11 -1.47619e-12 0.179857)
(8.69653e-11 3.79948e-12 0.157924)
(6.61007e-11 7.31329e-12 0.128474)
(3.96587e-11 5.29904e-12 0.0884778)
(1.21489e-11 1.40954e-12 0.0334956)
(1.56847e-10 4.88034e-11 0.190082)
(1.59693e-10 4.9735e-11 0.181311)
(1.57827e-10 4.90241e-11 0.169965)
(1.49328e-10 4.86218e-11 0.155175)
(1.32521e-10 4.58754e-11 0.135723)
(1.06075e-10 3.82279e-11 0.109883)
(6.96482e-11 2.27658e-11 0.0752048)
(2.36983e-11 6.1076e-12 0.0281868)
(1.42721e-10 9.28657e-11 0.132613)
(1.41786e-10 9.26393e-11 0.126445)
(1.368e-10 9.02458e-11 0.118434)
(1.26465e-10 8.65964e-11 0.107934)
(1.09886e-10 7.96189e-11 0.0940706)
(8.66321e-11 6.6268e-11 0.0756693)
(5.67607e-11 4.36717e-11 0.0511952)
(1.94648e-11 1.31515e-11 0.0187085)
(8.8335e-12 4.82712e-11 0.1326)
(8.78e-12 4.61963e-11 0.126432)
(7.96967e-12 3.66254e-11 0.118421)
(7.09875e-12 3.22135e-11 0.107922)
(6.30174e-12 2.98269e-11 0.0940602)
(3.94582e-12 2.26401e-11 0.0756611)
(-2.30364e-13 7.18419e-12 0.0511899)
(-1.43755e-12 -4.57304e-12 0.0187067)
(2.15068e-11 1.20306e-11 0.190074)
(1.9426e-11 1.63301e-11 0.181303)
(1.67609e-11 1.53363e-11 0.169957)
(1.41458e-11 1.63522e-11 0.155168)
(1.19495e-11 1.60307e-11 0.135716)
(8.87686e-12 7.12399e-12 0.109878)
(3.71832e-12 -8.74514e-12 0.0752016)
(-1.84749e-12 -1.02726e-11 0.0281857)
(4.45943e-11 -1.63222e-11 0.218464)
(4.12144e-11 -1.25467e-11 0.208883)
(3.7332e-11 -1.06633e-11 0.196356)
(3.32064e-11 -8.1224e-12 0.179855)
(2.88543e-11 -5.13641e-12 0.157922)
(2.35466e-11 -4.93451e-12 0.128472)
(1.47978e-11 -4.98019e-12 0.0884768)
(2.17955e-12 -2.86169e-12 0.0334953)
(7.32401e-11 6.35268e-12 0.218467)
(7.07503e-11 6.80324e-12 0.208885)
(6.67213e-11 7.32672e-12 0.196359)
(6.0894e-11 7.62504e-12 0.179857)
(5.27003e-11 6.28277e-12 0.157924)
(4.18302e-11 3.96283e-12 0.128474)
(2.69336e-11 2.06452e-12 0.0884778)
(7.8394e-12 -1.06008e-14 0.0334956)
(8.06638e-11 5.47027e-11 0.190082)
(7.76972e-11 5.27715e-11 0.181311)
(7.36543e-11 4.87038e-11 0.169965)
(6.80919e-11 4.2377e-11 0.155175)
(6.04796e-11 3.40928e-11 0.135723)
(4.938e-11 2.52749e-11 0.109883)
(3.28349e-11 1.63986e-11 0.0752048)
(1.0037e-11 5.4018e-12 0.0281868)
(8.39612e-11 7.11697e-11 0.132613)
(8.09199e-11 6.73468e-11 0.126445)
(7.63004e-11 6.37749e-11 0.118434)
(7.00882e-11 5.56749e-11 0.107934)
(6.14915e-11 4.43946e-11 0.0940706)
(4.92182e-11 3.18716e-11 0.0756693)
(3.16292e-11 2.18108e-11 0.0511952)
(9.91908e-12 9.32379e-12 0.0187085)
(-6.05048e-11 -4.59194e-13 0.1326)
(-6.51305e-11 6.41263e-12 0.126432)
(-6.73819e-11 2.36899e-11 0.118421)
(-6.75881e-11 3.11123e-11 0.107922)
(-6.4914e-11 2.98937e-11 0.0940602)
(-5.55158e-11 2.93641e-11 0.0756611)
(-3.76919e-11 2.94608e-11 0.0511899)
(-1.49856e-11 1.65049e-11 0.0187067)
(-8.14518e-11 -1.89319e-11 0.190074)
(-8.70291e-11 -2.42031e-11 0.181303)
(-8.91119e-11 -1.88773e-11 0.169957)
(-8.75964e-11 -2.01575e-11 0.155168)
(-8.21671e-11 -1.98655e-11 0.135716)
(-6.94015e-11 -3.84353e-12 0.109878)
(-4.56177e-11 2.51907e-11 0.0752016)
(-1.52748e-11 2.48833e-11 0.0281857)
(-2.02728e-11 -2.12306e-11 0.218464)
(-2.02983e-11 -2.3941e-11 0.208883)
(-1.97903e-11 -2.27789e-11 0.196356)
(-1.94118e-11 -2.07756e-11 0.179855)
(-2.00852e-11 -1.65839e-11 0.157922)
(-2.04382e-11 -4.31151e-12 0.128472)
(-1.4867e-11 1.01255e-11 0.0884768)
(-4.42761e-13 9.26423e-12 0.0334953)
(-2.1417e-11 -5.2661e-13 0.218467)
(-2.31629e-11 -1.817e-12 0.208885)
(-2.39183e-11 -4.07217e-12 0.196359)
(-2.41038e-11 -4.34453e-12 0.179857)
(-2.42377e-11 -2.81582e-12 0.157924)
(-2.37403e-11 -7.20796e-13 0.128474)
(-1.96773e-11 -2.34382e-13 0.0884778)
(-7.58231e-12 -1.4407e-12 0.0334956)
(2.19368e-11 3.38441e-11 0.190082)
(2.09848e-11 3.193e-11 0.181311)
(1.99288e-11 2.74146e-11 0.169965)
(1.84071e-11 2.29489e-11 0.155175)
(1.62175e-11 1.78974e-11 0.135723)
(1.33497e-11 1.14106e-11 0.109883)
(9.93447e-12 2.89325e-12 0.0752048)
(5.49426e-12 -1.77893e-12 0.0281868)
(-6.83996e-12 2.77702e-11 0.132613)
(-9.62519e-12 2.90442e-11 0.126445)
(-1.10899e-11 3.09203e-11 0.118434)
(-1.07964e-11 3.13373e-11 0.107934)
(-8.62933e-12 2.82988e-11 0.0940706)
(-5.31137e-12 2.21439e-11 0.0756693)
(-4.94122e-13 1.03568e-11 0.0511952)
(1.73954e-12 -1.17827e-12 0.0187085)
(-1.42939e-10 4.33199e-11 0.1326)
(-1.42189e-10 4.51675e-11 0.126432)
(-1.33781e-10 4.96444e-11 0.118421)
(-1.17566e-10 4.6492e-11 0.107922)
(-9.48273e-11 3.66094e-11 0.0940602)
(-6.69088e-11 2.38675e-11 0.0756611)
(-3.52155e-11 1.63126e-11 0.0511899)
(-6.7291e-12 8.97802e-12 0.0187067)
(-5.76868e-11 1.02029e-11 0.190074)
(-6.20365e-11 1.56039e-11 0.181303)
(-6.29934e-11 1.91751e-11 0.169957)
(-5.93015e-11 1.99661e-11 0.155168)
(-5.05554e-11 1.8388e-11 0.135716)
(-3.68512e-11 1.68937e-11 0.109878)
(-1.87884e-11 1.6043e-11 0.0752016)
(-7.74731e-13 6.08329e-12 0.0281857)
(-1.07293e-10 8.05958e-12 0.218464)
(-1.13309e-10 5.82252e-12 0.208883)
(-1.1444e-10 4.08397e-12 0.196356)
(-1.09923e-10 3.07579e-12 0.179855)
(-9.97261e-11 1.62674e-12 0.157922)
(-8.31373e-11 2.34928e-12 0.128472)
(-5.84306e-11 4.6308e-12 0.0884768)
(-2.21807e-11 2.0377e-12 0.0334953)
(-1.00275e-10 9.7974e-12 0.218467)
(-1.05389e-10 8.23287e-12 0.208885)
(-1.06064e-10 4.65431e-12 0.196359)
(-1.01506e-10 6.92725e-13 0.179857)
(-9.0973e-11 -1.91194e-12 0.157924)
(-7.41374e-11 -3.46396e-12 0.128474)
(-4.88086e-11 -3.75801e-12 0.0884778)
(-1.49303e-11 -2.82166e-12 0.0334956)
(-1.17461e-10 3.27836e-11 0.190082)
(-1.24003e-10 2.75047e-11 0.181311)
(-1.25053e-10 1.79393e-11 0.169965)
(-1.19122e-10 7.58203e-12 0.155175)
(-1.05672e-10 -2.89601e-12 0.135723)
(-8.3787e-11 -1.24749e-11 0.109883)
(-5.37171e-11 -1.77598e-11 0.0752048)
(-1.72468e-11 -1.1043e-11 0.0281868)
(-1.17058e-10 1.79436e-12 0.132613)
(-1.20868e-10 -7.78239e-13 0.126445)
(-1.18679e-10 -3.70451e-12 0.118434)
(-1.08946e-10 -8.07872e-12 0.107934)
(-9.17027e-11 -1.34299e-11 0.0940706)
(-6.79794e-11 -1.73184e-11 0.0756693)
(-3.97707e-11 -1.80888e-11 0.0511952)
(-1.12392e-11 -1.02458e-11 0.0187085)
(-3.11165e-10 4.25908e-11 0.1326)
(-3.20153e-10 5.37554e-11 0.126432)
(-3.13375e-10 8.15807e-11 0.118421)
(-2.89696e-10 8.78331e-11 0.107922)
(-2.48903e-10 7.63204e-11 0.0940602)
(-1.87766e-10 6.40154e-11 0.0756611)
(-1.07905e-10 6.10321e-11 0.0511899)
(-2.91727e-11 3.68515e-11 0.0187067)
(-1.71065e-10 -3.46628e-11 0.190074)
(-1.81066e-10 -3.72322e-11 0.181303)
(-1.82616e-10 -2.5678e-11 0.169957)
(-1.74056e-10 -2.4784e-11 0.155168)
(-1.54319e-10 -2.25157e-11 0.135716)
(-1.1915e-10 5.09417e-13 0.109878)
(-6.63837e-11 4.09472e-11 0.0752016)
(-9.75708e-12 3.54877e-11 0.0281857)
(-1.98761e-10 -1.5605e-11 0.218464)
(-2.01906e-10 -2.07398e-11 0.208883)
(-1.96989e-10 -2.06082e-11 0.196356)
(-1.83616e-10 -1.90408e-11 0.179855)
(-1.62174e-10 -1.54425e-11 0.157922)
(-1.30663e-10 -2.72864e-12 0.128472)
(-8.24952e-11 1.40764e-11 0.0884768)
(-1.78206e-11 1.19372e-11 0.0334953)
(-1.86782e-10 -9.74958e-12 0.218467)
(-1.90703e-10 -1.14482e-11 0.208885)
(-1.87515e-10 -1.5798e-11 0.196359)
(-1.75615e-10 -1.66846e-11 0.179857)
(-1.54044e-10 -1.53416e-11 0.157924)
(-1.21751e-10 -1.08024e-11 0.128474)
(-7.62636e-11 -6.90639e-12 0.0884778)
(-1.84349e-11 -3.42066e-12 0.0334956)
(-1.96232e-10 -5.84039e-16 0.190082)
(-2.01622e-10 -4.21708e-12 0.181311)
(-1.99612e-10 -1.21042e-11 0.169965)
(-1.88101e-10 -1.85337e-11 0.155175)
(-1.65088e-10 -2.40248e-11 0.135723)
(-1.29237e-10 -2.85363e-11 0.109883)
(-8.02831e-11 -2.78226e-11 0.0752048)
(-2.20615e-11 -1.46813e-11 0.0281868)
(-1.92164e-10 -4.559e-11 0.132613)
(-1.9576e-10 -4.43857e-11 0.126445)
(-1.91399e-10 -4.1693e-11 0.118434)
(-1.76761e-10 -3.87212e-11 0.107934)
(-1.50951e-10 -3.71532e-11 0.0940706)
(-1.14288e-10 -3.4374e-11 0.0756693)
(-6.76903e-11 -3.13146e-11 0.0511952)
(-1.89374e-11 -1.77985e-11 0.0187085)
(-1.61425e-10 1.29531e-10 0.1326)
(-1.65462e-10 1.25766e-10 0.126432)
(-1.63026e-10 1.1186e-10 0.118421)
(-1.50969e-10 1.04524e-10 0.107922)
(-1.28734e-10 9.72692e-11 0.0940602)
(-9.81279e-11 7.97425e-11 0.0756611)
(-6.21953e-11 4.57657e-11 0.0511899)
(-1.95192e-11 7.96928e-12 0.0187067)
(-9.77797e-11 4.70583e-11 0.190074)
(-1.05334e-10 5.15561e-11 0.181303)
(-1.09022e-10 4.68623e-11 0.169957)
(-1.05268e-10 4.80791e-11 0.155168)
(-9.17494e-11 4.6907e-11 0.135716)
(-6.96916e-11 2.99466e-11 0.109878)
(-4.21406e-11 -1.67345e-12 0.0752016)
(-1.18973e-11 -1.34085e-11 0.0281857)
(-9.04527e-11 -1.28019e-11 0.218464)
(-9.94682e-11 -7.55354e-12 0.208883)
(-1.036e-10 -5.67873e-12 0.196356)
(-9.95961e-11 -3.53339e-12 0.179855)
(-8.4843e-11 -9.12752e-13 0.157922)
(-5.9791e-11 -2.49714e-12 0.128472)
(-3.12929e-11 -7.64287e-12 0.0884768)
(-8.91034e-12 -5.48269e-12 0.0334953)
(-7.10437e-11 -1.31957e-11 0.218467)
(-7.79108e-11 -1.57688e-11 0.208885)
(-8.09371e-11 -1.64468e-11 0.196359)
(-7.72413e-11 -1.75475e-11 0.179857)
(-6.46975e-11 -1.79644e-11 0.157924)
(-4.26926e-11 -1.56517e-11 0.128474)
(-1.76505e-11 -6.66848e-12 0.0884778)
(-6.00134e-13 7.27119e-13 0.0334956)
(-1.38111e-10 -4.53438e-11 0.190082)
(-1.43379e-10 -4.62764e-11 0.181311)
(-1.43536e-10 -4.39809e-11 0.169965)
(-1.36308e-10 -4.37897e-11 0.155175)
(-1.20107e-10 -4.1934e-11 0.135723)
(-9.48867e-11 -3.14715e-11 0.109883)
(-6.20109e-11 -1.01791e-11 0.0752048)
(-2.27696e-11 2.13359e-12 0.0281868)
(-3.53042e-11 -4.32999e-11 0.132613)
(-3.51402e-11 -4.42735e-11 0.126445)
(-3.55706e-11 -4.07077e-11 0.118434)
(-3.55536e-11 -4.2023e-11 0.107934)
(-3.38571e-11 -4.49972e-11 0.0940706)
(-3.01231e-11 -4.26299e-11 0.0756693)
(-2.47038e-11 -2.49556e-11 0.0511952)
(-1.13692e-11 -2.07732e-12 0.0187085)
(-2.62975e-11 2.55331e-11 0.1326)
(-2.87207e-11 2.71004e-11 0.126432)
(-3.27072e-11 3.05942e-11 0.118421)
(-3.74563e-11 3.66786e-11 0.107922)
(-4.08657e-11 4.24996e-11 0.0940602)
(-4.00625e-11 4.48229e-11 0.0756611)
(-3.37343e-11 3.25712e-11 0.0511899)
(-1.6986e-11 8.34203e-12 0.0187067)
(-9.00059e-11 1.77591e-11 0.190074)
(-9.47703e-11 1.15062e-11 0.181303)
(-9.70678e-11 6.08332e-12 0.169957)
(-9.52967e-11 3.48039e-12 0.155168)
(-8.83511e-11 2.7255e-12 0.135716)
(-7.395e-11 3.201e-12 0.109878)
(-5.10985e-11 3.20792e-12 0.0752016)
(-2.07756e-11 3.18415e-12 0.0281857)
(5.20092e-11 -5.3325e-11 0.218464)
(5.12537e-11 -4.88951e-11 0.208883)
(4.78882e-11 -4.49233e-11 0.196356)
(4.2821e-11 -3.83931e-11 0.179855)
(3.77541e-11 -2.93682e-11 0.157922)
(3.34857e-11 -1.75727e-11 0.128472)
(2.80473e-11 -7.23516e-12 0.0884768)
(1.46981e-11 -4.59861e-13 0.0334953)
(8.67123e-11 -5.76141e-11 0.218467)
(8.81122e-11 -5.66753e-11 0.208885)
(8.5275e-11 -5.05298e-11 0.196359)
(7.84242e-11 -4.32176e-11 0.179857)
(6.84911e-11 -3.32212e-11 0.157924)
(5.56497e-11 -2.07849e-11 0.128474)
(3.77009e-11 -6.75415e-12 0.0884778)
(1.23499e-11 1.05348e-12 0.0334956)
(1.03631e-10 -8.9268e-11 0.190082)
(1.11461e-10 -8.06488e-11 0.181311)
(1.12812e-10 -6.27304e-11 0.169965)
(1.06444e-10 -4.59128e-11 0.155175)
(9.20336e-11 -2.77965e-11 0.135723)
(6.94196e-11 -6.31076e-12 0.109883)
(4.02625e-11 1.20257e-11 0.0752048)
(8.88836e-12 1.12685e-11 0.0281868)
(2.11815e-10 -1.64959e-11 0.132613)
(2.19079e-10 -8.02331e-12 0.126445)
(2.13529e-10 7.09066e-12 0.118434)
(1.93325e-10 1.70353e-11 0.107934)
(1.59449e-10 2.29032e-11 0.0940706)
(1.13909e-10 2.61262e-11 0.0756693)
(6.20351e-11 2.77269e-11 0.0511952)
(1.48162e-11 1.68346e-11 0.0187085)
(2.38414e-10 -5.30501e-12 0.1326)
(2.4923e-10 -9.22789e-12 0.126432)
(2.46225e-10 -2.41706e-11 0.118421)
(2.27858e-10 -2.36265e-11 0.107922)
(1.93802e-10 -1.47727e-11 0.0940602)
(1.42631e-10 -1.11921e-11 0.0756611)
(7.53924e-11 -2.69718e-11 0.0511899)
(1.51403e-11 -2.83826e-11 0.0187067)
(3.97219e-11 6.85714e-11 0.190074)
(4.29072e-11 6.98606e-11 0.181303)
(4.23347e-11 5.90214e-11 0.169957)
(3.81606e-11 5.52083e-11 0.155168)
(3.03119e-11 4.87859e-11 0.135716)
(1.70851e-11 2.56111e-11 0.109878)
(-3.01735e-12 -1.41858e-11 0.0752016)
(-1.72924e-11 -2.06207e-11 0.0281857)
(1.49745e-10 -1.56383e-11 0.218464)
(1.51451e-10 -1.29898e-11 0.208883)
(1.45767e-10 -1.34785e-11 0.196356)
(1.33221e-10 -1.10272e-11 0.179855)
(1.15067e-10 -7.08507e-12 0.157922)
(9.07266e-11 -6.43267e-12 0.128472)
(5.51092e-11 -1.01357e-11 0.0884768)
(9.30168e-12 -7.01198e-12 0.0334953)
(1.18173e-10 -6.01622e-11 0.218467)
(1.21945e-10 -5.83927e-11 0.208885)
(1.19827e-10 -5.15128e-11 0.196359)
(1.10309e-10 -4.35686e-11 0.179857)
(9.3157e-11 -3.26993e-11 0.157924)
(6.76087e-11 -1.52388e-11 0.128474)
(3.31954e-11 3.92294e-12 0.0884778)
(-3.01799e-12 7.51841e-12 0.0334956)
(2.24447e-10 -5.80818e-11 0.190082)
(2.37757e-10 -5.32234e-11 0.181311)
(2.40222e-10 -3.88566e-11 0.169965)
(2.28748e-10 -2.73197e-11 0.155175)
(2.0192e-10 -1.49368e-11 0.135723)
(1.5724e-10 3.52744e-12 0.109883)
(9.63805e-11 2.39256e-11 0.0752048)
(2.96491e-11 2.05585e-11 0.0281868)
(1.44185e-10 3.27153e-12 0.132613)
(1.51729e-10 1.39724e-11 0.126445)
(1.52839e-10 2.93854e-11 0.118434)
(1.45808e-10 4.19087e-11 0.107934)
(1.2943e-10 4.97596e-11 0.0940706)
(1.02105e-10 5.25604e-11 0.0756693)
(6.53972e-11 4.37817e-11 0.0511952)
(2.2592e-11 1.69366e-11 0.0187085)
(1.72412e-10 -1.00909e-10 0.1326)
(1.76756e-10 -1.00964e-10 0.126432)
(1.72772e-10 -9.01371e-11 0.118421)
(1.57345e-10 -8.46207e-11 0.107922)
(1.30542e-10 -8.01279e-11 0.0940602)
(9.56879e-11 -6.56037e-11 0.0756611)
(5.70265e-11 -3.72838e-11 0.0511899)
(1.57091e-11 -7.34553e-12 0.0187067)
(5.08758e-11 -1.60572e-11 0.190074)
(6.10893e-11 -2.59441e-11 0.181303)
(6.78544e-11 -2.75618e-11 0.169957)
(6.80517e-11 -3.45784e-11 0.155168)
(5.97645e-11 -3.86959e-11 0.135716)
(4.45654e-11 -2.67042e-11 0.109878)
(2.63796e-11 1.18883e-12 0.0752016)
(6.77767e-12 1.24012e-11 0.0281857)
(8.03276e-11 5.45672e-12 0.218464)
(9.10302e-11 1.01188e-12 0.208883)
(9.64909e-11 -1.43754e-12 0.196356)
(9.34929e-11 -5.30271e-12 0.179855)
(8.02648e-11 -7.88501e-12 0.157922)
(5.74683e-11 -5.95024e-12 0.128472)
(3.20217e-11 1.94257e-12 0.0884768)
(1.14411e-11 4.10248e-12 0.0334953)
(7.12875e-11 -2.6495e-12 0.218467)
(7.98018e-11 -4.57163e-13 0.208885)
(8.40891e-11 3.85184e-14 0.196359)
(8.14191e-11 1.74074e-12 0.179857)
(6.97012e-11 2.90813e-12 0.157924)
(4.881e-11 1.10107e-12 0.128474)
(2.48522e-11 -4.89664e-12 0.0884778)
(6.08423e-12 -4.63247e-12 0.0334956)
(1.39424e-10 2.54834e-11 0.190082)
(1.46456e-10 3.04671e-11 0.181311)
(1.47648e-10 3.16623e-11 0.169965)
(1.40263e-10 3.4931e-11 0.155175)
(1.22586e-10 3.69409e-11 0.135723)
(9.49747e-11 2.91797e-11 0.109883)
(5.9549e-11 8.82911e-12 0.0752048)
(1.90445e-11 -3.97123e-12 0.0281868)
(9.80307e-11 4.29115e-11 0.132613)
(9.64713e-11 4.36445e-11 0.126445)
(9.20688e-11 4.10642e-11 0.118434)
(8.3701e-11 4.18999e-11 0.107934)
(7.11445e-11 4.28347e-11 0.0940706)
(5.50035e-11 3.85933e-11 0.0756693)
(3.67632e-11 2.34133e-11 0.0511952)
(1.29209e-11 4.49607e-12 0.0187085)
(4.79192e-11 -4.56352e-11 0.1326)
(5.36615e-11 -4.41936e-11 0.126432)
(5.98941e-11 -4.42679e-11 0.118421)
(6.53568e-11 -4.28792e-11 0.107922)
(6.71872e-11 -4.10478e-11 0.0940602)
(6.12493e-11 -3.95202e-11 0.0756611)
(4.50656e-11 -3.3452e-11 0.0511899)
(1.83118e-11 -1.45689e-11 0.0187067)
(6.5335e-11 -8.47052e-12 0.190074)
(6.88783e-11 -1.04773e-12 0.181303)
(7.12847e-11 8.03401e-13 0.169957)
(7.18664e-11 4.16718e-12 0.155168)
(6.9096e-11 6.21943e-12 0.135716)
(5.93784e-11 2.14231e-12 0.109878)
(3.99952e-11 -7.65359e-12 0.0752016)
(1.31688e-11 -1.00924e-11 0.0281857)
(-8.10641e-12 3.1205e-11 0.218464)
(-8.34036e-12 2.82036e-11 0.208883)
(-7.68903e-12 2.37628e-11 0.196356)
(-6.55416e-12 2.04448e-11 0.179855)
(-5.84882e-12 1.55737e-11 0.157922)
(-6.58751e-12 8.90357e-12 0.128472)
(-1.00847e-11 1.20278e-12 0.0884768)
(-1.19618e-11 -2.53066e-12 0.0334953)
(-3.32292e-11 1.30573e-11 0.218467)
(-3.46666e-11 1.08199e-11 0.208885)
(-3.42342e-11 8.69282e-12 0.196359)
(-3.20485e-11 5.6051e-12 0.179857)
(-2.88416e-11 3.87302e-12 0.157924)
(-2.52565e-11 4.95278e-12 0.128474)
(-2.17395e-11 8.76875e-12 0.0884778)
(-1.39638e-11 5.07565e-12 0.0334956)
(4.00341e-12 4.17498e-11 0.190082)
(2.17267e-12 3.2885e-11 0.181311)
(1.31615e-12 2.52372e-11 0.169965)
(1.6505e-12 1.54255e-11 0.155175)
(3.24925e-12 4.6579e-12 0.135723)
(4.36757e-12 -5.25161e-13 0.109883)
(4.19759e-12 2.50637e-12 0.0752048)
(4.31603e-12 4.40198e-12 0.0281868)
(-1.21828e-10 -4.79718e-12 0.132613)
(-1.24872e-10 -4.98727e-12 0.126445)
(-1.19967e-10 -4.18722e-12 0.118434)
(-1.0582e-10 -3.72341e-12 0.107934)
(-8.35818e-11 -4.04549e-12 0.0940706)
(-5.63223e-11 -3.19895e-12 0.0756693)
(-2.75305e-11 -4.95679e-12 0.0511952)
(-3.57905e-12 -5.90967e-12 0.0187085)
(-2.48606e-10 -1.72547e-11 0.1326)
(-2.56339e-10 -9.97513e-12 0.126432)
(-2.49771e-10 1.63875e-11 0.118421)
(-2.28794e-10 2.02516e-11 0.107922)
(-1.93664e-10 1.02992e-11 0.0940602)
(-1.42009e-10 6.5543e-12 0.0756611)
(-7.43657e-11 2.58888e-11 0.0511899)
(-1.49234e-11 3.0751e-11 0.0187067)
(-7.23477e-11 -6.11243e-11 0.190074)
(-7.52456e-11 -6.43219e-11 0.181303)
(-7.30766e-11 -5.21031e-11 0.169957)
(-6.63107e-11 -5.05059e-11 0.155168)
(-5.54387e-11 -4.66557e-11 0.135716)
(-3.79483e-11 -1.92885e-11 0.109878)
(-1.14424e-11 2.79186e-11 0.0752016)
(1.20083e-11 3.06487e-11 0.0281857)
(-1.70491e-10 2.40351e-11 0.218464)
(-1.70131e-10 1.7309e-11 0.208883)
(-1.62822e-10 1.49604e-11 0.196356)
(-1.49493e-10 1.1304e-11 0.179855)
(-1.32065e-10 6.63003e-12 0.157922)
(-1.09038e-10 7.89196e-12 0.128472)
(-7.24383e-11 1.54494e-11 0.0884768)
(-1.72929e-11 9.99238e-12 0.0334953)
(-1.44259e-10 4.28811e-11 0.218467)
(-1.45702e-10 4.12816e-11 0.208885)
(-1.41642e-10 3.40621e-11 0.196359)
(-1.3139e-10 2.76394e-11 0.179857)
(-1.15063e-10 2.05021e-11 0.157924)
(-9.14121e-11 8.82855e-12 0.128474)
(-5.65031e-11 -3.58448e-12 0.0884778)
(-1.05666e-11 -7.05587e-12 0.0334956)
(-1.85811e-10 5.7147e-11 0.190082)
(-1.93815e-10 5.18935e-11 0.181311)
(-1.93506e-10 3.79779e-11 0.169965)
(-1.83139e-10 2.63479e-11 0.155175)
(-1.61853e-10 1.37944e-11 0.135723)
(-1.27524e-10 -4.89584e-12 0.109883)
(-7.92508e-11 -2.61629e-11 0.0752048)
(-2.34343e-11 -2.15835e-11 0.0281868)
(-1.63283e-10 -2.7414e-12 0.132613)
(-1.69567e-10 -8.20237e-12 0.126445)
(-1.68095e-10 -1.80393e-11 0.118434)
(-1.57247e-10 -2.40192e-11 0.107934)
(-1.36142e-10 -2.74601e-11 0.0940706)
(-1.03906e-10 -3.01769e-11 0.0756693)
(-6.19909e-11 -3.15861e-11 0.0511952)
(-1.78895e-11 -1.83803e-11 0.0187085)
(-1.79266e-10 7.46424e-11 0.1326)
(-1.83905e-10 8.03715e-11 0.126432)
(-1.79252e-10 8.38886e-11 0.118421)
(-1.63324e-10 8.42346e-11 0.107922)
(-1.36512e-10 7.83157e-11 0.0940602)
(-1.00535e-10 6.43668e-11 0.0756611)
(-5.88554e-11 4.04882e-11 0.0511899)
(-1.6419e-11 1.14786e-11 0.0187067)
(-1.1075e-10 9.90704e-12 0.190074)
(-1.21597e-10 1.7585e-11 0.181303)
(-1.26232e-10 2.26584e-11 0.169957)
(-1.21767e-10 2.69867e-11 0.155168)
(-1.06832e-10 2.85364e-11 0.135716)
(-8.17881e-11 2.48758e-11 0.109878)
(-4.87301e-11 1.45587e-11 0.0752016)
(-1.33205e-11 2.21305e-12 0.0281857)
(-1.50784e-10 9.40447e-12 0.218464)
(-1.59111e-10 8.23949e-12 0.208883)
(-1.5986e-10 6.92977e-12 0.196356)
(-1.50579e-10 6.73667e-12 0.179855)
(-1.30196e-10 7.06017e-12 0.157922)
(-9.86857e-11 7.97016e-12 0.128472)
(-5.95926e-11 6.32853e-12 0.0884768)
(-1.7621e-11 1.54138e-12 0.0334953)
(-1.77651e-10 1.36269e-11 0.218467)
(-1.85381e-10 8.67851e-12 0.208885)
(-1.85362e-10 2.70087e-12 0.196359)
(-1.75003e-10 -2.43111e-12 0.179857)
(-1.52792e-10 -5.51365e-12 0.157924)
(-1.18159e-10 -3.17697e-12 0.128474)
(-7.34644e-11 2.44694e-12 0.0884778)
(-2.34028e-11 2.63691e-12 0.0334956)
(-1.89622e-10 8.76295e-12 0.190082)
(-1.95122e-10 -6.58827e-13 0.181311)
(-1.93137e-10 -9.32105e-12 0.169965)
(-1.80935e-10 -2.00533e-11 0.155175)
(-1.56426e-10 -3.00901e-11 0.135723)
(-1.19864e-10 -3.05875e-11 0.109883)
(-7.30824e-11 -1.84374e-11 0.0752048)
(-1.86148e-11 -3.01335e-12 0.0281868)
(-2.23032e-10 -5.21166e-11 0.132613)
(-2.24555e-10 -5.08054e-11 0.126445)
(-2.16523e-10 -4.62663e-11 0.118434)
(-1.96419e-10 -4.34829e-11 0.107934)
(-1.6414e-10 -4.25655e-11 0.0940706)
(-1.21154e-10 -3.84597e-11 0.0756693)
(-7.07432e-11 -3.07009e-11 0.0511952)
(-1.85506e-11 -1.50646e-11 0.0187085)
(-2.3119e-10 5.2442e-11 0.1326)
(-2.39099e-10 6.00348e-11 0.126432)
(-2.36761e-10 8.31408e-11 0.118421)
(-2.2362e-10 8.65228e-11 0.107922)
(-1.98366e-10 7.44372e-11 0.0940602)
(-1.56067e-10 6.27185e-11 0.0756611)
(-9.49418e-11 5.81767e-11 0.0511899)
(-2.90914e-11 3.34748e-11 0.0187067)
(-1.77352e-10 4.60009e-14 0.190074)
(-1.86777e-10 -5.42559e-12 0.181303)
(-1.88599e-10 1.36189e-12 0.169957)
(-1.81376e-10 -2.46711e-12 0.155168)
(-1.63731e-10 -6.2812e-12 0.135716)
(-1.30496e-10 9.15769e-12 0.109878)
(-7.84264e-11 4.23425e-11 0.0752016)
(-1.75167e-11 3.41963e-11 0.0281857)
(-1.78453e-10 5.35875e-12 0.218464)
(-1.81023e-10 -4.85322e-13 0.208883)
(-1.76927e-10 -2.63084e-12 0.196356)
(-1.65536e-10 -4.73202e-12 0.179855)
(-1.46857e-10 -4.95741e-12 0.157922)
(-1.18674e-10 2.615e-12 0.128472)
(-7.42297e-11 1.54766e-11 0.0884768)
(-1.48855e-11 1.10342e-11 0.0334953)
(-1.96075e-10 1.59737e-11 0.218467)
(-1.98851e-10 1.22135e-11 0.208885)
(-1.94849e-10 5.0223e-12 0.196359)
(-1.82587e-10 -1.47408e-13 0.179857)
(-1.60759e-10 -3.37474e-12 0.157924)
(-1.27716e-10 -5.97064e-12 0.128474)
(-8.00193e-11 -8.3429e-12 0.0884778)
(-1.98037e-11 -6.62906e-12 0.0334956)
(-2.11547e-10 2.6518e-12 0.190082)
(-2.1525e-10 7.22541e-14 0.181311)
(-2.11895e-10 -7.80974e-12 0.169965)
(-1.99454e-10 -1.40838e-11 0.155175)
(-1.75857e-10 -1.95746e-11 0.135723)
(-1.38723e-10 -2.62655e-11 0.109883)
(-8.70594e-11 -3.12098e-11 0.0752048)
(-2.54473e-11 -1.85243e-11 0.0281868)
(-1.841e-10 -5.49907e-11 0.132613)
(-1.87894e-10 -5.33717e-11 0.126445)
(-1.84851e-10 -5.09769e-11 0.118434)
(-1.72621e-10 -4.81658e-11 0.107934)
(-1.49841e-10 -4.56591e-11 0.0940706)
(-1.15691e-10 -4.211e-11 0.0756693)
(-7.05177e-11 -3.72635e-11 0.0511952)
(-2.09477e-11 -1.94495e-11 0.0187085)
(-1.1811e-10 6.86714e-11 0.1326)
(-1.18495e-10 7.41107e-11 0.126432)
(-1.13118e-10 8.28379e-11 0.118421)
(-1.01995e-10 8.20479e-11 0.107922)
(-8.58045e-11 7.07146e-11 0.0940602)
(-6.46434e-11 5.27815e-11 0.0756611)
(-3.89597e-11 3.20852e-11 0.0511899)
(-1.15867e-11 9.4316e-12 0.0187067)
(-1.08828e-10 5.25065e-11 0.190074)
(-1.17715e-10 5.49956e-11 0.181303)
(-1.21458e-10 5.52098e-11 0.169957)
(-1.17829e-10 5.02545e-11 0.155168)
(-1.05818e-10 4.15948e-11 0.135716)
(-8.38285e-11 3.30083e-11 0.109878)
(-5.27736e-11 2.62903e-11 0.0752016)
(-1.60095e-11 9.69852e-12 0.0281857)
(-1.47718e-10 2.9301e-11 0.218464)
(-1.5458e-10 2.26183e-11 0.208883)
(-1.55119e-10 1.69002e-11 0.196356)
(-1.47559e-10 1.16773e-11 0.179855)
(-1.30802e-10 9.07043e-12 0.157922)
(-1.04149e-10 9.20963e-12 0.128472)
(-6.7125e-11 1.0331e-11 0.0884767)
(-2.18103e-11 3.87868e-12 0.0334953)
(-2.08254e-10 9.54108e-12 0.218467)
(-2.14647e-10 2.46426e-12 0.208885)
(-2.13219e-10 -6.31776e-12 0.196359)
(-2.01397e-10 -1.25594e-11 0.179857)
(-1.77564e-10 -1.51844e-11 0.157924)
(-1.40312e-10 -9.48521e-12 0.128474)
(-9.10823e-11 2.42816e-13 0.0884778)
(-3.11836e-11 1.79699e-12 0.0334956)
(-2.12137e-10 -8.83306e-12 0.190082)
(-2.15286e-10 -1.76463e-11 0.181311)
(-2.11525e-10 -2.62231e-11 0.169965)
(-1.9826e-10 -3.74827e-11 0.155175)
(-1.72545e-10 -4.70863e-11 0.135723)
(-1.34517e-10 -4.47504e-11 0.109883)
(-8.51697e-11 -2.52758e-11 0.0752048)
(-2.41701e-11 -4.54835e-12 0.0281868)
(-2.5541e-10 -7.98372e-11 0.132613)
(-2.57262e-10 -7.43567e-11 0.126445)
(-2.48499e-10 -6.18442e-11 0.118434)
(-2.25591e-10 -5.50634e-11 0.107934)
(-1.88296e-10 -5.30496e-11 0.0940706)
(-1.39168e-10 -4.7425e-11 0.0756693)
(-8.1896e-11 -3.65395e-11 0.0511952)
(-2.184e-11 -1.77292e-11 0.0187085)
(-3.74506e-10 4.96913e-11 0.1326)
(-3.82956e-10 6.06665e-11 0.126432)
(-3.72471e-10 9.44994e-11 0.118421)
(-3.42539e-10 9.76909e-11 0.107922)
(-2.92918e-10 7.94077e-11 0.0940602)
(-2.1996e-10 6.23047e-11 0.0756611)
(-1.24049e-10 6.35618e-11 0.0511899)
(-3.15458e-11 4.36206e-11 0.0187067)
(-1.88721e-10 -2.32255e-11 0.190074)
(-1.97876e-10 -2.73175e-11 0.181303)
(-1.97868e-10 -1.42724e-11 0.169957)
(-1.87311e-10 -1.76903e-11 0.155168)
(-1.64912e-10 -2.0389e-11 0.135716)
(-1.25333e-10 2.83009e-12 0.109878)
(-6.63363e-11 4.93417e-11 0.0752016)
(-4.21622e-12 4.13739e-11 0.0281857)
(-2.5096e-10 8.25135e-12 0.218464)
(-2.52666e-10 -1.16687e-12 0.208883)
(-2.44655e-10 -4.86139e-12 0.196356)
(-2.26544e-10 -8.65408e-12 0.179855)
(-1.9936e-10 -1.03983e-11 0.157922)
(-1.60246e-10 -1.66134e-12 0.128472)
(-1.0076e-10 1.54595e-11 0.0884767)
(-2.11904e-11 1.30244e-11 0.0334953)
(-2.55355e-10 -1.18118e-12 0.218467)
(-2.5736e-10 -2.96476e-12 0.208885)
(-2.5026e-10 -1.05209e-11 0.196359)
(-2.32435e-10 -1.42998e-11 0.179857)
(-2.02735e-10 -1.41203e-11 0.157924)
(-1.59239e-10 -1.32794e-11 0.128474)
(-9.77757e-11 -1.21937e-11 0.0884778)
(-2.10051e-11 -7.07326e-12 0.0334956)
(-2.80772e-10 -1.25453e-11 0.190082)
(-2.86886e-10 -1.54335e-11 0.181311)
(-2.83149e-10 -2.57813e-11 0.169965)
(-2.66899e-10 -3.17541e-11 0.155175)
(-2.35113e-10 -3.64972e-11 0.135723)
(-1.84898e-10 -4.30356e-11 0.109883)
(-1.1477e-10 -4.80182e-11 0.0752048)
(-3.09521e-11 -2.71003e-11 0.0281868)
(-2.97975e-10 -1.0031e-10 0.132613)
(-3.0402e-10 -9.76294e-11 0.126445)
(-2.97983e-10 -9.46892e-11 0.118434)
(-2.76588e-10 -8.73043e-11 0.107934)
(-2.38175e-10 -7.78648e-11 0.0940706)
(-1.81922e-10 -6.63205e-11 0.0756693)
(-1.08333e-10 -5.70487e-11 0.0511952)
(-3.05198e-11 -3.08977e-11 0.0187085)
(1.30231e-10 6.62724e-12 0.1326)
(1.30875e-10 1.20994e-11 0.126432)
(1.24437e-10 1.10931e-11 0.118421)
(1.11213e-10 2.07527e-11 0.107922)
(9.20475e-11 3.2132e-11 0.0940602)
(6.5965e-11 3.34139e-11 0.0756611)
(3.05327e-11 4.43702e-12 0.0511899)
(2.17454e-12 -1.97387e-11 0.0187067)
(-3.12779e-11 4.74877e-11 0.190074)
(-4.04222e-11 4.49501e-11 0.181303)
(-4.71445e-11 3.32956e-11 0.169957)
(-4.84741e-11 2.69058e-11 0.155168)
(-4.30543e-11 1.97861e-11 0.135716)
(-3.23479e-11 9.79386e-13 0.109878)
(-2.1966e-11 -2.75607e-11 0.0752016)
(-1.48288e-11 -2.36985e-11 0.0281857)
(3.80925e-11 -1.40822e-11 0.218464)
(3.10055e-11 -1.74564e-11 0.208883)
(2.45982e-11 -2.57343e-11 0.196356)
(2.22648e-11 -3.08136e-11 0.179855)
(2.66905e-11 -2.93232e-11 0.157922)
(3.7163e-11 -2.24385e-11 0.128472)
(4.09978e-11 -1.535e-11 0.0884767)
(2.08054e-11 -6.94427e-12 0.0334953)
(-4.72771e-11 -7.96195e-12 0.218467)
(-5.50101e-11 -2.02161e-11 0.208885)
(-5.96861e-11 -2.91199e-11 0.196359)
(-5.82621e-11 -3.75173e-11 0.179857)
(-4.78667e-11 -4.17249e-11 0.157924)
(-2.91646e-11 -3.0509e-11 0.128474)
(-1.03494e-11 -4.1544e-12 0.0884778)
(-2.2472e-12 5.28546e-12 0.0334956)
(-7.51873e-11 -6.27694e-11 0.190082)
(-7.75915e-11 -6.68846e-11 0.181311)
(-7.88053e-11 -6.24271e-11 0.169965)
(-7.61721e-11 -6.63688e-11 0.155175)
(-6.70361e-11 -6.68991e-11 0.135723)
(-5.23362e-11 -4.63319e-11 0.109883)
(-3.40681e-11 -4.10313e-12 0.0752048)
(-9.79301e-12 1.34612e-11 0.0281868)
(-1.2174e-10 -1.32426e-10 0.132613)
(-1.23607e-10 -1.23911e-10 0.126445)
(-1.22206e-10 -9.88668e-11 0.118434)
(-1.14043e-10 -8.60077e-11 0.107934)
(-9.78726e-11 -7.90866e-11 0.0940706)
(-7.59008e-11 -6.45525e-11 0.0756693)
(-4.99625e-11 -3.55673e-11 0.0511952)
(-1.63166e-11 -6.02402e-12 0.0187085)
(6.61593e-11 -1.64094e-11 0.1326)
(7.3987e-11 -1.89203e-11 0.126432)
(7.88252e-11 -1.4143e-11 0.118421)
(7.77455e-11 -1.93329e-11 0.107922)
(6.92111e-11 -3.06851e-11 0.0940602)
(5.41506e-11 -3.74648e-11 0.0756611)
(3.57904e-11 -2.65906e-11 0.0511899)
(1.28971e-11 -4.36561e-12 0.0187067)
(1.31511e-10 6.07857e-11 0.190074)
(1.3599e-10 5.42862e-11 0.181303)
(1.3456e-10 4.54809e-11 0.169957)
(1.25652e-10 3.11379e-11 0.155168)
(1.08641e-10 1.45409e-11 0.135716)
(8.40364e-11 5.2021e-12 0.109878)
(5.32776e-11 5.9052e-12 0.0752016)
(1.95184e-11 2.67437e-12 0.0281857)
(4.16002e-11 6.65969e-11 0.218464)
(4.22513e-11 5.64913e-11 0.208883)
(4.02069e-11 4.69424e-11 0.196356)
(3.45092e-11 3.56828e-11 0.179855)
(2.47663e-11 2.37243e-11 0.157922)
(1.18781e-11 1.49566e-11 0.128472)
(-7.6076e-13 9.96823e-12 0.0884767)
(-6.88579e-12 3.0129e-12 0.0334953)
(2.16322e-11 3.86875e-11 0.218467)
(2.26997e-11 3.46907e-11 0.208885)
(2.11613e-11 2.79817e-11 0.196359)
(1.73639e-11 2.09602e-11 0.179857)
(1.24402e-11 1.57427e-11 0.157924)
(7.40823e-12 1.09813e-11 0.128474)
(3.24064e-12 8.30235e-12 0.0884778)
(1.39531e-12 2.4745e-12 0.0334956)
(-6.65134e-11 -1.31923e-11 0.190082)
(-6.85214e-11 -1.27221e-11 0.181311)
(-7.01233e-11 -1.44487e-11 0.169965)
(-7.05885e-11 -1.71403e-11 0.155175)
(-6.80993e-11 -1.92524e-11 0.135723)
(-6.06579e-11 -1.83089e-11 0.109883)
(-4.63539e-11 -1.16502e-11 0.0752048)
(-2.12904e-11 -4.49382e-12 0.0281868)
(-2.76582e-11 -5.39788e-11 0.132613)
(-2.92252e-11 -4.93352e-11 0.126445)
(-3.15744e-11 -3.92762e-11 0.118434)
(-3.32403e-11 -3.5086e-11 0.107934)
(-3.28186e-11 -3.43576e-11 0.0940706)
(-3.01608e-11 -3.0846e-11 0.0756693)
(-2.42409e-11 -2.01459e-11 0.0511952)
(-1.10795e-11 -5.11015e-12 0.0187085)
(2.58991e-10 -2.71853e-11 0.1326)
(2.55424e-10 -2.53824e-11 0.126432)
(2.418e-10 -1.89555e-11 0.118421)
(2.15686e-10 -1.82812e-11 0.107922)
(1.77324e-10 -2.2758e-11 0.0940602)
(1.29284e-10 -2.51093e-11 0.0756611)
(7.44831e-11 -2.50603e-11 0.0511899)
(1.87744e-11 -1.6005e-11 0.0187067)
(2.02117e-10 4.44355e-11 0.190074)
(2.03694e-10 2.87162e-11 0.181303)
(1.97732e-10 1.54976e-11 0.169957)
(1.81745e-10 -3.80721e-12 0.155168)
(1.54132e-10 -2.34507e-11 0.135716)
(1.16493e-10 -3.00983e-11 0.109878)
(7.13368e-11 -1.66604e-11 0.0752016)
(1.89233e-11 -1.71884e-12 0.0281857)
(1.30014e-10 7.35137e-11 0.218464)
(1.33209e-10 6.08378e-11 0.208883)
(1.31449e-10 4.50399e-11 0.196356)
(1.22978e-10 2.94976e-11 0.179855)
(1.06626e-10 1.60465e-11 0.157922)
(8.25192e-11 9.82902e-12 0.128472)
(5.25725e-11 8.31994e-12 0.0884767)
(1.94445e-11 2.4084e-12 0.0334953)
(3.79295e-11 7.55355e-11 0.218467)
(3.76329e-11 6.17194e-11 0.208885)
(3.52843e-11 4.75485e-11 0.196359)
(3.09694e-11 3.37071e-11 0.179857)
(2.56777e-11 2.1303e-11 0.157924)
(1.9632e-11 1.28405e-11 0.128474)
(1.21702e-11 8.16953e-12 0.0884778)
(2.28751e-12 8.78215e-13 0.0334956)
(-6.81433e-11 3.12685e-11 0.190082)
(-6.65123e-11 2.42241e-11 0.181311)
(-6.41987e-11 1.80426e-11 0.169965)
(-6.01046e-11 6.15743e-12 0.155175)
(-5.28678e-11 -6.33356e-12 0.135723)
(-4.29556e-11 -8.83679e-12 0.109883)
(-3.08204e-11 3.7335e-12 0.0752048)
(-1.42252e-11 5.82792e-12 0.0281868)
(-1.31847e-11 1.13112e-11 0.132613)
(-1.22017e-11 1.52111e-11 0.126445)
(-1.21624e-11 2.80497e-11 0.118434)
(-1.12564e-11 2.65312e-11 0.107934)
(-8.63438e-12 1.30473e-11 0.0940706)
(-6.31113e-12 8.84038e-13 0.0756693)
(-6.45808e-12 1.85308e-13 0.0511952)
(-3.89131e-12 2.98682e-12 0.0187085)
(6.51983e-11 -1.74761e-11 0.1326)
(6.2324e-11 -1.35508e-11 0.126432)
(5.9856e-11 -2.1478e-12 0.118421)
(5.59066e-11 -2.28459e-12 0.107922)
(4.88081e-11 -1.14904e-11 0.0940602)
(3.91851e-11 -1.85921e-11 0.0756611)
(2.77504e-11 -1.34696e-11 0.0511899)
(1.01376e-11 -1.72039e-12 0.0187067)
(1.97517e-10 1.55714e-12 0.190074)
(1.9621e-10 -2.95474e-12 0.181303)
(1.89196e-10 -5.73457e-12 0.169957)
(1.74784e-10 -1.71254e-11 0.155168)
(1.51646e-10 -2.71528e-11 0.135716)
(1.20209e-10 -2.51698e-11 0.109878)
(8.08792e-11 -5.73874e-12 0.0752016)
(3.05573e-11 3.66592e-12 0.0281857)
(9.95681e-11 5.50783e-11 0.218464)
(1.00964e-10 4.44122e-11 0.208883)
(9.91405e-11 3.25251e-11 0.196356)
(9.19288e-11 2.00192e-11 0.179855)
(7.7666e-11 9.92502e-12 0.157922)
(5.6076e-11 7.74191e-12 0.128472)
(3.10044e-11 1.0408e-11 0.0884767)
(7.30515e-12 5.46811e-12 0.0334953)
(6.68235e-11 6.15807e-11 0.218467)
(7.09043e-11 5.39175e-11 0.208885)
(7.15024e-11 4.25101e-11 0.196359)
(6.80691e-11 3.21871e-11 0.179857)
(6.06843e-11 2.38148e-11 0.157924)
(4.93238e-11 1.86153e-11 0.128474)
(3.28362e-11 1.47386e-11 0.0884778)
(1.19262e-11 5.23018e-12 0.0334956)
(-2.09225e-12 4.72048e-11 0.190082)
(4.60445e-12 4.45314e-11 0.181311)
(9.13268e-12 3.94303e-11 0.169965)
(1.07807e-11 2.93973e-11 0.155175)
(9.7411e-12 1.85578e-11 0.135723)
(5.38372e-12 1.33279e-11 0.109883)
(-1.63052e-12 1.62789e-11 0.0752048)
(-6.73435e-12 8.09208e-12 0.0281868)
(1.49267e-10 7.79544e-11 0.132613)
(1.54182e-10 8.24057e-11 0.126445)
(1.50283e-10 9.32047e-11 0.118434)
(1.37474e-10 8.96545e-11 0.107934)
(1.16628e-10 7.36974e-11 0.0940706)
(8.70423e-11 5.4001e-11 0.0756693)
(4.95408e-11 3.78066e-11 0.0511952)
(1.28593e-11 1.61978e-11 0.0187085)
(8.73776e-11 -5.52184e-11 0.1326)
(8.06316e-11 -4.69847e-11 0.126432)
(7.35368e-11 -2.80425e-11 0.118421)
(6.45671e-11 -2.00595e-11 0.107922)
(5.31843e-11 -2.0989e-11 0.0940602)
(4.10715e-11 -1.97008e-11 0.0756611)
(2.76125e-11 -1.29482e-11 0.0511899)
(9.17692e-12 -3.52967e-12 0.0187067)
(1.57967e-10 -5.83592e-11 0.190074)
(1.5369e-10 -6.33619e-11 0.181303)
(1.45917e-10 -6.09945e-11 0.169957)
(1.33276e-10 -6.45454e-11 0.155168)
(1.14579e-10 -6.68354e-11 0.135716)
(9.0958e-11 -5.2561e-11 0.109878)
(6.27774e-11 -1.93778e-11 0.0752016)
(2.37856e-11 1.98611e-12 0.0281857)
(1.06446e-10 -8.08388e-12 0.218464)
(1.09027e-10 -1.68583e-11 0.208883)
(1.08596e-10 -2.39519e-11 0.196356)
(1.0319e-10 -2.99257e-11 0.179855)
(9.12218e-11 -3.12219e-11 0.157922)
(7.20613e-11 -2.34201e-11 0.128472)
(4.80833e-11 -7.26505e-12 0.0884767)
(2.03171e-11 4.66071e-14 0.0334953)
(3.59146e-11 1.06312e-11 0.218467)
(3.89623e-11 4.93241e-12 0.208885)
(4.07503e-11 -2.5203e-12 0.196359)
(4.03839e-11 -7.01394e-12 0.179857)
(3.69507e-11 -8.81036e-12 0.157924)
(2.98657e-11 -5.84892e-12 0.128474)
(1.96954e-11 -1.20427e-12 0.0884778)
(6.63048e-12 -1.34651e-12 0.0334956)
(1.91891e-11 3.28459e-11 0.190082)
(2.57513e-11 2.97593e-11 0.181311)
(3.07612e-11 2.52358e-11 0.169965)
(3.30086e-11 1.85327e-11 0.155175)
(3.25052e-11 9.72648e-12 0.135723)
(2.7676e-11 4.75265e-12 0.109883)
(1.83931e-11 3.85284e-12 0.0752048)
(6.33888e-12 1.52136e-12 0.0281868)
(5.22433e-11 5.76859e-11 0.132613)
(5.59086e-11 6.24332e-11 0.126445)
(5.67769e-11 7.18716e-11 0.118434)
(5.50325e-11 7.2813e-11 0.107934)
(5.04219e-11 6.39658e-11 0.0940706)
(4.15095e-11 4.97543e-11 0.0756693)
(2.79327e-11 3.0352e-11 0.0511952)
(1.04104e-11 7.07482e-12 0.0187085)
(-7.01344e-11 -4.94633e-11 0.1326)
(-7.68149e-11 -3.68411e-11 0.126432)
(-7.59601e-11 -1.49706e-11 0.118421)
(-6.7704e-11 -2.72357e-12 0.107922)
(-5.38116e-11 -9.39694e-14 0.0940602)
(-3.47982e-11 1.20788e-12 0.0756611)
(-1.44563e-11 5.08832e-12 0.0511899)
(-1.04416e-12 5.67073e-12 0.0187067)
(7.88509e-11 -8.52265e-11 0.190074)
(6.80928e-11 -8.0273e-11 0.181303)
(5.89413e-11 -6.96977e-11 0.169957)
(5.20748e-11 -6.30359e-11 0.155168)
(4.66018e-11 -5.45246e-11 0.135716)
(4.25451e-11 -3.65168e-11 0.109878)
(3.65046e-11 -7.95812e-12 0.0752016)
(1.92918e-11 5.0859e-12 0.0281857)
(7.9665e-11 -5.16512e-11 0.218464)
(7.66242e-11 -5.35608e-11 0.208883)
(7.27464e-11 -5.27394e-11 0.196356)
(6.71129e-11 -4.8774e-11 0.179855)
(5.8536e-11 -3.90451e-11 0.157922)
(4.62057e-11 -2.29958e-11 0.128472)
(3.09153e-11 -3.08881e-12 0.0884767)
(1.17242e-11 4.26479e-12 0.0334953)
(8.13337e-11 -2.6111e-11 0.218467)
(8.42056e-11 -2.75335e-11 0.208885)
(8.42501e-11 -2.80051e-11 0.196359)
(8.07472e-11 -2.41639e-11 0.179857)
(7.32902e-11 -1.68854e-11 0.157924)
(6.09639e-11 -4.66168e-12 0.128474)
(4.14008e-11 7.85571e-12 0.0884778)
(1.41147e-11 6.8457e-12 0.0334956)
(9.94223e-11 1.42761e-12 0.190082)
(1.07578e-10 2.79313e-12 0.181311)
(1.09625e-10 5.93407e-12 0.169965)
(1.03896e-10 5.95738e-12 0.155175)
(9.05978e-11 5.21497e-12 0.135723)
(6.86158e-11 1.10809e-11 0.109883)
(3.82608e-11 2.20198e-11 0.0752048)
(6.92296e-12 1.45244e-11 0.0281868)
(1.83117e-10 2.76168e-11 0.132613)
(1.85983e-10 3.68229e-11 0.126445)
(1.79402e-10 5.64799e-11 0.118434)
(1.63376e-10 6.28654e-11 0.107934)
(1.38473e-10 5.69625e-11 0.0940706)
(1.03666e-10 4.77131e-11 0.0756693)
(6.03305e-11 3.89553e-11 0.0511952)
(1.67136e-11 1.85651e-11 0.0187085)
(4.34952e-11 -4.0526e-12 0.1326)
(3.68045e-11 2.62252e-12 0.126432)
(2.99278e-11 1.61676e-11 0.118421)
(2.19537e-11 1.97126e-11 0.107922)
(1.3278e-11 1.49119e-11 0.0940602)
(6.2449e-12 9.36952e-12 0.0756611)
(1.90688e-12 5.71394e-12 0.0511899)
(-1.24809e-12 1.76421e-12 0.0187067)
(8.15215e-11 -2.10283e-11 0.190074)
(7.21592e-11 -2.41232e-11 0.181303)
(6.21227e-11 -2.39877e-11 0.169957)
(5.14089e-11 -2.95691e-11 0.155168)
(4.00531e-11 -3.49118e-11 0.135716)
(2.9568e-11 -2.78532e-11 0.109878)
(2.05932e-11 -7.36678e-12 0.0752016)
(7.79045e-12 3.74372e-12 0.0281857)
(8.36623e-11 -7.90777e-12 0.218464)
(8.10829e-11 -1.42375e-11 0.208883)
(7.70153e-11 -2.12227e-11 0.196356)
(7.07734e-11 -2.62887e-11 0.179855)
(6.11967e-11 -2.80185e-11 0.157922)
(4.81668e-11 -2.04601e-11 0.128472)
(3.26252e-11 -7.30601e-12 0.0884767)
(1.44427e-11 -8.13824e-13 0.0334953)
(5.46904e-11 1.92148e-11 0.218467)
(5.51673e-11 1.37153e-11 0.208885)
(5.39606e-11 4.63402e-12 0.196359)
(5.05032e-11 -2.56172e-12 0.179857)
(4.43242e-11 -6.41975e-12 0.157924)
(3.48266e-11 -5.28754e-12 0.128474)
(2.21416e-11 -9.56923e-13 0.0884778)
(6.67365e-12 -1.36785e-12 0.0334956)
(4.73241e-11 6.01431e-11 0.190082)
(5.08825e-11 5.47482e-11 0.181311)
(5.24966e-11 4.64613e-11 0.169965)
(5.15331e-11 3.36882e-11 0.155175)
(4.78019e-11 2.02088e-11 0.135723)
(3.99424e-11 1.18509e-11 0.109883)
(2.69817e-11 8.60241e-12 0.0752048)
(9.78724e-12 3.67602e-12 0.0281868)
(2.22137e-12 4.45949e-11 0.132613)
(2.21388e-12 4.75982e-11 0.126445)
(3.01853e-12 5.51788e-11 0.118434)
(5.61208e-12 5.34671e-11 0.107934)
(9.49298e-12 4.33373e-11 0.0940706)
(1.20221e-11 3.09799e-11 0.0756693)
(1.10483e-11 1.76623e-11 0.0511952)
(5.70315e-12 3.65596e-12 0.0187085)
(-1.05598e-10 -4.2255e-11 0.1326)
(-1.08945e-10 -2.66946e-11 0.126432)
(-1.04464e-10 -1.19074e-12 0.118421)
(-9.27533e-11 1.50046e-11 0.107922)
(-7.5382e-11 2.12468e-11 0.0940602)
(-5.29686e-11 2.34121e-11 0.0756611)
(-2.88087e-11 2.09072e-11 0.0511899)
(-8.08538e-12 9.10733e-12 0.0187067)
(1.44304e-11 -8.12633e-11 0.190074)
(6.03486e-12 -7.21305e-11 0.181303)
(-6.70852e-13 -5.617e-11 0.169957)
(-4.93876e-12 -4.48486e-11 0.155168)
(-6.68558e-12 -3.36717e-11 0.135716)
(-4.70576e-12 -1.58246e-11 0.109878)
(5.74489e-13 7.6582e-12 0.0752016)
(2.47178e-12 1.07222e-11 0.0281857)
(5.4992e-11 -6.92851e-11 0.218464)
(5.12825e-11 -6.49533e-11 0.208883)
(4.67767e-11 -5.68664e-11 0.196356)
(4.07966e-11 -4.6031e-11 0.179855)
(3.2921e-11 -3.15905e-11 0.157922)
(2.33722e-11 -1.1899e-11 0.128472)
(1.3952e-11 6.93121e-12 0.0884767)
(4.64401e-12 8.12578e-12 0.0334953)
(8.54805e-11 -4.48527e-11 0.218467)
(8.43593e-11 -4.16657e-11 0.208885)
(8.08301e-11 -3.54904e-11 0.196359)
(7.48653e-11 -2.6727e-11 0.179857)
(6.63802e-11 -1.51179e-11 0.157924)
(5.46268e-11 1.5989e-13 0.128474)
(3.73512e-11 1.33906e-11 0.0884778)
(1.32568e-11 9.12476e-12 0.0334956)
(9.74677e-11 -2.93863e-11 0.190082)
(9.88394e-11 -2.2762e-11 0.181311)
(9.58546e-11 -1.21459e-11 0.169965)
(8.7966e-11 -6.06675e-12 0.155175)
(7.54283e-11 -1.2214e-12 0.135723)
(5.70412e-11 9.68033e-12 0.109883)
(3.26194e-11 2.383e-11 0.0752048)
(7.07361e-12 1.59362e-11 0.0281868)
(1.67139e-10 -1.65635e-11 0.132613)
(1.65407e-10 -3.29996e-12 0.126445)
(1.54708e-10 2.20599e-11 0.118434)
(1.36105e-10 3.45296e-11 0.107934)
(1.11164e-10 3.4685e-11 0.0940706)
(7.99324e-11 3.18591e-11 0.0756693)
(4.42118e-11 2.8703e-11 0.0511952)
(1.12462e-11 1.45471e-11 0.0187085)
(5.35243e-11 7.7408e-15 0.1326)
(4.86005e-11 2.06989e-12 0.126432)
(4.21986e-11 1.22171e-11 0.118421)
(3.37297e-11 1.45441e-11 0.107922)
(2.3709e-11 9.17007e-12 0.0940602)
(1.43468e-11 2.72848e-12 0.0756611)
(7.3173e-12 -6.48152e-13 0.0511899)
(1.54842e-12 -1.04501e-12 0.0187067)
(8.80692e-11 -1.64601e-11 0.190074)
(7.96309e-11 -2.55015e-11 0.181303)
(7.12933e-11 -2.86355e-11 0.169957)
(6.33579e-11 -3.37998e-11 0.155168)
(5.49035e-11 -3.84202e-11 0.135716)
(4.59808e-11 -3.44945e-11 0.109878)
(3.48492e-11 -1.81917e-11 0.0752016)
(1.61118e-11 -2.24017e-12 0.0281857)
(1.03008e-10 -1.59964e-11 0.218464)
(1.01309e-10 -2.62205e-11 0.208883)
(9.70338e-11 -3.24703e-11 0.196356)
(8.9963e-11 -3.50697e-11 0.179855)
(7.92744e-11 -3.35614e-11 0.157922)
(6.44553e-11 -2.60712e-11 0.128472)
(4.52944e-11 -1.27122e-11 0.0884767)
(2.04975e-11 -3.14803e-12 0.0334953)
(2.98146e-11 2.93071e-12 0.218467)
(2.87676e-11 -7.00717e-12 0.208885)
(2.68452e-11 -1.47926e-11 0.196359)
(2.33412e-11 -1.8095e-11 0.179857)
(1.83759e-11 -1.79747e-11 0.157924)
(1.20429e-11 -1.44746e-11 0.128474)
(5.36663e-12 -7.70221e-12 0.0884778)
(-1.39183e-12 -2.632e-12 0.0334956)
(2.07319e-11 2.8098e-11 0.190082)
(2.47439e-11 1.86715e-11 0.181311)
(2.58146e-11 1.11695e-11 0.169965)
(2.30927e-11 3.08602e-12 0.155175)
(1.78306e-11 -5.27108e-12 0.135723)
(1.04245e-11 -9.10279e-12 0.109883)
(2.28259e-12 -5.37826e-12 0.0752048)
(-3.0681e-12 -7.22688e-13 0.0281868)
(-6.8043e-13 2.84502e-11 0.132613)
(7.16174e-13 2.92597e-11 0.126445)
(2.52783e-12 3.72275e-11 0.118434)
(5.32619e-12 3.72683e-11 0.107934)
(8.54992e-12 2.94406e-11 0.0940706)
(9.94661e-12 1.92654e-11 0.0756693)
(7.70599e-12 1.05623e-11 0.0511952)
(2.99697e-12 1.99834e-12 0.0187085)
(1.60295e-11 -6.98505e-11 0.1326)
(2.16862e-11 -5.76812e-11 0.126432)
(2.5176e-11 -3.95392e-11 0.118421)
(2.44193e-11 -3.02043e-11 0.107922)
(1.95916e-11 -2.66899e-11 0.0940602)
(1.36426e-11 -1.94432e-11 0.0756611)
(7.74753e-12 -8.93931e-12 0.0511899)
(9.69411e-13 -6.76544e-13 0.0187067)
(-4.63576e-11 -8.5071e-11 0.190074)
(-4.78963e-11 -8.12202e-11 0.181303)
(-4.68638e-11 -7.88877e-11 0.169957)
(-4.32677e-11 -8.10403e-11 0.155168)
(-3.70436e-11 -7.64154e-11 0.135716)
(-2.65157e-11 -5.33625e-11 0.109878)
(-1.21964e-11 -1.39352e-11 0.0752016)
(-2.7253e-12 9.73617e-12 0.0281857)
(2.98254e-11 -1.22518e-10 0.218464)
(2.82798e-11 -1.20673e-10 0.208883)
(2.80072e-11 -1.20077e-10 0.196356)
(2.80811e-11 -1.15158e-10 0.179855)
(2.72368e-11 -9.87032e-11 0.157922)
(2.50078e-11 -6.59875e-11 0.128472)
(2.08682e-11 -2.45466e-11 0.0884767)
(1.05614e-11 2.49206e-12 0.0334953)
(1.73342e-10 -1.01928e-10 0.218467)
(1.74674e-10 -1.00773e-10 0.208885)
(1.6865e-10 -1.0143e-10 0.196359)
(1.54632e-10 -9.65713e-11 0.179857)
(1.32905e-10 -8.10739e-11 0.157924)
(1.0313e-10 -5.27278e-11 0.128474)
(6.42901e-11 -1.56738e-11 0.0884778)
(1.89001e-11 5.16811e-12 0.0334956)
(2.27967e-10 -4.15255e-11 0.190082)
(2.2823e-10 -3.7018e-11 0.181311)
(2.19737e-10 -3.49836e-11 0.169965)
(2.01344e-10 -3.78091e-11 0.155175)
(1.72747e-10 -3.57437e-11 0.135723)
(1.31923e-10 -1.65738e-11 0.109883)
(7.90268e-11 1.4968e-11 0.0752048)
(2.20091e-11 2.0598e-11 0.0281868)
(1.56922e-10 -1.70742e-11 0.132613)
(1.48937e-10 -5.59541e-12 0.126445)
(1.36685e-10 1.56057e-11 0.118434)
(1.21799e-10 2.19088e-11 0.107934)
(1.04131e-10 1.81996e-11 0.0940706)
(8.00268e-11 1.68906e-11 0.0756693)
(4.78663e-11 2.11431e-11 0.0511952)
(1.4116e-11 1.50256e-11 0.0187085)
(3.58641e-10 5.16557e-10 0.1326)
(3.01899e-10 4.85272e-10 0.126432)
(2.47749e-10 4.51282e-10 0.118421)
(1.95582e-10 3.96608e-10 0.107922)
(1.40685e-10 3.1653e-10 0.0940602)
(8.13207e-11 2.19171e-10 0.0756611)
(2.21217e-11 1.15747e-10 0.0511899)
(-1.79721e-11 2.21693e-11 0.0187067)
(9.93895e-10 6.81525e-10 0.190074)
(9.58982e-10 6.2972e-10 0.181303)
(8.9048e-10 5.57636e-10 0.169957)
(7.79817e-10 4.64975e-10 0.155168)
(6.20722e-10 3.51421e-10 0.135716)
(4.14855e-10 2.25384e-10 0.109878)
(1.87285e-10 1.08736e-10 0.0752016)
(-1.25306e-12 9.57827e-12 0.0281857)
(4.68272e-10 8.08078e-10 0.218464)
(4.60498e-10 7.46505e-10 0.208883)
(4.35664e-10 6.54823e-10 0.196356)
(3.87111e-10 5.46823e-10 0.179855)
(3.09347e-10 4.16167e-10 0.157922)
(2.01324e-10 2.64179e-10 0.128472)
(7.77761e-11 1.148e-10 0.0884767)
(-1.86085e-11 -2.61101e-12 0.0334953)
(-3.26212e-10 8.2665e-10 0.218467)
(-3.24287e-10 7.65778e-10 0.208885)
(-3.07534e-10 6.73541e-10 0.196359)
(-2.69526e-10 5.63825e-10 0.179857)
(-2.05286e-10 4.32957e-10 0.157924)
(-1.15041e-10 2.78725e-10 0.128474)
(-1.64354e-11 1.25173e-10 0.0884778)
(4.32591e-11 1.36673e-12 0.0334956)
(-8.74162e-10 7.55772e-10 0.190082)
(-8.45692e-10 6.97927e-10 0.181311)
(-7.84906e-10 6.17372e-10 0.169965)
(-6.82837e-10 5.15976e-10 0.155175)
(-5.33208e-10 3.93559e-10 0.135723)
(-3.39346e-10 2.58386e-10 0.109883)
(-1.30075e-10 1.30998e-10 0.0752048)
(2.68824e-11 1.83129e-11 0.0281868)
(-3.6296e-10 5.68763e-10 0.132613)
(-3.10321e-10 5.33209e-10 0.126445)
(-2.56411e-10 4.94027e-10 0.118434)
(-2.00223e-10 4.33296e-10 0.107934)
(-1.38401e-10 3.47255e-10 0.0940706)
(-7.22301e-11 2.44302e-10 0.0756693)
(-9.92989e-12 1.3313e-10 0.0511952)
(2.56881e-11 2.75836e-11 0.0187085)
(-1.04365e-08 -2.0881e-09 0.1326)
(-1.03595e-08 -1.46931e-09 0.126432)
(-9.88665e-09 -7.00948e-10 0.118421)
(-8.95149e-09 1.42663e-10 0.107922)
(-7.5528e-09 9.71436e-10 0.0940602)
(-5.71837e-09 1.62011e-09 0.0756611)
(-3.54747e-09 1.75395e-09 0.0511898)
(-1.17706e-09 9.24081e-10 0.0187067)
(-1.20605e-08 -2.9149e-09 0.190074)
(-1.23575e-08 -2.20931e-09 0.181303)
(-1.22487e-08 -1.37024e-09 0.169957)
(-1.16275e-08 -4.00857e-10 0.155168)
(-1.04231e-08 6.29764e-10 0.135716)
(-8.54123e-09 1.53857e-09 0.109878)
(-5.86609e-09 1.87161e-09 0.0752016)
(-2.24325e-09 1.0228e-09 0.0281857)
(-4.47503e-09 -3.93426e-09 0.218464)
(-4.63281e-09 -3.34663e-09 0.208883)
(-4.6625e-09 -2.68797e-09 0.196356)
(-4.52486e-09 -1.92043e-09 0.179855)
(-4.1833e-09 -1.06543e-09 0.157922)
(-3.56992e-09 -2.54329e-10 0.128472)
(-2.56857e-09 2.60072e-10 0.0884767)
(-1.01788e-09 2.34381e-10 0.0334953)
(5.08588e-09 -3.88112e-09 0.218467)
(5.28305e-09 -3.28843e-09 0.208885)
(5.32649e-09 -2.62908e-09 0.196359)
(5.16733e-09 -1.85279e-09 0.179857)
(4.76283e-09 -9.91926e-10 0.157924)
(4.04468e-09 -1.93374e-10 0.128474)
(2.89993e-09 2.83054e-10 0.0884778)
(1.15832e-09 2.30914e-10 0.0334956)
(1.27278e-08 -2.78905e-09 0.190082)
(1.30546e-08 -2.05503e-09 0.181311)
(1.29455e-08 -1.20374e-09 0.169965)
(1.22842e-08 -2.06321e-10 0.155175)
(1.09988e-08 8.44125e-10 0.135723)
(8.99872e-09 1.71788e-09 0.109883)
(6.16984e-09 1.9628e-09 0.0752048)
(2.34782e-09 1.0318e-09 0.0281868)
(1.12575e-08 -1.93681e-09 0.132613)
(1.1184e-08 -1.30157e-09 0.126445)
(1.06737e-08 -5.23535e-10 0.118434)
(9.65421e-09 3.31856e-10 0.107934)
(8.12886e-09 1.16589e-09 0.0940706)
(6.13514e-09 1.80332e-09 0.0756693)
(3.79152e-09 1.88664e-09 0.0511952)
(1.24477e-09 9.7383e-10 0.0187085)
(-1.10736e-08 -3.53739e-09 0.1326)
(-1.08294e-08 -2.91432e-09 0.126432)
(-1.01515e-08 -2.1313e-09 0.118421)
(-8.9761e-09 -1.20953e-09 0.107922)
(-7.32569e-09 -2.55729e-10 0.0940604)
(-5.27951e-09 5.54963e-10 0.0756613)
(-3.0231e-09 9.35995e-10 0.05119)
(-8.14296e-10 5.84219e-10 0.0187067)
(-1.32095e-08 -3.70957e-09 0.190074)
(-1.33721e-08 -2.97246e-09 0.181303)
(-1.30308e-08 -2.08447e-09 0.169957)
(-1.20425e-08 -1.02777e-09 0.155168)
(-1.03346e-08 6.01077e-11 0.135716)
(-7.89515e-09 8.9435e-10 0.109878)
(-4.83494e-09 1.10487e-09 0.0752016)
(-1.42906e-09 5.32185e-10 0.0281857)
(-5.00214e-09 -4.1005e-09 0.218464)
(-5.1354e-09 -3.48387e-09 0.208883)
(-5.08544e-09 -2.70424e-09 0.196356)
(-4.7848e-09 -1.81298e-09 0.179855)
(-4.1824e-09 -8.85747e-10 0.157922)
(-3.24596e-09 -1.10045e-10 0.128472)
(-2.00616e-09 2.58631e-10 0.0884767)
(-5.95114e-10 1.3323e-10 0.0334953)
(5.97108e-09 -4.1665e-09 0.218467)
(6.14063e-09 -3.53786e-09 0.208885)
(6.08348e-09 -2.73674e-09 0.196359)
(5.72256e-09 -1.8315e-09 0.179857)
(5.00249e-09 -8.84308e-10 0.157924)
(3.88357e-09 -7.68388e-11 0.128474)
(2.38536e-09 3.27246e-10 0.0884777)
(6.65707e-10 1.79245e-10 0.0334956)
(1.45568e-08 -3.72969e-09 0.190082)
(1.47736e-08 -3.00219e-09 0.181311)
(1.44298e-08 -2.07408e-09 0.169965)
(1.3367e-08 -1.00118e-09 0.155175)
(1.15032e-08 1.01827e-10 0.135723)
(8.8087e-09 9.87379e-10 0.109883)
(5.39581e-09 1.26733e-09 0.0752048)
(1.59066e-09 6.46571e-10 0.0281868)
(1.21202e-08 -3.35244e-09 0.132613)
(1.19329e-08 -2.69752e-09 0.126446)
(1.1264e-08 -1.86081e-09 0.118434)
(1.00354e-08 -9.00203e-10 0.107934)
(8.26072e-09 7.7919e-11 0.0940708)
(6.01111e-09 8.99603e-10 0.0756695)
(3.48523e-09 1.23039e-09 0.0511953)
(9.68041e-10 7.09947e-10 0.0187085)
(-0.0110908 0.00843586 0.156139)
(-0.0108282 0.00809047 0.152323)
(-0.0104259 0.00764575 0.146871)
(-0.00986801 0.00707412 0.138915)
(-0.00906769 0.00632762 0.12706)
(-0.007845 0.00531442 0.108977)
(-0.00579378 0.00382604 0.0806265)
(-0.00216833 0.00142034 0.0345262)
(-0.0132159 0.006939 0.18724)
(-0.013153 0.00684572 0.183945)
(-0.0129674 0.00667699 0.17913)
(-0.0126231 0.00639477 0.171869)
(-0.0120058 0.00593967 0.160519)
(-0.0108411 0.00519905 0.142004)
(-0.00839109 0.00390463 0.110177)
(-0.00320536 0.001489 0.0516057)
(-0.0143869 0.00225004 0.197666)
(-0.0144331 0.00222831 0.195163)
(-0.0143609 0.00218988 0.191272)
(-0.0141512 0.0021215 0.185069)
(-0.0136757 0.00200018 0.174837)
(-0.0126108 0.00178053 0.157188)
(-0.00999659 0.00135173 0.12488)
(-0.00387051 0.000492574 0.0609495)
(-0.0143869 -0.00224992 0.197666)
(-0.0144331 -0.0022282 0.195163)
(-0.0143609 -0.00218976 0.191272)
(-0.0141512 -0.0021214 0.185069)
(-0.0136757 -0.00200009 0.174837)
(-0.0126108 -0.00178046 0.157188)
(-0.00999659 -0.00135168 0.12488)
(-0.00387051 -0.00049255 0.0609495)
(-0.0132159 -0.00693888 0.18724)
(-0.013153 -0.0068456 0.183945)
(-0.0129674 -0.00667688 0.17913)
(-0.0126231 -0.00639467 0.171869)
(-0.0120058 -0.00593958 0.160519)
(-0.0108411 -0.00519898 0.142004)
(-0.0083911 -0.00390458 0.110177)
(-0.00320537 -0.00148899 0.0516057)
(-0.0110909 -0.00843576 0.156139)
(-0.0108282 -0.00809037 0.152323)
(-0.0104259 -0.00764566 0.146871)
(-0.00986803 -0.00707403 0.138915)
(-0.00906771 -0.00632755 0.12706)
(-0.00784502 -0.00531437 0.108977)
(-0.0057938 -0.00382601 0.0806266)
(-0.00216834 -0.00142033 0.0345262)
(-0.00173132 0.00163204 0.164364)
(-0.00164164 0.0015252 0.158174)
(-0.00154945 0.00138033 0.149821)
(-0.00141512 0.00118648 0.1384)
(-0.00122074 0.000935986 0.12261)
(-0.000945752 0.000631347 0.100602)
(-0.000572119 0.000295923 0.0698009)
(-0.000125039 -1.81181e-06 0.026642)
(-0.00310547 0.00185869 0.216223)
(-0.00305023 0.00174809 0.209382)
(-0.00299632 0.00159881 0.199969)
(-0.00286887 0.00139512 0.186768)
(-0.00261553 0.0011202 0.167895)
(-0.00216521 0.000763481 0.140429)
(-0.00141353 0.000336668 0.0999262)
(-0.000322395 -6.57686e-05 0.0397664)
(-0.00384991 0.000671996 0.23682)
(-0.00385031 0.000632484 0.230669)
(-0.00384984 0.000579387 0.221871)
(-0.00376037 0.000506772 0.209031)
(-0.00350752 0.000407339 0.189899)
(-0.00297771 0.00027483 0.160851)
(-0.00198369 0.000110165 0.11615)
(-0.000422159 -4.79478e-05 0.0470852)
(-0.00384992 -0.000671599 0.236821)
(-0.00385031 -0.000632078 0.230669)
(-0.00384985 -0.000578984 0.221871)
(-0.00376039 -0.000506391 0.209031)
(-0.00350755 -0.000406998 0.1899)
(-0.00297774 -0.000274549 0.160851)
(-0.00198371 -0.00010997 0.11615)
(-0.000422169 4.80236e-05 0.0470852)
(-0.0031055 -0.00185829 0.216224)
(-0.00305026 -0.00174768 0.209383)
(-0.00299636 -0.00159841 0.199969)
(-0.00286893 -0.00139475 0.186769)
(-0.0026156 -0.00111987 0.167895)
(-0.00216528 -0.00076322 0.140429)
(-0.00141359 -0.000336494 0.0999264)
(-0.00032242 6.58305e-05 0.0397665)
(-0.00173138 -0.00163171 0.164366)
(-0.00164172 -0.00152487 0.158176)
(-0.00154953 -0.00138001 0.149823)
(-0.00141521 -0.00118619 0.138401)
(-0.00122084 -0.000935736 0.122611)
(-0.000945842 -0.000631157 0.100603)
(-0.00057219 -0.000295805 0.0698014)
(-0.000125068 1.85015e-06 0.0266422)
(-0.00107355 0.000930636 0.141381)
(-0.000967996 0.000840991 0.134833)
(-0.000836959 0.000731045 0.126271)
(-0.000680443 0.000599755 0.114983)
(-0.000499196 0.000448361 0.100021)
(-0.000301785 0.000283805 0.0801555)
(-0.00011822 0.000126287 0.0538708)
(4.42767e-06 9.22779e-06 0.0194241)
(-0.00212937 0.00100582 0.199535)
(-0.00196227 0.000915345 0.190934)
(-0.00173655 0.000799772 0.179587)
(-0.00145081 0.000656517 0.164466)
(-0.00109868 0.000486486 0.144131)
(-0.000689185 0.000299381 0.116607)
(-0.000282328 0.000124248 0.0793253)
(1.10963e-05 3.31366e-06 0.0291919)
(-0.00271315 0.000410139 0.225824)
(-0.00253252 0.000375278 0.217171)
(-0.00227225 0.000330148 0.205469)
(-0.00192936 0.000273326 0.189456)
(-0.00148814 0.00020482 0.167309)
(-0.000951574 0.000128457 0.13647)
(-0.000394458 5.65746e-05 0.0935825)
(2.16146e-05 5.84382e-06 0.034709)
(-0.00271317 -0.000409482 0.225825)
(-0.00253254 -0.000374608 0.217172)
(-0.00227228 -0.000329485 0.20547)
(-0.00192939 -0.000272699 0.189456)
(-0.00148818 -0.000204262 0.167309)
(-0.000951615 -0.000128007 0.136471)
(-0.000394492 -5.62746e-05 0.0935827)
(2.16002e-05 -5.74034e-06 0.034709)
(-0.00212944 -0.00100517 0.199537)
(-0.00196235 -0.000914686 0.190936)
(-0.00173664 -0.000799123 0.179588)
(-0.00145092 -0.00065591 0.164468)
(-0.00109879 -0.000485953 0.144133)
(-0.000689297 -0.000298959 0.116608)
(-0.000282418 -0.000123975 0.0793261)
(1.10597e-05 -3.22387e-06 0.0291922)
(-0.00107368 -0.000930119 0.141385)
(-0.000968137 -0.00084047 0.134837)
(-0.00083711 -0.000730543 0.126275)
(-0.000680601 -0.000599296 0.114986)
(-0.000499355 -0.000447969 0.100024)
(-0.000301932 -0.000283507 0.0801579)
(-0.000118332 -0.000126102 0.0538723)
(4.38384e-06 -9.16932e-06 0.0194247)
(-9.18418e-05 0.000163155 0.136978)
(-7.27914e-05 0.000148786 0.130696)
(-5.49774e-05 0.000131018 0.122513)
(-3.51429e-05 0.000109365 0.111758)
(-1.5036e-05 8.39473e-05 0.0975195)
(1.84473e-06 5.61873e-05 0.0785675)
(1.07648e-05 2.92144e-05 0.0532782)
(6.25159e-06 7.91669e-06 0.0195544)
(-0.000413016 0.000294147 0.194257)
(-0.000361891 0.000261459 0.185549)
(-0.000306141 0.000222289 0.174214)
(-0.000239107 0.000176585 0.159339)
(-0.000162717 0.000125819 0.139646)
(-8.4824e-05 7.41898e-05 0.11333)
(-2.16519e-05 2.95942e-05 0.077819)
(2.37136e-06 3.54564e-06 0.0293582)
(-0.000663947 0.000143867 0.221391)
(-0.000595988 0.000127729 0.21217)
(-0.000515163 0.000108007 0.19997)
(-0.000412848 8.46325e-05 0.183693)
(-0.00029007 5.84041e-05 0.161786)
(-0.00015757 3.17023e-05 0.132043)
(-4.40614e-05 9.27556e-06 0.0912935)
(2.28447e-06 -1.43955e-06 0.0348277)
(-0.000663969 -0.000143167 0.221392)
(-0.000596015 -0.000127018 0.212171)
(-0.000515195 -0.000107306 0.199971)
(-0.000412885 -8.39725e-05 0.183694)
(-0.000290111 -5.78222e-05 0.161787)
(-0.000157611 -3.12411e-05 0.132043)
(-4.40942e-05 -8.97929e-06 0.0912939)
(2.27144e-06 1.53252e-06 0.0348279)
(-0.000413127 -0.00029346 0.19426)
(-0.000362008 -0.000260763 0.185552)
(-0.000306265 -0.000221606 0.174217)
(-0.000239236 -0.000175947 0.159342)
(-0.000162847 -0.00012526 0.139649)
(-8.49425e-05 -7.37506e-05 0.113332)
(-2.17413e-05 -2.93141e-05 0.0778203)
(2.33646e-06 -3.45695e-06 0.0293587)
(-9.20057e-05 -0.000162645 0.136984)
(-7.29608e-05 -0.000148277 0.130702)
(-5.51516e-05 -0.000130528 0.122519)
(-3.53188e-05 -0.000108916 0.111764)
(-1.52066e-05 -8.35639e-05 0.0975242)
(1.6923e-06 -5.58929e-05 0.0785712)
(1.06521e-05 -2.90305e-05 0.0532806)
(6.20874e-06 -7.85843e-06 0.0195552)
(-5.89182e-05 8.56107e-05 0.135864)
(-5.12928e-05 8.04909e-05 0.129645)
(-4.31806e-05 7.39386e-05 0.121542)
(-3.35575e-05 6.55118e-05 0.110887)
(-2.26779e-05 5.47073e-05 0.0967713)
(-1.13947e-05 4.11376e-05 0.0779649)
(-1.75399e-06 2.49536e-05 0.0528507)
(2.68832e-06 7.21424e-06 0.0193697)
(-0.000198083 0.000162839 0.193034)
(-0.000178574 0.000150096 0.184345)
(-0.000156402 0.000134617 0.17306)
(-0.000129636 0.000116015 0.158279)
(-9.83803e-05 9.40136e-05 0.138734)
(-6.3967e-05 6.86407e-05 0.112615)
(-2.99697e-05 4.05742e-05 0.0773254)
(-2.70211e-06 1.11977e-05 0.0291196)
(-0.00031845 7.86301e-05 0.220518)
(-0.00029073 7.16648e-05 0.211179)
(-0.000257402 6.31401e-05 0.198893)
(-0.000216142 5.29292e-05 0.182595)
(-0.000166972 4.10999e-05 0.16077)
(-0.000112009 2.80643e-05 0.131226)
(-5.67727e-05 1.47833e-05 0.0907469)
(-9.24127e-06 2.79003e-06 0.034561)
(-0.000318482 -7.79454e-05 0.22052)
(-0.000290765 -7.09749e-05 0.211181)
(-0.000257442 -6.24655e-05 0.198894)
(-0.000216184 -5.22981e-05 0.182596)
(-0.000167016 -4.05462e-05 0.160771)
(-0.00011205 -2.76273e-05 0.131226)
(-5.68041e-05 -1.45037e-05 0.0907474)
(-9.25346e-06 -2.70226e-06 0.0345611)
(-0.00019822 -0.000162183 0.193038)
(-0.000178713 -0.000149438 0.184349)
(-0.000156542 -0.000133977 0.173064)
(-0.000129776 -0.000115419 0.158283)
(-9.85136e-05 -9.34934e-05 0.138737)
(-6.40844e-05 -6.82311e-05 0.112618)
(-3.00558e-05 -4.03113e-05 0.0773272)
(-2.73517e-06 -1.11129e-05 0.0291202)
(-5.90816e-05 -8.51676e-05 0.135872)
(-5.14584e-05 -8.00531e-05 0.129652)
(-4.33474e-05 -7.352e-05 0.121549)
(-3.37225e-05 -6.51295e-05 0.110894)
(-2.28347e-05 -5.43798e-05 0.0967774)
(-1.15323e-05 -4.08847e-05 0.0779697)
(-1.85426e-06 -2.4794e-05 0.0528538)
(2.65076e-06 -7.16274e-06 0.0193708)
(-6.27273e-05 7.02137e-05 0.134481)
(-5.56331e-05 6.461e-05 0.12828)
(-4.75177e-05 5.75844e-05 0.120209)
(-3.79248e-05 4.89162e-05 0.109608)
(-2.69945e-05 3.84888e-05 0.0955847)
(-1.53863e-05 2.6501e-05 0.0769351)
(-4.95741e-06 1.39177e-05 0.0520865)
(1.14419e-06 2.74631e-06 0.0190508)
(-0.000154662 0.000106278 0.191768)
(-0.000140171 9.80461e-05 0.183054)
(-0.000122607 8.78103e-05 0.17175)
(-0.000101284 7.52192e-05 0.156965)
(-7.6053e-05 5.99887e-05 0.137448)
(-4.77993e-05 4.21856e-05 0.111422)
(-2.00999e-05 2.29059e-05 0.0763606)
(3.45596e-08 4.82995e-06 0.0286644)
(-0.000225304 5.10068e-05 0.219599)
(-0.000206626 4.69948e-05 0.210178)
(-0.000183006 4.20045e-05 0.197811)
(-0.000153729 3.58742e-05 0.181441)
(-0.000118275 2.84866e-05 0.159572)
(-7.73875e-05 1.98978e-05 0.130045)
(-3.54756e-05 1.06603e-05 0.0897266)
(-2.10082e-06 2.1039e-06 0.0340386)
(-0.000225341 -5.04041e-05 0.2196)
(-0.000206665 -4.63952e-05 0.21018)
(-0.000183046 -4.14253e-05 0.197812)
(-0.000153769 -3.53386e-05 0.181443)
(-0.000118314 -2.80221e-05 0.159573)
(-7.74225e-05 -1.9536e-05 0.130046)
(-3.55011e-05 -1.04327e-05 0.0897272)
(-2.11024e-06 -2.03511e-06 0.0340388)
(-0.000154791 -0.000105729 0.191773)
(-0.0001403 -9.75028e-05 0.183059)
(-0.000122734 -8.7288e-05 0.171755)
(-0.000101406 -7.47378e-05 0.15697)
(-7.61657e-05 -5.95718e-05 0.137452)
(-4.78954e-05 -4.18598e-05 0.111426)
(-2.01682e-05 -2.26984e-05 0.0763627)
(9.14989e-09 -4.76403e-06 0.0286651)
(-6.28552e-05 -6.98809e-05 0.13449)
(-5.57611e-05 -6.42854e-05 0.128289)
(-4.7645e-05 -5.72773e-05 0.120218)
(-3.8049e-05 -4.86376e-05 0.109617)
(-2.71109e-05 -3.82514e-05 0.095592)
(-1.5487e-05 -2.63183e-05 0.0769408)
(-5.02986e-06 -1.38026e-05 0.0520902)
(1.11752e-06 -2.7095e-06 0.0190521)
(-3.14724e-05 3.83658e-05 0.133783)
(-2.76741e-05 3.53302e-05 0.127598)
(-2.351e-05 3.14755e-05 0.119552)
(-1.86017e-05 2.66731e-05 0.108993)
(-1.30566e-05 2.08823e-05 0.0950323)
(-7.26759e-06 1.42703e-05 0.0764787)
(-2.18911e-06 7.43047e-06 0.0517712)
(5.98452e-07 1.50867e-06 0.0189343)
(-8.32909e-05 6.00159e-05 0.191109)
(-7.52836e-05 5.5058e-05 0.182378)
(-6.58594e-05 4.88929e-05 0.171064)
(-5.43306e-05 4.13413e-05 0.156284)
(-4.06431e-05 3.23293e-05 0.136798)
(-2.53936e-05 2.20739e-05 0.110851)
(-1.06267e-05 1.14447e-05 0.0759421)
(-2.82551e-07 2.23332e-06 0.0285016)
(-0.000123334 2.96217e-05 0.219141)
(-0.000113009 2.71902e-05 0.209666)
(-0.000100189 2.41639e-05 0.197245)
(-8.40745e-05 2.04502e-05 0.180834)
(-6.43744e-05 1.60023e-05 0.158948)
(-4.16503e-05 1.09105e-05 0.129459)
(-1.86619e-05 5.60083e-06 0.0892728)
(-1.38541e-06 1.02584e-06 0.0338544)
(-0.000123365 -2.91511e-05 0.219143)
(-0.000113041 -2.67298e-05 0.209667)
(-0.000100221 -2.37267e-05 0.197247)
(-8.41054e-05 -2.00529e-05 0.180835)
(-6.44033e-05 -1.56644e-05 0.15895)
(-4.16748e-05 -1.06534e-05 0.12946)
(-1.8679e-05 -5.44438e-06 0.0892735)
(-1.39137e-06 -9.81763e-07 0.0338546)
(-8.33861e-05 -5.96127e-05 0.191115)
(-7.5377e-05 -5.46655e-05 0.182384)
(-6.59495e-05 -4.85217e-05 0.17107)
(-5.44154e-05 -4.10047e-05 0.156289)
(-4.07196e-05 -3.20425e-05 0.136803)
(-2.54571e-05 -2.1854e-05 0.110854)
(-1.06705e-05 -1.13079e-05 0.0759445)
(-2.98291e-07 -2.19195e-06 0.0285023)
(-3.15514e-05 -3.8145e-05 0.133794)
(-2.77526e-05 -3.51179e-05 0.127608)
(-2.35877e-05 -3.12774e-05 0.119562)
(-1.86769e-05 -2.64959e-05 0.109002)
(-1.31265e-05 -2.07333e-05 0.0950405)
(-7.32759e-06 -1.41574e-05 0.0764851)
(-2.2318e-06 -7.3607e-06 0.0517753)
(5.83008e-07 -1.48723e-06 0.0189357)
(-2.06103e-05 2.46675e-05 0.133366)
(-1.82215e-05 2.27806e-05 0.127187)
(-1.55604e-05 2.03661e-05 0.119155)
(-1.24068e-05 1.7338e-05 0.108617)
(-8.81515e-06 1.36603e-05 0.0946912)
(-5.01704e-06 9.41866e-06 0.0761917)
(-1.61893e-06 4.96831e-06 0.0515668)
(3.52728e-07 1.02168e-06 0.0188539)
(-5.30288e-05 3.77761e-05 0.190739)
(-4.81674e-05 3.4731e-05 0.181995)
(-4.237e-05 3.09084e-05 0.170671)
(-3.52282e-05 2.6194e-05 0.155888)
(-2.66764e-05 2.0543e-05 0.136415)
(-1.70243e-05 1.40896e-05 0.110507)
(-7.47223e-06 7.36455e-06 0.0756804)
(-3.76497e-07 1.42993e-06 0.0283894)
(-7.76092e-05 1.83818e-05 0.2189)
(-7.14092e-05 1.68719e-05 0.209387)
(-6.36028e-05 1.49795e-05 0.196929)
(-5.37159e-05 1.26487e-05 0.180486)
(-4.15333e-05 9.85898e-06 0.158584)
(-2.73376e-05 6.68029e-06 0.129109)
(-1.27352e-05 3.39145e-06 0.0889913)
(-1.17408e-06 5.70199e-07 0.0337269)
(-7.76294e-05 -1.80484e-05 0.218902)
(-7.14293e-05 -1.65523e-05 0.209389)
(-6.36224e-05 -1.46825e-05 0.196931)
(-5.37345e-05 -1.23852e-05 0.180487)
(-4.15502e-05 -9.64097e-06 0.158586)
(-2.73515e-05 -6.52032e-06 0.129111)
(-1.27445e-05 -3.29914e-06 0.0889921)
(-1.17717e-06 -5.4726e-07 0.0337272)
(-5.30832e-05 -3.7506e-05 0.190746)
(-4.82203e-05 -3.44731e-05 0.182002)
(-4.24205e-05 -3.06695e-05 0.170677)
(-3.52751e-05 -2.5982e-05 0.155894)
(-2.6718e-05 -2.03671e-05 0.13642)
(-1.70582e-05 -1.39589e-05 0.110511)
(-7.49513e-06 -7.28703e-06 0.075683)
(-3.84445e-07 -1.40875e-06 0.0283903)
(-2.06486e-05 -2.45301e-05 0.133377)
(-1.82596e-05 -2.26504e-05 0.127199)
(-1.55984e-05 -2.02464e-05 0.119166)
(-1.24437e-05 -1.72329e-05 0.108627)
(-8.84964e-06 -1.3574e-05 0.0947001)
(-5.04672e-06 -9.35514e-06 0.0761987)
(-1.64005e-06 -4.93069e-06 0.0515713)
(3.45146e-07 -1.01112e-06 0.0188554)
(-1.34873e-05 1.60087e-05 0.133084)
(-1.19221e-05 1.47771e-05 0.12691)
(-1.01674e-05 1.32004e-05 0.118885)
(-8.09006e-06 1.12243e-05 0.108361)
(-5.72753e-06 8.82809e-06 0.0944579)
(-3.23501e-06 6.07069e-06 0.0759944)
(-1.018e-06 3.18841e-06 0.0514255)
(2.46975e-07 6.49102e-07 0.0187981)
(-3.42467e-05 2.40666e-05 0.190494)
(-3.1096e-05 2.21643e-05 0.18174)
(-2.73237e-05 1.97576e-05 0.170407)
(-2.26816e-05 1.67699e-05 0.155621)
(-1.71239e-05 1.317e-05 0.136155)
(-1.08552e-05 9.04118e-06 0.110271)
(-4.68019e-06 4.72731e-06 0.075499)
(-1.64721e-07 9.18682e-07 0.028311)
(-4.97656e-05 1.15721e-05 0.218739)
(-4.57854e-05 1.06378e-05 0.209201)
(-4.07636e-05 9.45732e-06 0.196717)
(-3.44092e-05 7.99381e-06 0.180251)
(-2.6568e-05 6.23381e-06 0.158337)
(-1.7415e-05 4.22287e-06 0.128869)
(-8.0125e-06 2.1415e-06 0.0887953)
(-6.44209e-07 3.58638e-07 0.0336371)
(-4.97748e-05 -1.1356e-05 0.218741)
(-4.57943e-05 -1.04356e-05 0.209203)
(-4.07722e-05 -9.27447e-06 0.196719)
(-3.44172e-05 -7.83682e-06 0.180253)
(-2.6575e-05 -6.10951e-06 0.158338)
(-1.74206e-05 -4.13724e-06 0.128871)
(-8.01602e-06 -2.09713e-06 0.0887962)
(-6.4525e-07 -3.50911e-07 0.0336374)
(-3.42692e-05 -2.38994e-05 0.190501)
(-3.11176e-05 -2.2008e-05 0.181747)
(-2.73441e-05 -1.96163e-05 0.170414)
(-2.27002e-05 -1.66484e-05 0.155628)
(-1.71402e-05 -1.30731e-05 0.136161)
(-1.08682e-05 -8.97332e-06 0.110275)
(-4.68857e-06 -4.69064e-06 0.0755018)
(-1.67414e-07 -9.11006e-07 0.0283119)
(-1.3499e-05 -1.59283e-05 0.133096)
(-1.19341e-05 -1.47021e-05 0.126922)
(-1.01798e-05 -1.31328e-05 0.118897)
(-8.10261e-06 -1.11665e-05 0.108372)
(-5.73966e-06 -8.78223e-06 0.0944673)
(-3.24576e-06 -6.03866e-06 0.0760018)
(-1.02575e-06 -3.17095e-06 0.0514303)
(2.44234e-07 -6.45158e-07 0.0187997)
(-8.1697e-06 9.93699e-06 0.13291)
(-7.20534e-06 9.18788e-06 0.126738)
(-6.12774e-06 8.2209e-06 0.118718)
(-4.85428e-06 7.00131e-06 0.108203)
(-3.41074e-06 5.51635e-06 0.0943146)
(-1.89612e-06 3.8031e-06 0.0758742)
(-5.63016e-07 2.00803e-06 0.0513405)
(1.70832e-07 4.19792e-07 0.0187651)
(-2.09905e-05 1.49745e-05 0.190342)
(-1.90408e-05 1.38185e-05 0.181581)
(-1.67155e-05 1.23445e-05 0.170244)
(-1.38517e-05 1.05011e-05 0.155457)
(-1.04243e-05 8.26715e-06 0.135996)
(-6.56894e-06 5.69358e-06 0.110128)
(-2.79535e-06 2.99404e-06 0.0753904)
(-8.04142e-08 5.99525e-07 0.0282653)
(-3.05894e-05 7.16961e-06 0.21864)
(-2.81353e-05 6.60576e-06 0.209086)
(-2.50502e-05 5.88704e-06 0.196586)
(-2.11338e-05 4.98832e-06 0.180107)
(-1.62909e-05 3.8999e-06 0.158185)
(-1.06408e-05 2.64946e-06 0.128724)
(-4.86053e-06 1.34953e-06 0.0886783)
(-3.84957e-07 2.32308e-07 0.0335852)
(-3.05909e-05 -7.04132e-06 0.218643)
(-2.81367e-05 -6.48939e-06 0.209088)
(-2.50515e-05 -5.78582e-06 0.196589)
(-2.11349e-05 -4.90578e-06 0.180109)
(-1.62916e-05 -3.83934e-06 0.158187)
(-1.06412e-05 -2.61284e-06 0.128725)
(-4.86053e-06 -1.33553e-06 0.0886793)
(-3.84805e-07 -2.33495e-07 0.0335854)
(-2.09933e-05 -1.4879e-05 0.190349)
(-1.90434e-05 -1.37318e-05 0.181589)
(-1.67177e-05 -1.22689e-05 0.170251)
(-1.38535e-05 -1.04392e-05 0.155464)
(-1.04256e-05 -8.22113e-06 0.136001)
(-6.56961e-06 -5.66489e-06 0.110132)
(-2.7954e-06 -2.98191e-06 0.0753934)
(-8.02094e-08 -5.99372e-07 0.0282662)
(-8.16661e-06 -9.89472e-06 0.132922)
(-7.20269e-06 -9.14946e-06 0.12675)
(-6.12586e-06 -8.18747e-06 0.11873)
(-4.85313e-06 -6.974e-06 0.108214)
(-3.41024e-06 -5.4961e-06 0.0943244)
(-1.89614e-06 -3.79042e-06 0.0758819)
(-5.63232e-07 -2.00252e-06 0.0513454)
(1.70762e-07 -4.19512e-07 0.0187667)
(-5.13393e-06 6.22027e-06 0.132801)
(-4.532e-06 5.75342e-06 0.126631)
(-3.85805e-06 5.14995e-06 0.118615)
(-3.06196e-06 4.38798e-06 0.108105)
(-2.15915e-06 3.45917e-06 0.0942256)
(-1.20966e-06 2.38609e-06 0.0757995)
(-3.6916e-07 1.26005e-06 0.0512874)
(1.01854e-07 2.61445e-07 0.0187444)
(-1.31331e-05 9.35572e-06 0.190249)
(-1.19281e-05 8.63785e-06 0.181485)
(-1.04816e-05 7.72204e-06 0.170145)
(-8.69761e-06 6.57563e-06 0.155356)
(-6.56156e-06 5.18359e-06 0.135898)
(-4.15422e-06 3.57527e-06 0.11004)
(-1.7864e-06 1.88241e-06 0.0753235)
(-6.28803e-08 3.74032e-07 0.0282369)
(-1.91092e-05 4.46433e-06 0.218581)
(-1.76028e-05 4.11672e-06 0.209017)
(-1.56885e-05 3.67278e-06 0.196508)
(-1.32517e-05 3.11647e-06 0.18002)
(-1.0237e-05 2.4407e-06 0.158093)
(-6.7141e-06 1.66122e-06 0.128635)
(-3.09336e-06 8.47235e-07 0.0886066)
(-2.58848e-07 1.44314e-07 0.0335529)
(-1.91067e-05 -4.39635e-06 0.218584)
(-1.76002e-05 -4.05812e-06 0.20902)
(-1.56859e-05 -3.62529e-06 0.19651)
(-1.32491e-05 -3.08176e-06 0.180022)
(-1.02345e-05 -2.41994e-06 0.158095)
(-6.71175e-06 -1.65411e-06 0.128636)
(-3.0915e-06 -8.50616e-07 0.0886076)
(-2.58071e-07 -1.50081e-07 0.0335532)
(-1.3126e-05 -9.30796e-06 0.190256)
(-1.1921e-05 -8.59672e-06 0.181492)
(-1.04745e-05 -7.68875e-06 0.170152)
(-8.69074e-06 -6.5513e-06 0.155363)
(-6.55508e-06 -5.1689e-06 0.135904)
(-4.14852e-06 -3.56996e-06 0.110044)
(-1.78212e-06 -1.88428e-06 0.0753265)
(-6.11619e-08 -3.77761e-07 0.0282379)
(-5.12349e-06 -6.20342e-06 0.132814)
(-4.52204e-06 -5.73932e-06 0.126644)
(-3.84884e-06 -5.13905e-06 0.118627)
(-3.05362e-06 -4.38059e-06 0.108117)
(-2.15192e-06 -3.45537e-06 0.0942356)
(-1.20388e-06 -2.38559e-06 0.0758073)
(-3.65205e-07 -1.26179e-06 0.0512925)
(1.03322e-07 -2.63223e-07 0.0187461)
(-3.27347e-06 3.9238e-06 0.132733)
(-2.88888e-06 3.62552e-06 0.126564)
(-2.45843e-06 3.24132e-06 0.118549)
(-1.95043e-06 2.7585e-06 0.108043)
(-1.37458e-06 2.17238e-06 0.0941692)
(-7.6923e-07 1.49746e-06 0.0757518)
(-2.34176e-07 7.91066e-07 0.0512535)
(6.54838e-08 1.64722e-07 0.0187311)
(-8.37205e-06 5.90733e-06 0.19019)
(-7.59707e-06 5.44868e-06 0.181423)
(-6.66718e-06 4.86538e-06 0.170081)
(-5.52591e-06 4.13914e-06 0.155292)
(-4.16343e-06 3.26157e-06 0.135835)
(-2.63058e-06 2.25114e-06 0.109983)
(-1.12637e-06 1.18941e-06 0.0752802)
(-3.40579e-08 2.40322e-07 0.0282183)
(-1.21696e-05 2.81048e-06 0.218544)
(-1.11964e-05 2.58936e-06 0.208973)
(-9.96164e-06 2.30748e-06 0.196457)
(-8.40237e-06 1.95596e-06 0.179964)
(-6.48293e-06 1.5309e-06 0.158034)
(-4.24567e-06 1.04218e-06 0.128578)
(-1.95137e-06 5.32747e-07 0.0885601)
(-1.56788e-07 9.19886e-08 0.0335318)
(-1.21652e-05 -2.78273e-06 0.218546)
(-1.1192e-05 -2.56856e-06 0.208976)
(-9.95723e-06 -2.29448e-06 0.19646)
(-8.39801e-06 -1.95133e-06 0.179966)
(-6.47876e-06 -1.53456e-06 0.158036)
(-4.24197e-06 -1.05263e-06 0.128579)
(-1.9486e-06 -5.46011e-07 0.0885611)
(-1.557e-07 -1.00131e-07 0.0335321)
(-8.36028e-06 -5.89134e-06 0.190198)
(-7.58533e-06 -5.43756e-06 0.181431)
(-6.65564e-06 -4.8596e-06 0.170089)
(-5.51473e-06 -4.13892e-06 0.155299)
(-4.15301e-06 -3.26663e-06 0.135841)
(-2.62159e-06 -2.26023e-06 0.109988)
(-1.11986e-06 -1.19962e-06 0.0752833)
(-3.15655e-08 -2.46245e-07 0.0282193)
(-3.25929e-06 -3.92423e-06 0.132746)
(-2.87507e-06 -3.62788e-06 0.126577)
(-2.44526e-06 -3.24556e-06 0.118562)
(-1.93808e-06 -2.76437e-06 0.108055)
(-1.36347e-06 -2.17941e-06 0.0941793)
(-7.60004e-07 -1.50483e-06 0.0757598)
(-2.27752e-07 -7.97398e-07 0.0512586)
(6.78278e-08 -1.67763e-07 0.0187328)
(-2.03113e-06 2.47383e-06 0.132689)
(-1.78824e-06 2.28876e-06 0.12652)
(-1.51631e-06 2.04848e-06 0.118507)
(-1.19555e-06 1.74502e-06 0.108003)
(-8.33156e-07 1.37582e-06 0.094133)
(-4.54939e-07 9.50302e-07 0.0757215)
(-1.26183e-07 5.04599e-07 0.0512321)
(4.82999e-08 1.08674e-07 0.0187228)
(-5.2337e-06 3.72271e-06 0.190152)
(-4.7383e-06 3.43977e-06 0.181384)
(-4.14697e-06 3.07611e-06 0.17004)
(-3.423e-06 2.62031e-06 0.155251)
(-2.56131e-06 2.06798e-06 0.135795)
(-1.59796e-06 1.43139e-06 0.109947)
(-6.65534e-07 7.61587e-07 0.0752531)
(-7.89688e-09 1.60902e-07 0.0282069)
(-7.62079e-06 1.76209e-06 0.218518)
(-6.99453e-06 1.6255e-06 0.208944)
(-6.20843e-06 1.44977e-06 0.196424)
(-5.21965e-06 1.22937e-06 0.179928)
(-4.00573e-06 9.62413e-07 0.157996)
(-2.59874e-06 6.55661e-07 0.128541)
(-1.17342e-06 3.36298e-07 0.088531)
(-8.39211e-08 6.02742e-08 0.0335188)
(-7.61581e-06 -1.7612e-06 0.218521)
(-6.98947e-06 -1.62962e-06 0.208947)
(-6.20336e-06 -1.45908e-06 0.196427)
(-5.21465e-06 -1.24371e-06 0.17993)
(-4.00098e-06 -9.8093e-07 0.157998)
(-2.59454e-06 -6.7623e-07 0.128543)
(-1.17029e-06 -3.54668e-07 0.088532)
(-8.27095e-08 -6.92206e-08 0.0335192)
(-5.21986e-06 -3.72825e-06 0.190159)
(-4.72453e-06 -3.44881e-06 0.181391)
(-4.13345e-06 -3.08858e-06 0.170048)
(-3.40998e-06 -2.63583e-06 0.155258)
(-2.54925e-06 -2.08562e-06 0.135801)
(-1.58759e-06 -1.44933e-06 0.109952)
(-6.58023e-07 -7.76581e-07 0.0752561)
(-5.0309e-09 -1.67837e-07 0.0282079)
(-2.0152e-06 -2.48542e-06 0.132702)
(-1.77262e-06 -2.3017e-06 0.126534)
(-1.50122e-06 -2.06241e-06 0.11852)
(-1.18128e-06 -1.75933e-06 0.108015)
(-8.20194e-07 -1.38969e-06 0.0941432)
(-4.4405e-07 -9.62574e-07 0.0757296)
(-1.18501e-07 -5.13665e-07 0.0512373)
(5.11352e-08 -1.12378e-07 0.0187245)
(-1.26619e-06 1.54061e-06 0.132662)
(-1.11651e-06 1.42707e-06 0.126493)
(-9.48225e-07 1.27904e-06 0.118481)
(-7.49275e-07 1.09088e-06 0.107978)
(-5.24185e-07 8.60619e-07 0.0941106)
(-2.88836e-07 5.94031e-07 0.0757029)
(-8.31078e-08 3.14046e-07 0.051219)
(2.79008e-08 6.64439e-08 0.0187178)
(-3.2412e-06 2.31007e-06 0.190128)
(-2.94012e-06 2.13914e-06 0.181359)
(-2.57805e-06 1.91722e-06 0.170015)
(-2.13152e-06 1.63574e-06 0.155225)
(-1.59821e-06 1.29132e-06 0.135771)
(-1.00085e-06 8.91664e-07 0.109926)
(-4.20968e-07 4.70034e-07 0.0752368)
(-9.81963e-09 9.53162e-08 0.0282002)
(-4.71271e-06 1.08753e-06 0.218503)
(-4.33566e-06 1.00494e-06 0.208926)
(-3.85738e-06 8.97855e-07 0.196404)
(-3.24867e-06 7.62088e-07 0.179905)
(-2.49693e-06 5.96175e-07 0.157973)
(-1.62323e-06 4.04456e-07 0.12852)
(-7.36224e-07 2.04689e-07 0.0885138)
(-5.74373e-08 3.41988e-08 0.0335113)
(-4.70774e-06 -1.1033e-06 0.218506)
(-4.33062e-06 -1.02436e-06 0.208929)
(-3.85235e-06 -9.20546e-07 0.196407)
(-3.24372e-06 -7.87305e-07 0.179908)
(-2.49224e-06 -6.22551e-07 0.157975)
(-1.6191e-06 -4.29557e-07 0.128521)
(-7.33193e-07 -2.24483e-07 0.0885147)
(-5.62909e-08 -4.26799e-08 0.0335116)
(-3.22683e-06 -2.32873e-06 0.190136)
(-2.92589e-06 -2.16036e-06 0.181367)
(-2.56419e-06 -1.94053e-06 0.170022)
(-2.11824e-06 -1.66028e-06 0.155232)
(-1.58597e-06 -1.31574e-06 0.135777)
(-9.90412e-07 -9.13846e-07 0.10993)
(-4.13525e-07 -4.86794e-07 0.0752399)
(-7.04067e-09 -1.02242e-07 0.0282012)
(-1.25014e-06 -1.55829e-06 0.132675)
(-1.10073e-06 -1.44565e-06 0.126506)
(-9.32964e-07 -1.29797e-06 0.118493)
(-7.34774e-07 -1.10937e-06 0.10799)
(-5.1093e-07 -8.77658e-07 0.0941209)
(-2.7765e-07 -6.08336e-07 0.0757109)
(-7.52463e-08 -3.24052e-07 0.0512242)
(3.07457e-08 -7.02486e-08 0.0187195)
(-8.33592e-07 9.6367e-07 0.132645)
(-7.38515e-07 8.89867e-07 0.126477)
(-6.31388e-07 7.95071e-07 0.118464)
(-5.04592e-07 6.75864e-07 0.107963)
(-3.60212e-07 5.30915e-07 0.0940967)
(-2.07242e-07 3.63886e-07 0.0756912)
(-6.94888e-08 1.89514e-07 0.0512106)
(1.21945e-08 3.70798e-08 0.0187145)
(-2.09464e-06 1.44181e-06 0.190114)
(-1.9071e-06 1.33101e-06 0.181344)
(-1.67919e-06 1.18929e-06 0.169999)
(-1.39714e-06 1.01127e-06 0.155209)
(-1.05856e-06 7.94541e-07 0.135755)
(-6.75525e-07 5.44034e-07 0.109912)
(-2.95976e-07 2.81602e-07 0.0752264)
(-1.49722e-08 5.15034e-08 0.0281957)
(-3.02658e-06 6.75734e-07 0.218494)
(-2.79479e-06 6.22424e-07 0.208916)
(-2.49521e-06 5.54387e-07 0.196392)
(-2.11165e-06 4.69002e-07 0.179892)
(-1.63557e-06 3.65168e-07 0.157959)
(-1.07732e-06 2.45586e-07 0.128506)
(-5.00607e-07 1.21821e-07 0.0885026)
(-4.49901e-08 1.77248e-08 0.0335063)
(-3.02206e-06 -7e-07 0.218497)
(-2.79023e-06 -6.49323e-07 0.208918)
(-2.49066e-06 -5.83221e-07 0.196394)
(-2.10717e-06 -4.98657e-07 0.179894)
(-1.63132e-06 -3.94006e-07 0.157961)
(-1.07359e-06 -2.71165e-07 0.128507)
(-4.97889e-07 -1.4063e-07 0.0885036)
(-4.39756e-08 -2.5052e-08 0.0335066)
(-2.08109e-06 -1.46686e-06 0.190122)
(-1.89378e-06 -1.35787e-06 0.181352)
(-1.66627e-06 -1.21726e-06 0.170007)
(-1.38483e-06 -1.03924e-06 0.155217)
(-1.04727e-06 -8.2098e-07 0.135762)
(-6.65968e-07 -5.66825e-07 0.109917)
(-2.89185e-07 -2.97907e-07 0.0752295)
(-1.24453e-08 -5.77281e-08 0.0281967)
(-8.18914e-07 -9.83407e-07 0.132658)
(-7.24108e-07 -9.10151e-07 0.12649)
(-6.17411e-07 -8.15307e-07 0.118477)
(-4.91296e-07 -6.9522e-07 0.107975)
(-3.48063e-07 -5.48368e-07 0.0941069)
(-1.96983e-07 -3.782e-07 0.0756992)
(-6.2235e-08 -1.99242e-07 0.0512159)
(1.48505e-08 -4.06031e-08 0.0187163)
(-5.47661e-07 6.11986e-07 0.132634)
(-4.84919e-07 5.63266e-07 0.126466)
(-4.14397e-07 5.0116e-07 0.118454)
(-3.31206e-07 4.24056e-07 0.107953)
(-2.36565e-07 3.3151e-07 0.0940876)
(-1.36231e-07 2.26148e-07 0.0756835)
(-4.58775e-08 1.17412e-07 0.0512051)
(8.02366e-09 2.27705e-08 0.0187123)
(-1.3785e-06 9.19477e-07 0.190104)
(-1.25268e-06 8.4475e-07 0.181334)
(-1.10062e-06 7.5078e-07 0.169989)
(-9.14221e-07 6.35195e-07 0.155199)
(-6.914e-07 4.97062e-07 0.135745)
(-4.3973e-07 3.39812e-07 0.109903)
(-1.90902e-07 1.76971e-07 0.0752192)
(-7.40395e-09 3.35806e-08 0.0281926)
(-1.98898e-06 4.28737e-07 0.218488)
(-1.83209e-06 3.92835e-07 0.208909)
(-1.63112e-06 3.47814e-07 0.196384)
(-1.37754e-06 2.92588e-07 0.179883)
(-1.06502e-06 2.26768e-07 0.157949)
(-6.99608e-07 1.52198e-07 0.128496)
(-3.22961e-07 7.59839e-08 0.0884949)
(-2.58894e-08 1.17353e-08 0.0335027)
(-1.98504e-06 -4.5562e-07 0.218491)
(-1.82811e-06 -4.21497e-07 0.208911)
(-1.62712e-06 -3.77512e-07 0.196386)
(-1.37359e-06 -3.22154e-07 0.179885)
(-1.06128e-06 -2.54572e-07 0.157951)
(-6.96347e-07 -1.76008e-07 0.128498)
(-3.20617e-07 -9.28763e-08 0.0884959)
(-2.50326e-08 -1.80032e-08 0.0335031)
(-1.36647e-06 -9.45712e-07 0.190112)
(-1.24085e-06 -8.72172e-07 0.181342)
(-1.08913e-06 -7.78653e-07 0.169997)
(-9.03263e-07 -6.62418e-07 0.155206)
(-6.81374e-07 -5.22177e-07 0.135751)
(-4.31297e-07 -3.60919e-07 0.109908)
(-1.85006e-07 -1.91686e-07 0.0752223)
(-5.25806e-09 -3.89972e-08 0.0281936)
(-5.35013e-07 -6.31013e-07 0.132647)
(-4.72481e-07 -5.82517e-07 0.126479)
(-4.02314e-07 -5.20081e-07 0.118467)
(-3.19672e-07 -4.4189e-07 0.107965)
(-2.2598e-07 -3.47364e-07 0.0940978)
(-1.27276e-07 -2.3897e-07 0.0756915)
(-3.95855e-08 -1.26021e-07 0.0512103)
(1.02847e-08 -2.5837e-08 0.0187141)
(-3.36231e-07 3.83471e-07 0.132627)
(-2.96237e-07 3.53551e-07 0.126459)
(-2.51319e-07 3.14935e-07 0.118447)
(-1.98422e-07 2.66749e-07 0.107947)
(-1.38732e-07 2.08927e-07 0.0940817)
(-7.63841e-08 1.43216e-07 0.0756785)
(-2.20458e-08 7.54289e-08 0.0512016)
(7.43539e-09 1.59699e-08 0.018711)
(-8.6454e-07 5.82179e-07 0.190098)
(-7.81944e-07 5.35379e-07 0.181327)
(-6.82893e-07 4.76002e-07 0.169982)
(-5.62238e-07 4.02999e-07 0.155192)
(-4.19283e-07 3.16229e-07 0.135739)
(-2.60048e-07 2.17963e-07 0.109897)
(-1.06839e-07 1.16129e-07 0.0752147)
(1.29603e-10 2.51408e-08 0.0281907)
(-1.25489e-06 2.69317e-07 0.218484)
(-1.1501e-06 2.46739e-07 0.208904)
(-1.01805e-06 2.18189e-07 0.196378)
(-8.53203e-07 1.83264e-07 0.179877)
(-6.52173e-07 1.42015e-07 0.157943)
(-4.20399e-07 9.57338e-08 0.12849)
(-1.8734e-07 4.8653e-08 0.08849)
(-1.11361e-08 8.73718e-09 0.0335006)
(-1.25147e-06 -2.95914e-07 0.218486)
(-1.14664e-06 -2.74314e-07 0.208906)
(-1.01456e-06 -2.46103e-07 0.196381)
(-8.49769e-07 -2.10511e-07 0.179879)
(-6.48931e-07 -1.67196e-07 0.157945)
(-4.17585e-07 -1.16957e-07 0.128492)
(-1.85311e-07 -6.34818e-08 0.088491)
(-1.03878e-08 -1.41379e-08 0.0335009)
(-8.54176e-07 -6.07087e-07 0.190106)
(-7.71763e-07 -5.60862e-07 0.181335)
(-6.73009e-07 -5.01432e-07 0.16999)
(-5.52842e-07 -4.27457e-07 0.155199)
(-4.10725e-07 -3.38504e-07 0.135745)
(-2.52854e-07 -2.36479e-07 0.109902)
(-1.01763e-07 -1.28908e-07 0.0752178)
(2.00867e-09 -2.97797e-08 0.0281917)
(-3.25763e-07 -4.00204e-07 0.13264)
(-2.85951e-07 -3.70295e-07 0.126472)
(-2.41293e-07 -3.3124e-07 0.11846)
(-1.8887e-07 -2.82017e-07 0.107958)
(-1.30006e-07 -2.22439e-07 0.0940919)
(-6.90132e-08 -1.54111e-07 0.0756866)
(-1.68239e-08 -8.27023e-08 0.0512068)
(9.36128e-09 -1.85331e-08 0.0187127)
(-2.03923e-07 2.34763e-07 0.132622)
(-1.79624e-07 2.17029e-07 0.126454)
(-1.52261e-07 1.94031e-07 0.118443)
(-1.19858e-07 1.65037e-07 0.107942)
(-8.33239e-08 1.29869e-07 0.0940781)
(-4.53471e-08 8.94799e-08 0.0756755)
(-1.25546e-08 4.73597e-08 0.0511995)
(4.73104e-09 1.03354e-08 0.0187102)
(-5.26356e-07 3.58198e-07 0.190094)
(-4.76259e-07 3.30945e-07 0.181323)
(-4.15808e-07 2.95632e-07 0.169978)
(-3.41589e-07 2.51353e-07 0.155188)
(-2.53704e-07 1.97955e-07 0.135735)
(-1.56337e-07 1.36768e-07 0.109893)
(-6.36153e-08 7.26947e-08 0.0752121)
(3.3851e-11 1.58141e-08 0.0281897)
(-7.65533e-07 1.63484e-07 0.218481)
(-7.0198e-07 1.50352e-07 0.2089)
(-6.21346e-07 1.33384e-07 0.196375)
(-5.19664e-07 1.12224e-07 0.179873)
(-3.95617e-07 8.69288e-08 0.157939)
(-2.53407e-07 5.83403e-08 0.128487)
(-1.11995e-07 2.91574e-08 0.0884873)
(-7.00237e-09 4.92191e-09 0.0334994)
(-7.62546e-07 -1.87953e-07 0.218484)
(-6.98969e-07 -1.75197e-07 0.208903)
(-6.18348e-07 -1.58075e-07 0.196377)
(-5.16738e-07 -1.35958e-07 0.179875)
(-3.92883e-07 -1.08581e-07 0.157941)
(-2.51062e-07 -7.63732e-08 0.128488)
(-1.10341e-07 -4.15964e-08 0.0884882)
(-6.40427e-09 -9.41805e-09 0.0334997)
(-5.17593e-07 -3.80084e-07 0.190102)
(-4.67658e-07 -3.52982e-07 0.181331)
(-4.07506e-07 -3.1733e-07 0.169985)
(-3.33737e-07 -2.72002e-07 0.155195)
(-2.46583e-07 -2.16601e-07 0.135741)
(-1.50404e-07 -1.52155e-07 0.109898)
(-5.95135e-08 -8.32439e-08 0.0752152)
(1.51425e-09 -1.96473e-08 0.0281907)
(-1.95498e-07 -2.4841e-07 0.132635)
(-1.71349e-07 -2.3054e-07 0.126468)
(-1.44242e-07 -2.07068e-07 0.118456)
(-1.12228e-07 -1.77149e-07 0.107954)
(-7.63443e-08 -1.40513e-07 0.0940883)
(-3.9466e-08 -9.80058e-08 0.0756836)
(-8.45833e-09 -5.30328e-08 0.0512048)
(6.18436e-09 -1.23397e-08 0.0187119)
(-1.33567e-07 1.45171e-07 0.132619)
(-1.18457e-07 1.33856e-07 0.126452)
(-1.01423e-07 1.19523e-07 0.11844)
(-8.11363e-08 1.01596e-07 0.10794)
(-5.79983e-08 7.98115e-08 0.0940759)
(-3.35029e-08 5.46693e-08 0.0756737)
(-1.146e-08 2.83652e-08 0.0511983)
(1.69469e-09 5.61709e-09 0.0187097)
(-3.3528e-07 2.18854e-07 0.190092)
(-3.05093e-07 2.02214e-07 0.181321)
(-2.68264e-07 1.80729e-07 0.169975)
(-2.22546e-07 1.5357e-07 0.155185)
(-1.67849e-07 1.20452e-07 0.135732)
(-1.06414e-07 8.21723e-08 0.109891)
(-4.62687e-08 4.2106e-08 0.0752105)
(-2.39594e-09 7.65215e-09 0.028189)
(-4.82975e-07 9.7939e-08 0.21848)
(-4.45436e-07 9.00585e-08 0.208899)
(-3.96812e-07 7.99068e-08 0.196373)
(-3.34431e-07 6.7119e-08 0.179871)
(-2.57424e-07 5.16462e-08 0.157937)
(-1.68022e-07 3.4016e-08 0.128485)
(-7.71192e-08 1.60959e-08 0.0884856)
(-6.84731e-09 1.84041e-09 0.0334987)
(-4.80518e-07 -1.19026e-07 0.218482)
(-4.42988e-07 -1.11134e-07 0.208901)
(-3.9441e-07 -1.00503e-07 0.196375)
(-3.32128e-07 -8.65893e-08 0.179873)
(-2.55306e-07 -6.91103e-08 0.157939)
(-1.66231e-07 -4.82909e-08 0.128486)
(-7.58665e-08 -2.56922e-08 0.0884865)
(-6.39702e-09 -5.16581e-09 0.033499)
(-3.283e-07 -2.37007e-07 0.190099)
(-2.98311e-07 -2.20244e-07 0.181329)
(-2.61796e-07 -1.98241e-07 0.169983)
(-2.16516e-07 -1.70023e-07 0.155192)
(-1.62463e-07 -1.35128e-07 0.135738)
(-1.01973e-07 -9.41256e-08 0.109896)
(-4.31991e-08 -5.01562e-08 0.0752136)
(-1.28074e-09 -1.04967e-08 0.02819)
(-1.27311e-07 -1.55455e-07 0.132633)
(-1.12357e-07 -1.43961e-07 0.126465)
(-9.55327e-08 -1.29214e-07 0.118453)
(-7.55815e-08 -1.10564e-07 0.107952)
(-5.29764e-08 -8.76684e-08 0.0940861)
(-2.93091e-08 -6.09394e-08 0.0756817)
(-8.53429e-09 -3.24931e-08 0.0512035)
(2.74785e-09 -7.04146e-09 0.0187114)
(-9.08529e-08 9.21034e-08 0.132618)
(-8.09432e-08 8.44459e-08 0.12645)
(-6.98293e-08 7.49623e-08 0.118439)
(-5.6601e-08 6.3326e-08 0.107938)
(-4.13566e-08 4.9364e-08 0.0940745)
(-2.49274e-08 3.34122e-08 0.0756725)
(-9.61048e-09 1.69228e-08 0.0511974)
(4.07067e-10 2.92805e-09 0.0187094)
(-2.23815e-07 1.36759e-07 0.19009)
(-2.04248e-07 1.25523e-07 0.181319)
(-1.80449e-07 1.11463e-07 0.169974)
(-1.50952e-07 9.40555e-08 0.155184)
(-1.15368e-07 7.30749e-08 0.135731)
(-7.4786e-08 4.90724e-08 0.10989)
(-3.39216e-08 2.4356e-08 0.0752094)
(-2.62815e-09 3.59714e-09 0.0281885)
(-3.19465e-07 6.00411e-08 0.218479)
(-2.95424e-07 5.48103e-08 0.208898)
(-2.6425e-07 4.83126e-08 0.196371)
(-2.24259e-07 4.0308e-08 0.179869)
(-1.74453e-07 3.07291e-08 0.157935)
(-1.15758e-07 1.99125e-08 0.128483)
(-5.45471e-08 9.09151e-09 0.0884844)
(-5.41623e-09 6.70504e-10 0.0334981)
(-3.17613e-07 -7.65957e-08 0.218481)
(-2.93601e-07 -7.11934e-08 0.2089)
(-2.62492e-07 -6.41148e-08 0.196374)
(-2.22601e-07 -5.49958e-08 0.179871)
(-1.72957e-07 -4.36194e-08 0.157937)
(-1.1453e-07 -3.01485e-08 0.128485)
(-5.37323e-08 -1.57032e-08 0.0884853)
(-5.14383e-09 -2.81128e-09 0.0334984)
(-2.18736e-07 -1.5043e-07 0.190098)
(-1.99342e-07 -1.38987e-07 0.181327)
(-1.75826e-07 -1.24405e-07 0.169981)
(-1.46689e-07 -1.06057e-07 0.155191)
(-1.11606e-07 -8.36019e-08 0.135737)
(-7.1762e-08 -5.74621e-08 0.109894)
(-3.19394e-08 -2.98473e-08 0.0752125)
(-1.96261e-09 -5.45641e-09 0.0281895)
(-8.6622e-08 -9.93003e-08 0.132631)
(-7.68299e-08 -9.14353e-08 0.126463)
(-6.5906e-08 -8.15836e-08 0.118451)
(-5.29132e-08 -6.93657e-08 0.10795)
(-3.80196e-08 -5.45655e-08 0.0940846)
(-2.21612e-08 -3.7481e-08 0.0756805)
(-7.75146e-09 -1.95558e-08 0.0512026)
(1.01321e-09 -3.8156e-09 0.0187111)
(-5.87202e-08 5.86692e-08 0.132617)
(-5.22254e-08 5.37035e-08 0.126449)
(-4.49637e-08 4.7522e-08 0.118438)
(-3.63653e-08 3.99841e-08 0.107937)
(-2.6478e-08 3.1036e-08 0.0940735)
(-1.5838e-08 2.09344e-08 0.0756717)
(-5.9679e-09 1.06175e-08 0.0511968)
(3.95948e-10 1.84956e-09 0.0187091)
(-1.46634e-07 8.70922e-08 0.190089)
(-1.33502e-07 7.94492e-08 0.181318)
(-1.17705e-07 7.00976e-08 0.169973)
(-9.83086e-08 5.88121e-08 0.155183)
(-7.49611e-08 4.5503e-08 0.135729)
(-4.8348e-08 3.05539e-08 0.109889)
(-2.16083e-08 1.53792e-08 0.0752086)
(-1.35142e-09 2.46791e-09 0.0281882)
(-2.09777e-07 3.78082e-08 0.218478)
(-1.93469e-07 3.42703e-08 0.208897)
(-1.72692e-07 3.00046e-08 0.19637)
(-1.464e-07 2.49149e-08 0.179868)
(-1.13753e-07 1.89721e-08 0.157934)
(-7.52693e-08 1.23838e-08 0.128482)
(-3.51393e-08 5.86566e-09 0.0884835)
(-3.09669e-09 6.49151e-10 0.0334977)
(-2.08555e-07 -4.97781e-08 0.21848)
(-1.9228e-07 -4.59894e-08 0.208899)
(-1.71558e-07 -4.11457e-08 0.196373)
(-1.45349e-07 -3.50654e-08 0.17987)
(-1.12827e-07 -2.76434e-08 0.157936)
(-7.45267e-08 -1.90211e-08 0.128484)
(-3.46541e-08 -9.92969e-09 0.0884845)
(-2.93877e-09 -1.80732e-09 0.0334981)
(-1.43364e-07 -9.6678e-08 0.190097)
(-1.30387e-07 -8.87802e-08 0.181326)
(-1.14804e-07 -7.89352e-08 0.16998)
(-9.56867e-08 -6.68562e-08 0.15519)
(-7.27073e-08 -5.23976e-08 0.135736)
(-4.65744e-08 -3.58883e-08 0.109893)
(-2.04496e-08 -1.87316e-08 0.0752117)
(-9.61564e-10 -3.50405e-09 0.0281892)
(-5.62611e-08 -6.32308e-08 0.13263)
(-4.98615e-08 -5.8083e-08 0.126462)
(-4.27135e-08 -5.16251e-08 0.11845)
(-3.42799e-08 -4.36893e-08 0.107949)
(-2.46275e-08 -3.41945e-08 0.0940837)
(-1.4325e-08 -2.33757e-08 0.0756797)
(-4.94036e-09 -1.21604e-08 0.051202)
(7.44721e-10 -2.33622e-09 0.0187109)
(-3.54949e-08 3.66832e-08 0.132616)
(-3.14207e-08 3.36961e-08 0.126448)
(-2.68624e-08 2.98974e-08 0.118437)
(-2.14673e-08 2.5219e-08 0.107937)
(-1.53169e-08 1.96546e-08 0.094073)
(-8.79713e-09 1.33755e-08 0.0756712)
(-2.94188e-09 6.95062e-09 0.0511965)
(5.32227e-10 1.37413e-09 0.018709)
(-9.14287e-08 5.53933e-08 0.190089)
(-8.29512e-08 5.05588e-08 0.181318)
(-7.27742e-08 4.46226e-08 0.169972)
(-6.03312e-08 3.75064e-08 0.155182)
(-4.54688e-08 2.91934e-08 0.135729)
(-2.87205e-08 1.99149e-08 0.109888)
(-1.22598e-08 1.04537e-08 0.0752082)
(-3.30097e-10 2.10506e-09 0.028188)
(-1.3216e-07 2.40491e-08 0.218477)
(-1.21447e-07 2.18177e-08 0.208896)
(-1.0792e-07 1.91218e-08 0.19637)
(-9.09447e-08 1.5939e-08 0.179868)
(-7.00523e-08 1.22686e-08 0.157934)
(-4.56923e-08 8.22369e-09 0.128481)
(-2.0756e-08 4.1707e-09 0.088483)
(-1.44578e-09 7.31449e-10 0.0334975)
(-1.31433e-07 -3.16793e-08 0.21848)
(-1.20743e-07 -2.9174e-08 0.208899)
(-1.07259e-07 -2.59929e-08 0.196372)
(-9.03422e-08 -2.20552e-08 0.17987)
(-6.95337e-08 -1.73254e-08 0.157936)
(-4.52983e-08 -1.19169e-08 0.128483)
(-2.05309e-08 -6.28971e-09 0.088484)
(-1.38886e-09 -1.25463e-09 0.0334978)
(-8.95376e-08 -6.11738e-08 0.190096)
(-8.11511e-08 -5.60969e-08 0.181325)
(-7.11212e-08 -4.97777e-08 0.169979)
(-5.88509e-08 -4.20983e-08 0.155189)
(-4.42149e-08 -3.30171e-08 0.135735)
(-2.77881e-08 -2.27637e-08 0.109893)
(-1.17418e-08 -1.21656e-08 0.0752112)
(-2.0537e-10 -2.59615e-09 0.028189)
(-3.42273e-08 -3.91117e-08 0.132629)
(-3.02034e-08 -3.59536e-08 0.126461)
(-2.57452e-08 -3.19421e-08 0.11845)
(-2.0433e-08 -2.69953e-08 0.107949)
(-1.43823e-08 -2.1103e-08 0.0940831)
(-8.03708e-09 -1.44438e-08 0.0756792)
(-2.48414e-09 -7.61279e-09 0.0512017)
(6.30932e-10 -1.58019e-09 0.0187107)
(-2.10606e-08 2.27654e-08 0.132615)
(-1.85837e-08 2.10077e-08 0.126448)
(-1.58022e-08 1.87377e-08 0.118437)
(-1.25092e-08 1.59025e-08 0.107936)
(-8.78269e-09 1.24929e-08 0.0940726)
(-4.87593e-09 8.60194e-09 0.0756709)
(-1.44092e-09 4.55955e-09 0.0511963)
(4.55859e-10 9.82123e-10 0.0187089)
(-5.55934e-08 3.46093e-08 0.190088)
(-5.03833e-08 3.17383e-08 0.181317)
(-4.40817e-08 2.81455e-08 0.169972)
(-3.63487e-08 2.37884e-08 0.155182)
(-2.71588e-08 1.86629e-08 0.135728)
(-1.69015e-08 1.28924e-08 0.109888)
(-6.99329e-09 6.91178e-09 0.0752079)
(-3.13196e-11 1.53023e-09 0.0281879)
(-8.1075e-08 1.50882e-08 0.218477)
(-7.44297e-08 1.37876e-08 0.208896)
(-6.59767e-08 1.21683e-08 0.196369)
(-5.53347e-08 1.02229e-08 0.179867)
(-4.23188e-08 7.95545e-09 0.157933)
(-2.73014e-08 5.42461e-09 0.128481)
(-1.21849e-08 2.82797e-09 0.0884827)
(-7.41305e-10 5.66058e-10 0.0334974)
(-8.06632e-08 -1.98655e-08 0.21848)
(-7.40371e-08 -1.82924e-08 0.208898)
(-6.56136e-08 -1.62884e-08 0.196372)
(-5.50081e-08 -1.38133e-08 0.179869)
(-4.20419e-08 -1.08589e-08 0.157935)
(-2.70951e-08 -7.50007e-09 0.128483)
(-1.20709e-08 -4.00588e-09 0.0884837)
(-7.1299e-10 -8.63099e-10 0.0334977)
(-5.46023e-08 -3.7951e-08 0.190096)
(-4.9446e-08 -3.48584e-08 0.181325)
(-4.3227e-08 -3.09775e-08 0.169979)
(-3.5583e-08 -2.62471e-08 0.155189)
(-2.65109e-08 -2.06547e-08 0.135734)
(-1.64267e-08 -1.43347e-08 0.109892)
(-6.74929e-09 -7.76474e-09 0.075211)
(1.76159e-11 -1.78116e-09 0.0281889)
(-2.06131e-08 -2.38507e-08 0.132629)
(-1.81565e-08 -2.19461e-08 0.126461)
(-1.5429e-08 -1.95218e-08 0.118449)
(-1.21561e-08 -1.65225e-08 0.107948)
(-8.44289e-09 -1.29445e-08 0.0940828)
(-4.59344e-09 -8.89879e-09 0.0756789)
(-1.30615e-09 -4.74187e-09 0.0512015)
(4.49131e-10 -1.04415e-09 0.0187106)
(-1.29198e-08 1.38143e-08 0.132615)
(-1.14067e-08 1.27345e-08 0.126448)
(-9.71831e-09 1.13688e-08 0.118436)
(-7.69583e-09 9.67201e-09 0.107936)
(-5.40029e-09 7.6247e-09 0.0940724)
(-3.00278e-09 5.27246e-09 0.0756707)
(-9.16494e-10 2.809e-09 0.0511962)
(2.41306e-10 6.15334e-10 0.0187089)
(-3.41804e-08 2.11268e-08 0.190088)
(-3.10248e-08 1.94404e-08 0.181317)
(-2.71912e-08 1.73035e-08 0.169971)
(-2.24407e-08 1.46759e-08 0.155181)
(-1.67919e-08 1.15472e-08 0.135728)
(-1.0504e-08 7.98525e-09 0.109887)
(-4.43988e-09 4.25877e-09 0.0752077)
(-1.06475e-10 9.33536e-10 0.0281878)
(-5.00228e-08 8.93777e-09 0.218477)
(-4.59984e-08 8.20839e-09 0.208896)
(-4.08234e-08 7.27784e-09 0.196369)
(-3.42428e-08 6.13301e-09 0.179867)
(-2.61877e-08 4.77191e-09 0.157933)
(-1.69158e-08 3.22851e-09 0.128481)
(-7.60472e-09 1.63938e-09 0.0884825)
(-5.26651e-10 3.04675e-10 0.0334973)
(-4.98259e-08 -1.27189e-08 0.218479)
(-4.58207e-08 -1.17228e-08 0.208898)
(-4.06527e-08 -1.04434e-08 0.196372)
(-3.40899e-08 -8.85742e-09 0.179869)
(-2.60623e-08 -6.96721e-09 0.157935)
(-1.68034e-08 -4.81663e-09 0.128482)
(-7.4935e-09 -2.55315e-09 0.0884835)
(-4.69039e-10 -5.09139e-10 0.0334976)
(-3.38674e-08 -2.38485e-08 0.190096)
(-3.07484e-08 -2.19564e-08 0.181325)
(-2.69222e-08 -1.95544e-08 0.169979)
(-2.22213e-08 -1.66001e-08 0.155188)
(-1.66253e-08 -1.30866e-08 0.135734)
(-1.0326e-08 -9.08353e-09 0.109892)
(-4.194e-09 -4.86768e-09 0.0752108)
(5.04114e-11 -1.05535e-09 0.0281888)
(-1.28901e-08 -1.51601e-08 0.132628)
(-1.13839e-08 -1.40008e-08 0.126461)
(-9.63781e-09 -1.25192e-08 0.118449)
(-7.61613e-09 -1.0673e-08 0.107948)
(-5.3533e-09 -8.44349e-09 0.0940825)
(-2.96257e-09 -5.86492e-09 0.0756787)
(-8.08679e-10 -3.12549e-09 0.0512013)
(3.50061e-10 -6.80655e-10 0.0187106)
(-8.12935e-09 8.70426e-09 0.132615)
(-7.18433e-09 8.0112e-09 0.126447)
(-6.13202e-09 7.1525e-09 0.118436)
(-4.87885e-09 6.09509e-09 0.107936)
(-3.45515e-09 4.81889e-09 0.0940723)
(-1.95608e-09 3.34407e-09 0.0756706)
(-6.278e-10 1.78506e-09 0.0511961)
(1.33009e-10 3.88568e-10 0.0187088)
(-2.14868e-08 1.3102e-08 0.190088)
(-1.95303e-08 1.20809e-08 0.181317)
(-1.71572e-08 1.07831e-08 0.169971)
(-1.42161e-08 9.17243e-09 0.155181)
(-1.07064e-08 7.2349e-09 0.135728)
(-6.77095e-09 5.00649e-09 0.109887)
(-2.92045e-09 2.65558e-09 0.0752076)
(-1.12769e-10 5.61784e-10 0.0281878)
(-3.14548e-08 5.43119e-09 0.218477)
(-2.89786e-08 5.0126e-09 0.208896)
(-2.57803e-08 4.47194e-09 0.196369)
(-2.16929e-08 3.79491e-09 0.179867)
(-1.66714e-08 2.97766e-09 0.157933)
(-1.08582e-08 2.03714e-09 0.128481)
(-4.95969e-09 1.05058e-09 0.0884824)
(-3.9624e-10 1.95653e-10 0.0334972)
(-3.14251e-08 -7.84951e-09 0.218479)
(-2.89478e-08 -7.21099e-09 0.208898)
(-2.57477e-08 -6.39935e-09 0.196371)
(-2.16614e-08 -5.39318e-09 0.179869)
(-1.66402e-08 -4.18832e-09 0.157935)
(-1.08307e-08 -2.81816e-09 0.128482)
(-4.93597e-09 -1.40662e-09 0.0884834)
(-3.86873e-10 -2.21691e-10 0.0334976)
(-2.14481e-08 -1.47953e-08 0.190095)
(-1.94937e-08 -1.36182e-08 0.181324)
(-1.71196e-08 -1.21293e-08 0.169979)
(-1.41786e-08 -1.0288e-08 0.155188)
(-1.06698e-08 -8.08084e-09 0.135734)
(-6.74048e-09 -5.55493e-09 0.109892)
(-2.90309e-09 -2.91176e-09 0.0752107)
(-1.065e-10 -5.92934e-10 0.0281888)
(-8.17925e-09 -9.34514e-09 0.132628)
(-7.22033e-09 -8.58546e-09 0.12646)
(-6.15503e-09 -7.64656e-09 0.118449)
(-4.88314e-09 -6.49491e-09 0.107948)
(-3.43681e-09 -5.11029e-09 0.0940824)
(-1.92304e-09 -3.52169e-09 0.0756786)
(-6.12193e-10 -1.86375e-09 0.0512012)
(1.28382e-10 -3.98123e-10 0.0187106)
(-5.13753e-09 5.57357e-09 0.132615)
(-4.53889e-09 5.12409e-09 0.126447)
(-3.87929e-09 4.57459e-09 0.118436)
(-3.09352e-09 3.90263e-09 0.107936)
(-2.19673e-09 3.09224e-09 0.0940722)
(-1.2494e-09 2.15359e-09 0.0756706)
(-4.056e-10 1.15667e-09 0.051196)
(8.07233e-11 2.54054e-10 0.0187088)
(-1.35983e-08 8.3276e-09 0.190088)
(-1.2361e-08 7.68712e-09 0.181317)
(-1.08736e-08 6.87693e-09 0.169971)
(-9.03604e-09 5.86734e-09 0.155181)
(-6.83679e-09 4.6437e-09 0.135728)
(-4.35513e-09 3.2257e-09 0.109887)
(-1.90099e-09 1.71987e-09 0.0752075)
(-8.7396e-11 3.62609e-10 0.0281877)
(-1.99687e-08 3.47761e-09 0.218477)
(-1.84018e-08 3.2321e-09 0.208896)
(-1.63958e-08 2.91059e-09 0.196369)
(-1.38379e-08 2.49853e-09 0.179867)
(-1.06833e-08 1.98915e-09 0.157933)
(-7.00748e-09 1.38935e-09 0.128481)
(-3.23631e-09 7.43292e-10 0.0884823)
(-2.77386e-10 1.51156e-10 0.0334972)
(-1.99818e-08 -4.79133e-09 0.218479)
(-1.84184e-08 -4.36267e-09 0.208898)
(-1.64162e-08 -3.83522e-09 0.196371)
(-1.38607e-08 -3.19656e-09 0.179869)
(-1.07088e-08 -2.44434e-09 0.157935)
(-7.03483e-09 -1.60274e-09 0.128482)
(-3.26095e-09 -7.55882e-10 0.0884833)
(-2.89148e-10 -8.57069e-11 0.0334975)
(-1.36708e-08 -9.11462e-09 0.190095)
(-1.24372e-08 -8.34558e-09 0.181324)
(-1.0955e-08 -7.39679e-09 0.169978)
(-9.1201e-09 -6.241e-09 0.155188)
(-6.92071e-09 -4.86782e-09 0.135734)
(-4.43316e-09 -3.30914e-09 0.109892)
(-1.96024e-09 -1.69403e-09 0.0752106)
(-1.10952e-10 -3.07368e-10 0.0281887)
(-5.30747e-09 -5.76067e-09 0.132628)
(-4.70325e-09 -5.25799e-09 0.12646)
(-4.03778e-09 -4.65586e-09 0.118449)
(-3.24146e-09 -3.93434e-09 0.107948)
(-2.33564e-09 -3.08215e-09 0.0940823)
(-1.37371e-09 -2.11062e-09 0.0756785)
(-4.92124e-10 -1.09572e-09 0.0512012)
(5.16417e-11 -2.13573e-10 0.0187105)
(-3.18809e-09 3.63868e-09 0.132615)
(-2.81266e-09 3.34928e-09 0.126447)
(-2.39414e-09 2.99483e-09 0.118436)
(-1.90207e-09 2.56226e-09 0.107936)
(-1.34373e-09 2.04075e-09 0.0940721)
(-7.52608e-10 1.43413e-09 0.0756705)
(-2.25396e-10 7.82981e-10 0.051196)
(6.69513e-11 1.79245e-10 0.0187088)
(-8.50332e-09 5.44945e-09 0.190088)
(-7.72112e-09 5.04077e-09 0.181317)
(-6.78831e-09 4.52523e-09 0.169971)
(-5.64052e-09 3.88122e-09 0.155181)
(-4.26454e-09 3.09638e-09 0.135728)
(-2.70994e-09 2.17997e-09 0.109887)
(-1.16908e-09 1.19367e-09 0.0752075)
(-4.15729e-11 2.69591e-10 0.0281877)
(-1.25843e-08 2.43017e-09 0.218477)
(-1.1587e-08 2.28946e-09 0.208895)
(-1.0328e-08 2.09813e-09 0.196369)
(-8.727e-09 1.84185e-09 0.179867)
(-6.7484e-09 1.51141e-09 0.157933)
(-4.43617e-09 1.10497e-09 0.12848)
(-2.0521e-09 6.43047e-10 0.0884823)
(-1.76274e-10 1.68637e-10 0.0334972)
(-1.26634e-08 -2.7492e-09 0.218479)
(-1.1671e-08 -2.4441e-09 0.208898)
(-1.04148e-08 -2.08564e-09 0.196371)
(-8.81858e-09 -1.67257e-09 0.179869)
(-6.84312e-09 -1.21001e-09 0.157935)
(-4.52224e-09 -7.19667e-10 0.128482)
(-2.11162e-09 -2.5923e-10 0.0884832)
(-1.96296e-10 4.42771e-11 0.0334975)
(-8.76432e-09 -5.4756e-09 0.190095)
(-7.99556e-09 -4.94253e-09 0.181324)
(-7.06781e-09 -4.30831e-09 0.169978)
(-5.93105e-09 -3.56588e-09 0.155188)
(-4.55561e-09 -2.71678e-09 0.135734)
(-2.96019e-09 -1.78421e-09 0.109892)
(-1.3233e-09 -8.49803e-10 0.0752106)
(-8.48004e-11 -9.43208e-11 0.0281887)
(-3.54792e-09 -3.30387e-09 0.132628)
(-3.18079e-09 -2.98507e-09 0.12646)
(-2.74268e-09 -2.61784e-09 0.118449)
(-2.25354e-09 -2.19741e-09 0.107948)
(-1.69595e-09 -1.71181e-09 0.0940823)
(-1.06521e-09 -1.16061e-09 0.0756785)
(-4.20767e-10 -5.73625e-10 0.0512012)
(2.25549e-11 -8.24053e-11 0.0187105)
(-1.83021e-09 2.62566e-09 0.132615)
(-1.60405e-09 2.44461e-09 0.126447)
(-1.35679e-09 2.20927e-09 0.118436)
(-1.06754e-09 1.90883e-09 0.107936)
(-7.39087e-10 1.53596e-09 0.0940721)
(-3.92266e-10 1.09372e-09 0.0756705)
(-7.90251e-11 6.07298e-10 0.051196)
(7.71196e-11 1.44948e-10 0.0187088)
(-5.21968e-09 3.70344e-09 0.190088)
(-4.72698e-09 3.44009e-09 0.181317)
(-4.14313e-09 3.10683e-09 0.169971)
(-3.42925e-09 2.68783e-09 0.155181)
(-2.57572e-09 2.17074e-09 0.135728)
(-1.61303e-09 1.55713e-09 0.109887)
(-6.63477e-10 8.78934e-10 0.0752075)
(4.17191e-12 2.10156e-10 0.0281877)
(-7.83749e-09 1.9483e-09 0.218477)
(-7.20549e-09 1.86086e-09 0.208895)
(-6.41278e-09 1.7333e-09 0.196369)
(-5.41445e-09 1.55354e-09 0.179867)
(-4.18427e-09 1.31146e-09 0.157933)
(-2.74958e-09 9.99717e-10 0.12848)
(-1.26542e-09 6.19196e-10 0.0884822)
(-9.98875e-11 1.81435e-10 0.0334972)
(-7.95904e-09 -1.31182e-09 0.218479)
(-7.32504e-09 -1.11701e-09 0.208898)
(-6.5366e-09 -9.00473e-10 0.196371)
(-5.53931e-09 -6.63885e-10 0.179869)
(-4.3053e-09 -4.11856e-10 0.157935)
(-2.86285e-09 -1.65063e-10 0.128482)
(-1.36436e-09 2.46951e-11 0.0884832)
(-1.44168e-10 7.33736e-11 0.0334975)
(-5.57093e-09 -2.91296e-09 0.190095)
(-5.07179e-09 -2.57949e-09 0.181324)
(-4.49235e-09 -2.2017e-09 0.169978)
(-3.76637e-09 -1.77443e-09 0.155188)
(-2.8893e-09 -1.29595e-09 0.135734)
(-1.90861e-09 -7.90369e-10 0.109892)
(-9.31615e-10 -3.24154e-10 0.0752105)
(-1.24106e-10 -6.69695e-12 0.0281887)
(-2.26819e-09 -1.79117e-09 0.132628)
(-2.03371e-09 -1.58385e-09 0.12646)
(-1.80182e-09 -1.35035e-09 0.118449)
(-1.48825e-09 -1.08489e-09 0.107948)
(-1.10467e-09 -7.88625e-10 0.0940822)
(-6.97212e-10 -4.78954e-10 0.0756785)
(-3.34058e-10 -2.03954e-10 0.0512011)
(-5.66243e-11 -1.17879e-11 0.0187105)
(-1.07978e-09 1.53936e-09 0.132615)
(-9.42114e-10 1.42433e-09 0.126447)
(-8.0196e-10 1.28481e-09 0.118436)
(-6.18768e-10 1.11312e-09 0.107936)
(-4.02566e-10 9.02146e-10 0.0940721)
(-1.85071e-10 6.52803e-10 0.0756705)
(-2.07938e-11 3.79021e-10 0.051196)
(4.07623e-11 1.02546e-10 0.0187088)
(-3.13927e-09 2.51894e-09 0.190088)
(-2.83779e-09 2.34908e-09 0.181317)
(-2.48597e-09 2.13373e-09 0.169971)
(-2.04341e-09 1.86122e-09 0.155181)
(-1.51727e-09 1.52184e-09 0.135728)
(-9.43965e-10 1.11507e-09 0.109887)
(-4.02304e-10 6.58838e-10 0.0752075)
(-7.43637e-12 1.8589e-10 0.0281877)
(-4.89595e-09 1.37948e-09 0.218477)
(-4.49299e-09 1.32333e-09 0.208895)
(-3.99317e-09 1.24044e-09 0.196369)
(-3.36319e-09 1.11975e-09 0.179867)
(-2.59016e-09 9.50024e-10 0.157933)
(-1.69501e-09 7.24243e-10 0.12848)
(-7.79943e-10 4.47835e-10 0.0884822)
(-6.13945e-11 1.35792e-10 0.0334972)
(-5.01301e-09 -7.00433e-10 0.218479)
(-4.61984e-09 -5.74549e-10 0.208898)
(-4.12191e-09 -4.36649e-10 0.196371)
(-3.4934e-09 -2.91416e-10 0.179869)
(-2.71784e-09 -1.47034e-10 0.157935)
(-1.80726e-09 -1.74182e-11 0.128482)
(-8.58967e-10 6.96481e-11 0.0884832)
(-8.87402e-11 6.97601e-11 0.0334975)
(-3.59625e-09 -1.74719e-09 0.190095)
(-3.28776e-09 -1.53777e-09 0.181324)
(-2.90979e-09 -1.29913e-09 0.169978)
(-2.44535e-09 -1.03284e-09 0.155188)
(-1.88286e-09 -7.41325e-10 0.135734)
(-1.23284e-09 -4.39355e-10 0.109892)
(-5.70874e-10 -1.64382e-10 0.0752105)
(-5.44423e-11 1.93223e-11 0.0281887)
(-1.48531e-09 -1.22114e-09 0.132628)
(-1.33979e-09 -1.1074e-09 0.12646)
(-1.16631e-09 -9.68428e-10 0.118449)
(-9.69346e-10 -8.01769e-10 0.107948)
(-7.37952e-10 -6.06619e-10 0.0940822)
(-4.78412e-10 -3.90739e-10 0.0756784)
(-2.07946e-10 -1.74746e-10 0.0512011)
(-3.39699e-12 -1.20227e-11 0.0187105)
(-6.09473e-10 1.0158e-09 0.132615)
(-5.30318e-10 9.36747e-10 0.126447)
(-4.47072e-10 8.43111e-10 0.118436)
(-3.39709e-10 7.3108e-10 0.107936)
(-2.1392e-10 5.96363e-10 0.0940721)
(-8.72499e-11 4.3802e-10 0.0756705)
(8.64643e-12 2.60806e-10 0.051196)
(3.60943e-11 7.52651e-11 0.0187088)
(-1.83756e-09 1.80356e-09 0.190088)
(-1.65596e-09 1.69237e-09 0.181316)
(-1.44179e-09 1.54863e-09 0.169971)
(-1.17681e-09 1.36492e-09 0.155181)
(-8.61547e-10 1.13374e-09 0.135728)
(-5.14819e-10 8.50753e-10 0.109887)
(-1.8719e-10 5.20963e-10 0.0752074)
(2.50632e-11 1.59801e-10 0.0281877)
(-2.94531e-09 1.08095e-09 0.218477)
(-2.70783e-09 1.03604e-09 0.208895)
(-2.40769e-09 9.7218e-10 0.196369)
(-2.02858e-09 8.81843e-10 0.179867)
(-1.56224e-09 7.57155e-10 0.157933)
(-1.02127e-09 5.90147e-10 0.12848)
(-4.64986e-10 3.76391e-10 0.0884822)
(-3.19138e-11 1.17053e-10 0.0334972)
(-3.10824e-09 -8.06606e-11 0.218479)
(-2.86161e-09 -9.97633e-12 0.208898)
(-2.55617e-09 5.87076e-11 0.196371)
(-2.16873e-09 1.23699e-10 0.179869)
(-1.6873e-09 1.81329e-10 0.157935)
(-1.12353e-09 2.19342e-10 0.128482)
(-5.39875e-10 2.07513e-10 0.0884832)
(-6.0695e-11 1.03711e-10 0.0334975)
(-2.1799e-09 -9.56282e-10 0.190095)
(-1.9904e-09 -8.41159e-10 0.181324)
(-1.76982e-09 -7.12526e-10 0.169978)
(-1.48295e-09 -5.68618e-10 0.155188)
(-1.13772e-09 -4.09329e-10 0.135734)
(-7.62377e-10 -2.43829e-10 0.109892)
(-3.98884e-10 -1.00461e-10 0.0752105)
(-6.91991e-11 -1.55735e-11 0.0281887)
(-8.50175e-10 -3.66872e-10 0.132628)
(-7.61739e-10 -3.02131e-10 0.12646)
(-6.90998e-10 -2.41665e-10 0.118448)
(-5.64682e-10 -1.82276e-10 0.107948)
(-3.9563e-10 -1.2031e-10 0.0940822)
(-2.24143e-10 -6.31416e-11 0.0756784)
(-1.15246e-10 -2.9774e-11 0.0512011)
(-4.31696e-11 -7.38745e-12 0.0187105)
(-3.38997e-10 7.22073e-10 0.132615)
(-2.91654e-10 6.71903e-10 0.126447)
(-2.39921e-10 6.08445e-10 0.118436)
(-1.76539e-10 5.2886e-10 0.107936)
(-1.04887e-10 4.30773e-10 0.094072)
(-3.40483e-11 3.1403e-10 0.0756704)
(1.85732e-11 1.83486e-10 0.0511959)
(2.70488e-11 5.05273e-11 0.0187088)
(-1.0809e-09 1.27238e-09 0.190088)
(-9.7426e-10 1.1968e-09 0.181316)
(-8.46374e-10 1.09595e-09 0.169971)
(-6.90334e-10 9.64467e-10 0.155181)
(-5.05464e-10 7.97222e-10 0.135728)
(-2.99279e-10 5.92006e-10 0.109887)
(-1.02457e-10 3.53621e-10 0.0752074)
(1.99147e-11 1.01204e-10 0.0281877)
(-1.76916e-09 8.69063e-10 0.218477)
(-1.63029e-09 8.30609e-10 0.208895)
(-1.4515e-09 7.73448e-10 0.196369)
(-1.22639e-09 6.92886e-10 0.179867)
(-9.47458e-10 5.84124e-10 0.157933)
(-6.20948e-10 4.42792e-10 0.12848)
(-2.8101e-10 2.68076e-10 0.0884822)
(-1.72535e-11 7.15279e-11 0.0334972)
(-1.86703e-09 1.70033e-10 0.218479)
(-1.72672e-09 1.9531e-10 0.208898)
(-1.54943e-09 2.0942e-10 0.196371)
(-1.31834e-09 2.12592e-10 0.179869)
(-1.02876e-09 2.05676e-10 0.157935)
(-6.90076e-10 1.83897e-10 0.128482)
(-3.41345e-10 1.29877e-10 0.0884832)
(-4.37362e-11 3.23442e-11 0.0334975)
(-1.22371e-09 -3.70479e-10 0.190095)
(-1.10339e-09 -3.31315e-10 0.181324)
(-9.75936e-10 -2.93878e-10 0.169978)
(-7.9767e-10 -2.50381e-10 0.155188)
(-5.89995e-10 -1.92051e-10 0.135734)
(-3.94279e-10 -1.24193e-10 0.109892)
(-2.41438e-10 -7.24203e-11 0.0752105)
(-6.59736e-11 -4.77063e-11 0.0281887)
(-4.19072e-10 -1.46203e-10 0.132628)
(-3.51279e-10 -9.0228e-11 0.12646)
(-3.39605e-10 -3.93676e-11 0.118448)
(-2.49877e-10 1.24437e-11 0.107948)
(-1.23808e-10 5.96004e-11 0.0940822)
(-3.74019e-11 7.71886e-11 0.0756784)
(-6.06577e-11 3.60894e-11 0.0512011)
(-7.18355e-11 -7.46982e-12 0.0187105)
(-2.02741e-10 2.9464e-10 0.132615)
(-1.77158e-10 2.62994e-10 0.126447)
(-1.56922e-10 2.30433e-10 0.118436)
(-1.21585e-10 1.9536e-10 0.107936)
(-7.61514e-11 1.55712e-10 0.094072)
(-3.22972e-11 1.11734e-10 0.0756704)
(-7.04363e-12 6.63206e-11 0.0511959)
(1.25713e-14 1.89492e-11 0.0187088)
(-6.1631e-10 7.04683e-10 0.190088)
(-5.57446e-10 6.52838e-10 0.181316)
(-4.90869e-10 5.88234e-10 0.169971)
(-4.05207e-10 5.07799e-10 0.155181)
(-3.03629e-10 4.08909e-10 0.135728)
(-1.93831e-10 2.91967e-10 0.109887)
(-8.96373e-11 1.64717e-10 0.0752074)
(-5.92488e-12 4.32957e-11 0.0281877)
(-1.02443e-09 4.628e-10 0.218477)
(-9.3966e-10 4.34045e-10 0.208895)
(-8.36554e-10 3.94913e-10 0.196369)
(-7.0739e-10 3.42239e-10 0.179867)
(-5.47202e-10 2.7292e-10 0.157933)
(-3.5993e-10 1.86832e-10 0.12848)
(-1.65364e-10 9.19992e-11 0.0884822)
(-1.23597e-11 1.07923e-11 0.0334972)
(-1.02695e-09 -5.80974e-12 0.218479)
(-9.45613e-10 1.22044e-11 0.208898)
(-8.44737e-10 2.50525e-11 0.196371)
(-7.15927e-10 3.10818e-11 0.179869)
(-5.57922e-10 2.87604e-11 0.157934)
(-3.74388e-10 1.75245e-11 0.128482)
(-1.83478e-10 -6.128e-13 0.0884832)
(-2.09977e-11 -1.27446e-11 0.0334975)
(-6.26362e-10 -3.18442e-10 0.190095)
(-5.68909e-10 -2.71955e-10 0.181324)
(-5.05038e-10 -2.25867e-10 0.169978)
(-4.18469e-10 -1.81644e-10 0.155188)
(-3.15542e-10 -1.4008e-10 0.135734)
(-2.03095e-10 -1.02145e-10 0.109892)
(-9.80304e-11 -6.83991e-11 0.0752105)
(-1.04532e-11 -2.97623e-11 0.0281887)
(-3.03286e-10 -5.49529e-11 0.132628)
(-2.83817e-10 -1.43098e-11 0.12646)
(-2.62593e-10 1.75831e-11 0.118448)
(-2.26448e-10 3.79005e-11 0.107947)
(-1.77885e-10 4.62718e-11 0.0940822)
(-1.23333e-10 4.14606e-11 0.0756784)
(-7.05199e-11 2.5202e-11 0.0512011)
(-1.87866e-11 6.74292e-12 0.0187105)
(-1.30436e-10 1.26575e-10 0.132615)
(-1.21544e-10 1.0614e-10 0.126447)
(-1.12387e-10 8.652e-11 0.118436)
(-1.00747e-10 6.80288e-11 0.107936)
(-8.46563e-11 4.98083e-11 0.094072)
(-6.22251e-11 3.11527e-11 0.0756704)
(-3.13422e-11 1.17109e-11 0.0511959)
(-2.52898e-12 -2.25053e-12 0.0187088)
(-3.60331e-10 1.9948e-10 0.190087)
(-3.32978e-10 1.60309e-10 0.181316)
(-3.01602e-10 1.21499e-10 0.169971)
(-2.61227e-10 8.39583e-11 0.155181)
(-2.08727e-10 4.76046e-11 0.135728)
(-1.46142e-10 1.4142e-11 0.109887)
(-7.75916e-11 -1.1784e-11 0.0752074)
(-1.42726e-11 -1.9138e-11 0.0281877)
(-5.50815e-10 9.6602e-11 0.218477)
(-5.06892e-10 7.4719e-11 0.208895)
(-4.54635e-10 5.19443e-11 0.196369)
(-3.86776e-10 2.84584e-11 0.179867)
(-3.03874e-10 4.25806e-12 0.157933)
(-2.0646e-10 -1.85494e-11 0.12848)
(-1.03498e-10 -3.25471e-11 0.0884822)
(-1.40779e-11 -2.24764e-11 0.0334972)
(-5.3907e-10 -2.39603e-10 0.218479)
(-4.95362e-10 -2.2893e-10 0.208898)
(-4.41009e-10 -2.12663e-10 0.196371)
(-3.7234e-10 -1.92018e-10 0.179869)
(-2.8832e-10 -1.68381e-10 0.157934)
(-1.88798e-10 -1.4087e-10 0.128482)
(-8.50864e-11 -1.01987e-10 0.0884832)
(-3.49523e-12 -4.02075e-11 0.0334975)
(-4.01334e-10 -2.89613e-10 0.190095)
(-3.67882e-10 -2.48254e-10 0.181324)
(-3.26287e-10 -2.03681e-10 0.169978)
(-2.76893e-10 -1.58908e-10 0.155188)
(-2.14314e-10 -1.16463e-10 0.135734)
(-1.34623e-10 -7.76707e-11 0.109892)
(-4.63033e-11 -4.14384e-11 0.0752105)
(8.78498e-12 -6.94e-12 0.0281887)
(-2.79837e-10 -8.23123e-11 0.132628)
(-2.647e-10 -5.16865e-11 0.12646)
(-2.39153e-10 -2.33143e-11 0.118448)
(-2.14688e-10 -2.82484e-13 0.107947)
(-1.84814e-10 1.61544e-11 0.0940822)
(-1.41106e-10 2.59795e-11 0.0756784)
(-7.44591e-11 3.01181e-11 0.0512011)
(-7.9867e-12 1.81557e-11 0.0187105)
(-1.33182e-10 -2.47011e-10 0.132615)
(-1.30168e-10 -2.62289e-10 0.126447)
(-1.36755e-10 -2.62779e-10 0.118436)
(-1.25702e-10 -2.47131e-10 0.107936)
(-1.02552e-10 -2.15225e-10 0.094072)
(-7.875e-11 -1.65539e-10 0.0756704)
(-6.4662e-11 -9.79553e-11 0.0511959)
(-3.58988e-11 -2.76741e-11 0.0187088)
(-2.07241e-10 -1.21598e-10 0.190087)
(-1.92854e-10 -1.47208e-10 0.181316)
(-1.8484e-10 -1.63285e-10 0.169971)
(-1.6119e-10 -1.67425e-10 0.155181)
(-1.3011e-10 -1.58119e-10 0.135728)
(-1.05552e-10 -1.31027e-10 0.109887)
(-9.10749e-11 -8.20716e-11 0.0752074)
(-4.1255e-11 -1.92299e-11 0.0281877)
(-3.36816e-10 -2.46238e-10 0.218477)
(-3.08291e-10 -2.57552e-10 0.208895)
(-2.79895e-10 -2.58084e-10 0.196369)
(-2.39623e-10 -2.47096e-10 0.179866)
(-1.88533e-10 -2.24792e-10 0.157933)
(-1.33454e-10 -1.88287e-10 0.12848)
(-7.96981e-11 -1.26972e-10 0.0884822)
(-2.00702e-11 -3.49179e-11 0.0334972)
(-3.50242e-10 -4.0673e-10 0.218479)
(-3.27005e-10 -3.90521e-10 0.208898)
(-2.92116e-10 -3.60307e-10 0.196371)
(-2.50778e-10 -3.17181e-10 0.179869)
(-1.97864e-10 -2.64052e-10 0.157934)
(-1.24085e-10 -1.99785e-10 0.128482)
(-3.91033e-11 -1.15266e-10 0.0884832)
(1.06462e-11 -1.34437e-11 0.0334975)
(-3.51313e-10 -4.24562e-10 0.190095)
(-3.35482e-10 -3.92874e-10 0.181324)
(-2.97391e-10 -3.48099e-10 0.169978)
(-2.68249e-10 -2.93005e-10 0.155188)
(-2.25402e-10 -2.30166e-10 0.135734)
(-1.36671e-10 -1.57756e-10 0.109892)
(-8.41709e-12 -7.23148e-11 0.0752105)
(4.32495e-11 4.79218e-12 0.0281887)
(-2.40296e-10 -2.54687e-10 0.132628)
(-2.29332e-10 -2.53009e-10 0.12646)
(-1.84802e-10 -2.41579e-10 0.118448)
(-1.61408e-10 -2.21044e-10 0.107947)
(-1.43869e-10 -1.89913e-10 0.0940822)
(-1.02712e-10 -1.3928e-10 0.0756784)
(-1.66104e-11 -6.42095e-11 0.0512011)
(3.38679e-11 -4.5398e-12 0.0187105)
(-1.12924e-10 -1.13632e-10 0.132615)
(-1.07817e-10 -1.21924e-10 0.126447)
(-9.80409e-11 -1.24688e-10 0.118436)
(-8.76556e-11 -1.195e-10 0.107936)
(-7.64359e-11 -1.05134e-10 0.094072)
(-5.99058e-11 -8.15667e-11 0.0756704)
(-3.81728e-11 -5.00124e-11 0.0511959)
(-1.22224e-11 -1.47165e-11 0.0187088)
(-1.58162e-10 -5.34877e-11 0.190087)
(-1.46477e-10 -6.56758e-11 0.181316)
(-1.32172e-10 -7.35543e-11 0.169971)
(-1.14896e-10 -7.45963e-11 0.155181)
(-9.24476e-11 -6.68671e-11 0.135728)
(-6.18029e-11 -4.98912e-11 0.109887)
(-2.67737e-11 -2.52583e-11 0.0752074)
(-5.82677e-13 -1.27846e-12 0.0281877)
(-2.19075e-10 -1.12352e-10 0.218477)
(-2.06105e-10 -1.17639e-10 0.208895)
(-1.87423e-10 -1.15702e-10 0.196369)
(-1.61934e-10 -1.04078e-10 0.179866)
(-1.286e-10 -8.16719e-11 0.157933)
(-8.57855e-11 -4.92612e-11 0.12848)
(-3.93367e-11 -1.41461e-11 0.0884822)
(-2.76119e-12 7.96423e-12 0.0334972)
(-2.70948e-10 -1.02608e-10 0.218479)
(-2.51018e-10 -9.43298e-11 0.208898)
(-2.26092e-10 -8.07461e-11 0.196371)
(-1.93643e-10 -5.96908e-11 0.179869)
(-1.51549e-10 -2.97814e-11 0.157934)
(-1.00349e-10 5.86621e-12 0.128482)
(-4.96822e-11 3.34624e-11 0.0884832)
(-7.05462e-12 2.90099e-11 0.0334975)
(-2.41188e-10 -1.26906e-10 0.190095)
(-2.19026e-10 -1.18184e-10 0.181324)
(-1.95463e-10 -1.04678e-10 0.169978)
(-1.62386e-10 -8.39209e-11 0.155188)
(-1.24561e-10 -5.48892e-11 0.135734)
(-9.09349e-11 -2.07419e-11 0.109892)
(-6.60563e-11 5.66804e-12 0.0752105)
(-2.44991e-11 6.68418e-12 0.0281887)
(-1.0339e-10 2.20981e-11 0.132628)
(-8.69323e-11 2.85907e-11 0.12646)
(-8.0525e-11 3.39738e-11 0.118448)
(-5.82572e-11 3.92151e-11 0.107947)
(-2.70561e-11 4.45243e-11 0.0940822)
(-4.45007e-12 4.38184e-11 0.0756784)
(-1.56916e-11 2.66064e-11 0.0512011)
(-2.34781e-11 4.6892e-12 0.0187105)
(-4.29245e-11 6.05886e-11 0.132615)
(-3.71043e-11 6.0554e-11 0.126447)
(-3.07786e-11 5.68348e-11 0.118436)
(-2.51193e-11 4.89918e-11 0.107936)
(-2.05018e-11 3.78042e-11 0.094072)
(-1.44392e-11 2.42015e-11 0.0756704)
(-4.7613e-12 9.90541e-12 0.0511959)
(2.43602e-12 1.08649e-13 0.0187088)
(-1.25422e-10 5.66596e-12 0.190087)
(-1.13559e-10 2.11647e-12 0.181316)
(-9.91609e-11 -1.18506e-12 0.169971)
(-8.28201e-11 -3.93603e-12 0.155181)
(-6.28579e-11 -6.14208e-12 0.135728)
(-3.92865e-11 -7.12782e-12 0.109887)
(-1.3949e-11 -7.16019e-12 0.0752074)
(1.55104e-12 -5.22421e-12 0.0281877)
(-1.5914e-10 3.27491e-11 0.218477)
(-1.45334e-10 3.42223e-11 0.208895)
(-1.28132e-10 3.53914e-11 0.196369)
(-1.07364e-10 3.67844e-11 0.179866)
(-8.15633e-11 3.86803e-11 0.157933)
(-5.15903e-11 3.95378e-11 0.12848)
(-1.94993e-11 3.497e-11 0.0884822)
(1.27387e-12 1.74731e-11 0.0334972)
(-1.78186e-10 -4.9619e-12 0.218479)
(-1.65152e-10 1.60115e-12 0.208898)
(-1.48208e-10 7.8212e-12 0.196371)
(-1.2637e-10 1.35341e-11 0.179869)
(-9.92844e-11 1.84556e-11 0.157934)
(-6.85658e-11 2.1211e-11 0.128482)
(-3.46382e-11 1.89226e-11 0.0884832)
(-4.96427e-12 7.86501e-12 0.0334975)
(-1.50029e-10 3.42432e-11 0.190095)
(-1.36866e-10 3.98364e-11 0.181324)
(-1.22121e-10 4.35785e-11 0.169978)
(-1.04522e-10 4.59678e-11 0.155188)
(-8.36554e-11 4.73519e-11 0.135734)
(-5.83614e-11 4.55199e-11 0.109892)
(-2.9229e-11 3.87368e-11 0.0752105)
(-5.1139e-12 2.11091e-11 0.0281887)
(-4.6334e-11 -7.90606e-11 0.132628)
(-3.97853e-11 -7.52935e-11 0.12646)
(-3.54027e-11 -6.7613e-11 0.118448)
(-3.02191e-11 -5.55737e-11 0.107947)
(-2.8116e-11 -4.15172e-11 0.0940822)
(-2.65508e-11 -2.53475e-11 0.0756784)
(-1.35859e-11 -7.83649e-12 0.0512011)
(5.36034e-13 2.8851e-12 0.0187105)
(1.96074e-12 5.45929e-11 0.132615)
(6.45847e-12 5.51881e-11 0.126447)
(8.76784e-12 5.43687e-11 0.118436)
(1.48625e-11 5.11621e-11 0.107936)
(2.163e-11 4.50443e-11 0.094072)
(2.49624e-11 3.63112e-11 0.0756704)
(1.70646e-11 2.56444e-11 0.0511959)
(3.27802e-12 1.03282e-11 0.0187088)
(-6.11356e-11 9.91692e-11 0.190087)
(-5.24542e-11 1.02892e-10 0.181316)
(-4.30252e-11 1.03436e-10 0.169971)
(-2.98756e-11 9.95609e-11 0.155181)
(-1.4406e-11 9.03199e-11 0.135728)
(-3.96782e-12 7.51398e-11 0.109887)
(-2.05896e-12 5.3964e-11 0.0752074)
(-5.07883e-13 2.3174e-11 0.0281877)
(-1.12559e-10 6.79253e-11 0.218477)
(-1.02394e-10 7.41656e-11 0.208895)
(-9.10425e-11 7.88036e-11 0.196369)
(-7.50812e-11 8.01462e-11 0.179866)
(-5.58584e-11 7.64951e-11 0.157933)
(-3.50901e-11 6.63095e-11 0.12848)
(-1.64488e-11 4.92611e-11 0.0884822)
(-2.43357e-12 2.2325e-11 0.0334972)
(-1.42682e-10 6.65926e-11 0.218479)
(-1.33428e-10 7.98922e-11 0.208898)
(-1.20752e-10 9.13651e-11 0.196371)
(-1.05377e-10 9.87443e-11 0.179869)
(-8.62891e-11 9.97038e-11 0.157934)
(-5.81117e-11 9.19923e-11 0.128482)
(-2.43104e-11 7.49416e-11 0.0884832)
(-1.45822e-12 4.17783e-11 0.0334975)
(-1.33399e-10 -1.31828e-11 0.190095)
(-1.33742e-10 2.74962e-12 0.181324)
(-1.25691e-10 1.98562e-11 0.169978)
(-1.20795e-10 3.4093e-11 0.155188)
(-1.0951e-10 4.14417e-11 0.135734)
(-7.8556e-11 4.1168e-11 0.109892)
(-2.62137e-11 3.69137e-11 0.0752105)
(6.5754e-12 2.46041e-11 0.0281887)
(-9.46002e-11 7.5657e-11 0.132628)
(-9.73306e-11 7.14723e-11 0.12646)
(-8.11811e-11 6.22084e-11 0.118448)
(-8.16605e-11 4.54811e-11 0.107947)
(-8.60372e-11 2.49843e-11 0.0940822)
(-7.21794e-11 8.44735e-12 0.0756784)
(-2.69463e-11 8.72752e-12 0.0512011)
(1.06509e-11 1.00666e-11 0.0187105)
(2.86144e-11 9.80318e-11 0.132615)
(3.41705e-11 9.54126e-11 0.126447)
(4.10752e-11 9.02557e-11 0.118436)
(4.30874e-11 8.26736e-11 0.107936)
(4.08909e-11 7.24733e-11 0.094072)
(3.53934e-11 5.85006e-11 0.0756704)
(2.75868e-11 3.96379e-11 0.0511959)
(1.13985e-11 1.48049e-11 0.0187088)
(-2.07682e-12 1.97059e-10 0.190087)
(4.46592e-12 2.00693e-10 0.181316)
(1.25493e-11 1.98589e-10 0.169971)
(1.70114e-11 1.89316e-10 0.155181)
(2.11377e-11 1.71308e-10 0.135728)
(2.80699e-11 1.42028e-10 0.109887)
(3.61295e-11 9.77284e-11 0.0752074)
(2.24002e-11 3.68566e-11 0.0281877)
(-5.51334e-11 2.43129e-10 0.218477)
(-5.09436e-11 2.49848e-10 0.208895)
(-4.20629e-11 2.49743e-10 0.196369)
(-3.20305e-11 2.41366e-10 0.179866)
(-2.00503e-11 2.23055e-10 0.157933)
(-3.44004e-12 1.91022e-10 0.12848)
(1.24101e-11 1.37296e-10 0.0884822)
(1.12109e-11 5.11159e-11 0.0334972)
(-7.72561e-11 3.04652e-10 0.218479)
(-7.41315e-11 3.11113e-10 0.208898)
(-7.17869e-11 3.08704e-10 0.196371)
(-6.53796e-11 2.95503e-10 0.179869)
(-5.55034e-11 2.70589e-10 0.157934)
(-4.41678e-11 2.29275e-10 0.128482)
(-3.19223e-11 1.60733e-10 0.0884832)
(-1.1965e-11 5.46811e-11 0.0334975)
(-8.18391e-11 3.27157e-10 0.190095)
(-7.24717e-11 3.28381e-10 0.181324)
(-7.2824e-11 3.1884e-10 0.169978)
(-6.77411e-11 2.98213e-10 0.155188)
(-6.14692e-11 2.66499e-10 0.135734)
(-6.28527e-11 2.18991e-10 0.109892)
(-6.88142e-11 1.46909e-10 0.0752105)
(-3.75523e-11 4.63271e-11 0.0281887)
(-5.65285e-11 2.23928e-10 0.132628)
(-4.84996e-11 2.34051e-10 0.12646)
(-5.83115e-11 2.36469e-10 0.118448)
(-5.37006e-11 2.30093e-10 0.107947)
(-4.38408e-11 2.10888e-10 0.0940822)
(-4.24746e-11 1.73963e-10 0.0756784)
(-5.48652e-11 1.09551e-10 0.0512011)
(-4.14743e-11 3.19506e-11 0.0187105)
(1.40125e-10 3.61105e-10 0.132615)
(1.41092e-10 3.67215e-10 0.126447)
(1.4768e-10 3.56933e-10 0.118436)
(1.38283e-10 3.27999e-10 0.107936)
(1.15801e-10 2.8029e-10 0.094072)
(9.00494e-11 2.12082e-10 0.0756704)
(7.12626e-11 1.24495e-10 0.0511959)
(3.66133e-11 3.36418e-11 0.0187088)
(2.90725e-11 2.19149e-10 0.190087)
(2.91502e-11 2.21715e-10 0.181316)
(3.32176e-11 2.16665e-10 0.169971)
(2.992e-11 2.01603e-10 0.155181)
(2.47681e-11 1.74388e-10 0.135728)
(2.73324e-11 1.3225e-10 0.109887)
(3.9013e-11 7.40725e-11 0.0752074)
(2.28533e-11 9.96373e-12 0.0281877)
(-1.20606e-11 3.73734e-10 0.218477)
(-1.13381e-11 3.77435e-10 0.208895)
(-7.76966e-12 3.67439e-10 0.196369)
(-5.69099e-12 3.41646e-10 0.179866)
(-2.83228e-12 2.98942e-10 0.157933)
(3.63432e-12 2.37037e-10 0.12848)
(1.28865e-11 1.5155e-10 0.0884822)
(9.40236e-12 4.35849e-11 0.0334972)
(-1.82153e-11 3.43444e-10 0.218479)
(-2.27046e-11 3.42444e-10 0.208898)
(-2.71527e-11 3.28098e-10 0.196371)
(-2.93885e-11 2.97724e-10 0.179869)
(-2.98564e-11 2.50334e-10 0.157934)
(-2.8866e-11 1.84501e-10 0.128482)
(-2.59487e-11 9.92214e-11 0.0884832)
(-1.1112e-11 6.91822e-12 0.0334975)
(-1.01493e-11 5.22836e-10 0.190095)
(-8.25575e-12 5.14651e-10 0.181324)
(-1.43503e-11 4.85691e-10 0.169978)
(-1.39427e-11 4.3595e-10 0.155188)
(-1.46287e-11 3.6815e-10 0.135734)
(-2.87e-11 2.80944e-10 0.109892)
(-5.36265e-11 1.68128e-10 0.0752105)
(-3.72024e-11 3.78273e-11 0.0281887)
(1.59493e-11 1.9318e-10 0.132628)
(2.1899e-11 2.0123e-10 0.12646)
(2.9979e-12 2.05803e-10 0.118448)
(4.95226e-12 2.0735e-10 0.107947)
(1.38946e-11 2.00154e-10 0.0940822)
(3.55379e-12 1.70865e-10 0.0756784)
(-3.76984e-11 1.03638e-10 0.0512011)
(-4.39916e-11 2.40138e-11 0.0187105)
(1.1735e-10 1.23774e-10 0.132615)
(1.23843e-10 1.27865e-10 0.126447)
(1.36951e-10 1.27638e-10 0.118436)
(1.39945e-10 1.22484e-10 0.107936)
(1.30445e-10 1.11047e-10 0.094072)
(1.08982e-10 9.07255e-11 0.0756704)
(6.79212e-11 6.21154e-11 0.0511959)
(1.28595e-11 2.42011e-11 0.0187088)
(4.46606e-11 8.30698e-11 0.190087)
(3.77122e-11 9.21882e-11 0.181316)
(2.98591e-11 9.68643e-11 0.169971)
(1.77441e-11 9.43675e-11 0.155181)
(5.86989e-12 8.30834e-11 0.135728)
(-1.33754e-12 6.10631e-11 0.109887)
(-3.83935e-12 3.24908e-11 0.0752074)
(-4.45955e-12 8.24938e-12 0.0281877)
(-3.59322e-11 9.83517e-12 0.218477)
(-4.24619e-11 9.61496e-12 0.208895)
(-5.21502e-11 7.43159e-12 0.196369)
(-5.72669e-11 5.9133e-13 0.179866)
(-5.22312e-11 -1.28539e-11 0.157933)
(-3.4883e-11 -3.16004e-11 0.12848)
(-1.05651e-11 -4.324e-11 0.0884822)
(-2.61717e-12 -2.58034e-11 0.0334972)
(-6.23276e-11 -1.06194e-11 0.218479)
(-7.25625e-11 -8.55128e-12 0.208898)
(-7.67072e-11 -6.37432e-12 0.196371)
(-7.94031e-11 -8.63594e-12 0.179869)
(-7.11936e-11 -2.05341e-11 0.157934)
(-3.37125e-11 -3.79695e-11 0.128482)
(2.24899e-11 -3.87214e-11 0.0884832)
(2.53332e-11 -4.11211e-12 0.0334975)
(-6.44437e-11 -1.17879e-10 0.190095)
(-8.29117e-11 -1.28384e-10 0.181324)
(-7.82964e-11 -1.31767e-10 0.169978)
(-9.80283e-11 -1.30918e-10 0.155188)
(-1.11493e-10 -1.28302e-10 0.135734)
(-5.88915e-11 -1.13502e-10 0.109892)
(5.9868e-11 -6.91054e-11 0.0752105)
(7.65436e-11 -1.13191e-11 0.0281887)
(-8.58584e-11 -2.22634e-10 0.132628)
(-7.60028e-11 -2.44363e-10 0.12646)
(-1.37367e-11 -2.5378e-10 0.118448)
(6.74484e-12 -2.53592e-10 0.107947)
(6.30448e-13 -2.41137e-10 0.0940822)
(1.34689e-11 -1.99163e-10 0.0756784)
(6.8495e-11 -1.16273e-10 0.0512011)
(6.30248e-11 -3.34578e-11 0.0187105)
(5.61968e-11 -4.1793e-11 0.132615)
(5.46483e-11 -4.72942e-11 0.126447)
(6.45564e-11 -4.84229e-11 0.118436)
(6.07451e-11 -4.24202e-11 0.107936)
(4.57863e-11 -2.97632e-11 0.094072)
(3.02194e-11 -1.48838e-11 0.0756704)
(1.54322e-11 -2.16957e-12 0.0511959)
(2.16218e-12 3.57948e-12 0.0187088)
(8.40301e-11 -4.35597e-11 0.190087)
(7.31142e-11 -4.374e-11 0.181316)
(6.01975e-11 -4.13158e-11 0.169971)
(4.1608e-11 -3.54708e-11 0.155181)
(2.16437e-11 -2.57379e-11 0.135728)
(8.4752e-12 -1.40669e-11 0.109887)
(4.03977e-12 -3.60623e-12 0.0752074)
(1.028e-12 3.14858e-12 0.0281877)
(2.89081e-11 -1.49405e-10 0.218477)
(1.76722e-11 -1.54781e-10 0.208895)
(4.22512e-12 -1.5291e-10 0.196369)
(-5.81415e-12 -1.42625e-10 0.179866)
(-1.16978e-11 -1.23701e-10 0.157933)
(-1.23688e-11 -9.64361e-11 0.12848)
(-7.40307e-12 -6.06653e-11 0.0884822)
(-4.49528e-12 -1.75309e-11 0.0334972)
(-1.53517e-11 -1.15199e-10 0.218479)
(-1.73779e-11 -1.17575e-10 0.208898)
(-2.10634e-11 -1.11478e-10 0.196371)
(-2.20877e-11 -9.71163e-11 0.179869)
(-1.98385e-11 -7.64859e-11 0.157934)
(-8.47466e-12 -5.05237e-11 0.128482)
(1.06005e-11 -1.65287e-11 0.0884832)
(7.0874e-12 1.65881e-11 0.0334975)
(-2.6975e-11 -2.86127e-10 0.190095)
(-3.08648e-11 -2.83373e-10 0.181324)
(-2.80919e-11 -2.64028e-10 0.169978)
(-3.71865e-11 -2.30315e-10 0.155188)
(-4.37202e-11 -1.88012e-10 0.135734)
(-2.28867e-11 -1.36224e-10 0.109892)
(2.84122e-11 -6.92638e-11 0.0752105)
(3.16131e-11 2.13671e-12 0.0281887)
(-2.36398e-11 -1.55657e-10 0.132628)
(-2.37337e-11 -1.68294e-10 0.12646)
(1.54584e-11 -1.76289e-10 0.118448)
(1.17144e-11 -1.82899e-10 0.107947)
(-1.23531e-11 -1.82e-10 0.0940822)
(-1.41997e-11 -1.58951e-10 0.0756784)
(3.11183e-11 -9.25888e-11 0.0512011)
(4.69956e-11 -1.62759e-11 0.0187105)
(-4.86896e-11 -1.36863e-10 0.132615)
(-4.93516e-11 -1.44211e-10 0.126447)
(-4.51444e-11 -1.44721e-10 0.118436)
(-4.43029e-11 -1.35936e-10 0.107936)
(-4.46139e-11 -1.17113e-10 0.094072)
(-4.07481e-11 -8.94911e-11 0.0756704)
(-3.01384e-11 -5.4876e-11 0.0511959)
(-1.19029e-11 -1.61942e-11 0.0187088)
(4.48119e-11 -7.36017e-11 0.190087)
(3.7104e-11 -8.17601e-11 0.181316)
(2.74709e-11 -8.54109e-11 0.169971)
(1.47192e-11 -8.23838e-11 0.155181)
(2.15763e-12 -7.13882e-11 0.135728)
(-4.41374e-12 -5.29991e-11 0.109887)
(-1.15244e-12 -2.95182e-11 0.0752074)
(2.46548e-12 -4.99957e-12 0.0281877)
(2.68792e-11 -9.33255e-11 0.218477)
(2.07489e-11 -1.00725e-10 0.208895)
(1.37236e-11 -1.02736e-10 0.196369)
(5.96828e-12 -9.6627e-11 0.179866)
(-3.53723e-13 -8.11391e-11 0.157933)
(-2.13463e-12 -5.63835e-11 0.12848)
(1.47446e-12 -2.76497e-11 0.0884822)
(2.84969e-12 -4.17729e-12 0.0334972)
(1.67121e-11 -8.60247e-11 0.218479)
(1.28916e-11 -9.69835e-11 0.208898)
(8.15935e-12 -1.02182e-10 0.196371)
(5.36697e-12 -9.85717e-11 0.179869)
(3.2796e-12 -8.40585e-11 0.157934)
(-7.18571e-14 -5.92695e-11 0.128482)
(-3.498e-12 -3.10116e-11 0.0884832)
(-3.21542e-12 -9.35257e-12 0.0334975)
(9.66497e-12 -7.73301e-11 0.190095)
(1.95091e-11 -9.13807e-11 0.181324)
(2.26743e-11 -9.97905e-11 0.169978)
(2.72015e-11 -9.78587e-11 0.155188)
(3.01565e-11 -8.26824e-11 0.135734)
(2.10702e-11 -5.66088e-11 0.109892)
(-1.12391e-12 -2.73205e-11 0.0752105)
(-9.74637e-12 -6.24217e-12 0.0281887)
(2.50429e-11 -1.71614e-10 0.132628)
(3.68349e-11 -1.64646e-10 0.12646)
(3.96436e-11 -1.48305e-10 0.118448)
(4.91452e-11 -1.21094e-10 0.107947)
(5.56423e-11 -8.70906e-11 0.0940822)
(4.79405e-11 -5.01961e-11 0.0756784)
(1.96414e-11 -2.45611e-11 0.0512011)
(-6.69818e-12 -7.72328e-12 0.0187105)
(-1.20355e-10 -6.02835e-11 0.132615)
(-1.12665e-10 -6.5126e-11 0.126447)
(-9.32505e-11 -6.90357e-11 0.118436)
(-7.86462e-11 -6.96125e-11 0.107936)
(-6.71163e-11 -6.52037e-11 0.094072)
(-5.14306e-11 -5.53012e-11 0.0756704)
(-3.13736e-11 -3.87341e-11 0.0511959)
(-9.14212e-12 -1.42165e-11 0.0187088)
(-3.08016e-11 2.35136e-11 0.190087)
(-3.02799e-11 1.96836e-11 0.181316)
(-2.69146e-11 1.41051e-11 0.169971)
(-2.46729e-11 7.73802e-12 0.155181)
(-2.19252e-11 2.76259e-12 0.135728)
(-1.29936e-11 -2.85794e-13 0.109887)
(-2.04514e-12 -3.31196e-13 0.0752074)
(2.33805e-12 1.03667e-12 0.0281877)
(6.86541e-12 3.93121e-11 0.218477)
(1.52228e-12 3.76992e-11 0.208895)
(-4.11672e-12 3.54938e-11 0.196369)
(-7.8591e-12 3.32114e-11 0.179866)
(-8.54178e-12 3.15351e-11 0.157933)
(-5.09011e-12 3.01761e-11 0.12848)
(-7.64826e-13 2.6506e-11 0.0884822)
(4.75774e-13 1.41022e-11 0.0334972)
(-2.33372e-11 8.10514e-11 0.218479)
(-2.52301e-11 8.66809e-11 0.208898)
(-2.7618e-11 9.03792e-11 0.196371)
(-2.9392e-11 9.18638e-11 0.179869)
(-2.81107e-11 9.03322e-11 0.157934)
(-1.97692e-11 8.43082e-11 0.128482)
(-5.87691e-12 7.13125e-11 0.0884832)
(2.63724e-13 4.0467e-11 0.0334975)
(-1.48369e-11 -1.84381e-12 0.190095)
(-2.78446e-11 9.77396e-12 0.181324)
(-3.49832e-11 2.21167e-11 0.169978)
(-4.58003e-11 3.17003e-11 0.155188)
(-5.49941e-11 3.44759e-11 0.135734)
(-4.66878e-11 3.17387e-11 0.109892)
(-1.80242e-11 2.59056e-11 0.0752105)
(2.86037e-12 1.56449e-11 0.0281887)
(-8.73281e-11 2.15331e-10 0.132628)
(-9.2776e-11 2.10217e-10 0.12646)
(-7.65438e-11 1.92989e-10 0.118448)
(-7.72326e-11 1.59992e-10 0.107947)
(-8.14561e-11 1.16423e-10 0.0940822)
(-6.78223e-11 7.01218e-11 0.0756784)
(-3.0345e-11 3.80591e-11 0.0512011)
(2.73368e-12 1.4227e-11 0.0187105)
(-7.78381e-11 -1.98417e-11 0.132615)
(-7.16588e-11 -2.04574e-11 0.126447)
(-6.49192e-11 -2.10062e-11 0.118436)
(-5.40797e-11 -2.14473e-11 0.107936)
(-4.07577e-11 -2.1174e-11 0.094072)
(-2.6162e-11 -1.90768e-11 0.0756704)
(-1.47622e-11 -1.29137e-11 0.0511959)
(-5.18208e-12 -4.26938e-12 0.0187088)
(-4.33283e-11 9.32997e-11 0.190087)
(-3.92914e-11 9.22688e-11 0.181316)
(-3.30423e-11 8.74901e-11 0.169971)
(-2.58421e-11 7.83919e-11 0.155181)
(-1.82764e-11 6.51429e-11 0.135728)
(-8.43543e-12 4.82073e-11 0.109887)
(7.9894e-13 2.93077e-11 0.0752074)
(5.02599e-12 1.02513e-11 0.0281877)
(-1.60395e-11 1.60969e-10 0.218477)
(-1.56974e-11 1.6136e-10 0.208895)
(-1.31069e-11 1.56588e-10 0.196369)
(-1.16901e-11 1.45983e-10 0.179866)
(-8.34747e-12 1.29185e-10 0.157933)
(-3.10153e-12 1.05209e-10 0.12848)
(4.85702e-12 7.05864e-11 0.0884822)
(6.18788e-12 2.25747e-11 0.0334972)
(-7.67342e-12 2.34902e-10 0.218479)
(-9.98874e-12 2.326e-10 0.208898)
(-1.41073e-11 2.22515e-10 0.196371)
(-1.60974e-11 2.04578e-10 0.179869)
(-1.67108e-11 1.79998e-10 0.157934)
(-2.04809e-11 1.46759e-10 0.128482)
(-2.51708e-11 9.56116e-11 0.0884832)
(-1.32451e-11 2.19055e-11 0.0334975)
(-2.87835e-11 3.03076e-10 0.190095)
(-1.75222e-11 2.95123e-10 0.181324)
(-1.86708e-11 2.76623e-10 0.169978)
(-1.20185e-11 2.49821e-10 0.155188)
(-5.008e-12 2.17474e-10 0.135734)
(-2.05255e-11 1.74746e-10 0.109892)
(-5.78836e-11 1.11039e-10 0.0752105)
(-4.38235e-11 2.4605e-11 0.0281887)
(-4.98601e-11 1.88269e-10 0.132628)
(-4.02527e-11 2.00753e-10 0.12646)
(-5.76181e-11 2.09022e-10 0.118448)
(-4.58645e-11 2.13787e-10 0.107947)
(-2.1617e-11 2.082e-10 0.0940822)
(-1.61058e-11 1.81165e-10 0.0756784)
(-4.92992e-11 1.1219e-10 0.0512011)
(-5.23165e-11 2.7692e-11 0.0187105)
(-3.67394e-11 1.20838e-10 0.132615)
(-2.97865e-11 1.20243e-10 0.126447)
(-1.71596e-11 1.14637e-10 0.118436)
(-4.18089e-12 1.035e-10 0.107936)
(8.49708e-12 8.69695e-11 0.094072)
(1.82561e-11 6.55192e-11 0.0756704)
(1.88644e-11 4.08198e-11 0.0511959)
(8.13396e-12 1.33041e-11 0.0187088)
(-2.78909e-11 2.47988e-10 0.190087)
(-2.16029e-11 2.51784e-10 0.181316)
(-1.25297e-11 2.45483e-10 0.169971)
(-1.72008e-12 2.26738e-10 0.155181)
(9.59673e-12 1.95328e-10 0.135728)
(1.74417e-11 1.51141e-10 0.109887)
(1.67776e-11 9.59457e-11 0.0752074)
(8.42169e-12 3.19684e-11 0.0281877)
(-3.17318e-11 2.722e-10 0.218477)
(-3.04041e-11 2.76181e-10 0.208895)
(-2.68947e-11 2.70733e-10 0.196369)
(-2.1997e-11 2.52979e-10 0.179866)
(-1.46631e-11 2.21026e-10 0.157933)
(-6.1887e-12 1.7335e-10 0.12848)
(9.90189e-13 1.10486e-10 0.0884822)
(3.23317e-12 3.43545e-11 0.0334972)
(-4.5593e-11 3.40116e-10 0.218479)
(-4.82089e-11 3.45539e-10 0.208898)
(-5.00027e-11 3.38694e-10 0.196371)
(-4.99037e-11 3.17278e-10 0.179869)
(-4.64125e-11 2.79687e-10 0.157934)
(-3.78963e-11 2.24025e-10 0.128482)
(-2.49259e-11 1.47063e-10 0.0884832)
(-7.80289e-12 4.77995e-11 0.0334975)
(-4.71743e-11 2.9916e-10 0.190095)
(-5.32659e-11 2.99444e-10 0.181324)
(-5.68242e-11 2.89511e-10 0.169978)
(-5.64393e-11 2.66864e-10 0.155188)
(-5.46503e-11 2.30225e-10 0.135734)
(-5.40643e-11 1.78551e-10 0.109892)
(-5.06325e-11 1.08834e-10 0.0752105)
(-2.39085e-11 2.58966e-11 0.0281887)
(-7.6778e-11 3.14778e-10 0.132628)
(-7.69188e-11 3.11691e-10 0.12646)
(-8.03181e-11 2.96497e-10 0.118448)
(-7.50199e-11 2.67891e-10 0.107947)
(-6.14384e-11 2.27041e-10 0.0940822)
(-4.69324e-11 1.69015e-10 0.0756784)
(-4.62813e-11 9.59125e-11 0.0512011)
(-2.89819e-11 2.43084e-11 0.0187105)
(-1.16614e-11 -2.07839e-11 0.132615)
(-8.45422e-12 -2.43846e-11 0.126447)
(-6.72491e-12 -2.46845e-11 0.118436)
(1.41605e-12 -2.17519e-11 0.107936)
(1.14166e-11 -1.62909e-11 0.094072)
(1.7085e-11 -8.50689e-12 0.0756704)
(7.82874e-12 1.60001e-12 0.0511959)
(-4.57483e-12 5.45013e-12 0.0187088)
(1.72294e-11 2.1077e-10 0.190087)
(1.58632e-11 2.09952e-10 0.181316)
(1.44978e-11 2.01524e-10 0.169971)
(1.37122e-11 1.8335e-10 0.155181)
(1.09324e-11 1.54564e-10 0.135728)
(7.80441e-12 1.1507e-10 0.109887)
(4.29646e-12 6.89992e-11 0.0752074)
(3.23553e-12 2.31547e-11 0.0281877)
(-2.86169e-11 2.06254e-10 0.218477)
(-3.08985e-11 1.99457e-10 0.208895)
(-2.99286e-11 1.85248e-10 0.196369)
(-2.87982e-11 1.61691e-10 0.179866)
(-2.51874e-11 1.27904e-10 0.157933)
(-1.50466e-11 8.44877e-11 0.12848)
(-1.04642e-12 3.49291e-11 0.0884822)
(5.07264e-12 -7.02896e-12 0.0334972)
(-7.8937e-12 3.01697e-10 0.218479)
(-1.34079e-11 2.84479e-10 0.208898)
(-1.95762e-11 2.55036e-10 0.196371)
(-1.95967e-11 2.15211e-10 0.179869)
(-1.68576e-11 1.68408e-10 0.157934)
(-1.88834e-11 1.15562e-10 0.128482)
(-2.8213e-11 4.82825e-11 0.0884832)
(-1.61312e-11 -2.167e-11 0.0334975)
(4.02927e-11 3.43255e-10 0.190095)
(5.90378e-11 3.08282e-10 0.181324)
(5.76508e-11 2.59989e-10 0.169978)
(7.79983e-11 2.05881e-10 0.155188)
(9.20413e-11 1.54857e-10 0.135734)
(5.28194e-11 1.03484e-10 0.109892)
(-4.59134e-11 3.50627e-11 0.0752105)
(-6.00881e-11 -3.75146e-11 0.0281887)
(3.48942e-12 2.53988e-10 0.132628)
(2.61962e-11 2.73719e-10 0.12646)
(-9.61348e-12 2.87528e-10 0.118448)
(2.03641e-11 2.99709e-10 0.107947)
(7.6813e-11 2.99999e-10 0.0940822)
(8.24102e-11 2.59885e-10 0.0756784)
(-2.54946e-11 1.41865e-10 0.0512011)
(-8.57911e-11 1.70778e-11 0.0187105)
(-1.67556e-11 -1.22585e-10 0.132615)
(-2.19007e-11 -1.29283e-10 0.126447)
(-2.87144e-11 -1.30231e-10 0.118436)
(-3.45971e-11 -1.23688e-10 0.107936)
(-3.87383e-11 -1.0881e-10 0.094072)
(-3.98289e-11 -8.49767e-11 0.0756704)
(-3.42656e-11 -5.35804e-11 0.0511959)
(-1.50985e-11 -1.82475e-11 0.0187088)
(5.10802e-11 -1.2974e-10 0.190087)
(4.49793e-11 -1.40838e-10 0.181316)
(3.43104e-11 -1.46404e-10 0.169971)
(2.30888e-11 -1.44967e-10 0.155181)
(1.225e-11 -1.35266e-10 0.135728)
(-3.52804e-12 -1.14457e-10 0.109887)
(-2.25081e-11 -7.93996e-11 0.0752074)
(-1.96314e-11 -3.08668e-11 0.0281877)
(7.15026e-11 -4.06724e-11 0.218477)
(6.89838e-11 -4.65573e-11 0.208895)
(6.16245e-11 -5.17175e-11 0.196369)
(5.2798e-11 -5.61293e-11 0.179866)
(4.12314e-11 -5.95883e-11 0.157933)
(2.45164e-11 -5.96598e-11 0.12848)
(3.56909e-12 -4.74839e-11 0.0884822)
(-5.44026e-12 -1.40903e-11 0.0334972)
(8.22182e-11 -1.2006e-10 0.218479)
(7.48876e-11 -1.22094e-10 0.208898)
(6.92532e-11 -1.20625e-10 0.196371)
(5.88126e-11 -1.17988e-10 0.179869)
(4.48622e-11 -1.17189e-10 0.157934)
(3.48867e-11 -1.15095e-10 0.128482)
(3.24687e-11 -9.15758e-11 0.0884832)
(1.56013e-11 -2.89426e-11 0.0334975)
(2.76466e-11 -7.02938e-11 0.190095)
(1.133e-11 -6.18277e-11 0.181324)
(9.4501e-12 -5.0412e-11 0.169978)
(-7.719e-12 -4.08965e-11 0.155188)
(-2.55667e-11 -3.75043e-11 0.135734)
(-5.56556e-12 -3.2945e-11 0.109892)
(5.65527e-11 -1.4202e-11 0.0752105)
(5.10125e-11 1.59296e-11 0.0281887)
(-5.11389e-11 -1.85031e-10 0.132628)
(-6.03118e-11 -1.92677e-10 0.12646)
(-3.08217e-11 -1.92457e-10 0.118448)
(-4.18257e-11 -1.87978e-10 0.107947)
(-6.77656e-11 -1.7529e-10 0.0940822)
(-6.29478e-11 -1.42743e-10 0.0756784)
(4.536e-12 -7.45879e-11 0.0512011)
(4.86745e-11 -8.8344e-12 0.0187105)
(-1.04266e-12 9.98792e-11 0.132615)
(1.16265e-12 1.02473e-10 0.126447)
(1.19685e-11 9.80201e-11 0.118436)
(1.46131e-11 8.67304e-11 0.107936)
(1.09616e-11 7.00686e-11 0.094072)
(8.55141e-12 4.84021e-11 0.0756704)
(1.12454e-11 2.41166e-11 0.0511959)
(9.26221e-12 4.44496e-12 0.0187088)
(-7.7213e-12 9.78229e-11 0.190087)
(-7.5804e-12 1.01443e-10 0.181316)
(-1.11462e-12 9.92915e-11 0.169971)
(-8.85389e-14 9.16811e-11 0.155181)
(1.44793e-12 7.94558e-11 0.135728)
(9.85433e-12 6.2668e-11 0.109887)
(2.36855e-11 4.04567e-11 0.0752074)
(1.74092e-11 1.40704e-11 0.0281877)
(4.26662e-11 6.63392e-11 0.218477)
(2.88018e-11 5.92772e-11 0.208895)
(1.9341e-11 5.00248e-11 0.196369)
(8.96063e-12 3.95086e-11 0.179866)
(-2.23507e-12 2.99622e-11 0.157933)
(-8.073e-12 2.23656e-11 0.12848)
(-5.77042e-12 1.29428e-11 0.0884822)
(-1.56229e-12 -2.42868e-12 0.0334972)
(-6.02441e-13 2.10938e-10 0.218479)
(2.12538e-12 2.04278e-10 0.208898)
(-3.36517e-12 1.89207e-10 0.196371)
(-6.31567e-12 1.69793e-10 0.179869)
(-4.98516e-12 1.51563e-10 0.157934)
(-5.53799e-12 1.34071e-10 0.128482)
(-1.30952e-11 1.00609e-10 0.0884832)
(-9.88399e-12 3.33475e-11 0.0334975)
(8.7737e-11 5.81045e-11 0.190095)
(8.70151e-11 4.23522e-11 0.181324)
(6.83045e-11 2.09419e-11 0.169978)
(7.00263e-11 -5.55436e-13 0.155188)
(6.7991e-11 -1.60163e-11 0.135734)
(2.32733e-11 -2.65758e-11 0.109892)
(-6.40791e-11 -4.49337e-11 0.0752105)
(-5.76883e-11 -6.3992e-11 0.0281887)
(-6.98276e-12 5.80564e-10 0.132628)
(6.08906e-12 5.92364e-10 0.12646)
(-3.75508e-11 5.74112e-10 0.118448)
(-1.13002e-11 5.29232e-10 0.107947)
(5.11144e-11 4.57086e-10 0.0940822)
(7.65797e-11 3.44685e-10 0.0756784)
(-1.79911e-11 1.71434e-10 0.0512011)
(-8.78194e-11 1.67346e-11 0.0187105)
(2.4497e-11 1.21649e-10 0.132615)
(3.04925e-11 1.28169e-10 0.126447)
(3.97048e-11 1.27575e-10 0.118436)
(4.52143e-11 1.18548e-10 0.107936)
(4.57821e-11 1.01252e-10 0.094072)
(4.21866e-11 7.58018e-11 0.0756704)
(3.14468e-11 4.49742e-11 0.0511959)
(1.0595e-11 1.33089e-11 0.0187088)
(6.15038e-12 1.51299e-10 0.190087)
(8.04215e-12 1.63251e-10 0.181316)
(1.3281e-11 1.65941e-10 0.169971)
(1.47384e-11 1.56748e-10 0.155181)
(1.54788e-11 1.35019e-10 0.135728)
(1.69779e-11 1.00576e-10 0.109887)
(1.99482e-11 5.64506e-11 0.0752074)
(1.07561e-11 1.31943e-11 0.0281877)
(4.30138e-11 9.85615e-11 0.218477)
(3.77209e-11 1.07056e-10 0.208895)
(3.32393e-11 1.08751e-10 0.196369)
(2.66923e-11 1.02055e-10 0.179866)
(2.06809e-11 8.66996e-11 0.157933)
(1.68809e-11 6.25116e-11 0.12848)
(1.47034e-11 3.1172e-11 0.0884822)
(5.80067e-12 5.88075e-13 0.0334972)
(8.38846e-11 1.80054e-10 0.218479)
(7.39861e-11 1.92544e-10 0.208898)
(6.05595e-11 1.93799e-10 0.196371)
(4.71244e-11 1.81477e-10 0.179869)
(3.24587e-11 1.55198e-10 0.157934)
(1.53046e-11 1.15209e-10 0.128482)
(9.375e-13 6.23109e-11 0.0884832)
(-4.22228e-12 6.91535e-12 0.0334975)
(1.0285e-10 2.00089e-10 0.190095)
(8.98582e-11 2.2254e-10 0.181324)
(6.91804e-11 2.32501e-10 0.169978)
(4.91907e-11 2.25338e-10 0.155188)
(2.80771e-11 1.97632e-10 0.135734)
(4.83978e-12 1.485e-10 0.109892)
(-1.78758e-11 8.06095e-11 0.0752105)
(-1.54467e-11 1.08936e-11 0.0281887)
(-1.42634e-10 4.97433e-10 0.132628)
(-1.53803e-10 5.24531e-10 0.12646)
(-1.61165e-10 5.24475e-10 0.118448)
(-1.60369e-10 4.89407e-10 0.107947)
(-1.51066e-10 4.17395e-10 0.0940822)
(-1.31006e-10 3.1006e-10 0.0756784)
(-1.02697e-10 1.76312e-10 0.0512011)
(-4.60339e-11 4.50326e-11 0.0187105)
(6.12642e-11 1.45086e-10 0.132615)
(6.31009e-11 1.50603e-10 0.126447)
(7.17682e-11 1.4853e-10 0.118436)
(7.04035e-11 1.38351e-10 0.107936)
(5.99391e-11 1.20035e-10 0.094072)
(4.68193e-11 9.23289e-11 0.0756704)
(3.51128e-11 5.51168e-11 0.0511959)
(1.58746e-11 1.53497e-11 0.0187088)
(4.47545e-11 6.88616e-11 0.190087)
(4.25604e-11 7.99249e-11 0.181316)
(4.07643e-11 8.53407e-11 0.169971)
(3.52375e-11 8.30875e-11 0.155181)
(2.73054e-11 7.2617e-11 0.135728)
(2.16956e-11 5.33806e-11 0.109887)
(1.80825e-11 2.70578e-11 0.0752074)
(7.04854e-12 1.14625e-12 0.0281877)
(6.37244e-11 8.71233e-11 0.218477)
(5.74724e-11 1.02332e-10 0.208895)
(4.98517e-11 1.11256e-10 0.196369)
(4.20478e-11 1.11589e-10 0.179866)
(3.37163e-11 1.02088e-10 0.157933)
(2.51542e-11 8.16758e-11 0.12848)
(1.70814e-11 5.15601e-11 0.0884822)
(3.91989e-12 1.52552e-11 0.0334972)
(8.33033e-11 1.1511e-10 0.218479)
(7.03941e-11 1.34447e-10 0.208898)
(5.55881e-11 1.4709e-10 0.196371)
(4.00245e-11 1.48669e-10 0.179869)
(2.45929e-11 1.35829e-10 0.157934)
(1.28798e-11 1.06976e-10 0.128482)
(5.64506e-12 6.48848e-11 0.0884832)
(-3.23749e-13 1.73257e-11 0.0334975)
(-1.12205e-11 2.71192e-10 0.190095)
(-2.05455e-11 2.97241e-10 0.181324)
(-3.06518e-11 3.12083e-10 0.169978)
(-4.39738e-11 3.09525e-10 0.155188)
(-5.49666e-11 2.84415e-10 0.135734)
(-5.45281e-11 2.32864e-10 0.109892)
(-3.57376e-11 1.54804e-10 0.0752105)
(-1.23426e-11 5.25585e-11 0.0281887)
(-1.79161e-10 3.26846e-10 0.132628)
(-1.78781e-10 3.4316e-10 0.12646)
(-1.69151e-10 3.47032e-10 0.118448)
(-1.64508e-10 3.32481e-10 0.107947)
(-1.60346e-10 2.9608e-10 0.0940822)
(-1.43874e-10 2.36556e-10 0.0756784)
(-1.03354e-10 1.55239e-10 0.0512011)
(-3.6277e-11 5.31468e-11 0.0187105)
(1.16523e-10 1.7579e-10 0.132615)
(1.17119e-10 1.84165e-10 0.126447)
(1.1847e-10 1.8453e-10 0.118436)
(1.13342e-10 1.75118e-10 0.107936)
(1.01197e-10 1.54786e-10 0.094072)
(8.33726e-11 1.22547e-10 0.0756704)
(5.85105e-11 7.83852e-11 0.0511959)
(2.15395e-11 2.6158e-11 0.0187088)
(6.56271e-11 1.31957e-10 0.190087)
(6.34232e-11 1.46408e-10 0.181316)
(6.21252e-11 1.54696e-10 0.169971)
(5.65114e-11 1.54259e-10 0.155181)
(4.86954e-11 1.43173e-10 0.135728)
(4.08912e-11 1.18759e-10 0.109887)
(3.60185e-11 7.8941e-11 0.0752074)
(1.7309e-11 2.63408e-11 0.0281877)
(4.30818e-11 1.3273e-10 0.218477)
(3.91852e-11 1.47833e-10 0.208895)
(3.59308e-11 1.57531e-10 0.196369)
(3.06637e-11 1.59279e-10 0.179866)
(2.51862e-11 1.51217e-10 0.157933)
(2.07846e-11 1.30101e-10 0.12848)
(1.7945e-11 9.09832e-11 0.0884822)
(7.68994e-12 3.06213e-11 0.0334972)
(3.45997e-11 1.87883e-10 0.218479)
(3.02588e-11 2.06009e-10 0.208898)
(2.10342e-11 2.17289e-10 0.196371)
(1.20912e-11 2.18425e-10 0.179869)
(2.49117e-12 2.06391e-10 0.157934)
(-6.84221e-12 1.76606e-10 0.128482)
(-1.47944e-11 1.22011e-10 0.0884832)
(-1.00835e-11 4.02442e-11 0.0334975)
(-5.78255e-11 3.1875e-10 0.190095)
(-5.97044e-11 3.38768e-10 0.181324)
(-6.63649e-11 3.47447e-10 0.169978)
(-6.96894e-11 3.40117e-10 0.155188)
(-7.07579e-11 3.12302e-10 0.135734)
(-7.20665e-11 2.57945e-10 0.109892)
(-6.84441e-11 1.72438e-10 0.0752105)
(-3.41884e-11 5.76409e-11 0.0281887)
(-1.40258e-10 3.22085e-10 0.132628)
(-1.41079e-10 3.29726e-10 0.12646)
(-1.44447e-10 3.26186e-10 0.118448)
(-1.41643e-10 3.08301e-10 0.107947)
(-1.31522e-10 2.73641e-10 0.0940822)
(-1.14565e-10 2.18754e-10 0.0756784)
(-8.99929e-11 1.41476e-10 0.0512011)
(-4.03479e-11 4.75154e-11 0.0187105)
(1.19589e-10 2.55456e-10 0.132615)
(1.19424e-10 2.60058e-10 0.126447)
(1.22723e-10 2.54331e-10 0.118436)
(1.17718e-10 2.36445e-10 0.107936)
(1.04853e-10 2.05473e-10 0.094072)
(8.67578e-11 1.59929e-10 0.0756704)
(6.45068e-11 9.96896e-11 0.0511959)
(2.75336e-11 3.08912e-11 0.0187088)
(7.43193e-11 2.01878e-10 0.190087)
(7.41448e-11 2.14789e-10 0.181316)
(7.40998e-11 2.19618e-10 0.169971)
(7.06949e-11 2.13285e-10 0.155181)
(6.50544e-11 1.93747e-10 0.135728)
(5.69437e-11 1.58187e-10 0.109887)
(4.48057e-11 1.04112e-10 0.0752074)
(1.82313e-11 3.26832e-11 0.0281877)
(2.31888e-11 1.89155e-10 0.218477)
(2.19737e-11 2.04672e-10 0.208895)
(2.14545e-11 2.13068e-10 0.196369)
(2.09059e-11 2.11396e-10 0.179866)
(2.01768e-11 1.97018e-10 0.157933)
(1.834e-11 1.66497e-10 0.12848)
(1.52667e-11 1.15569e-10 0.0884822)
(6.05782e-12 4.13164e-11 0.0334972)
(-2.30772e-11 1.96849e-10 0.218479)
(-2.57336e-11 2.11591e-10 0.208898)
(-2.78396e-11 2.19656e-10 0.196371)
(-2.90483e-11 2.17709e-10 0.179869)
(-2.85089e-11 2.02313e-10 0.157934)
(-2.35689e-11 1.69832e-10 0.128482)
(-1.49749e-11 1.16792e-10 0.0884832)
(-4.6111e-12 4.08154e-11 0.0334975)
(-1.05846e-10 2.46873e-10 0.190095)
(-1.05002e-10 2.56124e-10 0.181324)
(-1.01485e-10 2.58064e-10 0.169978)
(-9.66558e-11 2.49681e-10 0.155188)
(-8.88366e-11 2.27988e-10 0.135734)
(-7.35205e-11 1.89649e-10 0.109892)
(-4.9514e-11 1.3027e-10 0.0752105)
(-1.69599e-11 4.73018e-11 0.0281887)
(-1.02089e-10 1.37955e-10 0.132628)
(-9.83672e-11 1.37576e-10 0.12646)
(-9.18745e-11 1.34522e-10 0.118448)
(-8.50406e-11 1.27406e-10 0.107947)
(-7.67082e-11 1.14477e-10 0.0940822)
(-6.43028e-11 9.41169e-11 0.0756784)
(-4.52679e-11 6.38029e-11 0.0512011)
(-1.63396e-11 2.28001e-11 0.0187105)
(1.11578e-10 1.91073e-10 0.132615)
(1.10141e-10 1.93591e-10 0.126447)
(1.07374e-10 1.90403e-10 0.118436)
(1.02869e-10 1.79451e-10 0.107936)
(9.48778e-11 1.5908e-10 0.094072)
(8.11754e-11 1.27508e-10 0.0756704)
(5.83499e-11 8.38475e-11 0.0511959)
(2.16623e-11 2.91798e-11 0.0187088)
(8.7627e-11 2.82902e-10 0.190087)
(8.57147e-11 2.92945e-10 0.181316)
(8.41284e-11 2.94017e-10 0.169971)
(8.05368e-11 2.82751e-10 0.155181)
(7.35155e-11 2.56147e-10 0.135728)
(6.46681e-11 2.10376e-10 0.109887)
(5.16762e-11 1.41727e-10 0.0752074)
(2.31781e-11 5.04063e-11 0.0281877)
(1.88773e-11 2.47133e-10 0.218477)
(1.86965e-11 2.57091e-10 0.208895)
(1.98176e-11 2.59699e-10 0.196369)
(1.92385e-11 2.51892e-10 0.179866)
(1.71289e-11 2.3068e-10 0.157933)
(1.59987e-11 1.91765e-10 0.12848)
(1.50518e-11 1.29318e-10 0.0884822)
(7.51449e-12 4.08074e-11 0.0334972)
(-3.14804e-11 2.84248e-10 0.218479)
(-2.81551e-11 2.94136e-10 0.208898)
(-2.78644e-11 2.95027e-10 0.196371)
(-2.68989e-11 2.84921e-10 0.179869)
(-2.50805e-11 2.6152e-10 0.157934)
(-2.57759e-11 2.201e-10 0.128482)
(-2.79717e-11 1.51306e-10 0.0884832)
(-1.41251e-11 5.01776e-11 0.0334975)
(-6.5343e-11 2.47351e-10 0.190095)
(-6.16526e-11 2.54051e-10 0.181324)
(-6.48436e-11 2.52811e-10 0.169978)
(-6.00091e-11 2.41462e-10 0.155188)
(-5.26232e-11 2.17438e-10 0.135734)
(-5.4701e-11 1.76116e-10 0.109892)
(-6.2515e-11 1.12902e-10 0.0752105)
(-3.49792e-11 3.23944e-11 0.0281887)
(-8.81281e-11 2.67833e-10 0.132628)
(-9.00462e-11 2.69921e-10 0.12646)
(-1.00947e-10 2.61398e-10 0.118448)
(-9.78917e-11 2.41149e-10 0.107947)
(-8.33737e-11 2.08637e-10 0.0940822)
(-6.71623e-11 1.61017e-10 0.0756784)
(-5.74635e-11 9.71617e-11 0.0512011)
(-3.21546e-11 2.86307e-11 0.0187105)
(6.79558e-11 1.38386e-10 0.132615)
(6.41973e-11 1.35188e-10 0.126447)
(6.04802e-11 1.28476e-10 0.118436)
(5.48945e-11 1.175e-10 0.107936)
(4.76908e-11 1.01313e-10 0.094072)
(3.91211e-11 7.89731e-11 0.0756704)
(2.88834e-11 4.95665e-11 0.0511959)
(1.29558e-11 1.51019e-11 0.0187088)
(7.98148e-11 1.94675e-10 0.190087)
(7.80826e-11 1.95413e-10 0.181316)
(7.37978e-11 1.90839e-10 0.169971)
(6.90262e-11 1.7891e-10 0.155181)
(6.17181e-11 1.57872e-10 0.135728)
(5.00402e-11 1.25886e-10 0.109887)
(3.27667e-11 8.15418e-11 0.0752074)
(1.04006e-11 2.51436e-11 0.0281877)
(2.8832e-11 1.94574e-10 0.218477)
(2.90586e-11 1.99875e-10 0.208895)
(2.8621e-11 1.99139e-10 0.196369)
(2.7722e-11 1.89908e-10 0.179866)
(2.53242e-11 1.69495e-10 0.157933)
(1.97612e-11 1.35745e-10 0.12848)
(1.17746e-11 8.77024e-11 0.0884822)
(3.31719e-12 2.80295e-11 0.0334972)
(-2.49183e-11 1.69506e-10 0.218479)
(-2.45994e-11 1.73706e-10 0.208898)
(-2.30662e-11 1.72758e-10 0.196371)
(-2.0817e-11 1.64263e-10 0.179869)
(-1.78384e-11 1.45916e-10 0.157934)
(-1.30474e-11 1.15492e-10 0.128482)
(-7.39625e-12 7.2873e-11 0.0884832)
(-1.51573e-12 2.16243e-11 0.0334975)
(-7.47133e-11 1.32613e-10 0.190095)
(-7.2086e-11 1.34053e-10 0.181324)
(-6.64794e-11 1.32281e-10 0.169978)
(-5.93761e-11 1.25843e-10 0.155188)
(-4.97807e-11 1.13019e-10 0.135734)
(-3.68763e-11 9.19806e-11 0.109892)
(-2.0404e-11 6.14176e-11 0.0752105)
(-4.726e-12 2.1236e-11 0.0281887)
(-6.83518e-11 5.49331e-11 0.132628)
(-6.6289e-11 5.39544e-11 0.12646)
(-6.27067e-11 5.24514e-11 0.118448)
(-5.75354e-11 4.98711e-11 0.107947)
(-4.99055e-11 4.51125e-11 0.0940822)
(-3.89013e-11 3.75061e-11 0.0756784)
(-2.36021e-11 2.55879e-11 0.0512011)
(-5.21739e-12 9.21382e-12 0.0187105)
(4.36957e-11 3.51766e-11 0.132615)
(4.04452e-11 3.35816e-11 0.126447)
(3.25052e-11 3.28093e-11 0.118436)
(2.90039e-11 3.18419e-11 0.107936)
(2.82229e-11 2.95802e-11 0.094072)
(2.54279e-11 2.58217e-11 0.0756704)
(1.6481e-11 2.00036e-11 0.0511959)
(3.55205e-12 8.7454e-12 0.0187088)
(5.98062e-11 1.66473e-10 0.190087)
(5.68265e-11 1.65154e-10 0.181316)
(5.30157e-11 1.60201e-10 0.169971)
(4.91939e-11 1.50385e-10 0.155181)
(4.34359e-11 1.34101e-10 0.135728)
(3.45771e-11 1.09282e-10 0.109887)
(2.31829e-11 7.47713e-11 0.0752074)
(9.5323e-12 2.883e-11 0.0281877)
(2.02434e-11 1.54597e-10 0.218477)
(2.01949e-11 1.53476e-10 0.208895)
(2.05779e-11 1.49024e-10 0.196369)
(1.88864e-11 1.39735e-10 0.179866)
(1.51445e-11 1.23968e-10 0.157933)
(1.04779e-11 9.97349e-11 0.12848)
(7.16705e-12 6.42547e-11 0.0884822)
(2.98927e-12 1.77917e-11 0.0334972)
(-1.53095e-11 1.72714e-10 0.218479)
(-1.02629e-11 1.7315e-10 0.208898)
(-8.63258e-12 1.68908e-10 0.196371)
(-6.2676e-12 1.59456e-10 0.179869)
(-5.94826e-12 1.44395e-10 0.157934)
(-1.06151e-11 1.20793e-10 0.128482)
(-1.80009e-11 8.22635e-11 0.0884832)
(-1.09615e-11 2.56835e-11 0.0334975)
(-2.3935e-11 1.10424e-10 0.190095)
(-2.02618e-11 1.12691e-10 0.181324)
(-2.26361e-11 1.114e-10 0.169978)
(-1.76113e-11 1.05755e-10 0.155188)
(-1.17066e-11 9.45443e-11 0.135734)
(-1.87327e-11 7.47991e-11 0.109892)
(-3.66616e-11 4.36906e-11 0.0752105)
(-2.51403e-11 7.86129e-12 0.0281887)
(-4.80915e-11 1.78471e-10 0.132628)
(-5.15993e-11 1.80402e-10 0.12646)
(-6.5259e-11 1.74182e-10 0.118448)
(-6.46005e-11 1.59747e-10 0.107947)
(-5.20665e-11 1.37235e-10 0.0940822)
(-3.89944e-11 1.04563e-10 0.0756784)
(-3.63018e-11 6.03899e-11 0.0512011)
(-2.26959e-11 1.64619e-11 0.0187105)
(-1.36543e-11 -1.06318e-11 0.132615)
(-1.56694e-11 -1.52269e-11 0.126447)
(-1.92943e-11 -1.76431e-11 0.118436)
(-1.82734e-11 -1.78428e-11 0.107936)
(-1.31387e-11 -1.60087e-11 0.094072)
(-7.88699e-12 -1.2028e-11 0.0756704)
(-5.3496e-12 -5.94731e-12 0.0511959)
(-3.13186e-12 -1.02364e-12 0.0187088)
(2.45513e-11 9.89765e-11 0.190087)
(2.42354e-11 9.48007e-11 0.181316)
(2.24737e-11 8.84686e-11 0.169971)
(2.25721e-11 7.94607e-11 0.155181)
(2.26839e-11 6.73227e-11 0.135728)
(1.73228e-11 5.21605e-11 0.109887)
(7.59918e-12 3.44555e-11 0.0752074)
(6.84541e-13 1.28772e-11 0.0281877)
(8.06167e-12 7.61621e-11 0.218477)
(8.74297e-12 7.37907e-11 0.208895)
(9.46909e-12 6.96957e-11 0.196369)
(9.3318e-12 6.30011e-11 0.179866)
(8.51663e-12 5.25663e-11 0.157933)
(5.90042e-12 3.81351e-11 0.12848)
(2.375e-12 2.08808e-11 0.0884822)
(-3.74399e-14 4.34607e-12 0.0334972)
(-1.99473e-11 7.96874e-11 0.218479)
(-1.75626e-11 7.89214e-11 0.208898)
(-1.43564e-11 7.56728e-11 0.196371)
(-1.09898e-11 6.95002e-11 0.179869)
(-7.7896e-12 5.99307e-11 0.157934)
(-5.14433e-12 4.64584e-11 0.128482)
(-3.34903e-12 2.8589e-11 0.0884832)
(-5.83771e-13 7.62218e-12 0.0334975)
(-3.54123e-11 1.29271e-11 0.190095)
(-3.29438e-11 1.38624e-11 0.181324)
(-2.94443e-11 1.44032e-11 0.169978)
(-2.27184e-11 1.41148e-11 0.155188)
(-1.51101e-11 1.23363e-11 0.135734)
(-9.50007e-12 8.24036e-12 0.109892)
(-8.53414e-12 1.43086e-12 0.0752105)
(-3.53712e-12 -4.76225e-12 0.0281887)
(-6.10866e-11 8.88543e-11 0.132628)
(-6.05198e-11 9.09728e-11 0.12646)
(-6.16979e-11 8.85888e-11 0.118448)
(-5.49452e-11 8.13889e-11 0.107947)
(-4.22671e-11 6.92106e-11 0.0940822)
(-2.84288e-11 5.13743e-11 0.0756784)
(-1.92204e-11 2.81105e-11 0.0512011)
(-8.65884e-12 6.00992e-12 0.0187105)
(-4.07212e-11 -1.01169e-10 0.132615)
(-4.31582e-11 -1.05631e-10 0.126447)
(-5.00611e-11 -1.04055e-10 0.118436)
(-4.83195e-11 -9.6101e-11 0.107936)
(-3.96975e-11 -8.19692e-11 0.094072)
(-2.94182e-11 -6.12824e-11 0.0756704)
(-2.19022e-11 -3.44076e-11 0.0511959)
(-1.10646e-11 -8.27621e-12 0.0187088)
(1.84317e-11 7.75678e-11 0.190087)
(1.75853e-11 7.29009e-11 0.181316)
(1.62942e-11 6.71583e-11 0.169971)
(1.58898e-11 6.03079e-11 0.155181)
(1.56384e-11 5.21536e-11 0.135728)
(1.22248e-11 4.24194e-11 0.109887)
(5.12761e-12 3.12422e-11 0.0752074)
(1.90814e-12 1.56779e-11 0.0281877)
(2.05872e-11 6.89936e-11 0.218477)
(2.04667e-11 6.55515e-11 0.208895)
(2.03567e-11 6.13667e-11 0.196369)
(1.83613e-11 5.58033e-11 0.179866)
(1.40937e-11 4.84674e-11 0.157933)
(8.07325e-12 3.8391e-11 0.12848)
(3.10683e-12 2.43908e-11 0.0884822)
(6.55125e-13 5.7687e-12 0.0334972)
(7.00593e-12 1.2504e-10 0.218479)
(1.12013e-11 1.26144e-10 0.208898)
(1.13507e-11 1.23212e-10 0.196371)
(1.13425e-11 1.16303e-10 0.179869)
(8.34758e-12 1.05775e-10 0.157934)
(2.18075e-13 8.96876e-11 0.128482)
(-1.18076e-11 6.27242e-11 0.0884832)
(-9.25365e-12 2.02068e-11 0.0334975)
(-3.20952e-12 8.06631e-11 0.190095)
(-1.40706e-12 8.84096e-11 0.181324)
(-6.93264e-12 9.21161e-11 0.169978)
(-5.08761e-12 9.05123e-11 0.155188)
(-2.84215e-12 8.23944e-11 0.135734)
(-1.2849e-11 6.50256e-11 0.109892)
(-3.42376e-11 3.60542e-11 0.0752105)
(-2.40994e-11 3.79447e-12 0.0281887)
(-8.56009e-11 2.70488e-10 0.132628)
(-9.12906e-11 2.77286e-10 0.12646)
(-1.06033e-10 2.7045e-10 0.118448)
(-1.04413e-10 2.48707e-10 0.107947)
(-8.81322e-11 2.12379e-10 0.0940822)
(-6.85396e-11 1.59861e-10 0.0756784)
(-5.57502e-11 9.24868e-11 0.0512011)
(-3.04908e-11 2.5265e-11 0.0187105)
(-5.65919e-11 -4.1107e-11 0.132615)
(-5.8605e-11 -4.57e-11 0.126447)
(-5.77114e-11 -4.92878e-11 0.118436)
(-5.948e-11 -5.06333e-11 0.107936)
(-6.03083e-11 -4.85837e-11 0.094072)
(-5.47597e-11 -4.26517e-11 0.0756704)
(-3.40641e-11 -3.32252e-11 0.0511959)
(-5.77245e-12 -1.51349e-11 0.0187088)
(-1.27282e-11 -3.16829e-11 0.190087)
(-1.29294e-11 -3.95395e-11 0.181316)
(-1.12793e-11 -4.59778e-11 0.169971)
(-1.2495e-11 -4.97094e-11 0.155181)
(-1.21258e-11 -4.99314e-11 0.135728)
(-8.26496e-12 -4.54798e-11 0.109887)
(-3.96551e-13 -3.57617e-11 0.0752074)
(1.39849e-12 -1.84503e-11 0.0281877)
(4.30459e-11 4.38869e-11 0.218477)
(3.96855e-11 3.95764e-11 0.208895)
(3.66545e-11 3.38873e-11 0.196369)
(3.18414e-11 2.71029e-11 0.179866)
(2.4318e-11 1.98092e-11 0.157933)
(1.49111e-11 1.22116e-11 0.12848)
(5.51556e-12 4.37708e-12 0.0884822)
(-1.06307e-13 -1.74799e-12 0.0334972)
(2.49512e-11 8.26339e-11 0.218479)
(2.51799e-11 8.24662e-11 0.208898)
(2.43797e-11 7.85826e-11 0.196371)
(2.20145e-11 7.0348e-11 0.179869)
(1.91719e-11 5.75673e-11 0.157934)
(1.45916e-11 4.05711e-11 0.128482)
(8.21395e-12 2.01121e-11 0.0884832)
(2.14904e-12 5.91284e-13 0.0334975)
(-5.67064e-12 9.65173e-11 0.190095)
(-7.56779e-12 1.01982e-10 0.181324)
(-1.05417e-11 1.0289e-10 0.169978)
(-1.08233e-11 9.76711e-11 0.155188)
(-1.04372e-11 8.52197e-11 0.135734)
(-1.15022e-11 6.45881e-11 0.109892)
(-1.29965e-11 3.55415e-11 0.0752105)
(-5.89003e-12 4.16373e-12 0.0281887)
(-6.92441e-11 2.1891e-10 0.132628)
(-7.0577e-11 2.22897e-10 0.12646)
(-7.77853e-11 2.16645e-10 0.118448)
(-7.44483e-11 1.98779e-10 0.107947)
(-6.35974e-11 1.68695e-10 0.0940822)
(-4.99345e-11 1.25798e-10 0.0756784)
(-3.94921e-11 7.13973e-11 0.0512011)
(-1.96348e-11 1.76422e-11 0.0187105)
(1.99532e-11 2.71329e-11 0.132615)
(1.77934e-11 3.30511e-11 0.126447)
(1.36455e-11 3.52179e-11 0.118436)
(5.84542e-12 3.28366e-11 0.107936)
(-3.32639e-12 2.60698e-11 0.094072)
(-9.4114e-12 1.57996e-11 0.0756704)
(-4.49517e-12 2.68457e-12 0.0511959)
(3.38192e-12 -4.43714e-12 0.0187088)
(-1.95735e-11 -1.1238e-10 0.190087)
(-2.06409e-11 -1.15095e-10 0.181316)
(-2.00094e-11 -1.14359e-10 0.169971)
(-2.15557e-11 -1.09141e-10 0.155181)
(-2.29627e-11 -9.90746e-11 0.135728)
(-2.05156e-11 -8.34135e-11 0.109887)
(-9.51331e-12 -6.17366e-11 0.0752074)
(-2.11648e-12 -2.89603e-11 0.0281877)
(3.33772e-11 2.93816e-12 0.218477)
(3.35931e-11 2.10502e-12 0.208895)
(3.28414e-11 3.12246e-13 0.196369)
(2.96773e-11 -1.80286e-12 0.179866)
(2.41564e-11 -3.68789e-12 0.157933)
(1.69158e-11 -4.46989e-12 0.12848)
(7.67823e-12 -4.70323e-12 0.0884822)
(1.68991e-12 -2.97836e-12 0.0334972)
(4.68673e-11 -2.72914e-13 0.218479)
(4.58598e-11 1.01648e-12 0.208898)
(4.36311e-11 1.7115e-12 0.196371)
(3.95594e-11 5.08016e-13 0.179869)
(3.19072e-11 -3.4514e-12 0.157934)
(2.05591e-11 -1.01961e-11 0.128482)
(8.02983e-12 -1.57444e-11 0.0884832)
(3.73466e-13 -1.23902e-11 0.0334975)
(-1.7773e-12 1.415e-10 0.190095)
(-2.24448e-12 1.49024e-10 0.181324)
(-4.40732e-12 1.50898e-10 0.169978)
(-8.16818e-12 1.44904e-10 0.155188)
(-1.13846e-11 1.29656e-10 0.135734)
(-1.08736e-11 1.04001e-10 0.109892)
(-5.10926e-12 6.94222e-11 0.0752105)
(-1.6268e-12 2.82921e-11 0.0281887)
(-1.61568e-11 2.9254e-11 0.132628)
(-2.06472e-11 3.204e-11 0.12646)
(-2.49298e-11 3.49058e-11 0.118448)
(-3.37866e-11 3.66564e-11 0.107947)
(-4.26634e-11 3.6066e-11 0.0940822)
(-4.54197e-11 3.25064e-11 0.0756784)
(-2.90191e-11 2.71517e-11 0.0512011)
(-3.16783e-12 1.38751e-11 0.0187105)
(6.3908e-11 5.59667e-12 0.132615)
(6.3535e-11 1.28473e-11 0.126447)
(5.23427e-11 1.89324e-11 0.118436)
(4.95185e-11 2.16841e-11 0.107936)
(4.96579e-11 2.05941e-11 0.094072)
(4.21931e-11 1.76445e-11 0.0756704)
(2.11349e-11 1.50924e-11 0.0511959)
(-1.0382e-12 7.82955e-12 0.0187088)
(-8.8639e-12 -8.45878e-11 0.190087)
(-5.79689e-12 -7.73458e-11 0.181316)
(-6.74854e-12 -6.75864e-11 0.169971)
(-3.19746e-12 -5.63168e-11 0.155181)
(2.53289e-13 -4.4698e-11 0.135728)
(-4.65509e-12 -3.19151e-11 0.109887)
(-1.7157e-11 -1.66477e-11 0.0752074)
(-1.28452e-11 -1.16751e-12 0.0281877)
(-3.10078e-11 -9.0922e-11 0.218477)
(-2.64654e-11 -8.76227e-11 0.208895)
(-2.34398e-11 -8.15274e-11 0.196369)
(-1.89878e-11 -7.33801e-11 0.179866)
(-1.38603e-11 -6.37456e-11 0.157933)
(-1.04116e-11 -5.1929e-11 0.12848)
(-8.93539e-12 -3.44246e-11 0.0884822)
(-4.2986e-12 -9.0296e-12 0.0334972)
(-2.20136e-11 -8.85977e-11 0.218479)
(-2.1277e-11 -8.7436e-11 0.208898)
(-1.84379e-11 -8.32514e-11 0.196371)
(-1.52573e-11 -7.62326e-11 0.179869)
(-1.18299e-11 -6.70167e-11 0.157934)
(-6.45138e-12 -5.53783e-11 0.128482)
(8.47112e-14 -3.79394e-11 0.0884832)
(2.74489e-12 -1.11989e-11 0.0334975)
(-3.43666e-11 -3.90918e-11 0.190095)
(-3.1409e-11 -4.20311e-11 0.181324)
(-2.45004e-11 -4.26422e-11 0.169978)
(-1.89025e-11 -4.06727e-11 0.155188)
(-1.32357e-11 -3.60219e-11 0.135734)
(-2.20809e-12 -2.79672e-11 0.109892)
(1.07983e-11 -1.57312e-11 0.0752105)
(1.01629e-11 -1.88794e-12 0.0281887)
(4.24054e-11 -1.47571e-10 0.132628)
(4.40527e-11 -1.53889e-10 0.12646)
(4.72155e-11 -1.51764e-10 0.118448)
(4.50645e-11 -1.39822e-10 0.107947)
(3.87897e-11 -1.18133e-10 0.0940822)
(3.14364e-11 -8.70905e-11 0.0756784)
(2.66006e-11 -4.8933e-11 0.0512011)
(1.50521e-11 -1.21892e-11 0.0187105)
(5.67501e-11 6.81674e-11 0.132615)
(5.68577e-11 7.37404e-11 0.126447)
(5.86045e-11 7.73616e-11 0.118436)
(5.67479e-11 7.81979e-11 0.107936)
(5.15336e-11 7.48613e-11 0.094072)
(4.51186e-11 6.45154e-11 0.0756704)
(3.47849e-11 4.53707e-11 0.0511959)
(1.48566e-11 1.74644e-11 0.0187088)
(3.77259e-12 1.95482e-11 0.190087)
(2.31005e-12 2.65923e-11 0.181316)
(3.88457e-12 3.28609e-11 0.169971)
(3.97847e-12 3.78459e-11 0.155181)
(3.23085e-12 4.06871e-11 0.135728)
(6.53977e-12 3.88716e-11 0.109887)
(1.53716e-11 2.94693e-11 0.0752074)
(1.20693e-11 1.19291e-11 0.0281877)
(-3.9669e-11 -5.00955e-11 0.218477)
(-3.59929e-11 -4.72586e-11 0.208895)
(-2.96556e-11 -4.20999e-11 0.196369)
(-2.319e-11 -3.41027e-11 0.179866)
(-1.607e-11 -2.32293e-11 0.157933)
(-5.60318e-12 -1.06943e-11 0.12848)
(4.70636e-12 -1.20772e-12 0.0884822)
(5.65071e-12 7.41329e-13 0.0334972)
(-2.22705e-11 -9.00346e-11 0.218479)
(-1.81016e-11 -9.14214e-11 0.208898)
(-1.32562e-11 -8.83024e-11 0.196371)
(-7.86228e-12 -7.99156e-11 0.179869)
(-2.70474e-12 -6.59798e-11 0.157934)
(-1.94081e-12 -4.73627e-11 0.128482)
(-3.36449e-12 -2.67633e-11 0.0884832)
(-2.76491e-12 -7.40042e-12 0.0334975)
(-9.78979e-12 -8.41871e-11 0.190095)
(-2.21125e-12 -8.67926e-11 0.181324)
(2.96642e-12 -8.50601e-11 0.169978)
(8.43306e-12 -7.79481e-11 0.155188)
(1.30425e-11 -6.50803e-11 0.135734)
(1.4426e-11 -4.69661e-11 0.109892)
(1.10577e-11 -2.40294e-11 0.0752105)
(2.38439e-12 5.78131e-13 0.0281887)
(5.75874e-11 -2.218e-10 0.132628)
(5.73252e-11 -2.23225e-10 0.12646)
(6.06721e-11 -2.14453e-10 0.118448)
(5.53904e-11 -1.94377e-10 0.107947)
(4.54717e-11 -1.62911e-10 0.0940822)
(3.50432e-11 -1.19983e-10 0.0756784)
(3.05828e-11 -6.66665e-11 0.0512011)
(1.81977e-11 -1.49246e-11 0.0187105)
(1.30615e-11 -5.59293e-11 0.132615)
(1.23918e-11 -5.93619e-11 0.126447)
(5.07921e-12 -5.79628e-11 0.118436)
(6.85293e-12 -5.20498e-11 0.107936)
(1.29275e-11 -4.21395e-11 0.094072)
(1.4422e-11 -2.79557e-11 0.0756704)
(2.9513e-12 -9.60758e-12 0.0511959)
(-7.12717e-12 2.37589e-12 0.0187088)
(2.98094e-11 4.19366e-11 0.190087)
(3.02339e-11 4.53031e-11 0.181316)
(2.68525e-11 4.83358e-11 0.169971)
(2.66579e-11 5.00744e-11 0.155181)
(2.68926e-11 4.94521e-11 0.135728)
(1.88494e-11 4.61204e-11 0.109887)
(1.49337e-12 3.91369e-11 0.0752074)
(-4.50332e-12 2.26619e-11 0.0281877)
(-2.99396e-11 -4.79877e-11 0.218477)
(-2.68998e-11 -4.5543e-11 0.208895)
(-2.44686e-11 -4.0856e-11 0.196369)
(-2.08332e-11 -3.42948e-11 0.179866)
(-1.58564e-11 -2.66773e-11 0.157933)
(-1.08986e-11 -1.87082e-11 0.12848)
(-8.63699e-12 -9.41367e-12 0.0884822)
(-3.59064e-12 7.09667e-14 0.0334972)
(-3.86585e-11 -6.40347e-11 0.218479)
(-3.61674e-11 -6.37159e-11 0.208898)
(-3.23994e-11 -6.07227e-11 0.196371)
(-2.73765e-11 -5.41035e-11 0.179869)
(-2.13279e-11 -4.32149e-11 0.157934)
(-1.40305e-11 -2.82833e-11 0.128482)
(-6.83898e-12 -1.08189e-11 0.0884832)
(-5.36264e-13 3.55945e-12 0.0334975)
(-2.73121e-12 -1.51277e-10 0.190095)
(-7.44024e-13 -1.5614e-10 0.181324)
(3.03521e-12 -1.55522e-10 0.169978)
(7.05377e-12 -1.47465e-10 0.155188)
(1.08429e-11 -1.30546e-10 0.135734)
(1.36925e-11 -1.03284e-10 0.109892)
(1.20293e-11 -6.62968e-11 0.0752105)
(6.07915e-12 -2.21512e-11 0.0281887)
(5.17235e-11 -1.28577e-10 0.132628)
(5.32137e-11 -1.32052e-10 0.12646)
(5.41076e-11 -1.311e-10 0.118448)
(5.54244e-11 -1.23829e-10 0.107947)
(5.56199e-11 -1.09007e-10 0.0940822)
(5.15399e-11 -8.56696e-11 0.0756784)
(3.72047e-11 -5.54844e-11 0.0512011)
(1.25464e-11 -1.86036e-11 0.0187105)
(-4.00508e-11 -2.8052e-11 0.132615)
(-3.96783e-11 -3.20871e-11 0.126447)
(-3.46225e-11 -3.31289e-11 0.118436)
(-3.09553e-11 -3.00768e-11 0.107936)
(-2.62911e-11 -2.35054e-11 0.094072)
(-1.84783e-11 -1.49731e-11 0.0756704)
(-6.52062e-12 -7.0633e-12 0.0511959)
(1.04259e-12 -4.78358e-13 0.0187088)
(5.81865e-12 1.10005e-10 0.190087)
(3.01561e-12 1.0744e-10 0.181316)
(4.61696e-12 1.0202e-10 0.169971)
(3.919e-12 9.40773e-11 0.155181)
(2.84493e-12 8.36984e-11 0.135728)
(8.74319e-12 6.89031e-11 0.109887)
(2.03376e-11 4.71218e-11 0.0752074)
(1.61448e-11 1.83821e-11 0.0281877)
(-5.63517e-12 6.36783e-11 0.218477)
(-6.62817e-12 6.16175e-11 0.208895)
(-5.30493e-12 5.84538e-11 0.196369)
(-4.73696e-12 5.46836e-11 0.179866)
(-4.00187e-12 5.05932e-11 0.157933)
(-1.9365e-13 4.46843e-11 0.12848)
(7.11411e-12 3.13442e-11 0.0884822)
(6.69707e-12 7.17289e-12 0.0334972)
(-3.14709e-12 7.13715e-11 0.218479)
(1.07165e-12 7.08436e-11 0.208898)
(1.83083e-12 6.80607e-11 0.196371)
(3.90897e-12 6.43328e-11 0.179869)
(4.53465e-12 6.10085e-11 0.157934)
(-1.19272e-12 5.6375e-11 0.128482)
(-1.1726e-11 4.2644e-11 0.0884832)
(-9.24333e-12 1.25659e-11 0.0334975)
(4.5803e-11 -6.34088e-12 0.190095)
(4.80913e-11 -4.22889e-12 0.181324)
(4.04429e-11 -3.45656e-12 0.169978)
(4.02123e-11 -3.138e-12 0.155188)
(3.80125e-11 -2.62886e-12 0.135734)
(1.89328e-11 -3.55881e-12 0.109892)
(-1.6594e-11 -8.50235e-12 0.0752105)
(-2.11412e-11 -1.06399e-11 0.0281887)
(4.85576e-12 1.14262e-10 0.132628)
(7.94435e-13 1.20692e-10 0.12646)
(-1.45348e-11 1.19453e-10 0.118448)
(-1.59138e-11 1.1068e-10 0.107947)
(-7.90845e-12 9.48091e-11 0.0940822)
(-3.56707e-12 7.0281e-11 0.0756784)
(-1.46693e-11 3.59992e-11 0.0512011)
(-1.77165e-11 6.99817e-12 0.0187105)
(-5.96943e-11 -1.49859e-10 0.132615)
(-6.17079e-11 -1.57082e-10 0.126447)
(-7.13532e-11 -1.5623e-10 0.118436)
(-6.8421e-11 -1.46773e-10 0.107936)
(-5.64524e-11 -1.28438e-10 0.094072)
(-4.35379e-11 -9.93828e-11 0.0756704)
(-3.77198e-11 -5.88162e-11 0.0511959)
(-2.08065e-11 -1.64035e-11 0.0187088)
(7.75119e-12 8.65945e-12 0.190087)
(7.4438e-12 2.01798e-12 0.181316)
(3.06719e-12 -3.62133e-12 0.169971)
(3.60522e-12 -8.04013e-12 0.155181)
(4.34119e-12 -1.10937e-11 0.135728)
(-2.86485e-12 -1.11885e-11 0.109887)
(-1.7043e-11 -5.99583e-12 0.0752074)
(-1.33591e-11 2.14688e-12 0.0281877)
(1.25833e-11 2.97064e-12 0.218477)
(1.28595e-11 5.28992e-13 0.208895)
(1.10719e-11 -1.89583e-12 0.196369)
(8.59047e-12 -4.95558e-12 0.179866)
(5.66771e-12 -9.49181e-12 0.157933)
(-6.39943e-13 -1.45405e-11 0.12848)
(-7.56125e-12 -1.61206e-11 0.0884822)
(-5.0775e-12 -8.1391e-12 0.0334972)
(1.33998e-11 2.92517e-11 0.218479)
(1.20945e-11 3.11183e-11 0.208898)
(1.12031e-11 3.06635e-11 0.196371)
(8.73199e-12 2.74727e-11 0.179869)
(5.12659e-12 2.15824e-11 0.157934)
(1.14528e-12 1.34857e-11 0.128482)
(-2.21255e-12 4.69551e-12 0.0884832)
(-1.096e-12 -1.01825e-12 0.0334975)
(1.71657e-11 -1.1447e-11 0.190095)
(1.40996e-11 -6.2419e-12 0.181324)
(1.12857e-11 -2.35156e-12 0.169978)
(9.44881e-12 -5.77981e-13 0.155188)
(8.19246e-12 -1.31207e-12 0.135734)
(4.92097e-12 -4.52384e-12 0.109892)
(-5.42155e-13 -9.30877e-12 0.0752105)
(-9.22297e-13 -9.4037e-12 0.0281887)
(-3.97375e-11 1.19896e-10 0.132628)
(-4.41368e-11 1.24082e-10 0.12646)
(-4.97749e-11 1.21554e-10 0.118448)
(-4.87952e-11 1.1131e-10 0.107947)
(-4.18521e-11 9.35006e-11 0.0940822)
(-3.20672e-11 6.84121e-11 0.0756784)
(-2.33415e-11 3.76279e-11 0.0512011)
(-1.01343e-11 8.66975e-12 0.0187105)
(-6.65205e-11 -1.44019e-10 0.132615)
(-6.98052e-11 -1.47686e-10 0.126447)
(-7.54701e-11 -1.43999e-10 0.118436)
(-7.43093e-11 -1.32098e-10 0.107936)
(-6.57258e-11 -1.12106e-10 0.094072)
(-5.22995e-11 -8.43133e-11 0.0756704)
(-3.51816e-11 -5.02537e-11 0.0511959)
(-1.26726e-11 -1.44697e-11 0.0187088)
(-8.41706e-12 -3.28615e-11 0.190087)
(-1.19333e-11 -4.14898e-11 0.181316)
(-1.44143e-11 -4.75747e-11 0.169971)
(-1.55686e-11 -4.96063e-11 0.155181)
(-1.57002e-11 -4.6704e-11 0.135728)
(-1.47499e-11 -3.80748e-11 0.109887)
(-1.12931e-11 -2.38743e-11 0.0752074)
(-2.51749e-12 -5.94943e-12 0.0281877)
(1.94895e-11 -1.29258e-11 0.218477)
(1.9524e-11 -1.76782e-11 0.208895)
(1.95829e-11 -2.11037e-11 0.196369)
(1.71628e-11 -2.25762e-11 0.179866)
(1.23286e-11 -2.16825e-11 0.157933)
(7.30005e-12 -1.8498e-11 0.12848)
(2.74939e-12 -1.38508e-11 0.0884822)
(1.76412e-12 -6.87487e-12 0.0334972)
(3.69041e-11 9.29577e-12 0.218479)
(3.83134e-11 9.78599e-12 0.208898)
(3.69376e-11 1.00471e-11 0.196371)
(3.44889e-11 1.01569e-11 0.179869)
(2.73659e-11 1.01205e-11 0.157934)
(1.39347e-11 9.15694e-12 0.128482)
(-2.16278e-12 5.12216e-12 0.0884832)
(-6.10335e-12 -1.87241e-12 0.0334975)
(9.5033e-12 4.17798e-11 0.190095)
(1.10429e-11 5.11415e-11 0.181324)
(7.59096e-12 5.81962e-11 0.169978)
(7.78984e-12 6.12866e-11 0.155188)
(7.85383e-12 5.90654e-11 0.135734)
(6.94606e-13 4.90816e-11 0.109892)
(-1.48197e-11 3.07309e-11 0.0752105)
(-1.30093e-11 1.01787e-11 0.0281887)
(-5.80821e-11 1.01787e-10 0.132628)
(-6.50966e-11 1.08079e-10 0.12646)
(-7.38754e-11 1.09436e-10 0.118448)
(-7.75172e-11 1.0472e-10 0.107947)
(-7.27594e-11 9.34894e-11 0.0940822)
(-6.16715e-11 7.48723e-11 0.0756784)
(-4.25347e-11 4.92307e-11 0.0512011)
(-1.37886e-11 1.8186e-11 0.0187105)
(-5.82875e-11 -1.91382e-10 0.132615)
(-6.35874e-11 -1.97158e-10 0.126447)
(-8.15394e-11 -1.93022e-10 0.118436)
(-8.03611e-11 -1.79115e-10 0.107936)
(-6.48025e-11 -1.55359e-10 0.094072)
(-4.9436e-11 -1.18856e-10 0.0756704)
(-4.29023e-11 -6.86741e-11 0.0511959)
(-2.41311e-11 -1.8149e-11 0.0187088)
(5.04012e-13 -5.29006e-11 0.190087)
(1.24786e-12 -5.99227e-11 0.181316)
(-3.7659e-12 -6.32539e-11 0.169971)
(-9.82303e-13 -6.21971e-11 0.155181)
(2.78834e-12 -5.67223e-11 0.135728)
(-5.19711e-12 -4.41492e-11 0.109887)
(-2.51124e-11 -2.25218e-11 0.0752074)
(-1.8885e-11 5.93195e-13 0.0281877)
(1.41942e-11 -6.0688e-11 0.218477)
(1.60931e-11 -6.47646e-11 0.208895)
(1.56173e-11 -6.57855e-11 0.196369)
(1.36613e-11 -6.3923e-11 0.179866)
(9.98683e-12 -5.98656e-11 0.157933)
(3.20819e-13 -5.25897e-11 0.12848)
(-1.08042e-11 -3.77407e-11 0.0884822)
(-7.03589e-12 -1.24641e-11 0.0334972)
(1.40628e-11 -1.28556e-11 0.218479)
(1.57949e-11 -1.21874e-11 0.208898)
(1.70116e-11 -1.15241e-11 0.196371)
(1.57504e-11 -1.04112e-11 0.179869)
(1.19974e-11 -8.4889e-12 0.157934)
(4.82832e-12 -5.65731e-12 0.128482)
(-3.48791e-12 -2.96623e-12 0.0884832)
(-2.34421e-12 -2.75731e-13 0.0334975)
(-7.44142e-12 -2.97457e-11 0.190095)
(-7.3438e-12 -2.58091e-11 0.181324)
(-6.89951e-12 -2.20458e-11 0.169978)
(-2.58602e-12 -1.88622e-11 0.155188)
(2.98692e-12 -1.60233e-11 0.135734)
(1.35776e-12 -1.47641e-11 0.109892)
(-8.25547e-12 -1.45884e-11 0.0752105)
(-5.77545e-12 -1.06127e-11 0.0281887)
(-2.98966e-11 8.74206e-11 0.132628)
(-3.52271e-11 8.66274e-11 0.12646)
(-4.73034e-11 8.11783e-11 0.118448)
(-4.69211e-11 7.19653e-11 0.107947)
(-3.60408e-11 5.98544e-11 0.0940822)
(-2.31313e-11 4.37967e-11 0.0756784)
(-1.65008e-11 2.34138e-11 0.0512011)
(-8.52971e-12 4.93997e-12 0.0187105)
(-1.02153e-10 -2.91138e-10 0.132615)
(-1.06661e-10 -2.97742e-10 0.126447)
(-1.1502e-10 -2.8993e-10 0.118436)
(-1.12291e-10 -2.65592e-10 0.107936)
(-9.96137e-11 -2.24923e-10 0.094072)
(-8.07001e-11 -1.6836e-10 0.0756704)
(-5.97751e-11 -9.83957e-11 0.0511959)
(-2.64719e-11 -2.69134e-11 0.0187088)
(-8.93103e-12 -9.5594e-11 0.190087)
(-1.42047e-11 -1.0578e-10 0.181316)
(-1.95553e-11 -1.11084e-10 0.169971)
(-2.30514e-11 -1.09273e-10 0.155181)
(-2.5184e-11 -9.88738e-11 0.135728)
(-2.65726e-11 -7.85954e-11 0.109887)
(-2.32042e-11 -4.80247e-11 0.0752074)
(-8.43498e-12 -1.01233e-11 0.0281877)
(2.0543e-11 -1.13553e-10 0.218477)
(1.80576e-11 -1.23312e-10 0.208895)
(1.59893e-11 -1.27928e-10 0.196369)
(1.14957e-11 -1.25979e-10 0.179866)
(5.47568e-12 -1.16477e-10 0.157933)
(-1.13133e-13 -9.86175e-11 0.12848)
(-2.69901e-12 -7.08554e-11 0.0884822)
(-1.25077e-12 -3.05679e-11 0.0334972)
(4.07257e-11 -2.48899e-11 0.218479)
(4.28691e-11 -2.96384e-11 0.208898)
(4.18154e-11 -3.40399e-11 0.196371)
(4.00122e-11 -3.61194e-11 0.179869)
(3.45031e-11 -3.43771e-11 0.157934)
(2.03141e-11 -2.85797e-11 0.128482)
(7.67842e-14 -2.28128e-11 0.0884832)
(-6.02687e-12 -1.50496e-11 0.0334975)
(4.20113e-11 -2.69184e-11 0.190095)
(4.55668e-11 -2.41091e-11 0.181324)
(4.03638e-11 -2.18779e-11 0.169978)
(4.33768e-11 -2.01212e-11 0.155188)
(4.42419e-11 -1.88695e-11 0.135734)
(2.83623e-11 -2.04052e-11 0.109892)
(-6.86407e-12 -2.53461e-11 0.0752105)
(-1.58903e-11 -2.09003e-11 0.0281887)
(-5.5756e-11 1.95652e-10 0.132628)
(-6.08935e-11 2.03167e-10 0.12646)
(-7.6993e-11 2.00027e-10 0.118448)
(-7.51237e-11 1.85598e-10 0.107947)
(-5.96044e-11 1.59687e-10 0.0940822)
(-4.44896e-11 1.19794e-10 0.0756784)
(-3.97615e-11 6.63954e-11 0.0512011)
(-2.40643e-11 1.60145e-11 0.0187105)
(-5.13627e-11 -2.95541e-10 0.132615)
(-6.34653e-11 -3.04309e-10 0.126447)
(-9.07316e-11 -2.99913e-10 0.118436)
(-1.02174e-10 -2.80796e-10 0.107936)
(-1.00973e-10 -2.45367e-10 0.094072)
(-9.40801e-11 -1.90288e-10 0.0756704)
(-7.78356e-11 -1.17514e-10 0.0511959)
(-3.40646e-11 -3.79025e-11 0.0187088)
(2.32654e-11 -3.15924e-10 0.190087)
(2.16828e-11 -3.31473e-10 0.181316)
(1.09698e-11 -3.33256e-10 0.169971)
(1.04973e-11 -3.1778e-10 0.155181)
(1.05704e-11 -2.82711e-10 0.135728)
(-7.86556e-12 -2.22791e-10 0.109887)
(-4.34898e-11 -1.36911e-10 0.0752074)
(-3.66057e-11 -4.03859e-11 0.0281877)
(8.94899e-11 -2.24283e-10 0.218477)
(9.11533e-11 -2.27741e-10 0.208895)
(8.57752e-11 -2.22736e-10 0.196369)
(7.95384e-11 -2.08021e-10 0.179866)
(6.71769e-11 -1.8327e-10 0.157933)
(3.70303e-11 -1.46071e-10 0.12848)
(-3.76602e-12 -8.95391e-11 0.0884822)
(-1.35377e-11 -1.50746e-11 0.0334972)
(7.72177e-11 -2.3374e-10 0.218479)
(7.53826e-11 -2.28473e-10 0.208898)
(7.7263e-11 -2.15004e-10 0.196371)
(7.26187e-11 -1.95054e-10 0.179869)
(6.01912e-11 -1.71493e-10 0.157934)
(4.63918e-11 -1.42447e-10 0.128482)
(3.49975e-11 -9.28088e-11 0.0884832)
(1.56281e-11 -1.61414e-11 0.0334975)
(-2.04505e-11 -1.49031e-10 0.190095)
(-3.16908e-11 -1.30714e-10 0.181324)
(-2.74885e-11 -1.07018e-10 0.169978)
(-3.77872e-11 -8.29738e-11 0.155188)
(-4.66343e-11 -6.29318e-11 0.135734)
(-2.06972e-11 -4.25161e-11 0.109892)
(4.49252e-11 -1.12246e-11 0.0752105)
(4.74011e-11 2.40956e-11 0.0281887)
(-5.93708e-11 -1.47279e-10 0.132628)
(-7.34369e-11 -1.5645e-10 0.12646)
(-5.7788e-11 -1.59904e-10 0.118448)
(-7.51985e-11 -1.59833e-10 0.107947)
(-9.90738e-11 -1.51764e-10 0.0940822)
(-8.94371e-11 -1.23867e-10 0.0756784)
(-1.22658e-11 -6.0564e-11 0.0512011)
(4.53507e-11 -2.08099e-12 0.0187105)
(-1.59966e-11 -5.72199e-11 0.132615)
(-2.09455e-11 -5.56541e-11 0.126447)
(-2.93673e-11 -5.2721e-11 0.118436)
(-3.30922e-11 -4.85342e-11 0.107936)
(-3.17513e-11 -4.25277e-11 0.094072)
(-2.75745e-11 -3.35443e-11 0.0756704)
(-1.76826e-11 -2.14448e-11 0.0511959)
(-3.51696e-12 -7.14899e-12 0.0187088)
(-9.25036e-12 -8.19476e-11 0.190087)
(-9.85272e-12 -8.50066e-11 0.181316)
(-8.9476e-12 -8.41201e-11 0.169971)
(-5.85375e-12 -7.73703e-11 0.155181)
(-2.11038e-12 -6.34946e-11 0.135728)
(-1.02232e-13 -4.19988e-11 0.109887)
(6.09692e-13 -1.65426e-11 0.0752074)
(1.419e-12 2.26241e-12 0.0281877)
(2.94566e-11 -2.3605e-11 0.218477)
(2.77356e-11 -2.46583e-11 0.208895)
(2.66727e-11 -2.27119e-11 0.196369)
(2.44527e-11 -1.62608e-11 0.179866)
(1.92284e-11 -4.42164e-12 0.157933)
(1.07149e-11 1.20749e-11 0.12848)
(2.06746e-12 2.57938e-11 0.0884822)
(6.2124e-15 2.06851e-11 0.0334972)
(3.34386e-12 3.28421e-11 0.218479)
(6.25494e-12 3.34705e-11 0.208898)
(6.83029e-12 3.51087e-11 0.196371)
(6.68357e-12 3.93372e-11 0.179869)
(4.28715e-12 4.76503e-11 0.157934)
(-3.06177e-12 5.75875e-11 0.128482)
(-1.45719e-11 5.78287e-11 0.0884832)
(-9.69878e-12 3.02013e-11 0.0334975)
(-2.55849e-11 8.70039e-11 0.190095)
(-2.2232e-11 8.58833e-11 0.181324)
(-2.4835e-11 8.20205e-11 0.169978)
(-1.94041e-11 7.69949e-11 0.155188)
(-1.40551e-11 7.26773e-11 0.135734)
(-2.33947e-11 6.56119e-11 0.109892)
(-4.58152e-11 4.84536e-11 0.0752105)
(-3.06758e-11 1.51383e-11 0.0281887)
(-8.19771e-12 1.1862e-10 0.132628)
(-8.15072e-12 1.18247e-10 0.12646)
(-2.95442e-11 1.13749e-10 0.118448)
(-2.8503e-11 1.07748e-10 0.107947)
(-1.35906e-11 9.94379e-11 0.0940822)
(-7.07815e-12 8.43481e-11 0.0756784)
(-2.33088e-11 5.20613e-11 0.0512011)
(-2.72452e-11 1.35772e-11 0.0187105)
(2.46788e-11 1.44347e-10 0.132615)
(2.08645e-11 1.46343e-10 0.126447)
(8.79032e-12 1.42831e-10 0.118436)
(5.71199e-12 1.30957e-10 0.107936)
(1.11121e-11 1.10113e-10 0.094072)
(1.55731e-11 8.21992e-11 0.0756704)
(1.81052e-11 4.88514e-11 0.0511959)
(1.24478e-11 1.37767e-11 0.0187088)
(-9.63856e-12 1.57048e-10 0.190087)
(-3.71167e-12 1.58897e-10 0.181316)
(3.29643e-12 1.56257e-10 0.169971)
(1.42416e-11 1.47747e-10 0.155181)
(2.70559e-11 1.31765e-10 0.135728)
(3.20451e-11 1.08011e-10 0.109887)
(2.6708e-11 7.39112e-11 0.0752074)
(1.15314e-11 2.62636e-11 0.0281877)
(6.69491e-12 1.80614e-10 0.218477)
(1.29877e-11 1.84316e-10 0.208895)
(1.89516e-11 1.8291e-10 0.196369)
(2.30372e-11 1.75353e-10 0.179866)
(2.30664e-11 1.60522e-10 0.157933)
(1.786e-11 1.36049e-10 0.12848)
(8.79718e-12 9.67768e-11 0.0884822)
(4.47083e-12 3.61041e-11 0.0334972)
(-4.76584e-12 1.74128e-10 0.218479)
(2.10279e-12 1.7808e-10 0.208898)
(6.05368e-12 1.75938e-10 0.196371)
(7.5852e-12 1.67328e-10 0.179869)
(5.03305e-12 1.52214e-10 0.157934)
(-4.36936e-12 1.28554e-10 0.128482)
(-1.68319e-11 8.99298e-11 0.0884832)
(-8.98909e-12 2.99374e-11 0.0334975)
(1.4202e-12 1.48364e-10 0.190095)
(1.90091e-13 1.53067e-10 0.181324)
(-4.74446e-12 1.50453e-10 0.169978)
(-3.79927e-12 1.39492e-10 0.155188)
(-1.41888e-12 1.21171e-10 0.135734)
(-1.01614e-11 9.43533e-11 0.109892)
(-3.0002e-11 5.72895e-11 0.0752105)
(-2.13713e-11 1.64684e-11 0.0281887)
(4.33532e-11 9.26822e-11 0.132628)
(2.82956e-11 8.78115e-11 0.12646)
(-3.12532e-14 7.80068e-11 0.118448)
(-1.41676e-11 6.54157e-11 0.107947)
(-1.24169e-11 5.22394e-11 0.0940822)
(-8.60233e-12 3.50707e-11 0.0756784)
(-1.0914e-11 1.61259e-11 0.0512011)
(-7.11939e-12 3.05282e-12 0.0187105)
(7.04112e-11 2.10961e-10 0.132615)
(6.49143e-11 2.1132e-10 0.126447)
(5.26189e-11 2.04545e-10 0.118436)
(4.6091e-11 1.87591e-10 0.107936)
(4.44359e-11 1.59364e-10 0.094072)
(4.01359e-11 1.2089e-10 0.0756704)
(3.37161e-11 7.31411e-11 0.0511959)
(1.72724e-11 2.09563e-11 0.0187088)
(1.63242e-11 3.15271e-10 0.190087)
(2.11872e-11 3.17456e-10 0.181316)
(2.92394e-11 3.09564e-10 0.169971)
(3.82903e-11 2.89111e-10 0.155181)
(4.76711e-11 2.53275e-10 0.135728)
(4.96788e-11 2.00775e-10 0.109887)
(4.02414e-11 1.30469e-10 0.0752074)
(1.75888e-11 4.19945e-11 0.0281877)
(1.67545e-11 3.087e-10 0.218477)
(1.63946e-11 3.07915e-10 0.208895)
(2.01832e-11 2.96977e-10 0.196369)
(2.15881e-11 2.73214e-10 0.179866)
(1.744e-11 2.35163e-10 0.157933)
(8.97111e-12 1.81528e-10 0.12848)
(-7.13572e-13 1.1098e-10 0.0884822)
(-1.32992e-12 2.69245e-11 0.0334972)
(-1.65131e-11 3.93916e-10 0.218479)
(-1.09345e-11 3.92535e-10 0.208898)
(-8.91586e-12 3.74648e-10 0.196371)
(-7.46652e-12 3.40343e-10 0.179869)
(-6.88036e-12 2.92348e-10 0.157934)
(-1.3e-11 2.29865e-10 0.128482)
(-2.52893e-11 1.45169e-10 0.0884832)
(-1.36593e-11 3.65745e-11 0.0334975)
(6.23183e-11 2.52951e-10 0.190095)
(5.90501e-11 2.42703e-10 0.181324)
(4.40761e-11 2.18153e-10 0.169978)
(4.69447e-11 1.81603e-10 0.155188)
(4.75864e-11 1.38016e-10 0.135734)
(1.39809e-11 8.70885e-11 0.109892)
(-5.29893e-11 2.47707e-11 0.0752105)
(-4.64736e-11 -3.24438e-11 0.0281887)
(4.65311e-11 4.79825e-10 0.132628)
(4.00516e-11 4.83144e-10 0.12646)
(-1.56177e-11 4.62034e-10 0.118448)
(-1.31265e-11 4.20179e-10 0.107947)
(2.37182e-11 3.57622e-10 0.0940822)
(3.83801e-11 2.64957e-10 0.0756784)
(-2.31821e-11 1.30627e-10 0.0512011)
(-6.18903e-11 1.31797e-11 0.0187105)
(6.03417e-11 1.38178e-10 0.132615)
(5.68139e-11 1.38289e-10 0.126447)
(4.30248e-11 1.34521e-10 0.118436)
(3.90344e-11 1.23998e-10 0.107936)
(4.16548e-11 1.05574e-10 0.094072)
(4.03424e-11 8.03951e-11 0.0756704)
(2.90275e-11 5.04438e-11 0.0511959)
(9.1826e-12 1.57817e-11 0.0187088)
(3.83378e-11 2.56861e-10 0.190087)
(4.08997e-11 2.58187e-10 0.181316)
(4.19026e-11 2.50707e-10 0.169971)
(4.60621e-11 2.31398e-10 0.155181)
(4.833e-11 1.97928e-10 0.135728)
(4.21361e-11 1.50249e-10 0.109887)
(2.46079e-11 9.12546e-11 0.0752074)
(6.89395e-12 2.66157e-11 0.0281877)
(2.70542e-11 1.994e-10 0.218477)
(3.15138e-11 1.9888e-10 0.208895)
(3.43028e-11 1.90492e-10 0.196369)
(3.51094e-11 1.7145e-10 0.179866)
(3.18102e-11 1.39888e-10 0.157933)
(2.31389e-11 9.5961e-11 0.12848)
(1.10273e-11 4.47938e-11 0.0884822)
(3.22118e-12 1.35772e-12 0.0334972)
(4.96378e-11 1.86203e-10 0.218479)
(5.09206e-11 1.85716e-10 0.208898)
(5.03764e-11 1.75772e-10 0.196371)
(4.74702e-11 1.54676e-10 0.179869)
(3.91414e-11 1.22218e-10 0.157934)
(2.39249e-11 7.95578e-11 0.128482)
(4.28267e-12 3.13515e-11 0.0884832)
(-2.00674e-12 -6.78098e-12 0.0334975)
(8.96376e-11 8.46824e-11 0.190095)
(8.4586e-11 8.96277e-11 0.181324)
(7.34699e-11 8.81958e-11 0.169978)
(6.74659e-11 7.84642e-11 0.155188)
(6.02387e-11 5.96602e-11 0.135734)
(4.19227e-11 3.188e-11 0.109892)
(1.14892e-11 1.72885e-13 0.0752105)
(-3.63124e-12 -1.65334e-11 0.0281887)
(-2.29926e-11 2.16283e-10 0.132628)
(-3.72496e-11 2.25955e-10 0.12646)
(-5.86492e-11 2.22538e-10 0.118448)
(-6.53389e-11 2.04138e-10 0.107947)
(-5.90789e-11 1.70792e-10 0.0940822)
(-4.82156e-11 1.221e-10 0.0756784)
(-3.73846e-11 6.34664e-11 0.0512011)
(-1.62774e-11 1.22487e-11 0.0187105)
(7.48111e-11 3.21955e-11 0.132615)
(6.29595e-11 3.04634e-11 0.126447)
(4.02412e-11 2.99832e-11 0.118436)
(2.54728e-11 2.91798e-11 0.107936)
(1.82025e-11 2.66835e-11 0.094072)
(1.06267e-11 2.2988e-11 0.0756704)
(5.637e-12 1.59659e-11 0.0511959)
(2.65442e-12 4.94662e-12 0.0187088)
(7.4478e-11 8.87718e-11 0.190087)
(7.07722e-11 8.36857e-11 0.181316)
(6.33106e-11 7.80062e-11 0.169971)
(5.74767e-11 7.10466e-11 0.155181)
(4.95576e-11 6.12152e-11 0.135728)
(3.37974e-11 4.84107e-11 0.109887)
(1.1601e-11 3.17749e-11 0.0752074)
(-1.50078e-12 9.52191e-12 0.0281877)
(8.33375e-11 9.14965e-11 0.218477)
(8.18656e-11 9.01596e-11 0.208895)
(7.81644e-11 8.55671e-11 0.196369)
(6.87774e-11 7.65249e-11 0.179866)
(5.24606e-11 6.20052e-11 0.157933)
(2.90406e-11 4.24483e-11 0.12848)
(4.06583e-12 2.05083e-11 0.0884822)
(-4.90246e-12 1.66867e-12 0.0334972)
(9.54508e-11 8.94996e-11 0.218479)
(9.47002e-11 9.43891e-11 0.208898)
(8.87685e-11 9.40031e-11 0.196371)
(7.67139e-11 8.68774e-11 0.179869)
(5.84011e-11 7.26733e-11 0.157934)
(3.12736e-11 5.16943e-11 0.128482)
(2.86428e-12 2.6097e-11 0.0884832)
(-6.50037e-12 2.19624e-12 0.0334975)
(7.11859e-11 1.10222e-10 0.190095)
(6.25461e-11 1.2876e-10 0.181324)
(4.74146e-11 1.38395e-10 0.169978)
(3.617e-11 1.35395e-10 0.155188)
(2.46653e-11 1.18358e-10 0.135734)
(6.47039e-12 8.61716e-11 0.109892)
(-1.68925e-11 4.24526e-11 0.0752105)
(-1.51984e-11 2.98299e-12 0.0281887)
(-7.46056e-11 3.40028e-10 0.132628)
(-8.98593e-11 3.52635e-10 0.12646)
(-1.16195e-10 3.463e-10 0.118448)
(-1.2638e-10 3.18867e-10 0.107947)
(-1.19324e-10 2.71065e-10 0.0940822)
(-1.02928e-10 2.02891e-10 0.0756784)
(-7.77266e-11 1.19559e-10 0.0512011)
(-3.20775e-11 3.42344e-11 0.0187105)
(3.56069e-11 9.58417e-11 0.132615)
(3.19615e-11 9.59473e-11 0.126447)
(2.00903e-11 9.29181e-11 0.118436)
(1.80525e-11 8.45023e-11 0.107936)
(2.24588e-11 7.0346e-11 0.094072)
(2.39806e-11 5.22181e-11 0.0756704)
(1.78613e-11 3.23151e-11 0.0511959)
(6.28499e-12 9.9094e-12 0.0187088)
(2.10002e-11 1.25395e-10 0.190087)
(2.26634e-11 1.26032e-10 0.181316)
(2.49817e-11 1.22817e-10 0.169971)
(3.15705e-11 1.14447e-10 0.155181)
(3.71389e-11 9.96424e-11 0.135728)
(3.29796e-11 7.89215e-11 0.109887)
(1.88378e-11 5.23309e-11 0.0752074)
(5.71883e-12 1.8889e-11 0.0281877)
(1.75618e-11 7.36452e-11 0.218477)
(2.25841e-11 7.67658e-11 0.208895)
(2.81992e-11 7.74841e-11 0.196369)
(3.26107e-11 7.4472e-11 0.179866)
(3.21865e-11 6.65697e-11 0.157933)
(2.51397e-11 5.30766e-11 0.12848)
(1.28474e-11 3.41025e-11 0.0884822)
(4.29499e-12 1.03403e-11 0.0334972)
(2.22393e-11 6.85045e-11 0.218479)
(2.58362e-11 7.79215e-11 0.208898)
(2.91745e-11 8.36697e-11 0.196371)
(3.09282e-11 8.45001e-11 0.179869)
(2.70444e-11 7.96797e-11 0.157934)
(1.57117e-11 6.73645e-11 0.128482)
(7.22973e-13 4.50898e-11 0.0884832)
(-2.86352e-12 1.29263e-11 0.0334975)
(-4.11332e-11 1.10593e-10 0.190095)
(-3.97392e-11 1.30465e-10 0.181324)
(-3.99104e-11 1.43931e-10 0.169978)
(-3.36755e-11 1.47595e-10 0.155188)
(-2.53303e-11 1.39219e-10 0.135734)
(-2.45104e-11 1.14927e-10 0.109892)
(-3.14841e-11 7.28451e-11 0.0752105)
(-1.74793e-11 2.08554e-11 0.0281887)
(-1.4811e-10 2.51514e-10 0.132628)
(-1.54143e-10 2.62985e-10 0.12646)
(-1.66473e-10 2.62846e-10 0.118448)
(-1.63181e-10 2.49399e-10 0.107947)
(-1.43541e-10 2.21349e-10 0.0940822)
(-1.15616e-10 1.75488e-10 0.0756784)
(-8.17494e-11 1.11208e-10 0.0512011)
(-3.12894e-11 3.64415e-11 0.0187105)
(1.00772e-10 -2.7348e-11 0.132615)
(8.44953e-11 -2.72849e-11 0.126447)
(5.50423e-11 -2.23892e-11 0.118436)
(3.48799e-11 -1.44357e-11 0.107936)
(2.29134e-11 -5.61457e-12 0.094072)
(1.23123e-11 3.06776e-12 0.0756704)
(3.73005e-12 7.88345e-12 0.0511959)
(8.18778e-13 4.71942e-12 0.0187088)
(1.20896e-10 7.12829e-11 0.190087)
(1.11197e-10 7.17454e-11 0.181316)
(9.44547e-11 7.17144e-11 0.169971)
(8.03638e-11 7.02662e-11 0.155181)
(6.54974e-11 6.59075e-11 0.135728)
(4.27267e-11 5.83582e-11 0.109887)
(1.43887e-11 4.45922e-11 0.0752074)
(-1.34162e-12 1.82573e-11 0.0281877)
(1.01416e-10 9.51698e-11 0.218477)
(9.637e-11 1.01869e-10 0.208895)
(8.71148e-11 1.05668e-10 0.196369)
(7.36029e-11 1.04878e-10 0.179866)
(5.47327e-11 9.77531e-11 0.157933)
(2.89118e-11 8.29351e-11 0.12848)
(3.09747e-12 5.83717e-11 0.0884822)
(-4.8348e-12 2.19889e-11 0.0334972)
(7.6222e-11 1.42563e-10 0.218479)
(7.05823e-11 1.55461e-10 0.208898)
(5.95987e-11 1.63053e-10 0.196371)
(4.47608e-11 1.63109e-10 0.179869)
(2.55917e-11 1.53633e-10 0.157934)
(2.16585e-12 1.31524e-10 0.128482)
(-1.80049e-11 9.2492e-11 0.0884832)
(-1.27742e-11 3.41274e-11 0.0334975)
(-9.3251e-12 2.49751e-10 0.190095)
(-1.92415e-11 2.69669e-10 0.181324)
(-3.36645e-11 2.78472e-10 0.169978)
(-4.35705e-11 2.71863e-10 0.155188)
(-4.98631e-11 2.47132e-10 0.135734)
(-5.6481e-11 2.00563e-10 0.109892)
(-5.7368e-11 1.30807e-10 0.0752105)
(-2.79376e-11 4.34246e-11 0.0281887)
(-1.02865e-10 3.80504e-10 0.132628)
(-1.18914e-10 3.85774e-10 0.12646)
(-1.44753e-10 3.73332e-10 0.118448)
(-1.56739e-10 3.41568e-10 0.107947)
(-1.51041e-10 2.91099e-10 0.0940822)
(-1.32939e-10 2.21619e-10 0.0756784)
(-9.71839e-11 1.36628e-10 0.0512011)
(-3.62125e-11 4.35876e-11 0.0187105)
(5.26309e-11 9.19772e-11 0.132615)
(4.98418e-11 8.89636e-11 0.126447)
(3.67479e-11 8.38833e-11 0.118436)
(3.18134e-11 7.53087e-11 0.107936)
(3.28297e-11 6.30657e-11 0.094072)
(3.16212e-11 4.87205e-11 0.0756704)
(2.31223e-11 3.24164e-11 0.0511959)
(8.12825e-12 1.21909e-11 0.0187088)
(6.85901e-11 1.72674e-10 0.190087)
(7.45068e-11 1.71185e-10 0.181316)
(7.51433e-11 1.673e-10 0.169971)
(7.62862e-11 1.60031e-10 0.155181)
(7.49262e-11 1.46866e-10 0.135728)
(6.50019e-11 1.2535e-10 0.109887)
(4.15672e-11 9.19424e-11 0.0752074)
(1.39547e-11 3.87894e-11 0.0281877)
(4.61415e-11 1.83007e-10 0.218477)
(5.45361e-11 1.89757e-10 0.208895)
(5.90114e-11 1.91616e-10 0.196369)
(5.87208e-11 1.86708e-10 0.179866)
(5.2959e-11 1.7253e-10 0.157933)
(4.20787e-11 1.4629e-10 0.12848)
(2.46789e-11 1.03763e-10 0.0884822)
(8.26086e-12 4.04641e-11 0.0334972)
(2.8429e-12 1.59391e-10 0.218479)
(1.16592e-11 1.70182e-10 0.208898)
(1.60744e-11 1.7546e-10 0.196371)
(1.61784e-11 1.72726e-10 0.179869)
(1.28394e-11 1.59792e-10 0.157934)
(5.21585e-12 1.33749e-10 0.128482)
(-3.18063e-12 9.08877e-11 0.0884832)
(-3.23484e-12 2.8965e-11 0.0334975)
(-8.62602e-11 2.05398e-10 0.190095)
(-7.70678e-11 2.2116e-10 0.181324)
(-7.14308e-11 2.27449e-10 0.169978)
(-6.2061e-11 2.20441e-10 0.155188)
(-5.10501e-11 1.98674e-10 0.135734)
(-4.16421e-11 1.59356e-10 0.109892)
(-3.70934e-11 1.01064e-10 0.0752105)
(-1.74699e-11 2.89644e-11 0.0281887)
(-1.34083e-10 2.31127e-10 0.132628)
(-1.3495e-10 2.35441e-10 0.12646)
(-1.45241e-10 2.31429e-10 0.118448)
(-1.41863e-10 2.17793e-10 0.107947)
(-1.23733e-10 1.93189e-10 0.0940822)
(-9.86402e-11 1.53769e-10 0.0756784)
(-6.90176e-11 9.82597e-11 0.0512011)
(-2.64282e-11 3.1814e-11 0.0187105)
(1.36713e-10 7.2223e-11 0.132615)
(1.21654e-10 7.98513e-11 0.126447)
(9.66345e-11 8.4051e-11 0.118436)
(8.12909e-11 8.1701e-11 0.107936)
(7.03138e-11 7.21239e-11 0.094072)
(5.32023e-11 5.74808e-11 0.0756704)
(3.16599e-11 3.79787e-11 0.0511959)
(9.94451e-12 1.2409e-11 0.0187088)
(1.46347e-10 1.77713e-11 0.190087)
(1.38064e-10 2.06673e-11 0.181316)
(1.31043e-10 2.53008e-11 0.169971)
(1.26893e-10 3.0525e-11 0.155181)
(1.1442e-10 3.45621e-11 0.135728)
(8.4419e-11 3.65765e-11 0.109887)
(3.9247e-11 3.30413e-11 0.0752074)
(1.58592e-12 1.40595e-11 0.0281877)
(1.641e-10 1.10886e-10 0.218477)
(1.60568e-10 1.15237e-10 0.208895)
(1.57245e-10 1.18951e-10 0.196369)
(1.4802e-10 1.19944e-10 0.179866)
(1.25242e-10 1.15634e-10 0.157933)
(8.54067e-11 1.02819e-10 0.12848)
(3.57637e-11 7.69367e-11 0.0884822)
(1.17603e-12 3.10184e-11 0.0334972)
(1.1243e-10 2.74683e-10 0.218479)
(1.09914e-10 2.84058e-10 0.208898)
(1.07682e-10 2.82921e-10 0.196371)
(9.97487e-11 2.68718e-10 0.179869)
(8.09189e-11 2.39337e-10 0.157934)
(4.78568e-11 1.9213e-10 0.128482)
(9.09478e-12 1.25402e-10 0.0884832)
(-8.14978e-12 4.15077e-11 0.0334975)
(-1.10915e-11 3.6742e-10 0.190095)
(-1.7697e-11 3.74529e-10 0.181324)
(-1.94126e-11 3.68649e-10 0.169978)
(-1.60141e-11 3.46242e-10 0.155188)
(-1.55565e-11 3.04893e-10 0.135734)
(-2.48894e-11 2.40828e-10 0.109892)
(-3.6959e-11 1.53999e-10 0.0752105)
(-2.54017e-11 5.24756e-11 0.0281887)
(-3.35596e-11 2.29465e-10 0.132628)
(-4.76226e-11 2.19643e-10 0.12646)
(-6.78546e-11 2.03745e-10 0.118448)
(-7.59103e-11 1.82564e-10 0.107947)
(-7.2493e-11 1.55548e-10 0.0940822)
(-6.47734e-11 1.20217e-10 0.0756784)
(-4.87668e-11 7.64517e-11 0.0512011)
(-1.80789e-11 2.61043e-11 0.0187105)
(-4.93727e-10 3.8919e-10 0.132615)
(-4.64079e-10 3.27266e-10 0.126447)
(-4.3318e-10 2.68139e-10 0.118436)
(-3.80358e-10 2.11237e-10 0.107936)
(-3.03443e-10 1.52076e-10 0.094072)
(-2.1087e-10 8.92692e-11 0.0756704)
(-1.1277e-10 2.74063e-11 0.0511959)
(-2.1937e-11 -1.60428e-11 0.0187088)
(-6.1159e-10 1.11642e-09 0.190087)
(-5.63728e-10 1.08263e-09 0.181316)
(-4.96466e-10 1.01227e-09 0.169971)
(-4.09856e-10 8.95552e-10 0.155181)
(-3.04081e-10 7.2486e-10 0.135728)
(-1.88041e-10 5.00461e-10 0.109887)
(-8.34976e-11 2.45802e-10 0.0752074)
(1.81556e-13 2.05141e-11 0.0281877)
(-7.43547e-10 6.32221e-10 0.218477)
(-6.89201e-10 6.29255e-10 0.208895)
(-6.04625e-10 6.04409e-10 0.196369)
(-5.04192e-10 5.49079e-10 0.179866)
(-3.83049e-10 4.56136e-10 0.157933)
(-2.42519e-10 3.22315e-10 0.12848)
(-1.01952e-10 1.59523e-10 0.0884822)
(5.90024e-12 8.13689e-12 0.0334972)
(-8.03192e-10 -1.36247e-10 0.218479)
(-7.4439e-10 -1.27229e-10 0.208898)
(-6.5774e-10 -1.09493e-10 0.196371)
(-5.5399e-10 -7.80654e-11 0.179869)
(-4.28996e-10 -2.94612e-11 0.157934)
(-2.81205e-10 3.29489e-11 0.128482)
(-1.3303e-10 8.69526e-11 0.0884832)
(-7.1207e-12 8.01446e-11 0.0334975)
(-7.46589e-10 -7.21776e-10 0.190095)
(-6.96111e-10 -6.87895e-10 0.181324)
(-6.2637e-10 -6.27859e-10 0.169978)
(-5.32079e-10 -5.34345e-10 0.155188)
(-4.14648e-10 -4.02255e-10 0.135734)
(-2.87126e-10 -2.36853e-10 0.109892)
(-1.65997e-10 -6.78106e-11 0.0752105)
(-3.72156e-11 4.11947e-11 0.0281887)
(-6.19419e-10 -1.16933e-10 0.132628)
(-5.86663e-10 -6.25693e-11 0.12646)
(-5.57385e-10 -1.9109e-11 0.118448)
(-4.95798e-10 1.36402e-11 0.107947)
(-4.00694e-10 3.98187e-11 0.0940822)
(-2.86944e-10 5.87954e-11 0.0756784)
(-1.70333e-10 6.41454e-11 0.0512011)
(-4.95971e-11 4.39338e-11 0.0187105)
(2.089e-09 -1.08484e-08 0.132615)
(1.46304e-09 -1.07556e-08 0.126447)
(6.87184e-10 -1.02515e-08 0.118436)
(-1.63839e-10 -9.26907e-09 0.107936)
(-1.00142e-09 -7.80925e-09 0.094072)
(-1.65845e-09 -5.90294e-09 0.0756704)
(-1.78957e-09 -3.65561e-09 0.0511959)
(-9.46424e-10 -1.20597e-09 0.0187088)
(2.85497e-09 -1.23361e-08 0.190087)
(2.12555e-09 -1.2642e-08 0.181316)
(1.27599e-09 -1.25306e-08 0.169971)
(2.80229e-10 -1.18924e-08 0.155181)
(-7.70441e-10 -1.06584e-08 0.135728)
(-1.65044e-09 -8.73835e-09 0.109887)
(-1.91462e-09 -6.01243e-09 0.0752074)
(-1.0153e-09 -2.30237e-09 0.0281877)
(3.94159e-09 -4.64235e-09 0.218477)
(3.3485e-09 -4.8217e-09 0.208895)
(2.68514e-09 -4.86646e-09 0.196369)
(1.90393e-09 -4.73322e-09 0.179866)
(1.03803e-09 -4.38187e-09 0.157933)
(2.30921e-10 -3.74633e-09 0.12848)
(-2.58307e-10 -2.71335e-09 0.0884822)
(-2.23759e-10 -1.10393e-09 0.0334971)
(3.95946e-09 5.22558e-09 0.218479)
(3.37083e-09 5.41735e-09 0.208898)
(2.70589e-09 5.44965e-09 0.196371)
(1.92604e-09 5.27493e-09 0.179869)
(1.05489e-09 4.85133e-09 0.157934)
(2.30317e-10 4.10823e-09 0.128482)
(-2.86276e-10 2.92368e-09 0.0884832)
(-2.48157e-10 1.13821e-09 0.0334975)
(2.90909e-09 1.30585e-08 0.190095)
(2.17541e-09 1.33949e-08 0.181324)
(1.29954e-09 1.32817e-08 0.169978)
(2.88514e-10 1.26003e-08 0.155188)
(-7.77175e-10 1.12763e-08 0.135734)
(-1.69802e-09 9.21146e-09 0.109892)
(-2.01151e-09 6.29237e-09 0.0752105)
(-1.08363e-09 2.37596e-09 0.0281887)
(2.0393e-09 1.15724e-08 0.132628)
(1.38264e-09 1.15003e-08 0.12646)
(5.67482e-10 1.09796e-08 0.118448)
(-3.12392e-10 9.93648e-09 0.107947)
(-1.16456e-09 8.37227e-09 0.0940821)
(-1.82225e-09 6.32099e-09 0.0756784)
(-1.92991e-09 3.90154e-09 0.0512011)
(-1.01073e-09 1.27842e-09 0.0187105)
(3.74365e-09 -1.10898e-08 0.132615)
(3.11479e-09 -1.08568e-08 0.126447)
(2.29657e-09 -1.01958e-08 0.118436)
(1.35586e-09 -9.04331e-09 0.107936)
(3.84836e-10 -7.41287e-09 0.0940723)
(-4.77032e-10 -5.36713e-09 0.0756706)
(-9.44106e-10 -3.08172e-09 0.0511961)
(-6.33031e-10 -8.39501e-10 0.0187088)
(3.70665e-09 -1.37343e-08 0.190088)
(3.03434e-09 -1.38953e-08 0.181317)
(2.14305e-09 -1.35361e-08 0.169971)
(1.11391e-09 -1.2516e-08 0.155181)
(4.91276e-11 -1.07613e-08 0.135728)
(-8.63455e-10 -8.23654e-09 0.109887)
(-1.23665e-09 -5.03932e-09 0.0752075)
(-6.69325e-10 -1.4809e-09 0.0281877)
(3.84638e-09 -5.37964e-09 0.218477)
(3.27168e-09 -5.49898e-09 0.208895)
(2.52344e-09 -5.42491e-09 0.196369)
(1.67349e-09 -5.09344e-09 0.179866)
(7.87373e-10 -4.45938e-09 0.157932)
(3.57723e-11 -3.4792e-09 0.12848)
(-3.41597e-10 -2.14771e-09 0.0884822)
(-1.81126e-10 -5.92934e-10 0.0334971)
(3.81545e-09 5.77029e-09 0.218479)
(3.20928e-09 5.93248e-09 0.208898)
(2.4486e-09 5.8734e-09 0.196371)
(1.57464e-09 5.51442e-09 0.179869)
(6.79204e-10 4.80077e-09 0.157934)
(-3.98748e-11 3.70112e-09 0.128482)
(-3.355e-10 2.25692e-09 0.0884831)
(-1.45282e-10 6.36378e-10 0.0334974)
(3.48886e-09 1.43849e-08 0.190095)
(2.7946e-09 1.45578e-08 0.181324)
(1.92473e-09 1.4179e-08 0.169978)
(8.84761e-10 1.30962e-08 0.155188)
(-1.85288e-10 1.12365e-08 0.135734)
(-1.00881e-09 8.58248e-09 0.109892)
(-1.21544e-09 5.24151e-09 0.0752105)
(-5.91146e-10 1.52154e-09 0.0281887)
(3.54697e-09 1.18501e-08 0.132628)
(2.93998e-09 1.16407e-08 0.12646)
(2.12983e-09 1.0967e-08 0.118449)
(1.18268e-09 9.7564e-09 0.107948)
(2.01819e-10 8.02246e-09 0.0940824)
(-6.56453e-10 5.82942e-09 0.0756786)
(-1.08582e-09 3.361e-09 0.0512012)
(-6.86935e-10 9.15104e-10 0.0187105)
(0.00843586 -0.0110909 0.156139)
(0.006939 -0.0132159 0.18724)
(0.00225004 -0.0143869 0.197666)
(-0.00224992 -0.0143869 0.197666)
(-0.00693888 -0.0132159 0.18724)
(-0.00843576 -0.0110909 0.156139)
(0.00809047 -0.0108282 0.152323)
(0.00684572 -0.013153 0.183945)
(0.00222831 -0.0144331 0.195163)
(-0.0022282 -0.0144331 0.195163)
(-0.0068456 -0.013153 0.183945)
(-0.00809037 -0.0108282 0.152323)
(0.00764575 -0.0104259 0.146871)
(0.00667699 -0.0129674 0.17913)
(0.00218988 -0.0143609 0.191272)
(-0.00218976 -0.0143609 0.191272)
(-0.00667687 -0.0129674 0.17913)
(-0.00764566 -0.0104259 0.146871)
(0.00707412 -0.00986801 0.138915)
(0.00639477 -0.0126231 0.171869)
(0.0021215 -0.0141512 0.185069)
(-0.0021214 -0.0141512 0.185069)
(-0.00639467 -0.0126231 0.171869)
(-0.00707403 -0.00986803 0.138915)
(0.00632761 -0.00906769 0.12706)
(0.00593967 -0.0120058 0.160519)
(0.00200018 -0.0136757 0.174837)
(-0.00200009 -0.0136757 0.174837)
(-0.00593958 -0.0120058 0.160519)
(-0.00632755 -0.00906771 0.12706)
(0.00531442 -0.007845 0.108977)
(0.00519905 -0.0108411 0.142004)
(0.00178053 -0.0126108 0.157188)
(-0.00178046 -0.0126108 0.157188)
(-0.00519898 -0.0108411 0.142004)
(-0.00531437 -0.00784502 0.108977)
(0.00382604 -0.00579378 0.0806265)
(0.00390463 -0.00839109 0.110177)
(0.00135173 -0.00999659 0.12488)
(-0.00135168 -0.00999659 0.12488)
(-0.00390458 -0.0083911 0.110177)
(-0.00382601 -0.0057938 0.0806266)
(0.00142034 -0.00216833 0.0345262)
(0.001489 -0.00320536 0.0516057)
(0.000492574 -0.00387051 0.0609495)
(-0.00049255 -0.00387051 0.0609495)
(-0.00148899 -0.00320537 0.0516057)
(-0.00142033 -0.00216834 0.0345262)
(0.00163204 -0.00173132 0.164364)
(0.00185869 -0.00310547 0.216223)
(0.000671999 -0.00384991 0.23682)
(-0.000671597 -0.00384992 0.236821)
(-0.00185829 -0.0031055 0.216224)
(-0.00163171 -0.00173138 0.164366)
(0.0015252 -0.00164165 0.158174)
(0.00174809 -0.00305023 0.209382)
(0.000632486 -0.00385031 0.230669)
(-0.000632075 -0.00385031 0.230669)
(-0.00174768 -0.00305026 0.209383)
(-0.00152487 -0.00164172 0.158176)
(0.00138033 -0.00154945 0.149821)
(0.00159881 -0.00299632 0.199969)
(0.000579389 -0.00384984 0.221871)
(-0.000578982 -0.00384985 0.221871)
(-0.00159841 -0.00299636 0.199969)
(-0.00138001 -0.00154953 0.149823)
(0.00118648 -0.00141512 0.1384)
(0.00139513 -0.00286887 0.186768)
(0.000506774 -0.00376037 0.209031)
(-0.000506389 -0.00376039 0.209031)
(-0.00139475 -0.00286893 0.186769)
(-0.00118619 -0.00141521 0.138401)
(0.000935985 -0.00122075 0.12261)
(0.0011202 -0.00261553 0.167895)
(0.000407341 -0.00350752 0.189899)
(-0.000406996 -0.00350755 0.1899)
(-0.00111987 -0.0026156 0.167895)
(-0.000935735 -0.00122084 0.122611)
(0.000631346 -0.000945753 0.100602)
(0.000763482 -0.00216521 0.140429)
(0.000274831 -0.00297771 0.160851)
(-0.000274548 -0.00297774 0.160851)
(-0.000763218 -0.00216528 0.140429)
(-0.000631156 -0.000945842 0.100603)
(0.000295922 -0.00057212 0.0698009)
(0.000336668 -0.00141353 0.0999262)
(0.000110166 -0.00198369 0.11615)
(-0.000109969 -0.00198371 0.11615)
(-0.000336493 -0.00141359 0.0999264)
(-0.000295805 -0.00057219 0.0698014)
(-1.81214e-06 -0.000125039 0.026642)
(-6.57684e-05 -0.000322395 0.0397664)
(-4.79474e-05 -0.000422159 0.0470852)
(4.80239e-05 -0.000422169 0.0470852)
(6.58308e-05 -0.000322421 0.0397665)
(1.8501e-06 -0.000125068 0.0266422)
(0.000930636 -0.00107355 0.141381)
(0.00100582 -0.00212937 0.199535)
(0.000410142 -0.00271316 0.225824)
(-0.000409479 -0.00271317 0.225825)
(-0.00100517 -0.00212944 0.199537)
(-0.000930117 -0.00107368 0.141385)
(0.000840991 -0.000967998 0.134833)
(0.000915347 -0.00196227 0.190934)
(0.000375281 -0.00253252 0.217171)
(-0.000374605 -0.00253254 0.217172)
(-0.000914683 -0.00196235 0.190936)
(-0.000840469 -0.000968138 0.134837)
(0.000731045 -0.000836961 0.126271)
(0.000799773 -0.00173655 0.179586)
(0.00033015 -0.00227225 0.205469)
(-0.000329482 -0.00227228 0.20547)
(-0.00079912 -0.00173665 0.179588)
(-0.000730541 -0.000837111 0.126275)
(0.000599755 -0.000680445 0.114983)
(0.000656519 -0.00145081 0.164466)
(0.000273329 -0.00192936 0.189456)
(-0.000272696 -0.00192939 0.189456)
(-0.000655907 -0.00145092 0.164468)
(-0.000599295 -0.000680601 0.114986)
(0.00044836 -0.000499198 0.100021)
(0.000486487 -0.00109868 0.144131)
(0.000204822 -0.00148814 0.167309)
(-0.00020426 -0.00148818 0.167309)
(-0.00048595 -0.00109879 0.144133)
(-0.000447968 -0.000499355 0.100024)
(0.000283805 -0.000301787 0.0801554)
(0.000299381 -0.000689185 0.116607)
(0.000128459 -0.000951574 0.13647)
(-0.000128005 -0.000951616 0.136471)
(-0.000298957 -0.000689298 0.116608)
(-0.000283506 -0.000301932 0.0801579)
(0.000126287 -0.000118221 0.0538707)
(0.000124248 -0.000282329 0.0793253)
(5.65756e-05 -0.000394458 0.0935825)
(-5.62736e-05 -0.000394493 0.0935827)
(-0.000123974 -0.000282418 0.0793261)
(-0.000126102 -0.000118332 0.0538723)
(9.22759e-06 4.42751e-06 0.0194241)
(3.31365e-06 1.10963e-05 0.0291919)
(5.8441e-06 2.16147e-05 0.034709)
(-5.74003e-06 2.16001e-05 0.034709)
(-3.22349e-06 1.10596e-05 0.0291922)
(-9.16917e-06 4.38376e-06 0.0194247)
(0.000163155 -9.18423e-05 0.136978)
(0.000294148 -0.000413017 0.194257)
(0.000143869 -0.000663948 0.221391)
(-0.000143166 -0.00066397 0.221392)
(-0.000293458 -0.000413128 0.19426)
(-0.000162645 -9.20064e-05 0.136984)
(0.000148787 -7.27919e-05 0.130696)
(0.000261459 -0.000361892 0.185549)
(0.00012773 -0.000595989 0.21217)
(-0.000127016 -0.000596015 0.212171)
(-0.000260761 -0.000362009 0.185552)
(-0.000148277 -7.29615e-05 0.130702)
(0.000131018 -5.49778e-05 0.122513)
(0.000222289 -0.000306142 0.174214)
(0.000108008 -0.000515164 0.19997)
(-0.000107305 -0.000515196 0.199971)
(-0.000221604 -0.000306266 0.174217)
(-0.000130527 -5.51522e-05 0.122519)
(0.000109365 -3.51432e-05 0.111758)
(0.000176586 -0.000239108 0.159339)
(8.46336e-05 -0.000412848 0.183693)
(-8.3971e-05 -0.000412886 0.183694)
(-0.000175945 -0.000239237 0.159342)
(-0.000108915 -3.53193e-05 0.111764)
(8.39476e-05 -1.50363e-05 0.0975194)
(0.000125819 -0.000162718 0.139646)
(5.8405e-05 -0.00029007 0.161786)
(-5.7821e-05 -0.000290112 0.161787)
(-0.000125259 -0.000162847 0.139649)
(-8.35632e-05 -1.52071e-05 0.0975242)
(5.61875e-05 1.84456e-06 0.0785674)
(7.41899e-05 -8.48243e-05 0.11333)
(3.17029e-05 -0.00015757 0.132043)
(-3.12402e-05 -0.000157612 0.132043)
(-7.37497e-05 -8.49429e-05 0.113332)
(-5.58924e-05 1.69196e-06 0.0785713)
(2.92145e-05 1.07647e-05 0.0532782)
(2.95942e-05 -2.16521e-05 0.0778189)
(9.27584e-06 -4.40615e-05 0.0912935)
(-8.97887e-06 -4.40943e-05 0.0912939)
(-2.93135e-05 -2.17415e-05 0.0778203)
(-2.90301e-05 1.06519e-05 0.0532807)
(7.91671e-06 6.25161e-06 0.0195543)
(3.54557e-06 2.37133e-06 0.0293582)
(-1.43954e-06 2.28447e-06 0.0348277)
(1.53258e-06 2.27143e-06 0.0348279)
(-3.4568e-06 2.33641e-06 0.0293587)
(-7.8583e-06 6.20865e-06 0.0195552)
(8.56112e-05 -5.89182e-05 0.135864)
(0.000162839 -0.000198083 0.193034)
(7.86306e-05 -0.000318451 0.220518)
(-7.79446e-05 -0.000318483 0.22052)
(-0.000162183 -0.000198221 0.193038)
(-8.51675e-05 -5.90819e-05 0.135872)
(8.04914e-05 -5.12928e-05 0.129645)
(0.000150096 -0.000178574 0.184345)
(7.16653e-05 -0.00029073 0.211179)
(-7.09742e-05 -0.000290766 0.211181)
(-0.000149437 -0.000178714 0.184349)
(-8.0053e-05 -5.14587e-05 0.129652)
(7.39392e-05 -4.31805e-05 0.121542)
(0.000134617 -0.000156402 0.17306)
(6.31405e-05 -0.000257403 0.198893)
(-6.24648e-05 -0.000257442 0.198894)
(-0.000133976 -0.000156543 0.173064)
(-7.352e-05 -4.33476e-05 0.121549)
(6.55124e-05 -3.35574e-05 0.110887)
(0.000116015 -0.000129636 0.158279)
(5.29295e-05 -0.000216142 0.182595)
(-5.22975e-05 -0.000216185 0.182596)
(-0.000115419 -0.000129776 0.158283)
(-6.51294e-05 -3.37227e-05 0.110894)
(5.47078e-05 -2.26777e-05 0.0967712)
(9.40138e-05 -9.83806e-05 0.138734)
(4.11001e-05 -0.000166973 0.16077)
(-4.05458e-05 -0.000167016 0.160771)
(-9.34931e-05 -9.85139e-05 0.138737)
(-5.43798e-05 -2.28348e-05 0.0967775)
(4.1138e-05 -1.13945e-05 0.0779648)
(6.86409e-05 -6.39671e-05 0.112615)
(2.80644e-05 -0.000112009 0.131226)
(-2.76271e-05 -0.000112051 0.131226)
(-6.8231e-05 -6.40846e-05 0.112618)
(-4.08847e-05 -1.15323e-05 0.0779697)
(2.49539e-05 -1.75384e-06 0.0528507)
(4.05743e-05 -2.99697e-05 0.0773254)
(1.47834e-05 -5.67728e-05 0.0907469)
(-1.45036e-05 -5.68042e-05 0.0907474)
(-4.03112e-05 -3.00558e-05 0.0773272)
(-2.4794e-05 -1.85427e-06 0.0528539)
(7.21433e-06 2.68838e-06 0.0193697)
(1.11977e-05 -2.70211e-06 0.0291196)
(2.79e-06 -9.24128e-06 0.034561)
(-2.70226e-06 -9.25346e-06 0.0345611)
(-1.11129e-05 -2.73516e-06 0.0291202)
(-7.16275e-06 2.65076e-06 0.0193708)
(7.02141e-05 -6.27272e-05 0.134481)
(0.000106278 -0.000154662 0.191768)
(5.10069e-05 -0.000225305 0.219599)
(-5.04038e-05 -0.000225341 0.2196)
(-0.000105729 -0.000154792 0.191773)
(-6.98812e-05 -6.28551e-05 0.13449)
(6.46104e-05 -5.5633e-05 0.12828)
(9.80465e-05 -0.000140171 0.183054)
(4.69949e-05 -0.000206627 0.210178)
(-4.6395e-05 -0.000206665 0.21018)
(-9.7503e-05 -0.0001403 0.183059)
(-6.42857e-05 -5.57609e-05 0.128289)
(5.75848e-05 -4.75175e-05 0.120208)
(8.78107e-05 -0.000122608 0.17175)
(4.20046e-05 -0.000183007 0.19781)
(-4.14253e-05 -0.000183046 0.197812)
(-8.72882e-05 -0.000122734 0.171755)
(-5.72775e-05 -4.76449e-05 0.120218)
(4.89166e-05 -3.79246e-05 0.109608)
(7.52195e-05 -0.000101284 0.156965)
(3.58743e-05 -0.000153729 0.181441)
(-3.53386e-05 -0.000153769 0.181443)
(-7.4738e-05 -0.000101406 0.15697)
(-4.86379e-05 -3.80489e-05 0.109617)
(3.84892e-05 -2.69943e-05 0.0955847)
(5.9989e-05 -7.60531e-05 0.137448)
(2.84866e-05 -0.000118275 0.159572)
(-2.80222e-05 -0.000118314 0.159573)
(-5.9572e-05 -7.61657e-05 0.137452)
(-3.82517e-05 -2.71107e-05 0.0955921)
(2.65013e-05 -1.53862e-05 0.076935)
(4.21858e-05 -4.77993e-05 0.111422)
(1.98978e-05 -7.73876e-05 0.130045)
(-1.9536e-05 -7.74226e-05 0.130046)
(-4.186e-05 -4.78954e-05 0.111426)
(-2.63185e-05 -1.54869e-05 0.0769408)
(1.39179e-05 -4.9573e-06 0.0520864)
(2.29061e-05 -2.00998e-05 0.0763606)
(1.06602e-05 -3.54757e-05 0.0897266)
(-1.04328e-05 -3.55012e-05 0.0897272)
(-2.26987e-05 -2.01682e-05 0.0763627)
(-1.38028e-05 -5.02973e-06 0.0520902)
(2.74637e-06 1.14424e-06 0.0190508)
(4.82999e-06 3.4588e-08 0.0286644)
(2.10386e-06 -2.10083e-06 0.0340386)
(-2.03516e-06 -2.11024e-06 0.0340388)
(-4.76413e-06 9.17577e-09 0.0286651)
(-2.70958e-06 1.11757e-06 0.0190521)
(3.83661e-05 -3.14723e-05 0.133783)
(6.00162e-05 -8.32909e-05 0.191109)
(2.96218e-05 -0.000123334 0.219141)
(-2.91511e-05 -0.000123366 0.219143)
(-5.9613e-05 -8.33861e-05 0.191115)
(-3.81453e-05 -3.15512e-05 0.133794)
(3.53305e-05 -2.7674e-05 0.127598)
(5.50583e-05 -7.52836e-05 0.182378)
(2.71902e-05 -0.000113009 0.209666)
(-2.67298e-05 -0.000113041 0.209667)
(-5.46659e-05 -7.5377e-05 0.182384)
(-3.51182e-05 -2.77524e-05 0.127608)
(3.14757e-05 -2.35099e-05 0.119552)
(4.88932e-05 -6.58594e-05 0.171064)
(2.41639e-05 -0.000100189 0.197245)
(-2.37268e-05 -0.000100221 0.197247)
(-4.85222e-05 -6.59494e-05 0.17107)
(-3.12777e-05 -2.35875e-05 0.119562)
(2.66733e-05 -1.86016e-05 0.108993)
(4.13416e-05 -5.43306e-05 0.156284)
(2.04502e-05 -8.40746e-05 0.180834)
(-2.0053e-05 -8.41055e-05 0.180835)
(-4.10051e-05 -5.44153e-05 0.156289)
(-2.64962e-05 -1.86767e-05 0.109002)
(2.08825e-05 -1.30565e-05 0.0950322)
(3.23296e-05 -4.06431e-05 0.136798)
(1.60023e-05 -6.43745e-05 0.158948)
(-1.56645e-05 -6.44033e-05 0.15895)
(-3.20429e-05 -4.07195e-05 0.136803)
(-2.07336e-05 -1.31263e-05 0.0950405)
(1.42705e-05 -7.2675e-06 0.0764786)
(2.20741e-05 -2.53935e-05 0.110851)
(1.09105e-05 -4.16504e-05 0.129459)
(-1.06535e-05 -4.16749e-05 0.12946)
(-2.18543e-05 -2.5457e-05 0.110854)
(-1.41576e-05 -7.32739e-06 0.0764852)
(7.43056e-06 -2.18906e-06 0.0517711)
(1.14448e-05 -1.06266e-05 0.0759421)
(5.60079e-06 -1.8662e-05 0.0892728)
(-5.4445e-06 -1.8679e-05 0.0892735)
(-1.13082e-05 -1.06705e-05 0.0759445)
(-7.36089e-06 -2.23164e-06 0.0517754)
(1.5087e-06 5.98464e-07 0.0189342)
(2.23336e-06 -2.82544e-07 0.0285015)
(1.02583e-06 -1.38542e-06 0.0338544)
(-9.818e-07 -1.39136e-06 0.0338546)
(-2.19206e-06 -2.98231e-07 0.0285023)
(-1.48731e-06 5.83066e-07 0.0189357)
(2.46677e-05 -2.06102e-05 0.133366)
(3.77764e-05 -5.30287e-05 0.190739)
(1.83819e-05 -7.76093e-05 0.2189)
(-1.80485e-05 -7.76294e-05 0.218902)
(-3.75062e-05 -5.30831e-05 0.190746)
(-2.45302e-05 -2.06484e-05 0.133377)
(2.27808e-05 -1.82215e-05 0.127187)
(3.47313e-05 -4.81673e-05 0.181995)
(1.6872e-05 -7.14092e-05 0.209387)
(-1.65524e-05 -7.14293e-05 0.209389)
(-3.44734e-05 -4.82201e-05 0.182002)
(-2.26504e-05 -1.82594e-05 0.127199)
(2.03663e-05 -1.55604e-05 0.119155)
(3.09087e-05 -4.237e-05 0.170671)
(1.49795e-05 -6.36028e-05 0.196929)
(-1.46826e-05 -6.36224e-05 0.196931)
(-3.06697e-05 -4.24204e-05 0.170677)
(-2.02465e-05 -1.55982e-05 0.119166)
(1.73382e-05 -1.24067e-05 0.108617)
(2.61942e-05 -3.52282e-05 0.155888)
(1.26488e-05 -5.37159e-05 0.180486)
(-1.23853e-05 -5.37345e-05 0.180487)
(-2.59822e-05 -3.52749e-05 0.155894)
(-1.72329e-05 -1.24436e-05 0.108627)
(1.36605e-05 -8.81515e-06 0.0946911)
(2.05432e-05 -2.66764e-05 0.136415)
(9.85898e-06 -4.15333e-05 0.158584)
(-9.6411e-06 -4.15502e-05 0.158586)
(-2.03673e-05 -2.67178e-05 0.13642)
(-1.3574e-05 -8.8495e-06 0.0947001)
(9.41881e-06 -5.01704e-06 0.0761917)
(1.40897e-05 -1.70243e-05 0.110507)
(6.68028e-06 -2.73376e-05 0.129109)
(-6.52043e-06 -2.73515e-05 0.129111)
(-1.39591e-05 -1.70581e-05 0.110511)
(-9.35519e-06 -5.0466e-06 0.0761988)
(4.96839e-06 -1.61891e-06 0.0515668)
(7.36464e-06 -7.47219e-06 0.0756804)
(3.39143e-06 -1.27352e-05 0.0889912)
(-3.29923e-06 -1.27445e-05 0.0889921)
(-7.28717e-06 -7.49508e-06 0.075683)
(-4.93074e-06 -1.63998e-06 0.0515714)
(1.0217e-06 3.52762e-07 0.0188539)
(1.42995e-06 -3.76465e-07 0.0283894)
(5.70176e-07 -1.17407e-06 0.0337269)
(-5.473e-07 -1.17717e-06 0.0337272)
(-1.40882e-06 -3.84436e-07 0.0283903)
(-1.01115e-06 3.4516e-07 0.0188554)
(1.6009e-05 -1.34872e-05 0.133084)
(2.40667e-05 -3.42467e-05 0.190494)
(1.15722e-05 -4.97656e-05 0.218739)
(-1.1356e-05 -4.97747e-05 0.218741)
(-2.38995e-05 -3.4269e-05 0.190501)
(-1.59283e-05 -1.3499e-05 0.133096)
(1.47774e-05 -1.19221e-05 0.12691)
(2.21645e-05 -3.1096e-05 0.18174)
(1.06379e-05 -4.57854e-05 0.209201)
(-1.04356e-05 -4.57943e-05 0.209203)
(-2.20081e-05 -3.11175e-05 0.181747)
(-1.4702e-05 -1.19341e-05 0.126922)
(1.32006e-05 -1.01674e-05 0.118885)
(1.97577e-05 -2.73236e-05 0.170407)
(9.45741e-06 -4.07636e-05 0.196717)
(-9.27447e-06 -4.07722e-05 0.196719)
(-1.96164e-05 -2.7344e-05 0.170414)
(-1.31327e-05 -1.01798e-05 0.118897)
(1.12245e-05 -8.08999e-06 0.108361)
(1.67701e-05 -2.26815e-05 0.155621)
(7.99388e-06 -3.44092e-05 0.180251)
(-7.83682e-06 -3.44172e-05 0.180253)
(-1.66485e-05 -2.27002e-05 0.155628)
(-1.11664e-05 -8.10259e-06 0.108372)
(8.82826e-06 -5.72747e-06 0.0944578)
(1.31701e-05 -1.71239e-05 0.136155)
(6.23387e-06 -2.6568e-05 0.158337)
(-6.10951e-06 -2.6575e-05 0.158338)
(-1.30732e-05 -1.71402e-05 0.136161)
(-8.7822e-06 -5.73963e-06 0.0944673)
(6.07081e-06 -3.23497e-06 0.0759943)
(9.04128e-06 -1.08552e-05 0.110271)
(4.22292e-06 -1.7415e-05 0.128869)
(-4.13725e-06 -1.74206e-05 0.128871)
(-8.97342e-06 -1.08682e-05 0.110275)
(-6.03864e-06 -3.24573e-06 0.0760018)
(3.18847e-06 -1.01798e-06 0.0514255)
(4.72737e-06 -4.68017e-06 0.075499)
(2.14152e-06 -8.0125e-06 0.0887953)
(-2.09714e-06 -8.016e-06 0.0887962)
(-4.69072e-06 -4.68853e-06 0.0755018)
(-3.17095e-06 -1.02571e-06 0.0514304)
(6.49116e-07 2.46979e-07 0.018798)
(9.18698e-07 -1.64721e-07 0.028311)
(3.58648e-07 -6.44213e-07 0.0336371)
(-3.50905e-07 -6.45242e-07 0.0336374)
(-9.11037e-07 -1.67379e-07 0.0283119)
(-6.45171e-07 2.44243e-07 0.0187997)
(9.93713e-06 -8.16966e-06 0.13291)
(1.49748e-05 -2.09904e-05 0.190342)
(7.16977e-06 -3.05894e-05 0.21864)
(-7.04118e-06 -3.05908e-05 0.218643)
(-1.48789e-05 -2.09932e-05 0.190349)
(-9.89434e-06 -8.16662e-06 0.132922)
(9.18804e-06 -7.2053e-06 0.126738)
(1.38188e-05 -1.90408e-05 0.181581)
(6.60592e-06 -2.81352e-05 0.209086)
(-6.48924e-06 -2.81366e-05 0.209088)
(-1.37317e-05 -1.90433e-05 0.181589)
(-9.14906e-06 -7.20271e-06 0.12675)
(8.22106e-06 -6.12769e-06 0.118718)
(1.23448e-05 -1.67154e-05 0.170244)
(5.88719e-06 -2.50501e-05 0.196586)
(-5.78567e-06 -2.50514e-05 0.196589)
(-1.22687e-05 -1.67176e-05 0.170251)
(-8.18706e-06 -6.12589e-06 0.11873)
(7.00147e-06 -4.85425e-06 0.108203)
(1.05014e-05 -1.38517e-05 0.155457)
(4.98845e-06 -2.11338e-05 0.180107)
(-4.90564e-06 -2.11349e-05 0.180109)
(-1.0439e-05 -1.38534e-05 0.155464)
(-6.97361e-06 -4.85317e-06 0.108214)
(5.5165e-06 -3.41072e-06 0.0943145)
(8.26735e-06 -1.04243e-05 0.135995)
(3.90002e-06 -1.62908e-05 0.158185)
(-3.83921e-06 -1.62916e-05 0.158187)
(-8.22097e-06 -1.04255e-05 0.136001)
(-5.49577e-06 -3.41029e-06 0.0943244)
(3.80322e-06 -1.8961e-06 0.0758741)
(5.69374e-06 -6.56892e-06 0.110128)
(2.64954e-06 -1.06408e-05 0.128724)
(-2.61274e-06 -1.06412e-05 0.128725)
(-5.66477e-06 -6.56959e-06 0.110132)
(-3.79017e-06 -1.89619e-06 0.0758819)
(2.00811e-06 -5.62982e-07 0.0513404)
(2.99413e-06 -2.79531e-06 0.0753904)
(1.34958e-06 -4.86051e-06 0.0886783)
(-1.33546e-06 -4.86053e-06 0.0886793)
(-2.98184e-06 -2.79544e-06 0.0753934)
(-2.00238e-06 -5.63294e-07 0.0513455)
(4.19812e-07 1.70862e-07 0.018765)
(5.99549e-07 -8.03887e-08 0.0282653)
(2.32309e-07 -3.84947e-07 0.0335851)
(-2.33484e-07 -3.84817e-07 0.0335854)
(-5.99366e-07 -8.02495e-08 0.0282662)
(-4.19475e-07 1.7072e-07 0.0187667)
(6.22036e-06 -5.13383e-06 0.132801)
(9.35587e-06 -1.3133e-05 0.190249)
(4.4644e-06 -1.91092e-05 0.218581)
(-4.39618e-06 -1.91066e-05 0.218584)
(-9.30783e-06 -1.3126e-05 0.190256)
(-6.20308e-06 -5.12366e-06 0.132814)
(5.7535e-06 -4.5319e-06 0.126631)
(8.63802e-06 -1.1928e-05 0.181485)
(4.1168e-06 -1.76027e-05 0.209017)
(-4.05793e-06 -1.76001e-05 0.20902)
(-8.59658e-06 -1.1921e-05 0.181492)
(-5.73898e-06 -4.52222e-06 0.126644)
(5.15003e-06 -3.85797e-06 0.118614)
(7.72221e-06 -1.04815e-05 0.170144)
(3.67286e-06 -1.56884e-05 0.196508)
(-3.62509e-06 -1.56858e-05 0.19651)
(-7.68861e-06 -1.04745e-05 0.170152)
(-5.13872e-06 -3.849e-06 0.118627)
(4.38805e-06 -3.06187e-06 0.108105)
(6.5758e-06 -8.69752e-06 0.155356)
(3.11655e-06 -1.32516e-05 0.18002)
(-3.08157e-06 -1.3249e-05 0.180022)
(-6.55117e-06 -8.6908e-06 0.155363)
(-4.38028e-06 -3.05376e-06 0.108117)
(3.45922e-06 -2.15906e-06 0.0942256)
(5.18374e-06 -6.56147e-06 0.135898)
(2.44078e-06 -1.0237e-05 0.158093)
(-2.41977e-06 -1.02345e-05 0.158095)
(-5.1688e-06 -6.55516e-06 0.135904)
(-3.45512e-06 -2.15203e-06 0.0942357)
(2.38612e-06 -1.20959e-06 0.0757994)
(3.57539e-06 -4.15415e-06 0.11004)
(1.66127e-06 -6.71408e-06 0.128635)
(-1.65398e-06 -6.71175e-06 0.128636)
(-3.56989e-06 -4.14858e-06 0.110044)
(-2.3854e-06 -1.20396e-06 0.0758074)
(1.26007e-06 -3.6913e-07 0.0512874)
(1.88249e-06 -1.78639e-06 0.0753235)
(8.47264e-07 -3.09336e-06 0.0886066)
(-8.50532e-07 -3.09149e-06 0.0886076)
(-1.88424e-06 -1.78213e-06 0.0753265)
(-1.26168e-06 -3.65248e-07 0.0512926)
(2.61458e-07 1.01845e-07 0.0187444)
(3.74066e-07 -6.28895e-08 0.0282369)
(1.44325e-07 -2.58856e-07 0.0335529)
(-1.50042e-07 -2.58063e-07 0.0335532)
(-3.77755e-07 -6.11346e-08 0.0282379)
(-2.63201e-07 1.03301e-07 0.0187461)
(3.92369e-06 -3.2734e-06 0.132733)
(5.90746e-06 -8.37192e-06 0.19019)
(2.81053e-06 -1.21695e-05 0.218544)
(-2.78262e-06 -1.21651e-05 0.218546)
(-5.89114e-06 -8.3603e-06 0.190198)
(-3.92404e-06 -3.25933e-06 0.132746)
(3.62541e-06 -2.88882e-06 0.126564)
(5.44881e-06 -7.59695e-06 0.181423)
(2.58941e-06 -1.11964e-05 0.208973)
(-2.56845e-06 -1.11919e-05 0.208976)
(-5.43734e-06 -7.58534e-06 0.181431)
(-3.62768e-06 -2.87512e-06 0.126577)
(3.24123e-06 -2.45838e-06 0.118549)
(4.86549e-06 -6.66709e-06 0.170081)
(2.30753e-06 -9.96158e-06 0.196457)
(-2.29436e-06 -9.95717e-06 0.19646)
(-4.85937e-06 -6.65565e-06 0.170089)
(-3.24536e-06 -2.44531e-06 0.118562)
(2.75844e-06 -1.9504e-06 0.108043)
(4.13924e-06 -5.52584e-06 0.155292)
(1.95601e-06 -8.40232e-06 0.179964)
(-1.95122e-06 -8.39798e-06 0.179966)
(-4.1387e-06 -5.51473e-06 0.155299)
(-2.76417e-06 -1.93815e-06 0.108055)
(2.17235e-06 -1.37457e-06 0.0941691)
(3.26165e-06 -4.16338e-06 0.135835)
(1.53095e-06 -6.48288e-06 0.158034)
(-1.53445e-06 -6.47874e-06 0.158036)
(-3.26642e-06 -4.15301e-06 0.135841)
(-2.17922e-06 -1.36356e-06 0.0941793)
(1.49746e-06 -7.69224e-07 0.0757517)
(2.25121e-06 -2.63054e-06 0.109983)
(1.04222e-06 -4.24564e-06 0.128578)
(-1.05254e-06 -4.24196e-06 0.128579)
(-2.26005e-06 -2.62161e-06 0.109988)
(-1.50468e-06 -7.60077e-07 0.0757598)
(7.91085e-07 -2.34162e-07 0.0512534)
(1.18946e-06 -1.12635e-06 0.0752802)
(5.32772e-07 -1.95136e-06 0.0885601)
(-5.4595e-07 -1.94861e-06 0.0885611)
(-1.19951e-06 -1.11989e-06 0.0752833)
(-7.97299e-07 -2.27823e-07 0.0512587)
(1.6473e-07 6.54978e-08 0.018731)
(2.40342e-07 -3.40488e-08 0.0282183)
(9.1993e-08 -1.56782e-07 0.0335318)
(-1.00117e-07 -1.5571e-07 0.0335321)
(-2.46205e-07 -3.15946e-08 0.0282193)
(-1.67724e-07 6.77998e-08 0.0187328)
(2.47397e-06 -2.03103e-06 0.132689)
(3.7228e-06 -5.23362e-06 0.190152)
(1.76216e-06 -7.62071e-06 0.218518)
(-1.76102e-06 -7.6158e-06 0.218521)
(-3.72818e-06 -5.2199e-06 0.190159)
(-2.4852e-06 -2.01536e-06 0.132702)
(2.28888e-06 -1.78814e-06 0.12652)
(3.43988e-06 -4.73821e-06 0.181383)
(1.62559e-06 -6.99446e-06 0.208944)
(-1.62942e-06 -6.98947e-06 0.208947)
(-3.44874e-06 -4.72459e-06 0.181391)
(-2.30148e-06 -1.77278e-06 0.126534)
(2.04859e-06 -1.51622e-06 0.118507)
(3.07623e-06 -4.14688e-06 0.17004)
(1.44986e-06 -6.20837e-06 0.196424)
(-1.45887e-06 -6.20337e-06 0.196427)
(-3.08852e-06 -4.13352e-06 0.170048)
(-2.06221e-06 -1.50137e-06 0.11852)
(1.74511e-06 -1.19546e-06 0.108003)
(2.62043e-06 -3.42291e-06 0.155251)
(1.22947e-06 -5.2196e-06 0.179927)
(-1.24351e-06 -5.21466e-06 0.17993)
(-2.63578e-06 -3.41007e-06 0.155258)
(-1.75916e-06 -1.18139e-06 0.108015)
(1.37589e-06 -8.33068e-07 0.094133)
(2.06809e-06 -2.56123e-06 0.135795)
(9.62508e-07 -4.00569e-06 0.157996)
(-9.80746e-07 -4.00099e-06 0.157998)
(-2.08559e-06 -2.54935e-06 0.135801)
(-1.38954e-06 -8.20266e-07 0.0941433)
(9.50345e-07 -4.54869e-07 0.0757215)
(1.43149e-06 -1.59789e-06 0.109947)
(6.55745e-07 -2.59872e-06 0.128541)
(-6.76076e-07 -2.59454e-06 0.128543)
(-1.44931e-06 -1.58767e-06 0.109952)
(-9.62466e-07 -4.44092e-07 0.0757296)
(5.04627e-07 -1.26153e-07 0.051232)
(7.61656e-07 -6.65504e-07 0.075253)
(3.36363e-07 -1.17341e-06 0.088531)
(-3.54553e-07 -1.17028e-06 0.088532)
(-7.76565e-07 -6.58038e-07 0.0752562)
(-5.13602e-07 -1.1851e-07 0.0512373)
(1.08686e-07 4.8294e-08 0.0187227)
(1.60935e-07 -7.89681e-09 0.0282069)
(6.03073e-08 -8.39257e-08 0.0335188)
(-6.91597e-08 -8.27019e-08 0.0335192)
(-1.67835e-07 -5.00449e-09 0.0282079)
(-1.12371e-07 5.11234e-08 0.0187245)
(1.54072e-06 -1.26613e-06 0.132661)
(2.31029e-06 -3.24111e-06 0.190128)
(1.08774e-06 -4.71264e-06 0.218503)
(-1.10311e-06 -4.70769e-06 0.218506)
(-2.32848e-06 -3.22683e-06 0.190136)
(-1.55805e-06 -1.25017e-06 0.132675)
(1.42718e-06 -1.11646e-06 0.126493)
(2.13935e-06 -2.94004e-06 0.181359)
(1.00515e-06 -4.33559e-06 0.208926)
(-1.02416e-06 -4.33057e-06 0.208929)
(-2.16009e-06 -2.92589e-06 0.181367)
(-1.44539e-06 -1.10076e-06 0.126506)
(1.27916e-06 -9.48172e-07 0.118481)
(1.91742e-06 -2.57798e-06 0.170015)
(8.98061e-07 -3.85731e-06 0.196404)
(-9.20348e-07 -3.85231e-06 0.196407)
(-1.94024e-06 -2.56419e-06 0.170022)
(-1.29772e-06 -9.3301e-07 0.118493)
(1.09101e-06 -7.49239e-07 0.107978)
(1.63592e-06 -2.13146e-06 0.155225)
(7.62283e-07 -3.24861e-06 0.179905)
(-7.87114e-07 -3.24369e-06 0.179908)
(-1.66e-06 -2.11824e-06 0.155232)
(-1.10913e-06 -7.34848e-07 0.10799)
(8.60751e-07 -5.24173e-07 0.0941105)
(1.29147e-06 -1.59817e-06 0.135771)
(5.9635e-07 -2.49688e-06 0.157973)
(-6.22375e-07 -2.49222e-06 0.157975)
(-1.31548e-06 -1.58597e-06 0.135777)
(-8.77443e-07 -5.11019e-07 0.0941209)
(5.94149e-07 -2.88833e-07 0.0757028)
(8.91788e-07 -1.00081e-06 0.109926)
(4.04602e-07 -1.6232e-06 0.12852)
(-4.2941e-07 -1.6191e-06 0.128521)
(-9.13626e-07 -9.90429e-07 0.10993)
(-6.08165e-07 -2.77732e-07 0.075711)
(3.14118e-07 -8.30796e-08 0.0512189)
(4.70113e-07 -4.20922e-07 0.0752368)
(2.04788e-07 -7.36195e-07 0.0885138)
(-2.24386e-07 -7.33209e-07 0.0885147)
(-4.86648e-07 -4.13572e-07 0.0752399)
(-3.23947e-07 -7.53256e-08 0.0512242)
(6.64598e-08 2.79366e-08 0.0187177)
(9.53325e-08 -9.79173e-09 0.0282002)
(3.42268e-08 -5.74249e-08 0.0335113)
(-4.26571e-08 -5.63052e-08 0.0335116)
(-1.02191e-07 -7.08266e-09 0.0282012)
(-7.02093e-08 3.07153e-08 0.0187195)
(9.6397e-07 -8.33492e-07 0.132645)
(1.44201e-06 -2.09456e-06 0.190114)
(6.75976e-07 -3.0265e-06 0.218494)
(-6.99686e-07 -3.02206e-06 0.218497)
(-1.46664e-06 -2.08113e-06 0.190122)
(-9.83019e-07 -8.19152e-07 0.132658)
(8.90159e-07 -7.38403e-07 0.126477)
(1.33123e-06 -1.90702e-06 0.181344)
(6.22682e-07 -2.79472e-06 0.208916)
(-6.48991e-07 -2.79024e-06 0.208918)
(-1.35766e-06 -1.89385e-06 0.181352)
(-9.09767e-07 -7.2434e-07 0.12649)
(7.9534e-07 -6.31282e-07 0.118464)
(1.18953e-06 -1.6791e-06 0.169999)
(5.54653e-07 -2.49515e-06 0.196392)
(-5.82883e-07 -2.49067e-06 0.196394)
(-1.21705e-06 -1.66635e-06 0.170007)
(-8.14944e-07 -6.17632e-07 0.118477)
(6.76091e-07 -5.0448e-07 0.107963)
(1.0115e-06 -1.39704e-06 0.155209)
(4.69262e-07 -2.1116e-06 0.179892)
(-4.98329e-07 -2.10718e-06 0.179894)
(-1.03905e-06 -1.38494e-06 0.155217)
(-6.94893e-07 -4.91478e-07 0.107975)
(5.31087e-07 -3.60099e-07 0.0940966)
(7.9475e-07 -1.05846e-06 0.135755)
(3.65405e-07 -1.63553e-06 0.157959)
(-3.93711e-07 -1.63134e-06 0.157961)
(-8.20824e-07 -1.0474e-06 0.135762)
(-5.48098e-07 -3.482e-07 0.094107)
(3.63997e-07 -2.07148e-07 0.0756911)
(5.44202e-07 -6.75442e-07 0.109912)
(2.45781e-07 -1.07729e-06 0.128506)
(-2.70923e-07 -1.07361e-06 0.128507)
(-5.66711e-07 -6.66072e-07 0.109917)
(-3.78001e-07 -1.97083e-07 0.0756993)
(1.89576e-07 -6.94424e-08 0.0512106)
(2.81712e-07 -2.95933e-07 0.0752263)
(1.21955e-07 -5.00599e-07 0.0885026)
(-1.4046e-07 -4.97888e-07 0.0885036)
(-2.97833e-07 -2.89219e-07 0.0752295)
(-1.99124e-07 -6.22828e-08 0.0512159)
(3.70998e-08 1.21952e-08 0.0187145)
(5.15456e-08 -1.49667e-08 0.0281957)
(1.77795e-08 -4.49931e-08 0.0335063)
(-2.49745e-08 -4.39691e-08 0.0335066)
(-5.77088e-08 -1.24256e-08 0.0281967)
(-4.058e-08 1.48259e-08 0.0187163)
(6.12223e-07 -5.47605e-07 0.132634)
(9.19761e-07 -1.37842e-06 0.190104)
(4.29108e-07 -1.98891e-06 0.218488)
(-4.5531e-07 -1.98499e-06 0.218491)
(-9.4525e-07 -1.36651e-06 0.190112)
(-6.30624e-07 -5.35117e-07 0.132647)
(5.63511e-07 -4.84873e-07 0.126466)
(8.45028e-07 -1.25261e-06 0.181334)
(3.93211e-07 -1.83202e-06 0.208909)
(-4.21179e-07 -1.82807e-06 0.208911)
(-8.71683e-07 -1.24089e-06 0.181342)
(-5.82111e-07 -4.72593e-07 0.126479)
(5.01407e-07 -4.14336e-07 0.118454)
(7.5104e-07 -1.10055e-06 0.169989)
(3.48183e-07 -1.63105e-06 0.196384)
(-3.77195e-07 -1.62709e-06 0.196386)
(-7.78151e-07 -1.08917e-06 0.169997)
(-5.19674e-07 -4.02436e-07 0.118467)
(4.24296e-07 -3.3116e-07 0.107953)
(6.35429e-07 -9.14168e-07 0.155199)
(2.92935e-07 -1.37748e-06 0.179883)
(-3.2185e-07 -1.37356e-06 0.179885)
(-6.61926e-07 -9.03292e-07 0.155206)
(-4.41505e-07 -3.19824e-07 0.107965)
(3.31732e-07 -2.36546e-07 0.0940875)
(4.97263e-07 -6.91362e-07 0.135745)
(2.27077e-07 -1.06497e-06 0.157949)
(-2.54296e-07 -1.06126e-06 0.157951)
(-5.21728e-07 -6.814e-07 0.135751)
(-3.47022e-07 -2.26149e-07 0.0940979)
(2.26331e-07 -1.36224e-07 0.0756834)
(3.39969e-07 -4.39692e-07 0.109903)
(1.52451e-07 -6.99565e-07 0.128496)
(-1.75783e-07 -6.96351e-07 0.128498)
(-3.60548e-07 -4.31345e-07 0.109908)
(-2.38696e-07 -1.27428e-07 0.0756916)
(1.17519e-07 -4.58398e-08 0.0512051)
(1.77064e-07 -1.90847e-07 0.0752192)
(7.61508e-08 -3.22926e-07 0.0884949)
(-9.27327e-08 -3.2064e-07 0.0884959)
(-1.91443e-07 -1.85086e-07 0.0752223)
(-1.25847e-07 -3.97194e-08 0.0512104)
(2.27928e-08 8.07048e-09 0.0187123)
(3.3594e-08 -7.36836e-09 0.0281926)
(1.1784e-08 -2.5874e-08 0.0335027)
(-1.79731e-08 -2.50504e-08 0.0335031)
(-3.89141e-08 -5.3195e-09 0.0281936)
(-2.57714e-08 1.02363e-08 0.0187141)
(3.83807e-07 -3.3615e-07 0.132626)
(5.82398e-07 -8.64495e-07 0.190098)
(2.69639e-07 -1.25483e-06 0.218484)
(-2.9551e-07 -1.25149e-06 0.218486)
(-6.06731e-07 -8.54284e-07 0.190106)
(-3.99703e-07 -3.26069e-07 0.13264)
(3.53879e-07 -2.9614e-07 0.126459)
(5.35619e-07 -7.81887e-07 0.181327)
(2.47076e-07 -1.15005e-06 0.208904)
(-2.73893e-07 -1.14667e-06 0.208906)
(-5.60504e-07 -7.71891e-07 0.181335)
(-3.698e-07 -2.86248e-07 0.126472)
(3.15238e-07 -2.51219e-07 0.118447)
(4.76254e-07 -6.82827e-07 0.169982)
(2.18528e-07 -1.018e-06 0.196378)
(-2.45679e-07 -1.01459e-06 0.196381)
(-5.01086e-07 -6.73148e-07 0.16999)
(-3.30769e-07 -2.41577e-07 0.11846)
(2.67006e-07 -1.9831e-07 0.107946)
(4.03247e-07 -5.62163e-07 0.155192)
(1.8359e-07 -8.53167e-07 0.179877)
(-2.10105e-07 -8.49804e-07 0.179879)
(-4.27141e-07 -5.53001e-07 0.155199)
(-2.81588e-07 -1.89107e-07 0.107958)
(2.09123e-07 -1.38614e-07 0.0940816)
(3.16453e-07 -4.19203e-07 0.135739)
(1.42307e-07 -6.52144e-07 0.157943)
(-1.66833e-07 -6.48966e-07 0.157945)
(-3.38233e-07 -4.1089e-07 0.135745)
(-2.22078e-07 -1.30191e-07 0.094092)
(1.43344e-07 -7.62831e-08 0.0756784)
(2.18139e-07 -2.59976e-07 0.109897)
(9.59685e-08 -4.20379e-07 0.12849)
(-1.16665e-07 -4.17609e-07 0.128492)
(-2.36274e-07 -2.52985e-07 0.109902)
(-1.53839e-07 -6.91549e-08 0.0756866)
(7.54998e-08 -2.19946e-08 0.0512016)
(1.16241e-07 -1.06798e-07 0.0752147)
(4.88079e-08 -1.87333e-07 0.08849)
(-6.3284e-08 -1.85318e-07 0.088491)
(-1.28778e-07 -1.01824e-07 0.0752178)
(-8.25365e-08 -1.69029e-08 0.0512069)
(1.59929e-08 7.43716e-09 0.0187109)
(2.51809e-08 1.37283e-10 0.0281907)
(8.79303e-09 -1.11373e-08 0.0335006)
(-1.40577e-08 -1.03833e-08 0.0335009)
(-2.97457e-08 2.0157e-09 0.0281917)
(-1.84936e-08 9.32344e-09 0.0187127)
(2.34861e-07 -2.03888e-07 0.132622)
(3.58367e-07 -5.26285e-07 0.190094)
(1.63768e-07 -7.65485e-07 0.218481)
(-1.87713e-07 -7.62513e-07 0.218484)
(-3.79627e-07 -5.17686e-07 0.190102)
(-2.4813e-07 -1.95579e-07 0.132635)
(2.17134e-07 -1.79601e-07 0.126454)
(3.311e-07 -4.76204e-07 0.181323)
(1.50634e-07 -7.0193e-07 0.2089)
(-1.74957e-07 -6.9894e-07 0.208903)
(-3.52502e-07 -4.67734e-07 0.181331)
(-2.30248e-07 -1.71435e-07 0.126468)
(1.94143e-07 -1.5223e-07 0.118443)
(2.95769e-07 -4.15761e-07 0.169978)
(1.33655e-07 -6.21297e-07 0.196375)
(-1.57841e-07 -6.18325e-07 0.196377)
(-3.1684e-07 -4.07574e-07 0.169985)
(-2.06771e-07 -1.44335e-07 0.118456)
(1.65156e-07 -1.19843e-07 0.107942)
(2.51472e-07 -3.4156e-07 0.155188)
(1.12473e-07 -5.19619e-07 0.179873)
(-1.35739e-07 -5.1672e-07 0.179875)
(-2.71522e-07 -3.3378e-07 0.155195)
(-1.76864e-07 -1.12353e-07 0.107954)
(1.2999e-07 -8.33311e-08 0.094078)
(1.98054e-07 -2.53692e-07 0.135734)
(8.71462e-08 -3.9558e-07 0.157939)
(-1.08386e-07 -3.92873e-07 0.157941)
(-2.16162e-07 -2.4661e-07 0.135741)
(-1.40254e-07 -7.64918e-08 0.0940883)
(8.95873e-08 -4.53603e-08 0.0756754)
(1.36842e-07 -1.56327e-07 0.109893)
(5.85116e-08 -2.53376e-07 0.128487)
(-7.62218e-08 -2.51067e-07 0.128488)
(-1.51791e-07 -1.50443e-07 0.109898)
(-9.77923e-08 -3.96049e-08 0.0756836)
(4.74239e-08 -1.25374e-08 0.0511995)
(7.27344e-08 -6.35857e-08 0.0752121)
(2.92631e-08 -1.11969e-07 0.0884872)
(-4.15117e-08 -1.10363e-07 0.0884882)
(-8.30061e-08 -5.95857e-08 0.0752152)
(-5.28923e-08 -8.58199e-09 0.0512048)
(1.03474e-08 4.76492e-09 0.0187102)
(1.58105e-08 5.68631e-11 0.0281897)
(4.94505e-09 -6.98977e-09 0.0334994)
(-9.41707e-09 -6.42086e-09 0.0334997)
(-1.95643e-08 1.45329e-09 0.0281907)
(-1.22801e-08 6.14511e-09 0.0187119)
(1.45234e-07 -1.33509e-07 0.132619)
(2.18781e-07 -3.35235e-07 0.190092)
(9.7985e-08 -4.82934e-07 0.218479)
(-1.18904e-07 -4.80552e-07 0.218482)
(-2.36883e-07 -3.28416e-07 0.190099)
(-1.55346e-07 -1.27477e-07 0.132633)
(1.33908e-07 -1.18389e-07 0.126452)
(2.02154e-07 -3.0504e-07 0.181321)
(9.01075e-08 -4.45402e-07 0.208899)
(-1.1101e-07 -4.43023e-07 0.208901)
(-2.20133e-07 -2.98435e-07 0.181329)
(-1.43867e-07 -1.12512e-07 0.126465)
(1.19557e-07 -1.0137e-07 0.11844)
(1.80684e-07 -2.68214e-07 0.169975)
(7.99584e-08 -3.96786e-07 0.196373)
(-1.0038e-07 -3.94442e-07 0.196375)
(-1.98145e-07 -2.61916e-07 0.169983)
(-1.29136e-07 -9.56713e-08 0.118453)
(1.01605e-07 -8.10769e-08 0.10794)
(1.53541e-07 -2.22493e-07 0.155185)
(6.71705e-08 -3.34411e-07 0.179871)
(-8.64742e-08 -3.32158e-07 0.179873)
(-1.69946e-07 -2.16643e-07 0.155192)
(-1.10498e-07 -7.56798e-08 0.107952)
(7.97943e-08 -5.79283e-08 0.0940758)
(1.20432e-07 -1.67796e-07 0.135732)
(5.16912e-08 -2.57411e-07 0.157937)
(-6.90124e-08 -2.55332e-07 0.157939)
(-1.35068e-07 -1.62582e-07 0.135738)
(-8.76171e-08 -5.30402e-08 0.0940861)
(5.46342e-08 -3.34454e-08 0.0756736)
(8.21574e-08 -1.06382e-07 0.109891)
(3.40475e-08 -1.68019e-07 0.128484)
(-4.82186e-08 -1.66243e-07 0.128486)
(-9.40887e-08 -1.02052e-07 0.109896)
(-6.09038e-08 -2.9356e-08 0.0756817)
(2.8341e-08 -1.14541e-08 0.0511982)
(4.20988e-08 -4.62775e-08 0.0752105)
(1.61143e-08 -7.71294e-08 0.0884856)
(-2.56476e-08 -7.58591e-08 0.0884865)
(-5.01341e-08 -4.32122e-08 0.0752136)
(-3.24665e-08 -8.53791e-09 0.0512035)
(5.61509e-09 1.66701e-09 0.0187097)
(7.65927e-09 -2.41686e-09 0.028189)
(1.85269e-09 -6.85663e-09 0.0334987)
(-5.14134e-09 -6.38623e-09 0.033499)
(-1.04919e-08 -1.25461e-09 0.02819)
(-7.03986e-09 2.7483e-09 0.0187115)
(9.19733e-08 -9.08553e-08 0.132618)
(1.36571e-07 -2.2377e-07 0.19009)
(5.99852e-08 -3.19436e-07 0.218479)
(-7.67471e-08 -3.17584e-07 0.218481)
(-1.50349e-07 -2.18778e-07 0.190098)
(-9.95094e-08 -8.64947e-08 0.132631)
(8.43203e-08 -8.09608e-08 0.12645)
(1.25316e-07 -2.04222e-07 0.181319)
(5.47424e-08 -2.95394e-07 0.208898)
(-7.13608e-08 -2.93571e-07 0.2089)
(-1.38899e-07 -1.99359e-07 0.181327)
(-9.16403e-08 -7.6708e-08 0.126463)
(7.48485e-08 -6.98517e-08 0.118439)
(1.11248e-07 -1.80439e-07 0.169974)
(4.82364e-08 -2.64221e-07 0.196371)
(-6.42898e-08 -2.62462e-07 0.196374)
(-1.24308e-07 -1.75824e-07 0.169981)
(-8.17727e-08 -6.57907e-08 0.118451)
(6.3233e-08 -5.66409e-08 0.107938)
(9.38454e-08 -1.50962e-07 0.155184)
(4.02296e-08 -2.24235e-07 0.179869)
(-5.51671e-08 -2.22569e-07 0.179871)
(-1.05951e-07 -1.46654e-07 0.155191)
(-6.95301e-08 -5.28398e-08 0.10795)
(4.92968e-08 -4.14142e-08 0.0940744)
(7.28873e-08 -1.15397e-07 0.13573)
(3.06564e-08 -1.74436e-07 0.157935)
(-4.37753e-08 -1.72929e-07 0.157937)
(-8.34948e-08 -1.1155e-07 0.135737)
(-5.4694e-08 -3.79913e-08 0.0940847)
(3.33718e-08 -2.49862e-08 0.0756724)
(4.89224e-08 -7.48209e-08 0.109889)
(1.98541e-08 -1.15748e-07 0.128483)
(-3.02807e-08 -1.14515e-07 0.128485)
(-5.7362e-08 -7.17186e-08 0.109894)
(-3.75664e-08 -2.21579e-08 0.0756805)
(1.68971e-08 -9.63924e-09 0.0511974)
(2.4255e-08 -3.39408e-08 0.0752094)
(9.05171e-09 -5.45394e-08 0.0884844)
(-1.58056e-08 -5.37375e-08 0.0884853)
(-2.97781e-08 -3.19453e-08 0.0752125)
(-1.95972e-08 -7.7691e-09 0.0512026)
(2.91475e-09 4.13524e-10 0.0187093)
(3.5531e-09 -2.63056e-09 0.0281885)
(6.52411e-10 -5.4113e-09 0.0334981)
(-2.87262e-09 -5.15292e-09 0.0334984)
(-5.42242e-09 -1.99859e-09 0.0281895)
(-3.80866e-09 1.02229e-09 0.0187111)
(5.84868e-08 -5.87114e-08 0.132617)
(8.66721e-08 -1.46633e-07 0.190089)
(3.7485e-08 -2.09765e-07 0.218478)
(-5.01176e-08 -2.08563e-07 0.21848)
(-9.69735e-08 -1.4339e-07 0.190097)
(-6.36836e-08 -5.61802e-08 0.13263)
(5.35109e-08 -5.22098e-08 0.126449)
(7.90358e-08 -1.33499e-07 0.181318)
(3.39416e-08 -1.93461e-07 0.208897)
(-4.63412e-08 -1.92287e-07 0.208899)
(-8.90978e-08 -1.30412e-07 0.181326)
(-5.85548e-08 -4.97742e-08 0.126462)
(4.73236e-08 -4.4975e-08 0.118438)
(6.9708e-08 -1.17711e-07 0.169973)
(2.96829e-08 -1.72692e-07 0.19637)
(-4.14963e-08 -1.71559e-07 0.196373)
(-7.92633e-08 -1.14818e-07 0.16998)
(-5.20932e-08 -4.26131e-08 0.11845)
(3.97822e-08 -3.63713e-08 0.107937)
(5.84618e-08 -9.83142e-08 0.155183)
(2.46141e-08 -1.46403e-07 0.179868)
(-3.54004e-08 -1.45344e-07 0.17987)
(-6.71782e-08 -9.57001e-08 0.15519)
(-4.4124e-08 -3.41585e-08 0.107949)
(3.08386e-08 -2.64657e-08 0.0940735)
(4.52034e-08 -7.49664e-08 0.135729)
(1.87057e-08 -1.13761e-07 0.157934)
(-2.79473e-08 -1.12817e-07 0.157936)
(-5.26886e-08 -7.27097e-08 0.135736)
(-3.45708e-08 -2.45071e-08 0.0940838)
(2.07618e-08 -1.58282e-08 0.0756716)
(3.03191e-08 -4.83724e-08 0.109889)
(1.21675e-08 -7.52848e-08 0.128482)
(-1.92731e-08 -7.45092e-08 0.128484)
(-3.61282e-08 -4.65471e-08 0.109893)
(-2.36657e-08 -1.42303e-08 0.0756798)
(1.05119e-08 -6.0039e-09 0.0511968)
(1.52324e-08 -2.16687e-08 0.0752086)
(5.72491e-09 -3.51649e-08 0.0884835)
(-1.01e-08 -3.4628e-08 0.0884845)
(-1.88852e-08 -2.0385e-08 0.0752117)
(-1.23279e-08 -4.83951e-09 0.0512021)
(1.82564e-09 3.45135e-10 0.0187091)
(2.43346e-09 -1.39579e-09 0.0281882)
(6.12817e-10 -3.11191e-09 0.0334977)
(-1.85654e-09 -2.92187e-09 0.0334981)
(-3.547e-09 -9.09005e-10 0.0281892)
(-2.38613e-09 7.98175e-10 0.0187109)
(3.63471e-08 -3.548e-08 0.132616)
(5.48173e-08 -9.13809e-08 0.190089)
(2.35964e-08 -1.3214e-07 0.218477)
(-3.23405e-08 -1.31364e-07 0.21848)
(-6.15189e-08 -8.94818e-08 0.190096)
(-3.99731e-08 -3.38729e-08 0.132629)
(3.33617e-08 -3.14219e-08 0.126448)
(4.99681e-08 -8.2922e-08 0.181318)
(2.13533e-08 -1.21421e-07 0.208896)
(-2.98573e-08 -1.20673e-07 0.208899)
(-5.64406e-08 -8.10664e-08 0.181325)
(-3.68149e-08 -2.9862e-08 0.126461)
(2.95798e-08 -2.68963e-08 0.118437)
(4.40429e-08 -7.27722e-08 0.169972)
(1.86634e-08 -1.07896e-07 0.19637)
(-2.66714e-08 -1.07184e-07 0.196372)
(-5.0103e-08 -7.10126e-08 0.169979)
(-3.27637e-08 -2.54095e-08 0.11845)
(2.49334e-08 -2.15198e-08 0.107937)
(3.6968e-08 -6.03482e-08 0.155182)
(1.55097e-08 -9.09235e-08 0.179868)
(-2.26959e-08 -9.02648e-08 0.17987)
(-4.23855e-08 -5.87121e-08 0.155189)
(-2.77364e-08 -2.01591e-08 0.107949)
(1.94142e-08 -1.53733e-08 0.0940729)
(2.87275e-08 -4.55036e-08 0.135729)
(1.18941e-08 -7.00382e-08 0.157934)
(-1.78924e-08 -6.94649e-08 0.157936)
(-3.32509e-08 -4.40602e-08 0.135735)
(-2.17197e-08 -1.41884e-08 0.0940832)
(1.31972e-08 -8.85255e-09 0.0756711)
(1.95533e-08 -2.87774e-08 0.109888)
(7.93261e-09 -4.56887e-08 0.128481)
(-1.23742e-08 -4.52506e-08 0.128483)
(-2.29258e-08 -2.7654e-08 0.109893)
(-1.4895e-08 -7.90837e-09 0.0756793)
(6.84754e-09 -2.99567e-09 0.0511964)
(1.02277e-08 -1.23318e-08 0.0752081)
(3.99197e-09 -2.07643e-08 0.088483)
(-6.59963e-09 -2.05129e-08 0.088484)
(-1.22511e-08 -1.16655e-08 0.0752113)
(-7.86349e-09 -2.39574e-09 0.0512017)
(1.34613e-09 5.04496e-10 0.018709)
(2.03535e-09 -3.70463e-10 0.028188)
(6.85721e-10 -1.45085e-09 0.0334975)
(-1.37575e-09 -1.38897e-09 0.0334978)
(-2.59151e-09 -2.03845e-10 0.028189)
(-1.62565e-09 7.01101e-10 0.0187107)
(2.22893e-08 -2.11592e-08 0.132615)
(3.40324e-08 -5.5621e-08 0.190088)
(1.46498e-08 -8.11794e-08 0.218477)
(-2.05197e-08 -8.0723e-08 0.21848)
(-3.84463e-08 -5.45942e-08 0.190096)
(-2.48379e-08 -2.0125e-08 0.132629)
(2.05135e-08 -1.86653e-08 0.126448)
(3.11712e-08 -5.04045e-08 0.181317)
(1.3348e-08 -7.45259e-08 0.208896)
(-1.89729e-08 -7.40853e-08 0.208898)
(-3.53653e-08 -4.93972e-08 0.181325)
(-2.29487e-08 -1.76683e-08 0.126461)
(1.82438e-08 -1.59181e-08 0.118436)
(2.76154e-08 -4.41112e-08 0.169971)
(1.17478e-08 -6.6066e-08 0.196369)
(-1.69652e-08 -6.56445e-08 0.196372)
(-3.1472e-08 -4.31479e-08 0.169979)
(-2.04935e-08 -1.49478e-08 0.118449)
(1.54249e-08 -1.25959e-08 0.107936)
(2.33214e-08 -3.63652e-08 0.155181)
(9.84579e-09 -5.54107e-08 0.179867)
(-1.44458e-08 -5.50195e-08 0.179869)
(-2.66967e-08 -3.54539e-08 0.155189)
(-1.74099e-08 -1.1717e-08 0.107948)
(1.20547e-08 -8.8103e-09 0.0940725)
(1.82795e-08 -2.71633e-08 0.135728)
(7.64654e-09 -4.23765e-08 0.157933)
(-1.13998e-08 -4.20379e-08 0.157935)
(-2.10274e-08 -2.63411e-08 0.135734)
(-1.36934e-08 -8.07968e-09 0.0940828)
(8.24751e-09 -4.87932e-09 0.0756708)
(1.26145e-08 -1.69259e-08 0.109888)
(5.2085e-09 -2.73377e-08 0.128481)
(-7.90376e-09 -2.70874e-08 0.128482)
(-1.46075e-08 -1.62826e-08 0.109892)
(-9.459e-09 -4.32911e-09 0.0756789)
(4.36099e-09 -1.50867e-09 0.0511962)
(6.76876e-09 -7.0694e-09 0.0752079)
(2.72585e-09 -1.22048e-08 0.0884827)
(-4.24802e-09 -1.20765e-08 0.0884837)
(-7.92899e-09 -6.70558e-09 0.075211)
(-5.06607e-09 -1.13764e-09 0.0512015)
(9.46834e-10 3.69001e-10 0.0187089)
(1.53269e-09 -8.51265e-11 0.0281879)
(5.71885e-10 -7.42755e-10 0.0334974)
(-9.42364e-10 -7.21094e-10 0.0334977)
(-1.81416e-09 -1.10368e-11 0.0281889)
(-1.11669e-09 5.25742e-10 0.0187107)
(1.3776e-08 -1.33973e-08 0.132615)
(2.1574e-08 -3.44552e-08 0.190088)
(9.16456e-09 -5.01878e-08 0.218477)
(-1.24249e-08 -4.99888e-08 0.218479)
(-2.40138e-08 -3.38919e-08 0.190096)
(-1.49565e-08 -1.28876e-08 0.132628)
(1.27119e-08 -1.18716e-08 0.126447)
(1.98639e-08 -3.13153e-08 0.181317)
(8.40566e-09 -4.61593e-08 0.208896)
(-1.1443e-08 -4.59586e-08 0.208898)
(-2.21516e-08 -3.0769e-08 0.181325)
(-1.38097e-08 -1.1367e-08 0.126461)
(1.13654e-08 -1.00728e-08 0.118436)
(1.7685e-08 -2.74406e-08 0.169971)
(7.44114e-09 -4.0962e-08 0.196369)
(-1.01857e-08 -4.07747e-08 0.196372)
(-1.9774e-08 -2.69496e-08 0.169979)
(-1.23539e-08 -9.61781e-09 0.118449)
(9.70247e-09 -8.01767e-09 0.107936)
(1.50097e-08 -2.26903e-08 0.155181)
(6.26688e-09 -3.43594e-08 0.179867)
(-8.62291e-09 -3.41874e-08 0.179869)
(-1.68295e-08 -2.22435e-08 0.155188)
(-1.05436e-08 -7.5608e-09 0.107948)
(7.69408e-09 -5.71156e-09 0.0940723)
(1.18395e-08 -1.70307e-08 0.135728)
(4.89176e-09 -2.62781e-08 0.157933)
(-6.74903e-09 -2.61261e-08 0.157935)
(-1.33075e-08 -1.66378e-08 0.135734)
(-8.35368e-09 -5.25589e-09 0.0940826)
(5.35437e-09 -3.22974e-09 0.0756707)
(8.22379e-09 -1.06244e-08 0.109887)
(3.34531e-09 -1.69533e-08 0.128481)
(-4.60932e-09 -1.6843e-08 0.128482)
(-9.26822e-09 -1.03419e-08 0.109892)
(-5.81524e-09 -2.83508e-09 0.0756788)
(2.84799e-09 -9.58543e-10 0.0511961)
(4.40231e-09 -4.33705e-09 0.0752077)
(1.72458e-09 -7.57287e-09 0.0884825)
(-2.37498e-09 -7.52378e-09 0.0884835)
(-4.99539e-09 -4.22859e-09 0.0752108)
(-3.12763e-09 -7.4306e-10 0.0512014)
(6.14412e-10 3.14468e-10 0.0187088)
(9.56652e-10 3.33215e-11 0.0281878)
(3.0134e-10 -4.90265e-10 0.0334973)
(-4.24308e-10 -4.86493e-10 0.0334976)
(-1.11674e-09 2.86245e-11 0.0281888)
(-7.05951e-10 3.31601e-10 0.0187106)
(8.70358e-09 -8.49722e-09 0.132615)
(1.32182e-08 -2.18015e-08 0.190088)
(5.72862e-09 -3.1606e-08 0.218477)
(-7.59572e-09 -3.14794e-08 0.218479)
(-1.45022e-08 -2.15013e-08 0.190095)
(-9.2186e-09 -8.22072e-09 0.132628)
(7.99431e-09 -7.52896e-09 0.126447)
(1.21792e-08 -1.98133e-08 0.181317)
(5.3024e-09 -2.9111e-08 0.208896)
(-6.96405e-09 -2.89904e-08 0.208898)
(-1.33112e-08 -1.95354e-08 0.181324)
(-8.44661e-09 -7.26063e-09 0.12646)
(7.11546e-09 -6.44528e-09 0.118436)
(1.08538e-08 -1.74041e-08 0.169971)
(4.73897e-09 -2.58893e-08 0.196369)
(-6.17024e-09 -2.578e-08 0.196371)
(-1.18177e-08 -1.7153e-08 0.169979)
(-7.50143e-09 -6.18829e-09 0.118449)
(6.03636e-09 -5.15959e-09 0.107936)
(9.20595e-09 -1.44273e-08 0.155181)
(4.0243e-09 -2.17789e-08 0.179867)
(-5.19429e-09 -2.16792e-08 0.179869)
(-9.98742e-09 -1.41918e-08 0.155188)
(-6.35428e-09 -4.93573e-09 0.107948)
(4.74172e-09 -3.69789e-09 0.0940722)
(7.22468e-09 -1.0875e-08 0.135728)
(3.15607e-09 -1.67308e-08 0.157933)
(-4.03165e-09 -1.66484e-08 0.157935)
(-7.80752e-09 -1.06593e-08 0.135734)
(-4.98779e-09 -3.51071e-09 0.0940824)
(3.25433e-09 -2.14764e-09 0.0756705)
(4.95368e-09 -6.88702e-09 0.109887)
(2.15392e-09 -1.08894e-08 0.128481)
(-2.71439e-09 -1.08404e-08 0.128482)
(-5.3376e-09 -6.72867e-09 0.109892)
(-3.43307e-09 -2.02608e-09 0.0756786)
(1.69867e-09 -7.42407e-10 0.051196)
(2.57503e-09 -2.9741e-09 0.0752076)
(1.0992e-09 -4.96115e-09 0.0884824)
(-1.36915e-09 -4.95785e-09 0.0884834)
(-2.78045e-09 -2.92998e-09 0.0752107)
(-1.80432e-09 -6.87237e-10 0.0512013)
(3.43499e-10 1.06046e-10 0.0187088)
(5.0113e-10 -1.21514e-10 0.0281878)
(1.88934e-10 -3.88066e-10 0.0334972)
(-2.46029e-10 -4.02176e-10 0.0334976)
(-5.46189e-10 -1.44426e-10 0.0281888)
(-3.67045e-10 1.19217e-10 0.0187106)
(5.38517e-09 -5.39077e-09 0.132615)
(8.13378e-09 -1.3875e-08 0.190088)
(3.45037e-09 -2.0133e-08 0.218477)
(-4.87334e-09 -2.00888e-08 0.218479)
(-9.1158e-09 -1.37652e-08 0.190095)
(-6.09245e-09 -5.29078e-09 0.132628)
(4.94149e-09 -4.79982e-09 0.126447)
(7.45408e-09 -1.26322e-08 0.181317)
(3.178e-09 -1.85459e-08 0.208895)
(-4.4683e-09 -1.85096e-08 0.208898)
(-8.36279e-09 -1.25092e-08 0.181324)
(-5.60697e-09 -4.68968e-09 0.12646)
(4.40438e-09 -4.12254e-09 0.118436)
(6.60912e-09 -1.11295e-08 0.169971)
(2.82702e-09 -1.65188e-08 0.196369)
(-3.96298e-09 -1.64858e-08 0.196371)
(-7.42946e-09 -1.10029e-08 0.169978)
(-4.99988e-09 -4.0276e-09 0.118449)
(3.75513e-09 -3.3398e-09 0.107936)
(5.57726e-09 -9.27516e-09 0.155181)
(2.38493e-09 -1.3939e-08 0.179867)
(-3.34443e-09 -1.39099e-08 0.179869)
(-6.28727e-09 -9.15156e-09 0.155188)
(-4.24802e-09 -3.24064e-09 0.107948)
(2.97409e-09 -2.44196e-09 0.0940721)
(4.35216e-09 -7.04983e-09 0.135728)
(1.84902e-09 -1.07614e-08 0.157933)
(-2.61121e-09 -1.07365e-08 0.157935)
(-4.92847e-09 -6.94937e-09 0.135734)
(-3.33697e-09 -2.33321e-09 0.0940823)
(2.06494e-09 -1.45742e-09 0.0756705)
(2.96041e-09 -4.5201e-09 0.109887)
(1.23436e-09 -7.06517e-09 0.12848)
(-1.78268e-09 -7.03985e-09 0.128482)
(-3.36893e-09 -4.44487e-09 0.109892)
(-2.28143e-09 -1.33794e-09 0.0756786)
(1.08223e-09 -5.11459e-10 0.051196)
(1.51323e-09 -1.99255e-09 0.0752075)
(6.00849e-10 -3.27218e-09 0.0884823)
(-9.1677e-10 -3.24408e-09 0.0884833)
(-1.73421e-09 -1.92388e-09 0.0752106)
(-1.18421e-09 -4.4836e-10 0.0512012)
(2.09555e-10 7.98297e-11 0.0187088)
(2.58273e-10 -1.10775e-10 0.0281877)
(7.63786e-11 -2.89402e-10 0.0334972)
(-1.62646e-10 -2.72705e-10 0.0334975)
(-3.18973e-10 -7.46383e-11 0.0281887)
(-2.34267e-10 8.00365e-11 0.0187106)
(3.57323e-09 -3.21887e-09 0.132615)
(5.01087e-09 -8.75162e-09 0.190088)
(1.99445e-09 -1.27775e-08 0.218477)
(-3.1201e-09 -1.28269e-08 0.218479)
(-6.0701e-09 -8.76741e-09 0.190095)
(-3.89619e-09 -3.39424e-09 0.132628)
(3.28378e-09 -2.82719e-09 0.126447)
(4.6106e-09 -7.94386e-09 0.181317)
(1.83425e-09 -1.17729e-08 0.208895)
(-2.84175e-09 -1.18156e-08 0.208898)
(-5.592e-09 -7.99963e-09 0.181324)
(-3.61235e-09 -3.00905e-09 0.12646)
(2.92454e-09 -2.41683e-09 0.118436)
(4.11546e-09 -6.98745e-09 0.169971)
(1.6373e-09 -1.04997e-08 0.196369)
(-2.4981e-09 -1.05329e-08 0.196371)
(-4.99116e-09 -7.0556e-09 0.169978)
(-3.25466e-09 -2.55293e-09 0.118449)
(2.48006e-09 -1.91249e-09 0.107936)
(3.5029e-09 -5.80706e-09 0.155181)
(1.39209e-09 -8.87823e-09 0.179867)
(-2.0848e-09 -8.90701e-09 0.179869)
(-4.25021e-09 -5.91766e-09 0.155188)
(-2.80641e-09 -2.02485e-09 0.107948)
(1.94592e-09 -1.3364e-09 0.094072)
(2.75972e-09 -4.3957e-09 0.135728)
(1.09176e-09 -6.87265e-09 0.157933)
(-1.60277e-09 -6.89552e-09 0.157935)
(-3.35529e-09 -4.53377e-09 0.135734)
(-2.25502e-09 -1.43816e-09 0.0940823)
(1.33682e-09 -7.46193e-10 0.0756704)
(1.90114e-09 -2.81612e-09 0.109887)
(7.42475e-10 -4.5313e-09 0.12848)
(-1.06211e-09 -4.53172e-09 0.128482)
(-2.32126e-09 -2.89889e-09 0.109892)
(-1.59516e-09 -8.13751e-10 0.0756785)
(7.14994e-10 -2.51688e-10 0.0511959)
(1.00278e-09 -1.26333e-09 0.0752075)
(3.83337e-10 -2.1175e-09 0.0884823)
(-4.99681e-10 -2.07906e-09 0.0884832)
(-1.20793e-09 -1.20757e-09 0.0752106)
(-8.56072e-10 -2.05997e-10 0.0512012)
(1.59744e-10 2.94069e-11 0.0187088)
(2.08169e-10 -8.85711e-11 0.0281877)
(7.64767e-11 -2.00506e-10 0.0334972)
(-2.68761e-11 -1.67957e-10 0.0334975)
(-2.21079e-10 5.88361e-12 0.0281887)
(-1.91066e-10 1.00426e-10 0.0187105)
(2.36268e-09 -1.77575e-09 0.132615)
(3.23009e-09 -5.31367e-09 0.190087)
(1.26176e-09 -7.96955e-09 0.218477)
(-2.06484e-09 -7.95277e-09 0.218479)
(-3.71087e-09 -5.31064e-09 0.190095)
(-2.52813e-09 -1.73558e-09 0.132628)
(2.19913e-09 -1.55954e-09 0.126447)
(2.96456e-09 -4.83266e-09 0.181316)
(1.15146e-09 -7.33211e-09 0.208895)
(-1.90411e-09 -7.31446e-09 0.208898)
(-3.39944e-09 -4.79527e-09 0.181324)
(-2.31696e-09 -1.50867e-09 0.12646)
(1.99294e-09 -1.32456e-09 0.118436)
(2.64489e-09 -4.25623e-09 0.169971)
(1.02297e-09 -6.53297e-09 0.196369)
(-1.69797e-09 -6.51708e-09 0.196371)
(-3.01651e-09 -4.20669e-09 0.169978)
(-2.05794e-09 -1.29536e-09 0.118449)
(1.73288e-09 -1.04799e-09 0.107936)
(2.25955e-09 -3.54695e-09 0.155181)
(8.71448e-10 -5.52541e-09 0.179867)
(-1.43695e-09 -5.50826e-09 0.179869)
(-2.54756e-09 -3.46048e-09 0.155188)
(-1.7425e-09 -1.03182e-09 0.107948)
(1.40681e-09 -7.27485e-10 0.094072)
(1.7988e-09 -2.69365e-09 0.135728)
(6.92825e-10 -4.28159e-09 0.157933)
(-1.11673e-09 -4.26475e-09 0.157935)
(-1.98951e-09 -2.58166e-09 0.135734)
(-1.36371e-09 -7.13625e-10 0.0940823)
(1.015e-09 -3.85618e-10 0.0756704)
(1.26418e-09 -1.72123e-09 0.109887)
(4.87611e-10 -2.8245e-09 0.12848)
(-7.4996e-10 -2.82349e-09 0.128482)
(-1.35453e-09 -1.65112e-09 0.109892)
(-9.36189e-10 -3.80687e-10 0.0756785)
(5.72674e-10 -7.8278e-11 0.0511959)
(6.88611e-10 -7.43134e-10 0.0752074)
(2.64592e-10 -1.31105e-09 0.0884822)
(-3.82737e-10 -1.33932e-09 0.0884832)
(-7.1252e-10 -7.83298e-10 0.0752105)
(-5.08252e-10 -1.39542e-10 0.0512012)
(1.40595e-10 7.26577e-11 0.0187088)
(1.46789e-10 -2.38767e-11 0.0281877)
(4.81618e-11 -1.11562e-10 0.0334972)
(-8.82483e-11 -1.36543e-10 0.0334975)
(-1.4771e-10 -9.79349e-11 0.0281887)
(-1.09202e-10 1.48649e-11 0.0187105)
(1.18341e-09 -8.66712e-10 0.132615)
(1.87244e-09 -3.05723e-09 0.190087)
(5.48339e-10 -4.8906e-09 0.218477)
(-1.52217e-09 -4.95788e-09 0.218479)
(-2.74069e-09 -3.29691e-09 0.190095)
(-1.61227e-09 -1.12912e-09 0.132628)
(1.04873e-09 -7.24255e-10 0.126447)
(1.73292e-09 -2.73527e-09 0.181316)
(5.02756e-10 -4.49876e-09 0.208895)
(-1.40589e-09 -4.57635e-09 0.208898)
(-2.55204e-09 -3.01294e-09 0.181324)
(-1.49384e-09 -9.87989e-10 0.12646)
(9.01885e-10 -6.50037e-10 0.118436)
(1.57056e-09 -2.39621e-09 0.169971)
(4.57701e-10 -4.0161e-09 0.196369)
(-1.25599e-09 -4.08638e-09 0.196371)
(-2.30802e-09 -2.65865e-09 0.169978)
(-1.34523e-09 -8.23896e-10 0.118449)
(7.31172e-10 -4.66957e-10 0.107936)
(1.36798e-09 -1.93666e-09 0.155181)
(4.03031e-10 -3.39539e-09 0.179866)
(-1.06958e-09 -3.47198e-09 0.179869)
(-1.99549e-09 -2.22836e-09 0.155188)
(-1.15903e-09 -6.12747e-10 0.107948)
(5.40849e-10 -2.34452e-10 0.094072)
(1.10853e-09 -1.39522e-09 0.135728)
(3.25957e-10 -2.62782e-09 0.157933)
(-8.464e-10 -2.70702e-09 0.157935)
(-1.60567e-09 -1.69019e-09 0.135734)
(-9.32702e-10 -3.90742e-10 0.0940822)
(3.5878e-10 -6.42943e-11 0.0756704)
(8.06457e-10 -8.85762e-10 0.109887)
(2.26047e-10 -1.74771e-09 0.12848)
(-5.84477e-10 -1.78607e-09 0.128482)
(-1.13967e-09 -1.04814e-09 0.109892)
(-6.68831e-10 -1.75479e-10 0.0756785)
(2.21617e-10 -4.1002e-11 0.0511959)
(4.98022e-10 -4.95352e-10 0.0752074)
(1.38873e-10 -8.55162e-10 0.0884822)
(-2.95877e-10 -8.0527e-10 0.0884832)
(-6.35156e-10 -4.1165e-10 0.0752105)
(-3.84678e-10 -1.5825e-11 0.0512012)
(7.8205e-11 -5.17001e-11 0.0187088)
(1.84773e-10 -1.14444e-10 0.0281877)
(7.73013e-11 -1.04759e-10 0.0334972)
(-3.05444e-11 -4.90397e-11 0.0334975)
(-1.6168e-10 2.45312e-11 0.0281887)
(-1.05093e-10 4.16899e-11 0.0187105)
(1.13848e-09 -5.50242e-10 0.132615)
(1.42512e-09 -1.73343e-09 0.190087)
(8.09859e-10 -2.80214e-09 0.218477)
(-7.12455e-10 -2.8669e-09 0.218479)
(-1.23808e-09 -1.88812e-09 0.190095)
(-9.36889e-10 -6.37352e-10 0.132628)
(1.05663e-09 -4.87775e-10 0.126447)
(1.31386e-09 -1.56351e-09 0.181316)
(7.81651e-10 -2.56978e-09 0.208895)
(-6.27718e-10 -2.62498e-09 0.208898)
(-1.07933e-09 -1.70947e-09 0.181324)
(-8.46993e-10 -5.701e-10 0.12646)
(9.52282e-10 -4.13977e-10 0.118436)
(1.18534e-09 -1.36278e-09 0.169971)
(7.44066e-10 -2.27872e-09 0.196369)
(-5.21741e-10 -2.33165e-09 0.196371)
(-9.00201e-10 -1.50504e-09 0.169978)
(-7.42874e-10 -5.02043e-10 0.118449)
(8.22981e-10 -3.30315e-10 0.107936)
(1.03563e-09 -1.11562e-09 0.155181)
(6.9518e-10 -1.91551e-09 0.179866)
(-3.92791e-10 -1.96163e-09 0.179869)
(-7.0402e-10 -1.23629e-09 0.155188)
(-6.24791e-10 -4.41751e-10 0.107948)
(6.66927e-10 -2.35052e-10 0.094072)
(8.57909e-10 -8.22473e-10 0.135728)
(6.31072e-10 -1.47496e-09 0.157933)
(-2.42792e-10 -1.51056e-09 0.157934)
(-4.92897e-10 -9.27563e-10 0.135734)
(-4.8808e-10 -3.54254e-10 0.0940822)
(4.83869e-10 -1.29384e-10 0.0756704)
(6.46649e-10 -4.91107e-10 0.109887)
(5.40878e-10 -9.60828e-10 0.12848)
(-8.96109e-11 -1.0093e-09 0.128482)
(-2.84992e-10 -6.20359e-10 0.109892)
(-3.34898e-10 -2.52994e-10 0.0756785)
(2.75248e-10 -1.02715e-11 0.0511959)
(3.97661e-10 -1.63634e-10 0.0752074)
(3.95794e-10 -4.2967e-10 0.0884822)
(2.4854e-11 -5.10687e-10 0.0884832)
(-1.0056e-10 -3.37226e-10 0.0752105)
(-1.63342e-10 -1.11113e-10 0.0512012)
(6.96637e-11 5.25928e-11 0.0187088)
(1.1394e-10 3.61289e-11 0.0281877)
(1.57761e-10 -1.89161e-11 0.0334972)
(4.54061e-11 -7.40127e-11 0.0334975)
(3.42262e-11 -7.39496e-11 0.0281887)
(-1.37052e-11 1.19644e-11 0.0187105)
(7.1467e-10 -4.51169e-10 0.132615)
(9.9828e-10 -1.11601e-09 0.190087)
(8.47379e-10 -1.72739e-09 0.218477)
(-3.33698e-10 -1.68234e-09 0.218479)
(-2.56456e-10 -1.12571e-09 0.190095)
(-7.76176e-10 -1.46052e-10 0.132628)
(6.68099e-10 -4.05233e-10 0.126447)
(9.07445e-10 -1.0223e-09 0.181316)
(8.17959e-10 -1.57756e-09 0.208895)
(-3.10248e-10 -1.54436e-09 0.208898)
(-1.63349e-10 -9.65128e-10 0.181324)
(-6.99984e-10 -1.17798e-10 0.12646)
(6.07472e-10 -3.478e-10 0.118436)
(8.0316e-10 -9.03884e-10 0.169971)
(7.67256e-10 -1.39291e-09 0.196369)
(-2.7654e-10 -1.37515e-09 0.196371)
(-7.63823e-11 -8.32636e-10 0.169978)
(-5.94887e-10 -1.43254e-10 0.118448)
(5.29891e-10 -2.86913e-10 0.107936)
(6.84682e-10 -7.59696e-10 0.155181)
(6.94443e-10 -1.16827e-09 0.179866)
(-2.28801e-10 -1.15636e-09 0.179869)
(9.10272e-12 -6.36384e-10 0.155188)
(-4.56017e-10 -1.28897e-10 0.107948)
(4.31313e-10 -2.1516e-10 0.094072)
(5.48611e-10 -5.81897e-10 0.135728)
(5.97592e-10 -8.943e-10 0.157933)
(-1.65349e-10 -8.96354e-10 0.157934)
(9.17562e-11 -4.2134e-10 0.135734)
(-2.9894e-10 -1.13686e-10 0.0940822)
(3.08615e-10 -1.28527e-10 0.0756704)
(3.91361e-10 -3.64913e-10 0.109887)
(4.71649e-10 -5.74368e-10 0.12848)
(-9.84722e-11 -6.13961e-10 0.128482)
(1.40017e-10 -2.88804e-10 0.109892)
(-1.52263e-10 -1.24231e-10 0.0756785)
(1.64107e-10 -2.48699e-11 0.0511959)
(2.13405e-10 -1.2779e-10 0.0752074)
(3.0158e-10 -2.4117e-10 0.0884822)
(-6.57635e-11 -3.36729e-10 0.0884832)
(1.22018e-10 -2.58088e-10 0.0752105)
(-3.66085e-11 -1.18449e-10 0.0512012)
(3.36233e-11 3.53017e-11 0.0187088)
(3.7501e-11 2.33449e-11 0.0281877)
(8.46794e-11 2.83561e-12 0.0334972)
(-7.12579e-11 -6.50225e-11 0.0334975)
(5.93064e-11 -1.37159e-10 0.0281887)
(3.11791e-11 -4.62791e-11 0.0187105)
(1.42019e-10 -4.28567e-10 0.132615)
(4.28167e-10 -7.96238e-10 0.190087)
(3.31137e-10 -1.12352e-09 0.218477)
(-3.10093e-10 -1.12297e-09 0.218479)
(-5.07076e-10 -8.18058e-10 0.190095)
(-6.84039e-10 -1.76902e-10 0.132628)
(1.08304e-10 -3.95756e-10 0.126447)
(3.59469e-10 -7.3414e-10 0.181316)
(2.92552e-10 -1.03073e-09 0.208895)
(-3.0494e-10 -1.02816e-09 0.208898)
(-4.83513e-10 -7.41068e-10 0.181324)
(-6.83675e-10 -1.35051e-10 0.12646)
(7.71943e-11 -3.5677e-10 0.118436)
(2.88532e-10 -6.57708e-10 0.169971)
(2.46998e-10 -9.16304e-10 0.196369)
(-2.91958e-10 -9.0912e-10 0.196371)
(-4.50195e-10 -6.42199e-10 0.169978)
(-6.54284e-10 -9.39742e-11 0.118448)
(4.91555e-11 -3.0741e-10 0.107936)
(2.17243e-10 -5.61958e-10 0.155181)
(1.94603e-10 -7.73436e-10 0.179866)
(-2.69084e-10 -7.61382e-10 0.179869)
(-4.03241e-10 -5.20054e-10 0.155188)
(-5.87945e-10 -4.5288e-11 0.107948)
(2.3377e-11 -2.45431e-10 0.094072)
(1.45554e-10 -4.41771e-10 0.135728)
(1.35198e-10 -5.98464e-10 0.157933)
(-2.35667e-10 -5.81345e-10 0.157934)
(-3.38799e-10 -3.79278e-10 0.135734)
(-4.83887e-10 5.35564e-12 0.0940822)
(-2.0179e-13 -1.70066e-10 0.0756704)
(7.57223e-11 -2.96551e-10 0.109887)
(7.18251e-11 -3.93161e-10 0.12848)
(-1.90655e-10 -3.74747e-10 0.128482)
(-2.55395e-10 -2.25808e-10 0.109892)
(-3.48164e-10 4.63866e-11 0.0756785)
(-1.78938e-11 -8.67494e-11 0.0511959)
(1.52496e-11 -1.399e-10 0.0752074)
(1.31764e-11 -1.81769e-10 0.0884822)
(-1.31029e-10 -1.68419e-10 0.0884832)
(-1.55918e-10 -8.45508e-11 0.0752105)
(-1.96386e-10 6.45088e-11 0.0512011)
(-1.68598e-11 -1.47887e-11 0.0187087)
(-1.61514e-11 -1.47285e-11 0.0281877)
(-1.82133e-11 -1.52754e-11 0.0334971)
(-5.01518e-11 -1.0097e-11 0.0334975)
(-4.6049e-11 6.62556e-12 0.0281887)
(-5.11359e-11 3.89995e-11 0.0187105)
(-2.31665e-11 -3.50035e-10 0.132615)
(6.89015e-11 -6.14496e-10 0.190087)
(-1.0023e-11 -7.89052e-10 0.218477)
(-3.38813e-10 -8.19561e-10 0.218479)
(-6.40938e-10 -5.47355e-10 0.190095)
(-5.59972e-10 -7.49825e-11 0.132628)
(-4.44683e-11 -3.24467e-10 0.126447)
(2.61134e-11 -5.59934e-10 0.181316)
(-4.32063e-11 -7.2817e-10 0.208895)
(-3.49818e-10 -7.49039e-10 0.208898)
(-6.45376e-10 -4.86639e-10 0.181324)
(-5.63896e-10 -3.942e-11 0.12646)
(-6.349e-11 -2.97085e-10 0.118436)
(-1.30562e-11 -4.98944e-10 0.169971)
(-7.22871e-11 -6.50206e-10 0.196369)
(-3.49532e-10 -6.59686e-10 0.196371)
(-6.29599e-10 -4.11772e-10 0.169978)
(-5.47812e-10 -4.77582e-12 0.118448)
(-7.88765e-11 -2.57753e-10 0.107936)
(-4.6313e-11 -4.20343e-10 0.155181)
(-9.48177e-11 -5.51128e-10 0.179866)
(-3.32994e-10 -5.48194e-10 0.179869)
(-5.85618e-10 -3.21499e-10 0.155188)
(-5.04924e-10 3.87858e-11 0.107948)
(-8.83059e-11 -2.07431e-10 0.094072)
(-7.13066e-11 -3.26406e-10 0.135728)
(-1.08615e-10 -4.27848e-10 0.157933)
(-2.96055e-10 -4.12066e-10 0.157934)
(-5.07816e-10 -2.20256e-10 0.135734)
(-4.32378e-10 8.14152e-11 0.0940822)
(-8.6772e-11 -1.50788e-10 0.0756704)
(-8.26906e-11 -2.24554e-10 0.109887)
(-1.08829e-10 -2.86058e-10 0.12848)
(-2.34858e-10 -2.55785e-10 0.128482)
(-3.91995e-10 -1.13874e-10 0.109892)
(-3.30386e-10 1.09536e-10 0.0756785)
(-6.80767e-11 -9.23903e-11 0.0511959)
(-7.19236e-11 -1.24984e-10 0.0752074)
(-8.56396e-11 -1.4033e-10 0.0884822)
(-1.4789e-10 -1.02483e-10 0.0884832)
(-2.42032e-10 -2.45493e-11 0.0752105)
(-2.05986e-10 9.92222e-11 0.0512011)
(-2.94917e-11 -2.8548e-11 0.0187087)
(-3.14906e-11 -2.99431e-11 0.0281877)
(-3.13827e-11 -1.8909e-11 0.0334971)
(-4.1417e-11 1.67893e-12 0.0334975)
(-7.40872e-11 1.93426e-11 0.0281887)
(-6.61536e-11 4.10837e-11 0.0187105)
(-3.79989e-11 -3.84944e-10 0.132615)
(2.6694e-10 -5.23441e-10 0.190087)
(-9.16183e-11 -5.64925e-10 0.218477)
(-1.49496e-10 -5.46161e-10 0.218479)
(-6.08124e-10 -3.30929e-10 0.190095)
(-1.45317e-10 -2.02702e-10 0.132628)
(-2.81606e-11 -3.6879e-10 0.126447)
(2.37629e-10 -5.03019e-10 0.181316)
(-1.20719e-10 -5.23355e-10 0.208895)
(-1.46484e-10 -5.0184e-10 0.208898)
(-6.06115e-10 -3.15077e-10 0.181324)
(-1.45865e-10 -1.86395e-10 0.12646)
(-1.42562e-11 -3.02384e-10 0.118436)
(1.97451e-10 -4.51898e-10 0.169971)
(-1.45262e-10 -4.68283e-10 0.196369)
(-1.40648e-10 -4.46893e-10 0.196371)
(-5.85666e-10 -2.80476e-10 0.169978)
(-1.49058e-10 -1.39746e-10 0.118448)
(8.65205e-12 -2.69571e-10 0.107936)
(1.53673e-10 -4.04835e-10 0.155181)
(-1.60353e-10 -4.0017e-10 0.179866)
(-1.29825e-10 -3.75982e-10 0.179869)
(-5.42828e-10 -2.48565e-10 0.155188)
(-1.54988e-10 -9.63084e-11 0.107948)
(3.29879e-11 -2.3848e-10 0.094072)
(1.14459e-10 -3.41292e-10 0.135728)
(-1.60357e-10 -3.12374e-10 0.157933)
(-1.10617e-10 -2.86349e-10 0.157934)
(-4.7604e-10 -1.9953e-10 0.135734)
(-1.57003e-10 -5.55164e-11 0.0940822)
(4.11781e-11 -1.64255e-10 0.0756704)
(7.50939e-11 -2.18603e-10 0.109887)
(-1.42684e-10 -2.01337e-10 0.12848)
(-7.88629e-11 -1.77695e-10 0.128482)
(-3.73623e-10 -1.09247e-10 0.109892)
(-1.40137e-10 2.59671e-12 0.0756785)
(1.76795e-11 -4.32461e-11 0.0511959)
(2.79316e-11 -4.6682e-11 0.0752074)
(-1.12347e-10 -8.19284e-11 0.0884822)
(-3.02957e-11 -6.57061e-11 0.0884832)
(-2.30282e-10 8.60051e-12 0.0752105)
(-9.95435e-11 4.67705e-11 0.0512011)
(-4.46238e-12 3.18432e-11 0.0187087)
(-1.21012e-11 4.0026e-11 0.0281877)
(-6.34637e-11 -2.22859e-12 0.0334971)
(1.90354e-11 3.29343e-12 0.0334975)
(-6.86307e-11 5.16701e-11 0.0281887)
(-3.9715e-11 3.45077e-11 0.0187105)
(1.07571e-10 -1.83611e-10 0.132615)
(8.56739e-11 -3.5697e-10 0.190087)
(8.37686e-13 -3.5951e-10 0.218477)
(-8.04955e-11 -2.64296e-10 0.218479)
(-9.95482e-11 -1.32555e-10 0.190095)
(-2.8246e-11 -1.17317e-11 0.132628)
(1.05719e-10 -1.62777e-10 0.126447)
(8.21087e-11 -3.28935e-10 0.181316)
(-3.83639e-12 -3.31633e-10 0.208895)
(-7.68989e-11 -2.39005e-10 0.208898)
(-7.67031e-11 -1.08796e-10 0.181324)
(-2.00642e-12 -5.18134e-12 0.12646)
(9.78348e-11 -1.35623e-10 0.118436)
(7.2585e-11 -2.8862e-10 0.169971)
(-1.01748e-11 -2.9336e-10 0.196369)
(-7.24741e-11 -2.09748e-10 0.196371)
(-5.2215e-11 -8.90983e-11 0.169978)
(1.98966e-11 -4.7534e-12 0.118448)
(8.36552e-11 -1.10138e-10 0.107936)
(5.65459e-11 -2.47509e-10 0.155181)
(-1.60354e-11 -2.47021e-10 0.179866)
(-6.54718e-11 -1.71549e-10 0.179869)
(-2.83442e-11 -5.62889e-11 0.155188)
(3.43897e-11 -1.45496e-11 0.107948)
(6.4746e-11 -8.51131e-11 0.094072)
(3.44152e-11 -1.95649e-10 0.135728)
(-1.92478e-11 -1.89294e-10 0.157933)
(-5.35803e-11 -1.28244e-10 0.157934)
(-4.41895e-12 -1.86649e-11 0.135734)
(4.08066e-11 -2.03034e-11 0.0940822)
(3.96485e-11 -5.56488e-11 0.0756704)
(8.02778e-12 -1.26114e-10 0.109887)
(-1.90081e-11 -1.19604e-10 0.12848)
(-3.66468e-11 -8.94726e-11 0.128482)
(1.00079e-11 -7.4385e-12 0.109892)
(3.39843e-11 -3.85736e-11 0.0756785)
(1.41977e-11 -2.05303e-11 0.0511959)
(-1.77889e-11 -4.21179e-11 0.0752074)
(-1.89068e-11 -4.33498e-11 0.0884822)
(-2.60945e-11 -5.67889e-11 0.0884832)
(7.92258e-12 -3.57559e-11 0.0752105)
(2.22553e-11 -4.1327e-11 0.0512011)
(-1.37296e-14 2.54945e-12 0.0187087)
(-2.1516e-11 7.96252e-12 0.0281877)
(-1.6572e-11 4.52953e-12 0.0334971)
(-2.32153e-11 -1.70947e-11 0.0334975)
(4.59868e-12 -3.45812e-11 0.0281887)
(1.2626e-11 -1.45342e-11 0.0187105)
(1.24231e-10 -6.16015e-11 0.132615)
(5.30153e-11 -2.08473e-10 0.190087)
(-2.59297e-11 -2.36238e-10 0.218477)
(-9.87217e-11 -1.69885e-10 0.218479)
(-5.9192e-11 -5.93289e-11 0.190095)
(-4.25096e-11 -2.07909e-11 0.132628)
(1.36694e-10 -5.97536e-11 0.126447)
(4.33166e-11 -2.03278e-10 0.181316)
(-3.41458e-11 -2.17152e-10 0.208895)
(-9.96495e-11 -1.55017e-10 0.208898)
(-5.20929e-11 -4.42992e-11 0.181324)
(-3.47845e-11 -2.20601e-11 0.12646)
(1.441e-10 -3.52243e-11 0.118436)
(2.91e-11 -1.83236e-10 0.169971)
(-4.49391e-11 -1.92316e-10 0.196369)
(-1.01253e-10 -1.37099e-10 0.196371)
(-4.82661e-11 -3.58166e-11 0.169978)
(-2.59998e-11 -3.27518e-11 0.118448)
(1.4706e-10 -3.53148e-11 0.107936)
(1.31883e-11 -1.67682e-10 0.155181)
(-5.64332e-11 -1.63551e-10 0.179866)
(-1.02329e-10 -1.14008e-10 0.179869)
(-4.67348e-11 -2.66191e-11 0.155188)
(-1.57579e-11 -3.46435e-11 0.107948)
(1.40938e-10 -4.3173e-11 0.094072)
(-1.02006e-12 -1.4395e-10 0.135728)
(-6.57058e-11 -1.28695e-10 0.157933)
(-1.02055e-10 -8.59131e-11 0.157934)
(-4.9114e-11 -2.53481e-11 0.135734)
(-3.83339e-12 -2.87729e-11 0.0940822)
(1.17816e-10 -3.36213e-11 0.0756704)
(-1.39931e-11 -9.60051e-11 0.109887)
(-6.94279e-11 -8.52362e-11 0.12848)
(-9.8629e-11 -5.1775e-11 0.128482)
(-4.66543e-11 -2.03243e-11 0.109892)
(9.1861e-12 -7.39814e-12 0.0756785)
(6.54139e-11 1.07195e-11 0.0511959)
(-2.78434e-11 -2.42869e-11 0.0752074)
(-6.48201e-11 -3.65324e-11 0.0884822)
(-8.23542e-11 -1.76937e-11 0.0884832)
(-3.71213e-11 -6.15113e-13 0.0752105)
(9.82037e-12 -5.52084e-12 0.0512011)
(1.07346e-11 3.27561e-11 0.0187087)
(-3.11788e-11 1.2582e-11 0.0281877)
(-4.08951e-11 -2.51643e-12 0.0334971)
(-4.02932e-11 3.27746e-12 0.0334975)
(-2.05061e-11 8.78644e-12 0.0281887)
(3.14017e-12 -6.2781e-12 0.0187105)
(1.08818e-10 1.31352e-10 0.132615)
(-6.40966e-11 -3.67506e-11 0.190087)
(-1.57537e-10 -1.19628e-10 0.218477)
(-1.43272e-10 -1.32042e-10 0.218479)
(-2.56348e-10 -8.58708e-11 0.190095)
(-8.96958e-11 -1.02316e-10 0.132628)
(1.04948e-10 1.36906e-10 0.126447)
(-4.31837e-11 -1.31043e-11 0.181316)
(-1.4219e-10 -1.10488e-10 0.208895)
(-1.24722e-10 -1.24372e-10 0.208898)
(-2.5036e-10 -1.01105e-10 0.181324)
(-1.02908e-10 -1.01676e-10 0.12646)
(9.48075e-11 1.12375e-10 0.118436)
(-2.11888e-11 -4.37215e-12 0.169971)
(-1.23038e-10 -1.01108e-10 0.196369)
(-1.04008e-10 -1.11037e-10 0.196371)
(-2.38893e-10 -9.74779e-11 0.169978)
(-1.15114e-10 -7.69348e-11 0.118448)
(7.42797e-11 1.12954e-10 0.107936)
(-3.44051e-12 1.74528e-11 0.155181)
(-1.03057e-10 -8.60617e-11 0.179866)
(-8.45928e-11 -9.79219e-11 0.179869)
(-2.23361e-10 -1.13031e-10 0.155188)
(-1.24555e-10 -5.59258e-11 0.107948)
(4.71372e-11 1.20557e-10 0.094072)
(5.70805e-12 3.65166e-11 0.135728)
(-8.51757e-11 -6.58493e-11 0.157933)
(-6.88717e-11 -7.82151e-11 0.157934)
(-1.99686e-10 -1.17545e-10 0.135734)
(-1.28614e-10 -4.16829e-11 0.0940822)
(2.3309e-11 1.01612e-10 0.0756704)
(9.72991e-12 2.28306e-11 0.109887)
(-6.77086e-11 -5.0589e-11 0.12848)
(-5.30499e-11 -4.5505e-11 0.128482)
(-1.6299e-10 -6.93668e-11 0.109892)
(-1.16033e-10 -1.95845e-11 0.0756785)
(1.88171e-11 3.61919e-11 0.0511959)
(1.64423e-11 -2.57717e-11 0.0752074)
(-3.93737e-11 -4.19835e-11 0.0884822)
(-2.31918e-11 1.00264e-12 0.0884832)
(-9.50958e-11 3.18382e-11 0.0752105)
(-7.12131e-11 3.85749e-11 0.0512011)
(1.30758e-11 -1.85716e-11 0.0187087)
(2.1429e-11 -3.3603e-11 0.0281877)
(3.92165e-12 -1.80591e-11 0.0334971)
(2.21721e-11 1.60817e-11 0.0334975)
(-1.7537e-11 6.19289e-11 0.0281887)
(-2.50133e-11 3.9308e-11 0.0187105)
(1.00183e-10 1.04013e-10 0.132615)
(2.13542e-10 4.21313e-11 0.190087)
(8.0081e-11 -4.12858e-11 0.218477)
(8.943e-11 -1.04857e-11 0.218479)
(1.68015e-10 2.93294e-11 0.190095)
(1.29669e-11 1.1818e-10 0.132628)
(1.16264e-10 1.05966e-10 0.126447)
(2.24937e-10 2.20231e-11 0.181316)
(8.67074e-11 -3.85436e-11 0.208895)
(9.67332e-11 -1.25109e-11 0.208898)
(1.78758e-10 4.76137e-11 0.181324)
(3.315e-11 1.15987e-10 0.12646)
(1.32456e-10 1.22535e-10 0.118436)
(2.30587e-10 2.01377e-11 0.169971)
(9.25676e-11 -3.20492e-11 0.196369)
(1.02023e-10 -1.57026e-11 0.196371)
(1.84493e-10 4.80519e-11 0.169978)
(5.20269e-11 9.10805e-11 0.118448)
(1.47994e-10 1.21766e-10 0.107936)
(2.3035e-10 9.17464e-12 0.155181)
(9.84696e-11 -2.60456e-11 0.179866)
(1.06759e-10 -1.49805e-11 0.179869)
(1.85001e-10 5.89718e-11 0.155188)
(6.71398e-11 5.84263e-11 0.107948)
(1.56436e-10 1.0972e-10 0.094072)
(2.2266e-10 1.99849e-13 0.135728)
(1.04969e-10 -1.77461e-11 0.157933)
(1.1159e-10 -1.50464e-11 0.157934)
(1.76365e-10 5.8508e-11 0.135734)
(7.81962e-11 3.33457e-11 0.0940822)
(1.48e-10 1.00785e-10 0.0756704)
(1.97066e-10 1.82709e-11 0.109887)
(1.06202e-10 2.01953e-12 0.12848)
(1.09778e-10 -2.22062e-11 0.128482)
(1.57453e-10 2.09039e-11 0.109892)
(7.84544e-11 1.24122e-11 0.0756785)
(1.1025e-10 8.96507e-11 0.0511959)
(1.41244e-10 6.28402e-11 0.0752074)
(8.44755e-11 2.65661e-11 0.0884822)
(8.48635e-11 -3.42856e-11 0.0884832)
(1.11213e-10 -4.30913e-11 0.0752105)
(5.26472e-11 -3.49876e-11 0.0512011)
(4.59247e-11 4.43887e-11 0.0187087)
(5.36241e-11 5.33247e-11 0.0281877)
(2.46349e-11 2.23133e-11 0.0334971)
(2.09647e-11 -2.22303e-11 0.0334975)
(4.00896e-11 -5.43334e-11 0.0281887)
(2.29541e-11 -3.15071e-11 0.0187105)
(2.29667e-10 1.0076e-10 0.132615)
(2.03332e-10 6.04366e-11 0.190087)
(3.00239e-10 -2.86573e-11 0.218477)
(2.23121e-10 3.75661e-11 0.218479)
(4.30916e-10 1.01953e-10 0.190095)
(1.07203e-10 2.33836e-10 0.132628)
(2.28332e-10 1.24898e-10 0.126447)
(2.27408e-10 4.96957e-11 0.181316)
(3.06858e-10 -3.38761e-11 0.208895)
(2.16206e-10 3.22289e-11 0.208898)
(4.36743e-10 1.23755e-10 0.181324)
(1.29394e-10 2.29782e-10 0.12646)
(2.17509e-10 1.38108e-10 0.118436)
(2.47006e-10 5.20401e-11 0.169971)
(3.04073e-10 -3.1346e-11 0.196369)
(2.01714e-10 2.05201e-11 0.196371)
(4.26912e-10 1.13131e-10 0.169978)
(1.49502e-10 1.90544e-10 0.118448)
(1.93403e-10 1.59278e-10 0.107936)
(2.56099e-10 4.38332e-11 0.155181)
(2.91705e-10 -3.02677e-11 0.179866)
(1.82687e-10 1.59805e-11 0.179869)
(4.02641e-10 1.32738e-10 0.155188)
(1.6582e-10 1.61141e-10 0.107948)
(1.57377e-10 1.74209e-10 0.094072)
(2.45908e-10 3.44764e-11 0.135728)
(2.68766e-10 -2.43493e-11 0.157933)
(1.62129e-10 8.78813e-12 0.157934)
(3.60605e-10 1.43235e-10 0.135734)
(1.71283e-10 1.25812e-10 0.0940822)
(1.15358e-10 1.62349e-10 0.0756704)
(2.05966e-10 3.91319e-11 0.109887)
(2.29356e-10 -3.6982e-12 0.12848)
(1.34255e-10 -1.08993e-11 0.128482)
(2.86731e-10 7.49283e-11 0.109892)
(1.49594e-10 6.209e-11 0.0756785)
(8.41186e-11 9.36369e-11 0.0511959)
(1.36943e-10 5.80337e-11 0.0752074)
(1.57759e-10 2.73467e-11 0.0884822)
(7.43636e-11 -4.40399e-11 0.0884832)
(1.62367e-10 -7.27142e-11 0.0752105)
(8.99732e-11 -3.56811e-11 0.0512011)
(4.52083e-11 1.07303e-11 0.0187087)
(5.64143e-11 4.13719e-11 0.0281877)
(4.56192e-11 2.58683e-11 0.0334971)
(-1.8027e-11 -3.35283e-11 0.0334975)
(2.91154e-11 -1.01633e-10 0.0281887)
(3.08023e-11 -5.34934e-11 0.0187105)
(-5.60131e-11 -1.97992e-10 0.132615)
(4.52847e-10 -2.48419e-11 0.190087)
(1.74944e-10 -3.47599e-11 0.218477)
(2.21923e-10 6.82096e-12 0.218479)
(-3.47357e-11 -3.65614e-11 0.190095)
(5.63812e-11 -1.59889e-10 0.132628)
(-3.7929e-11 -1.96177e-10 0.126447)
(4.37264e-10 -6.58631e-11 0.181316)
(1.53188e-10 -4.76864e-11 0.208895)
(2.21529e-10 -2.24547e-12 0.208898)
(-4.4537e-11 -5.6215e-11 0.181324)
(3.74681e-11 -1.47034e-10 0.12646)
(-1.04305e-11 -1.15057e-10 0.118436)
(4.04191e-10 -6.74482e-11 0.169971)
(1.24557e-10 -5.34762e-11 0.196369)
(2.12289e-10 -1.56538e-11 0.196371)
(-5.15405e-11 -5.65956e-11 0.169978)
(1.6996e-11 -9.17976e-11 0.118448)
(3.49826e-11 -1.0239e-10 0.107936)
(3.60824e-10 -1.08858e-10 0.155181)
(9.22855e-11 -6.00553e-11 0.179866)
(1.92623e-10 -2.23397e-11 0.179869)
(-6.1115e-11 -7.73564e-11 0.155188)
(-9.35218e-12 -7.5207e-11 0.107948)
(8.56399e-11 -1.16778e-10 0.094072)
(3.14696e-10 -1.45649e-10 0.135728)
(6.20293e-11 -5.54473e-11 0.157933)
(1.58455e-10 -2.06135e-11 0.157934)
(-7.83353e-11 -1.03406e-10 0.135734)
(-3.34867e-11 -6.32832e-11 0.0940822)
(1.08133e-10 -7.74089e-11 0.0756704)
(2.47236e-10 -8.29551e-11 0.109887)
(3.20824e-11 -2.15088e-11 0.12848)
(1.11231e-10 -6.93307e-12 0.128482)
(-8.42242e-11 -6.85276e-11 0.109892)
(-3.93667e-11 -1.59715e-11 0.0756785)
(7.10197e-11 2.98639e-11 0.0511959)
(1.37038e-10 8.43665e-11 0.0752074)
(-1.41735e-11 3.45419e-11 0.0884822)
(6.53148e-11 1.38868e-11 0.0884832)
(-6.19405e-11 3.20015e-11 0.0752105)
(-2.66051e-11 3.65832e-11 0.0512011)
(1.84507e-11 6.94128e-11 0.0187087)
(1.66679e-11 1.11709e-10 0.0281877)
(-6.07226e-11 2.98651e-11 0.0334971)
(2.83384e-11 7.20981e-12 0.0334975)
(-2.1604e-11 5.74744e-11 0.0281887)
(-1.29661e-11 3.46244e-11 0.0187105)
(-3.31709e-10 -1.26709e-10 0.132615)
(4.25887e-11 8.62053e-12 0.190087)
(-1.3368e-10 6.20477e-11 0.218477)
(1.16219e-10 1.63922e-11 0.218479)
(-2.3582e-10 -6.3116e-11 0.190095)
(7.31207e-11 -2.67758e-10 0.132628)
(-3.48246e-10 -1.19464e-10 0.126447)
(3.43501e-11 6.59988e-12 0.181316)
(-1.42797e-10 5.0405e-11 0.208895)
(1.28591e-10 6.49865e-12 0.208898)
(-2.43971e-10 -9.42038e-11 0.181324)
(5.13948e-11 -2.59801e-10 0.12646)
(-3.47791e-10 -1.09651e-10 0.118436)
(2.24161e-11 2.94643e-13 0.169971)
(-1.47818e-10 3.29935e-11 0.196369)
(1.36941e-10 -3.75345e-12 0.196371)
(-2.41703e-10 -1.00176e-10 0.169978)
(2.50468e-11 -2.03958e-10 0.118448)
(-3.25292e-10 -9.80024e-11 0.107936)
(7.63159e-12 -8.85281e-12 0.155181)
(-1.49341e-10 1.72058e-11 0.179866)
(1.34927e-10 -1.47313e-11 0.179869)
(-2.32171e-10 -1.41965e-10 0.155188)
(-6.72457e-12 -1.62558e-10 0.107948)
(-2.7897e-10 -8.56481e-11 0.094072)
(-7.12912e-12 -1.65286e-11 0.135728)
(-1.47922e-10 5.1089e-12 0.157933)
(1.17983e-10 -1.9761e-11 0.157934)
(-2.1176e-10 -1.67439e-10 0.135734)
(-4.03856e-11 -1.3269e-10 0.0940822)
(-2.12991e-10 -7.14911e-11 0.0756704)
(-1.78961e-11 -2.44682e-11 0.109887)
(-1.40649e-10 -6.09873e-12 0.12848)
(9.03432e-11 -7.12683e-12 0.128482)
(-1.73965e-10 -1.03873e-10 0.109892)
(-5.76425e-11 -8.5266e-11 0.0756785)
(-1.25952e-10 -6.37209e-11 0.0511959)
(-1.95587e-11 -3.07779e-11 0.0752074)
(-1.14456e-10 -1.30633e-11 0.0884822)
(7.17055e-11 2.50244e-11 0.0884832)
(-9.3469e-11 4.74698e-11 0.0752105)
(-3.38522e-11 2.01342e-11 0.0512011)
(-3.37295e-11 -4.0123e-11 0.0187087)
(-4.05064e-12 -1.78637e-11 0.0281877)
(-4.89503e-11 -1.36365e-11 0.0334971)
(6.52593e-11 1.98389e-11 0.0334975)
(-8.91691e-12 9.16708e-11 0.0281887)
(-1.50898e-11 4.27658e-11 0.0187105)
(-4.63982e-10 -1.99409e-10 0.132615)
(-1.11691e-10 -1.2296e-11 0.190087)
(-1.92711e-10 3.37025e-11 0.218477)
(-3.16658e-11 5.80062e-11 0.218479)
(2.80903e-11 3.00851e-11 0.190095)
(6.94613e-11 3.97314e-11 0.132628)
(-4.61418e-10 -2.16062e-10 0.126447)
(-1.46982e-10 -4.12773e-11 0.181316)
(-2.19447e-10 2.79244e-11 0.208895)
(-4.84711e-11 4.96501e-11 0.208898)
(2.3324e-11 5.04567e-11 0.181324)
(8.90454e-11 4.86296e-11 0.12646)
(-4.34719e-10 -1.94771e-10 0.118436)
(-1.78138e-10 -6.11284e-11 0.169971)
(-2.38379e-10 1.88032e-11 0.196369)
(-6.30804e-11 3.95854e-11 0.196371)
(2.21717e-11 5.97398e-11 0.169978)
(1.06804e-10 3.73158e-11 0.118448)
(-3.75835e-10 -2.00424e-10 0.107936)
(-1.95666e-10 -9.22965e-11 0.155181)
(-2.43888e-10 5.59962e-12 0.179866)
(-7.1026e-11 3.18835e-11 0.179869)
(2.63914e-11 8.13499e-11 0.155188)
(1.18714e-10 1.66484e-11 0.107948)
(-2.90971e-10 -2.08085e-10 0.094072)
(-1.9026e-10 -1.17159e-10 0.135728)
(-2.31105e-10 -5.56442e-12 0.157933)
(-6.98313e-11 2.35899e-11 0.157934)
(2.9762e-11 8.69136e-11 0.135734)
(1.24941e-10 7.47067e-12 0.0940822)
(-1.95504e-10 -1.75847e-10 0.0756704)
(-1.61877e-10 -1.00341e-10 0.109887)
(-1.97111e-10 -7.48773e-12 0.12848)
(-6.14458e-11 9.84451e-12 0.128482)
(3.57225e-11 5.18583e-11 0.109892)
(1.17267e-10 7.57426e-12 0.0756785)
(-1.15977e-10 -8.68869e-11 0.0511959)
(-1.17496e-10 -3.35638e-11 0.0752074)
(-1.45318e-10 4.56508e-12 0.0884822)
(-5.13464e-11 -7.51884e-12 0.0884832)
(2.35884e-11 -1.39558e-11 0.0752105)
(7.11735e-11 -4.38609e-11 0.0512011)
(-4.00135e-11 -3.17052e-12 0.0187087)
(-5.37906e-11 1.23402e-11 0.0281877)
(-7.16177e-11 6.0838e-12 0.0334971)
(-3.98628e-11 -1.09013e-11 0.0334975)
(-1.13161e-12 -4.0376e-11 0.0281887)
(2.42004e-11 -3.98125e-11 0.0187105)
(-3.20073e-10 -3.84881e-11 0.132615)
(-3.9087e-10 -1.22984e-11 0.190087)
(-3.43557e-10 5.74074e-11 0.218477)
(-1.97328e-10 4.97539e-11 0.218479)
(-2.56526e-10 1.44613e-11 0.190095)
(-1.3863e-10 -8.97774e-11 0.132628)
(-3.32349e-10 -3.45502e-11 0.126447)
(-3.91105e-10 -4.29069e-12 0.181316)
(-3.45899e-10 4.78409e-11 0.208895)
(-1.9078e-10 4.07205e-11 0.208898)
(-2.59468e-10 -1.57995e-11 0.181324)
(-1.56838e-10 -9.28553e-11 0.12646)
(-3.34675e-10 -5.8762e-11 0.118436)
(-3.78776e-10 -9.88829e-12 0.169971)
(-3.3619e-10 3.2889e-11 0.196369)
(-1.78179e-10 3.40518e-11 0.196371)
(-2.54182e-10 -2.38293e-11 0.169978)
(-1.69911e-10 -6.07396e-11 0.118448)
(-3.26184e-10 -5.69989e-11 0.107936)
(-3.53414e-10 -5.59232e-12 0.155181)
(-3.13572e-10 2.046e-11 0.179866)
(-1.62427e-10 2.33575e-11 0.179869)
(-2.4215e-10 -5.8163e-11 0.155188)
(-1.75949e-10 -3.63582e-11 0.107948)
(-3.0018e-10 -4.34306e-11 0.094072)
(-3.14238e-10 -3.74913e-12 0.135728)
(-2.78215e-10 7.49378e-12 0.157933)
(-1.45322e-10 1.23707e-11 0.157934)
(-2.17577e-10 -7.7888e-11 0.135734)
(-1.75149e-10 -3.18378e-11 0.0940822)
(-2.47312e-10 -4.42597e-11 0.0756704)
(-2.52869e-10 -2.71583e-11 0.109887)
(-2.26224e-10 -9.32565e-12 0.12848)
(-1.20586e-10 1.43739e-11 0.128482)
(-1.81367e-10 -3.56207e-11 0.109892)
(-1.55553e-10 -2.77243e-11 0.0756785)
(-1.52192e-10 -7.21409e-11 0.0511959)
(-1.59062e-10 -7.30772e-11 0.0752074)
(-1.45198e-10 -2.77231e-11 0.0884822)
(-7.2658e-11 2.86115e-11 0.0884832)
(-1.08955e-10 6.15619e-11 0.0752105)
(-8.96415e-11 4.6515e-11 0.0512011)
(-4.17612e-11 -6.01963e-11 0.0187087)
(-3.8546e-11 -5.55311e-11 0.0281877)
(-3.17193e-11 -1.99818e-11 0.0334971)
(5.01889e-12 2.01682e-11 0.0334975)
(-1.92591e-11 7.84109e-11 0.0281887)
(-2.75044e-11 5.28622e-11 0.0187105)
(-2.18902e-10 -5.01722e-11 0.132615)
(-1.90934e-10 -4.58096e-12 0.190087)
(-2.01682e-10 8.49151e-12 0.218477)
(-1.85635e-10 8.33029e-11 0.218479)
(3.72744e-11 1.0511e-10 0.190095)
(-1.3401e-10 2.50144e-10 0.132628)
(-2.04397e-10 -6.66846e-11 0.126447)
(-2.06185e-10 -2.59131e-11 0.181316)
(-2.14259e-10 6.62376e-12 0.208895)
(-2.03528e-10 7.74693e-11 0.208898)
(3.60607e-11 1.34755e-10 0.181324)
(-1.10818e-10 2.50224e-10 0.12646)
(-1.79256e-10 -5.98004e-11 0.118436)
(-2.14631e-10 -4.08377e-11 0.169971)
(-2.19179e-10 4.66029e-12 0.196369)
(-2.13364e-10 6.7959e-11 0.196371)
(3.62289e-11 1.40695e-10 0.169978)
(-8.10984e-11 2.12876e-10 0.118448)
(-1.40578e-10 -7.02043e-11 0.107936)
(-2.09975e-10 -6.18139e-11 0.155181)
(-2.11291e-10 -1.23834e-12 0.179866)
(-2.08067e-10 6.06719e-11 0.179869)
(4.17226e-11 1.70244e-10 0.155188)
(-4.60899e-11 1.70473e-10 0.107948)
(-9.38052e-11 -8.23717e-11 0.094072)
(-1.86604e-10 -7.95745e-11 0.135728)
(-1.85933e-10 -6.64288e-12 0.157933)
(-1.8245e-10 4.91834e-11 0.157934)
(4.78937e-11 1.80906e-10 0.135734)
(-7.0882e-12 1.35798e-10 0.0940822)
(-4.86554e-11 -7.06564e-11 0.0756704)
(-1.46136e-10 -6.86227e-11 0.109887)
(-1.42017e-10 -3.54473e-12 0.12848)
(-1.40224e-10 2.24808e-11 0.128482)
(5.33007e-11 1.15029e-10 0.109892)
(2.19948e-11 9.46425e-11 0.0756785)
(-2.42385e-11 -2.26931e-11 0.0511959)
(-9.62014e-11 -1.95773e-11 0.0752074)
(-8.97379e-11 9.75383e-12 0.0884822)
(-9.78263e-11 -1.69974e-11 0.0884832)
(3.06446e-11 -2.02328e-11 0.0752105)
(1.3479e-11 -8.18887e-12 0.0512011)
(-9.60821e-12 1.46119e-11 0.0187087)
(-3.93488e-11 1.16392e-11 0.0281877)
(-3.87831e-11 1.1326e-11 0.0334971)
(-6.306e-11 -2.15864e-11 0.0334975)
(6.15693e-13 -7.38527e-11 0.0281887)
(1.05307e-11 -3.57261e-11 0.0187105)
(-1.4738e-10 7.88734e-11 0.132615)
(-1.85234e-10 6.48538e-11 0.190087)
(-1.72477e-10 3.35674e-11 0.218477)
(-1.54673e-10 7.02465e-11 0.218479)
(-7.3115e-11 8.35191e-11 0.190095)
(-1.79769e-10 9.92974e-11 0.132628)
(-1.58298e-10 8.27886e-11 0.126447)
(-1.69764e-10 7.71574e-11 0.181316)
(-1.58077e-10 3.09147e-11 0.208895)
(-1.48196e-10 5.8097e-11 0.208898)
(-7.01412e-11 7.3746e-11 0.181324)
(-1.81503e-10 8.85171e-11 0.12646)
(-1.63558e-10 4.43561e-11 0.118436)
(-1.47669e-10 6.97305e-11 0.169971)
(-1.38462e-10 2.35037e-11 0.196369)
(-1.37472e-10 4.97384e-11 0.196371)
(-6.71138e-11 6.60554e-11 0.169978)
(-1.75911e-10 8.28549e-11 0.118448)
(-1.66039e-10 4.67178e-11 0.107936)
(-1.23172e-10 7.82746e-11 0.155181)
(-1.15583e-10 1.80624e-11 0.179866)
(-1.23091e-10 3.80721e-11 0.179869)
(-6.32759e-11 5.0702e-11 0.155188)
(-1.60053e-10 8.2882e-11 0.107948)
(-1.60473e-10 6.58278e-11 0.094072)
(-9.97249e-11 8.15671e-11 0.135728)
(-9.20587e-11 1.35119e-11 0.157933)
(-1.04603e-10 2.38666e-11 0.157934)
(-5.2807e-11 4.34159e-11 0.135734)
(-1.3906e-10 6.33156e-11 0.0940822)
(-1.35024e-10 5.59757e-11 0.0756704)
(-7.14437e-11 4.15326e-11 0.109887)
(-6.69504e-11 3.13323e-12 0.12848)
(-7.93921e-11 1.18805e-11 0.128482)
(-4.61192e-11 3.89427e-11 0.109892)
(-1.13099e-10 2.06876e-11 0.0756785)
(-7.19316e-11 -1.01359e-11 0.0511959)
(-2.88449e-11 -3.90089e-11 0.0752074)
(-3.13283e-11 -1.36646e-11 0.0884822)
(-4.85347e-11 4.09363e-12 0.0884832)
(-3.28319e-11 2.8087e-11 0.0752105)
(-6.1656e-11 3.0143e-11 0.0512011)
(-8.60802e-12 -4.73458e-11 0.0187087)
(1.62771e-11 -4.94873e-11 0.0281877)
(1.21129e-11 -1.06416e-11 0.0334971)
(-9.13011e-12 1.79929e-12 0.0334975)
(-5.86118e-12 1.43411e-11 0.0281887)
(-1.39447e-11 2.39925e-11 0.0187105)
(-6.49933e-11 -9.56538e-11 0.132615)
(-1.22015e-10 8.36781e-12 0.190087)
(4.74926e-11 -1.51124e-11 0.218477)
(-2.18351e-10 1.07525e-10 0.218479)
(2.96201e-10 1.20329e-10 0.190095)
(-3.92931e-10 4.26455e-10 0.132628)
(-6.22614e-11 -1.09826e-10 0.126447)
(-1.46494e-10 -1.33308e-11 0.181316)
(3.63603e-11 -1.37123e-11 0.208895)
(-2.54354e-10 1.04423e-10 0.208898)
(2.96053e-10 1.84493e-10 0.181324)
(-3.55846e-10 4.25051e-10 0.12646)
(-5.44154e-11 -9.50292e-11 0.118436)
(-1.64528e-10 -2.92752e-11 0.169971)
(2.30942e-11 -8.80687e-12 0.196369)
(-2.80323e-10 9.62703e-11 0.196371)
(2.87686e-10 1.97854e-10 0.169978)
(-2.94267e-10 3.65051e-10 0.118448)
(-3.78261e-11 -1.02306e-10 0.107936)
(-1.70454e-10 -5.42865e-11 0.155181)
(1.26555e-11 -8.99031e-12 0.179866)
(-2.86347e-10 9.37925e-11 0.179869)
(2.79967e-10 2.62313e-10 0.155188)
(-2.06144e-10 3.21302e-10 0.107948)
(-1.66876e-11 -1.14775e-10 0.094072)
(-1.60006e-10 -7.62996e-11 0.135728)
(9.7712e-12 -8.90119e-12 0.157933)
(-2.62685e-10 8.1747e-11 0.157934)
(2.71273e-10 3.12058e-10 0.135734)
(-1.06473e-10 2.6365e-10 0.0940822)
(2.95136e-13 -1.01254e-10 0.0756704)
(-1.3522e-10 -6.53278e-11 0.109887)
(1.43671e-11 3.08604e-12 0.12848)
(-2.13225e-10 3.94618e-11 0.128482)
(2.35822e-10 2.09734e-10 0.109892)
(-2.88521e-11 1.49613e-10 0.0756785)
(-5.32801e-12 -3.55511e-11 0.0511959)
(-1.02724e-10 -7.41272e-12 0.0752074)
(1.08606e-11 2.67971e-11 0.0884822)
(-1.72795e-10 -3.36231e-11 0.0884832)
(1.33834e-10 -5.69972e-11 0.0752105)
(-1.02623e-12 -1.6536e-11 0.0512011)
(-1.03786e-11 2.16741e-11 0.0187087)
(-5.55004e-11 2.01725e-11 0.0281877)
(-1.0444e-11 2.51581e-11 0.0334971)
(-1.37287e-10 -4.09249e-11 0.0334975)
(2.51362e-11 -1.52669e-10 0.0281887)
(2.06329e-11 -5.56922e-11 0.0187105)
(-3.51986e-10 -9.84075e-11 0.132615)
(-3.53965e-10 -2.50825e-11 0.190087)
(-2.68315e-10 -7.83743e-12 0.218477)
(-2.08986e-10 -9.33734e-11 0.218479)
(-3.47553e-10 -2.28644e-11 0.190095)
(-6.94127e-11 -1.48268e-10 0.132628)
(-3.77074e-10 -8.51405e-11 0.126447)
(-3.52014e-10 -2.13517e-13 0.181316)
(-2.69378e-10 -1.40814e-11 0.208895)
(-2.10561e-10 -9.74515e-11 0.208898)
(-3.65794e-10 -4.7329e-11 0.181324)
(-9.94123e-11 -1.35672e-10 0.12646)
(-3.91055e-10 -1.06398e-10 0.118436)
(-3.38114e-10 2.28026e-12 0.169971)
(-2.6408e-10 -2.52455e-11 0.196369)
(-2.0713e-10 -9.548e-11 0.196371)
(-3.73376e-10 -4.98551e-11 0.169978)
(-1.27164e-10 -9.35938e-11 0.118448)
(-3.92544e-10 -9.18412e-11 0.107936)
(-3.13853e-10 2.1468e-11 0.155181)
(-2.54007e-10 -2.98549e-11 0.179866)
(-1.98599e-10 -1.0077e-10 0.179869)
(-3.69195e-10 -7.06376e-11 0.155188)
(-1.49153e-10 -5.01261e-11 0.107948)
(-3.72402e-10 -6.1719e-11 0.094072)
(-2.79976e-10 3.6283e-11 0.135728)
(-2.42413e-10 -3.41325e-11 0.157933)
(-1.84373e-10 -8.68172e-11 0.157934)
(-3.46067e-10 -8.78436e-11 0.135734)
(-1.59717e-10 -7.12318e-12 0.0940822)
(-3.14363e-10 -5.50927e-11 0.0756704)
(-2.2605e-10 3.40216e-12 0.109887)
(-2.1673e-10 -4.47548e-11 0.12848)
(-1.55763e-10 -1.85298e-11 0.128482)
(-2.96823e-10 -4.90205e-11 0.109892)
(-1.45949e-10 4.04799e-11 0.0756785)
(-1.96002e-10 -9.59052e-11 0.0511959)
(-1.34795e-10 -8.50721e-11 0.0752074)
(-1.5061e-10 -5.68732e-11 0.0884822)
(-9.62611e-11 4.74939e-11 0.0884832)
(-1.9961e-10 4.89978e-11 0.0752105)
(-9.9228e-11 8.76419e-11 0.0512011)
(-5.62471e-11 -8.44159e-11 0.0187087)
(-2.04492e-11 -8.08209e-11 0.0281877)
(-3.19651e-11 -3.51329e-11 0.0334971)
(-1.44328e-12 3.94871e-11 0.0334975)
(-7.17387e-11 7.54473e-11 0.0281887)
(-4.40042e-11 4.68587e-11 0.0187105)
(1.37148e-11 -1.26049e-10 0.132615)
(-3.83691e-10 -1.14086e-10 0.190087)
(-5.46244e-11 2.91009e-11 0.218477)
(-3.28108e-10 1.42953e-10 0.218479)
(1.80191e-10 4.12309e-11 0.190095)
(-5.24584e-10 2.53642e-10 0.132628)
(2.60198e-11 -1.51237e-10 0.126447)
(-4.19579e-10 -1.30216e-10 0.181316)
(-7.01429e-11 3.97737e-11 0.208895)
(-3.50946e-10 1.58433e-10 0.208898)
(1.96849e-10 8.75947e-11 0.181324)
(-5.04835e-10 2.36681e-10 0.12646)
(3.42212e-11 -1.44211e-10 0.118436)
(-4.39806e-10 -1.35237e-10 0.169971)
(-8.22683e-11 5.17625e-11 0.196369)
(-3.58342e-10 1.70326e-10 0.196371)
(2.08915e-10 1.09995e-10 0.169978)
(-4.57518e-10 2.00343e-10 0.118448)
(4.12706e-11 -1.72484e-10 0.107936)
(-4.34468e-10 -1.52852e-10 0.155181)
(-8.17606e-11 5.15169e-11 0.179866)
(-3.44172e-10 1.90935e-10 0.179869)
(2.17302e-10 1.54997e-10 0.155188)
(-3.83143e-10 1.3767e-10 0.107948)
(4.4297e-11 -2.05969e-10 0.094072)
(-3.97366e-10 -1.65397e-10 0.135728)
(-6.00771e-11 4.60579e-11 0.157933)
(-3.05011e-10 1.8312e-10 0.157934)
(2.15362e-10 1.86636e-10 0.135734)
(-2.88217e-10 6.04404e-11 0.0940822)
(3.44366e-11 -1.95782e-10 0.0756704)
(-3.29291e-10 -1.25699e-10 0.109887)
(-2.18455e-11 4.40267e-11 0.12848)
(-2.47023e-10 1.00164e-10 0.128482)
(1.93457e-10 1.35179e-10 0.109892)
(-1.83602e-10 -1.22198e-11 0.0756785)
(-8.01016e-12 -8.00642e-11 0.0511959)
(-2.42194e-10 -1.65417e-11 0.0752074)
(4.69545e-12 4.61956e-11 0.0884822)
(-1.84562e-10 -1.31255e-11 0.0884832)
(1.37803e-10 -1.64797e-13 0.0752105)
(-7.67052e-11 -3.79175e-11 0.0512011)
(-2.88467e-11 3.49671e-11 0.0187087)
(-1.2326e-10 3.28831e-11 0.0281877)
(-2.81679e-12 2.90158e-11 0.0334971)
(-1.09742e-10 -3.79203e-11 0.0334975)
(7.78003e-11 -6.86862e-11 0.0281887)
(1.41078e-11 9.87617e-12 0.0187105)
(4.18258e-11 1.07097e-11 0.132615)
(-4.85224e-10 -1.5938e-10 0.190087)
(-2.38598e-10 -1.35371e-10 0.218477)
(-4.27683e-10 -1.43324e-10 0.218479)
(-2.66474e-10 -1.24477e-10 0.190095)
(-6.03677e-10 1.33632e-10 0.132628)
(3.79981e-11 2.07279e-11 0.126447)
(-4.7958e-10 -1.17552e-10 0.181316)
(-2.32582e-10 -1.15693e-10 0.208895)
(-4.39678e-10 -1.26204e-10 0.208898)
(-2.87077e-10 -1.12544e-10 0.181324)
(-6.32308e-10 1.51531e-10 0.12646)
(2.26201e-11 -9.18376e-12 0.118436)
(-4.59766e-10 -1.00095e-10 0.169971)
(-2.22109e-10 -9.7312e-11 0.196369)
(-4.36573e-10 -9.78771e-11 0.196371)
(-2.96494e-10 -8.37108e-11 0.169978)
(-6.28932e-10 1.70289e-10 0.118448)
(-8.6414e-12 -8.94822e-12 0.107936)
(-4.2721e-10 -6.0652e-11 0.155181)
(-2.0739e-10 -7.29295e-11 0.179866)
(-4.15157e-10 -6.94094e-11 0.179869)
(-2.90151e-10 -5.68643e-11 0.155188)
(-5.85296e-10 1.77974e-10 0.107948)
(-4.75971e-11 6.09821e-12 0.094072)
(-3.82968e-10 -2.55138e-11 0.135728)
(-1.8825e-10 -4.83374e-11 0.157933)
(-3.74046e-10 -3.90189e-11 0.157934)
(-2.63914e-10 -3.04547e-11 0.135734)
(-4.99657e-10 1.72558e-10 0.0940822)
(-7.56727e-11 -2.85687e-12 0.0756704)
(-3.14205e-10 -3.88149e-11 0.109887)
(-1.58051e-10 -3.77395e-11 0.12848)
(-3.08564e-10 -3.19862e-12 0.128482)
(-2.12373e-10 6.14968e-12 0.109892)
(-3.73195e-10 1.55196e-10 0.0756785)
(-6.66072e-11 -4.23964e-11 0.0511959)
(-2.05595e-10 -9.90099e-11 0.0752074)
(-9.87792e-11 -4.13562e-11 0.0884822)
(-2.06828e-10 2.82674e-11 0.0884832)
(-1.32288e-10 5.02479e-11 0.0752105)
(-2.16192e-10 1.2872e-10 0.0512011)
(-2.9117e-11 -4.4847e-11 0.0187087)
(-6.32086e-11 -7.98864e-11 0.0281877)
(-7.926e-12 -2.30501e-11 0.0334971)
(-6.22851e-11 2.55456e-11 0.0334975)
(-3.5726e-11 4.24087e-11 0.0281887)
(-5.94829e-11 6.22094e-11 0.0187105)
(3.81407e-10 -6.39645e-11 0.132615)
(9.8818e-11 -2.68679e-10 0.190087)
(-5.05664e-12 -2.28716e-10 0.218477)
(-1.26805e-10 -2.01784e-10 0.218479)
(-2.37331e-10 -8.24162e-11 0.190095)
(-3.73257e-10 1.28583e-10 0.132628)
(4.14782e-10 -4.93493e-11 0.126447)
(1.11954e-10 -2.62937e-10 0.181316)
(-7.84292e-12 -2.15985e-10 0.208895)
(-1.39133e-10 -1.80403e-10 0.208898)
(-2.59911e-10 -6.29909e-11 0.181324)
(-3.86858e-10 1.42079e-10 0.12646)
(4.25891e-10 1.36299e-11 0.118436)
(1.15138e-10 -2.24113e-10 0.169971)
(-1.19428e-11 -1.89669e-10 0.196369)
(-1.45556e-10 -1.5549e-10 0.196371)
(-2.72066e-10 -4.32344e-11 0.169978)
(-3.84682e-10 1.57185e-10 0.118448)
(4.14626e-10 2.85595e-11 0.107936)
(1.10596e-10 -1.99761e-10 0.155181)
(-1.33195e-11 -1.57988e-10 0.179866)
(-1.41704e-10 -1.22638e-10 0.179869)
(-2.67717e-10 -2.06758e-11 0.155188)
(-3.62346e-10 1.6653e-10 0.107948)
(3.76591e-10 1.5765e-11 0.094072)
(1.01957e-10 -1.67449e-10 0.135728)
(-7.01911e-12 -1.17833e-10 0.157933)
(-1.2318e-10 -8.22405e-11 0.157934)
(-2.42182e-10 2.34275e-12 0.135734)
(-3.17687e-10 1.64675e-10 0.0940822)
(3.00406e-10 2.28038e-11 0.0756704)
(8.17995e-11 -8.51802e-11 0.109887)
(6.18781e-12 -6.09669e-11 0.12848)
(-8.86997e-11 -4.21531e-11 0.128482)
(-1.92109e-10 1.71922e-11 0.109892)
(-2.48888e-10 1.48414e-10 0.0756785)
(1.73099e-10 7.51573e-11 0.0511959)
(4.02149e-11 4.00481e-11 0.0752074)
(1.05771e-11 1.36979e-13 0.0884822)
(-4.56347e-11 -1.27599e-11 0.0884832)
(-1.18641e-10 1.81419e-11 0.0752105)
(-1.58464e-10 1.07138e-10 0.0512011)
(4.14576e-11 7.62877e-11 0.0187087)
(-9.1614e-12 6.44081e-11 0.0281877)
(-6.69748e-12 1.76857e-11 0.0334971)
(-9.36231e-12 -1.52915e-12 0.0334975)
(-3.29053e-11 6.11504e-12 0.0281887)
(-5.15606e-11 3.67503e-11 0.0187105)
(5.59639e-10 1.85828e-10 0.132615)
(1.09802e-10 -1.07492e-10 0.190087)
(9.79725e-11 -1.79837e-10 0.218477)
(-6.04032e-11 -1.70621e-10 0.218479)
(-1.41978e-10 -2.13434e-11 0.190095)
(-2.87535e-10 1.34306e-10 0.132628)
(5.63911e-10 2.03119e-10 0.126447)
(1.4586e-10 -6.20953e-11 0.181316)
(1.23543e-10 -1.58324e-10 0.208895)
(-5.73336e-11 -1.54366e-10 0.208898)
(-1.50604e-10 -1.41452e-11 0.181324)
(-2.93791e-10 1.36652e-10 0.12646)
(5.38264e-10 1.90377e-10 0.118436)
(1.7285e-10 -3.00721e-11 0.169971)
(1.41198e-10 -1.33215e-10 0.196369)
(-5.45498e-11 -1.3152e-10 0.196371)
(-1.55995e-10 -5.79582e-12 0.169978)
(-2.8973e-10 1.36317e-10 0.118448)
(4.74794e-10 1.94287e-10 0.107936)
(1.81432e-10 1.46454e-11 0.155181)
(1.46655e-10 -1.01628e-10 0.179866)
(-5.22422e-11 -1.06156e-10 0.179869)
(-1.55048e-10 1.55785e-12 0.155188)
(-2.72258e-10 1.30408e-10 0.107948)
(3.78775e-10 1.98026e-10 0.094072)
(1.64696e-10 5.4723e-11 0.135728)
(1.36658e-10 -6.73663e-11 0.157933)
(-4.948e-11 -7.67699e-11 0.157934)
(-1.4418e-10 7.75823e-12 0.135734)
(-2.39464e-10 1.1794e-10 0.0940822)
(2.62854e-10 1.67847e-10 0.0756704)
(1.26468e-10 5.32719e-11 0.109887)
(1.12135e-10 -4.17409e-11 0.12848)
(-4.41149e-11 -4.22205e-11 0.128482)
(-1.18793e-10 1.68543e-11 0.109892)
(-1.89029e-10 9.85957e-11 0.0756785)
(1.51213e-10 9.29726e-11 0.0511959)
(7.81723e-11 2.37765e-12 0.0752074)
(8.11524e-11 -2.84243e-11 0.0884822)
(-3.10354e-11 -8.7434e-12 0.0884832)
(-7.62752e-11 2.79509e-11 0.0752105)
(-1.1959e-10 7.52735e-11 0.0512011)
(4.41185e-11 1.41629e-11 0.0187087)
(2.55071e-11 -2.44796e-11 0.0281877)
(4.49512e-11 -1.06175e-11 0.0334971)
(-7.72791e-12 7.34532e-12 0.0334975)
(-2.14633e-11 1.93074e-11 0.0281887)
(-3.86626e-11 3.30289e-11 0.0187105)
(5.20069e-10 1.17225e-10 0.132615)
(4.95192e-10 -6.09147e-11 0.190087)
(2.34998e-10 -1.55315e-10 0.218477)
(7.33993e-11 -1.12988e-10 0.218479)
(-8.5885e-11 -3.44182e-13 0.190095)
(-1.35927e-10 7.49633e-11 0.132628)
(5.45695e-10 1.20264e-10 0.126447)
(5.11405e-10 -6.65308e-11 0.181316)
(2.42019e-10 -1.42441e-10 0.208895)
(7.57666e-11 -1.02028e-10 0.208898)
(-8.99418e-11 5.05415e-12 0.181324)
(-1.35649e-10 7.59171e-11 0.12646)
(5.52301e-10 1.59493e-10 0.118436)
(5.07508e-10 -4.68971e-11 0.169971)
(2.39548e-10 -1.1944e-10 0.196369)
(7.43743e-11 -8.94719e-11 0.196371)
(-9.20239e-11 8.84696e-12 0.169978)
(-1.31368e-10 7.68517e-11 0.118448)
(5.37311e-10 1.59537e-10 0.107936)
(4.81426e-10 -4.01926e-11 0.155181)
(2.26374e-10 -9.58265e-11 0.179866)
(6.92022e-11 -7.1933e-11 0.179869)
(-9.07833e-11 1.51386e-11 0.155188)
(-1.22027e-10 7.53515e-11 0.107948)
(4.91999e-10 1.37333e-10 0.094072)
(4.31912e-10 -3.00395e-11 0.135728)
(2.0261e-10 -6.6401e-11 0.157933)
(6.07474e-11 -5.16588e-11 0.157934)
(-8.47452e-11 2.12648e-11 0.135734)
(-1.06874e-10 6.96142e-11 0.0940822)
(4.02431e-10 1.266e-10 0.0756704)
(3.48134e-10 1.51175e-11 0.109887)
(1.64233e-10 -2.86358e-11 0.12848)
(4.87662e-11 -3.15605e-11 0.128482)
(-7.24389e-11 2.15944e-11 0.109892)
(-8.4784e-11 5.89659e-11 0.0756785)
(2.51272e-10 1.39341e-10 0.0511959)
(2.18299e-10 8.90602e-11 0.0752074)
(1.00038e-10 1.24935e-11 0.0884822)
(3.05896e-11 -1.7688e-11 0.0884832)
(-5.18804e-11 1.3674e-11 0.0752105)
(-5.52734e-11 4.07154e-11 0.0512011)
(7.43764e-11 9.05139e-11 0.0187087)
(5.47755e-11 7.40048e-11 0.0281877)
(1.14339e-11 1.80428e-11 0.0334971)
(5.16527e-12 -5.75645e-12 0.0334975)
(-2.03835e-11 2.83146e-12 0.0281887)
(-1.87857e-11 1.33507e-11 0.0187105)
(3.2087e-10 2.63521e-10 0.132615)
(1.50576e-10 1.22374e-10 0.190087)
(1.05074e-10 -2.82565e-11 0.218477)
(-7.63469e-11 -4.47683e-11 0.218479)
(-1.28648e-10 2.28654e-11 0.190095)
(-2.48703e-10 1.12491e-10 0.132628)
(3.07238e-10 2.61054e-10 0.126447)
(1.68405e-10 1.47289e-10 0.181316)
(1.24307e-10 -1.47876e-11 0.208895)
(-7.12774e-11 -3.85706e-11 0.208898)
(-1.28809e-10 2.32091e-11 0.181324)
(-2.51712e-10 1.07914e-10 0.12646)
(2.82352e-10 2.14587e-10 0.118436)
(1.83103e-10 1.45504e-10 0.169971)
(1.382e-10 -5.37821e-12 0.196369)
(-6.49341e-11 -2.79787e-11 0.196371)
(-1.26801e-10 2.64797e-11 0.169978)
(-2.45402e-10 9.92707e-11 0.118448)
(2.39842e-10 1.9932e-10 0.107936)
(1.862e-10 1.59064e-10 0.155181)
(1.41347e-10 5.96531e-12 0.179866)
(-5.91859e-11 -2.07183e-11 0.179869)
(-1.21551e-10 2.58828e-11 0.155188)
(-2.27027e-10 8.74332e-11 0.107948)
(1.83324e-10 1.95054e-10 0.094072)
(1.698e-10 1.63071e-10 0.135728)
(1.28063e-10 1.27452e-11 0.157933)
(-5.54799e-11 -1.52327e-11 0.157934)
(-1.1086e-10 2.47439e-11 0.135734)
(-1.95583e-10 7.32194e-11 0.0940822)
(1.2372e-10 1.57626e-10 0.0756704)
(1.37161e-10 1.1353e-10 0.109887)
(9.86836e-11 4.19601e-12 0.12848)
(-5.2607e-11 -7.47724e-12 0.128482)
(-9.16179e-11 2.75181e-11 0.109892)
(-1.50251e-10 5.7714e-11 0.0756785)
(8.02382e-11 6.74419e-11 0.0511959)
(9.67397e-11 8.15052e-12 0.0752074)
(6.63438e-11 -1.82823e-11 0.0884822)
(-4.20935e-11 2.02383e-12 0.0884832)
(-5.98862e-11 3.43523e-11 0.0752105)
(-9.07165e-11 4.78584e-11 0.0512011)
(3.09551e-11 -8.64147e-12 0.0187087)
(4.3323e-11 -3.73671e-11 0.0281877)
(3.84081e-11 -1.56908e-11 0.0334971)
(-1.40755e-11 6.72109e-12 0.0334975)
(-1.65002e-11 2.14321e-11 0.0281887)
(-2.63945e-11 2.70851e-11 0.0187105)
(2.48099e-10 6.2228e-11 0.132615)
(3.08706e-10 4.77645e-11 0.190087)
(1.42375e-10 -1.68187e-11 0.218477)
(-1.5682e-11 -2.1222e-11 0.218479)
(-1.32096e-10 2.51935e-11 0.190095)
(-1.15904e-10 5.3129e-11 0.132628)
(2.57315e-10 5.51642e-11 0.126447)
(3.03434e-10 2.92408e-11 0.181316)
(1.36826e-10 -1.63749e-11 0.208895)
(-1.87138e-11 -1.57532e-11 0.208898)
(-1.34517e-10 2.7271e-11 0.181324)
(-1.15891e-10 5.32905e-11 0.12646)
(2.60372e-10 7.92225e-11 0.118436)
(2.89143e-10 2.83735e-11 0.169971)
(1.27734e-10 -1.0627e-11 0.196369)
(-2.04197e-11 -1.16025e-11 0.196371)
(-1.32906e-10 2.82632e-11 0.169978)
(-1.12445e-10 5.15864e-11 0.118448)
(2.57959e-10 7.10909e-11 0.107936)
(2.67377e-10 1.40625e-11 0.155181)
(1.16097e-10 -7.05605e-12 0.179866)
(-1.97243e-11 -5.38981e-12 0.179869)
(-1.25694e-10 3.19556e-11 0.155188)
(-1.04224e-10 5.14335e-11 0.107948)
(2.43625e-10 4.74567e-11 0.094072)
(2.3864e-10 2.34626e-12 0.135728)
(1.02819e-10 -3.026e-12 0.157933)
(-1.59242e-11 6.55256e-13 0.157934)
(-1.11702e-10 3.52242e-11 0.135734)
(-9.0171e-11 5.09503e-11 0.0940822)
(2.06335e-10 4.08971e-11 0.0756704)
(1.94376e-10 2.22432e-11 0.109887)
(8.53822e-11 6.56485e-12 0.12848)
(-9.61855e-12 3.30086e-12 0.128482)
(-9.04406e-11 3.00868e-11 0.109892)
(-7.02487e-11 4.57736e-11 0.0756785)
(1.28857e-10 6.64659e-11 0.0511959)
(1.23092e-10 7.15233e-11 0.0752074)
(5.24925e-11 2.07342e-11 0.0884822)
(-4.34789e-12 7.28845e-14 0.0884832)
(-6.07047e-11 1.62489e-11 0.0752105)
(-4.51156e-11 3.20186e-11 0.0512011)
(3.60121e-11 5.72854e-11 0.0187087)
(2.87013e-11 5.74604e-11 0.0281877)
(1.93952e-12 1.41983e-11 0.0334971)
(-3.76161e-12 -2.81702e-12 0.0334975)
(-2.21035e-11 2.06573e-12 0.0281887)
(-1.48574e-11 9.62093e-12 0.0187105)
(1.09924e-10 1.63571e-10 0.132615)
(-8.8209e-11 1.16758e-10 0.190087)
(-1.24369e-11 4.7456e-11 0.218477)
(-1.62819e-10 7.99361e-12 0.218479)
(-1.48613e-10 3.07118e-11 0.190095)
(-2.07456e-10 7.86738e-11 0.132628)
(9.06088e-11 1.58381e-10 0.126447)
(-8.44445e-11 1.3683e-10 0.181316)
(-3.13472e-12 5.28391e-11 0.208895)
(-1.61941e-10 1.11567e-11 0.208898)
(-1.46954e-10 2.96665e-11 0.181324)
(-2.10104e-10 7.34593e-11 0.12646)
(6.63372e-11 1.0677e-10 0.118436)
(-7.42785e-11 1.27409e-10 0.169971)
(6.05078e-12 5.23934e-11 0.196369)
(-1.56081e-10 1.75503e-11 0.196371)
(-1.42224e-10 3.09033e-11 0.169978)
(-2.04904e-10 6.3661e-11 0.118448)
(3.25624e-11 9.21621e-11 0.107936)
(-6.28849e-11 1.35463e-10 0.155181)
(1.18577e-11 5.08311e-11 0.179866)
(-1.45791e-10 1.86984e-11 0.179869)
(-1.33333e-10 2.94944e-11 0.155188)
(-1.89332e-10 5.37462e-11 0.107948)
(-4.75896e-12 9.44851e-11 0.094072)
(-5.61888e-11 1.34513e-10 0.135728)
(1.05028e-11 4.31662e-11 0.157933)
(-1.31619e-10 1.63789e-11 0.157934)
(-1.17898e-10 2.75e-11 0.135734)
(-1.62319e-10 4.4817e-11 0.0940822)
(-3.03615e-11 6.84625e-11 0.0756704)
(-4.70667e-11 7.94884e-11 0.109887)
(3.94172e-12 1.74046e-11 0.12848)
(-1.12123e-10 1.31398e-11 0.128482)
(-9.40105e-11 2.74517e-11 0.109892)
(-1.23857e-10 3.57805e-11 0.0756785)
(-2.26428e-11 -1.15829e-12 0.0511959)
(-2.47483e-11 -2.83127e-11 0.0752074)
(6.51167e-12 -1.90919e-11 0.0884822)
(-7.90548e-11 1.2832e-11 0.0884832)
(-5.86362e-11 3.24333e-11 0.0752105)
(-7.35764e-11 3.3492e-11 0.0512011)
(-4.7989e-12 -3.72777e-11 0.0187087)
(3.04971e-12 -5.74492e-11 0.0281877)
(2.28809e-11 -2.07669e-11 0.0334971)
(-2.49706e-11 8.96169e-12 0.0334975)
(-1.4399e-11 1.9422e-11 0.0281887)
(-2.06455e-11 2.1941e-11 0.0187105)
(-4.1328e-11 -9.20926e-12 0.132615)
(5.05544e-11 2.30961e-11 0.190087)
(-6.26989e-11 1.55563e-13 0.218477)
(-1.70367e-10 9.73522e-13 0.218479)
(-2.12179e-10 6.18801e-12 0.190095)
(-2.0926e-10 4.5094e-11 0.132628)
(-3.38638e-11 -2.13183e-11 0.126447)
(3.70115e-11 4.71263e-12 0.181316)
(-7.35916e-11 2.61272e-12 0.208895)
(-1.75674e-10 5.41259e-12 0.208898)
(-2.15334e-10 1.04084e-11 0.181324)
(-2.11513e-10 4.504e-11 0.12646)
(-2.10282e-11 -1.50635e-11 0.118436)
(2.46108e-11 -3.4403e-12 0.169971)
(-8.03985e-11 5.79869e-12 0.196369)
(-1.74124e-10 1.02599e-11 0.196371)
(-2.11031e-10 1.76131e-11 0.169978)
(-2.0512e-10 4.47079e-11 0.118448)
(-1.67083e-12 -2.28296e-11 0.107936)
(1.69319e-11 -1.60287e-11 0.155181)
(-8.10713e-11 6.5234e-12 0.179866)
(-1.64014e-10 1.47744e-11 0.179869)
(-1.97256e-10 2.57828e-11 0.155188)
(-1.87837e-10 4.40313e-11 0.107948)
(1.84431e-11 -3.18992e-11 0.094072)
(1.59587e-11 -2.59553e-11 0.135728)
(-7.41998e-11 5.36254e-12 0.157933)
(-1.44192e-10 1.68652e-11 0.157934)
(-1.72535e-10 3.28782e-11 0.135734)
(-1.59045e-10 4.36624e-11 0.0940822)
(3.20048e-11 -2.41438e-11 0.0756704)
(1.73264e-11 -1.48531e-11 0.109887)
(-6.01832e-11 5.90592e-12 0.12848)
(-1.13923e-10 1.5057e-11 0.128482)
(-1.35922e-10 3.60776e-11 0.109892)
(-1.19111e-10 4.09684e-11 0.0756785)
(2.40092e-11 7.74136e-12 0.0511959)
(1.26231e-11 1.68653e-11 0.0752074)
(-4.37998e-11 8.10473e-12 0.0884822)
(-7.35379e-11 8.06806e-12 0.0884832)
(-8.64214e-11 3.0544e-11 0.0752105)
(-7.00912e-11 3.54731e-11 0.0512011)
(6.16282e-12 2.29403e-11 0.0187087)
(-2.30614e-13 2.27324e-11 0.0281877)
(-2.4836e-11 4.9415e-12 0.0334971)
(-2.44218e-11 1.77243e-12 0.0334975)
(-2.60629e-11 1.30746e-11 0.0281887)
(-1.91665e-11 1.8207e-11 0.0187105)
(-2.33077e-10 7.87452e-11 0.132615)
(-3.43824e-10 1.02506e-10 0.190087)
(-2.67646e-10 5.54679e-11 0.218477)
(-3.42894e-10 1.75609e-11 0.218479)
(-3.09791e-10 2.22052e-11 0.190095)
(-3.32894e-10 1.01567e-10 0.132628)
(-2.5615e-10 6.6366e-11 0.126447)
(-3.47996e-10 1.21374e-10 0.181316)
(-2.63611e-10 6.19852e-11 0.208895)
(-3.45296e-10 2.00893e-11 0.208898)
(-3.13456e-10 2.23005e-11 0.181324)
(-3.39404e-10 9.81901e-11 0.12646)
(-2.69e-10 7.60486e-13 0.118436)
(-3.35764e-10 1.04991e-10 0.169971)
(-2.4954e-10 5.82534e-11 0.196369)
(-3.35664e-10 2.7775e-11 0.196371)
(-3.07292e-10 3.00008e-11 0.169978)
(-3.32686e-10 9.18252e-11 0.118448)
(-2.73975e-10 -1.5489e-11 0.107936)
(-3.09247e-10 1.11212e-10 0.155181)
(-2.26677e-10 5.52508e-11 0.179866)
(-3.12807e-10 2.90104e-11 0.179869)
(-2.88475e-10 3.24233e-11 0.155188)
(-3.08831e-10 8.26252e-11 0.107948)
(-2.64752e-10 -2.77287e-12 0.094072)
(-2.71655e-10 1.10746e-10 0.135728)
(-1.97727e-10 4.5232e-11 0.157933)
(-2.76446e-10 2.56504e-11 0.157934)
(-2.53531e-10 3.41602e-11 0.135734)
(-2.65945e-10 7.27034e-11 0.0940822)
(-2.24826e-10 -1.35275e-11 0.0756704)
(-2.13326e-10 4.97075e-11 0.109887)
(-1.5879e-10 1.46694e-11 0.12848)
(-2.2355e-10 2.31322e-11 0.128482)
(-1.98735e-10 4.14508e-11 0.109892)
(-2.0336e-10 6.16683e-11 0.0756785)
(-1.35851e-10 -6.65102e-11 0.0511959)
(-1.2223e-10 -6.88706e-11 0.0752074)
(-9.34438e-11 -3.02404e-11 0.0884822)
(-1.44576e-10 2.27963e-11 0.0884832)
(-1.21504e-10 5.51732e-11 0.0752105)
(-1.20746e-10 5.80227e-11 0.0512011)
(-3.63317e-11 -6.81288e-11 0.0187087)
(-1.90021e-11 -8.16511e-11 0.0281877)
(-8.06306e-13 -2.81368e-11 0.0334971)
(-3.6918e-11 1.46056e-11 0.0334975)
(-3.05151e-11 3.4822e-11 0.0281887)
(-3.406e-11 3.56089e-11 0.0187105)
(1.60305e-10 -5.36427e-12 0.132615)
(-1.08728e-10 -2.82008e-12 0.190087)
(2.49983e-11 4.2693e-11 0.218477)
(-1.49017e-10 2.39324e-12 0.218479)
(-9.63277e-11 2.72796e-11 0.190095)
(-1.95618e-10 7.41363e-11 0.132628)
(1.6259e-10 -1.99858e-11 0.126447)
(-1.24747e-10 -1.6325e-12 0.181316)
(2.39822e-11 4.45927e-11 0.208895)
(-1.50938e-10 1.18478e-11 0.208898)
(-9.20275e-11 2.77721e-11 0.181324)
(-1.97316e-10 6.9554e-11 0.12646)
(1.55224e-10 -1.51358e-11 0.118436)
(-1.35988e-10 1.20971e-12 0.169971)
(2.35554e-11 4.87199e-11 0.196369)
(-1.4536e-10 1.98965e-11 0.196371)
(-8.51516e-11 2.58797e-11 0.169978)
(-1.91895e-10 6.24372e-11 0.118448)
(1.40102e-10 -3.37469e-11 0.107936)
(-1.37697e-10 1.29479e-12 0.155181)
(2.61628e-11 5.01119e-11 0.179866)
(-1.3053e-10 2.46556e-11 0.179869)
(-7.44211e-11 2.32106e-11 0.155188)
(-1.77087e-10 5.23323e-11 0.107948)
(1.17373e-10 -6.11812e-11 0.094072)
(-1.25359e-10 6.5476e-13 0.135728)
(3.49102e-11 4.41763e-11 0.157933)
(-1.05168e-10 2.72604e-11 0.157934)
(-5.81996e-11 1.96658e-11 0.135734)
(-1.51325e-10 4.24897e-11 0.0940822)
(8.57009e-11 -6.89739e-11 0.0756704)
(-9.79579e-11 7.37783e-12 0.109887)
(4.90472e-11 3.22305e-11 0.12848)
(-6.9962e-11 2.18847e-11 0.128482)
(-3.62707e-11 1.31336e-11 0.109892)
(-1.13645e-10 3.24956e-11 0.0756785)
(3.38864e-11 -2.06881e-11 0.0511959)
(-6.23469e-11 2.22268e-11 0.0752074)
(5.79879e-11 1.65262e-11 0.0884822)
(-2.99075e-11 1.34545e-11 0.0884832)
(-1.00146e-11 5.49551e-12 0.0752105)
(-6.41615e-11 2.8913e-11 0.0512011)
(-7.57481e-12 2.7978e-11 0.0187087)
(-3.31128e-11 1.32395e-11 0.0281877)
(3.83808e-11 3.77283e-12 0.0334971)
(5.38368e-13 2.89278e-12 0.0334975)
(1.10901e-11 -8.56876e-13 0.0281887)
(-1.45546e-11 1.73071e-11 0.0187105)
(2.20375e-10 1.6904e-11 0.132615)
(1.01115e-10 -1.07744e-10 0.190087)
(1.37647e-10 -6.42391e-11 0.218477)
(1.09936e-10 -4.43161e-11 0.218479)
(5.43573e-11 2.28067e-11 0.190095)
(9.24231e-11 3.65528e-11 0.132628)
(2.27889e-10 4.01915e-11 0.126447)
(1.23284e-10 -9.23061e-11 0.181316)
(1.46076e-10 -6.00842e-11 0.208895)
(1.13887e-10 -3.76356e-11 0.208898)
(5.57475e-11 2.28408e-11 0.181324)
(9.33194e-11 3.59874e-11 0.12646)
(2.20765e-10 5.18494e-11 0.118436)
(1.39695e-10 -6.73421e-11 0.169971)
(1.49065e-10 -5.02097e-11 0.196369)
(1.13737e-10 -3.29028e-11 0.196371)
(5.38115e-11 1.5802e-11 0.169978)
(8.84632e-11 2.62348e-11 0.118448)
(1.94653e-10 7.31742e-11 0.107936)
(1.45843e-10 -4.23927e-11 0.155181)
(1.45326e-10 -3.88093e-11 0.179866)
(1.10132e-10 -2.60461e-11 0.179869)
(4.87826e-11 1.3837e-11 0.155188)
(7.82356e-11 2.38104e-11 0.107948)
(1.52715e-10 9.21351e-11 0.094072)
(1.37303e-10 -1.86218e-11 0.135728)
(1.34414e-10 -2.50267e-11 0.157933)
(1.0369e-10 -1.73588e-11 0.157934)
(4.10541e-11 9.55207e-12 0.135734)
(6.34487e-11 2.43489e-11 0.0940822)
(1.00945e-10 9.1408e-11 0.0756704)
(1.11665e-10 4.09016e-12 0.109887)
(1.13781e-10 -6.04918e-12 0.12848)
(9.24196e-11 -1.14235e-11 0.128482)
(3.03166e-11 -1.35765e-12 0.109892)
(4.42732e-11 2.07156e-11 0.0756785)
(5.86949e-11 5.3259e-11 0.0511959)
(7.24677e-11 1.84803e-11 0.0752074)
(7.92106e-11 9.29366e-12 0.0884822)
(6.87064e-11 -1.03241e-11 0.0884832)
(1.57253e-11 -1.7586e-11 0.0752105)
(2.01804e-11 3.1917e-12 0.0512011)
(2.27498e-11 3.65888e-12 0.0187087)
(3.04446e-11 1.40359e-11 0.0281877)
(2.67017e-11 8.71699e-12 0.0334971)
(2.5291e-11 -5.53635e-12 0.0334975)
(-1.10002e-12 -1.40861e-11 0.0281887)
(1.81626e-12 -1.00781e-11 0.0187105)
(3.29102e-10 4.02397e-11 0.132615)
(2.84458e-10 -6.4355e-11 0.190087)
(2.40747e-10 -7.75641e-11 0.218477)
(2.03932e-10 -5.99838e-11 0.218479)
(1.4859e-10 -1.79442e-11 0.190095)
(1.78002e-10 -3.97702e-11 0.132628)
(3.41031e-10 3.93591e-11 0.126447)
(2.87855e-10 -5.49183e-11 0.181316)
(2.47557e-10 -6.98198e-11 0.208895)
(2.10805e-10 -5.55059e-11 0.208898)
(1.54765e-10 -1.94677e-11 0.181324)
(1.81801e-10 -4.15745e-11 0.12646)
(3.39102e-10 5.90539e-11 0.118436)
(2.78047e-10 -3.85943e-11 0.169971)
(2.43274e-10 -5.77016e-11 0.196369)
(2.0835e-10 -5.09306e-11 0.196371)
(1.5374e-10 -2.33726e-11 0.169978)
(1.7666e-10 -4.40375e-11 0.118448)
(3.22311e-10 5.51004e-11 0.107936)
(2.53982e-10 -2.60002e-11 0.155181)
(2.25802e-10 -4.46806e-11 0.179866)
(1.94525e-10 -4.46336e-11 0.179869)
(1.43645e-10 -2.48072e-11 0.155188)
(1.60847e-10 -4.24195e-11 0.107948)
(2.86874e-10 4.04156e-11 0.094072)
(2.16402e-10 -1.23456e-11 0.135728)
(1.9474e-10 -3.06879e-11 0.157933)
(1.68601e-10 -3.54315e-11 0.157934)
(1.23374e-10 -2.46809e-11 0.135734)
(1.3441e-10 -3.80055e-11 0.0940822)
(2.27929e-10 3.43959e-11 0.0756704)
(1.63865e-10 7.91759e-12 0.109887)
(1.49531e-10 -1.51154e-11 0.12848)
(1.30368e-10 -2.44092e-11 0.128482)
(9.27933e-11 -2.58211e-11 0.109892)
(9.83456e-11 -3.15151e-11 0.0756785)
(1.34256e-10 5.28671e-11 0.0511959)
(9.40527e-11 3.22165e-11 0.0752074)
(8.93661e-11 -6.95746e-14 0.0884822)
(7.94547e-11 -1.31584e-11 0.0884832)
(5.33368e-11 -2.38983e-11 0.0752105)
(5.46191e-11 -2.64808e-11 0.0512011)
(3.14078e-11 4.66587e-11 0.0187087)
(1.30326e-11 2.25257e-11 0.0281877)
(1.95022e-11 3.53752e-12 0.0334971)
(2.00634e-11 -3.58679e-12 0.0334975)
(1.07144e-11 -1.12617e-11 0.0281887)
(1.29728e-11 -1.44266e-11 0.0187105)
(1.75051e-10 8.27713e-11 0.132615)
(1.84352e-10 -4.92904e-12 0.190087)
(1.07791e-10 -6.92822e-11 0.218477)
(1.43644e-10 -6.77022e-11 0.218479)
(7.69827e-11 -4.81906e-11 0.190095)
(1.80115e-10 -7.28876e-11 0.132628)
(1.71278e-10 9.92948e-11 0.126447)
(2.08488e-10 8.32456e-12 0.181316)
(1.20128e-10 -6.37742e-11 0.208895)
(1.51413e-10 -6.73637e-11 0.208898)
(7.78067e-11 -4.84943e-11 0.181324)
(1.8174e-10 -6.70778e-11 0.12646)
(1.59978e-10 9.42794e-11 0.118436)
(2.25114e-10 1.83628e-11 0.169971)
(1.27661e-10 -5.6548e-11 0.196369)
(1.52232e-10 -6.2807e-11 0.196371)
(7.52377e-11 -4.54369e-11 0.169978)
(1.75546e-10 -6.31134e-11 0.118448)
(1.36999e-10 1.10598e-10 0.107936)
(2.26955e-10 3.50609e-11 0.155181)
(1.2585e-10 -4.50003e-11 0.179866)
(1.43771e-10 -5.71577e-11 0.179869)
(6.81417e-11 -4.16855e-11 0.155188)
(1.60227e-10 -5.31316e-11 0.107948)
(1.04948e-10 1.30779e-10 0.094072)
(2.07856e-10 4.88763e-11 0.135728)
(1.10668e-10 -3.09264e-11 0.157933)
(1.24275e-10 -4.63181e-11 0.157934)
(5.55825e-11 -3.64736e-11 0.135734)
(1.35273e-10 -4.12726e-11 0.0940822)
(7.04239e-11 1.23332e-10 0.0756704)
(1.66832e-10 4.2347e-11 0.109887)
(8.11373e-11 -1.6998e-11 0.12848)
(9.34796e-11 -2.91143e-11 0.128482)
(3.83553e-11 -2.59692e-11 0.109892)
(1.0052e-10 -2.93415e-11 0.0756785)
(5.09354e-11 6.08199e-11 0.0511959)
(1.11312e-10 9.32826e-12 0.0752074)
(4.49459e-11 -9.40474e-12 0.0884822)
(5.55661e-11 -8.59247e-12 0.0884832)
(1.74909e-11 -9.05671e-12 0.0752105)
(5.60654e-11 -2.44462e-11 0.0512011)
(2.7419e-11 -8.09467e-12 0.0187087)
(4.90391e-11 -6.789e-12 0.0281877)
(1.33497e-11 -2.91179e-12 0.0334971)
(1.72498e-11 2.6641e-12 0.0334975)
(-4.13677e-12 3.50965e-12 0.0281887)
(1.21092e-11 -1.50456e-11 0.0187105)
(-2.33487e-12 6.85078e-11 0.132615)
(1.38812e-10 8.62202e-11 0.190087)
(6.21537e-11 -2.17229e-12 0.218477)
(5.31247e-11 -2.22218e-11 0.218479)
(5.40304e-11 -5.00831e-11 0.190095)
(7.86861e-11 -7.1938e-11 0.132628)
(-3.36361e-12 5.26271e-11 0.126447)
(1.29471e-10 8.04569e-11 0.181316)
(6.30971e-11 1.9808e-12 0.208895)
(5.74828e-11 -2.22437e-11 0.208898)
(5.83218e-11 -5.01262e-11 0.181324)
(8.06965e-11 -7.23261e-11 0.12646)
(1.36916e-12 4.3604e-11 0.118436)
(1.17452e-10 6.97372e-11 0.169971)
(6.26471e-11 3.99985e-12 0.196369)
(5.97906e-11 -2.14568e-11 0.196371)
(6.08726e-11 -4.59006e-11 0.169978)
(7.99412e-11 -6.88152e-11 0.118448)
(1.28846e-11 2.68065e-11 0.107936)
(1.03801e-10 5.9822e-11 0.155181)
(5.9041e-11 5.56037e-12 0.179866)
(5.8368e-11 -2.04422e-11 0.179869)
(6.0227e-11 -4.28977e-11 0.155188)
(7.51709e-11 -6.55395e-11 0.107948)
(2.66645e-11 1.05144e-11 0.094072)
(8.95215e-11 4.85126e-11 0.135728)
(5.09258e-11 5.62142e-12 0.157933)
(5.13201e-11 -1.90925e-11 0.157934)
(5.53626e-11 -3.6666e-11 0.135734)
(6.57126e-11 -6.0078e-11 0.0940822)
(3.78682e-11 2.85672e-12 0.0756704)
(7.36388e-11 3.29156e-11 0.109887)
(3.77447e-11 2.58721e-12 0.12848)
(3.87321e-11 -1.49891e-11 0.128482)
(4.53881e-11 -2.59921e-11 0.109892)
(5.16027e-11 -4.96689e-11 0.0756785)
(3.12451e-11 1.09984e-11 0.0511959)
(5.22088e-11 1.41167e-11 0.0752074)
(2.14652e-11 -4.43435e-12 0.0884822)
(2.26343e-11 -7.58271e-12 0.0884832)
(3.09631e-11 -1.0185e-11 0.0752105)
(3.39617e-11 -3.06542e-11 0.0512011)
(8.61397e-12 1.50798e-11 0.0187087)
(1.54035e-11 6.09209e-13 0.0281877)
(5.50823e-12 -3.5404e-12 0.0334971)
(7.13975e-12 -5.80952e-13 0.0334975)
(1.15118e-11 8.5208e-13 0.0281887)
(1.17631e-11 -6.87335e-12 0.0187105)
(-1.72908e-10 5.53397e-11 0.132615)
(-7.74397e-11 8.05707e-11 0.190087)
(-9.00856e-11 2.52432e-11 0.218477)
(-8.39816e-11 2.19956e-11 0.218479)
(-3.8324e-11 -1.26554e-11 0.190095)
(-1.21905e-10 1.92783e-11 0.132628)
(-1.84383e-10 5.59691e-11 0.126447)
(-7.3106e-11 7.76996e-11 0.181316)
(-8.95023e-11 2.66494e-11 0.208895)
(-8.53222e-11 2.12439e-11 0.208898)
(-3.92276e-11 -6.86897e-12 0.181324)
(-1.22689e-10 1.69785e-11 0.12646)
(-1.86011e-10 2.51481e-11 0.118436)
(-6.17558e-11 6.58334e-11 0.169971)
(-8.32107e-11 2.457e-11 0.196369)
(-8.24989e-11 2.221e-11 0.196371)
(-3.79851e-11 -1.66138e-12 0.169978)
(-1.16536e-10 9.29229e-12 0.118448)
(-1.79688e-10 2.71561e-11 0.107936)
(-4.60721e-11 6.16662e-11 0.155181)
(-7.21739e-11 2.2021e-11 0.179866)
(-7.54171e-11 2.09011e-11 0.179869)
(-3.42084e-11 4.96798e-12 0.155188)
(-1.01942e-10 3.75356e-12 0.107948)
(-1.63093e-10 4.46541e-11 0.094072)
(-3.03097e-11 5.54689e-11 0.135728)
(-5.90561e-11 1.82831e-11 0.157933)
(-6.47927e-11 1.63085e-11 0.157934)
(-2.75595e-11 1.089e-11 0.135734)
(-7.97983e-11 7.72822e-13 0.0940822)
(-1.29902e-10 4.35016e-11 0.0756704)
(-1.48531e-11 2.96939e-11 0.109887)
(-4.4768e-11 9.93664e-12 0.12848)
(-5.16613e-11 6.8288e-12 0.128482)
(-1.93952e-11 1.24904e-11 0.109892)
(-5.33117e-11 -2.19082e-12 0.0756785)
(-6.65459e-11 -3.63911e-12 0.0511959)
(3.75595e-12 -1.49487e-11 0.0752074)
(-2.6596e-11 -1.78643e-12 0.0884822)
(-3.5361e-11 -1.12533e-12 0.0884832)
(-1.01765e-11 9.87959e-12 0.0752105)
(-2.51727e-11 1.37658e-12 0.0512011)
(-5.08984e-12 -3.64253e-11 0.0187087)
(2.19854e-11 -2.05553e-11 0.0281877)
(-2.52475e-12 -2.78931e-12 0.0334971)
(-1.29313e-11 -1.95306e-12 0.0334975)
(2.21166e-13 2.81763e-12 0.0281887)
(-2.5651e-12 5.90954e-12 0.0187105)
(-1.81349e-10 -1.22473e-12 0.132615)
(-1.14445e-10 7.36022e-11 0.190087)
(-1.13885e-10 4.05271e-11 0.218477)
(-1.53445e-10 5.41446e-12 0.218479)
(-1.5055e-10 -1.02679e-11 0.190095)
(-1.63783e-10 4.15255e-11 0.132628)
(-1.87261e-10 -2.01181e-11 0.126447)
(-1.34246e-10 6.51634e-11 0.181316)
(-1.22887e-10 4.04452e-11 0.208895)
(-1.59185e-10 7.32839e-12 0.208898)
(-1.55421e-10 -9.01815e-12 0.181324)
(-1.69902e-10 4.07168e-11 0.12646)
(-1.82033e-10 -3.75654e-11 0.118436)
(-1.46596e-10 4.88485e-11 0.169971)
(-1.26076e-10 3.69043e-11 0.196369)
(-1.58276e-10 1.05485e-11 0.196371)
(-1.54399e-10 -2.68826e-12 0.169978)
(-1.68777e-10 3.94728e-11 0.118448)
(-1.6346e-10 -5.54155e-11 0.107936)
(-1.47393e-10 3.58194e-11 0.155181)
(-1.21967e-10 3.16427e-11 0.179866)
(-1.49356e-10 1.19885e-11 0.179869)
(-1.45895e-10 3.69303e-12 0.155188)
(-1.58071e-10 3.8373e-11 0.107948)
(-1.33524e-10 -6.60856e-11 0.094072)
(-1.34164e-10 2.27208e-11 0.135728)
(-1.09734e-10 2.29816e-11 0.157933)
(-1.32019e-10 1.11709e-11 0.157934)
(-1.2854e-10 9.34942e-12 0.135734)
(-1.36679e-10 3.75103e-11 0.0940822)
(-9.33345e-11 -6.48374e-11 0.0756704)
(-1.04577e-10 3.85952e-12 0.109887)
(-8.82328e-11 7.99974e-12 0.12848)
(-1.05204e-10 9.62141e-12 0.128482)
(-1.01081e-10 1.49427e-11 0.109892)
(-1.04367e-10 3.55909e-11 0.0756785)
(-5.43231e-11 -4.38859e-11 0.0511959)
(-6.17369e-11 -1.75445e-11 0.0752074)
(-5.50491e-11 -8.89674e-12 0.0884822)
(-6.67644e-11 7.91485e-12 0.0884832)
(-6.31041e-11 1.99821e-11 0.0752105)
(-6.24483e-11 3.20736e-11 0.0512011)
(-1.96966e-11 -8.8993e-12 0.0187087)
(-1.94967e-11 -1.65289e-11 0.0281877)
(-1.31913e-11 -8.46946e-12 0.0334971)
(-1.80411e-11 4.44059e-12 0.0334975)
(-1.75109e-11 1.23629e-11 0.0281887)
(-1.80227e-11 1.71611e-11 0.0187105)
(-2.55905e-10 -1.32634e-11 0.132615)
(-2.18054e-10 3.48039e-11 0.190087)
(-2.27347e-10 2.38145e-11 0.218477)
(-2.01812e-10 -1.26126e-12 0.218479)
(-2.55464e-10 1.48255e-11 0.190095)
(-1.56181e-10 6.5952e-11 0.132628)
(-2.68933e-10 -1.02986e-11 0.126447)
(-2.14287e-10 3.73096e-11 0.181316)
(-2.29985e-10 2.33567e-11 0.208895)
(-2.06351e-10 -7.31428e-13 0.208898)
(-2.64186e-10 1.6312e-11 0.181324)
(-1.61644e-10 6.68204e-11 0.12646)
(-2.71384e-10 -4.13991e-11 0.118436)
(-1.99867e-10 2.7936e-11 0.169971)
(-2.22626e-10 1.84267e-11 0.196369)
(-2.03387e-10 3.67165e-12 0.196371)
(-2.64105e-10 2.25004e-11 0.169978)
(-1.62025e-10 6.13161e-11 0.118448)
(-2.64861e-10 -3.30844e-11 0.107936)
(-1.76588e-10 3.14127e-11 0.155181)
(-2.05313e-10 1.48442e-11 0.179866)
(-1.90896e-10 5.23748e-12 0.179869)
(-2.52224e-10 2.77745e-11 0.155188)
(-1.54226e-10 6.19317e-11 0.107948)
(-2.44926e-10 -5.26353e-12 0.094072)
(-1.47469e-10 3.39571e-11 0.135728)
(-1.79187e-10 1.02393e-11 0.157933)
(-1.67602e-10 5.69779e-12 0.157934)
(-2.25535e-10 3.22107e-11 0.135734)
(-1.36647e-10 6.39854e-11 0.0940822)
(-2.01086e-10 3.77234e-12 0.0756704)
(-1.09573e-10 1.01865e-11 0.109887)
(-1.43151e-10 -6.99091e-13 0.12848)
(-1.31892e-10 7.4471e-12 0.128482)
(-1.81249e-10 3.56888e-11 0.109892)
(-1.0895e-10 6.11651e-11 0.0756785)
(-1.14771e-10 -3.75421e-11 0.0511959)
(-5.58033e-11 -4.28492e-11 0.0752074)
(-8.90053e-11 -1.81863e-11 0.0884822)
(-8.1007e-11 9.33681e-12 0.0884832)
(-1.18396e-10 3.69795e-11 0.0752105)
(-7.17962e-11 4.65615e-11 0.0512011)
(-2.22386e-11 -5.33979e-11 0.0187087)
(5.76201e-12 -3.9148e-11 0.0281877)
(-1.70248e-11 -1.27621e-11 0.0334971)
(-1.76179e-11 6.88312e-12 0.0334975)
(-4.08182e-11 2.11538e-11 0.0281887)
(-2.58117e-11 1.74751e-11 0.0187105)
(-2.18351e-10 -3.01958e-11 0.132615)
(-1.56121e-10 5.19765e-11 0.190087)
(-1.71738e-10 4.86796e-11 0.218477)
(-2.00713e-10 3.04058e-11 0.218479)
(-2.1578e-10 3.89232e-11 0.190095)
(-1.28696e-10 4.95108e-11 0.132628)
(-2.24504e-10 -4.8381e-11 0.126447)
(-1.72227e-10 4.61262e-11 0.181316)
(-1.78291e-10 5.00784e-11 0.208895)
(-2.03245e-10 3.22653e-11 0.208898)
(-2.15453e-10 3.67476e-11 0.181324)
(-1.29859e-10 4.16972e-11 0.12646)
(-2.18654e-10 -7.27849e-11 0.118436)
(-1.7958e-10 3.15009e-11 0.169971)
(-1.76912e-10 4.65773e-11 0.196369)
(-1.98536e-10 3.51003e-11 0.196371)
(-2.08793e-10 3.83767e-11 0.169978)
(-1.27809e-10 3.02937e-11 0.118448)
(-1.99579e-10 -8.66938e-11 0.107936)
(-1.74737e-10 2.53879e-11 0.155181)
(-1.66288e-10 4.11407e-11 0.179866)
(-1.84725e-10 3.33453e-11 0.179869)
(-1.94219e-10 3.90163e-11 0.155188)
(-1.2042e-10 2.3337e-11 0.107948)
(-1.68777e-10 -8.54734e-11 0.094072)
(-1.5586e-10 2.02625e-11 0.135728)
(-1.45699e-10 3.03405e-11 0.157933)
(-1.60798e-10 2.78132e-11 0.157934)
(-1.69522e-10 3.88681e-11 0.135734)
(-1.0615e-10 2.17938e-11 0.0940822)
(-1.24176e-10 -7.53896e-11 0.0756704)
(-1.19632e-10 2.44703e-12 0.109887)
(-1.1395e-10 1.06198e-11 0.12848)
(-1.25246e-10 1.83875e-11 0.128482)
(-1.3319e-10 3.55603e-11 0.109892)
(-8.38854e-11 2.15384e-11 0.0756785)
(-7.27129e-11 -5.57838e-11 0.0511959)
(-6.78756e-11 -2.698e-11 0.0752074)
(-6.81304e-11 -1.1471e-11 0.0884822)
(-7.65686e-11 8.0775e-12 0.0884832)
(-8.41057e-11 2.8063e-11 0.0752105)
(-5.27318e-11 2.2151e-11 0.0512011)
(-2.35252e-11 -1.8532e-11 0.0187087)
(-1.66524e-11 -2.4096e-11 0.0281877)
(-1.30724e-11 -1.15417e-11 0.0334971)
(-1.85708e-11 3.67792e-12 0.0334975)
(-2.42481e-11 1.29502e-11 0.0281887)
(-1.61708e-11 1.43486e-11 0.0187105)
(-4.04402e-10 -5.55177e-11 0.132615)
(-2.43224e-10 3.2116e-11 0.190087)
(-2.59948e-10 2.81443e-11 0.218477)
(-2.68608e-10 4.63099e-11 0.218479)
(-2.64153e-10 4.57835e-11 0.190095)
(-2.84566e-10 9.63441e-11 0.132628)
(-4.16315e-10 -5.58942e-11 0.126447)
(-2.44413e-10 3.03674e-11 0.181316)
(-2.62913e-10 3.13826e-11 0.208895)
(-2.72553e-10 4.65521e-11 0.208898)
(-2.6875e-10 4.96947e-11 0.181324)
(-2.8783e-10 9.24352e-11 0.12646)
(-4.09407e-10 -9.22574e-11 0.118436)
(-2.32757e-10 1.71417e-11 0.169971)
(-2.5424e-10 2.9676e-11 0.196369)
(-2.66099e-10 4.92905e-11 0.196371)
(-2.6449e-10 5.54015e-11 0.169978)
(-2.7911e-10 8.16392e-11 0.118448)
(-3.84963e-10 -8.2899e-11 0.107936)
(-2.08594e-10 1.88294e-11 0.155181)
(-2.33367e-10 2.64661e-11 0.179866)
(-2.46865e-10 4.76865e-11 0.179869)
(-2.4858e-10 6.00288e-11 0.155188)
(-2.54645e-10 7.3844e-11 0.107948)
(-3.40225e-10 -4.72026e-11 0.094072)
(-1.7429e-10 2.12248e-11 0.135728)
(-2.01433e-10 2.21785e-11 0.157933)
(-2.13399e-10 3.9874e-11 0.157934)
(-2.18081e-10 6.18521e-11 0.135734)
(-2.13787e-10 6.86404e-11 0.0940822)
(-2.6627e-10 -2.59876e-11 0.0756704)
(-1.27091e-10 -1.72975e-12 0.109887)
(-1.57476e-10 8.85508e-12 0.12848)
(-1.65033e-10 2.59038e-11 0.128482)
(-1.71506e-10 5.67325e-11 0.109892)
(-1.58886e-10 5.85157e-11 0.0756785)
(-1.48732e-10 -5.59435e-11 0.0511959)
(-6.24504e-11 -4.97455e-11 0.0752074)
(-9.62006e-11 -9.33864e-12 0.0884822)
(-1.01688e-10 9.52955e-12 0.0884832)
(-1.09022e-10 4.15114e-11 0.0752105)
(-9.31221e-11 4.62734e-11 0.0512011)
(-2.91024e-11 -6.03935e-11 0.0187087)
(8.2688e-12 -3.96096e-11 0.0281877)
(-1.93249e-11 -8.62949e-12 0.0334971)
(-2.65205e-11 1.22177e-12 0.0334975)
(-3.20309e-11 1.60289e-11 0.0281887)
(-2.54564e-11 2.285e-11 0.0187105)
(-3.52288e-10 -1.5601e-10 0.132615)
(5.4366e-11 -8.14987e-11 0.190087)
(-1.3217e-10 2.09e-12 0.218477)
(2.66242e-11 3.37264e-12 0.218479)
(-3.35507e-10 5.06195e-11 0.190095)
(1.83207e-10 -1.14779e-10 0.132628)
(-3.57173e-10 -1.48972e-10 0.126447)
(5.39358e-11 -9.27525e-11 0.181316)
(-1.43629e-10 -1.14406e-11 0.208895)
(3.18368e-11 7.7965e-12 0.208898)
(-3.3984e-10 2.65053e-11 0.181324)
(1.69191e-10 -1.18786e-10 0.12646)
(-3.44712e-10 -1.35969e-10 0.118436)
(5.31772e-11 -8.57143e-11 0.169971)
(-1.45324e-10 -1.822e-11 0.196369)
(3.75028e-11 7.19181e-12 0.196371)
(-3.33568e-10 1.3219e-11 0.169978)
(1.40691e-10 -1.07575e-10 0.118448)
(-3.11886e-10 -1.13151e-10 0.107936)
(5.42614e-11 -8.98105e-11 0.155181)
(-1.34545e-10 -2.82452e-11 0.179866)
(4.44489e-11 6.38026e-12 0.179869)
(-3.17219e-10 -1.4029e-11 0.155188)
(9.86615e-11 -8.6227e-11 0.107948)
(-2.59791e-10 -8.47527e-11 0.094072)
(5.5699e-11 -8.42493e-11 0.135728)
(-1.08438e-10 -3.56831e-11 0.157933)
(5.29894e-11 7.13918e-12 0.157934)
(-2.87832e-10 -3.58123e-11 0.135734)
(5.0319e-11 -5.30939e-11 0.0940822)
(-1.86463e-10 -5.58288e-11 0.0756704)
(5.08376e-11 -3.75208e-11 0.109887)
(-7.46644e-11 -2.16773e-11 0.12848)
(6.3264e-11 8.48241e-12 0.128482)
(-2.38508e-10 -2.21325e-11 0.109892)
(8.95326e-12 -8.7429e-12 0.0756785)
(-9.75223e-11 -4.31515e-11 0.0511959)
(4.33428e-11 1.99323e-11 0.0752074)
(-4.32959e-11 1.01148e-11 0.0884822)
(7.0575e-11 8.97251e-12 0.0884832)
(-1.54204e-10 2.68727e-11 0.0752105)
(-1.22485e-11 3.30704e-11 0.0512011)
(-1.64056e-11 -2.4078e-11 0.0187087)
(3.34721e-11 3.43059e-11 0.0281877)
(-2.0742e-11 1.44512e-11 0.0334971)
(5.61105e-11 1.98447e-12 0.0334975)
(-5.25897e-11 4.17698e-11 0.0281887)
(-1.84716e-11 1.58553e-11 0.0187105)
(-3.50564e-10 -1.22417e-10 0.132615)
(-2.31166e-10 4.07788e-13 0.190087)
(-1.47189e-10 4.60914e-11 0.218477)
(-6.29963e-11 1.05581e-10 0.218479)
(-8.41603e-12 1.22969e-10 0.190095)
(5.2178e-11 1.12233e-10 0.132628)
(-3.69504e-10 -1.22438e-10 0.126447)
(-2.38374e-10 -3.85784e-13 0.181316)
(-1.54351e-10 4.12151e-11 0.208895)
(-6.92768e-11 9.88513e-11 0.208898)
(8.3695e-13 1.29252e-10 0.181324)
(7.09108e-11 9.79182e-11 0.12646)
(-3.73038e-10 -1.4614e-10 0.118436)
(-2.35247e-10 -1.034e-11 0.169971)
(-1.55102e-10 3.34033e-11 0.196369)
(-7.39245e-11 8.91012e-11 0.196371)
(9.68876e-12 1.2224e-10 0.169978)
(8.43698e-11 6.54662e-11 0.118448)
(-3.59843e-10 -1.3676e-10 0.107936)
(-2.22826e-10 -4.59598e-12 0.155181)
(-1.48253e-10 1.88738e-11 0.179866)
(-7.42736e-11 7.6697e-11 0.179869)
(1.86103e-11 1.25685e-10 0.155188)
(9.023e-11 3.37494e-11 0.107948)
(-3.24874e-10 -1.0908e-10 0.094072)
(-2.01205e-10 -2.68729e-12 0.135728)
(-1.35774e-10 8.23359e-12 0.157933)
(-6.72523e-11 5.72609e-11 0.157934)
(2.4571e-11 1.20043e-10 0.135734)
(8.85687e-11 1.42028e-11 0.0940822)
(-2.61249e-10 -8.73717e-11 0.0756704)
(-1.6301e-10 -2.81757e-11 0.109887)
(-1.13383e-10 4.50466e-12 0.12848)
(-5.74344e-11 2.65567e-11 0.128482)
(2.68221e-11 7.6464e-11 0.109892)
(7.44493e-11 1.1156e-13 0.0756785)
(-1.571e-10 -8.95485e-11 0.0511959)
(-1.05156e-10 -5.80218e-11 0.0752074)
(-7.70091e-11 -9.80872e-12 0.0884822)
(-4.77108e-11 -7.29356e-12 0.0884832)
(1.291e-11 -1.0911e-12 0.0752105)
(4.04176e-11 -3.29346e-11 0.0512011)
(-4.09047e-11 -5.88659e-11 0.0187087)
(-2.54209e-11 -3.82435e-11 0.0281877)
(-2.41235e-11 -7.27596e-12 0.0334971)
(-3.51882e-11 -1.35142e-11 0.0334975)
(-8.6527e-13 -3.59772e-11 0.0281887)
(1.34431e-11 -2.36206e-11 0.0187105)
(-9.92543e-11 -5.55821e-11 0.132615)
(-2.25405e-10 3.41484e-11 0.190087)
(-1.99494e-11 1.27715e-10 0.218477)
(-6.65828e-11 1.00218e-10 0.218479)
(2.79648e-11 8.93762e-11 0.190095)
(1.09896e-10 3.92019e-11 0.132628)
(-1.15912e-10 -7.51763e-11 0.126447)
(-2.49834e-10 3.62604e-11 0.181316)
(-2.68052e-11 1.26321e-10 0.208895)
(-6.66685e-11 1.01985e-10 0.208898)
(3.90938e-11 7.37691e-11 0.181324)
(1.10423e-10 2.11793e-11 0.12646)
(-1.2841e-10 -1.04807e-10 0.118436)
(-2.63535e-10 2.82456e-11 0.169971)
(-3.24006e-11 1.20965e-10 0.196369)
(-6.62086e-11 1.01205e-10 0.196371)
(4.46226e-11 5.76462e-11 0.169978)
(1.03656e-10 -7.62939e-12 0.118448)
(-1.35218e-10 -1.26919e-10 0.107936)
(-2.61563e-10 2.64558e-11 0.155181)
(-3.55766e-11 1.18933e-10 0.179866)
(-6.6497e-11 8.75509e-11 0.179869)
(4.37884e-11 4.24003e-11 0.155188)
(9.15953e-11 -1.69428e-11 0.107948)
(-1.33595e-10 -1.36127e-10 0.094072)
(-2.40535e-10 2.40724e-11 0.135728)
(-3.51402e-11 9.78645e-11 0.157933)
(-6.72835e-11 6.88102e-11 0.157934)
(3.99826e-11 3.11125e-11 0.135734)
(7.2739e-11 -2.33711e-11 0.0940822)
(-1.169e-10 -1.33898e-10 0.0756704)
(-1.96456e-10 8.37706e-12 0.109887)
(-2.56776e-11 4.3131e-11 0.12848)
(-6.19494e-11 5.29536e-11 0.128482)
(2.5687e-11 2.07919e-11 0.109892)
(4.72317e-11 -3.78077e-11 0.0756785)
(-8.79535e-11 -9.44338e-11 0.0511959)
(-1.27205e-10 -2.0087e-11 0.0752074)
(-7.31101e-12 -6.03989e-12 0.0884822)
(-4.71081e-11 2.78004e-11 0.0884832)
(1.03604e-11 1.08368e-11 0.0752105)
(2.82818e-11 -2.14712e-11 0.0512011)
(-4.10186e-11 -2.15437e-11 0.0187087)
(-4.7951e-11 -2.32771e-11 0.0281877)
(1.26286e-11 -1.42437e-11 0.0334971)
(-1.55905e-11 1.05493e-11 0.0334975)
(1.47046e-12 7.62474e-12 0.0281887)
(8.5689e-12 -2.58033e-12 0.0187105)
(-5.96874e-11 -2.45773e-11 0.132615)
(-3.63953e-10 -2.38273e-11 0.190087)
(1.86039e-11 7.51864e-11 0.218477)
(-1.7528e-10 1.72844e-10 0.218479)
(2.51203e-10 1.22106e-10 0.190095)
(-1.9755e-10 2.38698e-10 0.132628)
(-6.90022e-11 -3.40527e-11 0.126447)
(-3.79622e-10 -2.50235e-11 0.181316)
(1.30606e-11 7.85384e-11 0.208895)
(-1.87304e-10 1.79534e-10 0.208898)
(2.71759e-10 1.40395e-10 0.181324)
(-1.84274e-10 2.12722e-10 0.12646)
(-7.85751e-11 -7.29546e-11 0.118436)
(-3.77629e-10 -3.29661e-11 0.169971)
(8.22962e-12 8.2404e-11 0.196369)
(-1.91229e-10 1.82218e-10 0.196371)
(2.8054e-10 1.3905e-10 0.169978)
(-1.60969e-10 1.58733e-10 0.118448)
(-9.15636e-11 -8.6269e-11 0.107936)
(-3.5629e-10 -3.49706e-11 0.155181)
(7.269e-12 7.83253e-11 0.179866)
(-1.83877e-10 1.87109e-10 0.179869)
(2.75809e-10 1.58729e-10 0.155188)
(-1.2694e-10 1.01695e-10 0.107948)
(-1.04087e-10 -8.18404e-11 0.094072)
(-3.1762e-10 -3.83714e-11 0.135728)
(1.24709e-11 6.53596e-11 0.157933)
(-1.64032e-10 1.67147e-10 0.157934)
(2.52681e-10 1.67841e-10 0.135734)
(-8.53709e-11 4.5426e-11 0.0940822)
(-1.05134e-10 -8.02592e-11 0.0756704)
(-2.5875e-10 -4.5635e-11 0.109887)
(2.18834e-11 4.62685e-11 0.12848)
(-1.36312e-10 9.23141e-11 0.128482)
(2.03206e-10 1.09878e-10 0.109892)
(-4.53345e-11 -9.47714e-12 0.0756785)
(-8.18937e-11 -7.1081e-11 0.0511959)
(-1.76017e-10 -4.32916e-11 0.0752074)
(2.49509e-11 2.39384e-11 0.0884822)
(-1.11275e-10 -6.19481e-12 0.0884832)
(1.221e-10 -1.12641e-11 0.0752105)
(-1.01233e-11 -3.73545e-11 0.0512011)
(-3.2509e-11 -2.96037e-11 0.0187087)
(-6.49291e-11 -1.90994e-11 0.0281877)
(1.25251e-11 1.09012e-11 0.0334971)
(-7.58593e-11 -2.91226e-11 0.0334975)
(4.68048e-11 -6.06165e-11 0.0281887)
(1.79734e-11 -5.53555e-12 0.0187105)
(-1.65418e-10 -9.4427e-11 0.132615)
(-3.12696e-10 -8.56293e-11 0.190087)
(-1.68035e-10 -2.10478e-11 0.218477)
(-2.94449e-10 4.29867e-12 0.218479)
(-1.97523e-10 -4.7001e-12 0.190095)
(-3.34038e-10 1.12451e-10 0.132628)
(-1.67149e-10 -9.98616e-11 0.126447)
(-3.27025e-10 -8.06154e-11 0.181316)
(-1.80659e-10 -1.26837e-11 0.208895)
(-3.09038e-10 1.47376e-11 0.208898)
(-2.1004e-10 1.67958e-13 0.181324)
(-3.52908e-10 1.1365e-10 0.12646)
(-1.64134e-10 -1.18675e-10 0.118436)
(-3.28232e-10 -8.13053e-11 0.169971)
(-1.88186e-10 -6.33824e-12 0.196369)
(-3.13487e-10 2.75081e-11 0.196371)
(-2.16488e-10 1.13679e-11 0.169978)
(-3.54812e-10 1.05449e-10 0.118448)
(-1.57461e-10 -1.20657e-10 0.107936)
(-3.13408e-10 -7.16014e-11 0.155181)
(-1.88699e-10 -9.0858e-13 0.179866)
(-3.04713e-10 3.63982e-11 0.179869)
(-2.14249e-10 2.58701e-11 0.155188)
(-3.32999e-10 1.03318e-10 0.107948)
(-1.46057e-10 -1.0669e-10 0.094072)
(-2.817e-10 -5.84103e-11 0.135728)
(-1.80321e-10 8.55707e-13 0.157933)
(-2.80778e-10 4.1684e-11 0.157934)
(-1.99533e-10 3.92992e-11 0.135734)
(-2.85822e-10 1.04003e-10 0.0940822)
(-1.23276e-10 -8.90157e-11 0.0756704)
(-2.28947e-10 -5.50219e-11 0.109887)
(-1.5837e-10 -5.33021e-12 0.12848)
(-2.37969e-10 4.07688e-11 0.128482)
(-1.69251e-10 4.77935e-11 0.109892)
(-2.15645e-10 9.70091e-11 0.0756785)
(-8.4931e-11 -6.66621e-11 0.0511959)
(-1.51024e-10 -5.82076e-11 0.0752074)
(-1.14358e-10 -1.58681e-11 0.0884822)
(-1.68812e-10 3.13705e-11 0.0884832)
(-1.18791e-10 4.58794e-11 0.0752105)
(-1.28604e-10 7.85992e-11 0.0512011)
(-3.19953e-11 -2.58829e-11 0.0187087)
(-5.17425e-11 -3.1575e-11 0.0281877)
(-4.02459e-11 -9.75244e-12 0.0334971)
(-6.28067e-11 1.48555e-11 0.0334975)
(-4.34145e-11 2.40797e-11 0.0281887)
(-3.78403e-11 3.5476e-11 0.0187105)
(-2.38133e-10 -9.11378e-11 0.132615)
(-3.85148e-10 -1.21179e-10 0.190087)
(-2.96639e-10 -5.57619e-11 0.218477)
(-3.28921e-10 -3.86537e-11 0.218479)
(-3.0413e-10 3.21302e-12 0.190095)
(-3.06115e-10 1.41633e-10 0.132628)
(-2.41718e-10 -9.30312e-11 0.126447)
(-3.9157e-10 -1.10752e-10 0.181316)
(-3.07578e-10 -4.6393e-11 0.208895)
(-3.42586e-10 -2.41392e-11 0.208898)
(-3.15674e-10 1.3515e-11 0.181324)
(-3.1906e-10 1.36834e-10 0.12646)
(-2.38077e-10 -1.18747e-10 0.118436)
(-3.81924e-10 -1.0517e-10 0.169971)
(-3.07477e-10 -3.76567e-11 0.196369)
(-3.44889e-10 -7.61771e-12 0.196371)
(-3.18528e-10 2.57266e-11 0.169978)
(-3.20554e-10 1.2058e-10 0.118448)
(-2.28695e-10 -1.17127e-10 0.107936)
(-3.54285e-10 -8.8733e-11 0.155181)
(-2.93476e-10 -2.99808e-11 0.179866)
(-3.31815e-10 5.73111e-12 0.179869)
(-3.0832e-10 3.9191e-11 0.155188)
(-3.0471e-10 1.12205e-10 0.107948)
(-2.11151e-10 -9.49397e-11 0.0940719)
(-3.09834e-10 -6.86255e-11 0.135728)
(-2.63717e-10 -2.4671e-11 0.157933)
(-2.99715e-10 1.37486e-11 0.157934)
(-2.79509e-10 5.15352e-11 0.135734)
(-2.68597e-10 1.08478e-10 0.0940822)
(-1.75344e-10 -7.59991e-11 0.0756704)
(-2.45001e-10 -6.185e-11 0.109887)
(-2.14679e-10 -2.65882e-11 0.12848)
(-2.4435e-10 1.67572e-11 0.128482)
(-2.28009e-10 5.51742e-11 0.109892)
(-2.11769e-10 9.80867e-11 0.0756784)
(-1.11135e-10 -7.12918e-11 0.0511959)
(-1.53942e-10 -6.96722e-11 0.0752074)
(-1.39476e-10 -3.18327e-11 0.0884822)
(-1.61822e-10 1.08068e-11 0.0884832)
(-1.50295e-10 4.34011e-11 0.0752105)
(-1.34731e-10 7.6488e-11 0.0512011)
(-3.31425e-11 -4.07587e-11 0.0187087)
(-4.33034e-11 -3.9549e-11 0.0281877)
(-3.82856e-11 -1.62673e-11 0.0334971)
(-5.16897e-11 5.06049e-12 0.0334975)
(-4.74472e-11 1.77066e-11 0.0281887)
(-4.30103e-11 3.3323e-11 0.0187105)
(-2.79847e-11 -9.68697e-11 0.132615)
(-2.29706e-10 -1.79393e-10 0.190087)
(-2.56049e-10 -1.45138e-10 0.218477)
(-3.34406e-10 -1.20321e-10 0.218479)
(-3.97325e-10 -3.25147e-11 0.190095)
(-4.16889e-10 1.20813e-10 0.132628)
(-2.64459e-11 -9.36065e-11 0.126447)
(-2.29596e-10 -1.61717e-10 0.181316)
(-2.61771e-10 -1.27811e-10 0.208895)
(-3.44948e-10 -1.00076e-10 0.208898)
(-4.09424e-10 -1.86816e-11 0.181324)
(-4.25724e-10 1.21916e-10 0.12646)
(-2.76353e-11 -1.02718e-10 0.118436)
(-2.22132e-10 -1.41995e-10 0.169971)
(-2.58424e-10 -1.05307e-10 0.196369)
(-3.44545e-10 -7.20659e-11 0.196371)
(-4.0803e-10 1.52273e-12 0.169978)
(-4.18158e-10 1.14919e-10 0.118448)
(-3.3711e-11 -9.33434e-11 0.107936)
(-2.06486e-10 -1.10453e-10 0.155181)
(-2.43563e-10 -7.98838e-11 0.179866)
(-3.28869e-10 -4.43274e-11 0.179869)
(-3.87826e-10 2.56716e-11 0.155188)
(-3.88257e-10 1.14679e-10 0.107948)
(-4.21322e-11 -7.08052e-11 0.094072)
(-1.82617e-10 -7.57273e-11 0.135728)
(-2.15388e-10 -5.54065e-11 0.157933)
(-2.93986e-10 -1.74797e-11 0.157934)
(-3.43766e-10 4.82725e-11 0.135734)
(-3.34096e-10 1.17682e-10 0.0940822)
(-4.55077e-11 -5.05273e-11 0.0756704)
(-1.46667e-10 -5.1014e-11 0.109887)
(-1.71101e-10 -3.76723e-11 0.12848)
(-2.36247e-10 1.89062e-12 0.128482)
(-2.73336e-10 5.97517e-11 0.109892)
(-2.56488e-10 1.10941e-10 0.0756785)
(-3.58718e-11 -3.64652e-11 0.0511959)
(-9.45518e-11 -4.33967e-11 0.0752074)
(-1.07555e-10 -2.62628e-11 0.0884822)
(-1.53036e-10 1.1159e-11 0.0884832)
(-1.75219e-10 5.31192e-11 0.0752105)
(-1.58837e-10 8.9019e-11 0.0512011)
(-1.44067e-11 -1.54583e-11 0.0187087)
(-2.94861e-11 -2.09628e-11 0.0281877)
(-2.77305e-11 -7.46271e-12 0.0334971)
(-4.74198e-11 1.07299e-11 0.0334975)
(-5.40688e-11 2.47497e-11 0.0281887)
(-4.89409e-11 3.89544e-11 0.0187105)
(-1.53205e-10 6.73998e-12 0.132615)
(-2.0818e-10 -4.80152e-11 0.190087)
(-2.46521e-10 -5.58854e-11 0.218477)
(-2.76533e-10 -2.31843e-11 0.218479)
(-3.40533e-10 1.04448e-10 0.190095)
(-1.9235e-10 1.91668e-10 0.132628)
(-1.53506e-10 4.58825e-14 0.126447)
(-2.02367e-10 -4.36685e-11 0.181316)
(-2.47534e-10 -5.05028e-11 0.208895)
(-2.82764e-10 -1.61797e-11 0.208898)
(-3.48297e-10 1.0102e-10 0.181324)
(-1.97666e-10 1.77708e-10 0.12646)
(-1.46962e-10 -3.00982e-11 0.118436)
(-1.88819e-10 -4.59074e-11 0.169971)
(-2.40318e-10 -4.58745e-11 0.196369)
(-2.80243e-10 -7.9586e-12 0.196371)
(-3.46653e-10 9.45499e-11 0.169978)
(-2.00682e-10 1.50031e-10 0.118448)
(-1.36202e-10 -3.69714e-11 0.107936)
(-1.67779e-10 -3.67132e-11 0.155181)
(-2.23603e-10 -4.0074e-11 0.179866)
(-2.65452e-10 -1.72314e-12 0.179869)
(-3.31522e-10 9.03338e-11 0.155188)
(-1.9701e-10 1.30443e-10 0.107947)
(-1.21555e-10 -2.54988e-11 0.0940719)
(-1.41244e-10 -2.46726e-11 0.135728)
(-1.96693e-10 -3.49014e-11 0.157933)
(-2.34946e-10 1.43187e-12 0.157934)
(-2.98421e-10 8.44793e-11 0.135734)
(-1.82095e-10 1.17149e-10 0.0940822)
(-9.58141e-11 -1.91001e-11 0.0756704)
(-1.07047e-10 -2.63103e-11 0.109887)
(-1.57219e-10 -3.52618e-11 0.12848)
(-1.8618e-10 7.75673e-13 0.128482)
(-2.43882e-10 6.94238e-11 0.109892)
(-1.53163e-10 9.81913e-11 0.0756784)
(-5.37684e-11 -3.10915e-11 0.0511959)
(-6.14629e-11 -4.26609e-11 0.0752074)
(-1.00865e-10 -3.60951e-11 0.0884822)
(-1.17872e-10 -2.83137e-12 0.0884832)
(-1.63972e-10 4.28752e-11 0.0752105)
(-1.06031e-10 6.87447e-11 0.0512011)
(-1.16497e-11 -2.49928e-11 0.0187087)
(-1.07754e-11 -2.76291e-11 0.0281877)
(-2.80176e-11 -1.63938e-11 0.0334971)
(-3.35693e-11 -3.39195e-13 0.0334975)
(-5.72848e-11 1.51571e-11 0.0281887)
(-3.87175e-11 2.52337e-11 0.0187105)
(2.43141e-11 -1.24331e-11 0.132615)
(-1.09336e-10 -4.42272e-11 0.190087)
(-1.44049e-10 -4.75967e-11 0.218477)
(-3.03118e-10 -1.67586e-11 0.218479)
(-3.61165e-10 8.83103e-11 0.190095)
(-2.99445e-10 1.48061e-10 0.132628)
(1.78425e-11 -8.33173e-12 0.126447)
(-1.06438e-10 -2.84816e-11 0.181316)
(-1.42625e-10 -3.33193e-11 0.208895)
(-3.06805e-10 -1.28273e-12 0.208898)
(-3.60807e-10 9.60871e-11 0.181324)
(-2.97912e-10 1.43519e-10 0.12646)
(9.21808e-12 -2.4508e-11 0.118436)
(-9.67945e-11 -1.92999e-11 0.169971)
(-1.36149e-10 -2.11306e-11 0.196369)
(-3.01198e-10 1.35781e-11 0.196371)
(-3.52582e-10 1.00497e-10 0.169978)
(-2.87626e-10 1.28502e-10 0.118448)
(-3.69873e-12 -2.0474e-11 0.107936)
(-8.10897e-11 -3.62684e-12 0.155181)
(-1.23355e-10 -1.03918e-11 0.179866)
(-2.83961e-10 2.34189e-11 0.179869)
(-3.33708e-10 1.02754e-10 0.155188)
(-2.65295e-10 1.17782e-10 0.107948)
(-1.73703e-11 -5.05578e-12 0.094072)
(-6.25667e-11 1.2592e-11 0.135728)
(-1.04171e-10 -2.953e-12 0.157933)
(-2.52506e-10 2.8674e-11 0.157934)
(-2.99244e-10 1.0156e-10 0.135734)
(-2.29261e-10 1.10342e-10 0.0940822)
(-2.55807e-11 2.87548e-12 0.0756704)
(-4.12667e-11 1.41887e-11 0.109887)
(-7.75854e-11 -2.19954e-12 0.12848)
(-2.03751e-10 2.87449e-11 0.128482)
(-2.44895e-10 9.10973e-11 0.109892)
(-1.79276e-10 9.6717e-11 0.0756785)
(-1.72733e-11 -7.92301e-12 0.0511959)
(-1.64327e-11 -4.4547e-12 0.0752074)
(-4.25147e-11 -7.36829e-12 0.0884822)
(-1.3457e-10 2.17101e-11 0.0884832)
(-1.65796e-10 6.7207e-11 0.0752105)
(-1.14933e-10 7.29959e-11 0.0512011)
(-2.53216e-12 -1.31447e-11 0.0187087)
(5.92376e-12 -9.993e-12 0.0281877)
(-2.71801e-12 -3.68675e-12 0.0334971)
(-4.52585e-11 1.01549e-11 0.0334975)
(-5.89896e-11 2.59862e-11 0.0281887)
(-3.8484e-11 2.99865e-11 0.0187105)
(-9.94518e-11 6.2885e-11 0.132615)
(-2.31856e-10 6.87485e-11 0.190087)
(-2.11652e-10 1.05738e-10 0.218477)
(-1.27885e-10 1.29972e-10 0.218479)
(-1.22009e-10 1.73379e-10 0.190095)
(-7.69073e-11 1.7724e-10 0.132628)
(-9.67127e-11 5.17463e-11 0.126447)
(-2.27564e-10 6.6382e-11 0.181316)
(-2.11826e-10 1.03939e-10 0.208895)
(-1.26412e-10 1.29213e-10 0.208898)
(-1.22424e-10 1.61016e-10 0.181324)
(-8.49305e-11 1.60193e-10 0.12646)
(-9.17311e-11 2.17049e-11 0.118436)
(-2.13293e-10 6.21697e-11 0.169971)
(-2.02839e-10 1.03228e-10 0.196369)
(-1.23449e-10 1.30059e-10 0.196371)
(-1.22289e-10 1.51763e-10 0.169978)
(-9.18417e-11 1.3248e-10 0.118448)
(-8.76986e-11 1.36702e-11 0.107936)
(-1.89038e-10 6.71855e-11 0.155181)
(-1.84286e-10 9.84914e-11 0.179866)
(-1.17287e-10 1.2429e-10 0.179869)
(-1.20023e-10 1.43312e-10 0.155188)
(-9.39596e-11 1.15025e-10 0.107947)
(-8.42133e-11 2.10128e-11 0.0940719)
(-1.5661e-10 6.55838e-11 0.135728)
(-1.56435e-10 8.31925e-11 0.157933)
(-1.05793e-10 1.07517e-10 0.157934)
(-1.13066e-10 1.26221e-10 0.135734)
(-8.90915e-11 1.02842e-10 0.0940822)
(-7.00669e-11 1.84619e-11 0.0756704)
(-1.15407e-10 4.05674e-11 0.109887)
(-1.18733e-10 5.13987e-11 0.12848)
(-8.67059e-11 7.51603e-11 0.128482)
(-9.92461e-11 9.21419e-11 0.109892)
(-7.69406e-11 8.28746e-11 0.0756784)
(-3.90051e-11 -9.42848e-12 0.0511959)
(-6.25264e-11 -6.91376e-12 0.0752074)
(-6.98256e-11 9.40986e-12 0.0884822)
(-5.75831e-11 3.40006e-11 0.0884832)
(-7.39441e-11 4.58927e-11 0.0752105)
(-5.61834e-11 5.21343e-11 0.0512011)
(-8.06912e-12 -1.92181e-11 0.0187087)
(-1.00148e-11 -2.30721e-11 0.0281877)
(-1.46756e-11 -9.37585e-12 0.0334971)
(-1.67652e-11 2.71623e-12 0.0334975)
(-2.91147e-11 6.52106e-12 0.0281887)
(-2.18176e-11 1.44648e-11 0.0187105)
(2.85296e-10 -5.57536e-10 0.132615)
(7.44928e-10 -6.68095e-10 0.190087)
(2.95998e-10 -7.51496e-10 0.218477)
(-6.08191e-10 -7.31241e-10 0.218479)
(-1.11464e-09 -5.85414e-10 0.190095)
(-5.57496e-10 -4.27908e-10 0.132628)
(2.15818e-10 -5.23637e-10 0.126447)
(7.13802e-10 -6.17738e-10 0.181316)
(2.91159e-10 -6.97881e-10 0.208895)
(-6.05063e-10 -6.74083e-10 0.208898)
(-1.07754e-09 -5.38516e-10 0.181324)
(-4.98893e-10 -4.05403e-10 0.12646)
(1.49986e-10 -5.01088e-10 0.118436)
(6.59613e-10 -5.51724e-10 0.169971)
(2.7509e-10 -6.15807e-10 0.196369)
(-5.77753e-10 -5.89113e-10 0.196371)
(-1.00293e-09 -4.75893e-10 0.169978)
(-4.34819e-10 -3.80496e-10 0.118448)
(8.67777e-11 -4.40262e-10 0.107936)
(5.7294e-10 -4.60141e-10 0.155181)
(2.4282e-10 -5.15946e-10 0.179866)
(-5.176e-10 -4.89198e-10 0.179869)
(-8.80174e-10 -3.92879e-10 0.155188)
(-3.631e-10 -3.36783e-10 0.107948)
(2.77532e-11 -3.50295e-10 0.094072)
(4.45172e-10 -3.48006e-10 0.135728)
(1.89506e-10 -3.96843e-10 0.157933)
(-4.17991e-10 -3.71944e-10 0.157934)
(-7.01365e-10 -2.92993e-10 0.135734)
(-2.79298e-10 -2.70263e-10 0.0940822)
(-2.37825e-11 -2.51086e-10 0.0756704)
(2.79437e-10 -2.31496e-10 0.109887)
(1.14875e-10 -2.57901e-10 0.12848)
(-2.78872e-10 -2.36985e-10 0.128482)
(-4.69268e-10 -1.88159e-10 0.109892)
(-1.8257e-10 -1.8849e-10 0.0756785)
(-4.90761e-11 -1.56243e-10 0.0511959)
(1.02835e-10 -1.29898e-10 0.0752074)
(3.2581e-11 -1.19808e-10 0.0884822)
(-1.18745e-10 -1.06021e-10 0.0884832)
(-2.10846e-10 -9.36823e-11 0.0752105)
(-7.814e-11 -9.38527e-11 0.0512011)
(-3.78643e-11 -5.14593e-11 0.0187087)
(-2.265e-11 -2.63246e-11 0.0281877)
(-2.1735e-11 -2.64144e-12 0.0334971)
(1.16567e-11 1.58974e-12 0.0334975)
(6.4115e-12 -1.11565e-11 0.0281887)
(6.12594e-12 -9.41966e-12 0.0187105)
(-1.07829e-08 2.00207e-09 0.132615)
(-1.24158e-08 2.81615e-09 0.190087)
(-4.5709e-09 3.93275e-09 0.218477)
(5.12333e-09 3.92833e-09 0.218479)
(1.29636e-08 2.90086e-09 0.190095)
(1.14811e-08 2.06713e-09 0.132628)
(-1.06997e-08 1.37875e-09 0.126447)
(-1.27238e-08 2.10735e-09 0.181316)
(-4.73666e-09 3.34723e-09 0.208895)
(5.32733e-09 3.34012e-09 0.208898)
(1.33044e-08 2.15498e-09 0.181324)
(1.14048e-08 1.41256e-09 0.12646)
(-1.021e-08 6.0267e-10 0.118436)
(-1.26106e-08 1.2723e-09 0.169971)
(-4.77048e-09 2.69083e-09 0.196369)
(5.37629e-09 2.6787e-09 0.196371)
(1.31978e-08 1.27855e-09 0.169978)
(1.0883e-08 5.97347e-10 0.118448)
(-9.24783e-09 -2.46578e-10 0.107936)
(-1.19645e-08 2.98797e-10 0.155181)
(-4.62902e-09 1.92348e-09 0.179866)
(5.22206e-09 1.89872e-09 0.179869)
(1.25264e-08 2.58879e-10 0.155188)
(9.8439e-09 -2.85172e-10 0.107947)
(-7.81316e-09 -1.06827e-09 0.0940719)
(-1.07165e-08 -7.29811e-10 0.135728)
(-4.27256e-09 1.06463e-09 0.157933)
(4.82242e-09 1.02913e-09 0.157934)
(1.1218e-08 -8.1636e-10 0.135734)
(8.29079e-09 -1.1433e-09 0.0940822)
(-5.92307e-09 -1.70636e-09 0.0756703)
(-8.77455e-09 -1.61604e-09 0.109887)
(-3.63507e-09 2.52111e-10 0.12848)
(4.10617e-09 2.14326e-10 0.128482)
(9.1788e-09 -1.72487e-09 0.109892)
(6.25961e-09 -1.80625e-09 0.0756784)
(-3.67685e-09 -1.82699e-09 0.0511959)
(-6.01868e-09 -1.91335e-09 0.0752074)
(-2.60542e-09 -2.58737e-10 0.0884822)
(2.95124e-09 -2.8286e-10 0.0884831)
(6.29178e-09 -2.00425e-09 0.0752105)
(3.86857e-09 -1.91312e-09 0.0512011)
(-1.21866e-09 -9.5649e-10 0.0187087)
(-2.2935e-09 -1.03013e-09 0.0281877)
(-1.03036e-09 -2.30839e-10 0.0334971)
(1.1781e-09 -2.38612e-10 0.0334975)
(2.39215e-09 -1.06478e-09 0.0281887)
(1.27058e-09 -9.98821e-10 0.0187105)
(-1.12008e-08 3.51819e-09 0.132615)
(-1.31392e-08 3.44536e-09 0.190087)
(-5.04896e-09 3.73927e-09 0.218477)
(6.00143e-09 3.91415e-09 0.218479)
(1.47004e-08 3.5732e-09 0.190095)
(1.17012e-08 3.54725e-09 0.132628)
(-1.0926e-08 2.89197e-09 0.126447)
(-1.3327e-08 2.73946e-09 0.181316)
(-5.18808e-09 3.17274e-09 0.208895)
(6.15878e-09 3.31069e-09 0.208898)
(1.48996e-08 2.89735e-09 0.181324)
(1.15168e-08 2.90934e-09 0.12646)
(-1.02099e-08 2.14491e-09 0.118436)
(-1.30191e-08 1.88643e-09 0.169971)
(-5.14768e-09 2.4455e-09 0.196369)
(6.0865e-09 2.54146e-09 0.196371)
(1.45364e-08 2.00915e-09 0.169978)
(1.08758e-08 2.09226e-09 0.118449)
(-8.98188e-09 1.2059e-09 0.107936)
(-1.20637e-08 8.54131e-10 0.155181)
(-4.85779e-09 1.60229e-09 0.179866)
(5.70857e-09 1.66956e-09 0.179869)
(1.34541e-08 9.69215e-10 0.155188)
(9.69974e-09 1.11893e-09 0.107948)
(-7.27485e-09 2.15744e-10 0.0940722)
(-1.03762e-08 -2.05823e-10 0.135728)
(-4.26421e-09 7.31978e-10 0.157932)
(4.97231e-09 7.63676e-10 0.157934)
(1.15735e-08 -1.02032e-10 0.135734)
(7.99722e-09 1.06298e-10 0.0940824)
(-5.19381e-09 -6.01722e-10 0.0756705)
(-7.93765e-09 -9.99679e-10 0.109887)
(-3.32908e-09 2.32879e-11 0.12848)
(3.84067e-09 1.67301e-12 0.128482)
(8.86184e-09 -9.73564e-10 0.109892)
(5.83079e-09 -7.70462e-10 0.0756786)
(-2.96453e-09 -9.18191e-10 0.051196)
(-4.86948e-09 -1.15232e-09 0.0752074)
(-2.078e-09 -2.82711e-10 0.0884821)
(2.33523e-09 -3.61257e-10 0.0884831)
(5.42791e-09 -1.26364e-09 0.0752105)
(3.39093e-09 -1.15902e-09 0.0512013)
(-8.09736e-10 -5.37001e-10 0.0187088)
(-1.45954e-09 -5.36743e-10 0.0281877)
(-6.34501e-10 -1.28728e-10 0.0334971)
(6.2659e-10 -1.85261e-10 0.0334974)
(1.60168e-09 -6.57045e-10 0.0281887)
(9.50722e-10 -6.92818e-10 0.0187106)
(0.0110909 0.00843587 0.156139)
(0.0132159 0.00693901 0.18724)
(0.0143869 0.00225004 0.197666)
(0.0143869 -0.00224994 0.197666)
(0.0132159 -0.00693891 0.18724)
(0.0110909 -0.00843578 0.156139)
(0.0108282 0.00809048 0.152323)
(0.013153 0.00684573 0.183945)
(0.0144331 0.00222831 0.195163)
(0.0144331 -0.00222821 0.195163)
(0.013153 -0.00684563 0.183945)
(0.0108282 -0.00809039 0.152323)
(0.010426 0.00764576 0.14687)
(0.0129674 0.006677 0.17913)
(0.0143609 0.00218987 0.191272)
(0.0143609 -0.00218978 0.191272)
(0.0129675 -0.0066769 0.17913)
(0.010426 -0.00764567 0.146871)
(0.00986803 0.00707412 0.138915)
(0.0126231 0.00639478 0.171869)
(0.0141512 0.0021215 0.185069)
(0.0141512 -0.00212141 0.185069)
(0.0126231 -0.00639469 0.171869)
(0.00986805 -0.00707405 0.138915)
(0.00906771 0.00632762 0.12706)
(0.0120058 0.00593968 0.160519)
(0.0136757 0.00200018 0.174837)
(0.0136757 -0.0020001 0.174837)
(0.0120058 -0.0059396 0.160519)
(0.00906772 -0.00632756 0.12706)
(0.007845 0.00531442 0.108977)
(0.0108411 0.00519905 0.142004)
(0.0126108 0.00178053 0.157188)
(0.0126108 -0.00178047 0.157188)
(0.0108411 -0.005199 0.142004)
(0.00784502 -0.00531438 0.108977)
(0.00579379 0.00382604 0.0806265)
(0.00839109 0.00390463 0.110177)
(0.00999659 0.00135173 0.12488)
(0.0099966 -0.00135168 0.12488)
(0.0083911 -0.00390459 0.110177)
(0.0057938 -0.00382601 0.0806265)
(0.00216833 0.00142034 0.0345261)
(0.00320536 0.001489 0.0516057)
(0.00387051 0.000492573 0.0609494)
(0.00387051 -0.000492552 0.0609494)
(0.00320537 -0.00148899 0.0516057)
(0.00216834 -0.00142033 0.0345262)
(0.00173143 0.00163199 0.164363)
(0.00310555 0.0018587 0.216223)
(0.00384997 0.000671996 0.23682)
(0.00384998 -0.000671623 0.23682)
(0.00310557 -0.00185832 0.216224)
(0.0017315 -0.00163167 0.164364)
(0.00164175 0.00152515 0.158173)
(0.0030503 0.00174809 0.209382)
(0.00385036 0.000632483 0.230669)
(0.00385037 -0.000632101 0.230669)
(0.00305033 -0.00174771 0.209383)
(0.00164182 -0.00152482 0.158174)
(0.00154954 0.00138027 0.14982)
(0.00299638 0.00159881 0.199969)
(0.00384989 0.000579385 0.221871)
(0.0038499 -0.000579007 0.221871)
(0.00299642 -0.00159843 0.199969)
(0.00154962 -0.00137996 0.149821)
(0.0014152 0.00118642 0.138399)
(0.00286892 0.00139512 0.186768)
(0.00376041 0.000506769 0.209031)
(0.00376043 -0.000506411 0.209031)
(0.00286897 -0.00139477 0.186768)
(0.00141529 -0.00118614 0.1384)
(0.00122081 0.000935933 0.122609)
(0.00261557 0.00112019 0.167894)
(0.00350755 0.000407335 0.189899)
(0.00350757 -0.000407015 0.189899)
(0.00261563 -0.00111988 0.167895)
(0.00122091 -0.000935691 0.12261)
(0.000945803 0.000631303 0.100601)
(0.00216523 0.000763471 0.140429)
(0.00297773 0.000274825 0.160851)
(0.00297775 -0.000274561 0.160851)
(0.0021653 -0.000763223 0.140429)
(0.000945892 -0.000631119 0.100602)
(0.000572149 0.000295894 0.0698005)
(0.00141354 0.000336659 0.0999261)
(0.0019837 0.000110161 0.11615)
(0.00198372 -0.000109977 0.11615)
(0.0014136 -0.000336494 0.0999263)
(0.000572219 -0.000295779 0.0698009)
(0.000125047 -1.82236e-06 0.0266419)
(0.000322396 -6.57724e-05 0.0397663)
(0.000422159 -4.79502e-05 0.0470852)
(0.000422169 4.80218e-05 0.0470852)
(0.000322421 6.58315e-05 0.0397664)
(0.000125076 1.85955e-06 0.026642)
(0.00107376 0.000930469 0.141377)
(0.0021295 0.00100575 0.199534)
(0.00271325 0.000410132 0.225824)
(0.00271326 -0.000409492 0.225824)
(0.00212958 -0.00100512 0.199535)
(0.00107389 -0.000929957 0.141381)
(0.000968196 0.000840815 0.134829)
(0.0019624 0.000915266 0.190933)
(0.0025326 0.000375269 0.217171)
(0.00253262 -0.000374615 0.217171)
(0.00196248 -0.000914619 0.190934)
(0.00096834 -0.000840299 0.134833)
(0.000837146 0.000730867 0.126267)
(0.00173666 0.000799685 0.179585)
(0.00227232 0.000330135 0.205468)
(0.00227234 -0.000329489 0.205469)
(0.00173676 -0.000799048 0.179587)
(0.000837299 -0.000730368 0.126271)
(0.000680612 0.000599584 0.114979)
(0.00145091 0.000656427 0.164464)
(0.00192941 0.000273311 0.189455)
(0.00192945 -0.0002727 0.189455)
(0.00145102 -0.000655829 0.164466)
(0.000680772 -0.000599128 0.114982)
(0.000499342 0.000448207 0.100018)
(0.00109876 0.000486398 0.14413)
(0.00148818 0.000204804 0.167308)
(0.00148822 -0.00020426 0.167308)
(0.00109887 -0.000485873 0.144131)
(0.000499503 -0.000447818 0.100021)
(0.0003019 0.00028368 0.0801532)
(0.000689241 0.000299304 0.116606)
(0.000951599 0.000128442 0.13647)
(0.000951639 -0.000128002 0.13647)
(0.000689353 -0.000298888 0.116607)
(0.000302047 -0.000283383 0.0801553)
(0.000118293 0.000126204 0.0538693)
(0.000282361 0.000124192 0.0793246)
(0.000394468 5.6563e-05 0.0935821)
(0.000394502 -5.62694e-05 0.0935823)
(0.000282449 -0.000123923 0.0793253)
(0.000118405 -0.000126019 0.0538707)
(-4.40528e-06 9.19806e-06 0.0194236)
(-1.10878e-05 3.29205e-06 0.0291917)
(-2.1614e-05 5.83963e-06 0.0347089)
(-2.15998e-05 -5.73777e-06 0.0347089)
(-1.10514e-05 -3.20277e-06 0.0291919)
(-4.36132e-06 -9.13944e-06 0.0194241)
(9.20865e-05 0.000162924 0.136972)
(0.000413201 0.000293992 0.194253)
(0.000664065 0.000143845 0.221389)
(0.000664087 -0.000143141 0.22139)
(0.000413313 -0.000293298 0.194256)
(9.22525e-05 -0.00016241 0.136977)
(7.3027e-05 0.000148549 0.13069)
(0.000362063 0.000261292 0.185546)
(0.000596093 0.000127704 0.212168)
(0.00059612 -0.000126988 0.212169)
(0.000362182 -0.000260588 0.185548)
(7.31986e-05 -0.000148034 0.130696)
(5.51986e-05 0.00013078 0.122507)
(0.000306297 0.000222115 0.174211)
(0.000515254 0.000107979 0.199968)
(0.000515286 -0.000107273 0.199969)
(0.000306423 -0.000221424 0.174213)
(5.53752e-05 -0.000130285 0.122513)
(3.53452e-05 0.000109138 0.111753)
(0.000239244 0.000176412 0.159336)
(0.000412922 8.46029e-05 0.183691)
(0.00041296 -8.39373e-05 0.183692)
(0.000239376 -0.000175765 0.159339)
(3.55237e-05 -0.000108684 0.111758)
(1.52121e-05 8.37451e-05 0.0975146)
(0.00016283 0.000125657 0.139643)
(0.000290125 5.83752e-05 0.161784)
(0.000290167 -5.77876e-05 0.161785)
(0.000162962 -0.00012509 0.139646)
(1.53855e-05 -8.33565e-05 0.0975191)
(-1.70513e-06 5.60237e-05 0.0785637)
(8.49069e-05 7.40524e-05 0.113328)
(0.000157604 3.16773e-05 0.132041)
(0.000157646 -3.12105e-05 0.132042)
(8.50277e-05 -7.36061e-05 0.11333)
(-1.55003e-06 -5.5725e-05 0.0785672)
(-1.06742e-05 2.91055e-05 0.0532758)
(2.17008e-05 2.94985e-05 0.0778175)
(4.40761e-05 9.25857e-06 0.0912926)
(4.41095e-05 -8.95764e-06 0.0912929)
(2.17922e-05 -2.92129e-05 0.0778187)
(-1.05594e-05 -2.89185e-05 0.053278)
(-6.22306e-06 7.87834e-06 0.0195535)
(-2.35759e-06 3.51053e-06 0.0293577)
(-2.28345e-06 -1.44435e-06 0.0348274)
(-2.2701e-06 1.53965e-06 0.0348275)
(-2.32174e-06 -3.41945e-06 0.0293581)
(-6.17927e-06 -7.81885e-06 0.0195543)
(5.91612e-05 8.53992e-05 0.135856)
(0.00019831 0.000162651 0.193028)
(0.000318608 7.85973e-05 0.220515)
(0.000318641 -7.78936e-05 0.220516)
(0.000198449 -0.000161979 0.193032)
(5.93247e-05 -8.49484e-05 0.135863)
(5.15247e-05 8.0276e-05 0.129636)
(0.000178785 0.0001499 0.184339)
(0.000290872 7.16297e-05 0.211176)
(0.000290909 -7.09199e-05 0.211177)
(0.000178927 -0.000149224 0.184343)
(5.16907e-05 -7.98304e-05 0.129644)
(4.33968e-05 7.37259e-05 0.121534)
(0.000156591 0.000134417 0.173054)
(0.000257526 6.31032e-05 0.198889)
(0.000257566 -6.24084e-05 0.19889)
(0.000156734 -0.000133759 0.173058)
(4.35645e-05 -7.32998e-05 0.121541)
(3.37534e-05 6.53095e-05 0.11088)
(0.0001298 0.000115819 0.158274)
(0.000216243 5.2892e-05 0.182592)
(0.000216287 -5.22414e-05 0.182593)
(0.000129943 -0.000115206 0.158277)
(3.39196e-05 -6.49202e-05 0.110887)
(2.28465e-05 5.45256e-05 0.0967647)
(9.85132e-05 9.38322e-05 0.138729)
(0.000167047 4.10649e-05 0.160767)
(0.000167093 -4.04936e-05 0.160768)
(9.86498e-05 -9.3297e-05 0.138733)
(2.3005e-05 -5.4192e-05 0.0967706)
(1.15269e-05 4.09892e-05 0.0779597)
(6.40628e-05 6.84881e-05 0.112612)
(0.000112056 2.80351e-05 0.131223)
(0.000112098 -2.75834e-05 0.131224)
(6.41836e-05 -6.80663e-05 0.112614)
(1.16663e-05 -4.07315e-05 0.0779643)
(1.83893e-06 2.48533e-05 0.0528473)
(3.00249e-05 4.04682e-05 0.077323)
(5.67927e-05 1.47642e-05 0.0907452)
(5.68252e-05 -1.44744e-05 0.0907456)
(3.01137e-05 -4.0197e-05 0.0773247)
(1.94084e-06 -2.46906e-05 0.0528504)
(-2.66188e-06 7.17825e-06 0.0193686)
(2.71714e-06 1.11588e-05 0.0291188)
(9.24242e-06 2.78493e-06 0.0345604)
(9.25509e-06 -2.69351e-06 0.0345605)
(2.7514e-06 -1.10709e-05 0.0291194)
(-2.62354e-06 -7.1257e-06 0.0193696)
(6.2929e-05 7.00699e-05 0.134471)
(0.000154896 0.00010612 0.191761)
(0.000225494 5.09748e-05 0.219593)
(0.000225532 -5.0347e-05 0.219594)
(0.000155028 -0.000105552 0.191766)
(6.30558e-05 -6.97302e-05 0.13448)
(5.58232e-05 6.44662e-05 0.128269)
(0.000140387 9.78852e-05 0.183047)
(0.000206798 4.6962e-05 0.210172)
(0.000206838 -4.63366e-05 0.210174)
(0.000140518 -9.73223e-05 0.183051)
(5.59503e-05 -6.4135e-05 0.128279)
(4.76926e-05 5.74434e-05 0.120198)
(0.0001228 8.76492e-05 0.171742)
(0.000183156 4.19714e-05 0.197805)
(0.000183197 -4.13667e-05 0.197806)
(0.000122929 -8.71078e-05 0.171747)
(4.78195e-05 -5.71301e-05 0.120207)
(3.80804e-05 4.87822e-05 0.109599)
(0.000101447 7.50631e-05 0.156958)
(0.000153851 3.5842e-05 0.181436)
(0.000153893 -3.52823e-05 0.181437)
(0.000101572 -7.4564e-05 0.156963)
(3.82046e-05 -4.84982e-05 0.109607)
(2.71256e-05 3.83679e-05 0.0955766)
(7.6182e-05 5.98453e-05 0.137442)
(0.000118365 2.8457e-05 0.159567)
(0.000118406 -2.79713e-05 0.159568)
(7.62975e-05 -5.94129e-05 0.137446)
(2.72424e-05 -3.81259e-05 0.0955838)
(1.54863e-05 2.64012e-05 0.0769287)
(4.7889e-05 4.20651e-05 0.111417)
(7.74433e-05 1.98736e-05 0.130041)
(7.74798e-05 -1.94948e-05 0.130042)
(4.7988e-05 -4.17272e-05 0.11142)
(1.55878e-05 -2.6215e-05 0.0769343)
(5.01955e-06 1.38492e-05 0.0520823)
(2.0149e-05 2.28222e-05 0.0763572)
(3.54991e-05 1.06446e-05 0.0897239)
(3.55257e-05 -1.04061e-05 0.0897245)
(2.02196e-05 -2.26068e-05 0.0763593)
(5.0928e-06 -1.3732e-05 0.052086)
(-1.12593e-06 2.72136e-06 0.0190494)
(-2.26099e-08 4.7991e-06 0.0286633)
(2.10202e-06 2.09984e-06 0.0340377)
(2.11189e-06 -2.02746e-06 0.0340379)
(3.78512e-09 -4.73059e-06 0.028664)
(-1.09881e-06 -2.6839e-06 0.0190507)
(3.16168e-05 3.82906e-05 0.133772)
(8.34955e-05 5.99163e-05 0.1911)
(0.000123526 2.96003e-05 0.219133)
(0.000123558 -2.91051e-05 0.219135)
(8.35912e-05 -5.94959e-05 0.191105)
(3.16941e-05 -3.80647e-05 0.133782)
(2.78083e-05 3.52563e-05 0.127586)
(7.54705e-05 5.49588e-05 0.182369)
(0.000113183 2.71692e-05 0.209658)
(0.000113216 -2.66839e-05 0.209659)
(7.55647e-05 -5.45493e-05 0.182375)
(2.78853e-05 -3.50392e-05 0.127596)
(2.36314e-05 3.14037e-05 0.119541)
(6.60235e-05 4.87956e-05 0.171055)
(0.00010034 2.41436e-05 0.197237)
(0.000100373 -2.36822e-05 0.197239)
(6.61147e-05 -4.84081e-05 0.17106)
(2.3708e-05 -3.12013e-05 0.119551)
(1.87074e-05 2.66051e-05 0.108982)
(5.44676e-05 4.12484e-05 0.156275)
(8.41977e-05 2.04311e-05 0.180826)
(8.42296e-05 -2.00113e-05 0.180828)
(5.45538e-05 -4.08968e-05 0.15628)
(1.87819e-05 -2.64241e-05 0.108991)
(1.31431e-05 2.08207e-05 0.095023)
(4.07485e-05 3.22446e-05 0.13679)
(6.44653e-05 1.59853e-05 0.158942)
(6.44952e-05 -1.56278e-05 0.158943)
(4.08266e-05 -3.1945e-05 0.136795)
(1.32126e-05 -2.06686e-05 0.0950312)
(7.33098e-06 1.42189e-05 0.0764713)
(2.5464e-05 2.2003e-05 0.110844)
(4.17061e-05 1.08968e-05 0.129454)
(4.17317e-05 -1.06246e-05 0.129455)
(2.55294e-05 -2.17731e-05 0.110848)
(7.39096e-06 -1.41036e-05 0.0764778)
(2.2263e-06 7.39471e-06 0.0517664)
(1.06626e-05 1.13953e-05 0.075938)
(1.86851e-05 5.59215e-06 0.0892693)
(1.8703e-05 -5.42632e-06 0.08927)
(1.07081e-05 -1.12524e-05 0.0759404)
(2.26927e-06 -7.32358e-06 0.0517706)
(-5.88702e-07 1.49546e-06 0.0189326)
(2.89737e-07 2.21514e-06 0.0285002)
(1.38643e-06 1.02373e-06 0.0338531)
(1.39275e-06 -9.76852e-07 0.0338534)
(3.06227e-07 -2.17188e-06 0.0285009)
(-5.72999e-07 -1.47364e-06 0.0189341)
(2.07046e-05 2.46393e-05 0.133353)
(5.31871e-05 3.7729e-05 0.190728)
(7.77791e-05 1.83734e-05 0.21889)
(7.77996e-05 -1.80197e-05 0.218892)
(5.32414e-05 -3.74462e-05 0.190735)
(2.07415e-05 -2.44987e-05 0.133364)
(1.83078e-05 2.27535e-05 0.127174)
(4.83106e-05 3.46858e-05 0.181984)
(7.15629e-05 1.68646e-05 0.209377)
(7.15833e-05 -1.65246e-05 0.209379)
(4.83636e-05 -3.44154e-05 0.181991)
(1.83446e-05 -2.26204e-05 0.127186)
(1.56371e-05 2.034e-05 0.119142)
(4.24945e-05 3.08653e-05 0.17066)
(6.37357e-05 1.4973e-05 0.196919)
(6.37557e-05 -1.46564e-05 0.196921)
(4.25453e-05 -3.06145e-05 0.170666)
(1.5674e-05 -2.02179e-05 0.119153)
(1.24718e-05 1.73132e-05 0.108605)
(3.53303e-05 2.61535e-05 0.155878)
(5.38238e-05 1.26431e-05 0.180477)
(5.38431e-05 -1.23616e-05 0.180478)
(3.53778e-05 -2.59308e-05 0.155884)
(1.2508e-05 -1.7206e-05 0.108616)
(8.86646e-06 1.36375e-05 0.094681)
(2.67529e-05 2.05064e-05 0.136406)
(4.16125e-05 9.85419e-06 0.158576)
(4.163e-05 -9.62099e-06 0.158578)
(2.67954e-05 -2.03214e-05 0.136411)
(8.90039e-06 -1.35495e-05 0.09469)
(5.05266e-06 9.3992e-06 0.0761837)
(1.70733e-05 1.40589e-05 0.110499)
(2.73859e-05 6.67661e-06 0.129103)
(2.74005e-05 -6.50518e-06 0.129104)
(1.71082e-05 -1.39215e-05 0.110504)
(5.08207e-06 -9.33451e-06 0.0761908)
(1.63806e-06 4.95437e-06 0.0515616)
(7.49512e-06 7.34312e-06 0.0756756)
(1.2755e-05 3.38932e-06 0.088987)
(1.27648e-05 -3.29014e-06 0.0889878)
(7.51891e-06 -7.26147e-06 0.0756783)
(1.65913e-06 -4.91611e-06 0.0515662)
(-3.48725e-07 1.01642e-06 0.0188521)
(3.79777e-07 1.42206e-06 0.0283878)
(1.17481e-06 5.69977e-07 0.0337255)
(1.17811e-06 -5.45125e-07 0.0337257)
(3.88119e-07 -1.39967e-06 0.0283887)
(-3.41091e-07 -1.00572e-06 0.0188537)
(1.35453e-05 1.60073e-05 0.133071)
(3.43609e-05 2.40537e-05 0.190482)
(4.99024e-05 1.15734e-05 0.218728)
(4.99114e-05 -1.13426e-05 0.21873)
(3.43827e-05 -2.38779e-05 0.190489)
(1.35558e-05 -1.5925e-05 0.133083)
(1.19743e-05 1.47763e-05 0.126896)
(3.11984e-05 2.21531e-05 0.181728)
(4.59087e-05 1.06401e-05 0.20919)
(4.59177e-05 -1.04233e-05 0.209192)
(3.12195e-05 -2.19885e-05 0.181735)
(1.19851e-05 -1.46995e-05 0.126908)
(1.02127e-05 1.31996e-05 0.118872)
(2.74117e-05 1.97477e-05 0.170395)
(4.08699e-05 9.46021e-06 0.196706)
(4.08786e-05 -9.26356e-06 0.196708)
(2.74318e-05 -1.95986e-05 0.170402)
(1.02242e-05 -1.31305e-05 0.118884)
(8.12729e-06 1.12232e-05 0.108349)
(2.27526e-05 1.67611e-05 0.15561)
(3.44953e-05 7.99699e-06 0.180241)
(3.45035e-05 -7.82756e-06 0.180243)
(2.27712e-05 -1.66326e-05 0.155617)
(8.13904e-06 -1.11642e-05 0.10836)
(5.75547e-06 8.8265e-06 0.0944471)
(1.71758e-05 1.31621e-05 0.136145)
(2.66308e-05 6.23695e-06 0.158328)
(2.66382e-05 -6.10223e-06 0.158329)
(1.71923e-05 -1.30595e-05 0.136151)
(5.76698e-06 -8.77971e-06 0.0944566)
(3.25286e-06 6.06869e-06 0.0759858)
(1.08869e-05 9.03454e-06 0.110263)
(1.74531e-05 4.22563e-06 0.128862)
(1.7459e-05 -4.13228e-06 0.128864)
(1.09002e-05 -8.96242e-06 0.110268)
(3.26323e-06 -6.03599e-06 0.0759933)
(1.02614e-06 3.18648e-06 0.05142)
(4.69351e-06 4.72253e-06 0.0754938)
(8.02788e-06 2.14358e-06 0.0887906)
(8.03168e-06 -2.09471e-06 0.0887915)
(4.70233e-06 -4.68334e-06 0.0754967)
(1.03377e-06 -3.16867e-06 0.0514248)
(-2.46183e-07 6.48231e-07 0.0187962)
(1.65624e-07 9.16941e-07 0.0283092)
(6.44655e-07 3.59672e-07 0.0336355)
(6.45838e-07 -3.50796e-07 0.0336358)
(1.68586e-07 -9.08579e-07 0.0283102)
(-2.43397e-07 -6.44226e-07 0.0187978)
(8.20334e-06 9.94971e-06 0.132895)
(2.10702e-05 1.49807e-05 0.190329)
(3.0694e-05 7.17613e-06 0.218629)
(3.06953e-05 -7.038e-06 0.218631)
(2.10721e-05 -1.48799e-05 0.190336)
(8.1995e-06 -9.90612e-06 0.132908)
(7.23484e-06 9.20075e-06 0.126723)
(1.91117e-05 1.38258e-05 0.181568)
(2.82293e-05 6.61291e-06 0.209074)
(2.82305e-05 -6.48699e-06 0.209077)
(1.91135e-05 -1.3734e-05 0.181576)
(7.23153e-06 -9.1612e-06 0.126736)
(6.15254e-06 8.23326e-06 0.118704)
(1.67757e-05 1.23522e-05 0.170231)
(2.5131e-05 5.89442e-06 0.196575)
(2.51322e-05 -5.78431e-06 0.196577)
(1.67774e-05 -1.2272e-05 0.170239)
(6.15007e-06 -8.19889e-06 0.118716)
(4.87364e-06 7.01249e-06 0.10819)
(1.38996e-05 1.05087e-05 0.155445)
(2.1199e-05 4.99554e-06 0.180096)
(2.12001e-05 -4.90514e-06 0.180098)
(1.3901e-05 -1.04428e-05 0.155452)
(4.87198e-06 -6.98445e-06 0.108202)
(3.42404e-06 5.5257e-06 0.0943033)
(1.04584e-05 8.27399e-06 0.135985)
(1.63382e-05 3.90651e-06 0.158176)
(1.63391e-05 -3.8395e-06 0.158178)
(1.04595e-05 -8.22478e-06 0.135991)
(3.42317e-06 -5.50494e-06 0.0943133)
(1.90322e-06 3.81004e-06 0.0758653)
(6.58872e-06 5.69903e-06 0.110119)
(1.06693e-05 2.65493e-06 0.128716)
(1.06698e-05 -2.61366e-06 0.128718)
(6.58945e-06 -5.66807e-06 0.110124)
(1.90301e-06 -3.79707e-06 0.0758731)
(5.64838e-07 2.01221e-06 0.0513347)
(2.80259e-06 2.99756e-06 0.0753849)
(4.87188e-06 1.35331e-06 0.0886733)
(4.87197e-06 -1.33668e-06 0.0886742)
(2.80274e-06 -2.98414e-06 0.075388)
(5.64917e-07 -2.00658e-06 0.0513397)
(-1.71692e-07 4.21125e-07 0.0187631)
(8.01199e-08 6.00778e-07 0.0282634)
(3.85207e-07 2.33794e-07 0.0335834)
(3.85104e-07 -2.34335e-07 0.0335837)
(7.9969e-08 -6.00308e-07 0.0282644)
(-1.71661e-07 -4.20849e-07 0.0187648)
(5.15117e-06 6.24086e-06 0.132786)
(1.31877e-05 9.37176e-06 0.190236)
(1.91874e-05 4.47311e-06 0.218569)
(1.91844e-05 -4.39889e-06 0.218572)
(1.31796e-05 -9.32063e-06 0.190243)
(5.13992e-06 -6.22319e-06 0.1328)
(4.5464e-06 5.77407e-06 0.126616)
(1.19763e-05 8.65459e-06 0.181471)
(1.76729e-05 4.12583e-06 0.209005)
(1.76699e-05 -4.06137e-06 0.209007)
(1.19682e-05 -8.61037e-06 0.181479)
(4.53568e-06 -5.75924e-06 0.126629)
(3.8693e-06 5.16984e-06 0.1186)
(1.05221e-05 7.73874e-06 0.170131)
(1.57485e-05 3.68184e-06 0.196496)
(1.57456e-05 -3.62908e-06 0.196498)
(1.05142e-05 -7.70274e-06 0.170139)
(3.85943e-06 -5.15832e-06 0.118613)
(3.06966e-06 4.40621e-06 0.108092)
(8.72925e-06 6.59149e-06 0.155344)
(1.32999e-05 3.12507e-06 0.180008)
(1.32971e-05 -3.0859e-06 0.180011)
(8.72172e-06 -6.56491e-06 0.155351)
(3.06077e-06 -4.3983e-06 0.108103)
(2.16308e-06 3.47478e-06 0.0942141)
(6.58341e-06 5.19769e-06 0.135887)
(1.0272e-05 2.44839e-06 0.158083)
(1.02693e-05 -2.42413e-06 0.158085)
(6.57644e-06 -5.18129e-06 0.135893)
(2.15542e-06 -3.47058e-06 0.0942242)
(1.21007e-06 2.39812e-06 0.0757904)
(4.1661e-06 3.58657e-06 0.110031)
(6.73498e-06 1.66743e-06 0.128627)
(6.73257e-06 -1.65798e-06 0.128628)
(4.16013e-06 -3.58012e-06 0.110036)
(1.20398e-06 -2.39735e-06 0.0757984)
(3.67188e-07 1.26763e-06 0.0512815)
(1.78987e-06 1.88982e-06 0.0753178)
(3.10156e-06 8.51389e-07 0.0886014)
(3.0997e-06 -8.53596e-07 0.0886023)
(1.78552e-06 -1.89114e-06 0.0753209)
(3.63126e-07 -1.26926e-06 0.0512867)
(-1.03646e-07 2.63964e-07 0.0187424)
(6.20008e-08 3.76595e-07 0.028235)
(2.5896e-07 1.45803e-07 0.0335511)
(2.58208e-07 -1.51407e-07 0.0335515)
(6.03317e-08 -3.80266e-07 0.028236)
(-1.05092e-07 -2.65746e-07 0.0187441)
(3.27945e-06 3.94855e-06 0.132718)
(8.40826e-06 5.92823e-06 0.190176)
(1.22267e-05 2.81963e-06 0.218531)
(1.22219e-05 -2.78827e-06 0.218534)
(8.39546e-06 -5.91042e-06 0.190184)
(3.26475e-06 -3.9482e-06 0.132731)
(2.89296e-06 3.65035e-06 0.126549)
(7.62868e-06 5.47016e-06 0.18141)
(1.12476e-05 2.5987e-06 0.20896)
(1.12428e-05 -2.57463e-06 0.208963)
(7.61605e-06 -5.45743e-06 0.181418)
(2.8787e-06 -3.65206e-06 0.126562)
(2.46047e-06 3.26535e-06 0.118535)
(6.69333e-06 4.88667e-06 0.170068)
(1.00054e-05 2.3167e-06 0.196445)
(1.00007e-05 -2.30083e-06 0.196447)
(6.68107e-06 -4.87954e-06 0.170075)
(2.44691e-06 -3.26907e-06 0.118547)
(1.95025e-06 2.78068e-06 0.108029)
(5.54582e-06 4.15934e-06 0.155279)
(8.43751e-06 1.96468e-06 0.179952)
(8.4329e-06 -1.9577e-06 0.179954)
(5.53413e-06 -4.15808e-06 0.155287)
(1.9376e-06 -2.78618e-06 0.108041)
(1.37223e-06 2.19155e-06 0.0941574)
(4.17651e-06 3.27958e-06 0.135824)
(6.50827e-06 1.53867e-06 0.158024)
(6.50393e-06 -1.54057e-06 0.158026)
(4.16577e-06 -3.28391e-06 0.13583)
(1.36091e-06 -2.19836e-06 0.0941677)
(7.65193e-07 1.5124e-06 0.0757426)
(2.63687e-06 2.26565e-06 0.109974)
(4.26071e-06 1.04843e-06 0.128569)
(4.25689e-06 -1.05778e-06 0.128571)
(2.6277e-06 -2.27432e-06 0.109979)
(7.55841e-07 -1.51968e-06 0.0757507)
(2.29764e-07 8.00631e-07 0.0512474)
(1.12727e-06 1.199e-06 0.0752744)
(1.95718e-06 5.36881e-07 0.0885547)
(1.95432e-06 -5.49638e-07 0.0885557)
(1.12059e-06 -1.20904e-06 0.0752775)
(2.23235e-07 -8.06943e-07 0.0512527)
(-6.78195e-08 1.67937e-07 0.018729)
(3.28396e-08 2.43645e-07 0.0282163)
(1.5681e-07 9.34169e-08 0.0335299)
(1.5569e-07 -1.01477e-07 0.0335303)
(3.0263e-08 -2.49555e-07 0.0282174)
(-7.02184e-08 -1.70997e-07 0.0187308)
(2.02963e-06 2.49981e-06 0.132674)
(5.25602e-06 3.74583e-06 0.190138)
(7.66141e-06 1.77113e-06 0.218506)
(7.65597e-06 -1.76779e-06 0.218508)
(5.24128e-06 -3.74965e-06 0.190146)
(2.01322e-06 -2.51064e-06 0.132687)
(1.78552e-06 2.31484e-06 0.126505)
(4.75745e-06 3.46342e-06 0.181369)
(7.0309e-06 1.63468e-06 0.208931)
(7.02544e-06 -1.63663e-06 0.208934)
(4.74287e-06 -3.47093e-06 0.181378)
(1.76946e-06 -2.32708e-06 0.126519)
(1.51233e-06 2.0738e-06 0.118492)
(4.16238e-06 3.09957e-06 0.170026)
(6.23953e-06 1.45882e-06 0.196412)
(6.23413e-06 -1.4663e-06 0.196414)
(4.14819e-06 -3.11075e-06 0.170034)
(1.49691e-06 -2.08709e-06 0.118505)
(1.19029e-06 1.7685e-06 0.10799)
(3.43417e-06 2.64264e-06 0.155238)
(5.24456e-06 1.23796e-06 0.179916)
(5.2393e-06 -1.25083e-06 0.179918)
(3.42058e-06 -2.65711e-06 0.155245)
(1.17575e-06 -1.78225e-06 0.108001)
(8.26821e-07 1.39624e-06 0.0941212)
(2.56792e-06 2.08798e-06 0.135784)
(4.02362e-06 9.70082e-07 0.157986)
(4.01867e-06 -9.87525e-07 0.157988)
(2.55541e-06 -2.10484e-06 0.13579)
(8.13662e-07 -1.40963e-06 0.0941316)
(4.48186e-07 9.6634e-07 0.0757122)
(1.60019e-06 1.44761e-06 0.109938)
(2.60925e-06 6.61858e-07 0.128533)
(2.60494e-06 -6.81742e-07 0.128535)
(1.58957e-06 -1.46501e-06 0.109943)
(4.37182e-07 -9.78245e-07 0.0757204)
(1.20387e-07 5.14955e-07 0.051226)
(6.64617e-07 7.724e-07 0.0752471)
(1.17736e-06 3.40393e-07 0.0885255)
(1.1742e-06 -3.58445e-07 0.0885265)
(6.5707e-07 -7.8712e-07 0.0752504)
(1.12727e-07 -5.23818e-07 0.0512313)
(-5.08651e-08 1.12189e-07 0.0187207)
(6.46828e-09 1.64689e-07 0.0282049)
(8.38495e-08 6.16515e-08 0.033517)
(8.2657e-08 -7.05748e-08 0.0335173)
(3.66421e-09 -1.71579e-07 0.0282059)
(-5.36318e-08 -1.15847e-07 0.0187225)
(1.26005e-06 1.56581e-06 0.132646)
(3.25314e-06 2.33358e-06 0.190114)
(4.74025e-06 1.09625e-06 0.21849)
(4.735e-06 -1.11003e-06 0.218493)
(3.23824e-06 -2.35094e-06 0.190122)
(1.24398e-06 -1.58275e-06 0.13266)
(1.10964e-06 1.45236e-06 0.126478)
(2.94998e-06 2.16314e-06 0.181345)
(4.36029e-06 1.01379e-06 0.208913)
(4.355e-06 -1.03138e-06 0.208916)
(2.93533e-06 -2.18316e-06 0.181353)
(1.09388e-06 -1.47026e-06 0.126491)
(9.40698e-07 1.30359e-06 0.118466)
(2.58549e-06 1.941e-06 0.170001)
(3.87837e-06 9.06563e-07 0.196391)
(3.87312e-06 -9.27681e-07 0.196394)
(2.57129e-06 -1.96327e-06 0.170009)
(9.25448e-07 -1.32193e-06 0.118479)
(7.41157e-07 1.11367e-06 0.107965)
(2.13624e-06 1.65837e-06 0.155212)
(3.26538e-06 7.70329e-07 0.179893)
(3.26027e-06 -7.94265e-07 0.179896)
(2.12275e-06 -1.68205e-06 0.15522)
(7.26686e-07 -1.13168e-06 0.107977)
(5.15795e-07 8.80476e-07 0.0940987)
(1.60012e-06 1.31161e-06 0.135759)
(2.50883e-06 6.03521e-07 0.157963)
(2.50402e-06 -6.28949e-07 0.157965)
(1.58779e-06 -1.33539e-06 0.135766)
(5.02608e-07 -8.97168e-07 0.0941092)
(2.80876e-07 6.0967e-07 0.0756935)
(1.00025e-06 9.08151e-07 0.109917)
(1.63014e-06 4.10366e-07 0.128511)
(1.62592e-06 -4.34872e-07 0.128513)
(9.89774e-07 -9.29929e-07 0.109922)
(2.69772e-07 -6.23768e-07 0.0757017)
(7.68746e-08 3.24177e-07 0.0512129)
(4.18913e-07 4.81048e-07 0.0752308)
(7.38734e-07 2.08553e-07 0.0885082)
(7.35638e-07 -2.28075e-07 0.0885092)
(4.11392e-07 -4.97611e-07 0.0752341)
(6.90225e-08 -3.34077e-07 0.0512182)
(-3.04204e-08 6.98903e-08 0.0187157)
(8.35337e-09 9.91774e-08 0.0281982)
(5.73432e-08 3.54588e-08 0.0335094)
(5.61667e-08 -4.38794e-08 0.0335098)
(5.5001e-09 -1.06059e-07 0.0281992)
(-3.32941e-08 -7.36748e-08 0.0187175)
(8.25093e-07 9.86388e-07 0.132629)
(2.09927e-06 1.46417e-06 0.1901)
(3.04423e-06 6.83844e-07 0.218481)
(3.03946e-06 -7.06477e-07 0.218484)
(2.08532e-06 -1.4879e-06 0.190108)
(8.10182e-07 -1.00563e-06 0.132643)
(7.29652e-07 9.12639e-07 0.126461)
(1.91048e-06 1.35378e-06 0.18133)
(2.81051e-06 6.30632e-07 0.208903)
(2.80572e-06 -6.56046e-07 0.208905)
(1.89674e-06 -1.37941e-06 0.181338)
(7.15006e-07 -9.32417e-07 0.126475)
(6.22281e-07 8.17167e-07 0.11845)
(1.68114e-06 1.2118e-06 0.169985)
(2.5085e-06 5.62448e-07 0.196379)
(2.50374e-06 -5.89992e-07 0.196382)
(1.66783e-06 -1.23866e-06 0.169993)
(6.08124e-07 -8.36909e-07 0.118463)
(4.9538e-07 6.96384e-07 0.107949)
(1.39755e-06 1.03263e-06 0.155196)
(2.12215e-06 4.76592e-07 0.17988)
(2.11749e-06 -5.05222e-07 0.179882)
(1.38488e-06 -1.05967e-06 0.155204)
(4.81948e-07 -7.15267e-07 0.107961)
(3.51243e-07 5.48824e-07 0.0940848)
(1.05748e-06 8.13652e-07 0.135744)
(1.64297e-06 3.71883e-07 0.157949)
(1.63859e-06 -4.00004e-07 0.157951)
(1.04589e-06 -8.39374e-07 0.13575)
(3.38988e-07 -5.65848e-07 0.0940952)
(1.99182e-07 3.78028e-07 0.0756818)
(6.73284e-07 5.59524e-07 0.109903)
(1.08152e-06 2.50929e-07 0.128497)
(1.07772e-06 -2.76114e-07 0.128499)
(6.63538e-07 -5.81842e-07 0.109908)
(1.8886e-07 -3.91994e-07 0.07569)
(6.34815e-08 1.9871e-07 0.0512045)
(2.93413e-07 2.91918e-07 0.0752204)
(5.02041e-07 1.25245e-07 0.0884971)
(4.99309e-07 -1.43962e-07 0.0884981)
(2.86602e-07 -3.08013e-07 0.0752236)
(5.62776e-08 -2.08239e-07 0.0512099)
(-1.44877e-08 4.02197e-08 0.0187124)
(1.35994e-08 5.5096e-08 0.0281937)
(4.48724e-08 1.8772e-08 0.0335044)
(4.38717e-08 -2.61977e-08 0.0335047)
(1.11336e-08 -6.13268e-08 0.0281948)
(-1.70689e-08 -4.36964e-08 0.0187142)
(5.38461e-07 6.31126e-07 0.132618)
(1.37819e-06 9.39141e-07 0.19009)
(1.99888e-06 4.35609e-07 0.218475)
(1.9948e-06 -4.6149e-07 0.218478)
(1.36592e-06 -9.64776e-07 0.190098)
(5.2586e-07 -6.49696e-07 0.132632)
(4.75628e-07 5.82411e-07 0.126451)
(1.25173e-06 8.64737e-07 0.18132)
(1.84083e-06 3.9979e-07 0.208896)
(1.83672e-06 -4.27505e-07 0.208898)
(1.23972e-06 -8.91584e-07 0.181328)
(4.63262e-07 -6.01256e-07 0.126464)
(4.0516e-07 5.19727e-07 0.118439)
(1.099e-06 7.70511e-07 0.169975)
(1.63844e-06 3.54654e-07 0.196371)
(1.63433e-06 -3.83485e-07 0.196374)
(1.08739e-06 -7.97863e-07 0.169983)
(3.93136e-07 -5.38312e-07 0.118452)
(3.22177e-07 4.41311e-07 0.107939)
(9.11947e-07 6.53909e-07 0.155186)
(1.38327e-06 2.99033e-07 0.179871)
(1.37924e-06 -3.27876e-07 0.179873)
(9.00951e-07 -6.80699e-07 0.155193)
(3.10711e-07 -4.58896e-07 0.107951)
(2.28065e-07 3.46599e-07 0.0940757)
(6.88566e-07 5.13786e-07 0.135734)
(1.069e-06 2.3246e-07 0.157939)
(1.06519e-06 -2.59741e-07 0.157941)
(6.78576e-07 -5.38589e-07 0.13574)
(2.17574e-07 -3.62302e-07 0.0940861)
(1.28841e-07 2.38104e-07 0.0756741)
(4.36652e-07 3.53353e-07 0.109894)
(7.01788e-07 1.56701e-07 0.128488)
(6.98474e-07 -1.80218e-07 0.12849)
(4.28247e-07 -3.74288e-07 0.109899)
(1.19977e-07 -2.50862e-07 0.0756823)
(4.055e-08 1.25226e-07 0.051199)
(1.88242e-07 1.85986e-07 0.0752133)
(3.23632e-07 7.88445e-08 0.0884893)
(3.21228e-07 -9.56375e-08 0.0884904)
(1.82277e-07 -2.00632e-07 0.0752165)
(3.42523e-08 -1.33806e-07 0.0512044)
(-9.97784e-09 2.54566e-08 0.0187102)
(6.21715e-09 3.67122e-08 0.0281906)
(2.57924e-08 1.25913e-08 0.0335008)
(2.49007e-08 -1.88517e-08 0.0335012)
(3.98548e-09 -4.21197e-08 0.0281917)
(-1.22866e-08 -2.85205e-08 0.018712)
(3.27565e-07 3.98541e-07 0.132611)
(8.61278e-07 5.9837e-07 0.190084)
(1.2592e-06 2.7497e-07 0.218471)
(1.25564e-06 -3.008e-07 0.218473)
(8.50739e-07 -6.22526e-07 0.190092)
(3.16915e-07 -4.1502e-07 0.132625)
(2.8766e-07 3.68586e-07 0.126443)
(7.78518e-07 5.51775e-07 0.181313)
(1.15388e-06 2.52439e-07 0.208891)
(1.1503e-06 -2.79317e-07 0.208893)
(7.68149e-07 -5.76559e-07 0.181321)
(2.77198e-07 -3.85073e-07 0.126457)
(2.42954e-07 3.29511e-07 0.118432)
(6.7935e-07 4.92164e-07 0.169968)
(1.0212e-06 2.23785e-07 0.196365)
(1.01762e-06 -2.5109e-07 0.196368)
(6.693e-07 -5.16968e-07 0.169976)
(2.3281e-07 -3.45553e-07 0.118445)
(1.90412e-07 2.80318e-07 0.107933)
(5.58618e-07 4.1832e-07 0.155179)
(8.55637e-07 1.88539e-07 0.179865)
(8.52129e-07 -2.15283e-07 0.179867)
(5.49048e-07 -4.42231e-07 0.155187)
(1.80777e-07 -2.95315e-07 0.107945)
(1.31355e-07 2.20835e-07 0.0940698)
(4.1571e-07 3.29927e-07 0.135727)
(6.53796e-07 1.46682e-07 0.157932)
(6.50501e-07 -1.71475e-07 0.157935)
(4.06985e-07 -3.51748e-07 0.135734)
(1.22561e-07 -2.34075e-07 0.0940803)
(7.01119e-08 1.52705e-07 0.0756691)
(2.56784e-07 2.29072e-07 0.109888)
(4.21196e-07 9.94417e-08 0.128482)
(4.18364e-07 -1.20401e-07 0.128483)
(2.49503e-07 -2.47241e-07 0.109893)
(6.27034e-08 -1.6335e-07 0.0756774)
(1.76265e-08 8.16746e-08 0.0511955)
(1.04354e-07 1.23547e-07 0.0752088)
(1.87473e-07 5.10214e-08 0.0884845)
(1.85476e-07 -6.57214e-08 0.0884855)
(9.93375e-08 -1.36123e-07 0.075212)
(1.24713e-08 -8.87924e-08 0.0512009)
(-9.0136e-09 1.81402e-08 0.0187089)
(-1.12498e-09 2.77299e-08 0.0281887)
(1.10256e-08 9.44304e-09 0.0334987)
(1.03102e-08 -1.48572e-08 0.033499)
(-2.90684e-09 -3.23279e-08 0.0281898)
(-1.08598e-08 -2.06553e-08 0.0187107)
(1.9641e-07 2.46132e-07 0.132607)
(5.21653e-07 3.70824e-07 0.19008)
(7.66034e-07 1.67906e-07 0.218468)
(7.63037e-07 -1.91857e-07 0.218471)
(5.12891e-07 -3.9246e-07 0.190088)
(1.8813e-07 -2.59598e-07 0.13262)
(1.723e-07 2.28325e-07 0.126439)
(4.71691e-07 3.43666e-07 0.181309)
(7.02402e-07 1.54784e-07 0.208888)
(6.99391e-07 -1.79144e-07 0.20889)
(4.63145e-07 -3.65481e-07 0.181317)
(1.6419e-07 -2.41699e-07 0.126453)
(1.45222e-07 2.04953e-07 0.118428)
(4.11434e-07 3.08131e-07 0.169964)
(6.21653e-07 1.37719e-07 0.196362)
(6.18658e-07 -1.61966e-07 0.196364)
(4.03211e-07 -3.29634e-07 0.169972)
(1.37333e-07 -2.17899e-07 0.118441)
(1.13229e-07 1.75192e-07 0.107929)
(3.3747e-07 2.63185e-07 0.155175)
(5.19823e-07 1.16305e-07 0.179861)
(5.16909e-07 -1.39646e-07 0.179863)
(3.29745e-07 -2.83667e-07 0.155182)
(1.05717e-07 -1.87265e-07 0.107941)
(7.73331e-08 1.38783e-07 0.0940662)
(2.49969e-07 2.08539e-07 0.135723)
(3.9561e-07 9.05437e-08 0.157929)
(3.92895e-07 -1.11867e-07 0.157931)
(2.43005e-07 -2.27051e-07 0.13573)
(7.04791e-08 -1.49441e-07 0.0940766)
(4.03629e-08 9.65925e-08 0.0756662)
(1.53214e-07 1.45375e-07 0.109884)
(2.53263e-07 6.12199e-08 0.128478)
(2.50926e-07 -7.90047e-08 0.12848)
(1.47393e-07 -1.60668e-07 0.109889)
(3.45927e-08 -1.05168e-07 0.0756744)
(9.12535e-09 5.20499e-08 0.0511935)
(6.14461e-08 7.84695e-08 0.0752062)
(1.11807e-07 3.1007e-08 0.0884817)
(1.10131e-07 -4.32797e-08 0.0884828)
(5.73318e-08 -8.89481e-08 0.0752094)
(5.02649e-09 -5.77504e-08 0.0511988)
(-5.92074e-09 1.19681e-08 0.0187081)
(-8.16295e-10 1.7846e-08 0.0281877)
(6.91806e-09 5.48932e-09 0.0334975)
(6.2988e-09 -9.89224e-09 0.0334979)
(-2.36128e-09 -2.16297e-08 0.0281887)
(-7.42685e-09 -1.39753e-08 0.0187099)
(1.27539e-07 1.5325e-07 0.132604)
(3.30288e-07 2.28374e-07 0.190078)
(4.81454e-07 1.01408e-07 0.218467)
(4.78947e-07 -1.22021e-07 0.218469)
(3.23272e-07 -2.46052e-07 0.190086)
(1.21104e-07 -1.63558e-07 0.132618)
(1.12639e-07 1.41848e-07 0.126436)
(3.00377e-07 2.11738e-07 0.181307)
(4.44061e-07 9.34961e-08 0.208886)
(4.41568e-07 -1.14171e-07 0.208888)
(2.93512e-07 -2.29338e-07 0.181315)
(1.06346e-07 -1.51955e-07 0.12645)
(9.58804e-08 1.27223e-07 0.118426)
(2.63881e-07 1.90024e-07 0.169962)
(3.9557e-07 8.32297e-08 0.19636)
(3.93133e-07 -1.03501e-07 0.196362)
(2.57315e-07 -2.07158e-07 0.169969)
(8.9841e-08 -1.36886e-07 0.118439)
(7.59836e-08 1.0874e-07 0.107926)
(2.18581e-07 1.62324e-07 0.155173)
(3.33349e-07 7.02137e-08 0.179859)
(3.31011e-07 -8.94326e-08 0.179861)
(2.12408e-07 -1.7845e-07 0.15518)
(7.03032e-08 -1.17641e-07 0.107938)
(5.34191e-08 8.60791e-08 0.094064)
(1.64436e-07 1.28259e-07 0.135721)
(2.56537e-07 5.4364e-08 0.157926)
(2.54389e-07 -7.16397e-08 0.157928)
(1.5888e-07 -1.42658e-07 0.135727)
(4.82799e-08 -9.38284e-08 0.0940744)
(2.97688e-08 5.967e-08 0.0756643)
(1.03727e-07 8.85106e-08 0.109882)
(1.67369e-07 3.61665e-08 0.128476)
(1.65573e-07 -5.03124e-08 0.128478)
(9.91798e-08 -1.00247e-07 0.109887)
(2.54895e-08 -6.58136e-08 0.0756725)
(8.95143e-09 3.16608e-08 0.0511922)
(4.45132e-08 4.63533e-08 0.0752046)
(7.67369e-08 1.74608e-08 0.08848)
(7.55229e-08 -2.70073e-08 0.0884811)
(4.1492e-08 -5.4284e-08 0.0752078)
(6.05713e-09 -3.57075e-08 0.0511975)
(-2.53159e-09 6.76244e-09 0.0187076)
(1.80596e-09 9.14904e-09 0.028187)
(6.75494e-09 2.24019e-09 0.0334968)
(6.33965e-09 -5.60391e-09 0.0334971)
(7.88775e-10 -1.198e-08 0.0281881)
(-3.51883e-09 -8.15988e-09 0.0187094)
(8.62889e-08 9.74845e-08 0.132602)
(2.1913e-07 1.43446e-07 0.190076)
(3.168e-07 6.2458e-08 0.218466)
(3.14949e-07 -7.89037e-08 0.218468)
(2.14043e-07 -1.57215e-07 0.190084)
(8.20816e-08 -1.0478e-07 0.132616)
(7.65791e-08 8.97388e-08 0.126435)
(1.99866e-07 1.32168e-07 0.181305)
(2.92991e-07 5.71872e-08 0.208885)
(2.91166e-07 -7.34836e-08 0.208887)
(1.94973e-07 -1.45737e-07 0.181313)
(7.24998e-08 -9.68576e-08 0.126448)
(6.57259e-08 8.00323e-08 0.118424)
(1.76447e-07 1.17906e-07 0.16996)
(2.62085e-07 5.05894e-08 0.196359)
(2.60319e-07 -6.63257e-08 0.196361)
(1.71841e-07 -1.30956e-07 0.169968)
(6.18034e-08 -8.68116e-08 0.118437)
(5.28509e-08 6.80046e-08 0.107925)
(1.47428e-07 1.00086e-07 0.155171)
(2.22433e-07 4.24051e-08 0.179857)
(2.20766e-07 -5.70562e-08 0.17986)
(1.43206e-07 -1.12201e-07 0.155178)
(4.91558e-08 -7.42267e-08 0.107937)
(3.80931e-08 5.34447e-08 0.0940626)
(1.12441e-07 7.84224e-08 0.135719)
(1.73039e-07 3.25444e-08 0.157925)
(1.71534e-07 -4.54347e-08 0.157927)
(1.08734e-07 -8.90659e-08 0.135726)
(3.47668e-08 -5.88457e-08 0.094073)
(2.23354e-08 3.66485e-08 0.0756632)
(7.25943e-08 5.33898e-08 0.109881)
(1.14822e-07 2.13201e-08 0.128475)
(1.13574e-07 -3.15926e-08 0.128476)
(6.95843e-08 -6.18978e-08 0.109886)
(1.95878e-08 -4.09095e-08 0.0756714)
(7.92607e-09 1.90418e-08 0.0511913)
(3.25937e-08 2.72312e-08 0.0752035)
(5.40984e-08 9.95955e-09 0.0884789)
(5.32467e-08 -1.66208e-08 0.0884799)
(3.05413e-08 -3.28111e-08 0.0752067)
(6.00671e-09 -2.17938e-08 0.0511967)
(-9.37765e-10 3.65383e-09 0.0187073)
(2.23546e-09 4.60041e-09 0.0281866)
(5.35891e-09 9.13816e-10 0.0334963)
(5.06142e-09 -3.06371e-09 0.0334966)
(1.4943e-09 -6.47984e-09 0.0281876)
(-1.61675e-09 -4.57397e-09 0.0187091)
(5.5508e-08 6.19118e-08 0.132601)
(1.42643e-07 9.13999e-08 0.190075)
(2.06772e-07 3.9452e-08 0.218465)
(2.05478e-07 -5.14498e-08 0.218468)
(1.39265e-07 -1.00923e-07 0.190083)
(5.27059e-08 -6.67747e-08 0.132615)
(4.91884e-08 5.68793e-08 0.126434)
(1.29811e-07 8.36937e-08 0.181304)
(1.90718e-07 3.5869e-08 0.208884)
(1.89458e-07 -4.76646e-08 0.208887)
(1.26531e-07 -9.29893e-08 0.181312)
(4.6473e-08 -6.15381e-08 0.126447)
(4.21432e-08 5.05537e-08 0.118423)
(1.14393e-07 7.41763e-08 0.169959)
(1.70264e-07 3.15131e-08 0.196358)
(1.69065e-07 -4.27766e-08 0.19636)
(1.11311e-07 -8.30053e-08 0.169967)
(3.95885e-08 -5.48972e-08 0.118436)
(3.38389e-08 4.2775e-08 0.107924)
(9.54742e-08 6.25953e-08 0.15517)
(1.44384e-07 2.62795e-08 0.179856)
(1.43267e-07 -3.65892e-08 0.179859)
(9.26195e-08 -7.06478e-08 0.155177)
(3.14824e-08 -4.66616e-08 0.107936)
(2.4337e-08 3.3466e-08 0.0940617)
(7.26995e-08 4.88246e-08 0.135718)
(1.12228e-07 2.01303e-08 0.157924)
(1.1124e-07 -2.89769e-08 0.157926)
(7.01809e-08 -5.57347e-08 0.135725)
(2.22453e-08 -3.67346e-08 0.0940721)
(1.4188e-08 2.28578e-08 0.0756624)
(4.67374e-08 3.32049e-08 0.10988)
(7.42853e-08 1.32629e-08 0.128474)
(7.35084e-08 -2.00681e-08 0.128475)
(4.4772e-08 -3.85563e-08 0.109885)
(1.24953e-08 -2.53457e-08 0.0756706)
(4.92203e-09 1.18709e-08 0.0511908)
(2.06816e-08 1.71159e-08 0.0752028)
(3.46796e-08 6.38866e-09 0.0884781)
(3.42146e-08 -1.06042e-08 0.0884791)
(1.95182e-08 -2.05062e-08 0.075206)
(3.86071e-09 -1.34415e-08 0.0511961)
(-7.15629e-10 2.27215e-09 0.0187071)
(1.09988e-09 3.05203e-09 0.0281862)
(3.03932e-09 7.72525e-10 0.0334959)
(2.91121e-09 -2.04733e-09 0.0334962)
(7.94008e-10 -4.13024e-09 0.0281873)
(-1.02728e-09 -2.76429e-09 0.0187089)
(3.33476e-08 3.85127e-08 0.132601)
(8.82632e-08 5.77595e-08 0.190075)
(1.29178e-07 2.49474e-08 0.218465)
(1.28402e-07 -3.29447e-08 0.218467)
(8.6267e-08 -6.39454e-08 0.190083)
(3.18847e-08 -4.13517e-08 0.132614)
(2.94224e-08 3.54802e-08 0.126433)
(8.00556e-08 5.28666e-08 0.181304)
(1.18724e-07 2.26794e-08 0.208883)
(1.17969e-07 -3.04247e-08 0.208886)
(7.81513e-08 -5.88164e-08 0.181312)
(2.80266e-08 -3.81676e-08 0.126446)
(2.50441e-08 3.15925e-08 0.118422)
(7.0222e-08 4.68196e-08 0.169958)
(1.05539e-07 1.99214e-08 0.196357)
(1.04825e-07 -2.71922e-08 0.19636)
(6.84622e-08 -5.23788e-08 0.169966)
(2.37375e-08 -3.40698e-08 0.118435)
(1.98835e-08 2.67695e-08 0.107923)
(5.81988e-08 3.95236e-08 0.155169)
(8.89899e-08 1.66466e-08 0.179856)
(8.83321e-08 -2.31597e-08 0.179858)
(5.66136e-08 -4.44963e-08 0.155177)
(1.86703e-08 -2.89621e-08 0.107935)
(1.40223e-08 2.09937e-08 0.0940612)
(4.38224e-08 3.09429e-08 0.135718)
(6.85969e-08 1.28503e-08 0.157923)
(6.80253e-08 -1.82834e-08 0.157925)
(4.24593e-08 -3.51063e-08 0.135724)
(1.29488e-08 -2.28225e-08 0.0940715)
(7.84286e-09 1.44246e-08 0.0756619)
(2.7603e-08 2.12893e-08 0.109879)
(4.47806e-08 8.64502e-09 0.128473)
(4.43409e-08 -1.26662e-08 0.128475)
(2.65598e-08 -2.44239e-08 0.109884)
(6.99345e-09 -1.58095e-08 0.0756701)
(2.35756e-09 7.62164e-09 0.0511904)
(1.16647e-08 1.13321e-08 0.0752023)
(2.03627e-08 4.40295e-09 0.0884775)
(2.01043e-08 -6.76241e-09 0.0884786)
(1.10551e-08 -1.32452e-08 0.0752055)
(1.79926e-09 -8.477e-09 0.0511957)
(-7.08352e-10 1.59048e-09 0.0187069)
(1.97618e-10 2.37742e-09 0.028186)
(1.4185e-09 7.73188e-10 0.0334956)
(1.35033e-09 -1.39129e-09 0.033496)
(3.19559e-11 -2.93225e-09 0.0281871)
(-8.78783e-10 -1.84666e-09 0.0187087)
(1.98338e-08 2.34507e-08 0.1326)
(5.33466e-08 3.5597e-08 0.190074)
(7.86138e-08 1.53721e-08 0.218464)
(7.80746e-08 -2.09588e-08 0.218467)
(5.21379e-08 -3.96106e-08 0.190082)
(1.87357e-08 -2.55927e-08 0.132614)
(1.74742e-08 2.16705e-08 0.126433)
(4.83745e-08 3.26632e-08 0.181303)
(7.22073e-08 1.40245e-08 0.208883)
(7.1681e-08 -1.94138e-08 0.208886)
(4.71474e-08 -3.64924e-08 0.181311)
(1.63985e-08 -2.36607e-08 0.126446)
(1.48088e-08 1.93679e-08 0.118422)
(4.23549e-08 2.89918e-08 0.169958)
(6.40583e-08 1.23516e-08 0.196357)
(6.3562e-08 -1.73991e-08 0.196359)
(4.11826e-08 -3.25386e-08 0.169966)
(1.3829e-08 -2.11489e-08 0.118435)
(1.16761e-08 1.64866e-08 0.107923)
(3.49591e-08 2.45361e-08 0.155169)
(5.37836e-08 1.03488e-08 0.179855)
(5.33167e-08 -1.48585e-08 0.179858)
(3.38087e-08 -2.76684e-08 0.155176)
(1.07671e-08 -1.79918e-08 0.107935)
(8.14127e-09 1.30096e-08 0.0940608)
(2.61478e-08 1.92872e-08 0.135717)
(4.1184e-08 8.02404e-09 0.157923)
(4.07713e-08 -1.17722e-08 0.157925)
(2.50631e-08 -2.18632e-08 0.135723)
(7.32319e-09 -1.41842e-08 0.0940712)
(4.43387e-09 9.01606e-09 0.0756616)
(1.62652e-08 1.33611e-08 0.109879)
(2.66004e-08 5.44073e-09 0.128473)
(2.63009e-08 -8.21336e-09 0.128474)
(1.54401e-08 -1.52659e-08 0.109884)
(3.80086e-09 -9.84265e-09 0.0756698)
(1.17631e-09 4.82344e-09 0.0511902)
(6.67596e-09 7.1873e-09 0.075202)
(1.18761e-08 2.79775e-09 0.0884772)
(1.1755e-08 -4.47542e-09 0.0884783)
(6.3314e-09 -8.36843e-09 0.0752052)
(8.61812e-10 -5.32221e-09 0.0511955)
(-5.40809e-10 1.06372e-09 0.0187068)
(-3.20727e-11 1.59202e-09 0.0281859)
(7.12797e-10 5.13517e-10 0.0334955)
(7.13549e-10 -1.05295e-09 0.0334958)
(-1.76198e-11 -1.96704e-09 0.028187)
(-5.81063e-10 -1.20257e-09 0.0187086)
(1.23443e-08 1.35286e-08 0.1326)
(3.26836e-08 2.13172e-08 0.190074)
(4.81184e-08 8.53429e-09 0.218464)
(4.79103e-08 -1.34899e-08 0.218467)
(3.2172e-08 -2.54362e-08 0.190082)
(1.20346e-08 -1.59443e-08 0.132613)
(1.0901e-08 1.24274e-08 0.126432)
(2.96956e-08 1.95967e-08 0.181303)
(4.43033e-08 7.76485e-09 0.208883)
(4.40995e-08 -1.24954e-08 0.208886)
(2.92493e-08 -2.35604e-08 0.181311)
(1.05891e-08 -1.48115e-08 0.126446)
(9.2941e-09 1.10604e-08 0.118422)
(2.60633e-08 1.74273e-08 0.169958)
(3.93842e-08 6.81112e-09 0.196357)
(3.91695e-08 -1.11942e-08 0.196359)
(2.56189e-08 -2.11282e-08 0.169965)
(8.88108e-09 -1.33392e-08 0.118435)
(7.35863e-09 9.38553e-09 0.107923)
(2.15435e-08 1.47686e-08 0.155169)
(3.30968e-08 5.66267e-09 0.179855)
(3.28864e-08 -9.55543e-09 0.179858)
(2.11751e-08 -1.80865e-08 0.155176)
(6.92539e-09 -1.14763e-08 0.107935)
(5.15735e-09 7.38222e-09 0.0940606)
(1.61478e-08 1.16115e-08 0.135717)
(2.53659e-08 4.321e-09 0.157923)
(2.5168e-08 -7.57737e-09 0.157925)
(1.58653e-08 -1.44153e-08 0.135723)
(4.75314e-09 -9.18844e-09 0.094071)
(2.86003e-09 5.09395e-09 0.0756614)
(1.01248e-08 8.02542e-09 0.109878)
(1.64322e-08 2.82843e-09 0.128472)
(1.62278e-08 -5.29425e-09 0.128474)
(9.79909e-09 -1.01594e-08 0.109883)
(2.46431e-09 -6.48479e-09 0.0756696)
(8.82337e-10 2.71125e-09 0.0511901)
(4.30284e-09 4.28303e-09 0.0752019)
(7.4293e-09 1.34144e-09 0.0884771)
(7.20821e-09 -2.83442e-09 0.0884781)
(3.82059e-09 -5.56459e-09 0.0752051)
(4.33194e-10 -3.53781e-09 0.0511954)
(-2.12351e-10 5.92918e-10 0.0187068)
(1.12498e-10 9.48651e-10 0.0281858)
(5.40912e-10 1.82941e-10 0.0334954)
(4.21895e-10 -5.42658e-10 0.0334958)
(-2.1397e-10 -1.28101e-09 0.0281869)
(-4.85562e-10 -8.33206e-10 0.0187086)
(7.96793e-09 8.14022e-09 0.1326)
(2.05394e-08 1.26658e-08 0.190074)
(3.0014e-08 4.88723e-09 0.218464)
(2.9928e-08 -8.54797e-09 0.218467)
(2.02211e-08 -1.56248e-08 0.190082)
(7.57201e-09 -9.78422e-09 0.132613)
(7.07468e-09 7.43127e-09 0.126432)
(1.87068e-08 1.16136e-08 0.181303)
(2.77017e-08 4.44286e-09 0.208883)
(2.76101e-08 -7.91669e-09 0.208885)
(1.8382e-08 -1.44362e-08 0.181311)
(6.66438e-09 -9.00741e-09 0.126446)
(6.08457e-09 6.57836e-09 0.118421)
(1.64785e-08 1.03037e-08 0.169957)
(2.46994e-08 3.89752e-09 0.196357)
(2.45986e-08 -7.08934e-09 0.196359)
(1.6145e-08 -1.2911e-08 0.169965)
(5.6599e-09 -8.04187e-09 0.118434)
(4.88561e-09 5.55388e-09 0.107923)
(1.36963e-08 8.70497e-09 0.155168)
(2.08364e-08 3.24318e-09 0.179855)
(2.07312e-08 -6.03653e-09 0.179857)
(1.33641e-08 -1.10018e-08 0.155176)
(4.48044e-09 -6.85362e-09 0.107934)
(3.50916e-09 4.34175e-09 0.0940605)
(1.03577e-08 6.80728e-09 0.135717)
(1.60617e-08 2.48142e-09 0.157922)
(1.59551e-08 -4.74854e-09 0.157925)
(1.00483e-08 -8.69357e-09 0.135723)
(3.13351e-09 -5.41745e-09 0.0940708)
(2.05041e-09 2.96739e-09 0.0756613)
(6.59701e-09 4.65362e-09 0.109878)
(1.05045e-08 1.63527e-09 0.128472)
(1.04047e-08 -3.25569e-09 0.128474)
(6.32974e-09 -6.02063e-09 0.109883)
(1.70816e-09 -3.75545e-09 0.0756695)
(7.41252e-10 1.54578e-09 0.05119)
(2.89845e-09 2.41985e-09 0.0752018)
(4.83358e-09 7.88311e-10 0.088477)
(4.75043e-09 -1.67846e-09 0.088478)
(2.69101e-09 -3.19168e-09 0.075205)
(4.96802e-10 -2.00777e-09 0.0511953)
(-6.85069e-11 3.1098e-10 0.0187068)
(1.50638e-10 4.82304e-10 0.0281858)
(4.04537e-10 1.15593e-10 0.0334954)
(3.70828e-10 -2.99716e-10 0.0334957)
(6.89748e-11 -6.64027e-10 0.0281868)
(-1.64331e-10 -4.35978e-10 0.0187086)
(5.05951e-09 5.33102e-09 0.1326)
(1.30366e-08 7.94993e-09 0.190074)
(1.88809e-08 3.12462e-09 0.218464)
(1.88709e-08 -5.07307e-09 0.218467)
(1.28268e-08 -9.50687e-09 0.190082)
(5.1005e-09 -5.6802e-09 0.132613)
(4.49633e-09 4.88784e-09 0.126432)
(1.18801e-08 7.29876e-09 0.181303)
(1.74374e-08 2.87494e-09 0.208883)
(1.74248e-08 -4.61775e-09 0.208885)
(1.17256e-08 -8.71133e-09 0.181311)
(4.54826e-09 -5.18962e-09 0.126445)
(3.86389e-09 4.34496e-09 0.118421)
(1.04771e-08 6.48701e-09 0.169957)
(1.55745e-08 2.5611e-09 0.196357)
(1.55611e-08 -4.05627e-09 0.196359)
(1.03679e-08 -7.72795e-09 0.169965)
(3.90664e-09 -4.60806e-09 0.118434)
(3.11581e-09 3.68329e-09 0.107922)
(8.73498e-09 5.49092e-09 0.155168)
(1.31815e-08 2.17285e-09 0.179855)
(1.31724e-08 -3.37796e-09 0.179857)
(8.69603e-09 -6.53288e-09 0.155176)
(3.14146e-09 -3.91508e-09 0.107934)
(2.25828e-09 2.89074e-09 0.0940604)
(6.63697e-09 4.30147e-09 0.135717)
(1.0211e-08 1.70753e-09 0.157922)
(1.02061e-08 -2.58064e-09 0.157924)
(6.65699e-09 -5.10996e-09 0.135723)
(2.27394e-09 -3.09376e-09 0.0940708)
(1.33688e-09 1.98109e-09 0.0756613)
(4.25193e-09 2.94425e-09 0.109878)
(6.73085e-09 1.17462e-09 0.128472)
(6.72132e-09 -1.68466e-09 0.128474)
(4.27756e-09 -3.49063e-09 0.109883)
(1.34428e-09 -2.14353e-09 0.0756694)
(4.81725e-10 1.02751e-09 0.05119)
(1.87475e-09 1.5282e-09 0.0752017)
(3.13661e-09 6.16493e-10 0.0884769)
(3.11254e-09 -7.7144e-10 0.0884779)
(1.8467e-09 -1.78652e-09 0.0752049)
(4.42529e-10 -1.11536e-09 0.0511953)
(-5.41749e-11 1.98797e-10 0.0187067)
(1.00482e-10 2.89608e-10 0.0281858)
(2.84352e-10 1.21592e-10 0.0334954)
(2.66847e-10 -4.20653e-11 0.0334957)
(4.85148e-11 -3.13065e-10 0.0281868)
(-8.21347e-11 -2.22659e-10 0.0187085)
(3.06486e-09 3.5912e-09 0.1326)
(8.14324e-09 5.28569e-09 0.190074)
(1.19177e-08 2.36704e-09 0.218464)
(1.18841e-08 -2.75376e-09 0.218467)
(8.13189e-09 -5.18656e-09 0.190082)
(3.13981e-09 -3.18923e-09 0.132613)
(2.69774e-09 3.31723e-09 0.126432)
(7.4053e-09 4.89215e-09 0.181303)
(1.09974e-08 2.23709e-09 0.208883)
(1.09809e-08 -2.44997e-09 0.208885)
(7.39461e-09 -4.6522e-09 0.181311)
(2.79003e-09 -2.83818e-09 0.126445)
(2.29946e-09 2.97167e-09 0.118421)
(6.52248e-09 4.39059e-09 0.169957)
(9.82402e-09 2.05463e-09 0.196356)
(9.82825e-09 -2.09386e-09 0.196359)
(6.53665e-09 -4.02637e-09 0.169965)
(2.43182e-09 -2.43899e-09 0.118434)
(1.82283e-09 2.53946e-09 0.107922)
(5.42963e-09 3.75902e-09 0.155168)
(8.3233e-09 1.80665e-09 0.179855)
(8.34622e-09 -1.67981e-09 0.179857)
(5.45427e-09 -3.29793e-09 0.155176)
(2.00484e-09 -1.98793e-09 0.107934)
(1.28106e-09 2.0122e-09 0.0940604)
(4.11809e-09 2.98604e-09 0.135717)
(6.45579e-09 1.48554e-09 0.157922)
(6.49998e-09 -1.20866e-09 0.157924)
(4.16315e-09 -2.47044e-09 0.135723)
(1.49602e-09 -1.48024e-09 0.0940707)
(7.15957e-10 1.39997e-09 0.0756612)
(2.63286e-09 2.08467e-09 0.109878)
(4.25528e-09 1.0908e-09 0.128472)
(4.32576e-09 -7.07636e-10 0.128474)
(2.73617e-09 -1.57115e-09 0.109883)
(9.37756e-10 -9.37991e-10 0.0756694)
(2.22599e-10 7.52247e-10 0.05119)
(1.15369e-09 1.12331e-09 0.0752017)
(1.96872e-09 6.39122e-10 0.0884768)
(2.06026e-09 -2.54908e-10 0.0884779)
(1.32956e-09 -7.14623e-10 0.0752049)
(4.53521e-10 -4.34266e-10 0.0511952)
(-5.27167e-11 1.65548e-10 0.0187067)
(5.27889e-11 2.43395e-10 0.0281858)
(1.63701e-10 1.67957e-10 0.0334953)
(2.16624e-10 1.30344e-11 0.0334957)
(1.80411e-10 -6.98586e-11 0.0281868)
(6.09896e-11 -4.03828e-11 0.0187085)
(1.77952e-09 2.71604e-09 0.1326)
(4.95531e-09 3.71696e-09 0.190074)
(7.31446e-09 2.03474e-09 0.218464)
(7.38814e-09 -1.15311e-09 0.218467)
(5.16181e-09 -2.73065e-09 0.190082)
(2.21047e-09 -1.50003e-09 0.132613)
(1.55986e-09 2.54146e-09 0.126432)
(4.49658e-09 3.46968e-09 0.181303)
(6.74269e-09 1.96409e-09 0.208883)
(6.81898e-09 -9.35778e-10 0.208885)
(4.7362e-09 -2.37652e-09 0.181311)
(2.01029e-09 -1.30538e-09 0.126445)
(1.30533e-09 2.30314e-09 0.118421)
(3.94482e-09 3.14503e-09 0.169957)
(6.01838e-09 1.84621e-09 0.196356)
(6.10737e-09 -7.04275e-10 0.196359)
(4.22777e-09 -1.98578e-09 0.169965)
(1.78312e-09 -1.09651e-09 0.118434)
(1.0247e-09 1.9913e-09 0.107922)
(3.27306e-09 2.72667e-09 0.155168)
(5.09715e-09 1.66762e-09 0.179855)
(5.19972e-09 -4.65804e-10 0.179857)
(3.59204e-09 -1.56018e-09 0.155175)
(1.48878e-09 -8.70793e-10 0.107934)
(7.15188e-10 1.60065e-09 0.0940603)
(2.46538e-09 2.20314e-09 0.135717)
(3.95361e-09 1.41794e-09 0.157922)
(4.06433e-09 -2.28284e-10 0.157924)
(2.79855e-09 -1.09997e-09 0.135723)
(1.14743e-09 -6.30012e-10 0.0940707)
(3.84814e-10 1.13426e-09 0.0756612)
(1.54147e-09 1.57589e-09 0.109878)
(2.6065e-09 1.08861e-09 0.128472)
(2.71838e-09 -1.18968e-11 0.128474)
(1.86921e-09 -6.38044e-10 0.109883)
(7.78261e-10 -3.81922e-10 0.0756694)
(7.28735e-11 6.19773e-10 0.0511899)
(6.20193e-10 8.79121e-10 0.0752016)
(1.20252e-09 6.77869e-10 0.0884768)
(1.30121e-09 1.32539e-10 0.0884778)
(9.06116e-10 -2.23696e-10 0.0752048)
(3.65994e-10 -1.38436e-10 0.0511952)
(-8.32414e-11 1.40287e-10 0.0187067)
(-1.66112e-11 1.98323e-10 0.0281857)
(9.42087e-11 1.99907e-10 0.0334953)
(1.38171e-10 1.23008e-10 0.0334957)
(1.0735e-10 3.78104e-11 0.0281868)
(4.72783e-11 1.70624e-11 0.0187085)
(9.95331e-10 1.80659e-09 0.1326)
(2.95628e-09 2.49521e-09 0.190074)
(4.49688e-09 1.67041e-09 0.218464)
(4.49711e-09 -5.48502e-10 0.218467)
(3.25284e-09 -1.04716e-09 0.190082)
(1.09845e-09 -1.22322e-09 0.132613)
(8.71891e-10 1.70569e-09 0.126432)
(2.68831e-09 2.32089e-09 0.181303)
(4.1278e-09 1.61702e-09 0.208883)
(4.14741e-09 -4.41764e-10 0.208885)
(2.92862e-09 -8.33266e-10 0.181311)
(9.7231e-10 -1.07738e-09 0.126445)
(7.36947e-10 1.56412e-09 0.118421)
(2.36478e-09 2.0992e-09 0.169957)
(3.66935e-09 1.52246e-09 0.196356)
(3.71089e-09 -3.27715e-10 0.196359)
(2.58714e-09 -6.12939e-10 0.169965)
(8.87508e-10 -8.95873e-10 0.118434)
(5.7933e-10 1.37184e-09 0.107922)
(1.96744e-09 1.82e-09 0.155168)
(3.0977e-09 1.37703e-09 0.179855)
(3.15209e-09 -2.07746e-10 0.179857)
(2.12191e-09 -3.83762e-10 0.155175)
(7.53642e-10 -6.76011e-10 0.107934)
(3.9363e-10 1.12055e-09 0.0940603)
(1.48662e-09 1.47324e-09 0.135716)
(2.39338e-09 1.17219e-09 0.157922)
(2.4626e-09 -8.49652e-11 0.157924)
(1.57335e-09 -1.5227e-10 0.135723)
(5.81719e-10 -4.30369e-10 0.0940707)
(1.92498e-10 8.0889e-10 0.0756612)
(9.32612e-10 1.05656e-09 0.109878)
(1.5678e-09 9.00003e-10 0.128472)
(1.67015e-09 1.99948e-11 0.128474)
(1.05744e-09 4.67506e-11 0.109883)
(4.15969e-10 -2.00087e-10 0.0756693)
(3.81428e-12 4.52019e-10 0.0511899)
(3.72761e-10 5.88009e-10 0.0752016)
(7.08509e-10 5.54321e-10 0.0884768)
(8.50835e-10 5.59853e-11 0.0884778)
(6.42336e-10 1.3928e-10 0.0752048)
(2.88264e-10 -3.92334e-11 0.0511952)
(-7.32497e-11 1.08257e-10 0.0187067)
(-1.67355e-11 1.26373e-10 0.0281857)
(3.80579e-11 1.51588e-10 0.0334953)
(1.23778e-10 -9.37526e-12 0.0334956)
(2.00163e-10 1.03771e-10 0.0281868)
(8.94881e-11 4.65945e-11 0.0187085)
(6.52387e-10 8.40992e-10 0.1326)
(1.81816e-09 1.55722e-09 0.190074)
(2.83052e-09 9.19003e-10 0.218464)
(2.91868e-09 -3.07894e-10 0.218467)
(2.12728e-09 -1.01423e-09 0.190082)
(8.09536e-10 -7.05107e-10 0.132613)
(5.67063e-10 7.70288e-10 0.126432)
(1.64981e-09 1.44818e-09 0.181303)
(2.60675e-09 8.65151e-10 0.208883)
(2.69147e-09 -2.56228e-10 0.208885)
(1.94281e-09 -9.24919e-10 0.181311)
(7.0817e-10 -6.62671e-10 0.126445)
(4.87601e-10 6.87911e-10 0.118421)
(1.44994e-09 1.31134e-09 0.169957)
(2.32469e-09 7.93044e-10 0.196356)
(2.40603e-09 -2.0019e-10 0.196359)
(1.71648e-09 -8.16703e-10 0.169965)
(6.17178e-10 -5.99687e-10 0.118434)
(3.75144e-10 5.88606e-10 0.107922)
(1.20091e-09 1.1395e-09 0.155168)
(1.9674e-09 6.95885e-10 0.179855)
(2.0423e-09 -1.39791e-10 0.179857)
(1.42739e-09 -6.85479e-10 0.155175)
(4.80594e-10 -5.08201e-10 0.107934)
(2.40668e-10 4.68604e-10 0.0940603)
(9.02023e-10 9.25248e-10 0.135716)
(1.52362e-09 5.66886e-10 0.157922)
(1.58817e-09 -7.79764e-11 0.157924)
(1.08345e-09 -5.29581e-10 0.135723)
(3.16492e-10 -3.88291e-10 0.0940706)
(1.10266e-10 3.31006e-10 0.0756612)
(5.68735e-10 6.67815e-10 0.109878)
(1.00176e-09 4.04396e-10 0.128472)
(1.05022e-09 -2.16178e-11 0.128474)
(7.03925e-10 -3.55656e-10 0.109883)
(1.59721e-10 -2.52308e-10 0.0756693)
(2.30823e-11 1.8884e-10 0.0511899)
(2.45033e-10 3.82654e-10 0.0752016)
(4.62346e-10 2.19252e-10 0.0884768)
(4.94969e-10 1.57948e-11 0.0884778)
(3.36867e-10 -1.86412e-10 0.0752048)
(5.95489e-11 -1.28097e-10 0.0511952)
(-8.87811e-12 5.06334e-11 0.0187067)
(4.34364e-12 1.03865e-10 0.0281857)
(3.63894e-11 4.14252e-11 0.0334953)
(4.65156e-11 1.8063e-11 0.0334956)
(3.73351e-11 -5.01654e-11 0.0281868)
(1.18302e-11 -2.74529e-11 0.0187085)
(4.81854e-10 4.25414e-10 0.1326)
(1.167e-09 7.54994e-10 0.190074)
(1.7518e-09 3.62457e-10 0.218464)
(1.84439e-09 -3.67151e-10 0.218467)
(1.30688e-09 -9.58129e-10 0.190082)
(4.71461e-10 -6.21069e-10 0.132613)
(4.38481e-10 3.74968e-10 0.126432)
(1.06038e-09 6.71617e-10 0.181303)
(1.61782e-09 3.11339e-10 0.208883)
(1.69313e-09 -3.56021e-10 0.208885)
(1.17842e-09 -9.14997e-10 0.181311)
(4.10218e-10 -5.94252e-10 0.126445)
(3.87667e-10 3.18586e-10 0.118421)
(9.37865e-10 5.77774e-10 0.169957)
(1.44705e-09 2.57595e-10 0.196356)
(1.50701e-09 -3.33693e-10 0.196359)
(1.03069e-09 -8.45506e-10 0.169965)
(3.48732e-10 -5.50565e-10 0.118434)
(3.25141e-10 2.56514e-10 0.107922)
(7.85261e-10 4.72515e-10 0.155168)
(1.2285e-09 2.01046e-10 0.179855)
(1.26979e-09 -2.96625e-10 0.179857)
(8.41931e-10 -7.42707e-10 0.155175)
(2.59559e-10 -4.8477e-10 0.107934)
(2.50164e-10 1.89062e-10 0.0940603)
(6.0019e-10 3.55015e-10 0.135716)
(9.57311e-10 1.40307e-10 0.157922)
(9.77441e-10 -2.43187e-10 0.157924)
(6.19289e-10 -6.04135e-10 0.135723)
(1.52524e-10 -3.95572e-10 0.0940706)
(1.64995e-10 1.1841e-10 0.0756612)
(3.92229e-10 2.28734e-10 0.109878)
(6.38679e-10 7.73496e-11 0.128472)
(6.38102e-10 -1.7445e-10 0.128474)
(3.85145e-10 -4.3343e-10 0.109883)
(4.98897e-11 -2.86737e-10 0.0756693)
(7.74164e-11 5.12397e-11 0.0511899)
(1.8451e-10 1.06257e-10 0.0752016)
(3.04449e-10 2.09993e-11 0.0884768)
(2.93487e-10 -9.88637e-11 0.0884778)
(1.75495e-10 -2.4583e-10 0.0752048)
(-8.0315e-12 -1.70546e-10 0.0511952)
(7.2038e-12 1.0539e-12 0.0187067)
(2.02297e-11 9.74015e-12 0.0281857)
(3.17153e-11 -1.04547e-11 0.0334953)
(2.46669e-11 -2.70915e-11 0.0334956)
(1.45531e-11 -6.53095e-11 0.0281868)
(-1.43007e-11 -4.97169e-11 0.0187085)
(3.42368e-10 8.28033e-11 0.1326)
(7.85258e-10 2.59835e-10 0.190074)
(1.10216e-09 -5.85039e-11 0.218464)
(1.11537e-09 -5.07982e-10 0.218467)
(7.39003e-10 -8.84474e-10 0.190082)
(1.90587e-10 -6.26549e-10 0.132613)
(3.08668e-10 5.95416e-11 0.126432)
(7.21322e-10 2.14974e-10 0.181303)
(1.0173e-09 -9.32198e-11 0.208883)
(1.027e-09 -5.05528e-10 0.208885)
(6.62251e-10 -8.61446e-10 0.181311)
(1.55119e-10 -6.05246e-10 0.126445)
(2.85273e-10 3.74158e-11 0.118421)
(6.44012e-10 1.69581e-10 0.169957)
(9.11699e-10 -1.20379e-10 0.196356)
(9.10392e-10 -4.8808e-10 0.196359)
(5.66558e-10 -8.12426e-10 0.169965)
(1.17177e-10 -5.66429e-10 0.118434)
(2.37497e-10 1.47692e-11 0.107922)
(5.42266e-10 1.23233e-10 0.155168)
(7.75995e-10 -1.38061e-10 0.179855)
(7.63843e-10 -4.50968e-10 0.179857)
(4.52019e-10 -7.31219e-10 0.155175)
(7.17659e-11 -5.06112e-10 0.107934)
(1.73402e-10 -7.74344e-12 0.0940603)
(4.18667e-10 7.51814e-11 0.135716)
(6.06489e-10 -1.45739e-10 0.157922)
(5.84593e-10 -3.91074e-10 0.157924)
(3.19555e-10 -6.14127e-10 0.135723)
(2.28566e-11 -4.2255e-10 0.0940706)
(1.09754e-10 -2.42569e-11 0.0756612)
(2.82813e-10 2.91671e-11 0.109878)
(4.06769e-10 -1.40081e-10 0.128472)
(3.75847e-10 -3.05577e-10 0.128474)
(1.75076e-10 -4.60761e-10 0.109883)
(-2.23136e-11 -3.15555e-10 0.0756693)
(6.60903e-11 -2.45554e-11 0.0511899)
(1.50585e-10 -3.89709e-12 0.0752016)
(1.99173e-10 -1.11797e-10 0.0884768)
(1.64213e-10 -1.93176e-10 0.0884778)
(4.43623e-11 -2.76901e-10 0.0752048)
(-5.04301e-11 -1.89235e-10 0.0511952)
(2.59784e-11 -1.15278e-11 0.0187067)
(2.8455e-11 -8.43078e-12 0.0281857)
(2.44615e-11 -4.66013e-11 0.0334953)
(5.9655e-12 -5.73043e-11 0.0334956)
(-2.4926e-11 -7.92699e-11 0.0281868)
(-3.60333e-11 -5.49751e-11 0.0187085)
(2.07098e-10 6.24364e-11 0.1326)
(5.13274e-10 -2.22411e-11 0.190074)
(6.98359e-10 -2.43018e-10 0.218464)
(6.62725e-10 -5.93795e-10 0.218467)
(3.59728e-10 -7.72709e-10 0.190082)
(3.41047e-11 -5.56467e-10 0.132613)
(1.91449e-10 5.03617e-11 0.126432)
(4.70808e-10 -5.08758e-11 0.181303)
(6.44942e-10 -2.64802e-10 0.208883)
(6.04525e-10 -5.95171e-10 0.208885)
(3.14973e-10 -7.58379e-10 0.181311)
(1.13031e-11 -5.38374e-10 0.126445)
(1.73475e-10 3.71029e-11 0.118421)
(4.22895e-10 -7.6012e-11 0.169957)
(5.77874e-10 -2.76825e-10 0.196356)
(5.31551e-10 -5.78572e-10 0.196359)
(2.62618e-10 -7.2257e-10 0.169965)
(-1.19112e-11 -5.04701e-10 0.118434)
(1.51668e-10 2.30032e-11 0.107922)
(3.6107e-10 -9.57408e-11 0.155168)
(4.91872e-10 -2.75458e-10 0.179855)
(4.39712e-10 -5.38681e-10 0.179857)
(1.99267e-10 -6.59373e-10 0.155175)
(-3.73832e-11 -4.52019e-10 0.107934)
(1.24614e-10 8.86591e-12 0.0940603)
(2.85212e-10 -1.08008e-10 0.135716)
(3.85777e-10 -2.57991e-10 0.157922)
(3.30794e-10 -4.71525e-10 0.157924)
(1.27405e-10 -5.64589e-10 0.135723)
(-6.11282e-11 -3.78776e-10 0.0940706)
(9.1578e-11 -3.89754e-12 0.0756612)
(2.00462e-10 -1.07828e-10 0.109878)
(2.61612e-10 -2.19886e-10 0.128472)
(2.06497e-10 -3.73218e-10 0.128474)
(5.29619e-11 -4.35376e-10 0.109883)
(-7.64099e-11 -2.84665e-10 0.0756693)
(5.10124e-11 -1.31198e-11 0.0511899)
(1.12235e-10 -8.91445e-11 0.0752016)
(1.30913e-10 -1.54359e-10 0.0884768)
(8.36096e-11 -2.40924e-10 0.0884778)
(-8.57006e-12 -2.72564e-10 0.0752048)
(-7.25303e-11 -1.73782e-10 0.0511952)
(1.00733e-11 -1.16669e-11 0.0187067)
(2.65942e-11 -4.19087e-11 0.0281857)
(1.92781e-11 -5.49335e-11 0.0334953)
(-1.86664e-12 -7.68023e-11 0.0334956)
(-2.79384e-11 -8.4978e-11 0.0281868)
(-3.56904e-11 -5.30866e-11 0.0187085)
(1.15529e-10 -2.00012e-10 0.1326)
(2.76051e-10 -1.1068e-10 0.190074)
(3.9775e-10 -4.66177e-10 0.218464)
(4.07844e-10 -5.66244e-10 0.218467)
(2.27024e-10 -9.49537e-10 0.190082)
(1.97324e-10 -3.92197e-10 0.132613)
(1.03478e-10 -2.09718e-10 0.126432)
(2.48593e-10 -1.1322e-10 0.181303)
(3.67506e-10 -4.68324e-10 0.208883)
(3.77502e-10 -5.38928e-10 0.208885)
(2.4078e-10 -9.2985e-10 0.181311)
(1.88464e-10 -4.0185e-10 0.126445)
(1.06894e-10 -2.08204e-10 0.118421)
(2.25856e-10 -1.10626e-10 0.169957)
(3.3516e-10 -4.53638e-10 0.196356)
(3.33947e-10 -4.95183e-10 0.196359)
(2.16584e-10 -8.82838e-10 0.169965)
(1.26644e-10 -4.0579e-10 0.118434)
(8.78746e-11 -1.95508e-10 0.107922)
(1.85199e-10 -1.03028e-10 0.155168)
(2.88e-10 -4.21663e-10 0.179855)
(2.85327e-10 -4.36525e-10 0.179857)
(2.23407e-10 -8.0938e-10 0.155175)
(9.13896e-11 -4.03212e-10 0.107934)
(5.6543e-11 -1.71331e-10 0.0940603)
(1.36262e-10 -9.01049e-11 0.135716)
(2.27316e-10 -3.7267e-10 0.157922)
(2.21638e-10 -3.65616e-10 0.157924)
(2.16077e-10 -7.0606e-10 0.135723)
(6.36695e-11 -3.83754e-10 0.0940706)
(3.23363e-11 -1.31516e-10 0.0756612)
(1.0007e-10 -6.83217e-11 0.109878)
(1.6209e-10 -3.03238e-10 0.128472)
(1.2968e-10 -2.76849e-10 0.128474)
(1.11492e-10 -5.55485e-10 0.109883)
(6.03869e-12 -3.22173e-10 0.0756693)
(3.77687e-11 -7.20125e-11 0.0511899)
(8.49115e-11 -3.29153e-11 0.0752016)
(1.00301e-10 -1.99844e-10 0.0884768)
(1.83237e-11 -1.48161e-10 0.0884778)
(-8.35585e-11 -3.32958e-10 0.0752048)
(-9.55956e-11 -1.98681e-10 0.0511952)
(3.46711e-11 -1.49326e-11 0.0187067)
(3.89353e-11 6.67849e-12 0.0281857)
(2.99416e-11 -5.57515e-11 0.0334953)
(-2.9326e-11 1.07717e-11 0.0334956)
(-1.27753e-10 -8.19567e-11 0.0281868)
(-8.76757e-11 -6.4778e-11 0.0187085)
(8.21154e-11 -1.31734e-10 0.1326)
(1.22347e-10 -8.71888e-11 0.190074)
(2.06719e-10 -2.423e-10 0.218464)
(2.13812e-10 -3.12459e-10 0.218467)
(9.25102e-11 -3.86084e-10 0.190082)
(3.21382e-12 -7.01953e-11 0.132613)
(7.68643e-11 -1.44392e-10 0.126432)
(1.09683e-10 -9.06238e-11 0.181303)
(1.94525e-10 -2.37681e-10 0.208883)
(1.99835e-10 -2.97838e-10 0.208885)
(7.5035e-11 -3.61264e-10 0.181311)
(-3.43557e-12 -4.57743e-11 0.126445)
(7.51146e-11 -1.48748e-10 0.118421)
(9.85684e-11 -8.83447e-11 0.169957)
(1.77832e-10 -2.22629e-10 0.196356)
(1.80792e-10 -2.71904e-10 0.196359)
(5.96832e-11 -3.24518e-10 0.169965)
(-3.58463e-12 -2.54553e-11 0.118434)
(6.49927e-11 -1.42882e-10 0.107922)
(8.0387e-11 -7.94505e-11 0.155168)
(1.53331e-10 -1.95208e-10 0.179855)
(1.55291e-10 -2.3151e-10 0.179857)
(3.92967e-11 -2.74389e-10 0.155175)
(3.53126e-12 -1.17146e-11 0.107934)
(5.09033e-11 -1.25382e-10 0.0940603)
(5.9746e-11 -6.36592e-11 0.135716)
(1.21335e-10 -1.54876e-10 0.157922)
(1.21873e-10 -1.75658e-10 0.157924)
(2.42768e-11 -2.13747e-10 0.135723)
(3.26524e-12 -1.36509e-12 0.0940706)
(3.84703e-11 -9.48806e-11 0.0756612)
(4.08713e-11 -4.07127e-11 0.109878)
(8.2888e-11 -1.0274e-10 0.128472)
(8.20488e-11 -1.07783e-10 0.128474)
(1.88764e-11 -1.39908e-10 0.109883)
(-5.89291e-12 6.0274e-12 0.0756693)
(3.31517e-11 -5.18715e-11 0.0511899)
(2.84495e-11 -1.21697e-11 0.0752016)
(4.36481e-11 -4.37365e-11 0.0884768)
(3.77081e-11 -3.89567e-11 0.0884778)
(1.99889e-11 -6.76678e-11 0.0752048)
(1.16216e-11 1.65924e-12 0.0511952)
(1.87895e-11 -1.05877e-11 0.0187067)
(1.00244e-11 9.98695e-12 0.0281857)
(6.91806e-12 4.70543e-12 0.0334953)
(4.1656e-12 5.27949e-12 0.0334956)
(1.36843e-11 -1.19478e-11 0.0281868)
(1.33666e-11 1.81969e-12 0.0187085)
(9.58036e-11 -1.27829e-10 0.1326)
(6.16485e-11 5.35584e-11 0.190074)
(7.36744e-11 -2.7842e-11 0.218464)
(9.44194e-11 5.0771e-11 0.218467)
(3.79086e-11 -9.08052e-11 0.190082)
(1.85788e-10 2.98869e-10 0.132613)
(9.18031e-11 -1.38433e-10 0.126432)
(5.38226e-11 4.94996e-11 0.181303)
(7.12532e-11 -1.94865e-11 0.208883)
(9.10193e-11 8.20374e-11 0.208885)
(6.29968e-11 -6.16439e-11 0.181311)
(1.92642e-10 3.04608e-10 0.126445)
(8.21946e-11 -1.41833e-10 0.118421)
(4.57433e-11 4.48025e-11 0.169957)
(6.78251e-11 -8.7134e-12 0.196356)
(8.75117e-11 1.09891e-10 0.196359)
(7.89814e-11 -3.40717e-11 0.169965)
(1.77532e-10 2.90802e-10 0.118434)
(7.25881e-11 -1.35246e-10 0.107922)
(3.62214e-11 4.05692e-11 0.155168)
(6.009e-11 3.98006e-12 0.179855)
(8.30713e-11 1.3075e-10 0.179857)
(1.0849e-10 -1.28936e-11 0.155175)
(1.58997e-10 2.5445e-10 0.107934)
(6.23775e-11 -1.177e-10 0.0940603)
(2.42643e-11 3.81832e-11 0.135716)
(4.83532e-11 1.78489e-11 0.157922)
(7.30635e-11 1.41459e-10 0.157924)
(1.26038e-10 2.02715e-12 0.135723)
(1.41696e-10 1.97424e-10 0.0940706)
(4.87656e-11 -8.97806e-11 0.0756612)
(1.10425e-11 3.72666e-11 0.109878)
(3.27253e-11 3.00906e-11 0.128472)
(5.09898e-11 1.40314e-10 0.128474)
(9.93737e-11 8.50701e-12 0.109883)
(1.1323e-10 1.30949e-10 0.0756693)
(3.42526e-11 -5.3113e-11 0.0511899)
(5.08701e-13 3.47882e-11 0.0752016)
(1.51794e-11 3.52918e-11 0.0884768)
(1.75215e-11 1.23361e-10 0.0884778)
(2.73202e-11 1.79784e-11 0.0752048)
(4.47673e-11 7.61671e-11 0.0511952)
(1.46489e-11 -1.4633e-11 0.0187067)
(-4.09225e-12 2.19823e-11 0.0281857)
(2.42873e-12 2.26926e-11 0.0334953)
(-2.23293e-12 7.51101e-11 0.0334956)
(-2.27986e-11 1.50203e-11 0.0281868)
(4.26536e-12 1.84303e-11 0.0187085)
(5.14097e-11 3.28756e-11 0.1326)
(3.73627e-11 5.76967e-11 0.190074)
(1.53855e-11 2.04511e-10 0.218464)
(-3.21244e-12 1.85749e-10 0.218467)
(2.08927e-11 4.13972e-10 0.190082)
(-1.11862e-11 2.68955e-10 0.132613)
(4.94369e-11 2.91371e-11 0.126432)
(3.452e-11 5.16961e-11 0.181303)
(1.14849e-11 2.13251e-10 0.208883)
(2.43351e-12 1.97781e-10 0.208885)
(8.82414e-12 4.39209e-10 0.181311)
(-7.01934e-12 2.96011e-10 0.126445)
(4.92732e-11 2.38468e-11 0.118421)
(3.09929e-11 4.50993e-11 0.169957)
(8.25623e-12 2.14885e-10 0.196356)
(9.18046e-12 2.02394e-10 0.196359)
(1.14419e-11 4.48221e-10 0.169965)
(2.38143e-11 3.12737e-10 0.118434)
(4.62849e-11 1.67732e-11 0.107922)
(2.61282e-11 3.78849e-11 0.155168)
(6.08916e-12 2.08342e-10 0.179855)
(1.58568e-11 1.98497e-10 0.179857)
(-8.92641e-13 4.38274e-10 0.155175)
(5.13327e-11 3.14766e-10 0.107934)
(3.99702e-11 8.79077e-12 0.0940603)
(1.99751e-11 2.97491e-11 0.135716)
(4.02897e-12 1.9263e-10 0.157922)
(2.22806e-11 1.85319e-10 0.157924)
(-7.46621e-12 4.03325e-10 0.135723)
(6.87322e-11 2.98295e-10 0.0940706)
(3.06954e-11 1.45804e-12 0.0756612)
(1.20915e-11 2.06301e-11 0.109878)
(-3.42642e-14 1.65365e-10 0.128472)
(3.23536e-11 1.56638e-10 0.128474)
(2.2771e-11 3.37686e-10 0.109883)
(8.12791e-11 2.52549e-10 0.0756693)
(1.70766e-11 -3.59221e-12 0.0511899)
(2.24083e-12 1.06839e-11 0.0752016)
(-4.55349e-12 1.19185e-10 0.0884768)
(4.12536e-11 1.00638e-10 0.0884778)
(8.15184e-11 2.21963e-10 0.0752048)
(1.1048e-10 1.61599e-10 0.0511952)
(1.67705e-12 -3.77114e-12 0.0187067)
(-2.05095e-12 1.45273e-13 0.0281857)
(-6.68661e-12 4.57078e-11 0.0334953)
(2.10745e-11 1.35948e-11 0.0334956)
(7.13892e-11 6.99416e-11 0.0281868)
(6.16256e-11 5.71103e-11 0.0187085)
(-4.85814e-12 1.34514e-10 0.1326)
(2.0567e-11 1.89731e-10 0.190074)
(9.05813e-12 3.05366e-10 0.218464)
(1.0725e-11 3.58228e-10 0.218467)
(6.80623e-11 4.12867e-10 0.190082)
(1.61809e-10 3.39733e-10 0.132613)
(-9.21452e-12 1.35313e-10 0.126432)
(1.70929e-11 1.89013e-10 0.181303)
(7.05938e-12 3.13308e-10 0.208883)
(1.15079e-11 3.78753e-10 0.208885)
(8.17347e-11 4.36982e-10 0.181311)
(1.72739e-10 3.37075e-10 0.126445)
(-2.10956e-11 1.30863e-10 0.118421)
(9.86849e-12 1.81459e-10 0.169957)
(3.51094e-12 3.10693e-10 0.196356)
(1.49951e-11 3.86951e-10 0.196359)
(9.36067e-11 4.45644e-10 0.169965)
(1.63146e-10 3.21463e-10 0.118434)
(-2.45197e-11 1.20962e-10 0.107922)
(5.13082e-12 1.66099e-10 0.155168)
(-7.23304e-13 2.94584e-10 0.179855)
(1.8282e-11 3.76514e-10 0.179857)
(1.11e-10 4.30708e-10 0.155175)
(1.59816e-10 2.89234e-10 0.107934)
(-2.20239e-11 1.05093e-10 0.0940603)
(1.15779e-12 1.42893e-10 0.135716)
(-5.09817e-12 2.62972e-10 0.157922)
(2.08954e-11 3.42691e-10 0.157924)
(1.18042e-10 3.88286e-10 0.135723)
(1.61111e-10 2.38588e-10 0.0940706)
(-2.02946e-11 8.10113e-11 0.0756612)
(-8.06069e-12 1.10227e-10 0.109878)
(-1.28519e-11 2.12877e-10 0.128472)
(2.07626e-11 2.81297e-10 0.128474)
(1.03639e-10 3.09713e-10 0.109883)
(1.51982e-10 1.75076e-10 0.0756693)
(-2.30983e-11 4.71984e-11 0.0511899)
(-2.35399e-11 6.66125e-11 0.0752016)
(-1.94059e-11 1.39833e-10 0.0884768)
(1.5707e-11 1.89343e-10 0.0884778)
(6.29384e-11 2.04011e-10 0.0752048)
(8.25923e-11 1.17375e-10 0.0511952)
(-1.56055e-11 1.25868e-11 0.0187067)
(-1.75684e-11 1.698e-11 0.0281857)
(-1.06646e-11 4.34055e-11 0.0334953)
(6.61547e-12 6.85906e-11 0.0334956)
(1.37069e-11 7.52869e-11 0.0281868)
(1.40351e-11 4.31206e-11 0.0187085)
(6.39886e-11 -2.32984e-10 0.1326)
(3.4451e-11 -8.97525e-11 0.190074)
(9.06368e-11 9.64136e-11 0.218464)
(1.82541e-11 1.34579e-10 0.218467)
(3.45935e-11 4.55017e-10 0.190082)
(-1.01603e-10 1.61622e-10 0.132613)
(5.68889e-11 -2.40948e-10 0.126432)
(3.83826e-11 -1.0235e-10 0.181303)
(8.95479e-11 8.46448e-11 0.208883)
(1.80995e-11 1.10033e-10 0.208885)
(-1.56615e-11 4.58887e-10 0.181311)
(-1.0677e-10 1.86226e-10 0.126445)
(4.97498e-11 -2.36138e-10 0.118421)
(4.39353e-11 -1.09708e-10 0.169957)
(8.50593e-11 6.93712e-11 0.196356)
(2.07713e-11 8.32405e-11 0.196359)
(-2.93959e-11 4.51923e-10 0.169965)
(-8.55449e-11 2.1008e-10 0.118434)
(4.34515e-11 -2.15814e-10 0.107922)
(5.3593e-11 -1.10757e-10 0.155168)
(7.81961e-11 5.0995e-11 0.179855)
(1.3649e-11 5.75054e-11 0.179857)
(-7.7469e-11 4.33947e-10 0.155175)
(-6.58966e-11 2.28529e-10 0.107934)
(3.99588e-11 -1.80725e-10 0.0940603)
(6.51907e-11 -1.04922e-10 0.135716)
(6.56314e-11 2.98498e-11 0.157922)
(6.99023e-12 3.59191e-11 0.157924)
(-1.17149e-10 3.96679e-10 0.135723)
(-3.79754e-11 2.31496e-10 0.0940706)
(3.69026e-11 -1.33294e-10 0.0756612)
(6.56149e-11 -9.27624e-11 0.109878)
(3.84594e-11 6.72978e-12 0.128472)
(1.33068e-11 1.32741e-11 0.128474)
(-6.51439e-11 3.20286e-10 0.109883)
(1.3614e-11 2.01881e-10 0.0756693)
(3.60021e-11 -7.63328e-11 0.0511899)
(4.32567e-11 -7.07406e-11 0.0752016)
(6.79544e-13 -1.75724e-11 0.0884768)
(3.60373e-11 -2.92517e-11 0.0884778)
(7.97468e-11 1.82759e-10 0.0752048)
(8.41355e-11 1.29489e-10 0.0511952)
(2.20334e-11 -1.92029e-11 0.0187067)
(1.01301e-11 -2.7514e-11 0.0281857)
(-1.26665e-11 -2.94718e-11 0.0334953)
(2.72182e-11 -7.35526e-11 0.0334956)
(1.09547e-10 3.54731e-11 0.0281868)
(6.26743e-11 5.094e-11 0.0187085)
(2.19334e-10 -6.05594e-10 0.1326)
(7.26186e-11 -5.06931e-10 0.190074)
(1.12005e-11 -4.7895e-10 0.218464)
(7.40933e-11 -3.02356e-10 0.218467)
(1.83315e-10 -5.24981e-10 0.190082)
(3.1049e-10 -3.28234e-10 0.132613)
(2.19386e-10 -6.22286e-10 0.126432)
(7.71224e-11 -5.3032e-10 0.181303)
(2.07047e-11 -4.99686e-10 0.208883)
(7.802e-11 -3.02048e-10 0.208885)
(2.2442e-10 -5.46015e-10 0.181311)
(2.91608e-10 -3.81682e-10 0.126445)
(2.05193e-10 -6.13768e-10 0.118421)
(8.71675e-11 -5.35305e-10 0.169957)
(3.58522e-11 -5.03488e-10 0.196356)
(7.30367e-11 -2.91486e-10 0.196359)
(2.07949e-10 -5.45208e-10 0.169965)
(1.80519e-10 -4.19109e-10 0.118434)
(1.98806e-10 -5.71224e-10 0.107922)
(9.83016e-11 -5.14761e-10 0.155168)
(4.51383e-11 -4.87631e-10 0.179855)
(7.01707e-11 -2.75848e-10 0.179857)
(2.47066e-10 -5.27782e-10 0.155175)
(1.29248e-10 -4.40828e-10 0.107934)
(1.9459e-10 -4.9188e-10 0.0940603)
(1.04106e-10 -4.62551e-10 0.135716)
(4.74699e-11 -4.50248e-10 0.157922)
(5.49514e-11 -2.62036e-10 0.157924)
(2.71665e-10 -4.92323e-10 0.135723)
(1.05162e-10 -4.36541e-10 0.0940706)
(1.77078e-10 -3.77498e-10 0.0756612)
(1.02845e-10 -3.73209e-10 0.109878)
(4.79433e-11 -3.85145e-10 0.128472)
(4.76068e-12 -2.38892e-10 0.128474)
(1.43222e-10 -4.14526e-10 0.109883)
(3.42372e-11 -3.71561e-10 0.0756693)
(1.37656e-10 -2.33954e-10 0.0511899)
(9.25548e-11 -2.43339e-10 0.0752016)
(4.53426e-11 -2.72068e-10 0.0884768)
(-7.15668e-11 -1.59031e-10 0.0884778)
(-1.33324e-10 -2.4998e-10 0.0752048)
(-1.23286e-10 -2.19314e-10 0.0511952)
(5.91617e-11 -7.38935e-11 0.0187067)
(4.55701e-11 -7.86547e-11 0.0281857)
(2.74045e-11 -9.10904e-11 0.0334953)
(-5.77457e-11 -1.34385e-12 0.0334956)
(-1.86097e-10 -4.99263e-11 0.0281868)
(-1.27245e-10 -6.80828e-11 0.0187085)
(2.08981e-10 -3.80707e-10 0.1326)
(1.65299e-10 -5.96028e-10 0.190074)
(4.29347e-11 -4.71881e-10 0.218464)
(4.36616e-11 -3.88066e-10 0.218467)
(5.36849e-11 -3.05697e-10 0.190082)
(-6.25496e-11 -3.58141e-10 0.132613)
(2.08456e-10 -3.80855e-10 0.126432)
(1.65892e-10 -6.14683e-10 0.181303)
(4.70275e-11 -4.91901e-10 0.208883)
(3.49451e-11 -4.07395e-10 0.208885)
(3.53753e-11 -3.17437e-10 0.181311)
(-7.48307e-11 -3.61846e-10 0.126445)
(1.92683e-10 -3.71441e-10 0.118421)
(1.63837e-10 -6.14056e-10 0.169957)
(5.21186e-11 -4.93837e-10 0.196356)
(2.84107e-11 -4.0834e-10 0.196359)
(1.69451e-11 -3.11459e-10 0.169965)
(-9.49158e-11 -3.49258e-10 0.118434)
(1.89973e-10 -3.46692e-10 0.107922)
(1.65492e-10 -5.8599e-10 0.155168)
(5.54559e-11 -4.69749e-10 0.179855)
(1.91117e-11 -3.85032e-10 0.179857)
(-8.71416e-13 -2.84217e-10 0.155175)
(-8.0245e-11 -3.20945e-10 0.107934)
(1.9076e-10 -3.03158e-10 0.0940603)
(1.62043e-10 -5.23325e-10 0.135716)
(5.53332e-11 -4.13297e-10 0.157922)
(8.55484e-12 -3.34789e-10 0.157924)
(-8.88351e-12 -2.39259e-10 0.135723)
(-6.59021e-11 -2.71192e-10 0.0940706)
(1.73172e-10 -2.40762e-10 0.0756612)
(1.37133e-10 -4.21272e-10 0.109878)
(4.46291e-11 -3.20509e-10 0.128472)
(3.09671e-13 -2.58108e-10 0.128474)
(-1.12336e-11 -1.66681e-10 0.109883)
(-7.16746e-11 -1.96297e-10 0.0756693)
(1.16233e-10 -1.61976e-10 0.0511899)
(8.14138e-11 -2.79352e-10 0.0752016)
(2.40409e-11 -1.96327e-10 0.0884768)
(-4.22968e-12 -1.55713e-10 0.0884778)
(-1.68278e-11 -7.9426e-11 0.0752048)
(-4.97447e-11 -1.14397e-10 0.0511952)
(3.19583e-11 -5.90963e-11 0.0187067)
(2.32306e-11 -9.90561e-11 0.0281857)
(5.84989e-12 -5.47386e-11 0.0334953)
(-1.40818e-12 -4.35971e-11 0.0334956)
(-1.96043e-12 -9.40571e-13 0.0281868)
(-2.59486e-11 -2.72278e-11 0.0187085)
(2.59383e-11 4.24133e-11 0.1326)
(1.2127e-10 -3.19155e-10 0.190074)
(-8.01739e-12 -3.00996e-10 0.218464)
(5.02401e-11 -2.22433e-10 0.218467)
(3.9311e-11 -3.92079e-10 0.190082)
(5.55452e-11 -2.13688e-10 0.132613)
(2.45183e-11 5.4108e-11 0.126432)
(1.08338e-10 -3.0998e-10 0.181303)
(-9.94746e-12 -2.96272e-10 0.208883)
(4.63458e-11 -2.06873e-10 0.208885)
(7.99497e-11 -3.96889e-10 0.181311)
(6.00317e-11 -2.47891e-10 0.126445)
(2.47572e-11 5.62743e-11 0.118421)
(9.51439e-11 -2.93527e-10 0.169957)
(-7.33899e-12 -2.8178e-10 0.196356)
(3.77011e-11 -1.84629e-10 0.196359)
(8.50793e-11 -3.89052e-10 0.169965)
(2.25801e-11 -2.76951e-10 0.118434)
(2.90985e-11 4.78355e-11 0.107922)
(7.77197e-11 -2.67637e-10 0.155168)
(-6.62193e-12 -2.55138e-10 0.179855)
(3.53157e-11 -1.58857e-10 0.179857)
(1.2744e-10 -3.69924e-10 0.155175)
(4.8548e-12 -2.96994e-10 0.107934)
(3.35465e-11 3.1375e-11 0.0940603)
(5.50547e-11 -2.30067e-10 0.135716)
(-4.46003e-12 -2.14311e-10 0.157922)
(3.01658e-11 -1.31442e-10 0.157924)
(1.50251e-10 -3.32246e-10 0.135723)
(7.59995e-12 -3.01687e-10 0.0940706)
(3.40882e-11 1.13012e-11 0.0756612)
(3.64597e-11 -1.77217e-10 0.109878)
(7.32344e-12 -1.57203e-10 0.128472)
(5.98899e-12 -9.56455e-11 0.128474)
(8.06938e-11 -2.68823e-10 0.109883)
(-2.92135e-12 -2.68116e-10 0.0756693)
(2.02134e-11 -7.15907e-12 0.0511899)
(2.58336e-11 -1.10237e-10 0.0752016)
(2.51947e-11 -8.25793e-11 0.0884768)
(-3.60484e-11 -3.31904e-11 0.0884778)
(-7.92745e-11 -1.50323e-10 0.0752048)
(-9.29171e-11 -1.62861e-10 0.0511952)
(-6.57803e-13 -1.1821e-11 0.0187067)
(1.45614e-11 -3.78403e-11 0.0281857)
(1.9174e-11 -3.91779e-12 0.0334953)
(-3.29135e-11 4.59599e-11 0.0334956)
(-1.14745e-10 -1.78811e-11 0.0281868)
(-8.57784e-11 -5.14476e-11 0.0187085)
(-9.34059e-11 4.00706e-10 0.1326)
(8.50579e-11 1.40531e-10 0.190074)
(9.26876e-11 1.35267e-10 0.218464)
(3.06152e-11 4.57937e-11 0.218467)
(-7.03738e-11 1.45869e-10 0.190082)
(-2.12248e-10 -8.03716e-11 0.132613)
(-1.01366e-10 4.19306e-10 0.126432)
(7.57448e-11 1.60221e-10 0.181303)
(8.6419e-11 1.47949e-10 0.208883)
(2.62188e-11 4.32613e-11 0.208885)
(-8.95229e-11 1.49556e-10 0.181311)
(-2.09656e-10 -6.18213e-11 0.126445)
(-1.1857e-10 4.17643e-10 0.118421)
(5.63085e-11 1.71034e-10 0.169957)
(7.22651e-11 1.54829e-10 0.196356)
(2.4564e-11 4.10969e-11 0.196359)
(-8.73509e-11 1.49892e-10 0.169965)
(-1.79145e-10 -4.06605e-11 0.118434)
(-1.20549e-10 3.92022e-10 0.107922)
(4.06845e-11 1.70491e-10 0.155168)
(5.69739e-11 1.56305e-10 0.179855)
(1.75385e-11 4.27367e-11 0.179857)
(-1.04728e-10 1.48618e-10 0.155175)
(-1.38382e-10 -1.87176e-11 0.107934)
(-1.10526e-10 3.4116e-10 0.0940603)
(2.45906e-11 1.57472e-10 0.135716)
(3.9354e-11 1.53386e-10 0.157922)
(1.30666e-11 5.00635e-11 0.157924)
(-1.05717e-10 1.4078e-10 0.135723)
(-1.07069e-10 5.49952e-12 0.0940706)
(-9.62778e-11 2.62713e-10 0.0756612)
(-1.33627e-12 1.28754e-10 0.109878)
(1.38005e-11 1.42835e-10 0.128472)
(2.01274e-11 5.64753e-11 0.128474)
(-5.205e-11 1.2806e-10 0.109883)
(-7.90378e-11 2.39279e-11 0.0756693)
(-8.68031e-11 1.57019e-10 0.0511899)
(-3.65988e-11 8.04926e-11 0.0752016)
(-1.34268e-11 1.10781e-10 0.0884768)
(3.6578e-11 4.42383e-11 0.0884778)
(4.45994e-11 8.69773e-11 0.0752048)
(4.83832e-12 1.19579e-11 0.0511952)
(-4.81117e-11 4.52176e-11 0.0187067)
(-3.13411e-11 1.88487e-11 0.0281857)
(-1.62849e-11 4.04694e-11 0.0334953)
(2.42023e-11 -2.7658e-12 0.0334956)
(6.95679e-11 2.74182e-11 0.0281868)
(2.77578e-11 6.92247e-12 0.0187085)
(-1.88333e-10 4.13771e-10 0.1326)
(-6.78148e-11 2.82673e-10 0.190074)
(-4.11747e-11 1.96741e-10 0.218464)
(-5.69586e-12 1.38286e-10 0.218467)
(-7.96177e-12 -4.62295e-11 0.190082)
(5.53877e-11 1.58504e-11 0.132613)
(-1.85587e-10 4.20469e-10 0.126432)
(-7.59197e-11 3.02343e-10 0.181303)
(-4.62153e-11 2.15353e-10 0.208883)
(-2.42229e-12 1.61333e-10 0.208885)
(3.35613e-11 -4.35113e-11 0.181311)
(6.62399e-11 -9.59118e-12 0.126445)
(-1.7478e-10 4.10754e-10 0.118421)
(-8.02147e-11 3.11595e-10 0.169957)
(-4.7217e-11 2.257e-10 0.196356)
(-1.53109e-12 1.76595e-10 0.196359)
(4.85943e-11 -4.35807e-11 0.169965)
(4.9233e-11 -3.79563e-11 0.118434)
(-1.6148e-10 3.79801e-10 0.107922)
(-8.74426e-11 3.05299e-10 0.155168)
(-4.78931e-11 2.23074e-10 0.179855)
(5.77567e-12 1.76579e-10 0.179857)
(9.23035e-11 -5.0484e-11 0.155175)
(3.68083e-11 -6.65689e-11 0.107934)
(-1.4582e-10 3.25835e-10 0.0940603)
(-9.32552e-11 2.78734e-10 0.135716)
(-4.43765e-11 2.03372e-10 0.157922)
(1.24094e-11 1.56425e-10 0.157924)
(1.18086e-10 -5.84651e-11 0.135723)
(4.03435e-11 -9.31231e-11 0.0940706)
(-1.21409e-10 2.49357e-10 0.0756612)
(-8.56543e-11 2.28986e-10 0.109878)
(-2.70376e-11 1.6431e-10 0.128472)
(4.48019e-12 1.19955e-10 0.128474)
(6.91595e-11 -6.45193e-11 0.109883)
(3.81935e-11 -1.01875e-10 0.0756693)
(-8.89447e-11 1.5229e-10 0.0511899)
(-5.55929e-11 1.52513e-10 0.0752016)
(3.5266e-13 1.09423e-10 0.0884768)
(-2.13089e-11 8.54846e-11 0.0884778)
(-5.12703e-11 -3.9181e-11 0.0752048)
(-3.97807e-11 -6.16851e-11 0.0511952)
(-3.72446e-11 4.48443e-11 0.0187067)
(-1.43855e-11 4.7741e-11 0.0281857)
(9.96901e-12 4.21174e-11 0.0334953)
(-2.08856e-11 6.02617e-11 0.0334956)
(-8.4089e-11 -5.05244e-13 0.0281868)
(-5.22642e-11 -2.1562e-11 0.0187085)
(-1.39927e-10 4.5607e-10 0.1326)
(-5.99893e-11 3.47958e-10 0.190074)
(1.13477e-11 3.67319e-10 0.218464)
(-2.54002e-11 1.37215e-10 0.218467)
(-2.10834e-11 2.89215e-10 0.190082)
(-1.76136e-10 -1.3238e-10 0.132613)
(-1.36641e-10 4.6099e-10 0.126432)
(-5.71461e-11 3.49794e-10 0.181303)
(4.59631e-12 3.72383e-10 0.208883)
(-2.89641e-11 1.27968e-10 0.208885)
(-4.81117e-11 2.92201e-10 0.181311)
(-1.74707e-10 -1.15909e-10 0.126445)
(-1.40282e-10 4.49118e-10 0.118421)
(-5.89573e-11 3.41053e-10 0.169957)
(-5.5405e-12 3.64922e-10 0.196356)
(-2.77486e-11 1.16629e-10 0.196359)
(-5.42514e-11 2.87421e-10 0.169965)
(-1.41278e-10 -8.94844e-11 0.118434)
(-1.30393e-10 4.16999e-10 0.107922)
(-5.52948e-11 3.18865e-10 0.155168)
(-1.30828e-11 3.43182e-10 0.179855)
(-2.83474e-11 1.04741e-10 0.179857)
(-8.50848e-11 2.76387e-10 0.155175)
(-1.04945e-10 -5.36262e-11 0.107934)
(-1.13171e-10 3.61698e-10 0.0940603)
(-5.00187e-11 2.79831e-10 0.135716)
(-1.71817e-11 3.0584e-10 0.157922)
(-2.39966e-11 9.28615e-11 0.157924)
(-1.03098e-10 2.53857e-10 0.135723)
(-8.02611e-11 -1.0224e-11 0.0940706)
(-9.52743e-11 2.79025e-10 0.0756612)
(-5.10183e-11 2.19122e-10 0.109878)
(-2.21228e-11 2.49124e-10 0.128472)
(-2.40197e-12 7.4649e-11 0.128474)
(-5.53639e-11 2.17563e-10 0.109883)
(-5.42418e-11 2.52643e-11 0.0756693)
(-8.66497e-11 1.67249e-10 0.0511899)
(-5.95852e-11 1.32373e-10 0.0752016)
(-2.59209e-11 1.63323e-10 0.0884768)
(3.12785e-11 3.52081e-11 0.0884778)
(5.20935e-11 1.41881e-10 0.0752048)
(2.54925e-11 2.26619e-11 0.0511952)
(-5.08458e-11 4.72001e-11 0.0187067)
(-3.42378e-11 2.92667e-11 0.0281857)
(-1.72877e-11 4.62616e-11 0.0334953)
(2.57678e-11 -2.47506e-11 0.0334956)
(8.08979e-11 4.36803e-11 0.0281868)
(3.42622e-11 1.61694e-11 0.0187085)
(-6.46555e-11 1.19804e-10 0.1326)
(-5.34461e-11 1.52206e-10 0.190074)
(-6.48266e-12 3.89216e-11 0.218464)
(5.57723e-11 -3.07238e-11 0.218467)
(5.49331e-11 -2.84526e-10 0.190082)
(3.38724e-11 -2.0441e-10 0.132613)
(-6.48244e-11 1.14252e-10 0.126432)
(-5.6686e-11 1.53303e-10 0.181303)
(-7.47448e-12 3.64569e-11 0.208883)
(5.59531e-11 -3.04397e-11 0.208885)
(7.61459e-11 -3.06181e-10 0.181311)
(2.61325e-11 -2.3757e-10 0.126445)
(-5.57345e-11 1.05388e-10 0.118421)
(-5.3542e-11 1.50617e-10 0.169957)
(-5.27517e-12 3.26644e-11 0.196356)
(4.85959e-11 -2.99033e-11 0.196359)
(6.79699e-11 -3.179e-10 0.169965)
(-2.89406e-12 -2.60693e-10 0.118434)
(-5.55737e-11 9.10698e-11 0.107922)
(-5.59968e-11 1.41219e-10 0.155168)
(-6.20634e-12 2.43542e-11 0.179855)
(4.2831e-11 -3.23047e-11 0.179857)
(8.02556e-11 -3.17798e-10 0.155175)
(-3.89229e-11 -2.67502e-10 0.107934)
(-5.83854e-11 7.11333e-11 0.0940603)
(-5.70235e-11 1.22016e-10 0.135716)
(-6.68662e-12 8.60022e-12 0.157922)
(3.28621e-11 -4.01693e-11 0.157924)
(7.99041e-11 -2.98458e-10 0.135723)
(-5.90931e-11 -2.5728e-10 0.0940706)
(-5.13639e-11 4.91945e-11 0.0756612)
(-4.21033e-11 9.32879e-11 0.109878)
(1.78142e-12 -1.29013e-11 0.128472)
(6.04392e-12 -4.70745e-11 0.128474)
(2.46942e-11 -2.56752e-10 0.109883)
(-6.64479e-11 -2.20915e-10 0.0756693)
(-2.52132e-11 3.00069e-11 0.0511899)
(-4.47415e-12 5.91673e-11 0.0752016)
(1.79154e-11 -2.66699e-11 0.0884768)
(-3.02176e-11 -3.48548e-11 0.0884778)
(-7.19077e-11 -1.70372e-10 0.0752048)
(-1.02404e-10 -1.3997e-10 0.0511952)
(2.30772e-12 9.33679e-12 0.0187067)
(1.35801e-11 2.05194e-11 0.0281857)
(1.64286e-11 -1.4217e-11 0.0334953)
(-2.68362e-11 8.77854e-12 0.0334956)
(-8.39446e-11 -5.63923e-11 0.0281868)
(-5.86734e-11 -5.14094e-11 0.0187085)
(3.98482e-11 -1.0312e-10 0.1326)
(6.49605e-12 -6.00501e-11 0.190074)
(4.42051e-11 -3.47349e-11 0.218464)
(-1.46684e-11 -1.8262e-10 0.218467)
(-7.57043e-11 -7.50913e-11 0.190082)
(-2.80179e-10 -4.5679e-10 0.132613)
(3.77859e-11 -1.06191e-10 0.126432)
(1.01313e-11 -7.01202e-11 0.181303)
(4.05433e-11 -4.69984e-11 0.208883)
(-1.84051e-11 -2.10043e-10 0.208885)
(-1.12336e-10 -9.35063e-11 0.181311)
(-2.91237e-10 -4.40595e-10 0.126445)
(3.44271e-11 -1.0408e-10 0.118421)
(1.22317e-11 -7.59939e-11 0.169957)
(3.37247e-11 -5.64574e-11 0.196356)
(-2.17344e-11 -2.27789e-10 0.196359)
(-1.27667e-10 -1.04909e-10 0.169965)
(-2.71381e-10 -4.02488e-10 0.118434)
(3.09031e-11 -9.54881e-11 0.107922)
(1.76029e-11 -7.64597e-11 0.155168)
(2.77358e-11 -6.03056e-11 0.179855)
(-2.95309e-11 -2.28855e-10 0.179857)
(-1.63657e-10 -1.021e-10 0.155175)
(-2.42593e-10 -3.4096e-10 0.107934)
(2.84495e-11 -8.04074e-11 0.0940603)
(2.39978e-11 -7.09683e-11 0.135716)
(1.96364e-11 -5.64743e-11 0.157922)
(-3.36322e-11 -2.08592e-10 0.157924)
(-1.82106e-10 -8.61267e-11 0.135723)
(-2.14013e-10 -2.57531e-10 0.0940706)
(2.41476e-11 -5.98647e-11 0.0756612)
(2.37295e-11 -5.9948e-11 0.109878)
(4.23727e-12 -4.44594e-11 0.128472)
(-2.12508e-11 -1.69229e-10 0.128474)
(-1.30202e-10 -5.56968e-11 0.109883)
(-1.69194e-10 -1.67059e-10 0.0756693)
(1.77239e-11 -3.5147e-11 0.0511899)
(7.92272e-12 -4.27842e-11 0.0752016)
(-1.38372e-11 -2.89529e-11 0.0884768)
(8.31243e-12 -1.23236e-10 0.0884778)
(-1.05577e-11 -3.561e-11 0.0752048)
(-5.68216e-11 -9.93928e-11 0.0511952)
(7.42708e-12 -9.0185e-12 0.0187067)
(-2.87644e-12 -1.50405e-11 0.0281857)
(-1.38345e-11 -1.28112e-11 0.0334953)
(1.55865e-11 -7.27861e-11 0.0334956)
(5.33655e-11 -1.48323e-11 0.0281868)
(5.0414e-12 -2.47961e-11 0.0187085)
(4.50722e-11 1.40122e-10 0.1326)
(6.46502e-11 2.18751e-11 0.190074)
(-2.75596e-11 -3.56941e-11 0.218464)
(2.97354e-11 -1.13827e-11 0.218467)
(-1.01225e-10 -3.66048e-10 0.190082)
(-3.99778e-11 1.34772e-10 0.132613)
(4.68539e-11 1.40209e-10 0.126432)
(5.80293e-11 1.87385e-11 0.181303)
(-2.07068e-11 -4.41575e-11 0.208883)
(2.42135e-11 -9.48834e-12 0.208885)
(-6.3234e-11 -3.80006e-10 0.181311)
(-3.47964e-11 1.09899e-10 0.126445)
(3.66694e-11 1.30526e-10 0.118421)
(4.6961e-11 1.24969e-11 0.169957)
(-1.38694e-11 -5.22746e-11 0.196356)
(1.97411e-11 -1.08664e-11 0.196359)
(-4.3451e-11 -3.87553e-10 0.169965)
(-3.28575e-11 7.02864e-11 0.118434)
(3.78803e-11 1.11694e-10 0.107922)
(3.73029e-11 4.29706e-12 0.155168)
(-7.39693e-12 -5.88515e-11 0.179855)
(1.86387e-11 -1.55414e-11 0.179857)
(-9.13839e-12 -3.86254e-10 0.155175)
(-5.8002e-11 2.16868e-11 0.107934)
(4.24434e-11 8.5698e-11 0.0940603)
(2.43105e-11 -4.03418e-12 0.135716)
(9.92922e-13 -6.2029e-11 0.157922)
(1.34557e-11 -2.11701e-11 0.157924)
(1.55688e-11 -3.6665e-10 0.135723)
(-8.27697e-11 -2.9785e-11 0.0940706)
(3.91403e-11 5.38252e-11 0.0756612)
(7.79304e-12 -1.03976e-11 0.109878)
(1.3406e-11 -5.8628e-11 0.128472)
(-4.17097e-12 -2.03637e-11 0.128474)
(-2.83627e-12 -3.22124e-10 0.109883)
(-9.28251e-11 -7.06106e-11 0.0756693)
(1.46969e-11 1.79932e-11 0.0511899)
(-5.28422e-12 -1.43068e-11 0.0752016)
(2.505e-11 -4.44109e-11 0.0884768)
(-2.71129e-11 -2.30243e-12 0.0884778)
(-5.71291e-11 -2.2819e-10 0.0752048)
(-1.00386e-10 -7.54731e-11 0.0511952)
(-9.14205e-12 -5.25316e-12 0.0187067)
(-3.49709e-12 -1.46083e-11 0.0281857)
(1.72276e-11 -1.67646e-11 0.0334953)
(-2.17689e-11 2.90588e-11 0.0334956)
(-6.61871e-11 -9.313e-11 0.0281868)
(-3.32105e-11 -4.88983e-11 0.0187085)
(-4.28056e-11 2.47514e-10 0.1326)
(7.09764e-11 7.91325e-11 0.190074)
(3.14188e-11 6.63186e-11 0.218464)
(-6.45454e-11 -7.82296e-12 0.218467)
(-2.00481e-10 5.21936e-11 0.190082)
(-2.39478e-10 5.41142e-11 0.132613)
(-5.23705e-11 2.59296e-10 0.126432)
(6.42287e-11 9.10037e-11 0.181303)
(3.01045e-11 6.86031e-11 0.208883)
(-6.54993e-11 -1.7165e-11 0.208885)
(-2.19073e-10 5.5641e-11 0.181311)
(-2.36947e-10 8.77123e-11 0.126445)
(-5.8904e-11 2.56486e-10 0.118421)
(5.01164e-11 9.62461e-11 0.169957)
(2.27657e-11 6.51631e-11 0.196356)
(-6.07552e-11 -2.9441e-11 0.196359)
(-2.07973e-10 5.33949e-11 0.169965)
(-1.87701e-10 1.13602e-10 0.118434)
(-6.31641e-11 2.35455e-10 0.107922)
(3.8678e-11 9.22384e-11 0.155168)
(1.80453e-11 5.66097e-11 0.179855)
(-5.92088e-11 -4.00524e-11 0.179857)
(-2.2094e-10 4.89747e-11 0.155175)
(-1.52523e-10 1.29772e-10 0.107934)
(-6.27955e-11 1.96559e-10 0.0940603)
(2.79795e-11 7.75208e-11 0.135716)
(1.22682e-11 4.47208e-11 0.157922)
(-5.22612e-11 -4.40414e-11 0.157924)
(-2.15207e-10 4.07422e-11 0.135723)
(-1.34181e-10 1.35424e-10 0.0940706)
(-5.56036e-11 1.42444e-10 0.0756612)
(1.19849e-11 5.19209e-11 0.109878)
(2.39917e-12 3.06372e-11 0.128472)
(-2.9484e-11 -4.29516e-11 0.128474)
(-1.37499e-10 3.04748e-11 0.109883)
(-1.02452e-10 1.17235e-10 0.0756693)
(-4.36455e-11 7.92053e-11 0.0511899)
(-1.02082e-11 1.9505e-11 0.0752016)
(-1.19259e-11 1.16321e-11 0.0884768)
(1.01291e-11 -4.75777e-11 0.0884778)
(7.43657e-12 -1.90059e-12 0.0752048)
(7.23694e-12 5.27958e-11 0.0511952)
(-1.98647e-11 2.03225e-11 0.0187067)
(-1.35999e-11 -4.01402e-12 0.0281857)
(-1.17843e-11 -8.40891e-12 0.0334953)
(1.74804e-11 -5.46463e-11 0.0334956)
(6.6085e-11 -2.71347e-11 0.0281868)
(4.78816e-11 6.13371e-12 0.0187085)
(-4.13046e-11 5.154e-11 0.1326)
(-8.43789e-12 1.21848e-10 0.190074)
(1.38343e-11 -8.01513e-11 0.218464)
(-5.42575e-12 -1.89655e-12 0.218467)
(-7.01673e-11 -2.15712e-10 0.190082)
(1.92269e-10 2.69823e-10 0.132613)
(-4.94791e-11 5.43456e-11 0.126432)
(-1.64689e-11 1.4075e-10 0.181303)
(1.78449e-11 -6.47438e-11 0.208883)
(6.79807e-12 2.50721e-11 0.208885)
(-2.94655e-11 -2.0137e-10 0.181311)
(1.93299e-10 2.67896e-10 0.126445)
(-6.28083e-11 5.50704e-11 0.118421)
(-2.1317e-11 1.50644e-10 0.169957)
(2.31514e-11 -5.0891e-11 0.196356)
(1.42107e-11 4.68497e-11 0.196359)
(-1.00532e-11 -1.85045e-10 0.169965)
(1.54956e-10 2.47461e-10 0.118434)
(-7.34214e-11 5.37012e-11 0.107922)
(-2.86236e-11 1.48283e-10 0.155168)
(2.23392e-11 -4.21864e-11 0.179855)
(2.18066e-11 5.78541e-11 0.179857)
(3.82606e-11 -1.72116e-10 0.155175)
(1.2274e-10 2.05045e-10 0.107934)
(-7.67631e-11 5.01791e-11 0.0940603)
(-3.30211e-11 1.33322e-10 0.135716)
(1.76216e-11 -4.04177e-11 0.157922)
(2.30971e-11 5.41692e-11 0.157924)
(7.69774e-11 -1.60282e-10 0.135723)
(1.0459e-10 1.42407e-10 0.0940706)
(-6.98458e-11 4.34638e-11 0.0756612)
(-2.68736e-11 1.06705e-10 0.109878)
(1.29784e-11 -4.40299e-11 0.128472)
(3.50592e-12 4.05371e-11 0.128474)
(4.64893e-11 -1.45694e-10 0.109883)
(7.97138e-11 7.64204e-11 0.0756693)
(-3.98668e-11 3.48727e-11 0.0511899)
(-4.41993e-12 7.17998e-11 0.0752016)
(1.16349e-11 -4.07228e-11 0.0884768)
(-3.17518e-11 3.42293e-11 0.0884778)
(-5.21828e-11 -1.00788e-10 0.0752048)
(4.29284e-13 3.80473e-11 0.0511952)
(-2.54117e-12 1.59124e-11 0.0187067)
(7.60768e-12 2.99763e-11 0.0281857)
(1.05845e-11 -1.60191e-11 0.0334953)
(-2.4292e-11 4.21124e-11 0.0334956)
(-7.86324e-11 -3.66365e-11 0.0281868)
(-2.02005e-11 5.5622e-13 0.0187085)
(-3.35987e-11 6.41579e-12 0.1326)
(-4.7177e-11 7.30651e-11 0.190074)
(-9.91566e-12 4.71726e-11 0.218464)
(-7.22037e-11 9.02158e-11 0.218467)
(-7.68993e-11 2.96878e-10 0.190082)
(1.60395e-11 4.17896e-10 0.132613)
(-3.87605e-11 5.54748e-12 0.126432)
(-4.56509e-11 8.52959e-11 0.181303)
(-4.93356e-12 6.00969e-11 0.208883)
(-6.50772e-11 9.80489e-11 0.208885)
(-9.62116e-11 3.22003e-10 0.181311)
(1.33214e-11 4.5952e-10 0.126445)
(-3.92315e-11 5.51765e-12 0.118421)
(-4.34197e-11 9.4635e-11 0.169957)
(-1.86994e-12 7.06653e-11 0.196356)
(-5.00748e-11 1.0182e-10 0.196359)
(-8.64626e-11 3.3488e-10 0.169965)
(4.91197e-11 4.82047e-10 0.118434)
(-4.38046e-11 5.99989e-12 0.107922)
(-3.88012e-11 9.84941e-11 0.155168)
(1.47655e-12 7.78225e-11 0.179855)
(-3.86616e-11 1.03572e-10 0.179857)
(-1.01689e-10 3.34049e-10 0.155175)
(7.28507e-11 4.78816e-10 0.107934)
(-4.60875e-11 7.23009e-12 0.0940603)
(-3.04332e-11 9.45392e-11 0.135716)
(3.55729e-12 8.06324e-11 0.157922)
(-2.52327e-11 1.04307e-10 0.157924)
(-1.01062e-10 3.11889e-10 0.135723)
(7.21337e-11 4.47108e-10 0.0940706)
(-4.03753e-11 9.52892e-12 0.0756612)
(-2.25919e-11 8.05592e-11 0.109878)
(-2.96963e-12 7.61275e-11 0.128472)
(-8.96904e-13 9.6923e-11 0.128474)
(-3.47587e-11 2.64852e-10 0.109883)
(6.87127e-11 3.71034e-10 0.0756693)
(-2.0528e-11 1.39482e-11 0.0511899)
(-1.94309e-11 5.68512e-11 0.0752016)
(-1.45497e-11 5.74219e-11 0.0884768)
(3.17702e-11 6.23196e-11 0.0884778)
(8.35691e-11 1.65196e-10 0.0752048)
(1.29621e-10 2.23431e-10 0.0511952)
(-1.12241e-13 1.0859e-11 0.0187067)
(-1.09154e-11 2.53213e-11 0.0281857)
(-1.25876e-11 1.84587e-11 0.0334953)
(2.68237e-11 -7.20346e-12 0.0334956)
(9.71274e-11 3.55531e-11 0.0281868)
(9.38808e-11 6.82795e-11 0.0187085)
(1.89254e-11 -1.56248e-11 0.1326)
(-5.11407e-11 9.6525e-11 0.190074)
(-6.41697e-11 6.43053e-11 0.218464)
(-9.31036e-12 1.82074e-10 0.218467)
(1.02951e-10 1.46829e-10 0.190082)
(3.67072e-10 4.73077e-10 0.132613)
(1.96691e-11 -2.02306e-11 0.126432)
(-5.18428e-11 1.01706e-10 0.181303)
(-5.80895e-11 8.09929e-11 0.208883)
(6.07547e-13 2.17474e-10 0.208885)
(1.38914e-10 1.74933e-10 0.181311)
(3.6977e-10 4.67003e-10 0.126445)
(1.21885e-11 -2.37617e-11 0.118421)
(-5.03488e-11 1.02155e-10 0.169957)
(-4.8852e-11 9.4242e-11 0.196356)
(9.2204e-12 2.43611e-10 0.196359)
(1.51232e-10 1.94455e-10 0.169965)
(3.33631e-10 4.3992e-10 0.118434)
(9.68162e-12 -2.44131e-11 0.107922)
(-4.85326e-11 9.72362e-11 0.155168)
(-4.14895e-11 1.00858e-10 0.179855)
(2.09207e-11 2.52255e-10 0.179857)
(1.87295e-10 1.96777e-10 0.155175)
(2.95803e-10 3.87747e-10 0.107934)
(9.90294e-12 -2.1503e-11 0.0940603)
(-4.56442e-11 8.74303e-11 0.135716)
(-3.24787e-11 9.8037e-11 0.157922)
(2.82614e-11 2.37214e-10 0.157924)
(2.05491e-10 1.81053e-10 0.135723)
(2.64946e-10 3.09209e-10 0.0940706)
(8.78973e-12 -1.59349e-11 0.0756612)
(-3.78979e-11 7.29747e-11 0.109878)
(-1.94137e-11 8.38819e-11 0.128472)
(1.75641e-11 1.99125e-10 0.128474)
(1.50318e-10 1.42741e-10 0.109883)
(2.1889e-10 2.16467e-10 0.0756693)
(5.71133e-12 -9.13185e-12 0.0511899)
(-1.89781e-11 5.26003e-11 0.0752016)
(-3.14984e-12 6.05513e-11 0.0884768)
(-1.14652e-11 1.46829e-10 0.0884778)
(2.59725e-11 1.02685e-10 0.0752048)
(9.30394e-11 1.39164e-10 0.0511952)
(2.50973e-12 -3.27222e-12 0.0187067)
(-1.87653e-12 2.09022e-11 0.0281857)
(5.6009e-12 2.78705e-11 0.0334953)
(-1.5146e-11 8.15114e-11 0.0334956)
(-4.5862e-11 4.49127e-11 0.0281868)
(5.81291e-12 4.24227e-11 0.0187085)
(-3.29136e-11 1.25785e-10 0.1326)
(-2.18335e-11 1.06836e-10 0.190074)
(-2.90059e-11 2.51554e-10 0.218464)
(-3.14183e-11 2.7431e-10 0.218467)
(6.77709e-11 5.66651e-10 0.190082)
(2.39244e-11 3.79842e-10 0.132613)
(-3.32215e-11 1.28876e-10 0.126432)
(-1.93934e-11 1.1002e-10 0.181303)
(-2.89371e-11 2.60673e-10 0.208883)
(-3.23013e-11 2.78951e-10 0.208885)
(3.90298e-11 5.86221e-10 0.181311)
(2.21674e-11 4.05921e-10 0.126445)
(-2.95215e-11 1.26229e-10 0.118421)
(-2.08767e-11 1.10432e-10 0.169957)
(-3.12137e-11 2.61934e-10 0.196356)
(-2.57296e-11 2.75499e-10 0.196359)
(3.605e-11 5.87833e-10 0.169965)
(6.52823e-11 4.20604e-10 0.118434)
(-2.65907e-11 1.15906e-10 0.107922)
(-1.83327e-11 1.06581e-10 0.155168)
(-2.90665e-11 2.54231e-10 0.179855)
(-2.12601e-11 2.64687e-10 0.179857)
(9.69765e-13 5.69381e-10 0.155175)
(9.18202e-11 4.1998e-10 0.107934)
(-2.35374e-11 9.77873e-11 0.0940603)
(-1.47192e-11 9.64048e-11 0.135716)
(-2.42034e-11 2.36109e-10 0.157922)
(-1.22805e-11 2.4643e-10 0.157924)
(-2.37107e-11 5.21766e-10 0.135723)
(9.01119e-11 4.00359e-10 0.0940706)
(-1.93457e-11 7.25968e-11 0.0756612)
(-1.63086e-11 7.73034e-11 0.109878)
(-2.27585e-11 2.03143e-10 0.128472)
(1.28311e-11 2.10623e-10 0.128474)
(2.26485e-11 4.37491e-10 0.109883)
(8.46194e-11 3.42264e-10 0.0756693)
(-1.88828e-11 4.20527e-11 0.0511899)
(-2.76179e-11 4.75662e-11 0.0752016)
(-2.40005e-11 1.43072e-10 0.0884768)
(4.81547e-11 1.34779e-10 0.0884778)
(1.29437e-10 2.83131e-10 0.0752048)
(1.39543e-10 2.13784e-10 0.0511952)
(-1.25102e-11 1.18817e-11 0.0187067)
(-1.93184e-11 1.18906e-11 0.0281857)
(-1.58409e-11 4.60767e-11 0.0334953)
(3.41533e-11 1.16829e-11 0.0334956)
(1.18598e-10 8.18378e-11 0.0281868)
(9.25636e-11 7.16657e-11 0.0187085)
(-1.39277e-11 3.42417e-11 0.1326)
(-2.57283e-11 1.51193e-10 0.190074)
(-2.90549e-12 1.33037e-10 0.218464)
(7.47443e-11 2.35786e-10 0.218467)
(1.60371e-10 1.23438e-10 0.190082)
(2.4624e-10 2.42426e-10 0.132613)
(-1.48409e-11 3.31882e-11 0.126432)
(-2.95918e-11 1.56438e-10 0.181303)
(-3.39632e-12 1.42337e-10 0.208883)
(7.71158e-11 2.55028e-10 0.208885)
(1.80564e-10 1.26445e-10 0.181311)
(2.43104e-10 2.22621e-10 0.126445)
(-1.72621e-11 3.15691e-11 0.118421)
(-3.1278e-11 1.5561e-10 0.169957)
(-2.67067e-12 1.46668e-10 0.196356)
(7.36267e-11 2.65263e-10 0.196359)
(1.76351e-10 1.2571e-10 0.169965)
(2.11103e-10 1.94258e-10 0.118434)
(-2.08274e-11 2.92198e-11 0.107922)
(-3.5782e-11 1.47056e-10 0.155168)
(-4.86308e-12 1.42211e-10 0.179855)
(6.97785e-11 2.59859e-10 0.179857)
(1.89773e-10 1.16178e-10 0.155175)
(1.72576e-10 1.57482e-10 0.107934)
(-2.4497e-11 2.57958e-11 0.0940603)
(-3.94054e-11 1.30074e-10 0.135716)
(-7.7705e-12 1.25741e-10 0.157922)
(5.97063e-11 2.33532e-10 0.157924)
(1.86445e-10 9.9196e-11 0.135723)
(1.44651e-10 1.1079e-10 0.0940706)
(-2.49204e-11 2.11789e-11 0.0756612)
(-3.37513e-11 1.04871e-10 0.109878)
(-6.03338e-12 9.58516e-11 0.128472)
(3.45583e-11 1.8718e-10 0.128474)
(1.25112e-10 6.99072e-11 0.109883)
(1.14532e-10 6.36877e-11 0.0756693)
(-1.5009e-11 1.58683e-11 0.0511899)
(-1.35335e-11 7.16464e-11 0.0752016)
(1.76189e-12 5.82654e-11 0.0884768)
(-4.09672e-12 1.29868e-10 0.0884778)
(1.24874e-11 4.72827e-11 0.0752048)
(2.58668e-11 4.1265e-11 0.0511952)
(-7.52518e-13 6.26913e-12 0.0187067)
(1.48825e-12 2.77597e-11 0.0281857)
(5.37989e-12 2.02594e-11 0.0334953)
(-1.46104e-11 6.70968e-11 0.0334956)
(-4.56429e-11 2.00442e-11 0.0281868)
(-1.43401e-11 9.74316e-12 0.0187085)
(-4.31501e-11 7.6851e-11 0.1326)
(-2.22393e-11 1.00676e-10 0.190074)
(1.31833e-11 2.01636e-10 0.218464)
(6.96056e-12 1.94117e-10 0.218467)
(2.52441e-11 3.74873e-10 0.190082)
(-1.16883e-10 1.43328e-10 0.132613)
(-4.20716e-11 7.82452e-11 0.126432)
(-1.98391e-11 1.01403e-10 0.181303)
(1.04793e-11 2.01229e-10 0.208883)
(1.462e-12 1.80941e-10 0.208885)
(-1.17244e-11 3.73262e-10 0.181311)
(-1.19499e-10 1.64287e-10 0.126445)
(-3.16903e-11 7.73765e-11 0.118421)
(-1.92345e-11 1.00824e-10 0.169957)
(4.39879e-12 1.95797e-10 0.196356)
(9.94149e-13 1.63236e-10 0.196359)
(-2.02662e-11 3.61132e-10 0.169965)
(-7.07914e-11 1.82563e-10 0.118434)
(-2.80169e-11 7.21304e-11 0.107922)
(-1.71373e-11 9.73214e-11 0.155168)
(1.67781e-12 1.84916e-10 0.179855)
(-3.221e-12 1.44693e-10 0.179857)
(-6.42961e-11 3.41172e-10 0.155175)
(-4.21206e-11 1.97431e-10 0.107934)
(-2.71983e-11 6.20775e-11 0.0940603)
(-1.40684e-11 8.82535e-11 0.135716)
(1.61627e-13 1.67678e-10 0.157922)
(-3.44893e-12 1.27777e-10 0.157924)
(-9.47151e-11 3.08376e-10 0.135723)
(-3.71856e-11 2.05823e-10 0.0940706)
(-2.37747e-11 4.82073e-11 0.0756612)
(-1.31417e-11 7.1234e-11 0.109878)
(-4.27647e-12 1.4122e-10 0.128472)
(1.41982e-11 1.05584e-10 0.128474)
(-4.26445e-11 2.57001e-10 0.109883)
(-2.22802e-11 1.87705e-10 0.0756693)
(-1.70926e-11 3.15801e-11 0.0511899)
(-1.84665e-11 4.53735e-11 0.0752016)
(-1.34617e-11 9.63677e-11 0.0884768)
(4.6349e-11 5.7722e-11 0.0884778)
(8.78191e-11 1.56349e-10 0.0752048)
(6.87239e-11 1.11616e-10 0.0511952)
(-7.2866e-12 1.15224e-11 0.0187067)
(-1.40344e-11 1.4086e-11 0.0281857)
(-1.29739e-11 2.78089e-11 0.0334953)
(3.2253e-11 -1.97041e-11 0.0334956)
(1.06681e-10 3.31871e-11 0.0281868)
(6.97231e-11 3.59299e-11 0.0187085)
(-3.20332e-11 1.09946e-10 0.1326)
(-2.09331e-11 1.06229e-10 0.190074)
(-2.45516e-11 1.06437e-10 0.218464)
(3.10254e-11 9.36216e-11 0.218467)
(7.38321e-11 -2.41296e-11 0.190082)
(1.06822e-10 2.54555e-11 0.132613)
(-2.57123e-11 1.108e-10 0.126432)
(-2.19454e-11 1.04607e-10 0.181303)
(-2.7689e-11 1.07509e-10 0.208883)
(2.78026e-11 1.01481e-10 0.208885)
(9.4576e-11 -2.56828e-11 0.181311)
(1.12443e-10 5.196e-12 0.126445)
(-2.10064e-11 1.0722e-10 0.118421)
(-2.31489e-11 9.96082e-11 0.169957)
(-2.87354e-11 1.05021e-10 0.196356)
(2.1636e-11 1.04934e-10 0.196359)
(9.41611e-11 -2.79727e-11 0.169965)
(9.54012e-11 -1.62875e-11 0.118434)
(-1.39103e-11 9.84333e-11 0.107922)
(-2.5737e-11 9.0822e-11 0.155168)
(-2.96254e-11 9.74737e-11 0.179855)
(1.88091e-11 9.97913e-11 0.179857)
(1.08816e-10 -3.33433e-11 0.155175)
(7.33056e-11 -3.65812e-11 0.107934)
(-8.14263e-12 8.38186e-11 0.0940603)
(-2.8682e-11 7.81922e-11 0.135716)
(-2.66564e-11 8.33202e-11 0.157922)
(1.54286e-11 8.34666e-11 0.157924)
(1.09008e-10 -3.80194e-11 0.135723)
(6.1777e-11 -5.57659e-11 0.0940706)
(-5.92034e-12 6.28615e-11 0.0756612)
(-2.81209e-11 6.14566e-11 0.109878)
(-1.53956e-11 6.25096e-11 0.128472)
(4.27081e-12 5.96041e-11 0.128474)
(6.18836e-11 -4.35814e-11 0.109883)
(4.99381e-11 -6.44955e-11 0.0756693)
(-1.13103e-11 3.46768e-11 0.0511899)
(-1.95588e-11 3.89351e-11 0.0752016)
(9.2711e-13 3.81002e-11 0.0884768)
(-1.4755e-11 3.9768e-11 0.0884778)
(-2.40785e-11 -2.96398e-11 0.0752048)
(-1.80065e-11 -3.84417e-11 0.0511952)
(-1.13936e-11 6.81696e-12 0.0187067)
(-5.23061e-12 8.7275e-12 0.0281857)
(5.94577e-12 1.36904e-11 0.0334953)
(-1.47427e-11 3.14831e-11 0.0334956)
(-5.35378e-11 -3.45394e-12 0.0281868)
(-3.43869e-11 -1.35961e-11 0.0187085)
(-1.08353e-10 2.97729e-10 0.1326)
(-1.7316e-11 1.52477e-10 0.190074)
(-9.98275e-12 2.46947e-10 0.218464)
(-3.37793e-11 1.03692e-10 0.218467)
(-3.63971e-11 2.62469e-10 0.190082)
(-2.4213e-10 -7.97152e-11 0.132613)
(-1.0409e-10 3.06774e-10 0.126432)
(-1.56015e-11 1.54034e-10 0.181303)
(-1.70573e-11 2.4574e-10 0.208883)
(-4.32127e-11 8.89284e-11 0.208885)
(-6.66997e-11 2.59641e-10 0.181311)
(-2.38352e-10 -6.53422e-11 0.126445)
(-9.15383e-11 3.02836e-10 0.118421)
(-1.90667e-11 1.51807e-10 0.169957)
(-2.72957e-11 2.36914e-10 0.196356)
(-4.59252e-11 7.21804e-11 0.196359)
(-7.09117e-11 2.48111e-10 0.169965)
(-1.80795e-10 -4.52537e-11 0.118434)
(-7.92086e-11 2.81411e-10 0.107922)
(-2.01009e-11 1.44318e-10 0.155168)
(-3.07881e-11 2.20785e-10 0.179855)
(-4.85567e-11 5.75363e-11 0.179857)
(-1.07544e-10 2.31797e-10 0.155175)
(-1.41782e-10 -1.69356e-11 0.107934)
(-6.81517e-11 2.41032e-10 0.0940603)
(-2.07086e-11 1.28436e-10 0.135716)
(-2.84234e-11 1.97728e-10 0.157922)
(-4.30411e-11 4.87631e-11 0.157924)
(-1.32839e-10 2.08883e-10 0.135723)
(-1.2217e-10 1.79502e-11 0.0940706)
(-5.66933e-11 1.82089e-10 0.0756612)
(-2.62146e-11 1.01302e-10 0.109878)
(-2.5272e-11 1.65287e-10 0.128472)
(-1.45864e-11 4.1097e-11 0.128474)
(-7.71848e-11 1.75159e-10 0.109883)
(-8.82692e-11 4.08964e-11 0.0756693)
(-5.18462e-11 1.06515e-10 0.0511899)
(-3.70758e-11 6.03071e-11 0.0752016)
(-2.21413e-11 1.13246e-10 0.0884768)
(3.18964e-11 1.63719e-11 0.0884778)
(5.59412e-11 1.04396e-10 0.0752048)
(1.45818e-11 2.27369e-11 0.0511952)
(-3.18936e-11 2.92131e-11 0.0187067)
(-2.52439e-11 1.08319e-11 0.0281857)
(-1.37499e-11 3.33011e-11 0.0334953)
(2.87936e-11 -2.98691e-11 0.0334956)
(9.1033e-11 2.15625e-11 0.0281868)
(4.23896e-11 1.00757e-11 0.0187085)
(-8.50447e-11 2.24137e-10 0.1326)
(-1.29441e-11 2.92059e-10 0.190074)
(3.32844e-11 1.36083e-10 0.218464)
(6.27483e-11 1.54146e-10 0.218467)
(-2.13231e-11 -1.36208e-10 0.190082)
(5.58201e-11 1.26529e-10 0.132613)
(-8.97042e-11 2.28339e-10 0.126432)
(-1.95636e-11 3.03271e-10 0.181303)
(3.25769e-11 1.36864e-10 0.208883)
(5.74952e-11 1.58285e-10 0.208885)
(-1.22391e-12 -1.51555e-10 0.181311)
(5.09479e-11 1.09442e-10 0.126445)
(-9.78097e-11 2.23868e-10 0.118421)
(-2.90306e-11 3.02248e-10 0.169957)
(2.75382e-11 1.31792e-10 0.196356)
(5.00181e-11 1.54932e-10 0.196359)
(6.66005e-12 -1.65233e-10 0.169965)
(4.12393e-11 8.33424e-11 0.118434)
(-1.01698e-10 2.08807e-10 0.107922)
(-3.72092e-11 2.85726e-10 0.155168)
(2.01938e-11 1.18339e-10 0.179855)
(4.06395e-11 1.42089e-10 0.179857)
(2.41492e-11 -1.76373e-10 0.155175)
(7.65299e-12 5.17828e-11 0.107934)
(-9.89368e-11 1.8213e-10 0.0940603)
(-4.34383e-11 2.52048e-10 0.135716)
(1.26775e-11 9.52154e-11 0.157922)
(2.74904e-11 1.19035e-10 0.157924)
(3.38291e-11 -1.78389e-10 0.135723)
(-2.38759e-11 1.63769e-11 0.0940706)
(-8.82712e-11 1.42137e-10 0.0756612)
(-4.58005e-11 1.99369e-10 0.109878)
(5.01319e-12 6.2566e-11 0.128472)
(7.27499e-12 8.9312e-11 0.128474)
(1.25921e-11 -1.69278e-10 0.109883)
(-3.99034e-11 -1.61276e-11 0.0756693)
(-6.42504e-11 9.01364e-11 0.0511899)
(-3.91447e-11 1.27893e-10 0.0752016)
(-4.09373e-13 2.55457e-11 0.0884768)
(-1.405e-11 5.98813e-11 0.0884778)
(-3.13816e-11 -1.29814e-10 0.0752048)
(-5.58782e-11 -2.90838e-11 0.0511952)
(-2.19474e-11 2.94996e-11 0.0187067)
(-1.68663e-11 4.30402e-11 0.0281857)
(1.30364e-12 -3.65614e-12 0.0334953)
(-1.26922e-11 3.45519e-11 0.0334956)
(-4.52261e-11 -6.12858e-11 0.0281868)
(-1.74319e-11 -2.7532e-11 0.0187085)
(-7.10858e-11 2.87942e-12 0.1326)
(-6.52767e-11 8.68835e-11 0.190074)
(-2.17794e-12 3.83933e-11 0.218464)
(-3.84413e-11 -2.97176e-12 0.218467)
(-7.32012e-11 6.37708e-11 0.190082)
(-1.03261e-10 5.79486e-11 0.132613)
(-7.19524e-11 1.80052e-12 0.126432)
(-6.29759e-11 8.9846e-11 0.181303)
(-5.96484e-12 3.86407e-11 0.208883)
(-3.70435e-11 -1.2036e-11 0.208885)
(-9.63635e-11 6.96829e-11 0.181311)
(-1.03585e-10 8.45762e-11 0.126445)
(-6.41044e-11 3.74574e-12 0.118421)
(-5.62769e-11 9.10677e-11 0.169957)
(-7.86357e-12 3.69152e-11 0.196356)
(-3.37688e-11 -2.15837e-11 0.196359)
(-1.01641e-10 7.37886e-11 0.169965)
(-8.35338e-11 1.062e-10 0.118434)
(-6.04533e-11 7.70806e-12 0.107922)
(-4.83273e-11 8.86339e-11 0.155168)
(-7.97349e-12 3.25014e-11 0.179855)
(-3.20717e-11 -2.90854e-11 0.179857)
(-1.21451e-10 7.594e-11 0.155175)
(-5.22528e-11 1.18009e-10 0.107934)
(-5.68049e-11 1.22721e-11 0.0940603)
(-3.75349e-11 8.02967e-11 0.135716)
(-8.15159e-12 2.47131e-11 0.157922)
(-2.72792e-11 -3.2772e-11 0.157924)
(-1.2549e-10 7.09843e-11 0.135723)
(-2.90939e-11 1.19891e-10 0.0940706)
(-4.73234e-11 1.61273e-11 0.0756612)
(-2.26244e-11 6.45097e-11 0.109878)
(-9.38162e-12 1.36058e-11 0.128472)
(-1.34176e-11 -3.46689e-11 0.128474)
(-8.134e-11 6.01712e-11 0.109883)
(-1.11617e-11 1.05212e-10 0.0756693)
(-2.5008e-11 1.84323e-11 0.0511899)
(-8.48275e-12 4.13691e-11 0.0752016)
(-1.04517e-11 8.5657e-13 0.0884768)
(7.91577e-12 -3.9425e-11 0.0884778)
(4.10132e-12 2.86395e-11 0.0752048)
(4.05407e-11 5.9641e-11 0.0511952)
(-1.21652e-12 1.14025e-11 0.0187067)
(-1.07422e-12 1.56479e-11 0.0281857)
(-5.71764e-12 -7.54125e-12 0.0334953)
(1.15368e-11 -4.11062e-11 0.0334956)
(4.33516e-11 -2.48406e-12 0.0281868)
(3.30784e-11 2.02503e-11 0.0187085)
(2.85259e-11 -2.53905e-10 0.1326)
(-6.184e-11 1.92266e-11 0.190074)
(-2.05727e-11 -1.20363e-10 0.218464)
(-1.25235e-11 3.4109e-12 0.218467)
(1.91519e-12 -1.37968e-10 0.190082)
(2.15716e-10 2.11603e-10 0.132613)
(3.11965e-11 -2.62801e-10 0.126432)
(-5.77292e-11 1.66641e-11 0.181303)
(-1.51188e-11 -1.20743e-10 0.208883)
(-8.85346e-12 1.8006e-11 0.208885)
(2.58914e-11 -1.30569e-10 0.181311)
(2.13769e-10 2.07735e-10 0.126445)
(3.58311e-11 -2.57003e-10 0.118421)
(-4.73715e-11 1.48392e-11 0.169957)
(-7.75066e-12 -1.16073e-10 0.196356)
(-3.95912e-12 3.11756e-11 0.196359)
(3.78399e-11 -1.21283e-10 0.169965)
(1.88597e-10 1.91852e-10 0.118434)
(3.26087e-11 -2.3398e-10 0.107922)
(-3.92532e-11 1.41809e-11 0.155168)
(-1.36913e-12 -1.07152e-10 0.179855)
(2.01032e-12 3.95636e-11 0.179857)
(6.6289e-11 -1.13163e-10 0.155175)
(1.54353e-10 1.63219e-10 0.107934)
(2.52607e-11 -1.94204e-10 0.0940603)
(-2.94074e-11 1.52467e-11 0.135716)
(3.12743e-12 -9.53976e-11 0.157922)
(4.86528e-12 4.11328e-11 0.157924)
(8.14429e-11 -1.0278e-10 0.135723)
(1.23627e-10 1.21529e-10 0.0940706)
(1.86858e-11 -1.39138e-10 0.0756612)
(-1.41693e-11 1.81966e-11 0.109878)
(6.64277e-12 -8.0463e-11 0.128472)
(1.48325e-12 3.80968e-11 0.128474)
(5.40373e-11 -9.22592e-11 0.109883)
(9.20164e-11 7.50021e-11 0.0756693)
(2.53909e-11 -7.25651e-11 0.0511899)
(7.27542e-12 2.31865e-11 0.0752016)
(8.91818e-12 -5.73898e-11 0.0884768)
(-1.09214e-11 3.6513e-11 0.0884778)
(-1.36478e-11 -6.19691e-11 0.0752048)
(2.12342e-11 4.39873e-11 0.0511952)
(2.35004e-11 -1.38053e-11 0.0187067)
(9.05372e-12 2.19248e-11 0.0281857)
(6.78055e-12 -2.03502e-11 0.0334953)
(-8.56696e-12 3.68148e-11 0.0334956)
(-4.32725e-11 -2.1101e-11 0.0281868)
(-5.59094e-12 7.23181e-12 0.0187085)
(5.6797e-11 -1.7705e-10 0.1326)
(-3.47493e-11 -1.76256e-10 0.190074)
(-4.70195e-11 -4.87703e-11 0.218464)
(-5.8948e-11 -7.83977e-11 0.218467)
(1.64646e-11 2.13922e-10 0.190082)
(-2.8306e-11 7.36236e-11 0.132613)
(6.04844e-11 -1.85153e-10 0.126432)
(-2.78197e-11 -1.86459e-10 0.181303)
(-4.45062e-11 -4.93321e-11 0.208883)
(-5.15939e-11 -8.35805e-11 0.208885)
(-9.02905e-12 2.29802e-10 0.181311)
(-3.02099e-11 1.00041e-10 0.126445)
(6.9145e-11 -1.85443e-10 0.118421)
(-1.72505e-11 -1.88143e-10 0.169957)
(-3.9505e-11 -4.72928e-11 0.196356)
(-4.41133e-11 -8.4934e-11 0.196359)
(-2.08697e-11 2.39815e-10 0.169965)
(-9.25856e-12 1.25911e-10 0.118434)
(7.19822e-11 -1.76188e-10 0.107922)
(-6.68271e-12 -1.79418e-10 0.155168)
(-3.27925e-11 -4.11079e-11 0.179855)
(-3.67207e-11 -7.98324e-11 0.179857)
(-4.91169e-11 2.43242e-10 0.155175)
(2.05104e-11 1.46781e-10 0.107934)
(6.92838e-11 -1.55784e-10 0.0940603)
(3.95501e-12 -1.59595e-10 0.135716)
(-2.42806e-11 -3.00854e-11 0.157922)
(-2.7536e-11 -6.71827e-11 0.157924)
(-6.27042e-11 2.32976e-10 0.135723)
(3.93212e-11 1.60023e-10 0.0940706)
(6.34463e-11 -1.22301e-10 0.0756612)
(1.48565e-11 -1.27147e-10 0.109878)
(-1.63213e-11 -1.4517e-11 0.128472)
(-8.69207e-12 -5.14047e-11 0.128474)
(-2.96314e-11 2.06647e-10 0.109883)
(5.02895e-11 1.53316e-10 0.0756693)
(5.05983e-11 -7.59e-11 0.0511899)
(1.8735e-11 -8.17074e-11 0.0752016)
(-9.76213e-12 1.36989e-12 0.0884768)
(1.41197e-11 -4.17884e-11 0.0884778)
(4.38205e-11 1.40451e-10 0.0752048)
(8.72764e-11 1.04693e-10 0.0511952)
(2.04153e-11 -2.35544e-11 0.0187067)
(1.07119e-11 -2.64941e-11 0.0281857)
(-5.44843e-12 8.49113e-12 0.0334953)
(1.30844e-11 -3.93073e-11 0.0334956)
(6.16583e-11 4.68838e-11 0.0281868)
(4.80665e-11 4.4126e-11 0.0187085)
(5.30908e-11 -1.14694e-10 0.1326)
(7.88076e-12 -7.87456e-11 0.190074)
(-3.61525e-11 -1.78855e-11 0.218464)
(-4.39277e-12 5.05428e-11 0.218467)
(7.76078e-11 6.44215e-11 0.190082)
(1.72799e-10 1.14457e-10 0.132613)
(5.84261e-11 -1.15327e-10 0.126432)
(1.08162e-11 -8.54012e-11 0.181303)
(-3.44014e-11 -1.7863e-11 0.208883)
(-6.7711e-12 6.5012e-11 0.208885)
(9.83522e-11 7.20061e-11 0.181311)
(1.75256e-10 9.8858e-11 0.126445)
(5.98647e-11 -1.12002e-10 0.118421)
(1.27583e-11 -8.89257e-11 0.169957)
(-3.11299e-11 -1.6109e-11 0.196356)
(-6.13745e-12 7.77014e-11 0.196359)
(1.05021e-10 7.57395e-11 0.169965)
(1.59339e-10 7.99665e-11 0.118434)
(6.25764e-11 -1.03227e-10 0.107922)
(1.46863e-11 -8.69922e-11 0.155168)
(-2.6351e-11 -1.22145e-11 0.179855)
(-3.0802e-12 8.50974e-11 0.179857)
(1.24604e-10 7.23365e-11 0.155175)
(1.33466e-10 5.97714e-11 0.107934)
(6.28514e-11 -8.86178e-11 0.0940603)
(1.45503e-11 -7.7554e-11 0.135716)
(-1.88587e-11 -6.10246e-12 0.157922)
(3.10996e-13 8.48757e-11 0.157924)
(1.28144e-10 6.52148e-11 0.135723)
(1.12533e-10 3.6957e-11 0.0940706)
(5.50661e-11 -6.87945e-11 0.0756612)
(1.21125e-11 -5.95377e-11 0.109878)
(-1.03087e-11 1.79281e-12 0.128472)
(1.63554e-12 7.76748e-11 0.128474)
(9.12998e-11 4.9116e-11 0.109883)
(9.17184e-11 1.71578e-11 0.0756693)
(3.45241e-11 -4.53257e-11 0.0511899)
(5.50338e-12 -3.55549e-11 0.0752016)
(-1.61303e-13 8.45148e-12 0.0884768)
(-3.74451e-12 6.58155e-11 0.0884778)
(1.90644e-11 3.9393e-11 0.0752048)
(1.9739e-11 1.82048e-11 0.0511952)
(8.19398e-12 -1.66767e-11 0.0187067)
(6.39065e-13 -1.03622e-11 0.0281857)
(2.81471e-12 8.35721e-12 0.0334953)
(-3.88462e-12 4.53844e-11 0.0334956)
(-2.65798e-11 2.44105e-11 0.0281868)
(-1.2494e-11 7.19686e-12 0.0187085)
(-3.82062e-11 2.11332e-10 0.1326)
(2.75935e-11 -4.52222e-11 0.190074)
(-1.73211e-11 1.54382e-10 0.218464)
(-1.368e-11 3.44676e-11 0.218467)
(4.90181e-11 3.00709e-10 0.190082)
(-1.49923e-10 -6.66599e-11 0.132613)
(-3.41669e-11 2.17793e-10 0.126432)
(2.77311e-11 -4.81626e-11 0.181303)
(-2.27346e-11 1.56192e-10 0.208883)
(-1.70596e-11 2.56981e-11 0.208885)
(2.08237e-11 3.07567e-10 0.181311)
(-1.45418e-10 -5.49556e-11 0.126445)
(-2.68359e-11 2.12788e-10 0.118421)
(2.38949e-11 -4.89566e-11 0.169957)
(-2.92051e-11 1.52368e-10 0.196356)
(-2.034e-11 1.70964e-11 0.196359)
(5.91121e-12 3.06107e-10 0.169965)
(-1.09718e-10 -3.671e-11 0.118434)
(-1.53837e-11 1.93665e-10 0.107922)
(2.24796e-11 -4.70616e-11 0.155168)
(-3.12098e-11 1.43912e-10 0.179855)
(-2.20769e-11 1.10384e-11 0.179857)
(-3.08298e-11 2.96373e-10 0.155175)
(-6.87073e-11 -1.24716e-11 0.107934)
(-4.6136e-12 1.60576e-10 0.0940603)
(1.77134e-11 -4.34968e-11 0.135716)
(-2.84341e-11 1.31715e-10 0.157922)
(-1.93225e-11 8.91035e-12 0.157924)
(-5.57924e-11 2.72835e-10 0.135723)
(-3.94529e-11 1.67028e-11 0.0940706)
(1.03446e-12 1.14719e-10 0.0756612)
(8.18276e-12 -3.83938e-11 0.109878)
(-2.20938e-11 1.14463e-10 0.128472)
(-3.75452e-12 6.25915e-12 0.128474)
(-2.71075e-11 2.3293e-10 0.109883)
(-1.45439e-11 3.89706e-11 0.0756693)
(-1.20456e-11 5.81596e-11 0.0511899)
(-8.28413e-12 -3.4022e-11 0.0752016)
(-1.41191e-11 8.44784e-11 0.0884768)
(2.07414e-11 -7.3744e-12 0.0884778)
(4.95287e-11 1.54023e-10 0.0752048)
(4.08148e-11 3.23339e-11 0.0511952)
(-2.1108e-11 9.31104e-12 0.0187067)
(-9.72144e-12 -2.51595e-11 0.0281857)
(-8.42655e-12 3.18003e-11 0.0334953)
(1.60251e-11 -3.18578e-11 0.0334956)
(6.67455e-11 5.20715e-11 0.0281868)
(2.86218e-11 2.16074e-11 0.0187085)
(-6.04995e-11 1.61486e-10 0.1326)
(2.25159e-11 1.47219e-10 0.190074)
(4.71369e-11 1.16306e-10 0.218464)
(6.16875e-11 1.0332e-10 0.218467)
(5.97144e-11 2.36515e-12 0.190082)
(3.23612e-11 -5.37666e-11 0.132613)
(-5.96307e-11 1.69224e-10 0.126432)
(1.81556e-11 1.53227e-10 0.181303)
(4.01127e-11 1.18772e-10 0.208883)
(5.27567e-11 1.0891e-10 0.208885)
(6.94194e-11 -4.4674e-12 0.181311)
(3.48494e-11 -7.30047e-11 0.126445)
(-5.70483e-11 1.70276e-10 0.118421)
(1.10725e-11 1.53576e-10 0.169957)
(3.09025e-11 1.17099e-10 0.196356)
(4.25144e-11 1.10842e-10 0.196359)
(7.01142e-11 -1.25783e-11 0.169965)
(3.0173e-11 -8.91302e-11 0.118434)
(-5.51507e-11 1.61793e-10 0.107922)
(2.35344e-12 1.46814e-10 0.155168)
(2.15495e-11 1.09699e-10 0.179855)
(3.30089e-11 1.06667e-10 0.179857)
(7.63367e-11 -2.21656e-11 0.155175)
(1.01802e-11 -9.74649e-11 0.107934)
(-5.36995e-11 1.42265e-10 0.0940603)
(-7.66413e-12 1.31396e-10 0.135716)
(1.20102e-11 9.54065e-11 0.157922)
(2.33043e-11 9.52251e-11 0.157924)
(6.95482e-11 -2.76629e-11 0.135723)
(-3.76907e-12 -9.88634e-11 0.0940706)
(-4.99986e-11 1.10625e-10 0.0756612)
(-1.46186e-11 1.06304e-10 0.109878)
(5.66493e-12 7.35362e-11 0.128472)
(1.40299e-11 7.80222e-11 0.128474)
(4.13135e-11 -3.4223e-11 0.109883)
(-4.77836e-12 -8.98953e-11 0.0756693)
(-4.07756e-11 6.80485e-11 0.0511899)
(-1.79067e-11 6.9355e-11 0.0752016)
(1.46241e-12 4.4148e-11 0.0884768)
(4.16867e-12 5.6108e-11 0.0884778)
(5.11889e-13 -2.67746e-11 0.0752048)
(-3.60281e-11 -5.47422e-11 0.0511952)
(-1.7974e-11 2.03127e-11 0.0187067)
(-1.02728e-11 2.26196e-11 0.0281857)
(5.72656e-14 1.02436e-11 0.0334953)
(-1.07534e-12 3.11893e-11 0.0334956)
(-2.21895e-11 -7.49093e-12 0.0281868)
(-2.52042e-11 -1.95128e-11 0.0187085)
(-8.89739e-11 2.47996e-10 0.1326)
(-2.05876e-12 1.01758e-10 0.190074)
(4.41632e-11 1.63274e-10 0.218464)
(2.09284e-11 -1.81199e-11 0.218467)
(8.32957e-12 1.45429e-10 0.190082)
(-2.2979e-10 -2.30889e-10 0.132613)
(-8.57064e-11 2.52922e-10 0.126432)
(-3.63419e-12 1.0345e-10 0.181303)
(3.23432e-11 1.64327e-10 0.208883)
(1.52884e-11 -3.43814e-11 0.208885)
(-2.61751e-11 1.42348e-10 0.181311)
(-2.25834e-10 -2.17788e-10 0.126445)
(-7.33334e-11 2.48145e-10 0.118421)
(-6.1397e-12 1.03419e-10 0.169957)
(1.94675e-11 1.59662e-10 0.196356)
(6.49633e-12 -4.89732e-11 0.196359)
(-4.42875e-11 1.35694e-10 0.169965)
(-1.87579e-10 -1.92262e-10 0.118434)
(-6.51652e-11 2.29704e-10 0.107922)
(-9.74133e-12 9.96013e-11 0.155168)
(8.86278e-12 1.48964e-10 0.179855)
(-2.40835e-12 -5.82262e-11 0.179857)
(-8.66151e-11 1.28676e-10 0.155175)
(-1.48381e-10 -1.53113e-10 0.107934)
(-5.95764e-11 1.96374e-10 0.0940603)
(-1.37734e-11 8.88531e-11 0.135716)
(2.52992e-13 1.31891e-10 0.157922)
(-7.12986e-12 -5.92957e-11 0.157924)
(-1.16326e-10 1.18757e-10 0.135723)
(-1.16868e-10 -1.02185e-10 0.0940706)
(-5.14727e-11 1.48924e-10 0.0756612)
(-1.64817e-11 6.90044e-11 0.109878)
(-5.44349e-12 1.07663e-10 0.128472)
(1.81114e-12 -5.49284e-11 0.128474)
(-8.18706e-11 1.03576e-10 0.109883)
(-7.83882e-11 -5.2866e-11 0.0756693)
(-4.32788e-11 8.91252e-11 0.0511899)
(-1.76596e-11 3.94631e-11 0.0752016)
(-6.9895e-12 7.16977e-11 0.0884768)
(2.35549e-11 -5.44103e-11 0.0884778)
(1.85787e-11 6.14878e-11 0.0752048)
(3.26683e-13 -2.73585e-11 0.0511952)
(-2.36134e-11 2.53358e-11 0.0187067)
(-9.92215e-12 4.67977e-12 0.0281857)
(-7.98254e-12 2.22909e-11 0.0334953)
(1.68889e-11 -5.3691e-11 0.0334956)
(6.00895e-11 1.51229e-11 0.0281868)
(1.70015e-11 1.09529e-12 0.0187085)
(-4.4901e-11 1.30296e-10 0.1326)
(2.97303e-12 1.62107e-10 0.190074)
(5.14662e-11 9.26017e-11 0.218464)
(5.37015e-11 -9.25199e-12 0.218467)
(2.74909e-11 -1.17381e-10 0.190082)
(-3.53656e-11 -1.69655e-10 0.132613)
(-3.91221e-11 1.32722e-10 0.126432)
(1.74316e-12 1.6098e-10 0.181303)
(4.13994e-11 8.96376e-11 0.208883)
(4.19355e-11 -1.166e-11 0.208885)
(3.1152e-11 -1.25853e-10 0.181311)
(-2.98453e-11 -1.84996e-10 0.126445)
(-2.9243e-11 1.31595e-10 0.118421)
(-1.15973e-12 1.55835e-10 0.169957)
(2.93643e-11 8.42024e-11 0.196356)
(2.82662e-11 -1.41337e-11 0.196359)
(2.79814e-11 -1.3266e-10 0.169965)
(-2.38398e-11 -1.93004e-10 0.118434)
(-2.46564e-11 1.24486e-10 0.107922)
(-7.94594e-12 1.45404e-10 0.155168)
(1.83895e-11 7.55184e-11 0.179855)
(1.69752e-11 -1.70686e-11 0.179857)
(2.51305e-11 -1.35552e-10 0.155175)
(-3.71663e-11 -1.87766e-10 0.107934)
(-2.56542e-11 1.09515e-10 0.0940603)
(-1.55416e-11 1.2814e-10 0.135716)
(9.82929e-12 6.2694e-11 0.157922)
(7.80594e-12 -1.93898e-11 0.157924)
(1.20374e-11 -1.28013e-10 0.135723)
(-4.65231e-11 -1.70225e-10 0.0940706)
(-2.67066e-11 8.59191e-11 0.0756612)
(-1.9779e-11 1.02571e-10 0.109878)
(5.58258e-12 4.53785e-11 0.128472)
(3.42725e-12 -1.82187e-11 0.128474)
(-6.74637e-12 -1.14384e-10 0.109883)
(-3.98487e-11 -1.39989e-10 0.0756693)
(-2.61807e-11 5.3385e-11 0.0511899)
(-1.82027e-11 6.65671e-11 0.0752016)
(4.67185e-12 2.42737e-11 0.0884768)
(1.94333e-12 -1.2639e-11 0.0884778)
(-1.85657e-11 -8.22115e-11 0.0752048)
(-5.14106e-11 -8.5714e-11 0.0511952)
(-1.40409e-11 1.59874e-11 0.0187067)
(-9.40003e-12 2.09596e-11 0.0281857)
(1.19363e-12 2.91602e-12 0.0334953)
(-4.69013e-13 5.41415e-13 0.0334956)
(-1.9171e-11 -2.89365e-11 0.0281868)
(-2.75281e-11 -2.79069e-11 0.0187085)
(-9.58281e-11 2.97715e-10 0.1326)
(2.4645e-12 2.90556e-11 0.190074)
(1.21626e-11 9.31998e-11 0.218464)
(-9.86268e-12 -1.84142e-10 0.218467)
(-1.84983e-11 -3.05196e-11 0.190082)
(-2.66423e-10 -3.99387e-10 0.132613)
(-8.61317e-11 3.03842e-10 0.126432)
(4.77559e-12 2.23164e-11 0.181303)
(-7.0965e-13 8.72697e-11 0.208883)
(-2.0061e-11 -2.04462e-10 0.208885)
(-4.8633e-11 -3.37628e-11 0.181311)
(-2.57706e-10 -3.91872e-10 0.126445)
(-6.90499e-11 2.97284e-10 0.118421)
(4.02414e-12 1.69797e-11 0.169957)
(-1.40237e-11 7.78011e-11 0.196356)
(-3.22434e-11 -2.17798e-10 0.196359)
(-6.78361e-11 -3.5616e-11 0.169965)
(-2.20106e-10 -3.65512e-10 0.118434)
(-5.18011e-11 2.73802e-10 0.107922)
(2.66062e-12 1.27546e-11 0.155168)
(-2.20478e-11 6.61929e-11 0.179855)
(-4.21521e-11 -2.19864e-10 0.179857)
(-1.07213e-10 -3.2047e-11 0.155175)
(-1.80175e-10 -3.17138e-10 0.107934)
(-3.8638e-11 2.31857e-10 0.0940603)
(-5.41011e-13 7.06705e-12 0.135716)
(-2.41371e-11 5.33297e-11 0.157922)
(-4.41691e-11 -2.0683e-10 0.157924)
(-1.37194e-10 -2.36868e-11 0.135723)
(-1.45232e-10 -2.47791e-10 0.0940706)
(-2.9297e-11 1.7193e-10 0.0756612)
(-4.45752e-12 -1.10815e-12 0.109878)
(-1.77377e-11 4.00036e-11 0.128472)
(-2.74168e-11 -1.78485e-10 0.128474)
(-1.08448e-10 -1.19258e-11 0.109883)
(-1.03203e-10 -1.68565e-10 0.0756693)
(-3.48705e-11 9.52542e-11 0.0511899)
(-1.21964e-11 -1.3145e-11 0.0752016)
(-7.05281e-12 2.34015e-11 0.0884768)
(3.54741e-12 -1.39359e-10 0.0884778)
(-1.75701e-11 -1.2065e-11 0.0752048)
(-3.44897e-11 -9.6827e-11 0.0511952)
(-2.97321e-11 2.14417e-11 0.0187067)
(-7.88744e-12 -2.17736e-11 0.0281857)
(-3.46679e-12 3.4728e-12 0.0334953)
(9.93298e-12 -8.08971e-11 0.0334956)
(3.76114e-11 -4.34424e-12 0.0281868)
(-7.91087e-12 -1.89553e-11 0.0187085)
(-6.84723e-12 -1.38018e-10 0.1326)
(1.21971e-11 1.79321e-11 0.190074)
(1.04958e-10 -1.33668e-10 0.218464)
(6.56071e-11 -2.68401e-10 0.218467)
(5.00147e-11 -3.47095e-10 0.190082)
(-5.61133e-11 -5.28309e-10 0.132613)
(-8.16572e-12 -1.36074e-10 0.126432)
(1.12117e-11 1.71323e-11 0.181303)
(8.85771e-11 -1.38499e-10 0.208883)
(5.40989e-11 -2.74822e-10 0.208885)
(4.07596e-11 -3.58189e-10 0.181311)
(-5.9129e-11 -5.41134e-10 0.126445)
(9.19156e-13 -1.24505e-10 0.118421)
(1.20199e-11 1.76525e-11 0.169957)
(7.15063e-11 -1.38113e-10 0.196356)
(3.71342e-11 -2.70225e-10 0.196359)
(2.24081e-11 -3.55623e-10 0.169965)
(-8.42279e-11 -5.29668e-10 0.118434)
(-3.78139e-12 -1.04489e-10 0.107922)
(6.99959e-12 1.93499e-11 0.155168)
(5.3099e-11 -1.32199e-10 0.179855)
(2.00085e-11 -2.53632e-10 0.179857)
(1.34232e-11 -3.36909e-10 0.155175)
(-9.42723e-11 -4.89682e-10 0.107934)
(-1.67282e-11 -7.8765e-11 0.0940603)
(1.95979e-12 2.15849e-11 0.135716)
(3.3482e-11 -1.20895e-10 0.157922)
(4.65979e-12 -2.24348e-10 0.157924)
(-2.19482e-12 -2.97397e-10 0.135723)
(-8.36268e-11 -4.21913e-10 0.0940706)
(-2.54711e-11 -4.9238e-11 0.0756612)
(4.17267e-12 2.3618e-11 0.109878)
(1.38086e-11 -1.03046e-10 0.128472)
(-7.12649e-12 -1.79349e-10 0.128474)
(-3.22905e-11 -2.38795e-10 0.109883)
(-6.44847e-11 -3.22697e-10 0.0756693)
(-1.11761e-11 -1.70045e-11 0.0511899)
(1.25126e-11 2.43098e-11 0.0752016)
(1.39236e-12 -7.39362e-11 0.0884768)
(-1.38747e-11 -1.14054e-10 0.0884778)
(-6.48177e-11 -1.48907e-10 0.0752048)
(-8.75267e-11 -1.81524e-10 0.0511952)
(8.72288e-12 3.86493e-12 0.0187067)
(6.67979e-12 2.06818e-11 0.0281857)
(-2.20143e-12 -2.75137e-11 0.0334953)
(-7.28979e-12 -2.66027e-11 0.0334956)
(-4.67309e-11 -3.34556e-11 0.0281868)
(-6.28081e-11 -4.48398e-11 0.0187085)
(4.21584e-11 9.67383e-13 0.1326)
(4.22052e-11 -4.91804e-11 0.190074)
(7.21519e-11 -4.05466e-11 0.218464)
(4.92457e-11 -2.27869e-10 0.218467)
(1.21378e-11 -1.35036e-10 0.190082)
(-2.5793e-10 -4.17733e-10 0.132613)
(4.92047e-11 -2.41826e-12 0.126432)
(4.48796e-11 -6.2773e-11 0.181303)
(6.24859e-11 -5.11645e-11 0.208883)
(3.77351e-11 -2.50196e-10 0.208885)
(-2.3364e-11 -1.44476e-10 0.181311)
(-2.58822e-10 -4.12452e-10 0.126445)
(5.2403e-11 -3.60384e-12 0.118421)
(4.37678e-11 -7.14412e-11 0.169957)
(4.94772e-11 -5.8721e-11 0.196356)
(2.45811e-11 -2.62149e-10 0.196359)
(-4.37493e-11 -1.47956e-10 0.169965)
(-2.28603e-10 -3.8765e-10 0.118434)
(5.71198e-11 -1.95106e-12 0.107922)
(4.35117e-11 -7.25381e-11 0.155168)
(3.86668e-11 -5.95854e-11 0.179855)
(9.656e-12 -2.56834e-10 0.179857)
(-8.70505e-11 -1.38647e-10 0.155175)
(-2.01547e-10 -3.38684e-10 0.107934)
(5.70281e-11 1.50029e-12 0.0940603)
(3.9862e-11 -6.56853e-11 0.135716)
(2.84247e-11 -5.12751e-11 0.157922)
(-1.11549e-12 -2.28385e-10 0.157924)
(-1.20895e-10 -1.14859e-10 0.135723)
(-1.77951e-10 -2.66291e-10 0.0940706)
(4.71724e-11 4.23679e-12 0.0756612)
(2.73524e-11 -5.15767e-11 0.109878)
(1.86084e-11 -3.36079e-11 0.128472)
(2.25527e-12 -1.77739e-10 0.128474)
(-9.31795e-11 -7.91667e-11 0.109883)
(-1.38071e-10 -1.82473e-10 0.0756693)
(1.81945e-11 1.41583e-12 0.0511899)
(4.10254e-12 -3.48239e-11 0.0752016)
(6.16952e-12 -1.36951e-11 0.0884768)
(2.07838e-11 -1.18381e-10 0.0884778)
(3.36573e-12 -5.04087e-11 0.0752048)
(-5.35031e-11 -1.07014e-10 0.0511952)
(-7.45617e-12 -1.22151e-12 0.0187067)
(-6.8117e-12 -1.66896e-11 0.0281857)
(-3.96354e-12 -2.38429e-12 0.0334953)
(1.585e-11 -5.98556e-11 0.0334956)
(4.88579e-11 -1.66993e-11 0.0281868)
(-2.54909e-12 -2.42327e-11 0.0187085)
(7.72316e-11 -2.37913e-11 0.1326)
(8.5276e-11 1.03675e-10 0.190074)
(1.18581e-10 1.63298e-11 0.218464)
(1.20183e-10 -2.7073e-11 0.218467)
(1.53561e-11 -2.02172e-10 0.190082)
(-9.84665e-11 -1.22094e-10 0.132613)
(7.21168e-11 -2.72987e-11 0.126432)
(7.56527e-11 1.01432e-10 0.181303)
(1.07058e-10 8.61811e-12 0.208883)
(1.03004e-10 -3.60655e-11 0.208885)
(5.87247e-12 -2.18571e-10 0.181311)
(-1.00836e-10 -1.3169e-10 0.126445)
(7.62133e-11 -2.92644e-11 0.118421)
(6.32596e-11 9.66275e-11 0.169957)
(9.06921e-11 1.39761e-12 0.196356)
(8.37681e-11 -4.50549e-11 0.196359)
(-1.07414e-12 -2.3107e-10 0.169965)
(-8.10905e-11 -1.38199e-10 0.118434)
(6.34848e-11 -3.10698e-11 0.107922)
(4.42874e-11 8.84833e-11 0.155168)
(7.28936e-11 -4.74978e-12 0.179855)
(6.2491e-11 -5.04175e-11 0.179857)
(-1.92042e-11 -2.33223e-10 0.155175)
(-9.77742e-11 -1.34309e-10 0.107934)
(3.99693e-11 -3.24953e-11 0.0940603)
(2.33213e-11 7.64271e-11 0.135716)
(5.33538e-11 -9.10953e-12 0.157922)
(4.07471e-11 -4.72878e-11 0.157924)
(-4.15847e-11 -2.16931e-10 0.135723)
(-1.20128e-10 -1.20401e-10 0.0940706)
(1.8908e-11 -2.97437e-11 0.0756612)
(7.76349e-12 6.10117e-11 0.109878)
(3.36722e-11 -1.07375e-11 0.128472)
(2.26663e-11 -3.29428e-11 0.128474)
(-4.1251e-11 -1.84659e-10 0.109883)
(-1.13471e-10 -1.01298e-10 0.0756693)
(1.35382e-11 -1.79972e-11 0.0511899)
(1.83282e-12 4.38346e-11 0.0752016)
(1.4908e-11 -9.43755e-12 0.0884768)
(1.36745e-11 -1.52414e-11 0.0884778)
(-6.34037e-12 -1.35039e-10 0.0752048)
(-7.12105e-11 -7.64698e-11 0.0511952)
(1.04967e-11 -3.64174e-12 0.0187067)
(-1.92757e-12 2.29563e-11 0.0281857)
(-1.32778e-13 -5.64547e-12 0.0334953)
(2.87574e-12 -2.5365e-12 0.0334956)
(5.98512e-12 -6.14801e-11 0.0281868)
(-6.26575e-12 -3.51628e-11 0.0187085)
(7.87656e-11 3.22385e-12 0.1326)
(9.93534e-11 4.60811e-11 0.190074)
(9.46544e-11 6.71413e-11 0.218464)
(6.28848e-11 -4.52653e-12 0.218467)
(-5.79778e-11 -1.97333e-11 0.190082)
(-2.34772e-10 -2.93956e-11 0.132613)
(8.18951e-11 5.64492e-13 0.126432)
(9.67294e-11 3.49777e-11 0.181303)
(8.61297e-11 5.45194e-11 0.208883)
(5.05112e-11 -2.54845e-11 0.208885)
(-8.47177e-11 -2.95329e-11 0.181311)
(-2.28276e-10 -1.71681e-11 0.126445)
(8.57729e-11 -1.38035e-12 0.118421)
(8.58297e-11 2.3762e-11 0.169957)
(7.14517e-11 3.96971e-11 0.196356)
(3.73544e-11 -4.84037e-11 0.196359)
(-9.17853e-11 -4.14953e-11 0.169965)
(-1.76388e-10 -6.18033e-12 0.118434)
(8.25924e-11 -3.29656e-12 0.107922)
(7.41176e-11 1.32454e-11 0.155168)
(5.8265e-11 2.4303e-11 0.179855)
(2.10216e-11 -6.73447e-11 0.179857)
(-1.28446e-10 -4.90013e-11 0.155175)
(-1.58364e-10 7.12839e-12 0.107934)
(7.1579e-11 -5.50448e-12 0.0940603)
(5.79577e-11 3.14742e-12 0.135716)
(4.53524e-11 1.01052e-11 0.157922)
(7.53698e-12 -7.55243e-11 0.157924)
(-1.57317e-10 -4.91165e-11 0.135723)
(-1.53732e-10 2.02474e-11 0.0940706)
(5.33051e-11 -7.55294e-12 0.0756611)
(3.76889e-11 -6.06414e-12 0.109878)
(3.21036e-11 -1.23796e-12 0.128472)
(8.7479e-12 -7.13562e-11 0.128474)
(-1.13002e-10 -4.6454e-11 0.109883)
(-1.21457e-10 1.96328e-11 0.0756693)
(2.71898e-11 -8.9299e-12 0.0511899)
(1.41033e-11 -1.30502e-11 0.0752016)
(1.65004e-11 -1.07363e-11 0.0884768)
(2.66755e-11 -6.67797e-11 0.0884778)
(1.23527e-11 -5.55444e-11 0.0752048)
(-2.3371e-11 -7.03458e-12 0.0511952)
(1.65466e-12 -5.87829e-12 0.0187067)
(-2.2363e-12 -1.23129e-11 0.0281857)
(4.01609e-15 -1.54246e-11 0.0334953)
(1.72343e-11 -5.75786e-11 0.0334956)
(6.01649e-11 -4.65832e-11 0.0281868)
(3.10172e-11 -1.11186e-11 0.0187085)
(6.37693e-11 -2.08535e-11 0.1326)
(9.70355e-11 -3.57216e-11 0.190074)
(7.24875e-11 -7.23105e-11 0.218464)
(1.51629e-11 -1.74521e-10 0.218467)
(-8.57276e-11 -2.61457e-10 0.190082)
(-1.6802e-10 -2.56118e-10 0.132613)
(6.35709e-11 -1.97299e-11 0.126432)
(9.14036e-11 -4.13655e-11 0.181303)
(6.19164e-11 -8.32691e-11 0.208883)
(3.38442e-12 -1.89338e-10 0.208885)
(-9.31618e-11 -2.72855e-10 0.181311)
(-1.61309e-10 -2.57094e-10 0.126445)
(7.18205e-11 -1.87015e-11 0.118421)
(8.2383e-11 -4.62398e-11 0.169957)
(4.90058e-11 -9.31035e-11 0.196356)
(-9.14915e-12 -2.01226e-10 0.196359)
(-9.59368e-11 -2.78396e-10 0.169965)
(-1.39174e-10 -2.49818e-10 0.118434)
(6.89688e-11 -1.94265e-11 0.107922)
(6.90139e-11 -4.99101e-11 0.155168)
(3.69718e-11 -1.0054e-10 0.179855)
(-2.16941e-11 -2.06757e-10 0.179857)
(-1.06888e-10 -2.7327e-10 0.155175)
(-1.36028e-10 -2.2964e-10 0.107934)
(5.58751e-11 -2.18503e-11 0.0940603)
(5.23303e-11 -5.24301e-11 0.135716)
(2.65157e-11 -1.03857e-10 0.157922)
(-2.96271e-11 -2.01498e-10 0.157924)
(-1.17748e-10 -2.52344e-10 0.135723)
(-1.33046e-10 -1.97436e-10 0.0940706)
(4.03551e-11 -2.31291e-11 0.0756611)
(3.64642e-11 -5.16712e-11 0.109878)
(1.88954e-11 -9.95192e-11 0.128472)
(-2.80999e-11 -1.79746e-10 0.128474)
(-1.05143e-10 -2.16247e-10 0.109883)
(-1.12064e-10 -1.56559e-10 0.0756693)
(2.42608e-11 -2.00866e-11 0.0511899)
(2.19084e-11 -4.35448e-11 0.0752016)
(1.11136e-11 -8.17482e-11 0.0884768)
(-1.48446e-11 -1.37864e-10 0.0884778)
(-5.70339e-11 -1.60497e-10 0.0752048)
(-7.37363e-11 -1.05604e-10 0.0511952)
(7.06591e-12 -9.34669e-12 0.0187067)
(5.61799e-12 -2.03512e-11 0.0281857)
(1.71268e-12 -3.92674e-11 0.0334953)
(-4.87177e-12 -6.28724e-11 0.0334956)
(-1.228e-11 -6.82001e-11 0.0281868)
(-2.17041e-11 -3.87777e-11 0.0187085)
(3.70373e-11 -6.42503e-11 0.1326)
(7.93185e-11 -1.21213e-10 0.190074)
(5.12604e-11 -1.28221e-10 0.218464)
(-3.08556e-11 -2.38189e-10 0.218467)
(-1.37309e-10 -1.77632e-10 0.190082)
(-2.38502e-10 -1.36763e-10 0.132613)
(4.23547e-11 -6.00376e-11 0.126432)
(7.9427e-11 -1.28063e-10 0.181303)
(4.27872e-11 -1.37676e-10 0.208883)
(-3.85897e-11 -2.52056e-10 0.208885)
(-1.50995e-10 -1.75428e-10 0.181311)
(-2.26137e-10 -1.21235e-10 0.126445)
(5.2604e-11 -5.32428e-11 0.118421)
(7.50903e-11 -1.29995e-10 0.169957)
(3.28439e-11 -1.44383e-10 0.196356)
(-4.49958e-11 -2.60448e-10 0.196359)
(-1.47492e-10 -1.72049e-10 0.169965)
(-1.8478e-10 -1.04901e-10 0.118434)
(5.67039e-11 -4.4869e-11 0.107922)
(6.97302e-11 -1.25094e-10 0.155168)
(2.60503e-11 -1.45298e-10 0.179855)
(-4.95666e-11 -2.58113e-10 0.179857)
(-1.63405e-10 -1.62784e-10 0.155175)
(-1.62355e-10 -8.52855e-11 0.107934)
(5.18077e-11 -3.60429e-11 0.0940603)
(6.0385e-11 -1.13281e-10 0.135716)
(2.22781e-11 -1.37635e-10 0.157922)
(-4.7727e-11 -2.38616e-10 0.157924)
(-1.74388e-10 -1.44477e-10 0.135723)
(-1.42996e-10 -6.4014e-11 0.0940706)
(4.13169e-11 -2.69608e-11 0.0756611)
(4.73541e-11 -9.35303e-11 0.109878)
(1.94857e-11 -1.1806e-10 0.128472)
(-3.03405e-11 -1.98602e-10 0.128474)
(-1.31432e-10 -1.21913e-10 0.109883)
(-1.00498e-10 -4.87259e-11 0.0756693)
(2.25846e-11 -1.84602e-11 0.0511899)
(2.77788e-11 -6.58085e-11 0.0752016)
(1.33469e-11 -8.57181e-11 0.0884768)
(2.07978e-12 -1.44775e-10 0.0884778)
(-2.26721e-11 -1.00438e-10 0.0752048)
(-3.1872e-11 -4.06012e-11 0.0511952)
(2.84268e-12 -7.09036e-12 0.0187067)
(6.12043e-12 -2.65642e-11 0.0281857)
(2.97235e-12 -3.71528e-11 0.0334953)
(1.07503e-11 -7.28115e-11 0.0334956)
(3.33139e-11 -5.13091e-11 0.0281868)
(8.52024e-12 -1.55516e-11 0.0187085)
(3.81924e-11 7.60906e-11 0.1326)
(1.11925e-10 -2.49382e-11 0.190074)
(9.92617e-11 -1.17959e-10 0.218464)
(2.62967e-11 -2.33159e-10 0.218467)
(-4.94889e-11 -2.27474e-10 0.190082)
(-1.12383e-10 -1.87957e-10 0.132613)
(3.54761e-11 8.16796e-11 0.126432)
(1.03802e-10 -2.13812e-11 0.181303)
(8.66005e-11 -1.18246e-10 0.208883)
(1.63625e-11 -2.36195e-10 0.208885)
(-5.91444e-11 -2.22649e-10 0.181311)
(-1.06351e-10 -1.78342e-10 0.126445)
(3.87002e-11 8.23829e-11 0.118421)
(8.88912e-11 -1.86667e-11 0.169957)
(6.85718e-11 -1.16578e-10 0.196356)
(3.43408e-12 -2.34589e-10 0.196359)
(-6.40417e-11 -2.14603e-10 0.169965)
(-8.48553e-11 -1.63465e-10 0.118434)
(3.17267e-11 7.56968e-11 0.107922)
(6.93115e-11 -1.7046e-11 0.155168)
(5.00904e-11 -1.11752e-10 0.179855)
(-9.73092e-12 -2.2479e-10 0.179857)
(-8.03052e-11 -1.99758e-10 0.155175)
(-7.93301e-11 -1.40626e-10 0.107934)
(1.75398e-11 6.16024e-11 0.0940603)
(4.60499e-11 -1.69079e-11 0.135716)
(3.23914e-11 -1.02034e-10 0.157922)
(-1.92167e-11 -2.02639e-10 0.157924)
(-9.31396e-11 -1.75776e-10 0.135723)
(-7.88874e-11 -1.10737e-10 0.0940706)
(3.99559e-12 4.27834e-11 0.0756611)
(2.5626e-11 -1.7013e-11 0.109878)
(1.85034e-11 -8.51219e-11 0.128472)
(-1.83426e-11 -1.65332e-10 0.128474)
(-7.86428e-11 -1.42738e-10 0.109883)
(-6.73191e-11 -7.91701e-11 0.0756693)
(-4.13795e-12 2.2863e-11 0.0511899)
(1.02885e-11 -1.48942e-11 0.0752016)
(7.04019e-12 -5.96329e-11 0.0884768)
(-6.32343e-12 -1.14521e-10 0.0884778)
(-2.87567e-11 -1.03001e-10 0.0752048)
(-3.31299e-11 -5.15577e-11 0.0511952)
(-4.66756e-12 5.31461e-12 0.0187067)
(-3.55905e-13 -7.42488e-12 0.0281857)
(-1.87784e-12 -2.32761e-11 0.0334953)
(-1.42516e-12 -4.84362e-11 0.0334956)
(4.75438e-12 -4.37242e-11 0.0281868)
(-3.29496e-12 -1.70496e-11 0.0187085)
(-3.21301e-11 -5.27805e-11 0.1326)
(-6.14774e-12 -2.08867e-11 0.190074)
(1.41708e-11 -6.54928e-11 0.218464)
(-4.61838e-11 -1.27683e-10 0.218467)
(-9.72468e-11 -2.56124e-11 0.190082)
(-1.4817e-10 2.70354e-11 0.132613)
(-2.30164e-11 -4.71644e-11 0.126432)
(4.32295e-13 -1.64814e-11 0.181303)
(1.17346e-11 -6.12852e-11 0.208883)
(-4.48388e-11 -1.26699e-10 0.208885)
(-1.00521e-10 -1.48612e-11 0.181311)
(-1.31993e-10 4.00679e-11 0.126445)
(-5.02654e-12 -3.70669e-11 0.118421)
(6.65702e-12 -1.14101e-11 0.169957)
(9.6206e-12 -5.66938e-11 0.196356)
(-4.06852e-11 -1.23641e-10 0.196359)
(-8.68496e-11 -7.31493e-12 0.169965)
(-9.35221e-11 4.86354e-11 0.118434)
(4.04062e-12 -2.43811e-11 0.107922)
(1.0164e-11 -5.97144e-12 0.155168)
(9.47842e-12 -5.10141e-11 0.179855)
(-3.58777e-11 -1.15695e-10 0.179857)
(-9.14095e-11 -1.99905e-13 0.155175)
(-7.76377e-11 5.46572e-11 0.107934)
(4.77011e-12 -1.17487e-11 0.0940603)
(1.08328e-11 -1.02828e-12 0.135716)
(1.00203e-11 -4.33875e-11 0.157922)
(-2.67602e-11 -9.89117e-11 0.157924)
(-9.94657e-11 9.06191e-12 0.135723)
(-6.15477e-11 5.45142e-11 0.0940706)
(2.68126e-12 -9.33101e-13 0.0756611)
(1.14262e-11 2.76449e-12 0.109878)
(1.16107e-11 -3.30565e-11 0.128472)
(-7.48492e-12 -7.26272e-11 0.128474)
(-6.68011e-11 9.43292e-12 0.109883)
(-2.38733e-11 4.17477e-11 0.0756693)
(1.6125e-13 5.18202e-12 0.0511899)
(7.64522e-12 3.7397e-12 0.0752016)
(1.01031e-11 -2.19414e-11 0.0884768)
(1.9254e-11 -4.87281e-11 0.0884778)
(1.61821e-11 -4.21338e-12 0.0752048)
(1.46419e-11 2.10214e-11 0.0511952)
(-1.57218e-12 4.70158e-12 0.0187067)
(5.57705e-13 2.00385e-12 0.0281857)
(2.24223e-12 -1.10941e-11 0.0334953)
(1.63567e-11 -2.93782e-11 0.0334956)
(4.16938e-11 -1.04763e-11 0.0281868)
(2.06601e-11 7.06541e-12 0.0187085)
(7.99199e-12 7.70034e-11 0.1326)
(2.64092e-11 6.67206e-11 0.190074)
(5.07796e-11 3.395e-11 0.218464)
(1.34458e-11 -1.22753e-10 0.218467)
(-7.3986e-12 -3.28437e-11 0.190082)
(-9.94992e-11 -1.1321e-10 0.132613)
(5.79437e-12 7.70594e-11 0.126432)
(1.7276e-11 6.59183e-11 0.181303)
(3.47161e-11 3.83618e-11 0.208883)
(2.03893e-12 -1.24303e-10 0.208885)
(-3.08946e-11 -2.44342e-11 0.181311)
(-9.79704e-11 -1.00513e-10 0.126445)
(1.07459e-11 7.45464e-11 0.118421)
(8.89127e-12 6.49547e-11 0.169957)
(1.97788e-11 4.04672e-11 0.196356)
(-7.3416e-12 -1.2392e-10 0.196359)
(-4.09439e-11 -1.92414e-11 0.169965)
(-7.28138e-11 -8.22162e-11 0.118434)
(8.76957e-12 6.81118e-11 0.107922)
(-4.71734e-14 6.37793e-11 0.155168)
(8.59672e-12 4.05412e-11 0.179855)
(-1.37856e-11 -1.19022e-10 0.179857)
(-6.58715e-11 -1.44113e-11 0.155175)
(-6.14169e-11 -5.74021e-11 0.107934)
(1.02658e-13 5.74242e-11 0.0940603)
(-8.97443e-12 6.02649e-11 0.135716)
(-6.65484e-14 3.88838e-11 0.157922)
(-1.73007e-11 -1.06738e-10 0.157924)
(-8.43754e-11 -1.08032e-11 0.135723)
(-5.81314e-11 -2.82345e-11 0.0940706)
(-8.94606e-12 4.32851e-11 0.0756611)
(-1.68316e-11 5.26263e-11 0.109878)
(-7.4011e-12 3.48503e-11 0.128472)
(-1.30785e-11 -8.72377e-11 0.128474)
(-6.47152e-11 -7.02152e-12 0.109883)
(-5.03917e-11 -4.36801e-12 0.0756693)
(-1.30669e-11 2.72711e-11 0.0511899)
(-1.83576e-11 3.83634e-11 0.0752016)
(-1.0203e-11 2.61439e-11 0.0884768)
(1.40466e-12 -6.547e-11 0.0884778)
(-2.78074e-12 -1.47005e-11 0.0752048)
(-2.56885e-12 -2.61936e-12 0.0511952)
(-8.04291e-12 9.49638e-12 0.0187067)
(-1.01736e-11 1.61097e-11 0.0281857)
(-7.76754e-12 9.98238e-12 0.0334953)
(3.36812e-12 -4.15066e-11 0.0334956)
(2.80024e-11 -1.84096e-11 0.0281868)
(1.56583e-11 5.04999e-13 0.0187085)
(-3.45292e-11 -3.04653e-11 0.1326)
(-4.77995e-11 -8.42573e-11 0.190074)
(-6.91762e-11 -4.28219e-11 0.218464)
(-9.4626e-11 3.76471e-11 0.218467)
(-5.82468e-11 1.66687e-10 0.190082)
(-1.27087e-10 7.66815e-13 0.132613)
(-2.72152e-11 -2.11991e-11 0.126432)
(-4.06496e-11 -8.12143e-11 0.181303)
(-7.12203e-11 -4.17814e-11 0.208883)
(-9.4532e-11 3.83361e-11 0.208885)
(-6.22143e-11 1.68969e-10 0.181311)
(-1.14784e-10 -5.73125e-13 0.126445)
(-1.42978e-11 -1.19499e-11 0.118421)
(-4.12696e-11 -7.45235e-11 0.169957)
(-7.74409e-11 -3.83481e-11 0.196356)
(-9.63867e-11 3.45289e-11 0.196359)
(-5.93034e-11 1.63345e-10 0.169965)
(-8.90831e-11 1.34486e-12 0.118434)
(-1.1247e-11 -5.04006e-12 0.107922)
(-4.28598e-11 -6.40684e-11 0.155168)
(-7.85813e-11 -3.224e-11 0.179855)
(-9.56358e-11 2.76247e-11 0.179857)
(-7.56774e-11 1.53055e-10 0.155175)
(-9.45788e-11 1.05555e-11 0.107934)
(-1.43024e-11 -1.15584e-12 0.0940603)
(-4.09847e-11 -5.0706e-11 0.135716)
(-7.00157e-11 -2.36592e-11 0.157922)
(-8.3486e-11 2.14264e-11 0.157924)
(-9.86294e-11 1.41903e-10 0.135723)
(-8.63929e-11 1.8366e-11 0.0940706)
(-1.44715e-11 1.1983e-12 0.0756611)
(-2.93005e-11 -3.45634e-11 0.109878)
(-5.12524e-11 -1.36281e-11 0.128472)
(-5.40567e-11 1.80914e-11 0.128474)
(-7.44791e-11 1.11007e-10 0.109883)
(-3.75343e-11 1.44168e-11 0.0756693)
(-9.05611e-12 3.08704e-12 0.0511899)
(-1.1878e-11 -1.80439e-11 0.0752016)
(-2.38845e-11 -5.30039e-12 0.0884768)
(-8.64996e-12 5.09442e-12 0.0884778)
(1.50103e-11 5.79109e-11 0.0752048)
(-6.18067e-13 9.30198e-12 0.0511952)
(-1.45387e-12 2.58849e-12 0.0187067)
(1.25128e-12 -4.51297e-12 0.0281857)
(-3.05968e-12 -3.56889e-12 0.0334953)
(1.18137e-11 -1.43151e-11 0.0334956)
(4.49899e-11 1.02262e-11 0.0281868)
(1.42663e-11 5.60371e-12 0.0187085)
(5.66869e-10 3.21379e-10 0.1326)
(7.37831e-10 8.88002e-10 0.190074)
(8.57601e-10 4.31892e-10 0.218464)
(8.41999e-10 -4.46825e-10 0.218467)
(7.1564e-10 -8.68374e-10 0.190082)
(3.57249e-10 -5.05951e-10 0.132613)
(5.34977e-10 2.65236e-10 0.126432)
(6.87438e-10 8.48949e-10 0.181303)
(7.93272e-10 4.22114e-10 0.208883)
(7.80357e-10 -4.57099e-10 0.208885)
(6.37089e-10 -8.45257e-10 0.181311)
(3.20815e-10 -4.4388e-10 0.126445)
(4.96936e-10 2.12139e-10 0.118421)
(6.13091e-10 7.79755e-10 0.169957)
(6.96809e-10 3.94561e-10 0.196356)
(6.87097e-10 -4.50508e-10 0.196359)
(5.4913e-10 -7.91187e-10 0.169965)
(3.09101e-10 -3.73121e-10 0.118434)
(4.40021e-10 1.61946e-10 0.107922)
(5.19015e-10 6.73016e-10 0.155168)
(5.83608e-10 3.43769e-10 0.179855)
(5.74027e-10 -4.15581e-10 0.179857)
(4.19537e-10 -6.91764e-10 0.155175)
(2.718e-10 -2.92005e-10 0.107934)
(3.58069e-10 1.10327e-10 0.0940603)
(4.02744e-10 5.23041e-10 0.135716)
(4.4645e-10 2.65901e-10 0.157922)
(4.37685e-10 -3.44098e-10 0.157924)
(2.84078e-10 -5.45519e-10 0.135723)
(2.0278e-10 -1.96706e-10 0.0940706)
(2.54842e-10 5.51647e-11 0.0756611)
(2.66058e-10 3.31769e-10 0.109878)
(2.85944e-10 1.61511e-10 0.128472)
(2.82394e-10 -2.36816e-10 0.128474)
(1.82919e-10 -3.47012e-10 0.109883)
(1.16048e-10 -9.74474e-11 0.0756693)
(1.36509e-10 1.36308e-12 0.0511899)
(1.2929e-10 1.25303e-10 0.0752016)
(1.22356e-10 4.57907e-11 0.0884768)
(1.3404e-10 -1.13752e-10 0.0884778)
(1.32582e-10 -1.47195e-10 0.0752048)
(1.01917e-10 -3.38421e-11 0.0511952)
(2.53743e-11 -2.72337e-11 0.0187067)
(1.25936e-11 -2.94596e-11 0.0281857)
(-3.79476e-12 -3.61706e-11 0.0334953)
(6.99044e-12 -1.89074e-11 0.0334956)
(5.9099e-11 2.63072e-12 0.0281868)
(4.59459e-11 1.56331e-11 0.0187085)
(-1.90533e-09 -1.07754e-08 0.1326)
(-2.71786e-09 -1.23274e-08 0.190074)
(-3.77044e-09 -4.91828e-09 0.218464)
(-3.82253e-09 4.61393e-09 0.218467)
(-2.8179e-09 1.22153e-08 0.190082)
(-2.08546e-09 1.09306e-08 0.132613)
(-1.30141e-09 -1.06881e-08 0.126432)
(-2.0039e-09 -1.26196e-08 0.181303)
(-3.18886e-09 -5.09539e-09 0.208883)
(-3.24169e-09 4.78648e-09 0.208885)
(-2.10147e-09 1.25169e-08 0.181311)
(-1.46284e-09 1.08553e-08 0.126445)
(-5.45008e-10 -1.01937e-08 0.118421)
(-1.171e-09 -1.24989e-08 0.169957)
(-2.54214e-09 -5.131e-09 0.196356)
(-2.59592e-09 4.816e-09 0.196359)
(-1.26074e-09 1.23975e-08 0.169965)
(-6.91727e-10 1.03571e-08 0.118434)
(2.68254e-10 -9.22652e-09 0.107922)
(-2.03098e-10 -1.18581e-08 0.155168)
(-1.78447e-09 -4.98154e-09 0.179855)
(-1.83736e-09 4.6611e-09 0.179857)
(-2.95322e-10 1.17532e-08 0.155175)
(1.09483e-10 9.37088e-09 0.107934)
(1.06068e-09 -7.78471e-09 0.0940602)
(8.15665e-10 -1.06283e-08 0.135716)
(-9.46508e-10 -4.60561e-09 0.157922)
(-9.95819e-10 4.28906e-09 0.157924)
(6.98959e-10 1.05246e-08 0.135723)
(9.30738e-10 7.88652e-09 0.0940706)
(1.67979e-09 -5.89383e-09 0.0756611)
(1.67531e-09 -8.71572e-09 0.109878)
(-1.68644e-10 -3.93294e-09 0.128472)
(-2.11499e-10 3.6443e-09 0.128474)
(1.56029e-09 8.59826e-09 0.109883)
(1.63425e-09 5.93228e-09 0.0756693)
(1.80079e-09 -3.64997e-09 0.0511899)
(1.9371e-09 -5.9952e-09 0.0752016)
(2.95179e-10 -2.83985e-09 0.0884767)
(2.68655e-10 2.60761e-09 0.0884778)
(1.88861e-09 5.8703e-09 0.0752048)
(1.77947e-09 3.65234e-09 0.0511952)
(9.54984e-10 -1.20043e-09 0.0187067)
(1.0273e-09 -2.2885e-09 0.0281857)
(2.34897e-10 -1.14223e-09 0.0334953)
(2.26605e-10 1.02837e-09 0.0334956)
(1.02254e-09 2.21476e-09 0.0281868)
(9.5215e-10 1.19095e-09 0.0187085)
(-3.46411e-09 -1.13437e-08 0.1326)
(-3.68949e-09 -1.37427e-08 0.190074)
(-4.10775e-09 -5.67136e-09 0.218464)
(-4.11875e-09 5.44182e-09 0.218467)
(-3.72436e-09 1.35632e-08 0.190082)
(-3.00737e-09 1.17706e-08 0.132613)
(-2.81705e-09 -1.11232e-08 0.126432)
(-2.98914e-09 -1.392e-08 0.181303)
(-3.49982e-09 -5.79678e-09 0.208883)
(-3.51914e-09 5.64896e-09 0.208885)
(-2.93832e-09 1.37971e-08 0.181311)
(-2.35504e-09 1.15367e-08 0.126446)
(-2.01476e-09 -1.04609e-08 0.118421)
(-2.08998e-09 -1.35804e-08 0.169957)
(-2.71425e-09 -5.71722e-09 0.196356)
(-2.74208e-09 5.65167e-09 0.196359)
(-2.01295e-09 1.35066e-08 0.169965)
(-1.61427e-09 1.08229e-08 0.118434)
(-1.0764e-09 -9.28584e-09 0.107923)
(-1.05183e-09 -1.25767e-08 0.155168)
(-1.82825e-09 -5.36412e-09 0.179855)
(-1.85685e-09 5.36449e-09 0.179857)
(-8.68073e-10 1.25157e-08 0.155175)
(-6.56321e-10 9.54928e-09 0.107934)
(-1.09163e-10 -7.61283e-09 0.0940605)
(2.2076e-11 -1.08278e-08 0.135717)
(-8.96011e-10 -4.68859e-09 0.157922)
(-9.21724e-10 4.72284e-09 0.157924)
(3.08762e-10 1.07452e-08 0.135723)
(2.86715e-10 7.75878e-09 0.0940708)
(7.12197e-10 -5.51492e-09 0.0756613)
(9.04073e-10 -8.2995e-09 0.109878)
(-1.00807e-10 -3.6503e-09 0.128472)
(-1.31727e-10 3.68565e-09 0.128474)
(1.12116e-09 8.19585e-09 0.109883)
(9.85447e-10 5.56959e-09 0.0756695)
(1.06748e-09 -3.18465e-09 0.05119)
(1.21008e-09 -5.09387e-09 0.0752016)
(3.0308e-10 -2.2594e-09 0.0884767)
(2.497e-10 2.30901e-09 0.0884777)
(1.14072e-09 5.04014e-09 0.0752048)
(1.09518e-09 3.21568e-09 0.0511953)
(6.36909e-10 -8.8215e-10 0.0187068)
(6.29909e-10 -1.51471e-09 0.0281857)
(1.74419e-10 -6.45508e-10 0.0334953)
(1.36353e-10 7.39803e-10 0.0334956)
(4.57696e-10 1.53368e-09 0.0281868)
(5.58645e-10 8.80729e-10 0.0187085)
)
;

boundaryField
{
    inlet
    {
        type            flowRateInletVelocity;
        massFlowRate    
        {
            type            constant;
            value           3.5e-05;
        }
        value           uniform (-0 -0 0.180848);
    }
    outlet
    {
        type            pressureInletOutletVelocity;
        value           nonuniform List<vector> 
228
(
(-9.79234e-09 -9.72403e-09 0.176716)
(-7.43166e-09 -1.12336e-08 0.236203)
(-6.70835e-09 -4.784e-09 0.265872)
(-6.7346e-09 4.09138e-09 0.265874)
(-8.18683e-09 1.0704e-08 0.236211)
(-1.00711e-08 1.01212e-08 0.176729)
(-1.08762e-08 -7.82354e-09 0.236203)
(-7.56313e-09 -7.83747e-09 0.294686)
(-6.1297e-09 -3.30007e-09 0.324023)
(-6.11344e-09 2.82689e-09 0.324026)
(-7.58416e-09 7.39566e-09 0.294693)
(-1.06802e-08 7.47223e-09 0.236215)
(-4.13412e-09 -6.858e-09 0.265872)
(-2.93725e-09 -6.35145e-09 0.324023)
(-2.40181e-09 -2.68393e-09 0.353193)
(-2.43745e-09 2.20369e-09 0.353195)
(-3.06944e-09 5.93248e-09 0.32403)
(-4.15024e-09 6.33006e-09 0.265883)
(4.79989e-09 -6.9091e-09 0.265874)
(3.16018e-09 -6.38281e-09 0.324026)
(2.45855e-09 -2.6412e-09 0.353195)
(2.43955e-09 2.2686e-09 0.353197)
(3.0894e-09 6.12015e-09 0.324033)
(4.89278e-09 6.56218e-09 0.265885)
(1.16844e-08 -7.6223e-09 0.236211)
(7.89329e-09 -7.8353e-09 0.294693)
(6.24951e-09 -3.20897e-09 0.32403)
(6.24573e-09 2.97795e-09 0.324033)
(7.88525e-09 7.79569e-09 0.294701)
(1.18753e-08 7.25076e-09 0.236223)
(9.90798e-09 -9.63335e-09 0.176729)
(7.3228e-09 -1.1318e-08 0.236215)
(6.41038e-09 -4.57854e-09 0.265883)
(6.5754e-09 4.64708e-09 0.265885)
(7.38009e-09 1.18134e-08 0.236223)
(9.51146e-09 9.92438e-09 0.176742)
(-1.10736e-08 -3.53739e-09 0.1326)
(-1.32095e-08 -3.70957e-09 0.190074)
(-5.00214e-09 -4.1005e-09 0.218464)
(5.97108e-09 -4.1665e-09 0.218467)
(1.45568e-08 -3.72969e-09 0.190082)
(1.21202e-08 -3.35244e-09 0.132613)
(-1.08294e-08 -2.91432e-09 0.126432)
(-1.33721e-08 -2.97246e-09 0.181303)
(-5.1354e-09 -3.48387e-09 0.208883)
(6.14063e-09 -3.53786e-09 0.208885)
(1.47736e-08 -3.00219e-09 0.181311)
(1.19329e-08 -2.69752e-09 0.126446)
(-1.01515e-08 -2.1313e-09 0.118421)
(-1.30308e-08 -2.08447e-09 0.169957)
(-5.08544e-09 -2.70424e-09 0.196356)
(6.08348e-09 -2.73674e-09 0.196359)
(1.44298e-08 -2.07408e-09 0.169965)
(1.1264e-08 -1.86081e-09 0.118434)
(-8.9761e-09 -1.20953e-09 0.107922)
(-1.20425e-08 -1.02777e-09 0.155168)
(-4.7848e-09 -1.81298e-09 0.179855)
(5.72256e-09 -1.8315e-09 0.179857)
(1.3367e-08 -1.00118e-09 0.155175)
(1.00354e-08 -9.00203e-10 0.107934)
(-7.32569e-09 -2.55729e-10 0.0940604)
(-1.03346e-08 6.01077e-11 0.135716)
(-4.1824e-09 -8.85747e-10 0.157922)
(5.00249e-09 -8.84308e-10 0.157924)
(1.15032e-08 1.01827e-10 0.135723)
(8.26072e-09 7.7919e-11 0.0940708)
(-5.27951e-09 5.54963e-10 0.0756613)
(-7.89515e-09 8.9435e-10 0.109878)
(-3.24596e-09 -1.10045e-10 0.128472)
(3.88357e-09 -7.68388e-11 0.128474)
(8.8087e-09 9.87379e-10 0.109883)
(6.01111e-09 8.99603e-10 0.0756695)
(-3.0231e-09 9.35995e-10 0.05119)
(-4.83494e-09 1.10487e-09 0.0752016)
(-2.00616e-09 2.58631e-10 0.0884767)
(2.38536e-09 3.27246e-10 0.0884777)
(5.39581e-09 1.26733e-09 0.0752048)
(3.48523e-09 1.23039e-09 0.0511953)
(-8.14296e-10 5.84219e-10 0.0187067)
(-1.42906e-09 5.32185e-10 0.0281857)
(-5.95114e-10 1.3323e-10 0.0334953)
(6.65707e-10 1.79245e-10 0.0334956)
(1.59066e-09 6.46571e-10 0.0281868)
(9.68041e-10 7.09947e-10 0.0187085)
(3.74365e-09 -1.10898e-08 0.132615)
(3.70665e-09 -1.37343e-08 0.190088)
(3.84638e-09 -5.37964e-09 0.218477)
(3.81545e-09 5.77029e-09 0.218479)
(3.48886e-09 1.43849e-08 0.190095)
(3.54697e-09 1.18501e-08 0.132628)
(3.11479e-09 -1.08568e-08 0.126447)
(3.03434e-09 -1.38953e-08 0.181317)
(3.27168e-09 -5.49898e-09 0.208895)
(3.20928e-09 5.93248e-09 0.208898)
(2.7946e-09 1.45578e-08 0.181324)
(2.93998e-09 1.16407e-08 0.12646)
(2.29657e-09 -1.01958e-08 0.118436)
(2.14305e-09 -1.35361e-08 0.169971)
(2.52344e-09 -5.42491e-09 0.196369)
(2.4486e-09 5.8734e-09 0.196371)
(1.92473e-09 1.4179e-08 0.169978)
(2.12983e-09 1.0967e-08 0.118449)
(1.35586e-09 -9.04331e-09 0.107936)
(1.11391e-09 -1.2516e-08 0.155181)
(1.67349e-09 -5.09344e-09 0.179866)
(1.57464e-09 5.51442e-09 0.179869)
(8.84761e-10 1.30962e-08 0.155188)
(1.18268e-09 9.7564e-09 0.107948)
(3.84836e-10 -7.41287e-09 0.0940723)
(4.91276e-11 -1.07613e-08 0.135728)
(7.87373e-10 -4.45938e-09 0.157932)
(6.79204e-10 4.80077e-09 0.157934)
(-1.85288e-10 1.12365e-08 0.135734)
(2.01819e-10 8.02246e-09 0.0940824)
(-4.77032e-10 -5.36713e-09 0.0756706)
(-8.63455e-10 -8.23654e-09 0.109887)
(3.57723e-11 -3.4792e-09 0.12848)
(-3.98748e-11 3.70112e-09 0.128482)
(-1.00881e-09 8.58248e-09 0.109892)
(-6.56453e-10 5.82942e-09 0.0756786)
(-9.44106e-10 -3.08172e-09 0.0511961)
(-1.23665e-09 -5.03932e-09 0.0752075)
(-3.41597e-10 -2.14771e-09 0.0884822)
(-3.355e-10 2.25692e-09 0.0884831)
(-1.21544e-09 5.24151e-09 0.0752105)
(-1.08582e-09 3.361e-09 0.0512012)
(-6.33031e-10 -8.39501e-10 0.0187088)
(-6.69325e-10 -1.4809e-09 0.0281877)
(-1.81126e-10 -5.92934e-10 0.0334971)
(-1.45282e-10 6.36378e-10 0.0334974)
(-5.91146e-10 1.52154e-09 0.0281887)
(-6.86935e-10 9.15104e-10 0.0187105)
(-1.12008e-08 3.51819e-09 0.132615)
(-1.0926e-08 2.89197e-09 0.126447)
(-1.02099e-08 2.14491e-09 0.118436)
(-8.98188e-09 1.2059e-09 0.107936)
(-7.27485e-09 2.15744e-10 0.0940722)
(-5.19381e-09 -6.01722e-10 0.0756705)
(-2.96453e-09 -9.18191e-10 0.051196)
(-8.09736e-10 -5.37001e-10 0.0187088)
(-1.31392e-08 3.44536e-09 0.190087)
(-1.3327e-08 2.73946e-09 0.181316)
(-1.30191e-08 1.88643e-09 0.169971)
(-1.20637e-08 8.54131e-10 0.155181)
(-1.03762e-08 -2.05823e-10 0.135728)
(-7.93765e-09 -9.99679e-10 0.109887)
(-4.86948e-09 -1.15232e-09 0.0752074)
(-1.45954e-09 -5.36743e-10 0.0281877)
(-5.04896e-09 3.73927e-09 0.218477)
(-5.18808e-09 3.17274e-09 0.208895)
(-5.14768e-09 2.4455e-09 0.196369)
(-4.85779e-09 1.60229e-09 0.179866)
(-4.26421e-09 7.31978e-10 0.157932)
(-3.32908e-09 2.32879e-11 0.12848)
(-2.078e-09 -2.82711e-10 0.0884821)
(-6.34501e-10 -1.28728e-10 0.0334971)
(6.00143e-09 3.91415e-09 0.218479)
(6.15878e-09 3.31069e-09 0.208898)
(6.0865e-09 2.54146e-09 0.196371)
(5.70857e-09 1.66956e-09 0.179869)
(4.97231e-09 7.63676e-10 0.157934)
(3.84067e-09 1.67301e-12 0.128482)
(2.33523e-09 -3.61257e-10 0.0884831)
(6.2659e-10 -1.85261e-10 0.0334974)
(1.47004e-08 3.5732e-09 0.190095)
(1.48996e-08 2.89735e-09 0.181324)
(1.45364e-08 2.00915e-09 0.169978)
(1.34541e-08 9.69215e-10 0.155188)
(1.15735e-08 -1.02032e-10 0.135734)
(8.86184e-09 -9.73564e-10 0.109892)
(5.42791e-09 -1.26364e-09 0.0752105)
(1.60168e-09 -6.57045e-10 0.0281887)
(1.17012e-08 3.54725e-09 0.132628)
(1.15168e-08 2.90934e-09 0.12646)
(1.08758e-08 2.09226e-09 0.118449)
(9.69974e-09 1.11893e-09 0.107948)
(7.99722e-09 1.06298e-10 0.0940824)
(5.83079e-09 -7.70462e-10 0.0756786)
(3.39093e-09 -1.15902e-09 0.0512013)
(9.50722e-10 -6.92818e-10 0.0187106)
(-3.46411e-09 -1.13437e-08 0.1326)
(-2.81705e-09 -1.11232e-08 0.126432)
(-2.01476e-09 -1.04609e-08 0.118421)
(-1.0764e-09 -9.28584e-09 0.107923)
(-1.09163e-10 -7.61283e-09 0.0940605)
(7.12197e-10 -5.51492e-09 0.0756613)
(1.06748e-09 -3.18465e-09 0.05119)
(6.36909e-10 -8.8215e-10 0.0187068)
(-3.68949e-09 -1.37427e-08 0.190074)
(-2.98914e-09 -1.392e-08 0.181303)
(-2.08998e-09 -1.35804e-08 0.169957)
(-1.05183e-09 -1.25767e-08 0.155168)
(2.2076e-11 -1.08278e-08 0.135717)
(9.04073e-10 -8.2995e-09 0.109878)
(1.21008e-09 -5.09387e-09 0.0752016)
(6.29909e-10 -1.51471e-09 0.0281857)
(-4.10775e-09 -5.67136e-09 0.218464)
(-3.49982e-09 -5.79678e-09 0.208883)
(-2.71425e-09 -5.71722e-09 0.196356)
(-1.82825e-09 -5.36412e-09 0.179855)
(-8.96011e-10 -4.68859e-09 0.157922)
(-1.00807e-10 -3.6503e-09 0.128472)
(3.0308e-10 -2.2594e-09 0.0884767)
(1.74419e-10 -6.45508e-10 0.0334953)
(-4.11875e-09 5.44182e-09 0.218467)
(-3.51914e-09 5.64896e-09 0.208885)
(-2.74208e-09 5.65167e-09 0.196359)
(-1.85685e-09 5.36449e-09 0.179857)
(-9.21724e-10 4.72284e-09 0.157924)
(-1.31727e-10 3.68565e-09 0.128474)
(2.497e-10 2.30901e-09 0.0884777)
(1.36353e-10 7.39803e-10 0.0334956)
(-3.72436e-09 1.35632e-08 0.190082)
(-2.93832e-09 1.37971e-08 0.181311)
(-2.01295e-09 1.35066e-08 0.169965)
(-8.68073e-10 1.25157e-08 0.155175)
(3.08762e-10 1.07452e-08 0.135723)
(1.12116e-09 8.19585e-09 0.109883)
(1.14072e-09 5.04014e-09 0.0752048)
(4.57696e-10 1.53368e-09 0.0281868)
(-3.00737e-09 1.17706e-08 0.132613)
(-2.35504e-09 1.15367e-08 0.126446)
(-1.61427e-09 1.08229e-08 0.118434)
(-6.56321e-10 9.54928e-09 0.107934)
(2.86715e-10 7.75878e-09 0.0940708)
(9.85447e-10 5.56959e-09 0.0756695)
(1.09518e-09 3.21568e-09 0.0511953)
(5.58645e-10 8.80729e-10 0.0187085)
)
;
    }
    wall
    {
        type            noSlip;
    }
}


// ************************************************************************* //
