/*--------------------------------*- C++ -*----------------------------------*\
  =========                 |
  \\      /  F ield         | OpenFOAM: The Open Source CFD Toolbox
   \\    /   O peration     | Website:  https://openfoam.org
    \\  /    A nd           | Version:  12
     \\/     M anipulation  |
\*---------------------------------------------------------------------------*/
FoamFile
{
    format      ascii;
    class       volScalarField;
    location    "200";
    object      T;
}
// * * * * * * * * * * * * * * * * * * * * * * * * * * * * * * * * * * * * * //

dimensions      [0 0 0 1 0 0 0];

internalField   nonuniform List<scalar> 
18240
(
298.252
298.164
298.148
298.148
298.164
298.252
298.164
298.151
298.15
298.15
298.151
298.164
298.148
298.15
298.15
298.15
298.15
298.148
298.148
298.15
298.15
298.15
298.15
298.148
298.164
298.151
298.15
298.15
298.151
298.164
298.252
298.164
298.148
298.148
298.164
298.252
298.597
298.225
298.162
298.162
298.225
298.597
298.225
298.15
298.147
298.147
298.15
298.225
298.162
298.147
298.15
298.15
298.147
298.162
298.162
298.147
298.15
298.15
298.147
298.162
298.225
298.15
298.147
298.147
298.15
298.225
298.597
298.225
298.162
298.162
298.225
298.597
299.238
298.402
298.232
298.232
298.402
299.238
298.402
298.165
298.145
298.145
298.165
298.402
298.232
298.145
298.147
298.147
298.145
298.232
298.232
298.145
298.147
298.147
298.145
298.232
298.402
298.165
298.145
298.145
298.165
298.402
299.238
298.402
298.232
298.232
298.402
299.238
299.909
298.633
298.337
298.337
298.633
299.909
298.633
298.205
298.152
298.152
298.205
298.633
298.337
298.152
298.146
298.146
298.152
298.337
298.337
298.152
298.146
298.146
298.152
298.337
298.633
298.205
298.152
298.152
298.205
298.633
299.909
298.633
298.337
298.337
298.633
299.909
300.633
298.929
298.487
298.487
298.929
300.633
298.929
298.273
298.171
298.171
298.273
298.929
298.487
298.171
298.147
298.147
298.171
298.487
298.487
298.171
298.147
298.147
298.171
298.487
298.929
298.273
298.171
298.171
298.273
298.929
300.633
298.929
298.487
298.487
298.929
300.633
301.387
299.287
298.685
298.685
299.287
301.387
299.287
298.371
298.203
298.203
298.371
299.287
298.685
298.203
298.15
298.15
298.203
298.685
298.685
298.203
298.15
298.15
298.203
298.685
299.287
298.371
298.203
298.203
298.371
299.287
301.387
299.287
298.685
298.685
299.287
301.387
302.134
299.688
298.926
298.926
299.688
302.134
299.688
298.498
298.25
298.25
298.498
299.688
298.926
298.25
298.159
298.159
298.25
298.926
298.926
298.25
298.159
298.159
298.25
298.926
299.688
298.498
298.25
298.25
298.498
299.688
302.134
299.688
298.926
298.926
299.688
302.134
302.863
300.12
299.204
299.204
300.12
302.863
300.12
298.654
298.315
298.315
298.654
300.12
299.204
298.315
298.173
298.173
298.315
299.204
299.204
298.315
298.173
298.173
298.315
299.204
300.12
298.654
298.315
298.315
298.654
300.12
302.863
300.12
299.204
299.204
300.12
302.863
303.571
300.572
299.512
299.512
300.572
303.571
300.572
298.836
298.398
298.398
298.836
300.572
299.512
298.398
298.194
298.194
298.398
299.512
299.512
298.398
298.194
298.194
298.398
299.512
300.572
298.836
298.398
298.398
298.836
300.572
303.571
300.572
299.512
299.512
300.572
303.571
304.257
301.037
299.845
299.845
301.037
304.257
301.037
299.042
298.498
298.498
299.042
301.037
299.845
298.498
298.223
298.223
298.498
299.845
299.845
298.498
298.223
298.223
298.498
299.845
301.037
299.042
298.498
298.498
299.042
301.037
304.257
301.037
299.845
299.845
301.037
304.257
304.922
301.512
300.197
300.197
301.512
304.922
301.512
299.269
298.616
298.616
299.269
301.512
300.197
298.616
298.262
298.262
298.616
300.197
300.197
298.616
298.262
298.262
298.616
300.197
301.512
299.269
298.616
298.616
299.269
301.512
304.922
301.512
300.197
300.197
301.512
304.922
305.569
301.991
300.564
300.564
301.991
305.569
301.991
299.515
298.752
298.752
299.515
301.991
300.564
298.752
298.312
298.312
298.752
300.564
300.564
298.752
298.312
298.312
298.752
300.564
301.991
299.515
298.752
298.752
299.515
301.991
305.569
301.991
300.564
300.564
301.991
305.569
306.198
302.472
300.944
300.944
302.472
306.197
302.472
299.778
298.905
298.905
299.778
302.472
300.944
298.905
298.372
298.372
298.905
300.944
300.944
298.905
298.372
298.372
298.905
300.944
302.472
299.778
298.905
298.905
299.778
302.472
306.197
302.472
300.944
300.944
302.472
306.197
306.809
302.954
301.333
301.333
302.954
306.809
302.954
300.055
299.074
299.073
300.055
302.954
301.333
299.074
298.444
298.444
299.073
301.333
301.333
299.073
298.444
298.444
299.073
301.333
302.954
300.055
299.073
299.073
300.055
302.954
306.809
302.954
301.333
301.333
302.954
306.809
307.404
303.435
301.729
301.729
303.435
307.404
303.435
300.346
299.257
299.257
300.346
303.435
301.729
299.257
298.528
298.528
299.257
301.729
301.729
299.257
298.528
298.528
299.257
301.729
303.435
300.346
299.257
299.257
300.346
303.435
307.404
303.435
301.729
301.729
303.435
307.404
307.984
303.915
302.131
302.131
303.915
307.984
303.915
300.649
299.456
299.456
300.649
303.915
302.131
299.456
298.625
298.625
299.456
302.131
302.131
299.456
298.625
298.625
299.456
302.131
303.915
300.649
299.456
299.456
300.649
303.915
307.984
303.915
302.131
302.131
303.915
307.984
308.548
304.391
302.537
302.537
304.391
308.548
304.391
300.961
299.667
299.667
300.961
304.391
302.537
299.667
298.734
298.734
299.667
302.537
302.537
299.667
298.734
298.734
299.667
302.537
304.391
300.961
299.667
299.667
300.961
304.391
308.548
304.391
302.537
302.537
304.391
308.548
309.098
304.865
302.946
302.946
304.865
309.097
304.865
301.282
299.891
299.891
301.282
304.865
302.946
299.891
298.856
298.856
299.891
302.946
302.946
299.891
298.856
298.856
299.891
302.946
304.865
301.282
299.891
299.891
301.282
304.864
309.097
304.865
302.946
302.946
304.864
309.097
309.633
305.334
303.357
303.356
305.334
309.632
305.334
301.611
300.127
300.127
301.611
305.334
303.357
300.127
298.99
298.99
300.127
303.356
303.356
300.127
298.99
298.99
300.127
303.356
305.334
301.611
300.127
300.127
301.611
305.334
309.632
305.334
303.356
303.356
305.334
309.632
310.154
305.799
303.768
303.768
305.799
310.153
305.799
301.946
300.374
300.374
301.946
305.799
303.768
300.374
299.137
299.137
300.374
303.768
303.768
300.374
299.137
299.137
300.374
303.768
305.799
301.946
300.374
300.374
301.946
305.798
310.153
305.799
303.768
303.768
305.798
310.153
310.661
306.259
304.181
304.181
306.258
310.661
306.259
302.287
300.63
300.63
302.287
306.258
304.181
300.63
299.297
299.297
300.63
304.181
304.181
300.63
299.297
299.297
300.63
304.181
306.258
302.287
300.63
300.63
302.287
306.258
310.661
306.258
304.181
304.181
306.258
310.66
311.155
306.713
304.593
304.593
306.713
311.155
306.713
302.632
300.896
300.896
302.632
306.713
304.593
300.896
299.468
299.468
300.896
304.593
304.593
300.896
299.468
299.468
300.896
304.593
306.713
302.632
300.896
300.896
302.632
306.713
311.155
306.713
304.593
304.593
306.713
311.155
311.637
307.163
305.005
305.005
307.163
311.636
307.163
302.982
301.17
301.17
302.982
307.163
305.005
301.17
299.65
299.65
301.17
305.005
305.005
301.17
299.65
299.65
301.17
305.005
307.163
302.982
301.17
301.17
302.982
307.162
311.636
307.163
305.005
305.005
307.162
311.636
312.105
307.607
305.415
305.415
307.607
312.105
307.607
303.335
301.453
301.452
303.334
307.607
305.415
301.453
299.844
299.844
301.452
305.415
305.415
301.452
299.844
299.844
301.452
305.415
307.607
303.334
301.452
301.452
303.334
307.606
312.105
307.606
305.415
305.415
307.606
312.105
312.562
308.045
305.824
305.824
308.045
312.562
308.045
303.69
301.742
301.742
303.69
308.045
305.824
301.742
300.048
300.048
301.742
305.824
305.824
301.742
300.048
300.048
301.742
305.824
308.045
303.69
301.742
301.742
303.69
308.044
312.562
308.045
305.824
305.824
308.044
312.561
313.007
308.477
306.231
306.231
308.477
313.006
308.477
304.047
302.037
302.037
304.047
308.477
306.231
302.037
300.263
300.263
302.037
306.231
306.231
302.037
300.263
300.263
302.037
306.231
308.477
304.047
302.037
302.037
304.047
308.476
313.006
308.477
306.231
306.231
308.476
313.006
313.439
308.903
306.636
306.636
308.903
313.439
308.903
304.406
302.339
302.339
304.406
308.903
306.636
302.339
300.488
300.488
302.339
306.636
306.636
302.339
300.488
300.488
302.339
306.636
308.903
304.406
302.339
302.339
304.406
308.903
313.439
308.903
306.636
306.636
308.903
313.439
313.861
309.323
307.038
307.038
309.323
313.861
309.323
304.767
302.646
302.646
304.766
309.323
307.038
302.646
300.721
300.721
302.646
307.038
307.038
302.646
300.721
300.721
302.646
307.038
309.323
304.766
302.646
302.646
304.766
309.322
313.86
309.323
307.038
307.038
309.322
313.86
314.271
309.737
307.438
307.438
309.736
314.271
309.737
305.127
302.957
302.957
305.127
309.736
307.438
302.957
300.964
300.964
302.957
307.437
307.438
302.957
300.964
300.964
302.957
307.437
309.736
305.127
302.957
302.957
305.127
309.736
314.271
309.736
307.437
307.437
309.736
314.27
314.67
310.144
307.834
307.834
310.144
314.67
310.144
305.488
303.273
303.273
305.488
310.144
307.834
303.273
301.215
301.215
303.273
307.834
307.834
303.273
301.215
301.215
303.273
307.834
310.144
305.488
303.273
303.273
305.488
310.143
314.67
310.144
307.834
307.834
310.143
314.67
315.059
310.545
308.227
308.227
310.545
315.059
310.545
305.849
303.593
303.593
305.848
310.545
308.227
303.593
301.473
301.473
303.593
308.227
308.227
303.593
301.473
301.473
303.593
308.227
310.545
305.848
303.593
303.593
305.848
310.544
315.059
310.545
308.227
308.227
310.544
315.058
315.437
310.939
308.616
308.616
310.939
315.437
310.939
306.209
303.916
303.916
306.208
310.939
308.616
303.916
301.739
301.739
303.916
308.616
308.616
303.916
301.739
301.739
303.915
308.616
310.939
306.208
303.916
303.915
306.208
310.939
315.437
310.939
308.616
308.616
310.939
315.437
315.805
311.327
309.002
309.002
311.327
315.805
311.327
306.568
304.241
304.241
306.568
311.327
309.002
304.241
302.012
302.012
304.241
309.002
309.002
304.241
302.012
302.012
304.241
309.001
311.327
306.568
304.241
304.241
306.567
311.326
315.804
311.327
309.002
309.001
311.326
315.804
316.162
311.708
309.383
309.383
311.708
316.162
311.708
306.926
304.569
304.569
306.926
311.708
309.383
304.569
302.29
302.29
304.569
309.383
309.383
304.569
302.29
302.29
304.569
309.383
311.708
306.926
304.569
304.569
306.925
311.708
316.162
311.708
309.383
309.383
311.708
316.162
316.51
312.083
309.761
309.761
312.083
316.51
312.083
307.283
304.899
304.899
307.282
312.083
309.761
304.899
302.575
302.575
304.899
309.761
309.761
304.899
302.575
302.575
304.899
309.76
312.082
307.282
304.899
304.899
307.282
312.082
316.51
312.083
309.76
309.76
312.082
316.51
316.848
312.451
310.134
310.133
312.45
316.848
312.451
307.637
305.231
305.23
307.637
312.451
310.134
305.231
302.865
302.865
305.23
310.133
310.133
305.23
302.865
302.865
305.23
310.133
312.45
307.637
305.23
305.23
307.637
312.45
316.848
312.451
310.133
310.133
312.45
316.848
317.177
312.812
310.502
310.502
312.812
317.177
312.812
307.99
305.563
305.563
307.99
312.812
310.502
305.563
303.16
303.159
305.563
310.502
310.502
305.563
303.159
303.159
305.563
310.502
312.812
307.99
305.563
305.563
307.989
312.812
317.177
312.812
310.502
310.502
312.812
317.177
317.496
313.167
310.866
310.866
313.166
317.497
313.167
308.341
305.897
305.896
308.34
313.167
310.866
305.897
303.459
303.458
305.896
310.866
310.866
305.896
303.458
303.458
305.896
310.865
313.166
308.34
305.896
305.896
308.34
313.166
317.496
313.167
310.866
310.865
313.166
317.497
317.807
313.514
311.225
311.225
313.514
317.807
313.514
308.689
306.23
306.23
308.688
313.515
311.225
306.23
303.761
303.761
306.23
311.225
311.225
306.23
303.761
303.761
306.23
311.224
313.514
308.688
306.23
306.23
308.688
313.514
317.807
313.514
311.225
311.224
313.514
317.807
318.108
313.856
311.579
311.579
313.855
318.109
313.856
309.034
306.564
306.564
309.033
313.856
311.579
306.564
304.068
304.068
306.564
311.579
311.579
306.564
304.068
304.067
306.564
311.578
313.855
309.033
306.564
306.564
309.033
313.855
318.109
313.856
311.579
311.578
313.855
318.109
318.402
314.19
311.928
311.927
314.19
318.402
314.19
309.376
306.898
306.898
309.376
314.19
311.928
306.898
304.377
304.377
306.898
311.928
311.927
306.898
304.377
304.377
306.897
311.927
314.19
309.376
306.898
306.897
309.375
314.19
318.402
314.19
311.928
311.927
314.19
318.403
318.686
314.518
312.272
312.271
314.518
318.687
314.518
309.716
307.231
307.231
309.715
314.518
312.272
307.231
304.689
304.689
307.231
312.272
312.271
307.231
304.689
304.689
307.231
312.271
314.518
309.715
307.231
307.231
309.715
314.518
318.687
314.518
312.271
312.271
314.518
318.688
318.963
314.839
312.61
312.61
314.839
318.964
314.839
310.052
307.564
307.563
310.051
314.84
312.61
307.564
305.003
305.003
307.563
312.61
312.61
307.563
305.003
305.003
307.563
312.61
314.839
310.051
307.563
307.563
310.051
314.839
318.964
314.84
312.61
312.61
314.839
318.965
319.232
315.154
312.943
312.943
315.154
319.233
315.154
310.384
307.895
307.895
310.384
315.155
312.943
307.895
305.319
305.319
307.894
312.943
312.943
307.895
305.319
305.319
307.894
312.943
315.154
310.384
307.894
307.894
310.383
315.154
319.233
315.155
312.943
312.943
315.154
319.234
319.494
315.463
313.271
313.271
315.462
319.495
315.463
310.714
308.225
308.225
310.713
315.463
313.271
308.225
305.637
305.637
308.224
313.272
313.271
308.225
305.637
305.636
308.224
313.271
315.462
310.713
308.224
308.224
310.713
315.463
319.495
315.463
313.271
313.271
315.463
319.496
319.747
315.764
313.594
313.594
315.764
319.749
315.764
311.039
308.553
308.553
311.039
315.765
313.594
308.553
305.955
305.955
308.553
313.594
313.594
308.553
305.955
305.955
308.552
313.594
315.764
311.038
308.553
308.552
311.038
315.765
319.749
315.765
313.594
313.594
315.765
319.75
319.994
316.06
313.911
313.911
316.06
319.996
316.06
311.361
308.88
308.879
311.36
316.061
313.911
308.88
306.275
306.274
308.879
313.911
313.911
308.879
306.274
306.274
308.879
313.911
316.06
311.36
308.879
308.879
311.36
316.061
319.996
316.061
313.911
313.911
316.061
319.997
320.234
316.349
314.223
314.223
316.349
320.236
316.349
311.679
309.204
309.204
311.678
316.35
314.223
309.204
306.594
306.594
309.204
314.223
314.223
309.204
306.594
306.594
309.203
314.223
316.349
311.678
309.204
309.203
311.678
316.35
320.236
316.35
314.223
314.223
316.35
320.238
320.467
316.632
314.529
314.529
316.632
320.469
316.632
311.992
309.526
309.526
311.992
316.633
314.529
309.526
306.914
306.914
309.526
314.529
314.529
309.526
306.914
306.913
309.525
314.529
316.632
311.992
309.526
309.525
311.991
316.633
320.469
316.633
314.529
314.529
316.633
320.471
320.694
316.909
314.83
314.83
316.909
320.696
316.909
312.302
309.846
309.846
312.302
316.911
314.83
309.846
307.233
307.233
309.845
314.83
314.83
309.846
307.233
307.233
309.845
314.83
316.909
312.302
309.845
309.845
312.301
316.91
320.696
316.91
314.83
314.83
316.91
320.698
320.914
317.18
315.125
315.125
317.181
320.917
317.18
312.608
310.163
310.163
312.607
317.182
315.125
310.163
307.552
307.552
310.163
315.126
315.125
310.163
307.552
307.552
310.162
315.125
317.18
312.607
310.162
310.162
312.607
317.182
320.916
317.181
315.126
315.125
317.182
320.919
321.128
317.445
315.415
315.415
317.446
321.131
317.445
312.909
310.477
310.477
312.909
317.447
315.415
310.477
307.871
307.87
310.477
315.416
315.415
310.477
307.87
307.87
310.476
315.415
317.446
312.909
310.477
310.476
312.908
317.447
321.131
317.447
315.416
315.415
317.447
321.133
321.336
317.705
315.699
315.699
317.705
321.339
317.705
313.206
310.789
310.788
313.206
317.706
315.699
310.789
308.188
308.187
310.788
315.7
315.699
310.788
308.187
308.187
310.788
315.7
317.705
313.206
310.788
310.788
313.205
317.706
321.339
317.706
315.7
315.7
317.706
321.342
321.539
317.958
315.978
315.978
317.959
321.542
317.958
313.499
311.097
311.097
313.499
317.96
315.978
311.097
308.504
308.503
311.096
315.979
315.978
311.097
308.503
308.503
311.096
315.979
317.959
313.498
311.096
311.096
313.498
317.96
321.542
317.96
315.979
315.979
317.96
321.545
321.736
318.206
316.252
316.252
318.207
321.739
318.206
313.787
311.402
311.402
313.787
318.208
316.252
311.402
308.818
308.817
311.401
316.253
316.252
311.402
308.817
308.817
311.401
316.253
318.207
313.787
311.401
311.401
313.787
318.209
321.739
318.208
316.253
316.253
318.209
321.742
321.928
318.449
316.521
316.521
318.449
321.931
318.449
314.071
311.704
311.703
314.071
318.451
316.521
311.704
309.13
309.13
311.703
316.522
316.52
311.703
309.13
309.13
311.703
316.522
318.449
314.071
311.703
311.703
314.071
318.451
321.931
318.451
316.522
316.522
318.451
321.935
322.114
318.686
316.784
316.784
318.687
322.118
318.686
314.351
312.002
312.002
314.351
318.688
316.784
312.002
309.441
309.44
312.001
316.785
316.784
312.002
309.44
309.44
312.001
316.785
318.687
314.351
312.001
312.001
314.351
318.689
322.118
318.688
316.785
316.785
318.689
322.122
322.296
318.918
317.042
317.042
318.919
322.3
318.918
314.626
312.297
312.296
314.626
318.92
317.042
312.297
309.749
309.749
312.296
317.044
317.042
312.296
309.749
309.748
312.296
317.043
318.918
314.626
312.296
312.296
314.626
318.921
322.3
318.92
317.043
317.043
318.921
322.304
322.473
319.144
317.295
317.295
319.145
322.477
319.144
314.897
312.588
312.587
314.897
319.147
317.295
312.588
310.055
310.055
312.587
317.297
317.295
312.587
310.055
310.054
312.587
317.297
319.145
314.897
312.587
312.587
314.897
319.148
322.477
319.147
317.297
317.297
319.148
322.481
322.645
319.366
317.543
317.543
319.367
322.649
319.366
315.163
312.875
312.875
315.163
319.369
317.543
312.875
310.359
310.358
312.875
317.545
317.543
312.875
310.358
310.358
312.874
317.545
319.367
315.163
312.874
312.874
315.163
319.37
322.649
319.369
317.545
317.545
319.37
322.653
322.812
319.583
317.786
317.786
319.584
322.817
319.583
315.425
313.158
313.158
315.425
319.586
317.786
313.158
310.659
310.659
313.158
317.788
317.786
313.158
310.659
310.658
313.158
317.788
319.584
315.425
313.158
313.158
315.426
319.587
322.817
319.586
317.788
317.788
319.587
322.821
322.975
319.795
318.024
318.024
319.796
322.98
319.795
315.683
313.438
313.438
315.683
319.798
318.024
313.438
310.957
310.957
313.438
318.026
318.024
313.438
310.957
310.956
313.438
318.026
319.796
315.683
313.438
313.438
315.683
319.799
322.98
319.798
318.026
318.026
319.799
322.985
323.134
320.002
318.257
318.257
320.003
323.139
320.002
315.936
313.714
313.714
315.936
320.006
318.257
313.714
311.252
311.252
313.714
318.26
318.257
313.714
311.252
311.251
313.713
318.26
320.003
315.936
313.714
313.713
315.937
320.007
323.139
320.005
318.26
318.26
320.007
323.144
323.289
320.204
318.486
318.486
320.206
323.294
320.204
316.185
313.986
313.986
316.185
320.208
318.486
313.986
311.544
311.544
313.986
318.489
318.486
313.986
311.543
311.543
313.985
318.489
320.206
316.185
313.986
313.985
316.186
320.21
323.294
320.208
318.488
318.489
320.21
323.299
323.44
320.402
318.71
318.71
320.404
323.445
320.403
316.43
314.254
314.254
316.43
320.407
318.71
314.254
311.832
311.832
314.254
318.713
318.71
314.254
311.832
311.832
314.253
318.713
320.404
316.43
314.254
314.253
316.43
320.408
323.445
320.406
318.713
318.713
320.408
323.451
323.587
320.596
318.929
318.929
320.598
323.593
320.596
316.67
314.518
314.518
316.67
320.601
318.929
314.518
312.118
312.117
314.518
318.932
318.929
314.517
312.117
312.117
314.517
318.932
320.598
316.67
314.518
314.517
316.671
320.602
323.592
320.6
318.932
318.932
320.602
323.598
323.73
320.786
319.144
319.144
320.788
323.736
320.786
316.906
314.778
314.777
316.906
320.79
319.144
314.778
312.4
312.399
314.778
319.147
319.144
314.777
312.399
312.399
314.777
319.148
320.788
316.906
314.778
314.777
316.907
320.792
323.736
320.79
319.147
319.147
320.792
323.742
323.869
320.971
319.354
319.355
320.973
323.876
320.971
317.137
315.034
315.033
317.138
320.976
319.354
315.034
312.678
312.678
315.034
319.358
319.355
315.033
312.678
312.677
315.033
319.358
320.973
317.138
315.034
315.033
317.139
320.977
323.875
320.975
319.358
319.358
320.977
323.882
324.005
321.152
319.561
319.561
321.154
324.012
321.152
317.365
315.285
315.285
317.366
321.157
319.561
315.285
312.953
312.952
315.286
319.564
319.561
315.285
312.952
312.952
315.285
319.565
321.154
317.366
315.286
315.285
317.366
321.159
324.012
321.157
319.564
319.565
321.159
324.018
324.137
321.329
319.762
319.763
321.331
324.144
321.329
317.588
315.533
315.533
317.589
321.334
319.762
315.533
313.224
313.224
315.533
319.766
319.763
315.533
313.224
313.223
315.533
319.767
321.331
317.589
315.533
315.533
317.59
321.336
324.144
321.334
319.766
319.767
321.336
324.151
324.266
321.502
319.96
319.96
321.504
324.274
321.502
317.807
315.777
315.777
317.808
321.507
319.96
315.777
313.491
313.491
315.777
319.964
319.96
315.777
313.491
313.491
315.777
319.965
321.504
317.808
315.777
315.777
317.809
321.509
324.274
321.507
319.964
319.965
321.509
324.28
324.392
321.671
320.153
320.154
321.674
324.4
321.671
318.022
316.017
316.017
318.023
321.677
320.154
316.017
313.755
313.755
316.017
320.158
320.154
316.017
313.755
313.755
316.017
320.158
321.673
318.023
316.017
316.017
318.025
321.679
324.4
321.676
320.158
320.158
321.679
324.407
324.515
321.836
320.343
320.343
321.839
324.523
321.836
318.233
316.252
316.252
318.235
321.842
320.343
316.252
314.015
314.015
316.253
320.348
320.343
316.252
314.015
314.015
316.253
320.348
321.839
318.234
316.253
316.253
318.236
321.845
324.522
321.842
320.348
320.348
321.845
324.53
324.634
321.998
320.528
320.529
322.001
324.642
321.998
318.44
316.484
316.484
318.442
322.004
320.528
316.484
314.271
314.271
316.485
320.534
320.529
316.484
314.271
314.271
316.485
320.534
322.001
318.442
316.485
316.485
318.443
322.007
324.642
322.004
320.533
320.534
322.007
324.65
324.751
322.156
320.71
320.711
322.159
324.759
322.156
318.643
316.712
316.712
318.645
322.162
320.71
316.712
314.523
314.523
316.712
320.715
320.711
316.712
314.523
314.523
316.713
320.716
322.159
318.645
316.712
316.713
318.646
322.165
324.759
322.162
320.715
320.716
322.165
324.767
324.864
322.31
320.888
320.889
322.314
324.873
322.31
318.843
316.936
316.936
318.844
322.317
320.888
316.936
314.772
314.772
316.937
320.893
320.889
316.936
314.772
314.772
316.937
320.894
322.314
318.844
316.937
316.937
318.846
322.32
324.873
322.317
320.893
320.894
322.32
324.881
324.974
322.46
321.061
321.061
322.464
324.983
322.46
319.037
317.154
317.154
319.038
322.467
321.061
317.154
315.015
315.015
317.155
321.067
321.061
317.154
315.015
315.015
317.155
321.067
322.464
319.038
317.155
317.155
319.04
322.47
324.983
322.467
321.066
321.067
322.47
324.991
325.085
322.612
321.236
321.237
322.616
325.094
322.612
319.234
317.376
317.376
319.236
322.619
321.236
317.376
315.263
315.263
317.377
321.242
321.237
317.376
315.263
315.263
317.378
321.243
322.616
319.236
317.377
317.378
319.238
322.623
325.094
322.619
321.242
321.243
322.623
325.102
325.177
322.737
321.38
321.381
322.741
325.186
322.737
319.396
317.56
317.56
319.398
322.745
321.38
317.56
315.467
315.467
317.561
321.387
321.381
317.56
315.467
315.467
317.561
321.387
322.741
319.398
317.561
317.561
319.401
322.748
325.186
322.745
321.387
321.387
322.748
325.194
325.339
322.961
321.64
321.64
322.965
325.348
322.961
319.689
317.891
317.891
319.692
322.969
321.64
317.891
315.839
315.839
317.893
321.646
321.64
317.891
315.839
315.839
317.893
321.647
322.965
319.691
317.893
317.893
319.694
322.973
325.348
322.969
321.646
321.647
322.973
325.357
298.399
298.427
298.475
298.557
298.697
298.948
299.429
300.452
298.194
298.205
298.225
298.261
298.335
298.502
298.924
300.118
298.15
298.152
298.159
298.174
298.214
298.332
298.709
299.976
298.15
298.152
298.159
298.174
298.214
298.332
298.709
299.976
298.194
298.205
298.225
298.261
298.335
298.502
298.924
300.118
298.399
298.427
298.475
298.557
298.697
298.948
299.429
300.452
299.38
299.504
299.696
299.995
300.471
301.231
302.442
304.292
298.469
298.538
298.654
298.856
299.223
299.915
301.245
303.703
298.261
298.295
298.363
298.499
298.778
299.376
300.682
303.392
298.261
298.295
298.363
298.499
298.778
299.376
300.682
303.392
298.469
298.538
298.654
298.856
299.223
299.915
301.245
303.703
299.38
299.504
299.696
299.995
300.471
301.231
302.442
304.292
300.705
300.922
301.235
301.692
302.364
303.355
304.786
306.757
299.023
299.176
299.418
299.807
300.451
301.532
303.33
306.132
298.562
298.656
298.823
299.123
299.671
300.691
302.572
305.779
298.562
298.656
298.823
299.123
299.671
300.691
302.572
305.779
299.023
299.176
299.418
299.807
300.451
301.532
303.33
306.132
300.705
300.922
301.235
301.692
302.364
303.355
304.786
306.757
301.896
302.178
302.57
303.119
303.892
304.98
306.483
308.48
299.67
299.906
300.259
300.797
301.634
302.942
304.946
307.84
298.971
299.133
299.401
299.851
300.616
301.923
304.103
307.466
298.971
299.133
299.401
299.851
300.616
301.923
304.103
307.466
299.67
299.906
300.259
300.797
301.634
302.942
304.946
307.84
301.896
302.178
302.57
303.119
303.892
304.98
306.483
308.48
302.961
303.287
303.728
304.333
305.165
306.304
307.844
309.855
300.364
300.673
301.117
301.769
302.738
304.181
306.29
309.224
299.458
299.691
300.055
300.634
301.565
303.063
305.409
308.842
299.458
299.691
300.055
300.634
301.565
303.063
305.409
308.842
300.364
300.673
301.117
301.769
302.738
304.181
306.29
309.224
302.961
303.287
303.728
304.333
305.165
306.304
307.844
309.855
303.938
304.292
304.766
305.406
306.275
307.448
309.011
311.033
301.069
301.438
301.956
302.693
303.754
305.284
307.459
310.42
299.992
300.292
300.742
301.427
302.484
304.111
306.56
310.037
299.992
300.292
300.742
301.427
302.484
304.111
306.56
310.037
301.069
301.438
301.956
302.693
303.754
305.284
307.459
310.42
303.938
304.292
304.766
305.406
306.275
307.448
309.011
311.033
304.838
305.211
305.708
306.374
307.268
308.465
310.046
312.075
301.756
302.175
302.751
303.554
304.685
306.28
308.502
311.483
300.542
300.902
301.425
302.198
303.352
305.075
307.599
311.108
300.542
300.902
301.425
302.198
303.352
305.075
307.599
311.108
301.756
302.175
302.751
303.554
304.685
306.28
308.502
311.483
304.837
305.211
305.708
306.374
307.268
308.465
310.046
312.075
305.679
306.068
306.582
307.267
308.18
309.394
310.988
313.023
302.423
302.882
303.506
304.361
305.548
307.194
309.454
312.451
301.095
301.507
302.093
302.939
304.172
305.972
308.553
312.086
301.095
301.507
302.093
302.939
304.172
305.972
308.553
312.086
302.423
302.882
303.505
304.361
305.548
307.194
309.454
312.451
305.679
306.068
306.582
307.267
308.18
309.394
310.988
313.023
306.474
306.875
307.403
308.102
309.03
310.258
311.861
313.901
303.071
303.563
304.225
305.124
306.356
308.044
310.334
313.344
301.644
302.101
302.742
303.649
304.949
306.811
309.44
312.992
301.644
302.101
302.741
303.649
304.949
306.811
309.439
312.992
303.071
303.563
304.225
305.124
306.356
308.044
310.334
313.344
306.474
306.875
307.402
308.102
309.03
310.258
311.861
313.901
307.23
307.64
308.179
308.89
309.83
311.069
312.68
314.723
303.7
304.221
304.915
305.85
307.119
308.841
311.157
314.177
302.186
302.683
303.37
304.331
305.687
307.602
310.269
313.837
302.186
302.683
303.37
304.331
305.687
307.602
310.269
313.837
303.7
304.221
304.915
305.85
307.119
308.841
311.157
314.177
307.23
307.64
308.179
308.89
309.83
311.069
312.68
314.723
307.952
308.371
308.919
309.64
310.59
311.837
313.455
315.501
304.314
304.858
305.58
306.545
307.845
309.596
311.933
314.962
302.722
303.254
303.981
304.988
306.392
308.352
311.051
314.632
302.722
303.254
303.981
304.988
306.392
308.352
311.051
314.632
304.314
304.858
305.58
306.545
307.845
309.596
311.933
314.962
307.952
308.371
308.919
309.64
310.59
311.837
313.455
315.5
308.646
309.071
309.626
310.356
311.314
312.569
314.192
316.24
304.913
305.477
306.222
307.214
308.54
310.316
312.67
315.707
303.251
303.813
304.576
305.622
307.068
309.066
311.793
315.385
303.251
303.813
304.576
305.622
307.068
309.066
311.793
315.385
304.913
305.477
306.222
307.214
308.54
310.316
312.67
315.707
308.646
309.071
309.626
310.355
311.314
312.568
314.192
316.24
309.313
309.743
310.305
311.041
312.007
313.268
314.896
316.946
305.498
306.08
306.846
307.859
309.209
311.005
313.375
316.418
303.773
304.362
305.155
306.237
307.718
309.75
312.501
316.103
303.773
304.362
305.155
306.237
307.718
309.75
312.501
316.103
305.498
306.08
306.846
307.859
309.209
311.005
313.374
316.418
309.312
309.743
310.305
311.041
312.007
313.268
314.895
316.946
309.955
310.391
310.958
311.7
312.672
313.938
315.57
317.622
306.071
306.668
307.451
308.485
309.854
311.668
314.05
317.099
304.289
304.901
305.722
306.834
308.347
310.407
313.179
316.789
304.289
304.901
305.722
306.834
308.347
310.407
313.179
316.789
306.071
306.668
307.451
308.484
309.854
311.668
314.05
317.099
309.955
310.39
310.958
311.7
312.671
313.938
315.57
317.622
310.575
311.014
311.586
312.333
313.31
314.582
316.217
318.27
306.632
307.243
308.041
309.091
310.477
312.307
314.701
317.754
304.798
305.431
306.277
307.415
308.956
311.042
313.832
317.449
304.798
305.431
306.277
307.415
308.956
311.042
313.832
317.449
306.631
307.242
308.041
309.091
310.477
312.307
314.701
317.754
310.574
311.014
311.585
312.333
313.31
314.581
316.217
318.27
311.173
311.615
312.191
312.942
313.924
315.2
316.839
318.894
307.181
307.804
308.616
309.681
311.082
312.925
315.329
318.386
305.301
305.953
306.82
307.982
309.548
311.656
314.462
318.086
305.301
305.953
306.82
307.982
309.548
311.656
314.462
318.086
307.181
307.804
308.616
309.68
311.082
312.925
315.329
318.386
311.172
311.615
312.19
312.942
313.924
315.2
316.838
318.893
311.75
312.195
312.773
313.529
314.515
315.795
317.437
319.493
307.719
308.352
309.176
310.254
311.669
313.524
315.936
318.996
305.798
306.467
307.353
308.537
310.124
312.252
315.073
318.702
305.798
306.467
307.353
308.537
310.124
312.252
315.073
318.702
307.719
308.352
309.176
310.254
311.668
313.524
315.936
318.996
311.75
312.194
312.773
313.529
314.515
315.795
317.436
319.493
312.308
312.754
313.336
314.095
315.085
316.368
318.013
320.071
308.246
308.888
309.723
310.812
312.239
314.104
316.524
319.587
306.289
306.973
307.877
309.079
310.687
312.832
315.665
319.299
306.289
306.973
307.877
309.079
310.686
312.832
315.665
319.299
308.246
308.888
309.723
310.812
312.238
314.104
316.523
319.587
312.308
312.754
313.335
314.094
315.084
316.368
318.012
320.07
312.848
313.295
313.879
314.64
315.633
316.921
318.568
320.627
308.763
309.413
310.257
311.356
312.793
314.668
317.094
320.16
306.775
307.471
308.391
309.611
311.235
313.396
316.24
319.878
306.774
307.471
308.391
309.611
311.235
313.396
316.24
319.878
308.763
309.413
310.256
311.356
312.793
314.668
317.093
320.16
312.847
313.295
313.878
314.64
315.633
316.92
318.567
320.627
313.369
313.817
314.403
315.167
316.163
317.453
319.103
321.164
309.269
309.926
310.778
311.886
313.332
315.215
317.647
320.715
307.253
307.963
308.896
310.132
311.772
313.947
316.801
320.442
307.253
307.963
308.896
310.131
311.772
313.947
316.8
320.442
309.269
309.926
310.777
311.886
313.332
315.215
317.647
320.715
313.369
313.817
314.402
315.166
316.163
317.453
319.103
321.164
313.874
314.323
314.909
315.675
316.674
317.967
319.62
321.682
309.765
310.428
311.287
312.403
313.857
315.747
318.184
321.255
307.726
308.447
309.393
310.642
312.297
314.484
317.346
320.991
307.726
308.447
309.393
310.642
312.296
314.484
317.346
320.991
309.765
310.428
311.286
312.403
313.856
315.747
318.184
321.254
313.874
314.322
314.908
315.675
316.674
317.967
319.619
321.682
314.363
314.811
315.398
316.166
317.168
318.463
320.118
322.183
310.251
310.919
311.784
312.907
314.368
316.265
318.706
321.779
308.193
308.923
309.881
311.143
312.81
315.009
317.879
321.526
308.193
308.923
309.881
311.143
312.81
315.009
317.879
321.526
310.251
310.919
311.783
312.906
314.368
316.265
318.706
321.778
314.362
314.81
315.398
316.166
317.167
318.463
320.118
322.182
314.836
315.283
315.871
316.64
317.644
318.943
320.6
322.666
310.727
311.399
312.269
313.398
314.866
316.769
319.214
322.288
308.654
309.393
310.361
311.634
313.313
315.521
318.398
322.048
308.654
309.393
310.361
311.634
313.312
315.521
318.398
322.048
310.726
311.399
312.269
313.398
314.865
316.768
319.213
322.288
314.835
315.283
315.87
316.64
317.644
318.942
320.599
322.665
315.293
315.74
316.328
317.099
318.104
319.405
321.065
323.133
311.193
311.869
312.743
313.878
315.351
317.258
319.707
322.783
309.108
309.855
310.833
312.116
313.805
316.022
318.905
322.557
309.108
309.855
310.832
312.116
313.805
316.022
318.905
322.557
311.192
311.868
312.743
313.877
315.35
317.258
319.707
322.783
315.293
315.739
316.327
317.098
318.104
319.405
321.064
323.132
315.736
316.182
316.77
317.541
318.549
319.852
321.514
323.583
311.649
312.328
313.206
314.345
315.823
317.735
320.187
323.264
309.556
310.31
311.296
312.588
314.286
316.512
319.4
323.053
309.556
310.31
311.296
312.588
314.286
316.512
319.4
323.053
311.649
312.327
313.206
314.345
315.823
317.735
320.187
323.264
315.736
316.181
316.769
317.541
318.548
319.851
321.513
323.583
316.165
316.609
317.197
317.969
318.978
320.283
321.948
324.019
312.096
312.777
313.658
314.801
316.283
318.199
320.654
323.732
309.998
310.758
311.751
313.052
314.758
316.991
319.884
323.538
309.998
310.758
311.751
313.052
314.758
316.991
319.884
323.538
312.095
312.776
313.658
314.801
316.283
318.199
320.654
323.732
316.165
316.609
317.196
317.968
318.977
320.283
321.947
324.019
316.58
317.022
317.609
318.382
319.392
320.7
322.367
324.44
312.533
313.215
314.099
315.245
316.731
318.651
321.108
324.188
310.433
311.199
312.198
313.506
315.22
317.459
320.356
324.011
310.433
311.199
312.198
313.506
315.22
317.459
320.356
324.011
312.533
313.215
314.099
315.245
316.731
318.65
321.108
324.187
316.58
317.022
317.609
318.382
319.392
320.7
322.366
324.439
316.982
317.422
318.008
318.781
319.793
321.102
322.771
324.846
312.961
313.644
314.53
315.679
317.168
319.09
321.55
324.63
310.861
311.632
312.637
313.952
315.672
317.917
320.817
324.472
310.861
311.632
312.637
313.952
315.672
317.917
320.816
324.472
312.96
313.644
314.53
315.678
317.167
319.09
321.549
324.63
316.981
317.421
318.007
318.781
319.792
321.102
322.771
324.846
317.37
317.808
318.393
319.166
320.179
321.491
323.162
325.239
313.379
314.063
314.95
316.101
317.592
319.518
321.979
325.06
311.283
312.058
313.068
314.388
316.114
318.364
321.267
324.922
311.283
312.058
313.068
314.388
316.114
318.364
321.266
324.922
313.378
314.063
314.95
316.101
317.592
319.517
321.978
325.06
317.37
317.808
318.393
319.166
320.179
321.491
323.161
325.239
317.746
318.181
318.765
319.538
320.552
321.866
323.539
325.618
313.788
314.472
315.36
316.513
318.006
319.933
322.396
325.479
311.698
312.476
313.491
314.816
316.547
318.801
321.706
325.362
311.698
312.476
313.491
314.816
316.547
318.8
321.705
325.361
313.787
314.472
315.36
316.512
318.006
319.933
322.396
325.478
317.746
318.181
318.765
319.538
320.552
321.866
323.539
325.618
318.11
318.542
319.125
319.898
320.912
322.228
323.903
325.984
314.188
314.871
315.76
316.913
318.409
320.338
322.802
325.885
312.106
312.887
313.905
315.235
316.97
319.227
322.134
325.79
312.106
312.887
313.905
315.234
316.97
319.227
322.134
325.79
314.187
314.871
315.759
316.913
318.408
320.337
322.801
325.884
318.11
318.542
319.124
319.897
320.912
322.228
323.903
325.984
318.461
318.891
319.472
320.244
321.26
322.577
324.254
326.337
314.578
315.261
316.149
317.304
318.8
320.731
323.196
326.28
312.507
313.29
314.311
315.644
317.383
319.644
322.552
326.207
312.507
313.29
314.311
315.644
317.383
319.644
322.552
326.207
314.578
315.26
316.149
317.303
318.8
320.73
323.195
326.279
318.461
318.891
319.472
320.244
321.26
322.577
324.254
326.337
318.801
319.228
319.807
320.579
321.595
322.914
324.593
326.678
314.959
315.641
316.529
317.684
319.181
321.113
323.579
326.663
312.901
313.686
314.709
316.045
317.787
320.05
322.96
326.614
312.901
313.685
314.709
316.045
317.787
320.05
322.959
326.614
314.959
315.641
316.529
317.683
319.181
321.112
323.578
326.663
318.801
319.228
319.807
320.579
321.595
322.914
324.593
326.678
319.13
319.553
320.13
320.902
321.919
323.239
324.92
327.007
315.332
316.012
316.899
318.053
319.551
321.484
323.95
327.035
313.288
314.074
315.099
316.437
318.182
320.447
323.357
327.011
313.288
314.073
315.099
316.437
318.182
320.447
323.357
327.011
315.332
316.011
316.899
318.053
319.551
321.483
323.95
327.035
319.13
319.553
320.131
320.902
321.919
323.239
324.92
327.008
319.448
319.868
320.443
321.214
322.231
323.552
325.236
327.325
315.695
316.373
317.259
318.413
319.911
321.844
324.311
327.397
313.667
314.454
315.481
316.821
318.567
320.834
323.744
327.397
313.667
314.454
315.481
316.821
318.567
320.834
323.744
327.397
315.695
316.373
317.259
318.413
319.911
321.844
324.311
327.396
319.448
319.868
320.443
321.214
322.231
323.553
325.236
327.325
319.755
320.171
320.744
321.514
322.532
323.855
325.54
327.631
316.05
316.725
317.61
318.763
320.261
322.194
324.661
327.747
314.04
314.826
315.854
317.195
318.943
321.211
324.121
327.773
314.04
314.826
315.854
317.195
318.943
321.211
324.121
327.773
316.05
316.725
317.61
318.763
320.261
322.194
324.661
327.747
319.756
320.172
320.745
321.515
322.532
323.855
325.541
327.632
320.052
320.465
321.035
321.804
322.822
324.146
325.834
327.927
316.396
317.069
317.951
319.103
320.601
322.534
325.001
328.088
314.405
315.191
316.219
317.561
319.31
321.578
324.488
328.139
314.405
315.191
316.219
317.561
319.31
321.578
324.488
328.139
316.396
317.068
317.951
319.103
320.6
322.534
325.001
328.087
320.053
320.465
321.036
321.805
322.823
324.147
325.834
327.927
320.339
320.748
321.316
322.084
323.102
324.427
326.117
328.212
316.734
317.403
318.284
319.434
320.931
322.864
325.331
328.418
314.763
315.548
316.576
317.919
319.668
321.936
324.845
328.495
314.763
315.548
316.576
317.918
319.668
321.936
324.845
328.495
316.733
317.403
318.283
319.434
320.93
322.863
325.331
328.418
320.34
320.749
321.317
322.085
323.103
324.428
326.117
328.213
320.616
321.021
321.587
322.354
323.372
324.699
326.39
328.487
317.063
317.729
318.607
319.756
321.251
323.184
325.651
328.738
315.114
315.898
316.925
318.267
320.017
322.285
325.193
328.841
315.114
315.897
316.925
318.267
320.017
322.285
325.193
328.841
317.062
317.729
318.607
319.755
321.251
323.183
325.651
328.738
320.617
321.022
321.588
322.355
323.373
324.699
326.39
328.488
320.885
321.286
321.849
322.614
323.632
324.96
326.653
328.752
317.383
318.046
318.921
320.068
321.562
323.494
325.961
329.048
315.457
316.239
317.265
318.607
320.357
322.624
325.531
329.178
315.457
316.239
317.265
318.607
320.357
322.624
325.531
329.177
317.383
318.046
318.921
320.068
321.562
323.494
325.961
329.048
320.885
321.287
321.85
322.615
323.634
324.961
326.654
328.753
321.144
321.541
322.102
322.866
323.884
325.212
326.907
329.008
317.696
318.354
319.227
320.371
321.864
323.795
326.261
329.349
315.794
316.573
317.598
318.939
320.688
322.954
325.86
329.505
315.793
316.573
317.598
318.939
320.688
322.954
325.86
329.504
317.695
318.354
319.227
320.371
321.864
323.795
326.261
329.349
321.145
321.542
322.103
322.867
323.885
325.213
326.908
329.009
321.394
321.787
322.345
323.108
324.126
325.455
327.151
329.254
318
318.655
319.524
320.666
322.157
324.087
326.553
329.64
316.123
316.9
317.923
319.263
321.01
323.276
326.179
329.822
316.123
316.9
317.923
319.262
321.01
323.276
326.179
329.822
318
318.655
319.524
320.666
322.157
324.087
326.553
329.64
321.395
321.788
322.347
323.109
324.127
325.457
327.153
329.256
321.636
322.025
322.581
323.342
324.36
325.69
327.387
329.492
318.296
318.947
319.812
320.952
322.441
324.37
326.835
329.922
316.445
317.219
318.24
319.578
321.324
323.588
326.49
330.131
316.444
317.219
318.24
319.578
321.324
323.588
326.49
330.131
318.296
318.947
319.813
320.952
322.441
324.37
326.835
329.923
321.638
322.027
322.582
323.344
324.361
325.691
327.389
329.494
321.87
322.255
322.808
323.568
324.585
325.916
327.615
329.722
318.585
319.231
320.093
321.23
322.717
324.644
327.108
330.196
316.759
317.531
318.549
319.885
321.629
323.892
326.792
330.431
316.759
317.53
318.549
319.885
321.629
323.892
326.792
330.431
318.585
319.231
320.093
321.23
322.717
324.644
327.109
330.196
321.872
322.257
322.81
323.569
324.587
325.918
327.617
329.724
322.097
322.478
323.028
323.786
324.803
326.134
327.835
329.943
318.866
319.508
320.366
321.499
322.984
324.91
327.373
330.461
317.067
317.835
318.85
320.184
321.927
324.187
327.085
330.722
317.067
317.835
318.85
320.184
321.926
324.187
327.085
330.722
318.866
319.508
320.366
321.5
322.985
324.91
327.374
330.461
322.098
322.479
323.03
323.788
324.805
326.136
327.837
329.946
322.316
322.692
323.24
323.996
325.013
326.345
328.047
330.157
319.14
319.777
320.631
321.761
323.244
325.168
327.63
330.718
317.368
318.132
319.144
320.475
322.216
324.474
327.369
331.004
317.368
318.132
319.144
320.475
322.216
324.474
327.369
331.004
319.14
319.777
320.631
321.762
323.244
325.168
327.631
330.718
322.318
322.694
323.242
323.998
325.015
326.347
328.049
330.16
322.527
322.9
323.445
324.199
325.215
326.548
328.252
330.364
319.407
320.038
320.888
322.015
323.495
325.418
327.879
330.966
317.661
318.421
319.431
320.759
322.497
324.752
327.645
331.278
317.661
318.421
319.431
320.759
322.497
324.752
327.645
331.278
319.407
320.039
320.889
322.016
323.496
325.418
327.88
330.967
322.53
322.902
323.447
324.202
325.218
326.551
328.254
330.366
322.732
323.101
323.643
324.396
325.411
326.745
328.449
330.563
319.666
320.293
321.138
322.262
323.739
325.66
328.12
331.207
317.948
318.704
319.71
321.035
322.77
325.023
327.913
331.544
317.948
318.704
319.71
321.035
322.77
325.023
327.913
331.544
319.666
320.293
321.139
322.263
323.74
325.66
328.121
331.208
322.735
323.103
323.645
324.398
325.414
326.747
328.452
330.566
322.931
323.295
323.834
324.585
325.6
326.934
328.64
330.756
319.918
320.54
321.381
322.501
323.976
325.894
328.353
331.441
318.229
318.98
319.982
321.304
323.036
325.286
328.173
331.802
318.229
318.98
319.982
321.304
323.036
325.286
328.174
331.803
319.919
320.54
321.382
322.502
323.977
325.895
328.354
331.442
322.933
323.298
323.837
324.588
325.603
326.937
328.643
330.759
323.123
323.483
324.019
324.769
325.783
327.118
328.825
330.942
320.164
320.781
321.618
322.734
324.205
326.122
328.58
331.667
318.502
319.249
320.247
321.565
323.294
325.541
328.426
332.053
318.502
319.249
320.247
321.565
323.294
325.541
328.426
332.053
320.165
320.781
321.618
322.735
324.206
326.123
328.581
331.668
323.125
323.486
324.022
324.772
325.786
327.121
328.828
330.945
323.309
323.665
324.198
324.946
325.96
327.295
329.003
331.121
320.404
321.015
321.847
322.96
324.428
326.342
328.799
331.886
318.769
319.511
320.505
321.819
323.545
325.789
328.671
332.296
318.769
319.511
320.505
321.82
323.545
325.789
328.671
332.296
320.404
321.015
321.848
322.961
324.429
326.344
328.8
331.887
323.312
323.668
324.202
324.95
325.963
327.298
329.006
331.125
323.489
323.841
324.372
325.118
326.131
327.466
329.175
331.295
320.636
321.242
322.07
323.179
324.644
326.556
329.011
332.098
319.03
319.767
320.756
322.067
323.789
326.03
328.909
332.531
319.03
319.767
320.756
322.067
323.789
326.03
328.909
332.531
320.637
321.243
322.071
323.18
324.645
326.557
329.013
332.099
323.492
323.845
324.375
325.121
326.134
327.47
329.179
331.299
323.663
324.012
324.54
325.284
326.296
327.632
329.342
331.463
320.863
321.463
322.287
323.391
324.854
326.763
329.217
332.303
319.285
320.017
321.001
322.308
324.026
326.264
329.14
332.76
319.285
320.017
321.001
322.308
324.026
326.264
329.14
332.76
320.864
321.464
322.288
323.393
324.855
326.765
329.219
332.305
323.667
324.016
324.543
325.288
326.3
327.635
329.346
331.467
323.832
324.177
324.702
325.445
326.456
327.792
329.503
331.626
321.084
321.679
322.497
323.598
325.057
326.964
329.417
332.503
319.533
320.26
321.24
322.542
324.257
326.491
329.364
332.982
319.533
320.26
321.24
322.542
324.257
326.491
329.364
332.982
321.085
321.68
322.499
323.6
325.059
326.966
329.418
332.504
323.836
324.181
324.706
325.449
326.46
327.796
329.507
331.63
323.996
324.337
324.859
325.6
326.611
327.947
329.659
331.783
321.299
321.888
322.702
323.799
325.255
327.16
329.61
332.696
319.776
320.497
321.472
322.77
324.481
326.712
329.581
333.197
319.776
320.497
321.472
322.771
324.481
326.712
329.581
333.197
321.3
321.89
322.704
323.8
325.256
327.161
329.612
332.698
324
324.341
324.864
325.604
326.615
327.951
329.663
331.788
324.155
324.493
325.012
325.751
326.761
328.097
329.81
331.935
321.508
322.092
322.901
323.994
325.446
327.349
329.798
332.883
320.012
320.728
321.699
322.992
324.699
326.926
329.792
333.406
320.013
320.728
321.699
322.993
324.699
326.926
329.793
333.406
321.51
322.094
322.903
323.996
325.448
327.351
329.8
332.885
324.16
324.497
325.016
325.755
326.765
328.101
329.815
331.94
324.31
324.643
325.16
325.897
326.906
328.242
329.956
332.083
321.712
322.291
323.095
324.183
325.633
327.532
329.98
333.065
320.243
320.954
321.919
323.208
324.911
327.134
329.997
333.608
320.244
320.954
321.919
323.209
324.911
327.135
329.998
333.609
321.714
322.292
323.097
324.185
325.635
327.535
329.982
333.067
324.314
324.648
325.164
325.902
326.911
328.247
329.961
332.088
324.46
324.789
325.303
326.039
327.047
328.383
330.098
332.226
321.911
322.484
323.283
324.368
325.814
327.711
330.157
333.241
320.469
321.174
322.134
323.418
325.117
327.336
330.196
333.805
320.469
321.174
322.134
323.419
325.117
327.337
330.197
333.806
321.912
322.485
323.285
324.37
325.816
327.713
330.159
333.244
324.464
324.794
325.308
326.044
327.052
328.388
330.103
332.231
324.605
324.931
325.442
326.176
327.184
328.52
330.235
332.364
322.104
322.672
323.467
324.547
325.989
327.884
330.328
333.412
320.689
321.388
322.343
323.623
325.317
327.533
330.389
333.996
320.689
321.388
322.344
323.624
325.318
327.533
330.39
333.997
322.106
322.674
323.468
324.549
325.991
327.886
330.33
333.415
324.61
324.936
325.447
326.181
327.189
328.525
330.241
332.37
324.746
325.068
325.577
326.309
327.316
328.652
330.368
332.499
322.293
322.855
323.645
324.721
326.16
328.052
330.494
333.578
320.904
321.597
322.547
323.822
325.512
327.724
330.577
334.182
320.904
321.598
322.548
323.823
325.513
327.725
330.578
334.183
322.295
322.857
323.647
324.723
326.162
328.055
330.497
333.581
324.751
325.074
325.582
326.314
327.321
328.658
330.374
332.504
324.883
325.202
325.708
326.438
327.444
328.78
330.497
332.629
322.476
323.033
323.818
324.89
326.326
328.215
330.656
333.74
321.114
321.801
322.746
324.016
325.702
327.91
330.76
334.362
321.114
321.802
322.747
324.017
325.702
327.91
330.76
334.363
322.478
323.035
323.821
324.893
326.328
328.218
330.659
333.742
324.889
325.207
325.714
326.444
327.45
328.786
330.503
332.635
325.016
325.332
325.835
326.563
327.569
328.905
330.623
332.755
322.655
323.207
323.987
325.055
326.487
328.374
330.813
333.896
321.318
322
322.94
324.205
325.886
328.09
330.937
334.538
321.319
322.001
322.941
324.206
325.887
328.091
330.938
334.538
322.658
323.209
323.99
325.057
326.49
328.377
330.816
333.899
325.022
325.337
325.841
326.569
327.574
328.911
330.629
332.761
325.146
325.457
325.958
326.685
327.689
329.026
330.744
332.878
322.83
323.376
324.152
325.215
326.644
328.528
330.966
334.048
321.518
322.195
323.129
324.39
326.066
328.266
331.109
334.708
321.519
322.195
323.13
324.39
326.067
328.267
331.11
334.709
322.832
323.378
324.154
325.218
326.647
328.531
330.969
334.051
325.151
325.463
325.964
326.691
327.695
329.032
330.75
332.884
325.271
325.58
326.078
326.803
327.807
329.143
330.862
332.996
323
323.541
324.312
325.371
326.797
328.678
331.114
334.196
321.713
322.384
323.313
324.569
326.241
328.437
331.277
334.874
321.714
322.385
323.314
324.57
326.242
328.438
331.278
334.874
323.002
323.543
324.314
325.374
326.8
328.681
331.117
334.199
325.277
325.586
326.084
326.809
327.813
329.149
330.868
333.003
325.393
325.698
326.194
326.918
327.92
329.256
330.976
333.112
323.166
323.701
324.468
325.523
326.945
328.824
331.258
334.34
321.904
322.569
323.493
324.744
326.411
328.604
331.44
335.035
321.904
322.57
323.493
324.744
326.412
328.604
331.441
335.035
323.168
323.704
324.47
325.526
326.948
328.827
331.261
334.343
325.4
325.705
326.201
326.924
327.927
329.263
330.983
333.119
325.512
325.814
326.307
327.029
328.031
329.367
331.087
333.224
323.327
323.858
324.619
325.671
327.089
328.966
331.398
334.479
322.09
322.749
323.668
324.914
326.577
328.765
331.599
335.191
322.091
322.75
323.669
324.915
326.578
328.766
331.6
335.192
323.33
323.86
324.622
325.674
327.093
328.969
331.402
334.483
325.518
325.82
326.314
327.036
328.037
329.374
331.094
333.231
325.627
325.926
326.417
327.137
328.138
329.474
331.195
333.332
323.485
324.01
324.767
325.814
327.23
329.103
331.534
334.615
322.272
322.925
323.839
325.08
326.739
328.923
331.753
335.343
322.272
322.926
323.84
325.081
326.74
328.924
331.754
335.344
323.488
324.013
324.77
325.818
327.233
329.107
331.538
334.619
325.634
325.933
326.424
327.144
328.145
329.481
331.202
333.34
325.739
326.035
326.523
327.242
328.242
329.578
331.299
333.438
323.639
324.158
324.911
325.954
327.366
329.238
331.666
334.747
322.449
323.097
324.005
325.242
326.896
329.076
331.903
335.492
322.45
323.098
324.006
325.243
326.897
329.077
331.904
335.493
323.642
324.162
324.914
325.958
327.37
329.241
331.67
334.751
325.746
326.042
326.531
327.249
328.249
329.585
331.307
333.445
325.848
326.141
326.627
327.344
328.343
329.679
331.401
333.54
323.789
324.303
325.051
326.091
327.499
329.368
331.795
334.875
322.622
323.265
324.168
325.399
327.049
329.226
332.049
335.636
322.623
323.266
324.169
325.4
327.05
329.227
332.05
335.637
323.792
324.306
325.055
326.094
327.503
329.372
331.799
334.879
325.856
326.148
326.634
327.351
328.351
329.687
331.408
333.548
325.954
326.244
326.728
327.443
328.441
329.777
331.499
333.64
323.935
324.444
325.188
326.223
327.629
329.495
331.92
335
322.792
323.429
324.326
325.553
327.199
329.371
332.191
335.776
322.792
323.429
324.327
325.554
327.2
329.372
332.193
335.777
323.938
324.448
325.192
326.227
327.633
329.499
331.925
335.004
325.962
326.251
326.735
327.451
328.449
329.785
331.507
333.648
326.057
326.344
326.825
327.539
328.537
329.872
331.595
333.736
324.077
324.582
325.321
326.353
327.755
329.618
332.042
335.122
322.957
323.588
324.481
325.703
327.344
329.513
332.33
335.913
322.958
323.589
324.482
325.704
327.345
329.514
332.331
335.914
324.08
324.585
325.325
326.357
327.759
329.622
332.047
335.126
326.065
326.351
326.833
327.547
328.545
329.88
331.603
333.745
326.158
326.441
326.92
327.633
328.629
329.965
331.688
333.83
324.216
324.716
325.451
326.478
327.877
329.738
332.161
335.24
323.118
323.744
324.632
325.849
327.486
329.651
332.465
336.045
323.119
323.745
324.633
325.85
327.487
329.652
332.466
336.047
324.219
324.72
325.455
326.483
327.881
329.743
332.165
335.244
326.166
326.449
326.929
327.641
328.638
329.973
331.696
333.839
326.255
326.535
327.013
327.723
328.719
330.055
331.778
333.921
324.352
324.847
325.577
326.601
327.997
329.855
332.276
335.354
323.276
323.896
324.779
325.991
327.624
329.785
332.596
336.175
323.277
323.897
324.78
325.992
327.625
329.786
332.597
336.176
324.355
324.85
325.581
326.605
328.001
329.86
332.281
335.359
326.263
326.544
327.021
327.732
328.728
330.063
331.787
333.93
326.35
326.627
327.102
327.812
328.807
330.142
331.866
334.01
324.484
324.974
325.7
326.72
328.113
329.969
332.388
335.466
323.43
324.045
324.922
326.13
327.758
329.916
332.723
336.301
323.431
324.046
324.923
326.131
327.76
329.917
332.725
336.302
324.487
324.978
325.704
326.725
328.117
329.974
332.393
335.471
326.358
326.636
327.111
327.82
328.815
330.151
331.875
334.019
326.442
326.716
327.19
327.897
328.892
330.227
331.951
334.096
324.612
325.098
325.82
326.836
328.226
330.079
332.497
335.575
323.58
324.189
325.062
326.265
327.889
330.043
332.848
336.423
323.581
324.191
325.063
326.266
327.891
330.044
332.849
336.424
324.616
325.102
325.824
326.841
328.23
330.084
332.502
335.579
326.451
326.725
327.198
327.906
328.9
330.236
331.96
334.105
326.532
326.803
327.274
327.981
328.974
330.309
332.034
334.179
324.738
325.219
325.937
326.95
328.336
330.187
332.603
335.68
323.727
324.331
325.199
326.397
328.017
330.167
332.969
336.542
323.728
324.332
325.2
326.399
328.019
330.169
332.97
336.544
324.742
325.223
325.942
326.954
328.341
330.192
332.608
335.685
326.541
326.812
327.283
327.99
328.983
330.318
332.043
334.189
326.618
326.887
327.356
328.061
329.054
330.389
332.114
334.26
324.86
325.336
326.05
327.059
328.442
330.291
332.706
335.783
323.869
324.468
325.331
326.525
328.141
330.287
333.086
336.658
323.87
324.469
325.332
326.526
328.142
330.289
333.088
336.659
324.864
325.341
326.055
327.064
328.447
330.297
332.711
335.788
326.627
326.897
327.366
328.07
329.063
330.398
332.123
334.27
326.705
326.972
327.438
328.142
329.134
330.468
332.194
334.341
324.983
325.455
326.164
327.17
328.55
330.396
332.809
335.885
324.013
324.607
325.465
326.654
328.265
330.408
333.204
336.774
324.014
324.608
325.466
326.655
328.267
330.41
333.206
336.776
324.987
325.459
326.169
327.175
328.555
330.401
332.814
335.891
326.715
326.981
327.448
328.151
329.143
330.478
332.204
334.351
326.777
327.041
327.506
328.209
329.2
330.534
332.26
334.408
325.084
325.552
326.258
327.261
328.638
330.483
332.894
335.97
324.132
324.721
325.575
326.76
328.368
330.508
333.302
336.87
324.133
324.722
325.576
326.762
328.37
330.51
333.303
336.872
325.089
325.557
326.263
327.266
328.643
330.488
332.9
335.976
326.787
327.051
327.516
328.218
329.21
330.544
332.27
334.418
326.904
327.164
327.626
328.326
329.316
330.65
332.376
334.525
325.264
325.725
326.425
327.422
328.795
330.635
333.044
336.12
324.343
324.924
325.771
326.949
328.551
330.684
333.473
337.039
324.344
324.926
325.772
326.951
328.552
330.686
333.475
337.041
325.269
325.73
326.43
327.427
328.8
330.641
333.05
336.125
326.914
327.174
327.636
328.336
329.326
330.66
332.387
334.535
298.399
298.427
298.475
298.557
298.697
298.948
299.429
300.452
298.194
298.205
298.225
298.261
298.335
298.502
298.924
300.118
298.15
298.152
298.159
298.174
298.214
298.332
298.709
299.976
298.15
298.152
298.159
298.174
298.214
298.332
298.709
299.976
298.194
298.205
298.225
298.261
298.335
298.502
298.924
300.118
298.399
298.427
298.475
298.557
298.697
298.948
299.429
300.452
299.38
299.504
299.696
299.995
300.471
301.231
302.442
304.292
298.469
298.538
298.654
298.856
299.223
299.915
301.245
303.703
298.261
298.295
298.363
298.499
298.778
299.376
300.682
303.392
298.261
298.295
298.363
298.499
298.778
299.376
300.682
303.392
298.469
298.538
298.654
298.856
299.223
299.915
301.245
303.703
299.38
299.504
299.696
299.995
300.471
301.231
302.442
304.292
300.705
300.922
301.235
301.692
302.364
303.355
304.786
306.757
299.023
299.176
299.418
299.807
300.451
301.532
303.33
306.132
298.562
298.656
298.823
299.123
299.671
300.691
302.572
305.779
298.562
298.656
298.823
299.123
299.671
300.691
302.572
305.779
299.023
299.176
299.418
299.807
300.451
301.532
303.33
306.132
300.705
300.922
301.235
301.692
302.364
303.355
304.786
306.757
301.896
302.178
302.57
303.119
303.892
304.98
306.483
308.48
299.67
299.906
300.259
300.797
301.634
302.942
304.946
307.84
298.971
299.133
299.401
299.851
300.616
301.923
304.103
307.466
298.971
299.133
299.401
299.851
300.616
301.923
304.103
307.466
299.67
299.906
300.259
300.797
301.634
302.942
304.946
307.84
301.896
302.178
302.57
303.119
303.892
304.98
306.483
308.48
302.961
303.287
303.728
304.333
305.165
306.304
307.844
309.855
300.364
300.673
301.117
301.769
302.738
304.181
306.29
309.224
299.458
299.691
300.055
300.634
301.565
303.063
305.409
308.842
299.458
299.691
300.055
300.634
301.565
303.063
305.409
308.842
300.364
300.673
301.117
301.769
302.738
304.181
306.29
309.224
302.961
303.287
303.728
304.333
305.165
306.304
307.844
309.855
303.938
304.292
304.766
305.406
306.275
307.448
309.011
311.033
301.069
301.438
301.956
302.693
303.754
305.284
307.459
310.42
299.992
300.292
300.742
301.427
302.484
304.111
306.56
310.037
299.992
300.292
300.742
301.427
302.484
304.111
306.56
310.037
301.069
301.438
301.956
302.693
303.754
305.284
307.459
310.42
303.938
304.292
304.766
305.406
306.275
307.448
309.011
311.033
304.837
305.211
305.708
306.374
307.268
308.465
310.046
312.075
301.756
302.175
302.751
303.554
304.685
306.28
308.502
311.483
300.542
300.902
301.425
302.198
303.352
305.075
307.599
311.108
300.542
300.902
301.425
302.198
303.352
305.075
307.599
311.108
301.756
302.175
302.751
303.554
304.685
306.28
308.502
311.483
304.837
305.211
305.708
306.374
307.268
308.465
310.046
312.075
305.679
306.068
306.582
307.267
308.18
309.394
310.988
313.023
302.423
302.882
303.506
304.361
305.548
307.194
309.454
312.451
301.095
301.507
302.093
302.939
304.172
305.972
308.553
312.086
301.095
301.507
302.093
302.939
304.172
305.972
308.553
312.086
302.423
302.882
303.505
304.361
305.548
307.194
309.454
312.451
305.679
306.068
306.582
307.267
308.18
309.394
310.988
313.023
306.474
306.875
307.402
308.102
309.03
310.258
311.861
313.901
303.071
303.563
304.225
305.124
306.356
308.044
310.334
313.344
301.644
302.101
302.741
303.649
304.949
306.811
309.439
312.992
301.644
302.101
302.741
303.649
304.949
306.811
309.439
312.992
303.071
303.563
304.225
305.124
306.355
308.044
310.334
313.344
306.474
306.875
307.402
308.102
309.03
310.258
311.861
313.901
307.23
307.64
308.179
308.89
309.83
311.069
312.68
314.723
303.7
304.221
304.915
305.85
307.119
308.841
311.157
314.177
302.186
302.683
303.37
304.331
305.687
307.602
310.269
313.837
302.186
302.683
303.37
304.331
305.687
307.602
310.269
313.837
303.7
304.221
304.915
305.85
307.119
308.841
311.157
314.177
307.23
307.64
308.179
308.89
309.83
311.069
312.68
314.723
307.952
308.371
308.919
309.639
310.59
311.837
313.455
315.5
304.314
304.858
305.58
306.545
307.845
309.596
311.933
314.962
302.722
303.254
303.981
304.988
306.392
308.352
311.051
314.632
302.722
303.254
303.981
304.988
306.392
308.352
311.051
314.632
304.314
304.858
305.58
306.545
307.845
309.596
311.933
314.962
307.952
308.371
308.918
309.639
310.589
311.837
313.454
315.5
308.646
309.071
309.626
310.355
311.314
312.568
314.192
316.24
304.913
305.477
306.222
307.214
308.54
310.316
312.67
315.707
303.251
303.813
304.576
305.622
307.068
309.066
311.793
315.385
303.251
303.813
304.576
305.622
307.068
309.066
311.793
315.385
304.913
305.477
306.222
307.214
308.54
310.316
312.67
315.707
308.645
309.071
309.626
310.355
311.314
312.568
314.191
316.24
309.312
309.743
310.305
311.041
312.007
313.268
314.895
316.946
305.498
306.08
306.846
307.859
309.209
311.005
313.374
316.417
303.773
304.361
305.155
306.237
307.718
309.75
312.501
316.103
303.773
304.361
305.155
306.237
307.718
309.75
312.501
316.103
305.498
306.08
306.845
307.859
309.209
311.005
313.374
316.417
309.312
309.743
310.305
311.041
312.007
313.268
314.895
316.945
309.955
310.39
310.958
311.7
312.671
313.938
315.57
317.622
306.071
306.668
307.451
308.484
309.854
311.668
314.05
317.099
304.289
304.901
305.722
306.834
308.347
310.407
313.179
316.789
304.289
304.901
305.722
306.834
308.347
310.407
313.179
316.789
306.071
306.668
307.451
308.484
309.853
311.668
314.05
317.099
309.955
310.39
310.957
311.7
312.671
313.938
315.57
317.621
310.574
311.014
311.585
312.333
313.31
314.581
316.217
318.27
306.631
307.242
308.041
309.091
310.477
312.307
314.701
317.754
304.798
305.431
306.276
307.415
308.956
311.042
313.832
317.449
304.798
305.431
306.276
307.415
308.956
311.042
313.832
317.449
306.631
307.242
308.041
309.091
310.477
312.307
314.701
317.754
310.574
311.013
311.585
312.333
313.31
314.581
316.216
318.27
311.172
311.615
312.19
312.942
313.924
315.2
316.838
318.893
307.181
307.803
308.616
309.68
311.082
312.925
315.328
318.386
305.301
305.953
306.82
307.982
309.548
311.656
314.462
318.086
305.301
305.953
306.82
307.982
309.548
311.656
314.462
318.086
307.181
307.803
308.615
309.68
311.082
312.925
315.328
318.385
311.172
311.614
312.19
312.942
313.924
315.2
316.838
318.893
311.75
312.194
312.773
313.529
314.515
315.795
317.436
319.493
307.719
308.352
309.176
310.254
311.668
313.524
315.936
318.996
305.798
306.467
307.353
308.537
310.124
312.252
315.073
318.702
305.798
306.467
307.353
308.537
310.124
312.252
315.072
318.702
307.719
308.352
309.176
310.254
311.668
313.524
315.935
318.996
311.749
312.194
312.773
313.528
314.514
315.795
317.436
319.493
312.308
312.754
313.335
314.094
315.084
316.368
318.012
320.07
308.246
308.888
309.723
310.812
312.238
314.104
316.523
319.587
306.289
306.973
307.877
309.079
310.686
312.832
315.665
319.299
306.289
306.973
307.877
309.079
310.686
312.832
315.665
319.298
308.246
308.888
309.722
310.812
312.238
314.104
316.523
319.587
312.307
312.754
313.335
314.094
315.084
316.367
318.012
320.07
312.847
313.295
313.878
314.64
315.633
316.92
318.567
320.627
308.763
309.413
310.256
311.356
312.792
314.668
317.093
320.16
306.774
307.471
308.391
309.611
311.235
313.396
316.24
319.878
306.774
307.471
308.391
309.611
311.235
313.396
316.24
319.878
308.762
309.413
310.256
311.356
312.792
314.667
317.093
320.159
312.847
313.294
313.878
314.64
315.633
316.92
318.567
320.627
313.369
313.817
314.402
315.166
316.163
317.453
319.103
321.164
309.269
309.926
310.777
311.886
313.332
315.215
317.647
320.715
307.253
307.963
308.896
310.131
311.772
313.947
316.8
320.442
307.253
307.962
308.896
310.131
311.772
313.947
316.8
320.442
309.269
309.926
310.777
311.886
313.331
315.215
317.646
320.715
313.369
313.817
314.402
315.166
316.162
317.452
319.102
321.163
313.874
314.322
314.908
315.675
316.674
317.967
319.619
321.682
309.765
310.428
311.286
312.403
313.856
315.747
318.184
321.254
307.726
308.446
309.393
310.642
312.296
314.484
317.346
320.991
307.726
308.446
309.393
310.642
312.296
314.484
317.346
320.991
309.764
310.427
311.286
312.402
313.856
315.747
318.183
321.254
313.873
314.322
314.908
315.674
316.673
317.966
319.619
321.681
314.362
314.81
315.398
316.166
317.167
318.463
320.118
322.182
310.251
310.919
311.783
312.906
314.368
316.265
318.706
321.778
308.193
308.923
309.881
311.143
312.81
315.008
317.879
321.526
308.193
308.923
309.881
311.143
312.81
315.008
317.878
321.526
310.25
310.918
311.783
312.906
314.367
316.264
318.705
321.778
314.362
314.81
315.397
316.165
317.167
318.463
320.117
322.182
314.835
315.283
315.87
316.64
317.644
318.942
320.599
322.665
310.726
311.399
312.269
313.398
314.865
316.768
319.213
322.288
308.654
309.393
310.361
311.634
313.312
315.521
318.398
322.048
308.654
309.393
310.361
311.634
313.312
315.521
318.398
322.048
310.726
311.398
312.268
313.398
314.865
316.768
319.213
322.287
314.835
315.282
315.87
316.64
317.643
318.942
320.599
322.665
315.293
315.74
316.327
317.098
318.104
319.405
321.064
323.132
311.192
311.868
312.743
313.877
315.35
317.258
319.707
322.783
309.108
309.855
310.832
312.116
313.804
316.022
318.905
322.557
309.108
309.855
310.832
312.116
313.804
316.022
318.905
322.556
311.192
311.868
312.743
313.877
315.35
317.258
319.706
322.782
315.292
315.739
316.327
317.098
318.103
319.404
321.064
323.132
315.736
316.181
316.769
317.541
318.548
319.852
321.513
323.583
311.649
312.327
313.206
314.345
315.823
317.735
320.187
323.264
309.556
310.31
311.296
312.588
314.286
316.512
319.4
323.053
309.556
310.31
311.296
312.588
314.286
316.512
319.4
323.053
311.648
312.327
313.205
314.344
315.822
317.735
320.186
323.264
315.735
316.181
316.769
317.54
318.548
319.851
321.513
323.583
316.165
316.609
317.196
317.968
318.977
320.283
321.947
324.019
312.095
312.776
313.658
314.801
316.283
318.199
320.654
323.732
309.998
310.758
311.751
313.052
314.758
316.991
319.883
323.538
309.997
310.758
311.751
313.051
314.758
316.991
319.883
323.537
312.095
312.776
313.657
314.8
316.282
318.199
320.653
323.732
316.164
316.608
317.196
317.968
318.977
320.282
321.947
324.018
316.58
317.022
317.609
318.382
319.392
320.7
322.366
324.44
312.533
313.215
314.099
315.245
316.731
318.651
321.108
324.187
310.433
311.199
312.198
313.506
315.22
317.459
320.355
324.011
310.433
311.198
312.198
313.506
315.219
317.459
320.355
324.01
312.532
313.215
314.099
315.245
316.73
318.65
321.107
324.187
316.579
317.021
317.608
318.381
319.392
320.699
322.366
324.439
316.981
317.421
318.007
318.781
319.792
321.102
322.771
324.846
312.96
313.644
314.53
315.678
317.167
319.09
321.549
324.63
310.861
311.632
312.637
313.951
315.672
317.916
320.816
324.472
310.861
311.632
312.637
313.951
315.671
317.916
320.816
324.472
312.96
313.643
314.529
315.678
317.167
319.089
321.549
324.629
316.981
317.421
318.007
318.78
319.792
321.102
322.77
324.846
317.37
317.808
318.393
319.166
320.179
321.491
323.162
325.239
313.379
314.063
314.95
316.101
317.592
319.517
321.978
325.06
311.283
312.058
313.068
314.388
316.114
318.364
321.266
324.922
311.283
312.057
313.068
314.388
316.114
318.363
321.266
324.922
313.378
314.062
314.95
316.1
317.592
319.517
321.978
325.059
317.37
317.807
318.392
319.166
320.178
321.49
323.161
325.238
317.746
318.181
318.765
319.538
320.552
321.866
323.539
325.618
313.788
314.472
315.36
316.512
318.006
319.933
322.396
325.478
311.698
312.476
313.49
314.816
316.546
318.8
321.705
325.361
311.697
312.476
313.49
314.815
316.546
318.8
321.705
325.361
313.787
314.471
315.359
316.512
318.005
319.933
322.395
325.478
317.746
318.181
318.765
319.538
320.552
321.865
323.538
325.617
318.11
318.542
319.124
319.897
320.912
322.228
323.903
325.984
314.187
314.871
315.76
316.913
318.408
320.337
322.801
325.885
312.106
312.887
313.905
315.234
316.969
319.227
322.134
325.79
312.105
312.886
313.905
315.234
316.969
319.227
322.134
325.789
314.187
314.87
315.759
316.913
318.408
320.337
322.801
325.884
318.109
318.542
319.124
319.897
320.912
322.227
323.903
325.984
318.461
318.891
319.472
320.244
321.26
322.577
324.254
326.337
314.578
315.261
316.149
317.304
318.8
320.73
323.196
326.279
312.507
313.29
314.311
315.644
317.383
319.643
322.552
326.207
312.506
313.29
314.311
315.644
317.383
319.643
322.551
326.207
314.577
315.26
316.149
317.303
318.799
320.73
323.195
326.279
318.461
318.891
319.471
320.244
321.26
322.577
324.254
326.337
318.802
319.228
319.807
320.579
321.595
322.914
324.593
326.679
314.959
315.641
316.529
317.684
319.181
321.112
323.578
326.663
312.901
313.685
314.709
316.045
317.787
320.05
322.959
326.614
312.9
313.685
314.709
316.045
317.787
320.05
322.959
326.614
314.959
315.64
316.529
317.683
319.18
321.112
323.578
326.662
318.801
319.228
319.807
320.579
321.595
322.914
324.593
326.678
319.13
319.553
320.131
320.902
321.919
323.239
324.921
327.008
315.332
316.012
316.899
318.053
319.551
321.484
323.95
327.035
313.288
314.073
315.099
316.437
318.182
320.447
323.357
327.011
313.287
314.073
315.099
316.437
318.181
320.446
323.356
327.01
315.331
316.011
316.898
318.053
319.551
321.483
323.95
327.035
319.13
319.553
320.131
320.902
321.919
323.239
324.92
327.008
319.448
319.868
320.443
321.214
322.231
323.553
325.236
327.325
315.695
316.373
317.259
318.413
319.911
321.844
324.311
327.397
313.667
314.454
315.48
316.821
318.567
320.833
323.744
327.397
313.667
314.453
315.48
316.82
318.567
320.833
323.743
327.397
315.695
316.373
317.259
318.413
319.911
321.844
324.311
327.396
319.448
319.868
320.443
321.214
322.231
323.553
325.236
327.325
319.756
320.172
320.745
321.515
322.532
323.855
325.541
327.632
316.05
316.725
317.61
318.763
320.261
322.194
324.662
327.748
314.04
314.826
315.854
317.195
318.943
321.211
324.121
327.773
314.04
314.826
315.854
317.195
318.943
321.21
324.12
327.772
316.05
316.725
317.61
318.763
320.261
322.194
324.661
327.747
319.756
320.172
320.745
321.515
322.533
323.855
325.541
327.632
320.053
320.465
321.036
321.805
322.823
324.147
325.834
327.927
316.396
317.069
317.952
319.104
320.601
322.534
325.001
328.088
314.405
315.191
316.219
317.561
319.31
321.578
324.488
328.139
314.405
315.191
316.219
317.561
319.31
321.578
324.488
328.138
316.396
317.068
317.951
319.103
320.6
322.534
325.001
328.087
320.053
320.466
321.036
321.805
322.823
324.147
325.835
327.928
320.34
320.749
321.317
322.085
323.103
324.428
326.118
328.213
316.734
317.403
318.284
319.434
320.931
322.864
325.331
328.418
314.763
315.548
316.576
317.918
319.668
321.936
324.845
328.495
314.763
315.548
316.576
317.918
319.668
321.936
324.845
328.494
316.733
317.403
318.283
319.434
320.931
322.864
325.331
328.418
320.34
320.749
321.318
322.085
323.103
324.429
326.118
328.213
320.617
321.022
321.588
322.355
323.373
324.7
326.391
328.488
317.063
317.729
318.607
319.756
321.251
323.184
325.651
328.738
315.114
315.897
316.925
318.267
320.017
322.285
325.193
328.841
315.114
315.897
316.924
318.267
320.017
322.285
325.193
328.841
317.062
317.729
318.607
319.756
321.251
323.184
325.651
328.738
320.618
321.023
321.589
322.356
323.374
324.7
326.391
328.488
320.886
321.287
321.85
322.616
323.634
324.961
326.654
328.753
317.384
318.046
318.921
320.068
321.563
323.494
325.961
329.048
315.457
316.239
317.265
318.607
320.357
322.624
325.531
329.178
315.457
316.239
317.265
318.607
320.356
322.624
325.531
329.177
317.383
318.046
318.921
320.068
321.562
323.494
325.961
329.048
320.886
321.287
321.851
322.616
323.634
324.962
326.655
328.754
321.145
321.542
322.103
322.867
323.885
325.214
326.908
329.009
317.696
318.355
319.227
320.372
321.865
323.795
326.262
329.349
315.794
316.573
317.598
318.939
320.688
322.955
325.86
329.505
315.793
316.573
317.598
318.939
320.688
322.954
325.86
329.505
317.696
318.355
319.227
320.372
321.864
323.795
326.262
329.349
321.146
321.543
322.104
322.868
323.886
325.214
326.909
329.01
321.396
321.789
322.347
323.11
324.127
325.457
327.153
329.256
318.001
318.655
319.524
320.666
322.158
324.087
326.553
329.641
316.123
316.9
317.923
319.263
321.01
323.276
326.18
329.823
316.123
316.9
317.923
319.263
321.01
323.276
326.179
329.822
318
318.655
319.524
320.666
322.158
324.087
326.553
329.641
321.397
321.79
322.348
323.111
324.129
325.458
327.154
329.257
321.638
322.027
322.583
323.344
324.361
325.692
327.389
329.494
318.297
318.948
319.813
320.953
322.442
324.371
326.836
329.923
316.445
317.219
318.24
319.578
321.324
323.588
326.49
330.131
316.445
317.219
318.24
319.578
321.324
323.588
326.49
330.131
318.297
318.947
319.813
320.953
322.442
324.371
326.836
329.923
321.639
322.028
322.584
323.345
324.363
325.693
327.39
329.495
321.872
322.257
322.81
323.57
324.587
325.918
327.617
329.724
318.586
319.232
320.094
321.231
322.718
324.645
327.11
330.197
316.76
317.531
318.549
319.885
321.63
323.892
326.792
330.431
316.759
317.531
318.549
319.885
321.63
323.892
326.792
330.431
318.586
319.232
320.094
321.231
322.718
324.645
327.11
330.197
321.873
322.259
322.812
323.571
324.588
325.92
327.619
329.725
322.099
322.48
323.03
323.788
324.805
326.137
327.837
329.946
318.867
319.509
320.367
321.5
322.985
324.911
327.375
330.462
317.067
317.835
318.851
320.184
321.927
324.187
327.085
330.722
317.067
317.835
318.851
320.184
321.927
324.187
327.085
330.722
318.867
319.509
320.367
321.501
322.986
324.911
327.375
330.462
322.1
322.481
323.031
323.789
324.806
326.138
327.839
329.947
322.318
322.695
323.242
323.999
325.015
326.348
328.05
330.16
319.141
319.778
320.632
321.762
323.245
325.169
327.632
330.719
317.368
318.132
319.145
320.476
322.216
324.474
327.37
331.005
317.368
318.132
319.145
320.476
322.216
324.474
327.37
331.005
319.141
319.778
320.632
321.763
323.245
325.169
327.632
330.719
322.32
322.697
323.244
324
325.017
326.349
328.051
330.161
322.53
322.903
323.447
324.202
325.218
326.551
328.255
330.366
319.408
320.04
320.89
322.017
323.497
325.419
327.881
330.968
317.662
318.422
319.431
320.76
322.497
324.753
327.646
331.279
317.662
318.422
319.431
320.76
322.497
324.753
327.646
331.279
319.408
320.04
320.89
322.017
323.497
325.419
327.881
330.968
322.532
322.905
323.449
324.204
325.22
326.553
328.256
330.368
322.735
323.104
323.646
324.399
325.414
326.748
328.452
330.566
319.667
320.294
321.14
322.264
323.741
325.661
328.122
331.209
317.949
318.705
319.711
321.036
322.771
325.024
327.914
331.545
317.949
318.705
319.71
321.036
322.771
325.024
327.914
331.545
319.668
320.294
321.14
322.264
323.741
325.662
328.122
331.209
322.737
323.106
323.648
324.401
325.416
326.75
328.454
330.568
322.934
323.298
323.837
324.589
325.604
326.938
328.644
330.759
319.92
320.542
321.383
322.503
323.978
325.896
328.355
331.443
318.229
318.981
319.983
321.305
323.037
325.287
328.175
331.804
318.229
318.981
319.983
321.305
323.037
325.287
328.175
331.804
319.92
320.542
321.384
322.504
323.978
325.897
328.356
331.443
322.936
323.301
323.84
324.591
325.606
326.94
328.646
330.761
323.126
323.487
324.023
324.772
325.787
327.121
328.828
330.945
320.166
320.782
321.62
322.736
324.208
326.124
328.582
331.669
318.503
319.25
320.248
321.566
323.295
325.543
328.427
332.054
318.503
319.25
320.248
321.566
323.295
325.543
328.427
332.054
320.166
320.783
321.62
322.736
324.208
326.125
328.582
331.669
323.128
323.489
324.025
324.775
325.789
327.124
328.831
330.947
323.312
323.669
324.202
324.95
325.964
327.298
329.007
331.125
320.406
321.017
321.849
322.962
324.43
326.345
328.801
331.888
318.771
319.513
320.506
321.821
323.546
325.791
328.672
332.297
318.77
319.513
320.506
321.821
323.546
325.791
328.673
332.297
320.406
321.017
321.85
322.962
324.431
326.345
328.802
331.889
323.315
323.671
324.205
324.953
325.966
327.301
329.009
331.128
323.492
323.845
324.376
325.122
326.135
327.47
329.179
331.299
320.639
321.244
322.072
323.181
324.647
326.559
329.014
332.1
319.031
319.769
320.758
322.068
323.791
326.032
328.91
332.533
319.031
319.769
320.758
322.069
323.791
326.032
328.911
332.533
320.639
321.245
322.073
323.182
324.648
326.56
329.015
332.101
323.495
323.848
324.379
325.125
326.138
327.473
329.182
331.302
323.667
324.016
324.544
325.288
326.3
327.636
329.346
331.467
320.866
321.466
322.289
323.394
324.857
326.766
329.22
332.306
319.286
320.018
321.003
322.31
324.028
326.266
329.141
332.762
319.286
320.018
321.003
322.31
324.028
326.266
329.142
332.762
320.866
321.467
322.29
323.395
324.858
326.767
329.221
332.307
323.67
324.019
324.547
325.291
326.303
327.639
329.349
331.47
323.837
324.181
324.706
325.449
326.461
327.796
329.508
331.63
321.087
321.682
322.5
323.601
325.06
326.967
329.42
332.506
319.535
320.262
321.242
322.544
324.259
326.493
329.366
332.984
319.535
320.262
321.242
322.544
324.259
326.493
329.366
332.984
321.087
321.682
322.501
323.602
325.061
326.969
329.421
332.507
323.84
324.185
324.71
325.452
326.464
327.8
329.511
331.634
324.001
324.342
324.864
325.605
326.616
327.952
329.664
331.788
321.302
321.891
322.705
323.802
325.258
327.163
329.613
332.699
319.778
320.499
321.474
322.772
324.483
326.714
329.583
333.199
319.778
320.499
321.474
322.772
324.483
326.714
329.583
333.199
321.303
321.892
322.706
323.803
325.259
327.164
329.615
332.7
324.004
324.346
324.868
325.608
326.619
327.955
329.667
331.791
324.16
324.497
325.017
325.756
326.766
328.102
329.815
331.941
321.511
322.095
322.905
323.997
325.45
327.352
329.801
332.887
320.014
320.73
321.701
322.994
324.701
326.928
329.794
333.408
320.014
320.73
321.701
322.995
324.701
326.928
329.795
333.408
321.512
322.096
322.906
323.998
325.451
327.354
329.803
332.888
324.164
324.501
325.021
325.76
326.77
328.106
329.819
331.944
324.315
324.648
325.165
325.902
326.911
328.248
329.962
332.088
321.716
322.294
323.098
324.187
325.636
327.536
329.984
333.069
320.246
320.956
321.921
323.211
324.913
327.137
330
333.611
320.246
320.956
321.922
323.211
324.913
327.137
330
333.611
321.717
322.295
323.1
324.188
325.638
327.538
329.985
333.07
324.319
324.652
325.169
325.906
326.915
328.252
329.966
332.092
324.465
324.795
325.309
326.044
327.052
328.389
330.104
332.232
321.914
322.487
323.287
324.371
325.817
327.715
330.16
333.245
320.471
321.176
322.137
323.421
325.119
327.339
330.199
333.808
320.471
321.176
322.137
323.421
325.12
327.339
330.199
333.809
321.915
322.489
323.288
324.373
325.819
327.716
330.162
333.247
324.469
324.799
325.313
326.048
327.057
328.393
330.108
332.236
324.61
324.937
325.448
326.182
327.189
328.525
330.241
332.37
322.108
322.676
323.47
324.551
325.993
327.888
330.332
333.417
320.692
321.391
322.346
323.626
325.32
327.536
330.392
334
320.692
321.391
322.346
323.626
325.32
327.536
330.393
334
322.109
322.677
323.472
324.552
325.995
327.89
330.334
333.418
324.615
324.941
325.452
326.186
327.194
328.53
330.245
332.375
324.752
325.074
325.583
326.315
327.322
328.658
330.374
332.505
322.297
322.859
323.649
324.725
326.164
328.056
330.499
333.583
320.907
321.6
322.55
323.825
325.515
327.727
330.58
334.185
320.907
321.601
322.551
323.826
325.516
327.728
330.581
334.186
322.298
322.86
323.651
324.727
326.166
328.058
330.501
333.585
324.756
325.079
325.588
326.32
327.326
328.663
330.379
332.509
324.889
325.208
325.714
326.444
327.45
328.787
330.504
332.635
322.481
323.037
323.823
324.895
326.33
328.22
330.661
333.744
321.117
321.805
322.749
324.02
325.705
327.913
330.763
334.366
321.117
321.805
322.75
324.02
325.706
327.914
330.764
334.366
322.482
323.039
323.825
324.897
326.332
328.222
330.663
333.747
324.894
325.213
325.719
326.449
327.455
328.792
330.509
332.64
325.022
325.338
325.841
326.57
327.575
328.911
330.629
332.762
322.66
323.211
323.992
325.06
326.492
328.379
330.818
333.901
321.322
322.004
322.943
324.209
325.89
328.094
330.941
334.541
321.322
322.004
322.944
324.209
325.891
328.095
330.941
334.542
322.662
323.213
323.994
325.062
326.494
328.381
330.82
333.904
325.028
325.343
325.847
326.575
327.58
328.916
330.634
332.767
325.152
325.464
325.965
326.692
327.696
329.032
330.751
332.884
322.835
323.381
324.157
325.22
326.649
328.533
330.971
334.054
321.522
322.198
323.133
324.393
326.07
328.27
331.113
334.712
321.522
322.199
323.133
324.394
326.071
328.271
331.114
334.713
322.836
323.383
324.159
325.222
326.651
328.536
330.973
334.056
325.157
325.469
325.97
326.697
327.701
329.038
330.756
332.89
325.278
325.587
326.085
326.81
327.814
329.15
330.869
333.004
323.005
323.546
324.317
325.376
326.802
328.684
331.119
334.202
321.717
322.388
323.317
324.573
326.245
328.441
331.281
334.878
321.717
322.388
323.318
324.573
326.246
328.442
331.282
334.879
323.007
323.548
324.319
325.379
326.804
328.686
331.122
334.204
325.283
325.592
326.091
326.816
327.819
329.155
330.874
333.009
325.4
325.706
326.202
326.925
327.928
329.264
330.983
333.119
323.171
323.707
324.473
325.529
326.951
328.83
331.264
334.346
321.908
322.573
323.497
324.748
326.416
328.608
331.445
335.039
321.908
322.574
323.498
324.749
326.416
328.609
331.445
335.04
323.173
323.709
324.475
325.531
326.953
328.832
331.266
334.348
325.406
325.711
326.207
326.931
327.933
329.269
330.989
333.125
325.519
325.821
326.315
327.036
328.038
329.374
331.095
333.231
323.333
323.863
324.625
325.677
327.095
328.972
331.404
334.485
322.094
322.754
323.672
324.918
326.582
328.77
331.603
335.196
322.095
322.754
323.673
324.919
326.582
328.771
331.604
335.197
323.335
323.865
324.628
325.679
327.098
328.974
331.407
334.488
325.525
325.827
326.321
327.043
328.044
329.38
331.1
333.237
325.635
325.934
326.425
327.145
328.146
329.482
331.202
333.34
323.491
324.016
324.773
325.821
327.236
329.11
331.54
334.621
322.276
322.93
323.843
325.085
326.744
328.928
331.758
335.348
322.277
322.931
323.844
325.085
326.744
328.929
331.759
335.349
323.493
324.018
324.776
325.823
327.239
329.113
331.543
334.624
325.641
325.94
326.431
327.151
328.152
329.488
331.209
333.346
325.747
326.043
326.532
327.25
328.25
329.586
331.307
333.446
323.645
324.165
324.917
325.961
327.373
329.244
331.673
334.754
322.454
323.102
324.01
325.247
326.901
329.082
331.908
335.497
322.454
323.103
324.011
325.247
326.902
329.082
331.909
335.498
323.647
324.167
324.92
325.964
327.376
329.247
331.676
334.757
325.754
326.049
326.538
327.256
328.257
329.592
331.314
333.452
325.857
326.149
326.635
327.352
328.351
329.687
331.409
333.549
323.795
324.31
325.058
326.097
327.506
329.375
331.802
334.882
322.627
323.27
324.173
325.405
327.055
329.231
332.055
335.641
322.628
323.271
324.174
325.405
327.055
329.232
332.056
335.642
323.797
324.312
325.061
326.1
327.509
329.378
331.805
334.885
325.863
326.156
326.642
327.359
328.358
329.694
331.416
333.555
325.963
326.252
326.736
327.452
328.45
329.786
331.508
333.648
323.941
324.451
325.195
326.23
327.636
329.502
331.927
335.007
322.797
323.434
324.332
325.558
327.204
329.377
332.197
335.782
322.798
323.435
324.333
325.559
327.205
329.378
332.198
335.783
323.944
324.454
325.198
326.234
327.639
329.505
331.931
335.011
325.97
326.259
326.743
327.458
328.457
329.792
331.515
333.655
326.066
326.352
326.834
327.548
328.546
329.881
331.604
333.745
324.084
324.589
325.328
326.36
327.762
329.625
332.049
335.129
322.962
323.594
324.487
325.709
327.35
329.519
332.336
335.919
322.963
323.595
324.487
325.709
327.351
329.52
332.337
335.92
324.087
324.592
325.331
326.363
327.765
329.629
332.053
335.132
326.073
326.36
326.841
327.555
328.553
329.888
331.611
333.752
326.167
326.45
326.929
327.642
328.638
329.974
331.697
333.839
324.223
324.723
325.458
326.486
327.885
329.746
332.168
335.247
323.124
323.75
324.638
325.855
327.492
329.657
332.471
336.052
323.125
323.751
324.639
325.856
327.493
329.658
332.472
336.053
324.226
324.726
325.461
326.489
327.888
329.75
332.172
335.251
326.174
326.457
326.937
327.649
328.646
329.981
331.704
333.847
326.264
326.545
327.022
327.733
328.729
330.064
331.788
333.931
324.359
324.854
325.585
326.609
328.004
329.863
332.284
335.362
323.282
323.902
324.785
325.998
327.63
329.791
332.602
336.181
323.283
323.903
324.786
325.998
327.631
329.792
332.604
336.182
324.362
324.857
325.588
326.612
328.008
329.867
332.288
335.366
326.272
326.552
327.03
327.74
328.736
330.072
331.795
333.938
326.359
326.637
327.112
327.821
328.816
330.152
331.876
334.02
324.491
324.982
325.708
326.728
328.121
329.977
332.396
335.474
323.436
324.051
324.929
326.137
327.765
329.922
332.73
336.307
323.437
324.052
324.93
326.138
327.766
329.923
332.732
336.309
324.495
324.985
325.712
326.732
328.125
329.981
332.4
335.478
326.367
326.645
327.12
327.829
328.824
330.159
331.883
334.027
326.452
326.726
327.199
327.907
328.902
330.237
331.961
334.106
324.621
325.106
325.828
326.845
328.234
330.088
332.505
335.583
323.587
324.196
325.069
326.272
327.896
330.05
332.855
336.43
323.587
324.197
325.07
326.273
327.897
330.051
332.856
336.431
324.624
325.11
325.832
326.849
328.238
330.092
332.51
335.587
326.46
326.734
327.207
327.915
328.909
330.244
331.969
334.114
326.542
326.814
327.285
327.991
328.984
330.319
332.044
334.19
324.747
325.228
325.946
326.958
328.345
330.196
332.612
335.689
323.734
324.338
325.206
326.404
328.024
330.174
332.976
336.55
323.735
324.339
325.207
326.406
328.026
330.176
332.978
336.551
324.75
325.231
325.949
326.962
328.349
330.2
332.616
335.693
326.55
326.822
327.293
327.999
328.992
330.327
332.052
334.198
326.629
326.898
327.367
328.071
329.064
330.399
332.124
334.271
324.869
325.345
326.059
327.068
328.451
330.3
332.715
335.792
323.876
324.476
325.338
326.533
328.148
330.295
333.094
336.666
323.877
324.477
325.34
326.534
328.15
330.296
333.095
336.667
324.872
325.349
326.063
327.072
328.456
330.305
332.719
335.796
326.637
326.906
327.375
328.08
329.073
330.407
332.133
334.279
326.716
326.982
327.449
328.153
329.144
330.479
332.205
334.352
324.992
325.464
326.173
327.179
328.559
330.405
332.818
335.895
324.02
324.614
325.472
326.662
328.273
330.416
333.212
336.782
324.021
324.615
325.473
326.663
328.275
330.417
333.213
336.783
324.996
325.468
326.177
327.183
328.563
330.41
332.823
335.899
326.724
326.991
327.458
328.161
329.153
330.488
332.213
334.36
326.788
327.052
327.517
328.219
329.211
330.545
332.271
334.419
325.093
325.561
326.268
327.27
328.648
330.492
332.904
335.98
324.139
324.729
325.583
326.768
328.377
330.516
333.31
336.878
324.14
324.73
325.584
326.77
328.378
330.517
333.311
336.88
325.097
325.565
326.272
327.275
328.652
330.497
332.909
335.984
326.797
327.061
327.526
328.228
329.22
330.554
332.28
334.428
326.915
327.175
327.637
328.337
329.327
330.661
332.388
334.536
325.274
325.735
326.435
327.432
328.804
330.645
333.054
336.13
324.351
324.933
325.779
326.958
328.559
330.693
333.482
337.048
324.352
324.934
325.78
326.959
328.561
330.695
333.484
337.049
325.278
325.739
326.439
327.436
328.809
330.65
333.059
336.134
326.924
327.184
327.646
328.346
329.336
330.67
332.397
334.545
298.399
298.194
298.15
298.15
298.194
298.399
298.427
298.205
298.152
298.152
298.205
298.427
298.475
298.225
298.159
298.159
298.225
298.475
298.557
298.261
298.174
298.174
298.261
298.557
298.697
298.335
298.214
298.214
298.335
298.697
298.948
298.502
298.332
298.332
298.502
298.948
299.429
298.924
298.709
298.709
298.924
299.429
300.452
300.118
299.976
299.976
300.118
300.452
299.38
298.469
298.261
298.261
298.469
299.38
299.504
298.538
298.295
298.295
298.538
299.504
299.696
298.654
298.363
298.363
298.654
299.696
299.995
298.856
298.499
298.499
298.856
299.995
300.471
299.223
298.778
298.778
299.223
300.471
301.231
299.915
299.376
299.376
299.915
301.231
302.442
301.245
300.682
300.682
301.245
302.442
304.292
303.703
303.392
303.392
303.703
304.292
300.705
299.023
298.562
298.562
299.023
300.705
300.922
299.176
298.656
298.656
299.176
300.922
301.235
299.418
298.823
298.823
299.418
301.235
301.692
299.807
299.123
299.123
299.807
301.692
302.364
300.451
299.671
299.671
300.451
302.364
303.355
301.532
300.691
300.691
301.532
303.355
304.786
303.33
302.572
302.572
303.33
304.786
306.757
306.132
305.779
305.779
306.132
306.757
301.896
299.67
298.971
298.971
299.67
301.896
302.178
299.906
299.133
299.133
299.906
302.178
302.57
300.259
299.401
299.401
300.259
302.57
303.119
300.797
299.851
299.851
300.797
303.119
303.892
301.634
300.616
300.616
301.634
303.892
304.98
302.942
301.923
301.923
302.942
304.98
306.483
304.946
304.103
304.103
304.946
306.483
308.48
307.84
307.466
307.466
307.84
308.48
302.961
300.364
299.458
299.458
300.364
302.961
303.287
300.673
299.691
299.691
300.673
303.287
303.728
301.117
300.055
300.055
301.117
303.728
304.333
301.769
300.634
300.634
301.769
304.333
305.165
302.738
301.565
301.565
302.738
305.165
306.304
304.181
303.063
303.063
304.181
306.304
307.844
306.29
305.409
305.409
306.29
307.844
309.855
309.224
308.842
308.842
309.224
309.855
303.938
301.069
299.992
299.992
301.069
303.938
304.292
301.438
300.292
300.292
301.438
304.292
304.766
301.956
300.742
300.742
301.956
304.766
305.406
302.693
301.427
301.427
302.693
305.406
306.275
303.754
302.484
302.484
303.754
306.275
307.448
305.284
304.111
304.111
305.284
307.448
309.011
307.459
306.56
306.56
307.459
309.011
311.033
310.42
310.037
310.037
310.42
311.033
304.837
301.756
300.542
300.542
301.756
304.837
305.211
302.175
300.902
300.902
302.175
305.211
305.708
302.751
301.425
301.425
302.751
305.708
306.374
303.554
302.198
302.198
303.554
306.374
307.268
304.685
303.352
303.352
304.685
307.268
308.465
306.28
305.075
305.075
306.28
308.465
310.046
308.502
307.599
307.599
308.502
310.046
312.075
311.483
311.108
311.108
311.483
312.075
305.679
302.423
301.095
301.095
302.423
305.679
306.068
302.882
301.507
301.507
302.882
306.068
306.582
303.506
302.093
302.093
303.505
306.582
307.267
304.361
302.939
302.939
304.361
307.267
308.18
305.548
304.172
304.172
305.548
308.18
309.394
307.194
305.972
305.972
307.194
309.394
310.988
309.454
308.553
308.553
309.454
310.988
313.023
312.451
312.086
312.086
312.451
313.023
306.474
303.071
301.644
301.644
303.071
306.474
306.875
303.563
302.101
302.101
303.563
306.875
307.402
304.225
302.741
302.741
304.225
307.402
308.102
305.124
303.649
303.649
305.124
308.102
309.03
306.356
304.949
304.949
306.355
309.03
310.258
308.044
306.811
306.811
308.044
310.258
311.861
310.334
309.439
309.439
310.334
311.861
313.901
313.344
312.992
312.992
313.344
313.901
307.23
303.7
302.186
302.186
303.7
307.23
307.64
304.221
302.683
302.683
304.221
307.64
308.179
304.915
303.37
303.37
304.915
308.179
308.89
305.85
304.331
304.331
305.85
308.89
309.83
307.119
305.687
305.687
307.119
309.83
311.069
308.841
307.602
307.602
308.841
311.069
312.68
311.157
310.269
310.269
311.157
312.68
314.723
314.177
313.837
313.837
314.177
314.723
307.952
304.314
302.722
302.722
304.314
307.952
308.371
304.858
303.254
303.254
304.858
308.371
308.919
305.58
303.981
303.981
305.58
308.918
309.639
306.545
304.988
304.988
306.545
309.639
310.59
307.845
306.392
306.392
307.845
310.589
311.837
309.596
308.352
308.352
309.596
311.837
313.455
311.933
311.051
311.051
311.933
313.454
315.5
314.962
314.632
314.632
314.962
315.5
308.646
304.913
303.251
303.251
304.913
308.645
309.071
305.477
303.813
303.813
305.477
309.071
309.626
306.222
304.576
304.576
306.222
309.626
310.355
307.214
305.622
305.622
307.214
310.355
311.314
308.54
307.068
307.068
308.54
311.314
312.568
310.316
309.066
309.066
310.316
312.568
314.192
312.67
311.793
311.793
312.67
314.191
316.24
315.707
315.385
315.385
315.707
316.24
309.312
305.498
303.773
303.773
305.498
309.312
309.743
306.08
304.361
304.361
306.08
309.743
310.305
306.846
305.155
305.155
306.845
310.305
311.041
307.859
306.237
306.237
307.859
311.041
312.007
309.209
307.718
307.718
309.209
312.007
313.268
311.005
309.75
309.75
311.005
313.268
314.895
313.374
312.501
312.501
313.374
314.895
316.946
316.417
316.103
316.103
316.417
316.945
309.955
306.071
304.289
304.289
306.071
309.955
310.39
306.668
304.901
304.901
306.668
310.39
310.958
307.451
305.722
305.722
307.451
310.957
311.7
308.484
306.834
306.834
308.484
311.7
312.671
309.854
308.347
308.347
309.853
312.671
313.938
311.668
310.407
310.407
311.668
313.938
315.57
314.05
313.179
313.179
314.05
315.57
317.622
317.099
316.789
316.789
317.099
317.621
310.574
306.631
304.798
304.798
306.631
310.574
311.014
307.242
305.431
305.431
307.242
311.013
311.585
308.041
306.276
306.276
308.041
311.585
312.333
309.091
307.415
307.415
309.091
312.333
313.31
310.477
308.956
308.956
310.477
313.31
314.581
312.307
311.042
311.042
312.307
314.581
316.217
314.701
313.832
313.832
314.701
316.216
318.27
317.754
317.449
317.449
317.754
318.27
311.172
307.181
305.301
305.301
307.181
311.172
311.615
307.803
305.953
305.953
307.803
311.614
312.19
308.616
306.82
306.82
308.615
312.19
312.942
309.68
307.982
307.982
309.68
312.942
313.924
311.082
309.548
309.548
311.082
313.924
315.2
312.925
311.656
311.656
312.925
315.2
316.838
315.328
314.462
314.462
315.328
316.838
318.893
318.386
318.086
318.086
318.385
318.893
311.75
307.719
305.798
305.798
307.719
311.749
312.194
308.352
306.467
306.467
308.352
312.194
312.773
309.176
307.353
307.353
309.176
312.773
313.529
310.254
308.537
308.537
310.254
313.528
314.515
311.668
310.124
310.124
311.668
314.514
315.795
313.524
312.252
312.252
313.524
315.795
317.436
315.936
315.073
315.072
315.935
317.436
319.493
318.996
318.702
318.702
318.996
319.493
312.308
308.246
306.289
306.289
308.246
312.307
312.754
308.888
306.973
306.973
308.888
312.754
313.335
309.723
307.877
307.877
309.722
313.335
314.094
310.812
309.079
309.079
310.812
314.094
315.084
312.238
310.686
310.686
312.238
315.084
316.368
314.104
312.832
312.832
314.104
316.368
318.012
316.523
315.665
315.665
316.523
318.012
320.07
319.587
319.299
319.298
319.587
320.07
312.847
308.763
306.774
306.774
308.762
312.847
313.295
309.413
307.471
307.471
309.413
313.294
313.878
310.256
308.391
308.391
310.256
313.878
314.64
311.356
309.611
309.611
311.356
314.64
315.633
312.792
311.235
311.235
312.792
315.633
316.92
314.668
313.396
313.396
314.667
316.92
318.567
317.093
316.24
316.24
317.093
318.567
320.627
320.16
319.878
319.878
320.159
320.627
313.369
309.269
307.253
307.253
309.269
313.369
313.817
309.926
307.963
307.962
309.926
313.817
314.402
310.777
308.896
308.896
310.777
314.402
315.166
311.886
310.131
310.131
311.886
315.166
316.163
313.332
311.772
311.772
313.331
316.162
317.453
315.215
313.947
313.947
315.215
317.452
319.103
317.646
316.8
316.8
317.646
319.102
321.164
320.715
320.442
320.442
320.715
321.163
313.874
309.765
307.726
307.726
309.764
313.873
314.322
310.428
308.446
308.446
310.427
314.322
314.908
311.286
309.393
309.393
311.286
314.908
315.675
312.403
310.642
310.642
312.402
315.674
316.674
313.856
312.296
312.296
313.856
316.673
317.967
315.747
314.484
314.484
315.747
317.966
319.619
318.184
317.346
317.346
318.183
319.619
321.682
321.254
320.991
320.991
321.254
321.682
314.362
310.251
308.193
308.193
310.25
314.362
314.81
310.919
308.923
308.923
310.918
314.81
315.398
311.783
309.881
309.881
311.783
315.397
316.166
312.906
311.143
311.143
312.906
316.165
317.167
314.368
312.81
312.81
314.367
317.167
318.463
316.265
315.008
315.008
316.264
318.463
320.118
318.706
317.879
317.878
318.705
320.117
322.182
321.778
321.526
321.526
321.778
322.182
314.835
310.726
308.654
308.654
310.726
314.835
315.283
311.399
309.393
309.393
311.398
315.282
315.87
312.269
310.361
310.361
312.268
315.87
316.64
313.398
311.634
311.634
313.398
316.64
317.643
314.865
313.312
313.312
314.865
317.643
318.942
316.768
315.521
315.521
316.768
318.942
320.599
319.213
318.398
318.398
319.213
320.599
322.665
322.288
322.048
322.048
322.287
322.665
315.293
311.192
309.108
309.108
311.192
315.292
315.739
311.868
309.855
309.855
311.868
315.739
316.327
312.743
310.832
310.832
312.743
316.327
317.098
313.877
312.116
312.116
313.877
317.098
318.104
315.35
313.804
313.804
315.35
318.103
319.405
317.258
316.022
316.022
317.258
319.404
321.064
319.707
318.905
318.905
319.706
321.064
323.132
322.783
322.557
322.556
322.782
323.132
315.736
311.649
309.556
309.556
311.648
315.735
316.181
312.327
310.31
310.31
312.327
316.181
316.769
313.206
311.296
311.296
313.205
316.769
317.541
314.345
312.588
312.588
314.344
317.54
318.548
315.822
314.286
314.286
315.822
318.548
319.851
317.735
316.512
316.512
317.735
319.851
321.513
320.187
319.4
319.4
320.186
321.513
323.583
323.264
323.053
323.053
323.264
323.583
316.165
312.095
309.998
309.997
312.095
316.164
316.609
312.776
310.758
310.758
312.776
316.608
317.196
313.658
311.751
311.751
313.657
317.196
317.968
314.801
313.052
313.051
314.8
317.968
318.977
316.283
314.758
314.758
316.282
318.977
320.283
318.199
316.991
316.991
318.199
320.283
321.947
320.654
319.883
319.883
320.653
321.947
324.019
323.732
323.538
323.537
323.732
324.018
316.58
312.533
310.433
310.433
312.532
316.579
317.022
313.215
311.199
311.198
313.215
317.021
317.609
314.099
312.198
312.198
314.099
317.608
318.382
315.245
313.506
313.506
315.245
318.381
319.392
316.731
315.22
315.219
316.73
319.392
320.7
318.65
317.459
317.459
318.65
320.699
322.366
321.108
320.355
320.355
321.107
322.366
324.439
324.187
324.01
324.01
324.187
324.439
316.981
312.96
310.861
310.861
312.96
316.981
317.421
313.644
311.632
311.632
313.643
317.421
318.007
314.53
312.637
312.637
314.529
318.007
318.781
315.678
313.951
313.951
315.678
318.78
319.792
317.167
315.672
315.671
317.167
319.792
321.102
319.09
317.916
317.916
319.089
321.102
322.771
321.549
320.816
320.816
321.549
322.77
324.846
324.63
324.472
324.472
324.629
324.846
317.37
313.379
311.283
311.283
313.378
317.37
317.808
314.063
312.058
312.057
314.062
317.807
318.393
314.95
313.068
313.068
314.95
318.392
319.166
316.101
314.388
314.388
316.1
319.166
320.179
317.592
316.114
316.114
317.592
320.179
321.49
319.517
318.363
318.363
319.517
321.49
323.161
321.978
321.266
321.266
321.978
323.161
325.239
325.06
324.922
324.922
325.06
325.238
317.746
313.787
311.698
311.697
313.787
317.746
318.181
314.472
312.476
312.476
314.471
318.181
318.765
315.36
313.49
313.49
315.359
318.765
319.538
316.512
314.815
314.815
316.512
319.538
320.552
318.006
316.546
316.546
318.005
320.552
321.865
319.933
318.8
318.8
319.933
321.865
323.539
322.396
321.705
321.705
322.395
323.538
325.618
325.478
325.361
325.361
325.478
325.618
318.11
314.187
312.106
312.105
314.187
318.109
318.542
314.871
312.887
312.886
314.87
318.542
319.124
315.76
313.905
313.905
315.759
319.124
319.897
316.913
315.234
315.234
316.913
319.897
320.912
318.408
316.969
316.969
318.408
320.912
322.227
320.337
319.227
319.227
320.337
322.227
323.903
322.801
322.134
322.134
322.801
323.903
325.984
325.885
325.79
325.789
325.884
325.984
318.461
314.578
312.507
312.506
314.577
318.461
318.891
315.261
313.29
313.29
315.26
318.891
319.472
316.149
314.311
314.311
316.149
319.471
320.244
317.303
315.644
315.644
317.303
320.244
321.26
318.8
317.383
317.383
318.799
321.26
322.577
320.73
319.643
319.643
320.73
322.577
324.254
323.195
322.552
322.551
323.195
324.254
326.337
326.279
326.207
326.207
326.279
326.337
318.801
314.959
312.901
312.9
314.959
318.801
319.228
315.641
313.685
313.685
315.64
319.228
319.807
316.529
314.709
314.709
316.529
319.807
320.579
317.683
316.045
316.045
317.683
320.579
321.595
319.181
317.787
317.787
319.18
321.595
322.914
321.112
320.05
320.05
321.112
322.914
324.593
323.578
322.959
322.959
323.578
324.593
326.678
326.663
326.614
326.614
326.662
326.678
319.13
315.332
313.287
313.287
315.331
319.13
319.553
316.012
314.073
314.073
316.011
319.553
320.131
316.899
315.099
315.099
316.898
320.131
320.902
318.053
316.437
316.437
318.053
320.902
321.919
319.551
318.182
318.181
319.551
321.919
323.239
321.483
320.447
320.446
321.483
323.239
324.92
323.95
323.356
323.356
323.95
324.921
327.007
327.035
327.011
327.01
327.035
327.008
319.448
315.695
313.667
313.667
315.695
319.448
319.868
316.373
314.453
314.453
316.373
319.868
320.443
317.259
315.48
315.48
317.259
320.443
321.214
318.413
316.82
316.82
318.413
321.214
322.231
319.911
318.567
318.567
319.911
322.231
323.553
321.844
320.833
320.833
321.844
323.553
325.236
324.311
323.744
323.743
324.311
325.236
327.325
327.397
327.397
327.396
327.396
327.326
319.756
316.05
314.04
314.04
316.05
319.756
320.172
316.725
314.826
314.826
316.725
320.172
320.745
317.61
315.854
315.854
317.61
320.745
321.515
318.763
317.195
317.195
318.763
321.515
322.532
320.261
318.943
318.943
320.261
322.533
323.855
322.194
321.211
321.21
322.194
323.855
325.54
324.661
324.121
324.12
324.661
325.541
327.631
327.747
327.773
327.772
327.747
327.632
320.053
316.396
314.405
314.405
316.396
320.053
320.465
317.069
315.191
315.191
317.068
320.466
321.036
317.951
316.219
316.219
317.951
321.036
321.805
319.103
317.561
317.561
319.103
321.805
322.823
320.601
319.31
319.31
320.6
322.823
324.147
322.534
321.578
321.578
322.534
324.147
325.834
325.001
324.488
324.488
325.001
325.835
327.927
328.088
328.139
328.138
328.087
327.928
320.34
316.734
314.763
314.763
316.733
320.34
320.749
317.403
315.548
315.548
317.403
320.749
321.317
318.284
316.576
316.576
318.283
321.318
322.085
319.434
317.918
317.918
319.434
322.085
323.103
320.931
319.668
319.668
320.931
323.103
324.428
322.864
321.936
321.936
322.864
324.429
326.117
325.331
324.845
324.845
325.331
326.118
328.212
328.418
328.495
328.494
328.418
328.213
320.617
317.063
315.114
315.114
317.062
320.618
321.022
317.729
315.897
315.897
317.729
321.023
321.588
318.607
316.925
316.924
318.607
321.589
322.355
319.756
318.267
318.267
319.756
322.356
323.373
321.251
320.017
320.017
321.251
323.374
324.699
323.184
322.285
322.285
323.184
324.7
326.39
325.651
325.193
325.193
325.651
326.391
328.487
328.738
328.841
328.841
328.738
328.488
320.885
317.383
315.457
315.457
317.383
320.886
321.287
318.046
316.239
316.239
318.046
321.287
321.85
318.921
317.265
317.265
318.921
321.851
322.615
320.068
318.607
318.607
320.068
322.616
323.633
321.562
320.357
320.356
321.562
323.634
324.961
323.494
322.624
322.624
323.494
324.962
326.654
325.961
325.531
325.531
325.961
326.655
328.753
329.048
329.177
329.177
329.048
328.754
321.145
317.696
315.794
315.793
317.696
321.146
321.542
318.355
316.573
316.573
318.355
321.543
322.103
319.227
317.598
317.598
319.227
322.104
322.867
320.372
318.939
318.939
320.372
322.868
323.885
321.864
320.688
320.688
321.864
323.886
325.213
323.795
322.954
322.954
323.795
325.215
326.908
326.262
325.86
325.86
326.262
326.909
329.009
329.349
329.505
329.504
329.349
329.01
321.395
318
316.123
316.123
318
321.397
321.789
318.655
316.9
316.9
318.655
321.79
322.347
319.524
317.923
317.923
319.524
322.348
323.109
320.666
319.263
319.262
320.666
323.111
324.127
322.157
321.01
321.01
322.158
324.129
325.457
324.087
323.276
323.276
324.087
325.458
327.153
326.553
326.179
326.179
326.553
327.154
329.255
329.641
329.823
329.822
329.641
329.257
321.638
318.297
316.445
316.444
318.297
321.639
322.027
318.947
317.219
317.219
318.947
322.028
322.582
319.813
318.24
318.24
319.813
322.584
323.343
320.953
319.578
319.578
320.953
323.345
324.361
322.442
321.324
321.324
322.442
324.363
325.691
324.37
323.588
323.588
324.371
325.693
327.389
326.836
326.49
326.49
326.836
327.391
329.494
329.923
330.131
330.131
329.923
329.496
321.872
318.586
316.759
316.759
318.586
321.873
322.257
319.232
317.531
317.531
319.232
322.259
322.81
320.094
318.549
318.549
320.094
322.812
323.569
321.23
319.885
319.885
321.231
323.571
324.587
322.718
321.63
321.63
322.718
324.589
325.918
324.645
323.892
323.892
324.645
325.92
327.617
327.109
326.792
326.792
327.11
327.619
329.723
330.197
330.431
330.431
330.197
329.726
322.098
318.867
317.067
317.067
318.867
322.1
322.479
319.509
317.835
317.835
319.509
322.481
323.03
320.367
318.851
318.851
320.367
323.031
323.788
321.5
320.184
320.184
321.501
323.79
324.805
322.985
321.927
321.927
322.986
324.806
326.136
324.911
324.187
324.187
324.911
326.138
327.837
327.374
327.085
327.085
327.375
327.839
329.945
330.462
330.722
330.722
330.462
329.948
322.318
319.141
317.368
317.368
319.141
322.32
322.695
319.778
318.132
318.132
319.778
322.697
323.242
320.632
319.145
319.145
320.632
323.244
323.998
321.762
320.476
320.476
321.763
324
325.015
323.245
322.216
322.216
323.245
325.017
326.347
325.169
324.474
324.474
325.169
326.349
328.049
327.631
327.37
327.37
327.632
328.052
330.159
330.719
331.005
331.005
330.719
330.162
322.53
319.408
317.662
317.662
319.408
322.532
322.902
320.039
318.422
318.422
320.04
322.905
323.447
320.889
319.431
319.431
320.89
323.449
324.202
322.017
320.759
320.759
322.017
324.204
325.218
323.496
322.497
322.497
323.497
325.22
326.551
325.419
324.753
324.753
325.419
326.553
328.254
327.88
327.646
327.646
327.881
328.257
330.366
330.968
331.279
331.279
330.968
330.369
322.735
319.667
317.949
317.949
319.668
322.737
323.104
320.294
318.705
318.705
320.294
323.106
323.645
321.14
319.71
319.71
321.14
323.648
324.398
322.263
321.036
321.036
322.264
324.401
325.414
323.741
322.771
322.771
323.741
325.416
326.747
325.661
325.024
325.024
325.662
326.75
328.452
328.121
327.914
327.914
328.122
328.455
330.565
331.209
331.545
331.545
331.21
330.568
322.933
319.92
318.229
318.229
319.92
322.936
323.298
320.541
318.981
318.981
320.542
323.301
323.837
321.383
319.983
319.983
321.384
323.84
324.588
322.503
321.304
321.305
322.504
324.591
325.603
323.977
323.036
323.037
323.978
325.606
326.937
325.896
325.287
325.287
325.897
326.94
328.643
328.355
328.174
328.175
328.356
328.646
330.758
331.442
331.803
331.804
331.443
330.761
323.126
320.166
318.503
318.503
320.166
323.128
323.486
320.782
319.25
319.25
320.783
323.489
324.022
321.619
320.248
320.248
321.62
324.025
324.772
322.736
321.566
321.566
322.736
324.775
325.786
324.207
323.295
323.295
324.208
325.789
327.121
326.124
325.542
325.543
326.125
327.124
328.828
328.581
328.427
328.427
328.582
328.831
330.944
331.668
332.054
332.054
331.669
330.948
323.312
320.405
318.77
318.77
320.406
323.315
323.668
321.016
319.512
319.512
321.017
323.671
324.202
321.849
320.506
320.506
321.85
324.205
324.95
322.961
321.821
321.821
322.962
324.953
325.963
324.43
323.546
323.546
324.431
325.966
327.298
326.344
325.79
325.791
326.345
327.301
329.006
328.801
328.672
328.673
328.802
329.01
331.124
331.888
332.297
332.297
331.889
331.128
323.492
320.638
319.031
319.031
320.639
323.495
323.845
321.244
319.768
319.768
321.245
323.848
324.375
322.072
320.758
320.758
322.073
324.379
325.121
323.181
322.068
322.068
323.182
325.125
326.134
324.646
323.79
323.791
324.648
326.138
327.469
326.558
326.031
326.032
326.56
327.473
329.179
329.013
328.91
328.911
329.015
329.182
331.298
332.1
332.533
332.533
332.101
331.302
323.667
320.865
319.286
319.286
320.866
323.67
324.016
321.466
320.018
320.018
321.467
324.019
324.543
322.289
321.003
321.003
322.29
324.547
325.288
323.394
322.309
322.31
323.395
325.291
326.3
324.856
324.028
324.028
324.858
326.304
327.635
326.766
326.265
326.266
326.767
327.639
329.346
329.219
329.141
329.142
329.221
329.349
331.467
332.306
332.762
332.762
332.307
331.471
323.836
321.086
319.535
319.535
321.087
323.84
324.181
321.681
320.261
320.262
321.682
324.185
324.706
322.5
321.241
321.242
322.501
324.71
325.449
323.601
322.544
322.544
323.602
325.452
326.46
325.06
324.258
324.259
325.061
326.464
327.796
326.967
326.493
326.493
326.969
327.8
329.507
329.419
329.365
329.366
329.421
329.511
331.63
332.505
332.983
332.984
332.507
331.634
324.001
321.302
319.777
319.777
321.303
324.004
324.342
321.891
320.499
320.499
321.892
324.346
324.864
322.705
321.474
321.474
322.706
324.868
325.604
323.802
322.772
322.772
323.803
325.609
326.615
325.258
324.483
324.483
325.259
326.619
327.951
327.162
326.714
326.714
327.164
327.955
329.663
329.613
329.583
329.583
329.615
329.668
331.787
332.699
333.199
333.199
332.7
331.792
324.16
321.511
320.014
320.014
321.512
324.164
324.497
322.095
320.73
320.73
322.096
324.501
325.017
322.904
321.701
321.701
322.906
325.021
325.755
323.997
322.994
322.995
323.998
325.76
326.765
325.45
324.701
324.701
325.451
326.77
328.101
327.352
326.928
326.928
327.354
328.106
329.814
329.801
329.794
329.795
329.803
329.819
331.94
332.886
333.408
333.408
332.888
331.945
324.315
321.715
320.245
320.246
321.717
324.319
324.648
322.294
320.956
320.956
322.295
324.652
325.165
323.098
321.921
321.922
323.1
325.169
325.902
324.187
323.21
323.211
324.188
325.906
326.911
325.636
324.913
324.913
325.638
326.916
328.247
327.536
327.136
327.137
327.538
328.252
329.961
329.983
329.999
330
329.985
329.966
332.088
333.068
333.611
333.611
333.07
332.093
324.465
321.914
320.471
320.471
321.915
324.469
324.794
322.487
321.176
321.176
322.489
324.799
325.308
323.287
322.136
322.137
323.288
325.313
326.044
324.371
323.421
323.421
324.373
326.048
327.052
325.817
325.119
325.12
325.819
327.057
328.388
327.714
327.339
327.339
327.716
328.393
330.103
330.16
330.199
330.199
330.162
330.108
332.231
333.245
333.808
333.808
333.247
332.236
324.61
322.108
320.691
320.692
322.109
324.615
324.936
322.675
321.391
321.391
322.677
324.941
325.448
323.47
322.346
322.346
323.472
325.452
326.181
324.55
323.626
323.626
324.552
326.186
327.189
325.993
325.32
325.32
325.995
327.194
328.525
327.888
327.536
327.536
327.89
328.53
330.24
330.332
330.392
330.393
330.334
330.246
332.369
333.416
333.999
334
333.418
332.375
324.752
322.297
320.906
320.907
322.298
324.756
325.074
322.859
321.6
321.6
322.86
325.079
325.583
323.649
322.55
322.551
323.651
325.588
326.315
324.725
323.825
323.826
324.727
326.32
327.321
326.164
325.515
325.516
326.166
327.327
328.658
328.056
327.727
327.728
328.058
328.663
330.374
330.498
330.58
330.581
330.501
330.379
332.504
333.582
334.185
334.186
333.585
332.51
324.889
322.48
321.116
321.117
322.482
324.894
325.208
323.037
321.804
321.805
323.039
325.213
325.714
323.822
322.749
322.75
323.825
325.719
326.444
324.894
324.02
324.02
324.897
326.449
327.45
326.33
325.705
325.706
326.333
327.455
328.786
328.22
327.913
327.914
328.222
328.792
330.503
330.66
330.763
330.764
330.663
330.509
332.634
333.744
334.366
334.366
333.747
332.641
325.022
322.66
321.321
321.322
322.662
325.028
325.338
323.211
322.004
322.004
323.213
325.343
325.841
323.992
322.943
322.944
323.994
325.847
326.57
325.059
324.209
324.209
325.062
326.575
327.575
326.492
325.89
325.89
326.494
327.58
328.911
328.378
328.094
328.095
328.381
328.917
330.628
330.818
330.94
330.941
330.82
330.634
332.761
333.901
334.541
334.542
333.904
332.767
325.152
322.834
321.522
321.522
322.836
325.157
325.464
323.38
322.198
322.199
323.383
325.469
325.965
324.156
323.132
323.133
324.159
325.97
326.691
325.22
324.393
324.394
325.222
326.697
327.696
326.649
326.07
326.07
326.651
327.702
329.032
328.533
328.27
328.271
328.536
329.038
330.75
330.97
331.113
331.114
330.973
330.756
332.884
334.053
334.712
334.713
334.056
332.89
325.278
323.005
321.717
321.717
323.007
325.283
325.586
323.545
322.388
322.388
323.548
325.592
326.085
324.317
323.317
323.318
324.319
326.091
326.81
325.376
324.573
324.573
325.379
326.816
327.813
326.801
326.245
326.246
326.804
327.819
329.149
328.683
328.441
328.442
328.686
329.156
330.868
331.119
331.281
331.282
331.122
330.875
333.003
334.201
334.878
334.878
334.204
333.01
325.4
323.171
321.908
321.908
323.173
325.406
325.705
323.706
322.573
322.573
323.709
325.711
326.201
324.473
323.497
323.497
324.475
326.207
326.925
325.528
324.748
324.748
325.531
326.931
327.927
326.95
326.415
326.416
326.953
327.933
329.263
328.829
328.608
328.609
328.832
329.27
330.983
331.263
331.444
331.445
331.266
330.989
333.118
334.345
335.039
335.04
334.348
333.125
325.519
323.333
322.094
322.095
323.335
325.525
325.821
323.863
322.754
322.754
323.865
325.827
326.314
324.625
323.672
323.673
324.628
326.321
327.036
325.676
324.918
324.919
325.679
327.043
328.038
327.095
326.582
326.582
327.098
328.044
329.374
328.971
328.77
328.771
328.974
329.381
331.094
331.403
331.603
331.604
331.407
331.101
333.23
334.485
335.196
335.197
334.488
333.238
325.635
323.491
322.276
322.277
323.493
325.641
325.933
324.016
322.93
322.93
324.018
325.94
326.424
324.773
323.843
323.844
324.776
326.431
327.144
325.82
325.084
325.085
325.823
327.151
328.145
327.235
326.743
326.744
327.239
328.152
329.481
329.109
328.928
328.929
329.113
329.488
331.202
331.54
331.758
331.759
331.543
331.209
333.339
334.621
335.348
335.349
334.624
333.347
325.747
323.644
322.454
322.454
323.647
325.754
326.042
324.164
323.102
323.103
324.167
326.049
326.531
324.917
324.01
324.011
324.92
326.538
327.25
325.96
325.246
325.247
325.964
327.257
328.25
327.372
326.901
326.902
327.376
328.257
329.585
329.243
329.081
329.082
329.247
329.593
331.307
331.672
331.908
331.909
331.676
331.314
333.445
334.753
335.497
335.498
334.757
333.453
325.856
323.795
322.627
322.628
323.797
325.863
326.149
324.309
323.27
323.271
324.312
326.156
326.635
325.058
324.173
324.174
325.061
326.642
327.352
326.097
325.404
325.405
326.1
327.359
328.351
327.506
327.054
327.055
327.509
328.358
329.687
329.374
329.231
329.232
329.378
329.694
331.408
331.801
332.055
332.056
331.805
331.416
333.548
334.882
335.641
335.642
334.886
333.556
325.963
323.941
322.797
322.797
323.944
325.97
326.252
324.451
323.434
323.434
324.454
326.259
326.736
325.195
324.332
324.332
325.198
326.743
327.451
326.23
325.558
325.559
326.234
327.458
328.449
327.635
327.204
327.205
327.639
328.457
329.785
329.501
329.377
329.378
329.505
329.793
331.507
331.927
332.197
332.198
331.931
331.515
333.647
335.007
335.782
335.783
335.011
333.656
326.066
324.084
322.962
322.963
324.087
326.073
326.352
324.589
323.594
323.594
324.592
326.36
326.834
325.328
324.486
324.487
325.331
326.841
327.548
326.359
325.708
325.709
326.363
327.555
328.545
327.761
327.35
327.351
327.765
328.553
329.881
329.625
329.518
329.52
329.629
329.888
331.603
332.049
332.336
332.337
332.053
331.611
333.744
335.128
335.918
335.92
335.132
333.753
326.166
324.223
323.124
323.125
324.226
326.174
326.45
324.723
323.75
323.751
324.726
326.457
326.929
325.458
324.637
324.638
325.461
326.937
327.641
326.486
325.855
325.856
326.489
327.649
328.638
327.884
327.492
327.493
327.888
328.646
329.973
329.745
329.656
329.658
329.75
329.981
331.696
332.168
332.471
332.472
332.172
331.705
333.838
335.247
336.051
336.053
335.251
333.847
326.264
324.359
323.282
323.283
324.362
326.272
326.544
324.854
323.902
323.903
324.857
326.552
327.022
325.584
324.785
324.786
325.588
327.03
327.732
326.608
325.997
325.998
326.612
327.74
328.728
328.004
327.63
327.631
328.008
328.736
330.063
329.862
329.791
329.792
329.867
330.072
331.787
332.283
332.602
332.603
332.288
331.795
333.93
335.362
336.181
336.182
335.366
333.939
326.359
324.491
323.436
323.437
324.495
326.367
326.636
324.982
324.051
324.052
324.985
326.645
327.112
325.708
324.929
324.93
325.712
327.12
327.821
326.728
326.136
326.137
326.732
327.829
328.816
328.12
327.765
327.766
328.125
328.824
330.151
329.976
329.922
329.923
329.981
330.16
331.875
332.396
332.73
332.731
332.4
331.884
334.019
335.474
336.307
336.309
335.478
334.028
326.451
324.62
323.586
323.587
324.624
326.46
326.726
325.106
324.196
324.197
325.11
326.734
327.199
325.828
325.069
325.07
325.832
327.207
327.907
326.844
326.272
326.273
326.849
327.915
328.901
328.234
327.896
327.897
328.238
328.91
330.236
330.087
330.05
330.051
330.092
330.245
331.96
332.505
332.855
332.856
332.51
331.969
334.105
335.582
336.43
336.431
335.587
334.114
326.541
324.746
323.734
323.734
324.75
326.55
326.813
325.227
324.338
324.339
325.231
326.822
327.284
325.945
325.206
325.207
325.949
327.293
327.99
326.958
326.404
326.405
326.962
327.999
328.984
328.344
328.024
328.026
328.349
328.993
330.319
330.195
330.174
330.176
330.2
330.328
332.043
332.611
332.976
332.978
332.616
332.053
334.189
335.688
336.55
336.551
335.693
334.198
326.628
324.868
323.876
323.877
324.872
326.637
326.897
325.345
324.475
324.476
325.349
326.906
327.366
326.059
325.338
325.339
326.063
327.375
328.071
327.068
326.532
326.534
327.072
328.08
329.064
328.451
328.148
328.149
328.456
329.073
330.398
330.3
330.294
330.296
330.305
330.408
332.123
332.714
333.093
333.095
332.719
332.133
334.269
335.791
336.665
336.667
335.796
334.279
326.716
324.991
324.02
324.021
324.996
326.724
326.982
325.463
324.614
324.615
325.468
326.991
327.449
326.173
325.472
325.473
326.178
327.458
328.152
327.178
326.662
326.663
327.183
328.161
329.144
328.558
328.273
328.275
328.563
329.153
330.478
330.405
330.416
330.417
330.41
330.488
332.204
332.818
333.212
333.213
332.823
332.214
334.351
335.894
336.782
336.783
335.899
334.361
326.788
325.093
324.139
324.14
325.097
326.797
327.052
325.561
324.729
324.73
325.565
327.061
327.517
326.267
325.583
325.584
326.272
327.526
328.219
327.27
326.768
326.77
327.275
328.228
329.21
328.647
328.376
328.378
328.652
329.22
330.545
330.492
330.516
330.517
330.497
330.554
332.27
332.903
333.309
333.311
332.909
332.28
334.418
335.979
336.878
336.88
335.985
334.428
326.915
325.274
324.351
324.352
325.278
326.924
327.175
325.735
324.933
324.934
325.739
327.184
327.637
326.435
325.779
325.78
326.439
327.646
328.337
327.431
326.957
326.959
327.436
328.346
329.327
328.804
328.559
328.561
328.809
329.336
330.661
330.645
330.693
330.694
330.65
330.671
332.387
333.054
333.482
333.483
333.059
332.397
334.535
336.129
337.048
337.049
336.134
334.546
298.399
298.194
298.15
298.15
298.194
298.399
298.427
298.205
298.152
298.152
298.205
298.427
298.475
298.225
298.159
298.159
298.225
298.475
298.557
298.261
298.174
298.174
298.261
298.557
298.697
298.335
298.214
298.214
298.335
298.697
298.948
298.502
298.332
298.332
298.502
298.948
299.429
298.924
298.709
298.709
298.924
299.429
300.452
300.118
299.976
299.976
300.118
300.452
299.38
298.469
298.261
298.261
298.469
299.38
299.504
298.538
298.295
298.295
298.538
299.504
299.696
298.654
298.363
298.363
298.654
299.696
299.995
298.856
298.499
298.499
298.856
299.995
300.471
299.223
298.778
298.778
299.223
300.471
301.231
299.915
299.376
299.376
299.915
301.231
302.442
301.245
300.682
300.682
301.245
302.442
304.292
303.703
303.392
303.392
303.703
304.292
300.705
299.023
298.562
298.562
299.023
300.705
300.922
299.176
298.656
298.656
299.176
300.922
301.235
299.418
298.823
298.823
299.418
301.235
301.692
299.807
299.123
299.123
299.807
301.692
302.364
300.451
299.671
299.671
300.451
302.364
303.355
301.532
300.691
300.691
301.532
303.355
304.786
303.33
302.572
302.572
303.33
304.786
306.757
306.132
305.779
305.779
306.132
306.757
301.896
299.67
298.971
298.971
299.67
301.896
302.178
299.906
299.133
299.133
299.906
302.178
302.57
300.259
299.401
299.401
300.259
302.57
303.119
300.797
299.851
299.851
300.797
303.119
303.892
301.634
300.616
300.616
301.634
303.892
304.98
302.942
301.923
301.923
302.942
304.98
306.483
304.946
304.103
304.103
304.946
306.483
308.48
307.84
307.466
307.466
307.84
308.48
302.961
300.364
299.458
299.458
300.364
302.961
303.287
300.673
299.691
299.691
300.673
303.287
303.728
301.117
300.055
300.055
301.117
303.728
304.333
301.769
300.634
300.634
301.769
304.333
305.165
302.738
301.565
301.565
302.738
305.165
306.304
304.181
303.063
303.063
304.181
306.304
307.844
306.29
305.409
305.409
306.29
307.844
309.855
309.224
308.842
308.842
309.224
309.855
303.938
301.069
299.992
299.992
301.069
303.938
304.292
301.438
300.292
300.292
301.438
304.292
304.766
301.956
300.742
300.742
301.956
304.766
305.406
302.693
301.427
301.427
302.693
305.406
306.275
303.754
302.484
302.484
303.754
306.275
307.448
305.284
304.111
304.111
305.284
307.448
309.011
307.459
306.56
306.56
307.459
309.011
311.033
310.42
310.037
310.037
310.42
311.033
304.838
301.756
300.542
300.542
301.756
304.837
305.211
302.175
300.902
300.902
302.175
305.211
305.708
302.751
301.425
301.425
302.751
305.708
306.374
303.554
302.198
302.198
303.554
306.374
307.268
304.685
303.352
303.352
304.685
307.268
308.465
306.28
305.075
305.075
306.28
308.465
310.046
308.502
307.599
307.599
308.502
310.046
312.075
311.483
311.108
311.108
311.483
312.075
305.679
302.423
301.095
301.095
302.423
305.679
306.068
302.882
301.507
301.507
302.882
306.068
306.582
303.506
302.093
302.093
303.505
306.582
307.267
304.361
302.939
302.939
304.361
307.267
308.18
305.548
304.172
304.172
305.548
308.18
309.394
307.194
305.972
305.972
307.194
309.394
310.988
309.454
308.553
308.553
309.454
310.988
313.023
312.451
312.086
312.086
312.451
313.023
306.474
303.071
301.644
301.644
303.071
306.474
306.875
303.563
302.101
302.101
303.563
306.875
307.403
304.225
302.742
302.741
304.225
307.402
308.102
305.124
303.649
303.649
305.124
308.102
309.03
306.356
304.949
304.949
306.356
309.03
310.258
308.044
306.811
306.811
308.044
310.258
311.861
310.334
309.44
309.439
310.334
311.861
313.901
313.344
312.992
312.992
313.344
313.901
307.23
303.7
302.186
302.186
303.7
307.23
307.64
304.221
302.683
302.683
304.221
307.64
308.179
304.915
303.37
303.37
304.915
308.179
308.89
305.85
304.331
304.331
305.85
308.89
309.83
307.119
305.687
305.687
307.119
309.83
311.069
308.841
307.602
307.602
308.841
311.069
312.68
311.157
310.269
310.269
311.157
312.68
314.723
314.177
313.837
313.837
314.177
314.723
307.952
304.314
302.722
302.722
304.314
307.952
308.371
304.858
303.254
303.254
304.858
308.371
308.919
305.58
303.981
303.981
305.58
308.919
309.64
306.545
304.988
304.988
306.545
309.64
310.59
307.845
306.392
306.392
307.845
310.59
311.837
309.596
308.352
308.352
309.596
311.837
313.455
311.933
311.051
311.051
311.933
313.455
315.501
314.962
314.632
314.632
314.962
315.5
308.646
304.913
303.251
303.251
304.913
308.646
309.071
305.477
303.813
303.813
305.477
309.071
309.626
306.222
304.576
304.576
306.222
309.626
310.356
307.214
305.622
305.622
307.214
310.355
311.314
308.54
307.068
307.068
308.54
311.314
312.569
310.316
309.066
309.066
310.316
312.568
314.192
312.67
311.793
311.793
312.67
314.192
316.24
315.707
315.385
315.385
315.707
316.24
309.313
305.498
303.773
303.773
305.498
309.312
309.743
306.08
304.362
304.362
306.08
309.743
310.305
306.846
305.155
305.155
306.846
310.305
311.041
307.859
306.237
306.237
307.859
311.041
312.007
309.209
307.718
307.718
309.209
312.007
313.268
311.005
309.75
309.75
311.005
313.268
314.896
313.375
312.501
312.501
313.374
314.895
316.946
316.418
316.103
316.103
316.418
316.946
309.955
306.071
304.289
304.289
306.071
309.955
310.391
306.668
304.901
304.901
306.668
310.39
310.958
307.451
305.722
305.722
307.451
310.958
311.7
308.485
306.834
306.834
308.484
311.7
312.672
309.854
308.347
308.347
309.854
312.671
313.938
311.668
310.407
310.407
311.668
313.938
315.57
314.05
313.179
313.179
314.05
315.57
317.622
317.099
316.789
316.789
317.099
317.622
310.575
306.632
304.798
304.798
306.631
310.574
311.014
307.243
305.431
305.431
307.242
311.014
311.586
308.041
306.277
306.277
308.041
311.585
312.333
309.091
307.415
307.415
309.091
312.333
313.31
310.477
308.956
308.956
310.477
313.31
314.582
312.307
311.042
311.042
312.307
314.581
316.217
314.701
313.832
313.832
314.701
316.217
318.27
317.754
317.449
317.449
317.754
318.27
311.173
307.181
305.301
305.301
307.181
311.172
311.615
307.804
305.953
305.953
307.804
311.615
312.191
308.616
306.82
306.82
308.616
312.19
312.942
309.681
307.982
307.982
309.68
312.942
313.924
311.082
309.548
309.548
311.082
313.924
315.2
312.925
311.656
311.656
312.925
315.2
316.839
315.329
314.462
314.462
315.329
316.838
318.894
318.386
318.086
318.086
318.386
318.893
311.75
307.719
305.798
305.798
307.719
311.75
312.195
308.352
306.467
306.467
308.352
312.194
312.773
309.176
307.353
307.353
309.176
312.773
313.529
310.254
308.537
308.537
310.254
313.529
314.515
311.669
310.124
310.124
311.668
314.515
315.795
313.524
312.252
312.252
313.524
315.795
317.437
315.936
315.073
315.073
315.936
317.436
319.493
318.996
318.702
318.702
318.996
319.493
312.308
308.246
306.289
306.289
308.246
312.308
312.754
308.888
306.973
306.973
308.888
312.754
313.336
309.723
307.877
307.877
309.723
313.335
314.095
310.812
309.079
309.079
310.812
314.094
315.085
312.239
310.687
310.686
312.238
315.084
316.368
314.104
312.832
312.832
314.104
316.368
318.013
316.524
315.665
315.665
316.523
318.012
320.071
319.587
319.299
319.299
319.587
320.07
312.848
308.763
306.775
306.774
308.763
312.847
313.295
309.413
307.471
307.471
309.413
313.295
313.879
310.257
308.391
308.391
310.256
313.878
314.64
311.356
309.611
309.611
311.356
314.64
315.633
312.793
311.235
311.235
312.793
315.633
316.921
314.668
313.396
313.396
314.668
316.92
318.568
317.094
316.24
316.24
317.093
318.567
320.627
320.16
319.878
319.878
320.16
320.627
313.369
309.269
307.253
307.253
309.269
313.369
313.817
309.926
307.963
307.963
309.926
313.817
314.403
310.778
308.896
308.896
310.777
314.402
315.167
311.886
310.132
310.131
311.886
315.166
316.163
313.332
311.772
311.772
313.332
316.163
317.453
315.215
313.947
313.947
315.215
317.453
319.103
317.647
316.801
316.8
317.647
319.103
321.164
320.715
320.442
320.442
320.715
321.164
313.874
309.765
307.726
307.726
309.765
313.874
314.323
310.428
308.447
308.447
310.428
314.322
314.909
311.287
309.393
309.393
311.286
314.908
315.675
312.403
310.642
310.642
312.403
315.675
316.674
313.857
312.297
312.296
313.856
316.674
317.967
315.747
314.484
314.484
315.747
317.967
319.62
318.184
317.346
317.346
318.184
319.619
321.682
321.255
320.991
320.991
321.254
321.682
314.363
310.251
308.193
308.193
310.251
314.362
314.811
310.919
308.923
308.923
310.919
314.81
315.398
311.784
309.881
309.881
311.783
315.398
316.166
312.907
311.143
311.143
312.906
316.166
317.168
314.368
312.81
312.81
314.368
317.167
318.463
316.265
315.009
315.009
316.265
318.463
320.118
318.706
317.879
317.879
318.706
320.118
322.183
321.779
321.526
321.526
321.778
322.182
314.836
310.727
308.654
308.654
310.726
314.835
315.283
311.399
309.393
309.393
311.399
315.283
315.871
312.269
310.361
310.361
312.269
315.87
316.641
313.398
311.634
311.634
313.398
316.64
317.644
314.866
313.313
313.312
314.865
317.643
318.943
316.769
315.521
315.521
316.768
318.942
320.6
319.214
318.398
318.398
319.213
320.599
322.666
322.288
322.048
322.048
322.288
322.665
315.293
311.193
309.108
309.108
311.192
315.293
315.74
311.869
309.855
309.855
311.868
315.739
316.328
312.743
310.833
310.832
312.743
316.327
317.099
313.878
312.116
312.116
313.877
317.098
318.104
315.351
313.805
313.805
315.35
318.104
319.405
317.259
316.022
316.022
317.258
319.405
321.065
319.707
318.905
318.905
319.707
321.064
323.133
322.783
322.557
322.557
322.783
323.132
315.736
311.649
309.556
309.556
311.649
315.736
316.182
312.328
310.31
310.31
312.327
316.181
316.77
313.206
311.296
311.296
313.206
316.769
317.541
314.345
312.588
312.588
314.345
317.541
318.549
315.823
314.286
314.286
315.822
318.548
319.852
317.735
316.512
316.512
317.735
319.851
321.514
320.187
319.4
319.4
320.187
321.513
323.584
323.264
323.053
323.053
323.264
323.583
316.165
312.096
309.998
309.998
312.095
316.165
316.609
312.777
310.758
310.758
312.776
316.608
317.197
313.658
311.751
311.751
313.658
317.196
317.969
314.801
313.052
313.052
314.801
317.968
318.978
316.283
314.758
314.758
316.283
318.977
320.283
318.199
316.991
316.991
318.199
320.283
321.948
320.654
319.884
319.884
320.654
321.947
324.019
323.733
323.538
323.538
323.732
324.019
316.58
312.533
310.433
310.433
312.533
316.58
317.022
313.215
311.199
311.199
313.215
317.022
317.609
314.099
312.198
312.198
314.099
317.609
318.382
315.245
313.506
313.506
315.245
318.381
319.392
316.731
315.22
315.22
316.731
319.392
320.7
318.651
317.459
317.459
318.65
320.7
322.367
321.108
320.356
320.356
321.108
322.366
324.44
324.188
324.011
324.011
324.187
324.44
316.982
312.961
310.861
310.861
312.96
316.981
317.422
313.644
311.632
311.632
313.644
317.421
318.008
314.53
312.637
312.637
314.53
318.007
318.781
315.679
313.952
313.952
315.678
318.781
319.793
317.168
315.672
315.672
317.167
319.792
321.102
319.09
317.917
317.917
319.09
321.102
322.771
321.55
320.817
320.816
321.549
322.771
324.846
324.63
324.472
324.472
324.63
324.846
317.37
313.379
311.283
311.283
313.378
317.37
317.808
314.063
312.058
312.058
314.063
317.808
318.393
314.95
313.068
313.068
314.95
318.393
319.166
316.101
314.388
314.388
316.101
319.166
320.179
317.592
316.114
316.114
317.592
320.179
321.491
319.518
318.364
318.364
319.517
321.491
323.162
321.979
321.267
321.266
321.978
323.161
325.239
325.06
324.923
324.922
325.06
325.239
317.746
313.788
311.698
311.698
313.787
317.746
318.181
314.472
312.476
312.476
314.472
318.181
318.765
315.36
313.491
313.491
315.36
318.765
319.538
316.513
314.816
314.816
316.512
319.538
320.552
318.006
316.547
316.547
318.006
320.552
321.866
319.933
318.801
318.8
319.933
321.866
323.539
322.396
321.706
321.705
322.396
323.539
325.618
325.479
325.362
325.361
325.478
325.618
318.11
314.188
312.106
312.106
314.187
318.11
318.542
314.871
312.887
312.887
314.871
318.542
319.125
315.76
313.905
313.905
315.759
319.124
319.898
316.913
315.235
315.234
316.913
319.897
320.912
318.409
316.97
316.97
318.408
320.912
322.228
320.338
319.227
319.227
320.337
322.227
323.903
322.802
322.134
322.134
322.801
323.903
325.984
325.885
325.79
325.79
325.884
325.984
318.461
314.578
312.507
312.507
314.578
318.461
318.891
315.261
313.29
313.29
315.26
318.891
319.472
316.15
314.311
314.311
316.149
319.472
320.244
317.304
315.644
315.644
317.303
320.244
321.26
318.8
317.383
317.383
318.8
321.26
322.577
320.731
319.644
319.644
320.73
322.577
324.254
323.196
322.552
322.552
323.195
324.254
326.337
326.28
326.208
326.207
326.279
326.337
318.801
314.96
312.901
312.901
314.959
318.801
319.228
315.641
313.686
313.685
315.641
319.228
319.807
316.529
314.709
314.709
316.529
319.807
320.579
317.684
316.045
316.045
317.683
320.579
321.595
319.181
317.787
317.787
319.181
321.595
322.914
321.113
320.05
320.05
321.112
322.914
324.593
323.579
322.96
322.959
323.578
324.593
326.678
326.663
326.614
326.614
326.663
326.678
319.13
315.332
313.288
313.288
315.331
319.13
319.553
316.012
314.074
314.073
316.011
319.553
320.13
316.899
315.099
315.099
316.899
320.13
320.902
318.054
316.437
316.437
318.053
320.902
321.919
319.551
318.182
318.182
319.551
321.919
323.239
321.484
320.447
320.447
321.483
323.239
324.92
323.95
323.357
323.357
323.95
324.92
327.008
327.035
327.011
327.011
327.035
327.008
319.448
315.695
313.668
313.667
315.695
319.448
319.868
316.373
314.454
314.454
316.373
319.868
320.443
317.259
315.481
315.481
317.259
320.443
321.214
318.413
316.821
316.821
318.413
321.214
322.231
319.911
318.567
318.567
319.911
322.231
323.552
321.844
320.834
320.834
321.844
323.553
325.236
324.311
323.744
323.744
324.311
325.236
327.325
327.397
327.397
327.397
327.396
327.325
319.755
316.05
314.04
314.04
316.05
319.755
320.171
316.726
314.826
314.826
316.725
320.172
320.744
317.61
315.854
315.854
317.61
320.745
321.514
318.763
317.195
317.195
318.763
321.514
322.532
320.261
318.943
318.943
320.261
322.532
323.855
322.194
321.211
321.211
322.194
323.855
325.54
324.662
324.121
324.121
324.661
325.541
327.631
327.748
327.773
327.773
327.747
327.632
320.052
316.396
314.405
314.405
316.396
320.052
320.465
317.069
315.191
315.191
317.068
320.465
321.035
317.951
316.219
316.219
317.951
321.036
321.804
319.103
317.561
317.561
319.103
321.805
322.822
320.601
319.31
319.31
320.6
322.823
324.146
322.534
321.578
321.578
322.534
324.147
325.834
325.001
324.488
324.488
325.001
325.834
327.927
328.088
328.139
328.139
328.087
327.927
320.339
316.734
314.763
314.763
316.733
320.34
320.748
317.403
315.548
315.548
317.403
320.748
321.316
318.284
316.576
316.576
318.283
321.317
322.084
319.434
317.919
317.918
319.434
322.085
323.102
320.931
319.668
319.668
320.93
323.103
324.428
322.864
321.936
321.936
322.863
324.428
326.117
325.331
324.845
324.845
325.331
326.117
328.212
328.418
328.495
328.495
328.418
328.213
320.616
317.063
315.114
315.114
317.062
320.617
321.021
317.729
315.898
315.897
317.728
321.022
321.587
318.607
316.925
316.925
318.607
321.588
322.354
319.756
318.267
318.267
319.755
322.355
323.372
321.251
320.017
320.017
321.251
323.373
324.699
323.184
322.285
322.285
323.183
324.699
326.39
325.651
325.193
325.193
325.651
326.39
328.487
328.738
328.841
328.841
328.738
328.488
320.885
317.383
315.457
315.457
317.383
320.885
321.286
318.046
316.239
316.239
318.046
321.286
321.849
318.921
317.266
317.265
318.921
321.85
322.614
320.068
318.607
318.607
320.068
322.615
323.633
321.562
320.357
320.357
321.562
323.633
324.96
323.494
322.624
322.624
323.494
324.961
326.653
325.961
325.531
325.531
325.961
326.654
328.752
329.048
329.178
329.177
329.048
328.753
321.144
317.696
315.794
315.793
317.695
321.145
321.541
318.354
316.573
316.573
318.354
321.542
322.102
319.227
317.598
317.598
319.226
322.103
322.866
320.371
318.939
318.939
320.371
322.867
323.884
321.864
320.688
320.688
321.864
323.885
325.212
323.795
322.954
322.954
323.795
325.213
326.907
326.261
325.86
325.86
326.261
326.908
329.008
329.349
329.505
329.504
329.349
329.009
321.394
318
316.123
316.123
318
321.395
321.787
318.655
316.9
316.9
318.655
321.788
322.345
319.524
317.923
317.923
319.524
322.347
323.108
320.666
319.263
319.262
320.666
323.109
324.126
322.157
321.01
321.01
322.157
324.127
325.455
324.087
323.276
323.276
324.087
325.457
327.152
326.553
326.179
326.179
326.553
327.153
329.255
329.64
329.822
329.822
329.64
329.256
321.636
318.297
316.445
316.444
318.296
321.637
322.025
318.947
317.219
317.219
318.947
322.027
322.581
319.813
318.24
318.24
319.812
322.582
323.342
320.952
319.578
319.578
320.952
323.343
324.36
322.441
321.324
321.324
322.441
324.361
325.69
324.37
323.588
323.588
324.37
325.691
327.388
326.835
326.49
326.49
326.835
327.389
329.493
329.923
330.131
330.131
329.923
329.494
321.87
318.585
316.759
316.759
318.585
321.872
322.255
319.231
317.531
317.53
319.231
322.257
322.808
320.093
318.549
318.549
320.093
322.81
323.568
321.23
319.885
319.885
321.23
323.569
324.585
322.717
321.629
321.629
322.717
324.587
325.916
324.644
323.892
323.892
324.644
325.918
327.615
327.109
326.792
326.792
327.109
327.617
329.722
330.196
330.431
330.431
330.196
329.724
322.097
318.866
317.067
317.067
318.866
322.098
322.478
319.508
317.835
317.835
319.508
322.479
323.028
320.366
318.85
318.85
320.366
323.029
323.786
321.499
320.184
320.184
321.5
323.787
324.803
322.984
321.927
321.926
322.985
324.804
326.135
324.91
324.187
324.187
324.91
326.136
327.835
327.374
327.085
327.085
327.374
327.837
329.944
330.461
330.722
330.722
330.461
329.946
322.315
319.14
317.368
317.368
319.14
322.317
322.692
319.777
318.132
318.132
319.777
322.694
323.24
320.631
319.144
319.144
320.631
323.242
323.996
321.761
320.475
320.475
321.762
323.998
325.013
323.244
322.216
322.216
323.244
325.015
326.345
325.168
324.474
324.474
325.168
326.347
328.047
327.63
327.369
327.369
327.631
328.049
330.158
330.718
331.004
331.004
330.718
330.16
322.527
319.407
317.661
317.661
319.407
322.529
322.9
320.038
318.422
318.421
320.038
322.902
323.445
320.888
319.431
319.431
320.889
323.447
324.199
322.015
320.759
320.759
322.016
324.202
325.215
323.495
322.497
322.497
323.496
325.218
326.549
325.418
324.752
324.752
325.418
326.551
328.252
327.879
327.645
327.645
327.88
328.254
330.364
330.967
331.278
331.278
330.967
330.366
322.732
319.666
317.948
317.948
319.666
322.734
323.101
320.293
318.704
318.704
320.293
323.103
323.643
321.138
319.71
319.71
321.139
323.645
324.396
322.262
321.035
321.035
322.263
324.398
325.411
323.739
322.77
322.77
323.74
325.414
326.745
325.66
325.023
325.023
325.66
326.747
328.45
328.12
327.913
327.913
328.121
328.452
330.563
331.208
331.544
331.544
331.208
330.566
322.931
319.919
318.229
318.229
319.919
322.933
323.295
320.54
318.98
318.98
320.54
323.298
323.834
321.382
319.982
319.982
321.382
323.837
324.586
322.502
321.304
321.304
322.502
324.588
325.601
323.976
323.036
323.036
323.977
325.603
326.935
325.894
325.286
325.286
325.895
326.937
328.641
328.354
328.174
328.174
328.354
328.643
330.756
331.441
331.803
331.803
331.442
330.759
323.123
320.164
318.502
318.502
320.165
323.125
323.483
320.781
319.249
319.249
320.781
323.486
324.019
321.618
320.247
320.247
321.618
324.022
324.769
322.734
321.565
321.565
322.735
324.772
325.783
324.206
323.294
323.294
324.206
325.786
327.118
326.122
325.541
325.542
326.123
327.121
328.825
328.58
328.426
328.426
328.581
328.828
330.942
331.667
332.053
332.053
331.668
330.945
323.308
320.404
318.769
318.769
320.404
323.311
323.665
321.015
319.511
319.511
321.015
323.668
324.198
321.847
320.505
320.505
321.848
324.201
324.946
322.96
321.82
321.82
322.961
324.949
325.96
324.428
323.545
323.545
324.429
325.963
327.295
326.342
325.789
325.79
326.344
327.298
329.003
328.799
328.671
328.671
328.8
329.006
331.122
331.886
332.296
332.296
331.887
331.125
323.489
320.637
319.03
319.03
320.637
323.492
323.841
321.242
319.767
319.767
321.243
323.844
324.372
322.07
320.756
320.756
322.071
324.375
325.118
323.179
322.067
322.067
323.18
325.121
326.131
324.644
323.789
323.789
324.645
326.134
327.466
326.556
326.03
326.03
326.557
327.469
329.176
329.011
328.909
328.909
329.013
329.179
331.295
332.098
332.531
332.532
332.099
331.299
323.663
320.863
319.285
319.285
320.864
323.666
324.012
321.464
320.017
320.017
321.464
324.015
324.54
322.287
321.001
321.001
322.288
324.543
325.284
323.392
322.308
322.308
323.393
325.287
326.296
324.854
324.026
324.026
324.855
326.3
327.632
326.764
326.264
326.264
326.765
327.635
329.342
329.217
329.14
329.14
329.219
329.346
331.464
332.304
332.76
332.76
332.305
331.467
323.832
321.084
319.533
319.533
321.085
323.836
324.177
321.679
320.26
320.26
321.68
324.181
324.702
322.498
321.24
321.24
322.499
324.706
325.445
323.598
322.542
322.542
323.599
325.448
326.456
325.057
324.257
324.257
325.059
326.46
327.792
326.965
326.491
326.491
326.966
327.796
329.503
329.417
329.364
329.364
329.418
329.507
331.626
332.503
332.982
332.982
332.504
331.63
323.996
321.299
319.776
319.776
321.3
324
324.337
321.888
320.497
320.497
321.889
324.341
324.859
322.702
321.472
321.472
322.704
324.863
325.6
323.799
322.77
322.771
323.8
325.604
326.611
325.255
324.481
324.481
325.256
326.615
327.947
327.16
326.712
326.712
327.161
327.951
329.659
329.61
329.581
329.581
329.612
329.663
331.784
332.696
333.197
333.197
332.698
331.788
324.155
321.508
320.012
320.013
321.509
324.159
324.493
322.092
320.728
320.728
322.093
324.497
325.012
322.901
321.699
321.699
322.903
325.016
325.751
323.994
322.992
322.993
323.996
325.755
326.761
325.447
324.699
324.699
325.448
326.765
328.097
327.349
326.926
326.926
327.351
328.101
329.81
329.798
329.792
329.793
329.8
329.815
331.936
332.884
333.406
333.406
332.885
331.94
324.31
321.712
320.243
320.244
321.714
324.314
324.643
322.291
320.954
320.954
322.292
324.648
325.16
323.095
321.919
321.919
323.097
325.164
325.897
324.184
323.208
323.209
324.185
325.901
326.906
325.633
324.911
324.911
325.635
326.911
328.243
327.533
327.134
327.135
327.535
328.247
329.957
329.98
329.997
329.998
329.982
329.961
332.083
333.065
333.609
333.609
333.067
332.088
324.46
321.911
320.469
320.469
321.912
324.464
324.789
322.484
321.174
321.174
322.485
324.794
325.303
323.283
322.134
322.134
323.285
325.308
326.039
324.368
323.419
323.419
324.37
326.043
327.047
325.814
325.117
325.117
325.816
327.052
328.383
327.711
327.336
327.337
327.713
328.388
330.098
330.157
330.196
330.197
330.159
330.103
332.226
333.242
333.805
333.806
333.244
332.231
324.605
322.104
320.689
320.689
322.106
324.61
324.931
322.672
321.388
321.388
322.673
324.936
325.442
323.467
322.343
322.344
323.468
325.447
326.176
324.547
323.623
323.624
324.549
326.181
327.184
325.989
325.317
325.318
325.991
327.189
328.52
327.884
327.533
327.534
327.886
328.525
330.236
330.328
330.389
330.39
330.33
330.241
332.365
333.413
333.997
333.997
333.415
332.37
324.746
322.293
320.904
320.904
322.294
324.751
325.068
322.855
321.597
321.598
322.857
325.073
325.577
323.645
322.547
322.548
323.647
325.582
326.309
324.721
323.822
323.823
324.723
326.314
327.316
326.16
325.512
325.513
326.162
327.321
328.652
328.052
327.724
327.725
328.055
328.657
330.369
330.495
330.577
330.578
330.497
330.374
332.499
333.579
334.182
334.183
333.581
332.505
324.883
322.477
321.114
321.114
322.478
324.888
325.202
323.033
321.801
321.802
323.035
325.207
325.708
323.818
322.746
322.747
323.82
325.713
326.438
324.89
324.017
324.017
324.893
326.444
327.444
326.326
325.702
325.702
326.328
327.45
328.781
328.216
327.91
327.911
328.218
328.786
330.498
330.656
330.76
330.76
330.659
330.503
332.629
333.74
334.363
334.363
333.742
332.635
325.016
322.656
321.318
321.319
322.657
325.022
325.332
323.207
322.001
322.001
323.209
325.337
325.835
323.987
322.94
322.941
323.989
325.841
326.564
325.055
324.206
324.206
325.057
326.569
327.569
326.487
325.887
325.887
326.49
327.574
328.905
328.374
328.091
328.091
328.377
328.911
330.623
330.813
330.937
330.938
330.816
330.629
332.756
333.897
334.538
334.538
333.899
332.761
325.146
322.83
321.518
321.519
322.832
325.151
325.457
323.376
322.195
322.195
323.378
325.463
325.958
324.152
323.129
323.13
324.154
325.964
326.685
325.215
324.39
324.39
325.218
326.691
327.689
326.644
326.066
326.067
326.647
327.695
329.026
328.528
328.266
328.267
328.531
329.032
330.744
330.966
331.11
331.11
330.969
330.75
332.878
334.049
334.708
334.709
334.051
332.884
325.271
323
321.713
321.714
323.002
325.277
325.58
323.541
322.384
322.385
323.543
325.586
326.078
324.312
323.313
323.314
324.314
326.084
326.803
325.371
324.569
324.57
325.374
326.809
327.807
326.797
326.241
326.242
326.8
327.813
329.143
328.678
328.437
328.438
328.681
329.149
330.862
331.114
331.277
331.278
331.117
330.868
332.997
334.197
334.874
334.874
334.199
333.003
325.393
323.166
321.904
321.904
323.168
325.399
325.698
323.701
322.569
322.57
323.704
325.705
326.194
324.468
323.493
323.493
324.47
326.201
326.918
325.523
324.744
324.744
325.526
326.924
327.92
326.945
326.411
326.412
326.948
327.927
329.257
328.824
328.604
328.604
328.827
329.263
330.976
331.258
331.44
331.441
331.261
330.983
333.112
334.34
335.035
335.036
334.343
333.119
325.512
323.328
322.09
322.091
323.33
325.518
325.814
323.858
322.749
322.75
323.86
325.82
326.307
324.619
323.668
323.669
324.622
326.314
327.029
325.671
324.914
324.915
325.674
327.036
328.031
327.089
326.577
326.578
327.093
328.037
329.367
328.966
328.766
328.766
328.969
329.374
331.087
331.398
331.599
331.6
331.402
331.094
333.224
334.48
335.191
335.192
334.483
333.231
325.627
323.485
322.272
322.272
323.488
325.634
325.926
324.01
322.925
322.926
324.013
325.933
326.417
324.767
323.839
323.84
324.77
326.424
327.137
325.815
325.08
325.081
325.818
327.144
328.138
327.23
326.739
326.74
327.233
328.145
329.474
329.104
328.923
328.924
329.107
329.481
331.195
331.534
331.753
331.754
331.538
331.202
333.333
334.616
335.344
335.344
334.619
333.34
325.739
323.639
322.449
322.45
323.641
325.746
326.035
324.159
323.097
323.098
324.161
326.042
326.524
324.911
324.005
324.006
324.914
326.53
327.242
325.955
325.242
325.243
325.958
327.249
328.242
327.366
326.896
326.897
327.37
328.249
329.578
329.238
329.077
329.077
329.241
329.585
331.3
331.667
331.903
331.904
331.67
331.307
333.438
334.747
335.492
335.493
334.751
333.446
325.848
323.789
322.623
322.623
323.791
325.855
326.141
324.303
323.265
323.266
324.306
326.148
326.627
325.052
324.168
324.169
325.055
326.634
327.344
326.091
325.399
325.4
326.094
327.351
328.343
327.499
327.049
327.05
327.503
328.35
329.679
329.368
329.226
329.227
329.372
329.686
331.401
331.796
332.049
332.05
331.799
331.408
333.541
334.876
335.636
335.637
334.879
333.548
325.954
323.935
322.792
322.792
323.938
325.962
326.244
324.444
323.429
323.429
324.448
326.251
326.728
325.188
324.326
324.327
325.191
326.735
327.443
326.224
325.553
325.554
326.227
327.45
328.441
327.629
327.199
327.2
327.633
328.449
329.777
329.495
329.371
329.372
329.499
329.785
331.5
331.921
332.192
332.193
331.925
331.507
333.64
335.001
335.776
335.777
335.004
333.648
326.057
324.077
322.957
322.958
324.08
326.065
326.344
324.582
323.588
323.589
324.585
326.351
326.825
325.321
324.481
324.482
325.325
326.833
327.539
326.353
325.703
325.704
326.356
327.547
328.537
327.755
327.344
327.345
327.759
328.544
329.873
329.618
329.513
329.514
329.622
329.88
331.595
332.042
332.33
332.331
332.047
331.603
333.737
335.122
335.913
335.914
335.126
333.745
326.158
324.216
323.118
323.119
324.219
326.165
326.441
324.716
323.744
323.745
324.719
326.449
326.92
325.451
324.632
324.633
325.455
326.928
327.633
326.479
325.849
325.85
326.482
327.641
328.629
327.877
327.486
327.487
327.881
328.637
329.965
329.739
329.651
329.652
329.743
329.973
331.688
332.161
332.465
332.466
332.165
331.696
333.831
335.24
336.046
336.047
335.244
333.839
326.255
324.352
323.276
323.277
324.355
326.263
326.535
324.847
323.896
323.897
324.85
326.543
327.013
325.577
324.779
324.78
325.581
327.021
327.723
326.601
325.991
325.992
326.605
327.732
328.719
327.997
327.624
327.625
328.001
328.728
330.055
329.855
329.785
329.786
329.86
330.063
331.779
332.276
332.596
332.597
332.281
331.787
333.922
335.355
336.175
336.176
335.359
333.93
326.35
324.484
323.43
323.431
324.487
326.358
326.627
324.974
324.045
324.046
324.978
326.635
327.102
325.7
324.922
324.923
325.704
327.111
327.812
326.721
326.13
326.131
326.725
327.82
328.807
328.113
327.758
327.76
328.117
328.815
330.142
329.969
329.916
329.917
329.974
330.151
331.866
332.388
332.724
332.725
332.393
331.875
334.01
335.466
336.301
336.302
335.471
334.019
326.442
324.613
323.58
323.581
324.616
326.45
326.716
325.098
324.19
324.191
325.102
326.725
327.19
325.82
325.062
325.063
325.824
327.198
327.897
326.837
326.265
326.266
326.841
327.906
328.892
328.226
327.889
327.891
328.23
328.9
330.227
330.08
330.043
330.044
330.084
330.236
331.951
332.497
332.848
332.849
332.502
331.96
334.096
335.575
336.423
336.425
335.579
334.105
326.532
324.738
323.727
323.728
324.742
326.54
326.803
325.219
324.331
324.332
325.223
326.812
327.274
325.937
325.199
325.2
325.941
327.283
327.981
326.95
326.397
326.399
326.954
327.989
328.974
328.336
328.017
328.019
328.341
328.983
330.309
330.188
330.167
330.169
330.192
330.318
332.034
332.604
332.969
332.971
332.608
332.043
334.18
335.681
336.543
336.544
335.685
334.189
326.618
324.86
323.869
323.87
324.864
326.627
326.887
325.337
324.468
324.469
325.341
326.896
327.356
326.05
325.331
325.332
326.055
327.365
328.061
327.06
326.525
326.526
327.064
328.07
329.054
328.443
328.141
328.142
328.447
329.063
330.389
330.292
330.287
330.289
330.297
330.398
332.114
332.706
333.086
333.088
332.711
332.123
334.26
335.783
336.658
336.659
335.788
334.27
326.705
324.983
324.013
324.014
324.987
326.714
326.972
325.455
324.607
324.608
325.459
326.981
327.438
326.164
325.465
325.466
326.169
327.448
328.142
327.17
326.654
326.655
327.175
328.151
329.134
328.55
328.266
328.267
328.555
329.143
330.469
330.396
330.408
330.41
330.401
330.478
332.194
332.809
333.204
333.206
332.814
332.204
334.341
335.886
336.774
336.776
335.891
334.351
326.777
325.084
324.132
324.133
325.089
326.786
327.041
325.552
324.721
324.722
325.557
327.051
327.506
326.259
325.575
325.576
326.263
327.516
328.209
327.261
326.76
326.762
327.266
328.218
329.2
328.638
328.369
328.37
328.643
329.209
330.535
330.483
330.508
330.51
330.488
330.544
332.261
332.895
333.302
333.303
332.9
332.27
334.408
335.971
336.87
336.872
335.976
334.418
326.904
325.264
324.343
324.344
325.269
326.913
327.164
325.725
324.925
324.926
325.73
327.173
327.626
326.425
325.771
325.772
326.43
327.636
328.326
327.422
326.949
326.951
327.427
328.336
329.316
328.795
328.551
328.552
328.8
329.326
330.65
330.636
330.685
330.686
330.641
330.66
332.377
333.045
333.474
333.475
333.05
332.387
334.526
336.12
337.039
337.041
336.125
334.536
)
;

boundaryField
{
    inlet
    {
        type            fixedValue;
        value           uniform 298.15;
    }
    outlet
    {
        type            inletOutlet;
        inletValue      uniform 298.15;
        value           nonuniform List<scalar> 
228
(
325.235
322.875
321.564
321.565
322.879
325.245
322.875
319.622
317.834
317.835
319.624
322.883
321.564
317.834
315.792
315.792
317.836
321.57
321.565
317.835
315.792
315.792
317.836
321.571
322.879
319.624
317.836
317.836
319.627
322.887
325.245
322.883
321.571
321.571
322.887
325.254
326.79
325.167
324.255
324.256
325.171
326.8
327.049
325.625
324.834
324.835
325.63
327.059
327.51
326.324
325.678
325.679
326.329
327.52
328.209
327.319
326.855
326.856
327.324
328.219
329.199
328.69
328.454
328.456
328.696
329.209
330.533
330.53
330.587
330.588
330.536
330.543
332.26
332.939
333.374
333.376
332.944
332.27
334.409
336.013
336.939
336.941
336.019
334.419
326.801
325.176
324.263
324.264
325.18
326.81
327.06
325.635
324.842
324.843
325.64
327.069
327.521
326.334
325.687
325.688
326.338
327.53
328.221
327.329
326.863
326.864
327.333
328.23
329.21
328.7
328.463
328.464
328.705
329.219
330.544
330.54
330.595
330.597
330.545
330.554
332.271
332.949
333.383
333.384
332.953
332.28
334.42
336.023
336.948
336.949
336.028
334.429
326.801
327.06
327.521
328.22
329.21
330.544
332.27
334.419
325.176
325.635
326.333
327.328
328.7
330.54
332.948
336.023
324.263
324.842
325.686
326.863
328.463
330.595
333.383
336.948
324.264
324.843
325.688
326.864
328.464
330.597
333.384
336.949
325.18
325.64
326.338
327.334
328.705
330.545
332.954
336.028
326.81
327.069
327.53
328.23
329.22
330.554
332.28
334.43
326.79
327.049
327.51
328.209
329.199
330.533
332.26
334.409
325.167
325.626
326.324
327.319
328.691
330.53
332.939
336.014
324.255
324.834
325.678
326.855
328.455
330.587
333.374
336.939
324.256
324.835
325.679
326.856
328.456
330.588
333.376
336.941
325.171
325.63
326.329
327.324
328.696
330.536
332.944
336.019
326.8
327.058
327.52
328.219
329.209
330.543
332.27
334.419
)
;
    }
    wall
    {
        type            externalTemperature;
        q               
        {
            type            uniform;
            value           100000;
        }
        refValue        nonuniform List<scalar> 
1920
(
301.53
301.73
301.887
301.887
301.73
301.53
305.369
305.315
305.303
305.303
305.315
305.369
307.834
307.743
307.689
307.689
307.743
307.834
309.558
309.451
309.376
309.376
309.451
309.558
310.933
310.836
310.753
310.753
310.836
310.933
312.11
312.031
311.948
311.948
312.031
312.11
313.153
313.095
313.018
313.018
313.095
313.153
314.101
314.063
313.997
313.997
314.063
314.101
314.979
314.956
314.902
314.902
314.956
314.979
315.801
315.789
315.748
315.748
315.789
315.801
316.579
316.574
316.543
316.543
316.574
316.579
317.318
317.319
317.296
317.296
317.319
317.318
318.024
318.03
318.013
318.013
318.03
318.023
318.699
318.711
318.7
318.7
318.711
318.699
319.347
319.366
319.36
319.36
319.366
319.347
319.969
319.997
319.997
319.996
319.997
319.969
320.567
320.607
320.612
320.612
320.607
320.567
321.143
321.197
321.209
321.209
321.197
321.142
321.697
321.769
321.788
321.788
321.769
321.697
322.232
322.323
322.351
322.351
322.323
322.231
322.747
322.861
322.9
322.9
322.861
322.747
323.245
323.384
323.434
323.434
323.383
323.244
323.725
323.891
323.955
323.954
323.891
323.724
324.188
324.384
324.462
324.462
324.384
324.188
324.636
324.864
324.957
324.957
324.863
324.635
325.068
325.329
325.44
325.44
325.329
325.068
325.485
325.782
325.911
325.911
325.782
325.485
325.887
326.222
326.371
326.371
326.221
325.887
326.276
326.649
326.819
326.819
326.649
326.276
326.651
327.064
327.256
327.256
327.064
326.651
327.013
327.468
327.682
327.681
327.467
327.013
327.362
327.859
328.097
328.096
327.859
327.362
327.698
328.239
328.501
328.5
328.239
327.698
328.023
328.608
328.894
328.894
328.607
328.023
328.335
328.965
329.277
329.277
328.965
328.336
328.637
329.312
329.65
329.65
329.312
328.638
328.928
329.648
330.012
330.012
329.648
328.929
329.208
329.974
330.365
330.364
329.974
329.209
329.478
330.29
330.707
330.707
330.29
329.479
329.739
330.596
331.04
331.04
330.596
329.74
329.99
330.893
331.363
331.363
330.893
329.991
330.232
331.18
331.677
331.677
331.18
330.233
330.465
331.458
331.981
331.981
331.458
330.467
330.69
331.727
332.277
332.277
331.727
330.692
330.907
331.988
332.564
332.564
331.988
330.909
331.116
332.24
332.842
332.842
332.241
331.119
331.318
332.484
333.112
333.112
332.485
331.321
331.513
332.721
333.374
333.374
332.722
331.516
331.701
332.95
333.627
333.627
332.951
331.704
331.883
333.171
333.873
333.874
333.172
331.886
332.058
333.386
334.112
334.112
333.387
332.062
332.228
333.594
334.343
334.343
333.595
332.232
332.392
333.795
334.567
334.568
333.797
332.396
332.551
333.99
334.785
334.785
333.992
332.555
332.704
334.179
334.996
334.996
334.181
332.709
332.853
334.363
335.201
335.201
334.365
332.857
332.996
334.54
335.399
335.4
334.543
333.001
333.136
334.713
335.592
335.592
334.715
333.141
333.27
334.88
335.779
335.78
334.882
333.276
333.401
335.042
335.961
335.961
335.045
333.407
333.528
335.2
336.137
336.138
335.202
333.534
333.651
335.353
336.308
336.309
335.356
333.657
333.77
335.501
336.475
336.476
335.504
333.776
333.885
335.645
336.637
336.638
335.649
333.892
333.998
335.786
336.794
336.795
335.789
334.005
334.106
335.922
336.947
336.948
335.925
334.114
334.212
336.054
337.096
337.097
336.058
334.219
334.315
336.183
337.241
337.242
336.186
334.322
334.414
336.308
337.381
337.382
336.312
334.422
334.511
336.429
337.518
337.519
336.433
334.519
334.604
336.547
337.651
337.653
336.552
334.613
334.695
336.662
337.781
337.782
336.667
334.704
334.784
336.774
337.907
337.908
336.779
334.793
334.87
336.883
338.03
338.031
336.888
334.879
334.953
336.988
338.149
338.151
336.993
334.962
335.034
337.091
338.265
338.267
337.096
335.044
335.112
337.191
338.378
338.379
337.196
335.122
335.191
337.291
338.491
338.493
337.296
335.201
335.256
337.373
338.585
338.586
337.379
335.266
335.369
337.518
338.749
338.751
337.524
335.38
301.53
301.73
301.887
301.887
301.73
301.53
305.369
305.315
305.303
305.303
305.315
305.369
307.834
307.743
307.689
307.689
307.743
307.834
309.558
309.451
309.376
309.376
309.451
309.558
310.933
310.836
310.753
310.753
310.836
310.933
312.11
312.031
311.948
311.948
312.031
312.11
313.153
313.095
313.018
313.018
313.095
313.153
314.101
314.063
313.997
313.997
314.063
314.101
314.979
314.956
314.902
314.902
314.956
314.979
315.801
315.789
315.747
315.747
315.789
315.801
316.579
316.574
316.543
316.543
316.574
316.578
317.318
317.319
317.296
317.296
317.319
317.318
318.023
318.03
318.013
318.013
318.029
318.023
318.699
318.711
318.7
318.7
318.711
318.699
319.347
319.366
319.36
319.36
319.365
319.346
319.969
319.997
319.996
319.996
319.997
319.968
320.567
320.607
320.612
320.612
320.607
320.566
321.142
321.197
321.209
321.209
321.197
321.142
321.697
321.769
321.788
321.788
321.768
321.696
322.231
322.323
322.351
322.351
322.323
322.231
322.747
322.861
322.899
322.899
322.861
322.746
323.244
323.384
323.434
323.433
323.383
323.244
323.725
323.891
323.954
323.954
323.891
323.724
324.188
324.384
324.462
324.462
324.384
324.187
324.636
324.863
324.957
324.957
324.863
324.635
325.068
325.329
325.44
325.44
325.329
325.067
325.485
325.782
325.911
325.911
325.781
325.484
325.887
326.222
326.371
326.37
326.221
325.887
326.276
326.649
326.819
326.818
326.648
326.275
326.651
327.064
327.256
327.255
327.064
326.65
327.013
327.467
327.681
327.681
327.467
327.012
327.362
327.859
328.096
328.096
327.858
327.361
327.698
328.239
328.5
328.5
328.238
327.698
328.023
328.608
328.894
328.894
328.607
328.023
328.336
328.965
329.277
329.277
328.965
328.336
328.638
329.312
329.65
329.649
329.312
328.638
328.929
329.649
330.012
330.012
329.648
328.929
329.209
329.975
330.364
330.364
329.974
329.21
329.48
330.291
330.707
330.707
330.29
329.48
329.74
330.597
331.04
331.04
330.597
329.741
329.991
330.893
331.363
331.363
330.893
329.992
330.233
331.181
331.677
331.677
331.18
330.234
330.467
331.459
331.982
331.982
331.459
330.468
330.692
331.728
332.278
332.277
331.728
330.694
330.909
331.989
332.564
332.564
331.989
330.911
331.119
332.241
332.843
332.843
332.242
331.121
331.321
332.486
333.113
333.113
332.486
331.323
331.516
332.723
333.375
333.375
332.723
331.518
331.705
332.952
333.629
333.629
332.952
331.707
331.886
333.174
333.875
333.875
333.174
331.889
332.062
333.388
334.113
334.114
333.389
332.065
332.232
333.597
334.345
334.345
333.597
332.235
332.396
333.798
334.569
334.57
333.799
332.4
332.555
333.993
334.787
334.787
333.995
332.559
332.709
334.183
334.998
334.999
334.184
332.713
332.858
334.366
335.203
335.203
334.368
332.862
333.002
334.544
335.402
335.402
334.546
333.006
333.141
334.717
335.595
335.595
334.719
333.145
333.276
334.884
335.782
335.783
334.886
333.281
333.407
335.047
335.964
335.965
335.049
333.412
333.534
335.205
336.141
336.141
335.207
333.539
333.658
335.358
336.312
336.313
335.36
333.663
333.777
335.506
336.479
336.48
335.509
333.782
333.893
335.651
336.641
336.642
335.654
333.898
334.005
335.791
336.799
336.8
335.794
334.011
334.114
335.928
336.952
336.953
335.931
334.12
334.22
336.06
337.101
337.102
336.063
334.226
334.323
336.189
337.246
337.247
336.192
334.329
334.423
336.315
337.387
337.388
336.318
334.429
334.519
336.436
337.524
337.525
336.44
334.526
334.614
336.555
337.658
337.659
336.558
334.621
334.705
336.67
337.787
337.788
336.674
334.712
334.794
336.782
337.914
337.915
336.786
334.801
334.88
336.891
338.037
338.038
336.895
334.887
334.963
336.997
338.156
338.158
337.001
334.971
335.045
337.1
338.273
338.274
337.104
335.053
335.123
337.2
338.386
338.387
337.204
335.131
335.202
337.3
338.499
338.5
337.305
335.21
335.267
337.383
338.593
338.594
337.388
335.276
335.381
337.529
338.758
338.759
337.533
335.39
301.53
305.369
307.834
309.558
310.933
312.11
313.153
314.101
314.979
315.801
316.579
317.318
318.023
318.699
319.347
319.969
320.567
321.142
321.697
322.231
322.747
323.244
323.724
324.188
324.635
325.067
325.484
325.887
326.276
326.651
327.012
327.361
327.698
328.023
328.336
328.637
328.928
329.209
329.479
329.74
329.991
330.233
330.466
330.692
330.909
331.118
331.32
331.515
331.704
331.886
332.062
332.231
332.396
332.555
332.708
332.857
333.001
333.14
333.276
333.407
333.534
333.657
333.776
333.892
334.004
334.113
334.219
334.322
334.422
334.519
334.613
334.704
334.793
334.879
334.962
335.044
335.122
335.201
335.266
335.38
301.73
305.315
307.743
309.451
310.836
312.031
313.095
314.063
314.956
315.789
316.574
317.319
318.03
318.711
319.366
319.997
320.607
321.197
321.769
322.323
322.861
323.383
323.891
324.384
324.863
325.329
325.782
326.222
326.649
327.064
327.467
327.859
328.239
328.607
328.965
329.312
329.648
329.974
330.29
330.597
330.893
331.18
331.459
331.728
331.989
332.241
332.486
332.722
332.951
333.173
333.388
333.596
333.798
333.993
334.182
334.366
334.544
334.716
334.884
335.046
335.204
335.357
335.506
335.65
335.791
335.927
336.06
336.189
336.314
336.436
336.554
336.669
336.782
336.89
336.996
337.1
337.199
337.299
337.382
337.528
301.887
305.303
307.689
309.376
310.753
311.948
313.018
313.997
314.902
315.747
316.543
317.296
318.013
318.7
319.36
319.996
320.612
321.209
321.788
322.351
322.899
323.434
323.954
324.462
324.957
325.44
325.911
326.371
326.819
327.255
327.681
328.096
328.5
328.894
329.277
329.649
330.012
330.364
330.707
331.04
331.363
331.677
331.982
332.277
332.564
332.843
333.113
333.374
333.628
333.875
334.113
334.345
334.569
334.787
334.998
335.203
335.402
335.595
335.782
335.964
336.141
336.312
336.479
336.641
336.799
336.952
337.101
337.246
337.387
337.524
337.657
337.787
337.913
338.036
338.156
338.273
338.385
338.499
338.593
338.758
301.887
305.303
307.689
309.376
310.753
311.948
313.018
313.997
314.902
315.747
316.543
317.296
318.013
318.7
319.36
319.996
320.612
321.209
321.788
322.351
322.899
323.433
323.954
324.462
324.957
325.44
325.911
326.37
326.818
327.255
327.681
328.096
328.5
328.894
329.277
329.649
330.012
330.364
330.707
331.04
331.363
331.677
331.982
332.277
332.564
332.843
333.113
333.375
333.628
333.875
334.113
334.345
334.569
334.787
334.998
335.203
335.402
335.595
335.783
335.964
336.141
336.313
336.48
336.642
336.799
336.953
337.102
337.247
337.388
337.525
337.658
337.788
337.915
338.038
338.158
338.274
338.387
338.5
338.594
338.759
301.73
305.315
307.743
309.451
310.836
312.031
313.095
314.063
314.956
315.789
316.574
317.319
318.029
318.711
319.365
319.997
320.607
321.197
321.768
322.323
322.861
323.383
323.891
324.384
324.863
325.329
325.781
326.221
326.648
327.064
327.467
327.858
328.238
328.607
328.965
329.312
329.648
329.974
330.29
330.597
330.893
331.181
331.459
331.728
331.989
332.242
332.486
332.723
332.952
333.174
333.389
333.597
333.799
333.995
334.184
334.368
334.546
334.719
334.886
335.049
335.207
335.36
335.509
335.654
335.794
335.931
336.063
336.192
336.318
336.44
336.559
336.674
336.786
336.895
337.001
337.105
337.204
337.305
337.388
337.533
301.53
305.369
307.834
309.558
310.933
312.11
313.153
314.101
314.979
315.801
316.578
317.318
318.023
318.699
319.346
319.968
320.566
321.142
321.696
322.231
322.746
323.244
323.724
324.188
324.635
325.067
325.484
325.887
326.275
326.651
327.012
327.362
327.698
328.023
328.336
328.638
328.929
329.21
329.48
329.741
329.992
330.235
330.468
330.694
330.911
331.121
331.323
331.519
331.707
331.889
332.065
332.235
332.4
332.559
332.713
332.862
333.006
333.146
333.281
333.413
333.54
333.663
333.783
333.899
334.011
334.121
334.227
334.33
334.43
334.527
334.621
334.713
334.802
334.888
334.972
335.053
335.132
335.211
335.276
335.39
301.53
305.369
307.834
309.558
310.933
312.11
313.153
314.101
314.979
315.801
316.579
317.318
318.024
318.699
319.347
319.969
320.567
321.143
321.697
322.232
322.747
323.245
323.725
324.189
324.636
325.068
325.485
325.888
326.276
326.651
327.013
327.362
327.698
328.023
328.336
328.637
328.928
329.208
329.479
329.739
329.99
330.232
330.465
330.69
330.907
331.117
331.318
331.513
331.702
331.883
332.059
332.228
332.392
332.551
332.705
332.853
332.997
333.136
333.271
333.402
333.528
333.651
333.77
333.886
333.998
334.107
334.213
334.315
334.415
334.511
334.605
334.696
334.784
334.87
334.954
335.035
335.113
335.191
335.256
335.37
301.73
305.315
307.743
309.451
310.836
312.031
313.095
314.063
314.956
315.789
316.574
317.319
318.03
318.711
319.366
319.997
320.607
321.197
321.769
322.323
322.861
323.384
323.891
324.385
324.864
325.33
325.782
326.222
326.649
327.065
327.468
327.859
328.239
328.608
328.965
329.312
329.649
329.975
330.29
330.596
330.893
331.18
331.458
331.727
331.988
332.24
332.484
332.721
332.95
333.172
333.386
333.594
333.796
333.991
334.18
334.363
334.541
334.713
334.88
335.043
335.2
335.353
335.501
335.646
335.786
335.922
336.054
336.183
336.308
336.43
336.548
336.663
336.775
336.883
336.989
337.092
337.191
337.291
337.374
337.519
301.887
305.303
307.689
309.376
310.753
311.948
313.018
313.997
314.902
315.748
316.543
317.296
318.013
318.7
319.36
319.997
320.612
321.209
321.788
322.351
322.9
323.434
323.955
324.462
324.957
325.44
325.912
326.371
326.819
327.256
327.682
328.097
328.501
328.894
329.277
329.65
330.012
330.365
330.707
331.04
331.363
331.677
331.981
332.277
332.564
332.842
333.112
333.374
333.627
333.873
334.112
334.343
334.568
334.785
334.996
335.201
335.399
335.592
335.779
335.961
336.137
336.309
336.475
336.637
336.794
336.947
337.096
337.241
337.381
337.518
337.651
337.781
337.907
338.03
338.149
338.266
338.378
338.491
338.585
338.749
301.887
305.303
307.689
309.376
310.753
311.948
313.018
313.997
314.902
315.748
316.543
317.296
318.013
318.7
319.36
319.996
320.612
321.209
321.788
322.351
322.9
323.434
323.954
324.462
324.957
325.44
325.911
326.371
326.819
327.256
327.681
328.096
328.5
328.894
329.277
329.65
330.012
330.364
330.707
331.04
331.363
331.677
331.981
332.277
332.564
332.842
333.112
333.374
333.627
333.874
334.112
334.343
334.568
334.785
334.996
335.201
335.4
335.593
335.78
335.961
336.138
336.309
336.476
336.638
336.795
336.948
337.097
337.242
337.382
337.519
337.653
337.782
337.908
338.031
338.151
338.267
338.379
338.493
338.586
338.751
301.73
305.315
307.743
309.451
310.836
312.031
313.095
314.063
314.956
315.789
316.574
317.319
318.03
318.711
319.366
319.997
320.607
321.197
321.769
322.323
322.861
323.383
323.891
324.384
324.863
325.329
325.782
326.221
326.649
327.064
327.467
327.859
328.239
328.607
328.965
329.312
329.648
329.974
330.29
330.596
330.893
331.18
331.458
331.727
331.988
332.241
332.485
332.722
332.951
333.172
333.387
333.595
333.797
333.992
334.181
334.365
334.543
334.715
334.882
335.045
335.203
335.356
335.504
335.649
335.789
335.925
336.058
336.187
336.312
336.433
336.552
336.667
336.779
336.888
336.993
337.097
337.196
337.296
337.379
337.524
301.53
305.369
307.834
309.558
310.933
312.11
313.153
314.101
314.979
315.801
316.579
317.318
318.023
318.699
319.347
319.969
320.567
321.142
321.697
322.231
322.747
323.244
323.724
324.188
324.636
325.068
325.485
325.887
326.276
326.651
327.013
327.362
327.698
328.023
328.336
328.638
328.929
329.209
329.479
329.74
329.991
330.233
330.467
330.692
330.909
331.119
331.321
331.516
331.704
331.886
332.062
332.232
332.396
332.555
332.709
332.857
333.002
333.141
333.276
333.407
333.534
333.657
333.777
333.892
334.005
334.114
334.22
334.322
334.422
334.519
334.613
334.704
334.793
334.879
334.963
335.044
335.122
335.201
335.266
335.38
)
;
        refGradient     uniform 164737;
        valueFraction   uniform 0;
        value           nonuniform List<scalar> 
1920
(
301.53
301.73
301.887
301.887
301.73
301.53
305.369
305.315
305.303
305.303
305.315
305.369
307.834
307.743
307.689
307.689
307.743
307.834
309.558
309.451
309.376
309.376
309.451
309.558
310.933
310.836
310.753
310.753
310.836
310.933
312.11
312.031
311.948
311.948
312.031
312.11
313.153
313.095
313.018
313.018
313.095
313.153
314.101
314.063
313.997
313.997
314.063
314.101
314.978
314.956
314.902
314.902
314.956
314.978
315.801
315.789
315.747
315.747
315.789
315.801
316.578
316.574
316.543
316.543
316.574
316.578
317.318
317.319
317.296
317.296
317.319
317.317
318.023
318.03
318.013
318.013
318.029
318.023
318.699
318.711
318.7
318.7
318.711
318.699
319.347
319.366
319.36
319.36
319.366
319.347
319.97
319.997
319.997
319.996
319.997
319.97
320.569
320.608
320.612
320.612
320.607
320.569
321.145
321.198
321.209
321.209
321.198
321.145
321.701
321.77
321.788
321.788
321.77
321.701
322.237
322.325
322.352
322.352
322.325
322.236
322.754
322.864
322.901
322.901
322.864
322.753
323.253
323.387
323.435
323.435
323.387
323.252
323.734
323.896
323.957
323.956
323.895
323.734
324.199
324.39
324.465
324.465
324.389
324.199
324.649
324.87
324.961
324.961
324.87
324.648
325.082
325.337
325.444
325.444
325.337
325.082
325.501
325.791
325.916
325.916
325.79
325.501
325.906
326.232
326.377
326.377
326.232
325.906
326.296
326.661
326.826
326.826
326.66
326.296
326.673
327.078
327.264
327.264
327.077
326.673
327.037
327.482
327.691
327.691
327.482
327.037
327.388
327.875
328.107
328.107
327.875
327.388
327.727
328.257
328.513
328.513
328.257
327.727
328.054
328.628
328.908
328.908
328.627
328.054
328.369
328.987
329.292
329.292
328.987
328.37
328.673
329.336
329.667
329.667
329.336
328.674
328.966
329.674
330.031
330.031
329.674
328.967
329.249
330.002
330.385
330.385
330.002
329.25
329.522
330.32
330.729
330.729
330.32
329.523
329.784
330.628
331.064
331.064
330.628
329.786
330.038
330.927
331.389
331.389
330.927
330.039
330.282
331.216
331.705
331.705
331.216
330.284
330.518
331.496
332.012
332.012
331.497
330.519
330.745
331.768
332.309
332.309
331.768
330.747
330.964
332.031
332.598
332.598
332.031
330.966
331.176
332.285
332.879
332.879
332.286
331.178
331.38
332.532
333.151
333.151
332.532
331.383
331.577
332.77
333.415
333.415
332.771
331.58
331.767
333.001
333.67
333.671
333.002
331.77
331.951
333.225
333.919
333.919
333.226
331.955
332.129
333.442
334.159
334.16
333.443
332.132
332.301
333.652
334.393
334.393
333.653
332.304
332.467
333.856
334.619
334.62
333.857
332.471
332.627
334.053
334.839
334.839
334.054
332.632
332.783
334.244
335.052
335.052
334.246
332.787
332.933
334.429
335.259
335.259
334.431
332.938
333.079
334.609
335.459
335.46
334.611
333.084
333.22
334.783
335.654
335.655
334.786
333.225
333.357
334.952
335.843
335.844
334.955
333.362
333.489
335.117
336.027
336.028
335.119
333.495
333.617
335.276
336.205
336.206
335.279
333.623
333.742
335.431
336.379
336.379
335.434
333.748
333.863
335.581
336.547
336.548
335.584
333.869
333.98
335.727
336.711
336.712
335.73
333.987
334.094
335.869
336.87
336.871
335.872
334.101
334.204
336.007
337.025
337.026
336.01
334.211
334.311
336.141
337.175
337.176
336.144
334.319
334.415
336.271
337.322
337.323
336.275
334.423
334.516
336.398
337.464
337.465
336.402
334.524
334.614
336.521
337.603
337.604
336.525
334.622
334.709
336.641
337.737
337.739
336.645
334.718
334.802
336.757
337.869
337.87
336.762
334.81
334.892
336.87
337.996
337.998
336.875
334.9
334.979
336.981
338.121
338.122
336.985
334.988
335.063
337.088
338.242
338.243
337.093
335.073
335.146
337.192
338.359
338.361
337.197
335.155
335.225
337.293
338.473
338.475
337.298
335.235
335.305
337.394
338.588
338.59
337.399
335.315
335.371
337.478
338.683
338.685
337.484
335.381
335.486
337.625
338.85
338.851
337.631
335.496
301.53
301.73
301.887
301.887
301.73
301.53
305.369
305.315
305.303
305.303
305.315
305.369
307.834
307.743
307.689
307.689
307.743
307.834
309.558
309.451
309.376
309.376
309.451
309.558
310.933
310.836
310.753
310.753
310.836
310.933
312.11
312.031
311.948
311.948
312.031
312.11
313.153
313.095
313.018
313.018
313.095
313.153
314.101
314.063
313.997
313.997
314.063
314.101
314.978
314.956
314.902
314.902
314.956
314.978
315.801
315.789
315.747
315.747
315.789
315.801
316.578
316.574
316.543
316.543
316.574
316.578
317.317
317.319
317.296
317.296
317.319
317.317
318.023
318.029
318.013
318.013
318.029
318.023
318.699
318.711
318.7
318.7
318.71
318.699
319.347
319.366
319.36
319.36
319.365
319.347
319.97
319.997
319.996
319.996
319.997
319.969
320.569
320.607
320.612
320.612
320.607
320.568
321.145
321.198
321.209
321.209
321.198
321.145
321.701
321.77
321.788
321.788
321.77
321.7
322.236
322.325
322.352
322.352
322.325
322.236
322.753
322.864
322.901
322.9
322.863
322.753
323.252
323.387
323.435
323.435
323.387
323.252
323.734
323.895
323.956
323.956
323.895
323.733
324.199
324.389
324.465
324.464
324.389
324.198
324.648
324.87
324.96
324.96
324.869
324.648
325.082
325.337
325.444
325.444
325.336
325.082
325.501
325.791
325.916
325.916
325.79
325.501
325.906
326.232
326.377
326.376
326.231
325.905
326.296
326.661
326.826
326.826
326.66
326.296
326.673
327.077
327.264
327.264
327.077
326.673
327.037
327.482
327.691
327.691
327.481
327.037
327.389
327.875
328.107
328.107
327.875
327.388
327.727
328.257
328.513
328.512
328.256
327.727
328.054
328.628
328.908
328.907
328.627
328.054
328.37
328.987
329.292
329.292
328.987
328.37
328.674
329.336
329.667
329.666
329.335
328.674
328.967
329.674
330.031
330.031
329.674
328.967
329.25
330.002
330.385
330.385
330.002
329.25
329.523
330.321
330.729
330.729
330.32
329.523
329.786
330.629
331.064
331.064
330.629
329.786
330.039
330.928
331.389
331.389
330.927
330.04
330.284
331.217
331.705
331.705
331.217
330.285
330.52
331.497
332.012
332.012
331.497
330.521
330.747
331.769
332.31
332.31
331.769
330.748
330.967
332.032
332.599
332.599
332.032
330.968
331.178
332.287
332.879
332.879
332.287
331.18
331.383
332.533
333.152
333.151
332.533
331.385
331.58
332.772
333.416
333.415
332.772
331.582
331.771
333.003
333.672
333.672
333.004
331.773
331.955
333.227
333.92
333.92
333.228
331.957
332.133
333.444
334.161
334.161
333.445
332.135
332.305
333.655
334.395
334.395
333.656
332.308
332.471
333.858
334.621
334.621
333.859
332.474
332.632
334.056
334.841
334.841
334.057
332.635
332.788
334.247
335.054
335.055
334.248
332.791
332.938
334.433
335.261
335.262
334.434
332.942
333.084
334.613
335.462
335.462
334.614
333.088
333.226
334.787
335.657
335.657
334.789
333.23
333.362
334.957
335.846
335.847
334.959
333.367
333.495
335.121
336.03
336.031
335.123
333.5
333.624
335.281
336.209
336.209
335.283
333.629
333.749
335.436
336.383
336.383
335.438
333.754
333.87
335.586
336.551
336.552
335.589
333.875
333.987
335.733
336.715
336.716
335.735
333.993
334.101
335.875
336.875
336.875
335.877
334.107
334.212
336.013
337.03
337.03
336.016
334.218
334.319
336.147
337.18
337.181
336.15
334.325
334.424
336.278
337.327
337.328
336.281
334.43
334.525
336.405
337.47
337.471
336.408
334.531
334.623
336.528
337.609
337.61
336.531
334.63
334.718
336.648
337.744
337.745
336.652
334.725
334.811
336.765
337.875
337.876
336.768
334.818
334.901
336.878
338.003
338.004
336.882
334.909
334.989
336.989
338.128
338.129
336.993
334.996
335.074
337.096
338.249
338.25
337.1
335.081
335.156
337.201
338.367
338.368
337.205
335.164
335.236
337.302
338.481
338.483
337.306
335.244
335.316
337.403
338.596
338.597
337.408
335.324
335.382
337.488
338.691
338.693
337.492
335.391
335.498
337.635
338.858
338.86
337.64
335.507
301.53
305.369
307.834
309.558
310.933
312.11
313.153
314.101
314.978
315.801
316.578
317.317
318.023
318.699
319.347
319.97
320.569
321.145
321.701
322.236
322.753
323.252
323.734
324.199
324.648
325.082
325.501
325.905
326.296
326.673
327.037
327.388
327.727
328.054
328.369
328.673
328.967
329.25
329.522
329.785
330.039
330.283
330.519
330.747
330.966
331.178
331.382
331.58
331.77
331.954
332.132
332.304
332.47
332.631
332.787
332.937
333.083
333.225
333.362
333.494
333.623
333.748
333.869
333.986
334.1
334.211
334.318
334.423
334.524
334.622
334.718
334.81
334.9
334.988
335.073
335.155
335.235
335.315
335.381
335.497
301.73
305.315
307.743
309.451
310.836
312.031
313.095
314.063
314.956
315.789
316.574
317.319
318.029
318.711
319.366
319.997
320.607
321.198
321.77
322.325
322.864
323.387
323.895
324.389
324.87
325.337
325.79
326.232
326.66
327.077
327.482
327.875
328.257
328.627
328.987
329.336
329.674
330.002
330.32
330.629
330.927
331.217
331.497
331.769
332.032
332.286
332.533
332.772
333.003
333.227
333.444
333.654
333.858
334.055
334.247
334.432
334.612
334.787
334.956
335.121
335.28
335.435
335.586
335.732
335.874
336.012
336.147
336.277
336.404
336.527
336.647
336.764
336.878
336.988
337.096
337.2
337.301
337.403
337.487
337.635
301.887
305.303
307.689
309.376
310.753
311.948
313.018
313.997
314.902
315.747
316.543
317.296
318.013
318.7
319.36
319.996
320.612
321.209
321.788
322.352
322.901
323.435
323.956
324.465
324.96
325.444
325.916
326.377
326.826
327.264
327.691
328.107
328.513
328.908
329.292
329.666
330.031
330.385
330.729
331.064
331.389
331.705
332.012
332.31
332.599
332.879
333.151
333.415
333.671
333.92
334.161
334.394
334.621
334.841
335.054
335.261
335.462
335.657
335.846
336.03
336.209
336.382
336.551
336.715
336.874
337.029
337.18
337.327
337.469
337.608
337.743
337.875
338.003
338.127
338.249
338.367
338.481
338.596
338.691
338.858
301.887
305.303
307.689
309.376
310.753
311.948
313.018
313.997
314.902
315.747
316.543
317.296
318.013
318.7
319.36
319.996
320.612
321.209
321.788
322.352
322.9
323.435
323.956
324.464
324.96
325.444
325.916
326.376
326.825
327.263
327.691
328.107
328.512
328.907
329.292
329.666
330.03
330.385
330.729
331.064
331.389
331.705
332.012
332.31
332.599
332.879
333.151
333.415
333.672
333.92
334.161
334.395
334.621
334.841
335.054
335.261
335.462
335.657
335.847
336.031
336.209
336.383
336.552
336.716
336.875
337.03
337.181
337.328
337.471
337.609
337.745
337.876
338.004
338.129
338.25
338.368
338.482
338.597
338.693
338.86
301.73
305.315
307.743
309.451
310.836
312.031
313.095
314.063
314.956
315.789
316.574
317.319
318.029
318.71
319.365
319.997
320.607
321.198
321.77
322.325
322.863
323.387
323.895
324.389
324.869
325.336
325.79
326.231
326.66
327.077
327.481
327.875
328.256
328.627
328.987
329.336
329.674
330.002
330.32
330.629
330.927
331.217
331.497
331.769
332.032
332.287
332.534
332.773
333.004
333.228
333.445
333.656
333.859
334.057
334.249
334.434
334.614
334.789
334.959
335.123
335.283
335.438
335.589
335.735
335.877
336.016
336.15
336.281
336.408
336.532
336.652
336.769
336.882
336.993
337.1
337.205
337.306
337.408
337.492
337.64
301.53
305.369
307.834
309.558
310.933
312.11
313.153
314.101
314.978
315.801
316.578
317.317
318.023
318.699
319.347
319.969
320.568
321.145
321.7
322.236
322.753
323.252
323.733
324.199
324.648
325.082
325.501
325.905
326.296
326.673
327.037
327.388
327.727
328.054
328.37
328.674
328.968
329.251
329.523
329.787
330.04
330.285
330.521
330.749
330.968
331.18
331.385
331.583
331.773
331.958
332.136
332.308
332.475
332.636
332.792
332.942
333.089
333.23
333.367
333.5
333.629
333.754
333.876
333.993
334.107
334.218
334.326
334.43
334.532
334.63
334.726
334.819
334.909
334.997
335.082
335.165
335.245
335.325
335.391
335.507
301.53
305.369
307.834
309.558
310.933
312.11
313.153
314.101
314.978
315.801
316.578
317.318
318.023
318.699
319.347
319.97
320.569
321.146
321.701
322.237
322.754
323.253
323.734
324.199
324.649
325.083
325.501
325.906
326.297
326.674
327.037
327.389
327.727
328.054
328.369
328.673
328.967
329.249
329.522
329.785
330.038
330.282
330.518
330.745
330.965
331.176
331.38
331.577
331.768
331.952
332.129
332.301
332.467
332.628
332.783
332.934
333.079
333.22
333.357
333.49
333.618
333.743
333.863
333.981
334.094
334.205
334.312
334.416
334.517
334.615
334.71
334.802
334.892
334.979
335.064
335.146
335.226
335.305
335.371
335.487
301.73
305.315
307.743
309.451
310.836
312.031
313.095
314.063
314.956
315.789
316.574
317.319
318.03
318.711
319.366
319.997
320.608
321.198
321.77
322.325
322.864
323.387
323.896
324.39
324.87
325.337
325.791
326.232
326.661
327.078
327.482
327.876
328.257
328.628
328.987
329.336
329.674
330.002
330.32
330.628
330.927
331.216
331.497
331.768
332.031
332.285
332.532
332.77
333.002
333.225
333.442
333.652
333.856
334.053
334.244
334.43
334.609
334.784
334.953
335.117
335.276
335.431
335.581
335.727
335.869
336.007
336.141
336.271
336.398
336.521
336.641
336.758
336.871
336.981
337.088
337.192
337.293
337.395
337.479
337.626
301.887
305.303
307.689
309.376
310.753
311.948
313.018
313.997
314.902
315.747
316.543
317.296
318.013
318.7
319.36
319.997
320.612
321.209
321.788
322.352
322.901
323.435
323.957
324.465
324.961
325.444
325.916
326.377
326.826
327.264
327.691
328.107
328.513
328.908
329.293
329.667
330.031
330.385
330.73
331.064
331.389
331.705
332.012
332.31
332.598
332.879
333.151
333.415
333.671
333.919
334.159
334.393
334.619
334.839
335.052
335.259
335.46
335.654
335.843
336.027
336.205
336.379
336.547
336.711
336.87
337.025
337.175
337.322
337.464
337.603
337.738
337.869
337.997
338.121
338.242
338.36
338.474
338.588
338.683
338.85
301.887
305.303
307.689
309.376
310.753
311.948
313.018
313.997
314.902
315.747
316.543
317.296
318.013
318.7
319.36
319.996
320.612
321.209
321.788
322.352
322.901
323.435
323.956
324.465
324.961
325.444
325.916
326.377
326.826
327.264
327.691
328.107
328.513
328.908
329.292
329.667
330.031
330.385
330.729
331.064
331.389
331.705
332.012
332.309
332.598
332.879
333.151
333.415
333.671
333.919
334.16
334.393
334.62
334.839
335.052
335.259
335.46
335.655
335.844
336.028
336.206
336.379
336.548
336.712
336.871
337.026
337.176
337.323
337.465
337.604
337.739
337.87
337.998
338.122
338.243
338.361
338.475
338.59
338.685
338.851
301.73
305.315
307.743
309.451
310.836
312.031
313.095
314.063
314.956
315.789
316.574
317.319
318.029
318.711
319.366
319.997
320.607
321.198
321.77
322.325
322.864
323.387
323.895
324.389
324.87
325.337
325.79
326.232
326.66
327.077
327.482
327.875
328.257
328.627
328.987
329.336
329.674
330.002
330.32
330.628
330.927
331.216
331.497
331.768
332.031
332.286
332.532
332.771
333.002
333.226
333.443
333.653
333.857
334.054
334.246
334.431
334.611
334.786
334.955
335.119
335.279
335.434
335.584
335.73
335.872
336.01
336.145
336.275
336.402
336.525
336.645
336.762
336.875
336.985
337.093
337.197
337.298
337.4
337.484
337.631
301.53
305.369
307.834
309.558
310.933
312.11
313.153
314.101
314.978
315.801
316.578
317.317
318.023
318.699
319.347
319.97
320.569
321.145
321.701
322.236
322.753
323.252
323.734
324.199
324.648
325.082
325.501
325.906
326.296
326.673
327.037
327.388
327.727
328.054
328.37
328.674
328.967
329.25
329.523
329.786
330.039
330.284
330.52
330.747
330.967
331.178
331.383
331.58
331.771
331.955
332.133
332.305
332.471
332.632
332.787
332.938
333.084
333.225
333.362
333.495
333.624
333.748
333.869
333.987
334.101
334.211
334.319
334.423
334.524
334.622
334.718
334.811
334.901
334.988
335.073
335.155
335.235
335.315
335.381
335.497
)
;
    }
}


// ************************************************************************* //
