/*--------------------------------*- C++ -*----------------------------------*\
  =========                 |
  \\      /  F ield         | OpenFOAM: The Open Source CFD Toolbox
   \\    /   O peration     | Website:  https://openfoam.org
    \\  /    A nd           | Version:  12
     \\/     M anipulation  |
\*---------------------------------------------------------------------------*/
FoamFile
{
    format      ascii;
    class       volVectorField;
    location    "200";
    object      U;
}
// * * * * * * * * * * * * * * * * * * * * * * * * * * * * * * * * * * * * * //

dimensions      [0 1 -1 0 0 0 0];

internalField   nonuniform List<vector> 
18240
(
(0.0122017 0.0122017 0.181814)
(0.00782463 0.0129618 0.202089)
(0.00254611 0.0135235 0.208145)
(-0.00254611 0.0135235 0.208145)
(-0.00782463 0.0129618 0.202089)
(-0.0122017 0.0122017 0.181814)
(0.0129618 0.00782463 0.202089)
(0.00811558 0.00811558 0.211521)
(0.00269166 0.00823784 0.213587)
(-0.00269166 0.00823784 0.213587)
(-0.00811558 0.00811558 0.211521)
(-0.0129618 0.00782463 0.202089)
(0.0135235 0.00254611 0.208145)
(0.00823784 0.00269166 0.213587)
(0.00272255 0.00272255 0.214319)
(-0.00272255 0.00272255 0.214319)
(-0.00823784 0.00269166 0.213587)
(-0.0135235 0.00254611 0.208145)
(0.0135235 -0.00254611 0.208145)
(0.00823784 -0.00269166 0.213587)
(0.00272255 -0.00272255 0.214319)
(-0.00272255 -0.00272255 0.214319)
(-0.00823784 -0.00269166 0.213587)
(-0.0135235 -0.00254611 0.208145)
(0.0129618 -0.00782463 0.202089)
(0.00811558 -0.00811558 0.211521)
(0.00269166 -0.00823784 0.213587)
(-0.00269166 -0.00823784 0.213587)
(-0.00811558 -0.00811558 0.211521)
(-0.0129618 -0.00782463 0.202089)
(0.0122017 -0.0122017 0.181814)
(0.00782463 -0.0129618 0.202089)
(0.00254611 -0.0135235 0.208145)
(-0.00254611 -0.0135235 0.208145)
(-0.00782463 -0.0129618 0.202089)
(-0.0122017 -0.0122017 0.181814)
(0.00248826 0.00248826 0.208443)
(0.00257296 0.00350529 0.249882)
(0.000919391 0.004064 0.264874)
(-0.000919389 0.004064 0.264874)
(-0.00257296 0.00350529 0.249882)
(-0.00248826 0.00248826 0.208443)
(0.00350529 0.00257296 0.249882)
(0.00307213 0.00307213 0.275286)
(0.00108539 0.00325411 0.282882)
(-0.00108539 0.00325411 0.282882)
(-0.00307213 0.00307213 0.275286)
(-0.00350529 0.00257296 0.249882)
(0.004064 0.000919391 0.264874)
(0.00325411 0.00108539 0.282882)
(0.00113829 0.00113829 0.287294)
(-0.00113829 0.00113829 0.287294)
(-0.00325411 0.00108539 0.282882)
(-0.004064 0.000919391 0.264874)
(0.004064 -0.000919389 0.264874)
(0.00325411 -0.00108539 0.282882)
(0.00113829 -0.00113829 0.287294)
(-0.00113829 -0.00113829 0.287294)
(-0.00325411 -0.00108539 0.282882)
(-0.004064 -0.000919389 0.264874)
(0.00350529 -0.00257296 0.249882)
(0.00307213 -0.00307213 0.275286)
(0.00108539 -0.00325411 0.282882)
(-0.00108539 -0.00325411 0.282882)
(-0.00307213 -0.00307213 0.275286)
(-0.00350529 -0.00257296 0.249882)
(0.00248826 -0.00248826 0.208443)
(0.00257296 -0.00350529 0.249882)
(0.000919391 -0.004064 0.264874)
(-0.000919389 -0.004064 0.264874)
(-0.00257296 -0.00350529 0.249882)
(-0.00248826 -0.00248826 0.208443)
(0.00176209 0.00176209 0.188924)
(0.0015752 0.00287754 0.243974)
(0.000610299 0.0034262 0.267262)
(-0.000610292 0.0034262 0.267262)
(-0.00157519 0.00287754 0.243974)
(-0.00176208 0.00176209 0.188925)
(0.00287754 0.0015752 0.243974)
(0.00235084 0.00235084 0.286628)
(0.000867927 0.00269541 0.302497)
(-0.000867923 0.00269541 0.302497)
(-0.00235084 0.00235084 0.286628)
(-0.00287754 0.0015752 0.243974)
(0.0034262 0.000610299 0.267262)
(0.00269541 0.000867927 0.302497)
(0.000979717 0.000979717 0.314271)
(-0.000979713 0.000979717 0.314271)
(-0.00269541 0.000867927 0.302497)
(-0.0034262 0.000610299 0.267262)
(0.0034262 -0.000610292 0.267262)
(0.00269541 -0.000867923 0.302497)
(0.000979717 -0.000979713 0.314271)
(-0.000979713 -0.000979713 0.314271)
(-0.00269541 -0.000867922 0.302497)
(-0.0034262 -0.000610291 0.267262)
(0.00287754 -0.00157519 0.243974)
(0.00235084 -0.00235084 0.286628)
(0.000867927 -0.00269541 0.302497)
(-0.000867922 -0.00269541 0.302497)
(-0.00235084 -0.00235084 0.286628)
(-0.00287754 -0.00157519 0.243974)
(0.00176209 -0.00176208 0.188925)
(0.0015752 -0.00287754 0.243974)
(0.000610299 -0.0034262 0.267262)
(-0.000610291 -0.0034262 0.267262)
(-0.00157519 -0.00287754 0.243974)
(-0.00176208 -0.00176208 0.188925)
(0.000256513 0.000256513 0.182545)
(0.000495541 0.000741321 0.239888)
(0.000234432 0.00106488 0.266347)
(-0.00023442 0.00106488 0.266347)
(-0.00049553 0.000741321 0.239888)
(-0.000256506 0.000256515 0.182545)
(0.000741321 0.000495541 0.239888)
(0.000953216 0.000953216 0.290402)
(0.0004075 0.00121223 0.311854)
(-0.000407492 0.00121223 0.311854)
(-0.000953209 0.000953216 0.290402)
(-0.000741316 0.000495541 0.239888)
(0.00106488 0.000234432 0.266347)
(0.00121223 0.0004075 0.311854)
(0.000499403 0.000499403 0.329885)
(-0.000499397 0.000499403 0.329885)
(-0.00121222 0.0004075 0.311854)
(-0.00106487 0.000234432 0.266347)
(0.00106488 -0.00023442 0.266347)
(0.00121223 -0.000407492 0.311854)
(0.000499403 -0.000499397 0.329885)
(-0.000499396 -0.000499396 0.329885)
(-0.00121222 -0.000407492 0.311854)
(-0.00106487 -0.00023442 0.266347)
(0.000741321 -0.00049553 0.239888)
(0.000953216 -0.000953209 0.290402)
(0.0004075 -0.00121222 0.311854)
(-0.000407492 -0.00121222 0.311854)
(-0.000953209 -0.000953209 0.290402)
(-0.000741316 -0.00049553 0.239888)
(0.000256515 -0.000256506 0.182545)
(0.000495541 -0.000741316 0.239888)
(0.000234432 -0.00106487 0.266347)
(-0.00023442 -0.00106487 0.266347)
(-0.00049553 -0.000741316 0.239888)
(-0.000256507 -0.000256507 0.182545)
(0.000110654 0.000110654 0.180913)
(0.000241599 0.000308624 0.238652)
(0.00011887 0.00046992 0.266275)
(-0.000118852 0.00046992 0.266275)
(-0.000241584 0.000308626 0.238652)
(-0.000110644 0.000110657 0.180913)
(0.000308624 0.000241599 0.238652)
(0.000493492 0.000493492 0.292536)
(0.000226217 0.000664758 0.317234)
(-0.000226205 0.000664758 0.317234)
(-0.000493481 0.000493493 0.292536)
(-0.000308617 0.000241601 0.238652)
(0.00046992 0.00011887 0.266275)
(0.000664758 0.000226217 0.317234)
(0.000294162 0.000294162 0.339639)
(-0.000294152 0.000294162 0.339639)
(-0.00066475 0.000226217 0.317234)
(-0.000469915 0.00011887 0.266275)
(0.00046992 -0.000118853 0.266275)
(0.000664758 -0.000226205 0.317234)
(0.000294162 -0.000294152 0.339639)
(-0.000294152 -0.000294152 0.339639)
(-0.00066475 -0.000226205 0.317234)
(-0.000469915 -0.000118853 0.266275)
(0.000308626 -0.000241584 0.238652)
(0.000493493 -0.000493481 0.292536)
(0.000226217 -0.00066475 0.317234)
(-0.000226205 -0.00066475 0.317234)
(-0.000493482 -0.000493482 0.292536)
(-0.000308618 -0.000241585 0.238652)
(0.000110657 -0.000110644 0.180913)
(0.000241601 -0.000308617 0.238652)
(0.00011887 -0.000469915 0.266275)
(-0.000118852 -0.000469915 0.266275)
(-0.000241585 -0.000308618 0.238652)
(-0.000110647 -0.000110647 0.180913)
(0.000112359 0.000112359 0.179378)
(0.000158015 0.000228775 0.237554)
(7.46342e-05 0.000315567 0.265843)
(-7.46131e-05 0.000315567 0.265843)
(-0.000157996 0.000228777 0.237554)
(-0.000112347 0.000112362 0.179378)
(0.000228775 0.000158015 0.237554)
(0.00030308 0.00030308 0.293207)
(0.000139026 0.000407172 0.319764)
(-0.000139011 0.000407172 0.319764)
(-0.000303067 0.000303082 0.293207)
(-0.000228766 0.000158017 0.237554)
(0.000315567 7.46341e-05 0.265843)
(0.000407172 0.000139026 0.319764)
(0.000183349 0.000183349 0.344922)
(-0.000183336 0.000183349 0.344922)
(-0.000407161 0.000139026 0.319764)
(-0.00031556 7.46345e-05 0.265843)
(0.000315567 -7.46132e-05 0.265843)
(0.000407172 -0.000139011 0.319764)
(0.000183349 -0.000183336 0.344922)
(-0.000183336 -0.000183336 0.344922)
(-0.000407161 -0.000139011 0.319764)
(-0.00031556 -7.46136e-05 0.265843)
(0.000228777 -0.000157996 0.237554)
(0.000303082 -0.000303067 0.293207)
(0.000139026 -0.000407161 0.319764)
(-0.000139011 -0.000407162 0.319764)
(-0.000303068 -0.000303068 0.293207)
(-0.000228768 -0.000157999 0.237554)
(0.000112362 -0.000112347 0.179378)
(0.000158017 -0.000228766 0.237554)
(7.46346e-05 -0.00031556 0.265843)
(-7.46135e-05 -0.00031556 0.265843)
(-0.000157999 -0.000228768 0.237554)
(-0.00011235 -0.00011235 0.179378)
(5.92805e-05 5.92805e-05 0.178564)
(9.03321e-05 0.000126587 0.237019)
(4.36503e-05 0.000175645 0.265713)
(-4.36268e-05 0.000175646 0.265713)
(-9.03111e-05 0.00012659 0.237019)
(-5.92673e-05 5.92848e-05 0.178564)
(0.000126587 9.03321e-05 0.237019)
(0.00017009 0.00017009 0.293656)
(7.97437e-05 0.000228488 0.321263)
(-7.97259e-05 0.000228488 0.321263)
(-0.000170074 0.000170092 0.293656)
(-0.000126576 9.03355e-05 0.237019)
(0.000175645 4.36503e-05 0.265713)
(0.000228488 7.97436e-05 0.321263)
(0.000105707 0.000105707 0.348026)
(-0.000105693 0.000105707 0.348026)
(-0.000228475 7.9744e-05 0.321263)
(-0.000175637 4.36509e-05 0.265714)
(0.000175646 -4.36269e-05 0.265713)
(0.000228488 -7.97259e-05 0.321263)
(0.000105707 -0.000105693 0.348026)
(-0.000105693 -0.000105693 0.348026)
(-0.000228475 -7.97264e-05 0.321263)
(-0.000175637 -4.36278e-05 0.265714)
(0.00012659 -9.03111e-05 0.237019)
(0.000170092 -0.000170074 0.293656)
(7.97441e-05 -0.000228475 0.321263)
(-7.97263e-05 -0.000228476 0.321263)
(-0.000170076 -0.000170076 0.293656)
(-0.00012658 -9.03148e-05 0.237019)
(5.92848e-05 -5.92673e-05 0.178564)
(9.03355e-05 -0.000126577 0.237019)
(4.36509e-05 -0.000175637 0.265714)
(-4.36277e-05 -0.000175637 0.265714)
(-9.03148e-05 -0.00012658 0.237019)
(-5.92718e-05 -5.92719e-05 0.178564)
(3.72585e-05 3.72584e-05 0.1781)
(5.56443e-05 7.84903e-05 0.236742)
(2.67749e-05 0.000108129 0.265694)
(-2.67502e-05 0.00010813 0.265694)
(-5.56223e-05 7.84941e-05 0.236742)
(-3.72449e-05 3.72632e-05 0.1781)
(7.84904e-05 5.56442e-05 0.236742)
(0.000102257 0.000102257 0.29398)
(4.77324e-05 0.000135798 0.322198)
(-4.77128e-05 0.000135799 0.322198)
(-0.00010224 0.00010226 0.29398)
(-7.84785e-05 5.56484e-05 0.236742)
(0.000108129 2.67748e-05 0.265694)
(0.000135798 4.77324e-05 0.322198)
(6.28044e-05 6.28043e-05 0.349888)
(-6.27879e-05 6.28045e-05 0.349888)
(-0.000135784 4.77329e-05 0.322198)
(-0.00010812 2.67757e-05 0.265694)
(0.00010813 -2.67503e-05 0.265694)
(0.000135799 -4.77128e-05 0.322198)
(6.28045e-05 -6.2788e-05 0.349888)
(-6.27881e-05 -6.27881e-05 0.349888)
(-0.000135785 -4.77136e-05 0.322198)
(-0.000108121 -2.67516e-05 0.265694)
(7.84941e-05 -5.56223e-05 0.236742)
(0.00010226 -0.00010224 0.29398)
(4.7733e-05 -0.000135784 0.322198)
(-4.77135e-05 -0.000135785 0.322198)
(-0.000102242 -0.000102242 0.29398)
(-7.84824e-05 -5.56269e-05 0.236743)
(3.72633e-05 -3.7245e-05 0.1781)
(5.56484e-05 -7.84786e-05 0.236742)
(2.67757e-05 -0.00010812 0.265694)
(-2.67515e-05 -0.000108121 0.265694)
(-5.56269e-05 -7.84824e-05 0.236743)
(-3.72499e-05 -3.72499e-05 0.1781)
(2.40537e-05 2.40537e-05 0.177797)
(3.46733e-05 5.00685e-05 0.236564)
(1.65061e-05 6.84782e-05 0.265678)
(-1.64817e-05 6.84791e-05 0.265678)
(-3.46517e-05 5.00727e-05 0.236565)
(-2.40407e-05 2.40585e-05 0.177797)
(5.00685e-05 3.46733e-05 0.236564)
(6.3158e-05 6.3158e-05 0.294181)
(2.90949e-05 8.31013e-05 0.322767)
(-2.90742e-05 8.31021e-05 0.322767)
(-6.31396e-05 6.3161e-05 0.294182)
(-5.0056e-05 3.46779e-05 0.236565)
(6.84782e-05 1.65061e-05 0.265678)
(8.31013e-05 2.90949e-05 0.322767)
(3.79361e-05 3.79361e-05 0.350998)
(-3.79182e-05 3.79363e-05 0.350998)
(-8.30856e-05 2.90956e-05 0.322768)
(-6.84679e-05 1.65071e-05 0.265678)
(6.84791e-05 -1.64817e-05 0.265678)
(8.31022e-05 -2.90743e-05 0.322767)
(3.79363e-05 -3.79183e-05 0.350998)
(-3.79185e-05 -3.79186e-05 0.350998)
(-8.30865e-05 -2.90753e-05 0.322768)
(-6.84688e-05 -1.64833e-05 0.265678)
(5.00727e-05 -3.46517e-05 0.236565)
(6.3161e-05 -6.31396e-05 0.294182)
(2.90956e-05 -8.30856e-05 0.322768)
(-2.90752e-05 -8.30865e-05 0.322768)
(-6.31428e-05 -6.31429e-05 0.294182)
(-5.00603e-05 -3.46568e-05 0.236565)
(2.40585e-05 -2.40407e-05 0.177797)
(3.46779e-05 -5.0056e-05 0.236565)
(1.65071e-05 -6.84679e-05 0.265678)
(-1.64833e-05 -6.84688e-05 0.265678)
(-3.46568e-05 -5.00603e-05 0.236565)
(-2.40457e-05 -2.40458e-05 0.177798)
(1.45176e-05 1.45176e-05 0.177612)
(2.11808e-05 3.05757e-05 0.236457)
(1.00413e-05 4.19538e-05 0.265671)
(-1.00182e-05 4.19548e-05 0.265671)
(-2.11606e-05 3.05799e-05 0.236458)
(-1.45059e-05 1.45218e-05 0.177613)
(3.05757e-05 2.11807e-05 0.236457)
(3.86535e-05 3.86534e-05 0.294311)
(1.76734e-05 5.07218e-05 0.323121)
(-1.76525e-05 5.07228e-05 0.323121)
(-3.86349e-05 3.86566e-05 0.294311)
(-3.05631e-05 2.11852e-05 0.236458)
(4.19539e-05 1.00412e-05 0.265671)
(5.07219e-05 1.76733e-05 0.323121)
(2.29254e-05 2.29253e-05 0.351675)
(-2.29066e-05 2.29256e-05 0.351675)
(-5.07053e-05 1.76742e-05 0.323121)
(-4.19429e-05 1.00423e-05 0.265671)
(4.19549e-05 -1.00183e-05 0.265671)
(5.07228e-05 -1.76526e-05 0.323121)
(2.29256e-05 -2.29067e-05 0.351675)
(-2.2907e-05 -2.29071e-05 0.351675)
(-5.07063e-05 -1.76537e-05 0.323121)
(-4.19439e-05 -1.00199e-05 0.265671)
(3.05799e-05 -2.11607e-05 0.236458)
(3.86567e-05 -3.8635e-05 0.294311)
(1.76742e-05 -5.07054e-05 0.323121)
(-1.76536e-05 -5.07064e-05 0.323121)
(-3.86384e-05 -3.86384e-05 0.294311)
(-3.05674e-05 -2.11656e-05 0.236458)
(1.45219e-05 -1.45059e-05 0.177613)
(2.11853e-05 -3.05632e-05 0.236458)
(1.00424e-05 -4.19429e-05 0.265671)
(-1.00199e-05 -4.1944e-05 0.265671)
(-2.11655e-05 -3.05675e-05 0.236458)
(-1.45103e-05 -1.45103e-05 0.177613)
(8.95445e-06 8.95451e-06 0.177499)
(1.30621e-05 1.88554e-05 0.236392)
(6.16308e-06 2.58772e-05 0.265667)
(-6.1427e-06 2.58782e-05 0.265667)
(-1.30447e-05 1.8859e-05 0.236392)
(-8.94472e-06 8.95778e-06 0.1775)
(1.88554e-05 1.30621e-05 0.236392)
(2.38389e-05 2.3839e-05 0.294392)
(1.0837e-05 3.12481e-05 0.32334)
(-1.08171e-05 3.1249e-05 0.32334)
(-2.38214e-05 2.3842e-05 0.294392)
(-1.88436e-05 1.3066e-05 0.236393)
(2.58772e-05 6.1631e-06 0.265667)
(3.12481e-05 1.0837e-05 0.32334)
(1.40184e-05 1.40184e-05 0.35209)
(-1.39997e-05 1.40187e-05 0.35209)
(-3.12316e-05 1.08379e-05 0.32334)
(-2.58663e-05 6.16412e-06 0.265667)
(2.58782e-05 -6.14269e-06 0.265667)
(3.1249e-05 -1.08171e-05 0.32334)
(1.40187e-05 -1.39998e-05 0.35209)
(-1.40001e-05 -1.40002e-05 0.35209)
(-3.12327e-05 -1.08183e-05 0.32334)
(-2.58673e-05 -6.14421e-06 0.265667)
(1.8859e-05 -1.30446e-05 0.236392)
(2.3842e-05 -2.38214e-05 0.294392)
(1.08379e-05 -3.12317e-05 0.32334)
(-1.08182e-05 -3.12327e-05 0.32334)
(-2.38247e-05 -2.38247e-05 0.294393)
(-1.88474e-05 -1.30489e-05 0.236393)
(8.95776e-06 -8.94472e-06 0.1775)
(1.3066e-05 -1.88436e-05 0.236393)
(6.16411e-06 -2.58663e-05 0.265667)
(-6.14421e-06 -2.58673e-05 0.265667)
(-1.30489e-05 -1.88474e-05 0.236393)
(-8.9482e-06 -8.94824e-06 0.1775)
(5.55012e-06 5.55016e-06 0.177429)
(8.07707e-06 1.16666e-05 0.236352)
(3.80235e-06 1.60018e-05 0.265664)
(-3.78533e-06 1.60027e-05 0.265664)
(-8.06288e-06 1.16694e-05 0.236352)
(-5.54259e-06 5.55237e-06 0.177429)
(1.16665e-05 8.07711e-06 0.236352)
(1.47384e-05 1.47384e-05 0.294442)
(6.68192e-06 1.93174e-05 0.323474)
(-6.66373e-06 1.93182e-05 0.323474)
(-1.47226e-05 1.47409e-05 0.294442)
(-1.16562e-05 8.08006e-06 0.236352)
(1.60018e-05 3.80238e-06 0.265664)
(1.93173e-05 6.68193e-06 0.323474)
(8.63627e-06 8.63628e-06 0.352346)
(-8.61842e-06 8.63655e-06 0.352346)
(-1.93017e-05 6.68269e-06 0.323475)
(-1.59914e-05 3.80324e-06 0.265664)
(1.60026e-05 -3.78532e-06 0.265664)
(1.93182e-05 -6.66374e-06 0.323474)
(8.63655e-06 -8.61844e-06 0.352346)
(-8.61877e-06 -8.61879e-06 0.352346)
(-1.93027e-05 -6.66474e-06 0.323475)
(-1.59923e-05 -3.78651e-06 0.265664)
(1.16694e-05 -8.0629e-06 0.236352)
(1.47409e-05 -1.47226e-05 0.294442)
(6.6827e-06 -1.93018e-05 0.323475)
(-6.66473e-06 -1.93027e-05 0.323475)
(-1.47253e-05 -1.47253e-05 0.294443)
(-1.16591e-05 -8.06606e-06 0.236352)
(5.55241e-06 -5.54258e-06 0.177429)
(8.08007e-06 -1.16562e-05 0.236352)
(3.80324e-06 -1.59915e-05 0.265664)
(-3.78651e-06 -1.59923e-05 0.265664)
(-8.06607e-06 -1.16591e-05 0.236352)
(-5.5449e-06 -5.54488e-06 0.17743)
(3.42168e-06 3.42169e-06 0.177385)
(4.98854e-06 7.19641e-06 0.236326)
(2.34911e-06 9.87366e-06 0.265662)
(-2.33569e-06 9.87427e-06 0.265662)
(-4.97768e-06 7.19828e-06 0.236327)
(-3.4162e-06 3.4228e-06 0.177386)
(7.19643e-06 4.98854e-06 0.236326)
(9.10472e-06 9.10471e-06 0.294473)
(4.12801e-06 1.19391e-05 0.323558)
(-4.1122e-06 1.19398e-05 0.323558)
(-9.09124e-06 9.10653e-06 0.294473)
(-7.1878e-06 4.99042e-06 0.236327)
(9.87368e-06 2.34912e-06 0.265662)
(1.19391e-05 4.12801e-06 0.323558)
(5.33688e-06 5.33687e-06 0.352504)
(-5.32056e-06 5.33709e-06 0.352504)
(-1.1925e-05 4.12858e-06 0.323558)
(-9.86439e-06 2.34969e-06 0.265662)
(9.87429e-06 -2.33568e-06 0.265662)
(1.19398e-05 -4.11221e-06 0.323558)
(5.33711e-06 -5.32057e-06 0.352504)
(-5.32085e-06 -5.32087e-06 0.352504)
(-1.19257e-05 -4.113e-06 0.323558)
(-9.86503e-06 -2.33656e-06 0.265662)
(7.1983e-06 -4.97766e-06 0.236327)
(9.10655e-06 -9.09124e-06 0.294473)
(4.1286e-06 -1.1925e-05 0.323558)
(-4.11299e-06 -1.19258e-05 0.323558)
(-9.09323e-06 -9.09324e-06 0.294474)
(-7.18976e-06 -4.9798e-06 0.236327)
(3.42278e-06 -3.41618e-06 0.177386)
(4.99043e-06 -7.1878e-06 0.236327)
(2.34969e-06 -9.8644e-06 0.265662)
(-2.33655e-06 -9.86505e-06 0.265662)
(-4.97979e-06 -7.18976e-06 0.236327)
(-3.41742e-06 -3.41749e-06 0.177387)
(2.11634e-06 2.11634e-06 0.177359)
(3.08565e-06 4.4492e-06 0.236311)
(1.45411e-06 6.10458e-06 0.265661)
(-1.44426e-06 6.10493e-06 0.265661)
(-3.07799e-06 4.45016e-06 0.236311)
(-2.11274e-06 2.1166e-06 0.177359)
(4.4492e-06 3.08565e-06 0.236311)
(5.63162e-06 5.63161e-06 0.294492)
(2.55559e-06 7.38742e-06 0.323609)
(-2.54257e-06 7.38786e-06 0.323609)
(-5.62076e-06 5.63271e-06 0.294493)
(-4.44248e-06 3.08658e-06 0.236312)
(6.10457e-06 1.45411e-06 0.265661)
(7.38743e-06 2.55558e-06 0.323609)
(3.30558e-06 3.30557e-06 0.352602)
(-3.29136e-06 3.30572e-06 0.352602)
(-7.37531e-06 2.55596e-06 0.32361)
(-6.09675e-06 1.45442e-06 0.265661)
(6.10494e-06 -1.44427e-06 0.265661)
(7.38787e-06 -2.54259e-06 0.323609)
(3.30574e-06 -3.29138e-06 0.352602)
(-3.29157e-06 -3.29159e-06 0.352602)
(-7.37579e-06 -2.5431e-06 0.32361)
(-6.09712e-06 -1.44475e-06 0.265661)
(4.45015e-06 -3.078e-06 0.236311)
(5.63273e-06 -5.62077e-06 0.294493)
(2.55599e-06 -7.37532e-06 0.32361)
(-2.54308e-06 -7.3758e-06 0.32361)
(-5.62196e-06 -5.62197e-06 0.294493)
(-4.44349e-06 -3.07902e-06 0.236312)
(2.11668e-06 -2.11273e-06 0.177359)
(3.08662e-06 -4.44249e-06 0.236312)
(1.45445e-06 -6.09675e-06 0.265661)
(-1.44473e-06 -6.09713e-06 0.265661)
(-3.07901e-06 -4.4435e-06 0.236312)
(-2.11304e-06 -2.11302e-06 0.17736)
(1.31055e-06 1.31054e-06 0.177342)
(1.91014e-06 2.75412e-06 0.236301)
(9.00749e-07 3.77868e-06 0.26566)
(-8.94053e-07 3.7788e-06 0.26566)
(-1.90516e-06 2.75434e-06 0.236302)
(-1.30839e-06 1.31016e-06 0.177343)
(2.75416e-06 1.91012e-06 0.236301)
(3.48618e-06 3.48615e-06 0.294504)
(1.58361e-06 4.57398e-06 0.323641)
(-1.57343e-06 4.57419e-06 0.323641)
(-3.47788e-06 3.48659e-06 0.294504)
(-2.74917e-06 1.91026e-06 0.236302)
(3.77872e-06 9.00745e-07 0.26566)
(4.57401e-06 1.5836e-06 0.323641)
(2.04919e-06 2.04917e-06 0.352662)
(-2.03738e-06 2.04925e-06 0.352662)
(-4.5641e-06 1.58375e-06 0.323641)
(-3.7724e-06 9.00783e-07 0.265661)
(3.77884e-06 -8.94041e-07 0.26566)
(4.57422e-06 -1.57343e-06 0.323641)
(2.04927e-06 -2.0374e-06 0.352662)
(-2.03751e-06 -2.03752e-06 0.352662)
(-4.56435e-06 -1.57373e-06 0.323641)
(-3.77255e-06 -8.94271e-07 0.265661)
(2.75438e-06 -1.90513e-06 0.236302)
(3.48662e-06 -3.47786e-06 0.294504)
(1.58378e-06 -4.5641e-06 0.323641)
(-1.57371e-06 -4.56436e-06 0.323641)
(-3.47841e-06 -3.47842e-06 0.294505)
(-2.74945e-06 -1.90543e-06 0.236302)
(1.31014e-06 -1.30837e-06 0.177343)
(1.91026e-06 -2.74917e-06 0.236302)
(9.00796e-07 -3.7724e-06 0.265661)
(-8.94254e-07 -3.77256e-06 0.265661)
(-1.90542e-06 -2.74945e-06 0.236302)
(-1.30808e-06 -1.30814e-06 0.177343)
(8.11523e-07 8.11492e-07 0.177332)
(1.18287e-06 1.70529e-06 0.236295)
(5.57973e-07 2.33974e-06 0.26566)
(-5.53881e-07 2.33969e-06 0.26566)
(-1.18004e-06 1.705e-06 0.236296)
(-8.10489e-07 8.10769e-07 0.177332)
(1.70533e-06 1.18285e-06 0.236295)
(2.15892e-06 2.15889e-06 0.294511)
(9.81533e-07 2.83286e-06 0.323661)
(-9.74e-07 2.83289e-06 0.323661)
(-2.15294e-06 2.15885e-06 0.294512)
(-1.70189e-06 1.18247e-06 0.236296)
(2.33977e-06 5.57955e-07 0.26566)
(2.8329e-06 9.81508e-07 0.323661)
(1.27051e-06 1.27048e-06 0.3527)
(-1.26115e-06 1.2705e-06 0.3527)
(-2.82517e-06 9.81512e-07 0.323661)
(-2.33496e-06 5.57846e-07 0.26566)
(2.33973e-06 -5.53891e-07 0.26566)
(2.83293e-06 -9.74017e-07 0.323661)
(1.27054e-06 -1.26117e-06 0.3527)
(-1.26119e-06 -1.26121e-06 0.3527)
(-2.82522e-06 -9.74087e-07 0.323661)
(-2.33492e-06 -5.53847e-07 0.26566)
(1.70503e-06 -1.18006e-06 0.236296)
(2.15888e-06 -2.15295e-06 0.294512)
(9.81547e-07 -2.82519e-06 0.323661)
(-9.74061e-07 -2.82524e-06 0.323661)
(-2.15293e-06 -2.15295e-06 0.294512)
(-1.70161e-06 -1.1797e-06 0.236296)
(8.10856e-07 -8.10483e-07 0.177332)
(1.18252e-06 -1.70189e-06 0.236296)
(5.57886e-07 -2.33496e-06 0.26566)
(-5.53822e-07 -2.33492e-06 0.26566)
(-1.17969e-06 -1.70162e-06 0.236296)
(-8.09757e-07 -8.09737e-07 0.177333)
(5.0297e-07 5.02947e-07 0.177325)
(7.32924e-07 1.05661e-06 0.236292)
(3.45622e-07 1.4496e-06 0.265659)
(-3.43536e-07 1.44944e-06 0.265659)
(-7.31689e-07 1.05599e-06 0.236292)
(-5.02697e-07 5.02001e-07 0.177326)
(1.05667e-06 7.32892e-07 0.236292)
(1.33766e-06 1.33761e-06 0.294516)
(6.08442e-07 1.75522e-06 0.323673)
(-6.03235e-07 1.75512e-06 0.323673)
(-1.33365e-06 1.33722e-06 0.294516)
(-1.05445e-06 7.32165e-07 0.236292)
(1.44968e-06 3.45609e-07 0.265659)
(1.75527e-06 6.08415e-07 0.323673)
(7.87797e-07 7.87762e-07 0.352723)
(-7.80762e-07 7.87727e-07 0.352723)
(-1.74958e-06 6.08279e-07 0.323673)
(-1.44617e-06 3.45345e-07 0.26566)
(1.4495e-06 -3.43532e-07 0.265659)
(1.75516e-06 -6.03245e-07 0.323673)
(7.87763e-07 -7.80782e-07 0.352723)
(-7.80755e-07 -7.8078e-07 0.352723)
(-1.74949e-06 -6.03197e-07 0.323673)
(-1.44601e-06 -3.43396e-07 0.26566)
(1.05606e-06 -7.31656e-07 0.236292)
(1.33726e-06 -1.33364e-06 0.294516)
(6.08311e-07 -1.74958e-06 0.323673)
(-6.03173e-07 -1.74951e-06 0.323673)
(-1.33332e-06 -1.33333e-06 0.294517)
(-1.05387e-06 -7.31056e-07 0.236293)
(5.01978e-07 -5.02692e-07 0.177326)
(7.32176e-07 -1.05445e-06 0.236292)
(3.45364e-07 -1.44618e-06 0.26566)
(-3.43371e-07 -1.44603e-06 0.26566)
(-7.31036e-07 -1.05388e-06 0.236293)
(-5.01794e-07 -5.01863e-07 0.177327)
(3.11794e-07 3.11781e-07 0.177321)
(4.54209e-07 6.54902e-07 0.236289)
(2.13973e-07 8.98387e-07 0.265659)
(-2.13367e-07 8.9816e-07 0.265659)
(-4.5412e-07 6.54139e-07 0.23629)
(-3.12068e-07 3.10824e-07 0.177322)
(6.54915e-07 4.54215e-07 0.236289)
(8.29017e-07 8.29008e-07 0.294519)
(3.77115e-07 1.0878e-06 0.32368)
(-3.73843e-07 1.08763e-06 0.323681)
(-8.26623e-07 8.28436e-07 0.294519)
(-6.53717e-07 4.53351e-07 0.23629)
(8.98408e-07 2.13975e-07 0.265659)
(1.08782e-06 3.77107e-07 0.32368)
(4.88459e-07 4.88445e-07 0.352737)
(-4.83495e-07 4.88384e-07 0.352737)
(-1.0839e-06 3.76916e-07 0.323681)
(-8.96084e-07 2.13687e-07 0.26566)
(8.98187e-07 -2.13365e-07 0.265659)
(1.08765e-06 -3.73848e-07 0.323681)
(4.88402e-07 -4.83503e-07 0.352737)
(-4.83444e-07 -4.83455e-07 0.352738)
(-1.08373e-06 -3.73684e-07 0.323681)
(-8.95862e-07 -2.13093e-07 0.26566)
(6.54152e-07 -4.5413e-07 0.23629)
(8.28457e-07 -8.26626e-07 0.294519)
(3.76936e-07 -1.08391e-06 0.323681)
(-3.73671e-07 -1.08374e-06 0.323681)
(-8.26063e-07 -8.26071e-07 0.294519)
(-6.52957e-07 -4.53254e-07 0.236291)
(3.10889e-07 -3.12071e-07 0.177322)
(4.53382e-07 -6.53718e-07 0.23629)
(2.13708e-07 -8.9608e-07 0.26566)
(-2.13084e-07 -8.95852e-07 0.26566)
(-4.53253e-07 -6.52961e-07 0.236291)
(-3.111e-07 -3.11055e-07 0.177323)
(1.93389e-07 1.93415e-07 0.177319)
(2.8154e-07 4.06076e-07 0.236288)
(1.32388e-07 5.56939e-07 0.265659)
(-1.3273e-07 5.56687e-07 0.265659)
(-2.82134e-07 4.05268e-07 0.236288)
(-1.93929e-07 1.92474e-07 0.17732)
(4.06083e-07 2.81561e-07 0.236288)
(5.13892e-07 5.13898e-07 0.29452)
(2.3368e-07 6.74297e-07 0.323685)
(-2.31886e-07 6.74075e-07 0.323685)
(-5.12685e-07 5.13238e-07 0.294521)
(-4.05555e-07 2.80648e-07 0.236289)
(5.56963e-07 1.32417e-07 0.265659)
(6.74301e-07 2.33694e-07 0.323685)
(3.0282e-07 3.02825e-07 0.352746)
(-2.99576e-07 3.02742e-07 0.352746)
(-6.71812e-07 2.33449e-07 0.323686)
(-5.55507e-07 1.32075e-07 0.26566)
(5.56708e-07 -1.32697e-07 0.265659)
(6.7408e-07 -2.31864e-07 0.323685)
(3.02739e-07 -2.99563e-07 0.352746)
(-2.99512e-07 -2.99503e-07 0.352747)
(-6.71608e-07 -2.31684e-07 0.323686)
(-5.55268e-07 -1.32451e-07 0.26566)
(4.05296e-07 -2.82086e-07 0.236288)
(5.13239e-07 -5.12656e-07 0.294521)
(2.33443e-07 -6.71794e-07 0.323686)
(-2.31695e-07 -6.71595e-07 0.323686)
(-5.12072e-07 -5.12055e-07 0.294521)
(-4.04786e-07 -2.81278e-07 0.236289)
(1.92404e-07 -1.93914e-07 0.17732)
(2.80619e-07 -4.0554e-07 0.236289)
(1.32054e-07 -5.55496e-07 0.26566)
(-1.32466e-07 -5.55261e-07 0.26566)
(-2.81292e-07 -4.04771e-07 0.236289)
(-1.93042e-07 -1.93073e-07 0.17732)
(1.19911e-07 1.19914e-07 0.177317)
(1.74469e-07 2.51775e-07 0.236287)
(8.18037e-08 3.45263e-07 0.265659)
(-8.27406e-08 3.45023e-07 0.265659)
(-1.75477e-07 2.51023e-07 0.236288)
(-1.20613e-07 1.1912e-07 0.177318)
(2.51759e-07 1.74504e-07 0.236287)
(3.18531e-07 3.18558e-07 0.294521)
(1.44705e-07 4.17984e-07 0.323688)
(-1.4401e-07 4.17761e-07 0.323688)
(-3.18195e-07 3.17915e-07 0.294522)
(-2.5175e-07 1.73671e-07 0.236288)
(3.45255e-07 8.18367e-08 0.265659)
(4.17968e-07 1.44732e-07 0.323688)
(1.87658e-07 1.87677e-07 0.352752)
(-1.85772e-07 1.87596e-07 0.352752)
(-4.16598e-07 1.44504e-07 0.323688)
(-3.44519e-07 8.1548e-08 0.26566)
(3.4502e-07 -8.27124e-08 0.265659)
(4.17751e-07 -1.43984e-07 0.323688)
(1.87581e-07 -1.8575e-07 0.352752)
(-1.85695e-07 -1.85674e-07 0.352752)
(-4.1638e-07 -1.43766e-07 0.323689)
(-3.44283e-07 -8.2416e-08 0.26566)
(2.51013e-07 -1.75464e-07 0.236288)
(3.17907e-07 -3.18176e-07 0.294522)
(1.4449e-07 -4.16577e-07 0.323688)
(-1.43787e-07 -4.16356e-07 0.323689)
(-3.17557e-07 -3.17537e-07 0.294522)
(-2.50999e-07 -1.74603e-07 0.236288)
(1.1914e-07 -1.206e-07 0.177318)
(1.7367e-07 -2.51731e-07 0.236288)
(8.15356e-08 -3.44497e-07 0.26566)
(-8.24413e-08 -3.4425e-07 0.26566)
(-1.7463e-07 -2.50981e-07 0.236288)
(-1.19799e-07 -1.19725e-07 0.177319)
(7.43929e-08 7.44379e-08 0.177316)
(1.08119e-07 1.56182e-07 0.236287)
(5.04757e-08 2.14113e-07 0.265659)
(-5.17109e-08 2.13893e-07 0.265659)
(-1.09298e-07 1.55505e-07 0.236287)
(-7.51157e-08 7.37334e-08 0.177317)
(1.56151e-07 1.08173e-07 0.236287)
(1.97448e-07 1.97495e-07 0.294522)
(8.95286e-08 2.59127e-07 0.32369)
(-8.96015e-08 2.58913e-07 0.32369)
(-1.97696e-07 1.96892e-07 0.294522)
(-1.56444e-07 1.07416e-07 0.236287)
(2.14099e-07 5.05388e-08 0.265659)
(2.5909e-07 8.95845e-08 0.32369)
(1.16212e-07 1.16259e-07 0.352755)
(-1.15374e-07 1.16175e-07 0.352755)
(-2.58561e-07 8.93533e-08 0.32369)
(-2.13851e-07 5.02477e-08 0.26566)
(2.13874e-07 -5.16489e-08 0.265659)
(2.58879e-07 -8.95449e-08 0.32369)
(1.16132e-07 -1.15324e-07 0.352755)
(-1.15304e-07 -1.15256e-07 0.352755)
(-2.58361e-07 -8.93595e-08 0.32369)
(-2.13643e-07 -5.14251e-08 0.26566)
(1.555e-07 -1.09228e-07 0.236287)
(1.96859e-07 -1.97641e-07 0.294522)
(8.93078e-08 -2.58515e-07 0.32369)
(-8.94099e-08 -2.58316e-07 0.32369)
(-1.97133e-07 -1.97084e-07 0.294523)
(-1.55801e-07 -1.0855e-07 0.236288)
(7.36226e-08 -7.50935e-08 0.177317)
(1.07355e-07 -1.56406e-07 0.236287)
(5.01899e-08 -2.13817e-07 0.26566)
(-5.14784e-08 -2.13604e-07 0.26566)
(-1.086e-07 -1.55755e-07 0.236288)
(-7.44599e-08 -7.44415e-08 0.177318)
(4.60895e-08 4.61406e-08 0.177316)
(6.69308e-08 9.68411e-08 0.236286)
(3.10575e-08 1.32734e-07 0.265659)
(-3.24122e-08 1.32549e-07 0.265659)
(-6.81541e-08 9.62766e-08 0.236287)
(-4.6804e-08 4.56071e-08 0.177317)
(9.67577e-08 6.70314e-08 0.236286)
(1.22309e-07 1.22408e-07 0.294522)
(5.52882e-08 1.60606e-07 0.323691)
(-5.5869e-08 1.6042e-07 0.323691)
(-1.22939e-07 1.21892e-07 0.294523)
(-9.72715e-08 6.64127e-08 0.236287)
(1.32665e-07 3.11569e-08 0.265659)
(1.60522e-07 5.53862e-08 0.323691)
(7.1864e-08 7.19548e-08 0.352757)
(-7.17755e-08 7.18843e-08 0.352757)
(-1.6059e-07 5.51976e-08 0.323691)
(-1.32803e-07 3.09365e-08 0.26566)
(1.32483e-07 -3.23285e-08 0.265659)
(1.60344e-07 -5.57819e-08 0.323691)
(7.17993e-08 -7.16901e-08 0.352757)
(-7.17082e-08 -7.16209e-08 0.352758)
(-1.60411e-07 -5.55956e-08 0.323692)
(-1.32628e-07 -3.20939e-08 0.26566)
(9.62163e-08 -6.80949e-08 0.236287)
(1.21823e-07 -1.2287e-07 0.294523)
(5.5115e-08 -1.60519e-07 0.323691)
(-5.56838e-08 -1.60332e-07 0.323692)
(-1.22439e-07 -1.22359e-07 0.294523)
(-9.67288e-08 -6.74504e-08 0.236287)
(4.55268e-08 -4.67619e-08 0.177317)
(6.634e-08 -9.72074e-08 0.236287)
(3.08525e-08 -1.32735e-07 0.26566)
(-3.21863e-08 -1.32539e-07 0.26566)
(-6.75379e-08 -9.66472e-08 0.236287)
(-4.62705e-08 -4.61217e-08 0.177317)
(2.8588e-08 2.86638e-08 0.177315)
(4.14651e-08 6.00549e-08 0.236286)
(1.9118e-08 8.22827e-08 0.265659)
(-2.03193e-08 8.21336e-08 0.265659)
(-4.24962e-08 5.96189e-08 0.236287)
(-2.91637e-08 2.82436e-08 0.177316)
(5.99745e-08 4.15318e-08 0.236286)
(7.57629e-08 7.58442e-08 0.294523)
(3.41181e-08 9.95089e-08 0.323692)
(-3.48754e-08 9.93556e-08 0.323692)
(-7.64826e-08 7.54305e-08 0.294523)
(-6.05045e-08 4.10502e-08 0.236287)
(8.22078e-08 1.91935e-08 0.265659)
(9.94311e-08 3.42024e-08 0.323692)
(4.43971e-08 4.44765e-08 0.352759)
(-4.47088e-08 4.44154e-08 0.352759)
(-9.97889e-08 3.40398e-08 0.323692)
(-8.2511e-08 1.90057e-08 0.26566)
(8.20435e-08 -2.0252e-08 0.265659)
(9.92767e-08 -3.48006e-08 0.323692)
(4.43368e-08 -4.46379e-08 0.352759)
(-4.46556e-08 -4.45845e-08 0.352759)
(-9.96424e-08 -3.46641e-08 0.323692)
(-8.23705e-08 -2.00879e-08 0.26566)
(5.95299e-08 -4.243e-08 0.236287)
(7.53511e-08 -7.64208e-08 0.294523)
(3.39601e-08 -9.97365e-08 0.323692)
(-3.47328e-08 -9.95895e-08 0.323692)
(-7.60796e-08 -7.60395e-08 0.294524)
(-6.00852e-08 -4.19737e-08 0.236287)
(2.80173e-08 -2.91311e-08 0.177316)
(4.09391e-08 -6.04615e-08 0.236287)
(1.8919e-08 -8.24783e-08 0.26566)
(-2.01597e-08 -8.23238e-08 0.26566)
(-4.20145e-08 -6.00598e-08 0.236287)
(-2.87709e-08 -2.86709e-08 0.177317)
(1.78414e-08 1.76547e-08 0.177315)
(2.57774e-08 3.71358e-08 0.236286)
(1.18286e-08 5.09319e-08 0.265659)
(-1.27201e-08 5.08373e-08 0.265659)
(-2.6524e-08 3.68605e-08 0.236286)
(-1.82155e-08 1.74437e-08 0.177316)
(3.72986e-08 2.55794e-08 0.236286)
(4.70188e-08 4.68622e-08 0.294523)
(2.11015e-08 6.15426e-08 0.323692)
(-2.17754e-08 6.1436e-08 0.323692)
(-4.76321e-08 4.65836e-08 0.294523)
(-3.77064e-08 2.52852e-08 0.236287)
(5.10483e-08 1.1645e-08 0.265659)
(6.16676e-08 2.09561e-08 0.323692)
(2.74651e-08 2.73372e-08 0.352759)
(-2.78663e-08 2.72954e-08 0.35276)
(-6.20695e-08 2.08484e-08 0.323693)
(-5.13393e-08 1.15396e-08 0.26566)
(5.09394e-08 -1.2882e-08 0.265659)
(6.15517e-08 -2.19014e-08 0.323692)
(2.74206e-08 -2.79829e-08 0.35276)
(-2.78207e-08 -2.79405e-08 0.35276)
(-6.19497e-08 -2.17932e-08 0.323693)
(-5.12243e-08 -1.27489e-08 0.26566)
(3.69591e-08 -2.66655e-08 0.236286)
(4.67073e-08 -4.77277e-08 0.294523)
(2.09855e-08 -6.21625e-08 0.323693)
(-2.16551e-08 -6.20559e-08 0.323693)
(-4.73102e-08 -4.74457e-08 0.294524)
(-3.73632e-08 -2.63315e-08 0.236287)
(1.7663e-08 -1.83593e-08 0.177316)
(2.54564e-08 -3.77956e-08 0.236287)
(1.17058e-08 -5.14353e-08 0.26566)
(-1.25858e-08 -5.13314e-08 0.26566)
(-2.61711e-08 -3.75051e-08 0.236287)
(-1.7937e-08 -1.80926e-08 0.177317)
(1.10116e-08 1.0957e-08 0.177315)
(1.59232e-08 2.30241e-08 0.236286)
(7.22768e-09 3.15675e-08 0.265659)
(-8.03305e-09 3.15013e-08 0.265659)
(-1.65827e-08 2.28395e-08 0.236286)
(-1.13686e-08 1.08399e-08 0.177316)
(2.30869e-08 1.58591e-08 0.236286)
(2.90848e-08 2.90196e-08 0.294523)
(1.2954e-08 3.8106e-08 0.323692)
(-1.36829e-08 3.8029e-08 0.323693)
(-2.97178e-08 2.88205e-08 0.294523)
(-2.35153e-08 1.56537e-08 0.236287)
(3.16224e-08 7.16149e-09 0.265659)
(3.81586e-08 1.28931e-08 0.323692)
(1.68894e-08 1.6838e-08 0.35276)
(-1.74678e-08 1.68091e-08 0.35276)
(-3.86818e-08 1.28219e-08 0.323693)
(-3.1992e-08 7.09556e-09 0.26566)
(3.15462e-08 -8.08632e-09 0.265659)
(3.80762e-08 -1.37307e-08 0.323693)
(1.68588e-08 -1.75099e-08 0.35276)
(-1.7431e-08 -1.74746e-08 0.35276)
(-3.85927e-08 -1.36383e-08 0.323693)
(-3.19156e-08 -7.9757e-09 0.26566)
(2.28912e-08 -1.66062e-08 0.236286)
(2.88697e-08 -2.97414e-08 0.294523)
(1.2878e-08 -3.87045e-08 0.323693)
(-1.35862e-08 -3.86205e-08 0.323693)
(-2.94855e-08 -2.95202e-08 0.294524)
(-2.33097e-08 -1.63583e-08 0.236287)
(1.0898e-08 -1.13813e-08 0.177316)
(1.57026e-08 -2.35287e-08 0.236287)
(7.15381e-09 -3.20027e-08 0.26566)
(-7.92462e-09 -3.19251e-08 0.26566)
(-1.63326e-08 -2.33055e-08 0.236287)
(-1.12314e-08 -1.12094e-08 0.177316)
(6.81794e-09 6.85717e-09 0.177315)
(9.84075e-09 1.43119e-08 0.236286)
(4.40752e-09 1.95866e-08 0.265659)
(-5.08543e-09 1.95305e-08 0.265659)
(-1.03795e-08 1.41561e-08 0.236286)
(-7.1054e-09 6.72893e-09 0.177316)
(1.42915e-08 9.85649e-09 0.236286)
(1.79803e-08 1.79847e-08 0.294523)
(7.92281e-09 2.35968e-08 0.323693)
(-8.63605e-09 2.35373e-08 0.323693)
(-1.85785e-08 1.78325e-08 0.294523)
(-1.46914e-08 9.69695e-09 0.236286)
(1.95776e-08 4.40799e-09 0.265659)
(2.35961e-08 7.92079e-09 0.323693)
(1.03451e-08 1.03472e-08 0.35276)
(-1.10031e-08 1.03245e-08 0.35276)
(-2.41617e-08 7.86572e-09 0.323693)
(-1.99738e-08 4.3541e-09 0.26566)
(1.9541e-08 -5.09192e-09 0.265659)
(2.3542e-08 -8.64183e-09 0.323693)
(1.03249e-08 -1.10027e-08 0.35276)
(-1.09793e-08 -1.09765e-08 0.352761)
(-2.41044e-08 -8.57543e-09 0.323693)
(-1.99266e-08 -5.01928e-09 0.26566)
(1.41591e-08 -1.04074e-08 0.236286)
(1.78402e-08 -1.85929e-08 0.294523)
(7.87036e-09 -2.41626e-08 0.323693)
(-8.57765e-09 -2.41005e-08 0.323693)
(-1.84354e-08 -1.84278e-08 0.294524)
(-1.45627e-08 -1.02199e-08 0.236287)
(6.81409e-09 -7.10307e-09 0.177316)
(9.72278e-09 -1.46816e-08 0.236286)
(4.36125e-09 -1.99509e-08 0.26566)
(-5.03162e-09 -1.99e-08 0.26566)
(-1.02436e-08 -1.4533e-08 0.236287)
(-7.03023e-09 -6.97169e-09 0.177316)
(4.26792e-09 4.2272e-09 0.177315)
(6.12193e-09 8.87711e-09 0.236286)
(2.72169e-09 1.2164e-08 0.265659)
(-3.19634e-09 1.21359e-08 0.265659)
(-6.48925e-09 8.81306e-09 0.236286)
(-4.44047e-09 4.2175e-09 0.177316)
(8.90469e-09 6.10358e-09 0.236286)
(1.11534e-08 1.11349e-08 0.294523)
(4.86972e-09 1.46078e-08 0.323693)
(-5.44425e-09 1.45702e-08 0.323693)
(-1.16283e-08 1.10441e-08 0.294523)
(-9.19386e-09 6.02014e-09 0.236286)
(1.21885e-08 2.71017e-09 0.265659)
(1.46261e-08 4.85324e-09 0.323693)
(6.35263e-09 6.33612e-09 0.35276)
(-6.9381e-09 6.31817e-09 0.352761)
(-1.51221e-08 4.80914e-09 0.323693)
(-1.25002e-08 2.66126e-09 0.26566)
(1.21551e-08 -3.19747e-09 0.265659)
(1.45863e-08 -5.45051e-09 0.323693)
(6.33331e-09 -6.94707e-09 0.352761)
(-6.92752e-09 -6.93712e-09 0.352761)
(-1.50909e-08 -5.42831e-09 0.323693)
(-1.24742e-08 -3.19402e-09 0.26566)
(8.84088e-09 -6.46807e-09 0.236286)
(1.10548e-08 -1.16222e-08 0.294523)
(4.8182e-09 -1.51218e-08 0.323693)
(-5.42364e-09 -1.50929e-08 0.323693)
(-1.15602e-08 -1.15529e-08 0.294524)
(-9.13486e-09 -6.44574e-09 0.236287)
(4.1674e-09 -4.43804e-09 0.177316)
(6.0018e-09 -9.18909e-09 0.236286)
(2.65358e-09 -1.24968e-08 0.265659)
(-3.1926e-09 -1.24759e-08 0.26566)
(-6.44778e-09 -9.1181e-09 0.236287)
(-4.41533e-09 -4.47684e-09 0.177316)
(2.62993e-09 2.68791e-09 0.177315)
(3.7928e-09 5.59342e-09 0.236286)
(1.6859e-09 7.58044e-09 0.265659)
(-1.99186e-09 7.56015e-09 0.265659)
(-4.02146e-09 5.49717e-09 0.236286)
(-2.71373e-09 2.63869e-09 0.177316)
(5.50128e-09 3.83445e-09 0.236286)
(6.89557e-09 6.94066e-09 0.294523)
(2.98052e-09 9.07413e-09 0.323693)
(-3.42933e-09 9.04964e-09 0.323693)
(-7.25526e-09 6.87622e-09 0.294523)
(-5.69349e-09 3.78216e-09 0.236286)
(7.53972e-09 1.70491e-09 0.265659)
(9.0418e-09 3.00665e-09 0.323693)
(3.88172e-09 3.90557e-09 0.352761)
(-4.38287e-09 3.89485e-09 0.352761)
(-9.45442e-09 2.98034e-09 0.323693)
(-7.77589e-09 1.68275e-09 0.265659)
(7.52953e-09 -1.98466e-09 0.265659)
(9.02219e-09 -3.41665e-09 0.323693)
(3.87098e-09 -4.36707e-09 0.352761)
(-4.37612e-09 -4.35802e-09 0.352761)
(-9.43828e-09 -3.39482e-09 0.323693)
(-7.766e-09 -1.96003e-09 0.26566)
(5.46762e-09 -4.03748e-09 0.236286)
(6.84876e-09 -7.25843e-09 0.294523)
(2.95317e-09 -9.44998e-09 0.323693)
(-3.41692e-09 -9.42637e-09 0.323693)
(-7.21693e-09 -7.20252e-09 0.294524)
(-5.66347e-09 -3.97064e-09 0.236287)
(2.62475e-09 -2.74268e-09 0.177316)
(3.74985e-09 -5.70793e-09 0.236286)
(1.65065e-09 -7.77784e-09 0.265659)
(-1.9891e-09 -7.755e-09 0.26566)
(-3.98927e-09 -5.66275e-09 0.236287)
(-2.70565e-09 -2.66776e-09 0.177316)
(1.59762e-09 1.64525e-09 0.177315)
(2.31382e-09 3.42135e-09 0.236286)
(9.85268e-10 4.6705e-09 0.265659)
(-1.30166e-09 4.65608e-09 0.265659)
(-2.56607e-09 3.36393e-09 0.236286)
(-1.72343e-09 1.58932e-09 0.177316)
(3.34952e-09 2.37126e-09 0.236286)
(4.21985e-09 4.28062e-09 0.294523)
(1.77011e-09 5.5943e-09 0.323693)
(-2.21931e-09 5.5749e-09 0.323693)
(-4.59817e-09 4.22779e-09 0.294523)
(-3.59406e-09 2.31105e-09 0.236286)
(4.60663e-09 1.04822e-09 0.265659)
(5.53862e-09 1.82537e-09 0.323693)
(2.31134e-09 2.35966e-09 0.352761)
(-2.834e-09 2.34638e-09 0.352761)
(-5.98537e-09 1.78604e-09 0.323693)
(-4.90376e-09 9.97937e-10 0.265659)
(4.57834e-09 -1.24614e-09 0.265659)
(5.51335e-09 -2.17499e-09 0.323693)
(2.29359e-09 -2.79498e-09 0.352761)
(-2.83859e-09 -2.7987e-09 0.352761)
(-5.97969e-09 -2.19145e-09 0.323693)
(-4.89588e-09 -1.27673e-09 0.26566)
(3.29655e-09 -2.49843e-09 0.236286)
(4.15411e-09 -4.56267e-09 0.294523)
(1.7225e-09 -5.96055e-09 0.323693)
(-2.23923e-09 -5.95711e-09 0.323693)
(-4.59029e-09 -4.57371e-09 0.294524)
(-3.57444e-09 -2.54027e-09 0.236287)
(1.40646e-09 -1.67198e-09 0.177316)
(2.18651e-09 -3.58672e-09 0.236286)
(9.04422e-10 -4.89866e-09 0.265659)
(-1.35313e-09 -4.89331e-09 0.26566)
(-2.57908e-09 -3.60286e-09 0.236287)
(-1.70847e-09 -1.70606e-09 0.177316)
(1.03993e-09 9.62107e-10 0.177315)
(1.46864e-09 2.0817e-09 0.236286)
(6.39365e-10 2.87563e-09 0.265659)
(-7.84003e-10 2.88375e-09 0.265659)
(-1.56641e-09 2.11012e-09 0.236286)
(-1.03727e-09 1.0269e-09 0.177316)
(2.12792e-09 1.44317e-09 0.236286)
(2.64372e-09 2.6347e-09 0.294523)
(1.1091e-09 3.45623e-09 0.323693)
(-1.37436e-09 3.45676e-09 0.323693)
(-2.8519e-09 2.64245e-09 0.294524)
(-2.21558e-09 1.47857e-09 0.236286)
(2.90109e-09 6.4305e-10 0.265659)
(3.45908e-09 1.11958e-09 0.323693)
(1.43667e-09 1.4484e-09 0.352761)
(-1.76952e-09 1.44834e-09 0.352761)
(-3.73083e-09 1.12253e-09 0.323693)
(-3.04599e-09 6.61185e-10 0.265659)
(2.89907e-09 -7.60434e-10 0.265659)
(3.45401e-09 -1.35107e-09 0.323693)
(1.43255e-09 -1.74582e-09 0.352761)
(-1.76931e-09 -1.74268e-09 0.352761)
(-3.72997e-09 -1.34148e-09 0.323693)
(-3.05179e-09 -7.46635e-10 0.26566)
(2.13533e-09 -1.52154e-09 0.236286)
(2.64006e-09 -2.81528e-09 0.294524)
(1.10578e-09 -3.69549e-09 0.323693)
(-1.37256e-09 -3.69186e-09 0.323693)
(-2.85347e-09 -2.80314e-09 0.294524)
(-2.24058e-09 -1.51991e-09 0.236287)
(1.04064e-09 -9.59704e-10 0.177316)
(1.47404e-09 -2.16457e-09 0.236286)
(6.44542e-10 -2.99632e-09 0.265659)
(-7.74682e-10 -3.00369e-09 0.26566)
(-1.57144e-09 -2.15004e-09 0.236287)
(-1.07525e-09 -9.94454e-10 0.177316)
(6.11509e-10 6.34063e-10 0.177315)
(9.07667e-10 1.2983e-09 0.236286)
(3.97045e-10 1.78235e-09 0.265659)
(-4.80041e-10 1.78875e-09 0.265659)
(-9.58474e-10 1.32094e-09 0.236286)
(-6.28949e-10 6.52864e-10 0.177316)
(1.30467e-09 9.09359e-10 0.236286)
(1.62907e-09 1.63254e-09 0.294523)
(6.75226e-10 2.13857e-09 0.323693)
(-8.6199e-10 2.14557e-09 0.323693)
(-1.76977e-09 1.65692e-09 0.294524)
(-1.36215e-09 9.51456e-10 0.236286)
(1.7922e-09 4.08843e-10 0.265659)
(2.13097e-09 6.92477e-10 0.323693)
(8.70641e-10 8.91111e-10 0.352761)
(-1.11813e-09 8.97311e-10 0.352761)
(-2.32769e-09 7.13237e-10 0.323693)
(-1.88969e-09 4.50509e-10 0.265659)
(1.79867e-09 -4.59461e-10 0.265659)
(2.13593e-09 -8.36248e-10 0.323693)
(8.74186e-10 -1.08874e-09 0.352761)
(-1.11566e-09 -1.08103e-09 0.352761)
(-2.32685e-09 -8.14344e-10 0.323693)
(-1.90173e-09 -4.12798e-10 0.26566)
(1.32075e-09 -9.36538e-10 0.236286)
(1.64748e-09 -1.73867e-09 0.294524)
(6.91083e-10 -2.2938e-09 0.323693)
(-8.51477e-10 -2.28628e-09 0.323693)
(-1.76352e-09 -1.72447e-09 0.294524)
(-1.38535e-09 -8.7824e-10 0.236287)
(6.47014e-10 -6.04912e-10 0.177316)
(9.45121e-10 -1.31555e-09 0.236286)
(4.30359e-10 -1.83964e-09 0.265659)
(-4.60211e-10 -1.82478e-09 0.26566)
(-9.3561e-10 -1.3157e-09 0.236287)
(-6.53763e-10 -4.43764e-10 0.177316)
(3.82309e-10 3.28891e-10 0.177315)
(5.36029e-10 7.52416e-10 0.236286)
(2.18289e-10 1.05505e-09 0.265659)
(-3.19656e-10 1.06654e-09 0.265659)
(-6.05026e-10 7.85977e-10 0.236286)
(-3.96496e-10 3.81436e-10 0.177316)
(7.87955e-10 5.29576e-10 0.236286)
(9.78173e-10 9.73328e-10 0.294523)
(3.8428e-10 1.2851e-09 0.323693)
(-5.62796e-10 1.2947e-09 0.323693)
(-1.11156e-09 1.00104e-09 0.294524)
(-8.55388e-10 5.71784e-10 0.236286)
(1.08136e-09 2.19358e-10 0.265659)
(1.2861e-09 3.90496e-10 0.323693)
(5.00904e-10 5.10878e-10 0.352761)
(-7.27791e-10 5.19414e-10 0.352761)
(-1.46263e-09 4.149e-10 0.323693)
(-1.18276e-09 2.59413e-10 0.265659)
(1.08505e-09 -3.18158e-10 0.265659)
(1.29273e-09 -5.51862e-10 0.323693)
(5.05802e-10 -7.11651e-10 0.352761)
(-7.25411e-10 -7.04857e-10 0.352761)
(-1.46332e-09 -5.33035e-10 0.323693)
(-1.18593e-09 -2.81996e-10 0.26566)
(8.03582e-10 -6.11996e-10 0.236286)
(9.98796e-10 -1.10533e-09 0.294524)
(4.00977e-10 -1.4521e-09 0.323693)
(-5.54876e-10 -1.44668e-09 0.323693)
(-1.11094e-09 -1.09691e-09 0.294524)
(-8.56185e-10 -5.86588e-10 0.236287)
(3.80729e-10 -4.08577e-10 0.177316)
(5.63282e-10 -8.41326e-10 0.236286)
(2.43124e-10 -1.16273e-09 0.265659)
(-3.08241e-10 -1.15707e-09 0.26566)
(-6.04052e-10 -8.38068e-10 0.236287)
(-3.89665e-10 -3.78091e-10 0.177316)
(2.29907e-10 2.3123e-10 0.177315)
(3.52799e-10 4.82149e-10 0.236286)
(1.66341e-10 6.67047e-10 0.265659)
(-1.62479e-10 6.786e-10 0.265659)
(-3.39839e-10 5.14481e-10 0.236286)
(-2.20213e-10 2.64907e-10 0.177316)
(4.90039e-10 3.30161e-10 0.236286)
(6.1865e-10 6.00412e-10 0.294523)
(2.58171e-10 7.92917e-10 0.323693)
(-3.26459e-10 8.02546e-10 0.323693)
(-6.65065e-10 6.29158e-10 0.294524)
(-5.07687e-10 3.68351e-10 0.236286)
(6.74248e-10 1.36835e-10 0.265659)
(8.05845e-10 2.35254e-10 0.323693)
(3.2248e-10 3.05352e-10 0.352761)
(-4.38083e-10 3.11403e-10 0.352761)
(-8.93026e-10 2.51291e-10 0.323693)
(-7.16491e-10 1.57342e-10 0.265659)
(6.78439e-10 -1.9376e-10 0.265659)
(8.09599e-10 -3.48075e-10 0.323693)
(3.23344e-10 -4.5573e-10 0.352761)
(-4.40592e-10 -4.5558e-10 0.352761)
(-8.98235e-10 -3.49121e-10 0.323693)
(-7.20183e-10 -1.9651e-10 0.26566)
(4.99783e-10 -3.70233e-10 0.236286)
(6.28642e-10 -6.87483e-10 0.294524)
(2.60315e-10 -9.12007e-10 0.323693)
(-3.34144e-10 -9.17778e-10 0.323693)
(-6.80344e-10 -7.04388e-10 0.294524)
(-5.18096e-10 -3.95423e-10 0.236287)
(2.51709e-10 -2.29188e-10 0.177316)
(3.61753e-10 -5.24936e-10 0.236286)
(1.63651e-10 -7.36668e-10 0.265659)
(-1.79292e-10 -7.46682e-10 0.26566)
(-3.65057e-10 -5.56634e-10 0.236287)
(-2.34659e-10 -2.77706e-10 0.177316)
(1.75865e-10 7.08427e-11 0.177315)
(2.49497e-10 2.50402e-10 0.236286)
(1.29689e-10 3.75854e-10 0.265659)
(-8.34147e-11 3.90192e-10 0.265659)
(-2.13508e-10 2.79258e-10 0.236286)
(-1.41733e-10 1.2143e-10 0.177316)
(3.30327e-10 1.47128e-10 0.236286)
(4.11707e-10 3.22271e-10 0.294523)
(1.83057e-10 4.47137e-10 0.323693)
(-1.89636e-10 4.58773e-10 0.323693)
(-4.17299e-10 3.52223e-10 0.294524)
(-3.19543e-10 1.88146e-10 0.236286)
(4.39801e-10 1.95712e-11 0.265659)
(5.23773e-10 8.76754e-11 0.323693)
(2.18531e-10 1.34645e-10 0.352761)
(-2.63786e-10 1.41658e-10 0.352761)
(-5.62623e-10 1.0607e-10 0.323693)
(-4.54059e-10 4.6058e-11 0.265659)
(4.49665e-10 -1.88486e-10 0.265659)
(5.29866e-10 -2.77972e-10 0.323693)
(2.2125e-10 -3.42788e-10 0.352761)
(-2.64982e-10 -3.42501e-10 0.352761)
(-5.65541e-10 -2.76072e-10 0.323693)
(-4.52522e-10 -1.8455e-10 0.26566)
(3.37332e-10 -3.14371e-10 0.236286)
(4.23361e-10 -4.91682e-10 0.294524)
(1.86487e-10 -6.26591e-10 0.323693)
(-1.93968e-10 -6.31794e-10 0.323693)
(-4.28606e-10 -5.01483e-10 0.294524)
(-3.26258e-10 -3.188e-10 0.236287)
(2.64985e-10 -2.25655e-10 0.177316)
(2.89404e-10 -3.74286e-10 0.236286)
(1.40884e-10 -5.05377e-10 0.265659)
(-9.2199e-11 -5.15883e-10 0.26566)
(-2.38144e-10 -3.91964e-10 0.236287)
(-1.58663e-10 -2.40703e-10 0.177316)
(8.83719e-11 6.5543e-11 0.177315)
(1.3808e-10 1.73884e-10 0.236286)
(7.32258e-11 2.49571e-10 0.265659)
(-5.0141e-11 2.63337e-10 0.265659)
(-1.1902e-10 2.07761e-10 0.236286)
(-7.87736e-11 1.19985e-10 0.177316)
(1.9208e-10 1.15791e-10 0.236286)
(2.43572e-10 2.18882e-10 0.294523)
(1.08197e-10 2.94829e-10 0.323693)
(-1.15032e-10 3.06413e-10 0.323693)
(-2.48112e-10 2.48993e-10 0.294524)
(-1.91527e-10 1.5804e-10 0.236286)
(2.70323e-10 4.31868e-11 0.265659)
(3.1892e-10 7.79261e-11 0.323693)
(1.31433e-10 1.06184e-10 0.352761)
(-1.62702e-10 1.14086e-10 0.352761)
(-3.42838e-10 1.00121e-10 0.323693)
(-2.82667e-10 7.60346e-11 0.265659)
(2.81189e-10 -7.71213e-11 0.265659)
(3.28407e-10 -1.41985e-10 0.323693)
(1.37075e-10 -1.84133e-10 0.352761)
(-1.6233e-10 -1.80911e-10 0.352761)
(-3.47482e-10 -1.30341e-10 0.323693)
(-2.91543e-10 -5.6362e-11 0.26566)
(2.38338e-10 -1.32719e-10 0.236286)
(2.72018e-10 -2.62637e-10 0.294524)
(1.21865e-10 -3.53598e-10 0.323693)
(-1.14293e-10 -3.53848e-10 0.323693)
(-2.61155e-10 -2.62811e-10 0.294524)
(-2.23717e-10 -1.24679e-10 0.236287)
(1.32071e-10 -1.04766e-10 0.177316)
(1.74665e-10 -1.97897e-10 0.236286)
(9.34297e-11 -2.8101e-10 0.265659)
(-4.68438e-11 -2.77136e-10 0.26566)
(-1.33548e-10 -1.92918e-10 0.236287)
(-1.18454e-10 -7.36373e-11 0.177316)
(7.29952e-11 7.17448e-11 0.177315)
(1.04927e-10 1.20684e-10 0.236286)
(6.656e-11 1.64545e-10 0.265659)
(-7.75034e-12 1.70401e-10 0.265659)
(-4.95163e-11 1.38604e-10 0.236286)
(-3.84774e-11 7.77843e-11 0.177316)
(1.43228e-10 8.43918e-11 0.236286)
(1.69069e-10 1.43042e-10 0.294523)
(8.53936e-11 1.88629e-10 0.323693)
(-5.10055e-11 1.96243e-10 0.323693)
(-1.3018e-10 1.63887e-10 0.294524)
(-1.0256e-10 1.08469e-10 0.236286)
(1.88648e-10 4.07221e-11 0.265659)
(2.13739e-10 5.68535e-11 0.323693)
(9.77571e-11 7.14862e-11 0.352761)
(-8.53338e-11 7.58677e-11 0.352761)
(-1.93059e-10 6.98674e-11 0.323693)
(-1.59956e-10 5.67161e-11 0.265659)
(2.02201e-10 -3.49383e-11 0.265659)
(2.21853e-10 -7.91204e-11 0.323693)
(9.97635e-11 -1.09489e-10 0.352761)
(-8.76218e-11 -1.0831e-10 0.352761)
(-2.00557e-10 -7.73913e-11 0.323693)
(-1.68243e-10 -3.09017e-11 0.26566)
(1.60522e-10 -8.45274e-11 0.236286)
(1.86212e-10 -1.57515e-10 0.294524)
(9.07642e-11 -2.15796e-10 0.323693)
(-6.05507e-11 -2.18093e-10 0.323693)
(-1.50256e-10 -1.65906e-10 0.294524)
(-1.2339e-10 -8.30278e-11 0.236287)
(1.36826e-10 -7.7381e-11 0.177316)
(1.32532e-10 -1.21413e-10 0.236286)
(7.03536e-11 -1.7384e-10 0.265659)
(-2.51093e-11 -1.77779e-10 0.26566)
(-7.76611e-11 -1.34032e-10 0.236287)
(-5.87302e-11 -4.57061e-11 0.177316)
(1.26218e-11 2.29341e-11 0.177315)
(3.59888e-11 6.51864e-11 0.236286)
(1.42462e-11 9.02948e-11 0.265659)
(-3.0196e-11 9.17969e-11 0.265659)
(-5.50446e-11 6.61565e-11 0.236286)
(-3.36953e-11 2.57925e-11 0.177316)
(4.59798e-11 5.95029e-11 0.236286)
(7.59712e-11 9.21717e-11 0.294523)
(2.81445e-11 1.15131e-10 0.323693)
(-5.4189e-11 1.16983e-10 0.323693)
(-1.01156e-10 9.34268e-11 0.294524)
(-7.32543e-11 5.34807e-11 0.236286)
(7.91023e-11 3.49059e-11 0.265659)
(1.0413e-10 3.97292e-11 0.323693)
(3.46294e-11 4.34696e-11 0.352761)
(-7.67275e-11 4.33388e-11 0.352761)
(-1.4129e-10 3.69509e-11 0.323693)
(-1.09081e-10 2.30579e-11 0.265659)
(7.98109e-11 -1.18979e-11 0.265659)
(1.04669e-10 -4.42828e-11 0.323693)
(3.19831e-11 -6.73483e-11 0.352761)
(-8.33178e-11 -7.08183e-11 0.352761)
(-1.51041e-10 -5.33927e-11 0.323693)
(-1.16973e-10 -3.40861e-11 0.26566)
(6.12678e-11 -3.08651e-11 0.236286)
(7.51736e-11 -9.06821e-11 0.294524)
(1.75507e-11 -1.31119e-10 0.323693)
(-7.40091e-11 -1.36978e-10 0.323693)
(-1.30735e-10 -1.03837e-10 0.294524)
(-9.89056e-11 -7.06443e-11 0.236287)
(-2.46485e-11 -2.32633e-12 0.177316)
(1.15249e-11 -6.47484e-11 0.236286)
(-1.17904e-11 -9.60446e-11 0.265659)
(-6.36916e-11 -1.04665e-10 0.26566)
(-1.01779e-10 -6.80829e-11 0.236287)
(-6.19109e-11 -7.7089e-11 0.177316)
(2.19514e-11 4.59759e-11 0.177315)
(3.02671e-11 5.21426e-11 0.236286)
(1.9277e-11 6.15099e-11 0.265659)
(-1.38265e-12 6.09201e-11 0.265659)
(-5.793e-12 5.67199e-11 0.236286)
(-1.44742e-11 4.31349e-11 0.177316)
(4.16015e-11 4.58736e-11 0.236286)
(5.00327e-11 6.43405e-11 0.294523)
(2.39903e-11 7.83372e-11 0.323693)
(-1.73493e-11 8.12224e-11 0.323693)
(-3.48506e-11 7.33597e-11 0.294524)
(-3.77366e-11 5.82693e-11 0.236286)
(5.57475e-11 3.49316e-11 0.265659)
(6.70135e-11 3.79416e-11 0.323693)
(2.92265e-11 4.12482e-11 0.352761)
(-2.98176e-11 4.53957e-11 0.352761)
(-5.89645e-11 4.88019e-11 0.323693)
(-6.25684e-11 4.83762e-11 0.265659)
(5.88497e-11 6.74992e-12 0.265659)
(7.07851e-11 -9.49264e-12 0.323693)
(3.11716e-11 -2.06618e-11 0.352761)
(-3.04589e-11 -1.67182e-11 0.352761)
(-6.30836e-11 9.57604e-13 0.323693)
(-6.63386e-11 2.40763e-11 0.26566)
(4.59246e-11 -1.72666e-11 0.236286)
(6.07596e-11 -3.85311e-11 0.294524)
(3.03166e-11 -5.69191e-11 0.323693)
(-1.8574e-11 -5.27734e-11 0.323693)
(-4.40045e-11 -2.69208e-11 0.294524)
(-5.2904e-11 1.33963e-11 0.236287)
(3.82607e-11 -6.73027e-11 0.177316)
(4.64034e-11 -4.49158e-11 0.236286)
(2.84148e-11 -5.99658e-11 0.265659)
(2.59769e-12 -5.21785e-11 0.26566)
(-6.56262e-12 -3.84936e-11 0.236287)
(-3.19145e-11 1.59998e-11 0.177316)
(4.60609e-11 -9.9795e-12 0.177315)
(6.95386e-11 9.70574e-12 0.236286)
(7.65597e-11 3.33859e-11 0.265659)
(6.48581e-11 4.7161e-11 0.265659)
(5.51339e-11 5.71584e-11 0.236286)
(2.79108e-11 5.24679e-11 0.177316)
(6.46076e-11 1.36577e-11 0.236286)
(8.25039e-11 3.29686e-11 0.294523)
(8.02646e-11 5.00831e-11 0.323693)
(5.62274e-11 6.1601e-11 0.323693)
(4.11052e-11 6.63391e-11 0.294524)
(2.69052e-11 6.42228e-11 0.236286)
(7.55426e-11 3.46677e-11 0.265659)
(9.13814e-11 3.78503e-11 0.323693)
(8.19593e-11 4.04483e-11 0.352761)
(4.74279e-11 4.51134e-11 0.352761)
(2.54005e-11 5.10922e-11 0.323693)
(1.04613e-11 5.56965e-11 0.265659)
(6.05085e-11 3.37813e-11 0.265659)
(8.97128e-11 2.55082e-11 0.323693)
(8.02989e-11 1.17743e-11 0.352761)
(4.56393e-11 1.15175e-11 0.352761)
(2.36938e-11 2.09793e-11 0.323693)
(7.17822e-12 4.111e-11 0.26566)
(6.70247e-11 5.70435e-11 0.236286)
(8.56475e-11 3.3756e-11 0.294524)
(7.84086e-11 2.47329e-12 0.323693)
(5.21358e-11 -3.15578e-12 0.323693)
(3.96427e-11 3.64514e-12 0.294524)
(1.79029e-11 3.86411e-11 0.236287)
(-5.72266e-11 -3.51578e-11 0.177316)
(4.78489e-11 3.6836e-12 0.236286)
(6.38045e-11 -2.52027e-11 0.265659)
(6.01272e-11 -1.64735e-11 0.26566)
(6.49096e-11 -1.78637e-11 0.236287)
(2.4777e-11 6.41037e-11 0.177316)
(6.72229e-11 4.32651e-11 0.177315)
(6.60399e-11 4.03421e-11 0.236286)
(5.53461e-11 4.88784e-11 0.265659)
(2.76161e-11 5.19725e-11 0.265659)
(-2.35815e-12 4.53589e-11 0.236286)
(-6.32923e-11 3.83467e-11 0.177316)
(9.27639e-11 -1.28244e-11 0.236286)
(8.1177e-11 4.71988e-12 0.294523)
(6.34433e-11 1.81937e-11 0.323693)
(2.60036e-11 2.47255e-11 0.323693)
(-7.62189e-12 1.98944e-11 0.294524)
(-6.77287e-11 4.36905e-12 0.236286)
(9.3319e-11 -4.28162e-11 0.265659)
(8.65518e-11 -2.3257e-11 0.323693)
(6.4253e-11 -1.34185e-11 0.352761)
(2.16946e-11 -8.8161e-12 0.352761)
(-1.26323e-11 -1.02654e-11 0.323693)
(-6.54581e-11 -2.05764e-11 0.265659)
(1.00389e-10 -8.25999e-11 0.265659)
(9.07587e-11 -6.43653e-11 0.323693)
(6.71468e-11 -5.70641e-11 0.352761)
(2.17357e-11 -5.21411e-11 0.352761)
(-1.43079e-11 -5.00033e-11 0.323693)
(-6.75206e-11 -5.1343e-11 0.26566)
(9.47407e-11 -1.24681e-10 0.236286)
(9.38434e-11 -8.9768e-11 0.294524)
(7.15352e-11 -7.92022e-11 0.323693)
(2.7825e-11 -7.57986e-11 0.323693)
(-6.00956e-12 -7.33772e-11 0.294524)
(-6.1396e-11 -7.7611e-11 0.236287)
(1.95234e-10 -1.83585e-10 0.177316)
(1.14269e-10 -1.59335e-10 0.236286)
(7.46914e-11 -1.25059e-10 0.265659)
(2.83934e-11 -1.19861e-10 0.26566)
(-1.46125e-11 -1.11043e-10 0.236287)
(-9.26428e-11 -1.46439e-10 0.177316)
(1.36971e-11 7.63219e-11 0.177315)
(1.30476e-11 6.30934e-11 0.236286)
(5.47881e-12 5.93599e-11 0.265659)
(-1.15944e-11 5.25949e-11 0.265659)
(-2.21011e-11 4.60711e-11 0.236286)
(-4.70012e-11 4.61878e-11 0.177316)
(3.64661e-11 3.54304e-11 0.236286)
(2.99455e-11 3.35807e-11 0.294523)
(1.54687e-11 3.43428e-11 0.323693)
(-9.26314e-12 3.16564e-11 0.323693)
(-2.6135e-11 2.38096e-11 0.294524)
(-5.80103e-11 1.3076e-11 0.236286)
(4.38743e-11 1.1128e-11 0.265659)
(3.36828e-11 9.67343e-12 0.323693)
(1.66074e-11 1.02522e-11 0.352761)
(-1.31549e-11 9.72102e-12 0.352761)
(-3.14253e-11 4.68386e-12 0.323693)
(-6.35173e-11 -4.60697e-12 0.265659)
(4.17585e-11 -1.65996e-11 0.265659)
(3.15464e-11 -2.24722e-11 0.323693)
(1.38013e-11 -2.20929e-11 0.352761)
(-1.71153e-11 -2.25885e-11 0.352761)
(-3.81526e-11 -2.18837e-11 0.323693)
(-6.48763e-11 -3.10569e-11 0.26566)
(2.2534e-11 -3.31263e-11 0.236286)
(1.89612e-11 -4.14695e-11 0.294524)
(6.04222e-12 -3.86601e-11 0.323693)
(-2.2135e-11 -3.77648e-11 0.323693)
(-4.80964e-11 -3.0455e-11 0.294524)
(-7.52576e-11 -4.99736e-11 0.236287)
(4.69975e-11 -8.40169e-11 0.177316)
(6.45846e-12 -8.16706e-11 0.236286)
(-1.01679e-11 -6.43316e-11 0.265659)
(-3.31614e-11 -6.3197e-11 0.26566)
(-6.85014e-11 -4.00343e-11 0.236287)
(-8.02492e-11 -1.35179e-10 0.177316)
(-2.0564e-11 8.85365e-12 0.177315)
(-1.46359e-11 3.37399e-11 0.236286)
(-1.41884e-11 3.57861e-11 0.265659)
(-1.93778e-11 3.27376e-11 0.265659)
(-1.71863e-11 2.97821e-11 0.236286)
(-2.74881e-11 2.91771e-11 0.177316)
(-2.41052e-11 1.05677e-11 0.236286)
(-1.88341e-12 1.91083e-11 0.294523)
(-3.99482e-12 2.29601e-11 0.323693)
(-1.60206e-11 2.352e-11 0.323693)
(-1.97677e-11 2.14705e-11 0.294524)
(-3.686e-11 2.01837e-11 0.236286)
(-1.38242e-11 -1.80035e-11 0.265659)
(9.45311e-12 -8.04702e-12 0.323693)
(4.26776e-12 3.70504e-13 0.352761)
(-1.19244e-11 6.17512e-12 0.352761)
(-2.00581e-11 9.73027e-12 0.323693)
(-4.12719e-11 1.31176e-11 0.265659)
(5.08171e-12 -4.746e-11 0.265659)
(1.91856e-11 -3.94688e-11 0.323693)
(1.0491e-11 -2.76624e-11 0.352761)
(-7.50507e-12 -1.82023e-11 0.352761)
(-1.7648e-11 -9.31313e-12 0.323693)
(-3.97723e-11 2.30998e-12 0.26566)
(1.85031e-11 -7.25632e-11 0.236286)
(2.33035e-11 -5.87144e-11 0.294524)
(1.46706e-11 -4.27778e-11 0.323693)
(-3.34596e-12 -3.07632e-11 0.323693)
(-1.17473e-11 -1.60179e-11 0.294524)
(-3.36005e-11 4.96689e-12 0.236287)
(1.11712e-10 -6.69939e-11 0.177316)
(4.56868e-11 -7.001e-11 0.236286)
(2.13783e-11 -6.21259e-11 0.265659)
(3.53264e-12 -5.39286e-11 0.26566)
(4.71282e-12 -4.97957e-11 0.236287)
(-2.46806e-11 -1.62088e-11 0.177316)
(6.96349e-12 6.23348e-11 0.177315)
(-5.06097e-12 6.75608e-11 0.236286)
(-1.8406e-11 6.85035e-11 0.265659)
(-3.04945e-11 6.1899e-11 0.265659)
(-3.25138e-11 5.45389e-11 0.236286)
(-3.86429e-11 4.59058e-11 0.177316)
(1.44566e-11 5.11773e-11 0.236286)
(1.34328e-12 5.5337e-11 0.294523)
(-1.60994e-11 5.30048e-11 0.323693)
(-3.55262e-11 4.66326e-11 0.323693)
(-4.39563e-11 3.90553e-11 0.294524)
(-5.65764e-11 2.923e-11 0.236286)
(2.17452e-11 4.14852e-11 0.265659)
(6.55451e-12 3.47608e-11 0.323693)
(-1.4865e-11 3.13631e-11 0.352761)
(-3.82341e-11 2.8104e-11 0.352761)
(-5.3205e-11 2.48179e-11 0.323693)
(-6.81871e-11 2.01038e-11 0.265659)
(1.86557e-11 2.73872e-11 0.265659)
(3.89521e-12 8.56794e-12 0.323693)
(-1.84216e-11 3.1922e-12 0.352761)
(-4.30917e-11 2.4224e-12 0.352761)
(-5.98148e-11 5.08165e-12 0.323693)
(-7.40155e-11 4.3312e-12 0.26566)
(8.79045e-12 2.2947e-11 0.236286)
(-7.55589e-12 -8.69861e-12 0.294524)
(-2.73377e-11 -1.5732e-11 0.323693)
(-5.06173e-11 -1.34558e-11 0.323693)
(-6.78955e-11 -3.50342e-12 0.294524)
(-8.22333e-11 -7.67872e-12 0.236287)
(-2.44084e-11 -3.26514e-12 0.177316)
(-3.02833e-11 -2.60867e-11 0.236286)
(-3.99542e-11 -2.67933e-11 0.265659)
(-5.49313e-11 -2.63076e-11 0.26566)
(-7.31274e-11 -8.64851e-12 0.236287)
(-6.90977e-11 -6.15469e-11 0.177316)
(-2.14951e-11 -1.76444e-11 0.177315)
(-1.87112e-11 8.73258e-12 0.236286)
(-2.14828e-11 1.79806e-11 0.265659)
(-2.41347e-11 1.94518e-11 0.265659)
(-1.94978e-11 1.67643e-11 0.236286)
(-1.4833e-11 1.23634e-11 0.177316)
(-3.32277e-11 1.22721e-12 0.236286)
(-1.69217e-11 1.42845e-11 0.294523)
(-1.95787e-11 2.02467e-11 0.323693)
(-2.57792e-11 2.2675e-11 0.323693)
(-2.56954e-11 2.28977e-11 0.294524)
(-2.28171e-11 2.15284e-11 0.236286)
(-2.83696e-11 -1.16901e-11 0.265659)
(-9.14299e-12 -1.29365e-12 0.323693)
(-1.33814e-11 6.52179e-12 0.352761)
(-2.26513e-11 1.29365e-11 0.352761)
(-2.64112e-11 1.92702e-11 0.323693)
(-2.86745e-11 2.47133e-11 0.265659)
(-1.45841e-11 -2.77951e-11 0.265659)
(-4.93842e-13 -2.10089e-11 0.323693)
(-5.95709e-12 -1.21047e-11 0.352761)
(-1.67873e-11 -2.40435e-12 0.352761)
(-2.16642e-11 9.64599e-12 0.323693)
(-2.72184e-11 2.6015e-11 0.26566)
(-9.04952e-13 -4.4303e-11 0.236286)
(7.17652e-12 -3.43754e-11 0.294524)
(2.00295e-12 -2.40139e-11 0.323693)
(-8.15375e-12 -1.09328e-11 0.323693)
(-8.14011e-12 3.7079e-12 0.294524)
(-1.18162e-11 3.32706e-11 0.236287)
(6.82192e-11 -1.33035e-11 0.177316)
(2.80837e-11 -2.95664e-11 0.236286)
(1.67388e-11 -2.61702e-11 0.265659)
(8.42002e-12 -1.42415e-11 0.26566)
(2.15469e-11 -1.1597e-11 0.236287)
(5.90453e-12 5.55441e-11 0.177316)
(-1.15978e-11 4.61868e-11 0.177315)
(-1.77811e-11 4.74437e-11 0.236286)
(-3.17595e-11 4.95169e-11 0.265659)
(-4.08753e-11 4.51587e-11 0.265659)
(-4.2032e-11 3.82068e-11 0.236286)
(-2.90413e-11 2.67309e-11 0.177316)
(-1.15766e-11 4.26981e-11 0.236286)
(-1.83842e-11 4.60644e-11 0.294523)
(-3.4328e-11 4.61605e-11 0.323693)
(-4.81312e-11 4.20199e-11 0.323693)
(-5.37567e-11 3.58502e-11 0.294524)
(-4.42212e-11 2.71238e-11 0.236286)
(-8.42428e-12 3.5821e-11 0.265659)
(-1.71108e-11 3.09522e-11 0.323693)
(-3.44414e-11 2.90364e-11 0.352761)
(-5.14395e-11 2.81483e-11 0.352761)
(-6.01074e-11 2.85321e-11 0.323693)
(-5.48736e-11 2.70539e-11 0.265659)
(-1.64261e-11 2.67678e-11 0.265659)
(-1.99212e-11 1.07009e-11 0.323693)
(-3.64031e-11 6.43256e-12 0.352761)
(-5.20041e-11 8.78112e-12 0.352761)
(-6.12666e-11 1.57587e-11 0.323693)
(-5.81231e-11 2.38313e-11 0.26566)
(-2.78289e-11 2.28126e-11 0.236286)
(-2.9614e-11 -7.37104e-12 0.294524)
(-3.93338e-11 -1.30555e-11 0.323693)
(-5.08237e-11 -7.24961e-12 0.323693)
(-5.61465e-11 4.42989e-12 0.294524)
(-5.56642e-11 2.04852e-11 0.236287)
(-7.14803e-11 1.90815e-11 0.177316)
(-5.08675e-11 -1.28507e-11 0.236286)
(-4.32142e-11 -1.49629e-11 0.265659)
(-4.61089e-11 -9.80378e-12 0.26566)
(-4.38006e-11 4.93957e-12 0.236287)
(-3.71228e-11 2.45815e-11 0.177316)
(-5.01992e-12 -3.84408e-11 0.177315)
(-1.31803e-11 -1.64487e-11 0.236286)
(-2.38691e-11 -4.02619e-12 0.265659)
(-2.78813e-11 2.03732e-12 0.265659)
(-2.69273e-11 6.47882e-13 0.236286)
(-1.884e-11 -8.69871e-13 0.177316)
(-1.17343e-11 -2.09423e-11 0.236286)
(-1.43062e-11 -5.35417e-12 0.294523)
(-2.56551e-11 5.11892e-12 0.323693)
(-3.10716e-11 1.14714e-11 0.323693)
(-3.15004e-11 1.45866e-11 0.294524)
(-2.61145e-11 1.60311e-11 0.236286)
(-1.09648e-11 -2.407e-11 0.265659)
(-1.00141e-11 -1.17475e-11 0.323693)
(-1.97544e-11 -5.05597e-13 0.352761)
(-2.66982e-11 1.05257e-11 0.352761)
(-2.85042e-11 2.01196e-11 0.323693)
(-2.93766e-11 3.20873e-11 0.265659)
(7.87209e-13 -2.72685e-11 0.265659)
(-1.67261e-12 -1.92122e-11 0.323693)
(-9.28195e-12 -7.84954e-12 0.352761)
(-1.56406e-11 7.3567e-12 0.352761)
(-1.60266e-11 2.40256e-11 0.323693)
(-2.505e-11 5.34093e-11 0.26566)
(1.49148e-11 -3.52865e-11 0.236286)
(8.5439e-12 -2.74426e-11 0.294524)
(6.7132e-12 -1.65003e-11 0.323693)
(3.35795e-12 2.87464e-12 0.323693)
(1.2854e-11 1.96203e-11 0.294524)
(8.4277e-12 7.64118e-11 0.236287)
(6.71415e-11 1.56094e-11 0.177316)
(3.20434e-11 -7.45348e-12 0.236286)
(3.14124e-11 -5.85736e-12 0.265659)
(2.70816e-11 2.05163e-11 0.26566)
(5.61168e-11 2.17065e-11 0.236287)
(2.83631e-11 1.92387e-10 0.177316)
(1.36773e-11 -5.22057e-12 0.177315)
(1.71034e-11 -6.4016e-12 0.236286)
(1.97621e-11 -4.20603e-12 0.265659)
(1.87656e-11 9.82387e-13 0.265659)
(1.74521e-11 4.09864e-12 0.236286)
(1.05615e-11 6.73531e-12 0.177316)
(1.76432e-11 -3.92036e-12 0.236286)
(9.98726e-12 -5.76405e-12 0.294523)
(1.02324e-11 -3.31095e-12 0.323693)
(8.35561e-12 -1.78346e-12 0.323693)
(7.693e-12 -2.19798e-12 0.294524)
(3.90204e-12 -3.33083e-12 0.236286)
(1.13921e-11 1.00187e-11 0.265659)
(2.37461e-12 1.92731e-12 0.323693)
(2.83802e-12 -1.41162e-12 0.352761)
(1.51175e-12 -4.7888e-12 0.352761)
(2.08153e-12 -7.56168e-12 0.323693)
(-1.03671e-12 -1.31251e-11 0.265659)
(5.75457e-14 2.39936e-11 0.265659)
(-6.91902e-12 6.30252e-12 0.323693)
(-4.759e-12 -3.63884e-12 0.352761)
(-4.11322e-12 -1.13172e-11 0.352761)
(-3.17892e-13 -1.54737e-11 0.323693)
(-1.82201e-12 -2.49451e-11 0.26566)
(-7.11965e-12 3.98304e-11 0.236286)
(-1.81632e-11 7.25943e-12 0.294524)
(-1.51081e-11 -8.5584e-12 0.323693)
(-9.44509e-12 -2.50117e-11 0.323693)
(-1.94659e-12 -2.61756e-11 0.294524)
(-3.06585e-12 -4.54665e-11 0.236287)
(-4.47585e-11 2.06225e-11 0.177316)
(-4.31253e-11 -2.32355e-11 0.236286)
(-3.62926e-11 -2.98245e-11 0.265659)
(-2.15498e-11 -6.24486e-11 0.26566)
(-1.18308e-11 -3.64794e-11 0.236287)
(-9.29587e-12 -9.58375e-11 0.177316)
(-3.25513e-11 5.2093e-11 0.177315)
(-2.39899e-11 3.69761e-11 0.236286)
(-1.74902e-11 3.40115e-11 0.265659)
(-9.92962e-12 3.53436e-11 0.265659)
(-5.36507e-13 4.12561e-11 0.236286)
(5.89152e-12 4.08375e-11 0.177316)
(-3.2298e-11 4.28132e-11 0.236286)
(-2.03974e-11 3.80551e-11 0.294523)
(-1.64011e-11 4.02843e-11 0.323693)
(-1.1922e-11 4.41318e-11 0.323693)
(-4.82562e-12 4.96866e-11 0.294524)
(3.57692e-12 5.34774e-11 0.236286)
(-2.27017e-11 4.02e-11 0.265659)
(-1.39646e-11 4.14682e-11 0.323693)
(-1.34541e-11 4.72612e-11 0.352761)
(-1.308e-11 5.42227e-11 0.352761)
(-9.62634e-12 6.14739e-11 0.323693)
(-8.33573e-12 6.84098e-11 0.265659)
(-2.2636e-13 3.94352e-11 0.265659)
(-7.74494e-13 4.56036e-11 0.323693)
(-4.16034e-12 5.41194e-11 0.352761)
(-8.68935e-12 6.41148e-11 0.352761)
(-1.19937e-11 7.53125e-11 0.323693)
(-1.91216e-11 8.71602e-11 0.26566)
(2.588e-11 3.51511e-11 0.236286)
(1.95457e-11 4.83448e-11 0.294524)
(1.19153e-11 6.07876e-11 0.323693)
(8.94852e-13 7.59448e-11 0.323693)
(-1.01651e-11 9.21754e-11 0.294524)
(-3.19206e-11 1.14981e-10 0.236287)
(9.47482e-11 8.62627e-11 0.177316)
(5.74016e-11 8.29948e-11 0.236286)
(3.96236e-11 9.0344e-11 0.265659)
(1.52337e-11 1.16582e-10 0.26566)
(-6.49348e-12 1.31811e-10 0.236287)
(-4.34911e-11 1.93724e-10 0.177316)
(-1.02535e-11 -7.55745e-12 0.177315)
(-2.09941e-11 1.25167e-11 0.236286)
(-1.69156e-11 1.26412e-11 0.265659)
(-1.23368e-11 1.56062e-11 0.265659)
(-5.81713e-12 1.72134e-11 0.236286)
(-1.9398e-11 1.55937e-11 0.177316)
(-2.37638e-11 2.25309e-11 0.236286)
(-2.44068e-11 2.47839e-11 0.294523)
(-1.99912e-11 2.22421e-11 0.323693)
(-1.41667e-11 2.27556e-11 0.323693)
(-7.12307e-12 2.27417e-11 0.294524)
(-1.77012e-11 1.87022e-11 0.236286)
(-2.24175e-11 3.90063e-11 0.265659)
(-2.51495e-11 3.63238e-11 0.323693)
(-2.18407e-11 3.30736e-11 0.352761)
(-1.72917e-11 3.17437e-11 0.352761)
(-1.12721e-11 3.20179e-11 0.323693)
(-2.03028e-11 2.81807e-11 0.265659)
(-2.55417e-11 5.51051e-11 0.265659)
(-2.62249e-11 4.72985e-11 0.323693)
(-2.42199e-11 4.23559e-11 0.352761)
(-2.11535e-11 4.00707e-11 0.352761)
(-1.61533e-11 3.8875e-11 0.323693)
(-2.37452e-11 3.35802e-11 0.26566)
(-2.77136e-11 6.84913e-11 0.236286)
(-3.00536e-11 5.34284e-11 0.294524)
(-2.82611e-11 4.56483e-11 0.323693)
(-2.68329e-11 4.41282e-11 0.323693)
(-2.14593e-11 4.08476e-11 0.294524)
(-2.57201e-11 3.30148e-11 0.236287)
(-6.11062e-11 8.93595e-11 0.177316)
(-4.98091e-11 6.31322e-11 0.236286)
(-3.74864e-11 4.66471e-11 0.265659)
(-3.42929e-11 4.1036e-11 0.26566)
(-2.47815e-11 3.10103e-11 0.236287)
(-1.28557e-11 9.37269e-12 0.177316)
(4.81861e-11 1.10266e-11 0.177315)
(4.09332e-11 3.24925e-12 0.236286)
(3.40052e-11 1.28507e-11 0.265659)
(2.73861e-11 1.89862e-11 0.265659)
(2.1155e-11 2.82141e-11 0.236286)
(-5.98516e-12 3.22519e-11 0.177316)
(5.91293e-11 -2.34571e-11 0.236286)
(3.64238e-11 -1.11142e-11 0.294523)
(3.01863e-11 -9.50898e-13 0.323693)
(2.48647e-11 5.25611e-12 0.323693)
(1.98194e-11 8.63302e-12 0.294524)
(-4.8738e-12 6.00416e-12 0.236286)
(5.36328e-11 -2.17442e-11 0.265659)
(3.36149e-11 -8.4026e-12 0.323693)
(2.97658e-11 -6.95398e-13 0.352761)
(2.37363e-11 3.96751e-12 0.352761)
(1.94555e-11 4.62843e-12 0.323693)
(-5.38663e-12 -1.08373e-12 0.265659)
(6.31697e-11 -1.902e-11 0.265659)
(3.83734e-11 -5.33499e-12 0.323693)
(3.28518e-11 7.74199e-13 0.352761)
(2.56254e-11 2.84093e-12 0.352761)
(2.07346e-11 1.43796e-12 0.323693)
(-2.80106e-12 -7.81386e-12 0.26566)
(7.21394e-11 -2.60825e-11 0.236286)
(4.48648e-11 -5.52915e-12 0.294524)
(3.81192e-11 1.94141e-12 0.323693)
(2.91089e-11 2.57138e-12 0.323693)
(2.46658e-11 -3.14397e-12 0.294524)
(1.81087e-12 -1.61063e-11 0.236287)
(1.20371e-10 -5.01084e-11 0.177316)
(6.46173e-11 -2.95793e-11 0.236286)
(4.9193e-11 -1.53883e-11 0.265659)
(3.74081e-11 -1.6551e-11 0.26566)
(3.35596e-11 -3.03357e-11 0.236287)
(3.85702e-12 -4.18944e-11 0.177316)
(1.02054e-11 -1.39592e-11 0.177315)
(9.74003e-12 -4.38079e-12 0.236286)
(1.17881e-11 1.04003e-12 0.265659)
(1.04178e-11 6.50685e-12 0.265659)
(1.03653e-11 1.07296e-11 0.236286)
(-5.1881e-12 1.19444e-11 0.177316)
(1.91473e-11 2.55878e-12 0.236286)
(1.12252e-11 4.42045e-12 0.294523)
(1.19035e-11 8.01589e-12 0.323693)
(1.08375e-11 1.05824e-11 0.323693)
(1.21849e-11 1.18405e-11 0.294524)
(-9.56112e-13 1.10666e-11 0.236286)
(1.98425e-11 1.98147e-11 0.265659)
(8.03908e-12 1.84238e-11 0.323693)
(9.22102e-12 1.88487e-11 0.352761)
(9.12293e-12 1.86948e-11 0.352761)
(1.17953e-11 1.74522e-11 0.323693)
(-8.13382e-13 1.23357e-11 0.265659)
(1.19343e-11 3.38465e-11 0.265659)
(3.82257e-12 3.11891e-11 0.323693)
(6.12276e-12 2.83265e-11 0.352761)
(6.2887e-12 2.45973e-11 0.352761)
(1.02841e-11 1.92285e-11 0.323693)
(1.18921e-12 1.23421e-11 0.26566)
(5.01847e-12 5.48385e-11 0.236286)
(-2.69033e-12 4.39634e-11 0.294524)
(6.5771e-13 3.75988e-11 0.323693)
(2.09866e-12 3.03942e-11 0.323693)
(7.50044e-12 2.22522e-11 0.294524)
(3.68322e-12 1.29631e-11 0.236287)
(-3.66879e-11 5.48347e-11 0.177316)
(-2.45173e-11 4.33794e-11 0.236286)
(-1.17256e-11 3.26083e-11 0.265659)
(-5.77924e-12 2.36971e-11 0.26566)
(6.6304e-13 1.48278e-11 0.236287)
(-2.70085e-12 5.79756e-12 0.177316)
(2.97742e-11 3.70578e-11 0.177315)
(2.77294e-11 2.76816e-11 0.236286)
(2.05199e-11 3.22612e-11 0.265659)
(1.08745e-11 3.34085e-11 0.265659)
(1.11044e-12 3.41282e-11 0.236286)
(-1.47563e-11 2.93777e-11 0.177316)
(4.72897e-11 9.66858e-14 0.236286)
(3.45686e-11 5.66939e-12 0.294523)
(2.4284e-11 1.27381e-11 0.323693)
(1.08374e-11 1.62478e-11 0.323693)
(-4.62359e-13 1.59993e-11 0.294524)
(-1.92438e-11 1.02965e-11 0.236286)
(5.10532e-11 -1.4182e-11 0.265659)
(3.62187e-11 -4.51045e-12 0.323693)
(2.47247e-11 3.35865e-12 0.352761)
(1.12428e-11 6.60722e-12 0.352761)
(-6.82221e-13 5.5982e-12 0.323693)
(-2.09397e-11 9.83186e-13 0.265659)
(5.93872e-11 -2.78612e-11 0.265659)
(3.88617e-11 -1.49188e-11 0.323693)
(2.77954e-11 -7.0289e-12 0.352761)
(1.33931e-11 -4.02648e-12 0.352761)
(1.22655e-12 -5.3018e-12 0.323693)
(-1.87583e-11 -9.19746e-12 0.26566)
(5.94438e-11 -4.76156e-11 0.236286)
(4.07291e-11 -2.71274e-11 0.294524)
(3.09147e-11 -1.65391e-11 0.323693)
(1.67375e-11 -1.44466e-11 0.323693)
(5.74907e-12 -1.54596e-11 0.294524)
(-1.45657e-11 -1.65019e-11 0.236287)
(9.81343e-11 -6.57948e-11 0.177316)
(5.17477e-11 -4.68275e-11 0.236286)
(3.60072e-11 -3.16932e-11 0.265659)
(2.09819e-11 -2.95118e-11 0.26566)
(1.0766e-11 -3.02912e-11 0.236287)
(-1.03812e-11 -2.54119e-11 0.177316)
(-1.99761e-11 -6.80483e-12 0.177315)
(-1.86745e-11 1.0093e-11 0.236286)
(-1.50463e-11 9.56444e-12 0.265659)
(-1.51655e-11 8.55649e-12 0.265659)
(-1.30283e-11 5.13509e-12 0.236286)
(-8.10467e-12 4.323e-13 0.177316)
(-2.25998e-11 2.45365e-11 0.236286)
(-1.43326e-11 2.30016e-11 0.294523)
(-1.23378e-11 2.04988e-11 0.323693)
(-1.3628e-11 1.85044e-11 0.323693)
(-1.23688e-11 1.53099e-11 0.294524)
(-9.33739e-12 1.13355e-11 0.236286)
(-1.71233e-11 3.13057e-11 0.265659)
(-1.30427e-11 2.71809e-11 0.323693)
(-1.27961e-11 2.50144e-11 0.352761)
(-1.4407e-11 2.2924e-11 0.352761)
(-1.33179e-11 2.03803e-11 0.323693)
(-1.08174e-11 1.7448e-11 0.265659)
(-2.62354e-11 3.46633e-11 0.265659)
(-1.75872e-11 2.85595e-11 0.323693)
(-1.67296e-11 2.67359e-11 0.352761)
(-1.7005e-11 2.40003e-11 0.352761)
(-1.47708e-11 2.2113e-11 0.323693)
(-9.58916e-12 2.07529e-11 0.26566)
(-3.78368e-11 4.6164e-11 0.236286)
(-2.85135e-11 3.20538e-11 0.294524)
(-2.43715e-11 2.69105e-11 0.323693)
(-2.18878e-11 2.47295e-11 0.323693)
(-1.80363e-11 2.39964e-11 0.294524)
(-4.49384e-12 2.3883e-11 0.236287)
(-8.17944e-11 6.72064e-11 0.177316)
(-5.51743e-11 4.94719e-11 0.236286)
(-4.00453e-11 3.96745e-11 0.265659)
(-3.22299e-11 3.61418e-11 0.26566)
(-2.4571e-11 3.75234e-11 0.236287)
(-1.66035e-12 3.55443e-11 0.177316)
(2.88213e-11 1.32075e-11 0.177315)
(2.48405e-11 1.00269e-11 0.236286)
(1.50296e-11 1.68812e-11 0.265659)
(4.71722e-12 1.79834e-11 0.265659)
(-4.26994e-12 1.77907e-11 0.236286)
(-5.19928e-12 1.18338e-11 0.177316)
(4.01032e-11 -9.33964e-12 0.236286)
(2.80374e-11 4.5288e-13 0.294523)
(1.65807e-11 6.87811e-12 0.323693)
(4.11846e-12 8.29206e-12 0.323693)
(-7.591e-12 6.4318e-12 0.294524)
(-1.10634e-11 1.53767e-12 0.236286)
(4.06556e-11 -1.91778e-11 0.265659)
(2.96685e-11 -9.43359e-12 0.323693)
(1.85235e-11 -3.40216e-12 0.352761)
(4.78184e-12 -1.12625e-12 0.352761)
(-7.45839e-12 -1.61703e-12 0.323693)
(-1.24576e-11 -5.65081e-12 0.265659)
(4.68593e-11 -2.96754e-11 0.265659)
(3.11351e-11 -2.06195e-11 0.323693)
(1.97564e-11 -1.4027e-11 0.352761)
(6.81302e-12 -1.07972e-11 0.352761)
(-5.03297e-12 -1.0603e-11 0.323693)
(-9.50317e-12 -1.14504e-11 0.26566)
(4.78474e-11 -4.47612e-11 0.236286)
(3.15441e-11 -3.30915e-11 0.294524)
(2.11674e-11 -2.51209e-11 0.323693)
(1.03954e-11 -2.17741e-11 0.323693)
(-2.91845e-13 -1.94744e-11 0.294524)
(-3.6285e-12 -1.87163e-11 0.236287)
(7.7942e-11 -4.77474e-11 0.177316)
(4.05203e-11 -3.83824e-11 0.236286)
(2.63833e-11 -2.78475e-11 0.265659)
(1.5374e-11 -2.40936e-11 0.26566)
(7.79575e-12 -2.30836e-11 0.236287)
(5.28897e-12 -1.69984e-11 0.177316)
(-2.25167e-11 -2.36251e-11 0.177315)
(-2.0855e-11 -9.95978e-12 0.236286)
(-1.94952e-11 -8.73198e-12 0.265659)
(-1.93108e-11 -9.16472e-12 0.265659)
(-1.6112e-11 -1.29325e-11 0.236286)
(3.97103e-13 -1.50746e-11 0.177316)
(-2.45051e-11 1.42263e-11 0.236286)
(-1.80254e-11 1.21831e-11 0.294523)
(-1.80805e-11 1.06117e-11 0.323693)
(-1.85306e-11 7.54005e-12 0.323693)
(-1.73738e-11 4.59599e-12 0.294524)
(-1.50651e-12 2.45862e-12 0.236286)
(-2.04223e-11 2.57119e-11 0.265659)
(-1.76774e-11 2.02358e-11 0.323693)
(-1.89213e-11 1.62183e-11 0.352761)
(-1.98698e-11 1.39987e-11 0.352761)
(-1.79054e-11 1.17411e-11 0.323693)
(-1.95178e-12 1.09757e-11 0.265659)
(-3.17005e-11 3.48955e-11 0.265659)
(-2.5165e-11 2.51281e-11 0.323693)
(-2.37737e-11 2.09306e-11 0.352761)
(-2.20423e-11 1.85592e-11 0.352761)
(-1.90453e-11 1.80633e-11 0.323693)
(-1.20636e-12 1.88678e-11 0.26566)
(-4.08371e-11 5.18979e-11 0.236286)
(-3.54727e-11 3.14787e-11 0.294524)
(-3.14938e-11 2.33512e-11 0.323693)
(-2.76726e-11 2.09168e-11 0.323693)
(-2.15171e-11 2.19107e-11 0.294524)
(4.53283e-12 2.32925e-11 0.236287)
(-9.55801e-11 8.26207e-11 0.177316)
(-6.23749e-11 5.84751e-11 0.236286)
(-4.72143e-11 4.49564e-11 0.265659)
(-3.59464e-11 4.10236e-11 0.26566)
(-2.78102e-11 4.44043e-11 0.236287)
(6.59021e-12 4.48741e-11 0.177316)
(-8.45204e-12 1.53917e-11 0.177315)
(-9.15845e-12 8.91424e-12 0.236286)
(-1.59063e-11 8.47907e-12 0.265659)
(-2.03733e-11 5.5466e-12 0.265659)
(-2.36508e-11 1.74717e-12 0.236286)
(-1.02321e-11 -2.49298e-12 0.177316)
(-8.98749e-12 3.93723e-12 0.236286)
(-8.17428e-12 5.12337e-12 0.294523)
(-1.53171e-11 5.95404e-12 0.323693)
(-2.20088e-11 4.83092e-12 0.323693)
(-2.84374e-11 1.07217e-12 0.294524)
(-1.91823e-11 -3.21832e-12 0.236286)
(-7.14446e-12 -1.06929e-11 0.265659)
(-6.39109e-12 -5.48767e-12 0.323693)
(-1.39007e-11 -2.56893e-12 0.352761)
(-2.18603e-11 -1.78453e-12 0.352761)
(-2.82693e-11 -2.17957e-12 0.323693)
(-2.01601e-11 -3.8441e-12 0.265659)
(-1.17077e-12 -2.27597e-11 0.265659)
(-5.59931e-12 -1.59391e-11 0.323693)
(-1.34209e-11 -1.12548e-11 0.352761)
(-2.02321e-11 -7.67024e-12 0.352761)
(-2.69604e-11 -5.4059e-12 0.323693)
(-1.79422e-11 -4.23034e-12 0.26566)
(-5.63427e-13 -4.16343e-11 0.236286)
(-5.13694e-12 -2.98233e-11 0.294524)
(-1.20603e-11 -2.17205e-11 0.323693)
(-1.7682e-11 -1.5872e-11 0.323693)
(-2.30707e-11 -1.02036e-11 0.294524)
(-1.14623e-11 -6.4107e-12 0.236287)
(3.50552e-11 -2.63113e-11 0.177316)
(5.36358e-12 -2.06612e-11 0.236286)
(-6.28226e-12 -1.15097e-11 0.265659)
(-1.25509e-11 -5.72569e-12 0.26566)
(-1.70908e-11 6.63268e-13 0.236287)
(-1.2782e-12 6.89339e-12 0.177316)
(-5.6665e-11 -2.82187e-11 0.177315)
(-5.12714e-11 -1.38473e-11 0.236286)
(-4.48137e-11 -1.91487e-11 0.265659)
(-3.49046e-11 -2.07672e-11 0.265659)
(-2.4069e-11 -2.40731e-11 0.236286)
(5.92818e-12 -2.14829e-11 0.177316)
(-8.04887e-11 2.26148e-11 0.236286)
(-5.70476e-11 1.58121e-11 0.294523)
(-4.85984e-11 8.18788e-12 0.323693)
(-3.87259e-11 2.80137e-12 0.323693)
(-2.83258e-11 -8.54572e-13 0.294524)
(-9.11272e-14 2.59317e-13 0.236286)
(-7.94699e-11 3.23021e-11 0.265659)
(-5.7425e-11 2.39261e-11 0.323693)
(-5.09576e-11 1.80075e-11 0.352761)
(-4.08942e-11 1.35442e-11 0.352761)
(-3.01224e-11 1.17566e-11 0.323693)
(-2.76294e-12 1.21709e-11 0.265659)
(-8.80414e-11 4.24014e-11 0.265659)
(-6.32939e-11 3.13544e-11 0.323693)
(-5.59521e-11 2.57415e-11 0.352761)
(-4.47827e-11 2.36213e-11 0.352761)
(-3.38758e-11 2.28096e-11 0.323693)
(-4.19414e-12 2.27496e-11 0.26566)
(-9.15095e-11 5.68256e-11 0.236286)
(-7.1443e-11 3.66573e-11 0.294524)
(-6.29878e-11 2.95668e-11 0.323693)
(-5.09575e-11 2.78878e-11 0.323693)
(-3.85625e-11 2.95135e-11 0.294524)
(-1.74028e-12 2.99127e-11 0.236287)
(-1.23603e-10 1.11022e-10 0.177316)
(-8.84431e-11 7.64899e-11 0.236286)
(-7.37417e-11 6.20117e-11 0.265659)
(-5.85017e-11 5.6394e-11 0.26566)
(-4.36317e-11 5.66442e-11 0.236287)
(4.30728e-12 4.95713e-11 0.177316)
(1.77827e-11 6.31005e-12 0.177315)
(1.88852e-11 -2.50505e-12 0.236286)
(2.25603e-11 -2.05773e-12 0.265659)
(2.7914e-11 1.2868e-12 0.265659)
(3.06088e-11 9.65558e-12 0.236286)
(2.90919e-11 1.50428e-11 0.177316)
(1.37648e-11 1.4112e-12 0.236286)
(8.59147e-12 5.46036e-12 0.294523)
(1.31548e-11 6.56856e-12 0.323693)
(1.90156e-11 8.03338e-12 0.323693)
(2.22769e-11 1.20961e-11 0.294524)
(2.8524e-11 1.64791e-11 0.236286)
(3.90013e-12 1.36218e-11 0.265659)
(4.34546e-12 1.55166e-11 0.323693)
(9.21651e-12 1.54982e-11 0.352761)
(1.46915e-11 1.48128e-11 0.352761)
(1.7224e-11 1.48666e-11 0.323693)
(2.33978e-11 1.58019e-11 0.265659)
(1.32961e-11 3.05349e-11 0.265659)
(5.63601e-12 2.81684e-11 0.323693)
(7.68504e-12 2.56749e-11 0.352761)
(1.18401e-11 2.33386e-11 0.352761)
(1.29196e-11 2.13661e-11 0.323693)
(1.9525e-11 1.67828e-11 0.26566)
(1.24662e-11 3.26461e-11 0.236286)
(8.86329e-12 3.23873e-11 0.294524)
(8.81254e-12 2.97271e-11 0.323693)
(1.10702e-11 2.61332e-11 0.323693)
(1.071e-11 2.20727e-11 0.294524)
(1.44398e-11 1.43619e-11 0.236287)
(7.6703e-11 8.45295e-11 0.177316)
(3.51619e-11 6.25331e-11 0.236286)
(2.28002e-11 5.14142e-11 0.265659)
(1.89512e-11 4.02968e-11 0.26566)
(1.55897e-11 3.2978e-11 0.236287)
(1.57095e-11 2.19066e-11 0.177316)
(1.60791e-11 -5.01002e-11 0.177315)
(3.28096e-11 -4.12147e-11 0.236286)
(4.74343e-11 -3.13551e-11 0.265659)
(5.35496e-11 -1.81232e-11 0.265659)
(5.28486e-11 -2.75214e-12 0.236286)
(3.03591e-11 4.91992e-12 0.177316)
(6.16787e-12 -3.05459e-11 0.236286)
(2.42294e-11 -2.63834e-11 0.294523)
(4.15641e-11 -2.03179e-11 0.323693)
(5.16983e-11 -1.24956e-11 0.323693)
(5.63665e-11 -2.54027e-12 0.294524)
(4.60608e-11 4.44583e-12 0.236286)
(-1.78934e-13 -5.90262e-12 0.265659)
(1.7294e-11 -3.62918e-12 0.323693)
(3.68591e-11 -3.12656e-12 0.352761)
(4.93493e-11 -1.3285e-12 0.352761)
(5.58856e-11 1.8639e-12 0.323693)
(4.9777e-11 2.54711e-12 0.265659)
(-5.92444e-12 1.75364e-11 0.265659)
(1.51196e-11 1.98627e-11 0.323693)
(3.40246e-11 1.65243e-11 0.352761)
(4.86145e-11 1.25011e-11 0.352761)
(5.50108e-11 7.92869e-12 0.323693)
(5.1002e-11 2.05632e-12 0.26566)
(1.74831e-11 4.83481e-11 0.236286)
(2.01443e-11 4.53905e-11 0.294524)
(3.60788e-11 3.46616e-11 0.323693)
(4.7733e-11 2.4187e-11 0.323693)
(5.48617e-11 1.12672e-11 0.294524)
(4.89802e-11 -1.47161e-12 0.236287)
(-2.64845e-11 1.24383e-12 0.177316)
(1.44995e-11 2.70353e-11 0.236286)
(3.60515e-11 2.36817e-11 0.265659)
(4.81333e-11 1.49401e-11 0.26566)
(5.30433e-11 -4.3498e-15 0.236287)
(3.83398e-11 -1.21414e-11 0.177316)
(3.93923e-11 -3.04309e-12 0.177315)
(4.95748e-11 -2.48993e-11 0.236286)
(4.45025e-11 -2.40927e-11 0.265659)
(3.51126e-11 -2.49056e-11 0.265659)
(1.95279e-11 -2.95045e-11 0.236286)
(9.02196e-12 -3.56285e-11 0.177316)
(5.60187e-11 -2.34346e-11 0.236286)
(4.82128e-11 -2.66035e-11 0.294523)
(4.29661e-11 -2.33322e-11 0.323693)
(3.54426e-11 -2.13081e-11 0.323693)
(2.62094e-11 -2.00119e-11 0.294524)
(1.68102e-11 -2.23061e-11 0.236286)
(4.9029e-11 -2.18444e-11 0.265659)
(3.96996e-11 -2.05626e-11 0.323693)
(3.73376e-11 -1.98166e-11 0.352761)
(3.29173e-11 -1.9699e-11 0.352761)
(2.70521e-11 -2.04234e-11 0.323693)
(2.03752e-11 -2.30247e-11 0.265659)
(4.85376e-11 -1.47149e-11 0.265659)
(3.63473e-11 -1.44683e-11 0.323693)
(3.48517e-11 -1.47631e-11 0.352761)
(3.26195e-11 -1.69282e-11 0.352761)
(2.89676e-11 -2.01632e-11 0.323693)
(2.28287e-11 -2.36251e-11 0.26566)
(2.29266e-11 -1.94424e-11 0.236286)
(3.24056e-11 -1.03952e-11 0.294524)
(3.65237e-11 -8.71208e-12 0.323693)
(3.45377e-11 -1.29527e-11 0.323693)
(3.17145e-11 -1.93794e-11 0.294524)
(2.41652e-11 -2.26841e-11 0.236287)
(8.59666e-11 -2.65609e-12 0.177316)
(4.48485e-11 -1.05637e-11 0.236286)
(4.02653e-11 -7.59351e-12 0.265659)
(3.52361e-11 -1.29024e-11 0.26566)
(2.92545e-11 -1.79786e-11 0.236287)
(1.47657e-11 -1.5654e-11 0.177316)
(-1.17673e-11 -1.0074e-11 0.177315)
(-1.28442e-11 -9.07137e-13 0.236286)
(-8.68664e-12 -1.00861e-12 0.265659)
(-8.4818e-12 -5.63742e-13 0.265659)
(-8.73578e-12 1.68364e-12 0.236286)
(-1.78496e-11 6.27264e-12 0.177316)
(-2.27881e-12 -5.114e-12 0.236286)
(-8.26583e-14 -7.29493e-12 0.294523)
(1.52966e-12 -7.27957e-12 0.323693)
(1.32322e-12 -5.61223e-12 0.323693)
(2.22107e-13 -4.61121e-12 0.294524)
(-1.32123e-11 -2.13488e-12 0.236286)
(5.04198e-12 -6.99546e-12 0.265659)
(2.09234e-12 -8.4799e-12 0.323693)
(3.23274e-12 -8.0661e-12 0.352761)
(4.69666e-12 -7.17264e-12 0.352761)
(5.39959e-12 -5.65751e-12 0.323693)
(-4.76794e-12 -3.86116e-12 0.265659)
(-2.19432e-12 -8.84317e-12 0.265659)
(-5.80167e-14 -7.44922e-12 0.323693)
(2.70393e-12 -6.73288e-12 0.352761)
(5.32884e-12 -6.76483e-12 0.352761)
(7.92769e-12 -7.64379e-12 0.323693)
(7.38754e-13 -4.90102e-12 0.26566)
(1.3429e-11 4.55922e-12 0.236286)
(-2.35008e-12 -5.98811e-13 0.294524)
(3.32849e-14 -3.8319e-12 0.323693)
(4.30697e-12 -6.22434e-12 0.323693)
(7.62433e-12 -8.30177e-12 0.294524)
(5.14169e-12 -5.19007e-12 0.236287)
(-5.69236e-11 -3.05444e-11 0.177316)
(-2.877e-11 -2.17858e-11 0.236286)
(-1.45985e-11 -2.26261e-11 0.265659)
(-5.42661e-12 -2.35387e-11 0.26566)
(-1.35812e-13 -2.82901e-11 0.236287)
(7.59087e-13 -2.80694e-11 0.177316)
(-5.02251e-12 2.60057e-11 0.177315)
(-5.01136e-12 1.07635e-11 0.236286)
(-9.15171e-12 8.37582e-13 0.265659)
(-1.45013e-11 -8.44268e-12 0.265659)
(-1.84341e-11 -2.1887e-11 0.236286)
(-1.0073e-11 -2.84593e-11 0.177316)
(3.35393e-12 1.20731e-11 0.236286)
(4.12498e-13 4.46771e-12 0.294523)
(-4.86484e-12 -1.45245e-12 0.323693)
(-1.20254e-11 -6.62522e-12 0.323693)
(-1.78671e-11 -1.27635e-11 0.294524)
(-1.40556e-11 -1.62956e-11 0.236286)
(6.58578e-12 -1.21075e-12 0.265659)
(1.89512e-12 -5.39585e-12 0.323693)
(-4.95836e-12 -7.74816e-12 0.352761)
(-1.08841e-11 -1.06173e-11 0.352761)
(-1.62392e-11 -1.24804e-11 0.323693)
(-1.42121e-11 -1.30627e-11 0.265659)
(9.50666e-12 -1.03333e-11 0.265659)
(5.93762e-14 -1.43182e-11 0.323693)
(-6.72703e-12 -1.41576e-11 0.352761)
(-1.14047e-11 -1.40249e-11 0.352761)
(-1.54276e-11 -1.37151e-11 0.323693)
(-1.32841e-11 -1.06806e-11 0.26566)
(-1.8911e-11 -2.94916e-11 0.236286)
(-8.6212e-12 -2.60497e-11 0.294524)
(-9.20727e-12 -2.00601e-11 0.323693)
(-1.34889e-11 -1.72054e-11 0.323693)
(-1.57253e-11 -1.29256e-11 0.294524)
(-1.38431e-11 -6.42704e-12 0.236287)
(4.1332e-11 3.80005e-12 0.177316)
(-4.39704e-13 -1.6341e-11 0.236286)
(-1.00495e-11 -1.40169e-11 0.265659)
(-1.58637e-11 -1.32788e-11 0.26566)
(-1.86392e-11 -8.77899e-12 0.236287)
(-1.38932e-11 -6.06282e-13 0.177316)
(-5.40884e-11 3.50229e-12 0.177315)
(-5.6143e-11 2.3574e-11 0.236286)
(-5.03754e-11 2.01532e-11 0.265659)
(-4.32065e-11 1.65185e-11 0.265659)
(-3.26346e-11 1.31583e-11 0.236286)
(-2.25654e-11 1.36006e-11 0.177316)
(-6.80813e-11 2.84448e-11 0.236286)
(-4.94441e-11 2.66523e-11 0.294523)
(-4.34946e-11 2.14485e-11 0.323693)
(-3.83426e-11 1.80599e-11 0.323693)
(-3.28817e-11 1.59276e-11 0.294524)
(-2.73805e-11 1.73845e-11 0.236286)
(-5.74031e-11 2.20961e-11 0.265659)
(-4.10008e-11 1.94772e-11 0.323693)
(-3.69732e-11 1.78153e-11 0.352761)
(-3.41029e-11 1.8277e-11 0.352761)
(-3.07474e-11 1.97174e-11 0.323693)
(-2.63016e-11 2.33587e-11 0.265659)
(-5.90048e-11 1.23289e-11 0.265659)
(-3.86878e-11 1.2385e-11 0.323693)
(-3.51323e-11 1.3469e-11 0.352761)
(-3.2502e-11 1.66976e-11 0.352761)
(-3.07633e-11 2.27633e-11 0.323693)
(-2.5143e-11 2.92955e-11 0.26566)
(-3.45747e-11 1.74089e-11 0.236286)
(-3.69027e-11 9.39462e-12 0.294524)
(-3.60215e-11 9.79437e-12 0.323693)
(-3.34971e-11 1.49063e-11 0.323693)
(-3.17442e-11 2.35722e-11 0.294524)
(-1.7496e-11 3.21509e-11 0.236287)
(-9.7477e-11 8.37227e-13 0.177316)
(-5.35035e-11 9.50562e-12 0.236286)
(-4.28969e-11 1.12713e-11 0.265659)
(-3.58591e-11 1.99709e-11 0.26566)
(-3.15675e-11 3.55408e-11 0.236287)
(-7.47479e-12 4.11237e-11 0.177316)
(1.43608e-13 5.18871e-12 0.177315)
(-7.12791e-12 3.42169e-12 0.236286)
(-1.70993e-11 6.30753e-13 0.265659)
(-2.15722e-11 -6.74817e-12 0.265659)
(-2.36005e-11 -2.0182e-11 0.236286)
(-2.98722e-12 -3.11278e-11 0.177316)
(-6.10802e-12 8.34102e-12 0.236286)
(-1.31467e-11 1.01549e-11 0.294523)
(-2.19968e-11 6.41052e-12 0.323693)
(-2.69678e-11 6.81422e-13 0.323693)
(-3.03901e-11 -6.2825e-12 0.294524)
(-1.2536e-11 -1.24337e-11 0.236286)
(-8.35404e-12 3.83336e-12 0.265659)
(-1.31527e-11 3.54008e-12 0.323693)
(-2.2201e-11 7.73939e-13 0.352761)
(-2.80227e-11 -2.2807e-12 0.352761)
(-3.16306e-11 -4.83499e-12 0.323693)
(-1.54617e-11 -8.44117e-12 0.265659)
(-7.55012e-12 1.14634e-13 0.265659)
(-1.47808e-11 -5.19913e-12 0.323693)
(-2.35884e-11 -6.87425e-12 0.352761)
(-2.82556e-11 -6.31792e-12 0.352761)
(-3.24638e-11 -4.3729e-12 0.323693)
(-1.49618e-11 -5.41601e-12 0.26566)
(-2.98162e-11 -1.54775e-11 0.236286)
(-2.0051e-11 -1.84031e-11 0.294524)
(-2.49072e-11 -1.60102e-11 0.323693)
(-2.80963e-11 -1.24886e-11 0.323693)
(-3.00553e-11 -6.66826e-12 0.294524)
(-8.39437e-12 -6.27879e-12 0.236287)
(1.39964e-11 2.66038e-11 0.177316)
(-1.13408e-11 5.30084e-12 0.236286)
(-2.06284e-11 3.25676e-12 0.265659)
(-2.43279e-11 4.03537e-12 0.26566)
(-2.30935e-11 8.75977e-12 0.236287)
(5.04246e-12 1.04758e-11 0.177316)
(-3.62569e-11 -2.53404e-11 0.177315)
(-4.07698e-11 -6.36325e-12 0.236286)
(-4.21451e-11 -3.51641e-12 0.265659)
(-3.87637e-11 -4.93532e-12 0.265659)
(-3.23977e-11 -9.26727e-12 0.236286)
(-1.03309e-11 -1.29338e-11 0.177316)
(-4.96196e-11 2.96922e-12 0.236286)
(-4.34241e-11 6.42499e-12 0.294523)
(-4.49807e-11 4.9189e-12 0.323693)
(-4.08561e-11 2.08235e-12 0.323693)
(-3.68876e-11 -1.6326e-12 0.294524)
(-1.69111e-11 -4.02442e-12 0.236286)
(-4.84219e-11 4.55674e-12 0.265659)
(-4.20445e-11 4.44264e-12 0.323693)
(-4.33915e-11 2.7494e-12 0.352761)
(-4.05027e-11 1.1544e-12 0.352761)
(-3.69596e-11 -3.60489e-13 0.323693)
(-1.38333e-11 -9.6124e-13 0.265659)
(-5.68023e-11 3.49705e-12 0.265659)
(-4.45359e-11 2.1184e-12 0.323693)
(-4.46918e-11 -2.0888e-13 0.352761)
(-4.03649e-11 -1.48228e-13 0.352761)
(-3.58689e-11 1.07727e-12 0.323693)
(-9.63057e-12 1.58243e-12 0.26566)
(-4.05182e-11 1.3863e-11 0.236286)
(-4.54449e-11 9.465e-13 0.294524)
(-4.74618e-11 -5.48003e-12 0.323693)
(-4.05219e-11 -5.29072e-12 0.323693)
(-3.20456e-11 -2.89836e-12 0.294524)
(4.40664e-12 -1.71722e-12 0.236287)
(-1.19608e-10 9.20858e-12 0.177316)
(-6.69323e-11 1.26456e-11 0.236286)
(-5.47118e-11 5.12134e-12 0.265659)
(-4.01751e-11 5.73745e-12 0.26566)
(-2.71282e-11 4.86969e-12 0.236287)
(1.71095e-11 5.20349e-12 0.177316)
(-1.55105e-11 -9.74702e-12 0.177315)
(-1.58953e-11 -1.66064e-11 0.236286)
(-2.51146e-11 -1.93346e-11 0.265659)
(-2.79221e-11 -2.69029e-11 0.265659)
(-3.04128e-11 -4.30945e-11 0.236286)
(1.18604e-11 -5.6314e-11 0.177316)
(-2.22552e-11 2.86459e-13 0.236286)
(-2.39734e-11 -5.38767e-13 0.294523)
(-3.32965e-11 -3.93647e-12 0.323693)
(-3.64755e-11 -9.75347e-12 0.323693)
(-3.91235e-11 -1.78774e-11 0.294524)
(1.02927e-12 -2.37397e-11 0.236286)
(-2.55333e-11 -2.90383e-12 0.265659)
(-2.79428e-11 -3.55913e-12 0.323693)
(-3.70823e-11 -6.16745e-12 0.352761)
(-4.03605e-11 -1.01718e-11 0.352761)
(-4.11657e-11 -1.44189e-11 0.323693)
(-4.90665e-13 -1.74757e-11 0.265659)
(-2.84569e-11 -3.68199e-12 0.265659)
(-3.10292e-11 -7.44448e-12 0.323693)
(-3.9675e-11 -9.91557e-12 0.352761)
(-4.1577e-11 -1.08907e-11 0.352761)
(-4.09909e-11 -1.04444e-11 0.323693)
(9.59969e-13 -1.13467e-11 0.26566)
(-4.87757e-11 -1.51596e-11 0.236286)
(-3.54878e-11 -1.78422e-11 0.294524)
(-4.00765e-11 -1.8187e-11 0.323693)
(-3.91186e-11 -1.66783e-11 0.323693)
(-3.60357e-11 -1.27839e-11 0.294524)
(9.7839e-12 -9.96096e-12 0.236287)
(-2.47844e-11 4.14399e-11 0.177316)
(-2.99453e-11 2.43844e-11 0.236286)
(-3.49657e-11 2.04069e-11 0.265659)
(-3.25595e-11 1.92399e-11 0.26566)
(-2.82713e-11 2.45001e-11 0.236287)
(2.28003e-11 3.22284e-11 0.177316)
(-7.985e-11 -3.86465e-11 0.177315)
(-8.08819e-11 -2.74326e-11 0.236286)
(-7.69156e-11 -3.0989e-11 0.265659)
(-6.15268e-11 -3.20368e-11 0.265659)
(-4.40384e-11 -3.58116e-11 0.236286)
(-1.11393e-11 -3.21954e-11 0.177316)
(-1.14625e-10 -2.54745e-12 0.236286)
(-9.19596e-11 -5.29761e-12 0.294523)
(-8.30497e-11 -1.03146e-11 0.323693)
(-6.49147e-11 -1.36599e-11 0.323693)
(-4.82946e-11 -1.62827e-11 0.294524)
(-1.72099e-11 -1.58056e-11 0.236286)
(-1.16267e-10 -3.83399e-12 0.265659)
(-9.14192e-11 -3.62916e-12 0.323693)
(-8.24944e-11 -4.18997e-12 0.352761)
(-6.38016e-11 -4.02872e-12 0.352761)
(-4.76635e-11 -4.46633e-12 0.323693)
(-1.57193e-11 -3.12428e-12 0.265659)
(-1.23116e-10 -2.66656e-12 0.265659)
(-9.19447e-11 2.34099e-12 0.323693)
(-8.12827e-11 4.94513e-12 0.352761)
(-6.24513e-11 7.13887e-12 0.352761)
(-4.54926e-11 9.96529e-12 0.323693)
(-9.87424e-12 1.18887e-11 0.26566)
(-1.02153e-10 4.91207e-12 0.236286)
(-8.74439e-11 5.07034e-12 0.294524)
(-7.78731e-11 6.01113e-12 0.323693)
(-5.8024e-11 1.1572e-11 0.323693)
(-4.07089e-11 1.66591e-11 0.294524)
(5.30726e-12 1.80551e-11 0.236287)
(-1.62239e-10 2.31256e-11 0.177316)
(-9.38541e-11 4.13866e-11 0.236286)
(-7.41022e-11 4.16614e-11 0.265659)
(-5.09065e-11 4.67811e-11 0.26566)
(-3.35516e-11 5.46707e-11 0.236287)
(2.17055e-11 5.36267e-11 0.177316)
(3.85124e-11 -7.39276e-11 0.177315)
(5.28243e-11 -7.94677e-11 0.236286)
(5.43219e-11 -6.89044e-11 0.265659)
(5.43651e-11 -5.75585e-11 0.265659)
(4.41615e-11 -5.3572e-11 0.236286)
(6.2905e-11 -4.90118e-11 0.177316)
(2.41256e-11 -6.53316e-11 0.236286)
(3.10513e-11 -6.13734e-11 0.294523)
(3.72012e-11 -5.50849e-11 0.323693)
(4.02904e-11 -5.09655e-11 0.323693)
(3.36155e-11 -4.92631e-11 0.294524)
(5.78e-11 -4.66858e-11 0.236286)
(2.25669e-12 -5.13426e-11 0.265659)
(1.76904e-11 -5.06787e-11 0.323693)
(2.78703e-11 -4.84409e-11 0.352761)
(3.38304e-11 -5.00359e-11 0.352761)
(2.98705e-11 -5.43382e-11 0.323693)
(5.86676e-11 -6.08801e-11 0.265659)
(-8.18133e-12 -3.66077e-11 0.265659)
(1.06887e-11 -4.03898e-11 0.323693)
(2.41459e-11 -4.06421e-11 0.352761)
(3.14557e-11 -4.60215e-11 0.352761)
(2.87051e-11 -5.41832e-11 0.323693)
(5.84425e-11 -7.35925e-11 0.26566)
(-2.09661e-11 -3.47283e-11 0.236286)
(1.22348e-11 -4.19491e-11 0.294524)
(2.84578e-11 -3.83086e-11 0.323693)
(3.57209e-11 -4.78903e-11 0.323693)
(2.94407e-11 -5.82289e-11 0.294524)
(6.34954e-11 -9.35905e-11 0.236287)
(7.5057e-12 -4.42707e-11 0.177316)
(3.008e-11 -5.99534e-11 0.236286)
(4.71066e-11 -2.23137e-11 0.265659)
(4.70995e-11 -3.57838e-11 0.26566)
(2.81708e-11 -3.1744e-11 0.236287)
(5.70636e-11 -1.089e-10 0.177316)
(-2.96141e-11 1.71976e-11 0.177315)
(-1.54731e-11 -2.85751e-12 0.236286)
(-9.19688e-12 -1.08662e-11 0.265659)
(-2.98624e-13 -1.06511e-11 0.265659)
(4.8408e-12 -6.74304e-12 0.236286)
(2.64306e-11 -7.81698e-12 0.177316)
(-3.67999e-11 1.18021e-11 0.236286)
(-2.07029e-11 -5.58991e-13 0.294523)
(-1.42003e-11 -4.29891e-12 0.323693)
(-4.41936e-12 -3.87586e-12 0.323693)
(9.75411e-13 -9.55115e-13 0.294524)
(2.53189e-11 5.33695e-12 0.236286)
(-4.05601e-11 1.49318e-11 0.265659)
(-2.6254e-11 4.43808e-12 0.323693)
(-1.90679e-11 1.15076e-12 0.352761)
(-8.60019e-12 1.15332e-12 0.352761)
(-2.45339e-12 2.9102e-12 0.323693)
(2.25372e-11 9.16611e-12 0.265659)
(-4.75665e-11 1.84201e-11 0.265659)
(-2.94636e-11 1.03519e-11 0.323693)
(-2.0121e-11 8.23963e-12 0.352761)
(-8.06879e-12 8.32287e-12 0.352761)
(-3.00277e-12 1.0542e-11 0.323693)
(1.86279e-11 1.77418e-11 0.26566)
(-2.93058e-11 3.1653e-11 0.236286)
(-2.3012e-11 1.62401e-11 0.294524)
(-1.4925e-11 9.79072e-12 0.323693)
(-1.97308e-12 1.05079e-11 0.323693)
(1.54517e-12 1.34398e-11 0.294524)
(1.93312e-11 2.68638e-11 0.236287)
(-9.12893e-11 2.61692e-11 0.177316)
(-3.35505e-11 2.42284e-11 0.236286)
(-1.32422e-11 1.84088e-11 0.265659)
(2.51143e-12 3.7681e-11 0.26566)
(6.10143e-12 4.31152e-11 0.236287)
(1.27073e-11 7.55673e-11 0.177316)
(4.64424e-12 -3.25239e-11 0.177315)
(8.20481e-12 -1.6729e-11 0.236286)
(1.10708e-11 -1.12487e-11 0.265659)
(1.36717e-11 -6.3275e-12 0.265659)
(6.9952e-12 -1.02568e-11 0.236286)
(4.05703e-11 -2.515e-11 0.177316)
(4.84085e-12 4.28239e-12 0.236286)
(9.38031e-12 4.82937e-12 0.294523)
(1.04175e-11 6.36442e-12 0.323693)
(1.11356e-11 8.32209e-12 0.323693)
(4.1778e-12 1.01567e-11 0.294524)
(4.14637e-11 1.12883e-11 0.236286)
(9.43341e-12 1.77857e-11 0.265659)
(9.62369e-12 1.45744e-11 0.323693)
(7.9124e-12 1.20628e-11 0.352761)
(6.6701e-12 1.12243e-11 0.352761)
(-4.06025e-13 1.21846e-11 0.323693)
(3.9495e-11 1.70517e-11 0.265659)
(1.1379e-11 3.38226e-11 0.265659)
(1.03331e-11 2.47806e-11 0.323693)
(5.8066e-12 1.86453e-11 0.352761)
(4.588e-12 1.53541e-11 0.352761)
(-3.71917e-12 1.57391e-11 0.323693)
(3.50997e-11 2.01706e-11 0.26566)
(5.07422e-12 4.04247e-11 0.236286)
(1.15541e-11 2.6985e-11 0.294524)
(7.5576e-12 1.72597e-11 0.323693)
(4.17715e-12 1.03005e-11 0.323693)
(-4.78849e-12 9.05019e-12 0.294524)
(3.81173e-11 1.612e-11 0.236287)
(1.38591e-12 1.00954e-10 0.177316)
(1.09145e-11 7.14818e-11 0.236286)
(4.82024e-12 5.54666e-11 0.265659)
(-2.41822e-12 4.29875e-11 0.26566)
(-9.16235e-12 4.34313e-11 0.236287)
(4.80338e-11 5.75471e-11 0.177316)
(-3.35216e-11 -7.22016e-12 0.177315)
(-2.62655e-11 -8.48358e-12 0.236286)
(-1.72709e-11 -9.05021e-12 0.265659)
(-3.67608e-12 -8.00646e-12 0.265659)
(2.30931e-12 -1.02337e-11 0.236286)
(4.13719e-11 -2.21837e-11 0.177316)
(-3.95252e-11 2.4185e-11 0.236286)
(-2.55321e-11 2.12344e-11 0.294523)
(-1.5141e-11 1.93856e-11 0.323693)
(-1.91893e-12 2.03627e-11 0.323693)
(3.20663e-12 2.29008e-11 0.294524)
(4.67463e-11 2.34546e-11 0.236286)
(-3.32127e-11 4.00599e-11 0.265659)
(-2.07462e-11 3.74008e-11 0.323693)
(-1.33661e-11 3.58604e-11 0.352761)
(-1.98981e-12 3.86e-11 0.352761)
(1.00993e-12 4.28559e-11 0.323693)
(4.49021e-11 4.88449e-11 0.265659)
(-3.36253e-11 5.78464e-11 0.265659)
(-1.7192e-11 5.70122e-11 0.323693)
(-1.01083e-11 5.55499e-11 0.352761)
(-1.14984e-12 5.97664e-11 0.352761)
(-1.63847e-12 6.70511e-11 0.323693)
(3.57285e-11 7.6572e-11 0.26566)
(-2.12326e-11 7.28233e-11 0.236286)
(-9.35783e-12 6.70377e-11 0.294524)
(-2.79085e-12 6.44151e-11 0.323693)
(3.47237e-12 7.26266e-11 0.323693)
(-8.4595e-13 8.02851e-11 0.294524)
(2.86072e-11 9.97246e-11 0.236287)
(-9.98743e-11 1.18017e-10 0.177316)
(-2.04024e-11 1.10984e-10 0.236286)
(4.27603e-12 1.12104e-10 0.265659)
(9.51225e-12 1.37388e-10 0.26566)
(4.43637e-12 1.44749e-10 0.236287)
(3.15387e-11 2.07179e-10 0.177316)
(-2.96842e-11 -4.64662e-11 0.177315)
(-2.92068e-11 -3.84779e-11 0.236286)
(-2.27088e-11 -4.03615e-11 0.265659)
(-1.1251e-11 -3.99034e-11 0.265659)
(-6.96693e-12 -4.25052e-11 0.236286)
(2.1635e-11 -4.73977e-11 0.177316)
(-4.74752e-11 -1.09786e-11 0.236286)
(-3.50452e-11 -9.88162e-12 0.294523)
(-2.42136e-11 -1.22249e-11 0.323693)
(-8.91562e-12 -1.23417e-11 0.323693)
(-2.08264e-12 -1.29097e-11 0.294524)
(2.8601e-11 -1.58709e-11 0.236286)
(-4.91442e-11 3.10712e-12 0.265659)
(-3.49878e-11 6.71353e-12 0.323693)
(-2.34151e-11 5.79618e-12 0.352761)
(-7.6596e-12 6.23614e-12 0.352761)
(-1.5997e-13 6.15514e-12 0.323693)
(3.43381e-11 3.69057e-12 0.265659)
(-5.28029e-11 1.71489e-11 0.265659)
(-3.50078e-11 2.49321e-11 0.323693)
(-2.38023e-11 2.58502e-11 0.352761)
(-8.17621e-12 2.68344e-11 0.352761)
(-8.08897e-13 2.67278e-11 0.323693)
(3.49842e-11 2.26345e-11 0.26566)
(-5.7335e-11 1.89276e-11 0.236286)
(-3.55443e-11 2.94873e-11 0.294524)
(-2.33192e-11 3.27079e-11 0.323693)
(-8.89969e-12 3.44939e-11 0.323693)
(-9.40986e-13 3.24427e-11 0.294524)
(4.14835e-11 2.54434e-11 0.236287)
(-7.40402e-11 5.45769e-11 0.177316)
(-4.35307e-11 6.08594e-11 0.236286)
(-2.67409e-11 6.70936e-11 0.265659)
(-1.27482e-11 7.13209e-11 0.26566)
(-2.23967e-12 6.60672e-11 0.236287)
(5.18346e-11 5.58479e-11 0.177316)
(-3.27231e-11 -3.5372e-11 0.177315)
(-2.40067e-11 -3.84669e-11 0.236286)
(-1.54584e-11 -4.01695e-11 0.265659)
(-2.81437e-12 -4.07226e-11 0.265659)
(4.23564e-12 -4.33668e-11 0.236286)
(4.52875e-11 -4.49862e-11 0.177316)
(-5.41272e-11 -6.6487e-12 0.236286)
(-3.46935e-11 -8.91541e-12 0.294523)
(-2.13299e-11 -1.18012e-11 0.323693)
(-3.59178e-12 -1.36887e-11 0.323693)
(5.9296e-12 -1.49023e-11 0.294524)
(4.87928e-11 -1.49051e-11 0.236286)
(-5.80042e-11 6.82052e-12 0.265659)
(-3.80656e-11 8.45322e-12 0.323693)
(-2.32565e-11 6.96198e-12 0.352761)
(-3.74368e-12 5.00163e-12 0.352761)
(7.1837e-12 3.25504e-12 0.323693)
(5.37937e-11 -1.07648e-12 0.265659)
(-6.63786e-11 2.14289e-11 0.265659)
(-4.15618e-11 2.82002e-11 0.323693)
(-2.6305e-11 2.80284e-11 0.352761)
(-6.33442e-12 2.66803e-11 0.352761)
(5.81069e-12 2.27662e-11 0.323693)
(5.53315e-11 1.36516e-11 0.26566)
(-6.53207e-11 3.26468e-11 0.236286)
(-4.38984e-11 3.76657e-11 0.294524)
(-2.98569e-11 3.79286e-11 0.323693)
(-9.39726e-12 3.62719e-11 0.323693)
(2.75003e-12 2.99272e-11 0.294524)
(5.8871e-11 1.65562e-11 0.236287)
(-1.16601e-10 6.31163e-11 0.177316)
(-5.81271e-11 7.77801e-11 0.236286)
(-3.77102e-11 8.05844e-11 0.265659)
(-1.65905e-11 8.03418e-11 0.26566)
(-2.19573e-12 7.57475e-11 0.236287)
(5.90708e-11 6.36789e-11 0.177316)
(-2.15545e-11 -4.01932e-11 0.177315)
(-1.861e-11 -3.69784e-11 0.236286)
(-1.54397e-11 -3.8097e-11 0.265659)
(-5.91252e-12 -3.70933e-11 0.265659)
(-3.29235e-12 -3.79983e-11 0.236286)
(2.41238e-11 -4.14697e-11 0.177316)
(-3.98242e-11 -1.61594e-11 0.236286)
(-2.91916e-11 -1.5524e-11 0.294523)
(-2.07935e-11 -1.60842e-11 0.323693)
(-7.52693e-12 -1.71445e-11 0.323693)
(-1.55086e-12 -1.84052e-11 0.294524)
(2.67888e-11 -1.81146e-11 0.236286)
(-4.50701e-11 -5.91016e-12 0.265659)
(-3.34197e-11 -1.07155e-12 0.323693)
(-2.31862e-11 -4.53578e-13 0.352761)
(-7.65631e-12 -1.56317e-12 0.352761)
(-1.52592e-14 -3.85426e-12 0.323693)
(3.13012e-11 -7.32039e-12 0.265659)
(-5.18223e-11 5.90281e-12 0.265659)
(-3.68543e-11 1.55658e-11 0.323693)
(-2.63282e-11 1.82328e-11 0.352761)
(-8.87211e-12 1.76035e-11 0.352761)
(2.43829e-13 1.40783e-11 0.323693)
(3.43487e-11 6.53957e-12 0.26566)
(-5.04e-11 1.36014e-11 0.236286)
(-3.76566e-11 2.26211e-11 0.294524)
(-2.83778e-11 2.51619e-11 0.323693)
(-1.06656e-11 2.41383e-11 0.323693)
(-9.85178e-13 1.90735e-11 0.294524)
(3.96412e-11 9.6255e-12 0.236287)
(-7.46094e-11 4.53633e-11 0.177316)
(-4.46971e-11 5.60563e-11 0.236286)
(-3.25804e-11 5.91118e-11 0.265659)
(-1.44677e-11 5.7766e-11 0.26566)
(-3.86901e-12 5.27097e-11 0.236287)
(4.25093e-11 4.5225e-11 0.177316)
(-2.62388e-11 -4.61074e-11 0.177315)
(-1.57256e-11 -4.84259e-11 0.236286)
(-8.9142e-12 -4.89383e-11 0.265659)
(3.33525e-12 -4.87487e-11 0.265659)
(8.84409e-12 -4.91145e-11 0.236286)
(4.68565e-11 -5.03414e-11 0.177316)
(-4.50119e-11 -1.89316e-11 0.236286)
(-2.80433e-11 -2.08957e-11 0.294523)
(-1.64335e-11 -2.18992e-11 0.323693)
(9.836e-13 -2.29439e-11 0.323693)
(1.01087e-11 -2.31597e-11 0.294524)
(5.14823e-11 -2.09029e-11 0.236286)
(-5.31504e-11 -6.24227e-12 0.265659)
(-3.47121e-11 -4.01968e-12 0.323693)
(-2.06612e-11 -4.36543e-12 0.352761)
(-7.25292e-13 -5.51656e-12 0.352761)
(1.11076e-11 -8.68267e-12 0.323693)
(5.68776e-11 -1.08434e-11 0.265659)
(-6.21254e-11 8.5585e-12 0.265659)
(-4.0338e-11 1.58026e-11 0.323693)
(-2.4971e-11 1.73841e-11 0.352761)
(-3.73341e-12 1.47707e-11 0.352761)
(1.03321e-11 1.01637e-11 0.323693)
(5.71682e-11 2.55586e-12 0.26566)
(-6.20509e-11 2.08671e-11 0.236286)
(-4.23601e-11 2.62526e-11 0.294524)
(-2.8412e-11 2.76225e-11 0.323693)
(-6.55506e-12 2.49578e-11 0.323693)
(7.66184e-12 1.77201e-11 0.294524)
(5.83112e-11 7.60316e-12 0.236287)
(-1.05974e-10 5.275e-11 0.177316)
(-5.17544e-11 6.62631e-11 0.236286)
(-3.27249e-11 6.6699e-11 0.265659)
(-1.10202e-11 6.43855e-11 0.26566)
(1.8981e-12 6.00668e-11 0.236287)
(5.57806e-11 5.23563e-11 0.177316)
(-1.3091e-11 -3.1638e-11 0.177315)
(-1.2446e-11 -2.92929e-11 0.236286)
(-1.03589e-11 -3.05526e-11 0.265659)
(-3.08424e-12 -2.92401e-11 0.265659)
(-1.99114e-12 -3.17017e-11 0.236286)
(2.18465e-11 -3.6092e-11 0.177316)
(-2.63074e-11 -1.6909e-11 0.236286)
(-2.17604e-11 -1.63297e-11 0.294523)
(-1.65542e-11 -1.68072e-11 0.323693)
(-5.73499e-12 -1.72454e-11 0.323693)
(-1.97863e-12 -1.73281e-11 0.294524)
(2.34106e-11 -1.7276e-11 0.236286)
(-3.13703e-11 -8.68243e-12 0.265659)
(-2.78139e-11 -5.4285e-12 0.323693)
(-2.05087e-11 -4.29027e-12 0.352761)
(-6.87381e-12 -5.39206e-12 0.352761)
(-1.53202e-12 -6.97528e-12 0.323693)
(2.6674e-11 -8.28093e-12 0.265659)
(-4.25474e-11 1.09973e-12 0.265659)
(-3.29789e-11 9.57239e-12 0.323693)
(-2.43019e-11 1.14883e-11 0.352761)
(-9.24505e-12 1.09955e-11 0.352761)
(-1.65163e-12 7.18391e-12 0.323693)
(2.87168e-11 2.80108e-12 0.26566)
(-3.48546e-11 1.37386e-11 0.236286)
(-3.35316e-11 1.84701e-11 0.294524)
(-2.66844e-11 1.78216e-11 0.323693)
(-1.13151e-11 1.54707e-11 0.323693)
(-4.08827e-12 1.07746e-11 0.294524)
(2.8237e-11 5.92936e-12 0.236287)
(-9.20091e-11 3.31069e-11 0.177316)
(-4.83149e-11 4.78884e-11 0.236286)
(-3.41443e-11 4.46196e-11 0.265659)
(-1.5472e-11 4.491e-11 0.26566)
(-7.863e-12 4.22621e-11 0.236287)
(3.3294e-11 4.18556e-11 0.177316)
(-4.31966e-11 -7.26073e-11 0.177315)
(-2.03238e-11 -7.5337e-11 0.236286)
(-6.87761e-12 -7.55679e-11 0.265659)
(1.10115e-11 -7.26876e-11 0.265659)
(2.19524e-11 -7.45577e-11 0.236286)
(7.52655e-11 -7.02524e-11 0.177316)
(-6.49605e-11 -3.10286e-11 0.236286)
(-3.37138e-11 -3.42469e-11 0.294523)
(-1.48081e-11 -3.57117e-11 0.323693)
(8.85359e-12 -3.5163e-11 0.323693)
(2.35916e-11 -3.38389e-11 0.294524)
(8.1016e-11 -2.81119e-11 0.236286)
(-7.30738e-11 -1.34672e-11 0.265659)
(-4.09412e-11 -1.18671e-11 0.323693)
(-1.95792e-11 -1.18993e-11 0.352761)
(5.95542e-12 -1.3203e-11 0.352761)
(2.51022e-11 -1.43066e-11 0.323693)
(8.74909e-11 -1.36973e-11 0.265659)
(-8.20052e-11 7.3417e-12 0.265659)
(-4.72456e-11 1.36193e-11 0.323693)
(-2.51182e-11 1.48869e-11 0.352761)
(2.97487e-12 1.28341e-11 0.352761)
(2.31985e-11 8.60285e-12 0.323693)
(8.6588e-11 2.61078e-12 0.26566)
(-8.58239e-11 2.49047e-11 0.236286)
(-4.92253e-11 3.15001e-11 0.294524)
(-2.86321e-11 3.19836e-11 0.323693)
(-3.32384e-13 2.93035e-11 0.323693)
(1.93415e-11 2.22201e-11 0.294524)
(8.61416e-11 1.29434e-11 0.236287)
(-1.23601e-10 7.598e-11 0.177316)
(-5.68254e-11 8.54484e-11 0.236286)
(-3.29516e-11 8.56483e-11 0.265659)
(-6.15084e-12 8.30062e-11 0.26566)
(1.15814e-11 7.87459e-11 0.236287)
(7.93324e-11 7.04528e-11 0.177316)
(3.06297e-11 2.67788e-11 0.177315)
(1.50514e-11 2.72424e-11 0.236286)
(4.12569e-12 2.34526e-11 0.265659)
(-5.23616e-12 2.55775e-11 0.265659)
(-2.11409e-11 2.48186e-11 0.236286)
(-1.84041e-11 1.59892e-11 0.177316)
(2.36029e-11 1.44179e-11 0.236286)
(6.85924e-12 1.23765e-11 0.294523)
(-1.56451e-12 1.09538e-11 0.323693)
(-6.44708e-12 1.20162e-11 0.323693)
(-2.10088e-11 1.35401e-11 0.294524)
(-2.32966e-11 1.75212e-11 0.236286)
(1.85014e-11 8.38991e-12 0.265659)
(2.16837e-12 9.06187e-12 0.323693)
(-5.36542e-12 8.97216e-12 0.352761)
(-8.31754e-12 8.88396e-12 0.352761)
(-2.08315e-11 9.96215e-12 0.323693)
(-1.8913e-11 1.33575e-11 0.265659)
(1.0275e-11 -3.9043e-13 0.265659)
(-2.78727e-12 7.95589e-12 0.323693)
(-1.00098e-11 9.87365e-12 0.352761)
(-1.09886e-11 9.3485e-12 0.352761)
(-2.31317e-11 8.31744e-12 0.323693)
(-2.27105e-11 9.05587e-12 0.26566)
(3.1406e-11 6.81719e-12 0.236286)
(4.15505e-13 6.83355e-12 0.294524)
(-1.13738e-11 2.34685e-12 0.323693)
(-1.38604e-11 -1.72189e-13 0.323693)
(-2.57196e-11 -1.46966e-12 0.294524)
(-2.04941e-11 -1.92268e-12 0.236287)
(-5.09784e-11 -1.35137e-12 0.177316)
(-2.08094e-11 9.58311e-12 0.236286)
(-2.11112e-11 5.31321e-12 0.265659)
(-1.99273e-11 5.01229e-12 0.26566)
(-3.16207e-11 1.19763e-11 0.236287)
(-2.11724e-11 2.24734e-11 0.177316)
(-2.35205e-10 -3.01051e-10 0.177315)
(-1.82553e-10 -3.21033e-10 0.236286)
(-9.15606e-11 -3.05001e-10 0.265659)
(3.47485e-11 -3.08833e-10 0.265659)
(1.31309e-10 -2.88096e-10 0.236286)
(2.22739e-10 -2.52065e-10 0.177316)
(-2.76766e-10 -1.97553e-10 0.236286)
(-1.88605e-10 -1.91692e-10 0.294523)
(-8.80848e-11 -1.8591e-10 0.323693)
(3.77914e-11 -1.81156e-10 0.323693)
(1.39717e-10 -1.72066e-10 0.294524)
(2.53168e-10 -1.64947e-10 0.236286)
(-2.90486e-10 -9.52078e-11 0.265659)
(-1.90351e-10 -8.23211e-11 0.323693)
(-8.68035e-11 -7.47269e-11 0.352761)
(4.46915e-11 -6.9888e-11 0.352761)
(1.52744e-10 -6.4813e-11 0.323693)
(2.92414e-10 -6.41204e-11 0.265659)
(-3.00589e-10 3.1739e-11 0.265659)
(-1.93521e-10 4.7016e-11 0.323693)
(-8.61512e-11 5.6148e-11 0.352761)
(4.49105e-11 6.13107e-11 0.352761)
(1.53224e-10 6.57505e-11 0.323693)
(2.83047e-10 7.01064e-11 0.26566)
(-2.81917e-10 1.40868e-10 0.236286)
(-1.85228e-10 1.59176e-10 0.294524)
(-8.34167e-11 1.68311e-10 0.323693)
(5.05731e-11 1.73056e-10 0.323693)
(1.6127e-10 1.73891e-10 0.294524)
(3.24524e-10 1.72882e-10 0.236287)
(-2.8299e-10 2.75024e-10 0.177316)
(-1.91329e-10 3.09604e-10 0.236286)
(-8.45804e-11 3.17566e-10 0.265659)
(5.06058e-11 3.18233e-10 0.26566)
(1.54875e-10 3.11076e-10 0.236287)
(2.72277e-10 2.6393e-10 0.177316)
(-1.08969e-10 -7.14872e-11 0.177315)
(-1.35157e-10 -1.85927e-10 0.236286)
(-2.36424e-11 -2.61186e-10 0.265659)
(1.27858e-10 -2.556e-10 0.265659)
(2.89365e-10 -1.66675e-10 0.236286)
(7.55176e-11 -5.48209e-11 0.177316)
(-1.48891e-10 -2.49735e-10 0.236286)
(-1.4688e-10 -2.56006e-10 0.294523)
(-3.17781e-11 -2.60301e-10 0.323693)
(1.26183e-10 -2.53987e-10 0.323693)
(2.96629e-10 -2.28773e-10 0.294524)
(1.19808e-10 -2.26457e-10 0.236286)
(-1.86177e-10 -1.51593e-10 0.265659)
(-1.65001e-10 -1.45822e-10 0.323693)
(-3.8341e-11 -1.37936e-10 0.352761)
(1.27439e-10 -1.3195e-10 0.352761)
(2.89311e-10 -1.28703e-10 0.323693)
(5.60595e-11 -1.34321e-10 0.265659)
(-1.77733e-10 2.86295e-11 0.265659)
(-1.64658e-10 2.58022e-11 0.323693)
(-3.51657e-11 3.81335e-11 0.352761)
(1.27013e-10 3.84938e-11 0.352761)
(2.978e-10 3.15303e-11 0.323693)
(9.72332e-11 4.16865e-11 0.26566)
(-2.11719e-10 1.50224e-10 0.236286)
(-1.61295e-10 1.87825e-10 0.294524)
(-3.15048e-11 2.26063e-10 0.323693)
(1.24377e-10 2.31414e-10 0.323693)
(2.90063e-10 2.27467e-10 0.294524)
(-5.14567e-11 2.2833e-10 0.236287)
(2.10161e-10 -6.23371e-11 0.177316)
(-6.38137e-11 -1.95616e-11 0.236286)
(1.31292e-11 8.37879e-11 0.265659)
(1.54686e-10 7.92905e-11 0.26566)
(3.05616e-10 -8.35485e-12 0.236287)
(-1.39416e-10 -5.60026e-11 0.177316)
(0.00841867 0.0110891 0.156199)
(0.00807321 0.0108272 0.152385)
(0.00762947 0.0104259 0.146931)
(0.00705991 0.009869 0.138969)
(0.00631635 0.00906951 0.127104)
(0.00530662 0.00784738 0.109009)
(0.00382171 0.00579605 0.0806449)
(0.00141908 0.0021694 0.0345313)
(0.00692494 0.0132155 0.18724)
(0.00683125 0.0131532 0.183946)
(0.00666302 0.0129683 0.179131)
(0.00638225 0.0126247 0.171871)
(0.00592939 0.0120079 0.160519)
(0.00519154 0.0108435 0.142002)
(0.00390011 0.00839308 0.110173)
(0.00148748 0.00320618 0.0516022)
(0.00224518 0.0143877 0.197651)
(0.00222326 0.0144341 0.195148)
(0.00218492 0.0143623 0.191258)
(0.00211697 0.0141528 0.185054)
(0.00199635 0.0136774 0.174823)
(0.00177759 0.0126124 0.157175)
(0.00134981 0.00999767 0.124869)
(0.000491834 0.00387081 0.060943)
(-0.00224518 0.0143877 0.197651)
(-0.00222325 0.0144341 0.195148)
(-0.00218492 0.0143623 0.191258)
(-0.00211697 0.0141528 0.185054)
(-0.00199635 0.0136774 0.174823)
(-0.00177759 0.0126124 0.157175)
(-0.00134981 0.00999767 0.124869)
(-0.000491834 0.00387081 0.060943)
(-0.00692494 0.0132155 0.18724)
(-0.00683125 0.0131532 0.183946)
(-0.00666302 0.0129683 0.179131)
(-0.00638225 0.0126247 0.171871)
(-0.00592939 0.0120079 0.160519)
(-0.00519154 0.0108435 0.142002)
(-0.00390011 0.00839308 0.110173)
(-0.00148748 0.00320618 0.0516022)
(-0.00841867 0.0110891 0.156199)
(-0.00807321 0.0108272 0.152385)
(-0.00762947 0.0104259 0.146931)
(-0.00705991 0.009869 0.138969)
(-0.00631635 0.00906951 0.127104)
(-0.00530662 0.00784738 0.109009)
(-0.00382171 0.00579605 0.0806449)
(-0.00141908 0.0021694 0.0345313)
(0.00160633 0.0017285 0.164622)
(0.00149937 0.00164002 0.158443)
(0.00135557 0.00154936 0.150088)
(0.00116415 0.00141662 0.138647)
(0.000917381 0.00122372 0.122821)
(0.000617591 0.000949775 0.100762)
(0.000287721 0.000576062 0.0698988)
(-4.29507e-06 0.000126977 0.0266716)
(0.00183151 0.00310353 0.216219)
(0.00171986 0.00304931 0.209382)
(0.00157081 0.00299672 0.199972)
(0.00136896 0.00287069 0.186773)
(0.00109756 0.00261866 0.167897)
(0.000745992 0.00216916 0.140425)
(0.000325709 0.00141716 0.0999158)
(-6.92606e-05 0.000323974 0.0397558)
(0.000662677 0.00384803 0.236732)
(0.000622641 0.00384903 0.230577)
(0.000569454 0.00384935 0.221779)
(0.000497329 0.00376072 0.208943)
(0.000399033 0.00350864 0.189818)
(0.000268326 0.00297929 0.160779)
(0.00010607 0.00198508 0.116094)
(-4.9195e-05 0.000422605 0.0470579)
(-0.000662673 0.00384803 0.236732)
(-0.000622638 0.00384903 0.230577)
(-0.000569451 0.00384935 0.221779)
(-0.000497326 0.00376072 0.208943)
(-0.00039903 0.00350864 0.189818)
(-0.000268323 0.00297929 0.160779)
(-0.000106068 0.00198508 0.116094)
(4.91958e-05 0.000422605 0.0470579)
(-0.00183151 0.00310353 0.216219)
(-0.00171985 0.00304931 0.209382)
(-0.00157081 0.00299672 0.199972)
(-0.00136896 0.00287069 0.186773)
(-0.00109755 0.00261866 0.167897)
(-0.000745989 0.00216916 0.140425)
(-0.000325707 0.00141716 0.0999158)
(6.92612e-05 0.000323975 0.0397558)
(-0.00160632 0.0017285 0.164622)
(-0.00149937 0.00164002 0.158443)
(-0.00135557 0.00154936 0.150088)
(-0.00116415 0.00141663 0.138647)
(-0.000917379 0.00122372 0.122821)
(-0.00061759 0.000949775 0.100762)
(-0.00028772 0.000576063 0.0698988)
(4.29542e-06 0.000126977 0.0266716)
(0.000912466 0.00106928 0.141991)
(0.000823064 0.000964609 0.135464)
(0.0007141 0.00083475 0.126895)
(0.00058465 0.000679515 0.115566)
(0.000435941 0.000499535 0.100526)
(0.000274819 0.000303165 0.0805467)
(0.000121164 0.000119984 0.0541166)
(7.89266e-06 -3.42598e-06 0.0195021)
(0.000981456 0.00212711 0.199567)
(0.00089055 0.00196082 0.190976)
(0.00077558 0.00173611 0.179636)
(0.000634242 0.0014515 0.164517)
(0.000467556 0.00110042 0.144175)
(0.000285216 0.000691614 0.116634)
(0.000115932 0.000284625 0.0793307)
(1.12631e-06 -1.01161e-05 0.0291821)
(0.000400498 0.00271097 0.22562)
(0.000365353 0.00253092 0.21696)
(0.000320349 0.00227135 0.205258)
(0.000264202 0.00192921 0.189254)
(0.000197002 0.00148869 0.167124)
(0.000122602 0.000952559 0.136312)
(5.32039e-05 0.000395406 0.0934637)
(5.05929e-06 -2.13265e-05 0.0346557)
(-0.000400489 0.00271097 0.22562)
(-0.000365343 0.00253092 0.21696)
(-0.000320338 0.00227135 0.205258)
(-0.000264192 0.00192921 0.189254)
(-0.000196994 0.00148869 0.167124)
(-0.000122595 0.00095256 0.136312)
(-5.31988e-05 0.000395406 0.0934637)
(-5.05735e-06 -2.13262e-05 0.0346557)
(-0.000981446 0.00212711 0.199567)
(-0.00089054 0.00196082 0.190976)
(-0.000775571 0.00173611 0.179636)
(-0.000634233 0.0014515 0.164517)
(-0.000467548 0.00110042 0.144175)
(-0.000285209 0.000691616 0.116634)
(-0.000115927 0.000284627 0.0793307)
(-1.12474e-06 -1.01154e-05 0.0291821)
(-0.000912459 0.00106928 0.141991)
(-0.000823056 0.000964611 0.135464)
(-0.000714093 0.000834752 0.126895)
(-0.000584643 0.000679517 0.115566)
(-0.000435935 0.000499537 0.100526)
(-0.000274814 0.000303167 0.0805467)
(-0.000121161 0.000119985 0.0541166)
(-7.89175e-06 -3.42529e-06 0.0195021)
(0.000159814 8.90525e-05 0.137681)
(0.000145772 7.02315e-05 0.131421)
(0.000128392 5.27209e-05 0.12323)
(0.000107191 3.32495e-05 0.112429)
(8.22964e-05 1.35738e-05 0.0981028)
(5.51219e-05 -2.81711e-06 0.0790223)
(2.87441e-05 -1.12438e-05 0.0535666)
(7.9186e-06 -6.32819e-06 0.0196472)
(0.000285676 0.000410252 0.194313)
(0.000253216 0.000359438 0.185618)
(0.000214565 0.00030409 0.174292)
(0.000169754 0.00023751 0.15942)
(0.000120303 0.000161613 0.139719)
(7.03938e-05 8.42012e-05 0.113383)
(2.7717e-05 2.14041e-05 0.0778427)
(3.328e-06 -2.3924e-06 0.0293556)
(0.00013954 0.000661145 0.221131)
(0.000123421 0.000593489 0.211904)
(0.000103895 0.000513062 0.199708)
(8.09504e-05 0.000411197 0.183445)
(5.54266e-05 0.000288906 0.161564)
(2.96943e-05 0.000156885 0.131857)
(8.36433e-06 4.37551e-05 0.0911605)
(-1.45694e-06 -2.35407e-06 0.0347717)
(-0.000139524 0.000661146 0.221131)
(-0.000123405 0.00059349 0.211904)
(-0.000103878 0.000513063 0.199708)
(-8.09346e-05 0.000411198 0.183445)
(-5.54124e-05 0.000288907 0.161564)
(-2.96827e-05 0.000156886 0.131857)
(-8.35646e-06 4.3756e-05 0.0911605)
(1.45973e-06 -2.35369e-06 0.0347717)
(-0.000285661 0.000410254 0.194313)
(-0.0002532 0.000359441 0.185618)
(-0.000214549 0.000304092 0.174292)
(-0.000169739 0.000237513 0.15942)
(-0.00012029 0.000161616 0.139719)
(-7.03833e-05 8.42041e-05 0.113383)
(-2.77101e-05 2.14064e-05 0.0778427)
(-3.32564e-06 -2.39144e-06 0.0293556)
(-0.000159802 8.90558e-05 0.137681)
(-0.00014576 7.02349e-05 0.131421)
(-0.00012838 5.27246e-05 0.12323)
(-0.000107181 3.32532e-05 0.112429)
(-8.22873e-05 1.35776e-05 0.0981029)
(-5.51149e-05 -2.81362e-06 0.0790223)
(-2.87397e-05 -1.12412e-05 0.0535666)
(-7.91719e-06 -6.32714e-06 0.0196472)
(8.43578e-05 5.75772e-05 0.136595)
(7.93979e-05 5.00789e-05 0.130397)
(7.30478e-05 4.21077e-05 0.122285)
(6.48579e-05 3.26508e-05 0.111583)
(5.43055e-05 2.19667e-05 0.097378)
(4.09732e-05 1.09089e-05 0.0784396)
(2.49649e-05 1.50312e-06 0.0531534)
(7.28226e-06 -2.73622e-06 0.0194682)
(0.000160952 0.000195509 0.19312)
(0.000148454 0.000176239 0.184446)
(0.000133264 0.000154353 0.173171)
(0.000114994 0.000127932 0.158392)
(9.33578e-05 9.70904e-05 0.138837)
(6.83534e-05 6.3148e-05 0.112695)
(4.05817e-05 2.96129e-05 0.0773687)
(1.13036e-05 2.68231e-06 0.0291252)
(7.70474e-05 0.000315561 0.220264)
(7.01733e-05 0.000288103 0.210922)
(6.17943e-05 0.000255111 0.198643)
(5.17901e-05 0.000214266 0.182362)
(4.02273e-05 0.000165598 0.160564)
(2.75015e-05 0.000111199 0.131057)
(1.45236e-05 5.64883e-05 0.0906279)
(2.74736e-06 9.28426e-06 0.0345119)
(-7.70254e-05 0.000315562 0.220264)
(-7.01508e-05 0.000288104 0.210922)
(-6.1772e-05 0.000255112 0.198643)
(-5.17689e-05 0.000214267 0.182362)
(-4.02085e-05 0.000165599 0.160564)
(-2.74863e-05 0.0001112 0.131057)
(-1.45135e-05 5.64895e-05 0.0906279)
(-2.74388e-06 9.28474e-06 0.0345119)
(-0.000160931 0.000195512 0.19312)
(-0.000148433 0.000176242 0.184446)
(-0.000133243 0.000154357 0.173171)
(-0.000114974 0.000127936 0.158392)
(-9.33405e-05 9.70944e-05 0.138838)
(-6.83396e-05 6.31518e-05 0.112695)
(-4.05727e-05 2.96159e-05 0.0773688)
(-1.13006e-05 2.68351e-06 0.0291252)
(-8.43424e-05 5.75816e-05 0.136595)
(-7.93824e-05 5.00835e-05 0.130397)
(-7.30329e-05 4.21125e-05 0.122285)
(-6.48443e-05 3.26558e-05 0.111583)
(-5.42939e-05 2.19716e-05 0.0973782)
(-4.09642e-05 1.09135e-05 0.0784397)
(-2.49593e-05 1.50653e-06 0.0531534)
(-7.28047e-06 -2.73488e-06 0.0194682)
(6.87711e-05 6.23067e-05 0.135215)
(6.31917e-05 5.52971e-05 0.129035)
(5.62585e-05 4.72799e-05 0.120955)
(4.77597e-05 3.77948e-05 0.110307)
(3.75703e-05 2.69689e-05 0.0961939)
(2.58687e-05 1.54455e-05 0.0774116)
(1.35797e-05 5.05191e-06 0.0523903)
(2.66627e-06 -1.0886e-06 0.0191496)
(0.000105404 0.00015308 0.191862)
(9.72493e-05 0.000138731 0.183163)
(8.71184e-05 0.000121353 0.171869)
(7.46616e-05 0.000100256 0.157087)
(5.95892e-05 7.52902e-05 0.13756)
(4.19533e-05 4.73257e-05 0.111509)
(2.28218e-05 1.98942e-05 0.0764086)
(4.83813e-06 -5.5966e-08 0.0286715)
(5.03154e-05 0.000223204 0.219352)
(4.63509e-05 0.000204689 0.20993)
(4.14282e-05 0.000181299 0.197571)
(3.53853e-05 0.000152309 0.181219)
(2.81018e-05 0.000117201 0.159377)
(1.96276e-05 7.67075e-05 0.129886)
(1.0506e-05 3.51748e-05 0.0896144)
(2.05789e-06 2.07342e-06 0.0339918)
(-5.02894e-05 0.000223205 0.219352)
(-4.63245e-05 0.00020469 0.20993)
(-4.14022e-05 0.0001813 0.197571)
(-3.53608e-05 0.00015231 0.181219)
(-2.808e-05 0.000117203 0.159377)
(-1.96102e-05 7.67091e-05 0.129886)
(-1.04946e-05 3.51761e-05 0.0896145)
(-2.05409e-06 2.07394e-06 0.0339918)
(-0.00010538 0.000153084 0.191862)
(-9.72246e-05 0.000138735 0.183163)
(-8.70942e-05 0.000121357 0.171869)
(-7.46389e-05 0.000100261 0.157087)
(-5.95694e-05 7.52949e-05 0.13756)
(-4.19376e-05 4.73301e-05 0.111509)
(-2.28116e-05 1.98976e-05 0.0764087)
(-4.83479e-06 -5.46319e-08 0.0286715)
(-6.87535e-05 6.2312e-05 0.135215)
(-6.31743e-05 5.53026e-05 0.129035)
(-5.62417e-05 4.72856e-05 0.120955)
(-4.77443e-05 3.78006e-05 0.110307)
(-3.75572e-05 2.69746e-05 0.096194)
(-2.58586e-05 1.54507e-05 0.0774118)
(-1.35734e-05 5.05577e-06 0.0523904)
(-2.66427e-06 -1.08711e-06 0.0191497)
(3.64341e-05 3.10924e-05 0.134533)
(3.34149e-05 2.74029e-05 0.128369)
(2.96609e-05 2.33675e-05 0.120314)
(2.50565e-05 1.8596e-05 0.109706)
(1.95561e-05 1.31808e-05 0.0956549)
(1.33115e-05 7.49004e-06 0.076966)
(6.87807e-06 2.42831e-06 0.0520822)
(1.35346e-06 -4.75059e-07 0.0190357)
(5.84111e-05 8.21068e-05 0.19121)
(5.34422e-05 7.42595e-05 0.182495)
(4.73303e-05 6.50209e-05 0.171192)
(3.99125e-05 5.37112e-05 0.156414)
(3.11202e-05 4.02731e-05 0.136918)
(2.11669e-05 2.52736e-05 0.110944)
(1.09002e-05 1.06839e-05 0.0759955)
(2.07421e-06 3.61229e-07 0.0285107)
(2.89091e-05 0.000121609 0.218901)
(2.6482e-05 0.000111454 0.209426)
(2.34837e-05 9.88375e-05 0.197015)
(1.98275e-05 8.29773e-05 0.180621)
(1.54697e-05 6.35918e-05 0.158763)
(1.05017e-05 4.12161e-05 0.129309)
(5.34603e-06 1.85303e-05 0.0891668)
(9.45995e-07 1.41126e-06 0.03381)
(-2.88812e-05 0.00012161 0.218901)
(-2.64537e-05 0.000111455 0.209426)
(-2.3456e-05 9.88389e-05 0.197015)
(-1.98015e-05 8.29789e-05 0.180621)
(-1.54468e-05 6.35935e-05 0.158763)
(-1.04835e-05 4.12178e-05 0.129309)
(-5.33422e-06 1.85317e-05 0.0891668)
(-9.4217e-07 1.41179e-06 0.03381)
(-5.83851e-05 8.21112e-05 0.19121)
(-5.34159e-05 7.42641e-05 0.182495)
(-4.73047e-05 6.50257e-05 0.171192)
(-3.98886e-05 5.37162e-05 0.156415)
(-3.10993e-05 4.02781e-05 0.136918)
(-2.11504e-05 2.52782e-05 0.110945)
(-1.08896e-05 1.06873e-05 0.0759956)
(-2.07078e-06 3.62591e-07 0.0285107)
(-3.64158e-05 3.10982e-05 0.134534)
(-3.33967e-05 2.74089e-05 0.128369)
(-2.96435e-05 2.33737e-05 0.120315)
(-2.50405e-05 1.86022e-05 0.109707)
(-1.95425e-05 1.31869e-05 0.0956551)
(-1.33011e-05 7.49546e-06 0.0769662)
(-6.87153e-06 2.43234e-06 0.0520823)
(-1.35138e-06 -4.7352e-07 0.0190357)
(2.29606e-05 2.02437e-05 0.134135)
(2.10955e-05 1.79475e-05 0.127978)
(1.87746e-05 1.53983e-05 0.119936)
(1.59229e-05 1.23643e-05 0.109349)
(1.25012e-05 8.88729e-06 0.0953297)
(8.58243e-06 5.1787e-06 0.0766915)
(4.48968e-06 1.80461e-06 0.0518858)
(8.91491e-07 -2.53122e-07 0.0189578)
(3.59686e-05 5.22069e-05 0.190844)
(3.291e-05 4.74675e-05 0.182117)
(2.91441e-05 4.18195e-05 0.170804)
(2.45752e-05 3.48508e-05 0.156024)
(1.91681e-05 2.64859e-05 0.13654)
(1.30571e-05 1.70097e-05 0.110605)
(6.75038e-06 7.56754e-06 0.0757362)
(1.25876e-06 4.51288e-07 0.0283991)
(1.76088e-05 7.63831e-05 0.21866)
(1.60952e-05 7.03024e-05 0.209147)
(1.4226e-05 6.26556e-05 0.196699)
(1.19533e-05 5.29632e-05 0.180274)
(9.26214e-06 4.10058e-05 0.1584)
(6.226e-06 2.70494e-05 0.12896)
(3.11794e-06 1.26513e-05 0.0888856)
(4.94134e-07 1.18906e-06 0.0336823)
(-1.75806e-05 7.63843e-05 0.21866)
(-1.60667e-05 7.03037e-05 0.209147)
(-1.41982e-05 6.26571e-05 0.196699)
(-1.19274e-05 5.29649e-05 0.180274)
(-9.23941e-06 4.10075e-05 0.1584)
(-6.20803e-06 2.70511e-05 0.12896)
(-3.10639e-06 1.26526e-05 0.0888857)
(-4.9046e-07 1.18956e-06 0.0336824)
(-3.59425e-05 5.22116e-05 0.190845)
(-3.28837e-05 4.74724e-05 0.182117)
(-2.91186e-05 4.18245e-05 0.170804)
(-2.45515e-05 3.48559e-05 0.156024)
(-1.91475e-05 2.64909e-05 0.136541)
(-1.30409e-05 1.70143e-05 0.110605)
(-6.73995e-06 7.57093e-06 0.0757363)
(-1.2554e-06 4.52611e-07 0.0283992)
(-2.29428e-05 2.02496e-05 0.134135)
(-2.10779e-05 1.79535e-05 0.127979)
(-1.87578e-05 1.54044e-05 0.119937)
(-1.59076e-05 1.23704e-05 0.109349)
(-1.2488e-05 8.89325e-06 0.09533)
(-8.57233e-06 5.18401e-06 0.0766918)
(-4.48336e-06 1.80852e-06 0.0518859)
(-8.89473e-07 -2.51635e-07 0.0189579)
(1.47035e-05 1.30771e-05 0.133869)
(1.35026e-05 1.15909e-05 0.127718)
(1.2008e-05 9.93273e-06 0.119683)
(1.01726e-05 7.96177e-06 0.109108)
(7.97286e-06 5.70607e-06 0.0951099)
(5.45848e-06 3.30452e-06 0.076505)
(2.84162e-06 1.12946e-06 0.0517516)
(5.57058e-07 -1.78373e-07 0.0189045)
(2.24711e-05 3.34119e-05 0.190604)
(2.05762e-05 3.03839e-05 0.181867)
(1.82368e-05 2.6759e-05 0.170547)
(1.53905e-05 2.22829e-05 0.155764)
(1.20122e-05 1.69032e-05 0.136286)
(8.18322e-06 1.08034e-05 0.110374)
(4.22478e-06 4.73778e-06 0.0755583)
(7.82585e-07 2.22474e-07 0.0283219)
(1.08681e-05 4.85961e-05 0.218498)
(9.93676e-06 4.47532e-05 0.208961)
(8.78424e-06 3.9898e-05 0.196487)
(7.38063e-06 3.37301e-05 0.18004)
(5.71679e-06 2.60978e-05 0.158153)
(3.83922e-06 1.71628e-05 0.128721)
(1.91927e-06 7.93844e-06 0.0886908)
(3.02632e-07 6.5637e-07 0.0335931)
(-1.08411e-05 4.85973e-05 0.218498)
(-9.90984e-06 4.47546e-05 0.208961)
(-8.75814e-06 3.98995e-05 0.196487)
(-7.3564e-06 3.37317e-05 0.180041)
(-5.6957e-06 2.60995e-05 0.158153)
(-3.82269e-06 1.71643e-05 0.128721)
(-1.90876e-06 7.9396e-06 0.0886908)
(-2.99369e-07 6.56819e-07 0.0335931)
(-2.24466e-05 3.34167e-05 0.190604)
(-2.05518e-05 3.03887e-05 0.181867)
(-1.82131e-05 2.67639e-05 0.170547)
(-1.53686e-05 2.22878e-05 0.155764)
(-1.19932e-05 1.69079e-05 0.136287)
(-8.16833e-06 1.08076e-05 0.110374)
(-4.21529e-06 4.74085e-06 0.0755584)
(-7.79559e-07 2.23656e-07 0.028322)
(-1.46875e-05 1.30826e-05 0.13387)
(-1.34869e-05 1.15965e-05 0.127718)
(-1.1993e-05 9.93838e-06 0.119683)
(-1.01589e-05 7.96739e-06 0.109109)
(-7.96122e-06 5.71144e-06 0.0951103)
(-5.44954e-06 3.30926e-06 0.0765053)
(-2.83601e-06 1.13293e-06 0.0517518)
(-5.55273e-07 -1.77066e-07 0.0189045)
(8.94628e-06 7.8195e-06 0.133709)
(8.2235e-06 6.91892e-06 0.12756)
(7.32214e-06 5.91994e-06 0.119531)
(6.21263e-06 4.73337e-06 0.108964)
(4.87964e-06 3.37776e-06 0.0949786)
(3.35212e-06 1.93944e-06 0.0763942)
(1.75691e-06 6.44596e-07 0.0516725)
(3.54754e-07 -1.18827e-07 0.0188734)
(1.37676e-05 2.03016e-05 0.190458)
(1.26161e-05 1.84506e-05 0.181716)
(1.11933e-05 1.62446e-05 0.170391)
(9.45982e-06 1.35189e-05 0.155607)
(7.39851e-06 1.02434e-05 0.136133)
(5.05678e-06 6.53381e-06 0.110236)
(2.62752e-06 2.85344e-06 0.0754529)
(5.02234e-07 1.31903e-07 0.0282771)
(6.63143e-06 2.96781e-05 0.2184)
(6.0685e-06 2.73277e-05 0.208848)
(5.37073e-06 2.43673e-05 0.196358)
(4.51919e-06 2.06004e-05 0.179899)
(3.50728e-06 1.59343e-05 0.158004)
(2.36203e-06 1.04711e-05 0.128577)
(1.18649e-06 4.83607e-06 0.0885747)
(1.91957e-07 4.08412e-07 0.0335412)
(-6.60734e-06 2.96793e-05 0.2184)
(-6.04459e-06 2.7329e-05 0.208848)
(-5.34772e-06 2.43687e-05 0.196359)
(-4.498e-06 2.06018e-05 0.179899)
(-3.48898e-06 1.59357e-05 0.158004)
(-2.34782e-06 1.04724e-05 0.128577)
(-1.17758e-06 4.83704e-06 0.0885747)
(-1.89269e-07 4.08781e-07 0.0335412)
(-1.37461e-05 2.0306e-05 0.190459)
(-1.25948e-05 1.8455e-05 0.181716)
(-1.11729e-05 1.62489e-05 0.170392)
(-9.44103e-06 1.35232e-05 0.155607)
(-7.3823e-06 1.02474e-05 0.136134)
(-5.04417e-06 6.53734e-06 0.110236)
(-2.61953e-06 2.85601e-06 0.075453)
(-4.9972e-07 1.32877e-07 0.0282772)
(-8.93306e-06 7.82408e-06 0.13371)
(-8.21056e-06 6.92355e-06 0.127561)
(-7.30988e-06 5.9246e-06 0.119531)
(-6.20152e-06 4.73797e-06 0.108965)
(-4.87019e-06 3.38213e-06 0.094979)
(-3.34488e-06 1.94327e-06 0.0763945)
(-1.75239e-06 6.47385e-07 0.0516727)
(-3.53322e-07 -1.17783e-07 0.0188735)
(5.53482e-06 4.8312e-06 0.133611)
(5.09031e-06 4.27562e-06 0.127464)
(4.53551e-06 3.65864e-06 0.119437)
(3.85195e-06 2.92567e-06 0.108875)
(3.02963e-06 2.08797e-06 0.0948976)
(2.08554e-06 1.19864e-06 0.0763257)
(1.09686e-06 3.97571e-07 0.0516234)
(2.23354e-07 -7.49182e-08 0.018854)
(8.51674e-06 1.25355e-05 0.190369)
(7.8107e-06 1.13948e-05 0.181623)
(6.93733e-06 1.00344e-05 0.170296)
(5.87178e-06 8.35343e-06 0.15551)
(4.60223e-06 6.33282e-06 0.136039)
(3.15592e-06 4.04324e-06 0.110151)
(1.64909e-06 1.76931e-06 0.0753878)
(3.20123e-07 8.21529e-08 0.0282492)
(4.08427e-06 1.83266e-05 0.21834)
(3.74136e-06 1.68787e-05 0.208779)
(3.31558e-06 1.50543e-05 0.19628)
(2.79486e-06 1.27326e-05 0.179812)
(2.17434e-06 9.85604e-06 0.157913)
(1.46947e-06 6.48631e-06 0.128489)
(7.42306e-07 3.00604e-06 0.0885033)
(1.21886e-07 2.58224e-07 0.0335089)
(-4.06424e-06 1.83276e-05 0.21834)
(-3.72169e-06 1.68798e-05 0.208779)
(-3.29685e-06 1.50554e-05 0.19628)
(-2.77779e-06 1.27337e-05 0.179812)
(-2.15979e-06 9.85716e-06 0.157913)
(-1.45836e-06 6.48731e-06 0.128489)
(-7.35504e-07 3.00677e-06 0.0885033)
(-1.19933e-07 2.58491e-07 0.033509)
(-8.49937e-06 1.2539e-05 0.19037)
(-7.79368e-06 1.13984e-05 0.181624)
(-6.92116e-06 1.00379e-05 0.170296)
(-5.85705e-06 8.35679e-06 0.155511)
(-4.58965e-06 6.33593e-06 0.13604)
(-3.14624e-06 4.0459e-06 0.110151)
(-1.64306e-06 1.7712e-06 0.075388)
(-3.18278e-07 8.28591e-08 0.0282493)
(-5.52487e-06 4.83456e-06 0.133611)
(-5.08066e-06 4.27899e-06 0.127464)
(-4.52645e-06 3.66201e-06 0.119438)
(-3.84379e-06 2.92898e-06 0.108876)
(-3.02274e-06 2.0911e-06 0.0948981)
(-2.0803e-06 1.20136e-06 0.0763261)
(-1.09361e-06 3.99537e-07 0.0516237)
(-2.22347e-07 -7.41907e-08 0.0188541)
(3.42881e-06 2.99363e-06 0.13355)
(3.15325e-06 2.64924e-06 0.127403)
(2.80926e-06 2.26659e-06 0.119379)
(2.38543e-06 1.81212e-06 0.10882)
(1.87566e-06 1.29285e-06 0.0948472)
(1.29059e-06 7.41723e-07 0.076283)
(6.78253e-07 2.45552e-07 0.0515929)
(1.37808e-07 -4.66998e-08 0.018842)
(5.26961e-06 7.75498e-06 0.190314)
(4.8335e-06 7.04852e-06 0.181566)
(4.29378e-06 6.20569e-06 0.170237)
(3.63496e-06 5.16459e-06 0.15545)
(2.84961e-06 3.91358e-06 0.135981)
(1.95443e-06 2.49659e-06 0.110098)
(1.02135e-06 1.09029e-06 0.0753473)
(1.98262e-07 4.88598e-08 0.0282318)
(2.52319e-06 1.13319e-05 0.218303)
(2.31221e-06 1.04357e-05 0.208736)
(2.05002e-06 9.30615e-06 0.196231)
(1.72903e-06 7.86931e-06 0.179758)
(1.34608e-06 6.08964e-06 0.157856)
(9.10475e-07 4.00541e-06 0.128434)
(4.60439e-07 1.85372e-06 0.0884588)
(7.58917e-08 1.56994e-07 0.0334889)
(-2.50763e-06 1.13327e-05 0.218303)
(-2.29712e-06 1.04365e-05 0.208736)
(-2.03583e-06 9.30699e-06 0.196231)
(-1.71629e-06 7.87015e-06 0.179758)
(-1.3354e-06 6.09044e-06 0.157856)
(-9.02497e-07 4.0061e-06 0.128434)
(-4.55699e-07 1.8542e-06 0.0884589)
(-7.46188e-08 1.57166e-07 0.0334889)
(-5.25659e-06 7.75756e-06 0.190314)
(-4.82092e-06 7.05106e-06 0.181566)
(-4.28197e-06 6.20815e-06 0.170237)
(-3.62435e-06 5.16692e-06 0.155451)
(-2.84068e-06 3.9157e-06 0.135981)
(-1.94767e-06 2.49837e-06 0.110098)
(-1.01723e-06 1.09153e-06 0.0753475)
(-1.97054e-07 4.9315e-08 0.0282319)
(-3.42193e-06 2.99578e-06 0.13355)
(-3.14667e-06 2.65138e-06 0.127404)
(-2.80316e-06 2.26872e-06 0.119379)
(-2.38e-06 1.8142e-06 0.10882)
(-1.87113e-06 1.2948e-06 0.0948477)
(-1.28719e-06 7.43413e-07 0.0762834)
(-6.76177e-07 2.46765e-07 0.0515931)
(-1.37184e-07 -4.62554e-08 0.018842)
(2.1151e-06 1.84422e-06 0.133512)
(1.94518e-06 1.63189e-06 0.127366)
(1.733e-06 1.39607e-06 0.119343)
(1.47153e-06 1.116e-06 0.108786)
(1.15701e-06 7.96059e-07 0.0948161)
(7.96062e-07 4.56566e-07 0.0762568)
(4.18336e-07 1.51021e-07 0.0515741)
(8.503e-08 -2.88055e-08 0.0188345)
(3.2542e-06 4.78084e-06 0.19028)
(2.98474e-06 4.34493e-06 0.18153)
(2.65123e-06 3.82508e-06 0.1702)
(2.24414e-06 3.18303e-06 0.155414)
(1.75894e-06 2.41168e-06 0.135945)
(1.20605e-06 1.53824e-06 0.110066)
(6.3e-07 6.71655e-07 0.0753225)
(1.22229e-07 3.02522e-08 0.0282212)
(1.55883e-06 6.98846e-06 0.21828)
(1.42845e-06 6.43519e-06 0.208709)
(1.2664e-06 5.73819e-06 0.196201)
(1.068e-06 4.85168e-06 0.179725)
(8.31307e-07 3.7539e-06 0.157821)
(5.62119e-07 2.46862e-06 0.1284)
(2.84112e-07 1.14223e-06 0.0884315)
(4.67626e-08 9.69877e-08 0.0334765)
(-1.54755e-06 6.989e-06 0.21828)
(-1.4177e-06 6.43573e-06 0.208709)
(-1.25648e-06 5.73873e-06 0.196201)
(-1.05927e-06 4.8522e-06 0.179725)
(-8.24173e-07 3.75437e-06 0.157821)
(-5.56961e-07 2.46902e-06 0.1284)
(-2.81199e-07 1.1425e-06 0.0884316)
(-4.60773e-08 9.70795e-08 0.0334766)
(-3.24517e-06 4.78242e-06 0.19028)
(-2.97616e-06 4.34646e-06 0.181531)
(-2.64333e-06 3.82655e-06 0.170201)
(-2.23718e-06 3.1844e-06 0.155414)
(-1.75321e-06 2.4129e-06 0.135946)
(-1.20183e-06 1.53923e-06 0.110066)
(-6.27527e-07 6.72336e-07 0.0753226)
(-1.21566e-07 3.04951e-08 0.0282212)
(-2.11079e-06 1.84528e-06 0.133513)
(-1.94114e-06 1.63294e-06 0.127367)
(-1.72933e-06 1.39712e-06 0.119343)
(-1.46832e-06 1.11704e-06 0.108786)
(-1.15439e-06 7.97026e-07 0.0948166)
(-7.94147e-07 4.57403e-07 0.0762572)
(-4.17209e-07 1.51623e-07 0.0515744)
(-8.47182e-08 -2.85876e-08 0.0188346)
(1.30851e-06 1.14106e-06 0.133489)
(1.20343e-06 1.00975e-06 0.127343)
(1.07217e-06 8.63875e-07 0.11932)
(9.10395e-07 6.90633e-07 0.108765)
(7.15789e-07 4.9271e-07 0.0947969)
(4.92456e-07 2.82672e-07 0.0762405)
(2.58754e-07 9.36e-08 0.0515625)
(5.25542e-08 -1.77633e-08 0.01883)
(2.01296e-06 2.95627e-06 0.190259)
(1.84628e-06 2.68676e-06 0.181509)
(1.63994e-06 2.36531e-06 0.170178)
(1.38806e-06 1.96833e-06 0.155391)
(1.08785e-06 1.49143e-06 0.135923)
(7.45802e-07 9.51411e-07 0.110046)
(3.89496e-07 4.15592e-07 0.0753071)
(7.54887e-08 1.88164e-08 0.0282146)
(9.64676e-07 4.321e-06 0.218266)
(8.83918e-07 3.97888e-06 0.208693)
(7.83545e-07 3.54784e-06 0.196183)
(6.60671e-07 2.9997e-06 0.179704)
(5.14122e-07 2.321e-06 0.1578)
(3.47516e-07 1.52646e-06 0.128379)
(1.75539e-07 7.0651e-07 0.0884147)
(2.88151e-08 6.01018e-08 0.0334689)
(-9.57274e-07 4.32127e-06 0.218266)
(-8.77036e-07 3.97914e-06 0.208693)
(-7.7738e-07 3.5481e-06 0.196183)
(-6.55441e-07 2.99993e-06 0.179704)
(-5.10047e-07 2.3212e-06 0.1578)
(-3.44774e-07 1.52662e-06 0.128379)
(-1.7418e-07 7.06599e-07 0.0884147)
(-2.86232e-08 6.01261e-08 0.0334689)
(-2.0074e-06 2.95697e-06 0.190259)
(-1.84114e-06 2.68742e-06 0.181509)
(-1.63536e-06 2.36592e-06 0.170178)
(-1.38417e-06 1.96887e-06 0.155391)
(-1.08481e-06 1.49188e-06 0.135923)
(-7.43711e-07 9.51755e-07 0.110046)
(-3.88399e-07 4.15805e-07 0.0753073)
(-7.52792e-08 1.88835e-08 0.0282146)
(-1.30626e-06 1.14129e-06 0.133489)
(-1.2014e-06 1.00998e-06 0.127344)
(-1.07041e-06 8.64107e-07 0.119321)
(-9.08929e-07 6.90861e-07 0.108765)
(-7.14662e-07 4.92923e-07 0.0947975)
(-4.91697e-07 2.82855e-07 0.076241)
(-2.58363e-07 9.3727e-08 0.0515628)
(-5.24834e-08 -1.77216e-08 0.0188301)
(8.10485e-07 7.06555e-07 0.133474)
(7.45421e-07 6.25233e-07 0.127329)
(6.64126e-07 5.34881e-07 0.119307)
(5.63902e-07 4.27585e-07 0.108752)
(4.43333e-07 3.05015e-07 0.094785)
(3.04973e-07 1.74955e-07 0.0762305)
(1.60212e-07 5.78981e-08 0.0515553)
(3.25249e-08 -1.10167e-08 0.0188271)
(1.24626e-06 1.82995e-06 0.190246)
(1.14309e-06 1.66308e-06 0.181495)
(1.01534e-06 1.46404e-06 0.170164)
(8.59362e-07 1.21825e-06 0.155377)
(6.73456e-07 9.23004e-07 0.135909)
(4.61646e-07 5.88718e-07 0.110033)
(2.4104e-07 2.57088e-07 0.0752976)
(4.6685e-08 1.15946e-08 0.0282105)
(5.97365e-07 2.67457e-06 0.218257)
(5.47302e-07 2.46274e-06 0.208683)
(4.85086e-07 2.19585e-06 0.196171)
(4.08937e-07 1.85649e-06 0.179692)
(3.1814e-07 1.43634e-06 0.157786)
(2.14955e-07 9.4454e-07 0.128366)
(1.08502e-07 4.37075e-07 0.0884042)
(1.77639e-08 3.71219e-08 0.0334642)
(-5.93073e-07 2.67462e-06 0.218258)
(-5.4348e-07 2.46278e-06 0.208683)
(-4.81842e-07 2.19588e-06 0.196171)
(-4.0638e-07 1.8565e-06 0.179692)
(-3.16358e-07 1.43633e-06 0.157786)
(-2.13981e-07 9.44515e-07 0.128366)
(-1.08239e-07 4.37042e-07 0.0884043)
(-1.78949e-08 3.71026e-08 0.0334642)
(-1.24334e-06 1.82998e-06 0.190246)
(-1.14053e-06 1.66309e-06 0.181495)
(-1.01321e-06 1.46402e-06 0.170164)
(-8.57713e-07 1.2182e-06 0.155377)
(-6.72327e-07 9.2292e-07 0.13591)
(-4.61037e-07 5.88616e-07 0.110033)
(-2.40876e-07 2.56993e-07 0.0752978)
(-4.67653e-08 1.15501e-08 0.0282106)
(-8.09667e-07 7.06211e-07 0.133475)
(-7.44773e-07 6.24893e-07 0.12733)
(-6.63653e-07 5.34556e-07 0.119307)
(-5.636e-07 4.27278e-07 0.108752)
(-4.43191e-07 3.04735e-07 0.0947856)
(-3.04967e-07 1.7472e-07 0.0762309)
(-1.60294e-07 5.77313e-08 0.0515556)
(-3.26022e-08 -1.10811e-08 0.0188272)
(5.02155e-07 4.37396e-07 0.133465)
(4.6188e-07 3.87034e-07 0.12732)
(4.11533e-07 3.31078e-07 0.119298)
(3.49441e-07 2.64634e-07 0.108744)
(2.74732e-07 1.88741e-07 0.0947777)
(1.88994e-07 1.08224e-07 0.0762243)
(9.92897e-08 3.57776e-08 0.0515508)
(2.01638e-08 -6.84417e-09 0.0188254)
(7.71912e-07 1.13296e-06 0.190238)
(7.08039e-07 1.02962e-06 0.181487)
(6.28926e-07 9.06358e-07 0.170155)
(5.32315e-07 7.54155e-07 0.155368)
(4.1715e-07 5.71344e-07 0.135901)
(2.85935e-07 3.64382e-07 0.110025)
(1.49279e-07 1.59096e-07 0.0752917)
(2.89056e-08 7.16794e-09 0.028208)
(3.6986e-07 1.65594e-06 0.218252)
(3.3882e-07 1.52475e-06 0.208676)
(3.00251e-07 1.35947e-06 0.196164)
(2.53056e-07 1.14933e-06 0.179684)
(1.96801e-07 8.89174e-07 0.157778)
(1.32897e-07 5.84684e-07 0.128358)
(6.70104e-08 2.70535e-07 0.0883978)
(1.0922e-08 2.29827e-08 0.0334613)
(-3.67928e-07 1.65584e-06 0.218252)
(-3.37283e-07 1.52464e-06 0.208677)
(-2.99156e-07 1.35935e-06 0.196164)
(-2.52433e-07 1.14919e-06 0.179684)
(-1.96648e-07 8.89031e-07 0.157778)
(-1.33151e-07 5.84544e-07 0.128359)
(-6.74897e-08 2.70422e-07 0.0883978)
(-1.12603e-08 2.29355e-08 0.0334613)
(-7.70929e-07 1.13256e-06 0.190238)
(-7.07351e-07 1.0292e-06 0.181487)
(-6.28548e-07 9.0593e-07 0.170156)
(-5.32243e-07 7.5372e-07 0.155368)
(-4.17354e-07 5.70918e-07 0.135901)
(-2.86343e-07 3.63995e-07 0.110026)
(-1.49746e-07 1.58804e-07 0.0752919)
(-2.91769e-08 7.05129e-09 0.028208)
(-5.0232e-07 4.36735e-07 0.133466)
(-4.62167e-07 3.86377e-07 0.127321)
(-4.11924e-07 3.30439e-07 0.119299)
(-3.49907e-07 2.64021e-07 0.108744)
(-2.75233e-07 1.88176e-07 0.0947782)
(-1.89473e-07 1.07741e-07 0.0762247)
(-9.96685e-08 3.5431e-08 0.0515511)
(-2.03322e-08 -6.97465e-09 0.0188255)
(3.1142e-07 2.71048e-07 0.13346)
(2.8647e-07 2.39829e-07 0.127315)
(2.55264e-07 2.05138e-07 0.119293)
(2.16762e-07 1.63949e-07 0.108739)
(1.70427e-07 1.16908e-07 0.0947731)
(1.17245e-07 6.70067e-08 0.0762204)
(6.16008e-08 2.21212e-08 0.0515481)
(1.25154e-08 -4.26151e-09 0.0188243)
(4.78424e-07 7.01982e-07 0.190233)
(4.38865e-07 6.37942e-07 0.181481)
(3.89851e-07 5.61552e-07 0.17015)
(3.29978e-07 4.6723e-07 0.155362)
(2.58594e-07 3.53948e-07 0.135895)
(1.77252e-07 2.25712e-07 0.110021)
(9.25356e-08 9.85335e-08 0.075288)
(1.7916e-08 4.42999e-09 0.0282064)
(2.2894e-07 1.02595e-06 0.218249)
(2.09691e-07 9.44662e-07 0.208673)
(1.8578e-07 8.42243e-07 0.19616)
(1.56529e-07 7.12027e-07 0.179679)
(1.21676e-07 5.5084e-07 0.157773)
(8.21043e-08 3.62195e-07 0.128353)
(4.13375e-08 1.67583e-07 0.0883938)
(6.69186e-09 1.42388e-08 0.0334595)
(-2.28658e-07 1.02575e-06 0.218249)
(-2.0972e-07 9.44449e-07 0.208673)
(-1.86124e-07 8.42024e-07 0.19616)
(-1.57169e-07 7.11803e-07 0.179679)
(-1.22555e-07 5.50619e-07 0.157773)
(-8.31039e-08 3.61993e-07 0.128354)
(-4.22384e-08 1.67429e-07 0.0883939)
(-7.13034e-09 1.41785e-08 0.0334595)
(-4.78716e-07 7.01322e-07 0.190233)
(-4.39381e-07 6.37278e-07 0.181482)
(-3.90574e-07 5.60892e-07 0.17015)
(-3.3087e-07 4.66584e-07 0.155363)
(-2.59587e-07 3.53338e-07 0.135896)
(-1.78237e-07 2.2518e-07 0.110021)
(-9.33374e-08 9.8145e-08 0.0752882)
(-1.82754e-08 4.2812e-09 0.0282065)
(-3.12159e-07 2.70212e-07 0.13346)
(-2.87292e-07 2.39004e-07 0.127316)
(-2.56139e-07 2.04335e-07 0.119294)
(-2.17647e-07 1.63182e-07 0.108739)
(-1.71267e-07 1.16203e-07 0.0947737)
(-1.17972e-07 6.64094e-08 0.0762208)
(-6.21249e-08 2.1698e-08 0.0515484)
(-1.27232e-08 -4.41834e-09 0.0188244)
(1.93163e-07 1.67995e-07 0.133456)
(1.77704e-07 1.4864e-07 0.127312)
(1.58357e-07 1.2713e-07 0.11929)
(1.34476e-07 1.01594e-07 0.108735)
(1.05731e-07 7.24325e-08 0.0947703)
(7.27363e-08 4.15044e-08 0.076218)
(3.82155e-08 1.36927e-08 0.0515464)
(7.7643e-09 -2.64791e-09 0.0188236)
(2.96533e-07 4.35092e-07 0.19023)
(2.72026e-07 3.95393e-07 0.181478)
(2.41649e-07 3.48037e-07 0.170146)
(2.04533e-07 2.89567e-07 0.155359)
(1.60274e-07 2.19349e-07 0.135892)
(1.09841e-07 1.39871e-07 0.110018)
(5.73228e-08 6.10581e-08 0.0752858)
(1.10838e-08 2.74708e-09 0.0282054)
(1.41575e-07 6.35817e-07 0.218247)
(1.29636e-07 5.8543e-07 0.20867)
(1.14813e-07 5.21947e-07 0.196157)
(9.66885e-08 4.41239e-07 0.179676)
(7.51048e-08 3.41341e-07 0.15777)
(5.06178e-08 2.24434e-07 0.12835)
(2.54233e-08 1.0384e-07 0.0883913)
(4.07004e-09 8.82612e-09 0.0334584)
(-1.42392e-07 6.3557e-07 0.218247)
(-1.30685e-07 5.85176e-07 0.20867)
(-1.16071e-07 5.21688e-07 0.196157)
(-9.81059e-08 4.40978e-07 0.179676)
(-7.65954e-08 3.41088e-07 0.15777)
(-5.20369e-08 2.24207e-07 0.128351)
(-2.65412e-08 1.03671e-07 0.0883914)
(-4.54691e-09 8.76072e-09 0.0334584)
(-2.97652e-07 4.34325e-07 0.19023)
(-2.73305e-07 3.94628e-07 0.181479)
(-2.43055e-07 3.47283e-07 0.170147)
(-2.06007e-07 2.88837e-07 0.15536)
(-1.6173e-07 2.18668e-07 0.135893)
(-1.11151e-07 1.39281e-07 0.110018)
(-5.83042e-08 6.06305e-08 0.075286)
(-1.14844e-08 2.58424e-09 0.0282055)
(-1.9424e-07 1.6714e-07 0.133457)
(-1.78831e-07 1.47793e-07 0.127312)
(-1.59498e-07 1.26303e-07 0.11929)
(-1.35583e-07 1.008e-07 0.108736)
(-1.06744e-07 7.16992e-08 0.0947708)
(-7.35816e-08 4.08781e-08 0.0762185)
(-3.88019e-08 1.3244e-08 0.0515467)
(-7.98553e-09 -2.81435e-09 0.0188237)
(1.19888e-07 1.04201e-07 0.133454)
(1.10306e-07 9.21919e-08 0.12731)
(9.83048e-08 7.88431e-08 0.119288)
(8.34851e-08 6.29964e-08 0.108734)
(6.56417e-08 4.49033e-08 0.0947685)
(4.51576e-08 2.57161e-08 0.0762165)
(2.37257e-08 8.46858e-09 0.0515453)
(4.8223e-09 -1.6519e-09 0.0188232)
(1.83847e-07 2.69787e-07 0.190228)
(1.68665e-07 2.45169e-07 0.181476)
(1.49838e-07 2.15797e-07 0.170144)
(1.26827e-07 1.79534e-07 0.155357)
(9.93818e-08 1.35988e-07 0.13589)
(6.81053e-08 8.67022e-08 0.110016)
(3.55366e-08 3.78375e-08 0.0752844)
(6.8688e-09 1.69738e-09 0.0282048)
(8.74704e-08 3.94175e-07 0.218245)
(8.00685e-08 3.62935e-07 0.208669)
(7.08837e-08 3.23572e-07 0.196155)
(5.96609e-08 2.7353e-07 0.179674)
(4.63055e-08 2.11592e-07 0.157768)
(3.11671e-08 1.39114e-07 0.128349)
(1.5613e-08 6.43568e-08 0.0883898)
(2.46955e-09 5.46996e-09 0.0334577)
(-8.88584e-08 3.93917e-07 0.218245)
(-8.16159e-08 3.62674e-07 0.208669)
(-7.25536e-08 3.23308e-07 0.196155)
(-6.13894e-08 2.73268e-07 0.179674)
(-4.79958e-08 2.11343e-07 0.157768)
(-3.26739e-08 1.38894e-07 0.128349)
(-1.67274e-08 6.41974e-08 0.0883898)
(-2.90925e-09 5.40971e-09 0.0334577)
(-1.85323e-07 2.69016e-07 0.190228)
(-1.70245e-07 2.44405e-07 0.181477)
(-1.51481e-07 2.15052e-07 0.170145)
(-1.28469e-07 1.7882e-07 0.155357)
(-1.00934e-07 1.3533e-07 0.135891)
(-6.94434e-08 8.61417e-08 0.110016)
(-3.64959e-08 3.74392e-08 0.0752846)
(-7.23794e-09 1.54894e-09 0.0282049)
(-1.21032e-07 1.03385e-07 0.133455)
(-1.11476e-07 9.13881e-08 0.12731)
(-9.9466e-08 7.80604e-08 0.119288)
(-8.45909e-08 6.22494e-08 0.108734)
(-6.66354e-08 4.42179e-08 0.0947691)
(-4.59713e-08 2.51362e-08 0.076217)
(-2.42795e-08 8.05879e-09 0.0515456)
(-5.02405e-09 -1.80173e-09 0.0188233)
(7.43829e-08 6.45939e-08 0.133453)
(6.84455e-08 5.71471e-08 0.127308)
(6.1004e-08 4.88699e-08 0.119286)
(5.181e-08 3.90447e-08 0.108732)
(4.07369e-08 2.7827e-08 0.0947674)
(2.80243e-08 1.59343e-08 0.0762156)
(1.47243e-08 5.24663e-09 0.0515447)
(2.99246e-09 -1.02506e-09 0.0188229)
(1.13926e-07 1.67281e-07 0.190226)
(1.0452e-07 1.52016e-07 0.181475)
(9.28509e-08 1.33803e-07 0.170143)
(7.8585e-08 1.11318e-07 0.155356)
(6.15688e-08 8.43178e-08 0.135889)
(4.21781e-08 5.37623e-08 0.110015)
(2.19929e-08 2.3469e-08 0.0752835)
(4.23923e-09 1.05963e-09 0.0282045)
(5.39381e-08 2.44365e-07 0.218244)
(4.93507e-08 2.24998e-07 0.208668)
(4.36632e-08 2.00594e-07 0.196154)
(3.67199e-08 1.6957e-07 0.179673)
(2.84653e-08 1.31173e-07 0.157767)
(1.91206e-08 8.62434e-08 0.128347)
(9.53924e-09 3.99046e-08 0.0883888)
(1.47926e-09 3.39709e-09 0.0334573)
(-5.56058e-08 2.44128e-07 0.218245)
(-5.11209e-08 2.24757e-07 0.208668)
(-4.54934e-08 2.00351e-07 0.196154)
(-3.85435e-08 1.6933e-07 0.179673)
(-3.01867e-08 1.30945e-07 0.157767)
(-2.06042e-08 8.60432e-08 0.128347)
(-1.05999e-08 3.97589e-08 0.0883889)
(-1.88003e-09 3.34252e-09 0.0334573)
(-1.15555e-07 1.66574e-07 0.190227)
(-1.06211e-07 1.51318e-07 0.181475)
(-9.4563e-08 1.33124e-07 0.170144)
(-8.02546e-08 1.10668e-07 0.155356)
(-6.31109e-08 8.37204e-08 0.135889)
(-4.34792e-08 5.32534e-08 0.110015)
(-2.29054e-08 2.31058e-08 0.0752837)
(-4.58072e-09 9.23164e-10 0.0282045)
(-7.55137e-08 6.38927e-08 0.133453)
(-6.95841e-08 5.64549e-08 0.127309)
(-6.21187e-08 4.81926e-08 0.119287)
(-5.28583e-08 3.83947e-08 0.108733)
(-4.16682e-08 2.72275e-08 0.094768)
(-2.87778e-08 1.54225e-08 0.0762161)
(-1.52296e-08 4.88091e-09 0.0515449)
(-3.17316e-09 -1.15975e-09 0.018823)
(4.6179e-08 4.00991e-08 0.133452)
(4.24984e-08 3.54758e-08 0.127307)
(3.78816e-08 3.03347e-08 0.119285)
(3.21741e-08 2.42321e-08 0.108732)
(2.52979e-08 1.72659e-08 0.0947668)
(1.74025e-08 9.88186e-09 0.076215)
(9.14251e-09 3.24783e-09 0.0515442)
(1.85818e-09 -6.39349e-10 0.0188228)
(7.06132e-08 1.03785e-07 0.190226)
(6.4788e-08 9.43156e-08 0.181474)
(5.75583e-08 8.30143e-08 0.170142)
(4.87157e-08 6.90612e-08 0.155355)
(3.81659e-08 5.23075e-08 0.135888)
(2.61428e-08 3.3348e-08 0.110014)
(1.36282e-08 1.45547e-08 0.075283)
(2.62514e-09 6.561e-10 0.0282042)
(3.32048e-08 1.51563e-07 0.218244)
(3.03657e-08 1.39552e-07 0.208667)
(2.68493e-08 1.24414e-07 0.196153)
(2.25606e-08 1.05171e-07 0.179672)
(1.74672e-08 8.13527e-08 0.157766)
(1.1709e-08 5.34859e-08 0.128347)
(5.81728e-09 2.47465e-08 0.0883882)
(8.84004e-10 2.1075e-09 0.033457)
(-3.49012e-08 1.5135e-07 0.218244)
(-3.21182e-08 1.39338e-07 0.208667)
(-2.86152e-08 1.242e-07 0.196154)
(-2.42768e-08 1.04961e-07 0.179672)
(-1.90471e-08 8.11561e-08 0.157766)
(-1.30351e-08 5.33146e-08 0.128347)
(-6.73786e-09 2.46233e-08 0.0883883)
(-1.21723e-09 2.0621e-09 0.033457)
(-7.21779e-08 1.03166e-07 0.190226)
(-6.63816e-08 9.37071e-08 0.181475)
(-5.91409e-08 8.24247e-08 0.170143)
(-5.02311e-08 6.85014e-08 0.155355)
(-3.95399e-08 5.17966e-08 0.135889)
(-2.72799e-08 3.29181e-08 0.110014)
(-1.44084e-08 1.42518e-08 0.0752832)
(-2.90734e-09 5.4404e-10 0.0282043)
(-4.71851e-08 3.9496e-08 0.133453)
(-4.3501e-08 3.4883e-08 0.127308)
(-3.88535e-08 2.97576e-08 0.119286)
(-3.308e-08 2.36822e-08 0.108732)
(-2.60954e-08 1.67623e-08 0.0947673)
(-1.80418e-08 9.45568e-09 0.0762155)
(-9.56696e-09 2.94738e-09 0.0515445)
(-2.00711e-09 -7.48986e-10 0.0188229)
(2.86272e-08 2.48576e-08 0.133451)
(2.63486e-08 2.19918e-08 0.127307)
(2.34879e-08 1.88052e-08 0.119285)
(1.99491e-08 1.50226e-08 0.108731)
(1.56846e-08 1.07047e-08 0.0947664)
(1.0788e-08 6.12847e-09 0.0762147)
(5.66634e-09 2.01793e-09 0.051544)
(1.15051e-09 -3.94282e-10 0.0188227)
(4.37003e-08 6.43613e-08 0.190225)
(4.00945e-08 5.84902e-08 0.181474)
(3.56174e-08 5.14831e-08 0.170142)
(3.01401e-08 4.28311e-08 0.155354)
(2.36049e-08 3.24419e-08 0.135888)
(1.61587e-08 2.06869e-08 0.110014)
(8.41323e-09 9.03504e-09 0.0752826)
(1.61304e-09 4.12407e-10 0.0282041)
(2.037e-08 9.39619e-08 0.218244)
(1.86164e-08 8.65175e-08 0.208667)
(1.64468e-08 7.71332e-08 0.196153)
(1.38041e-08 6.52032e-08 0.179672)
(1.06695e-08 5.0438e-08 0.157765)
(7.13214e-09 3.31623e-08 0.128346)
(3.52304e-09 1.53469e-08 0.0883879)
(5.20556e-10 1.31016e-09 0.0334568)
(-2.1977e-08 9.37855e-08 0.218244)
(-2.02457e-08 8.63392e-08 0.208667)
(-1.80591e-08 7.69559e-08 0.196153)
(-1.5343e-08 6.50297e-08 0.179672)
(-1.20604e-08 5.02751e-08 0.157765)
(-8.2769e-09 3.30214e-08 0.128346)
(-4.30007e-09 1.52455e-08 0.0883879)
(-7.91657e-10 1.27302e-09 0.0334569)
(-4.51392e-08 6.38486e-08 0.190226)
(-4.15394e-08 5.79869e-08 0.181474)
(-3.70334e-08 5.09962e-08 0.170142)
(-3.14786e-08 4.23702e-08 0.155355)
(-2.48035e-08 3.20228e-08 0.135888)
(-1.71377e-08 2.03339e-08 0.110014)
(-9.07494e-09 8.78597e-09 0.0752828)
(-1.84732e-09 3.19784e-10 0.0282042)
(-2.95024e-08 2.43879e-08 0.133452)
(-2.72121e-08 2.15286e-08 0.127308)
(-2.43175e-08 1.83518e-08 0.119286)
(-2.0716e-08 1.45879e-08 0.108732)
(-1.63543e-08 1.03044e-08 0.0947669)
(-1.13201e-08 5.78706e-09 0.0762151)
(-6.01574e-09 1.77419e-09 0.0515443)
(-1.2712e-09 -4.83704e-10 0.0188228)
(1.77913e-08 1.54325e-08 0.133451)
(1.63804e-08 1.36513e-08 0.127307)
(1.46066e-08 1.16683e-08 0.119285)
(1.24104e-08 9.31457e-09 0.108731)
(9.76188e-09 6.62963e-09 0.0947661)
(6.71848e-09 3.78411e-09 0.0762145)
(3.53246e-09 1.23123e-09 0.0515438)
(7.21629e-10 -2.54043e-10 0.0188226)
(2.71147e-08 3.99004e-08 0.190225)
(2.48881e-08 3.62564e-08 0.181473)
(2.21209e-08 3.19073e-08 0.170142)
(1.87323e-08 2.65375e-08 0.155354)
(1.46856e-08 2.00917e-08 0.135887)
(1.00699e-08 1.27987e-08 0.110013)
(5.25997e-09 5.57386e-09 0.0752824)
(1.02272e-09 2.43187e-10 0.028204)
(1.25338e-08 5.8244e-08 0.218244)
(1.1456e-08 5.36271e-08 0.208667)
(1.01236e-08 4.7807e-08 0.196153)
(8.50109e-09 4.0409e-08 0.179671)
(6.57696e-09 3.12537e-08 0.157765)
(4.4048e-09 2.05426e-08 0.128346)
(2.18589e-09 9.49877e-09 0.0883877)
(3.31482e-10 8.06622e-10 0.0334567)
(-1.38151e-08 5.81078e-08 0.218244)
(-1.27333e-08 5.34912e-08 0.208667)
(-1.13632e-08 4.76742e-08 0.196153)
(-9.65725e-09 4.02816e-08 0.179672)
(-7.59218e-09 3.11383e-08 0.157765)
(-5.2091e-09 2.04464e-08 0.128346)
(-2.70315e-09 9.43466e-09 0.0883877)
(-4.94373e-10 7.84937e-10 0.0334567)
(-2.8207e-08 3.95219e-08 0.190225)
(-2.59683e-08 3.58883e-08 0.181474)
(-2.31608e-08 3.15556e-08 0.170142)
(-1.9695e-08 2.6211e-08 0.155355)
(-1.55254e-08 1.98021e-08 0.135888)
(-1.07329e-08 1.25645e-08 0.110014)
(-5.68787e-09 5.41845e-09 0.0752826)
(-1.16097e-09 1.89592e-10 0.0282041)
(-1.84227e-08 1.50808e-08 0.133452)
(-1.69969e-08 1.33073e-08 0.127307)
(-1.51924e-08 1.13371e-08 0.119285)
(-1.2945e-08 9.00431e-09 0.108731)
(-1.0222e-08 6.35147e-09 0.0947666)
(-7.07767e-09 3.55604e-09 0.0762149)
(-3.76347e-09 1.07768e-09 0.0515441)
(-7.97239e-10 -3.07454e-10 0.0188227)
(1.11393e-08 9.46557e-09 0.133451)
(1.02631e-08 8.36367e-09 0.127306)
(9.15998e-09 7.14022e-09 0.119285)
(7.79224e-09 5.68973e-09 0.108731)
(6.14043e-09 4.0365e-09 0.0947659)
(4.23882e-09 2.28748e-09 0.0762143)
(2.24171e-09 7.25127e-10 0.0515437)
(4.66885e-10 -1.71206e-10 0.0188226)
(1.68914e-08 2.46502e-08 0.190225)
(1.55128e-08 2.23925e-08 0.181473)
(1.37976e-08 1.97e-08 0.170141)
(1.1695e-08 1.63788e-08 0.155354)
(9.18101e-09 1.23929e-08 0.135887)
(6.3088e-09 7.88669e-09 0.110013)
(3.30863e-09 3.42621e-09 0.0752823)
(6.52127e-10 1.41873e-10 0.028204)
(7.76811e-09 3.60449e-08 0.218243)
(7.10465e-09 3.31846e-08 0.208666)
(6.28394e-09 2.9581e-08 0.196153)
(5.28394e-09 2.50015e-08 0.179671)
(4.09681e-09 1.93347e-08 0.157765)
(2.75366e-09 1.27055e-08 0.128346)
(1.3769e-09 5.87291e-09 0.0883875)
(2.16143e-10 4.97054e-10 0.0334567)
(-8.65873e-09 3.59696e-08 0.218244)
(-7.98218e-09 3.31116e-08 0.208667)
(-7.12373e-09 2.95095e-08 0.196153)
(-6.05372e-09 2.49326e-08 0.179671)
(-4.75759e-09 1.92715e-08 0.157765)
(-3.26195e-09 1.26531e-08 0.128346)
(-1.69006e-09 5.83648e-09 0.0883876)
(-3.07288e-10 4.84483e-10 0.0334567)
(-1.76408e-08 2.44369e-08 0.190225)
(-1.62477e-08 2.21895e-08 0.181474)
(-1.4498e-08 1.95087e-08 0.170142)
(-1.23351e-08 1.62014e-08 0.155354)
(-9.7308e-09 1.22354e-08 0.135888)
(-6.73427e-09 7.75694e-09 0.110013)
(-3.5761e-09 3.33853e-09 0.0752825)
(-7.35328e-10 1.10765e-10 0.028204)
(-1.15364e-08 9.30191e-09 0.133452)
(-1.06481e-08 8.20404e-09 0.127307)
(-9.52235e-09 6.98355e-09 0.119285)
(-8.11887e-09 5.53881e-09 0.108731)
(-6.41682e-09 3.89707e-09 0.0947665)
(-4.44951e-09 2.16893e-09 0.0762148)
(-2.37268e-09 6.41783e-10 0.051544)
(-5.0745e-10 -2.00671e-10 0.0188227)
(6.86377e-09 5.88779e-09 0.133451)
(6.32144e-09 5.20584e-09 0.127306)
(5.638e-09 4.44901e-09 0.119284)
(4.79018e-09 3.55184e-09 0.108731)
(3.76666e-09 2.5285e-09 0.0947658)
(2.5906e-09 1.44519e-09 0.0762143)
(1.36011e-09 4.73505e-10 0.0515437)
(2.75523e-10 -9.4816e-11 0.0188225)
(1.04125e-08 1.52963e-08 0.190225)
(9.55797e-09 1.38991e-08 0.181473)
(8.49393e-09 1.22326e-08 0.170141)
(7.18919e-09 1.01766e-08 0.155354)
(5.62969e-09 7.70824e-09 0.135887)
(3.85086e-09 4.91518e-09 0.110013)
(2.00008e-09 2.14737e-09 0.0752822)
(3.79303e-10 9.89796e-11 0.0282039)
(4.72201e-09 2.23439e-08 0.218243)
(4.31328e-09 2.05721e-08 0.208666)
(3.80762e-09 1.83403e-08 0.196153)
(3.19157e-09 1.55039e-08 0.179671)
(2.46092e-09 1.19932e-08 0.157765)
(1.63657e-09 7.88551e-09 0.128346)
(7.98084e-10 3.64871e-09 0.0883874)
(1.09161e-10 3.12233e-10 0.0334566)
(-5.49461e-09 2.2285e-08 0.218243)
(-5.07068e-09 2.05134e-08 0.208667)
(-4.53168e-09 1.82813e-08 0.196153)
(-3.85873e-09 1.54461e-08 0.179671)
(-3.04232e-09 1.19385e-08 0.157765)
(-2.09793e-09 7.83707e-09 0.128346)
(-1.10038e-09 3.61219e-09 0.0883875)
(-2.10569e-10 2.98199e-10 0.0334566)
(-1.10522e-08 1.5133e-08 0.190225)
(-1.01831e-08 1.37386e-08 0.181474)
(-9.09007e-09 1.20763e-08 0.170142)
(-7.73777e-09 1.00266e-08 0.155354)
(-6.10804e-09 7.56955e-09 0.135887)
(-4.2315e-09 4.79455e-09 0.110013)
(-2.25144e-09 2.05824e-09 0.0752824)
(-4.66188e-10 6.42164e-11 0.028204)
(-7.20211e-09 5.77379e-09 0.133451)
(-6.64674e-09 5.09163e-09 0.127307)
(-5.94277e-09 4.33333e-09 0.119285)
(-5.06525e-09 3.43658e-09 0.108731)
(-4.00142e-09 2.41728e-09 0.0947664)
(-2.77242e-09 1.34508e-09 0.0762147)
(-1.47608e-09 3.97339e-10 0.051544)
(-3.14337e-10 -1.24385e-10 0.0188226)
(4.26074e-09 3.68966e-09 0.133451)
(3.92551e-09 3.26355e-09 0.127306)
(3.50216e-09 2.78901e-09 0.119284)
(2.97617e-09 2.22578e-09 0.10873)
(2.34078e-09 1.58372e-09 0.0947658)
(1.61013e-09 9.03446e-10 0.0762142)
(8.45626e-10 2.93412e-10 0.0515436)
(1.72197e-10 -6.09364e-11 0.0188225)
(6.45424e-09 9.51386e-09 0.190225)
(5.92919e-09 8.64585e-09 0.181473)
(5.27397e-09 7.60897e-09 0.170141)
(4.46886e-09 6.32893e-09 0.155354)
(3.50504e-09 4.79249e-09 0.135887)
(2.40377e-09 3.05289e-09 0.110013)
(1.25555e-09 1.32906e-09 0.0752822)
(2.44105e-10 5.77677e-11 0.0282039)
(2.88609e-09 1.38729e-08 0.218243)
(2.63887e-09 1.27749e-08 0.208666)
(2.33236e-09 1.13904e-08 0.196152)
(1.95826e-09 9.63028e-09 0.179671)
(1.51394e-09 7.45095e-09 0.157765)
(1.01184e-09 4.89853e-09 0.128346)
(4.99538e-10 2.26667e-09 0.0883874)
(7.3779e-11 1.93214e-10 0.0334566)
(-3.47575e-09 1.38231e-08 0.218243)
(-3.20595e-09 1.27254e-08 0.208666)
(-2.86299e-09 1.13423e-08 0.196153)
(-2.4351e-09 9.58472e-09 0.179671)
(-1.91626e-09 7.40993e-09 0.157765)
(-1.31684e-09 4.866e-09 0.128346)
(-6.85181e-10 2.24501e-09 0.0883874)
(-1.26277e-10 1.86251e-10 0.0334566)
(-6.91542e-09 9.38263e-09 0.190225)
(-6.37039e-09 8.51853e-09 0.181474)
(-5.68498e-09 7.48908e-09 0.170142)
(-4.83703e-09 6.21949e-09 0.155354)
(-3.81558e-09 4.69683e-09 0.135887)
(-2.64022e-09 2.97711e-09 0.110013)
(-1.4012e-09 1.28026e-09 0.0752824)
(-2.87373e-10 4.15386e-11 0.028204)
(-4.49774e-09 3.58262e-09 0.133451)
(-4.15007e-09 3.15931e-09 0.127307)
(-3.70963e-09 2.68897e-09 0.119285)
(-3.16094e-09 2.13264e-09 0.108731)
(-2.49622e-09 1.50047e-09 0.0947663)
(-1.72896e-09 8.35577e-10 0.0762146)
(-9.20217e-10 2.47622e-10 0.0515439)
(-1.95366e-10 -7.6892e-11 0.0188226)
(2.67586e-09 2.26523e-09 0.133451)
(2.46733e-09 2.00132e-09 0.127306)
(2.20342e-09 1.70845e-09 0.119284)
(1.87506e-09 1.36155e-09 0.10873)
(1.47759e-09 9.65681e-10 0.0947657)
(1.01977e-09 5.47554e-10 0.0762142)
(5.39309e-10 1.74289e-10 0.0515436)
(1.12e-10 -4.08453e-11 0.0188225)
(4.0232e-09 5.90093e-09 0.190225)
(3.6978e-09 5.36173e-09 0.181473)
(3.29106e-09 4.71807e-09 0.170141)
(2.79064e-09 3.92324e-09 0.155354)
(2.19085e-09 2.96909e-09 0.135887)
(1.50455e-09 1.88931e-09 0.110013)
(7.87782e-10 8.21174e-10 0.0752821)
(1.54439e-10 3.42404e-11 0.0282039)
(1.79501e-09 8.62138e-09 0.218243)
(1.64474e-09 7.93922e-09 0.208666)
(1.4577e-09 7.07878e-09 0.196152)
(1.22872e-09 5.98354e-09 0.179671)
(9.55537e-10 4.6273e-09 0.157765)
(6.45276e-10 3.04106e-09 0.128346)
(3.25864e-10 1.40454e-09 0.0883873)
(5.3965e-11 1.18207e-10 0.0334566)
(-2.17057e-09 8.60282e-09 0.218243)
(-1.9984e-09 7.92196e-09 0.208666)
(-1.78018e-09 7.06228e-09 0.196153)
(-1.5087e-09 5.96844e-09 0.179671)
(-1.18072e-09 4.6149e-09 0.157765)
(-8.03603e-10 3.03034e-09 0.128346)
(-4.10059e-10 1.39807e-09 0.0883874)
(-6.95435e-11 1.16115e-10 0.0334566)
(-4.31183e-09 5.85696e-09 0.190225)
(-3.96908e-09 5.32052e-09 0.181473)
(-3.53838e-09 4.6797e-09 0.170142)
(-3.00608e-09 3.88775e-09 0.155354)
(-2.36587e-09 2.93815e-09 0.135887)
(-1.63084e-09 1.86363e-09 0.110013)
(-8.59102e-10 8.03687e-10 0.0752823)
(-1.71615e-10 2.79328e-11 0.028204)
(-2.7971e-09 2.2591e-09 0.133451)
(-2.57854e-09 1.99504e-09 0.127307)
(-2.30203e-09 1.70036e-09 0.119285)
(-1.95815e-09 1.35141e-09 0.108731)
(-1.54248e-09 9.54303e-10 0.0947663)
(-1.06385e-09 5.35626e-10 0.0762146)
(-5.61621e-10 1.63989e-10 0.0515439)
(-1.16238e-10 -4.45084e-11 0.0188226)
(1.636e-09 1.46533e-09 0.133451)
(1.50528e-09 1.30025e-09 0.127306)
(1.33994e-09 1.11546e-09 0.119284)
(1.13456e-09 8.94871e-10 0.10873)
(8.87043e-10 6.42483e-10 0.0947657)
(6.03877e-10 3.73386e-10 0.0762141)
(3.10595e-10 1.29352e-10 0.0515436)
(5.8664e-11 -1.82181e-11 0.0188225)
(2.50668e-09 3.72139e-09 0.190225)
(2.30598e-09 3.38082e-09 0.181473)
(2.05407e-09 2.97241e-09 0.170141)
(1.74302e-09 2.46832e-09 0.155354)
(1.36916e-09 1.86524e-09 0.135887)
(9.40517e-10 1.1844e-09 0.110013)
(4.91932e-10 5.10738e-10 0.0752821)
(9.63195e-11 1.97678e-11 0.0282039)
(1.14426e-09 5.38361e-09 0.218243)
(1.0564e-09 4.96047e-09 0.208666)
(9.45252e-10 4.42494e-09 0.196152)
(8.06554e-10 3.74215e-09 0.179671)
(6.37995e-10 2.8947e-09 0.157765)
(4.42496e-10 1.90271e-09 0.128346)
(2.34151e-10 8.78339e-10 0.0883873)
(4.64174e-11 7.3483e-11 0.0334566)
(-1.32959e-09 5.36711e-09 0.218243)
(-1.21826e-09 4.94453e-09 0.208666)
(-1.07813e-09 4.40973e-09 0.196153)
(-9.05534e-10 3.72923e-09 0.179671)
(-6.99434e-10 2.88599e-09 0.157765)
(-4.66218e-10 1.89845e-09 0.128346)
(-2.28929e-10 8.79487e-10 0.0883874)
(-3.30321e-11 7.46946e-11 0.0334566)
(-2.6452e-09 3.66222e-09 0.190225)
(-2.42885e-09 3.3296e-09 0.181473)
(-2.15815e-09 2.9317e-09 0.170142)
(-1.8254e-09 2.44027e-09 0.155354)
(-1.42758e-09 1.84946e-09 0.135887)
(-9.74588e-10 1.1805e-09 0.110013)
(-5.04482e-10 5.17318e-10 0.0752823)
(-9.44449e-11 2.39764e-11 0.0282039)
(-1.69584e-09 1.42153e-09 0.133451)
(-1.56062e-09 1.25797e-09 0.127307)
(-1.39014e-09 1.07558e-09 0.119285)
(-1.17895e-09 8.5942e-10 0.108731)
(-9.24728e-10 6.12568e-10 0.0947662)
(-6.33762e-10 3.51785e-10 0.0762146)
(-3.31014e-10 1.17554e-10 0.0515439)
(-6.54523e-11 -2.1393e-11 0.0188226)
(1.00994e-09 8.87788e-10 0.133451)
(9.31966e-10 7.85628e-10 0.127306)
(8.32786e-10 6.70602e-10 0.119284)
(7.089e-10 5.33193e-10 0.10873)
(5.58783e-10 3.77185e-10 0.0947657)
(3.86673e-10 2.15316e-10 0.0762141)
(2.0571e-10 7.11429e-11 0.0515436)
(4.32244e-11 -1.43123e-11 0.0188225)
(1.52494e-09 2.28444e-09 0.190225)
(1.4026e-09 2.07855e-09 0.181473)
(1.24873e-09 1.83072e-09 0.170141)
(1.05862e-09 1.52351e-09 0.155354)
(8.29996e-10 1.15431e-09 0.135887)
(5.68852e-10 7.39793e-10 0.110013)
(2.96951e-10 3.29222e-10 0.0752821)
(5.60957e-11 1.84527e-11 0.0282039)
(6.49033e-10 3.32554e-09 0.218243)
(5.94763e-10 3.06598e-09 0.208666)
(5.26286e-10 2.73447e-09 0.196152)
(4.41299e-10 2.31145e-09 0.179671)
(3.39036e-10 1.78838e-09 0.157765)
(2.22319e-10 1.179e-09 0.128345)
(1.03419e-10 5.53516e-10 0.0883873)
(8.79175e-12 5.06696e-11 0.0334566)
(-8.81082e-10 3.3094e-09 0.218243)
(-8.10417e-10 3.04938e-09 0.208666)
(-7.21881e-10 2.71851e-09 0.196153)
(-6.13013e-10 2.29663e-09 0.179671)
(-4.82884e-10 1.77557e-09 0.157765)
(-3.34559e-10 1.1683e-09 0.128346)
(-1.78813e-10 5.45169e-10 0.0883874)
(-3.71405e-11 4.7106e-11 0.0334566)
(-1.70474e-09 2.24548e-09 0.190225)
(-1.56916e-09 2.04174e-09 0.181473)
(-1.39953e-09 1.79573e-09 0.170141)
(-1.19084e-09 1.49073e-09 0.155354)
(-9.40767e-10 1.1243e-09 0.135887)
(-6.54664e-10 7.13158e-10 0.110013)
(-3.53295e-10 3.09469e-10 0.0752823)
(-7.66698e-11 9.96093e-12 0.0282039)
(-1.09585e-09 8.47502e-10 0.133451)
(-1.01156e-09 7.46882e-10 0.127307)
(-9.04972e-10 6.33663e-10 0.119285)
(-7.72457e-10 4.99489e-10 0.108731)
(-6.12259e-10 3.47893e-10 0.0947662)
(-4.27657e-10 1.90903e-10 0.0762146)
(-2.32272e-10 5.46331e-11 0.0515439)
(-5.21495e-11 -2.03829e-11 0.0188226)
(6.65842e-10 4.9322e-10 0.133451)
(6.1647e-10 4.30786e-10 0.127306)
(5.53706e-10 3.63193e-10 0.119284)
(4.75106e-10 2.84256e-10 0.10873)
(3.79298e-10 1.95176e-10 0.0947657)
(2.68221e-10 1.04681e-10 0.0762141)
(1.48787e-10 2.68068e-11 0.0515436)
(3.52188e-11 -1.45425e-11 0.0188225)
(9.79213e-10 1.37724e-09 0.190225)
(9.03087e-10 1.24978e-09 0.181473)
(8.07084e-10 1.09671e-09 0.170141)
(6.8822e-10 9.0861e-10 0.155354)
(5.44964e-10 6.83347e-10 0.135887)
(3.80212e-10 4.31461e-10 0.110013)
(2.06615e-10 1.86075e-10 0.0752821)
(4.58651e-11 4.79235e-12 0.0282039)
(4.39259e-10 2.03717e-09 0.218243)
(4.06926e-10 1.87574e-09 0.208666)
(3.65747e-10 1.67088e-09 0.196152)
(3.14301e-10 1.41126e-09 0.179671)
(2.51485e-10 1.08897e-09 0.157765)
(1.78778e-10 7.13655e-10 0.128345)
(1.00583e-10 3.29344e-10 0.0883873)
(2.55263e-11 2.66327e-11 0.0334566)
(-5.13975e-10 2.04812e-09 0.218243)
(-4.68512e-10 1.88717e-09 0.208666)
(-4.1178e-10 1.68256e-09 0.196153)
(-3.42379e-10 1.4221e-09 0.179671)
(-2.59976e-10 1.09922e-09 0.157765)
(-1.67604e-10 7.22173e-10 0.128346)
(-7.55323e-11 3.36386e-10 0.0883874)
(-4.26281e-12 2.93631e-11 0.0334566)
(-1.01955e-09 1.41064e-09 0.190225)
(-9.3354e-10 1.2832e-09 0.181473)
(-8.26491e-10 1.13003e-09 0.170141)
(-6.95486e-10 9.4024e-10 0.155354)
(-5.39617e-10 7.12569e-10 0.135887)
(-3.63646e-10 4.56124e-10 0.110013)
(-1.83029e-10 2.02195e-10 0.0752823)
(-2.99077e-11 1.14025e-11 0.0282039)
(-6.38269e-10 5.5874e-10 0.133451)
(-5.85467e-10 4.95957e-10 0.127307)
(-5.19317e-10 4.25607e-10 0.119285)
(-4.37821e-10 3.41827e-10 0.108731)
(-3.40383e-10 2.4602e-10 0.0947662)
(-2.29886e-10 1.44714e-10 0.0762146)
(-1.16987e-10 5.31772e-11 0.0515439)
(-2.03976e-11 -4.73695e-12 0.0188226)
(3.89405e-10 3.55274e-10 0.133451)
(3.59129e-10 3.16866e-10 0.127306)
(3.20441e-10 2.7176e-10 0.119284)
(2.71953e-10 2.17188e-10 0.10873)
(2.13137e-10 1.54821e-10 0.0947657)
(1.45457e-10 8.86696e-11 0.0762141)
(7.48775e-11 2.94179e-11 0.0515436)
(1.42458e-11 -4.88947e-12 0.0188225)
(6.12581e-10 8.67877e-10 0.190225)
(5.66339e-10 7.89553e-10 0.181473)
(5.07645e-10 6.94787e-10 0.170141)
(4.34153e-10 5.76277e-10 0.155354)
(3.44722e-10 4.34555e-10 0.135887)
(2.40546e-10 2.74853e-10 0.110013)
(1.29472e-10 1.18547e-10 0.0752821)
(2.75148e-11 3.74404e-12 0.0282039)
(2.80826e-10 1.26962e-09 0.218243)
(2.61902e-10 1.17077e-09 0.208666)
(2.37168e-10 1.04436e-09 0.196152)
(2.05347e-10 8.82274e-10 0.179671)
(1.65343e-10 6.8209e-10 0.157765)
(1.1754e-10 4.47111e-10 0.128345)
(6.41548e-11 2.07096e-10 0.0883873)
(1.33465e-11 1.74561e-11 0.0334566)
(-3.05671e-10 1.27574e-09 0.218243)
(-2.76503e-10 1.17642e-09 0.208666)
(-2.40605e-10 1.05027e-09 0.196153)
(-1.97594e-10 8.88497e-10 0.179671)
(-1.47676e-10 6.88405e-10 0.157765)
(-9.35323e-11 4.53081e-10 0.128346)
(-4.13595e-11 2.11717e-10 0.0883874)
(-2.79627e-12 1.91903e-11 0.0334566)
(-6.14807e-10 8.87315e-10 0.190225)
(-5.61044e-10 8.08369e-10 0.181473)
(-4.9475e-10 7.13111e-10 0.170141)
(-4.1431e-10 5.94593e-10 0.155354)
(-3.19664e-10 4.5182e-10 0.135887)
(-2.13864e-10 2.90494e-10 0.110013)
(-1.07024e-10 1.29845e-10 0.0752823)
(-1.74982e-11 7.96198e-12 0.0282039)
(-3.82384e-10 3.58866e-10 0.133451)
(-3.50025e-10 3.19565e-10 0.127307)
(-3.09758e-10 2.7523e-10 0.119285)
(-2.60489e-10 2.22245e-10 0.108731)
(-2.01925e-10 1.61203e-10 0.0947662)
(-1.35896e-10 9.59069e-11 0.0762145)
(-6.86965e-11 3.62108e-11 0.0515439)
(-1.20057e-11 -2.27239e-12 0.0188226)
(2.42766e-10 1.65775e-10 0.133451)
(2.248e-10 1.43911e-10 0.127306)
(2.01954e-10 1.21286e-10 0.119284)
(1.73383e-10 9.51073e-11 0.10873)
(1.38507e-10 6.54034e-11 0.0947657)
(9.8554e-11 3.63968e-11 0.0762141)
(5.57211e-11 1.17903e-11 0.0515436)
(1.3187e-11 -4.04231e-12 0.0188225)
(3.47262e-10 5.03186e-10 0.190225)
(3.18091e-10 4.58019e-10 0.181473)
(2.81515e-10 4.03858e-10 0.170141)
(2.3654e-10 3.36619e-10 0.155354)
(1.8297e-10 2.5585e-10 0.135887)
(1.22453e-10 1.6578e-10 0.110013)
(6.16143e-11 7.71579e-11 0.0752821)
(9.48072e-12 6.11822e-12 0.0282039)
(1.44407e-10 7.47522e-10 0.218243)
(1.32446e-10 6.88785e-10 0.208666)
(1.17016e-10 6.14237e-10 0.196152)
(9.77289e-11 5.20032e-10 0.179671)
(7.42111e-11 4.02276e-10 0.157765)
(4.74893e-11 2.66417e-10 0.128345)
(2.10613e-11 1.26805e-10 0.0883873)
(1.19232e-12 1.21791e-11 0.0334566)
(-2.13227e-10 7.53522e-10 0.218243)
(-1.95297e-10 6.93544e-10 0.208666)
(-1.73255e-10 6.17533e-10 0.196153)
(-1.46839e-10 5.21682e-10 0.179671)
(-1.15698e-10 4.03175e-10 0.157765)
(-8.08987e-11 2.65142e-10 0.128346)
(-4.45381e-11 1.24248e-10 0.0883874)
(-1.00215e-11 1.06081e-11 0.0334566)
(-3.94341e-10 5.18332e-10 0.190225)
(-3.61276e-10 4.69996e-10 0.181473)
(-3.20569e-10 4.12929e-10 0.170141)
(-2.71311e-10 3.42614e-10 0.155354)
(-2.13093e-10 2.58363e-10 0.135887)
(-1.47515e-10 1.64302e-10 0.110013)
(-7.92416e-11 7.1997e-11 0.0752823)
(-1.68108e-11 2.49718e-12 0.0282039)
(-2.45755e-10 2.01273e-10 0.133451)
(-2.25726e-10 1.77632e-10 0.127307)
(-2.00904e-10 1.51308e-10 0.119285)
(-1.70594e-10 1.20303e-10 0.108731)
(-1.34448e-10 8.50382e-11 0.0947662)
(-9.31755e-11 4.8056e-11 0.0762145)
(-4.99452e-11 1.56186e-11 0.0515439)
(-1.07077e-11 -3.67806e-12 0.0188226)
(1.53644e-10 1.28724e-10 0.133451)
(1.42496e-10 1.14469e-10 0.127306)
(1.27965e-10 9.73012e-11 0.119284)
(1.09525e-10 7.6321e-11 0.10873)
(8.68293e-11 5.26265e-11 0.0947657)
(6.03255e-11 2.77105e-11 0.0762141)
(3.22499e-11 5.90212e-12 0.0515436)
(7.24018e-12 -3.91866e-12 0.0188225)
(2.4812e-10 3.1618e-10 0.190225)
(2.31413e-10 2.86118e-10 0.181473)
(2.09944e-10 2.49327e-10 0.170141)
(1.82855e-10 2.04127e-10 0.155354)
(1.49485e-10 1.50713e-10 0.135887)
(1.09661e-10 9.11507e-11 0.110013)
(6.49322e-11 3.44625e-11 0.0752821)
(1.883e-11 -3.24287e-12 0.0282039)
(1.30792e-10 4.71585e-10 0.218243)
(1.24963e-10 4.33153e-10 0.208666)
(1.16937e-10 3.8468e-10 0.196152)
(1.05944e-10 3.22788e-10 0.179671)
(9.14608e-11 2.47308e-10 0.157765)
(7.27395e-11 1.59505e-10 0.128345)
(4.87495e-11 7.10081e-11 0.0883873)
(1.78112e-11 3.72281e-12 0.0334566)
(-8.78349e-11 4.82587e-10 0.218243)
(-7.52958e-11 4.44734e-10 0.208666)
(-6.04012e-11 3.9648e-10 0.196153)
(-4.31096e-11 3.35254e-10 0.179671)
(-2.39473e-11 2.59657e-10 0.157765)
(-4.65166e-12 1.71835e-10 0.128346)
(1.01056e-11 8.02858e-11 0.0883874)
(1.17919e-11 7.91497e-12 0.0334566)
(-2.00866e-10 3.48108e-10 0.190225)
(-1.79468e-10 3.1767e-10 0.181473)
(-1.53606e-10 2.81397e-10 0.170141)
(-1.23015e-10 2.36147e-10 0.155354)
(-8.80303e-11 1.81379e-10 0.135887)
(-5.06555e-11 1.20041e-10 0.110013)
(-1.65296e-11 5.65321e-11 0.0752823)
(4.3094e-12 6.90588e-12 0.0282039)
(-1.20179e-10 1.50693e-10 0.133451)
(-1.07717e-10 1.35782e-10 0.127307)
(-9.26191e-11 1.18712e-10 0.119285)
(-7.46745e-11 9.83568e-11 0.108731)
(-5.41006e-11 7.46404e-11 0.0947662)
(-3.2056e-11 4.87647e-11 0.0762145)
(-1.17467e-11 2.36177e-11 0.0515439)
(1.33329e-12 3.37916e-12 0.0188226)
(1.23976e-10 2.93313e-11 0.133451)
(1.16765e-10 2.34422e-11 0.127306)
(1.07181e-10 1.75133e-11 0.119284)
(9.45972e-11 9.84457e-12 0.10873)
(7.8705e-11 2.05248e-12 0.0947657)
(5.95494e-11 -4.13944e-12 0.0762141)
(3.71618e-11 -6.81546e-12 0.0515436)
(1.10742e-11 -5.37732e-12 0.0188225)
(1.756e-10 1.61e-10 0.190225)
(1.63748e-10 1.44607e-10 0.181473)
(1.48551e-10 1.24828e-10 0.170141)
(1.29263e-10 1.00589e-10 0.155354)
(1.05513e-10 7.32454e-11 0.135887)
(7.7161e-11 4.54379e-11 0.110013)
(4.57028e-11 1.99393e-11 0.0752821)
(1.19612e-11 -3.0239e-13 0.0282039)
(1.04286e-10 2.67942e-10 0.218243)
(9.97627e-11 2.46727e-10 0.208666)
(9.32054e-11 2.19184e-10 0.196152)
(8.40667e-11 1.83649e-10 0.179671)
(7.15453e-11 1.40475e-10 0.157765)
(5.52952e-11 9.26105e-11 0.128345)
(3.48459e-11 4.59583e-11 0.0883873)
(1.04632e-11 4.63817e-12 0.0334566)
(-3.72382e-11 2.82132e-10 0.218243)
(-2.98951e-11 2.61145e-10 0.208666)
(-2.16652e-11 2.33093e-10 0.196153)
(-1.28936e-11 1.9719e-10 0.179671)
(-3.9869e-12 1.52889e-10 0.157765)
(3.51535e-12 1.03025e-10 0.128346)
(7.56604e-12 5.14744e-11 0.0883874)
(5.4031e-12 6.54826e-12 0.0334566)
(-1.27622e-10 1.97659e-10 0.190225)
(-1.14993e-10 1.82313e-10 0.181473)
(-9.99814e-11 1.62357e-10 0.170141)
(-8.2272e-11 1.36321e-10 0.155354)
(-6.23128e-11 1.04432e-10 0.135887)
(-4.10379e-11 6.96839e-11 0.110013)
(-2.07855e-11 3.47459e-11 0.0752823)
(-3.12009e-12 3.68309e-12 0.0282039)
(-8.94474e-11 6.83799e-11 0.133451)
(-8.28458e-11 6.07622e-11 0.127307)
(-7.44852e-11 5.13527e-11 0.119285)
(-6.41095e-11 4.00005e-11 0.108731)
(-5.15259e-11 2.74927e-11 0.0947662)
(-3.72875e-11 1.43651e-11 0.0762145)
(-2.16947e-11 4.44099e-12 0.0515439)
(-5.73796e-12 -1.78894e-12 0.0188226)
(5.39438e-11 3.52856e-11 0.133451)
(4.93724e-11 3.09813e-11 0.127306)
(4.34855e-11 2.68974e-11 0.119284)
(3.60785e-11 2.22738e-11 0.10873)
(2.71369e-11 1.67237e-11 0.0947657)
(1.71311e-11 1.10343e-11 0.0762141)
(7.63838e-12 5.84879e-12 0.0515436)
(2.29724e-13 9.76997e-13 0.0188225)
(8.78286e-11 1.15407e-10 0.190225)
(7.96785e-11 1.0453e-10 0.181473)
(6.94248e-11 9.17946e-11 0.170141)
(5.68023e-11 7.64245e-11 0.155354)
(4.20092e-11 5.76858e-11 0.135887)
(2.56429e-11 3.78735e-11 0.110013)
(1.01634e-11 1.72553e-11 0.0752821)
(-4.82551e-13 1.87061e-12 0.0282039)
(5.2782e-11 1.75528e-10 0.218243)
(4.92165e-11 1.61189e-10 0.208666)
(4.42401e-11 1.42703e-10 0.196152)
(3.76678e-11 1.19817e-10 0.179671)
(2.93058e-11 9.17595e-11 0.157765)
(1.94619e-11 5.99621e-11 0.128345)
(9.33017e-12 2.63588e-11 0.0883873)
(1.13075e-12 1.93086e-12 0.0334566)
(-2.67534e-11 1.8602e-10 0.218243)
(-2.29887e-11 1.70958e-10 0.208666)
(-1.87688e-11 1.51943e-10 0.196153)
(-1.40837e-11 1.27866e-10 0.179671)
(-9.12857e-12 9.77686e-11 0.157765)
(-4.56605e-12 6.25562e-11 0.128346)
(-7.17142e-13 2.81114e-11 0.0883874)
(9.78004e-13 1.83546e-12 0.0334566)
(-6.87911e-11 1.40804e-10 0.190225)
(-6.11474e-11 1.28013e-10 0.181473)
(-5.19769e-11 1.13134e-10 0.170141)
(-4.11356e-11 9.38637e-11 0.155354)
(-2.89563e-11 7.17019e-11 0.135887)
(-1.61459e-11 4.65262e-11 0.110013)
(-4.35596e-12 2.07465e-11 0.0752823)
(1.79606e-12 1.90212e-12 0.0282039)
(-3.96885e-11 6.98383e-11 0.133451)
(-3.48437e-11 6.32304e-11 0.127307)
(-2.89966e-11 5.58705e-11 0.119285)
(-2.2144e-11 4.65493e-11 0.108731)
(-1.44451e-11 3.59018e-11 0.0947662)
(-6.3414e-12 2.3858e-11 0.0762145)
(2.45953e-13 1.18212e-11 0.0515439)
(2.579e-12 2.28023e-12 0.0188226)
(5.217e-11 3.51622e-11 0.133451)
(4.87797e-11 3.04909e-11 0.127306)
(4.42141e-11 2.48075e-11 0.119284)
(3.83148e-11 1.83444e-11 0.10873)
(3.09582e-11 1.14504e-11 0.0947657)
(2.21146e-11 4.17811e-12 0.0762141)
(1.23183e-11 -1.94296e-12 0.0515436)
(3.24462e-12 -2.72537e-12 0.0188225)
(8.2462e-11 7.63138e-11 0.190225)
(7.84722e-11 6.81674e-11 0.181473)
(7.29187e-11 5.86138e-11 0.170141)
(6.5283e-11 4.68523e-11 0.155354)
(5.53624e-11 3.31025e-11 0.135887)
(4.26685e-11 1.81406e-11 0.110013)
(2.69546e-11 3.56045e-12 0.0752821)
(9.08521e-12 -2.93531e-12 0.0282039)
(5.83975e-11 1.14614e-10 0.218243)
(5.67885e-11 1.04761e-10 0.208666)
(5.42321e-11 9.22573e-11 0.196152)
(5.03521e-11 7.70461e-11 0.179671)
(4.454e-11 5.79821e-11 0.157765)
(3.64538e-11 3.63742e-11 0.128345)
(2.50563e-11 1.4319e-11 0.0883873)
(9.18858e-12 -2.62741e-13 0.0334566)
(9.34592e-12 1.19901e-10 0.218243)
(1.19991e-11 1.10712e-10 0.208666)
(1.47037e-11 9.85478e-11 0.196153)
(1.72556e-11 8.36414e-11 0.179671)
(1.92158e-11 6.50191e-11 0.157765)
(1.96047e-11 4.28022e-11 0.128346)
(1.68551e-11 2.05117e-11 0.0883874)
(8.02311e-12 2.3167e-12 0.0334566)
(-1.85103e-11 9.35527e-11 0.190225)
(-1.40407e-11 8.54866e-11 0.181473)
(-8.93697e-12 7.62658e-11 0.170141)
(-3.38733e-12 6.50456e-11 0.155354)
(2.39396e-12 5.08452e-11 0.135887)
(7.17742e-12 3.53006e-11 0.110013)
(9.36047e-12 1.80072e-11 0.0752823)
(5.98358e-12 3.26138e-12 0.0282039)
(-1.49238e-11 4.46128e-11 0.133451)
(-1.24381e-11 4.0484e-11 0.127307)
(-9.51106e-12 3.6141e-11 0.119285)
(-6.17564e-12 3.08635e-11 0.108731)
(-2.67116e-12 2.45462e-11 0.0947662)
(5.03674e-13 1.75743e-11 0.0762145)
(2.62301e-12 9.75628e-12 0.0515439)
(2.23177e-12 2.07132e-12 0.0188226)
(4.34049e-12 1.55712e-11 0.133451)
(3.24768e-12 1.4689e-11 0.127306)
(1.90792e-12 1.42019e-11 0.119284)
(3.10033e-13 1.34627e-11 0.10873)
(-1.33905e-12 1.21751e-11 0.0947657)
(-2.60424e-12 1.08441e-11 0.0762141)
(-3.08688e-12 7.92783e-12 0.0515436)
(-2.25175e-12 3.0229e-12 0.0188225)
(1.43714e-11 4.75581e-11 0.190225)
(1.09919e-11 4.4794e-11 0.181473)
(6.91794e-12 4.11863e-11 0.170141)
(2.24695e-12 3.66134e-11 0.155354)
(-2.88503e-12 3.04968e-11 0.135887)
(-7.42814e-12 2.40019e-11 0.110013)
(-9.56767e-12 1.57063e-11 0.0752821)
(-6.71187e-12 4.56552e-12 0.0282039)
(4.2309e-12 6.67894e-11 0.218243)
(2.38935e-12 6.26233e-11 0.208666)
(-5.26162e-14 5.68839e-11 0.196152)
(-3.1278e-12 5.02126e-11 0.179671)
(-6.6413e-12 4.01866e-11 0.157765)
(-9.89183e-12 2.97198e-11 0.128345)
(-1.12712e-11 1.65557e-11 0.0883873)
(-6.97448e-12 3.50667e-12 0.0334566)
(-2.45085e-11 6.66954e-11 0.218243)
(-2.36876e-11 6.23803e-11 0.208666)
(-2.2851e-11 5.59784e-11 0.196153)
(-2.18023e-11 4.85114e-11 0.179671)
(-2.05822e-11 3.82822e-11 0.157765)
(-1.87774e-11 2.54288e-11 0.128346)
(-1.53338e-11 1.32021e-11 0.0883874)
(-7.19115e-12 1.37427e-12 0.0334566)
(-4.08363e-11 4.39144e-11 0.190225)
(-3.8632e-11 3.97604e-11 0.181473)
(-3.58734e-11 3.49863e-11 0.170141)
(-3.2544e-11 2.90272e-11 0.155354)
(-2.81636e-11 2.13395e-11 0.135887)
(-2.27855e-11 1.27479e-11 0.110013)
(-1.5964e-11 4.71976e-12 0.0752823)
(-6.13118e-12 -7.0831e-13 0.0282039)
(-2.77433e-11 1.23975e-11 0.133451)
(-2.64989e-11 1.03577e-11 0.127307)
(-2.47669e-11 8.22006e-12 0.119285)
(-2.23995e-11 5.52283e-12 0.108731)
(-1.92466e-11 2.3622e-12 0.0947662)
(-1.51213e-11 -3.20005e-13 0.0762145)
(-9.99586e-12 -2.30625e-12 0.0515439)
(-3.39597e-12 -1.92449e-12 0.0188226)
(1.79029e-11 2.03109e-11 0.133451)
(1.6883e-11 1.73415e-11 0.127306)
(1.5522e-11 1.35946e-11 0.119284)
(1.37781e-11 9.26486e-12 0.10873)
(1.16338e-11 4.73952e-12 0.0947657)
(8.80609e-12 -4.21295e-13 0.0762141)
(5.13672e-12 -4.27819e-12 0.0515436)
(2.2334e-12 -2.99052e-12 0.0188225)
(3.08701e-11 2.60816e-11 0.190225)
(3.07806e-11 2.1634e-11 0.181473)
(3.0386e-11 1.66151e-11 0.170141)
(2.94587e-11 1.10026e-11 0.155354)
(2.77963e-11 4.56905e-12 0.135887)
(2.46751e-11 -1.86435e-12 0.110013)
(1.92182e-11 -7.8423e-12 0.0752821)
(9.08482e-12 -5.1129e-12 0.0282039)
(2.17574e-11 3.4668e-11 0.218243)
(2.22942e-11 2.94057e-11 0.208666)
(2.27526e-11 2.38646e-11 0.196152)
(2.30969e-11 1.77319e-11 0.179671)
(2.30777e-11 1.12545e-11 0.157765)
(2.21336e-11 3.00153e-12 0.128345)
(1.84346e-11 -3.13624e-12 0.0883873)
(9.40344e-12 -3.31048e-12 0.0334566)
(6.73213e-12 3.34981e-11 0.218243)
(8.18148e-12 2.84159e-11 0.208666)
(9.89663e-12 2.36566e-11 0.196153)
(1.18126e-11 1.87558e-11 0.179671)
(1.38675e-11 1.28365e-11 0.157765)
(1.50589e-11 7.14404e-12 0.128346)
(1.45723e-11 1.15259e-12 0.0883874)
(7.96516e-12 -7.15926e-13 0.0334566)
(4.76067e-12 2.85127e-11 0.190225)
(6.43688e-12 2.37359e-11 0.181473)
(8.40488e-12 1.96581e-11 0.170141)
(1.06326e-11 1.61353e-11 0.155354)
(1.26784e-11 1.24217e-11 0.135887)
(1.42032e-11 8.75361e-12 0.110013)
(1.32832e-11 4.59711e-12 0.0752823)
(7.13306e-12 1.46159e-12 0.0282039)
(2.13954e-12 1.9414e-11 0.133451)
(3.60125e-12 1.70752e-11 0.127307)
(5.16341e-12 1.50762e-11 0.119285)
(6.67085e-12 1.36055e-11 0.108731)
(7.90375e-12 1.18674e-11 0.0947662)
(8.46355e-12 9.4471e-12 0.0762145)
(7.67992e-12 6.24777e-12 0.0515439)
(3.77916e-12 2.39091e-12 0.0188226)
(3.97508e-11 -2.31077e-11 0.133451)
(3.82664e-11 -2.39511e-11 0.127306)
(3.63231e-11 -2.34834e-11 0.119284)
(3.37771e-11 -2.18675e-11 0.10873)
(3.01704e-11 -1.96867e-11 0.0947657)
(2.48057e-11 -1.7183e-11 0.0762141)
(1.70059e-11 -1.37662e-11 0.0515436)
(6.5374e-12 -5.40947e-12 0.0188225)
(6.28062e-11 -1.37208e-11 0.190225)
(6.11412e-11 -1.72531e-11 0.181473)
(5.87539e-11 -1.89567e-11 0.170141)
(5.5455e-11 -1.93696e-11 0.155354)
(5.06824e-11 -1.90469e-11 0.135887)
(4.30882e-11 -1.80507e-11 0.110013)
(3.07035e-11 -1.60063e-11 0.0752821)
(1.2722e-11 -6.07764e-12 0.0282039)
(7.36148e-11 7.85204e-12 0.218243)
(7.26995e-11 3.21968e-12 0.208666)
(7.10026e-11 -6.42287e-14 0.196152)
(6.82443e-11 -2.8339e-12 0.179671)
(6.35696e-11 -4.95068e-12 0.157765)
(5.5568e-11 -7.67743e-12 0.128345)
(4.14291e-11 -8.66531e-12 0.0883873)
(1.74236e-11 -3.3215e-12 0.0334566)
(6.63773e-11 2.57754e-11 0.218243)
(6.62661e-11 2.21034e-11 0.208666)
(6.55369e-11 1.89962e-11 0.196153)
(6.37052e-11 1.58613e-11 0.179671)
(6.00844e-11 1.27648e-11 0.157765)
(5.31821e-11 8.58772e-12 0.128346)
(4.04108e-11 2.962e-12 0.0883874)
(1.66937e-11 1.10577e-12 0.0334566)
(5.82476e-11 3.82383e-11 0.190225)
(5.80309e-11 3.53469e-11 0.181473)
(5.72944e-11 3.27982e-11 0.170141)
(5.55212e-11 2.96793e-11 0.155354)
(5.21453e-11 2.63309e-11 0.135887)
(4.58849e-11 2.01566e-11 0.110013)
(3.46846e-11 1.19405e-11 0.0752823)
(1.40391e-11 4.64613e-12 0.0282039)
(3.40371e-11 3.4026e-11 0.133451)
(3.38879e-11 3.22165e-11 0.127307)
(3.33203e-11 3.04746e-11 0.119285)
(3.20521e-11 2.81919e-11 0.108731)
(2.95877e-11 2.51613e-11 0.0947662)
(2.55918e-11 2.02345e-11 0.0762145)
(1.90194e-11 1.31738e-11 0.0515439)
(7.27342e-12 4.77467e-12 0.0188226)
(4.26861e-11 1.71777e-11 0.133451)
(3.93662e-11 1.40129e-11 0.127306)
(3.5127e-11 1.1167e-11 0.119284)
(2.99299e-11 9.49455e-12 0.10873)
(2.34293e-11 7.07361e-12 0.0947657)
(1.49167e-11 1.42568e-12 0.0762141)
(5.75489e-12 -4.06394e-12 0.0515436)
(7.84803e-13 -2.67789e-12 0.0188225)
(5.81506e-11 2.26482e-11 0.190225)
(5.63729e-11 1.95876e-11 0.181473)
(5.3405e-11 1.70425e-11 0.170141)
(4.87055e-11 1.45932e-11 0.155354)
(4.18853e-11 1.05304e-11 0.135887)
(3.13705e-11 2.52138e-12 0.110013)
(1.74859e-11 -7.82821e-12 0.0752821)
(4.85782e-12 -5.03188e-12 0.0282039)
(4.72183e-11 3.03567e-11 0.218243)
(4.53952e-11 2.7142e-11 0.208666)
(4.25481e-11 2.45312e-11 0.196152)
(3.83652e-11 2.25129e-11 0.179671)
(3.21475e-11 1.83733e-11 0.157765)
(2.34681e-11 9.02528e-12 0.128345)
(1.18861e-11 -3.7972e-12 0.0883873)
(1.3694e-12 -3.89354e-12 0.0334566)
(2.28233e-11 3.85057e-11 0.218243)
(2.13489e-11 3.54243e-11 0.208666)
(1.90902e-11 3.20288e-11 0.196153)
(1.59262e-11 2.83998e-11 0.179671)
(1.17911e-11 2.20146e-11 0.157765)
(6.50327e-12 9.81721e-12 0.128346)
(1.30941e-12 -3.57702e-12 0.0883874)
(-2.61997e-12 -4.17115e-12 0.0334566)
(-6.95301e-12 2.81001e-11 0.190225)
(-8.31807e-12 2.5369e-11 0.181473)
(-9.91007e-12 2.27732e-11 0.170141)
(-1.16024e-11 1.96375e-11 0.155354)
(-1.32628e-11 1.40796e-11 0.135887)
(-1.32452e-11 5.03895e-12 0.110013)
(-1.05034e-11 -6.53615e-12 0.0752823)
(-5.87344e-12 -5.71337e-12 0.0282039)
(-3.87686e-11 2.25624e-11 0.133451)
(-3.69576e-11 2.04407e-11 0.127307)
(-3.46536e-11 1.75696e-11 0.119285)
(-3.16958e-11 1.39356e-11 0.108731)
(-2.76516e-11 8.75476e-12 0.0947662)
(-2.12639e-11 -6.85591e-14 0.0762145)
(-1.23885e-11 -8.47016e-12 0.0515439)
(-4.56167e-12 -5.74943e-12 0.0188226)
(-3.41265e-13 4.69197e-11 0.133451)
(-2.12258e-12 4.37299e-11 0.127306)
(-4.32645e-12 3.98544e-11 0.119284)
(-6.78657e-12 3.51045e-11 0.10873)
(-9.22187e-12 2.98168e-11 0.0947657)
(-1.14418e-11 2.15033e-11 0.0762141)
(-1.18838e-11 1.1217e-11 0.0515436)
(-5.99772e-12 3.40348e-12 0.0188225)
(5.95917e-12 4.67223e-11 0.190225)
(4.5835e-12 4.41849e-11 0.181473)
(2.55586e-12 4.11498e-11 0.170141)
(-2.46822e-13 3.66598e-11 0.155354)
(-3.72595e-12 3.14069e-11 0.135887)
(-7.62033e-12 2.18946e-11 0.110013)
(-1.03979e-11 1.05079e-11 0.0752821)
(-6.70621e-12 2.49096e-12 0.0282039)
(-3.18253e-12 4.64477e-11 0.218243)
(-4.75393e-12 4.38362e-11 0.208666)
(-6.88531e-12 4.08631e-11 0.196152)
(-9.5994e-12 3.59074e-11 0.179671)
(-1.27647e-11 3.02509e-11 0.157765)
(-1.54079e-11 2.05073e-11 0.128345)
(-1.59321e-11 7.3167e-12 0.0883873)
(-9.03525e-12 1.35748e-12 0.0334566)
(-1.62303e-11 3.94417e-11 0.218243)
(-1.71837e-11 3.65707e-11 0.208666)
(-1.83186e-11 3.32227e-11 0.196153)
(-1.94715e-11 2.91668e-11 0.179671)
(-2.01822e-11 2.30969e-11 0.157765)
(-1.96388e-11 1.32541e-11 0.128346)
(-1.62129e-11 2.97587e-12 0.0883874)
(-7.47772e-12 -9.64941e-13 0.0334566)
(-2.30034e-11 3.02164e-11 0.190225)
(-2.31281e-11 2.71491e-11 0.181473)
(-2.29444e-11 2.37203e-11 0.170141)
(-2.21239e-11 1.8844e-11 0.155354)
(-2.04163e-11 1.37494e-11 0.135887)
(-1.67562e-11 6.07161e-12 0.110013)
(-1.06013e-11 -1.75431e-12 0.0752823)
(-3.68314e-12 -2.17252e-12 0.0282039)
(-2.33259e-11 2.67969e-11 0.133451)
(-2.08672e-11 2.42807e-11 0.127307)
(-1.79425e-11 2.10537e-11 0.119285)
(-1.45212e-11 1.72261e-11 0.108731)
(-1.06827e-11 1.29035e-11 0.0947662)
(-5.83015e-12 6.82632e-12 0.0762145)
(-1.0963e-12 7.61704e-13 0.0515439)
(6.42034e-13 -5.41275e-13 0.0188226)
(-1.86251e-11 8.39002e-12 0.133451)
(-1.82711e-11 8.33684e-12 0.127306)
(-1.77808e-11 9.05613e-12 0.119284)
(-1.69313e-11 1.00199e-11 0.10873)
(-1.55198e-11 1.03615e-11 0.0947657)
(-1.31301e-11 1.03156e-11 0.0762141)
(-9.14e-12 7.99218e-12 0.0515436)
(-3.63363e-12 3.06418e-12 0.0188225)
(-2.28519e-11 2.49034e-11 0.190225)
(-2.39891e-11 2.32089e-11 0.181473)
(-2.50516e-11 2.20674e-11 0.170141)
(-2.57429e-11 2.07918e-11 0.155354)
(-2.55103e-11 1.88728e-11 0.135887)
(-2.35654e-11 1.47378e-11 0.110013)
(-1.82644e-11 9.85877e-12 0.0752821)
(-7.60573e-12 3.0273e-12 0.0282039)
(-1.81832e-11 2.44594e-11 0.218243)
(-1.89334e-11 2.25256e-11 0.208666)
(-1.97392e-11 2.09456e-11 0.196152)
(-2.02518e-11 1.90955e-11 0.179671)
(-2.01031e-11 1.63892e-11 0.157765)
(-1.86059e-11 1.17546e-11 0.128345)
(-1.41685e-11 5.75325e-12 0.0883873)
(-5.49536e-12 8.12582e-13 0.0334566)
(-2.04232e-11 2.13743e-11 0.218243)
(-2.04939e-11 1.89983e-11 0.208666)
(-2.04004e-11 1.68349e-11 0.196153)
(-2.00718e-11 1.49849e-11 0.179671)
(-1.90434e-11 1.19225e-11 0.157765)
(-1.67152e-11 8.0946e-12 0.128346)
(-1.19545e-11 2.55738e-12 0.0883874)
(-4.5373e-12 -7.65988e-13 0.0334566)
(-1.39619e-11 1.68212e-11 0.190225)
(-1.32519e-11 1.4369e-11 0.181473)
(-1.239e-11 1.2684e-11 0.170141)
(-1.1264e-11 1.05964e-11 0.155354)
(-9.71621e-12 8.46295e-12 0.135887)
(-7.25474e-12 4.94068e-12 0.110013)
(-4.02777e-12 9.79087e-13 0.0752823)
(-9.03514e-13 -9.01939e-13 0.0282039)
(-1.16069e-11 1.4293e-11 0.133451)
(-9.97541e-12 1.27033e-11 0.127307)
(-8.22957e-12 1.10242e-11 0.119285)
(-6.41177e-12 9.42708e-12 0.108731)
(-4.44208e-12 7.31562e-12 0.0947662)
(-2.45169e-12 4.75851e-12 0.0762145)
(-4.04972e-13 1.68541e-12 0.0515439)
(3.62411e-13 -6.87899e-14 0.0188226)
(2.10426e-12 3.79171e-11 0.133451)
(1.59349e-12 3.46672e-11 0.127306)
(8.24941e-13 3.05932e-11 0.119284)
(-2.09152e-13 2.52591e-11 0.10873)
(-1.39993e-12 1.93256e-11 0.0947657)
(-2.68277e-12 1.22307e-11 0.0762141)
(-3.43301e-12 4.44439e-12 0.0515436)
(-1.7317e-12 3.95325e-13 0.0188225)
(-2.26162e-12 4.97781e-11 0.190225)
(-1.76723e-12 4.65746e-11 0.181473)
(-1.40302e-12 4.17612e-11 0.170141)
(-1.2036e-12 3.5842e-11 0.155354)
(-1.27724e-12 2.7741e-11 0.135887)
(-1.50485e-12 1.76106e-11 0.110013)
(-1.65583e-12 7.00617e-12 0.0752821)
(-5.79502e-13 1.68745e-13 0.0282039)
(-1.65404e-11 5.49157e-11 0.218243)
(-1.60786e-11 5.17813e-11 0.208666)
(-1.55069e-11 4.68363e-11 0.196152)
(-1.47219e-11 4.00039e-11 0.179671)
(-1.35483e-11 3.19607e-11 0.157765)
(-1.1662e-11 2.00594e-11 0.128345)
(-8.3574e-12 7.51838e-12 0.0883873)
(-3.42447e-12 2.49749e-13 0.0334566)
(-2.6153e-11 4.88704e-11 0.218243)
(-2.5266e-11 4.58368e-11 0.208666)
(-2.40257e-11 4.1527e-11 0.196153)
(-2.22245e-11 3.50099e-11 0.179671)
(-1.95882e-11 2.73778e-11 0.157765)
(-1.5868e-11 1.63344e-11 0.128346)
(-1.0366e-11 4.66742e-12 0.0883874)
(-3.58008e-12 -6.87099e-13 0.0334566)
(-2.58522e-11 3.95899e-11 0.190225)
(-2.4592e-11 3.60852e-11 0.181473)
(-2.27836e-11 3.17324e-11 0.170141)
(-2.03787e-11 2.58294e-11 0.155354)
(-1.70079e-11 1.91821e-11 0.135887)
(-1.26091e-11 9.60833e-12 0.110013)
(-7.2065e-12 1.44755e-12 0.0752823)
(-2.10148e-12 -1.53373e-12 0.0282039)
(-1.96843e-11 2.80514e-11 0.133451)
(-1.75466e-11 2.57085e-11 0.127307)
(-1.49535e-11 2.23317e-11 0.119285)
(-1.18984e-11 1.82928e-11 0.108731)
(-8.54885e-12 1.35436e-11 0.0947662)
(-4.58016e-12 7.604e-12 0.0762145)
(-9.4817e-13 1.79619e-12 0.0515439)
(4.72882e-13 -3.55867e-13 0.0188226)
(-1.50794e-11 -8.16249e-12 0.133451)
(-1.41282e-11 -6.97004e-12 0.127306)
(-1.2889e-11 -4.96586e-12 0.119284)
(-1.13049e-11 -2.53724e-12 0.10873)
(-9.36254e-12 -4.01904e-13 0.0947657)
(-6.69631e-12 2.30571e-12 0.0762141)
(-3.43657e-12 4.28445e-12 0.0515436)
(-1.19555e-12 2.00612e-12 0.0188225)
(-2.17114e-11 7.30047e-12 0.190225)
(-2.19208e-11 7.18771e-12 0.181473)
(-2.18719e-11 7.70659e-12 0.170141)
(-2.13301e-11 7.90308e-12 0.155354)
(-2.00293e-11 7.97482e-12 0.135887)
(-1.74936e-11 8.3715e-12 0.110013)
(-1.28487e-11 7.37758e-12 0.0752821)
(-5.31177e-12 2.91758e-12 0.0282039)
(-2.01215e-11 1.12631e-11 0.218243)
(-1.98234e-11 1.05401e-11 0.208666)
(-1.93286e-11 1.02049e-11 0.196152)
(-1.8492e-11 9.68639e-12 0.179671)
(-1.69416e-11 8.45485e-12 0.157765)
(-1.44659e-11 8.17207e-12 0.128345)
(-1.0277e-11 4.91218e-12 0.0883873)
(-3.85015e-12 1.36681e-12 0.0334566)
(-2.1286e-11 1.15929e-11 0.218243)
(-2.06639e-11 1.05735e-11 0.208666)
(-1.97964e-11 9.67869e-12 0.196153)
(-1.85576e-11 8.62306e-12 0.179671)
(-1.67398e-11 7.57737e-12 0.157765)
(-1.39015e-11 5.57814e-12 0.128346)
(-9.62218e-12 3.14365e-12 0.0883874)
(-3.52388e-12 1.79774e-13 0.0334566)
(-1.54881e-11 8.73952e-12 0.190225)
(-1.46902e-11 7.53771e-12 0.181473)
(-1.36584e-11 6.71952e-12 0.170141)
(-1.23086e-11 5.42956e-12 0.155354)
(-1.05639e-11 4.26232e-12 0.135887)
(-8.36139e-12 2.8579e-12 0.110013)
(-5.30917e-12 1.30783e-12 0.0752823)
(-1.558e-12 -3.59022e-14 0.0282039)
(-9.62865e-12 4.38034e-12 0.133451)
(-8.96779e-12 3.64467e-12 0.127307)
(-8.12026e-12 3.05419e-12 0.119285)
(-7.06884e-12 2.44701e-12 0.108731)
(-5.82095e-12 1.46629e-12 0.0947662)
(-4.17652e-12 6.53094e-13 0.0762145)
(-2.52997e-12 3.14829e-13 0.0515439)
(-6.07686e-13 -2.43164e-13 0.0188226)
(-1.10348e-11 3.42532e-11 0.133451)
(-1.08848e-11 3.23103e-11 0.127306)
(-1.06863e-11 2.88069e-11 0.119284)
(-1.03595e-11 2.46023e-11 0.10873)
(-9.69273e-12 1.94248e-11 0.0947657)
(-8.61338e-12 1.35011e-11 0.0762141)
(-6.48833e-12 7.16407e-12 0.0515436)
(-2.69733e-12 1.78601e-12 0.0188225)
(-1.39366e-11 4.22649e-11 0.190225)
(-1.31197e-11 4.07369e-11 0.181473)
(-1.22456e-11 3.75949e-11 0.170141)
(-1.12391e-11 3.25973e-11 0.155354)
(-1.00924e-11 2.5745e-11 0.135887)
(-8.47039e-12 1.84415e-11 0.110013)
(-6.1268e-12 9.79252e-12 0.0752821)
(-2.21464e-12 1.77696e-12 0.0282039)
(-2.87549e-11 4.66038e-11 0.218243)
(-2.799e-11 4.5164e-11 0.208666)
(-2.69037e-11 4.15989e-11 0.196152)
(-2.53307e-11 3.65229e-11 0.179671)
(-2.31754e-11 2.92063e-11 0.157765)
(-1.97258e-11 2.00018e-11 0.128345)
(-1.43235e-11 1.0275e-11 0.0883873)
(-5.86031e-12 1.47057e-12 0.0334566)
(-3.64223e-11 4.1054e-11 0.218243)
(-3.54077e-11 3.93881e-11 0.208666)
(-3.37843e-11 3.62395e-11 0.196153)
(-3.14266e-11 3.08222e-11 0.179671)
(-2.79218e-11 2.40244e-11 0.157765)
(-2.30395e-11 1.55277e-11 0.128346)
(-1.57905e-11 6.1018e-12 0.0883874)
(-5.64268e-12 4.66514e-14 0.0334566)
(-3.63475e-11 3.11713e-11 0.190225)
(-3.49922e-11 2.89591e-11 0.181473)
(-3.30111e-11 2.53641e-11 0.170141)
(-3.0111e-11 2.04463e-11 0.155354)
(-2.61779e-11 1.44965e-11 0.135887)
(-2.06411e-11 7.3706e-12 0.110013)
(-1.35442e-11 1.13752e-12 0.0752823)
(-4.68247e-12 -1.58355e-12 0.0282039)
(-2.07655e-11 1.83482e-11 0.133451)
(-1.94182e-11 1.677e-11 0.127307)
(-1.75848e-11 1.43068e-11 0.119285)
(-1.51485e-11 1.10943e-11 0.108731)
(-1.21416e-11 7.45203e-12 0.0947662)
(-8.47911e-12 3.28919e-12 0.0762145)
(-4.73195e-12 -1.12061e-13 0.0515439)
(-1.10959e-12 -9.93131e-13 0.0188226)
(-1.22756e-12 -1.75052e-11 0.133451)
(-3.21607e-13 -1.54771e-11 0.127306)
(8.45875e-13 -1.34289e-11 0.119284)
(2.24198e-12 -1.13961e-11 0.10873)
(3.68134e-12 -9.21247e-12 0.0947657)
(5.00117e-12 -6.48295e-12 0.0762141)
(5.45136e-12 -2.73264e-12 0.0515436)
(2.77749e-12 -9.97865e-13 0.0188225)
(-1.40035e-11 -5.55529e-12 0.190225)
(-1.36017e-11 -3.98686e-12 0.181473)
(-1.274e-11 -2.78134e-12 0.170141)
(-1.12441e-11 -1.87565e-12 0.155354)
(-9.06167e-12 -1.20996e-12 0.135887)
(-6.08983e-12 2.60407e-13 0.110013)
(-2.56027e-12 1.16326e-12 0.0752821)
(-1.08414e-14 6.4219e-13 0.0282039)
(-2.0807e-11 4.71662e-13 0.218243)
(-1.99484e-11 1.48592e-12 0.208666)
(-1.85377e-11 1.72193e-12 0.196152)
(-1.64662e-11 1.8155e-12 0.179671)
(-1.33773e-11 1.8925e-12 0.157765)
(-9.13336e-12 1.89259e-12 0.128345)
(-4.14526e-12 1.88575e-12 0.0883873)
(1.00323e-13 1.01731e-12 0.0334566)
(-2.35653e-11 2.35225e-12 0.218243)
(-2.24966e-11 2.42941e-12 0.208666)
(-2.08655e-11 2.48227e-12 0.196153)
(-1.84076e-11 2.23058e-12 0.179671)
(-1.51897e-11 1.72031e-12 0.157765)
(-1.07352e-11 1.15883e-12 0.128346)
(-5.33884e-12 1.86293e-12 0.0883874)
(-4.42429e-13 7.11318e-13 0.0334566)
(-2.18577e-11 6.93503e-13 0.190225)
(-2.08607e-11 5.02534e-13 0.181473)
(-1.93603e-11 1.42185e-13 0.170141)
(-1.73258e-11 3.41813e-13 0.155354)
(-1.44789e-11 -2.12483e-13 0.135887)
(-1.0778e-11 -3.02752e-13 0.110013)
(-6.3395e-12 4.81238e-13 0.0752823)
(-1.32432e-12 6.27256e-14 0.0282039)
(-1.57329e-11 -1.93308e-12 0.133451)
(-1.51535e-11 -1.96852e-12 0.127307)
(-1.42686e-11 -2.16023e-12 0.119285)
(-1.30171e-11 -2.46267e-12 0.108731)
(-1.12375e-11 -2.73141e-12 0.0947662)
(-8.85456e-12 -2.66591e-12 0.0762145)
(-5.6867e-12 -2.00433e-12 0.0515439)
(-1.79644e-12 -1.03152e-12 0.0188226)
(1.06667e-11 -1.1648e-11 0.133451)
(1.00436e-11 -1.19379e-11 0.127306)
(9.35947e-12 -1.20782e-11 0.119284)
(8.60615e-12 -1.1501e-11 0.10873)
(7.69867e-12 -1.04298e-11 0.0947657)
(6.29942e-12 -8.94421e-12 0.0762141)
(4.31908e-12 -6.46683e-12 0.0515436)
(1.81868e-12 -2.087e-12 0.0188225)
(2.08675e-11 -1.83459e-11 0.190225)
(2.11653e-11 -2.00253e-11 0.181473)
(2.14141e-11 -2.07532e-11 0.170141)
(2.15036e-11 -2.03763e-11 0.155354)
(2.11326e-11 -1.94825e-11 0.135887)
(1.95453e-11 -1.73373e-11 0.110013)
(1.56363e-11 -1.28895e-11 0.0752821)
(7.43464e-12 -4.55448e-12 0.0282039)
(2.58057e-11 -1.34723e-11 0.218243)
(2.67806e-11 -1.53495e-11 0.208666)
(2.76491e-11 -1.68337e-11 0.196152)
(2.84395e-11 -1.6713e-11 0.179671)
(2.86564e-11 -1.57297e-11 0.157765)
(2.73701e-11 -1.42038e-11 0.128345)
(2.24993e-11 -1.0161e-11 0.0883873)
(1.06625e-11 -3.26993e-12 0.0334566)
(2.45425e-11 -5.21301e-12 0.218243)
(2.54949e-11 -6.12157e-12 0.208666)
(2.64533e-11 -6.82499e-12 0.196153)
(2.72227e-11 -7.10998e-12 0.179671)
(2.73881e-11 -6.62262e-12 0.157765)
(2.61802e-11 -5.64147e-12 0.128346)
(2.15236e-11 -3.8074e-12 0.0883874)
(9.90276e-12 -7.16787e-13 0.0334566)
(2.23115e-11 2.06149e-12 0.190225)
(2.28861e-11 1.54402e-12 0.181473)
(2.34238e-11 1.18426e-12 0.170141)
(2.37478e-11 1.14268e-12 0.155354)
(2.34185e-11 1.62047e-12 0.135887)
(2.16921e-11 2.25796e-12 0.110013)
(1.73498e-11 2.6854e-12 0.0752823)
(7.59933e-12 1.97026e-12 0.0282039)
(1.48429e-11 5.79242e-12 0.133451)
(1.50028e-11 5.50796e-12 0.127307)
(1.50123e-11 5.33462e-12 0.119285)
(1.47798e-11 5.41642e-12 0.108731)
(1.39084e-11 5.54699e-12 0.0947662)
(1.23081e-11 5.47673e-12 0.0762145)
(8.90474e-12 4.81015e-12 0.0515439)
(3.6783e-12 2.45341e-12 0.0188226)
(-3.06619e-11 4.23065e-11 0.133451)
(-3.0438e-11 4.11583e-11 0.127306)
(-2.99601e-11 3.86943e-11 0.119284)
(-2.90918e-11 3.5095e-11 0.10873)
(-2.73379e-11 3.04886e-11 0.0947657)
(-2.42103e-11 2.416e-11 0.0762141)
(-1.84895e-11 1.57247e-11 0.0515436)
(-7.77643e-12 5.60353e-12 0.0188225)
(-2.40424e-11 3.61915e-11 0.190225)
(-2.41366e-11 3.59973e-11 0.181473)
(-2.41941e-11 3.51061e-11 0.170141)
(-2.42113e-11 3.22982e-11 0.155354)
(-2.39739e-11 2.86013e-11 0.135887)
(-2.29203e-11 2.25663e-11 0.110013)
(-1.9498e-11 1.44782e-11 0.0752821)
(-9.59283e-12 5.03918e-12 0.0282039)
(-1.96245e-11 3.14787e-11 0.218243)
(-1.9965e-11 3.08895e-11 0.208666)
(-2.04012e-11 2.94134e-11 0.196152)
(-2.07891e-11 2.72558e-11 0.179671)
(-2.11896e-11 2.26531e-11 0.157765)
(-2.09696e-11 1.68851e-11 0.128345)
(-1.8836e-11 9.34032e-12 0.0883873)
(-1.01304e-11 2.87679e-12 0.0334566)
(-1.21512e-11 2.92339e-11 0.218243)
(-1.2457e-11 2.81398e-11 0.208666)
(-1.26713e-11 2.64728e-11 0.196153)
(-1.2831e-11 2.26014e-11 0.179671)
(-1.29841e-11 1.86635e-11 0.157765)
(-1.27822e-11 1.19213e-11 0.128346)
(-1.10927e-11 5.01486e-12 0.0883874)
(-6.18249e-12 4.42712e-13 0.0334566)
(-2.24186e-12 3.02606e-11 0.190225)
(-2.20652e-12 2.83757e-11 0.181473)
(-2.14096e-12 2.57941e-11 0.170141)
(-2.10619e-12 2.1422e-11 0.155354)
(-1.89159e-12 1.69439e-11 0.135887)
(-1.88748e-12 1.0197e-11 0.110013)
(-1.19346e-12 3.15757e-12 0.0752823)
(-1.22501e-12 5.10239e-14 0.0282039)
(6.83073e-12 2.67638e-11 0.133451)
(7.13351e-12 2.52074e-11 0.127307)
(7.44236e-12 2.30666e-11 0.119285)
(7.60982e-12 1.98797e-11 0.108731)
(7.49341e-12 1.63449e-11 0.0947662)
(7.12016e-12 1.15368e-11 0.0762145)
(5.83393e-12 5.64043e-12 0.0515439)
(2.29897e-12 1.52087e-12 0.0188226)
(-8.2929e-12 -8.14844e-12 0.133451)
(-7.59402e-12 -7.79538e-12 0.127306)
(-6.59935e-12 -6.63222e-12 0.119284)
(-5.23403e-12 -5.29312e-12 0.10873)
(-3.51501e-12 -3.93152e-12 0.0947657)
(-1.35591e-12 -2.36986e-12 0.0762141)
(6.65972e-13 -1.37366e-12 0.0515436)
(1.03714e-12 -6.58304e-13 0.0188225)
(-2.19982e-11 4.02368e-12 0.190225)
(-2.18824e-11 2.52977e-12 0.181473)
(-2.12359e-11 1.55233e-12 0.170141)
(-1.9767e-11 9.60295e-13 0.155354)
(-1.71677e-11 -2.18948e-14 0.135887)
(-1.32659e-11 -5.16853e-13 0.110013)
(-7.42015e-12 -7.50368e-13 0.0752821)
(-1.2424e-12 -5.55287e-13 0.0282039)
(-1.61095e-11 3.29268e-12 0.218243)
(-1.58806e-11 1.7525e-12 0.208666)
(-1.5357e-11 3.36155e-13 0.196152)
(-1.41959e-11 -6.26822e-13 0.179671)
(-1.21978e-11 -1.05384e-12 0.157765)
(-8.9652e-12 -1.93427e-12 0.128345)
(-4.68201e-12 -2.46066e-12 0.0883873)
(2.67077e-13 -1.28207e-12 0.0334566)
(-1.31777e-11 5.07095e-12 0.218243)
(-1.31936e-11 3.23256e-12 0.208666)
(-1.29673e-11 1.40941e-12 0.196153)
(-1.24758e-11 -1.77179e-13 0.179671)
(-1.13914e-11 -1.76329e-12 0.157765)
(-9.30035e-12 -2.87856e-12 0.128346)
(-5.75397e-12 -3.17948e-12 0.0883874)
(-1.43595e-12 -1.56776e-12 0.0334566)
(-7.56469e-12 5.795e-12 0.190225)
(-7.67088e-12 3.79552e-12 0.181473)
(-7.67954e-12 1.89829e-12 0.170141)
(-7.54799e-12 4.32418e-13 0.155354)
(-6.99553e-12 -1.21859e-12 0.135887)
(-6.02963e-12 -2.64932e-12 0.110013)
(-4.13392e-12 -4.15311e-12 0.0752823)
(-1.45848e-12 -1.93226e-12 0.0282039)
(-1.16342e-11 4.61557e-12 0.133451)
(-1.09503e-11 3.39579e-12 0.127307)
(-1.0116e-11 2.07532e-12 0.119285)
(-9.06635e-12 7.45603e-13 0.108731)
(-7.85193e-12 -4.23684e-13 0.0947662)
(-6.11728e-12 -1.80436e-12 0.0762145)
(-3.96299e-12 -2.99428e-12 0.0515439)
(-1.39306e-12 -1.67709e-12 0.0188226)
(4.29272e-11 -1.42984e-12 0.133451)
(4.18153e-11 -3.37312e-12 0.127306)
(3.99527e-11 -6.05828e-12 0.119284)
(3.70955e-11 -9.12504e-12 0.10873)
(3.28859e-11 -1.1673e-11 0.0947657)
(2.63255e-11 -1.44126e-11 0.0762141)
(1.71349e-11 -1.4719e-11 0.0515436)
(6.64958e-12 -6.61679e-12 0.0188225)
(5.03361e-11 -5.67754e-12 0.190225)
(5.15614e-11 -7.58421e-12 0.181473)
(5.24024e-11 -9.41318e-12 0.170141)
(5.21922e-11 -1.19511e-11 0.155354)
(5.03699e-11 -1.47539e-11 0.135887)
(4.52745e-11 -1.67033e-11 0.110013)
(3.4546e-11 -1.73343e-11 0.0752821)
(1.51916e-11 -7.94455e-12 0.0282039)
(3.85053e-11 6.23628e-12 0.218243)
(3.93254e-11 4.20975e-12 0.208666)
(3.99914e-11 2.5059e-12 0.196152)
(4.03305e-11 -1.03588e-12 0.179671)
(3.9726e-11 -3.09958e-12 0.157765)
(3.69166e-11 -7.44336e-12 0.128345)
(2.92547e-11 -9.02737e-12 0.0883873)
(1.31684e-11 -3.99622e-12 0.0334566)
(2.97695e-11 1.32861e-11 0.218243)
(3.00542e-11 1.18755e-11 0.208666)
(3.02566e-11 1.02713e-11 0.196153)
(3.0318e-11 7.71939e-12 0.179671)
(2.97758e-11 5.82454e-12 0.157765)
(2.79237e-11 1.49166e-12 0.128346)
(2.2982e-11 -1.48997e-12 0.0883874)
(1.06529e-11 -8.03579e-13 0.0334566)
(2.07585e-11 2.03742e-11 0.190225)
(2.04303e-11 1.87406e-11 0.181473)
(2.00899e-11 1.64817e-11 0.170141)
(1.97265e-11 1.34111e-11 0.155354)
(1.90425e-11 1.06551e-11 0.135887)
(1.77379e-11 6.09492e-12 0.110013)
(1.47621e-11 1.73281e-12 0.0752823)
(6.51321e-12 6.64217e-13 0.0282039)
(5.98292e-12 2.20478e-11 0.133451)
(6.76952e-12 2.06393e-11 0.127307)
(7.68259e-12 1.86649e-11 0.119285)
(8.59667e-12 1.61209e-11 0.108731)
(9.23229e-12 1.3393e-11 0.0947662)
(9.43532e-12 9.38725e-12 0.0762145)
(8.49714e-12 4.81322e-12 0.0515439)
(3.75013e-12 1.68875e-12 0.0188226)
(3.76545e-12 -1.02014e-11 0.133451)
(3.167e-12 -9.22101e-12 0.127306)
(2.47983e-12 -6.87185e-12 0.119284)
(1.57888e-12 -4.43927e-12 0.10873)
(5.85489e-13 -1.66926e-12 0.0947657)
(-5.23917e-13 9.21298e-13 0.0762141)
(-1.34639e-12 2.74153e-12 0.0515436)
(-1.36352e-12 1.67493e-12 0.0188225)
(2.18386e-12 -6.19253e-12 0.190225)
(8.65438e-13 -5.84665e-12 0.181473)
(-7.27415e-13 -4.18554e-12 0.170141)
(-2.6301e-12 -1.94254e-12 0.155354)
(-4.93466e-12 1.66358e-13 0.135887)
(-7.19263e-12 2.87658e-12 0.110013)
(-8.33413e-12 3.95318e-12 0.0752821)
(-5.62326e-12 2.6625e-12 0.0282039)
(7.9291e-12 -3.46112e-12 0.218243)
(7.02906e-12 -3.68608e-12 0.208666)
(5.72102e-12 -2.62666e-12 0.196152)
(3.94891e-12 -1.67659e-12 0.179671)
(1.682e-12 -6.65035e-14 0.157765)
(-1.15071e-12 1.75965e-12 0.128345)
(-4.0675e-12 1.66114e-12 0.0883873)
(-3.6737e-12 1.39055e-12 0.0334566)
(6.45011e-12 5.08856e-13 0.218243)
(5.62077e-12 1.8662e-13 0.208666)
(4.50109e-12 5.1735e-13 0.196153)
(3.02188e-12 1.09244e-12 0.179671)
(1.00512e-12 1.41162e-12 0.157765)
(-1.39798e-12 1.84588e-12 0.128346)
(-3.06101e-12 5.43735e-13 0.0883874)
(-3.13152e-12 2.68817e-13 0.0334566)
(6.04884e-12 3.56365e-12 0.190225)
(5.323e-12 2.79988e-12 0.181473)
(4.35386e-12 2.35964e-12 0.170141)
(3.18503e-12 2.51535e-12 0.155354)
(1.71481e-12 2.35695e-12 0.135887)
(4.16872e-13 1.62534e-12 0.110013)
(-6.04328e-13 1.34505e-13 0.0752823)
(-9.91073e-13 5.36414e-15 0.0282039)
(-1.55144e-12 4.51098e-12 0.133451)
(-1.42023e-12 4.00029e-12 0.127307)
(-1.29948e-12 3.47233e-12 0.119285)
(-1.22744e-12 2.98299e-12 0.108731)
(-1.17121e-12 2.36484e-12 0.0947662)
(-8.69734e-13 1.20605e-12 0.0762145)
(-4.28624e-13 9.34425e-14 0.0515439)
(-2.90063e-13 -2.6201e-13 0.0188226)
(2.02688e-11 2.21721e-11 0.133451)
(1.88233e-11 1.97825e-11 0.127306)
(1.6877e-11 1.65228e-11 0.119284)
(1.42597e-11 1.23268e-11 0.10873)
(1.10451e-11 8.08206e-12 0.0947657)
(7.23631e-12 2.96658e-12 0.0762141)
(3.03818e-12 -1.48949e-12 0.0515436)
(5.47649e-13 -1.47298e-12 0.0188225)
(2.78586e-11 2.09142e-11 0.190225)
(2.7649e-11 1.91562e-11 0.181473)
(2.68618e-11 1.64452e-11 0.170141)
(2.52196e-11 1.26825e-11 0.155354)
(2.24797e-11 8.44524e-12 0.135887)
(1.829e-11 3.04431e-12 0.110013)
(1.24059e-11 -2.12302e-12 0.0752821)
(4.84117e-12 -2.51204e-12 0.0282039)
(1.86169e-11 2.74596e-11 0.218243)
(1.82203e-11 2.58614e-11 0.208666)
(1.73903e-11 2.30265e-11 0.196152)
(1.60543e-11 1.94342e-11 0.179671)
(1.41375e-11 1.4225e-11 0.157765)
(1.13178e-11 7.76492e-12 0.128345)
(7.67583e-12 1.06284e-12 0.0883873)
(2.76722e-12 -1.26835e-12 0.0334566)
(9.60615e-12 2.8532e-11 0.218243)
(9.24762e-12 2.7075e-11 0.208666)
(8.78706e-12 2.45929e-11 0.196153)
(8.03508e-12 2.08252e-11 0.179671)
(7.08641e-12 1.59048e-11 0.157765)
(6.00936e-12 9.89988e-12 0.128346)
(4.50265e-12 2.47376e-12 0.0883874)
(2.02896e-12 -7.44676e-13 0.0334566)
(1.32476e-12 2.76984e-11 0.190225)
(1.23725e-12 2.5551e-11 0.181473)
(1.17402e-12 2.28093e-11 0.170141)
(1.26423e-12 1.87285e-11 0.155354)
(1.47426e-12 1.38514e-11 0.135887)
(1.62723e-12 8.21876e-12 0.110013)
(1.85796e-12 2.17968e-12 0.0752823)
(9.63434e-13 -4.50558e-13 0.0282039)
(-3.55973e-12 2.02571e-11 0.133451)
(-2.60405e-12 1.86424e-11 0.127307)
(-1.50389e-12 1.65691e-11 0.119285)
(-3.85545e-13 1.39782e-11 0.108731)
(8.24361e-13 1.07576e-11 0.0947662)
(1.85287e-12 6.96483e-12 0.0762145)
(2.55303e-12 2.84745e-12 0.0515439)
(1.39698e-12 4.376e-13 0.0188226)
(-1.98969e-11 -1.87963e-12 0.133451)
(-1.94825e-11 -7.1808e-13 0.127306)
(-1.8738e-11 1.36586e-12 0.119284)
(-1.76095e-11 3.68843e-12 0.10873)
(-1.5797e-11 5.64834e-12 0.0947657)
(-1.29793e-11 7.86889e-12 0.0762141)
(-8.68217e-12 8.23899e-12 0.0515436)
(-3.59177e-12 3.84989e-12 0.0188225)
(-2.72145e-11 8.45792e-12 0.190225)
(-2.84215e-11 8.76684e-12 0.181473)
(-2.94327e-11 1.00089e-11 0.170141)
(-3.00588e-11 1.0678e-11 0.155354)
(-2.97711e-11 1.16226e-11 0.135887)
(-2.77726e-11 1.25864e-11 0.110013)
(-2.1826e-11 1.10942e-11 0.0752821)
(-1.0182e-11 5.15643e-12 0.0282039)
(-1.98998e-11 6.17374e-12 0.218243)
(-2.06906e-11 6.13794e-12 0.208666)
(-2.15763e-11 6.64438e-12 0.196152)
(-2.23043e-11 7.60267e-12 0.179671)
(-2.25739e-11 7.85572e-12 0.157765)
(-2.14665e-11 8.21422e-12 0.128345)
(-1.75935e-11 6.58112e-12 0.0883873)
(-8.14068e-12 2.57462e-12 0.0334566)
(-1.81645e-11 4.66844e-12 0.218243)
(-1.86011e-11 4.41431e-12 0.208666)
(-1.90848e-11 4.12464e-12 0.196153)
(-1.94283e-11 4.14109e-12 0.179671)
(-1.94307e-11 4.13039e-12 0.157765)
(-1.83324e-11 3.35381e-12 0.128346)
(-1.51686e-11 2.26906e-12 0.0883874)
(-7.08827e-12 4.81639e-13 0.0334566)
(-1.3662e-11 5.24866e-13 0.190225)
(-1.36278e-11 -1.39535e-13 0.181473)
(-1.3597e-11 1.14451e-13 0.170141)
(-1.34652e-11 -4.7934e-13 0.155354)
(-1.30696e-11 -4.33547e-13 0.135887)
(-1.19476e-11 -2.91406e-13 0.110013)
(-9.14807e-12 -5.52441e-13 0.0752823)
(-4.03896e-12 -6.4515e-13 0.0282039)
(-7.78506e-12 -2.76523e-12 0.133451)
(-7.60477e-12 -2.93748e-12 0.127307)
(-7.43786e-12 -2.84063e-12 0.119285)
(-7.20376e-12 -2.66841e-12 0.108731)
(-6.76031e-12 -2.79941e-12 0.0947662)
(-5.97737e-12 -2.58465e-12 0.0762145)
(-4.3668e-12 -1.83512e-12 0.0515439)
(-1.79431e-12 -9.23561e-13 0.0188226)
(2.51507e-11 5.6835e-12 0.133451)
(2.44168e-11 4.17818e-12 0.127306)
(2.3322e-11 1.63274e-12 0.119284)
(2.16886e-11 -1.28628e-12 0.10873)
(1.92939e-11 -4.1568e-12 0.0947657)
(1.58043e-11 -6.63402e-12 0.0762141)
(1.08658e-11 -7.63059e-12 0.0515436)
(4.31377e-12 -3.81361e-12 0.0188225)
(2.7973e-11 7.30924e-12 0.190225)
(2.84829e-11 6.44721e-12 0.181473)
(2.8668e-11 4.64602e-12 0.170141)
(2.84046e-11 1.91878e-12 0.155354)
(2.73184e-11 -1.01538e-12 0.135887)
(2.48824e-11 -3.7902e-12 0.110013)
(1.94568e-11 -6.04502e-12 0.0752821)
(8.98495e-12 -4.04301e-12 0.0282039)
(1.55125e-11 1.60302e-11 0.218243)
(1.57154e-11 1.50938e-11 0.208666)
(1.5854e-11 1.3213e-11 0.196152)
(1.58653e-11 1.04313e-11 0.179671)
(1.56003e-11 7.00461e-12 0.157765)
(1.46967e-11 2.783e-12 0.128345)
(1.25272e-11 6.25739e-14 0.0883873)
(5.92479e-12 -1.43641e-12 0.0334566)
(6.70054e-12 1.77884e-11 0.218243)
(6.98538e-12 1.72237e-11 0.208666)
(7.29675e-12 1.58807e-11 0.196153)
(7.61512e-12 1.35578e-11 0.179671)
(8.03677e-12 1.05667e-11 0.157765)
(8.09041e-12 6.47593e-12 0.128346)
(7.26836e-12 3.34941e-12 0.0883874)
(4.19452e-12 2.54487e-13 0.0334566)
(-9.35923e-13 1.62487e-11 0.190225)
(-4.43981e-13 1.53237e-11 0.181473)
(1.49029e-13 1.38787e-11 0.170141)
(8.43651e-13 1.18104e-11 0.155354)
(1.56261e-12 8.6451e-12 0.135887)
(2.28402e-12 5.98412e-12 0.110013)
(2.48372e-12 2.51397e-12 0.0752823)
(1.59787e-12 2.44409e-13 0.0282039)
(8.67347e-13 1.09551e-11 0.133451)
(1.41404e-12 1.05157e-11 0.127307)
(1.93946e-12 9.55821e-12 0.119285)
(2.43474e-12 8.06082e-12 0.108731)
(2.7486e-12 6.62647e-12 0.0947662)
(2.93236e-12 4.65243e-12 0.0762145)
(2.62986e-12 2.63705e-12 0.0515439)
(1.34121e-12 8.34974e-13 0.0188226)
(-2.13047e-11 -1.11999e-11 0.133451)
(-2.06442e-11 -9.28428e-12 0.127306)
(-1.95789e-11 -6.17225e-12 0.119284)
(-1.80351e-11 -2.64141e-12 0.10873)
(-1.58892e-11 1.04778e-12 0.0947657)
(-1.25664e-11 5.18968e-12 0.0762141)
(-8.14007e-12 7.54573e-12 0.0515436)
(-3.4258e-12 4.1404e-12 0.0188225)
(-2.94831e-11 -4.49872e-12 0.190225)
(-3.05992e-11 -2.93876e-12 0.181473)
(-3.15055e-11 -7.52351e-13 0.170141)
(-3.18818e-11 2.44785e-12 0.155354)
(-3.1446e-11 5.37936e-12 0.135887)
(-2.90526e-11 9.08007e-12 0.110013)
(-2.28498e-11 1.10512e-11 0.0752821)
(-1.09679e-11 5.90502e-12 0.0282039)
(-2.33565e-11 -7.22976e-12 0.218243)
(-2.39753e-11 -6.04043e-12 0.208666)
(-2.46338e-11 -4.32035e-12 0.196152)
(-2.51579e-11 -2.2157e-12 0.179671)
(-2.52475e-11 1.07743e-12 0.157765)
(-2.40104e-11 3.59033e-12 0.128345)
(-1.98082e-11 5.89984e-12 0.0883873)
(-9.5434e-12 3.33408e-12 0.0334566)
(-2.09857e-11 -8.45428e-12 0.218243)
(-2.12533e-11 -7.6237e-12 0.208666)
(-2.14859e-11 -6.39744e-12 0.196153)
(-2.16623e-11 -4.62526e-12 0.179671)
(-2.13254e-11 -3.19446e-12 0.157765)
(-2.02501e-11 -1.10432e-12 0.128346)
(-1.71227e-11 1.51971e-12 0.0883874)
(-8.20708e-12 6.50014e-13 0.0334566)
(-1.60856e-11 -1.12626e-11 0.190225)
(-1.58688e-11 -1.07373e-11 0.181473)
(-1.56944e-11 -9.60046e-12 0.170141)
(-1.5526e-11 -8.13817e-12 0.155354)
(-1.51201e-11 -6.74051e-12 0.135887)
(-1.42078e-11 -4.29036e-12 0.110013)
(-1.17843e-11 -1.94437e-12 0.0752823)
(-5.36638e-12 -9.72856e-13 0.0282039)
(-5.24268e-12 -1.18965e-11 0.133451)
(-5.52874e-12 -1.13722e-11 0.127307)
(-5.93537e-12 -1.04477e-11 0.119285)
(-6.39783e-12 -9.0809e-12 0.108731)
(-6.65131e-12 -7.94746e-12 0.0947662)
(-6.72329e-12 -5.89612e-12 0.0762145)
(-5.65551e-12 -3.20885e-12 0.0515439)
(-2.52968e-12 -1.20193e-12 0.0188226)
(-6.16666e-12 1.27565e-11 0.133451)
(-5.93415e-12 1.20119e-11 0.127306)
(-5.64726e-12 1.05225e-11 0.119284)
(-5.21072e-12 8.34176e-12 0.10873)
(-4.5455e-12 6.17338e-12 0.0947657)
(-3.65566e-12 4.11367e-12 0.0762141)
(-2.21975e-12 1.93787e-12 0.0515436)
(-7.1422e-13 3.35759e-13 0.0188225)
(-7.05255e-12 1.21401e-11 0.190225)
(-6.56413e-12 1.19769e-11 0.181473)
(-5.95158e-12 1.14583e-11 0.170141)
(-5.23799e-12 9.30724e-12 0.155354)
(-4.23017e-12 7.68947e-12 0.135887)
(-2.74453e-12 5.59479e-12 0.110013)
(-7.46461e-13 2.94603e-12 0.0752821)
(3.7819e-13 2.71012e-13 0.0282039)
(-1.45791e-11 1.23137e-11 0.218243)
(-1.42316e-11 1.25758e-11 0.208666)
(-1.3693e-11 1.14286e-11 0.196152)
(-1.29038e-11 9.5999e-12 0.179671)
(-1.15597e-11 7.56959e-12 0.157765)
(-9.43867e-12 5.37791e-12 0.128345)
(-6.03408e-12 4.05334e-12 0.0883873)
(-1.78622e-12 4.72803e-13 0.0334566)
(-1.75898e-11 9.0933e-12 0.218243)
(-1.69819e-11 9.14901e-12 0.208666)
(-1.6223e-11 8.69875e-12 0.196153)
(-1.50843e-11 6.9761e-12 0.179671)
(-1.33116e-11 5.22524e-12 0.157765)
(-1.06907e-11 3.33433e-12 0.128346)
(-7.18557e-12 1.83791e-12 0.0883874)
(-1.91754e-12 1.7579e-13 0.0334566)
(-1.9047e-11 4.92558e-12 0.190225)
(-1.8181e-11 4.83693e-12 0.181473)
(-1.70771e-11 4.12756e-12 0.170141)
(-1.56588e-11 2.59551e-12 0.155354)
(-1.38464e-11 1.48965e-12 0.135887)
(-1.13529e-11 -3.33215e-13 0.110013)
(-7.7648e-12 2.38986e-14 0.0752823)
(-2.6824e-12 -9.40271e-13 0.0282039)
(-8.23604e-12 7.24297e-13 0.133451)
(-7.74861e-12 7.79565e-13 0.127307)
(-7.20734e-12 4.69839e-13 0.119285)
(-6.55891e-12 -3.09248e-13 0.108731)
(-5.68701e-12 -9.75191e-13 0.0947662)
(-4.59158e-12 -1.20025e-12 0.0762145)
(-2.95358e-12 -1.32585e-12 0.0515439)
(-1.05346e-12 -5.39543e-13 0.0188226)
(-4.2322e-11 -1.25401e-11 0.133451)
(-4.01555e-11 -1.02553e-11 0.127306)
(-3.71603e-11 -6.60117e-12 0.119284)
(-3.31914e-11 -2.76323e-12 0.10873)
(-2.78997e-11 1.34016e-12 0.0947657)
(-2.08884e-11 5.86553e-12 0.0762141)
(-1.20478e-11 9.30555e-12 0.0515436)
(-3.99595e-12 4.6324e-12 0.0188225)
(-5.31183e-11 -6.62167e-12 0.190225)
(-5.30142e-11 -4.94261e-12 0.181473)
(-5.20788e-11 -2.30333e-12 0.170141)
(-4.99537e-11 7.98875e-13 0.155354)
(-4.57971e-11 3.79211e-12 0.135887)
(-3.86986e-11 8.44315e-12 0.110013)
(-2.69483e-11 1.09976e-11 0.0752821)
(-1.06783e-11 5.88439e-12 0.0282039)
(-4.30321e-11 -1.47126e-11 0.218243)
(-4.25468e-11 -1.28835e-11 0.208666)
(-4.15814e-11 -1.07962e-11 0.196152)
(-3.96456e-11 -7.6366e-12 0.179671)
(-3.64086e-11 -4.25962e-12 0.157765)
(-3.07522e-11 2.1164e-14 0.128345)
(-2.16454e-11 5.25239e-12 0.0883873)
(-8.04764e-12 2.8149e-12 0.0334566)
(-3.33153e-11 -1.78233e-11 0.218243)
(-3.27074e-11 -1.65497e-11 0.208666)
(-3.16632e-11 -1.48423e-11 0.196153)
(-3.00188e-11 -1.20656e-11 0.179671)
(-2.73167e-11 -9.44283e-12 0.157765)
(-2.33828e-11 -4.63084e-12 0.128346)
(-1.67878e-11 2.86125e-13 0.0883874)
(-6.28527e-12 7.71139e-13 0.0334566)
(-2.06446e-11 -1.89122e-11 0.190225)
(-1.977e-11 -1.78171e-11 0.181473)
(-1.87699e-11 -1.58035e-11 0.170141)
(-1.75151e-11 -1.3355e-11 0.155354)
(-1.58519e-11 -1.06722e-11 0.135887)
(-1.35007e-11 -5.95351e-12 0.110013)
(-1.00889e-11 -2.0185e-12 0.0752823)
(-3.72299e-12 -1.0155e-15 0.0282039)
(-2.45347e-12 -1.52255e-11 0.133451)
(-2.81006e-12 -1.41498e-11 0.127307)
(-3.27098e-12 -1.25787e-11 0.119285)
(-3.7655e-12 -1.07726e-11 0.108731)
(-4.04464e-12 -8.71474e-12 0.0947662)
(-4.2582e-12 -5.7294e-12 0.0762145)
(-3.77949e-12 -2.1657e-12 0.0515439)
(-1.62954e-12 -3.10621e-13 0.0188226)
(2.24729e-11 -5.57517e-12 0.133451)
(2.25339e-11 -7.2641e-12 0.127306)
(2.25053e-11 -9.17948e-12 0.119284)
(2.21954e-11 -1.07694e-11 0.10873)
(2.12808e-11 -1.22375e-11 0.0947657)
(1.88182e-11 -1.38929e-11 0.0762141)
(1.38215e-11 -1.36747e-11 0.0515436)
(6.4788e-12 -6.07739e-12 0.0188225)
(3.26136e-11 -1.27218e-11 0.190225)
(3.45051e-11 -1.47908e-11 0.181473)
(3.64495e-11 -1.72563e-11 0.170141)
(3.84107e-11 -1.89899e-11 0.155354)
(3.95747e-11 -2.03044e-11 0.135887)
(3.89567e-11 -2.0492e-11 0.110013)
(3.31776e-11 -1.81362e-11 0.0752821)
(1.65611e-11 -8.02458e-12 0.0282039)
(3.27812e-11 -6.27573e-12 0.218243)
(3.46259e-11 -7.19689e-12 0.208666)
(3.66435e-11 -9.02801e-12 0.196152)
(3.8756e-11 -1.0411e-11 0.179671)
(4.0538e-11 -1.16964e-11 0.157765)
(4.0494e-11 -1.20659e-11 0.128345)
(3.52287e-11 -1.10796e-11 0.0883873)
(1.78166e-11 -4.07912e-12 0.0334566)
(3.53476e-11 5.5062e-13 0.218243)
(3.67555e-11 -1.08e-13 0.208666)
(3.83991e-11 -5.2154e-13 0.196153)
(3.99372e-11 -1.19687e-12 0.179671)
(4.08566e-11 -1.41219e-12 0.157765)
(3.98972e-11 -1.75496e-12 0.128346)
(3.40942e-11 -7.51833e-13 0.0883874)
(1.66875e-11 7.15935e-13 0.0334566)
(3.62378e-11 1.08144e-11 0.190225)
(3.69464e-11 1.06062e-11 0.181473)
(3.75434e-11 1.06414e-11 0.170141)
(3.78328e-11 9.78078e-12 0.155354)
(3.7058e-11 1.01403e-11 0.135887)
(3.43191e-11 9.23619e-12 0.110013)
(2.73413e-11 7.78041e-12 0.0752823)
(1.22598e-11 3.97148e-12 0.0282039)
(2.91622e-11 1.50936e-11 0.133451)
(2.88445e-11 1.50046e-11 0.127307)
(2.82013e-11 1.48726e-11 0.119285)
(2.69781e-11 1.45938e-11 0.108731)
(2.48825e-11 1.37724e-11 0.0947662)
(2.11844e-11 1.24964e-11 0.0762145)
(1.52667e-11 9.76228e-12 0.0515439)
(6.12181e-12 4.09653e-12 0.0188226)
(1.70927e-11 -4.32936e-11 0.133451)
(1.67758e-11 -4.16301e-11 0.127306)
(1.64997e-11 -3.81945e-11 0.119284)
(1.61529e-11 -3.30637e-11 0.10873)
(1.53559e-11 -2.67332e-11 0.0947657)
(1.38413e-11 -1.91761e-11 0.0762141)
(1.08156e-11 -1.07297e-11 0.0515436)
(4.47121e-12 -2.95417e-12 0.0188225)
(2.98188e-11 -4.48168e-11 0.190225)
(2.89417e-11 -4.44473e-11 0.181473)
(2.78856e-11 -4.2202e-11 0.170141)
(2.65704e-11 -3.783e-11 0.155354)
(2.45363e-11 -3.17176e-11 0.135887)
(2.12008e-11 -2.33445e-11 0.110013)
(1.51525e-11 -1.39867e-11 0.0752821)
(5.95538e-12 -3.29712e-12 0.0282039)
(4.6089e-11 -3.68156e-11 0.218243)
(4.55499e-11 -3.69311e-11 0.208666)
(4.45084e-11 -3.54368e-11 0.196152)
(4.27603e-11 -3.16688e-11 0.179671)
(3.95617e-11 -2.65906e-11 0.157765)
(3.39298e-11 -1.98474e-11 0.128345)
(2.43792e-11 -1.11363e-11 0.0883873)
(9.2699e-12 -2.42712e-12 0.0334566)
(4.94131e-11 -2.16605e-11 0.218243)
(4.83813e-11 -2.13508e-11 0.208666)
(4.67625e-11 -2.03109e-11 0.196153)
(4.39983e-11 -1.75157e-11 0.179671)
(3.97328e-11 -1.33282e-11 0.157765)
(3.29777e-11 -9.66844e-12 0.128346)
(2.26316e-11 -4.68571e-12 0.0883874)
(7.46766e-12 -1.8708e-13 0.0334566)
(4.60532e-11 -5.10688e-12 0.190225)
(4.45387e-11 -5.27351e-12 0.181473)
(4.2285e-11 -4.54856e-12 0.170141)
(3.89842e-11 -3.19071e-12 0.155354)
(3.42549e-11 -2.04253e-12 0.135887)
(2.72433e-11 1.20563e-13 0.110013)
(1.78147e-11 1.68731e-12 0.0752823)
(5.58565e-12 1.12554e-12 0.0282039)
(2.54213e-11 2.38973e-12 0.133451)
(2.42444e-11 2.40901e-12 0.127307)
(2.25757e-11 2.71385e-12 0.119285)
(2.02505e-11 3.1215e-12 0.108731)
(1.71254e-11 3.68061e-12 0.0947662)
(1.30385e-11 3.72346e-12 0.0762145)
(8.08483e-12 3.24895e-12 0.0515439)
(2.29756e-12 1.4099e-12 0.0188226)
(3.32868e-11 -7.01514e-12 0.133451)
(3.2021e-11 -7.44734e-12 0.127306)
(3.02477e-11 -8.43721e-12 0.119284)
(2.77521e-11 -9.39884e-12 0.10873)
(2.42747e-11 -9.71712e-12 0.0947657)
(1.92472e-11 -9.73739e-12 0.0762141)
(1.23232e-11 -8.46514e-12 0.0515436)
(4.28793e-12 -3.28535e-12 0.0188225)
(4.88366e-11 -1.90062e-11 0.190225)
(4.83465e-11 -1.81093e-11 0.181473)
(4.71934e-11 -1.66621e-11 0.170141)
(4.48871e-11 -1.45978e-11 0.155354)
(4.08773e-11 -1.29863e-11 0.135887)
(3.42034e-11 -1.00163e-11 0.110013)
(2.37811e-11 -5.91911e-12 0.0752821)
(8.50367e-12 -2.48853e-12 0.0282039)
(4.10715e-11 -1.56548e-11 0.218243)
(4.02293e-11 -1.39881e-11 0.208666)
(3.87006e-11 -1.21027e-11 0.196152)
(3.62719e-11 -8.97466e-12 0.179671)
(3.21932e-11 -6.37893e-12 0.157765)
(2.57812e-11 -2.89622e-12 0.128345)
(1.64206e-11 -5.78413e-13 0.0883873)
(4.48349e-12 8.5735e-13 0.0334566)
(3.25354e-11 -1.61176e-11 0.218243)
(3.16983e-11 -1.40904e-11 0.208666)
(3.02945e-11 -1.16251e-11 0.196153)
(2.78202e-11 -8.3479e-12 0.179671)
(2.40937e-11 -4.94107e-12 0.157765)
(1.83951e-11 -3.12344e-13 0.128346)
(1.08362e-11 2.47294e-12 0.0883874)
(2.6667e-12 1.92776e-12 0.0334566)
(1.59414e-11 -1.96244e-11 0.190225)
(1.47586e-11 -1.73471e-11 0.181473)
(1.30945e-11 -1.42933e-11 0.170141)
(1.0673e-11 -1.06367e-11 0.155354)
(7.69481e-12 -6.8271e-12 0.135887)
(3.82853e-12 -2.43182e-12 0.110013)
(3.43731e-13 1.11113e-12 0.0752823)
(-1.18148e-12 9.2035e-13 0.0282039)
(-1.68821e-13 -2.34204e-11 0.133451)
(-1.49364e-12 -2.17427e-11 0.127307)
(-3.05701e-12 -1.95925e-11 0.119285)
(-4.71422e-12 -1.68993e-11 0.108731)
(-6.33218e-12 -1.3792e-11 0.0947662)
(-7.31206e-12 -9.69257e-12 0.0762145)
(-7.23109e-12 -4.96862e-12 0.0515439)
(-3.38504e-12 -1.56798e-12 0.0188226)
(-2.1364e-11 -1.43972e-12 0.133451)
(-2.17631e-11 2.65655e-14 0.127306)
(-2.18737e-11 2.1241e-12 0.119284)
(-2.15096e-11 4.80338e-12 0.10873)
(-2.03835e-11 7.33154e-12 0.0947657)
(-1.77849e-11 9.74288e-12 0.0762141)
(-1.29995e-11 1.01282e-11 0.0515436)
(-5.74535e-12 4.94333e-12 0.0188225)
(-2.94103e-11 2.17178e-12 0.190225)
(-3.1808e-11 2.69829e-12 0.181473)
(-3.42184e-11 3.88895e-12 0.170141)
(-3.61837e-11 5.31817e-12 0.155354)
(-3.72986e-11 7.52707e-12 0.135887)
(-3.61344e-11 9.62555e-12 0.110013)
(-2.96551e-11 9.84063e-12 0.0752821)
(-1.41001e-11 5.32685e-12 0.0282039)
(-2.14033e-11 -3.53329e-12 0.218243)
(-2.36831e-11 -4.01419e-12 0.208666)
(-2.62053e-11 -4.09152e-12 0.196152)
(-2.87825e-11 -3.12235e-12 0.179671)
(-3.08072e-11 -1.76237e-12 0.157765)
(-3.11576e-11 1.49209e-15 0.128345)
(-2.70473e-11 1.78128e-13 0.0883873)
(-1.31122e-11 1.05362e-12 0.0334566)
(-1.87e-11 -5.01243e-12 0.218243)
(-2.05472e-11 -6.02153e-12 0.208666)
(-2.26434e-11 -6.96758e-12 0.196153)
(-2.47291e-11 -7.56208e-12 0.179671)
(-2.65549e-11 -8.03329e-12 0.157765)
(-2.67176e-11 -7.88076e-12 0.128346)
(-2.3121e-11 -6.6818e-12 0.0883874)
(-1.1457e-11 -2.76719e-12 0.0334566)
(-1.58525e-11 -5.04373e-12 0.190225)
(-1.6818e-11 -6.13267e-12 0.181473)
(-1.76836e-11 -7.62248e-12 0.170141)
(-1.84044e-11 -8.63635e-12 0.155354)
(-1.85386e-11 -9.18619e-12 0.135887)
(-1.73856e-11 -9.95586e-12 0.110013)
(-1.39872e-11 -8.35205e-12 0.0752823)
(-6.48326e-12 -3.67879e-12 0.0282039)
(-1.33728e-11 -6.57849e-13 0.133451)
(-1.27935e-11 -1.51504e-12 0.127307)
(-1.19886e-11 -2.56119e-12 0.119285)
(-1.08543e-11 -3.40685e-12 0.108731)
(-9.47337e-12 -3.99085e-12 0.0947662)
(-7.39377e-12 -4.63739e-12 0.0762145)
(-4.53992e-12 -4.37869e-12 0.0515439)
(-1.66113e-12 -1.78748e-12 0.0188226)
(-4.35704e-12 1.72612e-11 0.133451)
(-4.32661e-12 1.62391e-11 0.127306)
(-4.28517e-12 1.43353e-11 0.119284)
(-4.13965e-12 1.18026e-11 0.10873)
(-3.90681e-12 9.02348e-12 0.0947657)
(-3.4722e-12 5.81192e-12 0.0762141)
(-2.63241e-12 2.56355e-12 0.0515436)
(-9.59336e-13 5.33036e-13 0.0188225)
(-2.30929e-12 1.17004e-11 0.190225)
(-1.8407e-12 1.21726e-11 0.181473)
(-1.30923e-12 1.15442e-11 0.170141)
(-6.81798e-13 1.06495e-11 0.155354)
(-2.66922e-15 8.72336e-12 0.135887)
(8.31483e-13 6.62534e-12 0.110013)
(1.74305e-12 3.25289e-12 0.0752821)
(1.46534e-12 4.68075e-13 0.0282039)
(-9.03213e-12 6.43632e-12 0.218243)
(-8.85254e-12 7.48476e-12 0.208666)
(-8.45443e-12 8.25692e-12 0.196152)
(-7.84882e-12 8.39547e-12 0.179671)
(-6.76177e-12 7.34206e-12 0.157765)
(-4.84571e-12 6.72393e-12 0.128345)
(-2.73049e-12 4.85618e-12 0.0883873)
(-2.95468e-13 1.46282e-12 0.0334566)
(-1.14987e-11 -2.2622e-12 0.218243)
(-1.09061e-11 -1.13976e-12 0.208666)
(-1.01582e-11 2.71404e-13 0.196153)
(-9.08429e-12 1.15245e-12 0.179671)
(-7.58473e-12 2.06966e-12 0.157765)
(-5.43595e-12 3.03302e-12 0.128346)
(-2.75828e-12 3.84175e-12 0.0883874)
(8.17516e-15 1.62921e-12 0.0334566)
(-1.47235e-11 -1.27752e-11 0.190225)
(-1.4045e-11 -1.13036e-11 0.181473)
(-1.32233e-11 -8.62654e-12 0.170141)
(-1.21578e-11 -6.57419e-12 0.155354)
(-1.07128e-11 -3.98734e-12 0.135887)
(-8.59652e-12 -1.50675e-12 0.110013)
(-5.71333e-12 1.41087e-12 0.0752823)
(-1.58095e-12 1.05296e-12 0.0282039)
(-1.22728e-11 -1.77716e-11 0.133451)
(-1.23979e-11 -1.66441e-11 0.127307)
(-1.24113e-11 -1.49698e-11 0.119285)
(-1.22102e-11 -1.27648e-11 0.108731)
(-1.15571e-11 -1.0676e-11 0.0947662)
(-1.02344e-11 -7.72836e-12 0.0762145)
(-7.86246e-12 -3.63476e-12 0.0515439)
(-2.89295e-12 -1.19462e-12 0.0188226)
(-4.8259e-11 1.12711e-11 0.133451)
(-4.68908e-11 1.23307e-11 0.127306)
(-4.48286e-11 1.40335e-11 0.119284)
(-4.17496e-11 1.58706e-11 0.10873)
(-3.73065e-11 1.7057e-11 0.0947657)
(-3.03808e-11 1.78097e-11 0.0762141)
(-2.05878e-11 1.6077e-11 0.0515436)
(-7.94107e-12 6.93116e-12 0.0188225)
(-6.36269e-11 2.31647e-11 0.190225)
(-6.43071e-11 2.30368e-11 0.181473)
(-6.44234e-11 2.27627e-11 0.170141)
(-6.31785e-11 2.28032e-11 0.155354)
(-5.99836e-11 2.19005e-11 0.135887)
(-5.31332e-11 2.08465e-11 0.110013)
(-3.9942e-11 1.73371e-11 0.0752821)
(-1.69574e-11 7.01627e-12 0.0282039)
(-5.37547e-11 1.4841e-11 0.218243)
(-5.42013e-11 1.40356e-11 0.208666)
(-5.41942e-11 1.31944e-11 0.196152)
(-5.3336e-11 1.18947e-11 0.179671)
(-5.09555e-11 1.06924e-11 0.157765)
(-4.54713e-11 8.47645e-12 0.128345)
(-3.46262e-11 6.27438e-12 0.0883873)
(-1.46528e-11 1.97027e-12 0.0334566)
(-4.46568e-11 9.91391e-12 0.218243)
(-4.4663e-11 8.56984e-12 0.208666)
(-4.42403e-11 6.78925e-12 0.196153)
(-4.31618e-11 4.46052e-12 0.179671)
(-4.07078e-11 2.31188e-12 0.157765)
(-3.60721e-11 -2.20581e-13 0.128346)
(-2.72761e-11 -1.81075e-12 0.0883874)
(-1.16798e-11 -1.61403e-12 0.0334566)
(-3.15752e-11 6.02481e-12 0.190225)
(-3.08565e-11 4.71691e-12 0.181473)
(-2.97699e-11 2.88209e-12 0.170141)
(-2.80105e-11 8.26906e-13 0.155354)
(-2.52623e-11 -1.58362e-12 0.135887)
(-2.12661e-11 -4.02992e-12 0.110013)
(-1.49989e-11 -4.92352e-12 0.0752823)
(-5.92025e-12 -2.62638e-12 0.0282039)
(-1.65294e-11 6.37159e-12 0.133451)
(-1.54199e-11 5.42906e-12 0.127307)
(-1.39663e-11 4.05669e-12 0.119285)
(-1.21282e-11 2.49034e-12 0.108731)
(-9.95334e-12 9.24605e-13 0.0947662)
(-7.11516e-12 -8.16749e-13 0.0762145)
(-4.07215e-12 -1.85026e-12 0.0515439)
(-1.09847e-12 -1.12389e-12 0.0188226)
(7.19829e-12 2.88408e-12 0.133451)
(7.97452e-12 2.03347e-12 0.127306)
(8.81326e-12 4.24173e-13 0.119284)
(9.57941e-12 -1.55937e-12 0.10873)
(1.00772e-11 -3.62437e-12 0.0947657)
(9.98378e-12 -5.23704e-12 0.0762141)
(8.39559e-12 -5.48784e-12 0.0515436)
(4.06724e-12 -2.87349e-12 0.0188225)
(3.05552e-12 5.55586e-12 0.190225)
(4.86648e-12 5.78173e-12 0.181473)
(6.99759e-12 5.30081e-12 0.170141)
(9.42181e-12 3.80274e-12 0.155354)
(1.19709e-11 1.5294e-12 0.135887)
(1.40413e-11 1.50531e-13 0.110013)
(1.3957e-11 -1.59909e-12 0.0752821)
(7.81328e-12 -1.88625e-12 0.0282039)
(-9.47812e-12 6.85244e-12 0.218243)
(-7.86791e-12 8.05912e-12 0.208666)
(-5.64443e-12 8.38697e-12 0.196152)
(-2.7951e-12 7.4419e-12 0.179671)
(6.15905e-13 6.45175e-12 0.157765)
(4.40834e-12 5.71004e-12 0.128345)
(6.7388e-12 4.65506e-12 0.0883873)
(5.0548e-12 9.50376e-13 0.0334566)
(-1.25562e-11 6.39888e-13 0.218243)
(-1.07583e-11 2.23341e-12 0.208666)
(-8.46728e-12 3.39808e-12 0.196153)
(-5.60777e-12 3.83555e-12 0.179671)
(-2.26465e-12 4.13031e-12 0.157765)
(1.42953e-12 5.8267e-12 0.128346)
(4.1666e-12 6.564e-12 0.0883874)
(3.98973e-12 2.38001e-12 0.0334566)
(-1.47056e-11 -8.75994e-12 0.190225)
(-1.32337e-11 -6.92982e-12 0.181473)
(-1.14497e-11 -4.93051e-12 0.170141)
(-9.3923e-12 -2.93126e-12 0.155354)
(-6.96918e-12 -6.64551e-13 0.135887)
(-4.48048e-12 2.18131e-12 0.110013)
(-1.97976e-12 4.29726e-12 0.0752823)
(3.79192e-13 1.89812e-12 0.0282039)
(-8.51065e-12 -1.68403e-11 0.133451)
(-8.75195e-12 -1.53896e-11 0.127307)
(-8.92887e-12 -1.3699e-11 0.119285)
(-8.92051e-12 -1.15168e-11 0.108731)
(-8.56998e-12 -9.46227e-12 0.0947662)
(-8.00633e-12 -6.01517e-12 0.0762145)
(-6.34664e-12 -2.34335e-12 0.0515439)
(-2.38987e-12 -5.23258e-13 0.0188226)
(-2.94932e-11 -7.07557e-12 0.133451)
(-2.81893e-11 -4.91089e-12 0.127306)
(-2.64451e-11 -2.42086e-12 0.119284)
(-2.40889e-11 5.3182e-13 0.10873)
(-2.09768e-11 3.38705e-12 0.0947657)
(-1.63391e-11 6.98265e-12 0.0762141)
(-1.03337e-11 9.13183e-12 0.0515436)
(-4.10339e-12 4.52953e-12 0.0188225)
(-4.47101e-11 3.64618e-12 0.190225)
(-4.49026e-11 5.06296e-12 0.181473)
(-4.46271e-11 6.69447e-12 0.170141)
(-4.34996e-11 7.90866e-12 0.155354)
(-4.11211e-11 8.93877e-12 0.135887)
(-3.62056e-11 1.13103e-11 0.110013)
(-2.70525e-11 1.23872e-11 0.0752821)
(-1.21455e-11 5.82742e-12 0.0282039)
(-4.20601e-11 3.63344e-13 0.218243)
(-4.17899e-11 1.28262e-12 0.208666)
(-4.11147e-11 1.83805e-12 0.196152)
(-3.96739e-11 2.20945e-12 0.179671)
(-3.71862e-11 2.927e-12 0.157765)
(-3.29469e-11 4.38274e-12 0.128345)
(-2.50902e-11 5.61895e-12 0.0883873)
(-1.09027e-11 2.53106e-12 0.0334566)
(-3.68683e-11 -2.25842e-12 0.218243)
(-3.6348e-11 -1.63301e-12 0.208666)
(-3.53509e-11 -2.16392e-12 0.196153)
(-3.3817e-11 -1.97362e-12 0.179671)
(-3.1291e-11 -2.59034e-12 0.157765)
(-2.74383e-11 -1.68148e-12 0.128346)
(-2.09778e-11 6.92287e-15 0.0883874)
(-8.96306e-12 -6.07892e-13 0.0334566)
(-2.90014e-11 -5.78442e-12 0.190225)
(-2.81162e-11 -5.57446e-12 0.181473)
(-2.69201e-11 -5.62684e-12 0.170141)
(-2.515e-11 -5.80668e-12 0.155354)
(-2.27028e-11 -6.27914e-12 0.135887)
(-1.94415e-11 -4.9687e-12 0.110013)
(-1.41979e-11 -3.67151e-12 0.0752823)
(-5.81989e-12 -1.7064e-12 0.0282039)
(-1.22582e-11 -7.30276e-12 0.133451)
(-1.19901e-11 -7.01931e-12 0.127307)
(-1.15318e-11 -6.89588e-12 0.119285)
(-1.07977e-11 -6.56467e-12 0.108731)
(-9.73947e-12 -6.26848e-12 0.0947662)
(-8.18802e-12 -5.08483e-12 0.0762145)
(-5.93736e-12 -3.38758e-12 0.0515439)
(-2.14987e-12 -1.19655e-12 0.0188226)
(-4.47332e-12 -2.76284e-13 0.133451)
(-3.3352e-12 2.55094e-13 0.127306)
(-2.02815e-12 -1.81529e-13 0.119284)
(-6.59812e-13 -9.10369e-13 0.10873)
(7.73022e-13 -1.705e-12 0.0947657)
(2.25905e-12 -1.37701e-12 0.0762141)
(3.19115e-12 -3.54874e-13 0.0515436)
(1.60296e-12 -1.49002e-13 0.0188225)
(-7.68979e-12 -1.59442e-12 0.190225)
(-6.21565e-12 8.92067e-13 0.181473)
(-4.48115e-12 1.97492e-12 0.170141)
(-2.49366e-12 2.22331e-12 0.155354)
(-3.68271e-13 2.41853e-12 0.135887)
(2.09624e-12 3.70962e-12 0.110013)
(4.11074e-12 5.04085e-12 0.0752821)
(2.67575e-12 1.38734e-12 0.0282039)
(-1.80021e-11 -3.48581e-12 0.218243)
(-1.65465e-11 -5.07583e-13 0.208666)
(-1.46267e-11 1.97903e-12 0.196152)
(-1.21748e-11 3.15658e-12 0.179671)
(-9.21145e-12 3.73127e-12 0.157765)
(-5.67578e-12 6.61019e-12 0.128345)
(-1.84113e-12 8.4311e-12 0.0883873)
(3.56419e-13 2.96793e-12 0.0334566)
(-1.8838e-11 -1.01569e-11 0.218243)
(-1.70286e-11 -7.06732e-12 0.208666)
(-1.48039e-11 -4.24905e-12 0.196153)
(-1.21208e-11 -1.96503e-12 0.179671)
(-8.99622e-12 6.13463e-13 0.157765)
(-5.6659e-12 4.2268e-12 0.128346)
(-2.19547e-12 7.91814e-12 0.0883874)
(6.47435e-13 3.18494e-12 0.0334566)
(-2.04939e-11 -2.13751e-11 0.190225)
(-1.8927e-11 -1.77589e-11 0.181473)
(-1.7143e-11 -1.39486e-11 0.170141)
(-1.50054e-11 -1.01744e-11 0.155354)
(-1.27377e-11 -5.76325e-12 0.135887)
(-1.02094e-11 -7.0871e-13 0.110013)
(-7.27918e-12 4.14793e-12 0.0752823)
(-2.00699e-12 2.18734e-12 0.0282039)
(-4.21226e-12 -2.99196e-11 0.133451)
(-5.38912e-12 -2.71125e-11 0.127307)
(-6.63477e-12 -2.4028e-11 0.119285)
(-7.83397e-12 -2.0165e-11 0.108731)
(-8.70597e-12 -1.60707e-11 0.0947662)
(-9.18602e-12 -1.02639e-11 0.0762145)
(-8.42967e-12 -3.42334e-12 0.0515439)
(-3.50005e-12 -5.52732e-13 0.0188226)
(-5.77255e-11 -1.01826e-11 0.133451)
(-5.45915e-11 -6.81325e-12 0.127306)
(-5.05235e-11 -3.02758e-12 0.119284)
(-4.52326e-11 1.00555e-12 0.10873)
(-3.84644e-11 4.54679e-12 0.0947657)
(-2.9203e-11 9.15154e-12 0.0762141)
(-1.76147e-11 1.1757e-11 0.0515436)
(-6.04064e-12 5.80487e-12 0.0188225)
(-7.75562e-11 -7.73228e-12 0.190224)
(-7.64181e-11 -4.5654e-12 0.181473)
(-7.42286e-11 -1.37293e-12 0.170141)
(-7.04562e-11 2.13335e-12 0.155354)
(-6.42246e-11 5.30371e-12 0.135887)
(-5.42184e-11 1.01656e-11 0.110013)
(-3.79887e-11 1.35494e-11 0.0752821)
(-1.4965e-11 6.85234e-12 0.0282039)
(-7.25815e-11 -1.96496e-11 0.218243)
(-7.14458e-11 -1.73009e-11 0.208666)
(-6.95214e-11 -1.48087e-11 0.196152)
(-6.62422e-11 -1.17661e-11 0.179671)
(-6.08685e-11 -8.0508e-12 0.157765)
(-5.19851e-11 -2.58418e-12 0.128345)
(-3.7463e-11 3.29785e-12 0.0883873)
(-1.47165e-11 2.72899e-12 0.0334566)
(-5.79789e-11 -2.57298e-11 0.218243)
(-5.6873e-11 -2.43704e-11 0.208666)
(-5.51108e-11 -2.33022e-11 0.196153)
(-5.24157e-11 -2.15138e-11 0.179671)
(-4.81031e-11 -1.84353e-11 0.157765)
(-4.14162e-11 -1.3137e-11 0.128346)
(-3.03358e-11 -5.69809e-12 0.0883874)
(-1.21959e-11 -1.38523e-12 0.0334566)
(-3.98356e-11 -2.84832e-11 0.190225)
(-3.85991e-11 -2.73677e-11 0.181473)
(-3.69829e-11 -2.58584e-11 0.170141)
(-3.471e-11 -2.38583e-11 0.155354)
(-3.16246e-11 -2.08658e-11 0.135887)
(-2.71703e-11 -1.61816e-11 0.110013)
(-2.01932e-11 -8.9831e-12 0.0752823)
(-8.18757e-12 -2.92692e-12 0.0282039)
(-1.63073e-11 -2.24271e-11 0.133451)
(-1.61503e-11 -2.13457e-11 0.127307)
(-1.5862e-11 -1.99104e-11 0.119285)
(-1.52729e-11 -1.82803e-11 0.108731)
(-1.4202e-11 -1.60453e-11 0.0947662)
(-1.25504e-11 -1.2282e-11 0.0762145)
(-9.37687e-12 -7.31226e-12 0.0515439)
(-3.72317e-12 -2.29781e-12 0.0188226)
(5.05086e-11 -6.26435e-11 0.133451)
(5.10468e-11 -6.11562e-11 0.127306)
(5.14096e-11 -5.94573e-11 0.119284)
(5.12753e-11 -5.64059e-11 0.10873)
(4.97995e-11 -5.15308e-11 0.0947657)
(4.55199e-11 -4.37812e-11 0.0762141)
(3.58452e-11 -3.06336e-11 0.0515436)
(1.58521e-11 -1.15633e-11 0.0188225)
(6.737e-11 -7.52369e-11 0.190224)
(6.93817e-11 -7.35145e-11 0.181473)
(7.16487e-11 -7.14737e-11 0.170141)
(7.37115e-11 -6.78821e-11 0.155354)
(7.48226e-11 -6.11467e-11 0.135887)
(7.26159e-11 -4.92131e-11 0.110013)
(6.11579e-11 -3.21964e-11 0.0752821)
(2.93792e-11 -1.13395e-11 0.0282039)
(6.50974e-11 -6.02027e-11 0.218243)
(6.69655e-11 -5.85687e-11 0.208666)
(6.91629e-11 -5.58922e-11 0.196152)
(7.14697e-11 -5.21985e-11 0.179671)
(7.2954e-11 -4.56735e-11 0.157765)
(7.18841e-11 -3.2574e-11 0.128345)
(6.18235e-11 -1.52522e-11 0.0883873)
(3.03101e-11 -3.15129e-12 0.0334566)
(6.38711e-11 -3.98632e-11 0.218243)
(6.5464e-11 -3.64997e-11 0.208666)
(6.70896e-11 -3.41791e-11 0.196153)
(6.86069e-11 -3.02381e-11 0.179671)
(6.88863e-11 -2.50018e-11 0.157765)
(6.58826e-11 -1.36018e-11 0.128346)
(5.43909e-11 1.40251e-12 0.0883874)
(2.64814e-11 4.58886e-12 0.0334566)
(5.05435e-11 -2.99417e-11 0.190225)
(5.1052e-11 -2.57457e-11 0.181473)
(5.13469e-11 -2.1655e-11 0.170141)
(5.10019e-11 -1.71881e-11 0.155354)
(4.93351e-11 -1.05926e-11 0.135887)
(4.41439e-11 5.84204e-13 0.110013)
(3.32254e-11 1.15738e-11 0.0752823)
(1.49592e-11 7.77113e-12 0.0282039)
(4.32649e-11 -1.95558e-11 0.133451)
(4.09138e-11 -1.64656e-11 0.127307)
(3.80932e-11 -1.38167e-11 0.119285)
(3.46269e-11 -1.13294e-11 0.108731)
(2.99038e-11 -7.48299e-12 0.0947662)
(2.29527e-11 -6.04495e-13 0.0762145)
(1.35577e-11 6.99209e-12 0.0515439)
(4.65212e-12 5.02857e-12 0.0188226)
(-2.6996e-11 2.09009e-11 0.133451)
(-2.68208e-11 2.12196e-11 0.127306)
(-2.66037e-11 2.11641e-11 0.119284)
(-2.61689e-11 2.02919e-11 0.10873)
(-2.51837e-11 1.96287e-11 0.0947657)
(-2.28799e-11 1.82493e-11 0.0762141)
(-1.7912e-11 1.4709e-11 0.0515436)
(-8.36448e-12 6.75622e-12 0.0188225)
(-1.69729e-11 8.11783e-12 0.190224)
(-1.74995e-11 9.67287e-12 0.181473)
(-1.82543e-11 1.09011e-11 0.170141)
(-1.94259e-11 1.16468e-11 0.155354)
(-2.08398e-11 1.22286e-11 0.135887)
(-2.19315e-11 1.33201e-11 0.110013)
(-2.08446e-11 1.30299e-11 0.0752821)
(-1.23987e-11 6.24654e-12 0.0282039)
(-1.07357e-11 -5.95951e-13 0.218243)
(-1.12881e-11 1.26561e-12 0.208666)
(-1.21637e-11 2.59958e-12 0.196152)
(-1.35467e-11 3.22567e-12 0.179671)
(-1.56659e-11 4.27758e-12 0.157765)
(-1.82596e-11 5.32e-12 0.128345)
(-1.93361e-11 7.09e-12 0.0883873)
(-1.29693e-11 3.06838e-12 0.0334566)
(-2.95225e-12 -3.10022e-12 0.218243)
(-3.5471e-12 -1.71899e-12 0.208666)
(-4.47637e-12 -1.17689e-12 0.196153)
(-5.84614e-12 -3.80402e-13 0.179671)
(-7.87232e-12 -2.35671e-13 0.157765)
(-1.0867e-11 3.51993e-13 0.128346)
(-1.29666e-11 9.91868e-13 0.0883874)
(-9.17974e-12 1.33225e-13 0.0334566)
(1.85956e-12 -1.6062e-12 0.190225)
(1.44997e-12 -7.94714e-13 0.181473)
(7.59147e-13 -7.98246e-13 0.170141)
(-3.52604e-13 -7.03735e-13 0.155354)
(-1.92958e-12 -1.34894e-12 0.135887)
(-4.01219e-12 -1.42722e-12 0.110013)
(-5.71007e-12 -7.19782e-13 0.0752823)
(-4.45909e-12 -9.03924e-13 0.0282039)
(1.30471e-11 -2.16847e-12 0.133451)
(1.18259e-11 -1.59023e-12 0.127307)
(1.03688e-11 -8.78491e-13 0.119285)
(8.68228e-12 -5.21173e-13 0.108731)
(6.65627e-12 -3.62308e-13 0.0947662)
(4.26558e-12 3.17518e-13 0.0762145)
(1.48088e-12 1.32644e-12 0.0515439)
(3.32919e-14 5.34513e-13 0.0188226)
(6.5973e-12 -1.64752e-11 0.133451)
(7.01583e-12 -1.47454e-11 0.127306)
(7.51473e-12 -1.28596e-11 0.119284)
(7.95811e-12 -1.1201e-11 0.10873)
(8.34874e-12 -9.13232e-12 0.0947657)
(8.73561e-12 -5.6603e-12 0.0762141)
(8.18456e-12 -1.39208e-12 0.0515436)
(3.44548e-12 -6.8296e-13 0.0188225)
(1.18061e-12 -3.76066e-12 0.190224)
(1.36569e-13 -1.63693e-12 0.181473)
(-8.78878e-13 4.59197e-14 0.170141)
(-1.6625e-12 1.12168e-12 0.155354)
(-2.1251e-12 2.09292e-12 0.135887)
(-1.68081e-12 5.16789e-12 0.110013)
(6.06874e-14 6.49556e-12 0.0752821)
(2.41523e-13 2.32902e-12 0.0282039)
(7.24887e-12 8.53711e-13 0.218243)
(6.4568e-12 3.26626e-12 0.208666)
(5.56605e-12 4.37592e-12 0.196152)
(4.60795e-12 5.63191e-12 0.179671)
(3.7402e-12 6.05068e-12 0.157765)
(3.46319e-12 7.65462e-12 0.128345)
(3.37061e-12 9.01755e-12 0.0883873)
(2.53914e-12 3.05711e-12 0.0334566)
(1.21989e-11 6.024e-12 0.218243)
(1.19257e-11 8.06322e-12 0.208666)
(1.15313e-11 9.39377e-12 0.196153)
(1.10061e-11 1.01244e-11 0.179671)
(1.02956e-11 9.96442e-12 0.157765)
(9.27987e-12 1.05925e-11 0.128346)
(7.51823e-12 1.15763e-11 0.0883874)
(4.48065e-12 3.84688e-12 0.0334566)
(1.03683e-11 5.48224e-12 0.190225)
(1.07794e-11 7.82118e-12 0.181473)
(1.10162e-11 9.61708e-12 0.170141)
(1.10393e-11 1.05899e-11 0.155354)
(1.06515e-11 1.08137e-11 0.135887)
(9.26888e-12 1.16453e-11 0.110013)
(6.68597e-12 1.18303e-11 0.0752823)
(3.62615e-12 4.36364e-12 0.0282039)
(1.97217e-11 -6.00527e-12 0.133451)
(1.7843e-11 -4.28135e-12 0.127307)
(1.56921e-11 -2.13225e-12 0.119285)
(1.31797e-11 -3.88457e-13 0.108731)
(1.04755e-11 1.29398e-12 0.0947662)
(7.06807e-12 3.75539e-12 0.0762145)
(3.30792e-12 5.64276e-12 0.0515439)
(1.12708e-12 2.6313e-12 0.0188226)
(-2.27669e-11 4.49522e-12 0.133451)
(-2.15368e-11 5.3768e-12 0.127306)
(-2.00751e-11 5.95557e-12 0.119284)
(-1.83565e-11 6.1328e-12 0.10873)
(-1.60967e-11 6.12352e-12 0.0947657)
(-1.28871e-11 6.8804e-12 0.0762141)
(-8.1833e-12 7.61189e-12 0.0515436)
(-3.45689e-12 3.47194e-12 0.0188225)
(-2.61191e-11 4.29417e-12 0.190224)
(-2.60955e-11 6.105e-12 0.181473)
(-2.5952e-11 7.16711e-12 0.170141)
(-2.54062e-11 7.8798e-12 0.155354)
(-2.42546e-11 7.89255e-12 0.135887)
(-2.1305e-11 9.62499e-12 0.110013)
(-1.58373e-11 1.02054e-11 0.0752821)
(-7.11655e-12 4.52801e-12 0.0282039)
(-1.90347e-11 2.03889e-13 0.218243)
(-1.94285e-11 1.80123e-12 0.208666)
(-1.98349e-11 2.46369e-12 0.196152)
(-2.01123e-11 2.59712e-12 0.179671)
(-1.99317e-11 3.05686e-12 0.157765)
(-1.8716e-11 4.47701e-12 0.128345)
(-1.50699e-11 7.12121e-12 0.0883873)
(-7.21389e-12 2.6232e-12 0.0334566)
(-6.0314e-12 -9.78441e-13 0.218243)
(-6.37241e-12 -1.97597e-14 0.208666)
(-6.8687e-12 3.79874e-13 0.196153)
(-7.35835e-12 3.71558e-13 0.179671)
(-7.91772e-12 -1.67395e-13 0.157765)
(-8.44865e-12 8.90394e-13 0.128346)
(-8.03716e-12 3.45882e-12 0.0883874)
(-4.27971e-12 1.16218e-12 0.0334566)
(1.95491e-12 -2.84836e-12 0.190225)
(2.03168e-12 -1.88048e-12 0.181473)
(1.88637e-12 -1.05494e-12 0.170141)
(1.41046e-12 -6.41546e-13 0.155354)
(4.26803e-13 -4.15084e-13 0.135887)
(-1.09798e-12 3.06283e-13 0.110013)
(-2.84603e-12 2.80588e-12 0.0752823)
(-2.0624e-12 6.98472e-13 0.0282039)
(1.92763e-11 -9.16267e-12 0.133451)
(1.73455e-11 -7.80788e-12 0.127307)
(1.49863e-11 -6.36649e-12 0.119285)
(1.22747e-11 -4.93981e-12 0.108731)
(9.07015e-12 -3.61862e-12 0.0947662)
(5.46478e-12 -9.95778e-13 0.0762145)
(1.34997e-12 1.78487e-12 0.0515439)
(-9.36892e-14 1.01636e-12 0.0188226)
(-1.52826e-11 -2.58434e-11 0.133451)
(-1.34991e-11 -2.35587e-11 0.127306)
(-1.13668e-11 -2.06472e-11 0.119284)
(-8.87019e-12 -1.70265e-11 0.10873)
(-6.04731e-12 -1.32914e-11 0.0947657)
(-2.45805e-12 -7.71993e-12 0.0762141)
(8.36633e-13 -1.32919e-12 0.0515436)
(1.15774e-12 2.4977e-13 0.0188225)
(-2.6394e-11 -2.46155e-11 0.190224)
(-2.57561e-11 -2.24646e-11 0.181473)
(-2.46944e-11 -1.97456e-11 0.170141)
(-2.29139e-11 -1.65922e-11 0.155354)
(-2.02581e-11 -1.21826e-11 0.135887)
(-1.58022e-11 -5.90595e-12 0.110013)
(-9.28577e-12 1.53465e-12 0.0752821)
(-2.94851e-12 1.7835e-12 0.0282039)
(-2.11129e-11 -2.90117e-11 0.218243)
(-2.07923e-11 -2.6569e-11 0.208666)
(-2.03331e-11 -2.44006e-11 0.196152)
(-1.94005e-11 -2.03942e-11 0.179671)
(-1.7844e-11 -1.61382e-11 0.157765)
(-1.47729e-11 -8.96518e-12 0.128345)
(-9.78428e-12 -6.74196e-13 0.0883873)
(-3.14532e-12 1.37226e-12 0.0334566)
(-1.24459e-11 -2.90248e-11 0.218243)
(-1.25479e-11 -2.67653e-11 0.208666)
(-1.2692e-11 -2.456e-11 0.196153)
(-1.27738e-11 -2.16095e-11 0.179671)
(-1.23722e-11 -1.74306e-11 0.157765)
(-1.1453e-11 -1.09268e-11 0.128346)
(-9.12592e-12 -2.47367e-12 0.0883873)
(-3.61535e-12 2.12227e-13 0.0334566)
(-8.06492e-12 -2.93536e-11 0.190225)
(-8.2355e-12 -2.72815e-11 0.181473)
(-8.5754e-12 -2.46421e-11 0.170141)
(-9.1085e-12 -2.15615e-11 0.155354)
(-9.67831e-12 -1.7995e-11 0.135887)
(-1.01103e-11 -1.15026e-11 0.110013)
(-9.13228e-12 -3.9021e-12 0.0752823)
(-4.44795e-12 -7.3155e-13 0.0282039)
(3.12712e-12 -2.80401e-11 0.133451)
(1.55064e-12 -2.59261e-11 0.127307)
(-2.67492e-13 -2.35768e-11 0.119285)
(-2.30177e-12 -2.06651e-11 0.108731)
(-4.3281e-12 -1.72273e-11 0.0947662)
(-6.12706e-12 -1.20687e-11 0.0762145)
(-6.95153e-12 -6.11377e-12 0.0515439)
(-3.36733e-12 -1.63224e-12 0.0188226)
(-1.48128e-11 -1.82271e-11 0.133451)
(-1.29131e-11 -1.6314e-11 0.127306)
(-1.0785e-11 -1.42221e-11 0.119284)
(-8.4617e-12 -1.18161e-11 0.10873)
(-5.88087e-12 -9.08156e-12 0.0947657)
(-2.95642e-12 -5.02875e-12 0.0762141)
(-1.24439e-13 -1.0482e-13 0.0515436)
(4.91513e-13 8.53413e-13 0.0188225)
(-1.70236e-11 -2.20197e-11 0.190224)
(-1.59357e-11 -1.90632e-11 0.181473)
(-1.45867e-11 -1.6048e-11 0.170141)
(-1.27677e-11 -1.29251e-11 0.155354)
(-1.05254e-11 -9.0708e-12 0.135887)
(-7.32854e-12 -2.80418e-12 0.110013)
(-3.36772e-12 2.63097e-12 0.0752821)
(-9.15577e-13 2.08229e-12 0.0282039)
(-1.16075e-11 -2.62417e-11 0.218243)
(-1.08235e-11 -2.29972e-11 0.208666)
(-9.9067e-12 -1.95013e-11 0.196152)
(-8.70272e-12 -1.60397e-11 0.179671)
(-7.18535e-12 -1.20085e-11 0.157765)
(-5.05572e-12 -5.22713e-12 0.128345)
(-2.21073e-12 2.10247e-12 0.0883873)
(-3.69036e-13 2.13457e-12 0.0334566)
(-3.70221e-13 -2.60036e-11 0.218243)
(9.95135e-14 -2.26481e-11 0.208666)
(6.35956e-13 -1.93743e-11 0.196153)
(1.20215e-12 -1.5794e-11 0.179671)
(1.72444e-12 -1.10429e-11 0.157765)
(2.24088e-12 -4.65237e-12 0.128346)
(2.08529e-12 2.31452e-12 0.0883873)
(1.60433e-12 2.09933e-12 0.0334566)
(5.61629e-12 -2.40136e-11 0.190225)
(5.93555e-12 -2.07679e-11 0.181473)
(6.10288e-12 -1.72925e-11 0.170141)
(5.90837e-12 -1.35402e-11 0.155354)
(5.31185e-12 -9.06609e-12 0.135887)
(4.10031e-12 -2.84467e-12 0.110013)
(2.01119e-12 3.25487e-12 0.0752823)
(8.93214e-13 2.41205e-12 0.0282039)
(2.18548e-11 -2.13329e-11 0.133451)
(1.97835e-11 -1.8531e-11 0.127307)
(1.72637e-11 -1.53124e-11 0.119285)
(1.43551e-11 -1.19236e-11 0.108731)
(1.08814e-11 -7.88252e-12 0.0947662)
(6.83978e-12 -3.04655e-12 0.0762145)
(2.79297e-12 1.87581e-12 0.0515439)
(5.73647e-13 1.77459e-12 0.0188226)
(-7.75495e-12 -2.23822e-11 0.133451)
(-6.25322e-12 -2.04993e-11 0.127306)
(-4.60763e-12 -1.81072e-11 0.119284)
(-2.89628e-12 -1.54776e-11 0.10873)
(-1.15501e-12 -1.23225e-11 0.0947657)
(9.48454e-13 -7.44849e-12 0.0762141)
(2.50597e-12 -1.95298e-12 0.0515436)
(1.29256e-12 3.77741e-14 0.0188225)
(-1.42404e-11 -2.2696e-11 0.190224)
(-1.3457e-11 -2.06118e-11 0.181473)
(-1.24409e-11 -1.80208e-11 0.170141)
(-1.10651e-11 -1.50058e-11 0.155354)
(-9.2916e-12 -1.16115e-11 0.135887)
(-6.92317e-12 -5.39186e-12 0.110013)
(-3.46097e-12 1.14364e-12 0.0752821)
(-1.15088e-12 1.45617e-12 0.0282039)
(-1.15511e-11 -2.538e-11 0.218243)
(-1.0933e-11 -2.32759e-11 0.208666)
(-1.02118e-11 -2.06013e-11 0.196152)
(-9.32806e-12 -1.76259e-11 0.179671)
(-8.06899e-12 -1.39711e-11 0.157765)
(-6.30702e-12 -7.50741e-12 0.128345)
(-3.97499e-12 4.60587e-13 0.0883873)
(-1.36123e-12 1.10703e-12 0.0334566)
(-4.41014e-12 -2.46892e-11 0.218243)
(-4.14438e-12 -2.22607e-11 0.208666)
(-3.85322e-12 -2.03164e-11 0.196153)
(-3.57766e-12 -1.71259e-11 0.179671)
(-3.42952e-12 -1.35432e-11 0.157765)
(-3.25517e-12 -7.73375e-12 0.128346)
(-2.86668e-12 -4.07395e-13 0.0883873)
(-1.25899e-12 8.18592e-13 0.0334566)
(-1.51408e-12 -2.36197e-11 0.190225)
(-1.29425e-12 -2.13353e-11 0.181473)
(-1.28775e-12 -1.88317e-11 0.170141)
(-1.57631e-12 -1.60022e-11 0.155354)
(-2.05289e-12 -1.228e-11 0.135887)
(-2.95847e-12 -6.83348e-12 0.110013)
(-3.83199e-12 -5.8279e-13 0.0752823)
(-2.04674e-12 1.75248e-14 0.0282039)
(8.68522e-12 -2.20995e-11 0.133451)
(7.27792e-12 -1.99587e-11 0.127307)
(5.53184e-12 -1.75897e-11 0.119285)
(3.58632e-12 -1.49482e-11 0.108731)
(1.31008e-12 -1.19188e-11 0.0947662)
(-1.13427e-12 -7.52386e-12 0.0762145)
(-2.82978e-12 -2.76861e-12 0.0515439)
(-1.74554e-12 -3.97217e-13 0.0188226)
(-8.4301e-12 -2.64115e-11 0.133451)
(-6.59752e-12 -2.41259e-11 0.127306)
(-4.64057e-12 -2.13375e-11 0.119284)
(-2.63657e-12 -1.8336e-11 0.10873)
(-6.48222e-13 -1.45059e-11 0.0947657)
(1.52368e-12 -8.91305e-12 0.0762141)
(3.16505e-12 -2.86718e-12 0.0515436)
(1.60726e-12 -6.52573e-14 0.0188225)
(-9.71623e-12 -3.02777e-11 0.190224)
(-8.79023e-12 -2.67653e-11 0.181473)
(-7.68635e-12 -2.28184e-11 0.170141)
(-6.43861e-12 -1.89369e-11 0.155354)
(-4.91189e-12 -1.42794e-11 0.135887)
(-2.91628e-12 -6.76534e-12 0.110013)
(-3.41577e-13 5.57088e-13 0.0752821)
(1.25592e-13 1.76543e-12 0.0282039)
(-5.08066e-12 -3.24842e-11 0.218243)
(-4.46525e-12 -2.91033e-11 0.208666)
(-3.74623e-12 -2.54338e-11 0.196152)
(-2.91094e-12 -2.04999e-11 0.179671)
(-1.93262e-12 -1.58239e-11 0.157765)
(-7.95754e-13 -7.26616e-12 0.128345)
(5.76669e-13 1.41496e-12 0.0883873)
(6.33184e-13 2.0198e-12 0.0334566)
(5.45769e-12 -3.16062e-11 0.218243)
(5.88623e-12 -2.78156e-11 0.208666)
(6.16629e-12 -2.3978e-11 0.196153)
(6.32367e-12 -1.9608e-11 0.179671)
(6.2724e-12 -1.39429e-11 0.157765)
(5.49021e-12 -6.32329e-12 0.128346)
(4.49412e-12 1.4082e-12 0.0883873)
(2.12266e-12 2.34477e-12 0.0334566)
(1.00595e-11 -2.85512e-11 0.190225)
(1.02081e-11 -2.50593e-11 0.181473)
(1.00194e-11 -2.0565e-11 0.170141)
(9.31187e-12 -1.59408e-11 0.155354)
(8.0878e-12 -1.08473e-11 0.135887)
(5.8974e-12 -3.92579e-12 0.110013)
(2.56651e-12 2.62183e-12 0.0752823)
(8.44768e-13 2.28656e-12 0.0282039)
(2.33193e-11 -2.48792e-11 0.133451)
(2.10217e-11 -2.19815e-11 0.127307)
(1.82289e-11 -1.82559e-11 0.119285)
(1.49265e-11 -1.43508e-11 0.108731)
(1.10738e-11 -1.03698e-11 0.0947662)
(6.66412e-12 -4.54686e-12 0.0762145)
(2.19192e-12 9.76904e-13 0.0515439)
(2.05128e-13 1.46952e-12 0.0188226)
(-3.83784e-12 -1.68764e-11 0.133451)
(-2.80655e-12 -1.53042e-11 0.127306)
(-1.85529e-12 -1.3892e-11 0.119284)
(-8.94249e-13 -1.16365e-11 0.10873)
(-6.07856e-14 -9.4148e-12 0.0947657)
(9.8375e-13 -5.71786e-12 0.0762141)
(1.92504e-12 -1.19513e-12 0.0515436)
(7.90936e-13 1.95164e-13 0.0188225)
(-8.62435e-12 -1.70115e-11 0.190224)
(-8.03005e-12 -1.51457e-11 0.181473)
(-7.50773e-12 -1.38474e-11 0.170141)
(-6.85417e-12 -1.19063e-11 0.155354)
(-6.07591e-12 -9.05745e-12 0.135887)
(-4.82404e-12 -4.84508e-12 0.110013)
(-2.50039e-12 1.33086e-12 0.0752821)
(-1.28907e-12 1.03317e-12 0.0282039)
(-6.99948e-12 -1.88397e-11 0.218243)
(-6.50559e-12 -1.68352e-11 0.208666)
(-6.03189e-12 -1.52246e-11 0.196152)
(-5.64639e-12 -1.30098e-11 0.179671)
(-5.22148e-12 -1.07223e-11 0.157765)
(-4.37822e-12 -5.85154e-12 0.128345)
(-2.999e-12 3.04378e-13 0.0883873)
(-1.29941e-12 6.57874e-13 0.0334566)
(-1.34145e-12 -1.79915e-11 0.218243)
(-1.03139e-12 -1.60454e-11 0.208666)
(-8.21251e-13 -1.45777e-11 0.196153)
(-7.4511e-13 -1.29269e-11 0.179671)
(-8.68935e-13 -1.05531e-11 0.157765)
(-1.18197e-12 -6.5167e-12 0.128346)
(-1.43076e-12 -3.88316e-13 0.0883873)
(-8.10928e-13 3.1091e-13 0.0334566)
(2.74888e-13 -1.69074e-11 0.190225)
(6.26836e-13 -1.5002e-11 0.181473)
(7.85336e-13 -1.30404e-11 0.170141)
(6.76178e-13 -1.12137e-11 0.155354)
(2.39901e-13 -8.72833e-12 0.135887)
(-6.32892e-13 -4.97543e-12 0.110013)
(-1.94544e-12 5.58341e-13 0.0752823)
(-1.14772e-12 2.92904e-13 0.0282039)
(8.70039e-12 -1.77816e-11 0.133451)
(7.48408e-12 -1.60034e-11 0.127307)
(6.02602e-12 -1.40305e-11 0.119285)
(4.32735e-12 -1.16979e-11 0.108731)
(2.36225e-12 -9.2391e-12 0.0947662)
(-1.31854e-14 -5.39351e-12 0.0762145)
(-1.74218e-12 -1.30104e-12 0.0515439)
(-1.12605e-12 9.3292e-14 0.0188226)
(-1.7814e-11 -4.20421e-11 0.133451)
(-1.52134e-11 -3.80354e-11 0.127306)
(-1.21116e-11 -3.3119e-11 0.119284)
(-8.54215e-12 -2.74172e-11 0.10873)
(-4.66356e-12 -2.08156e-11 0.0947657)
(-5.4333e-13 -1.25006e-11 0.0762141)
(2.93433e-12 -3.4013e-12 0.0515436)
(2.20984e-12 3.37092e-13 0.0188225)
(-1.49722e-11 -4.909e-11 0.190224)
(-1.41302e-11 -4.38476e-11 0.181473)
(-1.28216e-11 -3.71779e-11 0.170141)
(-1.09808e-11 -2.9173e-11 0.155354)
(-8.52037e-12 -2.07405e-11 0.135887)
(-5.18951e-12 -9.74664e-12 0.110013)
(-1.39636e-12 5.35186e-13 0.0752821)
(1.7819e-13 2.90795e-12 0.0282039)
(-3.71904e-12 -5.27276e-11 0.218243)
(-3.22166e-12 -4.73815e-11 0.208666)
(-2.64836e-12 -4.00768e-11 0.196152)
(-1.82849e-12 -3.18603e-11 0.179671)
(-8.67012e-13 -2.16334e-11 0.157765)
(2.67831e-13 -9.84072e-12 0.128345)
(1.30333e-12 2.48866e-12 0.0883873)
(1.10141e-12 3.84361e-12 0.0334566)
(1.32997e-11 -5.00162e-11 0.218243)
(1.36258e-11 -4.44331e-11 0.208666)
(1.36823e-11 -3.7423e-11 0.196153)
(1.32582e-11 -2.92189e-11 0.179671)
(1.23487e-11 -1.98915e-11 0.157765)
(1.04327e-11 -8.1278e-12 0.128346)
(7.41073e-12 3.89126e-12 0.0883873)
(3.13854e-12 4.32169e-12 0.0334566)
(2.1705e-11 -4.53008e-11 0.190225)
(2.15435e-11 -3.97429e-11 0.181473)
(2.06573e-11 -3.25145e-11 0.170141)
(1.872e-11 -2.43353e-11 0.155354)
(1.56552e-11 -1.59008e-11 0.135887)
(1.11201e-11 -4.72671e-12 0.110013)
(5.40292e-12 4.78079e-12 0.0752823)
(1.22355e-12 4.0139e-12 0.0282039)
(3.85603e-11 -3.60564e-11 0.133451)
(3.51084e-11 -3.18865e-11 0.127307)
(3.06654e-11 -2.64991e-11 0.119285)
(2.52106e-11 -2.04344e-11 0.108731)
(1.88012e-11 -1.39056e-11 0.0947662)
(1.14385e-11 -6.12077e-12 0.0762145)
(4.09293e-12 1.11201e-12 0.0515439)
(3.28286e-13 2.16218e-12 0.0188226)
(2.54225e-11 1.44555e-11 0.133451)
(2.4379e-11 1.20845e-11 0.127306)
(2.22098e-11 8.73148e-12 0.119284)
(1.88913e-11 5.6979e-12 0.10873)
(1.44907e-11 2.40593e-12 0.0947657)
(9.71966e-12 3.92394e-13 0.0762141)
(5.21792e-12 -3.94449e-13 0.0515436)
(6.16986e-13 -8.277e-13 0.0188225)
(1.93844e-11 1.89768e-11 0.190224)
(1.96429e-11 1.61308e-11 0.181473)
(1.86584e-11 1.13678e-11 0.170141)
(1.62479e-11 6.48486e-12 0.155354)
(1.23636e-11 1.86083e-12 0.135887)
(7.75039e-12 -1.29652e-12 0.110013)
(2.9759e-12 -1.31987e-12 0.0752821)
(-8.44473e-13 -1.95727e-12 0.0282039)
(6.42421e-12 1.94174e-11 0.218243)
(6.64633e-12 1.61967e-11 0.208666)
(6.29804e-12 1.12065e-11 0.196152)
(5.18878e-12 6.00921e-12 0.179671)
(3.35046e-12 4.46282e-13 0.157765)
(1.0149e-12 -3.37684e-12 0.128345)
(-1.18397e-12 -2.69372e-12 0.0883873)
(-2.05478e-12 -3.51852e-12 0.0334566)
(-6.40219e-12 2.04517e-11 0.218243)
(-6.53217e-12 1.73898e-11 0.208666)
(-6.46636e-12 1.20107e-11 0.196153)
(-6.19308e-12 6.53253e-12 0.179671)
(-5.62376e-12 -3.02747e-14 0.157765)
(-5.02873e-12 -3.95632e-12 0.128346)
(-4.3153e-12 -3.50619e-12 0.0883873)
(-1.76475e-12 -4.05275e-12 0.0334566)
(-2.01381e-11 1.8757e-11 0.190225)
(-1.9757e-11 1.59384e-11 0.181473)
(-1.84994e-11 1.12659e-11 0.170141)
(-1.63459e-11 6.7076e-12 0.155354)
(-1.32147e-11 9.71125e-13 0.135887)
(-9.73985e-12 -1.81806e-12 0.110013)
(-6.24511e-12 -2.50799e-12 0.0752823)
(-1.5595e-12 -2.668e-12 0.0282039)
(-1.88817e-11 8.66856e-12 0.133451)
(-1.83434e-11 7.03071e-12 0.127307)
(-1.70029e-11 4.56539e-12 0.119285)
(-1.47977e-11 2.28126e-12 0.108731)
(-1.18592e-11 -4.00164e-13 0.0947662)
(-8.75755e-12 -1.3649e-12 0.0762145)
(-5.47023e-12 -6.75821e-13 0.0515439)
(-1.38171e-12 -1.06612e-12 0.0188226)
(-1.92099e-10 -1.6042e-10 0.133451)
(-1.82811e-10 -1.42194e-10 0.127306)
(-1.66076e-10 -1.17837e-10 0.119284)
(-1.40972e-10 -8.70525e-11 0.10873)
(-1.08513e-10 -5.41568e-11 0.0947657)
(-7.17706e-11 -2.37631e-11 0.0762141)
(-3.36936e-11 4.1149e-12 0.0515436)
(-6.07395e-12 9.72175e-12 0.0188225)
(-2.08232e-10 -2.07454e-10 0.190224)
(-2.09393e-10 -1.83789e-10 0.181473)
(-2.03936e-10 -1.53151e-10 0.170141)
(-1.89875e-10 -1.15844e-10 0.155354)
(-1.6519e-10 -7.17705e-11 0.135887)
(-1.28369e-10 -1.75663e-11 0.110013)
(-8.10592e-11 2.18761e-11 0.0752821)
(-2.70221e-11 2.16544e-11 0.0282039)
(-1.04045e-10 -2.24834e-10 0.218243)
(-1.05825e-10 -2.01825e-10 0.208666)
(-1.05517e-10 -1.68995e-10 0.196152)
(-1.02021e-10 -1.30674e-10 0.179671)
(-9.5122e-11 -8.60195e-11 0.157765)
(-8.08609e-11 -4.03853e-11 0.128345)
(-5.69029e-11 9.98126e-14 0.0883873)
(-2.10069e-11 1.38213e-11 0.0334566)
(4.0125e-11 -2.26209e-10 0.218243)
(4.10156e-11 -2.02698e-10 0.208666)
(4.02153e-11 -1.70047e-10 0.196152)
(3.69912e-11 -1.29937e-10 0.179671)
(3.15041e-11 -8.49414e-11 0.157765)
(2.36676e-11 -3.95176e-11 0.128346)
(1.47735e-11 -1.14219e-12 0.0883873)
(5.48002e-12 1.21433e-11 0.0334566)
(1.42824e-10 -1.92832e-10 0.190225)
(1.42928e-10 -1.71061e-10 0.181473)
(1.37053e-10 -1.40841e-10 0.170141)
(1.23876e-10 -1.0391e-10 0.155354)
(1.03375e-10 -6.33568e-11 0.135887)
(7.60766e-11 -2.31132e-11 0.110013)
(4.40713e-11 7.58484e-12 0.0752823)
(1.2356e-11 1.35133e-11 0.0282039)
(1.79734e-10 -1.27071e-10 0.133451)
(1.72047e-10 -1.11356e-10 0.127307)
(1.57306e-10 -9.00531e-11 0.119285)
(1.34813e-10 -6.49428e-11 0.108731)
(1.05326e-10 -3.82552e-11 0.0947662)
(7.09366e-11 -1.24424e-11 0.0762145)
(3.5864e-11 6.67749e-12 0.0515439)
(7.60121e-12 8.98416e-12 0.0188226)
(-1.35284e-10 -1.05315e-10 0.133451)
(-1.35126e-10 -1.05954e-10 0.127306)
(-1.27864e-10 -9.86288e-11 0.119284)
(-1.11414e-10 -7.8716e-11 0.10873)
(-8.80189e-11 -5.62911e-11 0.0947657)
(-6.26108e-11 -4.73749e-11 0.0762141)
(-3.55845e-11 -3.77751e-11 0.0515436)
(-4.75084e-12 -1.11284e-11 0.0188225)
(-1.03228e-10 -2.41945e-10 0.190224)
(-9.71535e-11 -2.46015e-10 0.181473)
(-8.38033e-11 -2.34812e-10 0.170141)
(-6.10783e-11 -2.06075e-10 0.155354)
(-3.07068e-11 -1.68804e-10 0.135887)
(2.38299e-13 -1.45142e-10 0.110013)
(2.41282e-11 -1.1209e-10 0.0752821)
(2.88009e-11 -3.92352e-11 0.0282039)
(-4.19581e-12 -2.85804e-10 0.218243)
(-6.66322e-13 -2.85729e-10 0.208666)
(5.58321e-12 -2.69854e-10 0.196152)
(1.52943e-11 -2.35625e-10 0.179671)
(2.76604e-11 -1.94282e-10 0.157765)
(3.89494e-11 -1.65199e-10 0.128345)
(4.31629e-11 -1.23261e-10 0.0883873)
(2.78487e-11 -4.05586e-11 0.0334566)
(1.23422e-10 -2.86859e-10 0.218243)
(1.22765e-10 -2.86924e-10 0.208666)
(1.19368e-10 -2.69546e-10 0.196153)
(1.11887e-10 -2.34095e-10 0.179671)
(9.93509e-11 -1.91059e-10 0.157765)
(8.13388e-11 -1.58734e-10 0.128346)
(5.48871e-11 -1.16625e-10 0.0883874)
(1.62487e-11 -3.52222e-11 0.0334566)
(2.76151e-10 -2.11574e-10 0.190225)
(2.71706e-10 -2.13664e-10 0.181473)
(2.59503e-10 -2.00487e-10 0.170141)
(2.36072e-10 -1.6875e-10 0.155354)
(2.01219e-10 -1.30525e-10 0.135887)
(1.55722e-10 -1.02068e-10 0.110013)
(9.74844e-11 -6.98381e-11 0.0752823)
(2.62452e-11 -1.80435e-11 0.0282039)
(1.77579e-10 -8.63219e-11 0.133451)
(1.80543e-10 -8.68567e-11 0.127307)
(1.75997e-10 -7.84089e-11 0.119285)
(1.61184e-10 -5.73411e-11 0.108731)
(1.36884e-10 -3.4164e-11 0.0947662)
(1.04835e-10 -1.87691e-11 0.0762145)
(6.53061e-11 -7.80464e-12 0.0515439)
(1.80849e-11 2.20521e-12 0.0188226)
(-0.0110891 0.00841867 0.156199)
(-0.0108272 0.00807321 0.152385)
(-0.0104259 0.00762947 0.146931)
(-0.009869 0.00705991 0.138969)
(-0.00906951 0.00631635 0.127104)
(-0.00784738 0.00530662 0.109009)
(-0.00579605 0.00382171 0.0806449)
(-0.0021694 0.00141908 0.0345313)
(-0.0132155 0.00692494 0.18724)
(-0.0131532 0.00683125 0.183946)
(-0.0129683 0.00666302 0.179131)
(-0.0126247 0.00638225 0.171871)
(-0.0120079 0.00592939 0.160519)
(-0.0108435 0.00519154 0.142002)
(-0.00839308 0.00390011 0.110173)
(-0.00320618 0.00148748 0.0516022)
(-0.0143877 0.00224518 0.197651)
(-0.0144341 0.00222326 0.195148)
(-0.0143623 0.00218492 0.191258)
(-0.0141528 0.00211697 0.185054)
(-0.0136774 0.00199635 0.174823)
(-0.0126124 0.00177759 0.157175)
(-0.00999767 0.00134981 0.124869)
(-0.00387081 0.000491834 0.060943)
(-0.0143877 -0.00224518 0.197651)
(-0.0144341 -0.00222325 0.195148)
(-0.0143623 -0.00218492 0.191258)
(-0.0141528 -0.00211697 0.185054)
(-0.0136774 -0.00199635 0.174823)
(-0.0126124 -0.00177759 0.157175)
(-0.00999767 -0.00134981 0.124869)
(-0.00387081 -0.000491834 0.060943)
(-0.0132155 -0.00692494 0.18724)
(-0.0131532 -0.00683125 0.183946)
(-0.0129683 -0.00666302 0.179131)
(-0.0126247 -0.00638225 0.171871)
(-0.0120079 -0.00592939 0.160519)
(-0.0108435 -0.00519154 0.142002)
(-0.00839308 -0.00390011 0.110173)
(-0.00320618 -0.00148748 0.0516022)
(-0.0110891 -0.00841867 0.156199)
(-0.0108272 -0.00807321 0.152385)
(-0.0104259 -0.00762947 0.146931)
(-0.009869 -0.00705991 0.138969)
(-0.00906951 -0.00631635 0.127104)
(-0.00784738 -0.00530662 0.109009)
(-0.00579605 -0.00382171 0.0806449)
(-0.0021694 -0.00141908 0.0345313)
(-0.0017285 0.00160633 0.164622)
(-0.00164002 0.00149937 0.158443)
(-0.00154936 0.00135557 0.150088)
(-0.00141662 0.00116415 0.138647)
(-0.00122372 0.000917382 0.122821)
(-0.000949774 0.000617592 0.100762)
(-0.000576062 0.000287721 0.0698988)
(-0.000126977 -4.29498e-06 0.0266716)
(-0.00310353 0.00183151 0.216219)
(-0.00304931 0.00171986 0.209382)
(-0.00299672 0.00157081 0.199972)
(-0.00287069 0.00136896 0.186773)
(-0.00261866 0.00109756 0.167897)
(-0.00216916 0.000745992 0.140425)
(-0.00141716 0.000325709 0.0999158)
(-0.000323974 -6.92605e-05 0.0397558)
(-0.00384803 0.000662677 0.236732)
(-0.00384903 0.000622641 0.230577)
(-0.00384935 0.000569454 0.221779)
(-0.00376072 0.000497329 0.208943)
(-0.00350864 0.000399033 0.189818)
(-0.00297929 0.000268326 0.160779)
(-0.00198508 0.00010607 0.116094)
(-0.000422605 -4.91949e-05 0.0470579)
(-0.00384803 -0.000662673 0.236732)
(-0.00384903 -0.000622637 0.230577)
(-0.00384935 -0.000569451 0.221779)
(-0.00376072 -0.000497326 0.208943)
(-0.00350864 -0.00039903 0.189818)
(-0.00297929 -0.000268323 0.160779)
(-0.00198508 -0.000106068 0.116094)
(-0.000422605 4.91959e-05 0.0470579)
(-0.00310353 -0.00183151 0.216219)
(-0.00304931 -0.00171985 0.209382)
(-0.00299672 -0.00157081 0.199972)
(-0.00287069 -0.00136896 0.186773)
(-0.00261866 -0.00109755 0.167897)
(-0.00216916 -0.000745989 0.140425)
(-0.00141716 -0.000325707 0.0999158)
(-0.000323975 6.92612e-05 0.0397558)
(-0.0017285 -0.00160633 0.164622)
(-0.00164002 -0.00149937 0.158443)
(-0.00154936 -0.00135557 0.150088)
(-0.00141663 -0.00116415 0.138647)
(-0.00122372 -0.000917379 0.122821)
(-0.000949775 -0.00061759 0.100762)
(-0.000576063 -0.00028772 0.0698988)
(-0.000126977 4.29536e-06 0.0266716)
(-0.00106928 0.000912468 0.141991)
(-0.000964606 0.000823066 0.135464)
(-0.000834747 0.000714102 0.126895)
(-0.000679513 0.000584651 0.115566)
(-0.000499533 0.000435943 0.100526)
(-0.000303164 0.00027482 0.0805467)
(-0.000119983 0.000121164 0.0541166)
(3.42622e-06 7.89299e-06 0.0195021)
(-0.00212711 0.000981456 0.199567)
(-0.00196082 0.00089055 0.190976)
(-0.00173611 0.000775581 0.179636)
(-0.0014515 0.000634242 0.164517)
(-0.00110042 0.000467556 0.144175)
(-0.000691614 0.000285216 0.116634)
(-0.000284625 0.000115932 0.0793307)
(1.01162e-05 1.12653e-06 0.0291821)
(-0.00271097 0.000400498 0.22562)
(-0.00253092 0.000365353 0.21696)
(-0.00227135 0.000320349 0.205258)
(-0.00192921 0.000264202 0.189254)
(-0.00148869 0.000197002 0.167124)
(-0.000952558 0.000122602 0.136312)
(-0.000395405 5.32041e-05 0.0934637)
(2.13265e-05 5.05934e-06 0.0346557)
(-0.00271097 -0.000400488 0.22562)
(-0.00253092 -0.000365343 0.21696)
(-0.00227135 -0.000320338 0.205258)
(-0.00192921 -0.000264192 0.189254)
(-0.00148869 -0.000196993 0.167124)
(-0.000952559 -0.000122595 0.136312)
(-0.000395406 -5.31988e-05 0.0934637)
(2.13262e-05 -5.05733e-06 0.0346557)
(-0.00212711 -0.000981446 0.199567)
(-0.00196082 -0.00089054 0.190976)
(-0.00173611 -0.000775571 0.179636)
(-0.0014515 -0.000634233 0.164517)
(-0.00110042 -0.000467548 0.144175)
(-0.000691616 -0.00028521 0.116634)
(-0.000284627 -0.000115928 0.0793307)
(1.01155e-05 -1.12491e-06 0.0291821)
(-0.00106928 -0.00091246 0.141991)
(-0.000964608 -0.000823058 0.135464)
(-0.000834749 -0.000714094 0.126895)
(-0.000679515 -0.000584644 0.115566)
(-0.000499535 -0.000435937 0.100526)
(-0.000303166 -0.000274815 0.0805467)
(-0.000119985 -0.000121162 0.0541166)
(3.42552e-06 -7.89206e-06 0.0195021)
(-8.90478e-05 0.000159817 0.137681)
(-7.0227e-05 0.000145775 0.131421)
(-5.27168e-05 0.000128395 0.12323)
(-3.32457e-05 0.000107195 0.112429)
(-1.35706e-05 8.22993e-05 0.0981029)
(2.81956e-06 5.51243e-05 0.0790223)
(1.12454e-05 2.87458e-05 0.0535666)
(6.32865e-06 7.91921e-06 0.0196472)
(-0.000410248 0.000285678 0.194313)
(-0.000359435 0.000253218 0.185618)
(-0.000304087 0.000214567 0.174292)
(-0.000237508 0.000169756 0.15942)
(-0.000161611 0.000120305 0.139719)
(-8.41998e-05 7.03954e-05 0.113383)
(-2.14033e-05 2.77182e-05 0.0778427)
(2.39257e-06 3.32845e-06 0.0293556)
(-0.000661143 0.00013954 0.221131)
(-0.000593487 0.000123422 0.211904)
(-0.00051306 0.000103895 0.199708)
(-0.000411196 8.09507e-05 0.183445)
(-0.000288905 5.54269e-05 0.161564)
(-0.000156885 2.96946e-05 0.131857)
(-4.37548e-05 8.36455e-06 0.0911605)
(2.35409e-06 -1.45686e-06 0.0347717)
(-0.000661143 -0.000139523 0.221131)
(-0.000593487 -0.000123405 0.211904)
(-0.000513061 -0.000103878 0.199708)
(-0.000411197 -8.09345e-05 0.183445)
(-0.000288906 -5.54124e-05 0.161564)
(-0.000156886 -2.96828e-05 0.131857)
(-4.37557e-05 -8.35658e-06 0.0911605)
(2.3537e-06 1.45968e-06 0.0347717)
(-0.00041025 -0.000285662 0.194313)
(-0.000359437 -0.000253202 0.185618)
(-0.00030409 -0.000214551 0.174292)
(-0.00023751 -0.000169741 0.15942)
(-0.000161614 -0.000120292 0.139719)
(-8.42028e-05 -7.03847e-05 0.113383)
(-2.14057e-05 -2.77112e-05 0.0778427)
(2.39161e-06 -3.32609e-06 0.0293556)
(-8.90509e-05 -0.000159805 0.137681)
(-7.02303e-05 -0.000145763 0.131421)
(-5.27203e-05 -0.000128383 0.12323)
(-3.32494e-05 -0.000107184 0.112429)
(-1.35744e-05 -8.22902e-05 0.098103)
(2.8161e-06 -5.51174e-05 0.0790224)
(1.12427e-05 -2.87414e-05 0.0535666)
(6.3276e-06 -7.91781e-06 0.0196472)
(-5.75706e-05 8.43627e-05 0.136595)
(-5.00726e-05 7.9403e-05 0.130397)
(-4.21018e-05 7.30529e-05 0.122285)
(-3.26455e-05 6.48628e-05 0.111583)
(-2.19621e-05 5.431e-05 0.0973782)
(-1.09054e-05 4.09768e-05 0.0784397)
(-1.5009e-06 2.49674e-05 0.0531534)
(2.73689e-06 7.28316e-06 0.0194682)
(-0.000195504 0.000160954 0.19312)
(-0.000176234 0.000148457 0.184446)
(-0.000154349 0.000133267 0.173171)
(-0.000127929 0.000114997 0.158392)
(-9.70876e-05 9.33609e-05 0.138838)
(-6.3146e-05 6.83561e-05 0.112695)
(-2.96118e-05 4.05836e-05 0.0773688)
(-2.68202e-06 1.13044e-05 0.0291252)
(-0.000315557 7.70478e-05 0.220264)
(-0.0002881 7.01737e-05 0.210923)
(-0.000255108 6.17948e-05 0.198643)
(-0.000214264 5.17906e-05 0.182362)
(-0.000165596 4.02279e-05 0.160564)
(-0.000111198 2.7502e-05 0.131057)
(-5.64879e-05 1.4524e-05 0.0906279)
(-9.28424e-06 2.74747e-06 0.0345119)
(-0.000315558 -7.70257e-05 0.220264)
(-0.000288101 -7.01512e-05 0.210923)
(-0.000255109 -6.17725e-05 0.198643)
(-0.000214265 -5.17695e-05 0.182362)
(-0.000165597 -4.02091e-05 0.160564)
(-0.000111199 -2.74868e-05 0.131057)
(-5.64891e-05 -1.45139e-05 0.0906279)
(-9.28471e-06 -2.74403e-06 0.0345119)
(-0.000195507 -0.000160934 0.19312)
(-0.000176237 -0.000148436 0.184446)
(-0.000154353 -0.000133246 0.173171)
(-0.000127932 -0.000114977 0.158392)
(-9.70915e-05 -9.33437e-05 0.138838)
(-6.31497e-05 -6.83424e-05 0.112695)
(-2.96147e-05 -4.05747e-05 0.0773688)
(-2.68321e-06 -1.13014e-05 0.0291252)
(-5.75749e-05 -8.43474e-05 0.136596)
(-5.00771e-05 -7.93877e-05 0.130397)
(-4.21066e-05 -7.30382e-05 0.122285)
(-3.26505e-05 -6.48494e-05 0.111583)
(-2.1967e-05 -5.42985e-05 0.0973783)
(-1.09099e-05 -4.0968e-05 0.0784398)
(-1.50426e-06 -2.49619e-05 0.0531535)
(2.73557e-06 -7.2814e-06 0.0194682)
(-6.22987e-05 6.87775e-05 0.135215)
(-5.52895e-05 6.31984e-05 0.129035)
(-4.72728e-05 5.62652e-05 0.120955)
(-3.77883e-05 4.77661e-05 0.110307)
(-2.69634e-05 3.75761e-05 0.096194)
(-1.54412e-05 2.58733e-05 0.0774118)
(-5.04917e-06 1.35828e-05 0.0523904)
(1.08944e-06 2.6674e-06 0.0191497)
(-0.000153074 0.000105408 0.191862)
(-0.000138725 9.72537e-05 0.183163)
(-0.000121348 8.7123e-05 0.171869)
(-0.000100251 7.46662e-05 0.157087)
(-7.52865e-05 5.95936e-05 0.13756)
(-4.73231e-05 4.1957e-05 0.111509)
(-1.98927e-05 2.28244e-05 0.0764087)
(5.63531e-08 4.83911e-06 0.0286715)
(-0.0002232 5.0316e-05 0.219352)
(-0.000204685 4.63516e-05 0.20993)
(-0.000181295 4.1429e-05 0.197571)
(-0.000152306 3.53861e-05 0.181219)
(-0.000117199 2.81025e-05 0.159377)
(-7.67062e-05 1.96283e-05 0.129886)
(-3.51743e-05 1.05065e-05 0.0896145)
(-2.07339e-06 2.05803e-06 0.0339918)
(-0.000223201 -5.02903e-05 0.219352)
(-0.000204686 -4.63256e-05 0.20993)
(-0.000181297 -4.14033e-05 0.197571)
(-0.000152307 -3.5362e-05 0.181219)
(-0.000117201 -2.80811e-05 0.159377)
(-7.67078e-05 -1.96112e-05 0.129886)
(-3.51755e-05 -1.04953e-05 0.0896145)
(-2.0739e-06 -2.05432e-06 0.0339918)
(-0.000153077 -0.000105384 0.191862)
(-0.000138729 -9.72294e-05 0.183163)
(-0.000121352 -8.70992e-05 0.17187)
(-0.000100256 -7.46439e-05 0.157087)
(-7.52911e-05 -5.95741e-05 0.13756)
(-4.73274e-05 -4.19416e-05 0.111509)
(-1.9896e-05 -2.28144e-05 0.0764087)
(5.5047e-08 -4.83584e-06 0.0286715)
(-6.23039e-05 -6.87603e-05 0.135216)
(-5.52949e-05 -6.31812e-05 0.129035)
(-4.72785e-05 -5.62487e-05 0.120955)
(-3.77941e-05 -4.7751e-05 0.110307)
(-2.69691e-05 -3.75632e-05 0.0961942)
(-1.54463e-05 -2.58634e-05 0.0774119)
(-5.05298e-06 -1.35766e-05 0.0523905)
(1.08797e-06 -2.66542e-06 0.0191497)
(-3.10837e-05 3.64415e-05 0.134534)
(-2.73945e-05 3.34226e-05 0.128369)
(-2.33597e-05 2.96686e-05 0.120315)
(-1.85889e-05 2.50637e-05 0.109707)
(-1.31748e-05 1.95627e-05 0.0956551)
(-7.48528e-06 1.33168e-05 0.0769662)
(-2.42527e-06 6.88161e-06 0.0520823)
(4.75992e-07 1.35471e-06 0.0190357)
(-8.20994e-05 5.84165e-05 0.19121)
(-7.42525e-05 5.34479e-05 0.182495)
(-6.50147e-05 4.73362e-05 0.171192)
(-5.37059e-05 3.99183e-05 0.156415)
(-4.02688e-05 3.11256e-05 0.136918)
(-2.52705e-05 2.11715e-05 0.110945)
(-1.06821e-05 1.09034e-05 0.0759956)
(-3.60766e-07 2.07538e-06 0.0285107)
(-0.000121604 2.891e-05 0.218901)
(-0.000111449 2.6483e-05 0.209426)
(-9.88333e-05 2.34847e-05 0.197015)
(-8.29739e-05 1.98285e-05 0.180622)
(-6.35892e-05 1.54707e-05 0.158763)
(-4.12146e-05 1.05026e-05 0.129309)
(-1.85297e-05 5.34662e-06 0.0891669)
(-1.41122e-06 9.46167e-07 0.03381)
(-0.000121605 -2.88827e-05 0.218901)
(-0.00011145 -2.64554e-05 0.209426)
(-9.88347e-05 -2.34577e-05 0.197015)
(-8.29755e-05 -1.98032e-05 0.180622)
(-6.35909e-05 -1.54484e-05 0.158763)
(-4.12162e-05 -1.04848e-05 0.129309)
(-1.8531e-05 -5.33512e-06 0.0891669)
(-1.41173e-06 -9.42452e-07 0.03381)
(-8.21037e-05 -5.83911e-05 0.19121)
(-7.42571e-05 -5.34223e-05 0.182495)
(-6.50194e-05 -4.73112e-05 0.171192)
(-5.37108e-05 -3.9895e-05 0.156415)
(-4.02737e-05 -3.11052e-05 0.136919)
(-2.5275e-05 -2.11554e-05 0.110945)
(-1.06855e-05 -1.0893e-05 0.0759957)
(-3.62094e-07 -2.07203e-06 0.0285108)
(-3.10895e-05 -3.64236e-05 0.134534)
(-2.74005e-05 -3.34048e-05 0.12837)
(-2.33659e-05 -2.96515e-05 0.120315)
(-1.85951e-05 -2.50481e-05 0.109707)
(-1.31808e-05 -1.95493e-05 0.0956554)
(-7.49064e-06 -1.33066e-05 0.0769664)
(-2.42924e-06 -6.87519e-06 0.0520824)
(4.7448e-07 -1.35266e-06 0.0190357)
(-2.02347e-05 2.29683e-05 0.134135)
(-1.79389e-05 2.11033e-05 0.127979)
(-1.53903e-05 1.87824e-05 0.119937)
(-1.2357e-05 1.59303e-05 0.109349)
(-8.8811e-06 1.25078e-05 0.0953301)
(-5.17387e-06 8.58778e-06 0.0766918)
(-1.80154e-06 4.49327e-06 0.0518859)
(2.54065e-07 8.9276e-07 0.0189579)
(-5.21986e-05 3.59748e-05 0.190845)
(-4.74599e-05 3.29164e-05 0.182117)
(-4.18126e-05 2.91507e-05 0.170805)
(-3.48449e-05 2.45817e-05 0.156024)
(-2.64811e-05 1.91741e-05 0.136541)
(-1.70063e-05 1.30622e-05 0.110605)
(-7.56562e-06 6.75385e-06 0.0757364)
(-4.50791e-07 1.26002e-06 0.0283992)
(-7.63769e-05 1.76099e-05 0.21866)
(-7.02967e-05 1.60964e-05 0.209148)
(-6.26507e-05 1.42272e-05 0.196699)
(-5.29592e-05 1.19545e-05 0.180274)
(-4.10029e-05 9.26331e-06 0.1584)
(-2.70476e-05 6.22697e-06 0.12896)
(-1.26506e-05 3.11859e-06 0.0888857)
(-1.18901e-06 4.94319e-07 0.0336824)
(-7.63781e-05 -1.75824e-05 0.21866)
(-7.0298e-05 -1.60687e-05 0.209148)
(-6.26521e-05 -1.42002e-05 0.196699)
(-5.29609e-05 -1.19293e-05 0.180275)
(-4.10045e-05 -9.24122e-06 0.1584)
(-2.70492e-05 -6.20953e-06 0.12896)
(-1.26518e-05 -3.10738e-06 0.0888858)
(-1.1895e-06 -4.90755e-07 0.0336824)
(-5.22033e-05 -3.59493e-05 0.190845)
(-4.74647e-05 -3.28909e-05 0.182117)
(-4.18176e-05 -2.91258e-05 0.170805)
(-3.48499e-05 -2.45586e-05 0.156025)
(-2.6486e-05 -1.9154e-05 0.136541)
(-1.70108e-05 -1.30463e-05 0.110605)
(-7.56893e-06 -6.74368e-06 0.0757365)
(-4.5208e-07 -1.25674e-06 0.0283992)
(-2.02406e-05 -2.29508e-05 0.134136)
(-1.7945e-05 -2.10861e-05 0.127979)
(-1.53965e-05 -1.87659e-05 0.119937)
(-1.23632e-05 -1.59152e-05 0.10935)
(-8.88704e-06 -1.24949e-05 0.0953304)
(-5.17914e-06 -8.57787e-06 0.0766921)
(-1.80541e-06 -4.48705e-06 0.0518861)
(2.52601e-07 -8.90773e-07 0.0189579)
(-1.30686e-05 1.47104e-05 0.13387)
(-1.15828e-05 1.35097e-05 0.127718)
(-9.9252e-06 1.2015e-05 0.119683)
(-7.95499e-06 1.01792e-05 0.109109)
(-5.70029e-06 7.97882e-06 0.0951103)
(-3.30004e-06 5.46333e-06 0.0765053)
(-1.12663e-06 2.84487e-06 0.0517518)
(1.79231e-07 5.58216e-07 0.0189045)
(-3.34032e-05 2.24773e-05 0.190604)
(-3.03758e-05 2.05827e-05 0.181867)
(-2.67518e-05 1.82433e-05 0.170547)
(-2.22767e-05 1.53969e-05 0.155764)
(-1.68983e-05 1.20181e-05 0.136287)
(-1.08e-05 8.18814e-06 0.110374)
(-4.73586e-06 4.22818e-06 0.0755585)
(-2.21988e-07 7.8382e-07 0.028322)
(-4.85891e-05 1.08693e-05 0.218498)
(-4.47469e-05 9.93803e-06 0.208961)
(-3.98926e-05 8.78556e-06 0.196487)
(-3.37256e-05 7.38193e-06 0.180041)
(-2.60946e-05 5.718e-06 0.158154)
(-1.71608e-05 3.84023e-06 0.128721)
(-7.93758e-06 1.91993e-06 0.0886909)
(-6.56318e-07 3.02815e-07 0.0335931)
(-4.85904e-05 -1.08431e-05 0.218498)
(-4.47483e-05 -9.91191e-06 0.208961)
(-3.98941e-05 -8.76022e-06 0.196487)
(-3.37272e-05 -7.35841e-06 0.180041)
(-2.60961e-05 -5.69752e-06 0.158154)
(-1.71622e-05 -3.82417e-06 0.128721)
(-7.93871e-06 -1.90972e-06 0.0886909)
(-6.56755e-07 -2.99642e-07 0.0335931)
(-3.3408e-05 -2.24534e-05 0.190605)
(-3.03807e-05 -2.05589e-05 0.181868)
(-2.67567e-05 -1.82203e-05 0.170548)
(-2.22816e-05 -1.53756e-05 0.155765)
(-1.6903e-05 -1.19995e-05 0.136287)
(-1.08041e-05 -8.17361e-06 0.110374)
(-4.73887e-06 -4.2189e-06 0.0755586)
(-2.23145e-07 -7.80857e-07 0.028322)
(-1.30741e-05 -1.46948e-05 0.13387)
(-1.15884e-05 -1.34943e-05 0.127718)
(-9.93088e-06 -1.20003e-05 0.119684)
(-7.96063e-06 -1.01658e-05 0.109109)
(-5.70566e-06 -7.9674e-06 0.0951107)
(-3.30476e-06 -5.45455e-06 0.0765056)
(-1.13006e-06 -2.83936e-06 0.051752)
(1.77942e-07 -5.56458e-07 0.0189046)
(-7.81195e-06 8.95188e-06 0.13371)
(-6.9118e-06 8.22914e-06 0.127561)
(-5.91337e-06 7.32769e-06 0.119531)
(-4.72752e-06 6.2179e-06 0.108965)
(-3.37282e-06 4.88436e-06 0.0949791)
(-1.93566e-06 3.35598e-06 0.0763946)
(-6.42247e-07 1.75953e-06 0.0516727)
(1.19519e-07 3.55692e-07 0.0188735)
(-2.02929e-05 1.37732e-05 0.190459)
(-1.84427e-05 1.26219e-05 0.181716)
(-1.62375e-05 1.1199e-05 0.170392)
(-1.35129e-05 9.46539e-06 0.155607)
(-1.02387e-05 7.40362e-06 0.136134)
(-6.53053e-06 5.06105e-06 0.110236)
(-2.85167e-06 2.63047e-06 0.0754531)
(-1.31481e-07 5.03306e-07 0.0282772)
(-2.96707e-05 6.6326e-06 0.2184)
(-2.7321e-05 6.0697e-06 0.208848)
(-2.43615e-05 5.37196e-06 0.196359)
(-2.05956e-05 4.52039e-06 0.179899)
(-1.59308e-05 3.50838e-06 0.158004)
(-1.04689e-05 2.36292e-06 0.128577)
(-4.83517e-06 1.18707e-06 0.0885749)
(-4.08364e-07 1.92112e-07 0.0335413)
(-2.96719e-05 -6.60923e-06 0.2184)
(-2.73223e-05 -6.04651e-06 0.208848)
(-2.43629e-05 -5.34963e-06 0.196359)
(-2.05971e-05 -4.49982e-06 0.179899)
(-1.59322e-05 -3.49061e-06 0.158004)
(-1.04702e-05 -2.34913e-06 0.128577)
(-4.83612e-06 -1.17842e-06 0.0885749)
(-4.08722e-07 -1.89497e-07 0.0335413)
(-2.02973e-05 -1.37523e-05 0.190459)
(-1.84471e-05 -1.26011e-05 0.181717)
(-1.62419e-05 -1.11791e-05 0.170392)
(-1.35172e-05 -9.44707e-06 0.155607)
(-1.02427e-05 -7.38779e-06 0.136134)
(-6.53403e-06 -5.04872e-06 0.110236)
(-2.85419e-06 -2.62266e-06 0.0754532)
(-1.32435e-07 -5.00843e-07 0.0282772)
(-7.81661e-06 -8.93891e-06 0.13371)
(-6.91649e-06 -8.21645e-06 0.127561)
(-5.91808e-06 -7.31565e-06 0.119532)
(-4.73215e-06 -6.20698e-06 0.108965)
(-3.37721e-06 -4.87507e-06 0.0949795)
(-1.93949e-06 -3.34885e-06 0.0763949)
(-6.45021e-07 -1.75506e-06 0.0516729)
(1.18486e-07 -3.54274e-07 0.0188735)
(-4.82508e-06 5.5387e-06 0.133612)
(-4.26989e-06 5.09418e-06 0.127464)
(-3.65341e-06 4.53931e-06 0.119438)
(-2.92106e-06 3.85554e-06 0.108876)
(-2.08415e-06 3.03286e-06 0.0948981)
(-1.19578e-06 2.0882e-06 0.0763261)
(-3.95836e-07 1.09867e-06 0.0516237)
(7.54042e-08 2.24013e-07 0.0188541)
(-1.25275e-05 8.52114e-06 0.19037)
(-1.13875e-05 7.81516e-06 0.181624)
(-1.0028e-05 6.94176e-06 0.170297)
(-8.348e-06 5.87604e-06 0.155511)
(-6.32861e-06 4.60612e-06 0.13604)
(-4.04038e-06 3.15916e-06 0.110151)
(-1.76781e-06 1.65133e-06 0.0753881)
(-8.18299e-08 3.20939e-07 0.0282493)
(-1.83191e-05 4.0853e-06 0.218341)
(-1.6872e-05 3.7424e-06 0.208779)
(-1.50484e-05 3.31662e-06 0.19628)
(-1.27278e-05 2.79585e-06 0.179812)
(-9.85254e-06 2.17524e-06 0.157913)
(-6.48416e-06 1.4702e-06 0.128489)
(-3.00514e-06 7.42775e-07 0.0885035)
(-2.58178e-07 1.22011e-07 0.033509)
(-1.83202e-05 -4.06575e-06 0.218341)
(-1.68731e-05 -3.7232e-06 0.208779)
(-1.50496e-05 -3.29832e-06 0.196281)
(-1.2729e-05 -2.77917e-06 0.179812)
(-9.85366e-06 -2.161e-06 0.157913)
(-6.48515e-06 -1.45931e-06 0.128489)
(-3.00586e-06 -7.36084e-07 0.0885035)
(-2.58443e-07 -1.20074e-07 0.033509)
(-1.25311e-05 -8.50412e-06 0.19037)
(-1.13911e-05 -7.79848e-06 0.181624)
(-1.00315e-05 -6.9259e-06 0.170297)
(-8.3514e-06 -5.86158e-06 0.155511)
(-6.33174e-06 -4.59375e-06 0.13604)
(-4.04305e-06 -3.14963e-06 0.110152)
(-1.7697e-06 -1.64537e-06 0.0753882)
(-8.25328e-08 -3.19104e-07 0.0282493)
(-4.82853e-06 -5.52891e-06 0.133612)
(-4.27334e-06 -5.08469e-06 0.127465)
(-3.65685e-06 -4.53038e-06 0.119438)
(-2.92443e-06 -3.84751e-06 0.108876)
(-2.08731e-06 -3.02607e-06 0.0948986)
(-1.19851e-06 -2.08303e-06 0.0763264)
(-3.97806e-07 -1.09546e-06 0.0516239)
(7.46794e-08 -2.23011e-07 0.0188542)
(-2.98907e-06 3.43103e-06 0.13355)
(-2.64501e-06 3.15543e-06 0.127404)
(-2.26278e-06 2.81138e-06 0.119379)
(-1.80882e-06 2.38744e-06 0.10882)
(-1.29017e-06 1.87748e-06 0.0948477)
(-7.39778e-07 1.29211e-06 0.0762834)
(-2.44425e-07 6.79305e-07 0.0515932)
(4.69874e-08 1.38195e-07 0.018842)
(-7.74804e-06 5.27261e-06 0.190315)
(-7.04221e-06 4.8365e-06 0.181567)
(-6.20018e-06 4.29672e-06 0.170237)
(-5.16002e-06 3.63776e-06 0.155451)
(-3.91009e-06 2.85215e-06 0.135982)
(-2.49428e-06 1.95654e-06 0.110099)
(-1.08914e-06 1.02282e-06 0.0753476)
(-4.8646e-08 1.98796e-07 0.0282319)
(-1.13248e-05 2.52396e-06 0.218304)
(-1.04293e-05 2.31297e-06 0.208736)
(-9.30064e-06 2.05075e-06 0.196232)
(-7.86484e-06 1.72972e-06 0.179758)
(-6.08636e-06 1.34669e-06 0.157857)
(-4.0034e-06 9.10962e-07 0.128434)
(-1.85288e-06 4.60745e-07 0.0884591)
(-1.56957e-07 7.59655e-08 0.0334889)
(-1.13257e-05 -2.50867e-06 0.218304)
(-1.04302e-05 -2.29815e-06 0.208736)
(-9.30151e-06 -2.03682e-06 0.196232)
(-7.8657e-06 -1.71719e-06 0.179759)
(-6.08716e-06 -1.33617e-06 0.157857)
(-4.00409e-06 -9.03084e-07 0.128434)
(-1.85337e-06 -4.56045e-07 0.0884591)
(-1.5713e-07 -7.46916e-08 0.0334889)
(-7.75069e-06 -5.25978e-06 0.190315)
(-7.04481e-06 -4.82409e-06 0.181567)
(-6.20269e-06 -4.28507e-06 0.170238)
(-5.1624e-06 -3.62728e-06 0.155451)
(-3.91224e-06 -2.84331e-06 0.135982)
(-2.49608e-06 -1.94984e-06 0.110099)
(-1.09039e-06 -1.01871e-06 0.0753478)
(-4.91036e-08 -1.97586e-07 0.028232)
(-2.99127e-06 -3.4242e-06 0.133551)
(-2.64721e-06 -3.1489e-06 0.127405)
(-2.26497e-06 -2.80532e-06 0.11938)
(-1.81095e-06 -2.38204e-06 0.108821)
(-1.29216e-06 -1.87296e-06 0.0948482)
(-7.41497e-07 -1.28871e-06 0.0762838)
(-2.45657e-07 -6.77224e-07 0.0515934)
(4.65373e-08 -1.37566e-07 0.0188421)
(-1.84109e-06 2.11589e-06 0.133513)
(-1.62903e-06 1.94592e-06 0.127367)
(-1.39354e-06 1.73371e-06 0.119343)
(-1.11388e-06 1.4722e-06 0.108786)
(-7.94403e-07 1.15764e-06 0.0948167)
(-4.55434e-07 7.96612e-07 0.0762572)
(-1.5043e-07 4.18738e-07 0.0515744)
(2.89206e-08 8.51848e-08 0.0188346)
(-4.77521e-06 3.25577e-06 0.190281)
(-4.33985e-06 2.98626e-06 0.181531)
(-3.82068e-06 2.65269e-06 0.170201)
(-3.17944e-06 2.24551e-06 0.155414)
(-2.409e-06 1.76016e-06 0.135946)
(-1.53654e-06 1.20706e-06 0.110066)
(-6.70875e-07 6.30698e-07 0.0753227)
(-3.01482e-08 1.22482e-07 0.0282213)
(-6.98218e-06 1.55921e-06 0.218281)
(-6.42953e-06 1.42881e-06 0.20871)
(-5.73331e-06 1.26673e-06 0.196202)
(-4.84772e-06 1.06829e-06 0.179725)
(-3.751e-06 8.31547e-07 0.157822)
(-2.46686e-06 5.62293e-07 0.1284)
(-1.14152e-06 2.84202e-07 0.0884318)
(-9.69634e-08 4.67663e-08 0.0334766)
(-6.98274e-06 -1.54822e-06 0.218281)
(-6.43009e-06 -1.41834e-06 0.20871)
(-5.73385e-06 -1.25708e-06 0.196202)
(-4.84825e-06 -1.0598e-06 0.179725)
(-3.75147e-06 -8.24616e-07 0.157822)
(-2.46726e-06 -5.5729e-07 0.128401)
(-1.14178e-06 -2.81388e-07 0.0884318)
(-9.70511e-08 -4.61125e-08 0.0334766)
(-4.77684e-06 -3.24697e-06 0.190281)
(-4.34142e-06 -2.9779e-06 0.181532)
(-3.82218e-06 -2.645e-06 0.170201)
(-3.18082e-06 -2.23873e-06 0.155414)
(-2.41022e-06 -1.75459e-06 0.135946)
(-1.53752e-06 -1.20297e-06 0.110066)
(-6.71539e-07 -6.28303e-07 0.0753229)
(-3.03811e-08 -1.21844e-07 0.0282213)
(-1.84218e-06 -2.11172e-06 0.133513)
(-1.63012e-06 -1.94202e-06 0.127368)
(-1.39462e-06 -1.73016e-06 0.119344)
(-1.11492e-06 -1.46911e-06 0.108787)
(-7.95367e-07 -1.15512e-06 0.0948172)
(-4.56258e-07 -7.94773e-07 0.0762576)
(-1.51012e-07 -4.17659e-07 0.0515746)
(2.87138e-08 -8.48886e-08 0.0188347)
(-1.13915e-06 1.30832e-06 0.133489)
(-1.00805e-06 1.2032e-06 0.127344)
(-8.62417e-07 1.07193e-06 0.119321)
(-6.8946e-07 9.10178e-07 0.108765)
(-4.91857e-07 7.15621e-07 0.0947975)
(-2.82157e-07 4.92353e-07 0.076241)
(-9.33919e-08 2.58713e-07 0.0515628)
(1.77639e-08 5.25511e-08 0.0188301)
(-2.95198e-06 2.01346e-06 0.190259)
(-2.68292e-06 1.84672e-06 0.181509)
(-2.36202e-06 1.64032e-06 0.170178)
(-1.96568e-06 1.38839e-06 0.155391)
(-1.4895e-06 1.08814e-06 0.135924)
(-9.50237e-07 7.46046e-07 0.110046)
(-4.15102e-07 3.89673e-07 0.0753074)
(-1.87838e-08 7.55566e-08 0.0282147)
(-4.31573e-06 9.64797e-07 0.218267)
(-3.97413e-06 8.84009e-07 0.208693)
(-3.54376e-06 7.8361e-07 0.196183)
(-2.9964e-06 6.60712e-07 0.179705)
(-2.31859e-06 5.14141e-07 0.1578)
(-1.52501e-06 3.47517e-07 0.12838)
(-7.05921e-07 1.75526e-07 0.0884149)
(-6.00841e-08 2.87965e-08 0.033469)
(-4.31602e-06 -9.5754e-07 0.218267)
(-3.97441e-06 -8.77265e-07 0.208694)
(-3.54402e-06 -7.77567e-07 0.196183)
(-2.99663e-06 -6.55581e-07 0.179705)
(-2.3188e-06 -5.10137e-07 0.1578)
(-1.52516e-06 -3.44814e-07 0.12838)
(-7.06014e-07 -1.74175e-07 0.088415)
(-6.011e-08 -2.85955e-08 0.033469)
(-2.95272e-06 -2.00799e-06 0.19026)
(-2.68361e-06 -1.84167e-06 0.18151)
(-2.36266e-06 -1.63582e-06 0.170179)
(-1.96625e-06 -1.38457e-06 0.155392)
(-1.48997e-06 -1.08514e-06 0.135924)
(-9.50595e-07 -7.43976e-07 0.110046)
(-4.15325e-07 -3.88579e-07 0.0753076)
(-1.88546e-08 -7.53399e-08 0.0282147)
(-1.13941e-06 -1.30609e-06 0.13349)
(-1.0083e-06 -1.20119e-06 0.127345)
(-8.62672e-07 -1.07018e-06 0.119322)
(-6.89708e-07 -9.08719e-07 0.108766)
(-4.9209e-07 -7.14495e-07 0.094798)
(-2.82357e-07 -4.91588e-07 0.0762414)
(-9.35331e-08 -2.58314e-07 0.051563)
(1.77168e-08 -5.24743e-08 0.0188302)
(-7.05554e-07 8.09641e-07 0.133475)
(-6.24388e-07 7.44549e-07 0.12733)
(-5.34206e-07 6.63265e-07 0.119307)
(-4.27106e-07 5.63101e-07 0.108752)
(-3.04744e-07 4.42641e-07 0.0947856)
(-1.74882e-07 3.0444e-07 0.076231)
(-5.79645e-08 1.59879e-07 0.0515556)
(1.09372e-08 3.24147e-08 0.0188272)
(-1.82688e-06 1.24593e-06 0.190246)
(-1.66036e-06 1.14269e-06 0.181496)
(-1.46173e-06 1.0149e-06 0.170164)
(-1.21643e-06 8.58918e-07 0.155377)
(-9.2173e-07 6.7304e-07 0.13591)
(-5.87999e-07 4.613e-07 0.110034)
(-2.56846e-07 2.40807e-07 0.0752979)
(-1.16224e-08 4.66e-08 0.0282106)
(-2.67037e-06 5.97224e-07 0.218258)
(-2.45896e-06 5.47133e-07 0.208683)
(-2.19261e-06 4.84895e-07 0.196172)
(-1.85387e-06 4.08734e-07 0.179692)
(-1.43444e-06 3.1794e-07 0.157787)
(-9.43397e-07 2.14776e-07 0.128367)
(-4.36624e-07 1.08367e-07 0.0884045)
(-3.71139e-08 1.7706e-08 0.0334643)
(-2.67043e-06 -5.93102e-07 0.218258)
(-2.45901e-06 -5.43474e-07 0.208683)
(-2.19264e-06 -4.81805e-07 0.196172)
(-1.85388e-06 -4.06316e-07 0.179692)
(-1.43443e-06 -3.16275e-07 0.157787)
(-9.43371e-07 -2.13892e-07 0.128367)
(-4.36586e-07 -1.08163e-07 0.0884046)
(-3.70924e-08 -1.78566e-08 0.0334643)
(-1.82693e-06 -1.24315e-06 0.190247)
(-1.66038e-06 -1.14027e-06 0.181496)
(-1.46173e-06 -1.0129e-06 0.170165)
(-1.21639e-06 -8.57389e-07 0.155378)
(-9.21644e-07 -6.72013e-07 0.13591)
(-5.87888e-07 -4.6077e-07 0.110034)
(-2.56739e-07 -2.40694e-07 0.075298)
(-1.1571e-08 -4.66972e-08 0.0282107)
(-7.05224e-07 -8.08936e-07 0.133476)
(-6.24057e-07 -7.4401e-07 0.127331)
(-5.33884e-07 -6.62894e-07 0.119308)
(-4.26795e-07 -5.62891e-07 0.108753)
(-3.04453e-07 -4.4258e-07 0.0947862)
(-1.74628e-07 -3.04499e-07 0.0762314)
(-5.77786e-08 -1.60002e-07 0.0515559)
(1.10118e-08 -3.25061e-08 0.0188273)
(-4.37073e-07 5.01001e-07 0.133466)
(-3.86813e-07 4.60707e-07 0.127321)
(-3.30963e-07 4.10383e-07 0.119299)
(-2.64636e-07 3.48368e-07 0.108744)
(-1.88856e-07 2.73796e-07 0.0947783)
(-1.08425e-07 1.88257e-07 0.0762247)
(-3.59975e-08 9.88149e-08 0.0515512)
(6.72796e-09 2.00022e-08 0.0188255)
(-1.13091e-06 7.71128e-07 0.190238)
(-1.02783e-06 7.07203e-07 0.181487)
(-9.04868e-07 6.28069e-07 0.170156)
(-7.53012e-07 5.31477e-07 0.155369)
(-5.70579e-07 4.16385e-07 0.135901)
(-3.63993e-07 2.85306e-07 0.110026)
(-1.59014e-07 1.48857e-07 0.075292)
(-7.22152e-09 2.87559e-08 0.0282081)
(-1.65277e-06 3.69599e-07 0.218253)
(-1.52191e-06 3.38537e-07 0.208677)
(-1.35703e-06 2.99956e-07 0.196165)
(-1.14736e-06 2.52762e-07 0.179684)
(-8.87754e-07 1.96526e-07 0.157779)
(-5.83835e-07 1.32666e-07 0.128359)
(-2.70202e-07 6.6852e-08 0.0883981)
(-2.29788e-08 1.0865e-08 0.0334614)
(-1.65267e-06 -3.67737e-07 0.218253)
(-1.5218e-06 -3.37063e-07 0.208677)
(-1.35691e-06 -2.98914e-07 0.196165)
(-1.14723e-06 -2.52178e-07 0.179684)
(-8.87614e-07 -1.96397e-07 0.157779)
(-5.83699e-07 -1.32925e-07 0.128359)
(-2.70092e-07 -6.73221e-08 0.0883981)
(-2.2933e-08 -1.1192e-08 0.0334614)
(-1.13052e-06 -7.70189e-07 0.190239)
(-1.02742e-06 -7.06554e-07 0.181488)
(-9.04448e-07 -6.27722e-07 0.170156)
(-7.52586e-07 -5.31427e-07 0.155369)
(-5.70161e-07 -4.166e-07 0.135902)
(-3.63616e-07 -2.85714e-07 0.110026)
(-1.58729e-07 -1.49315e-07 0.0752922)
(-7.10905e-09 -2.90192e-08 0.0282081)
(-4.36415e-07 -5.01168e-07 0.133467)
(-3.86161e-07 -4.60994e-07 0.127322)
(-3.30329e-07 -4.10772e-07 0.1193)
(-2.6403e-07 -3.48828e-07 0.108745)
(-1.88299e-07 -2.74286e-07 0.0947788)
(-1.07954e-07 -1.88724e-07 0.0762252)
(-3.56629e-08 -9.91817e-08 0.0515514)
(6.85309e-09 -2.01645e-08 0.0188256)
(-2.71155e-07 3.10122e-07 0.13346)
(-2.40001e-07 2.85162e-07 0.127316)
(-2.05373e-07 2.53987e-07 0.119294)
(-1.64248e-07 2.1557e-07 0.108739)
(-1.17257e-07 1.69381e-07 0.0947737)
(-6.73739e-08 1.16415e-07 0.0762209)
(-2.24337e-08 6.1059e-08 0.0515484)
(4.12428e-09 1.23277e-08 0.0188244)
(-7.00754e-07 4.77343e-07 0.190233)
(-6.36888e-07 4.37743e-07 0.181482)
(-5.60701e-07 3.88719e-07 0.17015)
(-4.66612e-07 3.28883e-07 0.155363)
(-3.53579e-07 2.57596e-07 0.135896)
(-2.25581e-07 1.76428e-07 0.110021)
(-9.85767e-08 9.19745e-08 0.0752883)
(-4.50573e-09 1.77128e-08 0.0282065)
(-1.02369e-06 2.28563e-07 0.218249)
(-9.42631e-07 2.09297e-07 0.208673)
(-8.40507e-07 1.85379e-07 0.19616)
(-7.10638e-07 1.56137e-07 0.17968)
(-5.4984e-07 1.21314e-07 0.157773)
(-3.61604e-07 8.18008e-08 0.128354)
(-1.67358e-07 4.11287e-08 0.0883941)
(-1.42408e-08 6.61753e-09 0.0334596)
(-1.02349e-06 -2.28408e-07 0.21825)
(-9.42422e-07 -2.09449e-07 0.208673)
(-8.40289e-07 -1.8584e-07 0.19616)
(-7.10414e-07 -1.56883e-07 0.17968)
(-5.49617e-07 -1.22286e-07 0.157774)
(-3.61398e-07 -8.28759e-08 0.128354)
(-1.67199e-07 -4.20811e-08 0.0883941)
(-1.4178e-08 -7.07535e-09 0.0334596)
(-7.00102e-07 -4.77752e-07 0.190234)
(-6.36229e-07 -4.38372e-07 0.181483)
(-5.60042e-07 -3.89551e-07 0.170151)
(-4.65961e-07 -3.29875e-07 0.155364)
(-3.5296e-07 -2.58677e-07 0.135896)
(-2.25036e-07 -1.77483e-07 0.110021)
(-9.81734e-08 -9.2823e-08 0.0752885)
(-4.34972e-09 -1.80886e-08 0.0282066)
(-2.70321e-07 -3.10967e-07 0.133461)
(-2.39174e-07 -2.86086e-07 0.127316)
(-2.04563e-07 -2.54958e-07 0.119294)
(-1.63468e-07 -2.16543e-07 0.10874)
(-1.16535e-07 -1.70299e-07 0.0947743)
(-6.67535e-08 -1.17204e-07 0.0762213)
(-2.19883e-08 -6.16239e-08 0.0515487)
(4.29193e-09 -1.25496e-08 0.0188245)
(-1.68379e-07 1.91939e-07 0.133457)
(-1.49055e-07 1.76475e-07 0.127312)
(-1.27569e-07 1.57159e-07 0.11929)
(-1.02051e-07 1.33358e-07 0.108736)
(-7.2891e-08 1.04749e-07 0.0947709)
(-4.19276e-08 7.19541e-08 0.0762185)
(-1.40164e-08 3.77018e-08 0.0515467)
(2.51931e-09 7.58645e-09 0.0188237)
(-4.34475e-07 2.95444e-07 0.19023)
(-3.94884e-07 2.70907e-07 0.181479)
(-3.4765e-07 2.40532e-07 0.170147)
(-2.89318e-07 2.03462e-07 0.15536)
(-2.19242e-07 1.59306e-07 0.135893)
(-1.3989e-07 1.09049e-07 0.110018)
(-6.11513e-08 5.67895e-08 0.0752861)
(-2.81726e-09 1.08956e-08 0.0282056)
(-6.34315e-07 1.41231e-07 0.218247)
(-5.84088e-07 1.29281e-07 0.208671)
(-5.20803e-07 1.14457e-07 0.196157)
(-4.40327e-07 9.63472e-08 0.179677)
(-3.40688e-07 7.47978e-08 0.15777)
(-2.2405e-07 5.03703e-08 0.128351)
(-1.03695e-07 2.52635e-08 0.0883916)
(-8.82723e-09 4.02071e-09 0.0334585)
(-6.34073e-07 -1.42036e-07 0.218247)
(-5.83839e-07 -1.30313e-07 0.208671)
(-5.20549e-07 -1.15691e-07 0.196158)
(-4.40072e-07 -9.77313e-08 0.179677)
(-3.40442e-07 -7.62452e-08 0.15777)
(-2.23831e-07 -5.17384e-08 0.128351)
(-1.03533e-07 -2.63312e-08 0.0883917)
(-8.76563e-09 -4.46959e-09 0.0334585)
(-4.33718e-07 -2.96537e-07 0.190231)
(-3.9413e-07 -2.72157e-07 0.181479)
(-3.4691e-07 -2.41904e-07 0.170148)
(-2.88604e-07 -2.04896e-07 0.15536)
(-2.18579e-07 -1.60717e-07 0.135893)
(-1.39321e-07 -1.10311e-07 0.110018)
(-6.07444e-08 -5.77285e-08 0.0752863)
(-2.66424e-09 -1.12743e-08 0.0282056)
(-1.67533e-07 -1.92973e-07 0.133458)
(-1.4822e-07 -1.77558e-07 0.127313)
(-1.26756e-07 -1.58255e-07 0.119291)
(-1.01274e-07 -1.34419e-07 0.108737)
(-7.21777e-08 -1.05717e-07 0.0947714)
(-4.13249e-08 -7.27578e-08 0.0762189)
(-1.35909e-08 -3.8257e-08 0.051547)
(2.67492e-09 -7.79407e-09 0.0188238)
(-1.04681e-07 1.18778e-07 0.133455)
(-9.26853e-08 1.09196e-07 0.12731)
(-7.93423e-08 9.72255e-08 0.119288)
(-6.34942e-08 8.24777e-08 0.108734)
(-4.53809e-08 6.47554e-08 0.0947691)
(-2.61408e-08 4.44503e-08 0.076217)
(-8.78328e-09 2.32599e-08 0.0515456)
(1.53244e-09 4.65962e-09 0.0188233)
(-2.69577e-07 1.82776e-07 0.190228)
(-2.45019e-07 1.67572e-07 0.181477)
(-2.15715e-07 1.48751e-07 0.170145)
(-1.79527e-07 1.25786e-07 0.155358)
(-1.36052e-07 9.84395e-08 0.135891)
(-8.6824e-08 6.73295e-08 0.110016)
(-3.79741e-08 3.5009e-08 0.0752847)
(-1.77033e-09 6.67824e-09 0.028205)
(-3.93245e-07 8.71173e-08 0.218246)
(-3.62107e-07 7.97076e-08 0.208669)
(-3.22869e-07 7.05237e-08 0.196156)
(-2.72974e-07 5.93152e-08 0.179675)
(-2.11199e-07 4.59923e-08 0.157768)
(-1.38889e-07 3.09105e-08 0.128349)
(-6.42789e-08 1.54419e-08 0.0883901)
(-5.47528e-09 2.41282e-09 0.0334578)
(-3.92996e-07 -8.85392e-08 0.218246)
(-3.61852e-07 -8.12879e-08 0.208669)
(-3.22612e-07 -7.22248e-08 0.196156)
(-2.72717e-07 -6.10722e-08 0.179675)
(-2.10953e-07 -4.77076e-08 0.157768)
(-1.3867e-07 -3.24381e-08 0.128349)
(-6.41189e-08 -1.65717e-08 0.0883901)
(-5.41417e-09 -2.85993e-09 0.0334578)
(-2.68826e-07 -1.84287e-07 0.190229)
(-2.44273e-07 -1.69187e-07 0.181477)
(-2.14984e-07 -1.50428e-07 0.170146)
(-1.78822e-07 -1.27459e-07 0.155358)
(-1.354e-07 -1.00019e-07 0.135891)
(-8.62637e-08 -6.86902e-08 0.110017)
(-3.75716e-08 -3.59841e-08 0.0752849)
(-1.61868e-09 -7.05368e-09 0.028205)
(-1.03882e-07 -1.19968e-07 0.133456)
(-9.18946e-08 -1.1041e-07 0.127311)
(-7.85689e-08 -9.84288e-08 0.119289)
(-6.27516e-08 -8.36227e-08 0.108735)
(-4.46951e-08 -6.57833e-08 0.0947697)
(-2.5554e-08 -4.52919e-08 0.0762174)
(-8.3646e-09 -2.38325e-08 0.0515459)
(1.68734e-09 -4.86812e-09 0.0188234)
(-6.51393e-08 7.34597e-08 0.133453)
(-5.76882e-08 6.75238e-08 0.127309)
(-4.93978e-08 6.01086e-08 0.119287)
(-3.95493e-08 5.09738e-08 0.108733)
(-2.82907e-08 3.99998e-08 0.0947681)
(-1.63271e-08 2.74337e-08 0.0762161)
(-5.52255e-09 1.4333e-08 0.051545)
(9.25809e-10 2.85552e-09 0.018823)
(-1.67365e-07 1.13017e-07 0.190227)
(-1.52124e-07 1.03598e-07 0.181476)
(-1.33933e-07 9.19391e-08 0.170144)
(-1.1147e-07 7.77166e-08 0.155356)
(-8.4485e-08 6.07874e-08 0.13589)
(-5.39274e-08 4.15391e-08 0.110015)
(-2.36034e-08 2.15622e-08 0.0752838)
(-1.11712e-09 4.08734e-09 0.0282046)
(-2.43896e-07 5.36678e-08 0.218245)
(-2.24584e-07 4.90766e-08 0.208668)
(-2.00245e-07 4.3393e-08 0.196155)
(-1.69297e-07 3.64646e-08 0.179673)
(-1.30982e-07 2.82395e-08 0.157767)
(-8.61366e-08 1.89425e-08 0.128348)
(-3.98685e-08 9.42789e-09 0.0883891)
(-3.39998e-09 1.44826e-09 0.0334574)
(-2.43665e-07 -5.52553e-08 0.218245)
(-2.24349e-07 -5.07643e-08 0.208669)
(-2.0001e-07 -4.5138e-08 0.196155)
(-1.69065e-07 -3.82005e-08 0.179674)
(-1.30764e-07 -2.98726e-08 0.157767)
(-8.59461e-08 -2.03415e-08 0.128348)
(-3.9731e-08 -1.04187e-08 0.0883892)
(-3.34966e-09 -1.81608e-09 0.0334574)
(-1.66671e-07 -1.14565e-07 0.190228)
(-1.51441e-07 -1.05207e-07 0.181476)
(-1.33272e-07 -9.35686e-08 0.170144)
(-1.10841e-07 -7.93037e-08 0.155357)
(-8.39108e-08 -6.22492e-08 0.13589)
(-5.34445e-08 -4.2767e-08 0.110016)
(-2.32648e-08 -2.24183e-08 0.075284)
(-9.91636e-10 -4.40375e-09 0.0282046)
(-6.44484e-08 -7.45112e-08 0.133454)
(-5.70089e-08 -6.85848e-08 0.12731)
(-4.87365e-08 -6.11476e-08 0.119288)
(-3.89194e-08 -5.19493e-08 0.108734)
(-2.77152e-08 -4.08642e-08 0.0947686)
(-1.58433e-08 -2.81295e-08 0.0762165)
(-5.18392e-09 -1.47978e-08 0.0515452)
(1.04813e-09 -3.02065e-09 0.0188231)
(-4.05962e-08 4.54331e-08 0.133453)
(-3.59627e-08 4.17561e-08 0.127308)
(-3.08046e-08 3.71618e-08 0.119286)
(-2.46759e-08 3.15023e-08 0.108732)
(-1.7668e-08 2.47054e-08 0.0947674)
(-1.02179e-08 1.69273e-08 0.0762155)
(-3.4811e-09 8.82726e-09 0.0515446)
(5.5757e-10 1.74753e-09 0.0188229)
(-1.04027e-07 6.98319e-08 0.190226)
(-9.45578e-08 6.39978e-08 0.181475)
(-8.32532e-08 5.67778e-08 0.170143)
(-6.92934e-08 4.79721e-08 0.155356)
(-5.25236e-08 3.74948e-08 0.135889)
(-3.35352e-08 2.55909e-08 0.110015)
(-1.46908e-08 1.32527e-08 0.0752833)
(-7.07998e-10 2.48978e-09 0.0282044)
(-1.51402e-07 3.29688e-08 0.218245)
(-1.39413e-07 3.01268e-08 0.208668)
(-1.24301e-07 2.66134e-08 0.196154)
(-1.05086e-07 2.23363e-08 0.179673)
(-8.12995e-08 1.72667e-08 0.157766)
(-5.3461e-08 1.15471e-08 0.128347)
(-2.47443e-08 5.7123e-09 0.0883885)
(-2.1117e-09 8.51629e-10 0.0334571)
(-1.512e-07 -3.46146e-08 0.218245)
(-1.39209e-07 -3.18302e-08 0.208668)
(-1.24097e-07 -2.83324e-08 0.196154)
(-1.04885e-07 -2.40086e-08 0.179673)
(-8.111e-08 -1.8807e-08 0.157767)
(-5.32951e-08 -1.2841e-08 0.128347)
(-2.46243e-08 -6.61101e-09 0.0883886)
(-2.0674e-09 -1.1779e-09 0.0334571)
(-1.03434e-07 -7.13601e-08 0.190227)
(-9.39741e-08 -6.55567e-08 0.181475)
(-8.26863e-08 -5.83279e-08 0.170143)
(-6.87533e-08 -4.94576e-08 0.155356)
(-5.20294e-08 -3.88429e-08 0.135889)
(-3.31166e-08 -2.6707e-08 0.110015)
(-1.43943e-08 -1.40192e-08 0.0752835)
(-5.976e-10 -2.76759e-09 0.0282044)
(-4.00179e-08 -4.64264e-08 0.133453)
(-3.53925e-08 -4.2747e-08 0.127309)
(-3.02473e-08 -3.81235e-08 0.119287)
(-2.4142e-08 -3.23996e-08 0.108733)
(-1.71761e-08 -2.54956e-08 0.0947679)
(-9.7981e-09 -1.75617e-08 0.0762159)
(-3.18371e-09 -9.24973e-09 0.0515448)
(6.67164e-10 -1.89588e-09 0.018823)
(-2.53063e-08 2.80965e-08 0.133452)
(-2.24233e-08 2.58211e-08 0.127308)
(-1.92123e-08 2.29767e-08 0.119286)
(-1.53968e-08 1.94719e-08 0.108732)
(-1.10331e-08 1.52632e-08 0.094767)
(-6.39208e-09 1.04492e-08 0.0762152)
(-2.19148e-09 5.44085e-09 0.0515443)
(3.37269e-10 1.07157e-09 0.0188228)
(-6.46862e-08 4.31485e-08 0.190226)
(-5.87988e-08 3.9539e-08 0.181474)
(-5.17687e-08 3.50717e-08 0.170143)
(-4.30872e-08 2.96236e-08 0.155355)
(-3.26601e-08 2.3143e-08 0.135888)
(-2.08542e-08 1.57834e-08 0.110014)
(-9.13914e-09 8.16219e-09 0.075283)
(-4.45158e-10 1.52607e-09 0.0282042)
(-9.40212e-08 2.02529e-08 0.218244)
(-8.65744e-08 1.84984e-08 0.208668)
(-7.71868e-08 1.63321e-08 0.196154)
(-6.52508e-08 1.36981e-08 0.179672)
(-5.04773e-08 1.05799e-08 0.157766)
(-3.31886e-08 7.0666e-09 0.128347)
(-1.53596e-08 3.48864e-09 0.0883882)
(-1.31099e-09 5.16079e-10 0.0334569)
(-9.38605e-08 -2.16644e-08 0.218245)
(-8.64133e-08 -1.99335e-08 0.208668)
(-7.70269e-08 -1.7753e-08 0.196154)
(-6.50954e-08 -1.50517e-08 0.179672)
(-5.03327e-08 -1.17964e-08 0.157766)
(-3.30664e-08 -8.05764e-09 0.128347)
(-1.52734e-08 -4.14935e-09 0.0883882)
(-1.28048e-09 -7.38547e-10 0.033457)
(-6.42122e-08 -4.44066e-08 0.190226)
(-5.83368e-08 -4.08052e-08 0.181475)
(-5.13262e-08 -3.63131e-08 0.170143)
(-4.26728e-08 -3.07948e-08 0.155356)
(-3.2288e-08 -2.41867e-08 0.135889)
(-2.05474e-08 -1.66291e-08 0.110014)
(-8.92871e-09 -8.72755e-09 0.0752831)
(-3.69605e-10 -1.72183e-09 0.0282043)
(-2.48747e-08 -2.88125e-08 0.133453)
(-2.20014e-08 -2.65305e-08 0.127308)
(-1.8804e-08 -2.3659e-08 0.119286)
(-1.50104e-08 -2.0101e-08 0.108732)
(-1.06833e-08 -1.58102e-08 0.0947675)
(-6.10206e-09 -1.08798e-08 0.0762156)
(-1.99297e-09 -5.72096e-09 0.0515446)
(4.07023e-10 -1.1668e-09 0.0188229)
(-1.5762e-08 1.74037e-08 0.133452)
(-1.39663e-08 1.59953e-08 0.127307)
(-1.19662e-08 1.42333e-08 0.119285)
(-9.59062e-09 1.2061e-08 0.108732)
(-6.87379e-09 9.45197e-09 0.0947667)
(-3.98458e-09 6.468e-09 0.076215)
(-1.36902e-09 3.36538e-09 0.0515441)
(2.07717e-10 6.61328e-10 0.0188227)
(-4.02275e-08 2.66586e-08 0.190226)
(-3.65627e-08 2.44271e-08 0.181474)
(-3.21871e-08 2.16643e-08 0.170142)
(-2.67863e-08 1.82943e-08 0.155355)
(-2.03011e-08 1.42857e-08 0.135888)
(-1.29626e-08 9.73473e-09 0.110014)
(-5.68196e-09 5.02547e-09 0.0752827)
(-2.79357e-10 9.33202e-10 0.0282041)
(-5.84048e-08 1.24068e-08 0.218244)
(-5.37733e-08 1.13251e-08 0.208667)
(-4.79361e-08 9.99068e-09 0.196153)
(-4.05182e-08 8.36987e-09 0.179672)
(-3.1339e-08 6.4528e-09 0.157766)
(-2.06009e-08 4.29612e-09 0.128346)
(-9.53091e-09 2.10548e-09 0.088388)
(-8.13035e-10 2.99339e-10 0.0334568)
(-5.82786e-08 -1.36177e-08 0.218244)
(-5.36477e-08 -1.25417e-08 0.208667)
(-4.78118e-08 -1.11826e-08 0.196154)
(-4.03977e-08 -9.49485e-09 0.179672)
(-3.12266e-08 -7.45704e-09 0.157766)
(-2.05045e-08 -5.11183e-09 0.128346)
(-9.46178e-09 -2.65233e-09 0.088388)
(-7.87535e-10 -4.88373e-10 0.0334568)
(-3.98631e-08 -2.77021e-08 0.190226)
(-3.62075e-08 -2.54681e-08 0.181475)
(-3.18453e-08 -2.2677e-08 0.170143)
(-2.64646e-08 -1.92441e-08 0.155355)
(-2.00107e-08 -1.51289e-08 0.135888)
(-1.27185e-08 -1.0418e-08 0.110014)
(-5.51109e-09 -5.48558e-09 0.0752829)
(-2.15209e-10 -1.09694e-09 0.0282042)
(-1.54428e-08 -1.79542e-08 0.133453)
(-1.36536e-08 -1.65364e-08 0.127308)
(-1.1662e-08 -1.47498e-08 0.119286)
(-9.30127e-09 -1.25342e-08 0.108732)
(-6.61011e-09 -9.861e-09 0.0947672)
(-3.76513e-09 -6.78972e-09 0.0762154)
(-1.21772e-09 -3.57625e-09 0.0515444)
(2.61651e-10 -7.34734e-10 0.0188228)
(-9.86483e-09 1.07396e-08 0.133452)
(-8.74547e-09 9.8694e-09 0.127307)
(-7.49826e-09 8.77926e-09 0.119285)
(-6.01566e-09 7.43436e-09 0.108731)
(-4.3197e-09 5.81913e-09 0.0947665)
(-2.51361e-09 3.97335e-09 0.0762148)
(-8.74951e-10 2.05795e-09 0.051544)
(1.21017e-10 3.98197e-10 0.0188227)
(-2.50881e-08 1.63913e-08 0.190226)
(-2.28065e-08 1.50139e-08 0.181474)
(-2.00805e-08 1.33077e-08 0.170142)
(-1.67153e-08 1.12261e-08 0.155355)
(-1.26738e-08 8.7509e-09 0.135888)
(-8.09721e-09 5.94382e-09 0.110014)
(-3.55551e-09 3.04806e-09 0.0752826)
(-1.81805e-10 5.51451e-10 0.0282041)
(-3.63535e-08 7.47671e-09 0.218244)
(-3.34721e-08 6.81262e-09 0.208667)
(-2.98393e-08 5.99446e-09 0.196153)
(-2.52217e-08 5.0026e-09 0.179672)
(-1.95076e-08 3.83265e-09 0.157765)
(-1.28213e-08 2.52249e-09 0.128346)
(-5.92867e-09 1.20538e-09 0.0883878)
(-5.06281e-10 1.48116e-10 0.0334568)
(-3.62438e-08 -8.71732e-09 0.218244)
(-3.33622e-08 -8.0448e-09 0.208667)
(-2.97292e-08 -7.19214e-09 0.196153)
(-2.51133e-08 -6.12954e-09 0.179672)
(-1.94049e-08 -4.84121e-09 0.157766)
(-1.27285e-08 -3.34922e-09 0.128346)
(-5.85712e-09 -1.76773e-09 0.0883879)
(-4.79013e-10 -3.47016e-10 0.0334568)
(-2.4779e-08 -1.74654e-08 0.190226)
(-2.25028e-08 -1.60751e-08 0.181474)
(-1.97855e-08 -1.4334e-08 0.170142)
(-1.64337e-08 -1.21878e-08 0.155355)
(-1.24127e-08 -9.60783e-09 0.135888)
(-7.86736e-09 -6.64388e-09 0.110014)
(-3.38133e-09 -3.52249e-09 0.0752828)
(-1.13477e-10 -7.20673e-10 0.0282041)
(-9.61811e-09 -1.13912e-08 0.133452)
(-8.50223e-09 -1.05039e-08 0.127308)
(-7.25821e-09 -9.38332e-09 0.119286)
(-5.78107e-09 -7.98982e-09 0.108732)
(-4.0941e-09 -6.30322e-09 0.0947671)
(-2.30689e-09 -4.35679e-09 0.0762152)
(-7.09648e-10 -2.30666e-09 0.0515443)
(1.87494e-10 -4.83912e-10 0.0188228)
(-6.14052e-09 6.70184e-09 0.133452)
(-5.44098e-09 6.16357e-09 0.127307)
(-4.66133e-09 5.48753e-09 0.119285)
(-3.7353e-09 4.65179e-09 0.108731)
(-2.67657e-09 3.64652e-09 0.0947664)
(-1.55027e-09 2.4956e-09 0.0762147)
(-5.30576e-10 1.29871e-09 0.051544)
(8.20743e-11 2.56271e-10 0.0188227)
(-1.56312e-08 1.01789e-08 0.190225)
(-1.42052e-08 9.33122e-09 0.181474)
(-1.25019e-08 8.27952e-09 0.170142)
(-1.04005e-08 6.99466e-09 0.155355)
(-7.8787e-09 5.46462e-09 0.135888)
(-5.02543e-09 3.72631e-09 0.110014)
(-2.19673e-09 1.92656e-09 0.0752825)
(-1.0491e-10 3.61576e-10 0.028204)
(-2.26427e-08 4.62191e-09 0.218244)
(-2.08442e-08 4.21906e-09 0.208667)
(-1.85766e-08 3.72261e-09 0.196153)
(-1.56967e-08 3.12039e-09 0.179672)
(-1.21355e-08 2.40911e-09 0.157765)
(-7.9703e-09 1.60977e-09 0.128346)
(-3.6802e-09 7.98103e-10 0.0883877)
(-3.10682e-10 1.23259e-10 0.0334567)
(-2.25785e-08 -5.43442e-09 0.218244)
(-2.07811e-08 -5.00862e-09 0.208667)
(-1.85159e-08 -4.46771e-09 0.196153)
(-1.56395e-08 -3.79283e-09 0.179672)
(-1.20848e-08 -2.97503e-09 0.157765)
(-7.9297e-09 -2.03102e-09 0.128346)
(-3.65383e-09 -1.04096e-09 0.0883878)
(-3.03031e-10 -1.79748e-10 0.0334567)
(-1.54645e-08 -1.08285e-08 0.190226)
(-1.40444e-08 -9.95922e-09 0.181474)
(-1.23494e-08 -8.86884e-09 0.170142)
(-1.02599e-08 -7.52346e-09 0.155355)
(-7.75652e-09 -5.90771e-09 0.135888)
(-4.92857e-09 -4.056e-09 0.110014)
(-2.13498e-09 -2.11961e-09 0.0752827)
(-8.63306e-11 -4.10757e-10 0.0282041)
(-6.03119e-09 -7.0223e-09 0.133452)
(-5.33367e-09 -6.46687e-09 0.127308)
(-4.55619e-09 -5.76462e-09 0.119286)
(-3.63529e-09 -4.89262e-09 0.108732)
(-2.58742e-09 -3.84027e-09 0.094767)
(-1.47843e-09 -2.63362e-09 0.0762151)
(-4.844e-10 -1.37601e-09 0.0515443)
(9.60577e-11 -2.75426e-10 0.0188227)
(-3.83485e-09 4.17766e-09 0.133451)
(-3.39718e-09 3.84451e-09 0.127307)
(-2.9095e-09 3.42474e-09 0.119285)
(-2.3306e-09 2.90444e-09 0.108731)
(-1.66925e-09 2.27749e-09 0.0947664)
(-9.6604e-10 1.55907e-09 0.0762147)
(-3.2985e-10 8.11245e-10 0.0515439)
(5.15406e-11 1.60004e-10 0.0188226)
(-9.76175e-09 6.32538e-09 0.190225)
(-8.87017e-09 5.80308e-09 0.181474)
(-7.80482e-09 5.15326e-09 0.170142)
(-6.49087e-09 4.35725e-09 0.155354)
(-4.91504e-09 3.40714e-09 0.135888)
(-3.13368e-09 2.32513e-09 0.110014)
(-1.36937e-09 1.20269e-09 0.0752825)
(-6.50999e-11 2.25234e-10 0.028204)
(-1.41356e-08 2.84771e-09 0.218244)
(-1.3012e-08 2.60298e-09 0.208667)
(-1.15952e-08 2.30039e-09 0.196153)
(-9.79597e-09 1.9318e-09 0.179672)
(-7.57278e-09 1.49445e-09 0.157765)
(-4.97324e-09 1.00031e-09 0.128346)
(-2.29613e-09 4.95295e-10 0.0883877)
(-1.94056e-10 7.38927e-11 0.0334567)
(-1.40966e-08 -3.41732e-09 0.218244)
(-1.29736e-08 -3.14844e-09 0.208667)
(-1.15584e-08 -2.80711e-09 0.196153)
(-9.76148e-09 -2.3819e-09 0.179672)
(-7.54126e-09 -1.86795e-09 0.157765)
(-4.94733e-09 -1.27682e-09 0.128346)
(-2.27851e-09 -6.58665e-10 0.0883877)
(-1.87818e-10 -1.18988e-10 0.0334567)
(-9.65908e-09 -6.77359e-09 0.190226)
(-8.77122e-09 -6.23152e-09 0.181474)
(-7.71161e-09 -5.55126e-09 0.170142)
(-6.40575e-09 -4.71192e-09 0.155355)
(-4.84021e-09 -3.70404e-09 0.135888)
(-3.07169e-09 -2.5493e-09 0.110014)
(-1.32697e-09 -1.34037e-09 0.0752827)
(-4.94883e-11 -2.66841e-10 0.0282041)
(-3.76914e-09 -4.39062e-09 0.133452)
(-3.33293e-09 -4.04686e-09 0.127308)
(-2.84649e-09 -3.61198e-09 0.119286)
(-2.2699e-09 -3.07117e-09 0.108732)
(-1.61248e-09 -2.41836e-09 0.0947669)
(-9.16244e-10 -1.66629e-09 0.0762151)
(-2.92099e-10 -8.77067e-10 0.0515442)
(6.60646e-11 -1.7978e-10 0.0188227)
(-2.39442e-09 2.63603e-09 0.133451)
(-2.12002e-09 2.42915e-09 0.127307)
(-1.81378e-09 2.16722e-09 0.119285)
(-1.44993e-09 1.8412e-09 0.108731)
(-1.03459e-09 1.4471e-09 0.0947663)
(-5.94056e-10 9.94142e-10 0.0762146)
(-1.97374e-10 5.20901e-10 0.0515439)
(3.65918e-11 1.05246e-10 0.0188226)
(-6.1113e-09 3.94525e-09 0.190225)
(-5.553e-09 3.62383e-09 0.181474)
(-4.88457e-09 3.22239e-09 0.170142)
(-4.05989e-09 2.72882e-09 0.155354)
(-3.07161e-09 2.13799e-09 0.135888)
(-1.95532e-09 1.46314e-09 0.110013)
(-8.50878e-10 7.6054e-10 0.0752825)
(-3.79964e-11 1.45248e-10 0.028204)
(-8.85201e-09 1.74752e-09 0.218244)
(-8.14893e-09 1.59958e-09 0.208667)
(-7.26042e-09 1.41589e-09 0.196153)
(-6.13217e-09 1.19115e-09 0.179672)
(-4.73854e-09 9.23425e-10 0.157765)
(-3.10951e-09 6.19707e-10 0.128346)
(-1.43315e-09 3.08536e-10 0.0883876)
(-1.20088e-10 4.77772e-11 0.0334567)
(-8.82856e-09 -2.18064e-09 0.218244)
(-8.12544e-09 -2.0102e-09 0.208667)
(-7.23813e-09 -1.79354e-09 0.196153)
(-6.11115e-09 -1.52356e-09 0.179672)
(-4.71902e-09 -1.19695e-09 0.157765)
(-3.09324e-09 -8.20382e-10 0.128346)
(-1.42181e-09 -4.25315e-10 0.0883877)
(-1.15967e-10 -7.81382e-11 0.0334567)
(-6.05769e-09 -4.28309e-09 0.190226)
(-5.49958e-09 -3.94274e-09 0.181474)
(-4.83248e-09 -3.51476e-09 0.170142)
(-4.01079e-09 -2.98571e-09 0.155355)
(-3.02652e-09 -2.3493e-09 0.135888)
(-1.91682e-09 -1.61853e-09 0.110014)
(-8.23453e-10 -8.51769e-10 0.0752826)
(-2.82675e-11 -1.6891e-10 0.0282041)
(-2.35443e-09 -2.82752e-09 0.133452)
(-2.07936e-09 -2.60961e-09 0.127308)
(-1.77204e-09 -2.33322e-09 0.119286)
(-1.40802e-09 -1.98877e-09 0.108732)
(-9.93512e-10 -1.57052e-09 0.0947669)
(-5.5522e-10 -1.08791e-09 0.0762151)
(-1.67024e-10 -5.78079e-10 0.0515442)
(4.83439e-11 -1.21981e-10 0.0188227)
(-1.44758e-09 1.67903e-09 0.133451)
(-1.27787e-09 1.55159e-09 0.127307)
(-1.08909e-09 1.38893e-09 0.119285)
(-8.65775e-10 1.18512e-09 0.108731)
(-6.1133e-10 9.37058e-10 0.0947663)
(-3.44044e-10 6.50269e-10 0.0762146)
(-1.07036e-10 3.47361e-10 0.0515439)
(2.81455e-11 7.44262e-11 0.0188226)
(-3.77161e-09 2.51059e-09 0.190225)
(-3.42365e-09 2.31289e-09 0.181474)
(-3.00878e-09 2.06449e-09 0.170142)
(-2.49751e-09 1.75732e-09 0.155354)
(-1.88523e-09 1.38714e-09 0.135888)
(-1.1966e-09 9.61051e-10 0.110013)
(-5.17511e-10 5.11985e-10 0.0752824)
(-1.92454e-11 1.06286e-10 0.028204)
(-5.49774e-09 1.13505e-09 0.218244)
(-5.05958e-09 1.04633e-09 0.208667)
(-4.50696e-09 9.35001e-10 0.196153)
(-3.80627e-09 7.9724e-10 0.179672)
(-2.93979e-09 6.3085e-10 0.157765)
(-1.92977e-09 4.38584e-10 0.128346)
(-8.92326e-10 2.34454e-10 0.0883876)
(-7.45451e-11 4.83659e-11 0.0334567)
(-5.49424e-09 -1.30858e-09 0.218244)
(-5.05684e-09 -1.19904e-09 0.208667)
(-4.50502e-09 -1.06082e-09 0.196153)
(-3.80588e-09 -8.90074e-10 0.179672)
(-2.94114e-09 -6.85728e-10 0.157765)
(-1.93403e-09 -4.54153e-10 0.128346)
(-8.96757e-10 -2.1859e-10 0.0883877)
(-7.74244e-11 -2.69178e-11 0.0334567)
(-3.76248e-09 -2.61861e-09 0.190226)
(-3.41819e-09 -2.40574e-09 0.181474)
(-3.00778e-09 -2.13861e-09 0.170142)
(-2.50126e-09 -1.8094e-09 0.155355)
(-1.89451e-09 -1.41481e-09 0.135888)
(-1.20919e-09 -9.65301e-10 0.110014)
(-5.32331e-10 -4.99001e-10 0.0752826)
(-2.63931e-11 -9.26864e-11 0.028204)
(-1.46149e-09 -1.67647e-09 0.133452)
(-1.29345e-09 -1.54301e-09 0.127308)
(-1.1064e-09 -1.37368e-09 0.119286)
(-8.85146e-10 -1.16297e-09 0.108732)
(-6.32844e-10 -9.09792e-10 0.0947668)
(-3.67468e-10 -6.20006e-10 0.076215)
(-1.28026e-10 -3.21185e-10 0.0515442)
(1.83117e-11 -6.19407e-11 0.0188227)
(-9.27256e-10 1.00899e-09 0.133451)
(-8.20363e-10 9.31165e-10 0.127307)
(-7.00955e-10 8.31271e-10 0.119285)
(-5.59234e-10 7.0581e-10 0.108731)
(-3.98843e-10 5.53563e-10 0.0947663)
(-2.3136e-10 3.79203e-10 0.0762146)
(-8.18532e-11 1.97904e-10 0.0515439)
(1.1089e-11 3.8615e-11 0.0188226)
(-2.39049e-09 1.52521e-09 0.190225)
(-2.17255e-09 1.40274e-09 0.181474)
(-1.91071e-09 1.24803e-09 0.170142)
(-1.58749e-09 1.05619e-09 0.155354)
(-1.20078e-09 8.25284e-10 0.135887)
(-7.67179e-10 5.61515e-10 0.110013)
(-3.40375e-10 2.88338e-10 0.0752824)
(-1.92237e-11 5.13175e-11 0.028204)
(-3.47127e-09 6.6378e-10 0.218244)
(-3.19507e-09 6.09643e-10 0.208667)
(-2.84536e-09 5.41074e-10 0.196153)
(-2.40049e-09 4.55635e-10 0.179672)
(-1.85333e-09 3.52357e-10 0.157765)
(-1.21696e-09 2.34173e-10 0.128346)
(-5.65724e-10 1.12622e-10 0.0883876)
(-4.96333e-11 1.32123e-11 0.0334567)
(-3.46456e-09 -8.626e-10 0.218244)
(-3.1881e-09 -7.92976e-10 0.208667)
(-2.8378e-09 -7.05409e-10 0.196153)
(-2.39333e-09 -5.97302e-10 0.179672)
(-1.84573e-09 -4.68024e-10 0.157765)
(-1.21033e-09 -3.20773e-10 0.128346)
(-5.60704e-10 -1.68128e-10 0.0883877)
(-4.72808e-11 -3.28002e-11 0.0334567)
(-2.3686e-09 -1.68745e-09 0.190226)
(-2.14997e-09 -1.55312e-09 0.181474)
(-1.88741e-09 -1.38444e-09 0.170142)
(-1.56381e-09 -1.17647e-09 0.155355)
(-1.17796e-09 -9.26657e-10 0.135888)
(-7.45555e-10 -6.40907e-10 0.110014)
(-3.23162e-10 -3.42052e-10 0.0752826)
(-1.12074e-11 -7.16822e-11 0.028204)
(-9.16358e-10 -1.08503e-09 0.133452)
(-8.08636e-10 -1.00151e-09 0.127308)
(-6.86811e-10 -8.95426e-10 0.119286)
(-5.42896e-10 -7.62729e-10 0.108732)
(-3.78885e-10 -6.01612e-10 0.0947668)
(-2.10266e-10 -4.16995e-10 0.076215)
(-6.50083e-11 -2.2401e-10 0.0515442)
(1.81606e-11 -4.8635e-11 0.0188227)
(-5.45868e-10 6.77748e-10 0.133451)
(-4.79623e-10 6.29844e-10 0.127307)
(-4.05641e-10 5.6746e-10 0.119285)
(-3.18294e-10 4.8805e-10 0.108731)
(-2.1907e-10 3.90129e-10 0.0947663)
(-1.16381e-10 2.75523e-10 0.0762146)
(-2.74294e-11 1.52028e-10 0.0515439)
(1.67569e-11 3.63981e-11 0.0188226)
(-1.46232e-09 1.00909e-09 0.190225)
(-1.32563e-09 9.35352e-10 0.181474)
(-1.16193e-09 8.41083e-10 0.170142)
(-9.59627e-10 7.22706e-10 0.155354)
(-7.18889e-10 5.78249e-10 0.135887)
(-4.49627e-10 4.09669e-10 0.110013)
(-1.87139e-10 2.28058e-10 0.0752824)
(-9.28255e-13 5.50768e-11 0.028204)
(-2.1517e-09 4.71032e-10 0.218244)
(-1.97921e-09 4.40206e-10 0.208667)
(-1.76104e-09 4.00085e-10 0.196153)
(-1.48365e-09 3.48709e-10 0.179672)
(-1.14181e-09 2.84819e-10 0.157765)
(-7.45102e-10 2.08567e-10 0.128346)
(-3.40077e-10 1.22839e-10 0.0883876)
(-2.56754e-11 3.44027e-11 0.0334567)
(-2.16182e-09 -4.77973e-10 0.218244)
(-1.98976e-09 -4.32774e-10 0.208667)
(-1.77219e-09 -3.76576e-10 0.196153)
(-1.49551e-09 -3.08208e-10 0.179672)
(-1.15442e-09 -2.27786e-10 0.157765)
(-7.57068e-10 -1.39218e-10 0.128346)
(-3.51688e-10 -5.4093e-11 0.0883877)
(-3.08111e-11 4.32754e-12 0.0334567)
(-1.49643e-09 -9.80884e-10 0.190226)
(-1.3612e-09 -8.96171e-10 0.181474)
(-1.19837e-09 -7.90535e-10 0.170142)
(-9.97521e-10 -6.61253e-10 0.155355)
(-7.56905e-10 -5.08002e-10 0.135888)
(-4.86108e-10 -3.36041e-10 0.110014)
(-2.17842e-10 -1.62641e-10 0.0752826)
(-1.46418e-11 -2.20135e-11 0.028204)
(-5.91939e-10 -6.09262e-10 0.133452)
(-5.26446e-10 -5.57547e-10 0.127308)
(-4.53145e-10 -4.92087e-10 0.119286)
(-3.66036e-10 -4.11554e-10 0.108732)
(-2.67003e-10 -3.15592e-10 0.0947668)
(-1.61816e-10 -2.08176e-10 0.076215)
(-6.47555e-11 -1.01419e-10 0.0515442)
(8.17468e-13 -1.51011e-11 0.0188227)
(-3.29653e-10 4.40409e-10 0.133451)
(-2.8902e-10 4.10302e-10 0.127307)
(-2.43892e-10 3.70538e-10 0.119285)
(-1.9017e-10 3.1932e-10 0.108731)
(-1.29798e-10 2.5567e-10 0.0947663)
(-6.74204e-11 1.80587e-10 0.0762146)
(-1.46623e-11 9.96247e-11 0.0515439)
(1.07754e-11 2.34047e-11 0.0188226)
(-8.99028e-10 6.63648e-10 0.190225)
(-8.14814e-10 6.17709e-10 0.181474)
(-7.14032e-10 5.58021e-10 0.170142)
(-5.89032e-10 4.81863e-10 0.155354)
(-4.40227e-10 3.87462e-10 0.135887)
(-2.74708e-10 2.75816e-10 0.110013)
(-1.13939e-10 1.53447e-10 0.0752824)
(-4.02038e-13 3.6227e-11 0.028204)
(-1.33738e-09 3.34473e-10 0.218244)
(-1.23083e-09 3.15094e-10 0.208667)
(-1.09523e-09 2.88916e-10 0.196153)
(-9.22968e-10 2.54234e-10 0.179672)
(-7.10583e-10 2.09532e-10 0.157765)
(-4.63569e-10 1.54003e-10 0.128346)
(-2.11785e-10 8.98152e-11 0.0883876)
(-1.65703e-11 2.28102e-11 0.0334567)
(-1.35462e-09 -2.44113e-10 0.218244)
(-1.24835e-09 -2.16342e-10 0.208667)
(-1.11288e-09 -1.82951e-10 0.196153)
(-9.39984e-10 -1.43659e-10 0.179672)
(-7.27147e-10 -9.96543e-11 0.157765)
(-4.77722e-10 -5.38178e-11 0.128346)
(-2.22386e-10 -1.40216e-11 0.0883876)
(-2.01393e-11 7.33352e-12 0.0334567)
(-9.35011e-10 -5.56959e-10 0.190226)
(-8.52933e-10 -5.06507e-10 0.181474)
(-7.53624e-10 -4.44505e-10 0.170142)
(-6.2959e-10 -3.6987e-10 0.155355)
(-4.804e-10 -2.82886e-10 0.135888)
(-3.10285e-10 -1.87142e-10 0.110014)
(-1.40405e-10 -9.30261e-11 0.0752826)
(-9.16972e-12 -1.64006e-11 0.028204)
(-3.84588e-10 -2.67111e-10 0.133452)
(-3.45777e-10 -2.39955e-10 0.127308)
(-3.01897e-10 -2.06314e-10 0.119286)
(-2.49001e-10 -1.65753e-10 0.108732)
(-1.87369e-10 -1.18912e-10 0.0947668)
(-1.2116e-10 -7.02624e-11 0.076215)
(-5.80626e-11 -2.71924e-11 0.0515442)
(-7.10398e-12 1.15782e-12 0.0188227)
(-2.08786e-10 2.54716e-10 0.133451)
(-1.83368e-10 2.36503e-10 0.127307)
(-1.55552e-10 2.12427e-10 0.119285)
(-1.23032e-10 1.81546e-10 0.108731)
(-8.61492e-11 1.43362e-10 0.0947663)
(-4.79815e-11 9.90984e-11 0.0762146)
(-1.47128e-11 5.28076e-11 0.0515439)
(4.03286e-12 1.09275e-11 0.0188226)
(-5.63453e-10 3.92758e-10 0.190225)
(-5.10289e-10 3.64121e-10 0.181474)
(-4.46912e-10 3.26748e-10 0.170142)
(-3.69985e-10 2.79251e-10 0.155354)
(-2.78226e-10 2.20728e-10 0.135887)
(-1.75526e-10 1.52418e-10 0.110013)
(-7.52836e-11 8.0079e-11 0.0752824)
(-2.78265e-12 1.56397e-11 0.028204)
(-8.32306e-10 1.88015e-10 0.218244)
(-7.64288e-10 1.7585e-10 0.208667)
(-6.7899e-10 1.59087e-10 0.196153)
(-5.71711e-10 1.36698e-10 0.179672)
(-4.39602e-10 1.08001e-10 0.157765)
(-2.87722e-10 7.33441e-11 0.128346)
(-1.3268e-10 3.61211e-11 0.0883876)
(-1.1112e-11 4.35155e-12 0.0334567)
(-8.3514e-10 -1.78322e-10 0.218244)
(-7.66875e-10 -1.61559e-10 0.208667)
(-6.80952e-10 -1.41741e-10 0.196153)
(-5.7316e-10 -1.189e-10 0.179672)
(-4.41322e-10 -9.31426e-11 0.157765)
(-2.88226e-10 -6.53211e-11 0.128346)
(-1.32472e-10 -3.70917e-11 0.0883876)
(-1.03352e-11 -1.00952e-11 0.0334567)
(-5.64495e-10 -3.83851e-10 0.190226)
(-5.11303e-10 -3.52706e-10 0.181474)
(-4.48421e-10 -3.14549e-10 0.170142)
(-3.70803e-10 -2.6857e-10 0.155355)
(-2.77922e-10 -2.14331e-10 0.135888)
(-1.74374e-10 -1.52559e-10 0.110014)
(-7.28558e-11 -8.6778e-11 0.0752826)
(-1.95326e-13 -2.25968e-11 0.028204)
(-2.00925e-10 -2.46297e-10 0.133452)
(-1.75837e-10 -2.28297e-10 0.127308)
(-1.48364e-10 -2.05634e-10 0.119286)
(-1.15957e-10 -1.77524e-10 0.108732)
(-7.90448e-11 -1.43392e-10 0.0947668)
(-4.09868e-11 -1.03695e-10 0.076215)
(-7.75666e-12 -6.00645e-11 0.0515442)
(7.78692e-12 -1.63923e-11 0.0188227)
(-1.09304e-10 1.84704e-10 0.133451)
(-9.39765e-11 1.73388e-10 0.127307)
(-7.72475e-11 1.58131e-10 0.119285)
(-5.74075e-11 1.3802e-10 0.108731)
(-3.59167e-11 1.12738e-10 0.0947663)
(-1.42456e-11 8.21842e-11 0.0762146)
(2.22118e-12 4.80051e-11 0.0515439)
(7.20372e-12 1.29911e-11 0.0188226)
(-3.30025e-10 2.62146e-10 0.190225)
(-2.97595e-10 2.45265e-10 0.181474)
(-2.59733e-10 2.22754e-10 0.170142)
(-2.12998e-10 1.93597e-10 0.155354)
(-1.58213e-10 1.57044e-10 0.135887)
(-9.78783e-11 1.13293e-10 0.110013)
(-3.97286e-11 6.50483e-11 0.0752824)
(1.0974e-12 1.66123e-11 0.028204)
(-5.03147e-10 1.15164e-10 0.218244)
(-4.62451e-10 1.08164e-10 0.208667)
(-4.10867e-10 9.82593e-11 0.196153)
(-3.45654e-10 8.48413e-11 0.179672)
(-2.66435e-10 6.74882e-11 0.157765)
(-1.74241e-10 4.67851e-11 0.128346)
(-8.05524e-11 2.46627e-11 0.0883876)
(-6.43779e-12 4.52782e-12 0.0334567)
(-5.04833e-10 -1.3222e-10 0.218244)
(-4.63682e-10 -1.2183e-10 0.208667)
(-4.12024e-10 -1.09266e-10 0.196153)
(-3.46237e-10 -9.43475e-11 0.179672)
(-2.66508e-10 -7.65748e-11 0.157765)
(-1.73349e-10 -5.61252e-11 0.128346)
(-7.96573e-11 -3.31376e-11 0.0883876)
(-5.93146e-12 -9.04769e-12 0.0334567)
(-3.36343e-10 -2.70417e-10 0.190226)
(-3.03254e-10 -2.50972e-10 0.181474)
(-2.64044e-10 -2.26613e-10 0.170142)
(-2.16325e-10 -1.96384e-10 0.155355)
(-1.59903e-10 -1.59481e-10 0.135888)
(-9.75431e-11 -1.15982e-10 0.110014)
(-3.89666e-11 -6.78914e-11 0.0752826)
(1.97921e-12 -1.81747e-11 0.028204)
(-1.17427e-10 -1.84664e-10 0.133452)
(-1.01633e-10 -1.72058e-10 0.127308)
(-8.41157e-11 -1.55851e-10 0.119286)
(-6.36598e-11 -1.35267e-10 0.108732)
(-4.07246e-11 -1.09866e-10 0.0947668)
(-1.78389e-11 -7.9635e-11 0.076215)
(4.60051e-13 -4.59099e-11 0.0515442)
(6.61185e-12 -1.207e-11 0.0188227)
(-8.01376e-11 7.92028e-11 0.133451)
(-7.12059e-11 7.33089e-11 0.127307)
(-6.11258e-11 6.54127e-11 0.119285)
(-4.8685e-11 5.51144e-11 0.108731)
(-3.50881e-11 4.2586e-11 0.0947663)
(-2.23737e-11 2.86442e-11 0.0762146)
(-1.0407e-11 1.4269e-11 0.0515439)
(-7.09712e-13 1.945e-12 0.0188226)
(-2.19464e-10 1.19592e-10 0.190225)
(-2.01621e-10 1.09205e-10 0.181474)
(-1.79019e-10 9.56959e-11 0.170142)
(-1.50092e-10 7.86812e-11 0.155354)
(-1.15646e-10 5.81127e-11 0.135887)
(-7.5853e-11 3.52826e-11 0.110013)
(-3.77302e-11 1.37252e-11 0.0752824)
(-4.78132e-12 -1.01719e-12 0.028204)
(-3.26356e-10 1.95159e-11 0.218244)
(-3.01579e-10 1.54569e-11 0.208667)
(-2.6929e-10 1.0033e-11 0.196153)
(-2.27211e-10 3.28061e-12 0.179672)
(-1.76367e-10 -4.44674e-12 0.157765)
(-1.17238e-10 -1.18868e-11 0.128346)
(-5.63594e-11 -1.55617e-11 0.0883876)
(-6.31531e-12 -9.81643e-12 0.0334567)
(-3.24208e-10 -1.40438e-10 0.218244)
(-3.00114e-10 -1.33023e-10 0.208667)
(-2.68083e-10 -1.23597e-10 0.196153)
(-2.25931e-10 -1.11482e-10 0.179672)
(-1.74225e-10 -9.5995e-11 0.157765)
(-1.12238e-10 -7.54891e-11 0.128346)
(-5.00549e-11 -4.86798e-11 0.0883876)
(-2.88388e-12 -1.53464e-11 0.0334567)
(-2.17004e-10 -2.34065e-10 0.190226)
(-1.9691e-10 -2.20562e-10 0.181474)
(-1.72331e-10 -2.0314e-10 0.170142)
(-1.41629e-10 -1.80834e-10 0.155355)
(-1.03249e-10 -1.51973e-10 0.135888)
(-5.97706e-11 -1.15374e-10 0.110014)
(-1.85934e-11 -7.02074e-11 0.0752826)
(4.76753e-12 -1.99207e-11 0.028204)
(-9.24752e-11 -1.72202e-10 0.133452)
(-8.3564e-11 -1.62965e-10 0.127308)
(-7.25792e-11 -1.5058e-10 0.119286)
(-5.71671e-11 -1.33687e-10 0.108732)
(-3.73754e-11 -1.11281e-10 0.0947668)
(-1.38612e-11 -8.18898e-11 0.076215)
(7.29688e-12 -4.62343e-11 0.0515442)
(9.35674e-12 -1.24367e-11 0.0188227)
(-3.56682e-11 8.81582e-11 0.133451)
(-2.95722e-11 8.34253e-11 0.127307)
(-2.25486e-11 7.70785e-11 0.119285)
(-1.43233e-11 6.87073e-11 0.108731)
(-5.59248e-12 5.79166e-11 0.0947663)
(3.26307e-12 4.41788e-11 0.0762146)
(8.53638e-12 2.78646e-11 0.0515439)
(6.34231e-12 9.16276e-12 0.0188226)
(-1.23081e-10 1.22406e-10 0.190225)
(-1.09731e-10 1.16685e-10 0.181474)
(-9.41068e-11 1.08909e-10 0.170142)
(-7.47419e-11 9.8696e-11 0.155354)
(-5.22375e-11 8.54313e-11 0.135887)
(-2.73194e-11 6.80147e-11 0.110013)
(-4.50621e-12 4.56921e-11 0.0752824)
(5.57537e-12 1.72218e-11 0.028204)
(-1.98943e-10 6.85192e-11 0.218244)
(-1.82373e-10 6.74669e-11 0.208667)
(-1.60733e-10 6.58432e-11 0.196153)
(-1.33668e-10 6.32527e-11 0.179672)
(-1.0047e-10 5.93702e-11 0.157765)
(-6.2862e-11 5.29237e-11 0.128346)
(-2.44284e-11 4.13781e-11 0.0883876)
(6.86457e-13 1.91484e-11 0.0334567)
(-2.09842e-10 -2.09712e-11 0.218244)
(-1.93493e-10 -1.47695e-11 0.208667)
(-1.72482e-10 -7.07852e-12 0.196153)
(-1.45556e-10 2.14621e-12 0.179672)
(-1.13104e-10 1.24416e-11 0.157765)
(-7.46874e-11 2.21448e-11 0.128346)
(-3.50868e-11 2.73691e-11 0.0883876)
(-4.09503e-12 1.76607e-11 0.0334567)
(-1.57461e-10 -6.65364e-11 0.190226)
(-1.44925e-10 -5.72285e-11 0.181474)
(-1.29321e-10 -4.55043e-11 0.170142)
(-1.09837e-10 -3.11737e-11 0.155355)
(-8.68752e-11 -1.49413e-11 0.135888)
(-5.97779e-11 1.75046e-12 0.110014)
(-3.14387e-11 1.3952e-11 0.0752826)
(-6.49043e-12 1.23935e-11 0.028204)
(-7.7016e-11 -2.88225e-11 0.133452)
(-7.07528e-11 -2.28064e-11 0.127308)
(-6.33358e-11 -1.5147e-11 0.119286)
(-5.47245e-11 -6.31384e-12 0.108732)
(-4.52446e-11 3.18746e-12 0.0947668)
(-3.43361e-11 1.12333e-11 0.076215)
(-2.20086e-11 1.43368e-11 0.0515442)
(-7.0153e-12 8.57955e-12 0.0188227)
(-1.56023e-11 5.50249e-11 0.133451)
(-1.24885e-11 5.16981e-11 0.127307)
(-9.08591e-12 4.73392e-11 0.119285)
(-5.26409e-12 4.16621e-11 0.108731)
(-1.42481e-12 3.44222e-11 0.0947663)
(1.89783e-12 2.54773e-11 0.0762146)
(3.90949e-12 1.51964e-11 0.0515439)
(2.60656e-12 4.24668e-12 0.0188226)
(-6.31087e-11 8.30531e-11 0.190225)
(-5.58777e-11 7.88135e-11 0.181474)
(-4.75215e-11 7.30251e-11 0.170142)
(-3.79701e-11 6.53516e-11 0.155354)
(-2.71881e-11 5.51871e-11 0.135887)
(-1.48448e-11 4.19275e-11 0.110013)
(-3.91828e-12 2.55055e-11 0.0752824)
(1.76878e-12 7.23842e-12 0.028204)
(-1.10645e-10 4.82152e-11 0.218244)
(-1.0092e-10 4.67252e-11 0.208667)
(-8.93103e-11 4.44383e-11 0.196153)
(-7.43811e-11 4.09821e-11 0.179672)
(-5.65619e-11 3.56774e-11 0.157765)
(-3.64999e-11 2.78995e-11 0.128346)
(-1.60606e-11 1.71553e-11 0.0883876)
(-7.26363e-13 4.1512e-12 0.0334567)
(-1.17546e-10 -1.30133e-11 0.218244)
(-1.07872e-10 -1.01472e-11 0.208667)
(-9.56088e-11 -6.92519e-12 0.196153)
(-8.08033e-11 -3.48747e-12 0.179672)
(-6.20845e-11 -3.3615e-13 0.157765)
(-4.07717e-11 1.84557e-12 0.128346)
(-1.88277e-11 1.77113e-12 0.0883876)
(-1.32447e-12 2.14555e-13 0.0334567)
(-7.96685e-11 -5.33238e-11 0.190226)
(-7.19706e-11 -4.89374e-11 0.181474)
(-6.31451e-11 -4.35848e-11 0.170142)
(-5.26642e-11 -3.73379e-11 0.155355)
(-3.90212e-11 -3.01427e-11 0.135888)
(-2.46411e-11 -2.26124e-11 0.110014)
(-9.44196e-12 -1.42531e-11 0.0752826)
(7.9093e-13 -5.15494e-12 0.028204)
(-2.96409e-11 -3.38405e-11 0.133452)
(-2.60081e-11 -3.19827e-11 0.127308)
(-2.21531e-11 -2.97215e-11 0.119286)
(-1.76073e-11 -2.68509e-11 0.108732)
(-1.15399e-11 -2.37232e-11 0.0947668)
(-5.15954e-12 -1.88134e-11 0.076215)
(8.56248e-13 -1.17971e-11 0.0515442)
(2.3242e-12 -3.85342e-12 0.0188227)
(-2.01417e-11 1.63341e-11 0.133451)
(-1.84259e-11 1.47173e-11 0.127307)
(-1.64245e-11 1.26829e-11 0.119285)
(-1.38146e-11 1.01885e-11 0.108731)
(-1.10969e-11 7.22977e-12 0.0947663)
(-7.84069e-12 4.00114e-12 0.0762146)
(-4.4946e-12 1.16492e-12 0.0515439)
(-1.06459e-12 -5.72639e-13 0.0188226)
(-5.05828e-11 3.3809e-11 0.190225)
(-4.63274e-11 3.07305e-11 0.181474)
(-4.163e-11 2.68228e-11 0.170142)
(-3.55483e-11 2.19559e-11 0.155354)
(-2.82318e-11 1.61829e-11 0.135887)
(-1.94166e-11 9.73656e-12 0.110013)
(-1.02855e-11 3.47732e-12 0.0752824)
(-1.67306e-12 -5.09737e-13 0.028204)
(-7.80723e-11 1.47038e-11 0.218244)
(-7.2602e-11 1.32758e-11 0.208667)
(-6.54008e-11 1.1332e-11 0.196153)
(-5.61073e-11 8.91441e-12 0.179672)
(-4.44449e-11 5.8429e-12 0.157765)
(-3.03352e-11 2.52935e-12 0.128346)
(-1.50022e-11 -3.75461e-13 0.0883876)
(-2.09828e-12 -1.26808e-12 0.0334567)
(-8.28131e-11 -2.59633e-11 0.218244)
(-7.66089e-11 -2.46005e-11 0.208667)
(-6.9059e-11 -2.2835e-11 0.196153)
(-5.86318e-11 -2.0569e-11 0.179672)
(-4.55249e-11 -1.74752e-11 0.157765)
(-3.05238e-11 -1.37938e-11 0.128346)
(-1.40357e-11 -8.64405e-12 0.0883876)
(-1.70554e-12 -2.74086e-12 0.0334567)
(-6.46036e-11 -4.80422e-11 0.190226)
(-5.88095e-11 -4.4609e-11 0.181474)
(-5.16592e-11 -4.01218e-11 0.170142)
(-4.25402e-11 -3.44156e-11 0.155355)
(-3.18884e-11 -2.73054e-11 0.135888)
(-1.99612e-11 -1.85484e-11 0.110014)
(-8.52093e-12 -9.00524e-12 0.0752826)
(-6.09969e-13 -5.4718e-13 0.028204)
(-2.72951e-11 -5.04802e-11 0.133452)
(-2.38693e-11 -4.79847e-11 0.127308)
(-2.00112e-11 -4.4715e-11 0.119286)
(-1.5065e-11 -4.04332e-11 0.108732)
(-9.21942e-12 -3.41957e-11 0.0947668)
(-2.7426e-12 -2.63682e-11 0.076215)
(2.16419e-12 -1.5749e-11 0.0515442)
(2.40217e-12 -4.00962e-12 0.0188227)
(2.31026e-12 3.35894e-11 0.133451)
(4.33772e-12 3.19089e-11 0.127307)
(6.16825e-12 2.96819e-11 0.119285)
(7.73376e-12 2.68162e-11 0.108731)
(8.97477e-12 2.32149e-11 0.0947663)
(9.79867e-12 1.84298e-11 0.0762146)
(9.23978e-12 1.22672e-11 0.0515439)
(4.12538e-12 4.69767e-12 0.0188226)
(-1.4057e-11 5.08091e-11 0.190225)
(-9.49806e-12 4.93121e-11 0.181474)
(-4.94286e-12 4.71872e-11 0.170142)
(-4.24098e-13 4.41994e-11 0.155354)
(3.83856e-12 4.018e-11 0.135887)
(7.69074e-12 3.42822e-11 0.110013)
(1.05085e-11 2.51019e-11 0.0752824)
(5.74934e-12 1.09288e-11 0.028204)
(-3.48789e-11 4.80484e-11 0.218244)
(-2.86852e-11 4.78272e-11 0.208667)
(-2.17454e-11 4.72011e-11 0.196153)
(-1.53331e-11 4.60214e-11 0.179672)
(-8.38836e-12 4.37023e-11 0.157765)
(-1.10691e-12 3.92989e-11 0.128346)
(5.26664e-12 3.07904e-11 0.0883876)
(3.68313e-12 1.40512e-11 0.0334567)
(-4.25838e-11 3.5518e-11 0.218244)
(-3.7193e-11 3.72455e-11 0.208667)
(-3.12913e-11 3.88873e-11 0.196153)
(-2.51439e-11 4.01365e-11 0.179672)
(-1.88257e-11 4.04673e-11 0.157765)
(-1.12534e-11 3.88519e-11 0.128346)
(-3.78173e-12 3.19068e-11 0.0883876)
(-2.3355e-13 1.51502e-11 0.0334567)
(-3.63953e-11 2.57941e-11 0.190226)
(-3.27772e-11 2.74863e-11 0.181474)
(-2.92936e-11 2.92639e-11 0.170142)
(-2.59194e-11 3.06697e-11 0.155355)
(-2.18366e-11 3.14223e-11 0.135888)
(-1.64172e-11 2.98889e-11 0.110014)
(-1.03131e-11 2.44918e-11 0.0752826)
(-3.29286e-12 1.0596e-11 0.028204)
(-2.76436e-11 2.79679e-11 0.133452)
(-2.59557e-11 2.92278e-11 0.127308)
(-2.41852e-11 3.04122e-11 0.119286)
(-2.2544e-11 3.10422e-11 0.108732)
(-2.08976e-11 2.99004e-11 0.0947668)
(-1.90558e-11 2.71635e-11 0.076215)
(-1.42273e-11 2.07347e-11 0.0515442)
(-5.82674e-12 8.4667e-12 0.0188227)
(2.52037e-11 4.55041e-11 0.133451)
(2.52291e-11 4.40639e-11 0.127307)
(2.46978e-11 4.1869e-11 0.119285)
(2.35676e-11 3.86299e-11 0.108731)
(2.1405e-11 3.39943e-11 0.0947663)
(1.84886e-11 2.73819e-11 0.0762146)
(1.40961e-11 1.81666e-11 0.0515439)
(5.11372e-12 6.51864e-12 0.0188226)
(2.57081e-11 6.02332e-11 0.190225)
(2.57387e-11 5.91645e-11 0.181474)
(2.46083e-11 5.71035e-11 0.170142)
(2.2387e-11 5.36248e-11 0.155354)
(1.96236e-11 4.80157e-11 0.135887)
(1.58525e-11 3.93952e-11 0.110013)
(1.15399e-11 2.64667e-11 0.0752824)
(3.86345e-12 9.36055e-12 0.028204)
(1.20855e-11 5.14849e-11 0.218244)
(1.22491e-11 5.03829e-11 0.208667)
(1.13768e-11 4.84122e-11 0.196153)
(1.01788e-11 4.50578e-11 0.179672)
(8.28233e-12 3.96476e-11 0.157765)
(6.48062e-12 3.16064e-11 0.128346)
(4.28496e-12 1.99229e-11 0.0883876)
(8.26777e-13 5.49497e-12 0.0334567)
(7.10214e-12 4.04871e-11 0.218244)
(6.82736e-12 3.9841e-11 0.208667)
(6.3224e-12 3.83636e-11 0.196153)
(4.89805e-12 3.56197e-11 0.179672)
(2.94659e-12 3.10364e-11 0.157765)
(1.60106e-12 2.3812e-11 0.128346)
(5.00004e-13 1.38598e-11 0.0883876)
(-1.61242e-13 2.865e-12 0.0334567)
(1.36972e-11 3.08803e-11 0.190226)
(1.28565e-11 2.94099e-11 0.181474)
(1.14201e-11 2.71704e-11 0.170142)
(9.17522e-12 2.37465e-11 0.155355)
(6.45156e-12 1.89383e-11 0.135888)
(3.87265e-12 1.24043e-11 0.110014)
(2.83525e-12 4.28057e-12 0.0752826)
(8.61629e-13 -2.29858e-12 0.028204)
(9.2242e-12 4.75345e-11 0.133452)
(8.28736e-12 4.64521e-11 0.127308)
(7.1444e-12 4.46433e-11 0.119286)
(4.75296e-12 4.17685e-11 0.108732)
(1.93038e-12 3.69326e-11 0.0947668)
(-2.26252e-12 2.93574e-11 0.076215)
(-5.12035e-12 1.77434e-11 0.0515442)
(-3.03107e-12 4.43025e-12 0.0188227)
(-4.85004e-11 5.26863e-12 0.133451)
(-4.62845e-11 2.36927e-12 0.127307)
(-4.43042e-11 -1.04506e-12 0.119285)
(-4.1842e-11 -4.90478e-12 0.108731)
(-3.75225e-11 -8.94903e-12 0.0947663)
(-2.79041e-11 -1.30926e-11 0.0762146)
(-1.35594e-11 -1.56415e-11 0.0515439)
(-3.97571e-12 -8.29802e-12 0.0188226)
(-6.15298e-11 -1.01972e-11 0.190225)
(-5.92911e-11 -1.23049e-11 0.181474)
(-5.61891e-11 -1.50964e-11 0.170142)
(-5.19827e-11 -1.8543e-11 0.155354)
(-4.44622e-11 -2.24015e-11 0.135887)
(-2.98226e-11 -2.63077e-11 0.110013)
(-1.09051e-11 -2.70026e-11 0.0752824)
(-1.99666e-12 -1.42251e-11 0.028204)
(-5.72518e-11 -3.21312e-11 0.218244)
(-5.46797e-11 -3.41196e-11 0.208667)
(-5.26547e-11 -3.66308e-11 0.196153)
(-4.83574e-11 -3.94806e-11 0.179672)
(-4.14383e-11 -4.22552e-11 0.157765)
(-2.58905e-11 -4.35107e-11 0.128346)
(-4.68237e-12 -3.88835e-11 0.0883876)
(1.54522e-12 -1.92916e-11 0.0334567)
(-5.79865e-11 -5.92057e-11 0.218244)
(-5.46194e-11 -6.07378e-11 0.208667)
(-5.01588e-11 -6.23504e-11 0.196153)
(-4.37638e-11 -6.3771e-11 0.179672)
(-3.29482e-11 -6.4034e-11 0.157765)
(-1.29978e-11 -6.0329e-11 0.128346)
(9.2014e-12 -4.82953e-11 0.0883876)
(7.92813e-12 -2.16772e-11 0.0334567)
(-3.91403e-11 -8.47049e-11 0.190226)
(-3.5233e-11 -8.59739e-11 0.181474)
(-3.14421e-11 -8.68696e-11 0.170142)
(-2.72127e-11 -8.68836e-11 0.155355)
(-1.81866e-11 -8.41429e-11 0.135888)
(-6.30468e-13 -7.46502e-11 0.110014)
(1.91211e-11 -5.30251e-11 0.0752826)
(1.30066e-11 -2.06949e-11 0.028204)
(-6.22823e-11 -1.0399e-10 0.133452)
(-5.9052e-11 -9.96937e-11 0.127308)
(-5.49823e-11 -9.40037e-11 0.119286)
(-4.74621e-11 -8.62992e-11 0.108732)
(-3.42607e-11 -7.52721e-11 0.0947668)
(-1.08951e-11 -5.69137e-11 0.076215)
(1.59822e-11 -3.04703e-11 0.0515442)
(1.28306e-11 -9.20897e-12 0.0188227)
(-2.67684e-11 2.49364e-11 0.133451)
(-2.42206e-11 2.29114e-11 0.127307)
(-2.09935e-11 2.03298e-11 0.119285)
(-1.73025e-11 1.71386e-11 0.108731)
(-1.29162e-11 1.32888e-11 0.0947663)
(-6.56041e-12 8.68867e-12 0.0762146)
(-3.08059e-13 3.86469e-12 0.0515439)
(1.35777e-12 8.84904e-13 0.0188226)
(-4.19243e-11 9.1222e-12 0.190225)
(-3.87112e-11 8.70987e-12 0.181474)
(-3.5005e-11 8.07229e-12 0.170142)
(-2.97259e-11 7.12724e-12 0.155354)
(-2.30583e-11 6.01478e-12 0.135887)
(-1.40781e-11 4.55361e-12 0.110013)
(-3.03523e-12 2.45708e-12 0.0752824)
(9.21292e-13 1.54723e-12 0.028204)
(-4.89582e-11 -3.21589e-12 0.218244)
(-4.57291e-11 -2.73099e-12 0.208667)
(-4.13194e-11 -2.03428e-12 0.196153)
(-3.55783e-11 -9.61621e-13 0.179672)
(-2.86801e-11 6.98017e-13 0.157765)
(-1.80423e-11 2.97655e-12 0.128346)
(-4.7235e-12 5.13366e-12 0.0883876)
(5.23249e-13 5.02197e-12 0.0334567)
(-4.8866e-11 -2.43545e-11 0.218244)
(-4.56129e-11 -2.28284e-11 0.208667)
(-4.1836e-11 -2.06579e-11 0.196153)
(-3.61683e-11 -1.74449e-11 0.179672)
(-2.98174e-11 -1.2678e-11 0.157765)
(-1.94779e-11 -6.04694e-12 0.128346)
(-6.46105e-12 1.49782e-12 0.0883876)
(-9.36172e-13 4.58419e-12 0.0334567)
(-5.11581e-11 -3.01208e-11 0.190226)
(-4.67083e-11 -2.71871e-11 0.181474)
(-4.15545e-11 -2.31042e-11 0.170142)
(-3.55416e-11 -1.74491e-11 0.155355)
(-2.84748e-11 -1.00115e-11 0.135888)
(-1.89698e-11 -5.54845e-13 0.110014)
(-8.47476e-12 8.79027e-12 0.0752826)
(-2.80442e-12 9.93529e-12 0.028204)
(-3.71269e-11 -7.42974e-11 0.133452)
(-3.32826e-11 -6.94609e-11 0.127308)
(-2.86579e-11 -6.34261e-11 0.119286)
(-2.324e-11 -5.59231e-11 0.108732)
(-1.66494e-11 -4.56192e-11 0.0947668)
(-7.30165e-12 -3.30019e-11 0.076215)
(8.40474e-13 -1.67049e-11 0.0515442)
(1.98731e-12 -2.40634e-12 0.0188227)
(-1.25624e-11 1.89616e-11 0.133451)
(-1.07472e-11 1.75858e-11 0.127307)
(-9.01836e-12 1.57997e-11 0.119285)
(-7.19375e-12 1.3492e-11 0.108731)
(-5.19351e-12 1.06186e-11 0.0947663)
(-2.48004e-12 7.11046e-12 0.0762146)
(1.54766e-13 3.26557e-12 0.0515439)
(6.53586e-13 5.62471e-13 0.0188226)
(-2.3458e-11 1.9371e-11 0.190225)
(-2.07146e-11 1.91e-11 0.181474)
(-1.78445e-11 1.84305e-11 0.170142)
(-1.44288e-11 1.73223e-11 0.155354)
(-1.10315e-11 1.54388e-11 0.135887)
(-5.41643e-12 1.25101e-11 0.110013)
(-2.9777e-13 7.81665e-12 0.0752824)
(1.29913e-12 2.71028e-12 0.028204)
(-2.98689e-11 1.716e-11 0.218244)
(-2.72908e-11 1.78703e-11 0.208667)
(-2.44864e-11 1.8611e-11 0.196153)
(-2.05863e-11 1.90785e-11 0.179672)
(-1.60799e-11 1.90077e-11 0.157765)
(-9.69037e-12 1.77538e-11 0.128346)
(-2.48937e-12 1.38549e-11 0.0883876)
(9.36225e-13 5.80174e-12 0.0334567)
(-3.07629e-11 1.20767e-11 0.218244)
(-2.85268e-11 1.37718e-11 0.208667)
(-2.58996e-11 1.56438e-11 0.196153)
(-2.3151e-11 1.76447e-11 0.179672)
(-1.95016e-11 1.9242e-11 0.157765)
(-1.38084e-11 1.96136e-11 0.128346)
(-7.06105e-12 1.6934e-11 0.0883876)
(-1.09742e-12 7.76624e-12 0.0334567)
(-2.74803e-11 1.34884e-11 0.190226)
(-2.58638e-11 1.48038e-11 0.181474)
(-2.41869e-11 1.63757e-11 0.170142)
(-2.26615e-11 1.81088e-11 0.155355)
(-2.00601e-11 1.95596e-11 0.135888)
(-1.62781e-11 1.95788e-11 0.110014)
(-1.01284e-11 1.68813e-11 0.0752826)
(-3.12707e-12 7.45481e-12 0.028204)
(-2.41477e-11 6.11714e-12 0.133452)
(-2.31742e-11 8.52227e-12 0.127308)
(-2.19478e-11 1.13516e-11 0.119286)
(-2.05217e-11 1.43234e-11 0.108732)
(-1.90664e-11 1.58238e-11 0.0947668)
(-1.73194e-11 1.67706e-11 0.076215)
(-1.20453e-11 1.46269e-11 0.0515442)
(-4.64812e-12 6.64966e-12 0.0188227)
(-2.27596e-11 2.68278e-11 0.133451)
(-2.03372e-11 2.47666e-11 0.127307)
(-1.75296e-11 2.20276e-11 0.119285)
(-1.39142e-11 1.85109e-11 0.108731)
(-1.00933e-11 1.42276e-11 0.0947663)
(-5.32849e-12 9.29117e-12 0.0762146)
(-5.95324e-13 3.81835e-12 0.0515439)
(6.81125e-13 4.57669e-13 0.0188226)
(-3.98754e-11 2.25978e-11 0.190225)
(-3.65822e-11 2.14498e-11 0.181474)
(-3.2445e-11 1.96652e-11 0.170142)
(-2.70256e-11 1.7029e-11 0.155354)
(-2.04775e-11 1.33945e-11 0.135887)
(-1.20408e-11 8.66162e-12 0.110013)
(-3.68835e-12 3.51832e-12 0.0752824)
(4.12663e-13 2.47191e-14 0.028204)
(-5.22922e-11 1.8797e-11 0.218244)
(-4.85783e-11 1.84555e-11 0.208667)
(-4.35643e-11 1.77751e-11 0.196153)
(-3.64216e-11 1.65716e-11 0.179672)
(-2.77789e-11 1.45381e-11 0.157765)
(-1.66431e-11 1.15072e-11 0.128346)
(-5.49724e-12 7.37064e-12 0.0883876)
(6.31638e-13 2.29372e-12 0.0334567)
(-5.63144e-11 6.89522e-12 0.218244)
(-5.25014e-11 7.27058e-12 0.208667)
(-4.71433e-11 7.64778e-12 0.196153)
(-3.99808e-11 7.93353e-12 0.179672)
(-3.147e-11 8.06978e-12 0.157765)
(-1.93721e-11 7.46773e-12 0.128346)
(-7.32162e-12 5.58887e-12 0.0883876)
(-5.13942e-14 1.82177e-12 0.0334567)
(-5.86064e-11 2.77739e-12 0.190226)
(-5.37879e-11 4.06118e-12 0.181474)
(-4.75976e-11 5.6719e-12 0.170142)
(-3.9788e-11 7.46857e-12 0.155355)
(-3.11033e-11 9.16103e-12 0.135888)
(-1.94704e-11 1.08768e-11 0.110014)
(-8.28262e-12 1.07845e-11 0.0752826)
(-1.27615e-12 5.83603e-12 0.028204)
(-3.4906e-11 -2.94481e-11 0.133452)
(-3.14291e-11 -2.72824e-11 0.127308)
(-2.71569e-11 -2.47342e-11 0.119286)
(-2.22758e-11 -2.17828e-11 0.108732)
(-1.60458e-11 -1.71823e-11 0.0947668)
(-7.67634e-12 -1.25976e-11 0.076215)
(-1.42543e-12 -6.63705e-12 0.0515442)
(1.03245e-12 -1.12535e-12 0.0188227)
(-6.90785e-12 9.87923e-12 0.133451)
(-6.02436e-12 9.2237e-12 0.127307)
(-5.04474e-12 8.29649e-12 0.119285)
(-4.21933e-12 7.02321e-12 0.108731)
(-3.26188e-12 5.52422e-12 0.0947663)
(-1.78274e-12 3.66718e-12 0.0762146)
(-6.09525e-13 1.89125e-12 0.0515439)
(-3.40872e-14 2.8082e-13 0.0188226)
(-1.41026e-11 1.95493e-11 0.190225)
(-1.2699e-11 1.89269e-11 0.181474)
(-1.09608e-11 1.78762e-11 0.170142)
(-9.17678e-12 1.62633e-11 0.155354)
(-6.18298e-12 1.39761e-11 0.135887)
(-3.22718e-12 1.09136e-11 0.110013)
(-6.50996e-13 7.01219e-12 0.0752824)
(6.7223e-13 2.34559e-12 0.028204)
(-1.9099e-11 2.46917e-11 0.218244)
(-1.78548e-11 2.44858e-11 0.208667)
(-1.59661e-11 2.39264e-11 0.196153)
(-1.35372e-11 2.28949e-11 0.179672)
(-1.0555e-11 2.10328e-11 0.157765)
(-6.44858e-12 1.77299e-11 0.128346)
(-2.56501e-12 1.28671e-11 0.0883876)
(-1.20677e-14 4.88655e-12 0.0334567)
(-2.00735e-11 2.9864e-11 0.218244)
(-1.90178e-11 3.03783e-11 0.208667)
(-1.76032e-11 3.05723e-11 0.196153)
(-1.55811e-11 3.02168e-11 0.179672)
(-1.31667e-11 2.8729e-11 0.157765)
(-1.01551e-11 2.56132e-11 0.128346)
(-6.03129e-12 1.91872e-11 0.0883876)
(-1.64925e-12 8.21291e-12 0.0334567)
(-1.22649e-11 3.2427e-11 0.190226)
(-1.24884e-11 3.22286e-11 0.181474)
(-1.29461e-11 3.16793e-11 0.170142)
(-1.33718e-11 3.04732e-11 0.155355)
(-1.31121e-11 2.82266e-11 0.135888)
(-1.22746e-11 2.38635e-11 0.110014)
(-1.00359e-11 1.64524e-11 0.0752826)
(-3.3144e-12 5.70038e-12 0.028204)
(-1.02772e-11 4.57928e-11 0.133452)
(-1.09209e-11 4.54713e-11 0.127308)
(-1.1719e-11 4.48877e-11 0.119286)
(-1.29523e-11 4.36169e-11 0.108732)
(-1.42382e-11 3.99555e-11 0.0947668)
(-1.61798e-11 3.44773e-11 0.076215)
(-1.47077e-11 2.39678e-11 0.0515442)
(-6.51153e-12 8.68486e-12 0.0188227)
(-1.84078e-11 1.70993e-11 0.133451)
(-1.69377e-11 1.58413e-11 0.127307)
(-1.50193e-11 1.41098e-11 0.119285)
(-1.2416e-11 1.18989e-11 0.108731)
(-9.26557e-12 9.07416e-12 0.0947663)
(-5.66116e-12 5.86862e-12 0.0762146)
(-2.52234e-12 2.54486e-12 0.0515439)
(8.56451e-15 1.30884e-13 0.0188226)
(-3.33921e-11 2.06434e-11 0.190225)
(-3.14602e-11 1.9333e-11 0.181474)
(-2.83203e-11 1.73552e-11 0.170142)
(-2.40161e-11 1.47192e-11 0.155354)
(-1.86518e-11 1.11671e-11 0.135887)
(-1.2145e-11 7.03338e-12 0.110013)
(-5.8277e-12 2.75693e-12 0.0752824)
(-5.14946e-13 -3.06445e-13 0.028204)
(-4.32608e-11 2.3941e-11 0.218244)
(-4.08277e-11 2.30185e-11 0.208667)
(-3.7057e-11 2.15479e-11 0.196153)
(-3.15076e-11 1.92613e-11 0.179672)
(-2.44834e-11 1.61769e-11 0.157765)
(-1.57248e-11 1.2054e-11 0.128346)
(-6.4569e-12 6.94395e-12 0.0883876)
(-2.29857e-13 1.75045e-12 0.0334567)
(-4.68478e-11 2.32989e-11 0.218244)
(-4.45895e-11 2.29974e-11 0.208667)
(-4.07974e-11 2.2288e-11 0.196153)
(-3.54614e-11 2.10479e-11 0.179672)
(-2.78723e-11 1.87926e-11 0.157765)
(-1.82622e-11 1.54443e-11 0.128346)
(-9.12414e-12 1.04043e-11 0.0883876)
(-9.36329e-13 3.57279e-12 0.0334567)
(-4.46063e-11 2.39077e-11 0.190226)
(-4.21328e-11 2.42198e-11 0.181474)
(-3.86805e-11 2.4295e-11 0.170142)
(-3.36421e-11 2.37958e-11 0.155355)
(-2.68623e-11 2.25208e-11 0.135888)
(-1.93734e-11 1.99729e-11 0.110014)
(-1.03869e-11 1.47714e-11 0.0752826)
(-2.2934e-12 5.63366e-12 0.028204)
(-2.77268e-11 2.54012e-11 0.133452)
(-2.62508e-11 2.51865e-11 0.127308)
(-2.43889e-11 2.45525e-11 0.119286)
(-2.20089e-11 2.3274e-11 0.108732)
(-1.86741e-11 2.18656e-11 0.0947668)
(-1.41999e-11 1.81376e-11 0.076215)
(-1.03405e-11 1.20853e-11 0.0515442)
(-3.5706e-12 4.4938e-12 0.0188227)
(-1.45398e-11 -1.3685e-13 0.133451)
(-1.38945e-11 -4.8045e-13 0.127307)
(-1.27347e-11 -1.0123e-12 0.119285)
(-1.11644e-11 -1.65872e-12 0.108731)
(-9.12966e-12 -2.38239e-12 0.0947663)
(-6.6978e-12 -2.93675e-12 0.0762146)
(-3.52271e-12 -3.01809e-12 0.0515439)
(-9.11064e-13 -1.42761e-12 0.0188226)
(-2.19784e-11 1.2986e-11 0.190225)
(-2.11356e-11 1.19573e-11 0.181474)
(-1.9515e-11 1.04962e-11 0.170142)
(-1.6682e-11 8.55528e-12 0.155354)
(-1.3009e-11 6.20119e-12 0.135887)
(-8.25263e-12 3.45996e-12 0.110013)
(-2.28717e-12 9.73428e-13 0.0752824)
(-1.85419e-14 -1.03821e-13 0.028204)
(-2.54634e-11 2.8745e-11 0.218244)
(-2.42052e-11 2.76605e-11 0.208667)
(-2.15674e-11 2.59868e-11 0.196153)
(-1.76705e-11 2.36775e-11 0.179672)
(-1.27239e-11 2.03722e-11 0.157765)
(-6.98562e-12 1.57624e-11 0.128346)
(-8.76229e-13 9.55253e-12 0.0883876)
(5.21747e-13 2.77803e-12 0.0334567)
(-2.57037e-11 5.55852e-11 0.218244)
(-2.43895e-11 5.55336e-11 0.208667)
(-2.21619e-11 5.46063e-11 0.196153)
(-1.84372e-11 5.21731e-11 0.179672)
(-1.48701e-11 4.7554e-11 0.157765)
(-1.00504e-11 3.99052e-11 0.128346)
(-4.6327e-12 2.7964e-11 0.0883876)
(-8.61955e-13 1.03923e-11 0.0334567)
(-8.40967e-12 6.72688e-11 0.190226)
(-1.08699e-11 6.60075e-11 0.181474)
(-1.3157e-11 6.33301e-11 0.170142)
(-1.43871e-11 5.86703e-11 0.155355)
(-1.54736e-11 5.12912e-11 0.135888)
(-1.40493e-11 4.00198e-11 0.110014)
(-1.05125e-11 2.40197e-11 0.0752826)
(-3.06251e-12 4.73209e-12 0.028204)
(-1.22923e-11 1.32897e-10 0.133452)
(-1.48742e-11 1.28535e-10 0.127308)
(-1.73815e-11 1.22497e-10 0.119286)
(-2.00939e-11 1.14132e-10 0.108732)
(-2.28792e-11 1.01553e-10 0.0947668)
(-2.69186e-11 8.24647e-11 0.076215)
(-2.63085e-11 5.28624e-11 0.0515442)
(-1.25574e-11 1.67613e-11 0.0188227)
(9.50253e-12 4.79381e-12 0.133451)
(9.64937e-12 4.78661e-12 0.127307)
(9.67003e-12 4.69824e-12 0.119285)
(9.37116e-12 4.62445e-12 0.108731)
(8.53534e-12 4.56167e-12 0.0947663)
(7.02407e-12 4.24479e-12 0.0762146)
(4.42048e-12 3.70619e-12 0.0515439)
(1.37827e-12 1.82356e-12 0.0188226)
(4.324e-12 -4.95072e-12 0.190225)
(4.4331e-12 -4.97929e-12 0.181474)
(5.251e-12 -5.05587e-12 0.170142)
(5.40227e-12 -5.12359e-12 0.155354)
(4.80251e-12 -5.08634e-12 0.135887)
(3.66984e-12 -4.52177e-12 0.110013)
(1.73004e-12 -3.39762e-12 0.0752824)
(1.85885e-13 -1.19149e-12 0.028204)
(1.0109e-12 -1.74471e-11 0.218244)
(1.80345e-12 -1.81947e-11 0.208667)
(2.23288e-12 -1.9145e-11 0.196153)
(2.7729e-12 -2.02359e-11 0.179672)
(3.13226e-12 -2.10023e-11 0.157765)
(2.29629e-12 -2.07452e-11 0.128346)
(9.4728e-13 -1.73014e-11 0.0883876)
(1.05049e-13 -8.01252e-12 0.0334567)
(3.2196e-12 -3.3345e-11 0.218244)
(4.22504e-12 -3.5005e-11 0.208667)
(5.27661e-12 -3.69967e-11 0.196153)
(5.9864e-12 -3.92007e-11 0.179672)
(7.14744e-12 -4.08062e-11 0.157765)
(7.94644e-12 -4.07282e-11 0.128346)
(7.61299e-12 -3.43477e-11 0.0883876)
(3.24944e-12 -1.64924e-11 0.0334567)
(5.85012e-12 -4.95216e-11 0.190226)
(7.45081e-12 -5.05568e-11 0.181474)
(9.147e-12 -5.15546e-11 0.170142)
(1.06512e-11 -5.24238e-11 0.155355)
(1.32324e-11 -5.27566e-11 0.135888)
(1.59407e-11 -4.89123e-11 0.110014)
(1.81824e-11 -3.75603e-11 0.0752826)
(8.42514e-12 -1.56218e-11 0.028204)
(1.05011e-11 -7.65147e-11 0.133452)
(1.19759e-11 -7.54061e-11 0.127308)
(1.29252e-11 -7.38621e-11 0.119286)
(1.21992e-11 -7.17416e-11 0.108732)
(1.40739e-11 -6.66456e-11 0.0947668)
(2.17742e-11 -5.62429e-11 0.076215)
(2.44063e-11 -3.86027e-11 0.0515442)
(1.23561e-11 -1.45722e-11 0.0188227)
(8.15778e-12 3.60479e-11 0.133451)
(8.54995e-12 3.48482e-11 0.127307)
(8.98737e-12 3.31031e-11 0.119285)
(9.39237e-12 3.05925e-11 0.108731)
(9.91846e-12 2.70413e-11 0.0947663)
(9.90497e-12 2.17659e-11 0.0762146)
(8.8498e-12 1.47118e-11 0.0515439)
(3.8504e-12 5.33883e-12 0.0188226)
(4.9914e-12 5.40373e-11 0.190225)
(5.09201e-12 5.34917e-11 0.181474)
(5.29257e-12 5.23818e-11 0.170142)
(6.4885e-12 5.03228e-11 0.155354)
(7.58964e-12 4.67664e-11 0.135887)
(8.51199e-12 4.06304e-11 0.110013)
(9.2603e-12 3.00582e-11 0.0752824)
(4.47679e-12 1.2748e-11 0.028204)
(-6.95982e-12 6.94603e-11 0.218244)
(-6.89668e-12 6.92567e-11 0.208667)
(-6.12711e-12 6.85941e-11 0.196153)
(-4.7921e-12 6.72495e-11 0.179672)
(-3.09372e-12 6.43205e-11 0.157765)
(-6.05229e-13 5.85222e-11 0.128346)
(2.14675e-12 4.63322e-11 0.0883876)
(1.36714e-12 2.13579e-11 0.0334567)
(-2.28382e-11 8.92521e-11 0.218244)
(-2.3504e-11 8.94228e-11 0.208667)
(-2.34514e-11 8.90975e-11 0.196153)
(-2.2677e-11 8.78355e-11 0.179672)
(-2.18551e-11 8.47543e-11 0.157765)
(-1.80324e-11 7.80337e-11 0.128346)
(-1.21642e-11 6.29709e-11 0.0883876)
(-5.17289e-12 2.9858e-11 0.0334567)
(-4.1503e-11 1.11541e-10 0.190226)
(-4.31401e-11 1.11199e-10 0.181474)
(-4.43145e-11 1.0996e-10 0.170142)
(-4.45657e-11 1.07109e-10 0.155355)
(-4.39196e-11 1.0141e-10 0.135888)
(-4.03957e-11 9.01749e-11 0.110014)
(-3.12092e-11 6.89806e-11 0.0752826)
(-1.302e-11 2.91384e-11 0.028204)
(-6.2882e-11 1.55466e-10 0.133452)
(-6.42092e-11 1.52502e-10 0.127308)
(-6.51257e-11 1.48003e-10 0.119286)
(-6.52995e-11 1.41093e-10 0.108732)
(-6.44742e-11 1.29531e-10 0.0947668)
(-6.1674e-11 1.10487e-10 0.076215)
(-5.0153e-11 7.84132e-11 0.0515442)
(-2.18778e-11 2.98743e-11 0.0188227)
(-1.21158e-11 4.03097e-12 0.133451)
(-1.11765e-11 2.67257e-12 0.127307)
(-1.02492e-11 1.14853e-12 0.119285)
(-9.01023e-12 -5.84336e-13 0.108731)
(-7.72849e-12 -2.28538e-12 0.0947663)
(-5.78932e-12 -3.79381e-12 0.0762146)
(-3.19089e-12 -4.606e-12 0.0515439)
(-1.31675e-12 -2.50996e-12 0.0188226)
(-1.13261e-11 1.10737e-11 0.190225)
(-1.01703e-11 9.50318e-12 0.181474)
(-8.64962e-12 7.44538e-12 0.170142)
(-7.07233e-12 4.77807e-12 0.155354)
(-5.44034e-12 1.63709e-12 0.135887)
(-3.67975e-12 -2.14502e-12 0.110013)
(-1.03471e-12 -5.18237e-12 0.0752824)
(-4.46248e-13 -4.22031e-12 0.028204)
(-1.28602e-11 1.97928e-11 0.218244)
(-1.1222e-11 1.7914e-11 0.208667)
(-8.6529e-12 1.53391e-11 0.196153)
(-6.10446e-12 1.17182e-11 0.179672)
(-3.32038e-12 6.89816e-12 0.157765)
(-1.19746e-12 9.68545e-13 0.128346)
(1.4892e-12 -5.18564e-12 0.0883876)
(6.1868e-13 -6.25335e-12 0.0334567)
(-1.41222e-11 2.40351e-11 0.218244)
(-1.20504e-11 2.18855e-11 0.208667)
(-9.3763e-12 1.87788e-11 0.196153)
(-6.5291e-12 1.43484e-11 0.179672)
(-3.19326e-12 8.33701e-12 0.157765)
(3.998e-13 5.27115e-13 0.128346)
(3.15384e-12 -6.98772e-12 0.0883876)
(2.45572e-12 -8.5402e-12 0.0334567)
(-1.25692e-11 2.01911e-11 0.190226)
(-1.0109e-11 1.76748e-11 0.181474)
(-7.191e-12 1.42192e-11 0.170142)
(-4.0063e-12 9.44392e-12 0.155355)
(-5.8863e-13 3.38886e-12 0.135888)
(4.1244e-12 -3.59795e-12 0.110014)
(7.175e-12 -9.57306e-12 0.0752826)
(5.01614e-12 -8.93369e-12 0.028204)
(8.80576e-13 6.25083e-13 0.133452)
(2.16513e-12 -7.80834e-13 0.127308)
(3.66273e-12 -2.62771e-12 0.119286)
(5.32805e-12 -5.0511e-12 0.108732)
(7.3234e-12 -7.81143e-12 0.0947668)
(9.05256e-12 -1.04001e-11 0.076215)
(9.65535e-12 -1.11194e-11 0.0515442)
(5.66777e-12 -6.94982e-12 0.0188227)
(-3.02141e-12 1.5437e-11 0.133451)
(-2.34324e-12 1.41468e-11 0.127307)
(-1.66464e-12 1.26063e-11 0.119285)
(-5.6634e-13 1.08095e-11 0.108731)
(3.7127e-13 8.76713e-12 0.0947663)
(1.74666e-12 6.28475e-12 0.0762146)
(3.27641e-12 3.32405e-12 0.0515439)
(1.62191e-12 1.13523e-12 0.0188226)
(-4.32834e-12 2.19419e-14 0.190225)
(-3.91613e-12 -6.40364e-13 0.181474)
(-3.23478e-12 -1.45117e-12 0.170142)
(-2.43547e-12 -2.38845e-12 0.155354)
(-1.47878e-12 -3.23072e-12 0.135887)
(1.97814e-14 -3.98439e-12 0.110013)
(2.21631e-12 -3.96405e-12 0.0752824)
(8.83964e-13 -1.71786e-12 0.028204)
(-3.94403e-12 -8.61381e-12 0.218244)
(-3.26655e-12 -9.92368e-12 0.208667)
(-2.29264e-12 -1.13649e-11 0.196153)
(-9.75297e-13 -1.28796e-11 0.179672)
(5.9509e-13 -1.41335e-11 0.157765)
(2.10953e-12 -1.43742e-11 0.128346)
(3.95324e-12 -1.22935e-11 0.0883876)
(1.26965e-12 -5.28391e-12 0.0334567)
(-1.11945e-13 -1.70013e-11 0.218244)
(9.03351e-13 -1.86686e-11 0.208667)
(2.08556e-12 -2.0502e-11 0.196153)
(3.85288e-12 -2.22383e-11 0.179672)
(5.79667e-12 -2.33344e-11 0.157765)
(7.26495e-12 -2.27724e-11 0.128346)
(8.37412e-12 -1.84495e-11 0.0883876)
(3.02212e-12 -8.07379e-12 0.0334567)
(6.45184e-12 -2.60249e-11 0.190226)
(7.7298e-12 -2.74808e-11 0.181474)
(9.57587e-12 -2.87373e-11 0.170142)
(1.13809e-11 -2.94453e-11 0.155355)
(1.27776e-11 -2.89831e-11 0.135888)
(1.41711e-11 -2.62057e-11 0.110014)
(1.26653e-11 -1.97477e-11 0.0752826)
(5.07739e-12 -8.30723e-12 0.028204)
(6.78605e-12 -3.25568e-11 0.133452)
(7.67586e-12 -3.14295e-11 0.127308)
(8.91091e-12 -2.97212e-11 0.119286)
(1.02471e-11 -2.73488e-11 0.108732)
(1.1106e-11 -2.39379e-11 0.0947668)
(1.16472e-11 -1.88638e-11 0.076215)
(1.03062e-11 -1.2097e-11 0.0515442)
(4.25457e-12 -4.24144e-12 0.0188227)
(-1.84991e-12 6.59783e-12 0.133451)
(-1.50996e-12 5.98965e-12 0.127307)
(-1.25859e-12 5.25298e-12 0.119285)
(-1.10821e-12 4.36788e-12 0.108731)
(-8.73976e-13 3.40432e-12 0.0947663)
(-4.49941e-13 2.11342e-12 0.0762146)
(5.35038e-13 6.09012e-13 0.0515439)
(1.88988e-13 2.73476e-14 0.0188226)
(1.7425e-13 9.45129e-12 0.190225)
(3.27049e-13 9.16184e-12 0.181474)
(2.60814e-14 8.76604e-12 0.170142)
(-7.56429e-14 8.29608e-12 0.155354)
(-7.02618e-14 7.5595e-12 0.135887)
(-3.31773e-14 6.4964e-12 0.110013)
(1.04599e-12 4.49538e-12 0.0752824)
(6.07323e-13 1.86572e-12 0.028204)
(1.62689e-13 1.12809e-11 0.218244)
(4.09481e-13 1.10657e-11 0.208667)
(-7.44708e-14 1.08937e-11 0.196153)
(-5.49474e-13 1.07779e-11 0.179672)
(-7.93363e-13 1.05693e-11 0.157765)
(-6.43728e-13 1.00617e-11 0.128346)
(-4.20614e-13 8.39116e-12 0.0883876)
(-1.11766e-13 4.15157e-12 0.0334567)
(1.31866e-12 1.21939e-11 0.218244)
(1.20622e-12 1.22435e-11 0.208667)
(7.72465e-13 1.23603e-11 0.196153)
(-2.87378e-13 1.24267e-11 0.179672)
(-1.29164e-12 1.25395e-11 0.157765)
(-2.84943e-12 1.24034e-11 0.128346)
(-2.47633e-12 1.113e-11 0.0883876)
(-1.41967e-12 5.8006e-12 0.0334567)
(1.18997e-12 1.31213e-11 0.190226)
(6.87769e-13 1.31593e-11 0.181474)
(-7.32413e-13 1.31739e-11 0.170142)
(-2.6413e-12 1.31917e-11 0.155355)
(-4.31108e-12 1.32061e-11 0.135888)
(-5.5606e-12 1.27999e-11 0.110014)
(-5.38031e-12 1.11317e-11 0.0752826)
(-2.92648e-12 5.68946e-12 0.028204)
(-2.8612e-12 8.78383e-12 0.133452)
(-3.03742e-12 8.88298e-12 0.127308)
(-3.63651e-12 8.91718e-12 0.119286)
(-4.7721e-12 8.82096e-12 0.108732)
(-5.41612e-12 8.56278e-12 0.0947668)
(-5.85421e-12 7.77865e-12 0.076215)
(-5.33824e-12 6.06995e-12 0.0515442)
(-2.57636e-12 2.91029e-12 0.0188227)
(-9.35249e-12 1.42237e-11 0.133451)
(-8.49882e-12 1.2914e-11 0.127307)
(-7.26954e-12 1.13391e-11 0.119285)
(-5.87608e-12 9.39875e-12 0.108731)
(-4.24941e-12 7.18608e-12 0.0947663)
(-2.31391e-12 4.71367e-12 0.0762146)
(-4.20654e-14 2.10066e-12 0.0515439)
(2.31177e-13 2.31637e-13 0.0188226)
(-1.57544e-11 4.23021e-12 0.190225)
(-1.51752e-11 3.44036e-12 0.181474)
(-1.36175e-11 2.44254e-12 0.170142)
(-1.18636e-11 1.27374e-12 0.155354)
(-9.49726e-12 -1.41739e-13 0.135887)
(-6.06183e-12 -1.69658e-12 0.110013)
(-3.1449e-12 -2.79663e-12 0.0752824)
(-3.73409e-13 -2.0096e-12 0.028204)
(-1.83756e-11 -2.85662e-12 0.218244)
(-1.74277e-11 -3.47917e-12 0.208667)
(-1.60142e-11 -4.15127e-12 0.196153)
(-1.32895e-11 -4.80793e-12 0.179672)
(-1.01614e-11 -5.61614e-12 0.157765)
(-5.73846e-12 -5.99826e-12 0.128346)
(-2.58897e-12 -5.77293e-12 0.0883876)
(9.77771e-14 -3.18788e-12 0.0334567)
(-1.674e-11 -1.07739e-11 0.218244)
(-1.5685e-11 -1.10178e-11 0.208667)
(-1.39283e-11 -1.1142e-11 0.196153)
(-1.13526e-11 -1.10925e-11 0.179672)
(-8.13223e-12 -1.0683e-11 0.157765)
(-4.19786e-12 -9.88806e-12 0.128346)
(-3.67833e-13 -7.99047e-12 0.0883876)
(1.3279e-12 -3.97661e-12 0.0334567)
(-1.12825e-11 -1.56941e-11 0.190226)
(-1.03826e-11 -1.55062e-11 0.181474)
(-8.48057e-12 -1.51012e-11 0.170142)
(-6.06771e-12 -1.42966e-11 0.155355)
(-3.54009e-12 -1.30701e-11 0.135888)
(-4.91606e-13 -1.11497e-11 0.110014)
(2.25004e-12 -8.05284e-12 0.0752826)
(2.10268e-12 -3.65413e-12 0.028204)
(-6.28786e-12 -1.53502e-11 0.133452)
(-5.41291e-12 -1.43309e-11 0.127308)
(-3.88891e-12 -1.30136e-11 0.119286)
(-2.42297e-12 -1.1453e-11 0.108732)
(-6.91255e-13 -9.54408e-12 0.0947668)
(1.16776e-12 -7.2638e-12 0.076215)
(2.59683e-12 -4.21014e-12 0.0515442)
(1.48373e-12 -1.54897e-12 0.0188227)
(-4.13425e-12 1.38459e-12 0.133451)
(-3.79092e-12 1.21028e-12 0.127307)
(-3.3984e-12 9.76998e-13 0.119285)
(-3.17933e-12 6.65672e-13 0.108731)
(-2.93676e-12 3.10721e-13 0.0947663)
(-2.46551e-12 -5.04155e-14 0.0762146)
(-1.33345e-12 -3.86725e-13 0.0515439)
(-5.46887e-13 -3.16713e-13 0.0188226)
(-5.69008e-12 9.97809e-12 0.190225)
(-5.3958e-12 9.56351e-12 0.181474)
(-5.0341e-12 9.10369e-12 0.170142)
(-4.01717e-12 8.44258e-12 0.155354)
(-3.56848e-12 7.5237e-12 0.135887)
(-2.7511e-12 6.34281e-12 0.110013)
(-1.13554e-12 4.43547e-12 0.0752824)
(-1.26046e-13 1.80645e-12 0.028204)
(-6.45253e-12 1.7612e-11 0.218244)
(-6.13619e-12 1.75622e-11 0.208667)
(-5.96021e-12 1.74431e-11 0.196153)
(-5.34925e-12 1.70747e-11 0.179672)
(-4.58116e-12 1.64326e-11 0.157765)
(-3.87917e-12 1.49751e-11 0.128346)
(-2.33968e-12 1.16939e-11 0.0883876)
(-4.38814e-13 5.19664e-12 0.0334567)
(-6.44541e-12 2.43699e-11 0.218244)
(-6.51698e-12 2.49688e-11 0.208667)
(-6.50501e-12 2.54106e-11 0.196153)
(-6.87533e-12 2.54879e-11 0.179672)
(-6.95226e-12 2.49043e-11 0.157765)
(-7.02572e-12 2.28849e-11 0.128346)
(-5.9156e-12 1.82629e-11 0.0883876)
(-2.53172e-12 8.24892e-12 0.0334567)
(-5.7017e-12 2.83856e-11 0.190226)
(-6.39699e-12 2.89265e-11 0.181474)
(-7.92313e-12 2.91014e-11 0.170142)
(-9.84089e-12 2.86803e-11 0.155355)
(-1.09186e-11 2.73935e-11 0.135888)
(-1.22284e-11 2.43327e-11 0.110014)
(-1.08042e-11 1.82684e-11 0.0752826)
(-4.71618e-12 8.07166e-12 0.028204)
(-3.95414e-12 2.79631e-11 0.133452)
(-4.59723e-12 2.6961e-11 0.127308)
(-5.83805e-12 2.54383e-11 0.119286)
(-7.19951e-12 2.32233e-11 0.108732)
(-8.22625e-12 2.02007e-11 0.0947668)
(-9.32334e-12 1.60687e-11 0.076215)
(-8.58985e-12 1.06054e-11 0.0515442)
(-3.95049e-12 3.97017e-12 0.0188227)
(-3.69909e-12 6.54807e-12 0.133451)
(-3.40057e-12 6.1976e-12 0.127307)
(-2.89878e-12 5.62614e-12 0.119285)
(-2.35561e-12 4.79741e-12 0.108731)
(-1.40245e-12 3.76387e-12 0.0947663)
(-9.59618e-13 2.53568e-12 0.0762146)
(-1.37574e-14 1.32829e-12 0.0515439)
(-1.36264e-13 1.22186e-13 0.0188226)
(-1.10366e-11 -2.06629e-12 0.190225)
(-1.04887e-11 -2.51529e-12 0.181474)
(-9.713e-12 -3.10335e-12 0.170142)
(-8.36871e-12 -3.86735e-12 0.155354)
(-7.00831e-12 -4.57419e-12 0.135887)
(-5.37978e-12 -5.3265e-12 0.110013)
(-3.95231e-12 -4.91098e-12 0.0752824)
(-1.06151e-12 -2.83686e-12 0.028204)
(-1.19883e-11 -8.00858e-12 0.218244)
(-1.14803e-11 -8.50326e-12 0.208667)
(-1.03814e-11 -9.19653e-12 0.196153)
(-8.81505e-12 -9.94056e-12 0.179672)
(-7.18206e-12 -1.0741e-11 0.157765)
(-4.70322e-12 -1.11166e-11 0.128346)
(-2.87724e-12 -1.01185e-11 0.0883876)
(-4.10943e-13 -5.36758e-12 0.0334567)
(-9.19908e-12 -1.32716e-11 0.218244)
(-8.77541e-12 -1.35975e-11 0.208667)
(-7.56413e-12 -1.40266e-11 0.196153)
(-5.68111e-12 -1.4574e-11 0.179672)
(-3.6125e-12 -1.50445e-11 0.157765)
(-7.63235e-13 -1.48477e-11 0.128346)
(8.60578e-13 -1.31746e-11 0.0883876)
(1.28656e-12 -6.96716e-12 0.0334567)
(-2.30394e-12 -1.79837e-11 0.190226)
(-1.75593e-12 -1.79198e-11 0.181474)
(-3.28537e-13 -1.78672e-11 0.170142)
(1.10174e-12 -1.7758e-11 0.155355)
(3.19142e-12 -1.75324e-11 0.135888)
(4.4144e-12 -1.64863e-11 0.110014)
(5.39976e-12 -1.39341e-11 0.0752826)
(2.96703e-12 -6.79568e-12 0.028204)
(4.44847e-12 -1.45477e-11 0.133452)
(4.58806e-12 -1.42121e-11 0.127308)
(5.16479e-12 -1.38127e-11 0.119286)
(5.80794e-12 -1.33048e-11 0.108732)
(6.3794e-12 -1.23784e-11 0.0947668)
(6.77722e-12 -1.08592e-11 0.076215)
(5.83308e-12 -8.22184e-12 0.0515442)
(2.71396e-12 -3.57656e-12 0.0188227)
(3.16603e-13 -5.86317e-12 0.133451)
(4.09553e-14 -5.24228e-12 0.127307)
(-3.20948e-13 -4.59229e-12 0.119285)
(-6.66085e-13 -3.96357e-12 0.108731)
(-9.95964e-13 -3.26092e-12 0.0947663)
(-1.35807e-12 -2.50077e-12 0.0762146)
(-1.91838e-12 -1.35492e-12 0.0515439)
(-8.05736e-13 -5.54735e-13 0.0188226)
(-1.29982e-13 4.76074e-12 0.190225)
(-1.17217e-13 4.86521e-12 0.181474)
(-4.75411e-13 4.89124e-12 0.170142)
(-6.47397e-13 4.88205e-12 0.155354)
(-4.40165e-13 4.61238e-12 0.135887)
(-1.01772e-12 4.38063e-12 0.110013)
(-9.61646e-13 3.57256e-12 0.0752824)
(-1.47015e-13 1.6939e-12 0.028204)
(-7.54758e-14 1.39724e-11 0.218244)
(-1.01221e-13 1.42738e-11 0.208667)
(-2.85472e-13 1.45028e-11 0.196153)
(-7.89745e-13 1.45972e-11 0.179672)
(-5.69502e-13 1.42934e-11 0.157765)
(-1.5416e-12 1.34418e-11 0.128346)
(-1.78561e-12 1.09256e-11 0.0883876)
(-8.97431e-13 5.16181e-12 0.0334567)
(1.23853e-13 2.38894e-11 0.218244)
(-1.32864e-13 2.4782e-11 0.208667)
(-1.01705e-12 2.54646e-11 0.196153)
(-1.68355e-12 2.56596e-11 0.179672)
(-2.59564e-12 2.51653e-11 0.157765)
(-4.59031e-12 2.32889e-11 0.128346)
(-5.77593e-12 1.85871e-11 0.0883876)
(-2.70374e-12 8.77702e-12 0.0334567)
(2.12929e-13 2.97371e-11 0.190226)
(-7.97691e-13 3.04872e-11 0.181474)
(-3.3672e-12 3.07702e-11 0.170142)
(-5.86802e-12 3.03283e-11 0.155355)
(-8.09285e-12 2.88319e-11 0.135888)
(-1.10124e-11 2.54542e-11 0.110014)
(-1.14085e-11 1.91896e-11 0.0752826)
(-5.25994e-12 8.63786e-12 0.028204)
(4.4841e-13 3.26917e-11 0.133452)
(-8.37583e-13 3.13108e-11 0.127308)
(-2.64042e-12 2.93156e-11 0.119286)
(-4.68232e-12 2.65035e-11 0.108732)
(-6.56914e-12 2.28726e-11 0.0947668)
(-8.43718e-12 1.78198e-11 0.076215)
(-9.34837e-12 1.15231e-11 0.0515442)
(-4.2941e-12 4.33799e-12 0.0188227)
(-9.10683e-12 -2.27278e-12 0.133451)
(-8.82018e-12 -2.19174e-12 0.127307)
(-8.1047e-12 -2.14976e-12 0.119285)
(-7.03003e-12 -2.25084e-12 0.108731)
(-5.57977e-12 -2.3158e-12 0.0947663)
(-4.73292e-12 -2.19387e-12 0.0762146)
(-2.97054e-12 -1.66851e-12 0.0515439)
(-1.00792e-12 -9.33568e-13 0.0188226)
(-1.65743e-11 -4.38337e-12 0.190225)
(-1.58419e-11 -4.57901e-12 0.181474)
(-1.47618e-11 -4.93453e-12 0.170142)
(-1.27064e-11 -5.35034e-12 0.155354)
(-1.0468e-11 -5.87762e-12 0.135887)
(-8.06196e-12 -6.09579e-12 0.110013)
(-5.12784e-12 -5.23676e-12 0.0752824)
(-1.23942e-12 -2.87827e-12 0.028204)
(-1.73234e-11 -4.58557e-12 0.218244)
(-1.69112e-11 -4.76783e-12 0.208667)
(-1.54457e-11 -5.13858e-12 0.196153)
(-1.32049e-11 -5.63912e-12 0.179672)
(-1.02287e-11 -6.30789e-12 0.157765)
(-7.27051e-12 -6.77758e-12 0.128346)
(-3.81683e-12 -6.41715e-12 0.0883876)
(-7.01075e-13 -3.74763e-12 0.0334567)
(-1.59173e-11 -3.81726e-12 0.218244)
(-1.54793e-11 -3.85992e-12 0.208667)
(-1.40573e-11 -3.9712e-12 0.196153)
(-1.14572e-11 -4.3219e-12 0.179672)
(-8.34365e-12 -4.89514e-12 0.157765)
(-5.3626e-12 -5.6244e-12 0.128346)
(-2.33125e-12 -5.78682e-12 0.0883876)
(5.56939e-13 -3.60204e-12 0.0334567)
(-1.16777e-11 -3.91957e-12 0.190226)
(-1.09446e-11 -3.5688e-12 0.181474)
(-9.60872e-12 -3.40919e-12 0.170142)
(-7.98416e-12 -3.53117e-12 0.155355)
(-4.83874e-12 -3.86254e-12 0.135888)
(-2.19451e-12 -4.43491e-12 0.110014)
(-5.09269e-13 -4.38637e-12 0.0752826)
(1.18569e-12 -2.95e-12 0.028204)
(-3.55878e-12 2.83996e-12 0.133452)
(-3.45711e-12 2.51634e-12 0.127308)
(-3.05437e-12 1.96165e-12 0.119286)
(-2.29093e-12 1.27156e-12 0.108732)
(-1.18437e-12 3.14704e-13 0.0947668)
(-2.26872e-13 -7.70603e-13 0.076215)
(3.39667e-13 -1.50418e-12 0.0515442)
(5.07834e-13 -1.00301e-12 0.0188227)
(4.2362e-12 -7.77225e-12 0.133451)
(3.98533e-12 -6.68585e-12 0.127307)
(3.35949e-12 -5.43579e-12 0.119285)
(2.81694e-12 -4.07898e-12 0.108731)
(2.12077e-12 -2.54272e-12 0.0947663)
(1.0351e-12 -1.00401e-12 0.0762146)
(9.14124e-14 3.97034e-13 0.0515439)
(-9.0968e-14 5.83262e-13 0.0188226)
(2.38079e-12 4.51909e-12 0.190225)
(2.44042e-12 4.87569e-12 0.181474)
(2.34992e-12 5.26564e-12 0.170142)
(2.27689e-12 5.68124e-12 0.155354)
(2.33201e-12 6.05071e-12 0.135887)
(1.64229e-12 6.36145e-12 0.110013)
(-3.07398e-13 5.88661e-12 0.0752824)
(3.40037e-13 3.10618e-12 0.028204)
(1.38071e-12 1.54091e-11 0.218244)
(1.197e-12 1.58477e-11 0.208667)
(8.97022e-13 1.61464e-11 0.196153)
(1.11952e-12 1.62958e-11 0.179672)
(8.2888e-13 1.60549e-11 0.157765)
(-5.02556e-13 1.50903e-11 0.128346)
(-1.77725e-12 1.23705e-11 0.0883876)
(-5.53222e-13 5.8551e-12 0.0334567)
(-8.33458e-13 2.7403e-11 0.218244)
(-9.11172e-13 2.81173e-11 0.208667)
(-9.79345e-13 2.85631e-11 0.196153)
(-1.56191e-12 2.84231e-11 0.179672)
(-2.59935e-12 2.72454e-11 0.157765)
(-3.95558e-12 2.44537e-11 0.128346)
(-5.74501e-12 1.89121e-11 0.0883876)
(-2.58287e-12 8.51663e-12 0.0334567)
(-2.54263e-12 3.40406e-11 0.190226)
(-3.36526e-12 3.44738e-11 0.181474)
(-5.19252e-12 3.42893e-11 0.170142)
(-6.99306e-12 3.32084e-11 0.155355)
(-8.81187e-12 3.08853e-11 0.135888)
(-1.08333e-11 2.64668e-11 0.110014)
(-1.06997e-11 1.91705e-11 0.0752826)
(-4.94172e-12 8.032e-12 0.028204)
(-4.3304e-13 3.46819e-11 0.133452)
(-1.40248e-12 3.29268e-11 0.127308)
(-3.17197e-12 3.04575e-11 0.119286)
(-4.84392e-12 2.71707e-11 0.108732)
(-6.37093e-12 2.28644e-11 0.0947668)
(-8.13637e-12 1.74369e-11 0.076215)
(-8.63476e-12 1.06154e-11 0.0515442)
(-3.80601e-12 3.77376e-12 0.0188227)
(2.18904e-11 1.89678e-11 0.133451)
(2.12182e-11 1.91599e-11 0.127307)
(2.0533e-11 1.91609e-11 0.119285)
(1.92354e-11 1.88275e-11 0.108731)
(1.76401e-11 1.78376e-11 0.0947663)
(1.4845e-11 1.57386e-11 0.0762146)
(1.06937e-11 1.18802e-11 0.0515439)
(3.83543e-12 4.98333e-12 0.0188226)
(2.39888e-11 2.04727e-11 0.190225)
(2.3299e-11 2.09655e-11 0.181474)
(2.22809e-11 2.1266e-11 0.170142)
(2.06459e-11 2.12184e-11 0.155354)
(1.84429e-11 2.04791e-11 0.135887)
(1.46179e-11 1.8512e-11 0.110013)
(9.38922e-12 1.44128e-11 0.0752824)
(2.93817e-12 6.24082e-12 0.028204)
(1.96461e-11 1.56187e-11 0.218244)
(1.89242e-11 1.54843e-11 0.208667)
(1.76937e-11 1.50648e-11 0.196153)
(1.60096e-11 1.42047e-11 0.179672)
(1.36506e-11 1.27563e-11 0.157765)
(1.00669e-11 1.0404e-11 0.128346)
(5.55885e-12 6.6106e-12 0.0883876)
(1.34127e-12 2.02369e-12 0.0334567)
(1.54252e-11 1.30137e-11 0.218244)
(1.48415e-11 1.20824e-11 0.208667)
(1.41172e-11 1.07369e-11 0.196153)
(1.23952e-11 8.73546e-12 0.179672)
(1.07982e-11 6.12068e-12 0.157765)
(8.503e-12 2.9044e-12 0.128346)
(5.27009e-12 -4.58471e-13 0.0883876)
(1.15857e-12 -1.85951e-12 0.0334567)
(1.19758e-11 7.33504e-12 0.190226)
(1.19761e-11 6.10902e-12 0.181474)
(1.19566e-11 4.33665e-12 0.170142)
(1.13842e-11 2.18541e-12 0.155355)
(1.1134e-11 -5.87661e-13 0.135888)
(9.30868e-12 -3.59623e-12 0.110014)
(7.33483e-12 -5.98904e-12 0.0752826)
(2.73586e-12 -4.66278e-12 0.028204)
(9.54384e-12 9.3895e-12 0.133452)
(9.02982e-12 8.17462e-12 0.127308)
(8.73624e-12 6.56198e-12 0.119286)
(8.36138e-12 4.53611e-12 0.108732)
(7.67474e-12 2.21034e-12 0.0947668)
(6.51978e-12 -2.83954e-13 0.076215)
(4.74423e-12 -2.08482e-12 0.0515442)
(1.86126e-12 -1.97208e-12 0.0188227)
(2.20223e-11 5.52173e-12 0.133451)
(2.07112e-11 5.5104e-12 0.127307)
(1.92117e-11 5.46703e-12 0.119285)
(1.67506e-11 5.32879e-12 0.108731)
(1.36013e-11 5.06535e-12 0.0947663)
(9.83895e-12 4.36653e-12 0.0762146)
(5.54132e-12 3.36086e-12 0.0515439)
(1.13902e-12 1.29684e-12 0.0188226)
(3.68693e-11 7.12615e-12 0.190225)
(3.54676e-11 7.45247e-12 0.181474)
(3.27106e-11 7.68101e-12 0.170142)
(2.86844e-11 7.72438e-12 0.155354)
(2.29719e-11 7.30032e-12 0.135887)
(1.58431e-11 6.39352e-12 0.110013)
(8.20996e-12 4.39154e-12 0.0752824)
(1.20553e-12 1.59495e-12 0.028204)
(4.19713e-11 2.41889e-12 0.218244)
(4.02158e-11 2.33266e-12 0.208667)
(3.69019e-11 2.04641e-12 0.196153)
(3.17609e-11 1.52191e-12 0.179672)
(2.56622e-11 6.18054e-13 0.157765)
(1.7131e-11 -3.20041e-13 0.128346)
(8.03859e-12 -1.42203e-12 0.0883876)
(8.65146e-13 -1.49368e-12 0.0334567)
(4.32622e-11 -1.8176e-12 0.218244)
(4.15538e-11 -2.61978e-12 0.208667)
(3.87027e-11 -3.71442e-12 0.196153)
(3.38358e-11 -5.11997e-12 0.179672)
(2.68936e-11 -6.6987e-12 0.157765)
(1.90839e-11 -8.05158e-12 0.128346)
(9.35805e-12 -7.86689e-12 0.0883876)
(1.35793e-12 -4.266e-12 0.0334567)
(4.13489e-11 -8.57768e-12 0.190226)
(3.97202e-11 -9.80869e-12 0.181474)
(3.73108e-11 -1.13308e-11 0.170142)
(3.28883e-11 -1.29969e-11 0.155355)
(2.72349e-11 -1.44801e-11 0.135888)
(2.01423e-11 -1.50303e-11 0.110014)
(1.15219e-11 -1.32463e-11 0.0752826)
(2.95875e-12 -6.31625e-12 0.028204)
(2.99103e-11 -1.42237e-11 0.133452)
(2.88662e-11 -1.45034e-11 0.127308)
(2.71787e-11 -1.47621e-11 0.119286)
(2.46264e-11 -1.49595e-11 0.108732)
(2.13714e-11 -1.47686e-11 0.0947668)
(1.68053e-11 -1.35904e-11 0.076215)
(1.06526e-11 -1.09295e-11 0.0515442)
(3.63817e-12 -4.68636e-12 0.0188227)
(-8.36501e-13 -2.77292e-11 0.133451)
(-2.01438e-12 -2.67055e-11 0.127307)
(-3.59001e-12 -2.52456e-11 0.119285)
(-5.00001e-12 -2.32224e-11 0.108731)
(-6.56123e-12 -2.04313e-11 0.0947663)
(-7.37798e-12 -1.64931e-11 0.0762146)
(-7.69071e-12 -1.09338e-11 0.0515439)
(-3.61479e-12 -4.17146e-12 0.0188226)
(6.10345e-12 -2.45596e-11 0.190225)
(4.11191e-12 -2.47821e-11 0.181474)
(1.39178e-12 -2.47376e-11 0.170142)
(-1.43599e-12 -2.42273e-11 0.155354)
(-3.72225e-12 -2.30084e-11 0.135887)
(-6.42297e-12 -2.03267e-11 0.110013)
(-6.98703e-12 -1.52438e-11 0.0752824)
(-3.41504e-12 -6.42478e-12 0.028204)
(1.16542e-11 -2.57415e-11 0.218244)
(9.63482e-12 -2.60984e-11 0.208667)
(7.42964e-12 -2.64099e-11 0.196153)
(4.44677e-12 -2.62548e-11 0.179672)
(2.21867e-12 -2.55591e-11 0.157765)
(-8.70627e-13 -2.33807e-11 0.128346)
(-3.19836e-12 -1.80302e-11 0.0883876)
(-1.89853e-12 -7.93286e-12 0.0334567)
(1.55368e-11 -2.48009e-11 0.218244)
(1.39649e-11 -2.50047e-11 0.208667)
(1.19211e-11 -2.49841e-11 0.196153)
(9.1843e-12 -2.4761e-11 0.179672)
(7.24049e-12 -2.36027e-11 0.157765)
(4.09101e-12 -2.11972e-11 0.128346)
(1.89792e-12 -1.58045e-11 0.0883876)
(-2.91384e-14 -6.38017e-12 0.0334567)
(1.67808e-11 -2.32865e-11 0.190226)
(1.55539e-11 -2.31398e-11 0.181474)
(1.38367e-11 -2.28374e-11 0.170142)
(1.19179e-11 -2.1981e-11 0.155355)
(9.76311e-12 -2.03329e-11 0.135888)
(6.9825e-12 -1.73892e-11 0.110014)
(4.405e-12 -1.22759e-11 0.0752826)
(1.40706e-12 -4.58747e-12 0.028204)
(9.8743e-12 -1.32848e-11 0.133452)
(9.2317e-12 -1.28247e-11 0.127308)
(8.49746e-12 -1.21777e-11 0.119286)
(7.79885e-12 -1.12243e-11 0.108732)
(6.8195e-12 -9.93679e-12 0.0947668)
(5.47623e-12 -7.84749e-12 0.076215)
(3.40655e-12 -5.28663e-12 0.0515442)
(1.07088e-12 -1.70693e-12 0.0188227)
(-9.06183e-12 6.85134e-13 0.133451)
(-8.05207e-12 1.94675e-13 0.127307)
(-6.8927e-12 -2.10979e-13 0.119285)
(-5.27016e-12 -5.06451e-13 0.108731)
(-3.76036e-12 -5.72386e-13 0.0947663)
(-1.84463e-12 -5.79559e-13 0.0762146)
(1.72008e-13 -5.29936e-13 0.0515439)
(5.67179e-13 3.77623e-14 0.0188226)
(-6.32714e-12 -1.17988e-13 0.190225)
(-4.83425e-12 2.72492e-13 0.181474)
(-3.39997e-12 8.7217e-13 0.170142)
(-1.64286e-12 1.62703e-12 0.155354)
(6.5693e-13 2.64929e-12 0.135887)
(1.79185e-12 3.4845e-12 0.110013)
(3.52028e-12 3.76976e-12 0.0752824)
(2.07991e-12 2.55794e-12 0.028204)
(-7.14422e-13 1.20459e-12 0.218244)
(2.50031e-13 2.15444e-12 0.208667)
(1.13255e-12 3.32417e-12 0.196153)
(1.99682e-12 4.77958e-12 0.179672)
(2.88076e-12 6.31744e-12 0.157765)
(3.57643e-12 7.77873e-12 0.128346)
(3.31723e-12 8.21868e-12 0.0883876)
(1.72719e-12 4.78536e-12 0.0334567)
(3.18648e-12 2.02255e-12 0.218244)
(4.08249e-12 3.33956e-12 0.208667)
(4.30772e-12 4.90388e-12 0.196153)
(4.32472e-12 6.53656e-12 0.179672)
(3.85338e-12 8.3264e-12 0.157765)
(2.56151e-12 9.62292e-12 0.128346)
(1.52411e-12 9.43824e-12 0.0883876)
(1.346e-13 5.2147e-12 0.0334567)
(4.64705e-12 2.54128e-12 0.190226)
(4.59648e-12 3.59764e-12 0.181474)
(3.8768e-12 4.81235e-12 0.170142)
(2.5564e-12 6.12032e-12 0.155355)
(1.07636e-12 7.39274e-12 0.135888)
(-1.28967e-12 8.24351e-12 0.110014)
(-2.22279e-12 8.02675e-12 0.0752826)
(-1.5633e-12 4.47729e-12 0.028204)
(3.60995e-12 -1.15884e-11 0.133452)
(3.49573e-12 -1.04433e-11 0.127308)
(3.46213e-12 -9.13551e-12 0.119286)
(2.78477e-12 -7.67086e-12 0.108732)
(2.23723e-12 -5.94339e-12 0.0947668)
(1.39218e-12 -4.11654e-12 0.076215)
(1.75815e-13 -2.27205e-12 0.0515442)
(4.84812e-14 -2.30997e-13 0.0188227)
(-1.14475e-11 -2.10416e-11 0.133451)
(-1.15954e-11 -2.02651e-11 0.127307)
(-1.16801e-11 -1.91722e-11 0.119285)
(-1.13658e-11 -1.76565e-11 0.108731)
(-1.07732e-11 -1.55763e-11 0.0947663)
(-9.66931e-12 -1.25919e-11 0.0762146)
(-7.7785e-12 -8.56585e-12 0.0515439)
(-2.93464e-12 -3.31633e-12 0.0188226)
(-1.44372e-11 -1.7547e-11 0.190225)
(-1.47914e-11 -1.76481e-11 0.181474)
(-1.4958e-11 -1.74688e-11 0.170142)
(-1.42488e-11 -1.69692e-11 0.155354)
(-1.29181e-11 -1.58778e-11 0.135887)
(-1.10248e-11 -1.38309e-11 0.110013)
(-7.89671e-12 -1.04053e-11 0.0752824)
(-2.81683e-12 -4.39786e-12 0.028204)
(-1.34706e-11 -1.30434e-11 0.218244)
(-1.38253e-11 -1.29581e-11 0.208667)
(-1.3373e-11 -1.27303e-11 0.196153)
(-1.27823e-11 -1.2174e-11 0.179672)
(-1.11556e-11 -1.12594e-11 0.157765)
(-8.7261e-12 -9.79871e-12 0.128346)
(-5.11081e-12 -7.41142e-12 0.0883876)
(-1.56298e-12 -3.38783e-12 0.0334567)
(-1.27344e-11 -8.24701e-12 0.218244)
(-1.27692e-11 -7.72065e-12 0.208667)
(-1.26851e-11 -7.0475e-12 0.196153)
(-1.13761e-11 -6.06357e-12 0.179672)
(-9.40672e-12 -4.94e-12 0.157765)
(-6.95294e-12 -3.77788e-12 0.128346)
(-3.9055e-12 -2.3675e-12 0.0883876)
(-8.23093e-13 -1.04394e-12 0.0334567)
(-1.26338e-11 -2.25877e-12 0.190226)
(-1.22684e-11 -1.46252e-12 0.181474)
(-1.19865e-11 -5.21517e-13 0.170142)
(-1.10311e-11 5.64861e-13 0.155355)
(-9.14438e-12 1.60839e-12 0.135888)
(-7.45617e-12 2.60412e-12 0.110014)
(-4.15742e-12 2.95698e-12 0.0752826)
(-1.45408e-12 1.58553e-12 0.028204)
(-1.02732e-11 2.1863e-12 0.133452)
(-1.02711e-11 2.57843e-12 0.127308)
(-9.78789e-12 3.0504e-12 0.119286)
(-9.08243e-12 3.53751e-12 0.108732)
(-7.89332e-12 3.99648e-12 0.0947668)
(-6.37113e-12 4.316e-12 0.076215)
(-4.25636e-12 3.95396e-12 0.0515442)
(-1.64663e-12 1.91948e-12 0.0188227)
(-1.17319e-11 1.05781e-11 0.133451)
(-1.04998e-11 9.90348e-12 0.127307)
(-8.62969e-12 9.12418e-12 0.119285)
(-6.22589e-12 8.14545e-12 0.108731)
(-3.52791e-12 6.91242e-12 0.0947663)
(-9.60527e-13 5.44365e-12 0.0762146)
(1.59931e-12 3.56884e-12 0.0515439)
(1.24528e-12 1.33912e-12 0.0188226)
(-1.68526e-11 1.89714e-11 0.190225)
(-1.46804e-11 1.90074e-11 0.181474)
(-1.19038e-11 1.89366e-11 0.170142)
(-7.9137e-12 1.86928e-11 0.155354)
(-4.12261e-12 1.78911e-11 0.135887)
(3.42628e-14 1.61477e-11 0.110013)
(3.26466e-12 1.24643e-11 0.0752824)
(2.65875e-12 5.7027e-12 0.028204)
(-1.77008e-11 2.79501e-11 0.218244)
(-1.61438e-11 2.86278e-11 0.208667)
(-1.36207e-11 2.92789e-11 0.196153)
(-1.05034e-11 2.97133e-11 0.179672)
(-6.92418e-12 2.94402e-11 0.157765)
(-3.77172e-12 2.75585e-11 0.128346)
(6.07769e-13 2.22241e-11 0.0883876)
(1.41306e-12 1.00737e-11 0.0334567)
(-1.89928e-11 3.65619e-11 0.218244)
(-1.76723e-11 3.77521e-11 0.208667)
(-1.55842e-11 3.88331e-11 0.196153)
(-1.3719e-11 3.94462e-11 0.179672)
(-1.13072e-11 3.89021e-11 0.157765)
(-8.95485e-12 3.62332e-11 0.128346)
(-6.31121e-12 2.85768e-11 0.0883876)
(-1.78205e-12 1.25759e-11 0.0334567)
(-1.70415e-11 3.93722e-11 0.190226)
(-1.71058e-11 4.01914e-11 0.181474)
(-1.77922e-11 4.05961e-11 0.170142)
(-1.79073e-11 4.02163e-11 0.155355)
(-1.76293e-11 3.85883e-11 0.135888)
(-1.65852e-11 3.43137e-11 0.110014)
(-1.37427e-11 2.56792e-11 0.0752826)
(-5.2127e-12 1.08822e-11 0.028204)
(-8.61638e-12 3.24534e-11 0.133452)
(-8.89095e-12 3.1165e-11 0.127308)
(-9.94377e-12 2.93982e-11 0.119286)
(-1.06215e-11 2.695e-11 0.108732)
(-1.08804e-11 2.36423e-11 0.0947668)
(-1.1481e-11 1.87978e-11 0.076215)
(-1.02312e-11 1.2241e-11 0.0515442)
(-4.33231e-12 4.69766e-12 0.0188227)
(-8.45088e-12 -2.05275e-11 0.133451)
(-8.6547e-12 -1.95715e-11 0.127307)
(-9.20877e-12 -1.8391e-11 0.119285)
(-9.35497e-12 -1.69135e-11 0.108731)
(-9.23262e-12 -1.48794e-11 0.0947663)
(-9.22692e-12 -1.20242e-11 0.0762146)
(-7.56284e-12 -8.19501e-12 0.0515439)
(-3.17852e-12 -3.32608e-12 0.0188226)
(-1.39756e-11 -1.54212e-11 0.190225)
(-1.44786e-11 -1.59122e-11 0.181474)
(-1.48852e-11 -1.63026e-11 0.170142)
(-1.44534e-11 -1.66143e-11 0.155354)
(-1.37888e-11 -1.6579e-11 0.135887)
(-1.24316e-11 -1.56207e-11 0.110013)
(-9.92993e-12 -1.28931e-11 0.0752824)
(-3.89705e-12 -6.3329e-12 0.028204)
(-1.40696e-11 -1.20747e-11 0.218244)
(-1.4621e-11 -1.28509e-11 0.208667)
(-1.42252e-11 -1.37528e-11 0.196153)
(-1.37471e-11 -1.47582e-11 0.179672)
(-1.20157e-11 -1.57072e-11 0.157765)
(-1.028e-11 -1.62701e-11 0.128346)
(-7.87422e-12 -1.50022e-11 0.0883876)
(-2.71446e-12 -8.31493e-12 0.0334567)
(-1.27151e-11 -8.61854e-12 0.218244)
(-1.28236e-11 -9.27984e-12 0.208667)
(-1.17751e-11 -1.01608e-11 0.196153)
(-1.08489e-11 -1.13391e-11 0.179672)
(-8.31646e-12 -1.27258e-11 0.157765)
(-6.41726e-12 -1.39087e-11 0.128346)
(-3.51133e-12 -1.37165e-11 0.0883876)
(-3.83039e-13 -7.79942e-12 0.0334567)
(-6.3154e-12 -8.58875e-12 0.190226)
(-6.07927e-12 -8.99173e-12 0.181474)
(-5.57683e-12 -9.5922e-12 0.170142)
(-4.25703e-12 -1.05048e-11 0.155355)
(-2.11082e-12 -1.1382e-11 0.135888)
(-3.47331e-13 -1.22348e-11 0.110014)
(8.49625e-13 -1.1622e-11 0.0752826)
(1.42037e-12 -6.3067e-12 0.028204)
(3.93863e-12 -1.02909e-12 0.133452)
(3.82433e-12 -2.03738e-12 0.127308)
(3.75716e-12 -3.18147e-12 0.119286)
(4.06394e-12 -4.34861e-12 0.108732)
(4.31803e-12 -5.45761e-12 0.0947668)
(4.17091e-12 -6.09191e-12 0.076215)
(3.30152e-12 -5.99889e-12 0.0515442)
(1.76002e-12 -2.90549e-12 0.0188227)
(-6.97337e-12 -5.9919e-12 0.133451)
(-6.51257e-12 -5.55793e-12 0.127307)
(-5.85338e-12 -5.01918e-12 0.119285)
(-4.97963e-12 -4.34684e-12 0.108731)
(-3.77099e-12 -3.51655e-12 0.0947663)
(-2.80084e-12 -2.3819e-12 0.0762146)
(-1.96992e-12 -1.11624e-12 0.0515439)
(-3.68428e-13 -1.9501e-13 0.0188226)
(-1.10877e-11 -1.84443e-12 0.190225)
(-1.00865e-11 -1.58705e-12 0.181474)
(-8.6798e-12 -1.22497e-12 0.170142)
(-6.81365e-12 -7.3994e-13 0.155354)
(-4.45113e-12 -1.21984e-13 0.135887)
(-3.26779e-12 8.90254e-13 0.110013)
(-1.82937e-12 1.65605e-12 0.0752824)
(7.90614e-14 1.19963e-12 0.028204)
(-9.09191e-12 1.5363e-12 0.218244)
(-8.25713e-12 1.97224e-12 0.208667)
(-7.30486e-12 2.46793e-12 0.196153)
(-5.98142e-12 3.00276e-12 0.179672)
(-4.25537e-12 3.66507e-12 0.157765)
(-3.46738e-12 4.22892e-12 0.128346)
(-2.77e-12 4.50612e-12 0.0883876)
(-4.31132e-13 2.62899e-12 0.0334567)
(-5.06165e-12 5.26868e-12 0.218244)
(-4.60291e-12 5.93626e-12 0.208667)
(-4.04479e-12 6.65772e-12 0.196153)
(-3.18947e-12 7.23437e-12 0.179672)
(-2.553e-12 7.77002e-12 0.157765)
(-3.20285e-12 7.63782e-12 0.128346)
(-3.91744e-12 6.84982e-12 0.0883876)
(-1.09762e-12 3.838e-12 0.0334567)
(3.46691e-12 3.15447e-12 0.190226)
(2.8991e-12 3.71845e-12 0.181474)
(1.70548e-12 4.22698e-12 0.170142)
(2.64501e-13 4.52792e-12 0.155355)
(-9.76009e-13 4.64687e-12 0.135888)
(-3.42144e-12 4.3961e-12 0.110014)
(-5.09215e-12 3.49789e-12 0.0752826)
(-2.00971e-12 2.30981e-12 0.028204)
(1.16513e-11 -6.89356e-13 0.133452)
(1.08379e-11 -1.4164e-12 0.127308)
(9.51888e-12 -2.22132e-12 0.119286)
(7.89794e-12 -3.08262e-12 0.108732)
(6.46963e-12 -3.73529e-12 0.0947668)
(3.61359e-12 -4.36435e-12 0.076215)
(6.55077e-13 -4.10056e-12 0.0515442)
(-4.42388e-14 -1.57719e-12 0.0188227)
(2.52966e-14 -3.26866e-11 0.133451)
(-1.52345e-12 -3.04558e-11 0.127307)
(-3.23559e-12 -2.77512e-11 0.119285)
(-4.43092e-12 -2.44657e-11 0.108731)
(-5.67035e-12 -2.05167e-11 0.0947663)
(-7.52394e-12 -1.53401e-11 0.0762146)
(-8.53879e-12 -8.87448e-12 0.0515439)
(-3.84864e-12 -3.15972e-12 0.0188226)
(-4.88697e-12 -2.32949e-11 0.190225)
(-6.61913e-12 -2.31512e-11 0.181474)
(-8.03988e-12 -2.27592e-11 0.170142)
(-9.36532e-12 -2.19352e-11 0.155354)
(-9.72361e-12 -2.02437e-11 0.135887)
(-1.07434e-11 -1.72997e-11 0.110013)
(-1.09805e-11 -1.22114e-11 0.0752824)
(-4.38369e-12 -5.25828e-12 0.028204)
(-4.22111e-12 -1.76371e-11 0.218244)
(-5.61588e-12 -1.76582e-11 0.208667)
(-6.95639e-12 -1.74971e-11 0.196153)
(-8.0337e-12 -1.70736e-11 0.179672)
(-8.04889e-12 -1.62419e-11 0.157765)
(-8.57872e-12 -1.4456e-11 0.128346)
(-9.71397e-12 -1.12306e-11 0.0883876)
(-3.50184e-12 -5.1961e-12 0.0334567)
(-2.04427e-12 -1.02231e-11 0.218244)
(-3.56246e-12 -9.95802e-12 0.208667)
(-4.7856e-12 -9.64171e-12 0.196153)
(-5.08202e-12 -9.15261e-12 0.179672)
(-4.9007e-12 -8.45742e-12 0.157765)
(-5.78485e-12 -7.59445e-12 0.128346)
(-7.06288e-12 -6.23317e-12 0.0883876)
(-2.23126e-12 -2.65416e-12 0.0334567)
(3.54054e-12 -6.80231e-12 0.190226)
(2.13276e-12 -6.17159e-12 0.181474)
(1.75521e-13 -5.60391e-12 0.170142)
(-7.03105e-13 -5.07212e-12 0.155355)
(-1.29831e-12 -4.60901e-12 0.135888)
(-3.47013e-12 -4.31002e-12 0.110014)
(-4.49042e-12 -4.01956e-12 0.0752826)
(-1.61483e-12 -1.71093e-12 0.028204)
(1.05525e-11 1.17402e-11 0.133452)
(8.91997e-12 1.00934e-11 0.127308)
(6.98982e-12 8.2038e-12 0.119286)
(5.32615e-12 6.15967e-12 0.108732)
(3.62942e-12 3.85454e-12 0.0947668)
(1.16741e-12 1.57943e-12 0.076215)
(-1.52315e-12 -5.51822e-13 0.0515442)
(-9.36305e-13 -4.71157e-13 0.0188227)
(-8.11397e-12 -1.96146e-11 0.133451)
(-7.84777e-12 -1.85112e-11 0.127307)
(-7.36692e-12 -1.70523e-11 0.119285)
(-6.44608e-12 -1.5153e-11 0.108731)
(-5.64125e-12 -1.27257e-11 0.0947663)
(-4.78156e-12 -9.52759e-12 0.0762146)
(-3.38333e-12 -5.63437e-12 0.0515439)
(-1.23496e-12 -1.59285e-12 0.0188226)
(-1.11134e-11 -1.16584e-11 0.190225)
(-9.99049e-12 -1.11936e-11 0.181474)
(-8.28345e-12 -1.05028e-11 0.170142)
(-6.36021e-12 -9.40279e-12 0.155354)
(-3.92e-12 -7.75978e-12 0.135887)
(-2.32549e-12 -5.41268e-12 0.110013)
(-1.00665e-12 -2.67694e-12 0.0752824)
(1.07536e-13 -1.66684e-13 0.028204)
(-7.71543e-12 1.11469e-12 0.218244)
(-6.33357e-12 1.7319e-12 0.208667)
(-4.88503e-12 2.43919e-12 0.196153)
(-2.17348e-12 3.25504e-12 0.179672)
(-6.33392e-14 4.07948e-12 0.157765)
(1.11612e-12 4.67369e-12 0.128346)
(1.67691e-13 4.59681e-12 0.0883876)
(3.88239e-13 2.31335e-12 0.0334567)
(-3.88916e-12 1.74628e-11 0.218244)
(-2.80632e-12 1.84198e-11 0.208667)
(-1.10457e-12 1.91934e-11 0.196153)
(1.84856e-13 1.96168e-11 0.179672)
(7.42618e-13 1.92581e-11 0.157765)
(5.97367e-13 1.72956e-11 0.128346)
(-1.55618e-12 1.2844e-11 0.0883876)
(-8.91856e-13 5.27815e-12 0.0334567)
(3.03532e-12 2.26733e-11 0.190226)
(2.57936e-12 2.32127e-11 0.181474)
(1.11776e-12 2.33201e-11 0.170142)
(-7.09485e-13 2.26248e-11 0.155355)
(-1.44342e-12 2.06967e-11 0.135888)
(-3.72639e-12 1.70726e-11 0.110014)
(-5.37153e-12 1.09657e-11 0.0752826)
(-2.43222e-12 3.74511e-12 0.028204)
(1.2466e-11 2.90963e-11 0.133452)
(1.10627e-11 2.66719e-11 0.127308)
(8.91138e-12 2.36157e-11 0.119286)
(6.54187e-12 1.98416e-11 0.108732)
(4.06708e-12 1.53463e-11 0.0947668)
(6.98449e-13 1.00048e-11 0.076215)
(-2.42891e-12 4.25783e-12 0.0515442)
(-1.3605e-12 5.93151e-13 0.0188227)
(4.0645e-11 -2.74377e-11 0.133451)
(3.78945e-11 -2.46632e-11 0.127307)
(3.49179e-11 -2.126e-11 0.119285)
(3.14968e-11 -1.71338e-11 0.108731)
(2.59129e-11 -1.20942e-11 0.0947663)
(1.63072e-11 -5.70473e-12 0.0762146)
(4.40847e-12 8.63332e-13 0.0515439)
(-3.79579e-13 1.99828e-12 0.0188226)
(3.85381e-11 -4.17221e-11 0.190225)
(3.50373e-11 -4.03051e-11 0.181474)
(3.20892e-11 -3.8339e-11 0.170142)
(2.93137e-11 -3.56213e-11 0.155354)
(2.36795e-11 -3.15181e-11 0.135887)
(1.26361e-11 -2.48914e-11 0.110013)
(-1.71755e-12 -1.49271e-11 0.0752824)
(-3.77611e-12 -5.08932e-12 0.028204)
(4.55931e-11 -6.0731e-11 0.218244)
(4.16892e-11 -6.04029e-11 0.208667)
(3.76683e-11 -5.97813e-11 0.196153)
(3.29201e-11 -5.8555e-11 0.179672)
(2.55112e-11 -5.58995e-11 0.157765)
(1.38081e-11 -5.00545e-11 0.128346)
(-1.63666e-12 -3.83012e-11 0.0883876)
(-3.85271e-12 -1.63946e-11 0.0334567)
(4.6715e-11 -7.72994e-11 0.218244)
(4.38758e-11 -7.8027e-11 0.208667)
(4.14836e-11 -7.86646e-11 0.196153)
(3.93354e-11 -7.86234e-11 0.179672)
(3.51653e-11 -7.70481e-11 0.157765)
(2.56611e-11 -7.17919e-11 0.128346)
(1.02221e-11 -5.75195e-11 0.0883876)
(2.26421e-12 -2.55132e-11 0.0334567)
(5.4804e-11 -9.34564e-11 0.190226)
(5.25311e-11 -9.36428e-11 0.181474)
(5.0035e-11 -9.35241e-11 0.170142)
(4.76493e-11 -9.26605e-11 0.155355)
(4.43101e-11 -9.00055e-11 0.135888)
(3.7659e-11 -8.19559e-11 0.110014)
(2.64702e-11 -6.31446e-11 0.0752826)
(1.02482e-11 -2.61648e-11 0.028204)
(4.92595e-11 -1.00442e-10 0.133452)
(4.79687e-11 -9.98288e-11 0.127308)
(4.65851e-11 -9.86483e-11 0.119286)
(4.38965e-11 -9.63799e-11 0.108732)
(4.26494e-11 -9.03442e-11 0.0947668)
(4.35891e-11 -7.77147e-11 0.076215)
(3.69459e-11 -5.56698e-11 0.0515442)
(1.58931e-11 -2.14543e-11 0.0188227)
(1.83102e-11 1.90336e-12 0.133451)
(1.70166e-11 2.73123e-12 0.127307)
(1.57058e-11 3.77672e-12 0.119285)
(1.40638e-11 4.96865e-12 0.108731)
(1.21621e-11 6.025e-12 0.0947663)
(9.06003e-12 6.83187e-12 0.0762146)
(4.99825e-12 6.56975e-12 0.0515439)
(1.68691e-12 3.22394e-12 0.0188226)
(2.07424e-11 1.10487e-11 0.190225)
(1.93352e-11 1.191e-11 0.181474)
(1.81043e-11 1.3111e-11 0.170142)
(1.66015e-11 1.46623e-11 0.155354)
(1.46985e-11 1.62032e-11 0.135887)
(1.13959e-11 1.72838e-11 0.110013)
(7.02442e-12 1.61245e-11 0.0752824)
(2.54008e-12 8.62123e-12 0.028204)
(1.85196e-11 1.697e-11 0.218244)
(1.72729e-11 1.85045e-11 0.208667)
(1.59351e-11 2.05321e-11 0.196153)
(1.44386e-11 2.30754e-11 0.179672)
(1.21764e-11 2.59999e-11 0.157765)
(8.04164e-12 2.84257e-11 0.128346)
(3.18836e-12 2.72034e-11 0.0883876)
(9.5968e-13 1.53242e-11 0.0334567)
(1.15409e-11 2.77876e-11 0.218244)
(9.75297e-12 2.98707e-11 0.208667)
(7.38535e-12 3.2456e-11 0.196153)
(5.1817e-12 3.5495e-11 0.179672)
(2.45592e-12 3.86732e-11 0.157765)
(-2.17048e-12 4.06617e-11 0.128346)
(-6.92787e-12 3.80834e-11 0.0883876)
(-4.02615e-12 2.14158e-11 0.0334567)
(3.49752e-12 3.61174e-11 0.190226)
(3.12004e-13 3.78733e-11 0.181474)
(-3.62395e-12 3.98737e-11 0.170142)
(-7.49868e-12 4.18359e-11 0.155355)
(-1.19675e-11 4.33996e-11 0.135888)
(-1.61574e-11 4.25238e-11 0.110014)
(-1.84563e-11 3.66027e-11 0.0752826)
(-9.38194e-12 1.87602e-11 0.028204)
(-1.01915e-11 5.96409e-11 0.133452)
(-1.27072e-11 5.86987e-11 0.127308)
(-1.54885e-11 5.74686e-11 0.119286)
(-1.86326e-11 5.56802e-11 0.108732)
(-2.15675e-11 5.17959e-11 0.0947668)
(-2.49826e-11 4.55954e-11 0.076215)
(-2.35534e-11 3.37796e-11 0.0515442)
(-1.13425e-11 1.42042e-11 0.0188227)
(2.09824e-11 -4.29228e-12 0.133451)
(1.86189e-11 -2.6795e-12 0.127307)
(1.62112e-11 -8.7504e-13 0.119285)
(1.35288e-11 1.00335e-12 0.108731)
(1.09659e-11 2.72e-12 0.0947663)
(6.70647e-12 4.47304e-12 0.0762146)
(1.67582e-12 5.21924e-12 0.0515439)
(1.32317e-13 2.3052e-12 0.0188226)
(2.49744e-11 1.42924e-11 0.190225)
(2.1756e-11 1.45637e-11 0.181474)
(1.80284e-11 1.48816e-11 0.170142)
(1.45404e-11 1.50828e-11 0.155354)
(1.08391e-11 1.47579e-11 0.135887)
(4.54578e-12 1.40313e-11 0.110013)
(-1.81866e-12 1.15237e-11 0.0752824)
(-9.59746e-13 4.14743e-12 0.028204)
(2.30642e-11 2.04129e-11 0.218244)
(1.89975e-11 2.0956e-11 0.208667)
(1.45369e-11 2.13787e-11 0.196153)
(9.95779e-12 2.15325e-11 0.179672)
(5.67036e-12 2.08484e-11 0.157765)
(-8.31544e-13 1.85473e-11 0.128346)
(-6.93456e-12 1.34559e-11 0.0883876)
(-3.08528e-12 4.41958e-12 0.0334567)
(1.85736e-11 2.57145e-11 0.218244)
(1.43285e-11 2.6476e-11 0.208667)
(9.50344e-12 2.7126e-11 0.196153)
(5.41781e-12 2.72749e-11 0.179672)
(3.56551e-13 2.61883e-11 0.157765)
(-5.51864e-12 2.26295e-11 0.128346)
(-1.07747e-11 1.54968e-11 0.0883876)
(-4.09985e-12 5.35215e-12 0.0334567)
(1.86648e-11 2.18495e-11 0.190226)
(1.42785e-11 2.24329e-11 0.181474)
(9.38907e-12 2.24824e-11 0.170142)
(4.1843e-12 2.15678e-11 0.155355)
(-7.53332e-13 1.94265e-11 0.135888)
(-6.6447e-12 1.52933e-11 0.110014)
(-1.08465e-11 8.4424e-12 0.0752826)
(-4.17506e-12 2.24614e-12 0.028204)
(2.49032e-11 2.77028e-11 0.133452)
(2.18211e-11 2.45728e-11 0.127308)
(1.78933e-11 2.06698e-11 0.119286)
(1.37923e-11 1.60828e-11 0.108732)
(1.01184e-11 1.14361e-11 0.0947668)
(4.72307e-12 5.23888e-12 0.076215)
(-1.50888e-12 -7.95237e-13 0.0515442)
(-9.74441e-13 -1.61887e-12 0.0188227)
(2.57502e-11 -2.35179e-12 0.133451)
(2.36303e-11 -1.00839e-12 0.127307)
(2.11613e-11 4.6691e-13 0.119285)
(1.81851e-11 2.00324e-12 0.108731)
(1.49227e-11 3.37463e-12 0.0947663)
(9.99173e-12 4.68601e-12 0.0762146)
(3.77111e-12 5.37741e-12 0.0515439)
(7.61198e-13 2.44699e-12 0.0188226)
(3.3418e-11 2.43028e-11 0.190225)
(3.0489e-11 2.39071e-11 0.181474)
(2.74387e-11 2.33255e-11 0.170142)
(2.39151e-11 2.25391e-11 0.155354)
(1.94224e-11 2.10441e-11 0.135887)
(1.26313e-11 1.88593e-11 0.110013)
(4.04789e-12 1.50009e-11 0.0752824)
(8.72135e-13 6.14904e-12 0.028204)
(3.18279e-11 4.61086e-11 0.218244)
(2.84224e-11 4.52759e-11 0.208667)
(2.4982e-11 4.39929e-11 0.196153)
(2.03114e-11 4.19549e-11 0.179672)
(1.61036e-11 3.86175e-11 0.157765)
(8.63878e-12 3.33582e-11 0.128346)
(2.18387e-13 2.45188e-11 0.0883876)
(-7.43841e-13 9.74475e-12 0.0334567)
(2.02306e-11 7.00848e-11 0.218244)
(1.6488e-11 6.88356e-11 0.208667)
(1.23817e-11 6.68895e-11 0.196153)
(8.87498e-12 6.37461e-11 0.179672)
(4.42769e-12 5.8507e-11 0.157765)
(-1.25039e-12 4.99393e-11 0.128346)
(-6.65806e-12 3.60337e-11 0.0883876)
(-3.68372e-12 1.44087e-11 0.0334567)
(7.34028e-12 8.70032e-11 0.190226)
(3.32354e-12 8.52444e-11 0.181474)
(-9.62168e-13 8.22602e-11 0.170142)
(-4.93305e-12 7.74937e-11 0.155355)
(-9.29385e-12 6.96646e-11 0.135888)
(-1.42186e-11 5.70074e-11 0.110014)
(-1.67119e-11 3.79965e-11 0.0752826)
(-7.57667e-12 1.29883e-11 0.028204)
(-4.72891e-12 1.34173e-10 0.133452)
(-8.77274e-12 1.28072e-10 0.127308)
(-1.32222e-11 1.20502e-10 0.119286)
(-1.78698e-11 1.10941e-10 0.108732)
(-2.24236e-11 9.7639e-11 0.0947668)
(-2.81248e-11 7.88636e-11 0.076215)
(-2.88999e-11 5.11388e-11 0.0515442)
(-1.37968e-11 1.75294e-11 0.0188227)
(8.70223e-12 -2.75882e-11 0.133451)
(6.91876e-12 -2.58052e-11 0.127307)
(5.02231e-12 -2.37352e-11 0.119285)
(2.97849e-12 -2.12595e-11 0.108731)
(6.6187e-13 -1.81239e-11 0.0947663)
(-2.66907e-12 -1.39842e-11 0.0762146)
(-4.96666e-12 -8.43819e-12 0.0515439)
(-3.01941e-12 -3.13755e-12 0.0188226)
(1.7507e-11 -1.59127e-11 0.190225)
(1.54973e-11 -1.61959e-11 0.181474)
(1.30152e-11 -1.6505e-11 0.170142)
(1.00803e-11 -1.6619e-11 0.155354)
(6.83543e-12 -1.64142e-11 0.135887)
(1.7702e-12 -1.51277e-11 0.110013)
(-3.815e-12 -1.14763e-11 0.0752824)
(-2.88095e-12 -5.57448e-12 0.028204)
(2.5865e-11 -1.04718e-12 0.218244)
(2.39969e-11 -2.21687e-12 0.208667)
(2.13664e-11 -3.82419e-12 0.196153)
(1.81238e-11 -6.02129e-12 0.179672)
(1.43521e-11 -8.50847e-12 0.157765)
(7.83559e-12 -1.09375e-11 0.128346)
(5.92123e-13 -1.16827e-11 0.0883876)
(-1.47138e-12 -7.33099e-12 0.0334567)
(2.80211e-11 1.48114e-11 0.218244)
(2.64847e-11 1.31167e-11 0.208667)
(2.41288e-11 1.05528e-11 0.196153)
(2.12045e-11 6.82995e-12 0.179672)
(1.8074e-11 2.01394e-12 0.157765)
(1.14201e-11 -3.78478e-12 0.128346)
(3.17743e-12 -8.73661e-12 0.0883876)
(4.92799e-13 -7.21441e-12 0.0334567)
(3.179e-11 1.5039e-11 0.190226)
(2.97258e-11 1.29983e-11 0.181474)
(2.66517e-11 9.83838e-12 0.170142)
(2.32108e-11 5.3059e-12 0.155355)
(1.98395e-11 -4.90123e-13 0.135888)
(1.34448e-11 -7.14242e-12 0.110014)
(6.61837e-12 -1.22505e-11 0.0752826)
(2.48375e-12 -8.82868e-12 0.028204)
(3.62189e-11 1.85343e-11 0.133452)
(3.40044e-11 1.47648e-11 0.127308)
(3.08885e-11 1.00963e-11 0.119286)
(2.75141e-11 4.63859e-12 0.108732)
(2.36021e-11 -1.42608e-12 0.0947668)
(1.80199e-11 -7.30325e-12 0.076215)
(1.09031e-11 -1.11877e-11 0.0515442)
(4.28797e-12 -7.06608e-12 0.0188227)
(2.61405e-11 -1.84075e-11 0.133451)
(2.36529e-11 -1.59004e-11 0.127307)
(2.05116e-11 -1.29833e-11 0.119285)
(1.68679e-11 -9.66937e-12 0.108731)
(1.29857e-11 -6.13917e-12 0.0947663)
(7.23185e-12 -2.002e-12 0.0762146)
(1.62098e-12 1.50521e-12 0.0515439)
(-2.36311e-13 1.44382e-12 0.0188226)
(3.36297e-11 -9.76986e-12 0.190225)
(3.04874e-11 -9.07504e-12 0.181474)
(2.60648e-11 -8.06604e-12 0.170142)
(2.14678e-11 -6.74075e-12 0.155354)
(1.55098e-11 -4.87529e-12 0.135887)
(8.03123e-12 -2.23537e-12 0.110013)
(-4.48696e-13 6.12607e-13 0.0752824)
(-1.51284e-12 1.15655e-12 0.028204)
(4.03735e-11 -1.53582e-12 0.218244)
(3.63818e-11 -1.79698e-12 0.208667)
(3.10893e-11 -2.07136e-12 0.196153)
(2.52925e-11 -2.40975e-12 0.179672)
(1.78915e-11 -2.62907e-12 0.157765)
(8.15119e-12 -2.14519e-12 0.128346)
(-1.77259e-12 -8.54174e-13 0.0883876)
(-2.56406e-12 -8.56566e-14 0.0334567)
(4.1443e-11 8.79648e-12 0.218244)
(3.7487e-11 7.9141e-12 0.208667)
(3.25113e-11 6.62638e-12 0.196153)
(2.61784e-11 4.93396e-12 0.179672)
(1.88677e-11 3.01034e-12 0.157765)
(8.99858e-12 9.23827e-13 0.128346)
(-1.69642e-12 -7.10254e-13 0.0883876)
(-2.5605e-12 -1.44197e-13 0.0334567)
(4.08477e-11 1.05332e-11 0.190226)
(3.66767e-11 9.48309e-12 0.181474)
(3.12424e-11 7.92424e-12 0.170142)
(2.51331e-11 5.58774e-12 0.155355)
(1.80066e-11 2.93758e-12 0.135888)
(8.71361e-12 -2.97325e-13 0.110014)
(-4.34425e-13 -2.80136e-12 0.0752826)
(-1.87085e-12 -1.57331e-12 0.028204)
(3.3863e-11 2.66465e-11 0.133452)
(3.04978e-11 2.32186e-11 0.127308)
(2.62067e-11 1.9181e-11 0.119286)
(2.12433e-11 1.45638e-11 0.108732)
(1.60642e-11 9.62949e-12 0.0947668)
(8.7198e-12 4.35683e-12 0.076215)
(1.14071e-12 -2.67757e-13 0.0515442)
(-7.9452e-13 -9.71516e-13 0.0188227)
(1.21248e-11 -2.16866e-11 0.133451)
(1.04693e-11 -1.98433e-11 0.127307)
(8.69809e-12 -1.76613e-11 0.119285)
(6.79955e-12 -1.51015e-11 0.108731)
(4.33098e-12 -1.20215e-11 0.0947663)
(1.20308e-12 -8.37373e-12 0.0762146)
(-2.06307e-12 -4.07578e-12 0.0515439)
(-1.59466e-12 -1.19729e-12 0.0188226)
(1.81309e-11 -1.46568e-11 0.190225)
(1.62363e-11 -1.41058e-11 0.181474)
(1.38538e-11 -1.33968e-11 0.170142)
(1.1362e-11 -1.22616e-11 0.155354)
(8.49488e-12 -1.07827e-11 0.135887)
(3.85205e-12 -8.32868e-12 0.110013)
(-1.02091e-12 -5.0241e-12 0.0752824)
(-1.57119e-12 -1.76722e-12 0.028204)
(2.46991e-11 -6.25257e-12 0.218244)
(2.28794e-11 -6.17277e-12 0.208667)
(2.06274e-11 -6.03168e-12 0.196153)
(1.78922e-11 -5.82297e-12 0.179672)
(1.39335e-11 -5.49062e-12 0.157765)
(8.25144e-12 -4.67267e-12 0.128346)
(8.48067e-13 -3.41708e-12 0.0883876)
(-8.01568e-13 -1.61943e-12 0.0334567)
(2.69978e-11 5.61902e-12 0.218244)
(2.51856e-11 5.50681e-12 0.208667)
(2.2685e-11 5.19786e-12 0.196153)
(1.97299e-11 4.70079e-12 0.179672)
(1.54548e-11 3.87119e-12 0.157765)
(9.07083e-12 2.71654e-12 0.128346)
(6.91228e-13 1.08018e-12 0.0883876)
(-8.32682e-13 1.75182e-13 0.0334567)
(2.73618e-11 8.03914e-12 0.190226)
(2.47471e-11 7.81703e-12 0.181474)
(2.14434e-11 7.19626e-12 0.170142)
(1.75701e-11 6.11905e-12 0.155355)
(1.27484e-11 4.60073e-12 0.135888)
(6.75445e-12 2.36251e-12 0.110014)
(-3.05109e-13 -2.95382e-13 0.0752826)
(-8.65186e-13 -7.40248e-13 0.028204)
(2.46434e-11 1.95849e-11 0.133452)
(2.22567e-11 1.70988e-11 0.127308)
(1.93568e-11 1.41652e-11 0.119286)
(1.57252e-11 1.07855e-11 0.108732)
(1.21871e-11 7.11074e-12 0.0947668)
(6.79432e-12 3.01279e-12 0.076215)
(1.62508e-12 -6.77593e-13 0.0515442)
(-3.21532e-13 -1.11333e-12 0.0188227)
(2.75516e-11 -2.26053e-11 0.133451)
(2.48565e-11 -1.99211e-11 0.127307)
(2.14114e-11 -1.67525e-11 0.119285)
(1.73752e-11 -1.30685e-11 0.108731)
(1.3215e-11 -9.00575e-12 0.0947663)
(7.29957e-12 -4.39748e-12 0.0762146)
(1.58926e-12 -3.40715e-13 0.0515439)
(-4.4537e-13 8.90799e-13 0.0188226)
(3.63725e-11 -1.49354e-11 0.190225)
(3.29471e-11 -1.40062e-11 0.181474)
(2.81273e-11 -1.25689e-11 0.170142)
(2.27262e-11 -1.0695e-11 0.155354)
(1.67318e-11 -8.2282e-12 0.135887)
(8.35132e-12 -4.89134e-12 0.110013)
(-4.16334e-13 -1.1672e-12 0.0752824)
(-1.644e-12 2.10265e-13 0.028204)
(4.32874e-11 -9.16861e-12 0.218244)
(3.87534e-11 -8.8482e-12 0.208667)
(3.33694e-11 -8.46187e-12 0.196153)
(2.67209e-11 -7.81865e-12 0.179672)
(1.89308e-11 -6.86846e-12 0.157765)
(9.48575e-12 -5.42116e-12 0.128346)
(-1.48675e-12 -3.21901e-12 0.0883876)
(-2.54574e-12 -1.37808e-12 0.0334567)
(4.36279e-11 4.17621e-13 0.218244)
(3.95121e-11 6.90254e-14 0.208667)
(3.4092e-11 -3.30423e-13 0.196153)
(2.78758e-11 -8.66042e-13 0.179672)
(2.04772e-11 -1.46781e-12 0.157765)
(1.0007e-11 -2.1839e-12 0.128346)
(-6.34578e-13 -2.70612e-12 0.0883876)
(-2.30096e-12 -1.33165e-12 0.0334567)
(4.1508e-11 3.39254e-12 0.190226)
(3.76736e-11 2.8418e-12 0.181474)
(3.21232e-11 1.87087e-12 0.170142)
(2.61748e-11 5.35614e-13 0.155355)
(1.90891e-11 -1.24953e-12 0.135888)
(9.67566e-12 -3.4724e-12 0.110014)
(8.02862e-13 -5.11301e-12 0.0752826)
(-1.04726e-12 -2.83244e-12 0.028204)
(3.37875e-11 1.99822e-11 0.133452)
(3.06039e-11 1.70043e-11 0.127308)
(2.65305e-11 1.35099e-11 0.119286)
(2.20932e-11 9.54961e-12 0.108732)
(1.71283e-11 5.25964e-12 0.0947668)
(1.01766e-11 8.63081e-13 0.076215)
(3.05215e-12 -2.65294e-12 0.0515442)
(1.07003e-13 -2.08668e-12 0.0188227)
(1.05136e-11 -1.8311e-11 0.133451)
(9.18704e-12 -1.66506e-11 0.127307)
(7.67962e-12 -1.47344e-11 0.119285)
(6.02763e-12 -1.24983e-11 0.108731)
(4.33038e-12 -9.86761e-12 0.0947663)
(1.45537e-12 -6.76617e-12 0.0762146)
(-1.86149e-12 -2.92984e-12 0.0515439)
(-1.1576e-12 -8.17305e-13 0.0188226)
(1.44944e-11 -1.33844e-11 0.190225)
(1.29359e-11 -1.28518e-11 0.181474)
(1.127e-11 -1.20659e-11 0.170142)
(9.48057e-12 -1.09241e-11 0.155354)
(7.46068e-12 -9.3635e-12 0.135887)
(3.48334e-12 -6.70019e-12 0.110013)
(-9.83967e-13 -3.69331e-12 0.0752824)
(-6.23178e-13 -1.11899e-12 0.028204)
(1.97599e-11 -6.2644e-12 0.218244)
(1.81221e-11 -5.95546e-12 0.208667)
(1.62672e-11 -5.49001e-12 0.196153)
(1.46988e-11 -4.93868e-12 0.179672)
(1.19564e-11 -4.10696e-12 0.157765)
(6.77429e-12 -2.8953e-12 0.128346)
(1.01263e-12 -1.61506e-12 0.0883876)
(-3.49691e-13 -5.26944e-13 0.0334567)
(2.08103e-11 2.8103e-12 0.218244)
(1.90799e-11 2.84047e-12 0.208667)
(1.73002e-11 2.86581e-12 0.196153)
(1.48149e-11 2.81871e-12 0.179672)
(1.21726e-11 2.53857e-12 0.157765)
(6.39535e-12 2.00581e-12 0.128346)
(-2.24923e-14 1.29746e-12 0.0883876)
(-5.07467e-13 5.75782e-13 0.0334567)
(1.91855e-11 6.15542e-12 0.190226)
(1.72177e-11 6.26945e-12 0.181474)
(1.49216e-11 6.16144e-12 0.170142)
(1.20684e-11 5.66265e-12 0.155355)
(8.93729e-12 4.77181e-12 0.135888)
(4.42603e-12 3.16723e-12 0.110014)
(-8.24864e-13 9.6735e-13 0.0752826)
(-8.58569e-13 1.23963e-13 0.028204)
(1.77348e-11 1.99282e-11 0.133452)
(1.59021e-11 1.79749e-11 0.127308)
(1.34799e-11 1.55984e-11 0.119286)
(1.04125e-11 1.27337e-11 0.108732)
(7.65546e-12 9.48488e-12 0.0947668)
(3.45557e-12 5.58236e-12 0.076215)
(-1.03454e-12 1.67588e-12 0.0515442)
(-1.02019e-12 8.76142e-14 0.0188227)
(4.258e-11 -3.16158e-11 0.133451)
(3.82811e-11 -2.78719e-11 0.127307)
(3.26993e-11 -2.33239e-11 0.119285)
(2.63975e-11 -1.80308e-11 0.108731)
(1.96057e-11 -1.20209e-11 0.0947663)
(1.08001e-11 -5.54623e-12 0.0762146)
(2.38841e-12 4.08296e-13 0.0515439)
(-6.9399e-13 1.5091e-12 0.0188226)
(5.56042e-11 -1.8883e-11 0.190225)
(4.9985e-11 -1.74314e-11 0.181474)
(4.24475e-11 -1.52138e-11 0.170142)
(3.41182e-11 -1.2286e-11 0.155354)
(2.46477e-11 -8.44059e-12 0.135887)
(1.20203e-11 -3.49381e-12 0.110013)
(-1.59374e-13 9.0364e-13 0.0752824)
(-2.45081e-12 1.83469e-12 0.028204)
(6.36053e-11 -9.9264e-12 0.218244)
(5.66151e-11 -9.21117e-12 0.208667)
(4.78091e-11 -8.27253e-12 0.196153)
(3.71741e-11 -6.99132e-12 0.179672)
(2.56159e-11 -5.27708e-12 0.157765)
(1.07695e-11 -3.17172e-12 0.128346)
(-3.30939e-12 -9.72286e-13 0.0883876)
(-4.68915e-12 1.80129e-15 0.0334567)
(6.33548e-11 2.37369e-12 0.218244)
(5.67977e-11 2.25175e-12 0.208667)
(4.80959e-11 1.99422e-12 0.196153)
(3.80211e-11 1.58904e-12 0.179672)
(2.64131e-11 8.19252e-13 0.157765)
(1.13184e-11 -1.25864e-13 0.128346)
(-2.96058e-12 -1.02213e-12 0.0883876)
(-4.52289e-12 -5.75855e-13 0.0334567)
(5.92073e-11 9.57576e-12 0.190226)
(5.2715e-11 9.02715e-12 0.181474)
(4.42094e-11 7.75138e-12 0.170142)
(3.47322e-11 5.64651e-12 0.155355)
(2.44126e-11 2.77096e-12 0.135888)
(1.14274e-11 -8.96451e-13 0.110014)
(-6.21285e-13 -4.2182e-12 0.0752826)
(-2.72481e-12 -2.8604e-12 0.028204)
(4.61992e-11 2.98082e-11 0.133452)
(4.15086e-11 2.59985e-11 0.127308)
(3.55442e-11 2.12565e-11 0.119286)
(2.88056e-11 1.56575e-11 0.108732)
(2.16166e-11 9.4133e-12 0.0947668)
(1.26241e-11 2.89379e-12 0.076215)
(3.49678e-12 -2.44094e-12 0.0515442)
(-1.20192e-13 -2.53262e-12 0.0188227)
(-8.99369e-12 1.92622e-11 0.133451)
(-7.48977e-12 1.883e-11 0.127307)
(-4.88816e-12 1.73178e-11 0.119285)
(-2.53043e-12 1.46985e-11 0.108731)
(-1.58221e-13 1.10859e-11 0.0947663)
(8.44867e-13 7.24815e-12 0.0762146)
(-1.34082e-13 3.93927e-12 0.0515439)
(5.29606e-13 2.83441e-13 0.0188226)
(-1.39139e-11 2.36103e-11 0.190225)
(-1.106e-11 2.39293e-11 0.181474)
(-6.46443e-12 2.31318e-11 0.170142)
(-2.24723e-12 2.08889e-11 0.155354)
(2.9262e-12 1.70846e-11 0.135887)
(5.15094e-12 1.22898e-11 0.110013)
(3.91189e-12 7.12147e-12 0.0752824)
(3.00625e-12 1.36169e-12 0.028204)
(-1.35195e-11 1.80522e-11 0.218244)
(-1.09754e-11 1.87285e-11 0.208667)
(-6.93513e-12 1.88775e-11 0.196153)
(-2.08778e-12 1.83824e-11 0.179672)
(3.36854e-12 1.69191e-11 0.157765)
(5.77999e-12 1.44323e-11 0.128346)
(5.92741e-12 1.03439e-11 0.0883876)
(4.37248e-12 3.86429e-12 0.0334567)
(-1.66798e-11 1.17796e-11 0.218244)
(-1.39409e-11 1.22319e-11 0.208667)
(-9.33859e-12 1.29185e-11 0.196153)
(-4.2899e-12 1.36887e-11 0.179672)
(3.29799e-13 1.44927e-11 0.157765)
(3.6226e-12 1.45242e-11 0.128346)
(3.39447e-12 1.27305e-11 0.0883876)
(3.19558e-12 6.51205e-12 0.0334567)
(-1.84944e-11 7.35812e-13 0.190226)
(-1.69651e-11 1.2585e-12 0.181474)
(-1.4167e-11 2.43955e-12 0.170142)
(-1.13679e-11 4.17843e-12 0.155355)
(-7.42435e-12 6.38819e-12 0.135888)
(-4.76101e-12 8.07415e-12 0.110014)
(-4.8063e-12 7.75459e-12 0.0752826)
(-2.52585e-13 4.8614e-12 0.028204)
(-1.48496e-11 9.06721e-12 0.133452)
(-1.38771e-11 8.30089e-12 0.127308)
(-1.21231e-11 7.88955e-12 0.119286)
(-1.0376e-11 7.80722e-12 0.108732)
(-8.39106e-12 7.72725e-12 0.0947668)
(-6.66731e-12 7.22164e-12 0.076215)
(-6.17485e-12 5.18865e-12 0.0515442)
(-1.93864e-12 2.70873e-12 0.0188227)
(1.02435e-10 -2.12144e-10 0.133451)
(8.67602e-11 -2.04328e-10 0.127307)
(6.66838e-11 -1.89105e-10 0.119285)
(4.28094e-11 -1.65375e-10 0.108731)
(1.77392e-11 -1.33553e-10 0.0947663)
(-5.02255e-12 -9.51343e-11 0.0762146)
(-1.90483e-11 -5.3751e-11 0.0515439)
(-1.40973e-11 -1.44786e-11 0.0188226)
(1.65915e-10 -1.77976e-10 0.190225)
(1.46305e-10 -1.7809e-10 0.181474)
(1.18545e-10 -1.71825e-10 0.170142)
(8.42124e-11 -1.57758e-10 0.155354)
(4.6137e-11 -1.3536e-10 0.135887)
(9.50934e-12 -1.04391e-10 0.110013)
(-1.64068e-11 -6.58967e-11 0.0752824)
(-1.71643e-11 -2.17695e-11 0.028204)
(2.12462e-10 -7.07231e-11 0.218244)
(1.9023e-10 -7.16093e-11 0.208667)
(1.59057e-10 -7.04512e-11 0.196153)
(1.20941e-10 -6.65281e-11 0.179672)
(7.75372e-11 -5.95889e-11 0.157765)
(3.31299e-11 -4.94613e-11 0.128346)
(-2.20759e-12 -3.53081e-11 0.0883876)
(-1.36565e-11 -1.52777e-11 0.0334567)
(2.14485e-10 8.84047e-11 0.218244)
(1.94677e-10 9.11807e-11 0.208667)
(1.65682e-10 9.15761e-11 0.196153)
(1.30312e-10 8.83855e-11 0.179672)
(8.80403e-11 8.09753e-11 0.157765)
(4.30241e-11 6.73421e-11 0.128346)
(3.75232e-12 4.56609e-11 0.0883876)
(-1.1995e-11 1.59094e-11 0.0334567)
(2.06035e-10 1.97399e-10 0.190226)
(1.80085e-10 1.98498e-10 0.181474)
(1.45052e-10 1.92556e-10 0.170142)
(1.03807e-10 1.77588e-10 0.155355)
(5.97262e-11 1.53117e-10 0.135888)
(1.26823e-11 1.17308e-10 0.110014)
(-2.11715e-11 7.19768e-11 0.0752826)
(-2.01688e-11 2.27937e-11 0.028204)
(1.37921e-10 2.06015e-10 0.133452)
(1.20396e-10 1.95867e-10 0.127308)
(9.72506e-11 1.7783e-10 0.119286)
(7.1276e-11 1.51308e-10 0.108732)
(4.37055e-11 1.17122e-10 0.0947668)
(1.45682e-11 7.70038e-11 0.076215)
(-7.86188e-12 3.68802e-11 0.0515441)
(-9.75195e-12 6.79791e-12 0.0188227)
(9.24926e-11 -1.55694e-10 0.133451)
(9.47198e-11 -1.584e-10 0.127307)
(8.94263e-11 -1.53565e-10 0.119285)
(7.07119e-11 -1.38929e-10 0.108731)
(4.88531e-11 -1.15226e-10 0.0947663)
(3.12463e-11 -8.51418e-11 0.0762146)
(1.61091e-11 -5.02218e-11 0.0515439)
(9.91505e-13 -1.18891e-11 0.0188226)
(1.51213e-10 -2.77809e-10 0.190225)
(1.59933e-10 -2.81456e-10 0.181474)
(1.54234e-10 -2.76683e-10 0.170142)
(1.25611e-10 -2.59141e-10 0.155354)
(9.14639e-11 -2.28294e-10 0.135887)
(6.3536e-11 -1.8233e-10 0.110013)
(4.07058e-11 -1.19005e-10 0.0752824)
(9.03364e-12 -3.59301e-11 0.028204)
(1.50553e-10 -1.61735e-10 0.218244)
(1.76414e-10 -1.6605e-10 0.208667)
(1.89206e-10 -1.67095e-10 0.196153)
(1.76066e-10 -1.62549e-10 0.179672)
(1.5238e-10 -1.5165e-10 0.157765)
(1.42013e-10 -1.30589e-10 0.128346)
(1.1569e-10 -9.29221e-11 0.0883876)
(3.81966e-11 -3.16789e-11 0.0334567)
(1.72617e-10 1.41732e-11 0.218244)
(1.93184e-10 9.90809e-12 0.208667)
(1.98799e-10 3.41123e-12 0.196153)
(1.76053e-10 -6.50413e-12 0.179672)
(1.47952e-10 -1.90588e-11 0.157765)
(1.35821e-10 -3.02188e-11 0.128346)
(1.15415e-10 -3.43859e-11 0.0883876)
(4.04833e-11 -2.3849e-11 0.0334567)
(7.66945e-11 1.94392e-10 0.190226)
(1.05457e-10 1.89251e-10 0.181474)
(1.25195e-10 1.78099e-10 0.170142)
(1.18112e-10 1.57516e-10 0.155355)
(1.02788e-10 1.28227e-10 0.135888)
(1.05279e-10 9.42396e-11 0.110014)
(9.38103e-11 5.32103e-11 0.0752826)
(3.22422e-11 5.13062e-12 0.028204)
(-1.45497e-11 1.45417e-10 0.133452)
(2.65363e-12 1.59408e-10 0.127308)
(1.18261e-11 1.66976e-10 0.119286)
(1.31899e-12 1.63852e-10 0.108732)
(-1.18382e-11 1.50304e-10 0.0947668)
(-1.3132e-11 1.26837e-10 0.076215)
(-9.35383e-12 8.87687e-11 0.0515442)
(-7.93895e-12 2.9836e-11 0.0188227)
(0.00841867 -0.0110891 0.156199)
(0.00692494 -0.0132155 0.18724)
(0.00224518 -0.0143877 0.197651)
(-0.00224518 -0.0143877 0.197651)
(-0.00692494 -0.0132155 0.18724)
(-0.00841867 -0.0110891 0.156199)
(0.00807321 -0.0108272 0.152385)
(0.00683125 -0.0131532 0.183946)
(0.00222326 -0.0144341 0.195148)
(-0.00222325 -0.0144341 0.195148)
(-0.00683125 -0.0131532 0.183946)
(-0.00807321 -0.0108272 0.152385)
(0.00762947 -0.0104259 0.146931)
(0.00666302 -0.0129683 0.179131)
(0.00218492 -0.0143623 0.191258)
(-0.00218492 -0.0143623 0.191258)
(-0.00666302 -0.0129683 0.179131)
(-0.00762947 -0.0104259 0.146931)
(0.00705991 -0.009869 0.138969)
(0.00638225 -0.0126247 0.171871)
(0.00211697 -0.0141528 0.185054)
(-0.00211697 -0.0141528 0.185054)
(-0.00638225 -0.0126247 0.171871)
(-0.00705991 -0.009869 0.138969)
(0.00631635 -0.00906951 0.127104)
(0.00592939 -0.0120079 0.160519)
(0.00199635 -0.0136774 0.174823)
(-0.00199635 -0.0136774 0.174823)
(-0.00592939 -0.0120079 0.160519)
(-0.00631635 -0.00906951 0.127104)
(0.00530662 -0.00784738 0.109009)
(0.00519154 -0.0108435 0.142002)
(0.00177759 -0.0126124 0.157175)
(-0.00177759 -0.0126124 0.157175)
(-0.00519154 -0.0108435 0.142002)
(-0.00530662 -0.00784738 0.109009)
(0.00382171 -0.00579605 0.0806449)
(0.00390011 -0.00839308 0.110173)
(0.00134981 -0.00999767 0.124869)
(-0.00134981 -0.00999767 0.124869)
(-0.00390011 -0.00839308 0.110173)
(-0.00382171 -0.00579605 0.0806449)
(0.00141908 -0.0021694 0.0345313)
(0.00148748 -0.00320618 0.0516022)
(0.000491834 -0.00387081 0.060943)
(-0.000491834 -0.00387081 0.060943)
(-0.00148748 -0.00320618 0.0516022)
(-0.00141908 -0.0021694 0.0345313)
(0.00160633 -0.0017285 0.164622)
(0.00183151 -0.00310353 0.216219)
(0.000662677 -0.00384803 0.236732)
(-0.000662673 -0.00384803 0.236732)
(-0.00183151 -0.00310353 0.216219)
(-0.00160633 -0.0017285 0.164622)
(0.00149937 -0.00164002 0.158443)
(0.00171986 -0.0030493 0.209382)
(0.000622641 -0.00384903 0.230577)
(-0.000622637 -0.00384903 0.230577)
(-0.00171985 -0.00304931 0.209382)
(-0.00149937 -0.00164002 0.158443)
(0.00135557 -0.00154936 0.150088)
(0.00157081 -0.00299672 0.199972)
(0.000569455 -0.00384935 0.221779)
(-0.000569451 -0.00384935 0.221779)
(-0.00157081 -0.00299672 0.199972)
(-0.00135557 -0.00154936 0.150088)
(0.00116415 -0.00141662 0.138647)
(0.00136896 -0.00287069 0.186773)
(0.000497329 -0.00376072 0.208943)
(-0.000497325 -0.00376072 0.208943)
(-0.00136896 -0.00287069 0.186773)
(-0.00116415 -0.00141663 0.138647)
(0.000917382 -0.00122372 0.122821)
(0.00109756 -0.00261866 0.167897)
(0.000399033 -0.00350864 0.189818)
(-0.00039903 -0.00350864 0.189818)
(-0.00109755 -0.00261866 0.167897)
(-0.000917379 -0.00122372 0.122821)
(0.000617592 -0.000949774 0.100762)
(0.000745992 -0.00216916 0.140425)
(0.000268326 -0.00297929 0.160779)
(-0.000268323 -0.00297929 0.160779)
(-0.000745989 -0.00216916 0.140425)
(-0.00061759 -0.000949775 0.100762)
(0.000287721 -0.000576062 0.0698988)
(0.000325709 -0.00141716 0.0999158)
(0.00010607 -0.00198508 0.116094)
(-0.000106068 -0.00198508 0.116094)
(-0.000325707 -0.00141716 0.0999158)
(-0.00028772 -0.000576063 0.0698988)
(-4.29497e-06 -0.000126977 0.0266716)
(-6.92605e-05 -0.000323974 0.0397558)
(-4.91949e-05 -0.000422605 0.0470579)
(4.91959e-05 -0.000422605 0.0470579)
(6.92612e-05 -0.000323975 0.0397558)
(4.29535e-06 -0.000126977 0.0266716)
(0.000912468 -0.00106928 0.141991)
(0.000981456 -0.00212711 0.199567)
(0.000400499 -0.00271097 0.22562)
(-0.000400488 -0.00271097 0.22562)
(-0.000981446 -0.00212711 0.199567)
(-0.00091246 -0.00106928 0.141991)
(0.000823066 -0.000964606 0.135464)
(0.000890551 -0.00196082 0.190976)
(0.000365353 -0.00253092 0.21696)
(-0.000365343 -0.00253092 0.21696)
(-0.00089054 -0.00196082 0.190976)
(-0.000823058 -0.000964608 0.135464)
(0.000714102 -0.000834747 0.126895)
(0.000775581 -0.00173611 0.179636)
(0.000320349 -0.00227135 0.205258)
(-0.000320338 -0.00227135 0.205258)
(-0.000775571 -0.00173611 0.179636)
(-0.000714094 -0.000834749 0.126895)
(0.000584651 -0.000679513 0.115566)
(0.000634242 -0.0014515 0.164517)
(0.000264202 -0.00192921 0.189254)
(-0.000264192 -0.00192921 0.189254)
(-0.000634233 -0.0014515 0.164517)
(-0.000584644 -0.000679515 0.115566)
(0.000435943 -0.000499533 0.100526)
(0.000467556 -0.00110042 0.144175)
(0.000197003 -0.00148869 0.167124)
(-0.000196993 -0.00148869 0.167124)
(-0.000467548 -0.00110042 0.144175)
(-0.000435937 -0.000499535 0.100526)
(0.00027482 -0.000303164 0.0805467)
(0.000285217 -0.000691614 0.116634)
(0.000122602 -0.000952558 0.136312)
(-0.000122595 -0.000952559 0.136312)
(-0.00028521 -0.000691616 0.116634)
(-0.000274815 -0.000303166 0.0805467)
(0.000121164 -0.000119983 0.0541166)
(0.000115932 -0.000284625 0.0793307)
(5.32041e-05 -0.000395405 0.0934637)
(-5.31987e-05 -0.000395406 0.0934637)
(-0.000115928 -0.000284627 0.0793307)
(-0.000121162 -0.000119985 0.0541166)
(7.89299e-06 3.42622e-06 0.0195021)
(1.12653e-06 1.01162e-05 0.0291821)
(5.05936e-06 2.13265e-05 0.0346557)
(-5.05732e-06 2.13262e-05 0.0346557)
(-1.1249e-06 1.01155e-05 0.0291821)
(-7.89205e-06 3.42551e-06 0.0195021)
(0.000159817 -8.90478e-05 0.137681)
(0.000285678 -0.000410248 0.194313)
(0.00013954 -0.000661143 0.221131)
(-0.000139523 -0.000661143 0.221131)
(-0.000285662 -0.00041025 0.194313)
(-0.000159805 -8.9051e-05 0.137681)
(0.000145775 -7.0227e-05 0.131421)
(0.000253218 -0.000359435 0.185618)
(0.000123422 -0.000593487 0.211904)
(-0.000123404 -0.000593487 0.211904)
(-0.000253201 -0.000359437 0.185618)
(-0.000145763 -7.02304e-05 0.131421)
(0.000128395 -5.27168e-05 0.12323)
(0.000214567 -0.000304087 0.174292)
(0.000103895 -0.00051306 0.199708)
(-0.000103878 -0.000513061 0.199708)
(-0.000214551 -0.00030409 0.174292)
(-0.000128383 -5.27204e-05 0.12323)
(0.000107195 -3.32457e-05 0.112429)
(0.000169756 -0.000237508 0.15942)
(8.09507e-05 -0.000411196 0.183445)
(-8.09345e-05 -0.000411197 0.183445)
(-0.00016974 -0.000237511 0.15942)
(-0.000107184 -3.32495e-05 0.112429)
(8.22993e-05 -1.35706e-05 0.0981029)
(0.000120305 -0.000161611 0.139719)
(5.54269e-05 -0.000288905 0.161564)
(-5.54123e-05 -0.000288906 0.161564)
(-0.000120291 -0.000161614 0.139719)
(-8.22902e-05 -1.35744e-05 0.098103)
(5.51243e-05 2.81956e-06 0.0790223)
(7.03954e-05 -8.41998e-05 0.113383)
(2.96947e-05 -0.000156885 0.131857)
(-2.96828e-05 -0.000156886 0.131857)
(-7.03847e-05 -8.42028e-05 0.113383)
(-5.51173e-05 2.81606e-06 0.0790224)
(2.87458e-05 1.12454e-05 0.0535666)
(2.77182e-05 -2.14033e-05 0.0778427)
(8.36459e-06 -4.37548e-05 0.0911605)
(-8.35654e-06 -4.37558e-05 0.0911605)
(-2.77112e-05 -2.14057e-05 0.0778427)
(-2.87414e-05 1.12427e-05 0.0535666)
(7.91921e-06 6.32865e-06 0.0196472)
(3.32846e-06 2.39257e-06 0.0293556)
(-1.45685e-06 2.35409e-06 0.0347717)
(1.45969e-06 2.3537e-06 0.0347717)
(-3.32607e-06 2.3916e-06 0.0293556)
(-7.9178e-06 6.32759e-06 0.0196472)
(8.43627e-05 -5.75706e-05 0.136595)
(0.000160954 -0.000195504 0.19312)
(7.70479e-05 -0.000315557 0.220264)
(-7.70256e-05 -0.000315558 0.220264)
(-0.000160933 -0.000195507 0.19312)
(-8.43473e-05 -5.7575e-05 0.136596)
(7.9403e-05 -5.00726e-05 0.130397)
(0.000148457 -0.000176234 0.184446)
(7.01738e-05 -0.0002881 0.210923)
(-7.01511e-05 -0.000288101 0.210923)
(-0.000148435 -0.000176237 0.184446)
(-7.93876e-05 -5.00772e-05 0.130397)
(7.30529e-05 -4.21019e-05 0.122285)
(0.000133267 -0.000154349 0.173171)
(6.17948e-05 -0.000255108 0.198643)
(-6.17724e-05 -0.000255109 0.198643)
(-0.000133246 -0.000154353 0.173171)
(-7.30381e-05 -4.21067e-05 0.122285)
(6.48628e-05 -3.26456e-05 0.111583)
(0.000114997 -0.000127929 0.158392)
(5.17906e-05 -0.000214264 0.182362)
(-5.17694e-05 -0.000214265 0.182362)
(-0.000114977 -0.000127933 0.158392)
(-6.48493e-05 -3.26506e-05 0.111583)
(5.431e-05 -2.19622e-05 0.0973782)
(9.33609e-05 -9.70876e-05 0.138838)
(4.02279e-05 -0.000165596 0.160564)
(-4.0209e-05 -0.000165597 0.160564)
(-9.33436e-05 -9.70916e-05 0.138838)
(-5.42984e-05 -2.19671e-05 0.0973783)
(4.09768e-05 -1.09054e-05 0.0784397)
(6.83561e-05 -6.3146e-05 0.112695)
(2.7502e-05 -0.000111198 0.131057)
(-2.74867e-05 -0.000111199 0.131057)
(-6.83424e-05 -6.31498e-05 0.112695)
(-4.0968e-05 -1.09099e-05 0.0784398)
(2.49674e-05 -1.5009e-06 0.0531534)
(4.05836e-05 -2.96118e-05 0.0773688)
(1.4524e-05 -5.64879e-05 0.0906279)
(-1.45138e-05 -5.64891e-05 0.0906279)
(-4.05747e-05 -2.96148e-05 0.0773688)
(-2.49618e-05 -1.50429e-06 0.0531535)
(7.28316e-06 2.73689e-06 0.0194682)
(1.13044e-05 -2.68201e-06 0.0291252)
(2.74748e-06 -9.28424e-06 0.0345119)
(-2.74402e-06 -9.28471e-06 0.0345119)
(-1.13014e-05 -2.68321e-06 0.0291252)
(-7.28138e-06 2.73557e-06 0.0194682)
(6.87776e-05 -6.22987e-05 0.135215)
(0.000105409 -0.000153074 0.191862)
(5.0316e-05 -0.0002232 0.219352)
(-5.02902e-05 -0.000223201 0.219352)
(-0.000105384 -0.000153077 0.191862)
(-6.87602e-05 -6.2304e-05 0.135216)
(6.31985e-05 -5.52895e-05 0.129035)
(9.72538e-05 -0.000138725 0.183163)
(4.63517e-05 -0.000204685 0.20993)
(-4.63255e-05 -0.000204686 0.20993)
(-9.72293e-05 -0.000138729 0.183163)
(-6.31811e-05 -5.5295e-05 0.129035)
(5.62653e-05 -4.72728e-05 0.120955)
(8.7123e-05 -0.000121348 0.171869)
(4.1429e-05 -0.000181295 0.197571)
(-4.14032e-05 -0.000181297 0.197571)
(-8.70991e-05 -0.000121352 0.17187)
(-5.62486e-05 -4.72785e-05 0.120955)
(4.77662e-05 -3.77884e-05 0.110307)
(7.46663e-05 -0.000100251 0.157087)
(3.53862e-05 -0.000152306 0.181219)
(-3.53619e-05 -0.000152307 0.181219)
(-7.46438e-05 -0.000100256 0.157087)
(-4.77509e-05 -3.77941e-05 0.110307)
(3.75761e-05 -2.69634e-05 0.096194)
(5.95936e-05 -7.52865e-05 0.13756)
(2.81026e-05 -0.000117199 0.159377)
(-2.80811e-05 -0.000117201 0.159377)
(-5.9574e-05 -7.52911e-05 0.13756)
(-3.75631e-05 -2.69691e-05 0.0961942)
(2.58734e-05 -1.54412e-05 0.0774118)
(4.19571e-05 -4.73231e-05 0.111509)
(1.96284e-05 -7.67062e-05 0.129886)
(-1.96111e-05 -7.67078e-05 0.129886)
(-4.19415e-05 -4.73274e-05 0.111509)
(-2.58634e-05 -1.54464e-05 0.0774119)
(1.35828e-05 -5.04917e-06 0.0523904)
(2.28244e-05 -1.98927e-05 0.0764087)
(1.05065e-05 -3.51743e-05 0.0896145)
(-1.04952e-05 -3.51755e-05 0.0896145)
(-2.28144e-05 -1.9896e-05 0.0764087)
(-1.35766e-05 -5.053e-06 0.0523905)
(2.6674e-06 1.08944e-06 0.0191497)
(4.83912e-06 5.63555e-08 0.0286715)
(2.05804e-06 -2.07339e-06 0.0339918)
(-2.05431e-06 -2.0739e-06 0.0339918)
(-4.83583e-06 5.50416e-08 0.0286715)
(-2.66541e-06 1.08796e-06 0.0191497)
(3.64415e-05 -3.10837e-05 0.134534)
(5.84165e-05 -8.20994e-05 0.19121)
(2.891e-05 -0.000121604 0.218901)
(-2.88826e-05 -0.000121605 0.218901)
(-5.8391e-05 -8.21037e-05 0.19121)
(-3.64236e-05 -3.10896e-05 0.134534)
(3.34226e-05 -2.73945e-05 0.128369)
(5.34479e-05 -7.42526e-05 0.182495)
(2.6483e-05 -0.000111449 0.209426)
(-2.64553e-05 -0.00011145 0.209426)
(-5.34222e-05 -7.42571e-05 0.182495)
(-3.34047e-05 -2.74006e-05 0.12837)
(2.96686e-05 -2.33597e-05 0.120315)
(4.73362e-05 -6.50147e-05 0.171192)
(2.34848e-05 -9.88333e-05 0.197015)
(-2.34576e-05 -9.88347e-05 0.197015)
(-4.73111e-05 -6.50195e-05 0.171192)
(-2.96514e-05 -2.3366e-05 0.120315)
(2.50637e-05 -1.85889e-05 0.109707)
(3.99183e-05 -5.37059e-05 0.156415)
(1.98286e-05 -8.29739e-05 0.180622)
(-1.98031e-05 -8.29755e-05 0.180622)
(-3.98949e-05 -5.37108e-05 0.156415)
(-2.50481e-05 -1.85952e-05 0.109707)
(1.95627e-05 -1.31748e-05 0.0956551)
(3.11256e-05 -4.02688e-05 0.136918)
(1.54707e-05 -6.35892e-05 0.158763)
(-1.54483e-05 -6.35909e-05 0.158763)
(-3.11052e-05 -4.02737e-05 0.136919)
(-1.95493e-05 -1.31808e-05 0.0956554)
(1.33168e-05 -7.48529e-06 0.0769662)
(2.11715e-05 -2.52705e-05 0.110945)
(1.05026e-05 -4.12146e-05 0.129309)
(-1.04848e-05 -4.12162e-05 0.129309)
(-2.11554e-05 -2.5275e-05 0.110945)
(-1.33066e-05 -7.49069e-06 0.0769664)
(6.8816e-06 -2.42528e-06 0.0520823)
(1.09034e-05 -1.06821e-05 0.0759956)
(5.34663e-06 -1.85297e-05 0.0891669)
(-5.3351e-06 -1.8531e-05 0.0891669)
(-1.0893e-05 -1.06855e-05 0.0759957)
(-6.87517e-06 -2.42926e-06 0.0520824)
(1.35471e-06 4.7599e-07 0.0190357)
(2.07538e-06 -3.60767e-07 0.0285107)
(9.46169e-07 -1.41122e-06 0.03381)
(-9.42447e-07 -1.41173e-06 0.03381)
(-2.07203e-06 -3.62094e-07 0.0285108)
(-1.35266e-06 4.74478e-07 0.0190357)
(2.29683e-05 -2.02347e-05 0.134135)
(3.59748e-05 -5.21986e-05 0.190845)
(1.761e-05 -7.63769e-05 0.21866)
(-1.75824e-05 -7.63781e-05 0.21866)
(-3.59492e-05 -5.22033e-05 0.190845)
(-2.29508e-05 -2.02407e-05 0.134136)
(2.11034e-05 -1.79389e-05 0.127979)
(3.29165e-05 -4.74599e-05 0.182117)
(1.60964e-05 -7.02967e-05 0.209148)
(-1.60686e-05 -7.02981e-05 0.209148)
(-3.28908e-05 -4.74648e-05 0.182117)
(-2.1086e-05 -1.7945e-05 0.127979)
(1.87825e-05 -1.53903e-05 0.119937)
(2.91507e-05 -4.18126e-05 0.170804)
(1.42273e-05 -6.26507e-05 0.196699)
(-1.42001e-05 -6.26522e-05 0.196699)
(-2.91257e-05 -4.18176e-05 0.170805)
(-1.87658e-05 -1.53965e-05 0.119937)
(1.59304e-05 -1.2357e-05 0.109349)
(2.45817e-05 -3.48449e-05 0.156024)
(1.19546e-05 -5.29593e-05 0.180274)
(-1.19293e-05 -5.29609e-05 0.180275)
(-2.45585e-05 -3.485e-05 0.156025)
(-1.59152e-05 -1.23632e-05 0.10935)
(1.25078e-05 -8.88109e-06 0.0953301)
(1.91742e-05 -2.64811e-05 0.136541)
(9.26335e-06 -4.10029e-05 0.1584)
(-9.24118e-06 -4.10046e-05 0.1584)
(-1.91539e-05 -2.64861e-05 0.136541)
(-1.24949e-05 -8.88705e-06 0.0953304)
(8.58782e-06 -5.17386e-06 0.0766918)
(1.30622e-05 -1.70063e-05 0.110605)
(6.22701e-06 -2.70476e-05 0.12896)
(-6.2095e-06 -2.70492e-05 0.12896)
(-1.30463e-05 -1.70108e-05 0.110605)
(-8.57784e-06 -5.17914e-06 0.0766921)
(4.4933e-06 -1.80152e-06 0.0518859)
(6.75387e-06 -7.56562e-06 0.0757364)
(3.11861e-06 -1.26506e-05 0.0888857)
(-3.10735e-06 -1.26518e-05 0.0888858)
(-6.74365e-06 -7.56895e-06 0.0757365)
(-4.48703e-06 -1.80541e-06 0.0518861)
(8.92769e-07 2.54072e-07 0.0189579)
(1.26003e-06 -4.50787e-07 0.0283992)
(4.94329e-07 -1.18901e-06 0.0336824)
(-4.90747e-07 -1.1895e-06 0.0336824)
(-1.25673e-06 -4.52084e-07 0.0283992)
(-8.90768e-07 2.52596e-07 0.0189579)
(1.47105e-05 -1.30686e-05 0.13387)
(2.24773e-05 -3.34032e-05 0.190604)
(1.08693e-05 -4.85891e-05 0.218498)
(-1.08431e-05 -4.85904e-05 0.218498)
(-2.24534e-05 -3.3408e-05 0.190605)
(-1.46948e-05 -1.30742e-05 0.13387)
(1.35097e-05 -1.15828e-05 0.127718)
(2.05827e-05 -3.03758e-05 0.181867)
(9.93805e-06 -4.47469e-05 0.208961)
(-9.91188e-06 -4.47483e-05 0.208961)
(-2.05589e-05 -3.03807e-05 0.181868)
(-1.34943e-05 -1.15885e-05 0.127718)
(1.2015e-05 -9.92519e-06 0.119683)
(1.82433e-05 -2.67518e-05 0.170547)
(8.78558e-06 -3.98926e-05 0.196487)
(-8.76019e-06 -3.98941e-05 0.196487)
(-1.82203e-05 -2.67567e-05 0.170548)
(-1.20003e-05 -9.93095e-06 0.119684)
(1.01792e-05 -7.95499e-06 0.109109)
(1.53969e-05 -2.22767e-05 0.155764)
(7.38195e-06 -3.37256e-05 0.180041)
(-7.35839e-06 -3.37272e-05 0.180041)
(-1.53756e-05 -2.22816e-05 0.155765)
(-1.01658e-05 -7.96069e-06 0.109109)
(7.97882e-06 -5.70029e-06 0.0951103)
(1.20181e-05 -1.68983e-05 0.136287)
(5.71801e-06 -2.60946e-05 0.158154)
(-5.69751e-06 -2.60962e-05 0.158154)
(-1.19995e-05 -1.6903e-05 0.136287)
(-7.96739e-06 -5.70571e-06 0.0951107)
(5.46332e-06 -3.30004e-06 0.0765053)
(8.18814e-06 -1.08e-05 0.110374)
(3.84023e-06 -1.71608e-05 0.128721)
(-3.82416e-06 -1.71622e-05 0.128721)
(-8.17364e-06 -1.08041e-05 0.110374)
(-5.45454e-06 -3.30479e-06 0.0765056)
(2.84487e-06 -1.12663e-06 0.0517518)
(4.22817e-06 -4.73586e-06 0.0755585)
(1.91993e-06 -7.93758e-06 0.0886909)
(-1.90972e-06 -7.93871e-06 0.0886909)
(-4.21893e-06 -4.73887e-06 0.0755586)
(-2.83936e-06 -1.13007e-06 0.051752)
(5.58214e-07 1.79228e-07 0.0189045)
(7.83816e-07 -2.2199e-07 0.028322)
(3.02812e-07 -6.56319e-07 0.0335931)
(-2.99642e-07 -6.56755e-07 0.0335931)
(-7.8087e-07 -2.23141e-07 0.028322)
(-5.56454e-07 1.77945e-07 0.0189046)
(8.95193e-06 -7.81196e-06 0.13371)
(1.37733e-05 -2.0293e-05 0.190459)
(6.63266e-06 -2.96707e-05 0.2184)
(-6.60916e-06 -2.96719e-05 0.2184)
(-1.37522e-05 -2.02974e-05 0.190459)
(-8.93888e-06 -7.8166e-06 0.13371)
(8.22919e-06 -6.91181e-06 0.127561)
(1.26219e-05 -1.84427e-05 0.181716)
(6.06976e-06 -2.7321e-05 0.208848)
(-6.04645e-06 -2.73223e-05 0.208848)
(-1.26011e-05 -1.84471e-05 0.181717)
(-8.21642e-06 -6.91648e-06 0.127561)
(7.32774e-06 -5.91338e-06 0.119531)
(1.11991e-05 -1.62375e-05 0.170392)
(5.37201e-06 -2.43615e-05 0.196359)
(-5.34957e-06 -2.43629e-05 0.196359)
(-1.11791e-05 -1.62419e-05 0.170392)
(-7.31562e-06 -5.91807e-06 0.119532)
(6.21794e-06 -4.72752e-06 0.108965)
(9.46542e-06 -1.35129e-05 0.155607)
(4.52043e-06 -2.05957e-05 0.179899)
(-4.49976e-06 -2.05971e-05 0.179899)
(-9.447e-06 -1.35172e-05 0.155607)
(-6.20695e-06 -4.73214e-06 0.108965)
(4.8844e-06 -3.37282e-06 0.0949791)
(7.40364e-06 -1.02387e-05 0.136134)
(3.50842e-06 -1.59308e-05 0.158004)
(-3.49056e-06 -1.59322e-05 0.158004)
(-7.38773e-06 -1.02427e-05 0.136134)
(-4.87505e-06 -3.3772e-06 0.0949795)
(3.35601e-06 -1.93566e-06 0.0763946)
(5.06106e-06 -6.53054e-06 0.110236)
(2.36296e-06 -1.04689e-05 0.128577)
(-2.34909e-06 -1.04702e-05 0.128577)
(-5.04867e-06 -6.53405e-06 0.110236)
(-3.34883e-06 -1.93949e-06 0.0763949)
(1.75955e-06 -6.42239e-07 0.0516727)
(2.63047e-06 -2.85167e-06 0.0754531)
(1.18709e-06 -4.83516e-06 0.0885749)
(-1.17838e-06 -4.83612e-06 0.0885749)
(-2.62261e-06 -2.85421e-06 0.0754532)
(-1.75505e-06 -6.45027e-07 0.0516729)
(3.55697e-07 1.19523e-07 0.0188735)
(5.03307e-07 -1.3148e-07 0.0282772)
(1.92123e-07 -4.08361e-07 0.0335413)
(-1.89484e-07 -4.08723e-07 0.0335413)
(-5.00823e-07 -1.32442e-07 0.0282772)
(-3.54271e-07 1.18481e-07 0.0188735)
(5.53868e-06 -4.82508e-06 0.133612)
(8.52112e-06 -1.25275e-05 0.19037)
(4.08528e-06 -1.83191e-05 0.218341)
(-4.06576e-06 -1.83202e-05 0.218341)
(-8.50416e-06 -1.25311e-05 0.19037)
(-5.52892e-06 -4.82858e-06 0.133612)
(5.09416e-06 -4.2699e-06 0.127464)
(7.81514e-06 -1.13875e-05 0.181624)
(3.74237e-06 -1.6872e-05 0.208779)
(-3.72321e-06 -1.68731e-05 0.208779)
(-7.79853e-06 -1.13911e-05 0.181624)
(-5.0847e-06 -4.2734e-06 0.127465)
(4.53929e-06 -3.65341e-06 0.119438)
(6.94175e-06 -1.0028e-05 0.170297)
(3.31659e-06 -1.50485e-05 0.19628)
(-3.29834e-06 -1.50496e-05 0.196281)
(-6.92596e-06 -1.00315e-05 0.170297)
(-4.5304e-06 -3.65691e-06 0.119438)
(3.85552e-06 -2.92107e-06 0.108876)
(5.87602e-06 -8.34802e-06 0.155511)
(2.79582e-06 -1.27278e-05 0.179812)
(-2.77919e-06 -1.2729e-05 0.179812)
(-5.86164e-06 -8.35139e-06 0.155511)
(-3.84752e-06 -2.92448e-06 0.108876)
(3.03284e-06 -2.08416e-06 0.0948981)
(4.60609e-06 -6.32862e-06 0.13604)
(2.17521e-06 -9.85255e-06 0.157913)
(-2.16103e-06 -9.85367e-06 0.157913)
(-4.59382e-06 -6.33173e-06 0.13604)
(-3.02609e-06 -2.08735e-06 0.0948986)
(2.08818e-06 -1.19579e-06 0.0763261)
(3.15914e-06 -4.04039e-06 0.110151)
(1.47016e-06 -6.48417e-06 0.128489)
(-1.45934e-06 -6.48515e-06 0.128489)
(-3.1497e-06 -4.04304e-06 0.110152)
(-2.08304e-06 -1.19854e-06 0.0763264)
(1.09866e-06 -3.95846e-07 0.0516237)
(1.65131e-06 -1.76782e-06 0.0753881)
(7.42745e-07 -3.00515e-06 0.0885035)
(-7.36113e-07 -3.00586e-06 0.0885035)
(-1.64543e-06 -1.76969e-06 0.0753882)
(-1.09547e-06 -3.97805e-07 0.0516239)
(2.24007e-07 7.53995e-08 0.0188541)
(3.20931e-07 -8.18339e-08 0.0282493)
(1.21995e-07 -2.58181e-07 0.033509)
(-1.20088e-07 -2.58441e-07 0.033509)
(-3.19132e-07 -8.25233e-08 0.0282493)
(-2.23012e-07 7.46861e-08 0.0188542)
(3.43106e-06 -2.98906e-06 0.13355)
(5.27262e-06 -7.74805e-06 0.190315)
(2.52396e-06 -1.13248e-05 0.218304)
(-2.50868e-06 -1.13257e-05 0.218304)
(-5.25978e-06 -7.75069e-06 0.190315)
(-3.42421e-06 -2.99123e-06 0.133551)
(3.15546e-06 -2.645e-06 0.127404)
(4.8365e-06 -7.04222e-06 0.181567)
(2.31297e-06 -1.04293e-05 0.208736)
(-2.29815e-06 -1.04302e-05 0.208736)
(-4.82409e-06 -7.04481e-06 0.181567)
(-3.14891e-06 -2.64716e-06 0.127405)
(2.81141e-06 -2.26277e-06 0.119379)
(4.29672e-06 -6.20018e-06 0.170237)
(2.05075e-06 -9.30065e-06 0.196232)
(-2.03683e-06 -9.30151e-06 0.196232)
(-4.28507e-06 -6.20268e-06 0.170238)
(-2.80533e-06 -2.26491e-06 0.11938)
(2.38747e-06 -1.80881e-06 0.10882)
(3.63776e-06 -5.16003e-06 0.155451)
(1.72972e-06 -7.86485e-06 0.179758)
(-1.7172e-06 -7.8657e-06 0.179759)
(-3.62728e-06 -5.16239e-06 0.155451)
(-2.38205e-06 -1.8109e-06 0.108821)
(1.8775e-06 -1.29016e-06 0.0948477)
(2.85215e-06 -3.91009e-06 0.135982)
(1.34669e-06 -6.08636e-06 0.157857)
(-1.33618e-06 -6.08716e-06 0.157857)
(-2.84331e-06 -3.91224e-06 0.135982)
(-1.87297e-06 -1.29213e-06 0.0948482)
(1.29213e-06 -7.39767e-07 0.0762834)
(1.95654e-06 -2.49428e-06 0.110099)
(9.10964e-07 -4.0034e-06 0.128434)
(-9.03091e-07 -4.00409e-06 0.128434)
(-1.94984e-06 -2.49608e-06 0.110099)
(-1.28872e-06 -7.41467e-07 0.0762838)
(6.79321e-07 -2.44416e-07 0.0515932)
(1.02281e-06 -1.08914e-06 0.0753476)
(4.60747e-07 -1.85288e-06 0.0884591)
(-4.56049e-07 -1.85337e-06 0.0884591)
(-1.0187e-06 -1.09039e-06 0.0753478)
(-6.77234e-07 -2.45647e-07 0.0515934)
(1.38201e-07 4.69911e-08 0.018842)
(1.98796e-07 -4.86457e-08 0.0282319)
(7.59688e-08 -1.56957e-07 0.0334889)
(-7.46924e-08 -1.5713e-07 0.0334889)
(-1.97581e-07 -4.91046e-08 0.028232)
(-1.37571e-07 4.65378e-08 0.0188421)
(2.11588e-06 -1.84108e-06 0.133513)
(3.25578e-06 -4.77521e-06 0.190281)
(1.55922e-06 -6.98219e-06 0.218281)
(-1.54822e-06 -6.98275e-06 0.218281)
(-3.24699e-06 -4.77684e-06 0.190281)
(-2.1117e-06 -1.84227e-06 0.133513)
(1.94591e-06 -1.62903e-06 0.127367)
(2.98627e-06 -4.33985e-06 0.181531)
(1.42881e-06 -6.42954e-06 0.20871)
(-1.41833e-06 -6.4301e-06 0.20871)
(-2.97793e-06 -4.34143e-06 0.181532)
(-1.942e-06 -1.63021e-06 0.127368)
(1.7337e-06 -1.39354e-06 0.119343)
(2.6527e-06 -3.82068e-06 0.170201)
(1.26673e-06 -5.73331e-06 0.196202)
(-1.25707e-06 -5.73387e-06 0.196202)
(-2.64503e-06 -3.82218e-06 0.170201)
(-1.73015e-06 -1.39472e-06 0.119344)
(1.47219e-06 -1.11388e-06 0.108786)
(2.24551e-06 -3.17944e-06 0.155414)
(1.06829e-06 -4.84773e-06 0.179725)
(-1.0598e-06 -4.84826e-06 0.179725)
(-2.23877e-06 -3.18083e-06 0.155414)
(-1.4691e-06 -1.11501e-06 0.108787)
(1.15763e-06 -7.94401e-07 0.0948167)
(1.76017e-06 -2.409e-06 0.135946)
(8.31548e-07 -3.751e-06 0.157822)
(-8.2461e-07 -3.75148e-06 0.157822)
(-1.75463e-06 -2.41023e-06 0.135946)
(-1.15511e-06 -7.95439e-07 0.0948172)
(7.96603e-07 -4.55436e-07 0.0762572)
(1.20706e-06 -1.53653e-06 0.110066)
(5.62293e-07 -2.46686e-06 0.1284)
(-5.57285e-07 -2.46726e-06 0.128401)
(-1.20301e-06 -1.53752e-06 0.110066)
(-7.9476e-07 -4.56313e-07 0.0762576)
(4.18731e-07 -1.50432e-07 0.0515744)
(6.30703e-07 -6.70873e-07 0.0753227)
(2.84203e-07 -1.14152e-06 0.0884318)
(-2.81383e-07 -1.14178e-06 0.0884318)
(-6.28339e-07 -6.71537e-07 0.0753229)
(-4.17641e-07 -1.51027e-07 0.0515746)
(8.51823e-08 2.89188e-08 0.0188346)
(1.22485e-07 -3.0147e-08 0.0282213)
(4.67662e-08 -9.69635e-08 0.0334766)
(-4.61084e-08 -9.70509e-08 0.0334766)
(-1.21859e-07 -3.03771e-08 0.0282213)
(-8.488e-08 2.87141e-08 0.0188347)
(1.30838e-06 -1.13913e-06 0.133489)
(2.01349e-06 -2.95198e-06 0.190259)
(9.64827e-07 -4.31573e-06 0.218267)
(-9.57524e-07 -4.31602e-06 0.218267)
(-2.00797e-06 -2.95272e-06 0.19026)
(-1.30609e-06 -1.13935e-06 0.13349)
(1.20325e-06 -1.00803e-06 0.127344)
(1.84675e-06 -2.68292e-06 0.181509)
(8.8404e-07 -3.97413e-06 0.208693)
(-8.7725e-07 -3.97441e-06 0.208694)
(-1.84165e-06 -2.68362e-06 0.18151)
(-1.20119e-06 -1.00824e-06 0.127345)
(1.07199e-06 -8.62397e-07 0.119321)
(1.64035e-06 -2.36202e-06 0.170178)
(7.8364e-07 -3.54376e-06 0.196183)
(-7.77552e-07 -3.54402e-06 0.196183)
(-1.63579e-06 -2.36266e-06 0.170179)
(-1.07018e-06 -8.62609e-07 0.119322)
(9.10231e-07 -6.89439e-07 0.108765)
(1.38842e-06 -1.96568e-06 0.155391)
(6.60742e-07 -2.99639e-06 0.179705)
(-6.55567e-07 -2.99663e-06 0.179705)
(-1.38454e-06 -1.96625e-06 0.155392)
(-9.0872e-07 -6.89657e-07 0.108766)
(7.15668e-07 -4.91838e-07 0.0947975)
(1.08817e-06 -1.4895e-06 0.135924)
(5.1417e-07 -2.31859e-06 0.1578)
(-5.10124e-07 -2.3188e-06 0.1578)
(-1.08511e-06 -1.48998e-06 0.135924)
(-7.14496e-07 -4.92051e-07 0.094798)
(4.92393e-07 -2.82137e-07 0.076241)
(7.46067e-07 -9.5023e-07 0.110046)
(3.47542e-07 -1.525e-06 0.12838)
(-3.44802e-07 -1.52516e-06 0.12838)
(-7.43947e-07 -9.50599e-07 0.110046)
(-4.91589e-07 -2.82322e-07 0.0762414)
(2.58741e-07 -9.33762e-08 0.0515628)
(3.89687e-07 -4.15095e-07 0.0753074)
(1.75546e-07 -7.05918e-07 0.0884149)
(-1.74167e-07 -7.06016e-07 0.088415)
(-3.88553e-07 -4.15329e-07 0.0753076)
(-2.58322e-07 -9.3524e-08 0.051563)
(5.25611e-08 1.77706e-08 0.0188301)
(7.55607e-08 -1.87819e-08 0.0282147)
(2.88051e-08 -6.00831e-08 0.033469)
(-2.85929e-08 -6.01108e-08 0.033469)
(-7.53288e-08 -1.88575e-08 0.0282147)
(-5.24788e-08 1.77161e-08 0.0188302)
(8.09628e-07 -7.0555e-07 0.133475)
(1.24593e-06 -1.82687e-06 0.190246)
(5.97231e-07 -2.67037e-06 0.218258)
(-5.93088e-07 -2.67044e-06 0.218258)
(-1.24316e-06 -1.82694e-06 0.190247)
(-8.08911e-07 -7.05319e-07 0.133476)
(7.44535e-07 -6.24385e-07 0.12733)
(1.1427e-06 -1.66035e-06 0.181496)
(5.47139e-07 -2.45896e-06 0.208683)
(-5.43462e-07 -2.45902e-06 0.208683)
(-1.14029e-06 -1.66039e-06 0.181496)
(-7.43987e-07 -6.24155e-07 0.127331)
(6.6325e-07 -5.34205e-07 0.119307)
(1.01491e-06 -1.46173e-06 0.170164)
(4.849e-07 -2.19261e-06 0.196172)
(-4.81794e-07 -2.19265e-06 0.196172)
(-1.01293e-06 -1.46173e-06 0.170165)
(-6.62874e-07 -5.33984e-07 0.119308)
(5.63085e-07 -4.27106e-07 0.108752)
(8.58925e-07 -1.21643e-06 0.155377)
(4.08737e-07 -1.85387e-06 0.179692)
(-4.06306e-07 -1.85389e-06 0.179692)
(-8.5742e-07 -1.21639e-06 0.155378)
(-5.62873e-07 -4.26884e-07 0.108753)
(4.42626e-07 -3.04746e-07 0.0947856)
(6.73045e-07 -9.21727e-07 0.13591)
(3.1794e-07 -1.43444e-06 0.157787)
(-3.16268e-07 -1.43444e-06 0.157787)
(-6.72048e-07 -9.21648e-07 0.13591)
(-4.42563e-07 -3.04524e-07 0.0947862)
(3.04425e-07 -1.74887e-07 0.076231)
(4.61303e-07 -5.87997e-07 0.110034)
(2.14774e-07 -9.43399e-07 0.128367)
(-2.13887e-07 -9.43374e-07 0.128367)
(-4.60811e-07 -5.87887e-07 0.110034)
(-3.04484e-07 -1.74686e-07 0.0762314)
(1.59867e-07 -5.79711e-08 0.0515556)
(2.40808e-07 -2.56845e-07 0.0752979)
(1.08364e-07 -4.36624e-07 0.0884045)
(-1.0816e-07 -4.36587e-07 0.0884046)
(-2.4073e-07 -2.56734e-07 0.075298)
(-1.59983e-07 -5.77947e-08 0.0515559)
(3.24099e-08 1.09337e-08 0.0188272)
(4.66009e-08 -1.16223e-08 0.0282106)
(1.7703e-08 -3.71146e-08 0.0334643)
(-1.78544e-08 -3.70919e-08 0.0334643)
(-4.67137e-08 -1.15669e-08 0.0282107)
(-3.24974e-08 1.10121e-08 0.0188273)
(5.01066e-07 -4.37051e-07 0.133466)
(7.71171e-07 -1.13091e-06 0.190238)
(3.6964e-07 -1.65277e-06 0.218253)
(-3.67713e-07 -1.65267e-06 0.218253)
(-7.70155e-07 -1.13053e-06 0.190239)
(-5.01162e-07 -4.36345e-07 0.133467)
(4.6077e-07 -3.8679e-07 0.127321)
(7.07245e-07 -1.02782e-06 0.181487)
(3.38578e-07 -1.5219e-06 0.208677)
(-3.37039e-07 -1.52179e-06 0.208677)
(-7.06519e-07 -1.02743e-06 0.181488)
(-4.60987e-07 -3.86087e-07 0.127322)
(4.10444e-07 -3.3094e-07 0.119299)
(6.28109e-07 -9.04857e-07 0.170156)
(2.99997e-07 -1.35703e-06 0.196165)
(-2.9889e-07 -1.35691e-06 0.196165)
(-6.27683e-07 -9.04452e-07 0.170156)
(-4.10765e-07 -3.30252e-07 0.1193)
(3.48426e-07 -2.64613e-07 0.108744)
(5.31514e-07 -7.53e-07 0.155369)
(2.52801e-07 -1.14736e-06 0.179684)
(-2.52156e-07 -1.14723e-06 0.179684)
(-5.31384e-07 -7.52588e-07 0.155369)
(-3.48823e-07 -2.63964e-07 0.108745)
(2.73848e-07 -1.88833e-07 0.0947783)
(4.16418e-07 -5.70568e-07 0.135901)
(1.96563e-07 -8.87748e-07 0.157779)
(-1.96376e-07 -8.87613e-07 0.157779)
(-4.16557e-07 -5.70164e-07 0.135902)
(-2.74283e-07 -1.8825e-07 0.0947788)
(1.88302e-07 -1.08403e-07 0.0762247)
(2.85333e-07 -3.63982e-07 0.110026)
(1.32698e-07 -5.8383e-07 0.128359)
(-1.32907e-07 -5.837e-07 0.128359)
(-2.8567e-07 -3.63622e-07 0.110026)
(-1.88722e-07 -1.07911e-07 0.0762252)
(9.88458e-08 -3.59796e-08 0.0515511)
(1.48876e-07 -1.59006e-07 0.075292)
(6.68769e-08 -2.70199e-07 0.0883981)
(-6.73091e-08 -2.70095e-07 0.0883981)
(-1.49278e-07 -1.58736e-07 0.0752922)
(-9.91893e-08 -3.56534e-08 0.0515514)
(2.00134e-08 6.73567e-09 0.0188255)
(2.87621e-08 -7.21849e-09 0.0282081)
(1.08762e-08 -2.29775e-08 0.0334614)
(-1.11878e-08 -2.29345e-08 0.0334614)
(-2.90029e-08 -7.11368e-09 0.0282081)
(-2.01693e-08 6.85114e-09 0.0188256)
(3.10104e-07 -2.71164e-07 0.13346)
(4.77355e-07 -7.00755e-07 0.190233)
(2.28578e-07 -1.02369e-06 0.218249)
(-2.28385e-07 -1.0235e-06 0.21825)
(-4.77754e-07 -7.00112e-07 0.190234)
(-3.10936e-07 -2.70415e-07 0.133461)
(2.85143e-07 -2.4001e-07 0.127316)
(4.37755e-07 -6.36889e-07 0.181482)
(2.0931e-07 -9.42639e-07 0.208673)
(-2.09427e-07 -9.42438e-07 0.208673)
(-4.38378e-07 -6.36239e-07 0.181483)
(-2.86057e-07 -2.39271e-07 0.127316)
(2.53966e-07 -2.05382e-07 0.119294)
(3.8873e-07 -5.60703e-07 0.17015)
(1.8539e-07 -8.40513e-07 0.19616)
(-1.85819e-07 -8.40304e-07 0.19616)
(-3.89562e-07 -5.60053e-07 0.170151)
(-2.54932e-07 -2.04662e-07 0.119294)
(2.15548e-07 -1.64256e-07 0.108739)
(3.28893e-07 -4.66614e-07 0.155363)
(1.56146e-07 -7.10643e-07 0.17968)
(-1.56865e-07 -7.10425e-07 0.17968)
(-3.29893e-07 -4.65972e-07 0.155364)
(-2.16519e-07 -1.63554e-07 0.10874)
(1.69359e-07 -1.17267e-07 0.0947737)
(2.57603e-07 -3.5358e-07 0.135896)
(1.21319e-07 -5.49845e-07 0.157773)
(-1.22271e-07 -5.49627e-07 0.157774)
(-2.587e-07 -3.52968e-07 0.135896)
(-1.70277e-07 -1.16604e-07 0.0947743)
(1.16393e-07 -6.7385e-08 0.0762209)
(1.76432e-07 -2.25582e-07 0.110021)
(8.18028e-08 -3.61607e-07 0.128354)
(-8.28639e-08 -3.61403e-07 0.128354)
(-1.77512e-07 -2.25038e-07 0.110021)
(-1.17186e-07 -6.68111e-08 0.0762213)
(6.10415e-08 -2.24433e-08 0.0515484)
(9.1976e-08 -9.85757e-08 0.0752883)
(4.11271e-08 -1.67359e-07 0.0883941)
(-4.2074e-08 -1.672e-07 0.0883941)
(-9.28517e-08 -9.81723e-08 0.0752885)
(-6.16035e-08 -2.20062e-08 0.0515487)
(1.23205e-08 4.11973e-09 0.0188244)
(1.77131e-08 -4.50558e-09 0.0282065)
(6.61446e-09 -1.4241e-08 0.0334596)
(-7.07217e-09 -1.41775e-08 0.0334596)
(-1.81025e-08 -4.34658e-09 0.0282066)
(-1.25403e-08 4.29159e-09 0.0188245)
(1.91986e-07 -1.68366e-07 0.133457)
(2.95469e-07 -4.3447e-07 0.19023)
(1.41254e-07 -6.34309e-07 0.218247)
(-1.42031e-07 -6.34061e-07 0.218247)
(-2.96517e-07 -4.33715e-07 0.190231)
(-1.92984e-07 -1.67437e-07 0.133458)
(1.76521e-07 -1.49041e-07 0.127312)
(2.70931e-07 -3.94878e-07 0.181479)
(1.29304e-07 -5.84082e-07 0.208671)
(-1.30308e-07 -5.83828e-07 0.208671)
(-2.72134e-07 -3.94126e-07 0.181479)
(-1.77568e-07 -1.48119e-07 0.127313)
(1.57203e-07 -1.27555e-07 0.11929)
(2.40555e-07 -3.47644e-07 0.170147)
(1.1448e-07 -5.20797e-07 0.196157)
(-1.15687e-07 -5.2054e-07 0.196158)
(-2.41877e-07 -3.46904e-07 0.170148)
(-1.58264e-07 -1.26652e-07 0.119291)
(1.334e-07 -1.02037e-07 0.108736)
(2.03482e-07 -2.89312e-07 0.15536)
(9.63683e-08 -4.40322e-07 0.179677)
(-9.77284e-08 -4.40065e-07 0.179677)
(-2.04865e-07 -2.88597e-07 0.15536)
(-1.3443e-07 -1.01182e-07 0.108737)
(1.04786e-07 -7.28758e-08 0.0947709)
(1.59324e-07 -2.19236e-07 0.135893)
(7.48169e-08 -3.40684e-07 0.15777)
(-7.62435e-08 -3.40437e-07 0.15777)
(-1.60685e-07 -2.18573e-07 0.135893)
(-1.05729e-07 -7.21048e-08 0.0947714)
(7.19858e-08 -4.19123e-08 0.0762185)
(1.09062e-07 -1.39885e-07 0.110018)
(5.03862e-08 -2.24047e-07 0.128351)
(-5.17393e-08 -2.23828e-07 0.128351)
(-1.10276e-07 -1.39319e-07 0.110018)
(-7.27694e-08 -4.12635e-08 0.0762189)
(3.77241e-08 -1.4004e-08 0.0515467)
(5.67975e-08 -6.1148e-08 0.0752861)
(2.52744e-08 -1.03694e-07 0.0883916)
(-2.63339e-08 -1.03533e-07 0.0883917)
(-5.76982e-08 -6.07457e-08 0.0752863)
(-3.8276e-08 -1.35721e-08 0.051547)
(7.59427e-09 2.5247e-09 0.0188237)
(1.08973e-08 -2.81644e-09 0.0282056)
(4.02528e-09 -8.82689e-09 0.0334585)
(-4.47329e-09 -8.76628e-09 0.0334585)
(-1.12617e-08 -2.66682e-09 0.0282056)
(-7.80399e-09 2.67544e-09 0.0188238)
(1.18728e-07 -1.04689e-07 0.133455)
(1.82753e-07 -2.69573e-07 0.190228)
(8.70929e-08 -3.93242e-07 0.218246)
(-8.85542e-08 -3.92995e-07 0.218246)
(-1.84318e-07 -2.68814e-07 0.190229)
(-1.19964e-07 -1.0394e-07 0.133456)
(1.09146e-07 -9.26945e-08 0.12731)
(1.67549e-07 -2.45017e-07 0.181477)
(7.96823e-08 -3.62105e-07 0.208669)
(-8.13033e-08 -3.61851e-07 0.208669)
(-1.6922e-07 -2.44263e-07 0.181477)
(-1.10407e-07 -9.19567e-08 0.127311)
(9.71761e-08 -7.9353e-08 0.119288)
(1.48729e-07 -2.15715e-07 0.170145)
(7.04975e-08 -3.22868e-07 0.196156)
(-7.22407e-08 -3.2261e-07 0.196156)
(-1.50464e-07 -2.14975e-07 0.170146)
(-9.84275e-08 -7.86334e-08 0.119289)
(8.24296e-08 -6.35064e-08 0.108734)
(1.25764e-07 -1.79528e-07 0.155358)
(5.92881e-08 -2.72974e-07 0.179675)
(-6.1089e-08 -2.72715e-07 0.179675)
(-1.275e-07 -1.78814e-07 0.155358)
(-8.3621e-08 -6.28052e-08 0.108735)
(6.47109e-08 -4.5395e-08 0.0947691)
(9.84187e-08 -1.36057e-07 0.135891)
(4.59646e-08 -2.11201e-07 0.157768)
(-4.77251e-08 -2.1095e-07 0.157768)
(-1.00061e-07 -1.35391e-07 0.135891)
(-6.57821e-08 -4.47352e-08 0.0947697)
(4.44112e-08 -2.61576e-08 0.076217)
(6.73108e-08 -8.6829e-08 0.110016)
(3.08835e-08 -1.38891e-07 0.128349)
(-3.24548e-08 -1.38667e-07 0.128349)
(-6.87349e-08 -8.62537e-08 0.110017)
(-4.52923e-08 -2.55913e-08 0.0762174)
(2.32319e-08 -8.79852e-09 0.0515456)
(3.49952e-08 -3.79793e-08 0.0752847)
(1.54189e-08 -6.42818e-08 0.0883901)
(-1.65857e-08 -6.4115e-08 0.0883901)
(-3.60234e-08 -3.75637e-08 0.0752849)
(-2.38261e-08 -8.37217e-09 0.0515459)
(4.64908e-09 1.5249e-09 0.0188233)
(6.67305e-09 -1.77283e-09 0.028205)
(2.40141e-09 -5.47665e-09 0.0334578)
(-2.86538e-09 -5.41279e-09 0.0334578)
(-7.07157e-09 -1.61356e-09 0.028205)
(-4.86434e-09 1.68978e-09 0.0188234)
(7.34792e-08 -6.51228e-08 0.133453)
(1.13017e-07 -1.6735e-07 0.190227)
(5.36616e-08 -2.4388e-07 0.218245)
(-5.52784e-08 -2.43637e-07 0.218245)
(-1.14565e-07 -1.66652e-07 0.190228)
(-7.45415e-08 -6.43293e-08 0.133454)
(6.75438e-08 -5.76719e-08 0.127309)
(1.03598e-07 -1.5211e-07 0.181476)
(4.90715e-08 -2.24568e-07 0.208668)
(-5.07868e-08 -2.24323e-07 0.208669)
(-1.05203e-07 -1.51421e-07 0.181476)
(-6.86125e-08 -5.68856e-08 0.12731)
(6.01291e-08 -4.93816e-08 0.119287)
(9.19404e-08 -1.33921e-07 0.170144)
(4.33891e-08 -2.00231e-07 0.196155)
(-4.51597e-08 -1.99987e-07 0.196155)
(-9.35583e-08 -1.33251e-07 0.170144)
(-6.11729e-08 -4.86109e-08 0.119288)
(5.09945e-08 -3.95337e-08 0.108733)
(7.77184e-08 -1.1146e-07 0.155356)
(3.64619e-08 -1.69286e-07 0.179673)
(-3.82208e-08 -1.69047e-07 0.179674)
(-7.92856e-08 -1.1082e-07 0.155357)
(-5.19742e-08 -3.88066e-08 0.108734)
(4.00194e-08 -2.82761e-08 0.0947681)
(6.07898e-08 -8.44764e-08 0.13589)
(2.82383e-08 -1.30974e-07 0.157767)
(-2.98906e-08 -1.30749e-07 0.157767)
(-6.22263e-08 -8.38934e-08 0.13589)
(-4.08881e-08 -2.76233e-08 0.0947686)
(2.74518e-08 -1.63132e-08 0.0762161)
(4.15417e-08 -5.39219e-08 0.110015)
(1.89429e-08 -8.6131e-08 0.128348)
(-2.03574e-08 -8.5938e-08 0.128348)
(-4.27378e-08 -5.34349e-08 0.110016)
(-2.81519e-08 -1.57696e-08 0.0762165)
(1.43473e-08 -5.51296e-09 0.051545)
(2.15649e-08 -2.36016e-08 0.0752838)
(9.42974e-09 -3.98669e-08 0.0883891)
(-1.04308e-08 -3.97298e-08 0.0883892)
(-2.23909e-08 -2.32618e-08 0.075284)
(-1.48248e-08 -5.15954e-09 0.0515452)
(2.86146e-09 9.2969e-10 0.018823)
(4.08851e-09 -1.11681e-09 0.0282046)
(1.45036e-09 -3.39978e-09 0.0334574)
(-1.8225e-09 -3.34978e-09 0.0334574)
(-4.39161e-09 -9.94337e-10 0.0282046)
(-3.03335e-09 1.04975e-09 0.0188231)
(4.5355e-08 -4.06037e-08 0.133453)
(6.97832e-08 -1.04012e-07 0.190226)
(3.29127e-08 -1.51384e-07 0.218245)
(-3.46642e-08 -1.51174e-07 0.218245)
(-7.14158e-08 -1.03399e-07 0.190227)
(-4.6457e-08 -4.00296e-08 0.133453)
(4.16802e-08 -3.59725e-08 0.127308)
(6.39512e-08 -9.45466e-08 0.181475)
(3.00713e-08 -1.39397e-07 0.208668)
(-3.18791e-08 -1.39184e-07 0.208668)
(-6.56132e-08 -9.39401e-08 0.181475)
(-4.27774e-08 -3.5408e-08 0.127309)
(3.70887e-08 -3.08159e-08 0.119286)
(5.67337e-08 -8.3246e-08 0.170143)
(2.65587e-08 -1.24288e-07 0.196154)
(-2.83801e-08 -1.24075e-07 0.196154)
(-5.83858e-08 -8.26547e-08 0.170143)
(-3.81534e-08 -3.02662e-08 0.119287)
(3.14329e-08 -2.46893e-08 0.108732)
(4.79311e-08 -6.92904e-08 0.155356)
(2.22834e-08 -1.05078e-07 0.179673)
(-2.40549e-08 -1.04866e-07 0.179673)
(-4.95167e-08 -6.87251e-08 0.155356)
(-3.24268e-08 -2.41526e-08 0.108733)
(2.46428e-08 -1.76841e-08 0.0947674)
(3.74582e-08 -5.25251e-08 0.135889)
(1.72166e-08 -8.12949e-08 0.157766)
(-1.88506e-08 -8.10949e-08 0.157767)
(-3.88991e-08 -5.20039e-08 0.135889)
(-2.55207e-08 -1.71789e-08 0.0947679)
(1.68743e-08 -1.02369e-08 0.0762155)
(2.55608e-08 -3.35409e-08 0.110015)
(1.15024e-08 -5.34607e-08 0.128347)
(-1.28792e-08 -5.32841e-08 0.128347)
(-2.67612e-08 -3.30945e-08 0.110015)
(-1.75851e-08 -9.80845e-09 0.0762159)
(8.79109e-09 -3.50014e-09 0.0515446)
(1.3232e-08 -1.46981e-08 0.0752833)
(5.67722e-09 -2.4747e-08 0.0883885)
(-6.64042e-09 -2.46189e-08 0.0883886)
(-1.40638e-08 -1.43798e-08 0.0752835)
(-9.26155e-09 -3.17864e-09 0.0515448)
(1.73452e-09 5.48381e-10 0.0188229)
(2.48272e-09 -7.11979e-10 0.0282044)
(8.35564e-10 -2.11416e-09 0.0334571)
(-1.19003e-09 -2.06574e-09 0.0334571)
(-2.78741e-09 -5.91292e-10 0.0282044)
(-1.89905e-09 6.72732e-10 0.018823)
(2.80467e-08 -2.52873e-08 0.133452)
(4.30881e-08 -6.46491e-08 0.190226)
(2.0179e-08 -9.39747e-08 0.218244)
(-2.17491e-08 -9.379e-08 0.218245)
(-4.4459e-08 -6.41443e-08 0.190226)
(-2.88993e-08 -2.47128e-08 0.133453)
(2.57749e-08 -2.24065e-08 0.127308)
(3.94813e-08 -5.87672e-08 0.181474)
(1.84268e-08 -8.65321e-08 0.208667)
(-2.00161e-08 -8.63471e-08 0.208668)
(-4.08514e-08 -5.82703e-08 0.181475)
(-2.66128e-08 -2.18387e-08 0.127308)
(2.2935e-08 -1.91985e-08 0.119286)
(3.50177e-08 -5.17428e-08 0.170143)
(1.62639e-08 -7.71505e-08 0.196154)
(-1.78323e-08 -7.69675e-08 0.196154)
(-3.63509e-08 -5.12622e-08 0.170143)
(-2.37359e-08 -1.86425e-08 0.119286)
(1.94359e-08 -1.53864e-08 0.108732)
(2.95748e-08 -4.30694e-08 0.155355)
(1.3635e-08 -6.5222e-08 0.179672)
(-1.5126e-08 -6.50461e-08 0.179672)
(-3.08217e-08 -4.26143e-08 0.155356)
(-2.01733e-08 -1.48655e-08 0.108732)
(1.52334e-08 -1.10263e-08 0.094767)
(2.31012e-08 -3.26494e-08 0.135888)
(1.05238e-08 -5.04565e-08 0.157766)
(-1.18631e-08 -5.02944e-08 0.157766)
(-2.42037e-08 -3.22398e-08 0.135889)
(-1.58756e-08 -1.05631e-08 0.0947675)
(1.04282e-08 -6.3894e-09 0.0762152)
(1.57511e-08 -2.08528e-08 0.110014)
(7.02084e-09 -3.31788e-08 0.128347)
(-8.11381e-09 -3.30423e-08 0.128347)
(-1.66324e-08 -2.05161e-08 0.110014)
(-1.09359e-08 -6.00678e-09 0.0762156)
(5.43039e-09 -2.19444e-09 0.0515443)
(8.14231e-09 -9.14449e-09 0.075283)
(3.4577e-09 -1.53593e-08 0.0883882)
(-4.18967e-09 -1.5265e-08 0.0883882)
(-8.72244e-09 -8.91533e-09 0.0752831)
(-5.77076e-09 -1.9541e-09 0.0515446)
(1.06953e-09 3.3468e-10 0.0188228)
(1.51984e-09 -4.49354e-10 0.0282042)
(5.05595e-10 -1.31323e-09 0.0334569)
(-7.55501e-10 -1.27998e-09 0.033457)
(-1.71688e-09 -3.69487e-10 0.0282043)
(-1.18743e-09 4.1379e-10 0.0188229)
(1.7256e-08 -1.57716e-08 0.133452)
(2.65742e-08 -4.02118e-08 0.190226)
(1.23418e-08 -5.83887e-08 0.218244)
(-1.36659e-08 -5.82427e-08 0.218244)
(-2.7686e-08 -3.9846e-08 0.190226)
(-1.79816e-08 -1.53151e-08 0.133453)
(1.58538e-08 -1.39793e-08 0.127307)
(2.43466e-08 -3.65518e-08 0.181474)
(1.12644e-08 -5.376e-08 0.208667)
(-1.25846e-08 -5.36142e-08 0.208667)
(-2.54422e-08 -3.619e-08 0.181475)
(-1.65589e-08 -1.35228e-08 0.127308)
(1.40997e-08 -1.1982e-08 0.119285)
(2.15894e-08 -3.21802e-08 0.170142)
(9.93611e-09 -4.79241e-08 0.196153)
(-1.12182e-08 -4.77809e-08 0.196154)
(-2.26389e-08 -3.18278e-08 0.170143)
(-1.47669e-08 -1.15296e-08 0.119286)
(1.19377e-08 -9.60942e-09 0.108732)
(1.82274e-08 -2.67834e-08 0.155355)
(8.32346e-09 -4.05074e-08 0.179672)
(-9.52123e-09 -4.03704e-08 0.179672)
(-1.91909e-08 -2.64484e-08 0.155355)
(-1.25465e-08 -9.17533e-09 0.108732)
(9.34344e-09 -6.89636e-09 0.0947667)
(1.423e-08 -2.03024e-08 0.135888)
(6.41732e-09 -3.1329e-08 0.157766)
(-7.47199e-09 -3.12052e-08 0.157766)
(-1.50615e-08 -1.99985e-08 0.135888)
(-9.8701e-09 -6.50551e-09 0.0947672)
(6.38078e-09 -4.01121e-09 0.0762149)
(9.69424e-09 -1.29653e-08 0.110014)
(4.27399e-09 -2.05935e-08 0.128346)
(-5.11442e-09 -2.0491e-08 0.128346)
(-1.0341e-08 -1.27177e-08 0.110014)
(-6.79973e-09 -3.69791e-09 0.0762154)
(3.30919e-09 -1.39532e-09 0.0515441)
(5.00423e-09 -5.68516e-09 0.0752827)
(2.09758e-09 -9.52588e-09 0.088388)
(-2.64573e-09 -9.45695e-09 0.088388)
(-5.41794e-09 -5.5218e-09 0.0752829)
(-3.59126e-09 -1.20587e-09 0.0515444)
(6.43665e-10 1.95106e-10 0.0188227)
(9.31372e-10 -2.80523e-10 0.0282041)
(3.01788e-10 -8.11614e-10 0.0334568)
(-4.82438e-10 -7.88377e-10 0.0334568)
(-1.06552e-09 -2.25727e-10 0.0282042)
(-7.39787e-10 2.55797e-10 0.0188228)
(1.09229e-08 -9.92101e-09 0.133452)
(1.65853e-08 -2.51121e-08 0.190226)
(7.66721e-09 -3.64042e-08 0.218244)
(-8.53079e-09 -3.63225e-08 0.218244)
(-1.72975e-08 -2.48942e-08 0.190226)
(-1.12492e-08 -9.77162e-09 0.133452)
(1.00481e-08 -8.79368e-09 0.127307)
(1.52106e-08 -2.28193e-08 0.181474)
(7.00696e-09 -3.35134e-08 0.208667)
(-7.85473e-09 -3.34345e-08 0.208667)
(-1.59075e-08 -2.26139e-08 0.181474)
(-1.03642e-08 -8.6563e-09 0.127308)
(8.95141e-09 -7.53548e-09 0.119285)
(1.35061e-08 -2.00802e-08 0.170142)
(6.19211e-09 -2.98686e-08 0.196153)
(-6.99926e-09 -2.97932e-08 0.196153)
(-1.41688e-08 -1.98915e-08 0.170142)
(-9.24674e-09 -7.40671e-09 0.119286)
(7.59744e-09 -6.04214e-09 0.108731)
(1.14241e-08 -1.67008e-08 0.155355)
(5.20148e-09 -2.52379e-08 0.179672)
(-5.93603e-09 -2.51675e-08 0.179672)
(-1.20271e-08 -1.65322e-08 0.155355)
(-7.85829e-09 -5.9162e-09 0.108732)
(5.9664e-09 -4.32813e-09 0.0947665)
(8.94413e-09 -1.26455e-08 0.135888)
(4.02817e-09 -1.95107e-08 0.157765)
(-4.65219e-09 -1.94496e-08 0.157766)
(-9.45755e-09 -1.25002e-08 0.135888)
(-6.18051e-09 -4.21293e-09 0.0947671)
(4.09204e-09 -2.48875e-09 0.0762148)
(6.11905e-09 -8.05427e-09 0.110014)
(2.70381e-09 -1.28124e-08 0.128346)
(-3.17512e-09 -1.27634e-08 0.128346)
(-6.51077e-09 -7.93863e-09 0.110014)
(-4.24773e-09 -2.39467e-09 0.0762152)
(2.13464e-09 -8.2775e-10 0.051544)
(3.18063e-09 -3.50619e-09 0.0752826)
(1.34903e-09 -5.91128e-09 0.0883878)
(-1.62992e-09 -5.88059e-09 0.0883879)
(-3.42145e-09 -3.4299e-09 0.0752828)
(-2.22539e-09 -7.6612e-10 0.0515443)
(4.26467e-10 1.47613e-10 0.0188227)
(6.06607e-10 -1.56648e-10 0.0282041)
(2.11347e-10 -4.96419e-10 0.0334568)
(-2.85263e-10 -4.86618e-10 0.0334568)
(-6.78613e-10 -1.31078e-10 0.0282041)
(-4.51585e-10 1.66726e-10 0.0188228)
(6.72631e-09 -6.15345e-09 0.133452)
(1.02116e-08 -1.56375e-08 0.190225)
(4.66782e-09 -2.2645e-08 0.218244)
(-5.39354e-09 -2.25772e-08 0.218244)
(-1.08181e-08 -1.54499e-08 0.190226)
(-7.04999e-09 -5.95777e-09 0.133452)
(6.184e-09 -5.45393e-09 0.127307)
(9.36044e-09 -1.42111e-08 0.181474)
(4.26196e-09 -2.08455e-08 0.208667)
(-4.97054e-09 -2.0778e-08 0.208667)
(-9.95201e-09 -1.40286e-08 0.181474)
(-6.49619e-09 -5.24951e-09 0.127308)
(5.50293e-09 -4.67486e-09 0.119285)
(8.30371e-09 -1.25076e-08 0.170142)
(3.76071e-09 -1.85779e-08 0.196153)
(-4.43423e-09 -1.85115e-08 0.196153)
(-8.86448e-09 -1.23322e-08 0.170142)
(-5.79654e-09 -4.46075e-09 0.119286)
(4.66119e-09 -3.74956e-09 0.108731)
(7.01175e-09 -1.04068e-08 0.155355)
(3.15091e-09 -1.56982e-08 0.179672)
(-3.76651e-09 -1.56342e-08 0.179672)
(-7.52305e-09 -1.02409e-08 0.155355)
(-4.92805e-09 -3.53661e-09 0.108732)
(3.65007e-09 -2.69173e-09 0.0947664)
(5.47211e-09 -7.88636e-09 0.135888)
(2.42859e-09 -1.21375e-08 0.157765)
(-2.95921e-09 -1.20794e-08 0.157765)
(-5.91048e-09 -7.73693e-09 0.135888)
(-3.87993e-09 -2.48906e-09 0.094767)
(2.49274e-09 -1.56545e-09 0.0762147)
(3.72242e-09 -5.03427e-09 0.110014)
(1.61417e-09 -7.97444e-09 0.128346)
(-2.0295e-09 -7.92493e-09 0.128346)
(-4.06424e-09 -4.91188e-09 0.110014)
(-2.68036e-09 -1.40686e-09 0.0762151)
(1.2909e-09 -5.42497e-10 0.051544)
(1.91191e-09 -2.20655e-09 0.0752825)
(7.86107e-10 -3.68413e-09 0.0883877)
(-1.05488e-09 -3.65126e-09 0.0883878)
(-2.13595e-09 -2.12484e-09 0.0752827)
(-1.42332e-09 -4.47942e-10 0.0515443)
(2.49936e-10 7.67936e-11 0.0188227)
(3.47007e-10 -1.11253e-10 0.028204)
(1.0685e-10 -3.13874e-10 0.0334567)
(-1.97191e-10 -3.01536e-10 0.0334567)
(-4.24826e-10 -8.12983e-11 0.0282041)
(-2.98404e-10 1.07499e-10 0.0188227)
(4.23252e-09 -3.82118e-09 0.133451)
(6.33443e-09 -9.75379e-09 0.190225)
(2.8389e-09 -1.41175e-08 0.218244)
(-3.44661e-09 -1.40723e-08 0.218244)
(-6.79848e-09 -9.63163e-09 0.190226)
(-4.4372e-09 -3.74158e-09 0.133452)
(3.89774e-09 -3.38304e-09 0.127307)
(5.81006e-09 -8.8629e-09 0.181474)
(2.59126e-09 -1.29958e-08 0.208667)
(-3.18098e-09 -1.29501e-08 0.208667)
(-6.25677e-09 -8.7448e-09 0.181474)
(-4.09279e-09 -3.31351e-09 0.127308)
(3.47585e-09 -2.89502e-09 0.119285)
(5.15759e-09 -7.79912e-09 0.170142)
(2.28506e-09 -1.15822e-08 0.196153)
(-2.8434e-09 -1.1537e-08 0.196153)
(-5.57806e-09 -7.68694e-09 0.170142)
(-3.6567e-09 -2.84007e-09 0.119286)
(2.95263e-09 -2.31572e-09 0.108731)
(4.35836e-09 -6.48729e-09 0.155354)
(1.91236e-09 -9.78741e-09 0.179672)
(-2.42223e-09 -9.743e-09 0.179672)
(-4.74092e-09 -6.38359e-09 0.155355)
(-3.11431e-09 -2.28109e-09 0.108732)
(2.32043e-09 -1.65402e-09 0.0947664)
(3.40474e-09 -4.91352e-09 0.135888)
(1.47094e-09 -7.56778e-09 0.157765)
(-1.91165e-09 -7.52565e-09 0.157765)
(-3.73844e-09 -4.82227e-09 0.135888)
(-2.45585e-09 -1.63605e-09 0.0947669)
(1.59527e-09 -9.50755e-10 0.0762147)
(2.31958e-09 -3.13492e-09 0.110014)
(9.74392e-10 -4.97277e-09 0.128346)
(-1.32173e-09 -4.93683e-09 0.128346)
(-2.58418e-09 -3.05846e-09 0.110014)
(-1.68918e-09 -9.21678e-10 0.0762151)
(8.36613e-10 -3.18282e-10 0.0515439)
(1.19611e-09 -1.37386e-09 0.0752825)
(4.72451e-10 -2.3005e-09 0.0883877)
(-6.96707e-10 -2.27368e-09 0.0883877)
(-1.36684e-09 -1.3152e-09 0.0752827)
(-8.86938e-10 -2.87452e-10 0.0515442)
(1.68588e-10 5.69107e-11 0.0188226)
(2.20435e-10 -6.78065e-11 0.028204)
(6.35335e-11 -1.96438e-10 0.0334567)
(-1.35879e-10 -1.86257e-10 0.0334567)
(-2.76646e-10 -4.50611e-11 0.0282041)
(-1.81922e-10 6.97594e-11 0.0188227)
(2.58858e-09 -2.40535e-09 0.133451)
(3.92463e-09 -6.10981e-09 0.190225)
(1.73141e-09 -8.84837e-09 0.218244)
(-2.1806e-09 -8.83223e-09 0.218244)
(-4.30966e-09 -6.0492e-09 0.190226)
(-2.80704e-09 -2.45213e-09 0.133452)
(2.38116e-09 -2.13163e-09 0.127307)
(3.60265e-09 -5.55167e-09 0.181474)
(1.58195e-09 -8.14454e-09 0.208667)
(-2.0106e-09 -8.12854e-09 0.208667)
(-3.97334e-09 -5.49375e-09 0.181474)
(-2.59109e-09 -2.18029e-09 0.127308)
(2.11898e-09 -1.82595e-09 0.119285)
(3.20079e-09 -4.88398e-09 0.170142)
(1.39661e-09 -7.25654e-09 0.196153)
(-1.79475e-09 -7.24052e-09 0.196153)
(-3.55051e-09 -4.8296e-09 0.170142)
(-2.3167e-09 -1.87588e-09 0.119286)
(1.79351e-09 -1.46333e-09 0.108731)
(2.7071e-09 -4.06045e-09 0.155354)
(1.17058e-09 -6.12894e-09 0.179672)
(-1.52561e-09 -6.11203e-09 0.179672)
(-3.02786e-09 -4.01e-09 0.155355)
(-1.97245e-09 -1.50238e-09 0.108732)
(1.40265e-09 -1.0498e-09 0.0947663)
(2.11693e-09 -3.07353e-09 0.135888)
(9.02397e-10 -4.7357e-09 0.157765)
(-1.19947e-09 -4.71924e-09 0.157765)
(-2.39459e-09 -3.0262e-09 0.135888)
(-1.55454e-09 -1.0712e-09 0.0947669)
(9.55062e-10 -6.11412e-10 0.0762146)
(1.44471e-09 -1.95814e-09 0.110013)
(6.00308e-10 -3.1072e-09 0.128346)
(-8.21917e-10 -3.09249e-09 0.128346)
(-1.66618e-09 -1.91449e-09 0.110014)
(-1.07211e-09 -6.16185e-10 0.0762151)
(4.92644e-10 -2.12519e-10 0.0515439)
(7.47465e-10 -8.54452e-10 0.0752825)
(2.93819e-10 -1.43252e-09 0.0883876)
(-4.24428e-10 -1.42078e-09 0.0883877)
(-8.90274e-10 -8.206e-10 0.0752826)
(-5.56965e-10 -1.84865e-10 0.0515442)
(9.46786e-11 2.90377e-11 0.0188226)
(1.41017e-10 -3.98306e-11 0.028204)
(4.18727e-11 -1.20554e-10 0.0334567)
(-7.42081e-11 -1.15588e-10 0.0334567)
(-1.84173e-10 -2.48647e-11 0.0282041)
(-1.11943e-10 4.83128e-11 0.0188227)
(1.65665e-09 -1.47055e-09 0.133451)
(2.47437e-09 -3.78982e-09 0.190225)
(1.1022e-09 -5.5042e-09 0.218244)
(-1.34195e-09 -5.48568e-09 0.218244)
(-2.62345e-09 -3.75856e-09 0.190226)
(-1.68927e-09 -1.37263e-09 0.133452)
(1.52931e-09 -1.29993e-09 0.127307)
(2.27643e-09 -3.44266e-09 0.181474)
(1.01351e-09 -5.06631e-09 0.208667)
(-1.23277e-09 -5.049e-09 0.208667)
(-2.40753e-09 -3.41283e-09 0.181474)
(-1.55431e-09 -1.20011e-09 0.127308)
(1.36736e-09 -1.10997e-09 0.119285)
(2.02829e-09 -3.02744e-09 0.170142)
(9.02534e-10 -4.51425e-09 0.196153)
(-1.09459e-09 -4.49853e-09 0.196153)
(-2.13586e-09 -2.99994e-09 0.170142)
(-1.38339e-09 -1.00913e-09 0.119286)
(1.16496e-09 -8.84611e-10 0.108731)
(1.72206e-09 -2.51528e-09 0.155354)
(7.65622e-10 -3.81282e-09 0.179672)
(-9.23022e-10 -3.80013e-09 0.179672)
(-1.80009e-09 -2.4913e-09 0.155355)
(-1.17279e-09 -7.96297e-10 0.108732)
(9.18489e-10 -6.2768e-10 0.0947663)
(1.35406e-09 -1.90193e-09 0.135888)
(6.00912e-10 -2.94572e-09 0.157765)
(-7.16818e-10 -2.93688e-09 0.157765)
(-1.40094e-09 -1.88411e-09 0.135888)
(-9.19617e-10 -5.60382e-10 0.0947668)
(6.35329e-10 -3.56124e-10 0.0762146)
(9.31713e-10 -1.21015e-09 0.110013)
(4.11793e-10 -1.93476e-09 0.128346)
(-4.8255e-10 -1.93013e-09 0.128346)
(-9.4473e-10 -1.20272e-09 0.110014)
(-6.30099e-10 -3.09627e-10 0.076215)
(3.37779e-10 -1.1511e-10 0.0515439)
(4.89728e-10 -5.27617e-10 0.0752824)
(2.13619e-10 -8.95164e-10 0.0883876)
(-2.41575e-10 -8.9399e-10 0.0883877)
(-4.79422e-10 -5.28484e-10 0.0752826)
(-3.37762e-10 -1.1057e-10 0.0515442)
(7.08204e-11 2.53284e-11 0.0188226)
(9.64012e-11 -2.30764e-11 0.028204)
(3.94413e-11 -7.58459e-11 0.0334567)
(-3.906e-11 -7.64358e-11 0.0334567)
(-8.40288e-11 -2.71566e-11 0.028204)
(-7.05149e-11 1.82976e-11 0.0188227)
(8.5589e-10 -9.05189e-10 0.133451)
(1.3971e-09 -2.40622e-09 0.190225)
(5.66195e-10 -3.48107e-09 0.218244)
(-9.56703e-10 -3.4733e-09 0.218244)
(-1.73584e-09 -2.41879e-09 0.190226)
(-1.0879e-09 -9.36684e-10 0.133452)
(7.81079e-10 -7.99879e-10 0.127307)
(1.27416e-09 -2.19079e-09 0.181474)
(5.11694e-10 -3.20694e-09 0.208667)
(-8.89672e-10 -3.19936e-09 0.208667)
(-1.60171e-09 -2.20285e-09 0.181474)
(-1.00293e-09 -8.32892e-10 0.127308)
(6.86215e-10 -6.83813e-10 0.119285)
(1.12034e-09 -1.9316e-09 0.170142)
(4.43744e-10 -2.85995e-09 0.196153)
(-8.04448e-10 -2.85195e-09 0.196153)
(-1.43299e-09 -1.94185e-09 0.170142)
(-8.94017e-10 -7.10364e-10 0.119286)
(5.68516e-10 -5.4516e-10 0.108731)
(9.31678e-10 -1.61166e-09 0.155354)
(3.60633e-10 -2.41752e-09 0.179672)
(-6.9757e-10 -2.40962e-09 0.179672)
(-1.22257e-09 -1.61898e-09 0.155355)
(-7.56889e-10 -5.54911e-10 0.108732)
(4.30634e-10 -3.93955e-10 0.0947663)
(7.07105e-10 -1.22758e-09 0.135887)
(2.62764e-10 -1.87106e-09 0.157765)
(-5.67686e-10 -1.86234e-09 0.157765)
(-9.66325e-10 -1.22213e-09 0.135888)
(-5.92492e-10 -3.87199e-10 0.0947668)
(2.81651e-10 -2.49792e-10 0.0762146)
(4.58771e-10 -7.94479e-10 0.110013)
(1.54932e-10 -1.23315e-09 0.128346)
(-4.115e-10 -1.22176e-09 0.128346)
(-6.69381e-10 -7.6078e-10 0.110014)
(-4.07038e-10 -2.19347e-10 0.076215)
(1.36832e-10 -1.14593e-10 0.0515439)
(2.15668e-10 -3.64157e-10 0.0752824)
(5.45926e-11 -5.76154e-10 0.0883876)
(-2.36108e-10 -5.59695e-10 0.0883877)
(-3.58736e-10 -3.13169e-10 0.0752826)
(-2.14667e-10 -7.04704e-11 0.0515442)
(1.85332e-11 -7.02934e-12 0.0188226)
(2.59305e-11 -2.95529e-11 0.028204)
(-8.25776e-12 -5.25635e-11 0.0334567)
(-6.0358e-11 -4.33868e-11 0.0334567)
(-7.90931e-11 -3.26544e-12 0.028204)
(-4.46226e-11 1.63128e-11 0.0188227)
(7.00752e-10 -4.84698e-10 0.133451)
(1.01293e-09 -1.41765e-09 0.190225)
(4.64544e-10 -2.11022e-09 0.218244)
(-4.88278e-10 -2.11873e-09 0.218244)
(-1.02678e-09 -1.40427e-09 0.190226)
(-6.94606e-10 -4.92577e-10 0.133452)
(6.54263e-10 -4.20675e-10 0.127307)
(9.41404e-10 -1.28224e-09 0.181474)
(4.36327e-10 -1.93964e-09 0.208667)
(-4.39395e-10 -1.94744e-09 0.208667)
(-9.4143e-10 -1.26906e-09 0.181474)
(-6.43656e-10 -4.20369e-10 0.127308)
(5.93874e-10 -3.50357e-10 0.119285)
(8.50708e-10 -1.12061e-09 0.170142)
(4.00439e-10 -1.72484e-09 0.196153)
(-3.77733e-10 -1.7311e-09 0.196153)
(-8.32577e-10 -1.10703e-09 0.170142)
(-5.78475e-10 -3.40704e-10 0.119286)
(5.16799e-10 -2.67899e-10 0.108731)
(7.37458e-10 -9.22501e-10 0.155354)
(3.55413e-10 -1.45195e-09 0.179672)
(-3.0108e-10 -1.45794e-09 0.179672)
(-6.98508e-10 -9.05545e-10 0.155355)
(-4.97544e-10 -2.57932e-10 0.108732)
(4.21018e-10 -1.75212e-10 0.0947663)
(5.99416e-10 -6.85343e-10 0.135887)
(2.99893e-10 -1.11668e-09 0.157765)
(-2.09408e-10 -1.12041e-09 0.157765)
(-5.38905e-10 -6.78527e-10 0.135888)
(-3.98481e-10 -1.62792e-10 0.0947668)
(3.06972e-10 -8.09125e-11 0.0762146)
(4.37212e-10 -4.2349e-10 0.110013)
(2.32909e-10 -7.27823e-10 0.128346)
(-1.10959e-10 -7.35277e-10 0.128346)
(-3.61716e-10 -4.44502e-10 0.110014)
(-2.85748e-10 -8.01132e-11 0.076215)
(1.79999e-10 -4.4163e-12 0.0515439)
(2.57894e-10 -1.7026e-10 0.0752824)
(1.52222e-10 -3.32947e-10 0.0883876)
(-2.33726e-11 -3.47021e-10 0.0883877)
(-1.83199e-10 -2.13005e-10 0.0752826)
(-1.6495e-10 -1.93285e-11 0.0515442)
(4.99475e-11 2.58633e-11 0.0188226)
(7.30725e-11 5.58647e-12 0.028204)
(5.2769e-11 -2.3984e-11 0.0334567)
(2.24996e-11 -3.35718e-11 0.0334567)
(-2.8481e-11 -1.82962e-11 0.028204)
(-4.12085e-11 1.51554e-11 0.0188227)
(4.41904e-10 -3.12742e-10 0.133451)
(6.62536e-10 -8.62451e-10 0.190225)
(3.25827e-10 -1.2951e-09 0.218244)
(-2.82372e-10 -1.28351e-09 0.218244)
(-5.55519e-10 -8.70318e-10 0.190226)
(-3.82183e-10 -1.53531e-10 0.133452)
(4.12434e-10 -2.73043e-10 0.127307)
(6.17702e-10 -7.8082e-10 0.181474)
(3.08869e-10 -1.1903e-09 0.208667)
(-2.52344e-10 -1.18121e-09 0.208667)
(-4.95586e-10 -7.87327e-10 0.181474)
(-3.49567e-10 -1.19429e-10 0.127308)
(3.73412e-10 -2.28806e-10 0.119285)
(5.59497e-10 -6.83477e-10 0.170142)
(2.85798e-10 -1.05789e-09 0.196153)
(-2.15251e-10 -1.05238e-09 0.196153)
(-4.2223e-10 -6.89726e-10 0.170142)
(-3.09071e-10 -9.16039e-11 0.119286)
(3.22878e-10 -1.7676e-10 0.108731)
(4.85052e-10 -5.63635e-10 0.155354)
(2.54711e-10 -8.90331e-10 0.179672)
(-1.7116e-10 -8.8933e-10 0.179672)
(-3.34118e-10 -5.71641e-10 0.155355)
(-2.5954e-10 -5.94936e-11 0.108732)
(2.59597e-10 -1.18611e-10 0.0947663)
(3.92387e-10 -4.20883e-10 0.135887)
(2.13345e-10 -6.84308e-10 0.157765)
(-1.2125e-10 -6.87896e-10 0.157765)
(-2.3344e-10 -4.31262e-10 0.135888)
(-2.0353e-10 -3.79728e-11 0.0947668)
(1.84411e-10 -5.94359e-11 0.0762146)
(2.81246e-10 -2.62243e-10 0.110013)
(1.601e-10 -4.46944e-10 0.128346)
(-6.99487e-11 -4.5495e-10 0.128346)
(-1.30652e-10 -2.81262e-10 0.110014)
(-1.45193e-10 -3.18279e-11 0.076215)
(1.02603e-10 -1.11528e-11 0.0515439)
(1.58019e-10 -1.10337e-10 0.0752824)
(9.51677e-11 -2.0655e-10 0.0883876)
(-2.73226e-11 -2.16116e-10 0.0883876)
(-4.37915e-11 -1.36902e-10 0.0752826)
(-8.45561e-11 -2.7098e-11 0.0515442)
(2.42374e-11 1.13443e-11 0.0188226)
(3.70412e-11 -7.05386e-13 0.028204)
(2.43955e-11 -1.65653e-11 0.0334567)
(-2.77196e-12 -2.12399e-11 0.0334567)
(7.747e-12 -1.63622e-11 0.028204)
(-1.82411e-11 -3.58259e-12 0.0188227)
(2.52293e-10 -2.19616e-10 0.133451)
(3.86222e-10 -5.57526e-10 0.190225)
(1.71212e-10 -8.19591e-10 0.218244)
(-2.03423e-10 -8.1402e-10 0.218244)
(-3.999e-10 -5.50605e-10 0.190226)
(-2.5537e-10 -1.97492e-10 0.133452)
(2.3406e-10 -1.9413e-10 0.127307)
(3.58076e-10 -5.06071e-10 0.181474)
(1.59361e-10 -7.537e-10 0.208667)
(-1.86097e-10 -7.47481e-10 0.208667)
(-3.67821e-10 -4.98516e-10 0.181474)
(-2.36525e-10 -1.72789e-10 0.127308)
(2.09982e-10 -1.65423e-10 0.119285)
(3.2136e-10 -4.44174e-10 0.170142)
(1.43419e-10 -6.69948e-10 0.196153)
(-1.64888e-10 -6.6421e-10 0.196153)
(-3.27827e-10 -4.3714e-10 0.170142)
(-2.12271e-10 -1.45095e-10 0.119286)
(1.79051e-10 -1.31079e-10 0.108731)
(2.74472e-10 -3.68178e-10 0.155354)
(1.22261e-10 -5.63899e-10 0.179672)
(-1.39623e-10 -5.59071e-10 0.179672)
(-2.78896e-10 -3.6097e-10 0.155355)
(-1.81643e-10 -1.12764e-10 0.108732)
(1.40951e-10 -9.24294e-11 0.0947663)
(2.1651e-10 -2.77027e-10 0.135887)
(9.5295e-11 -4.34345e-10 0.157765)
(-1.1039e-10 -4.29886e-10 0.157765)
(-2.2103e-10 -2.70775e-10 0.135888)
(-1.44289e-10 -7.68094e-11 0.0947668)
(9.6809e-11 -5.22138e-11 0.0762146)
(1.4904e-10 -1.75329e-10 0.110013)
(6.27739e-11 -2.84609e-10 0.128346)
(-7.8206e-11 -2.81223e-10 0.128346)
(-1.55811e-10 -1.70322e-10 0.110014)
(-1.00783e-10 -4.04267e-11 0.076215)
(5.03197e-11 -1.64438e-11 0.0515439)
(7.71974e-11 -7.69612e-11 0.0752824)
(2.8279e-11 -1.31603e-10 0.0883876)
(-4.48391e-11 -1.29637e-10 0.0883876)
(-8.74023e-11 -7.2019e-11 0.0752826)
(-5.49719e-11 -1.00515e-11 0.0515442)
(9.898e-12 3.61541e-12 0.0188226)
(1.41286e-11 -3.37473e-12 0.028204)
(1.20141e-12 -1.1334e-11 0.0334567)
(-1.21466e-11 -9.90622e-12 0.0334567)
(-2.284e-11 -5.16767e-13 0.028204)
(-1.26003e-11 5.34155e-12 0.0188227)
(1.69975e-10 -1.16534e-10 0.133451)
(2.48726e-10 -3.42903e-10 0.190225)
(1.18942e-10 -5.17128e-10 0.218244)
(-1.14229e-10 -5.26505e-10 0.218244)
(-2.36884e-10 -3.70273e-10 0.190226)
(-1.44404e-10 -1.52686e-10 0.133452)
(1.58504e-10 -1.0128e-10 0.127307)
(2.30772e-10 -3.10158e-10 0.181474)
(1.11485e-10 -4.74323e-10 0.208667)
(-1.03458e-10 -4.83597e-10 0.208667)
(-2.16694e-10 -3.36144e-10 0.181474)
(-1.3209e-10 -1.36204e-10 0.127308)
(1.43388e-10 -8.48046e-11 0.119285)
(2.07544e-10 -2.70741e-10 0.170142)
(1.01419e-10 -4.20797e-10 0.196153)
(-9.02077e-11 -4.29739e-10 0.196153)
(-1.91425e-10 -2.95151e-10 0.170142)
(-1.16439e-10 -1.17619e-10 0.119286)
(1.24044e-10 -6.57066e-11 0.108731)
(1.7823e-10 -2.22786e-10 0.155354)
(8.83218e-11 -3.52774e-10 0.179672)
(-7.40998e-11 -3.60854e-10 0.179672)
(-1.60338e-10 -2.44396e-10 0.155355)
(-9.70419e-11 -9.5153e-11 0.108732)
(9.99422e-11 -4.37551e-11 0.0947663)
(1.42357e-10 -1.65937e-10 0.135887)
(7.20563e-11 -2.70353e-10 0.157765)
(-5.51836e-11 -2.77068e-10 0.157765)
(-1.23465e-10 -1.84172e-10 0.135888)
(-7.4004e-11 -6.99709e-11 0.0947668)
(7.16571e-11 -2.14039e-11 0.0762146)
(1.00761e-10 -1.02354e-10 0.110013)
(5.26082e-11 -1.75027e-10 0.128346)
(-3.39901e-11 -1.80313e-10 0.128346)
(-8.18423e-11 -1.17446e-10 0.110014)
(-4.80639e-11 -4.24464e-11 0.076215)
(4.09044e-11 -3.1312e-12 0.0515439)
(5.59761e-11 -4.18757e-11 0.0752824)
(3.13796e-11 -7.84226e-11 0.0883876)
(-1.31762e-11 -8.18218e-11 0.0883876)
(-3.92602e-11 -5.05989e-11 0.0752826)
(-2.23553e-11 -1.63845e-11 0.0515442)
(1.04966e-11 5.03733e-12 0.0188226)
(1.3969e-11 4.66185e-13 0.028204)
(9.48949e-12 -5.22814e-12 0.0334567)
(1.43052e-12 -6.67935e-12 0.0334567)
(-4.94232e-12 -2.64448e-12 0.028204)
(-2.64196e-12 -1.22692e-13 0.0188227)
(1.90637e-10 -1.22187e-10 0.133451)
(2.23303e-10 -2.42393e-10 0.190225)
(1.1406e-10 -3.56994e-10 0.218244)
(-4.86959e-11 -3.69578e-10 0.218244)
(-1.64585e-10 -2.70528e-10 0.190226)
(-1.09953e-10 -1.72402e-10 0.133452)
(1.81266e-10 -1.0874e-10 0.127307)
(2.12994e-10 -2.19333e-10 0.181474)
(1.09671e-10 -3.28685e-10 0.208667)
(-4.18218e-11 -3.41568e-10 0.208667)
(-1.53809e-10 -2.48813e-10 0.181474)
(-1.02927e-10 -1.63369e-10 0.127308)
(1.68632e-10 -9.21686e-11 0.119285)
(1.98603e-10 -1.91225e-10 0.170142)
(1.03363e-10 -2.926e-10 0.196153)
(-3.36297e-11 -3.0543e-10 0.196153)
(-1.40549e-10 -2.21839e-10 0.170142)
(-9.32527e-11 -1.48191e-10 0.119286)
(1.5186e-10 -7.35588e-11 0.108731)
(1.79221e-10 -1.56016e-10 0.155354)
(9.44724e-11 -2.45675e-10 0.179672)
(-2.42754e-11 -2.59051e-10 0.179672)
(-1.23462e-10 -1.87359e-10 0.155355)
(-8.00623e-11 -1.24235e-10 0.108732)
(1.28452e-10 -4.84123e-11 0.0947663)
(1.53654e-10 -1.135e-10 0.135887)
(8.20399e-11 -1.88271e-10 0.157765)
(-1.36838e-11 -2.01072e-10 0.157765)
(-1.02209e-10 -1.43002e-10 0.135888)
(-6.28642e-11 -9.37818e-11 0.0947668)
(9.61746e-11 -1.46957e-11 0.0762146)
(1.19067e-10 -6.529e-11 0.110013)
(6.52284e-11 -1.21133e-10 0.128346)
(-2.77493e-12 -1.32208e-10 0.128346)
(-7.4718e-11 -8.984e-11 0.110014)
(-4.00743e-11 -5.09429e-11 0.076215)
(5.6105e-11 1.20482e-11 0.0515439)
(7.40738e-11 -1.89881e-11 0.0752824)
(4.27391e-11 -5.2714e-11 0.0883876)
(6.34955e-12 -6.08244e-11 0.0883876)
(-4.13288e-11 -3.58619e-11 0.0752826)
(-1.63224e-11 -1.2328e-11 0.0515442)
(1.60233e-11 1.2852e-11 0.0188226)
(2.19858e-11 5.97553e-12 0.028204)
(1.39686e-11 -2.67765e-12 0.0334567)
(7.92358e-12 -5.5976e-12 0.0334567)
(-9.30867e-12 -1.61739e-13 0.028204)
(-1.73162e-12 3.69989e-12 0.0188227)
(8.79545e-11 -5.63885e-11 0.133451)
(1.35141e-10 -1.26284e-10 0.190225)
(7.89744e-11 -1.94102e-10 0.218244)
(-1.76355e-11 -1.92268e-10 0.218244)
(-8.26053e-11 -1.2514e-10 0.190226)
(-6.81222e-11 -2.70736e-12 0.133452)
(8.14411e-11 -4.94601e-11 0.127307)
(1.2842e-10 -1.13378e-10 0.181474)
(7.64416e-11 -1.77572e-10 0.208667)
(-1.30493e-11 -1.75814e-10 0.208667)
(-7.46298e-11 -1.12476e-10 0.181474)
(-6.23397e-11 9.60156e-12 0.127308)
(7.30072e-11 -4.12147e-11 0.119285)
(1.19073e-10 -9.77011e-11 0.170142)
(7.25283e-11 -1.56572e-10 0.196153)
(-7.64837e-12 -1.56059e-10 0.196153)
(-6.34758e-11 -9.76727e-11 0.170142)
(-5.52096e-11 2.20754e-11 0.119286)
(6.22723e-11 -3.13099e-11 0.108731)
(1.06193e-10 -7.85752e-11 0.155354)
(6.66414e-11 -1.30362e-10 0.179672)
(-1.71135e-12 -1.30775e-10 0.179672)
(-4.97236e-11 -7.95128e-11 0.155355)
(-4.71082e-11 2.93676e-11 0.108732)
(4.97676e-11 -2.0892e-11 0.0947663)
(8.91228e-11 -5.68813e-11 0.135887)
(5.79291e-11 -9.90113e-11 0.157765)
(4.32181e-12 -1.00989e-10 0.157765)
(-3.26995e-11 -5.96073e-11 0.135888)
(-3.81709e-11 3.37606e-11 0.0947668)
(3.43416e-11 -9.92388e-12 0.0762146)
(6.72199e-11 -3.25789e-11 0.110013)
(4.55557e-11 -6.27817e-11 0.128346)
(9.19448e-12 -6.65489e-11 0.128346)
(-1.55664e-11 -3.92899e-11 0.110014)
(-3.15008e-11 2.20696e-11 0.076215)
(1.78481e-11 1.03462e-14 0.0515439)
(4.0351e-11 -9.83754e-12 0.0752824)
(2.87941e-11 -2.74706e-11 0.0883876)
(1.02828e-11 -3.20671e-11 0.0883876)
(-3.3677e-12 -2.0492e-11 0.0752826)
(-2.41431e-11 6.91577e-12 0.0515442)
(3.9495e-12 2.84714e-12 0.0188226)
(1.12494e-11 2.552e-12 0.028204)
(8.28493e-12 -1.16458e-12 0.0334567)
(5.15133e-12 -3.45474e-12 0.0334567)
(2.29797e-12 -3.11307e-12 0.028204)
(-8.51825e-12 1.3604e-12 0.0188227)
(9.23356e-11 -3.01648e-11 0.133451)
(9.89271e-11 -7.5752e-11 0.190225)
(5.2299e-11 -1.21354e-10 0.218244)
(-1.53786e-11 -1.24018e-10 0.218244)
(-4.35184e-11 -8.96042e-11 0.190226)
(-3.65127e-11 -3.37424e-11 0.133452)
(8.73467e-11 -2.44104e-11 0.127307)
(9.36605e-11 -6.78703e-11 0.181474)
(4.90818e-11 -1.11282e-10 0.208667)
(-1.40663e-11 -1.13403e-10 0.208667)
(-3.84405e-11 -8.14802e-11 0.181474)
(-3.41528e-11 -3.44022e-11 0.127308)
(8.09422e-11 -1.76246e-11 0.119285)
(8.63859e-11 -5.84154e-11 0.170142)
(4.46988e-11 -9.81568e-11 0.196153)
(-1.2536e-11 -1.00171e-10 0.196153)
(-3.30484e-11 -7.17783e-11 0.170142)
(-3.11254e-11 -3.78188e-11 0.119286)
(7.27357e-11 -1.01369e-11 0.108731)
(7.66491e-11 -4.7563e-11 0.155354)
(3.87922e-11 -8.23544e-11 0.179672)
(-1.10056e-11 -8.41526e-11 0.179672)
(-2.72262e-11 -6.03213e-11 0.155355)
(-2.75245e-11 -4.19732e-11 0.108732)
(6.14489e-11 -2.07831e-12 0.0947663)
(6.36826e-11 -3.38068e-11 0.135887)
(3.10583e-11 -6.34042e-11 0.157765)
(-9.5666e-12 -6.42242e-11 0.157765)
(-2.28857e-11 -4.62517e-11 0.135888)
(-2.20185e-11 -4.1976e-11 0.0947668)
(4.75223e-11 5.77623e-12 0.0762146)
(4.70184e-11 -1.97626e-11 0.110013)
(2.11695e-11 -4.03965e-11 0.128346)
(-8.58834e-12 -4.14857e-11 0.128346)
(-1.67945e-11 -2.95011e-11 0.110014)
(-1.13866e-11 -2.3962e-11 0.076215)
(2.94707e-11 1.05023e-11 0.0515439)
(2.722e-11 -6.45406e-12 0.0752824)
(1.01333e-11 -1.81889e-11 0.0883876)
(-7.22596e-12 -1.75677e-11 0.0883876)
(-8.74222e-12 -1.10011e-11 0.0752826)
(-1.74229e-12 -8.1689e-12 0.0515442)
(8.91673e-12 6.31834e-12 0.0188226)
(6.30241e-12 1.79551e-12 0.028204)
(7.36196e-13 -1.09553e-12 0.0334567)
(-3.68749e-12 -7.69924e-13 0.0334567)
(-1.71976e-12 6.83354e-13 0.028204)
(1.69807e-12 -1.71553e-13 0.0188227)
(-3.51396e-11 -1.74254e-11 0.133451)
(-1.76928e-11 -5.11899e-11 0.190225)
(-3.00614e-11 -7.07438e-11 0.218244)
(-6.21227e-11 -7.48776e-11 0.218244)
(-1.02017e-10 -4.03018e-11 0.190226)
(-6.89376e-11 -7.18382e-11 0.133452)
(-3.65405e-11 -1.81989e-11 0.127307)
(-2.19989e-11 -4.83545e-11 0.181474)
(-3.30871e-11 -6.64437e-11 0.208667)
(-6.19178e-11 -6.89403e-11 0.208667)
(-1.02059e-10 -3.65311e-11 0.181474)
(-6.78534e-11 -7.11822e-11 0.127308)
(-3.77361e-11 -1.96973e-11 0.119285)
(-2.6561e-11 -4.52593e-11 0.170142)
(-3.63109e-11 -6.09275e-11 0.196153)
(-6.11568e-11 -6.15966e-11 0.196153)
(-1.01701e-10 -3.16738e-11 0.170142)
(-6.56791e-11 -6.98948e-11 0.119286)
(-3.84401e-11 -2.13935e-11 0.108731)
(-3.09288e-11 -4.1587e-11 0.155354)
(-3.93717e-11 -5.37482e-11 0.179672)
(-5.95258e-11 -5.18516e-11 0.179672)
(-1.00502e-10 -2.55174e-11 0.155355)
(-6.07769e-11 -5.9745e-11 0.108732)
(-3.72464e-11 -2.26566e-11 0.0947663)
(-3.42956e-11 -3.63886e-11 0.135887)
(-4.14379e-11 -4.42902e-11 0.157765)
(-5.61287e-11 -3.95869e-11 0.157765)
(-9.49081e-11 -1.6277e-11 0.135888)
(-5.29452e-11 -4.39006e-11 0.0947668)
(-3.37008e-11 -2.36658e-11 0.0762146)
(-3.47656e-11 -2.98939e-11 0.110013)
(-4.06553e-11 -3.25769e-11 0.128346)
(-4.91027e-11 -2.46561e-11 0.128346)
(-8.54161e-11 -4.89022e-12 0.110014)
(-4.11581e-11 -2.69622e-11 0.076215)
(-2.46731e-11 -2.1252e-11 0.0515439)
(-2.93558e-11 -2.1472e-11 0.0752824)
(-3.3824e-11 -1.86633e-11 0.0883876)
(-3.60085e-11 -1.04814e-11 0.0883876)
(-6.27977e-11 5.33206e-12 0.0752826)
(-2.05033e-11 3.61501e-12 0.0515442)
(-1.01834e-11 -9.01589e-12 0.0188226)
(-1.35498e-11 -7.21526e-12 0.028204)
(-1.54936e-11 -4.65318e-12 0.0334567)
(-1.31541e-11 -3.54189e-14 0.0334567)
(-2.35921e-11 6.51117e-12 0.028204)
(-5.34297e-12 8.62347e-12 0.0188227)
(3.68055e-11 -2.56628e-11 0.133451)
(5.57378e-11 -2.40955e-11 0.190225)
(3.39646e-11 -3.81805e-11 0.218244)
(1.63407e-11 -3.16925e-11 0.218244)
(2.1881e-11 -2.36883e-11 0.190226)
(5.63933e-12 3.50869e-11 0.133452)
(3.57746e-11 -2.03174e-11 0.127307)
(5.70297e-11 -2.00499e-11 0.181474)
(3.52927e-11 -3.32078e-11 0.208667)
(1.90488e-11 -2.73051e-11 0.208667)
(2.65109e-11 -1.97771e-11 0.181474)
(8.5531e-12 3.79739e-11 0.127308)
(3.42832e-11 -1.31866e-11 0.119285)
(5.80084e-11 -1.49762e-11 0.170142)
(3.70772e-11 -2.64146e-11 0.196153)
(2.26851e-11 -2.28198e-11 0.196153)
(3.25313e-11 -1.5731e-11 0.170142)
(1.1641e-11 3.87978e-11 0.119286)
(3.21546e-11 -5.11271e-12 0.108731)
(5.83327e-11 -8.53352e-12 0.155354)
(3.91967e-11 -1.92491e-11 0.179672)
(2.7148e-11 -1.82643e-11 0.179672)
(3.93865e-11 -1.30914e-11 0.155355)
(1.33902e-11 2.92105e-11 0.108732)
(2.87146e-11 2.25284e-12 0.0947663)
(5.71284e-11 -8.75854e-13 0.135887)
(4.11635e-11 -1.08758e-11 0.157765)
(3.20793e-11 -1.37993e-11 0.157765)
(4.40187e-11 -1.23009e-11 0.135888)
(1.48009e-11 1.78366e-11 0.0947668)
(2.39016e-11 9.93667e-12 0.0762146)
(5.29799e-11 8.00649e-12 0.110013)
(4.16534e-11 -1.3844e-12 0.128346)
(3.52482e-11 -8.40513e-12 0.128346)
(4.86101e-11 -1.35556e-11 0.110014)
(1.60593e-11 1.31554e-11 0.076215)
(1.65914e-11 1.39364e-11 0.0515439)
(4.2436e-11 1.46013e-11 0.0752824)
(3.68223e-11 5.35364e-12 0.0883876)
(3.36444e-11 -4.24797e-12 0.0883876)
(4.44509e-11 -1.16303e-11 0.0752826)
(9.16163e-12 -4.84526e-12 0.0515442)
(7.15467e-12 7.23422e-12 0.0188226)
(2.0347e-11 9.21247e-12 0.028204)
(1.90257e-11 4.84998e-12 0.0334567)
(1.77276e-11 -1.04682e-12 0.0334567)
(2.22334e-11 -6.72475e-12 0.028204)
(3.82971e-12 -6.24533e-12 0.0188227)
(-2.38989e-11 -2.85159e-11 0.133451)
(6.74892e-11 1.22287e-11 0.190225)
(7.03332e-11 -1.23365e-11 0.218244)
(7.14448e-11 -5.85054e-12 0.218244)
(9.23257e-11 -1.31267e-11 0.190226)
(5.29628e-11 8.33798e-11 0.133452)
(-2.38208e-11 -2.61932e-11 0.127307)
(6.92548e-11 1.38337e-11 0.181474)
(7.12142e-11 -8.5629e-12 0.208667)
(7.33286e-11 -4.19687e-12 0.208667)
(9.63233e-11 -1.07812e-11 0.181474)
(5.38926e-11 8.62106e-11 0.127308)
(-2.39967e-11 -2.15508e-11 0.119285)
(7.05385e-11 1.50216e-11 0.170142)
(7.17326e-11 -4.50751e-12 0.196153)
(7.49378e-11 -2.76877e-12 0.196153)
(1.00696e-10 -8.81006e-12 0.170142)
(5.41617e-11 8.76498e-11 0.119286)
(-2.42667e-11 -1.60125e-11 0.108731)
(7.0487e-11 1.59805e-11 0.155354)
(7.12359e-11 -3.49086e-13 0.179672)
(7.55251e-11 -2.4543e-12 0.179672)
(1.04778e-10 -8.04217e-12 0.155355)
(5.23673e-11 8.22835e-11 0.108732)
(-2.35454e-11 -1.16027e-11 0.0947663)
(6.80691e-11 1.66419e-11 0.135887)
(6.84818e-11 2.98306e-12 0.157765)
(7.38451e-11 -2.86918e-12 0.157765)
(1.05466e-10 -8.44121e-12 0.135888)
(4.68462e-11 6.60117e-11 0.0947668)
(-2.19204e-11 -6.68851e-12 0.0762146)
(6.09872e-11 1.82158e-11 0.110013)
(6.12212e-11 7.40895e-12 0.128346)
(6.6903e-11 -2.35404e-12 0.128346)
(9.90209e-11 -1.21283e-11 0.110014)
(3.45763e-11 3.71045e-11 0.076215)
(-1.60864e-11 -1.38301e-12 0.0515439)
(4.64877e-11 1.89345e-11 0.0752824)
(4.56535e-11 1.05252e-11 0.0883876)
(4.98139e-11 -1.98904e-12 0.0883876)
(7.3746e-11 -1.54174e-11 0.0752826)
(1.41185e-11 -2.31386e-12 0.0515442)
(-4.6304e-12 -6.73185e-13 0.0188226)
(2.08795e-11 8.6795e-12 0.028204)
(1.74837e-11 4.24909e-12 0.0334567)
(1.77343e-11 -1.9549e-12 0.0334567)
(2.73168e-11 -9.4182e-12 0.028204)
(2.88933e-12 -9.02887e-12 0.0188227)
(1.27168e-10 -1.18836e-10 0.133451)
(1.08263e-10 -9.73761e-11 0.190225)
(7.54944e-11 -9.11494e-11 0.218244)
(2.44092e-11 -8.88682e-11 0.218244)
(-2.92328e-11 -7.41595e-11 0.190226)
(-7.09694e-11 -1.01501e-10 0.133452)
(1.20579e-10 -1.12009e-10 0.127307)
(1.07097e-10 -8.50549e-11 0.181474)
(7.51995e-11 -8.35465e-11 0.208667)
(2.2939e-11 -8.12176e-11 0.208667)
(-3.25815e-11 -6.76781e-11 0.181474)
(-6.91616e-11 -9.60902e-11 0.127308)
(1.12051e-10 -1.0228e-10 0.119285)
(1.0436e-10 -6.98749e-11 0.170142)
(7.36066e-11 -7.30532e-11 0.196153)
(2.06236e-11 -7.09641e-11 0.196153)
(-3.61715e-11 -5.86118e-11 0.170142)
(-6.65447e-11 -9.07808e-11 0.119286)
(1.01205e-10 -9.0449e-11 0.108731)
(9.93203e-11 -5.18757e-11 0.155354)
(6.95786e-11 -5.95622e-11 0.179672)
(1.72843e-11 -5.71475e-11 0.179672)
(-4.09206e-11 -4.76956e-11 0.155355)
(-6.30237e-11 -8.77752e-11 0.108732)
(8.51363e-11 -6.89386e-11 0.0947663)
(9.11594e-11 -3.16501e-11 0.135887)
(6.22595e-11 -4.30016e-11 0.157765)
(1.20516e-11 -4.14725e-11 0.157765)
(-4.70247e-11 -3.46699e-11 0.135888)
(-5.4963e-11 -7.24426e-11 0.0947668)
(6.02506e-11 -2.84745e-11 0.0762146)
(7.42753e-11 -7.29648e-12 0.110013)
(4.98819e-11 -2.11764e-11 0.128346)
(5.10326e-12 -2.11888e-11 0.128346)
(-4.80398e-11 -1.44862e-11 0.110014)
(-3.68858e-11 -3.0888e-11 0.076215)
(2.88067e-11 8.27631e-12 0.0515439)
(4.57514e-11 1.62063e-11 0.0752824)
(3.05297e-11 1.00898e-12 0.0883876)
(-1.31149e-12 3.80278e-13 0.0883876)
(-3.81162e-11 8.60379e-12 0.0752826)
(-1.48225e-11 7.50666e-12 0.0515442)
(6.43849e-12 1.13828e-11 0.0188226)
(1.27599e-11 1.10972e-11 0.028204)
(7.75796e-12 4.642e-12 0.0334567)
(-3.91969e-12 4.5463e-12 0.0334567)
(-1.73037e-11 9.64042e-12 0.028204)
(-3.37196e-12 1.03941e-11 0.0188227)
(1.20749e-11 -4.52522e-11 0.133451)
(-2.99639e-12 -6.13607e-11 0.190225)
(-2.25326e-11 -5.04458e-11 0.218244)
(-4.02132e-11 -4.83633e-11 0.218244)
(-9.86995e-11 -2.1725e-11 0.190226)
(-8.43424e-11 -1.28895e-10 0.133452)
(8.34545e-12 -4.08949e-11 0.127307)
(-4.54379e-12 -5.78195e-11 0.181474)
(-2.47399e-11 -4.76658e-11 0.208667)
(-4.1908e-11 -4.52287e-11 0.208667)
(-1.03834e-10 -1.98214e-11 0.181474)
(-8.30574e-11 -1.28425e-10 0.127308)
(3.77703e-12 -3.71964e-11 0.119285)
(-7.06108e-12 -5.33979e-11 0.170142)
(-2.75061e-11 -4.42327e-11 0.196153)
(-4.3742e-11 -4.0495e-11 0.196153)
(-1.09396e-10 -1.77904e-11 0.170142)
(-8.04914e-11 -1.26555e-10 0.119286)
(-1.40071e-12 -3.35756e-11 0.108731)
(-1.06941e-11 -4.73724e-11 0.155354)
(-3.07388e-11 -3.98135e-11 0.179672)
(-4.54329e-11 -3.46798e-11 0.179672)
(-1.14787e-10 -1.46457e-11 0.155355)
(-7.42173e-11 -1.11551e-10 0.108732)
(-5.8683e-12 -2.96804e-11 0.0947663)
(-1.50549e-11 -4.02515e-11 0.135887)
(-3.41491e-11 -3.36548e-11 0.157765)
(-4.61457e-11 -2.6463e-11 0.157765)
(-1.14284e-10 -8.07836e-12 0.135888)
(-6.37384e-11 -8.54802e-11 0.0947668)
(-1.0688e-11 -2.42521e-11 0.0762146)
(-1.93316e-11 -2.96414e-11 0.110013)
(-3.61897e-11 -2.44271e-11 0.128346)
(-4.3156e-11 -1.54304e-11 0.128346)
(-1.07474e-10 3.33425e-12 0.110014)
(-4.73675e-11 -5.38932e-11 0.076215)
(-1.28338e-11 -1.46023e-11 0.0515439)
(-2.14295e-11 -1.64173e-11 0.0752824)
(-3.36593e-11 -1.18951e-11 0.0883876)
(-3.36111e-11 -2.21106e-12 0.0883876)
(-8.0178e-11 1.32321e-11 0.0752826)
(-1.80753e-11 4.45796e-13 0.0515442)
(-7.24726e-12 -4.98784e-12 0.0188226)
(-1.27005e-11 -5.10244e-12 0.028204)
(-1.80023e-11 -2.98169e-12 0.0334567)
(-1.24581e-11 1.8351e-12 0.0334567)
(-2.96513e-11 9.88673e-12 0.028204)
(-2.57739e-12 1.1098e-11 0.0188227)
(7.44523e-11 -3.8372e-11 0.133451)
(3.63206e-11 -4.22091e-11 0.190225)
(1.77273e-11 -4.36705e-11 0.218244)
(2.98005e-12 -3.76607e-11 0.218244)
(2.02194e-11 -3.6025e-11 0.190226)
(1.19477e-11 2.98493e-11 0.133452)
(7.14749e-11 -3.51878e-11 0.127307)
(3.54031e-11 -3.73723e-11 0.181474)
(1.70834e-11 -3.99577e-11 0.208667)
(3.09828e-12 -3.431e-11 0.208667)
(2.34007e-11 -3.25203e-11 0.181474)
(1.5072e-11 3.51254e-11 0.127308)
(6.744e-11 -2.92935e-11 0.119285)
(3.39865e-11 -3.24412e-11 0.170142)
(1.63201e-11 -3.54178e-11 0.196153)
(3.50101e-12 -3.02648e-11 0.196153)
(2.79089e-11 -2.81051e-11 0.170142)
(1.82571e-11 3.85242e-11 0.119286)
(6.18929e-11 -2.09789e-11 0.108731)
(3.16825e-11 -2.67605e-11 0.155354)
(1.54243e-11 -3.0634e-11 0.179672)
(4.57113e-12 -2.58217e-11 0.179672)
(3.35765e-11 -2.33986e-11 0.155355)
(1.94661e-11 2.82562e-11 0.108732)
(5.34426e-11 -1.12066e-11 0.0947663)
(2.80036e-11 -1.91931e-11 0.135887)
(1.44826e-11 -2.3523e-11 0.157765)
(6.19265e-12 -2.07911e-11 0.157765)
(3.62617e-11 -2.08961e-11 0.135888)
(2.00501e-11 1.54619e-11 0.0947668)
(4.22091e-11 1.37114e-12 0.0762146)
(2.20699e-11 -1.00527e-11 0.110013)
(1.30979e-11 -1.4318e-11 0.128346)
(7.65239e-12 -1.36797e-11 0.128346)
(4.05573e-11 -1.7998e-11 0.110014)
(2.15747e-11 1.53023e-11 0.076215)
(2.62399e-11 1.02662e-11 0.0515439)
(1.36529e-11 -7.63043e-13 0.0752824)
(1.06967e-11 -3.64655e-12 0.0883876)
(8.72351e-12 -5.04705e-12 0.0883876)
(3.78279e-11 -1.07821e-11 0.0752826)
(1.20903e-11 -5.3069e-12 0.0515442)
(8.36844e-12 7.14772e-12 0.0188226)
(3.84261e-12 2.40254e-12 0.028204)
(5.78373e-12 1.31065e-12 0.0334567)
(4.72931e-12 -2.17046e-13 0.0334567)
(1.81603e-11 -4.94326e-12 0.028204)
(4.2085e-12 -6.99987e-12 0.0188227)
(-3.26827e-11 4.30377e-13 0.133451)
(-3.46229e-11 -2.58494e-11 0.190225)
(-4.52648e-11 -2.43941e-11 0.218244)
(-5.56082e-11 -2.18398e-11 0.218244)
(-8.99034e-11 1.39467e-12 0.190226)
(-7.54504e-11 -6.46012e-11 0.133452)
(-3.36553e-11 1.2825e-12 0.127307)
(-3.52953e-11 -2.52951e-11 0.181474)
(-4.59232e-11 -2.39924e-11 0.208667)
(-5.57572e-11 -2.04568e-11 0.208667)
(-9.26746e-11 1.97303e-12 0.181474)
(-7.46701e-11 -6.4995e-11 0.127308)
(-3.44551e-11 -1.55844e-13 0.119285)
(-3.60816e-11 -2.39791e-11 0.170142)
(-4.6436e-11 -2.28313e-11 0.196153)
(-5.56347e-11 -1.84532e-11 0.196153)
(-9.55677e-11 2.67363e-12 0.170142)
(-7.28989e-11 -6.42176e-11 0.119286)
(-3.46771e-11 -3.25464e-12 0.108731)
(-3.66378e-11 -2.249e-11 0.155354)
(-4.64984e-11 -2.13124e-11 0.179672)
(-5.49524e-11 -1.56705e-11 0.179672)
(-9.81185e-11 3.84785e-12 0.155355)
(-6.77488e-11 -4.98472e-11 0.108732)
(-3.26381e-11 -7.78795e-12 0.0947663)
(-3.62625e-11 -2.0567e-11 0.135887)
(-4.55715e-11 -1.88322e-11 0.157765)
(-5.2859e-11 -1.19767e-11 0.157765)
(-9.51218e-11 7.95945e-12 0.135888)
(-6.01826e-11 -3.12335e-11 0.0947668)
(-2.89104e-11 -1.28881e-11 0.0762146)
(-3.33936e-11 -1.77267e-11 0.110013)
(-4.22427e-11 -1.51325e-11 0.128346)
(-4.74002e-11 -6.00928e-12 0.128346)
(-8.96276e-11 1.37096e-11 0.110014)
(-5.01712e-11 -2.11732e-11 0.076215)
(-2.08894e-11 -1.40831e-11 0.0515439)
(-2.6388e-11 -1.34315e-11 0.0752824)
(-3.3832e-11 -1.00766e-11 0.0883876)
(-3.65225e-11 -8.46481e-13 0.0883876)
(-7.04572e-11 1.4934e-11 0.0752826)
(-2.71366e-11 1.04367e-11 0.0515442)
(-8.27146e-12 -6.9127e-12 0.0188226)
(-1.13588e-11 -5.11031e-12 0.028204)
(-1.57307e-11 -2.94395e-12 0.0334567)
(-1.48152e-11 1.88762e-12 0.0334567)
(-2.93005e-11 9.5895e-12 0.028204)
(-7.98599e-12 1.19432e-11 0.0188227)
(4.68545e-11 -1.2092e-11 0.133451)
(2.19258e-11 -1.46994e-11 0.190225)
(2.37965e-11 -1.61196e-11 0.218244)
(1.62402e-11 -8.5615e-12 0.218244)
(5.05075e-11 -1.16492e-11 0.190226)
(3.93531e-11 8.65925e-11 0.133452)
(4.54993e-11 -1.20234e-11 0.127307)
(2.13536e-11 -1.23969e-11 0.181474)
(2.49369e-11 -1.42544e-11 0.208667)
(1.79634e-11 -7.59249e-12 0.208667)
(5.58188e-11 -1.02241e-11 0.181474)
(4.15564e-11 9.05345e-11 0.127308)
(4.37225e-11 -1.01138e-11 0.119285)
(2.08823e-11 -1.0338e-11 0.170142)
(2.62146e-11 -1.19417e-11 0.196153)
(2.02923e-11 -6.98428e-12 0.196153)
(6.2562e-11 -8.8744e-12 0.170142)
(4.34946e-11 9.17341e-11 0.119286)
(4.11619e-11 -6.17615e-12 0.108731)
(2.03459e-11 -7.42858e-12 0.155354)
(2.75999e-11 -9.5384e-12 0.179672)
(2.31949e-11 -6.3489e-12 0.179672)
(7.06619e-11 -7.64928e-12 0.155355)
(4.26178e-11 7.75312e-11 0.108732)
(3.63605e-11 -9.35556e-13 0.0947663)
(1.93138e-11 -4.23521e-12 0.135887)
(2.88298e-11 -6.1349e-12 0.157765)
(2.63066e-11 -6.1003e-12 0.157765)
(7.47671e-11 -1.00087e-11 0.135888)
(3.96083e-11 5.54413e-11 0.0947668)
(3.00811e-11 5.68947e-12 0.0762146)
(1.67698e-11 6.48887e-14 0.110013)
(2.88743e-11 -2.48399e-12 0.128346)
(2.76573e-11 -5.87782e-12 0.128346)
(7.76624e-11 -1.45832e-11 0.110014)
(3.42415e-11 3.78676e-11 0.076215)
(2.03192e-11 9.26465e-12 0.0515439)
(1.23449e-11 2.89545e-12 0.0752824)
(2.55555e-11 1.20497e-12 0.0883876)
(2.51009e-11 -5.02943e-12 0.0883876)
(6.59239e-11 -1.65622e-11 0.0752826)
(1.51956e-11 -3.95017e-12 0.0515442)
(7.11663e-12 5.5226e-12 0.0188226)
(4.75895e-12 2.50628e-12 0.028204)
(1.34161e-11 1.71813e-12 0.0334567)
(1.18582e-11 -2.14138e-12 0.0334567)
(2.96773e-11 -9.91856e-12 0.028204)
(4.26231e-12 -1.08417e-11 0.0188227)
(-6.42599e-11 6.59652e-12 0.133451)
(-5.56377e-11 -2.23041e-11 0.190225)
(-4.4226e-11 -1.9054e-11 0.218244)
(-4.34937e-11 -1.09361e-11 0.218244)
(-3.8934e-11 6.87152e-12 0.190226)
(-3.56647e-11 1.45255e-11 0.133452)
(-6.36798e-11 5.3892e-12 0.127307)
(-5.65362e-11 -2.34566e-11 0.181474)
(-4.42389e-11 -1.98848e-11 0.208667)
(-4.28164e-11 -1.10435e-11 0.208667)
(-3.80137e-11 7.16831e-12 0.181474)
(-3.51859e-11 1.30184e-11 0.127308)
(-6.24174e-11 1.63175e-12 0.119285)
(-5.7184e-11 -2.37228e-11 0.170142)
(-4.39039e-11 -1.96977e-11 0.196153)
(-4.16885e-11 -1.05939e-11 0.196153)
(-3.69606e-11 8.0505e-12 0.170142)
(-3.43879e-11 1.03623e-11 0.119286)
(-5.9956e-11 -3.76372e-12 0.108731)
(-5.69054e-11 -2.36917e-11 0.155354)
(-4.30762e-11 -1.90111e-11 0.179672)
(-3.99467e-11 -8.56105e-12 0.179672)
(-3.58194e-11 8.61691e-12 0.155355)
(-3.16165e-11 1.76822e-11 0.108732)
(-5.45339e-11 -1.0021e-11 0.0947663)
(-5.4921e-11 -2.29819e-11 0.135887)
(-4.13575e-11 -1.69438e-11 0.157765)
(-3.73277e-11 -6.6899e-12 0.157765)
(-3.09903e-11 1.01395e-11 0.135888)
(-2.90181e-11 2.15369e-11 0.0947668)
(-4.59161e-11 -1.80549e-11 0.0762146)
(-4.91923e-11 -2.10171e-11 0.110013)
(-3.77177e-11 -1.41062e-11 0.128346)
(-3.27011e-11 -3.11098e-12 0.128346)
(-2.88887e-11 1.01351e-11 0.110014)
(-2.90723e-11 6.28595e-12 0.076215)
(-3.1307e-11 -2.05596e-11 0.0515439)
(-3.69369e-11 -1.84563e-11 0.0752824)
(-2.99331e-11 -9.42442e-12 0.0883876)
(-2.61538e-11 -1.30455e-12 0.0883876)
(-2.50393e-11 5.28342e-12 0.0752826)
(-1.98861e-11 8.74504e-12 0.0515442)
(-1.16057e-11 -1.03353e-11 0.0188226)
(-1.51905e-11 -7.25829e-12 0.028204)
(-1.38321e-11 -3.12311e-12 0.0334567)
(-1.26014e-11 8.17449e-13 0.0334567)
(-1.18311e-11 3.10896e-12 0.028204)
(-7.01725e-12 5.47037e-12 0.0188227)
(5.23213e-11 3.56651e-12 0.133451)
(2.81678e-11 -1.06021e-12 0.190225)
(4.44214e-11 -1.51551e-12 0.218244)
(4.02846e-11 1.90465e-11 0.218244)
(1.13086e-10 1.07115e-11 0.190226)
(7.57847e-11 1.92047e-10 0.133452)
(5.16742e-11 2.04167e-12 0.127307)
(2.77748e-11 -2.57829e-13 0.181474)
(4.66168e-11 -8.45317e-13 0.208667)
(4.30609e-11 1.81921e-11 0.208667)
(1.2252e-10 1.12469e-11 0.181474)
(7.7828e-11 1.92171e-10 0.127308)
(5.06106e-11 2.69061e-12 0.119285)
(2.75829e-11 1.00998e-12 0.170142)
(4.88765e-11 9.8257e-13 0.196153)
(4.64284e-11 1.55837e-11 0.196153)
(1.33263e-10 1.13037e-11 0.170142)
(7.90967e-11 1.9038e-10 0.119286)
(4.86413e-11 5.28004e-12 0.108731)
(2.73505e-11 2.71044e-12 0.155354)
(5.08677e-11 3.07541e-12 0.179672)
(4.99396e-11 1.3083e-11 0.179672)
(1.45255e-10 9.71646e-12 0.155355)
(7.74126e-11 1.78244e-10 0.108732)
(4.43287e-11 9.21546e-12 0.0947663)
(2.66922e-11 5.45312e-12 0.135887)
(5.19208e-11 5.14816e-12 0.157765)
(5.26886e-11 9.58949e-12 0.157765)
(1.53509e-10 4.85739e-12 0.135888)
(6.93285e-11 1.44123e-10 0.0947668)
(3.81289e-11 1.39043e-11 0.0762146)
(2.4651e-11 7.93726e-12 0.110013)
(5.0235e-11 6.63282e-12 0.128346)
(5.19488e-11 3.90088e-12 0.128346)
(1.51479e-10 -8.29726e-12 0.110014)
(4.90764e-11 8.26703e-11 0.076215)
(2.71212e-11 1.48298e-11 0.0515439)
(1.92151e-11 8.41987e-12 0.0752824)
(4.21762e-11 7.38348e-12 0.0883876)
(4.20425e-11 -2.29232e-12 0.0883876)
(1.18819e-10 -2.352e-11 0.0752826)
(1.481e-11 5.21358e-14 0.0515442)
(1.03294e-11 7.75802e-12 0.0188226)
(8.53439e-12 4.22768e-12 0.028204)
(2.07839e-11 3.17053e-12 0.0334567)
(1.5889e-11 -3.13906e-12 0.0334567)
(4.84329e-11 -1.71754e-11 0.028204)
(1.65799e-12 -1.65477e-11 0.0188227)
(-5.43245e-11 1.27316e-11 0.133451)
(-5.42745e-11 -2.16841e-11 0.190225)
(-5.30775e-11 -3.01567e-11 0.218244)
(-2.77067e-11 -7.50034e-11 0.218244)
(-2.85202e-11 -3.49524e-11 0.190226)
(-3.64829e-11 -1.06528e-10 0.133452)
(-5.5063e-11 1.20026e-11 0.127307)
(-5.60202e-11 -1.98583e-11 0.181474)
(-5.6455e-11 -2.9347e-11 0.208667)
(-2.89573e-11 -7.5515e-11 0.208667)
(-3.13655e-11 -3.50322e-11 0.181474)
(-3.83667e-11 -1.07074e-10 0.127308)
(-5.52314e-11 8.49866e-12 0.119285)
(-5.76674e-11 -1.83698e-11 0.170142)
(-6.06105e-11 -2.88883e-11 0.196153)
(-3.06047e-11 -7.3185e-11 0.196153)
(-3.48588e-11 -3.53033e-11 0.170142)
(-3.99933e-11 -1.06805e-10 0.119286)
(-5.41857e-11 2.26921e-12 0.108731)
(-5.86227e-11 -1.72317e-11 0.155354)
(-6.50177e-11 -2.95308e-11 0.179672)
(-3.27376e-11 -7.19465e-11 0.179672)
(-3.97982e-11 -3.40364e-11 0.155355)
(-3.98805e-11 -9.83166e-11 0.108732)
(-5.03152e-11 -5.26512e-12 0.0947663)
(-5.79197e-11 -1.7021e-11 0.135887)
(-7.00521e-11 -3.09194e-11 0.157765)
(-3.43527e-11 -5.77188e-11 0.157765)
(-4.26485e-11 -3.00612e-11 0.135888)
(-3.66387e-11 -7.78908e-11 0.0947668)
(-4.32824e-11 -1.36493e-11 0.0762146)
(-5.38274e-11 -1.61504e-11 0.110013)
(-6.93854e-11 -2.51081e-11 0.128346)
(-3.29491e-11 -1.82309e-11 0.128346)
(-4.57745e-11 -1.60476e-11 0.110014)
(-2.72894e-11 -4.62098e-11 0.076215)
(-3.03482e-11 -1.69756e-11 0.0515439)
(-4.18001e-11 -1.27743e-11 0.0752824)
(-5.79625e-11 -1.07564e-11 0.0883876)
(-2.77064e-11 1.24938e-11 0.0883876)
(-3.90583e-11 3.86298e-12 0.0752826)
(-8.21805e-12 6.14541e-13 0.0515442)
(-1.15136e-11 -9.18488e-12 0.0188226)
(-1.711e-11 -5.75171e-12 0.028204)
(-2.68731e-11 -2.02812e-12 0.0334567)
(-1.33273e-11 9.95183e-12 0.0334567)
(-1.90151e-11 8.19186e-12 0.028204)
(-1.37059e-12 9.82015e-12 0.0188227)
(8.92267e-11 6.31048e-11 0.133451)
(6.23577e-11 7.39625e-11 0.190225)
(5.66377e-11 8.1525e-11 0.218244)
(2.54386e-11 1.14787e-10 0.218244)
(7.70042e-12 1.26528e-10 0.190226)
(-2.91675e-11 1.95954e-10 0.133452)
(8.92283e-11 5.94991e-11 0.127307)
(6.36557e-11 7.0627e-11 0.181474)
(6.00999e-11 7.83381e-11 0.208667)
(2.74229e-11 1.11954e-10 0.208667)
(9.50858e-12 1.2523e-10 0.181474)
(-2.90401e-11 1.95336e-10 0.127308)
(8.86036e-11 5.65549e-11 0.119285)
(6.52789e-11 6.53047e-11 0.170142)
(6.43824e-11 7.28672e-11 0.196153)
(3.01665e-11 1.08211e-10 0.196153)
(1.21682e-11 1.23387e-10 0.170142)
(-2.87666e-11 1.92784e-10 0.119286)
(8.65962e-11 5.3981e-11 0.108731)
(6.66672e-11 5.84245e-11 0.155354)
(6.98282e-11 6.58711e-11 0.179672)
(3.41619e-11 1.0563e-10 0.179672)
(1.59772e-11 1.18946e-10 0.155355)
(-2.94774e-11 1.80359e-10 0.108732)
(8.09833e-11 5.11588e-11 0.0947663)
(6.69701e-11 4.95253e-11 0.135887)
(7.60868e-11 5.76989e-11 0.157765)
(3.82767e-11 8.80028e-11 0.157765)
(1.7095e-11 1.03014e-10 0.135888)
(-3.14952e-11 1.53e-10 0.0947668)
(7.1328e-11 4.58156e-11 0.0762146)
(6.39789e-11 3.84577e-11 0.110013)
(7.79316e-11 4.19792e-11 0.128346)
(3.80097e-11 4.07632e-11 0.128346)
(1.67071e-11 6.18196e-11 0.110014)
(-3.58758e-11 1.0791e-10 0.076215)
(5.29679e-11 3.41795e-11 0.0515439)
(5.23906e-11 2.32476e-11 0.0752824)
(6.77032e-11 1.4599e-11 0.0883876)
(2.99865e-11 -4.74386e-12 0.0883876)
(9.2405e-12 1.06738e-11 0.0752826)
(-4.22693e-11 3.75277e-11 0.0515442)
(2.09752e-11 1.42192e-11 0.0188226)
(2.29042e-11 7.45556e-12 0.028204)
(3.25444e-11 1.01676e-12 0.0334567)
(1.24548e-11 -1.10517e-11 0.0334567)
(3.34923e-12 -6.77276e-12 0.028204)
(-2.00752e-11 3.52031e-12 0.0188227)
(-6.2856e-11 5.22251e-11 0.133451)
(-7.27081e-11 3.62997e-11 0.190225)
(-5.39808e-11 3.77005e-11 0.218244)
(-4.39279e-11 3.82616e-11 0.218244)
(-2.8344e-11 2.82916e-11 0.190226)
(-6.88871e-12 7.20385e-12 0.133452)
(-6.25293e-11 4.78512e-11 0.127307)
(-7.60243e-11 3.21149e-11 0.181474)
(-5.68324e-11 3.64061e-11 0.208667)
(-4.54453e-11 3.81933e-11 0.208667)
(-2.81845e-11 2.84158e-11 0.181474)
(-5.6946e-12 7.17316e-12 0.127308)
(-6.13181e-11 3.91511e-11 0.119285)
(-7.89262e-11 2.55061e-11 0.170142)
(-5.96217e-11 3.35249e-11 0.196153)
(-4.67978e-11 3.77923e-11 0.196153)
(-2.74797e-11 2.79637e-11 0.170142)
(-4.13432e-12 7.30177e-12 0.119286)
(-5.86674e-11 2.68883e-11 0.108731)
(-8.05504e-11 1.65876e-11 0.155354)
(-6.18219e-11 2.90596e-11 0.179672)
(-4.75244e-11 3.62803e-11 0.179672)
(-2.60694e-11 2.6936e-11 0.155355)
(-2.13227e-12 7.07543e-12 0.108732)
(-5.29978e-11 1.29079e-11 0.0947663)
(-7.96547e-11 5.87959e-12 0.135887)
(-6.25998e-11 2.23718e-11 0.157765)
(-4.74176e-11 3.27024e-11 0.157765)
(-2.3645e-11 2.47517e-11 0.135888)
(1.26404e-13 5.93811e-12 0.0947668)
(-4.41896e-11 -4.15252e-12 0.0762146)
(-7.34529e-11 -5.50802e-12 0.110013)
(-6.02759e-11 1.33969e-11 0.128346)
(-4.49784e-11 2.66031e-11 0.128346)
(-2.00118e-11 2.10434e-11 0.110014)
(2.4012e-12 4.29118e-12 0.076215)
(-2.95761e-11 -1.64711e-11 0.0515439)
(-5.74882e-11 -1.57977e-11 0.0752824)
(-5.05258e-11 3.45673e-12 0.0883876)
(-3.7469e-11 1.67289e-11 0.0883876)
(-1.48514e-11 1.40128e-11 0.0752826)
(3.73739e-12 1.58161e-12 0.0515442)
(-1.13974e-11 -1.07005e-11 0.0188226)
(-2.54548e-11 -1.03892e-11 0.028204)
(-2.48119e-11 -2.14914e-12 0.0334567)
(-1.84974e-11 4.57754e-12 0.0334567)
(-6.95242e-12 4.49485e-12 0.028204)
(2.40368e-12 -9.42355e-13 0.0188227)
(8.33524e-11 -2.07923e-11 0.133451)
(6.72374e-11 -7.91701e-12 0.190225)
(5.61086e-11 -7.89683e-12 0.218244)
(4.21737e-11 -1.32481e-11 0.218244)
(3.91841e-11 -2.50125e-11 0.190226)
(2.04141e-11 -3.04853e-11 0.133452)
(8.00508e-11 -1.72402e-11 0.127307)
(6.7744e-11 -3.41089e-12 0.181474)
(5.72581e-11 -5.80774e-12 0.208667)
(4.30352e-11 -1.17306e-11 0.208667)
(3.98521e-11 -2.3594e-11 0.181474)
(2.14222e-11 -2.90977e-11 0.127308)
(7.58471e-11 -1.08586e-11 0.119285)
(6.78896e-11 1.91427e-12 0.170142)
(5.83702e-11 -2.6055e-12 0.196153)
(4.41141e-11 -1.00262e-11 0.196153)
(4.05658e-11 -2.18403e-11 0.170142)
(2.23818e-11 -2.73491e-11 0.119286)
(7.05e-11 -3.07598e-12 0.108731)
(6.71462e-11 8.01333e-12 0.155354)
(5.92028e-11 5.83352e-13 0.179672)
(4.52625e-11 -7.77058e-12 0.179672)
(4.11587e-11 -2.00619e-11 0.155355)
(2.2982e-11 -2.51247e-11 0.108732)
(6.22625e-11 5.45457e-12 0.0947663)
(6.47938e-11 1.39595e-11 0.135887)
(5.91959e-11 4.71982e-12 0.157765)
(4.59882e-11 -5.88449e-12 0.157765)
(4.09052e-11 -1.80336e-11 0.135888)
(2.27356e-11 -2.23104e-11 0.0947668)
(5.06889e-11 1.60922e-11 0.0762146)
(5.86492e-11 2.044e-11 0.110013)
(5.66934e-11 8.70729e-12 0.128346)
(4.48082e-11 -3.29009e-12 0.128346)
(3.87262e-11 -1.45074e-11 0.110014)
(2.10993e-11 -1.80076e-11 0.076215)
(3.33528e-11 2.21565e-11 0.0515439)
(4.54118e-11 2.34738e-11 0.0752824)
(4.76757e-11 1.18191e-11 0.0883876)
(3.88205e-11 1.9506e-13 0.0883876)
(3.2207e-11 -9.38924e-12 0.0752826)
(1.66982e-11 -1.2076e-11 0.0515442)
(1.23364e-11 1.15012e-11 0.0188226)
(2.06412e-11 1.13263e-11 0.028204)
(2.40901e-11 5.4769e-12 0.0334567)
(1.93971e-11 -6.69863e-13 0.0334567)
(1.50609e-11 -4.41672e-12 0.028204)
(7.11655e-12 -4.27654e-12 0.0188227)
(-3.91085e-11 3.32787e-11 0.133451)
(-3.77307e-11 2.64215e-11 0.190225)
(-2.33946e-11 2.56856e-11 0.218244)
(-1.432e-11 2.07081e-11 0.218244)
(-6.93333e-12 1.49204e-11 0.190226)
(-6.58694e-12 7.82003e-12 0.133452)
(-3.94562e-11 3.05036e-11 0.127307)
(-3.98097e-11 2.27931e-11 0.181474)
(-2.55112e-11 2.39927e-11 0.208667)
(-1.58139e-11 1.92802e-11 0.208667)
(-8.05136e-12 1.44685e-11 0.181474)
(-6.86421e-12 7.71168e-12 0.127308)
(-3.92908e-11 2.47297e-11 0.119285)
(-4.16766e-11 1.75031e-11 0.170142)
(-2.77402e-11 2.0247e-11 0.196153)
(-1.74803e-11 1.74338e-11 0.196153)
(-9.37584e-12 1.34132e-11 0.170142)
(-7.14296e-12 7.61163e-12 0.119286)
(-3.82684e-11 1.62901e-11 0.108731)
(-4.2922e-11 1.04044e-11 0.155354)
(-2.979e-11 1.47396e-11 0.179672)
(-1.93122e-11 1.372e-11 0.179672)
(-1.09055e-11 1.1417e-11 0.155355)
(-7.39437e-12 7.19285e-12 0.108732)
(-3.47991e-11 6.40821e-12 0.0947663)
(-4.29102e-11 1.88958e-12 0.135887)
(-3.14066e-11 8.47701e-12 0.157765)
(-2.11074e-11 1.02177e-11 0.157765)
(-1.23248e-11 9.92394e-12 0.135888)
(-7.56847e-12 6.52919e-12 0.0947668)
(-2.93912e-11 -5.35803e-12 0.0762146)
(-4.01946e-11 -6.44613e-12 0.110013)
(-3.15979e-11 1.72492e-12 0.128346)
(-2.2331e-11 6.2024e-12 0.128346)
(-1.3381e-11 7.37223e-12 0.110014)
(-7.23872e-12 5.4878e-12 0.076215)
(-2.00019e-11 -1.27654e-11 0.0515439)
(-3.23392e-11 -1.24831e-11 0.0752824)
(-2.81946e-11 -3.82605e-12 0.0883876)
(-2.08903e-11 2.64111e-12 0.0883876)
(-1.25337e-11 5.39887e-12 0.0752826)
(-6.17236e-12 4.38419e-12 0.0515442)
(-7.76203e-12 -7.72283e-12 0.0188226)
(-1.51079e-11 -7.7567e-12 0.028204)
(-1.47965e-11 -3.23278e-12 0.0334567)
(-1.1592e-11 3.67486e-13 0.0334567)
(-7.03054e-12 2.21413e-12 0.028204)
(-2.85359e-12 2.0139e-12 0.0188227)
(6.52065e-11 -3.713e-11 0.133451)
(5.03731e-11 -2.76869e-11 0.190225)
(3.83201e-11 -2.54151e-11 0.218244)
(2.25601e-11 -2.52209e-11 0.218244)
(1.36117e-11 -2.45535e-11 0.190226)
(9.44486e-13 -1.72596e-11 0.133452)
(6.22552e-11 -3.3517e-11 0.127307)
(5.02497e-11 -2.39325e-11 0.181474)
(3.86749e-11 -2.34474e-11 0.208667)
(2.26952e-11 -2.37976e-11 0.208667)
(1.38633e-11 -2.29333e-11 0.181474)
(1.76613e-12 -1.62394e-11 0.127308)
(5.84354e-11 -2.68872e-11 0.119285)
(4.96453e-11 -1.84462e-11 0.170142)
(3.87638e-11 -2.06344e-11 0.196153)
(2.28376e-11 -2.12471e-11 0.196153)
(1.41068e-11 -2.09649e-11 0.170142)
(2.68767e-12 -1.4794e-11 0.119286)
(5.34942e-11 -1.84153e-11 0.108731)
(4.80839e-11 -1.19697e-11 0.155354)
(3.83925e-11 -1.64658e-11 0.179672)
(2.28614e-11 -1.86292e-11 0.179672)
(1.42709e-11 -1.8324e-11 0.155355)
(3.6502e-12 -1.2901e-11 0.108732)
(4.60082e-11 -8.80258e-12 0.0947663)
(4.49742e-11 -4.81537e-12 0.135887)
(3.70661e-11 -1.1771e-11 0.157765)
(2.24188e-11 -1.44294e-11 0.157765)
(1.44255e-11 -1.52776e-11 0.135888)
(4.50768e-12 -1.07562e-11 0.0947668)
(3.63917e-11 3.13464e-12 0.0762146)
(3.88356e-11 2.73812e-12 0.110013)
(3.39569e-11 -5.43332e-12 0.128346)
(2.13499e-11 -1.00694e-11 0.128346)
(1.38966e-11 -1.06256e-11 0.110014)
(5.0564e-12 -8.12723e-12 0.076215)
(2.26955e-11 1.12023e-11 0.0515439)
(2.80619e-11 9.02557e-12 0.0752824)
(2.70945e-11 1.42032e-12 0.0883876)
(1.7664e-11 -4.47608e-12 0.0883876)
(1.19126e-11 -6.13686e-12 0.0752826)
(4.83514e-12 -4.98559e-12 0.0515442)
(7.55337e-12 7.21497e-12 0.0188226)
(1.12546e-11 6.08794e-12 0.028204)
(1.26046e-11 2.46906e-12 0.0334567)
(8.7688e-12 -6.22312e-13 0.0334567)
(6.04656e-12 -1.86783e-12 0.028204)
(2.42136e-12 -1.64865e-12 0.0188227)
(-6.62372e-11 3.77975e-11 0.133451)
(-6.58239e-11 2.64148e-11 0.190225)
(-5.20004e-11 2.89677e-11 0.218244)
(-4.0168e-11 2.97252e-11 0.218244)
(-3.14502e-11 3.24951e-11 0.190226)
(-1.53293e-11 2.74889e-11 0.133452)
(-6.46165e-11 3.41721e-11 0.127307)
(-6.72678e-11 2.16973e-11 0.181474)
(-5.39695e-11 2.608e-11 0.208667)
(-4.13827e-11 2.76036e-11 0.208667)
(-3.21322e-11 3.06576e-11 0.181474)
(-1.61155e-11 2.62531e-11 0.127308)
(-6.21504e-11 2.70393e-11 0.119285)
(-6.81158e-11 1.51498e-11 0.170142)
(-5.57301e-11 2.115e-11 0.196153)
(-4.26018e-11 2.44055e-11 0.196153)
(-3.27394e-11 2.80615e-11 0.170142)
(-1.68116e-11 2.45004e-11 0.119286)
(-5.84198e-11 1.74539e-11 0.108731)
(-6.77332e-11 6.83702e-12 0.155354)
(-5.67711e-11 1.48613e-11 0.179672)
(-4.34761e-11 1.99631e-11 0.179672)
(-3.31865e-11 2.45641e-11 0.155355)
(-1.72324e-11 2.22363e-11 0.108732)
(-5.15676e-11 6.38422e-12 0.0947663)
(-6.51801e-11 -1.929e-12 0.135887)
(-5.64232e-11 8.0483e-12 0.157765)
(-4.35391e-11 1.55868e-11 0.157765)
(-3.27637e-11 2.04917e-11 0.135888)
(-1.71084e-11 1.91519e-11 0.0947668)
(-4.17494e-11 -7.31555e-12 0.0762146)
(-5.81969e-11 -1.1766e-11 0.110013)
(-5.28711e-11 -8.06966e-13 0.128346)
(-4.15741e-11 9.30056e-12 0.128346)
(-3.08638e-11 1.47873e-11 0.110014)
(-1.59421e-11 1.48292e-11 0.076215)
(-2.68163e-11 -1.65704e-11 0.0515439)
(-4.35935e-11 -1.85229e-11 0.0752824)
(-4.27111e-11 -7.50889e-12 0.0883876)
(-3.42503e-11 2.46962e-12 0.0883876)
(-2.52582e-11 8.4633e-12 0.0752826)
(-1.2805e-11 9.20063e-12 0.0515442)
(-9.50425e-12 -9.58101e-12 0.0188226)
(-1.8661e-11 -1.01305e-11 0.028204)
(-1.99537e-11 -4.95951e-12 0.0334567)
(-1.61488e-11 -9.15763e-14 0.0334567)
(-1.16171e-11 3.14474e-12 0.028204)
(-5.54713e-12 3.23903e-12 0.0188227)
(5.879e-11 -2.54168e-11 0.133451)
(4.48097e-11 -2.0929e-11 0.190225)
(3.20023e-11 -2.11779e-11 0.218244)
(2.00931e-11 -2.12445e-11 0.218244)
(1.34826e-11 -2.05003e-11 0.190226)
(9.26918e-12 -1.43324e-11 0.133452)
(5.7072e-11 -2.24659e-11 0.127307)
(4.56007e-11 -1.70971e-11 0.181474)
(3.31594e-11 -1.93762e-11 0.208667)
(2.09583e-11 -2.01861e-11 0.208667)
(1.43118e-11 -1.96558e-11 0.181474)
(9.53543e-12 -1.38505e-11 0.127308)
(5.46099e-11 -1.69294e-11 0.119285)
(4.61916e-11 -1.20928e-11 0.170142)
(3.43011e-11 -1.65664e-11 0.196153)
(2.2102e-11 -1.83936e-11 0.196153)
(1.53494e-11 -1.81547e-11 0.170142)
(9.85061e-12 -1.33609e-11 0.119286)
(5.10744e-11 -9.52112e-12 0.108731)
(4.60745e-11 -6.11801e-12 0.155354)
(3.52775e-11 -1.22609e-11 0.179672)
(2.34002e-11 -1.56187e-11 0.179672)
(1.64627e-11 -1.63858e-11 0.155355)
(1.01494e-11 -1.21098e-11 0.108732)
(4.49677e-11 -1.08116e-12 0.0947663)
(4.46554e-11 5.81498e-13 0.135887)
(3.58076e-11 -7.49284e-12 0.157765)
(2.4708e-11 -1.19359e-11 0.157765)
(1.74062e-11 -1.39425e-11 0.135888)
(1.0265e-11 -1.08449e-11 0.0947668)
(3.67642e-11 8.78178e-12 0.0762146)
(4.05327e-11 7.28519e-12 0.110013)
(3.48867e-11 -2.00363e-12 0.128346)
(2.51827e-11 -8.07087e-12 0.128346)
(1.77475e-11 -1.1609e-11 0.110014)
(9.7724e-12 -9.28018e-12 0.076215)
(2.43661e-11 1.41232e-11 0.0515439)
(3.1328e-11 1.14387e-11 0.0752824)
(3.0005e-11 3.24088e-12 0.0883876)
(2.26346e-11 -4.43219e-12 0.0883876)
(1.55691e-11 -7.97751e-12 0.0752826)
(7.95931e-12 -6.93111e-12 0.0515442)
(8.93606e-12 7.94873e-12 0.0188226)
(1.38572e-11 7.16434e-12 0.028204)
(1.5121e-11 2.63222e-12 0.0334567)
(1.20465e-11 -9.61867e-13 0.0334567)
(8.20308e-12 -3.05528e-12 0.028204)
(3.76565e-12 -2.74893e-12 0.0188227)
(-7.20528e-11 4.52191e-11 0.133451)
(-7.01127e-11 3.25304e-11 0.190225)
(-5.66277e-11 3.25329e-11 0.218244)
(-4.27604e-11 3.34654e-11 0.218244)
(-3.41972e-11 3.66971e-11 0.190226)
(-1.3912e-11 3.26927e-11 0.133452)
(-6.96832e-11 4.06043e-11 0.127307)
(-7.11209e-11 2.73563e-11 0.181474)
(-5.82178e-11 2.95226e-11 0.208667)
(-4.36993e-11 3.09961e-11 0.208667)
(-3.48458e-11 3.45004e-11 0.181474)
(-1.52638e-11 3.1115e-11 0.127308)
(-6.64488e-11 3.25603e-11 0.119285)
(-7.15594e-11 1.96987e-11 0.170142)
(-5.95444e-11 2.43063e-11 0.196153)
(-4.46178e-11 2.73726e-11 0.196153)
(-3.54473e-11 3.13581e-11 0.170142)
(-1.65773e-11 2.87401e-11 0.119286)
(-6.19887e-11 2.18531e-11 0.108731)
(-7.07288e-11 1.05263e-11 0.155354)
(-6.01557e-11 1.77918e-11 0.179672)
(-4.51839e-11 2.25403e-11 0.179672)
(-3.58397e-11 2.77996e-11 0.155355)
(-1.75838e-11 2.58465e-11 0.108732)
(-5.46578e-11 9.75378e-12 0.0947663)
(-6.77542e-11 1.05618e-12 0.135887)
(-5.93908e-11 1.02542e-11 0.157765)
(-4.49213e-11 1.72859e-11 0.157765)
(-3.54955e-11 2.29547e-11 0.135888)
(-1.8053e-11 2.23881e-11 0.0947668)
(-4.41139e-11 -5.72272e-12 0.0762146)
(-6.02131e-11 -1.06992e-11 0.110013)
(-5.54539e-11 6.7674e-13 0.128346)
(-4.26804e-11 9.99825e-12 0.128346)
(-3.35862e-11 1.67438e-11 0.110014)
(-1.74171e-11 1.71484e-11 0.076215)
(-2.78812e-11 -1.68049e-11 0.0515439)
(-4.51067e-11 -1.91835e-11 0.0752824)
(-4.48703e-11 -7.84796e-12 0.0883876)
(-3.55097e-11 2.5219e-12 0.0883876)
(-2.77041e-11 9.22277e-12 0.0752826)
(-1.45442e-11 1.05679e-11 0.0515442)
(-9.90001e-12 -1.01903e-11 0.0188226)
(-1.95072e-11 -1.06802e-11 0.028204)
(-2.11518e-11 -5.31472e-12 0.0334567)
(-1.69697e-11 -3.00754e-13 0.0334567)
(-1.31097e-11 3.59727e-12 0.028204)
(-6.46014e-12 3.76699e-12 0.0188227)
(2.83746e-11 -1.65285e-11 0.133451)
(1.02105e-11 -1.33403e-11 0.190225)
(-1.07057e-12 -1.02295e-11 0.218244)
(-8.74515e-12 -7.1831e-12 0.218244)
(-1.2711e-11 -2.35545e-12 0.190226)
(-5.15921e-12 3.00788e-12 0.133452)
(2.83072e-11 -1.53338e-11 0.127307)
(1.13647e-11 -1.19431e-11 0.181474)
(4.03091e-14 -1.00626e-11 0.208667)
(-7.88258e-12 -7.16653e-12 0.208667)
(-1.18766e-11 -2.37073e-12 0.181474)
(-5.17287e-12 2.78915e-12 0.127308)
(2.79602e-11 -1.21086e-11 0.119285)
(1.2608e-11 -9.21017e-12 0.170142)
(1.43894e-12 -9.31838e-12 0.196153)
(-6.59731e-12 -7.14408e-12 0.196153)
(-1.0666e-11 -2.74903e-12 0.170142)
(-5.02843e-12 2.37175e-12 0.119286)
(2.70247e-11 -7.30046e-12 0.108731)
(1.3763e-11 -6.21891e-12 0.155354)
(3.17271e-12 -7.4684e-12 0.179672)
(-4.7376e-12 -5.83685e-12 0.179672)
(-9.00044e-12 -2.16429e-12 0.155355)
(-4.56672e-12 2.04362e-12 0.108732)
(2.44255e-11 -1.69276e-12 0.0947663)
(1.47059e-11 -1.8727e-12 0.135887)
(5.23336e-12 -4.95666e-12 0.157765)
(-2.36413e-12 -4.75693e-12 0.157765)
(-6.69308e-12 -1.87719e-12 0.135888)
(-3.90106e-12 1.7229e-12 0.0947668)
(2.09754e-11 4.89568e-12 0.0762146)
(1.46363e-11 1.66214e-12 0.110013)
(7.50881e-12 -2.91044e-12 0.128346)
(6.75983e-13 -3.85053e-12 0.128346)
(-3.92755e-12 -1.77737e-12 0.110014)
(-2.81891e-12 1.02294e-12 0.076215)
(1.47971e-11 8.27693e-12 0.0515439)
(1.26874e-11 3.72419e-12 0.0752824)
(9.04414e-12 -1.4098e-12 0.0883876)
(3.52569e-12 -3.11713e-12 0.0883876)
(-1.01519e-12 -2.75743e-12 0.0752826)
(-1.59871e-12 2.0558e-13 0.0515442)
(5.65611e-12 4.697e-12 0.0188226)
(6.13728e-12 3.15958e-12 0.028204)
(6.06916e-12 6.09924e-13 0.0334567)
(3.81778e-12 -8.46116e-13 0.0334567)
(1.23239e-12 -8.16933e-13 0.028204)
(-1.75503e-13 -1.56736e-13 0.0188227)
(-8.73254e-11 6.05575e-11 0.133451)
(-9.32774e-11 4.45247e-11 0.190225)
(-8.01846e-11 4.54942e-11 0.218244)
(-6.39538e-11 4.49289e-11 0.218244)
(-4.98107e-11 4.54683e-11 0.190226)
(-1.74241e-11 3.62732e-11 0.133452)
(-8.33783e-11 5.43749e-11 0.127307)
(-9.34732e-11 3.7984e-11 0.181474)
(-8.09576e-11 4.11976e-11 0.208667)
(-6.45079e-11 4.1684e-11 0.208667)
(-5.00308e-11 4.3096e-11 0.181474)
(-1.85139e-11 3.44302e-11 0.127308)
(-7.81118e-11 4.43218e-11 0.119285)
(-9.24533e-11 2.88519e-11 0.170142)
(-8.10126e-11 3.44436e-11 0.196153)
(-6.46011e-11 3.71187e-11 0.196153)
(-4.99112e-11 3.95372e-11 0.170142)
(-1.94718e-11 3.18338e-11 0.119286)
(-7.11239e-11 3.13738e-11 0.108731)
(-8.9432e-11 1.82441e-11 0.155354)
(-7.95992e-11 2.63663e-11 0.179672)
(-6.37458e-11 3.12539e-11 0.179672)
(-4.89409e-11 3.50558e-11 0.155355)
(-2.00424e-11 2.8586e-11 0.108732)
(-6.08198e-11 1.6943e-11 0.0947663)
(-8.31655e-11 6.30097e-12 0.135887)
(-7.57609e-11 1.63743e-11 0.157765)
(-6.09241e-11 2.41592e-11 0.157765)
(-4.66958e-11 2.95773e-11 0.135888)
(-1.98779e-11 2.46398e-11 0.0947668)
(-4.68941e-11 -1.24007e-12 0.0762146)
(-7.1047e-11 -7.95718e-12 0.110013)
(-6.73721e-11 4.60561e-12 0.128346)
(-5.50037e-11 1.4437e-11 0.128346)
(-4.21252e-11 2.1728e-11 0.110014)
(-1.85055e-11 1.8843e-11 0.076215)
(-2.74241e-11 -1.5382e-11 0.0515439)
(-5.02826e-11 -1.84911e-11 0.0752824)
(-5.08825e-11 -7.33336e-12 0.0883876)
(-4.2544e-11 4.9171e-12 0.0883876)
(-3.29547e-11 1.2495e-11 0.0752826)
(-1.48751e-11 1.15803e-11 0.0515442)
(-8.74695e-12 -9.79065e-12 0.0188226)
(-1.98385e-11 -1.10727e-11 0.028204)
(-2.13975e-11 -5.4703e-12 0.0334567)
(-1.82007e-11 4.17909e-14 0.0334567)
(-1.40963e-11 4.07758e-12 0.028204)
(-6.33531e-12 3.97949e-12 0.0188227)
(6.85791e-11 7.13121e-11 0.133451)
(3.45653e-11 5.84999e-11 0.190225)
(3.00207e-11 4.6825e-11 0.218244)
(2.61628e-11 3.26512e-11 0.218244)
(2.18316e-11 2.12849e-11 0.190226)
(1.33359e-11 1.17649e-11 0.133452)
(6.87175e-11 6.88537e-11 0.127307)
(3.50749e-11 5.74214e-11 0.181474)
(3.14606e-11 4.64217e-11 0.208667)
(2.76608e-11 3.12104e-11 0.208667)
(2.26816e-11 1.92265e-11 0.181474)
(1.28676e-11 1.03813e-11 0.127308)
(6.86405e-11 6.53824e-11 0.119285)
(3.59957e-11 5.51362e-11 0.170142)
(3.35013e-11 4.44141e-11 0.196153)
(2.95242e-11 2.91356e-11 0.196153)
(2.37321e-11 1.63006e-11 0.170142)
(1.2282e-11 8.49921e-12 0.119286)
(6.78383e-11 6.12036e-11 0.108731)
(3.72659e-11 5.1753e-11 0.155354)
(3.6087e-11 4.11479e-11 0.179672)
(3.181e-11 2.55937e-11 0.179672)
(2.47494e-11 1.23046e-11 0.155355)
(1.16277e-11 5.81574e-12 0.108732)
(6.44852e-11 5.58852e-11 0.0947663)
(3.8369e-11 4.66086e-11 0.135887)
(3.89861e-11 3.54641e-11 0.157765)
(3.41982e-11 1.93809e-11 0.157765)
(2.56072e-11 7.34545e-12 0.135888)
(1.06342e-11 2.96992e-12 0.0947668)
(5.82359e-11 4.74585e-11 0.0762146)
(3.83116e-11 3.69639e-11 0.110013)
(4.11139e-11 2.60966e-11 0.128346)
(3.56016e-11 1.15804e-11 0.128346)
(2.51277e-11 8.3949e-13 0.110014)
(8.94721e-12 -5.83307e-13 0.076215)
(4.44822e-11 3.29744e-11 0.0515439)
(3.40422e-11 2.29906e-11 0.0752824)
(3.91847e-11 1.44458e-11 0.0883876)
(3.2694e-11 2.97888e-12 0.0883876)
(2.16059e-11 -5.65601e-12 0.0752826)
(6.47567e-12 -3.2369e-12 0.0515442)
(1.83792e-11 1.26907e-11 0.0188226)
(1.72517e-11 7.92863e-12 0.028204)
(2.22613e-11 3.59171e-12 0.0334567)
(1.82285e-11 -1.60044e-12 0.0334567)
(1.1381e-11 -4.46156e-12 0.028204)
(2.90035e-12 -2.48418e-12 0.0188227)
(-1.98053e-11 -1.22877e-12 0.133451)
(2.61456e-11 2.75491e-11 0.190225)
(4.17128e-11 2.38412e-11 0.218244)
(5.17892e-11 1.43146e-11 0.218244)
(5.21033e-11 -1.9849e-12 0.190226)
(3.65928e-11 -1.15577e-11 0.133452)
(-2.09254e-11 -8.29452e-13 0.127307)
(2.69272e-11 2.79612e-11 0.181474)
(4.24102e-11 2.4656e-11 0.208667)
(5.21835e-11 1.43248e-11 0.208667)
(5.16007e-11 -1.82642e-12 0.181474)
(3.58025e-11 -1.16139e-11 0.127308)
(-2.22633e-11 -3.98517e-13 0.119285)
(2.73523e-11 2.76359e-11 0.170142)
(4.26991e-11 2.50961e-11 0.196153)
(5.22003e-11 1.38697e-11 0.196153)
(5.06572e-11 -2.20013e-12 0.170142)
(3.45432e-11 -1.18823e-11 0.119286)
(-2.34691e-11 -6.40052e-13 0.108731)
(2.70564e-11 2.61814e-11 0.155354)
(4.22851e-11 2.38838e-11 0.179672)
(5.12818e-11 1.25235e-11 0.179672)
(4.87897e-11 -3.06747e-12 0.155355)
(3.25124e-11 -1.20215e-11 0.108732)
(-2.31376e-11 -2.32288e-12 0.0947663)
(2.5595e-11 2.30934e-11 0.135887)
(4.02544e-11 2.13705e-11 0.157765)
(4.86351e-11 1.01777e-11 0.157765)
(4.52172e-11 -4.43128e-12 0.135888)
(2.93477e-11 -1.22769e-11 0.0947668)
(-2.19754e-11 -4.84957e-12 0.0762146)
(2.2388e-11 1.89872e-11 0.110013)
(3.53042e-11 1.75104e-11 0.128346)
(4.28707e-11 7.62723e-12 0.128346)
(3.90993e-11 -5.31139e-12 0.110014)
(2.4571e-11 -1.16975e-11 0.076215)
(-1.72933e-11 -4.83628e-12 0.0515439)
(1.59626e-11 1.33475e-11 0.0752824)
(2.52978e-11 1.23514e-11 0.0883876)
(3.15122e-11 4.15143e-12 0.0883876)
(2.82125e-11 -5.22309e-12 0.0752826)
(1.69813e-11 -9.20415e-12 0.0515442)
(-6.83207e-12 -3.33047e-12 0.0188226)
(6.82534e-12 4.07384e-12 0.028204)
(9.03604e-12 2.92904e-12 0.0334567)
(1.17544e-11 7.62146e-14 0.0334567)
(1.05984e-11 -2.94945e-12 0.028204)
(6.31937e-12 -4.37182e-12 0.0188227)
(5.33393e-11 1.07643e-11 0.133451)
(2.89905e-11 -5.5111e-12 0.190225)
(3.42651e-11 -4.96667e-12 0.218244)
(2.87052e-11 -1.10539e-11 0.218244)
(2.35629e-11 -1.41189e-11 0.190226)
(1.17104e-11 -1.0507e-11 0.133452)
(5.1095e-11 1.1383e-11 0.127307)
(2.65627e-11 -4.65481e-12 0.181474)
(3.278e-11 -5.08304e-12 0.208667)
(2.72799e-11 -1.06162e-11 0.208667)
(2.23242e-11 -1.37445e-11 0.181474)
(1.10141e-11 -1.00768e-11 0.127308)
(4.8505e-11 1.13592e-11 0.119285)
(2.34961e-11 -4.13722e-12 0.170142)
(3.06314e-11 -5.32323e-12 0.196153)
(2.53266e-11 -1.02382e-11 0.196153)
(2.06473e-11 -1.3089e-11 0.170142)
(1.00722e-11 -9.61252e-12 0.119286)
(4.53074e-11 1.13281e-11 0.108731)
(1.97782e-11 -3.60726e-12 0.155354)
(2.75121e-11 -4.98772e-12 0.179672)
(2.25207e-11 -9.86131e-12 0.179672)
(1.8377e-11 -1.20327e-11 0.155355)
(8.8798e-12 -8.58141e-12 0.108732)
(4.00124e-11 1.14599e-11 0.0947663)
(1.49546e-11 -2.61841e-12 0.135887)
(2.31113e-11 -5.09514e-12 0.157765)
(1.84834e-11 -8.38994e-12 0.157765)
(1.51304e-11 -9.82187e-12 0.135888)
(7.32501e-12 -7.42465e-12 0.0947668)
(3.34589e-11 1.18107e-11 0.0762146)
(8.91679e-12 -2.11596e-12 0.110013)
(1.68926e-11 -3.55282e-12 0.128346)
(1.3125e-11 -6.50861e-12 0.128346)
(1.10868e-11 -7.55724e-12 0.110014)
(5.46105e-12 -5.26436e-12 0.076215)
(2.29382e-11 9.71651e-12 0.0515439)
(2.67285e-12 -1.3277e-12 0.0752824)
(9.24146e-12 -2.13494e-12 0.0883876)
(6.31609e-12 -3.57454e-12 0.0883876)
(6.30633e-12 -3.48278e-12 0.0752826)
(3.39098e-12 -3.06669e-12 0.0515442)
(7.77085e-12 4.60508e-12 0.0188226)
(-1.83963e-12 -9.14441e-13 0.028204)
(1.94584e-12 -9.3211e-13 0.0334567)
(3.47456e-13 -1.01609e-12 0.0334567)
(1.17019e-12 -8.87054e-13 0.028204)
(7.56304e-13 -7.0002e-13 0.0188227)
(-5.20769e-11 -3.33076e-11 0.133451)
(-2.96386e-11 -2.05137e-11 0.190225)
(-2.34254e-11 -1.92788e-11 0.218244)
(-1.52349e-11 -1.64506e-11 0.218244)
(-9.3136e-12 -1.68432e-11 0.190226)
(1.29012e-12 -1.66722e-11 0.133452)
(-5.24843e-11 -3.25568e-11 0.127307)
(-3.00802e-11 -2.03028e-11 0.181474)
(-2.50718e-11 -1.78966e-11 0.208667)
(-1.69427e-11 -1.45465e-11 0.208667)
(-1.04878e-11 -1.4257e-11 0.181474)
(1.56696e-12 -1.51075e-11 0.127308)
(-5.27315e-11 -3.11746e-11 0.119285)
(-3.04912e-11 -1.93981e-11 0.170142)
(-2.69198e-11 -1.59328e-11 0.196153)
(-1.89042e-11 -1.23651e-11 0.196153)
(-1.16912e-11 -1.11405e-11 0.170142)
(1.89306e-12 -1.28977e-11 0.119286)
(-5.2264e-11 -2.95979e-11 0.108731)
(-3.08043e-11 -1.87066e-11 0.155354)
(-2.88342e-11 -1.355e-11 0.179672)
(-2.08547e-11 -8.97974e-12 0.179672)
(-1.286e-11 -7.25718e-12 0.155355)
(2.17843e-12 -1.02635e-11 0.108732)
(-4.92065e-11 -2.80661e-11 0.0947663)
(-3.01823e-11 -1.73725e-11 0.135887)
(-3.02356e-11 -1.08588e-11 0.157765)
(-2.25253e-11 -5.40284e-12 0.157765)
(-1.36438e-11 -2.86154e-12 0.135888)
(2.42317e-12 -7.45444e-12 0.0947668)
(-4.40328e-11 -2.60287e-11 0.0762146)
(-2.78217e-11 -1.39627e-11 0.110013)
(-3.0042e-11 -7.09403e-12 0.128346)
(-2.26869e-11 -1.13362e-12 0.128346)
(-1.35567e-11 2.12148e-12 0.110014)
(2.4548e-12 -4.00361e-12 0.076215)
(-3.27776e-11 -1.96563e-11 0.0515439)
(-2.19337e-11 -8.68919e-12 0.0752824)
(-2.56551e-11 -2.82721e-12 0.0883876)
(-1.96718e-11 3.66127e-12 0.0883876)
(-1.11284e-11 6.06191e-12 0.0752826)
(2.1315e-12 -5.54366e-13 0.0515442)
(-1.27218e-11 -8.46424e-12 0.0188226)
(-8.95266e-12 -3.11394e-12 0.028204)
(-1.25548e-11 -5.1706e-13 0.0334567)
(-9.48055e-12 2.54165e-12 0.0334567)
(-5.75874e-12 3.51172e-12 0.028204)
(8.0029e-13 3.812e-13 0.0188227)
(2.37534e-11 1.01543e-11 0.133451)
(-1.20718e-11 -1.43121e-11 0.190225)
(-1.42745e-11 -1.25462e-11 0.218244)
(-2.0014e-11 -1.20899e-11 0.218244)
(-2.03672e-11 -5.94743e-12 0.190226)
(-1.35663e-11 8.42711e-13 0.133452)
(2.34337e-11 1.00688e-11 0.127307)
(-1.32188e-11 -1.38553e-11 0.181474)
(-1.4939e-11 -1.2822e-11 0.208667)
(-2.06367e-11 -1.23392e-11 0.208667)
(-2.04739e-11 -5.74993e-12 0.181474)
(-1.34157e-11 9.41177e-13 0.127308)
(2.33008e-11 9.36571e-12 0.119285)
(-1.42106e-11 -1.3658e-11 0.170142)
(-1.55467e-11 -1.31156e-11 0.196153)
(-2.11331e-11 -1.18447e-11 0.196153)
(-2.04137e-11 -5.06621e-12 0.170142)
(-1.31148e-11 1.40773e-12 0.119286)
(2.31945e-11 8.6477e-12 0.108731)
(-1.47495e-11 -1.29394e-11 0.155354)
(-1.58403e-11 -1.26853e-11 0.179672)
(-2.12134e-11 -1.03875e-11 0.179672)
(-1.99521e-11 -4.3134e-12 0.155355)
(-1.25429e-11 2.17861e-12 0.108732)
(2.18112e-11 8.3727e-12 0.0947663)
(-1.47086e-11 -1.13827e-11 0.135887)
(-1.53182e-11 -1.20788e-11 0.157765)
(-2.04465e-11 -9.28006e-12 0.157765)
(-1.88075e-11 -2.75449e-12 0.135888)
(-1.15325e-11 2.73776e-12 0.0947668)
(2.02546e-11 7.93856e-12 0.0762146)
(-1.36277e-11 -9.731e-12 0.110013)
(-1.35559e-11 -1.00063e-11 0.128346)
(-1.81618e-11 -6.51414e-12 0.128346)
(-1.63605e-11 -1.26789e-12 0.110014)
(-9.81977e-12 3.03881e-12 0.076215)
(1.58317e-11 5.83841e-12 0.0515439)
(-1.03809e-11 -7.73184e-12 0.0752824)
(-9.31576e-12 -7.23548e-12 0.0883876)
(-1.31242e-11 -4.26513e-12 0.0883876)
(-1.18196e-11 2.50142e-13 0.0752826)
(-7.18434e-12 3.35464e-12 0.0515442)
(6.05054e-12 2.86799e-12 0.0188226)
(-4.90165e-12 -2.68397e-12 0.028204)
(-2.70779e-12 -2.03267e-12 0.0334567)
(-4.77532e-12 -6.3461e-13 0.0334567)
(-4.32366e-12 7.98315e-13 0.028204)
(-2.68095e-12 1.76393e-12 0.0188227)
(-6.79854e-11 -1.41759e-11 0.133451)
(-4.04641e-11 2.13367e-12 0.190225)
(-3.86569e-11 6.80478e-12 0.218244)
(-3.02407e-11 1.63514e-11 0.218244)
(-2.80059e-11 2.73491e-11 0.190226)
(-1.46536e-11 2.86405e-11 0.133452)
(-6.60684e-11 -1.50426e-11 0.127307)
(-3.85454e-11 5.08835e-13 0.181474)
(-3.77461e-11 5.8571e-12 0.208667)
(-2.9179e-11 1.53526e-11 0.208667)
(-2.72411e-11 2.55698e-11 0.181474)
(-1.49926e-11 2.70675e-11 0.127308)
(-6.36155e-11 -1.55673e-11 0.119285)
(-3.60677e-11 -9.70295e-13 0.170142)
(-3.63791e-11 4.07012e-12 0.196153)
(-2.77694e-11 1.38141e-11 0.196153)
(-2.63365e-11 2.28426e-11 0.170142)
(-1.53274e-11 2.48878e-11 0.119286)
(-6.02176e-11 -1.62843e-11 0.108731)
(-3.2856e-11 -2.68517e-12 0.155354)
(-3.43298e-11 2.74433e-12 0.179672)
(-2.59594e-11 1.14636e-11 0.179672)
(-2.51075e-11 1.95438e-11 0.155355)
(-1.54358e-11 2.2003e-11 0.108732)
(-5.40413e-11 -1.71289e-11 0.0947663)
(-2.84643e-11 -4.43268e-12 0.135887)
(-3.12872e-11 1.11097e-12 0.157765)
(-2.34171e-11 9.1768e-12 0.157765)
(-2.31922e-11 1.57793e-11 0.135888)
(-1.50634e-11 1.86365e-11 0.0947668)
(-4.53526e-11 -1.87553e-11 0.0762146)
(-2.2098e-11 -6.38629e-12 0.110013)
(-2.64929e-11 -1.08441e-12 0.128346)
(-1.97878e-11 4.85228e-12 0.128346)
(-2.04168e-11 1.02285e-11 0.110014)
(-1.39711e-11 1.37603e-11 0.076215)
(-3.10614e-11 -1.68224e-11 0.0515439)
(-1.38356e-11 -6.51126e-12 0.0752824)
(-1.91775e-11 -3.68117e-12 0.0883876)
(-1.43803e-11 4.39819e-13 0.0883876)
(-1.54304e-11 4.63662e-12 0.0752826)
(-1.11889e-11 7.30483e-12 0.0515442)
(-1.10197e-11 -7.85389e-12 0.0188226)
(-3.80689e-12 -2.61999e-12 0.028204)
(-8.11697e-12 -1.81775e-12 0.0334567)
(-5.4371e-12 1.43822e-13 0.0334567)
(-6.21346e-12 1.42369e-12 0.028204)
(-4.51293e-12 2.48308e-12 0.0188227)
(1.19449e-11 2.17675e-11 0.133451)
(-1.6437e-11 9.13216e-13 0.190225)
(-2.00117e-11 1.00264e-12 0.218244)
(-2.14628e-11 7.70212e-13 0.218244)
(-1.77833e-11 4.63691e-12 0.190226)
(-2.85006e-13 5.09462e-12 0.133452)
(1.28627e-11 2.05417e-11 0.127307)
(-1.66408e-11 -2.44169e-13 0.181474)
(-1.96247e-11 -6.07721e-13 0.208667)
(-2.08078e-11 -2.43842e-13 0.208667)
(-1.66571e-11 3.5825e-12 0.181474)
(-4.45931e-13 4.33141e-12 0.127308)
(1.41376e-11 1.86737e-11 0.119285)
(-1.64746e-11 -1.39294e-12 0.170142)
(-1.88732e-11 -1.58365e-12 0.196153)
(-1.97519e-11 -1.16187e-12 0.196153)
(-1.52641e-11 2.43553e-12 0.170142)
(-5.73902e-13 3.54651e-12 0.119286)
(1.55961e-11 1.6314e-11 0.108731)
(-1.56411e-11 -2.34721e-12 0.155354)
(-1.75683e-11 -2.42397e-12 0.179672)
(-1.81433e-11 -1.35889e-12 0.179672)
(-1.3551e-11 2.26563e-12 0.155355)
(-6.0892e-13 2.84244e-12 0.108732)
(1.5929e-11 1.42305e-11 0.0947663)
(-1.40917e-11 -2.82901e-12 0.135887)
(-1.54926e-11 -3.46146e-12 0.157765)
(-1.58795e-11 -1.34357e-12 0.157765)
(-1.12334e-11 1.27517e-12 0.135888)
(-6.07539e-13 1.66598e-12 0.0947668)
(1.64117e-11 1.17529e-11 0.0762146)
(-1.18148e-11 -3.92033e-12 0.110013)
(-1.22919e-11 -4.3025e-12 0.128346)
(-1.2581e-11 -2.43692e-12 0.128346)
(-8.63967e-12 2.46086e-13 0.110014)
(-4.86822e-13 4.29226e-13 0.076215)
(1.43019e-11 6.35613e-12 0.0515439)
(-7.92899e-12 -5.50821e-12 0.0752824)
(-7.82113e-12 -4.90671e-12 0.0883876)
(-8.19314e-12 -3.25984e-12 0.0883876)
(-5.30658e-12 -1.11177e-12 0.0752826)
(-3.64647e-13 -8.80108e-13 0.0515442)
(6.08428e-12 2.77699e-12 0.0188226)
(-3.3607e-12 -2.36643e-12 0.028204)
(-2.12474e-12 -1.90506e-12 0.0334567)
(-2.50867e-12 -9.3216e-13 0.0334567)
(-1.38166e-12 -6.43592e-13 0.028204)
(1.34771e-13 -5.62006e-13 0.0188227)
(-8.19926e-11 -1.32294e-11 0.133451)
(-5.50029e-11 -4.45616e-13 0.190225)
(-5.22534e-11 -1.30291e-12 0.218244)
(-3.87041e-11 2.39185e-12 0.218244)
(-2.58358e-11 3.05722e-12 0.190226)
(4.18656e-12 1.43687e-12 0.133452)
(-7.92137e-11 -1.47198e-11 0.127307)
(-5.32461e-11 -2.9316e-12 0.181474)
(-5.16783e-11 -2.45056e-12 0.208667)
(-3.80885e-11 1.60648e-12 0.208667)
(-2.51471e-11 2.37142e-12 0.181474)
(3.64516e-12 1.11911e-12 0.127308)
(-7.57537e-11 -1.59939e-11 0.119285)
(-5.07929e-11 -4.94893e-12 0.170142)
(-5.05493e-11 -3.82186e-12 0.196153)
(-3.71134e-11 7.8099e-13 0.196153)
(-2.41371e-11 2.65176e-12 0.170142)
(3.06667e-12 8.69021e-13 0.119286)
(-7.11865e-11 -1.74298e-11 0.108731)
(-4.73908e-11 -7.49426e-12 0.155354)
(-4.84985e-11 -4.19408e-12 0.179672)
(-3.53922e-11 7.28821e-13 0.179672)
(-2.27468e-11 2.94419e-12 0.155355)
(2.45218e-12 7.42377e-13 0.108732)
(-6.36081e-11 -1.88948e-11 0.0947663)
(-4.23752e-11 -9.48018e-12 0.135887)
(-4.52032e-11 -4.38391e-12 0.157765)
(-3.2596e-11 6.74973e-13 0.157765)
(-2.07636e-11 4.11961e-12 0.135888)
(1.68919e-12 7.32604e-13 0.0947668)
(-5.30369e-11 -2.16408e-11 0.0762146)
(-3.44834e-11 -1.10494e-11 0.110013)
(-3.92618e-11 -5.82224e-12 0.128346)
(-2.79826e-11 4.58506e-13 0.128346)
(-1.80819e-11 3.5132e-12 0.110014)
(9.04896e-13 2.14605e-13 0.076215)
(-3.60879e-11 -2.02275e-11 0.0515439)
(-2.31466e-11 -1.13993e-11 0.0752824)
(-2.90512e-11 -5.93063e-12 0.0883876)
(-2.06639e-11 -2.95646e-13 0.0883876)
(-1.34374e-11 2.62165e-12 0.0752826)
(-8.27086e-14 -3.88793e-14 0.0515442)
(-1.27249e-11 -9.53217e-12 0.0188226)
(-7.811e-12 -4.62636e-12 0.028204)
(-1.22303e-11 -2.28747e-12 0.0334567)
(-8.09746e-12 3.90904e-13 0.0334567)
(-5.67026e-12 1.73144e-12 0.028204)
(-2.42581e-13 -8.11822e-14 0.0188227)
(-9.45509e-12 2.6609e-11 0.133451)
(-2.85336e-11 1.07995e-11 0.190225)
(-3.11321e-11 9.9291e-12 0.218244)
(-2.86185e-11 9.25623e-12 0.218244)
(-2.42076e-11 1.35973e-11 0.190226)
(5.03728e-13 1.85276e-11 0.133452)
(-6.996e-12 2.4109e-11 0.127307)
(-2.77899e-11 7.78215e-12 0.181474)
(-3.01385e-11 6.83808e-12 0.208667)
(-2.76528e-11 5.9907e-12 0.208667)
(-2.32611e-11 1.10895e-11 0.181474)
(-1.05526e-12 1.67088e-11 0.127308)
(-3.8594e-12 2.09653e-11 0.119285)
(-2.63338e-11 4.43406e-12 0.170142)
(-2.8588e-11 3.09472e-12 0.196153)
(-2.62309e-11 3.34294e-12 0.196153)
(-2.21705e-11 8.29441e-12 0.170142)
(-2.75066e-12 1.4316e-11 0.119286)
(-2.03599e-13 1.76285e-11 0.108731)
(-2.3932e-11 1.59687e-12 0.155354)
(-2.61552e-11 3.93471e-13 0.179672)
(-2.41888e-11 5.17702e-13 0.179672)
(-2.07312e-11 6.0009e-12 0.155355)
(-4.41631e-12 1.20725e-11 0.108732)
(2.91803e-12 1.4414e-11 0.0947663)
(-2.04468e-11 -9.35971e-13 0.135887)
(-2.26385e-11 -2.63956e-12 0.157765)
(-2.11522e-11 -1.90734e-12 0.157765)
(-1.8721e-11 3.66059e-12 0.135888)
(-5.87708e-12 9.58085e-12 0.0947668)
(6.70427e-12 9.91149e-12 0.0762146)
(-1.54234e-11 -4.58683e-12 0.110013)
(-1.72773e-11 -6.51134e-12 0.128346)
(-1.68189e-11 -4.13121e-12 0.128346)
(-1.62372e-11 3.63243e-13 0.110014)
(-6.79381e-12 6.5085e-12 0.076215)
(9.2287e-12 3.10773e-12 0.0515439)
(-8.56827e-12 -8.83158e-12 0.0752824)
(-1.01579e-11 -9.14795e-12 0.0883876)
(-1.08046e-11 -7.49238e-12 0.0883876)
(-1.19157e-11 -2.63131e-12 0.0752826)
(-6.64181e-12 2.55265e-12 0.0515442)
(4.57579e-12 1.02679e-12 0.0188226)
(-2.735e-12 -3.4308e-12 0.028204)
(-2.36645e-12 -3.8045e-12 0.0334567)
(-2.76675e-12 -2.78208e-12 0.0334567)
(-4.23954e-12 -7.79529e-13 0.028204)
(-2.95993e-12 7.21044e-13 0.0188227)
(-1.04746e-10 -5.15522e-12 0.133451)
(-7.1224e-11 2.08892e-11 0.190225)
(-6.34739e-11 2.94369e-11 0.218244)
(-4.12172e-11 3.72632e-11 0.218244)
(-2.78207e-11 4.07668e-11 0.190226)
(-2.80034e-13 3.49491e-11 0.133452)
(-9.9954e-11 -7.76781e-12 0.127307)
(-6.77508e-11 1.68819e-11 0.181474)
(-6.13097e-11 2.62561e-11 0.208667)
(-3.91583e-11 3.46525e-11 0.208667)
(-2.65069e-11 3.78094e-11 0.181474)
(-1.76703e-12 3.24513e-11 0.127308)
(-9.40103e-11 -1.01228e-11 0.119285)
(-6.31325e-11 1.27174e-11 0.170142)
(-5.81128e-11 2.2786e-11 0.196153)
(-3.64606e-11 3.16368e-11 0.196153)
(-2.49934e-11 3.40887e-11 0.170142)
(-3.41975e-12 2.93603e-11 0.119286)
(-8.65271e-11 -1.24975e-11 0.108731)
(-5.69434e-11 8.36714e-12 0.155354)
(-5.35059e-11 1.87978e-11 0.179672)
(-3.29193e-11 2.76127e-11 0.179672)
(-2.33045e-11 2.88715e-11 0.155355)
(-5.13683e-12 2.5319e-11 0.108732)
(-7.57015e-11 -1.54679e-11 0.0947663)
(-4.86201e-11 3.73022e-12 0.135887)
(-4.69539e-11 1.39312e-11 0.157765)
(-2.83261e-11 2.15926e-11 0.157765)
(-2.11283e-11 2.30963e-11 0.135888)
(-6.67123e-12 2.07717e-11 0.0947668)
(-6.10961e-11 -1.92666e-11 0.0762146)
(-3.70575e-11 -2.11859e-12 0.110013)
(-3.76993e-11 6.89066e-12 0.128346)
(-2.24433e-11 1.33469e-11 0.128346)
(-1.84907e-11 1.43774e-11 0.110014)
(-7.78619e-12 1.39385e-11 0.076215)
(-3.95742e-11 -2.01234e-11 0.0515439)
(-2.21339e-11 -6.77963e-12 0.0752824)
(-2.49342e-11 -1.10699e-12 0.0883876)
(-1.48032e-11 3.43167e-12 0.0883876)
(-1.42321e-11 4.57117e-12 0.0752826)
(-7.80398e-12 6.23972e-12 0.0515442)
(-1.33367e-11 -9.89542e-12 0.0188226)
(-5.69346e-12 -3.86438e-12 0.028204)
(-8.68403e-12 -1.71193e-12 0.0334567)
(-4.55777e-12 -4.88323e-13 0.0334567)
(-5.76633e-12 9.59081e-13 0.028204)
(-3.51181e-12 1.42537e-12 0.0188227)
(5.66644e-12 -2.67081e-11 0.133451)
(5.33243e-11 -5.80086e-11 0.190225)
(7.30598e-11 -1.91368e-11 0.218244)
(6.15361e-11 -3.51302e-11 0.218244)
(1.90078e-11 -3.31266e-11 0.190226)
(2.16706e-11 -1.2044e-10 0.133452)
(4.62598e-12 -2.43122e-11 0.127307)
(5.59213e-11 -5.64468e-11 0.181474)
(7.79948e-11 -1.84521e-11 0.208667)
(6.38515e-11 -3.41797e-11 0.208667)
(1.65396e-11 -3.47717e-11 0.181474)
(1.86047e-11 -1.22342e-10 0.127308)
(3.6318e-12 -2.16618e-11 0.119285)
(5.8537e-11 -5.17968e-11 0.170142)
(8.37592e-11 -1.72634e-11 0.196153)
(6.6342e-11 -3.2355e-11 0.196153)
(1.29287e-11 -3.59956e-11 0.170142)
(1.5121e-11 -1.2354e-10 0.119286)
(2.72248e-12 -1.82109e-11 0.108731)
(6.08076e-11 -4.6777e-11 0.155354)
(8.99145e-11 -1.4587e-11 0.179672)
(6.84775e-11 -2.85791e-11 0.179672)
(7.46932e-12 -3.5928e-11 0.155355)
(1.24067e-11 -1.16604e-10 0.108732)
(1.14247e-12 -1.48597e-11 0.0947663)
(6.05662e-11 -3.33724e-11 0.135887)
(9.59621e-11 -1.0267e-11 0.157765)
(6.93057e-11 -2.33845e-11 0.157765)
(2.33775e-12 -3.25682e-11 0.135888)
(1.11021e-11 -9.78209e-11 0.0947668)
(6.2832e-13 -8.66096e-12 0.0762146)
(5.41452e-11 -4.78382e-13 0.110013)
(9.47513e-11 -3.14834e-12 0.128346)
(6.71376e-11 -1.68398e-11 0.128346)
(-2.84967e-12 -2.47316e-11 0.110014)
(1.28856e-11 -6.81457e-11 0.076215)
(-2.60726e-13 -5.94762e-13 0.0515439)
(4.13467e-11 2.30518e-11 0.0752824)
(7.86757e-11 6.89394e-12 0.0883876)
(5.63958e-11 -9.39052e-12 0.0883876)
(-2.03442e-12 -1.35284e-11 0.0752826)
(1.95022e-11 -2.11777e-11 0.0515442)
(4.93517e-13 1.96603e-12 0.0188226)
(2.02264e-11 1.38132e-11 0.028204)
(3.66235e-11 5.36038e-12 0.0334567)
(2.80033e-11 -2.39648e-12 0.0334567)
(2.02379e-12 -2.99925e-12 0.028204)
(1.01388e-11 -9.82238e-13 0.0188227)
(-5.42052e-11 -7.21426e-12 0.133451)
(-2.58786e-11 1.1059e-11 0.190225)
(-8.10482e-12 5.87658e-12 0.218244)
(6.99205e-12 2.35555e-11 0.218244)
(1.03234e-11 2.87739e-11 0.190226)
(7.52778e-12 7.95948e-11 0.133452)
(-5.14749e-11 -9.8466e-12 0.127307)
(-2.51168e-11 7.76561e-12 0.181474)
(-7.53704e-12 3.20791e-12 0.208667)
(7.67268e-12 1.95305e-11 0.208667)
(1.11665e-11 2.63303e-11 0.181474)
(6.55169e-12 7.99413e-11 0.127308)
(-4.83294e-11 -1.11518e-11 0.119285)
(-2.40764e-11 4.98111e-12 0.170142)
(-7.18655e-12 6.24618e-13 0.196153)
(8.10904e-12 1.47883e-11 0.196153)
(1.24327e-11 2.32371e-11 0.170142)
(5.30954e-12 7.90514e-11 0.119286)
(-4.45233e-11 -1.14705e-11 0.108731)
(-2.32939e-11 7.0674e-12 0.155354)
(-7.66891e-12 -6.3811e-12 0.179672)
(8.07043e-12 9.34206e-12 0.179672)
(1.41456e-11 1.94828e-11 0.155355)
(2.62511e-12 6.91489e-11 0.108732)
(-3.86642e-11 -1.06428e-11 0.0947663)
(-2.21389e-11 2.73198e-12 0.135887)
(-1.07724e-11 -8.93949e-12 0.157765)
(7.86815e-12 3.55905e-12 0.157765)
(1.35685e-11 1.46849e-11 0.135888)
(-6.71885e-13 5.4623e-11 0.0947668)
(-3.16442e-11 -1.12871e-11 0.0762146)
(-1.79452e-11 -1.11206e-11 0.110013)
(-1.39557e-11 -1.03107e-12 0.128346)
(4.0403e-12 -1.55068e-12 0.128346)
(1.37019e-11 6.27894e-12 0.110014)
(-3.72596e-12 4.19228e-11 0.076215)
(-1.99158e-11 -1.18618e-11 0.0515439)
(-1.35688e-11 -1.39048e-11 0.0752824)
(-1.60602e-11 -2.85153e-12 0.0883876)
(-1.56532e-12 -3.98042e-12 0.0883876)
(9.32981e-12 -4.93611e-13 0.0752826)
(-1.13718e-11 1.24022e-11 0.0515442)
(-6.4766e-12 -5.55134e-12 0.0188226)
(-6.7468e-12 -6.0563e-12 0.028204)
(-1.16766e-11 -1.86458e-12 0.0334567)
(-4.91827e-12 -1.64429e-12 0.0334567)
(1.99816e-12 -1.47577e-12 0.028204)
(-7.10746e-12 2.91418e-13 0.0188227)
(1.26637e-11 7.25347e-11 0.133451)
(4.52459e-12 5.01829e-11 0.190225)
(-2.23326e-12 4.83392e-11 0.218244)
(-1.03132e-11 3.20092e-11 0.218244)
(-1.16473e-11 2.6064e-11 0.190226)
(1.45049e-11 2.60707e-11 0.133452)
(1.4399e-11 6.85698e-11 0.127307)
(3.99357e-12 4.61926e-11 0.181474)
(-3.22671e-12 4.55236e-11 0.208667)
(-1.19671e-11 2.92587e-11 0.208667)
(-1.20976e-11 2.28188e-11 0.181474)
(1.17484e-11 2.20836e-11 0.127308)
(1.66616e-11 6.20825e-11 0.119285)
(3.82713e-12 4.13264e-11 0.170142)
(-4.17081e-12 4.26931e-11 0.196153)
(-1.38865e-11 2.59369e-11 0.196153)
(-1.30332e-11 1.93476e-11 0.170142)
(8.63454e-12 1.7686e-11 0.119286)
(1.91795e-11 5.36385e-11 0.108731)
(4.59787e-12 3.5839e-11 0.155354)
(-4.97691e-12 4.38532e-11 0.179672)
(-1.64651e-11 1.86193e-11 0.179672)
(-1.42534e-11 1.61635e-11 0.155355)
(6.14227e-12 1.9982e-11 0.108732)
(2.09307e-11 4.42681e-11 0.0947663)
(6.67116e-12 3.12542e-11 0.135887)
(-5.72901e-12 3.58126e-11 0.157765)
(-1.98841e-11 1.42195e-11 0.157765)
(-1.30388e-11 1.2718e-11 0.135888)
(2.79417e-12 1.93329e-11 0.0947668)
(2.30518e-11 3.02896e-11 0.0762146)
(8.71391e-12 2.06046e-11 0.110013)
(-3.98077e-12 9.94047e-12 0.128346)
(-1.99103e-11 1.01229e-11 0.128346)
(-1.46963e-11 7.53903e-12 0.110014)
(-3.53966e-12 4.73308e-12 0.076215)
(2.1851e-11 1.40846e-11 0.0515439)
(1.06369e-11 2.96668e-12 0.0752824)
(-4.70115e-13 -8.87661e-12 0.0883876)
(-1.69028e-11 -2.82707e-12 0.0883876)
(-1.45199e-11 4.29561e-13 0.0752826)
(-4.76539e-12 7.56118e-13 0.0515442)
(9.74208e-12 4.14347e-12 0.0188226)
(5.53068e-12 -4.75873e-13 0.028204)
(1.37532e-12 -5.4971e-12 0.0334567)
(-6.5194e-12 -2.83937e-12 0.0334567)
(-6.53696e-12 -2.147e-13 0.028204)
(-2.15268e-12 1.66827e-13 0.0188227)
(-5.60959e-11 5.48672e-11 0.133451)
(-1.54711e-11 7.61898e-11 0.190225)
(1.76238e-11 9.16289e-11 0.218244)
(2.03759e-11 1.249e-10 0.218244)
(2.33069e-11 1.26547e-10 0.190226)
(1.57432e-11 1.81099e-10 0.133452)
(-5.27139e-11 4.78419e-11 0.127307)
(-1.52311e-11 6.95355e-11 0.181474)
(2.00536e-11 8.69353e-11 0.208667)
(2.26359e-11 1.20716e-10 0.208667)
(2.61582e-11 1.23153e-10 0.181474)
(1.33296e-11 1.77754e-10 0.127308)
(-4.86958e-11 3.96949e-11 0.119285)
(-1.43654e-11 6.17659e-11 0.170142)
(2.31491e-11 8.14422e-11 0.196153)
(2.55235e-11 1.15751e-10 0.196153)
(2.95232e-11 1.18925e-10 0.170142)
(1.03252e-11 1.73392e-10 0.119286)
(-4.40107e-11 3.05364e-11 0.108731)
(-1.26502e-11 5.2039e-11 0.155354)
(2.72708e-11 7.38767e-11 0.179672)
(2.92002e-11 1.10026e-10 0.179672)
(3.32431e-11 1.11819e-10 0.155355)
(5.61848e-12 1.60624e-10 0.108732)
(-3.76809e-11 1.99598e-11 0.0947663)
(-9.73625e-12 3.98719e-11 0.135887)
(3.22616e-11 6.42784e-11 0.157765)
(3.2658e-11 9.25572e-11 0.157765)
(3.38489e-11 9.37351e-11 0.135888)
(-1.41837e-12 1.34764e-10 0.0947668)
(-2.908e-11 6.46369e-12 0.0762146)
(-4.99876e-12 2.41873e-11 0.110013)
(3.50896e-11 4.48361e-11 0.128346)
(3.2012e-11 4.81187e-11 0.128346)
(3.09941e-11 5.54936e-11 0.110014)
(-1.20411e-11 9.23669e-11 0.076215)
(-1.66223e-11 -5.8167e-12 0.0515439)
(4.86642e-13 5.98678e-12 0.0752824)
(3.12119e-11 1.46583e-11 0.0883876)
(2.43088e-11 2.43909e-12 0.0883876)
(1.84339e-11 6.96455e-12 0.0752826)
(-2.5827e-11 2.86264e-11 0.0515442)
(-5.19953e-12 -5.45703e-12 0.0188226)
(1.53703e-12 -1.03469e-12 0.028204)
(1.40007e-11 1.52139e-13 0.0334567)
(9.19462e-12 -7.7164e-12 0.0334567)
(5.7489e-12 -7.12672e-12 0.028204)
(-1.42394e-11 9.28106e-13 0.0188227)
(-4.8721e-11 2.66192e-11 0.133451)
(-4.45814e-11 3.65766e-11 0.190225)
(-2.95824e-11 4.90242e-11 0.218244)
(-1.56558e-11 5.48076e-11 0.218244)
(-4.15943e-12 4.7039e-11 0.190226)
(2.23243e-11 3.12089e-11 0.133452)
(-4.58208e-11 2.30697e-11 0.127307)
(-4.47081e-11 3.22205e-11 0.181474)
(-3.0161e-11 4.48671e-11 0.208667)
(-1.61709e-11 5.08464e-11 0.208667)
(-4.1714e-12 4.32372e-11 0.181474)
(2.00571e-11 2.81715e-11 0.127308)
(-4.20468e-11 1.8523e-11 0.119285)
(-4.42964e-11 2.66043e-11 0.170142)
(-3.07257e-11 3.9568e-11 0.196153)
(-1.67914e-11 4.67271e-11 0.196153)
(-4.30417e-12 3.87867e-11 0.170142)
(1.74671e-11 2.49384e-11 0.119286)
(-3.72704e-11 1.32348e-11 0.108731)
(-4.2959e-11 2.05406e-11 0.155354)
(-3.11111e-11 3.32602e-11 0.179672)
(-1.76011e-11 4.14306e-11 0.179672)
(-4.71354e-12 3.41118e-11 0.155355)
(1.45858e-11 2.06111e-11 0.108732)
(-3.14089e-11 7.80326e-12 0.0947663)
(-4.00599e-11 1.28858e-11 0.135887)
(-3.10335e-11 2.50956e-11 0.157765)
(-1.82926e-11 3.45556e-11 0.157765)
(-5.22943e-12 2.78868e-11 0.135888)
(1.1322e-11 1.59551e-11 0.0947668)
(-2.30177e-11 5.99158e-13 0.0762146)
(-3.44744e-11 2.58619e-12 0.110013)
(-2.96126e-11 1.36273e-11 0.128346)
(-1.87655e-11 2.34282e-11 0.128346)
(-6.5304e-12 1.9078e-11 0.110014)
(7.61013e-12 9.13735e-12 0.076215)
(-1.28498e-11 -5.9678e-12 0.0515439)
(-2.43209e-11 -6.79317e-12 0.0752824)
(-2.49183e-11 6.85941e-13 0.0883876)
(-1.75923e-11 8.41749e-12 0.0883876)
(-7.63159e-12 7.31338e-12 0.0752826)
(3.63173e-12 1.86233e-12 0.0515442)
(-3.82116e-12 -4.12085e-12 0.0188226)
(-1.01154e-11 -5.03927e-12 0.028204)
(-1.26365e-11 -2.49513e-12 0.0334567)
(-9.68236e-12 1.10253e-12 0.0334567)
(-4.87792e-12 1.43726e-12 0.028204)
(8.64191e-13 -1.2899e-12 0.0188227)
(-6.85109e-11 2.79431e-11 0.133451)
(-4.58453e-11 4.8356e-11 0.190225)
(-3.61768e-11 5.64537e-11 0.218244)
(-1.72365e-11 5.83206e-11 0.218244)
(-5.80049e-12 5.17976e-11 0.190226)
(2.02596e-11 3.85064e-11 0.133452)
(-6.42081e-11 2.38533e-11 0.127307)
(-4.39748e-11 4.24662e-11 0.181474)
(-3.57441e-11 5.06989e-11 0.208667)
(-1.71953e-11 5.27658e-11 0.208667)
(-6.03675e-12 4.68179e-11 0.181474)
(1.70975e-11 3.4781e-11 0.127308)
(-5.89188e-11 1.9122e-11 0.119285)
(-4.1137e-11 3.53987e-11 0.170142)
(-3.48878e-11 4.32925e-11 0.196153)
(-1.70428e-11 4.54117e-11 0.196153)
(-6.47982e-12 4.02406e-11 0.170142)
(1.34333e-11 3.00184e-11 0.119286)
(-5.24348e-11 1.35936e-11 0.108731)
(-3.70431e-11 2.72112e-11 0.155354)
(-3.318e-11 3.461e-11 0.179672)
(-1.65806e-11 3.74508e-11 0.179672)
(-7.12934e-12 3.31412e-11 0.155355)
(9.37207e-12 2.45597e-11 0.108732)
(-4.4291e-11 7.79794e-12 0.0947663)
(-3.11286e-11 1.79036e-11 0.135887)
(-3.01762e-11 2.43648e-11 0.157765)
(-1.55118e-11 2.72539e-11 0.157765)
(-7.93589e-12 2.43494e-11 0.135888)
(5.09588e-12 1.88383e-11 0.0947668)
(-3.32955e-11 -4.88889e-13 0.0762146)
(-2.25937e-11 6.54465e-12 0.110013)
(-2.48624e-11 1.11258e-11 0.128346)
(-1.35567e-11 1.41867e-11 0.128346)
(-8.58706e-12 1.3319e-11 0.110014)
(3.8474e-13 1.08735e-11 0.076215)
(-1.86123e-11 -7.4844e-12 0.0515439)
(-1.17974e-11 -4.48447e-12 0.0752824)
(-1.63571e-11 -1.98673e-12 0.0883876)
(-9.77016e-12 5.61595e-13 0.0883876)
(-8.43404e-12 2.02163e-12 0.0752826)
(-3.20085e-12 3.21213e-12 0.0515442)
(-5.13217e-12 -5.02238e-12 0.0188226)
(-2.10015e-12 -3.53477e-12 0.028204)
(-5.45177e-12 -3.52708e-12 0.0334567)
(-3.00221e-12 -2.40556e-12 0.0334567)
(-3.70549e-12 -1.09651e-12 0.028204)
(-2.31178e-12 1.30099e-13 0.0188227)
(-4.5158e-11 2.19632e-11 0.133451)
(-3.6548e-11 3.60313e-11 0.190225)
(-2.9572e-11 4.19152e-11 0.218244)
(-1.3971e-11 4.11384e-11 0.218244)
(-5.3146e-12 3.56332e-11 0.190226)
(1.4956e-11 2.69542e-11 0.133452)
(-4.20514e-11 1.91525e-11 0.127307)
(-3.50439e-11 3.20003e-11 0.181474)
(-2.89042e-11 3.79264e-11 0.208667)
(-1.36656e-11 3.7335e-11 0.208667)
(-5.26817e-12 3.23929e-11 0.181474)
(1.26928e-11 2.43815e-11 0.127308)
(-3.79834e-11 1.586e-11 0.119285)
(-3.26751e-11 2.74806e-11 0.170142)
(-2.76569e-11 3.30319e-11 0.196153)
(-1.31015e-11 3.30228e-11 0.196153)
(-5.2721e-12 2.8251e-11 0.170142)
(1.01086e-11 2.11509e-11 0.119286)
(-3.28234e-11 1.18911e-11 0.108731)
(-2.90703e-11 2.1503e-11 0.155354)
(-2.56005e-11 2.73862e-11 0.179672)
(-1.21385e-11 2.78821e-11 0.179672)
(-5.40879e-12 2.34936e-11 0.155355)
(7.30014e-12 1.75378e-11 0.108732)
(-2.63652e-11 7.51231e-12 0.0947663)
(-2.41137e-11 1.55921e-11 0.135887)
(-2.22357e-11 2.03598e-11 0.157765)
(-1.06849e-11 2.17077e-11 0.157765)
(-5.40762e-12 1.80406e-11 0.135888)
(4.32817e-12 1.3766e-11 0.0947668)
(-1.83167e-11 2.53641e-12 0.0762146)
(-1.71853e-11 7.22695e-12 0.110013)
(-1.74259e-11 1.09109e-11 0.128346)
(-8.55572e-12 1.18688e-11 0.128346)
(-5.74154e-12 1.04723e-11 0.110014)
(1.09482e-12 8.02369e-12 0.076215)
(-8.8803e-12 -3.07371e-12 0.0515439)
(-8.52302e-12 -1.32316e-12 0.0752824)
(-1.07537e-11 8.02774e-13 0.0883876)
(-5.91126e-12 1.81557e-12 0.0883876)
(-5.53944e-12 1.92266e-12 0.0752826)
(-1.66979e-12 2.15413e-12 0.0515442)
(-1.83135e-12 -2.40613e-12 0.0188226)
(-1.79493e-12 -2.1028e-12 0.028204)
(-3.33785e-12 -1.62186e-12 0.0334567)
(-1.6266e-12 -8.56535e-13 0.0334567)
(-2.30975e-12 -4.16982e-13 0.028204)
(-1.31147e-12 -1.42253e-13 0.0188227)
(-6.41946e-11 2.28008e-11 0.133451)
(-4.18476e-11 4.10365e-11 0.190225)
(-3.00412e-11 4.73962e-11 0.218244)
(-1.06025e-11 4.74436e-11 0.218244)
(-5.95124e-13 4.07438e-11 0.190226)
(2.1689e-11 3.07143e-11 0.133452)
(-6.02798e-11 1.91327e-11 0.127307)
(-4.02925e-11 3.58343e-11 0.181474)
(-2.93573e-11 4.25243e-11 0.208667)
(-1.03333e-11 4.24541e-11 0.208667)
(-8.25381e-13 3.64845e-11 0.181474)
(1.87912e-11 2.75558e-11 0.127308)
(-5.5344e-11 1.48823e-11 0.119285)
(-3.77424e-11 2.99025e-11 0.170142)
(-2.80996e-11 3.68077e-11 0.196153)
(-9.84036e-12 3.68358e-11 0.196153)
(-1.19731e-12 3.13938e-11 0.170142)
(1.54254e-11 2.35525e-11 0.119286)
(-4.92727e-11 1.01752e-11 0.108731)
(-3.38731e-11 2.26235e-11 0.155354)
(-2.60656e-11 2.9923e-11 0.179672)
(-9.12238e-12 2.99664e-11 0.179672)
(-1.8966e-12 2.48679e-11 0.155355)
(1.16979e-11 1.90274e-11 0.108732)
(-4.18205e-11 4.97713e-12 0.0947663)
(-2.83915e-11 1.48703e-11 0.135887)
(-2.28814e-11 2.08491e-11 0.157765)
(-8.19864e-12 2.13189e-11 0.157765)
(-2.68469e-12 1.83059e-11 0.135888)
(7.61355e-12 1.40963e-11 0.0947668)
(-3.1444e-11 -1.47874e-12 0.0762146)
(-2.09812e-11 5.24778e-12 0.110013)
(-1.82379e-11 1.06435e-11 0.128346)
(-6.67826e-12 1.16397e-11 0.128346)
(-3.90309e-12 9.45736e-12 0.110014)
(3.25865e-12 7.5368e-12 0.076215)
(-1.77266e-11 -7.68026e-12 0.0515439)
(-1.13027e-11 -3.55396e-12 0.0752824)
(-1.1674e-11 -7.89072e-13 0.0883876)
(-4.95896e-12 4.81624e-14 0.0883876)
(-4.673e-12 7.29079e-13 0.0752826)
(-5.37385e-13 1.63474e-12 0.0515442)
(-4.93754e-12 -4.87299e-12 0.0188226)
(-2.56916e-12 -3.11738e-12 0.028204)
(-4.1518e-12 -2.65392e-12 0.0334567)
(-1.44006e-12 -2.21375e-12 0.0334567)
(-2.30201e-12 -1.22412e-12 0.028204)
(-1.14502e-12 -5.43515e-13 0.0188227)
(-5.65251e-11 9.9508e-12 0.133451)
(-3.83634e-11 2.80511e-11 0.190225)
(-3.17132e-11 3.08162e-11 0.218244)
(-1.49395e-11 3.15381e-11 0.218244)
(-8.57411e-12 2.83327e-11 0.190226)
(8.87279e-12 2.49482e-11 0.133452)
(-5.32472e-11 7.49196e-12 0.127307)
(-3.67257e-11 2.42784e-11 0.181474)
(-3.11413e-11 2.77398e-11 0.208667)
(-1.45904e-11 2.89137e-11 0.208667)
(-8.47144e-12 2.59098e-11 0.181474)
(6.96356e-12 2.28761e-11 0.127308)
(-4.89843e-11 4.98763e-12 0.119285)
(-3.41843e-11 2.01887e-11 0.170142)
(-3.00337e-11 2.45979e-11 0.196153)
(-1.39299e-11 2.57006e-11 0.196153)
(-8.3345e-12 2.31343e-11 0.170142)
(4.85676e-12 2.01898e-11 0.119286)
(-4.36258e-11 2.14753e-12 0.108731)
(-3.04412e-11 1.5577e-11 0.155354)
(-2.80719e-11 2.04881e-11 0.179672)
(-1.2916e-11 2.14333e-11 0.179672)
(-8.22289e-12 1.94455e-11 0.155355)
(2.64172e-12 1.69464e-11 0.108732)
(-3.63533e-11 -5.1964e-13 0.0947663)
(-2.51599e-11 1.0717e-11 0.135887)
(-2.50569e-11 1.59097e-11 0.157765)
(-1.14743e-11 1.73899e-11 0.157765)
(-8.04521e-12 1.53042e-11 0.135888)
(3.62531e-13 1.3606e-11 0.0947668)
(-2.73493e-11 -4.45682e-12 0.0762146)
(-1.79364e-11 3.7791e-12 0.110013)
(-2.01997e-11 8.12714e-12 0.128346)
(-9.61027e-12 9.94281e-12 0.128346)
(-7.90432e-12 9.3637e-12 0.110014)
(-1.81726e-12 8.36993e-12 0.076215)
(-1.56816e-11 -7.31268e-12 0.0515439)
(-8.83402e-12 -3.43329e-12 0.0752824)
(-1.36155e-11 -3.14241e-13 0.0883876)
(-6.75575e-12 9.29952e-13 0.0883876)
(-7.04943e-12 2.11147e-12 0.0752826)
(-3.62911e-12 2.67108e-12 0.0515442)
(-4.44478e-12 -3.73875e-12 0.0188226)
(-1.72886e-12 -1.62261e-12 0.028204)
(-4.94025e-12 -1.07858e-12 0.0334567)
(-2.20867e-12 -3.00266e-13 0.0334567)
(-2.95827e-12 3.8535e-13 0.028204)
(-1.9405e-12 3.89863e-13 0.0188227)
(-7.16929e-11 3.6175e-11 0.133451)
(-4.67198e-11 5.33482e-11 0.190225)
(-2.98907e-11 6.09266e-11 0.218244)
(-6.42496e-12 5.95403e-11 0.218244)
(6.47007e-12 5.22846e-11 0.190226)
(3.32177e-11 3.97591e-11 0.133452)
(-6.66674e-11 3.08534e-11 0.127307)
(-4.49989e-11 4.62246e-11 0.181474)
(-2.91205e-11 5.39016e-11 0.208667)
(-6.27992e-12 5.27178e-11 0.208667)
(5.87688e-12 4.63548e-11 0.181474)
(2.91962e-11 3.52305e-11 0.127308)
(-6.02968e-11 2.44955e-11 0.119285)
(-4.19608e-11 3.79874e-11 0.170142)
(-2.76267e-11 4.51385e-11 0.196153)
(-6.06711e-12 4.47524e-11 0.196153)
(4.8395e-12 3.86344e-11 0.170142)
(2.44343e-11 2.97074e-11 0.119286)
(-5.26011e-11 1.75859e-11 0.108731)
(-3.72716e-11 2.83724e-11 0.155354)
(-2.52204e-11 3.53041e-11 0.179672)
(-5.59797e-12 3.49892e-11 0.179672)
(3.23937e-12 2.99478e-11 0.155355)
(1.89943e-11 2.35126e-11 0.108732)
(-4.40137e-11 1.0306e-11 0.0947663)
(-3.0617e-11 1.83958e-11 0.135887)
(-2.14805e-11 2.3912e-11 0.157765)
(-4.93793e-12 2.36397e-11 0.157765)
(1.2975e-12 2.10592e-11 0.135888)
(1.30471e-11 1.70016e-11 0.0947668)
(-3.19387e-11 2.14066e-12 0.0762146)
(-2.19587e-11 6.57271e-12 0.110013)
(-1.61583e-11 9.3828e-12 0.128346)
(-4.00031e-12 1.04477e-11 0.128346)
(-1.38783e-12 9.52419e-12 0.110014)
(6.70514e-12 8.94087e-12 0.076215)
(-1.64056e-11 -6.56187e-12 0.0515439)
(-1.09101e-11 -4.32169e-12 0.0752824)
(-9.49952e-12 -2.98624e-12 0.0883876)
(-2.62591e-12 -2.89643e-12 0.0883876)
(-3.34145e-12 -1.13448e-12 0.0752826)
(8.41974e-13 1.27448e-12 0.0515442)
(-4.04624e-12 -4.78094e-12 0.0188226)
(-1.92813e-12 -4.25728e-12 0.028204)
(-2.65084e-12 -4.50209e-12 0.0334567)
(-3.89017e-13 -4.1635e-12 0.0334567)
(-2.09294e-12 -2.74132e-12 0.028204)
(-1.00469e-12 -1.05604e-12 0.0188227)
(-2.50893e-11 -1.0694e-11 0.133451)
(-5.37202e-12 2.36605e-12 0.190225)
(-1.645e-11 -2.87105e-13 0.218244)
(-1.72504e-11 2.37871e-12 0.218244)
(-3.03796e-11 7.625e-12 0.190226)
(-3.22773e-11 1.80126e-11 0.133452)
(-2.3649e-11 -1.08438e-11 0.127307)
(-3.33493e-12 1.57254e-12 0.181474)
(-1.55019e-11 -5.13382e-13 0.208667)
(-1.64829e-11 2.12813e-12 0.208667)
(-2.98666e-11 7.25549e-12 0.181474)
(-3.26338e-11 1.76367e-11 0.127308)
(-2.25444e-11 -1.00705e-11 0.119285)
(-1.62583e-12 1.81804e-12 0.170142)
(-1.44641e-11 8.01262e-13 0.196153)
(-1.51081e-11 3.56327e-12 0.196153)
(-2.81993e-11 7.28072e-12 0.170142)
(-3.18553e-11 1.71632e-11 0.119286)
(-2.18965e-11 -8.68808e-12 0.108731)
(-3.41231e-13 2.56349e-12 0.155354)
(-1.32106e-11 3.21258e-12 0.179672)
(-1.29457e-11 6.22996e-12 0.179672)
(-2.51628e-11 8.26413e-12 0.155355)
(-2.96633e-11 1.70321e-11 0.108732)
(-1.98099e-11 -7.28041e-12 0.0947663)
(4.59032e-13 4.29597e-12 0.135887)
(-1.16641e-11 5.73054e-12 0.157765)
(-9.73349e-12 8.62575e-12 0.157765)
(-2.07113e-11 8.76861e-12 0.135888)
(-2.5978e-11 1.62103e-11 0.0947668)
(-1.74693e-11 -7.60374e-12 0.0762146)
(1.59718e-12 3.60734e-12 0.110013)
(-9.49133e-12 6.8225e-12 0.128346)
(-6.29526e-12 8.6592e-12 0.128346)
(-1.5255e-11 7.38218e-12 0.110014)
(-2.13065e-11 1.27657e-11 0.076215)
(-1.21663e-11 -6.30449e-12 0.0515439)
(2.49343e-12 1.26639e-12 0.0752824)
(-6.41324e-12 3.61792e-12 0.0883876)
(-2.87061e-12 4.51326e-12 0.0883876)
(-9.53995e-12 2.40758e-12 0.0752826)
(-1.52e-11 7.46912e-12 0.0515442)
(-4.27297e-12 -2.40451e-12 0.0188226)
(1.5367e-12 2.04496e-12 0.028204)
(-2.83794e-12 3.09948e-12 0.0334567)
(1.65276e-13 3.66081e-12 0.0334567)
(-1.93789e-12 1.95403e-12 0.028204)
(-5.01682e-12 3.1321e-12 0.0188227)
(-2.2712e-10 1.42572e-10 0.133451)
(-2.06478e-10 2.06798e-10 0.190225)
(-9.11651e-11 2.35905e-10 0.218244)
(6.0628e-11 2.35389e-10 0.218244)
(1.68892e-10 2.04494e-10 0.190226)
(2.10452e-10 1.31066e-10 0.133452)
(-2.17269e-10 1.25252e-10 0.127307)
(-2.06498e-10 1.8612e-10 0.181474)
(-9.17776e-11 2.11934e-10 0.208667)
(6.24681e-11 2.11396e-10 0.208667)
(1.69271e-10 1.80158e-10 0.181474)
(2.00853e-10 1.13507e-10 0.127308)
(-1.99216e-10 1.02285e-10 0.119285)
(-1.99567e-10 1.5845e-10 0.170142)
(-9.03243e-11 1.77576e-10 0.196153)
(6.26569e-11 1.77302e-10 0.196153)
(1.63396e-10 1.46257e-10 0.170142)
(1.83785e-10 8.99257e-11 0.119286)
(-1.72388e-10 7.34074e-11 0.108731)
(-1.83178e-10 1.2043e-10 0.155354)
(-8.53127e-11 1.38451e-10 0.179672)
(6.05008e-11 1.37156e-10 0.179672)
(1.49883e-10 1.071e-10 0.155355)
(1.58449e-10 6.35971e-11 0.108732)
(-1.38783e-10 4.32001e-11 0.0947663)
(-1.5641e-10 7.64345e-11 0.135887)
(-7.64432e-11 9.23332e-11 0.157765)
(5.5721e-11 9.04798e-11 0.157765)
(1.28219e-10 6.32397e-11 0.135888)
(1.25579e-10 3.52239e-11 0.0947668)
(-9.62108e-11 1.46461e-11 0.0762146)
(-1.18932e-10 2.48548e-11 0.110013)
(-6.18001e-11 4.30665e-11 0.128346)
(4.71303e-11 4.22491e-11 0.128346)
(9.81905e-11 1.88867e-11 0.110014)
(8.65093e-11 7.32212e-12 0.076215)
(-4.87748e-11 -1.15662e-11 0.0515439)
(-7.12652e-11 -1.57429e-11 0.0752824)
(-3.99199e-11 1.08744e-12 0.0883876)
(3.39545e-11 1.08236e-12 0.0883876)
(6.05291e-11 -1.51768e-11 0.0752826)
(4.58387e-11 -1.26284e-11 0.0515441)
(-1.04364e-11 -1.24637e-11 0.0188226)
(-2.13259e-11 -1.89508e-11 0.028204)
(-1.2822e-11 -1.34656e-11 0.0334567)
(1.41617e-11 -1.34018e-11 0.0334567)
(1.97301e-11 -1.76427e-11 0.028204)
(1.1015e-11 -1.22908e-11 0.0188227)
(1.8354e-11 7.96724e-11 0.133451)
(-8.97432e-11 1.18409e-10 0.190225)
(2.19569e-11 1.68068e-10 0.218244)
(1.4122e-10 1.6865e-10 0.218244)
(3.13384e-10 9.2295e-11 0.190226)
(1.08829e-10 2.733e-11 0.133452)
(5.95901e-12 9.40174e-11 0.127307)
(-9.18286e-11 1.45106e-10 0.181474)
(2.31559e-11 1.89696e-10 0.208667)
(1.39151e-10 1.90572e-10 0.208667)
(3.1189e-10 1.14102e-10 0.181474)
(1.23859e-10 3.91725e-11 0.127308)
(-1.27297e-12 9.87881e-11 0.119285)
(-8.83642e-11 1.58658e-10 0.170142)
(2.62441e-11 1.98523e-10 0.196153)
(1.34548e-10 1.9843e-10 0.196153)
(3.03691e-10 1.2418e-10 0.170142)
(1.33064e-10 4.32669e-11 0.119286)
(1.0076e-13 8.51171e-11 0.108731)
(-7.61194e-11 1.47275e-10 0.155354)
(3.22458e-11 1.80993e-10 0.179672)
(1.25909e-10 1.79839e-10 0.179672)
(2.84269e-10 1.10043e-10 0.155355)
(1.32536e-10 2.97017e-11 0.108732)
(6.53148e-12 6.8226e-11 0.0947663)
(-5.65383e-11 1.27398e-10 0.135887)
(3.99458e-11 1.56064e-10 0.157765)
(1.1201e-10 1.53514e-10 0.157765)
(2.52954e-10 8.69674e-11 0.135888)
(1.22093e-10 1.3262e-11 0.0947668)
(1.22353e-11 5.99581e-11 0.0762146)
(-3.3852e-11 1.16867e-10 0.110013)
(4.61319e-11 1.44589e-10 0.128346)
(9.22339e-11 1.40261e-10 0.128346)
(2.07993e-10 7.40967e-11 0.110014)
(1.01287e-10 1.30277e-12 0.076215)
(1.0715e-11 5.03113e-11 0.0515439)
(-1.11307e-11 9.57495e-11 0.0752824)
(4.61958e-11 1.19433e-10 0.0883876)
(6.174e-11 1.13615e-10 0.0883876)
(1.41704e-10 5.40822e-11 0.0752826)
(6.92713e-11 -5.36089e-12 0.0515442)
(8.00199e-12 1.81846e-11 0.0188226)
(7.21424e-12 3.34018e-11 0.028204)
(2.91907e-11 4.15093e-11 0.0334567)
(1.70126e-11 3.71124e-11 0.0334567)
(4.66034e-11 1.26838e-11 0.028204)
(2.31568e-11 -6.96481e-12 0.0188227)
(0.0110891 0.00841867 0.156199)
(0.0132155 0.00692494 0.18724)
(0.0143877 0.00224518 0.197651)
(0.0143877 -0.00224518 0.197651)
(0.0132155 -0.00692494 0.18724)
(0.0110891 -0.00841867 0.156199)
(0.0108272 0.00807321 0.152385)
(0.0131532 0.00683125 0.183946)
(0.0144341 0.00222326 0.195148)
(0.0144341 -0.00222325 0.195148)
(0.0131532 -0.00683125 0.183946)
(0.0108272 -0.00807321 0.152385)
(0.0104259 0.00762947 0.146931)
(0.0129683 0.00666302 0.179131)
(0.0143623 0.00218492 0.191258)
(0.0143623 -0.00218492 0.191258)
(0.0129683 -0.00666302 0.179131)
(0.0104259 -0.00762947 0.146931)
(0.009869 0.00705991 0.138969)
(0.0126247 0.00638225 0.171871)
(0.0141528 0.00211697 0.185054)
(0.0141528 -0.00211697 0.185054)
(0.0126247 -0.00638225 0.171871)
(0.009869 -0.00705991 0.138969)
(0.00906951 0.00631635 0.127104)
(0.0120079 0.00592939 0.160519)
(0.0136774 0.00199635 0.174823)
(0.0136774 -0.00199635 0.174823)
(0.0120079 -0.00592939 0.160519)
(0.00906951 -0.00631635 0.127104)
(0.00784738 0.00530662 0.109009)
(0.0108435 0.00519154 0.142002)
(0.0126124 0.00177759 0.157175)
(0.0126124 -0.00177759 0.157175)
(0.0108435 -0.00519154 0.142002)
(0.00784738 -0.00530662 0.109009)
(0.00579605 0.00382171 0.0806449)
(0.00839308 0.00390011 0.110173)
(0.00999767 0.00134981 0.124869)
(0.00999767 -0.00134981 0.124869)
(0.00839308 -0.00390011 0.110173)
(0.00579605 -0.00382171 0.0806449)
(0.0021694 0.00141908 0.0345313)
(0.00320618 0.00148748 0.0516022)
(0.00387081 0.000491834 0.060943)
(0.00387081 -0.000491834 0.060943)
(0.00320618 -0.00148748 0.0516022)
(0.0021694 -0.00141908 0.0345313)
(0.0017285 0.00160633 0.164622)
(0.00310353 0.00183151 0.216219)
(0.00384803 0.000662676 0.236732)
(0.00384803 -0.000662673 0.236732)
(0.00310353 -0.00183151 0.216219)
(0.0017285 -0.00160633 0.164622)
(0.00164002 0.00149937 0.158443)
(0.00304931 0.00171986 0.209382)
(0.00384903 0.000622641 0.230577)
(0.00384903 -0.000622638 0.230577)
(0.00304931 -0.00171985 0.209382)
(0.00164002 -0.00149937 0.158443)
(0.00154936 0.00135557 0.150088)
(0.00299672 0.00157081 0.199972)
(0.00384935 0.000569454 0.221779)
(0.00384935 -0.000569451 0.221779)
(0.00299672 -0.00157081 0.199972)
(0.00154936 -0.00135557 0.150088)
(0.00141662 0.00116415 0.138647)
(0.00287069 0.00136896 0.186773)
(0.00376072 0.000497329 0.208943)
(0.00376072 -0.000497326 0.208943)
(0.00287069 -0.00136896 0.186773)
(0.00141663 -0.00116415 0.138647)
(0.00122372 0.000917381 0.122821)
(0.00261866 0.00109756 0.167897)
(0.00350864 0.000399033 0.189818)
(0.00350864 -0.00039903 0.189818)
(0.00261866 -0.00109755 0.167897)
(0.00122372 -0.000917379 0.122821)
(0.000949775 0.000617591 0.100762)
(0.00216916 0.000745992 0.140425)
(0.00297929 0.000268326 0.160779)
(0.00297929 -0.000268323 0.160779)
(0.00216916 -0.000745989 0.140425)
(0.000949775 -0.00061759 0.100762)
(0.000576062 0.000287721 0.0698988)
(0.00141716 0.000325709 0.0999158)
(0.00198508 0.00010607 0.116094)
(0.00198508 -0.000106068 0.116094)
(0.00141716 -0.000325707 0.0999158)
(0.000576063 -0.00028772 0.0698988)
(0.000126977 -4.29506e-06 0.0266716)
(0.000323974 -6.92606e-05 0.0397558)
(0.000422605 -4.9195e-05 0.0470579)
(0.000422605 4.91958e-05 0.0470579)
(0.000323975 6.92612e-05 0.0397558)
(0.000126977 4.29542e-06 0.0266716)
(0.00106928 0.000912466 0.141991)
(0.00212711 0.000981455 0.199567)
(0.00271097 0.000400498 0.22562)
(0.00271097 -0.000400489 0.22562)
(0.00212711 -0.000981446 0.199567)
(0.00106928 -0.000912459 0.141991)
(0.000964609 0.000823064 0.135464)
(0.00196082 0.00089055 0.190976)
(0.00253092 0.000365353 0.21696)
(0.00253092 -0.000365343 0.21696)
(0.00196082 -0.00089054 0.190976)
(0.000964611 -0.000823056 0.135464)
(0.00083475 0.0007141 0.126895)
(0.00173611 0.00077558 0.179636)
(0.00227135 0.000320349 0.205258)
(0.00227135 -0.000320339 0.205258)
(0.00173611 -0.000775571 0.179636)
(0.000834752 -0.000714093 0.126895)
(0.000679515 0.00058465 0.115566)
(0.0014515 0.000634242 0.164517)
(0.00192921 0.000264202 0.189254)
(0.00192921 -0.000264192 0.189254)
(0.0014515 -0.000634233 0.164517)
(0.000679517 -0.000584643 0.115566)
(0.000499535 0.000435941 0.100526)
(0.00110042 0.000467556 0.144175)
(0.00148869 0.000197002 0.167124)
(0.00148869 -0.000196994 0.167124)
(0.00110042 -0.000467548 0.144175)
(0.000499537 -0.000435935 0.100526)
(0.000303165 0.000274819 0.0805467)
(0.000691614 0.000285216 0.116634)
(0.000952559 0.000122602 0.136312)
(0.00095256 -0.000122595 0.136312)
(0.000691616 -0.000285209 0.116634)
(0.000303167 -0.000274814 0.0805467)
(0.000119984 0.000121164 0.0541166)
(0.000284625 0.000115932 0.0793307)
(0.000395406 5.32039e-05 0.0934637)
(0.000395406 -5.31989e-05 0.0934637)
(0.000284627 -0.000115927 0.0793307)
(0.000119985 -0.000121161 0.0541166)
(-3.42597e-06 7.89265e-06 0.0195021)
(-1.01161e-05 1.1263e-06 0.0291821)
(-2.13265e-05 5.05928e-06 0.0346557)
(-2.13262e-05 -5.05736e-06 0.0346557)
(-1.01154e-05 -1.12475e-06 0.0291821)
(-3.42529e-06 -7.89175e-06 0.0195021)
(8.90526e-05 0.000159814 0.137681)
(0.000410252 0.000285676 0.194313)
(0.000661145 0.00013954 0.221131)
(0.000661146 -0.000139524 0.221131)
(0.000410254 -0.000285661 0.194313)
(8.90558e-05 -0.000159802 0.137681)
(7.02315e-05 0.000145772 0.131421)
(0.000359438 0.000253216 0.185618)
(0.000593489 0.000123421 0.211904)
(0.00059349 -0.000123405 0.211904)
(0.000359441 -0.0002532 0.185618)
(7.02349e-05 -0.00014576 0.131421)
(5.2721e-05 0.000128392 0.12323)
(0.00030409 0.000214565 0.174292)
(0.000513062 0.000103894 0.199708)
(0.000513063 -0.000103878 0.199708)
(0.000304092 -0.00021455 0.174292)
(5.27246e-05 -0.00012838 0.12323)
(3.32495e-05 0.000107191 0.112429)
(0.00023751 0.000169754 0.15942)
(0.000411197 8.09503e-05 0.183445)
(0.000411198 -8.09346e-05 0.183445)
(0.000237513 -0.000169739 0.15942)
(3.32533e-05 -0.000107181 0.112429)
(1.35738e-05 8.22963e-05 0.0981028)
(0.000161613 0.000120303 0.139719)
(0.000288906 5.54265e-05 0.161564)
(0.000288907 -5.54125e-05 0.161564)
(0.000161616 -0.00012029 0.139719)
(1.35776e-05 -8.22874e-05 0.0981029)
(-2.8171e-06 5.51219e-05 0.0790223)
(8.42012e-05 7.03938e-05 0.113383)
(0.000156885 2.96943e-05 0.131857)
(0.000156886 -2.96828e-05 0.131857)
(8.42041e-05 -7.03834e-05 0.113383)
(-2.81363e-06 -5.5115e-05 0.0790223)
(-1.12438e-05 2.87441e-05 0.0535666)
(2.14041e-05 2.7717e-05 0.0778427)
(4.37551e-05 8.36428e-06 0.0911605)
(4.3756e-05 -8.35651e-06 0.0911605)
(2.14064e-05 -2.77102e-05 0.0778427)
(-1.12412e-05 -2.87398e-05 0.0535666)
(-6.32819e-06 7.91859e-06 0.0196472)
(-2.39239e-06 3.32799e-06 0.0293556)
(-2.35407e-06 -1.45696e-06 0.0347717)
(-2.35369e-06 1.45972e-06 0.0347717)
(-2.39144e-06 -3.32567e-06 0.0293556)
(-6.32715e-06 -7.9172e-06 0.0196472)
(5.75772e-05 8.43578e-05 0.136595)
(0.000195509 0.000160952 0.19312)
(0.000315561 7.70473e-05 0.220264)
(0.000315562 -7.70255e-05 0.220264)
(0.000195512 -0.000160931 0.19312)
(5.75816e-05 -8.43425e-05 0.136595)
(5.00789e-05 7.93978e-05 0.130397)
(0.000176239 0.000148454 0.184446)
(0.000288103 7.01732e-05 0.210922)
(0.000288104 -7.01509e-05 0.210922)
(0.000176242 -0.000148433 0.184446)
(5.00835e-05 -7.93825e-05 0.130397)
(4.21077e-05 7.30477e-05 0.122285)
(0.000154353 0.000133264 0.173171)
(0.000255111 6.17942e-05 0.198643)
(0.000255112 -6.17721e-05 0.198643)
(0.000154357 -0.000133243 0.173171)
(4.21125e-05 -7.3033e-05 0.122285)
(3.26508e-05 6.48578e-05 0.111583)
(0.000127932 0.000114994 0.158392)
(0.000214266 5.179e-05 0.182362)
(0.000214267 -5.1769e-05 0.182362)
(0.000127936 -0.000114974 0.158392)
(3.26558e-05 -6.48443e-05 0.111583)
(2.19667e-05 5.43055e-05 0.097378)
(9.70904e-05 9.33577e-05 0.138837)
(0.000165598 4.02272e-05 0.160564)
(0.000165599 -4.02086e-05 0.160564)
(9.70944e-05 -9.33406e-05 0.138838)
(2.19716e-05 -5.42939e-05 0.0973782)
(1.0909e-05 4.09731e-05 0.0784396)
(6.3148e-05 6.83533e-05 0.112695)
(0.000111199 2.75014e-05 0.131057)
(0.0001112 -2.74863e-05 0.131057)
(6.31518e-05 -6.83397e-05 0.112695)
(1.09134e-05 -4.09643e-05 0.0784397)
(1.50313e-06 2.49649e-05 0.0531534)
(2.96129e-05 4.05816e-05 0.0773687)
(5.64883e-05 1.45236e-05 0.0906279)
(5.64895e-05 -1.45135e-05 0.0906279)
(2.96159e-05 -4.05727e-05 0.0773688)
(1.50652e-06 -2.49593e-05 0.0531534)
(-2.73621e-06 7.28225e-06 0.0194682)
(2.68231e-06 1.13036e-05 0.0291252)
(9.28426e-06 2.74735e-06 0.0345119)
(9.28474e-06 -2.7439e-06 0.0345119)
(2.68351e-06 -1.13006e-05 0.0291252)
(-2.73489e-06 -7.28048e-06 0.0194682)
(6.23067e-05 6.8771e-05 0.135215)
(0.00015308 0.000105404 0.191862)
(0.000223204 5.03153e-05 0.219352)
(0.000223205 -5.02895e-05 0.219352)
(0.000153084 -0.00010538 0.191862)
(6.2312e-05 -6.87536e-05 0.135215)
(5.52971e-05 6.31917e-05 0.129035)
(0.000138731 9.72492e-05 0.183163)
(0.000204689 4.63509e-05 0.20993)
(0.00020469 -4.63246e-05 0.20993)
(0.000138735 -9.72247e-05 0.183163)
(5.53027e-05 -6.31743e-05 0.129035)
(4.72799e-05 5.62585e-05 0.120955)
(0.000121353 8.71183e-05 0.171869)
(0.000181299 4.14281e-05 0.197571)
(0.0001813 -4.14023e-05 0.197571)
(0.000121357 -8.70943e-05 0.171869)
(4.72857e-05 -5.62418e-05 0.120955)
(3.77948e-05 4.77597e-05 0.110307)
(0.000100256 7.46615e-05 0.157087)
(0.000152309 3.53853e-05 0.181219)
(0.00015231 -3.53609e-05 0.181219)
(0.000100261 -7.4639e-05 0.157087)
(3.78006e-05 -4.77444e-05 0.110307)
(2.69689e-05 3.75703e-05 0.0961939)
(7.52902e-05 5.95892e-05 0.13756)
(0.000117201 2.81017e-05 0.159377)
(0.000117203 -2.80801e-05 0.159377)
(7.52949e-05 -5.95694e-05 0.13756)
(2.69747e-05 -3.75573e-05 0.096194)
(1.54455e-05 2.58686e-05 0.0774116)
(4.73257e-05 4.19532e-05 0.111509)
(7.67075e-05 1.96276e-05 0.129886)
(7.67091e-05 -1.96103e-05 0.129886)
(4.73301e-05 -4.19376e-05 0.111509)
(1.54507e-05 -2.58586e-05 0.0774118)
(5.05192e-06 1.35797e-05 0.0523903)
(1.98942e-05 2.28217e-05 0.0764086)
(3.51748e-05 1.0506e-05 0.0896144)
(3.51761e-05 -1.04946e-05 0.0896145)
(1.98975e-05 -2.28117e-05 0.0764087)
(5.05576e-06 -1.35734e-05 0.0523904)
(-1.0886e-06 2.66627e-06 0.0191496)
(-5.59609e-08 4.83812e-06 0.0286715)
(2.07342e-06 2.05788e-06 0.0339918)
(2.07394e-06 -2.0541e-06 0.0339918)
(-5.46379e-08 -4.83481e-06 0.0286715)
(-1.08712e-06 -2.66427e-06 0.0191497)
(3.10924e-05 3.6434e-05 0.134533)
(8.21068e-05 5.84111e-05 0.19121)
(0.000121609 2.89091e-05 0.218901)
(0.00012161 -2.88812e-05 0.218901)
(8.21112e-05 -5.83851e-05 0.19121)
(3.10982e-05 -3.64158e-05 0.134534)
(2.74029e-05 3.34149e-05 0.128369)
(7.42595e-05 5.34422e-05 0.182495)
(0.000111454 2.6482e-05 0.209426)
(0.000111455 -2.64538e-05 0.209426)
(7.42641e-05 -5.3416e-05 0.182495)
(2.74089e-05 -3.33967e-05 0.128369)
(2.33675e-05 2.96609e-05 0.120314)
(6.50209e-05 4.73303e-05 0.171192)
(9.88375e-05 2.34837e-05 0.197015)
(9.8839e-05 -2.34561e-05 0.197015)
(6.50257e-05 -4.73047e-05 0.171192)
(2.33737e-05 -2.96435e-05 0.120315)
(1.8596e-05 2.50564e-05 0.109706)
(5.37113e-05 3.99124e-05 0.156414)
(8.29773e-05 1.98275e-05 0.180621)
(8.29789e-05 -1.98015e-05 0.180621)
(5.37162e-05 -3.98886e-05 0.156415)
(1.86022e-05 -2.50405e-05 0.109707)
(1.31808e-05 1.95561e-05 0.0956549)
(4.02731e-05 3.11202e-05 0.136918)
(6.35918e-05 1.54697e-05 0.158763)
(6.35935e-05 -1.54468e-05 0.158763)
(4.02781e-05 -3.10993e-05 0.136918)
(1.31869e-05 -1.95425e-05 0.0956551)
(7.49004e-06 1.33115e-05 0.076966)
(2.52736e-05 2.11669e-05 0.110944)
(4.12162e-05 1.05017e-05 0.129309)
(4.12178e-05 -1.04835e-05 0.129309)
(2.52782e-05 -2.11504e-05 0.110945)
(7.49546e-06 -1.33011e-05 0.0769662)
(2.42832e-06 6.87806e-06 0.0520822)
(1.06839e-05 1.09001e-05 0.0759955)
(1.85304e-05 5.34602e-06 0.0891668)
(1.85317e-05 -5.33424e-06 0.0891668)
(1.06873e-05 -1.08896e-05 0.0759956)
(2.43234e-06 -6.87153e-06 0.0520823)
(-4.75058e-07 1.35346e-06 0.0190357)
(3.6123e-07 2.07421e-06 0.0285107)
(1.41126e-06 9.45992e-07 0.03381)
(1.41179e-06 -9.42172e-07 0.03381)
(3.62591e-07 -2.07077e-06 0.0285107)
(-4.73518e-07 -1.35137e-06 0.0190357)
(2.02437e-05 2.29606e-05 0.134135)
(5.22069e-05 3.59686e-05 0.190844)
(7.63832e-05 1.76088e-05 0.21866)
(7.63844e-05 -1.75806e-05 0.21866)
(5.22116e-05 -3.59426e-05 0.190845)
(2.02497e-05 -2.29429e-05 0.134135)
(1.79475e-05 2.10955e-05 0.127978)
(4.74676e-05 3.29099e-05 0.182117)
(7.03024e-05 1.60951e-05 0.209147)
(7.03037e-05 -1.60668e-05 0.209147)
(4.74725e-05 -3.28838e-05 0.182117)
(1.79536e-05 -2.10779e-05 0.127979)
(1.53983e-05 1.87746e-05 0.119936)
(4.18195e-05 2.9144e-05 0.170804)
(6.26556e-05 1.42259e-05 0.196699)
(6.26571e-05 -1.41982e-05 0.196699)
(4.18245e-05 -2.91186e-05 0.170804)
(1.54045e-05 -1.87578e-05 0.119937)
(1.23643e-05 1.59229e-05 0.109349)
(3.48508e-05 2.45752e-05 0.156024)
(5.29632e-05 1.19533e-05 0.180274)
(5.29649e-05 -1.19274e-05 0.180274)
(3.4856e-05 -2.45516e-05 0.156024)
(1.23705e-05 -1.59076e-05 0.109349)
(8.8873e-06 1.25012e-05 0.0953297)
(2.64859e-05 1.91681e-05 0.13654)
(4.10058e-05 9.2621e-06 0.1584)
(4.10075e-05 -9.23945e-06 0.1584)
(2.64909e-05 -1.91475e-05 0.136541)
(8.8933e-06 -1.24881e-05 0.09533)
(5.17871e-06 8.58241e-06 0.0766915)
(1.70098e-05 1.30571e-05 0.110605)
(2.70494e-05 6.22596e-06 0.12896)
(2.70511e-05 -6.20807e-06 0.12896)
(1.70143e-05 -1.30409e-05 0.110605)
(5.18404e-06 -8.57236e-06 0.0766918)
(1.80462e-06 4.48967e-06 0.0518858)
(7.56756e-06 6.75035e-06 0.0757362)
(1.26514e-05 3.11791e-06 0.0888856)
(1.26526e-05 -3.10641e-06 0.0888857)
(7.57092e-06 -6.73999e-06 0.0757363)
(1.80852e-06 -4.48337e-06 0.0518859)
(-2.53118e-07 8.91486e-07 0.0189578)
(4.51293e-07 1.25875e-06 0.0283991)
(1.18906e-06 4.94124e-07 0.0336823)
(1.18956e-06 -4.90467e-07 0.0336824)
(4.52606e-07 -1.25542e-06 0.0283992)
(-2.51642e-07 -8.89475e-07 0.0189579)
(1.30771e-05 1.47035e-05 0.133869)
(3.34119e-05 2.24711e-05 0.190604)
(4.85961e-05 1.0868e-05 0.218498)
(4.85974e-05 -1.08412e-05 0.218498)
(3.34167e-05 -2.24466e-05 0.190604)
(1.30826e-05 -1.46875e-05 0.13387)
(1.15909e-05 1.35026e-05 0.127718)
(3.03839e-05 2.05762e-05 0.181867)
(4.47532e-05 9.93674e-06 0.208961)
(4.47546e-05 -9.90985e-06 0.208961)
(3.03887e-05 -2.05518e-05 0.181867)
(1.15965e-05 -1.34869e-05 0.127718)
(9.93273e-06 1.2008e-05 0.119683)
(2.67591e-05 1.82368e-05 0.170547)
(3.9898e-05 8.78423e-06 0.196487)
(3.98995e-05 -8.75815e-06 0.196487)
(2.6764e-05 -1.82131e-05 0.170547)
(9.93837e-06 -1.1993e-05 0.119683)
(7.96177e-06 1.01726e-05 0.109108)
(2.22829e-05 1.53905e-05 0.155764)
(3.37301e-05 7.38062e-06 0.18004)
(3.37317e-05 -7.35641e-06 0.180041)
(2.22878e-05 -1.53686e-05 0.155764)
(7.96738e-06 -1.01589e-05 0.109109)
(5.70607e-06 7.97286e-06 0.0951099)
(1.69032e-05 1.20122e-05 0.136286)
(2.60978e-05 5.71679e-06 0.158153)
(2.60995e-05 -5.6957e-06 0.158153)
(1.69079e-05 -1.19932e-05 0.136287)
(5.71144e-06 -7.9612e-06 0.0951103)
(3.30452e-06 5.45848e-06 0.076505)
(1.08034e-05 8.18321e-06 0.110374)
(1.71628e-05 3.83922e-06 0.128721)
(1.71643e-05 -3.82268e-06 0.128721)
(1.08076e-05 -8.16831e-06 0.110374)
(3.30926e-06 -5.44952e-06 0.0765053)
(1.12946e-06 2.84162e-06 0.0517516)
(4.73779e-06 4.22477e-06 0.0755583)
(7.93844e-06 1.91927e-06 0.0886908)
(7.9396e-06 -1.90876e-06 0.0886908)
(4.74086e-06 -4.21526e-06 0.0755584)
(1.13293e-06 -2.836e-06 0.0517518)
(-1.78372e-07 5.57057e-07 0.0189045)
(2.22474e-07 7.82585e-07 0.0283219)
(6.5637e-07 3.02634e-07 0.0335931)
(6.56819e-07 -2.99365e-07 0.0335931)
(2.23659e-07 -7.79548e-07 0.028322)
(-1.7706e-07 -5.55268e-07 0.0189045)
(7.81951e-06 8.94628e-06 0.133709)
(2.03016e-05 1.37676e-05 0.190458)
(2.96781e-05 6.63139e-06 0.2184)
(2.96794e-05 -6.60739e-06 0.2184)
(2.0306e-05 -1.37462e-05 0.190459)
(7.82416e-06 -8.93311e-06 0.13371)
(6.91892e-06 8.22349e-06 0.12756)
(1.84507e-05 1.26161e-05 0.181716)
(2.73277e-05 6.06846e-06 0.208848)
(2.7329e-05 -6.04464e-06 0.208848)
(1.8455e-05 -1.25949e-05 0.181716)
(6.92363e-06 -8.21061e-06 0.127561)
(5.91994e-06 7.32213e-06 0.119531)
(1.62446e-05 1.11933e-05 0.170391)
(2.43673e-05 5.3707e-06 0.196358)
(2.43687e-05 -5.34777e-06 0.196359)
(1.6249e-05 -1.11729e-05 0.170392)
(5.92467e-06 -7.30992e-06 0.119531)
(4.73337e-06 6.21263e-06 0.108964)
(1.35189e-05 9.4598e-06 0.155607)
(2.06004e-05 4.51916e-06 0.179899)
(2.06018e-05 -4.49804e-06 0.179899)
(1.35232e-05 -9.44111e-06 0.155607)
(4.73804e-06 -6.20156e-06 0.108965)
(3.37776e-06 4.87964e-06 0.0949786)
(1.02434e-05 7.3985e-06 0.136133)
(1.59343e-05 3.50725e-06 0.158004)
(1.59357e-05 -3.48902e-06 0.158004)
(1.02474e-05 -7.38237e-06 0.136134)
(3.38218e-06 -4.87023e-06 0.094979)
(1.93944e-06 3.35212e-06 0.0763942)
(6.53381e-06 5.05677e-06 0.110236)
(1.04711e-05 2.362e-06 0.128577)
(1.04724e-05 -2.34786e-06 0.128577)
(6.53734e-06 -5.04424e-06 0.110236)
(1.9433e-06 -3.34491e-06 0.0763945)
(6.44596e-07 1.75691e-06 0.0516725)
(2.85345e-06 2.62751e-06 0.0754529)
(4.83608e-06 1.18647e-06 0.0885747)
(4.83705e-06 -1.17761e-06 0.0885747)
(2.856e-06 -2.61959e-06 0.075453)
(6.47381e-07 -1.7524e-06 0.0516727)
(-1.18826e-07 3.54754e-07 0.0188734)
(1.31904e-07 5.02231e-07 0.0282771)
(4.08414e-07 1.91949e-07 0.0335412)
(4.08779e-07 -1.89279e-07 0.0335412)
(1.32869e-07 -4.99743e-07 0.0282772)
(-1.17792e-07 -3.53326e-07 0.0188735)
(4.83115e-06 5.53488e-06 0.133611)
(1.25354e-05 8.51678e-06 0.190369)
(1.83265e-05 4.0843e-06 0.21834)
(1.83276e-05 -4.06422e-06 0.21834)
(1.2539e-05 -8.49934e-06 0.19037)
(4.83451e-06 -5.52484e-06 0.133611)
(4.27557e-06 5.09036e-06 0.127464)
(1.13948e-05 7.81074e-06 0.181623)
(1.68787e-05 3.74139e-06 0.208779)
(1.68798e-05 -3.72166e-06 0.208779)
(1.13984e-05 -7.79365e-06 0.181624)
(4.27894e-06 -5.08064e-06 0.127464)
(3.65859e-06 4.53557e-06 0.119437)
(1.00344e-05 6.93738e-06 0.170296)
(1.50543e-05 3.31562e-06 0.19628)
(1.50554e-05 -3.29682e-06 0.19628)
(1.00379e-05 -6.92112e-06 0.170296)
(3.66197e-06 -4.52643e-06 0.119438)
(2.92562e-06 3.852e-06 0.108875)
(8.3534e-06 5.87182e-06 0.15551)
(1.27326e-05 2.79489e-06 0.179812)
(1.27337e-05 -2.77776e-06 0.179812)
(8.35679e-06 -5.85701e-06 0.155511)
(2.92894e-06 -3.84377e-06 0.108876)
(2.08793e-06 3.02968e-06 0.0948976)
(6.33279e-06 4.60228e-06 0.136039)
(9.85603e-06 2.17438e-06 0.157913)
(9.85716e-06 -2.15976e-06 0.157913)
(6.33593e-06 -4.5896e-06 0.13604)
(2.09108e-06 -3.02272e-06 0.0948981)
(1.19861e-06 2.08558e-06 0.0763257)
(4.04322e-06 3.15596e-06 0.110151)
(6.4863e-06 1.46951e-06 0.128489)
(6.48731e-06 -1.45833e-06 0.128489)
(4.04591e-06 -3.1462e-06 0.110151)
(1.20135e-06 -2.08028e-06 0.0763261)
(3.97548e-07 1.09689e-06 0.0516234)
(1.76929e-06 1.64913e-06 0.0753878)
(3.00604e-06 7.42341e-07 0.0885033)
(3.00677e-06 -7.35476e-07 0.0885033)
(1.77121e-06 -1.64302e-06 0.075388)
(3.99539e-07 -1.0936e-06 0.0516237)
(-7.49272e-08 2.23368e-07 0.018854)
(8.21475e-08 3.20137e-07 0.0282492)
(2.58222e-07 1.21903e-07 0.0335089)
(2.58493e-07 -1.19919e-07 0.033509)
(8.28651e-08 -3.18261e-07 0.0282493)
(-7.41856e-08 -2.22345e-07 0.0188541)
(2.99359e-06 3.42886e-06 0.13355)
(7.75492e-06 5.26967e-06 0.190314)
(1.13318e-05 2.52322e-06 0.218303)
(1.13327e-05 -2.50761e-06 0.218303)
(7.75752e-06 -5.25663e-06 0.190314)
(2.99583e-06 -3.42196e-06 0.13355)
(2.6492e-06 3.1533e-06 0.127403)
(7.04846e-06 4.83356e-06 0.181566)
(1.04356e-05 2.31224e-06 0.208736)
(1.04365e-05 -2.2971e-06 0.208736)
(7.05102e-06 -4.82096e-06 0.181566)
(2.65143e-06 -3.1467e-06 0.127404)
(2.26655e-06 2.80931e-06 0.119379)
(6.20564e-06 4.29384e-06 0.170237)
(9.30611e-06 2.05005e-06 0.196231)
(9.30697e-06 -2.03582e-06 0.196231)
(6.20812e-06 -4.28202e-06 0.170237)
(2.26878e-06 -2.80319e-06 0.119379)
(1.81208e-06 2.38547e-06 0.10882)
(5.16455e-06 3.63502e-06 0.15545)
(7.86928e-06 1.72906e-06 0.179758)
(7.87013e-06 -1.71628e-06 0.179758)
(5.1669e-06 -3.62441e-06 0.155451)
(1.81425e-06 -2.38003e-06 0.10882)
(1.29281e-06 1.8757e-06 0.0948472)
(3.91354e-06 2.84967e-06 0.135981)
(6.08962e-06 1.34611e-06 0.157856)
(6.09042e-06 -1.33539e-06 0.157856)
(3.91568e-06 -2.84074e-06 0.135981)
(1.29484e-06 -1.87116e-06 0.0948477)
(7.41695e-07 1.29063e-06 0.076283)
(2.49656e-06 1.95448e-06 0.110098)
(4.0054e-06 9.10498e-07 0.128434)
(4.00609e-06 -9.0249e-07 0.128434)
(2.49835e-06 -1.94773e-06 0.110098)
(7.43436e-07 -1.28722e-06 0.0762834)
(2.45533e-07 6.78277e-07 0.0515929)
(1.09027e-06 1.02139e-06 0.0753473)
(1.85371e-06 4.60455e-07 0.0884588)
(1.8542e-06 -4.55696e-07 0.0884589)
(1.09152e-06 -1.01728e-06 0.0753475)
(2.4676e-07 -6.76191e-07 0.0515931)
(-4.67061e-08 1.37816e-07 0.018842)
(4.88559e-08 1.98274e-07 0.0282318)
(1.56995e-07 7.58954e-08 0.0334889)
(1.57167e-07 -7.46171e-08 0.0334889)
(4.93097e-08 -1.97077e-07 0.0282319)
(-4.62637e-08 -1.37189e-07 0.018842)
(1.84421e-06 2.1151e-06 0.133512)
(4.78085e-06 3.25418e-06 0.19028)
(6.98846e-06 1.55883e-06 0.21828)
(6.989e-06 -1.54753e-06 0.21828)
(4.78244e-06 -3.24512e-06 0.19028)
(1.84524e-06 -2.11075e-06 0.133513)
(1.63188e-06 1.94517e-06 0.127366)
(4.34493e-06 2.98472e-06 0.18153)
(6.4352e-06 1.42845e-06 0.208709)
(6.43574e-06 -1.41768e-06 0.208709)
(4.34648e-06 -2.97611e-06 0.181531)
(1.6329e-06 -1.94109e-06 0.127367)
(1.39606e-06 1.733e-06 0.119343)
(3.82509e-06 2.65121e-06 0.1702)
(5.73819e-06 1.2664e-06 0.196201)
(5.73873e-06 -1.25646e-06 0.196201)
(3.82656e-06 -2.64327e-06 0.170201)
(1.39708e-06 -1.72928e-06 0.119343)
(1.11601e-06 1.47152e-06 0.108786)
(3.18304e-06 2.24412e-06 0.155414)
(4.85168e-06 1.068e-06 0.179725)
(4.8522e-06 -1.05926e-06 0.179725)
(3.18441e-06 -2.23712e-06 0.155414)
(1.11701e-06 -1.46828e-06 0.108786)
(7.96064e-07 1.157e-06 0.0948161)
(2.41169e-06 1.75891e-06 0.135945)
(3.75389e-06 8.31307e-07 0.157821)
(3.75437e-06 -8.24155e-07 0.157821)
(2.41291e-06 -1.75315e-06 0.135946)
(7.97014e-07 -1.15435e-06 0.0948166)
(4.56574e-07 7.96051e-07 0.0762568)
(1.53824e-06 1.20601e-06 0.110066)
(2.46862e-06 5.62116e-07 0.1284)
(2.46902e-06 -5.56945e-07 0.1284)
(1.53924e-06 -1.20177e-06 0.110066)
(4.57396e-07 -7.94112e-07 0.0762572)
(1.5103e-07 4.18326e-07 0.0515741)
(6.71664e-07 6.2997e-07 0.0753225)
(1.14223e-06 2.84107e-07 0.0884315)
(1.1425e-06 -2.81188e-07 0.0884316)
(6.72346e-07 -6.27476e-07 0.0753226)
(1.51634e-07 -4.17188e-07 0.0515744)
(-2.88009e-08 8.50246e-08 0.0188345)
(3.02571e-08 1.22214e-07 0.0282212)
(9.6987e-08 4.67601e-08 0.0334765)
(9.70788e-08 -4.60737e-08 0.0334766)
(3.05017e-08 -1.21544e-07 0.0282212)
(-2.85785e-08 -8.47105e-08 0.0188346)
(1.14106e-06 1.30852e-06 0.133489)
(2.95627e-06 2.01297e-06 0.190259)
(4.321e-06 9.64673e-07 0.218266)
(4.32128e-06 -9.57274e-07 0.218266)
(2.95696e-06 -2.00743e-06 0.190259)
(1.14138e-06 -1.30629e-06 0.133489)
(1.00975e-06 1.20343e-06 0.127343)
(2.68676e-06 1.84628e-06 0.181509)
(3.97887e-06 8.83915e-07 0.208693)
(3.97915e-06 -8.77036e-07 0.208693)
(2.68742e-06 -1.84118e-06 0.181509)
(1.01006e-06 -1.20142e-06 0.127344)
(8.63874e-07 1.07218e-06 0.11932)
(2.36531e-06 1.63995e-06 0.170178)
(3.54784e-06 7.83542e-07 0.196183)
(3.5481e-06 -7.7738e-07 0.196183)
(2.36592e-06 -1.6354e-06 0.170178)
(8.64195e-07 -1.07043e-06 0.119321)
(6.90631e-07 9.10401e-07 0.108765)
(1.96833e-06 1.38807e-06 0.155391)
(2.9997e-06 6.60668e-07 0.179704)
(2.99993e-06 -6.55442e-07 0.179704)
(1.96887e-06 -1.38422e-06 0.155391)
(6.90937e-07 -9.08956e-07 0.108765)
(4.92707e-07 7.15795e-07 0.0947969)
(1.49143e-06 1.08786e-06 0.135923)
(2.321e-06 5.14119e-07 0.1578)
(2.3212e-06 -5.10049e-07 0.1578)
(1.49188e-06 -1.08486e-06 0.135923)
(4.9298e-07 -7.14687e-07 0.0947975)
(2.82669e-07 4.9246e-07 0.0762405)
(9.51409e-07 7.45811e-07 0.110046)
(1.52647e-06 3.47512e-07 0.128379)
(1.52662e-06 -3.44777e-07 0.128379)
(9.51752e-07 -7.43768e-07 0.110046)
(2.82895e-07 -4.91718e-07 0.076241)
(9.35964e-08 2.58757e-07 0.0515625)
(4.1559e-07 3.89503e-07 0.0753071)
(7.06513e-07 1.75535e-07 0.0884147)
(7.06601e-07 -1.74183e-07 0.0884147)
(4.15799e-07 -3.88448e-07 0.0753073)
(9.3728e-08 -2.58371e-07 0.0515628)
(-1.77647e-08 5.25556e-08 0.01883)
(1.88154e-08 7.54925e-08 0.0282146)
(6.01031e-08 2.88129e-08 0.0334689)
(6.01262e-08 -2.86236e-08 0.0334689)
(1.88778e-08 -7.53004e-08 0.0282146)
(-1.77289e-08 -5.24847e-08 0.0188301)
(7.06562e-07 8.10471e-07 0.133474)
(1.82998e-06 1.24623e-06 0.190246)
(2.6746e-06 5.97365e-07 0.218257)
(2.67465e-06 -5.93057e-07 0.218258)
(1.83001e-06 -1.24328e-06 0.190246)
(7.06164e-07 -8.09618e-07 0.133475)
(6.25241e-07 7.45407e-07 0.127329)
(1.66311e-06 1.14306e-06 0.181495)
(2.46277e-06 5.47302e-07 0.208683)
(2.4628e-06 -5.43462e-07 0.208683)
(1.66312e-06 -1.14046e-06 0.181495)
(6.24842e-07 -7.44722e-07 0.12733)
(5.3489e-07 6.64111e-07 0.119307)
(1.46407e-06 1.0153e-06 0.170164)
(2.19587e-06 4.85087e-07 0.196171)
(2.1959e-06 -4.81823e-07 0.196171)
(1.46404e-06 -1.01313e-06 0.170164)
(5.34505e-07 -6.63601e-07 0.119307)
(4.27595e-07 5.63886e-07 0.108752)
(1.21827e-06 8.59328e-07 0.155377)
(1.8565e-06 4.08937e-07 0.179692)
(1.85651e-06 -4.06359e-07 0.179692)
(1.21822e-06 -8.57635e-07 0.155377)
(4.27242e-07 -5.6355e-07 0.108752)
(3.05026e-07 4.43317e-07 0.094785)
(9.23025e-07 6.73421e-07 0.135909)
(1.43635e-06 3.18141e-07 0.157786)
(1.43635e-06 -3.16337e-07 0.157786)
(9.2294e-07 -6.72248e-07 0.13591)
(3.04716e-07 -4.43145e-07 0.0947856)
(1.74967e-07 3.04958e-07 0.0762305)
(5.88734e-07 4.61612e-07 0.110033)
(9.44544e-07 2.14956e-07 0.128366)
(9.44521e-07 -2.13961e-07 0.128366)
(5.88635e-07 -4.6096e-07 0.110033)
(1.74707e-07 -3.04926e-07 0.0762309)
(5.79085e-08 1.60201e-07 0.0515553)
(2.57097e-07 2.41012e-07 0.0752976)
(4.37074e-07 1.08502e-07 0.0884042)
(4.37042e-07 -1.08224e-07 0.0884043)
(2.57006e-07 -2.40813e-07 0.0752978)
(5.7743e-08 -1.6027e-07 0.0515556)
(-1.10123e-08 3.25196e-08 0.0188271)
(1.15983e-08 4.66724e-08 0.0282105)
(3.71203e-08 1.77648e-08 0.0334642)
(3.71025e-08 -1.78893e-08 0.0334642)
(1.15581e-08 -4.67378e-08 0.0282106)
(-1.10705e-08 -3.2594e-08 0.0188272)
(4.3742e-07 5.02136e-07 0.133465)
(1.13299e-06 7.719e-07 0.190238)
(1.65598e-06 3.69845e-07 0.218252)
(1.65587e-06 -3.67933e-07 0.218252)
(1.13257e-06 -7.70959e-07 0.190238)
(4.3683e-07 -5.02339e-07 0.133466)
(3.87056e-07 4.61862e-07 0.12732)
(1.02965e-06 7.08027e-07 0.181487)
(1.52478e-06 3.38806e-07 0.208676)
(1.52467e-06 -3.37286e-07 0.208677)
(1.02922e-06 -7.07384e-07 0.181487)
(3.86474e-07 -4.62188e-07 0.127321)
(3.31098e-07 4.11516e-07 0.119298)
(9.06385e-07 6.28916e-07 0.170155)
(1.3595e-06 3.00238e-07 0.196164)
(1.35938e-06 -2.99159e-07 0.196164)
(9.05948e-07 -6.28586e-07 0.170156)
(3.30535e-07 -4.11947e-07 0.119299)
(2.64652e-07 3.49425e-07 0.108744)
(7.54178e-07 5.32306e-07 0.155368)
(1.14935e-06 2.53043e-07 0.179684)
(1.14921e-06 -2.52437e-07 0.179684)
(7.53736e-07 -5.32286e-07 0.155368)
(2.64104e-07 -3.49929e-07 0.108744)
(1.88756e-07 2.74718e-07 0.0947777)
(5.71362e-07 4.17142e-07 0.135901)
(8.89193e-07 1.96788e-07 0.157778)
(8.8905e-07 -1.96653e-07 0.157778)
(5.70928e-07 -4.17401e-07 0.135901)
(1.88237e-07 -2.75253e-07 0.0947782)
(1.08235e-07 1.88981e-07 0.0762243)
(3.64393e-07 2.85928e-07 0.110025)
(5.84697e-07 1.32885e-07 0.128358)
(5.84555e-07 -1.33155e-07 0.128359)
(3.63998e-07 -2.86393e-07 0.110026)
(1.07786e-07 -1.8949e-07 0.0762247)
(3.5783e-08 9.92807e-08 0.0515508)
(1.59101e-07 1.49275e-07 0.0752917)
(2.70539e-07 6.70007e-08 0.0883978)
(2.70424e-07 -6.74936e-08 0.0883978)
(1.588e-07 -1.49789e-07 0.0752919)
(3.54353e-08 -9.96728e-08 0.0515511)
(-6.84243e-09 2.01606e-08 0.0188254)
(7.16808e-09 2.89047e-08 0.028208)
(2.29835e-08 1.09172e-08 0.0334613)
(2.29347e-08 -1.12615e-08 0.0334613)
(7.04599e-09 -2.91961e-08 0.028208)
(-6.98101e-09 -2.03321e-08 0.0188255)
(2.71069e-07 3.11395e-07 0.13346)
(7.02034e-07 4.78387e-07 0.190233)
(1.02601e-06 2.28934e-07 0.218249)
(1.0258e-06 -2.28648e-07 0.218249)
(7.01373e-07 -4.78652e-07 0.190233)
(2.70153e-07 -3.12114e-07 0.13346)
(2.3985e-07 2.86445e-07 0.127315)
(6.37991e-07 4.38828e-07 0.181481)
(9.44711e-07 2.09686e-07 0.208673)
(9.44492e-07 -2.09708e-07 0.208673)
(6.37324e-07 -4.39312e-07 0.181482)
(2.38941e-07 -2.87245e-07 0.127316)
(2.0516e-07 2.55239e-07 0.119293)
(5.61596e-07 3.89813e-07 0.17015)
(8.42285e-07 1.85775e-07 0.19616)
(8.4206e-07 -1.8611e-07 0.19616)
(5.60931e-07 -3.90499e-07 0.17015)
(2.04271e-07 -2.56089e-07 0.119294)
(1.6397e-07 2.16738e-07 0.108739)
(4.67268e-07 3.2994e-07 0.155362)
(7.12061e-07 1.56526e-07 0.179679)
(7.11833e-07 -1.57153e-07 0.179679)
(4.66615e-07 -3.30787e-07 0.155363)
(1.63132e-07 -2.17599e-07 0.108739)
(1.16928e-07 1.70404e-07 0.0947731)
(3.53979e-07 2.58557e-07 0.135895)
(5.50865e-07 1.21674e-07 0.157773)
(5.50641e-07 -1.22538e-07 0.157773)
(3.53364e-07 -2.59503e-07 0.135896)
(1.16172e-07 -1.71222e-07 0.0947737)
(6.70242e-08 1.17225e-07 0.0762204)
(2.25734e-07 1.77219e-07 0.110021)
(3.62207e-07 8.21037e-08 0.128353)
(3.62004e-07 -8.3087e-08 0.128354)
(2.25203e-07 -1.78153e-07 0.110021)
(6.63876e-08 -1.17931e-07 0.0762208)
(2.21333e-08 6.15864e-08 0.0515481)
(9.85441e-08 9.25095e-08 0.075288)
(1.67582e-07 4.13385e-08 0.0883938)
(1.67431e-07 -4.22244e-08 0.0883939)
(9.81598e-08 -9.3268e-08 0.0752882)
(2.17072e-08 -6.21032e-08 0.0515484)
(-4.25697e-09 1.25097e-08 0.0188243)
(4.4328e-09 1.79055e-08 0.0282064)
(1.42366e-08 6.69393e-09 0.0334595)
(1.41777e-08 -7.12567e-09 0.0334595)
(4.28932e-09 -1.82457e-08 0.0282065)
(-4.40734e-09 -1.27163e-08 0.0188244)
(1.68002e-07 1.9317e-07 0.133456)
(4.35101e-07 2.96557e-07 0.19023)
(6.35837e-07 1.41584e-07 0.218247)
(6.35595e-07 -1.42385e-07 0.218247)
(4.34334e-07 -2.97679e-07 0.19023)
(1.67213e-07 -1.94265e-07 0.133457)
(1.48645e-07 1.77712e-07 0.127312)
(3.95402e-07 2.72052e-07 0.181478)
(5.8545e-07 1.29647e-07 0.20867)
(5.85201e-07 -1.30677e-07 0.20867)
(3.94638e-07 -2.73335e-07 0.181479)
(1.47868e-07 -1.78857e-07 0.127312)
(1.27134e-07 1.58365e-07 0.11929)
(3.48043e-07 2.41678e-07 0.170146)
(5.21965e-07 1.14825e-07 0.196157)
(5.21711e-07 -1.16063e-07 0.196157)
(3.47294e-07 -2.4309e-07 0.170147)
(1.26378e-07 -1.59525e-07 0.11929)
(1.01594e-07 1.34486e-07 0.108735)
(2.89571e-07 2.04564e-07 0.155359)
(4.41255e-07 9.67013e-08 0.179676)
(4.40998e-07 -9.80976e-08 0.179676)
(2.88847e-07 -2.06047e-07 0.15536)
(1.0086e-07 -1.3561e-07 0.108736)
(7.24301e-08 1.05741e-07 0.0947703)
(2.1935e-07 1.60306e-07 0.135892)
(3.41354e-07 7.51184e-08 0.15777)
(3.41104e-07 -7.65874e-08 0.15777)
(2.18674e-07 -1.61773e-07 0.135893)
(7.17407e-08 -1.06769e-07 0.0947708)
(4.1499e-08 7.27462e-08 0.076218)
(1.39867e-07 1.09872e-07 0.110018)
(2.24442e-07 5.06311e-08 0.12835)
(2.24217e-07 -5.20293e-08 0.128351)
(1.39282e-07 -1.11197e-07 0.110018)
(4.09102e-08 -7.36046e-08 0.0762185)
(1.36854e-08 3.82234e-08 0.0515464)
(6.1051e-08 5.73493e-08 0.0752858)
(1.03843e-07 2.54343e-08 0.0883913)
(1.03676e-07 -2.65355e-08 0.0883914)
(6.06271e-08 -5.83438e-08 0.075286)
(1.32443e-08 -3.88122e-08 0.0515467)
(-2.65169e-09 7.76826e-09 0.0188236)
(2.74209e-09 1.10969e-08 0.0282054)
(8.82608e-09 4.07474e-09 0.0334584)
(8.76104e-09 -4.54325e-09 0.0334584)
(2.57962e-09 -1.15021e-08 0.0282055)
(-2.82147e-09 -7.98788e-09 0.0188237)
(1.04186e-07 1.19903e-07 0.133454)
(2.69792e-07 1.83862e-07 0.190228)
(3.9419e-07 8.7504e-08 0.218245)
(3.9393e-07 -8.88213e-08 0.218245)
(2.69038e-07 -1.85244e-07 0.190228)
(1.03294e-07 -1.2098e-07 0.133455)
(9.21777e-08 1.1032e-07 0.12731)
(2.45172e-07 1.68678e-07 0.181476)
(3.62948e-07 8.01027e-08 0.208669)
(3.62685e-07 -8.1578e-08 0.208669)
(2.44425e-07 -1.7016e-07 0.181477)
(9.12938e-08 -1.11422e-07 0.12731)
(7.88307e-08 9.83182e-08 0.119288)
(2.15799e-07 1.4985e-07 0.170144)
(3.23582e-07 7.09183e-08 0.196155)
(3.23318e-07 -7.25147e-08 0.196155)
(2.15068e-07 -1.5139e-07 0.170145)
(7.79667e-08 -9.94111e-08 0.119288)
(6.2986e-08 8.34973e-08 0.108734)
(1.79535e-07 1.26837e-07 0.155357)
(2.73536e-07 5.96952e-08 0.179674)
(2.73276e-07 -6.13499e-08 0.179674)
(1.78832e-07 -1.28371e-07 0.155357)
(6.21724e-08 -8.4538e-08 0.108734)
(4.48948e-08 6.56522e-08 0.0947685)
(1.35988e-07 9.93895e-08 0.13589)
(2.11595e-07 4.63386e-08 0.157768)
(2.11349e-07 -4.79565e-08 0.157768)
(1.35343e-07 -1.00835e-07 0.135891)
(4.41646e-08 -6.65873e-08 0.0947691)
(2.57108e-08 4.51662e-08 0.0762165)
(8.67009e-08 6.81103e-08 0.110016)
(1.39112e-07 3.11971e-08 0.128349)
(1.38898e-07 -3.2638e-08 0.128349)
(8.61586e-08 -6.93467e-08 0.110016)
(2.51002e-08 -4.59303e-08 0.076217)
(8.46523e-09 2.37314e-08 0.0515453)
(3.78353e-08 3.55389e-08 0.0752844)
(6.43528e-08 1.56363e-08 0.0883898)
(6.41987e-08 -1.66997e-08 0.0883898)
(3.74542e-08 -3.64179e-08 0.0752846)
(8.06497e-09 -2.42601e-08 0.0515456)
(-1.65295e-09 4.82433e-09 0.0188232)
(1.6968e-09 6.86886e-09 0.0282048)
(5.4672e-09 2.48015e-09 0.0334577)
(5.41087e-09 -2.89921e-09 0.0334577)
(1.55895e-09 -7.20498e-09 0.0282049)
(-1.79042e-09 -5.01884e-09 0.0188233)
(6.45923e-08 7.43974e-08 0.133453)
(1.67269e-07 1.1397e-07 0.190226)
(2.44364e-07 5.39727e-08 0.218244)
(2.44132e-07 -5.55755e-08 0.218245)
(1.66569e-07 -1.15555e-07 0.190227)
(6.39312e-08 -7.55212e-08 0.133453)
(5.71448e-08 6.84602e-08 0.127308)
(1.52005e-07 1.04565e-07 0.181475)
(2.24998e-07 4.93854e-08 0.208668)
(2.24762e-07 -5.10906e-08 0.208668)
(1.51315e-07 -1.06214e-07 0.181475)
(5.64958e-08 -6.95935e-08 0.127309)
(4.88662e-08 6.10188e-08 0.119286)
(1.33793e-07 9.28965e-08 0.170143)
(2.00594e-07 4.36977e-08 0.196154)
(2.00357e-07 -4.54637e-08 0.196154)
(1.33122e-07 -9.45692e-08 0.170144)
(4.82352e-08 -6.21302e-08 0.119287)
(3.90391e-08 5.18244e-08 0.108732)
(1.11307e-07 7.86303e-08 0.155356)
(1.69571e-07 3.67536e-08 0.179673)
(1.69336e-07 -3.85151e-08 0.179673)
(1.10668e-07 -8.02658e-08 0.155356)
(3.84258e-08 -5.28701e-08 0.108733)
(2.78204e-08 4.07505e-08 0.0947674)
(8.4307e-08 6.16123e-08 0.135889)
(1.31174e-07 2.84968e-08 0.157767)
(1.3095e-07 -3.01609e-08 0.157767)
(8.37197e-08 -6.31246e-08 0.135889)
(2.72464e-08 -4.16804e-08 0.094768)
(1.59269e-08 2.8036e-08 0.0762156)
(5.3751e-08 4.2217e-08 0.110015)
(8.62432e-08 1.91478e-08 0.128347)
(8.60481e-08 -2.05822e-08 0.128347)
(5.3251e-08 -4.34984e-08 0.110015)
(1.54428e-08 -2.87923e-08 0.076216)
(5.2385e-09 1.47323e-08 0.0515447)
(2.34592e-08 2.20229e-08 0.0752835)
(3.99037e-08 9.55874e-09 0.0883888)
(3.97614e-08 -1.0585e-08 0.0883889)
(2.31052e-08 -2.29261e-08 0.0752837)
(4.88091e-09 -1.52366e-08 0.0515449)
(-1.02835e-09 2.99595e-09 0.0188229)
(1.0545e-09 4.2525e-09 0.0282045)
(3.39647e-09 1.48609e-09 0.0334573)
(3.34302e-09 -1.87427e-09 0.0334573)
(9.21304e-10 -4.5915e-09 0.0282045)
(-1.16454e-09 -3.17516e-09 0.018823)
(4.00667e-08 4.62165e-08 0.133452)
(1.03759e-07 7.06608e-08 0.190226)
(1.51549e-07 3.327e-08 0.218244)
(1.51334e-07 -3.48386e-08 0.218244)
(1.03166e-07 -7.20782e-08 0.190226)
(3.93739e-08 -4.71255e-08 0.133453)
(3.54448e-08 4.25348e-08 0.127307)
(9.42902e-08 6.4834e-08 0.181474)
(1.39538e-07 3.04307e-08 0.208667)
(1.39323e-07 -3.20555e-08 0.208667)
(9.37064e-08 -6.62769e-08 0.181475)
(3.47593e-08 -4.344e-08 0.127308)
(3.03057e-08 3.79165e-08 0.119285)
(8.29898e-08 5.76022e-08 0.170142)
(1.244e-07 2.69135e-08 0.196153)
(1.24187e-07 -2.85528e-08 0.196154)
(8.24231e-08 -5.90307e-08 0.170143)
(2.96348e-08 -3.8792e-08 0.119286)
(2.42059e-08 3.22067e-08 0.108732)
(6.90386e-08 4.8757e-08 0.155355)
(1.05156e-07 2.26231e-08 0.179672)
(1.04951e-07 -2.42152e-08 0.179672)
(6.85e-08 -5.0115e-08 0.155355)
(2.35757e-08 -3.30212e-08 0.108732)
(1.72432e-08 2.53273e-08 0.0947668)
(5.22878e-08 3.82033e-08 0.135888)
(8.13396e-08 1.75263e-08 0.157766)
(8.11495e-08 -1.89881e-08 0.157766)
(5.17991e-08 -3.94236e-08 0.135889)
(1.66826e-08 -2.60431e-08 0.0947673)
(9.86342e-09 1.74272e-08 0.076215)
(3.33321e-08 2.61743e-08 0.110014)
(5.3474e-08 1.17614e-08 0.128347)
(5.33123e-08 -1.29825e-08 0.128347)
(3.29289e-08 -2.71677e-08 0.110014)
(9.40389e-09 -1.80002e-08 0.0762155)
(3.2356e-09 9.15992e-09 0.0515442)
(1.4544e-08 1.36506e-08 0.075283)
(2.47378e-08 5.85725e-09 0.0883882)
(2.4625e-08 -6.69867e-09 0.0883883)
(1.4269e-08 -1.432e-08 0.0752832)
(2.9494e-09 -9.55085e-09 0.0515445)
(-6.43994e-10 1.86501e-09 0.0188228)
(6.52098e-10 2.63393e-09 0.0282042)
(2.10444e-09 9.01483e-10 0.033457)
(2.06422e-09 -1.20283e-09 0.033457)
(5.55501e-10 -2.87097e-09 0.0282043)
(-7.37281e-10 -2.00393e-09 0.0188229)
(2.48171e-08 2.86884e-08 0.133451)
(6.42972e-08 4.38078e-08 0.190225)
(9.39158e-08 2.04678e-08 0.218244)
(9.37459e-08 -2.18955e-08 0.218244)
(6.38139e-08 -4.50813e-08 0.190226)
(2.43394e-08 -2.94776e-08 0.133452)
(2.1952e-08 2.64092e-08 0.127307)
(5.84297e-08 4.0202e-08 0.181474)
(8.64755e-08 1.87134e-08 0.208667)
(8.6305e-08 -2.01652e-08 0.208667)
(5.79565e-08 -4.14828e-08 0.181474)
(2.14841e-08 -2.719e-08 0.127308)
(1.87655e-08 2.3547e-08 0.119285)
(5.14263e-08 3.57239e-08 0.170142)
(7.70965e-08 1.65421e-08 0.196153)
(7.69279e-08 -1.79808e-08 0.196153)
(5.0971e-08 -3.69794e-08 0.170142)
(1.83125e-08 -2.42988e-08 0.119286)
(1.49835e-08 2.00055e-08 0.108731)
(4.27795e-08 3.02437e-08 0.155354)
(6.51719e-08 1.38958e-08 0.179672)
(6.50088e-08 -1.52687e-08 0.179672)
(4.23512e-08 -3.14288e-08 0.155355)
(1.45457e-08 -2.07003e-08 0.108732)
(1.06676e-08 1.57362e-08 0.0947664)
(3.23969e-08 2.37022e-08 0.135888)
(5.0413e-08 1.07545e-08 0.157765)
(5.02619e-08 -1.19927e-08 0.157765)
(3.20095e-08 -2.47572e-08 0.135888)
(1.02652e-08 -1.63438e-08 0.0947669)
(6.09564e-09 1.08315e-08 0.0762147)
(2.06508e-08 1.62441e-08 0.110014)
(3.31455e-08 7.20504e-09 0.128346)
(3.30174e-08 -8.21961e-09 0.128346)
(2.03281e-08 -1.71018e-08 0.110014)
(5.77317e-09 -1.13203e-08 0.0762151)
(1.99336e-09 5.69733e-09 0.051544)
(9.01047e-09 8.4769e-09 0.0752826)
(1.53395e-08 3.57585e-09 0.0883879)
(1.52502e-08 -4.26073e-09 0.0883879)
(8.79093e-09 -9.05566e-09 0.0752828)
(1.77101e-09 -6.02074e-09 0.0515443)
(-4.03648e-10 1.16273e-09 0.0188227)
(4.02681e-10 1.63891e-09 0.0282041)
(1.30838e-09 5.40052e-10 0.0334568)
(1.27626e-09 -7.77931e-10 0.0334569)
(3.23875e-10 -1.84287e-09 0.0282042)
(-4.83799e-10 -1.27432e-09 0.0188228)
(1.53768e-08 1.78333e-08 0.133451)
(3.98432e-08 2.71496e-08 0.190225)
(5.81845e-08 1.25931e-08 0.218244)
(5.80352e-08 -1.376e-08 0.218244)
(3.94591e-08 -2.8111e-08 0.190225)
(1.48748e-08 -1.8371e-08 0.133452)
(1.35988e-08 1.64193e-08 0.127307)
(3.62039e-08 2.49176e-08 0.181473)
(5.35708e-08 1.15117e-08 0.208667)
(5.34231e-08 -1.26806e-08 0.208667)
(3.58274e-08 -2.5868e-08 0.181474)
(1.31026e-08 -1.69457e-08 0.127307)
(1.16217e-08 1.4642e-08 0.119285)
(3.18607e-08 2.21436e-08 0.170142)
(4.77559e-08 1.0174e-08 0.196153)
(4.76116e-08 -1.13139e-08 0.196153)
(3.14982e-08 -2.30559e-08 0.170142)
(1.1136e-08 -1.51424e-08 0.119285)
(9.27632e-09 1.24412e-08 0.108731)
(2.64998e-08 1.87471e-08 0.155354)
(4.03641e-08 8.54424e-09 0.179671)
(4.02285e-08 -9.61314e-09 0.179672)
(2.616e-08 -1.95853e-08 0.155355)
(8.81731e-09 -1.2899e-08 0.108731)
(6.60072e-09 9.78721e-09 0.0947661)
(2.00649e-08 1.46913e-08 0.135887)
(3.1218e-08 6.61024e-09 0.157765)
(3.10956e-08 -7.55543e-09 0.157765)
(1.97615e-08 -1.5415e-08 0.135888)
(6.19744e-09 -1.01845e-08 0.0947666)
(3.76674e-09 6.73737e-09 0.0762145)
(1.27858e-08 1.0066e-08 0.110013)
(2.05197e-08 4.42553e-09 0.128346)
(2.04201e-08 -5.18369e-09 0.128346)
(1.25444e-08 -1.06299e-08 0.110014)
(3.45966e-09 -7.05774e-09 0.0762149)
(1.22574e-09 3.54388e-09 0.0515438)
(5.57486e-09 5.24882e-09 0.0752824)
(9.49109e-09 2.19287e-09 0.0883877)
(9.42577e-09 -2.69343e-09 0.0883877)
(5.42228e-09 -5.61411e-09 0.0752826)
(1.06058e-09 -3.77025e-09 0.0515441)
(-2.53928e-10 7.23863e-10 0.0188226)
(2.47781e-10 1.01185e-09 0.028204)
(8.06913e-10 3.28586e-10 0.0334567)
(7.85309e-10 -4.99441e-10 0.0334567)
(1.98402e-10 -1.13588e-09 0.0282041)
(-3.0024e-10 -8.04955e-10 0.0188227)
(9.61847e-09 1.09508e-08 0.133451)
(2.47926e-08 1.66747e-08 0.190225)
(3.61344e-08 7.56073e-09 0.218243)
(3.603e-08 -8.8438e-09 0.218244)
(2.44731e-08 -1.78274e-08 0.190225)
(9.47584e-09 -1.16799e-08 0.133452)
(8.51268e-09 1.00763e-08 0.127306)
(2.25312e-08 1.52943e-08 0.181473)
(3.32692e-08 6.89347e-09 0.208666)
(3.31632e-08 -8.17081e-09 0.208667)
(2.22165e-08 -1.64404e-08 0.181474)
(8.37392e-09 -1.07889e-08 0.127307)
(7.28335e-09 8.97692e-09 0.119285)
(1.98326e-08 1.35784e-08 0.170141)
(2.96593e-08 6.0697e-09 0.196153)
(2.95507e-08 -7.31534e-09 0.196153)
(1.95264e-08 -1.46968e-08 0.170142)
(7.14686e-09 -9.65828e-09 0.119285)
(5.82478e-09 7.61626e-09 0.108731)
(1.65018e-08 1.14779e-08 0.155354)
(2.50709e-08 5.06863e-09 0.179671)
(2.49613e-08 -6.24651e-09 0.179671)
(1.62076e-08 -1.25397e-08 0.155354)
(5.68448e-09 -8.24552e-09 0.108731)
(4.15993e-09 5.97734e-09 0.0947659)
(1.25034e-08 8.97206e-09 0.135887)
(1.93933e-08 3.88547e-09 0.157765)
(1.92858e-08 -4.94729e-09 0.157765)
(1.22276e-08 -9.9347e-09 0.135888)
(4.00689e-09 -6.52699e-09 0.0947665)
(2.39291e-09 4.09789e-09 0.0762143)
(7.97694e-09 6.11974e-09 0.110013)
(1.27489e-08 2.55773e-09 0.128346)
(1.26501e-08 -3.43779e-09 0.128346)
(7.72983e-09 -6.92597e-09 0.110013)
(2.2243e-09 -4.53071e-09 0.0762148)
(8.00732e-10 2.13823e-09 0.0515437)
(3.48854e-09 3.16194e-09 0.0752823)
(5.8962e-09 1.22004e-09 0.0883875)
(5.81985e-09 -1.82955e-09 0.0883876)
(3.29542e-09 -3.72368e-09 0.0752825)
(6.25524e-10 -2.40861e-09 0.051544)
(-1.41378e-10 4.25074e-10 0.0188226)
(1.65994e-10 5.89258e-10 0.028204)
(5.05034e-10 1.45723e-10 0.0334567)
(4.7381e-10 -3.67542e-10 0.0334567)
(8.5217e-11 -7.96987e-10 0.028204)
(-2.21656e-10 -5.16242e-10 0.0188227)
(5.91751e-09 6.83515e-09 0.133451)
(1.53361e-08 1.03736e-08 0.190225)
(2.23844e-08 4.67237e-09 0.218243)
(2.23182e-08 -5.53643e-09 0.218243)
(1.51705e-08 -1.10679e-08 0.190225)
(5.78237e-09 -7.19912e-09 0.133451)
(5.23246e-09 6.29593e-09 0.127306)
(1.39352e-08 9.52397e-09 0.181473)
(2.06098e-08 4.26768e-09 0.208666)
(2.05446e-08 -5.10938e-09 0.208667)
(1.37737e-08 -1.01959e-08 0.181474)
(5.09512e-09 -6.64157e-09 0.127307)
(4.47105e-09 5.61689e-09 0.119284)
(1.2264e-08 8.46695e-09 0.170141)
(1.83737e-08 3.76843e-09 0.196153)
(1.83107e-08 -4.56518e-09 0.196153)
(1.21087e-08 -9.0978e-09 0.170142)
(4.3339e-09 -5.93466e-09 0.119285)
(3.56786e-09 4.77506e-09 0.108731)
(1.02011e-08 7.17187e-09 0.155354)
(1.55327e-08 3.16202e-09 0.179671)
(1.54727e-08 -3.88396e-09 0.179671)
(1.00558e-08 -7.7378e-09 0.155354)
(3.4453e-09 -5.05508e-09 0.108731)
(2.53773e-09 3.75897e-09 0.0947658)
(7.72367e-09 5.62477e-09 0.135887)
(1.20149e-08 2.44481e-09 0.157765)
(1.19615e-08 -3.05566e-09 0.157765)
(7.59633e-09 -6.1011e-09 0.135887)
(2.43378e-09 -3.98826e-09 0.0947664)
(1.44625e-09 2.59057e-09 0.0762143)
(4.91964e-09 3.86007e-09 0.110013)
(7.89751e-09 1.63763e-09 0.128346)
(7.85391e-09 -2.09606e-09 0.128346)
(4.81841e-09 -4.21304e-09 0.110013)
(1.35193e-09 -2.75371e-09 0.0762147)
(4.67111e-10 1.36583e-09 0.0515437)
(2.14057e-09 2.02065e-09 0.0752822)
(3.65077e-09 8.15969e-10 0.0883874)
(3.62224e-09 -1.08293e-09 0.0883875)
(2.07301e-09 -2.22334e-09 0.0752824)
(4.09783e-10 -1.46105e-09 0.051544)
(-1.00638e-10 2.82048e-10 0.0188225)
(9.1631e-11 3.97583e-10 0.0282039)
(3.09712e-10 1.288e-10 0.0334566)
(3.01549e-10 -1.91948e-10 0.0334566)
(7.11599e-11 -4.46247e-10 0.028204)
(-1.17202e-10 -3.06783e-10 0.0188226)
(3.6587e-09 4.28784e-09 0.133451)
(9.49636e-09 6.47056e-09 0.190225)
(1.38682e-08 2.88878e-09 0.218243)
(1.384e-08 -3.47854e-09 0.218243)
(9.39208e-09 -6.96802e-09 0.190225)
(3.67779e-09 -4.53304e-09 0.133451)
(3.23376e-09 3.95182e-09 0.127306)
(8.62841e-09 5.9462e-09 0.181473)
(1.2771e-08 2.64246e-09 0.208666)
(1.27428e-08 -3.20808e-09 0.208666)
(8.53037e-09 -6.42718e-09 0.181474)
(3.25555e-09 -4.1875e-09 0.127307)
(2.76074e-09 3.52803e-09 0.119284)
(7.59232e-09 5.29243e-09 0.170141)
(1.13877e-08 2.3379e-09 0.196152)
(1.13593e-08 -2.86379e-09 0.196153)
(7.50215e-09 -5.74606e-09 0.170142)
(2.78382e-09 -3.7483e-09 0.119285)
(2.20015e-09 3.00181e-09 0.10873)
(6.31342e-09 4.48941e-09 0.155354)
(9.62803e-09 1.96671e-09 0.179671)
(9.60027e-09 -2.43372e-09 0.179671)
(6.23244e-09 -4.90218e-09 0.155354)
(2.21166e-09 -3.19779e-09 0.108731)
(1.56116e-09 2.36585e-09 0.0947658)
(4.77705e-09 3.52753e-09 0.135887)
(7.44931e-09 1.52577e-09 0.157765)
(7.42284e-09 -1.91224e-09 0.157765)
(4.70563e-09 -3.87968e-09 0.135887)
(1.55769e-09 -2.52909e-09 0.0947663)
(8.84922e-10 1.63315e-09 0.0762142)
(3.04019e-09 2.42688e-09 0.110013)
(4.89761e-09 1.02637e-09 0.128346)
(4.87439e-09 -1.30935e-09 0.128346)
(2.97909e-09 -2.70219e-09 0.110013)
(8.76488e-10 -1.75649e-09 0.0762146)
(2.81234e-10 8.63565e-10 0.0515436)
(1.32068e-09 1.27521e-09 0.0752822)
(2.26655e-09 5.13472e-10 0.0883874)
(2.24976e-09 -6.76439e-10 0.0883874)
(1.27848e-09 -1.45041e-09 0.0752824)
(2.49127e-10 -9.30527e-10 0.0515439)
(-6.58686e-11 1.79679e-10 0.0188225)
(5.46609e-11 2.52417e-10 0.0282039)
(1.93184e-10 8.00684e-11 0.0334566)
(1.86499e-10 -1.2035e-10 0.0334566)
(3.64997e-11 -3.06656e-10 0.028204)
(-8.46335e-11 -1.97145e-10 0.0188226)
(2.29802e-09 2.63651e-09 0.133451)
(5.92091e-09 4.00202e-09 0.190225)
(8.63728e-09 1.78516e-09 0.218243)
(8.60918e-09 -2.17396e-09 0.218243)
(5.86984e-09 -4.27262e-09 0.190225)
(2.17266e-09 -2.7684e-09 0.133451)
(2.03319e-09 2.42802e-09 0.127306)
(5.38061e-09 3.67627e-09 0.181473)
(7.95342e-09 1.63537e-09 0.208666)
(7.92611e-09 -2.00147e-09 0.208666)
(5.32972e-09 -3.926e-09 0.181473)
(1.90508e-09 -2.54812e-09 0.127307)
(1.73846e-09 2.16504e-09 0.119284)
(4.7354e-09 3.26994e-09 0.170141)
(7.08974e-09 1.44955e-09 0.196152)
(7.0648e-09 -1.78203e-09 0.196153)
(4.68472e-09 -3.48975e-09 0.170142)
(1.60975e-09 -2.26991e-09 0.119285)
(1.38877e-09 1.83872e-09 0.10873)
(3.93823e-09 2.7709e-09 0.155354)
(5.99174e-09 1.22239e-09 0.179671)
(5.96967e-09 -1.5083e-09 0.179671)
(3.88965e-09 -2.9505e-09 0.155354)
(1.27548e-09 -1.92674e-09 0.108731)
(9.89625e-10 1.44479e-09 0.0947657)
(2.98181e-09 2.1733e-09 0.135887)
(4.63298e-09 9.51589e-10 0.157765)
(4.61504e-09 -1.17759e-09 0.157765)
(2.94015e-09 -2.30708e-09 0.135887)
(9.00128e-10 -1.51332e-09 0.0947663)
(5.6664e-10 9.92163e-10 0.0762142)
(1.89823e-09 1.49035e-09 0.110013)
(3.04208e-09 6.43358e-10 0.128346)
(3.02969e-09 -7.98935e-10 0.128346)
(1.86919e-09 -1.56929e-09 0.110013)
(4.96463e-10 -1.03814e-09 0.0762146)
(1.86316e-10 5.19456e-10 0.0515436)
(8.25824e-10 7.78004e-10 0.0752821)
(1.4025e-09 3.25175e-10 0.0883873)
(1.39643e-09 -4.05546e-10 0.0883874)
(8.09313e-10 -8.06677e-10 0.0752823)
(1.63433e-10 -5.51668e-10 0.0515439)
(-3.60249e-11 1.04651e-10 0.0188225)
(3.50808e-11 1.50803e-10 0.0282039)
(1.1702e-10 5.40668e-11 0.0334566)
(1.15773e-10 -6.88623e-11 0.0334566)
(3.3718e-11 -1.49104e-10 0.028204)
(-3.65952e-11 -1.14339e-10 0.0188226)
(1.40982e-09 1.69806e-09 0.133451)
(3.66016e-09 2.54422e-09 0.190225)
(5.35235e-09 1.14606e-09 0.218243)
(5.34847e-09 -1.32945e-09 0.218243)
(3.64209e-09 -2.67575e-09 0.190225)
(1.4232e-09 -1.73548e-09 0.133451)
(1.24519e-09 1.56793e-09 0.127306)
(3.32621e-09 2.3439e-09 0.181473)
(4.93146e-09 1.05555e-09 0.208666)
(4.92818e-09 -1.21942e-09 0.208666)
(3.31114e-09 -2.46193e-09 0.181473)
(1.26137e-09 -1.60096e-09 0.127307)
(1.06107e-09 1.40295e-09 0.119284)
(2.92584e-09 2.09274e-09 0.170141)
(4.39877e-09 9.42345e-10 0.196152)
(4.39587e-09 -1.08046e-09 0.196153)
(2.91479e-09 -2.19398e-09 0.170142)
(1.08045e-09 -1.43065e-09 0.119285)
(8.42612e-10 1.1972e-09 0.10873)
(2.4312e-09 1.78252e-09 0.155354)
(3.72046e-09 8.02576e-10 0.179671)
(3.71849e-09 -9.08813e-10 0.179671)
(2.42571e-09 -1.86366e-09 0.155354)
(8.53995e-10 -1.21709e-09 0.108731)
(5.93693e-10 9.47447e-10 0.0947657)
(1.83732e-09 1.40899e-09 0.135887)
(2.87899e-09 6.3409e-10 0.157765)
(2.8784e-09 -7.03035e-10 0.157765)
(1.83482e-09 -1.46394e-09 0.135887)
(5.99367e-10 -9.59857e-10 0.0947662)
(3.31299e-10 6.58379e-10 0.0762141)
(1.16629e-09 9.78773e-10 0.110013)
(1.89389e-09 4.3948e-10 0.128346)
(1.89491e-09 -4.68932e-10 0.128346)
(1.16789e-09 -1.01038e-09 0.110013)
(3.4887e-10 -6.67645e-10 0.0762146)
(9.86755e-11 3.52759e-10 0.0515436)
(5.02896e-10 5.23876e-10 0.0752821)
(8.77208e-10 2.33281e-10 0.0883873)
(8.80473e-10 -2.30423e-10 0.0883874)
(5.108e-10 -5.35325e-10 0.0752823)
(1.06763e-10 -3.52639e-10 0.0515439)
(-3.02052e-11 7.64586e-11 0.0188225)
(1.68403e-11 1.10583e-10 0.0282039)
(7.43202e-11 4.65891e-11 0.0334566)
(7.58767e-11 -3.22539e-11 0.0334566)
(2.06563e-11 -1.0781e-10 0.0282039)
(-2.85691e-11 -7.30423e-11 0.0188226)
(8.56365e-10 1.04854e-09 0.133451)
(2.23101e-09 1.58006e-09 0.190225)
(3.2737e-09 7.15271e-10 0.218243)
(3.25148e-09 -8.248e-10 0.218243)
(2.20068e-09 -1.60816e-09 0.190225)
(6.77402e-10 -1.01734e-09 0.133451)
(7.56069e-10 9.6902e-10 0.127306)
(2.02826e-09 1.45672e-09 0.181473)
(3.01681e-09 6.61354e-10 0.208666)
(2.99641e-09 -7.53857e-10 0.208666)
(1.99914e-09 -1.46758e-09 0.181473)
(5.77293e-10 -9.32086e-10 0.127307)
(6.43627e-10 8.67547e-10 0.119284)
(1.78553e-09 1.3013e-09 0.170141)
(2.6913e-09 5.92903e-10 0.196152)
(2.67368e-09 -6.65061e-10 0.196153)
(1.75859e-09 -1.29195e-09 0.170141)
(4.66682e-10 -8.25272e-10 0.119285)
(5.10489e-10 7.40307e-10 0.10873)
(1.48496e-09 1.10845e-09 0.155354)
(2.27681e-09 5.07128e-10 0.179671)
(2.26392e-09 -5.56302e-10 0.179671)
(1.46133e-09 -1.07593e-09 0.155354)
(3.46744e-10 -6.95483e-10 0.108731)
(3.59242e-10 5.8545e-10 0.0947657)
(1.12305e-09 8.75367e-10 0.135887)
(1.76216e-09 4.02198e-10 0.157765)
(1.75392e-09 -4.27211e-10 0.157765)
(1.10587e-09 -8.21754e-10 0.135887)
(2.26737e-10 -5.42911e-10 0.0947662)
(2.01644e-10 4.0648e-10 0.0762141)
(7.16848e-10 6.06626e-10 0.110013)
(1.16238e-09 2.79625e-10 0.128345)
(1.15943e-09 -2.83128e-10 0.128346)
(7.11697e-10 -5.37631e-10 0.110013)
(1.19754e-10 -3.76116e-10 0.0762146)
(6.27687e-11 2.17487e-10 0.0515436)
(3.15562e-10 3.22758e-10 0.0752821)
(5.43406e-10 1.48123e-10 0.0883873)
(5.46262e-10 -1.39298e-10 0.0883874)
(3.24132e-10 -2.61961e-10 0.0752823)
(5.55461e-11 -2.13354e-10 0.0515439)
(-1.66677e-11 4.62885e-11 0.0188225)
(1.4072e-11 6.52703e-11 0.0282039)
(4.83315e-11 2.8311e-11 0.0334566)
(5.01499e-11 -2.25718e-11 0.0334566)
(2.25524e-11 -3.98207e-11 0.0282039)
(-5.58787e-12 -4.8809e-11 0.0188226)
(5.67565e-10 6.02652e-10 0.133451)
(1.41813e-09 9.56718e-10 0.190225)
(2.05991e-09 4.40354e-10 0.218243)
(2.06031e-09 -4.97437e-10 0.218243)
(1.42903e-09 -9.80701e-10 0.190225)
(5.75717e-10 -5.81492e-10 0.133451)
(5.03768e-10 5.53907e-10 0.127306)
(1.28882e-09 8.80285e-10 0.181473)
(1.8968e-09 4.07094e-10 0.208666)
(1.8978e-09 -4.53279e-10 0.208666)
(1.29994e-09 -8.95556e-10 0.181473)
(5.1271e-10 -5.30664e-10 0.127307)
(4.32218e-10 4.91853e-10 0.119284)
(1.13312e-09 7.83721e-10 0.170141)
(1.68977e-09 3.64334e-10 0.196152)
(1.69155e-09 -3.98604e-10 0.196153)
(1.14466e-09 -7.90207e-10 0.170141)
(4.41836e-10 -4.6742e-10 0.119285)
(3.47194e-10 4.1462e-10 0.10873)
(9.41104e-10 6.63992e-10 0.155354)
(1.42649e-09 3.10359e-10 0.179671)
(1.42872e-09 -3.32279e-10 0.179671)
(9.52536e-10 -6.62419e-10 0.155354)
(3.57308e-10 -3.90216e-10 0.108731)
(2.50584e-10 3.21781e-10 0.0947657)
(7.10846e-10 5.19853e-10 0.135887)
(1.10079e-09 2.44186e-10 0.157765)
(1.10378e-09 -2.54263e-10 0.157765)
(7.21794e-10 -5.11863e-10 0.135887)
(2.60678e-10 -2.98847e-10 0.0947662)
(1.47622e-10 2.16421e-10 0.0762141)
(4.51509e-10 3.5512e-10 0.110013)
(7.21294e-10 1.671e-10 0.128345)
(7.23659e-10 -1.67337e-10 0.128346)
(4.61317e-10 -3.43815e-10 0.110013)
(1.57745e-10 -1.96757e-10 0.0762146)
(5.408e-11 1.08776e-10 0.0515436)
(1.96417e-10 1.83742e-10 0.0752821)
(3.32261e-10 8.60722e-11 0.0883873)
(3.34325e-10 -8.09478e-11 0.0883874)
(2.02744e-10 -1.73971e-10 0.0752823)
(6.31003e-11 -9.49701e-11 0.0515439)
(-4.43828e-12 1.87636e-11 0.0188225)
(8.30631e-12 3.4504e-11 0.0282039)
(2.68405e-11 1.50564e-11 0.0334566)
(2.74525e-11 -1.07712e-11 0.0334566)
(1.02523e-11 -3.11941e-11 0.0282039)
(-1.11123e-13 -1.33549e-11 0.0188226)
(3.27952e-10 4.09048e-10 0.133451)
(8.73083e-10 6.06663e-10 0.190225)
(1.27752e-09 2.85989e-10 0.218243)
(1.28429e-09 -2.87789e-10 0.218243)
(8.91763e-10 -5.96584e-10 0.190225)
(3.57403e-10 -3.71568e-10 0.133451)
(2.89716e-10 3.78995e-10 0.127306)
(7.94513e-10 5.59267e-10 0.181473)
(1.17806e-09 2.65784e-10 0.208666)
(1.18469e-09 -2.5929e-10 0.208666)
(8.13994e-10 -5.43797e-10 0.181473)
(3.1876e-10 -3.40701e-10 0.127307)
(2.46879e-10 3.40304e-10 0.119284)
(6.99965e-10 4.9928e-10 0.170141)
(1.05024e-09 2.39514e-10 0.196152)
(1.05705e-09 -2.24735e-10 0.196153)
(7.19601e-10 -4.79071e-10 0.170141)
(2.74744e-10 -3.02223e-10 0.119285)
(1.95952e-10 2.91442e-10 0.10873)
(5.81894e-10 4.2468e-10 0.155354)
(8.87424e-10 2.05958e-10 0.179671)
(8.93747e-10 -1.83651e-10 0.179671)
(6.01432e-10 -4.00945e-10 0.155354)
(2.21884e-10 -2.55063e-10 0.108731)
(1.37604e-10 2.31662e-10 0.0947657)
(4.40215e-10 3.34709e-10 0.135887)
(6.85611e-10 1.64592e-10 0.157765)
(6.91555e-10 -1.3648e-10 0.157765)
(4.58236e-10 -3.09409e-10 0.135887)
(1.60782e-10 -1.98947e-10 0.0947662)
(7.63471e-11 1.6217e-10 0.0762141)
(2.80095e-10 2.31095e-10 0.110013)
(4.50065e-10 1.1572e-10 0.128345)
(4.55171e-10 -8.52957e-11 0.128346)
(2.95788e-10 -2.06996e-10 0.110013)
(9.53349e-11 -1.35365e-10 0.0762145)
(2.22555e-11 8.81999e-11 0.0515436)
(1.21414e-10 1.22358e-10 0.0752821)
(2.07708e-10 6.28124e-11 0.0883873)
(2.12567e-10 -3.62904e-11 0.0883874)
(1.32383e-10 -1.0378e-10 0.0752823)
(3.54305e-11 -7.00737e-11 0.0515439)
(-7.79681e-12 1.98302e-11 0.0188225)
(4.94933e-12 2.47642e-11 0.0282039)
(1.78062e-11 1.36735e-11 0.0334566)
(1.90812e-11 -7.78654e-13 0.0334566)
(8.8395e-12 -1.68316e-11 0.0282039)
(-3.1773e-12 -1.35404e-11 0.0188226)
(2.15492e-10 2.12307e-10 0.133451)
(5.32203e-10 3.55648e-10 0.190225)
(7.77137e-10 1.48775e-10 0.218243)
(7.77157e-10 -2.15969e-10 0.218243)
(5.36946e-10 -4.03717e-10 0.190225)
(2.05822e-10 -2.56099e-10 0.133451)
(1.92229e-10 1.95373e-10 0.127306)
(4.85209e-10 3.28223e-10 0.181473)
(7.17679e-10 1.37314e-10 0.208666)
(7.17744e-10 -1.98803e-10 0.208666)
(4.87511e-10 -3.71037e-10 0.181473)
(1.82131e-10 -2.3587e-10 0.127307)
(1.65375e-10 1.73565e-10 0.119284)
(4.27944e-10 2.93174e-10 0.170141)
(6.4211e-10 1.22104e-10 0.196152)
(6.41248e-10 -1.77577e-10 0.196153)
(4.27887e-10 -3.30617e-10 0.170141)
(1.55449e-10 -2.1058e-10 0.119285)
(1.3306e-10 1.4613e-10 0.10873)
(3.56284e-10 2.49226e-10 0.155354)
(5.43843e-10 1.02539e-10 0.179671)
(5.42726e-10 -1.51864e-10 0.179671)
(3.53332e-10 -2.81395e-10 0.155354)
(1.23129e-10 -1.79369e-10 0.108731)
(9.63387e-11 1.13007e-10 0.0947657)
(2.69448e-10 1.95821e-10 0.135887)
(4.21367e-10 7.8271e-11 0.157765)
(4.19399e-10 -1.21342e-10 0.157765)
(2.65118e-10 -2.22816e-10 0.135887)
(8.65703e-11 -1.41912e-10 0.0947662)
(5.79413e-11 7.54333e-11 0.0762141)
(1.73043e-10 1.34614e-10 0.110013)
(2.77816e-10 5.026e-11 0.128345)
(2.75229e-10 -8.68142e-11 0.128346)
(1.66494e-10 -1.56155e-10 0.110013)
(4.80974e-11 -9.9007e-11 0.0762145)
(2.24347e-11 3.75381e-11 0.0515436)
(7.61382e-11 7.03083e-11 0.0752821)
(1.30691e-10 2.17753e-11 0.0883873)
(1.27053e-10 -4.98465e-11 0.0883874)
(6.95675e-11 -8.58419e-11 0.0752823)
(1.39629e-11 -5.35895e-11 0.0515439)
(-5.65198e-13 5.94859e-12 0.0188225)
(3.95383e-12 1.37245e-11 0.0282039)
(1.18435e-11 2.99098e-13 0.0334566)
(1.02091e-11 -1.32678e-11 0.0334566)
(6.42689e-13 -2.004e-11 0.0282039)
(-4.81546e-12 -1.19754e-11 0.0188226)
(1.20706e-10 1.46209e-10 0.133451)
(3.242e-10 2.17153e-10 0.190225)
(4.76178e-10 9.34813e-11 0.218243)
(4.79942e-10 -1.24482e-10 0.218243)
(3.33588e-10 -2.39924e-10 0.190225)
(1.3745e-10 -1.43678e-10 0.133451)
(1.06264e-10 1.35097e-10 0.127306)
(2.94107e-10 1.99591e-10 0.181473)
(4.37459e-10 8.65632e-11 0.208666)
(4.41087e-10 -1.129e-10 0.208666)
(3.03395e-10 -2.19431e-10 0.181473)
(1.2219e-10 -1.31757e-10 0.127307)
(9.04276e-11 1.20983e-10 0.119284)
(2.58085e-10 1.77467e-10 0.170141)
(3.88875e-10 7.7475e-11 0.196152)
(3.92471e-10 -9.87927e-11 0.196153)
(2.67578e-10 -1.94172e-10 0.170141)
(1.04617e-10 -1.16724e-10 0.119285)
(7.1983e-11 1.03394e-10 0.10873)
(2.14505e-10 1.50246e-10 0.155354)
(3.27676e-10 6.59421e-11 0.179671)
(3.3029e-10 -8.20571e-11 0.179671)
(2.22598e-10 -1.6357e-10 0.155354)
(8.40664e-11 -9.82093e-11 0.108731)
(5.07439e-11 8.19433e-11 0.0947657)
(1.61905e-10 1.17443e-10 0.135887)
(2.522e-10 5.18483e-11 0.157765)
(2.54071e-10 -6.2527e-11 0.157765)
(1.6871e-10 -1.27427e-10 0.135887)
(6.02285e-11 -7.61215e-11 0.0947662)
(2.83844e-11 5.73318e-11 0.0762141)
(1.02791e-10 8.02005e-11 0.110013)
(1.64043e-10 3.52749e-11 0.128345)
(1.65803e-10 -4.09068e-11 0.128346)
(1.07261e-10 -8.66315e-11 0.110013)
(3.56598e-11 -5.11622e-11 0.0762145)
(8.68697e-12 3.12366e-11 0.0515436)
(4.44199e-11 4.14936e-11 0.0752821)
(7.46554e-11 1.83075e-11 0.0883873)
(7.60931e-11 -1.9143e-11 0.0883874)
(4.65655e-11 -4.47782e-11 0.0752823)
(1.285e-11 -2.56509e-11 0.0515439)
(-2.58172e-12 6.93147e-12 0.0188225)
(1.76616e-12 7.6572e-12 0.0282039)
(5.85395e-12 3.43345e-12 0.0334566)
(5.99861e-12 -1.80418e-12 0.0334566)
(2.02049e-12 -8.48478e-12 0.0282039)
(-9.87668e-13 -4.3717e-12 0.0188226)
(1.0723e-10 3.22478e-11 0.133451)
(2.28587e-10 7.89613e-11 0.190225)
(3.16023e-10 -1.05523e-11 0.218243)
(3.22609e-10 -1.48961e-10 0.218243)
(2.2172e-10 -2.56053e-10 0.190225)
(1.90102e-10 -1.79581e-10 0.133451)
(9.79623e-11 2.70166e-11 0.127306)
(2.10166e-10 6.87902e-11 0.181473)
(2.92456e-10 -1.50821e-11 0.208666)
(2.97408e-10 -1.42308e-10 0.208666)
(2.02189e-10 -2.46863e-10 0.181473)
(1.80704e-10 -1.71398e-10 0.127307)
(8.73565e-11 2.07937e-11 0.119284)
(1.87451e-10 5.64166e-11 0.170141)
(2.62519e-10 -2.03647e-11 0.196152)
(2.65403e-10 -1.3361e-10 0.196153)
(1.78101e-10 -2.34599e-10 0.170141)
(1.68784e-10 -1.59899e-10 0.119285)
(7.45834e-11 1.35273e-11 0.10873)
(1.5924e-10 4.18276e-11 0.155354)
(2.23858e-10 -2.61698e-11 0.179671)
(2.23794e-10 -1.22123e-10 0.179671)
(1.47271e-10 -2.18519e-10 0.155354)
(1.46195e-10 -1.43061e-10 0.108731)
(5.9212e-11 5.60442e-12 0.0947657)
(1.24394e-10 2.54683e-11 0.135887)
(1.7561e-10 -3.18543e-11 0.157765)
(1.72149e-10 -1.07036e-10 0.157765)
(1.07908e-10 -1.94847e-10 0.135887)
(1.10264e-10 -1.19107e-10 0.0947662)
(4.19535e-11 -1.975e-12 0.0762141)
(8.47213e-11 9.09818e-12 0.110013)
(1.18548e-10 -3.54729e-11 0.128345)
(1.11109e-10 -8.64918e-11 0.128346)
(6.05385e-11 -1.60847e-10 0.110013)
(6.05267e-11 -8.51238e-11 0.0762145)
(2.37492e-11 -6.81166e-12 0.0515436)
(4.39464e-11 -4.12123e-12 0.0752821)
(5.88105e-11 -3.28704e-11 0.0883873)
(4.89941e-11 -5.7649e-11 0.0883874)
(1.37221e-11 -1.07665e-10 0.0752823)
(6.3324e-13 -4.019e-11 0.0515439)
(5.9491e-12 -5.68659e-12 0.0188225)
(6.98629e-12 -7.09142e-12 0.0282039)
(7.74121e-12 -1.7187e-11 0.0334566)
(2.13248e-12 -1.83962e-11 0.0334566)
(-9.37794e-12 -3.55052e-11 0.0282039)
(-1.34664e-11 -8.54639e-12 0.0188226)
(4.63189e-11 4.42127e-11 0.133451)
(1.25893e-10 7.92636e-11 0.190225)
(1.91413e-10 3.47259e-11 0.218243)
(2.0077e-10 -4.64477e-11 0.218243)
(1.6305e-10 -7.1572e-11 0.190225)
(5.60448e-11 -4.33901e-11 0.133451)
(4.08284e-11 4.10964e-11 0.127306)
(1.13492e-10 7.37981e-11 0.181473)
(1.75656e-10 3.3808e-11 0.208666)
(1.85344e-10 -4.06716e-11 0.208666)
(1.48945e-10 -6.11835e-11 0.181473)
(4.70458e-11 -3.64411e-11 0.127307)
(3.45522e-11 3.73157e-11 0.119284)
(9.90723e-11 6.73096e-11 0.170141)
(1.55809e-10 3.28544e-11 0.196152)
(1.66178e-10 -3.30118e-11 0.196153)
(1.31827e-10 -4.76047e-11 0.170141)
(3.81991e-11 -2.78855e-11 0.119285)
(2.68521e-11 3.28356e-11 0.10873)
(8.10494e-11 5.97533e-11 0.155354)
(1.30685e-10 3.19421e-11 0.179671)
(1.406e-10 -2.29775e-11 0.179671)
(1.09774e-10 -3.06858e-11 0.155354)
(3.53026e-11 -1.87546e-11 0.108731)
(1.79935e-11 2.72362e-11 0.0947657)
(5.97492e-11 5.08492e-11 0.135887)
(9.91179e-11 3.10858e-11 0.157765)
(1.09249e-10 -1.0653e-11 0.157765)
(8.65632e-11 -1.28604e-11 0.135887)
(3.17631e-11 -8.47492e-12 0.0947662)
(8.62233e-12 2.07296e-11 0.0762141)
(3.4438e-11 4.03266e-11 0.110013)
(6.28566e-11 2.95985e-11 0.128345)
(7.20568e-11 2.47789e-12 0.128346)
(5.97032e-11 7.44938e-12 0.110013)
(1.91943e-11 2.95825e-12 0.0762145)
(6.8997e-13 1.31667e-11 0.0515436)
(1.06232e-11 2.74491e-11 0.0752821)
(2.59082e-11 2.59266e-11 0.0883873)
(3.34485e-11 1.35353e-11 0.0883874)
(3.05907e-11 2.20096e-11 0.0752823)
(1.72745e-11 6.92505e-12 0.0515439)
(-2.46161e-12 4.45827e-12 0.0188225)
(-2.71291e-12 1.11867e-11 0.0282039)
(-5.1365e-14 1.39581e-11 0.0334566)
(3.99552e-12 1.23386e-11 0.0334566)
(6.8826e-12 1.76303e-11 0.0282039)
(6.93446e-12 5.88847e-12 0.0188226)
(3.91352e-11 4.1528e-11 0.133451)
(9.39706e-11 5.78587e-11 0.190225)
(1.33526e-10 3.35471e-11 0.218243)
(1.45909e-10 -1.41458e-11 0.218243)
(1.09876e-10 -6.34726e-11 0.190225)
(1.05653e-10 -6.00523e-11 0.133451)
(3.47547e-11 3.7874e-11 0.127306)
(8.47621e-11 5.37342e-11 0.181473)
(1.22244e-10 3.24897e-11 0.208666)
(1.34619e-10 -1.0642e-11 0.208666)
(1.01378e-10 -6.06888e-11 0.181473)
(1.01778e-10 -5.73076e-11 0.127307)
(2.97373e-11 3.34168e-11 0.119284)
(7.37284e-11 4.86199e-11 0.170141)
(1.08102e-10 3.11281e-11 0.196152)
(1.19182e-10 -6.36919e-12 0.196153)
(9.08095e-11 -5.70979e-11 0.170141)
(9.62772e-11 -5.31989e-11 0.119285)
(2.38241e-11 2.80437e-11 0.10873)
(5.98024e-11 4.22072e-11 0.155354)
(9.07647e-11 2.92955e-11 0.179671)
(1.00134e-10 -1.49195e-12 0.179671)
(7.74481e-11 -5.27169e-11 0.155354)
(8.11932e-11 -4.6305e-11 0.108731)
(1.71869e-11 2.17131e-11 0.0947657)
(4.41069e-11 3.43969e-11 0.135887)
(6.86405e-11 2.65867e-11 0.157765)
(7.67724e-11 3.57491e-12 0.157765)
(5.9509e-11 -4.49087e-11 0.135887)
(6.08206e-11 -3.721e-11 0.0947662)
(9.7843e-12 1.4568e-11 0.0762141)
(2.59361e-11 2.48149e-11 0.110013)
(4.30149e-11 2.21139e-11 0.128345)
(4.98069e-11 8.36378e-12 0.128346)
(3.66378e-11 -3.6783e-11 0.110013)
(4.146e-11 -2.64207e-11 0.0762145)
(2.77624e-12 7.20289e-12 0.0515436)
(8.22339e-12 1.36535e-11 0.0752821)
(1.67986e-11 1.5219e-11 0.0883873)
(2.08863e-11 1.00236e-11 0.0883874)
(1.46304e-11 -2.39788e-11 0.0752823)
(7.42693e-12 -8.96305e-12 0.0515439)
(-8.64155e-13 1.29878e-12 0.0188225)
(-1.14363e-12 3.33869e-12 0.0282039)
(6.77301e-14 5.11511e-12 0.0334566)
(1.14379e-12 6.35292e-12 0.0334566)
(-9.04399e-13 -6.98178e-12 0.0282039)
(-4.19287e-12 -3.03796e-13 0.0188226)
(4.47163e-12 2.44221e-11 0.133451)
(2.92519e-11 4.71277e-11 0.190225)
(5.70987e-11 3.0422e-11 0.218243)
(5.79432e-11 -4.68469e-12 0.218243)
(4.1706e-11 -5.96298e-12 0.190225)
(-5.20596e-11 9.52584e-12 0.133451)
(3.04651e-12 2.37379e-11 0.127306)
(2.67408e-11 4.50537e-11 0.181473)
(5.34277e-11 2.96797e-11 0.208666)
(5.43883e-11 -3.30645e-12 0.208666)
(3.74397e-11 -1.56455e-12 0.181473)
(-5.5928e-11 1.08464e-11 0.127307)
(1.84276e-12 2.26516e-11 0.119284)
(2.36908e-11 4.23262e-11 0.170141)
(4.86904e-11 2.86964e-11 0.196152)
(5.07124e-11 -1.5196e-12 0.196153)
(3.26079e-11 4.29091e-12 0.170141)
(-5.843e-11 1.23433e-11 0.119285)
(1.19184e-13 2.09769e-11 0.10873)
(2.01672e-11 3.87319e-11 0.155354)
(4.23498e-11 2.71511e-11 0.179671)
(4.44894e-11 7.78166e-13 0.179671)
(2.68405e-11 1.18243e-11 0.155354)
(-5.20666e-11 1.25271e-11 0.108731)
(-1.59202e-12 1.85394e-11 0.0947657)
(1.52337e-11 3.3904e-11 0.135887)
(3.39398e-11 2.46858e-11 0.157765)
(3.66264e-11 3.29408e-12 0.157765)
(2.13459e-11 1.77504e-11 0.135887)
(-4.03257e-11 1.1824e-11 0.0947662)
(-2.75518e-12 1.49515e-11 0.0762141)
(1.01231e-11 2.74613e-11 0.110013)
(2.38334e-11 2.08969e-11 0.128345)
(2.76848e-11 4.82718e-12 0.128346)
(1.75946e-11 2.39984e-11 0.110013)
(-2.83673e-11 9.81949e-12 0.0762145)
(-2.74434e-12 1.03016e-11 0.0515436)
(4.37958e-12 1.88614e-11 0.0752821)
(1.33669e-11 1.49226e-11 0.0883873)
(1.58448e-11 4.80099e-12 0.0883874)
(1.21937e-11 2.25569e-11 0.0752823)
(-7.9302e-13 5.24291e-13 0.0515439)
(-1.74459e-12 3.59872e-12 0.0188225)
(-6.63653e-13 6.7917e-12 0.0282039)
(1.72489e-12 5.65678e-12 0.0334566)
(3.20566e-12 1.76138e-12 0.0334566)
(4.52871e-12 1.02572e-11 0.0282039)
(4.92368e-12 -1.03776e-12 0.0188226)
(5.2815e-12 2.91024e-11 0.133451)
(1.96165e-11 3.65749e-11 0.190225)
(3.12208e-11 3.31325e-11 0.218243)
(3.37839e-11 1.47385e-11 0.218243)
(2.29359e-11 -7.02239e-12 0.190225)
(2.06623e-11 -4.04806e-11 0.133451)
(3.46372e-12 2.70303e-11 0.127306)
(1.56995e-11 3.47788e-11 0.181473)
(2.63013e-11 3.2739e-11 0.208666)
(2.87845e-11 1.5901e-11 0.208666)
(1.92221e-11 -6.10965e-12 0.181473)
(1.92004e-11 -3.83011e-11 0.127307)
(1.74046e-12 2.43558e-11 0.119284)
(1.14503e-11 3.23054e-11 0.170141)
(2.08344e-11 3.19358e-11 0.196152)
(2.34901e-11 1.71389e-11 0.196153)
(1.55646e-11 -5.16525e-12 0.170141)
(1.8755e-11 -3.55738e-11 0.119285)
(1.09083e-13 2.09039e-11 0.10873)
(6.90482e-12 2.89205e-11 0.155354)
(1.47676e-11 3.05922e-11 0.179671)
(1.76202e-11 1.81716e-11 0.179671)
(1.25657e-11 -4.42647e-12 0.155354)
(1.24748e-11 -3.12486e-11 0.108731)
(-1.56879e-12 1.67473e-11 0.0947657)
(2.49348e-12 2.44344e-11 0.135887)
(8.33299e-12 2.82085e-11 0.157765)
(1.23758e-11 1.86187e-11 0.157765)
(8.03942e-12 -1.77128e-12 0.135887)
(6.32585e-12 -2.62175e-11 0.0947662)
(-3.08807e-12 1.18151e-11 0.0762141)
(-2.29756e-12 1.86064e-11 0.110013)
(1.47143e-12 2.41312e-11 0.128345)
(4.85677e-12 1.81441e-11 0.128346)
(4.10725e-12 -1.16396e-12 0.110013)
(7.15888e-12 -2.1611e-11 0.0762145)
(-4.12897e-12 6.40122e-12 0.0515436)
(-5.40526e-12 1.11065e-11 0.0752821)
(-4.07578e-12 1.76261e-11 0.0883873)
(5.78044e-15 1.47706e-11 0.0883874)
(2.21479e-12 -2.80887e-13 0.0752823)
(-3.34141e-12 -1.13752e-11 0.0515439)
(-1.97851e-12 1.70249e-12 0.0188225)
(-3.12334e-12 3.48179e-12 0.0282039)
(-2.65718e-12 7.16203e-12 0.0334566)
(-8.41022e-13 6.71691e-12 0.0334566)
(7.05812e-14 1.14165e-12 0.0282039)
(-3.88412e-12 -2.77646e-12 0.0188226)
(2.28185e-11 -1.5052e-11 0.133451)
(3.16462e-11 2.08011e-12 0.190225)
(3.44537e-11 3.48549e-11 0.218243)
(1.9457e-11 3.89187e-11 0.218243)
(2.85233e-11 9.71977e-11 0.190225)
(-1.02994e-10 3.28469e-11 0.133451)
(2.09321e-11 -1.60096e-11 0.127306)
(2.6699e-11 -3.52676e-13 0.181473)
(2.68363e-11 3.44476e-11 0.208666)
(1.29692e-11 3.99672e-11 0.208666)
(2.05283e-11 1.03495e-10 0.181473)
(-1.07452e-10 3.67691e-11 0.127307)
(2.00703e-11 -1.69104e-11 0.119284)
(2.29882e-11 -3.13496e-12 0.170141)
(2.01603e-11 3.35182e-11 0.196152)
(8.12648e-12 4.09958e-11 0.196153)
(1.36741e-11 1.10448e-10 0.170141)
(-1.0944e-10 4.02813e-11 0.119285)
(1.89625e-11 -1.76128e-11 0.10873)
(1.8841e-11 -6.11431e-12 0.155354)
(1.31936e-11 3.1798e-11 0.179671)
(3.82113e-12 4.13393e-11 0.179671)
(8.68268e-12 1.1754e-10 0.155354)
(-1.02994e-10 4.18037e-11 0.108731)
(1.79383e-11 -1.76845e-11 0.0947657)
(1.56169e-11 -9.05444e-12 0.135887)
(7.4403e-12 2.87857e-11 0.157765)
(1.38885e-12 4.03792e-11 0.157765)
(6.72972e-12 1.2084e-10 0.135887)
(-8.29241e-11 3.92548e-11 0.0947662)
(1.47448e-11 -1.6891e-11 0.0762141)
(8.94876e-12 -1.14788e-11 0.110013)
(-5.5767e-13 2.37006e-11 0.128345)
(-1.11252e-12 3.599e-11 0.128346)
(8.93336e-12 1.16171e-10 0.110013)
(-4.73131e-11 2.91047e-11 0.0762145)
(9.32068e-12 -1.38938e-11 0.0515436)
(1.56787e-12 -1.21021e-11 0.0752821)
(-8.14074e-12 1.56246e-11 0.0883873)
(-4.56013e-12 2.48505e-11 0.0883874)
(1.43986e-11 8.98285e-11 0.0752823)
(1.05227e-12 9.58488e-12 0.0515439)
(3.49789e-12 -5.95333e-12 0.0188225)
(3.80404e-13 -5.93165e-12 0.0282039)
(-3.37189e-12 5.49774e-12 0.0334566)
(-5.35265e-13 5.45226e-12 0.0334566)
(1.0414e-11 3.52492e-11 0.0282039)
(1.00406e-11 1.54619e-12 0.0188226)
(3.41732e-11 1.15367e-11 0.133451)
(6.04772e-11 -2.36667e-11 0.190225)
(6.39674e-11 -5.59413e-11 0.218243)
(6.85065e-11 -9.46928e-11 0.218243)
(4.55157e-11 -1.63182e-10 0.190225)
(1.67494e-10 -1.68815e-10 0.133451)
(3.04371e-11 9.2221e-12 0.127306)
(5.45781e-11 -2.46516e-11 0.181473)
(5.8275e-11 -5.79935e-11 0.208666)
(6.16603e-11 -9.7216e-11 0.208666)
(3.87927e-11 -1.69716e-10 0.181473)
(1.63828e-10 -1.65676e-10 0.127307)
(2.68638e-11 6.63341e-12 0.119284)
(4.83222e-11 -2.58106e-11 0.170141)
(5.20567e-11 -6.02515e-11 0.196152)
(5.24114e-11 -9.97519e-11 0.196153)
(3.0351e-11 -1.76479e-10 0.170141)
(1.57461e-10 -1.60336e-10 0.119285)
(2.25023e-11 3.9209e-12 0.10873)
(4.12636e-11 -2.69723e-11 0.155354)
(4.47984e-11 -6.23055e-11 0.179671)
(4.15048e-11 -1.01607e-10 0.179671)
(1.94247e-11 -1.83021e-10 0.155354)
(1.39883e-10 -1.50195e-10 0.108731)
(1.78764e-11 1.37999e-12 0.0947657)
(3.259e-11 -2.76474e-11 0.135887)
(3.57283e-11 -6.31149e-11 0.157765)
(2.74715e-11 -1.01518e-10 0.157765)
(4.93415e-12 -1.84178e-10 0.135887)
(1.03663e-10 -1.32009e-10 0.0947662)
(1.13216e-11 -1.29231e-12 0.0762141)
(2.14614e-11 -2.69701e-11 0.110013)
(2.33014e-11 -6.08057e-11 0.128345)
(9.13799e-12 -9.52561e-11 0.128346)
(-1.7283e-11 -1.74174e-10 0.110013)
(4.7516e-11 -9.96804e-11 0.0762145)
(3.96756e-12 -3.30129e-12 0.0515436)
(8.92406e-12 -2.30893e-11 0.0752821)
(7.83376e-12 -5.06861e-11 0.0883873)
(-7.76506e-12 -7.57995e-11 0.0883874)
(-3.63773e-11 -1.34174e-10 0.0752823)
(-2.39082e-11 -4.90514e-11 0.0515439)
(-1.18043e-14 -1.78201e-12 0.0188225)
(1.7234e-12 -1.03895e-11 0.0282039)
(8.74372e-13 -2.36994e-11 0.0334566)
(-7.72531e-12 -3.19992e-11 0.0334566)
(-2.35544e-11 -5.57912e-11 0.0282039)
(-2.51554e-11 -1.38938e-11 0.0188226)
(-2.46315e-12 4.95817e-11 0.133451)
(1.64436e-11 3.2037e-11 0.190225)
(2.60246e-11 1.50522e-11 0.218243)
(2.75125e-11 -3.76052e-12 0.218243)
(1.7666e-11 -2.29094e-11 0.190225)
(-4.37784e-12 -4.2262e-11 0.133451)
(-4.31156e-12 4.71418e-11 0.127306)
(1.34908e-11 3.18981e-11 0.181473)
(2.31683e-11 1.60676e-11 0.208666)
(2.47503e-11 -1.48054e-12 0.208666)
(1.74318e-11 -2.09874e-11 0.181473)
(-9.60798e-12 -3.80339e-11 0.127307)
(-5.75925e-12 4.4128e-11 0.119284)
(1.04351e-11 3.15715e-11 0.170141)
(2.04962e-11 1.7486e-11 0.196152)
(2.22586e-11 1.47109e-12 0.196153)
(1.77092e-11 -1.73446e-11 0.170141)
(-1.34739e-11 -3.27046e-11 0.119285)
(-7.28548e-12 4.02576e-11 0.10873)
(7.11587e-12 3.09497e-11 0.155354)
(1.76276e-11 1.93262e-11 0.179671)
(2.04098e-11 5.40253e-12 0.179671)
(1.76372e-11 -1.16229e-11 0.155354)
(-6.24999e-12 -2.76101e-11 0.108731)
(-8.42293e-12 3.51442e-11 0.0947657)
(3.93122e-12 2.95579e-11 0.135887)
(1.40251e-11 2.15494e-11 0.157765)
(1.82805e-11 1.04161e-11 0.157765)
(1.85916e-11 -6.28851e-12 0.135887)
(5.83459e-13 -2.05823e-11 0.0947662)
(-1.0189e-11 2.81956e-11 0.0762141)
(-9.02464e-13 2.66283e-11 0.110013)
(8.32627e-12 2.33517e-11 0.128345)
(1.37522e-11 1.59125e-11 0.128346)
(1.81494e-11 4.14269e-12 0.110013)
(-8.25824e-12 -8.98208e-12 0.0762145)
(-1.05112e-11 1.83976e-11 0.0515436)
(-5.27408e-12 2.01619e-11 0.0752821)
(4.83639e-13 2.26188e-11 0.0883873)
(7.64255e-12 2.03328e-11 0.0883874)
(1.10086e-11 1.47122e-11 0.0752823)
(-8.52608e-13 -3.75089e-12 0.0515439)
(-5.06554e-12 6.78162e-12 0.0188225)
(-3.89673e-12 9.16824e-12 0.0282039)
(-1.01595e-12 1.33892e-11 0.0334566)
(2.3176e-12 1.46302e-11 0.0334566)
(5.24353e-12 1.3293e-11 0.0282039)
(1.81126e-12 3.91263e-13 0.0188226)
(-1.84305e-11 9.64118e-12 0.133451)
(-2.21203e-11 8.99944e-12 0.190225)
(-1.34811e-11 -2.46178e-11 0.218243)
(3.05493e-14 -5.50292e-11 0.218243)
(-1.36109e-12 -9.90994e-11 0.190225)
(9.93011e-11 -7.2536e-11 0.133451)
(-1.7894e-11 9.65785e-12 0.127306)
(-2.10602e-11 9.19502e-12 0.181473)
(-1.18252e-11 -2.53779e-11 0.208666)
(1.07196e-13 -5.63412e-11 0.208666)
(-3.31262e-12 -1.03161e-10 0.181473)
(9.88946e-11 -7.14988e-11 0.127307)
(-1.70076e-11 9.73927e-12 0.119284)
(-1.84775e-11 9.49172e-12 0.170141)
(-8.30584e-12 -2.59044e-11 0.196152)
(1.0588e-12 -5.71816e-11 0.196153)
(-4.64907e-12 -1.07236e-10 0.170141)
(9.71478e-11 -6.9351e-11 0.119285)
(-1.51906e-11 9.85743e-12 0.10873)
(-1.4416e-11 9.6727e-12 0.155354)
(-3.92033e-12 -2.60437e-11 0.179671)
(2.83116e-12 -5.69739e-11 0.179671)
(-6.39531e-12 -1.10618e-10 0.155354)
(8.12964e-11 -6.3685e-11 0.108731)
(-1.26406e-11 9.63979e-12 0.0947657)
(-1.01826e-11 9.48298e-12 0.135887)
(5.55048e-13 -2.56643e-11 0.157765)
(4.51258e-12 -5.50222e-11 0.157765)
(-9.60696e-12 -1.07867e-10 0.135887)
(5.8686e-11 -5.49181e-11 0.0947662)
(-9.60055e-12 8.80692e-12 0.0762141)
(-4.79096e-12 8.63021e-12 0.110013)
(4.99538e-12 -2.40601e-11 0.128345)
(3.10864e-12 -4.92151e-11 0.128346)
(-1.54425e-11 -1.00805e-10 0.110013)
(3.87322e-11 -4.30679e-11 0.0762145)
(-4.79267e-12 7.02782e-12 0.0515436)
(7.80656e-13 6.37142e-12 0.0752821)
(8.25278e-12 -1.9634e-11 0.0883873)
(1.45855e-12 -3.74935e-11 0.0883874)
(-1.76487e-11 -7.73441e-11 0.0752823)
(-4.22197e-12 -1.81168e-11 0.0515439)
(-1.28467e-12 2.57834e-12 0.0188225)
(7.5791e-13 1.86975e-12 0.0282039)
(3.06573e-12 -9.91713e-12 0.0334566)
(-7.85269e-13 -1.46219e-11 0.0334566)
(-1.06537e-11 -3.07453e-11 0.0282039)
(-1.04054e-11 -3.57385e-12 0.0188226)
(-1.74751e-12 3.84457e-11 0.133451)
(6.5335e-12 4.21312e-11 0.190225)
(1.46452e-11 4.55247e-11 0.218243)
(1.5602e-11 4.14094e-11 0.218243)
(1.7026e-11 4.8576e-11 0.190225)
(-5.71994e-11 2.63484e-11 0.133451)
(-2.71858e-12 3.58463e-11 0.127306)
(4.57668e-12 4.04976e-11 0.181473)
(1.25659e-11 4.61149e-11 0.208666)
(1.43238e-11 4.39836e-11 0.208666)
(1.75912e-11 5.27381e-11 0.181473)
(-6.10529e-11 2.84671e-11 0.127307)
(-3.74375e-12 3.27183e-11 0.119284)
(2.28369e-12 3.8434e-11 0.170141)
(9.57478e-12 4.67075e-11 0.196152)
(1.34439e-11 4.67015e-11 0.196153)
(1.8488e-11 5.81363e-11 0.170141)
(-6.32685e-11 3.05887e-11 0.119285)
(-4.58288e-12 2.89448e-11 0.10873)
(3.69859e-14 3.58194e-11 0.155354)
(6.05912e-12 4.70651e-11 0.179671)
(1.15698e-11 4.9461e-11 0.179671)
(1.93259e-11 6.45889e-11 0.155354)
(-5.14067e-11 3.04378e-11 0.108731)
(-5.42403e-12 2.43657e-11 0.0947657)
(-2.24282e-12 3.2153e-11 0.135887)
(2.69875e-12 4.64963e-11 0.157765)
(1.08235e-11 5.14508e-11 0.157765)
(2.11978e-11 6.71523e-11 0.135887)
(-3.47679e-11 2.90681e-11 0.0947662)
(-6.38909e-12 1.84855e-11 0.0762141)
(-5.23226e-12 2.6922e-11 0.110013)
(-9.78008e-13 4.37086e-11 0.128345)
(8.92066e-12 5.04122e-11 0.128346)
(2.39951e-11 6.93499e-11 0.110013)
(-2.66452e-11 2.70709e-11 0.0762145)
(-6.19412e-12 1.16437e-11 0.0515436)
(-6.93658e-12 1.88799e-11 0.0752821)
(-4.4085e-12 3.58833e-11 0.0883873)
(6.98995e-12 4.3188e-11 0.0883874)
(2.01922e-11 5.97451e-11 0.0752823)
(4.43844e-12 1.27887e-11 0.0515439)
(-3.05509e-12 3.78351e-12 0.0188225)
(-3.48626e-12 7.56066e-12 0.0282039)
(-2.60266e-12 1.71819e-11 0.0334566)
(3.16756e-12 2.05713e-11 0.0334566)
(1.0337e-11 2.78223e-11 0.0282039)
(8.69884e-12 3.84336e-12 0.0188226)
(-1.28509e-11 -8.12146e-12 0.133451)
(-2.28522e-11 -1.98781e-12 0.190225)
(-1.98536e-11 -2.18343e-11 0.218243)
(-1.04253e-11 -4.00945e-11 0.218243)
(-1.1651e-11 -7.301e-11 0.190225)
(6.87446e-11 -4.12307e-11 0.133451)
(-1.17521e-11 -7.23567e-12 0.127306)
(-2.01568e-11 -2.18666e-12 0.181473)
(-1.68548e-11 -2.34288e-11 0.208666)
(-8.80476e-12 -4.23886e-11 0.208666)
(-1.21887e-11 -7.7458e-11 0.181473)
(6.97472e-11 -4.25874e-11 0.127307)
(-1.01075e-11 -6.13497e-12 0.119284)
(-1.66659e-11 -2.3313e-12 0.170141)
(-1.24467e-11 -2.51639e-11 0.196152)
(-6.42393e-12 -4.4689e-11 0.196153)
(-1.28067e-11 -8.25992e-11 0.170141)
(6.95534e-11 -4.35262e-11 0.119285)
(-8.49788e-12 -4.85146e-12 0.10873)
(-1.1807e-11 -2.52553e-12 0.155354)
(-6.97749e-12 -2.69021e-11 0.179671)
(-3.67195e-12 -4.67502e-11 0.179671)
(-1.2973e-11 -8.7822e-11 0.155354)
(5.54357e-11 -4.17691e-11 0.108731)
(-6.07674e-12 -3.46203e-12 0.0947657)
(-6.67373e-12 -2.80117e-12 0.135887)
(-2.10627e-12 -2.84378e-11 0.157765)
(-1.88281e-12 -4.80161e-11 0.157765)
(-1.54048e-11 -8.82819e-11 0.135887)
(3.72686e-11 -3.82192e-11 0.0947662)
(-3.18817e-12 -1.80506e-12 0.0762141)
(-9.75025e-13 -2.85657e-12 0.110013)
(4.32827e-12 -2.87493e-11 0.128345)
(-1.44134e-13 -4.63606e-11 0.128346)
(-1.92619e-11 -8.64392e-11 0.110013)
(2.68929e-11 -3.35059e-11 0.0762145)
(3.52622e-13 -2.94124e-13 0.0515436)
(4.38914e-12 -2.47999e-12 0.0752821)
(9.03008e-12 -2.54308e-11 0.0883873)
(7.31147e-13 -3.88449e-11 0.0883874)
(-1.76733e-11 -7.09209e-11 0.0752823)
(-5.92154e-12 -1.6109e-11 0.0515439)
(9.31312e-13 -5.60905e-14 0.0188225)
(3.00612e-12 -2.08366e-12 0.0282039)
(4.23687e-12 -1.37201e-11 0.0334566)
(-8.41998e-13 -1.78129e-11 0.0334566)
(-1.03566e-11 -3.13043e-11 0.0282039)
(-9.42122e-12 -4.4978e-12 0.0188226)
(-1.0344e-11 3.68275e-11 0.133451)
(-7.38598e-12 3.89296e-11 0.190225)
(-2.32244e-12 4.00536e-11 0.218243)
(-5.5133e-12 3.77824e-11 0.218243)
(-5.08096e-12 4.62985e-11 0.190225)
(-8.78891e-11 3.53359e-11 0.133451)
(-1.05116e-11 3.54948e-11 0.127306)
(-6.92095e-12 3.81265e-11 0.181473)
(-1.73344e-12 4.05357e-11 0.208666)
(-3.85628e-12 3.96342e-11 0.208666)
(-2.16627e-12 5.01066e-11 0.181473)
(-8.99881e-11 3.6098e-11 0.127307)
(-1.08494e-11 3.35287e-11 0.119284)
(-7.17145e-12 3.68261e-11 0.170141)
(-2.41848e-12 4.08434e-11 0.196152)
(-2.57019e-12 4.13955e-11 0.196153)
(9.87841e-13 5.48447e-11 0.170141)
(-9.10304e-11 3.65492e-11 0.119285)
(-1.12801e-11 3.07357e-11 0.10873)
(-7.36886e-12 3.48225e-11 0.155354)
(-2.75077e-12 4.06912e-11 0.179671)
(-1.13507e-12 4.27974e-11 0.179671)
(4.05317e-12 6.05987e-11 0.155354)
(-7.82434e-11 3.44486e-11 0.108731)
(-1.14519e-11 2.68412e-11 0.0947657)
(-7.98378e-12 3.17573e-11 0.135887)
(-3.69625e-12 3.96823e-11 0.157765)
(1.17688e-12 4.35099e-11 0.157765)
(8.81584e-12 6.28413e-11 0.135887)
(-5.8048e-11 3.04717e-11 0.0947662)
(-1.04591e-11 2.16376e-11 0.0762141)
(-7.63246e-12 2.72779e-11 0.110013)
(-2.95516e-12 3.69176e-11 0.128345)
(4.74277e-12 4.15572e-11 0.128346)
(1.57203e-11 6.41863e-11 0.110013)
(-4.14093e-11 2.49985e-11 0.0762145)
(-7.93632e-12 1.45521e-11 0.0515436)
(-4.87953e-12 1.98208e-11 0.0752821)
(-7.54944e-13 3.03146e-11 0.0883873)
(8.21443e-12 3.48906e-11 0.0883874)
(1.82473e-11 5.39851e-11 0.0752823)
(-5.28179e-13 7.92489e-12 0.0515439)
(-3.44462e-12 5.22899e-12 0.0188225)
(-2.24714e-12 7.8544e-12 0.0282039)
(-1.0981e-12 1.445e-11 0.0334566)
(3.81687e-12 1.65355e-11 0.0334566)
(1.00601e-11 2.42695e-11 0.0282039)
(8.40809e-12 7.60399e-13 0.0188226)
(1.01944e-11 -2.85306e-11 0.133451)
(5.78865e-12 -2.52282e-11 0.190225)
(4.93452e-12 -3.42124e-11 0.218243)
(1.12936e-11 -3.84979e-11 0.218243)
(9.78272e-12 -5.60088e-11 0.190225)
(7.79777e-11 -1.43818e-11 0.133451)
(1.16006e-11 -2.75001e-11 0.127306)
(8.21044e-12 -2.5816e-11 0.181473)
(7.75815e-12 -3.59552e-11 0.208666)
(1.31362e-11 -4.04769e-11 0.208666)
(9.08668e-12 -5.91036e-11 0.181473)
(7.97332e-11 -1.60614e-11 0.127307)
(1.24174e-11 -2.63169e-11 0.119284)
(1.01772e-11 -2.64635e-11 0.170141)
(9.61283e-12 -3.79454e-11 0.196152)
(1.27283e-11 -4.25675e-11 0.196153)
(6.58022e-12 -6.29302e-11 0.170141)
(7.98554e-11 -1.76766e-11 0.119285)
(1.2542e-11 -2.48167e-11 0.10873)
(1.13308e-11 -2.71419e-11 0.155354)
(1.05309e-11 -3.99705e-11 0.179671)
(1.07342e-11 -4.44219e-11 0.179671)
(2.9798e-12 -6.7156e-11 0.155354)
(6.67011e-11 -1.72567e-11 0.108731)
(1.26041e-11 -2.2725e-11 0.0947657)
(1.15754e-11 -2.73619e-11 0.135887)
(1.02007e-11 -4.15858e-11 0.157765)
(7.30929e-12 -4.55773e-11 0.157765)
(-3.17061e-12 -6.75825e-11 0.135887)
(4.87252e-11 -1.57571e-11 0.0947662)
(1.22979e-11 -1.95414e-11 0.0762141)
(1.19742e-11 -2.6063e-11 0.110013)
(9.67213e-12 -4.12339e-11 0.128345)
(3.04009e-12 -4.37898e-11 0.128346)
(-1.09052e-11 -6.69513e-11 0.110013)
(3.57231e-11 -1.38915e-11 0.0762145)
(1.04486e-11 -1.40747e-11 0.0515436)
(1.17002e-11 -2.16805e-11 0.0752821)
(8.45181e-12 -3.56371e-11 0.0883873)
(-1.47036e-12 -3.68284e-11 0.0883874)
(-1.44938e-11 -5.53608e-11 0.0752823)
(2.41938e-12 -2.5649e-12 0.0515439)
(4.9234e-12 -6.06032e-12 0.0188225)
(5.06753e-12 -1.04281e-11 0.0282039)
(3.21642e-12 -1.79919e-11 0.0334566)
(-2.09314e-12 -1.69612e-11 0.0334566)
(-8.99492e-12 -2.51072e-11 0.0282039)
(-5.60911e-12 7.07446e-13 0.0188226)
(2.83064e-12 -3.97151e-12 0.133451)
(3.81346e-12 -1.19809e-13 0.190225)
(-1.21508e-12 1.94206e-11 0.218243)
(-6.98393e-12 3.52506e-11 0.218243)
(-3.10981e-12 5.97219e-11 0.190225)
(-7.28291e-11 4.18354e-11 0.133451)
(2.03469e-12 -3.94961e-12 0.127306)
(1.35896e-12 2.24941e-13 0.181473)
(-4.25071e-12 2.09096e-11 0.208666)
(-8.67068e-12 3.73278e-11 0.208666)
(-3.00456e-12 6.31263e-11 0.181473)
(-7.64726e-11 4.29292e-11 0.127307)
(1.41229e-12 -3.8908e-12 0.119284)
(-1.05839e-12 7.26613e-13 0.170141)
(-7.4274e-12 2.25508e-11 0.196152)
(-1.0025e-11 3.9411e-11 0.196153)
(-1.8642e-12 6.73282e-11 0.170141)
(-7.79244e-11 4.35731e-11 0.119285)
(1.0887e-12 -3.64328e-12 0.10873)
(-3.84703e-12 1.55061e-12 0.155354)
(-9.69201e-12 2.43e-11 0.179671)
(-1.03314e-11 4.13214e-11 0.179671)
(-9.82602e-13 7.20012e-11 0.155354)
(-6.56067e-11 4.15378e-11 0.108731)
(5.54541e-13 -3.12744e-12 0.0947657)
(-5.77213e-12 2.83582e-12 0.135887)
(-1.19409e-11 2.60185e-11 0.157765)
(-8.99106e-12 4.25469e-11 0.157765)
(3.17093e-12 7.26546e-11 0.135887)
(-4.71499e-11 3.74069e-11 0.0947662)
(-4.88116e-13 -2.38192e-12 0.0762141)
(-8.44652e-12 4.25448e-12 0.110013)
(-1.33489e-11 2.70214e-11 0.128345)
(-7.13822e-12 4.1206e-11 0.128346)
(9.42017e-12 7.17795e-11 0.110013)
(-3.3365e-11 3.14286e-11 0.0762145)
(-1.57899e-12 -1.40668e-12 0.0515436)
(-8.84199e-12 5.31191e-12 0.0752821)
(-1.22316e-11 2.47176e-11 0.0883873)
(-3.89516e-12 3.50136e-11 0.0883874)
(1.11623e-11 5.88941e-11 0.0752823)
(1.1028e-12 1.41369e-11 0.0515439)
(-1.07027e-12 9.51136e-14 0.0188225)
(-4.11916e-12 4.28042e-12 0.0282039)
(-4.96698e-12 1.39473e-11 0.0334566)
(-7.51622e-14 1.6524e-11 0.0334566)
(7.75585e-12 2.56298e-11 0.0282039)
(8.33196e-12 3.3029e-12 0.0188226)
(-2.51086e-11 4.81406e-11 0.133451)
(-2.12516e-11 4.6082e-11 0.190225)
(-8.49809e-12 3.52777e-11 0.218243)
(1.25026e-11 2.87311e-11 0.218243)
(2.47114e-11 7.15952e-12 0.190225)
(1.03667e-10 3.92762e-11 0.133451)
(-2.45217e-11 4.74635e-11 0.127306)
(-1.90566e-11 4.63659e-11 0.181473)
(-5.1205e-12 3.4322e-11 0.208666)
(1.50097e-11 2.65564e-11 0.208666)
(2.52079e-11 2.55377e-12 0.181473)
(1.05392e-10 3.54992e-11 0.127307)
(-2.3992e-11 4.61205e-11 0.119284)
(-1.66865e-11 4.61049e-11 0.170141)
(-1.61718e-12 3.27948e-11 0.196152)
(1.73447e-11 2.38861e-11 0.196153)
(2.47044e-11 -3.42083e-12 0.170141)
(1.05693e-10 3.1145e-11 0.119285)
(-2.32966e-11 4.36886e-11 0.10873)
(-1.46173e-11 4.4754e-11 0.155354)
(2.0707e-12 3.05426e-11 0.179671)
(1.81477e-11 2.06143e-11 0.179671)
(2.31553e-11 -1.08464e-11 0.155354)
(9.27445e-11 2.78236e-11 0.108731)
(-2.20344e-11 3.97272e-11 0.0947657)
(-1.19731e-11 4.17353e-11 0.135887)
(4.13282e-12 2.70803e-11 0.157765)
(1.75424e-11 1.65573e-11 0.157765)
(1.82352e-11 -1.60412e-11 0.135887)
(7.41673e-11 2.41384e-11 0.0947662)
(-1.93124e-11 3.35031e-11 0.0762141)
(-8.59531e-12 3.6191e-11 0.110013)
(6.16348e-12 2.18876e-11 0.128345)
(1.48674e-11 1.2093e-11 0.128346)
(1.11728e-11 -2.28305e-11 0.110013)
(5.85271e-11 1.9061e-11 0.0762145)
(-1.4031e-11 2.38134e-11 0.0515436)
(-4.71114e-12 2.65079e-11 0.0752821)
(6.79017e-12 1.44201e-11 0.0883873)
(1.02286e-11 6.82569e-12 0.0883874)
(3.88222e-12 -2.25536e-11 0.0752823)
(1.94616e-11 2.01574e-11 0.0515439)
(-5.70426e-12 8.99621e-12 0.0188225)
(-1.91263e-12 9.88565e-12 0.0282039)
(2.70544e-12 4.18279e-12 0.0334566)
(2.88099e-12 2.43387e-12 0.0334566)
(-1.59619e-12 -1.11984e-11 0.0282039)
(1.29315e-12 9.36636e-12 0.0188226)
(-6.0911e-12 -5.64621e-12 0.133451)
(-2.01128e-11 1.94506e-11 0.190225)
(-2.16144e-11 3.71061e-11 0.218243)
(-2.2922e-11 5.27373e-11 0.218243)
(-1.71639e-11 6.89302e-11 0.190225)
(-7.98483e-11 6.95054e-11 0.133451)
(-5.61849e-12 -5.95015e-12 0.127306)
(-1.95453e-11 1.83845e-11 0.181473)
(-2.19315e-11 3.63505e-11 0.208666)
(-2.23968e-11 5.20824e-11 0.208666)
(-1.5977e-11 6.91968e-11 0.181473)
(-8.22537e-11 6.70148e-11 0.127307)
(-4.72998e-12 -6.22463e-12 0.119284)
(-1.84985e-11 1.69363e-11 0.170141)
(-2.14259e-11 3.50389e-11 0.196152)
(-2.13867e-11 5.06789e-11 0.196153)
(-1.35925e-11 6.94937e-11 0.170141)
(-8.3052e-11 6.34175e-11 0.119285)
(-3.58473e-12 -6.46799e-12 0.10873)
(-1.66591e-11 1.50154e-11 0.155354)
(-2.0383e-11 3.2892e-11 0.179671)
(-1.88606e-11 4.80959e-11 0.179671)
(-1.05323e-11 6.93402e-11 0.155354)
(-7.01847e-11 5.64457e-11 0.108731)
(-1.76518e-12 -6.42628e-12 0.0947657)
(-1.36499e-11 1.23624e-11 0.135887)
(-1.85283e-11 2.94091e-11 0.157765)
(-1.48553e-11 4.38079e-11 0.157765)
(-5.36101e-12 6.46834e-11 0.135887)
(-5.15798e-11 4.6918e-11 0.0947662)
(-1.11851e-13 -6.15366e-12 0.0762141)
(-1.09102e-11 8.95044e-12 0.110013)
(-1.48009e-11 2.40825e-11 0.128345)
(-9.99681e-12 3.60782e-11 0.128346)
(1.52908e-12 5.85682e-11 0.110013)
(-3.73201e-11 3.53919e-11 0.0762145)
(1.40889e-12 -4.91708e-12 0.0515436)
(-6.52359e-12 4.86977e-12 0.0752821)
(-1.00108e-11 1.61443e-11 0.0883873)
(-4.4381e-12 2.48906e-11 0.0883874)
(4.67379e-12 4.32915e-11 0.0752823)
(-1.6497e-12 1.32796e-11 0.0515439)
(1.41229e-12 -2.41812e-12 0.0188225)
(-1.4435e-12 1.14308e-12 0.0282039)
(-2.44478e-12 5.4851e-12 0.0334566)
(-2.4377e-13 8.2609e-12 0.0334566)
(4.56674e-12 1.50704e-11 0.0282039)
(6.49053e-12 9.73103e-13 0.0188226)
(3.44296e-11 -1.6835e-11 0.133451)
(4.60945e-11 -3.96105e-11 0.190225)
(3.99645e-11 -3.63993e-11 0.218243)
(4.41881e-11 -3.55166e-11 0.218243)
(3.88958e-11 -5.19224e-11 0.190225)
(1.07504e-10 -5.08786e-11 0.133451)
(3.30134e-11 -1.86385e-11 0.127306)
(4.29527e-11 -4.17429e-11 0.181473)
(3.65556e-11 -3.90042e-11 0.208666)
(3.97201e-11 -3.84243e-11 0.208666)
(3.30893e-11 -5.60565e-11 0.181473)
(1.06525e-10 -5.00971e-11 0.127307)
(3.14034e-11 -2.03555e-11 0.119284)
(3.96268e-11 -4.38654e-11 0.170141)
(3.24882e-11 -4.18111e-11 0.196152)
(3.28674e-11 -4.1354e-11 0.196153)
(2.52845e-11 -6.07289e-11 0.170141)
(1.04721e-10 -4.85743e-11 0.119285)
(2.91535e-11 -2.17609e-11 0.10873)
(3.49682e-11 -4.55471e-11 0.155354)
(2.6276e-11 -4.44284e-11 0.179671)
(2.40504e-11 -4.39231e-11 0.179671)
(1.60574e-11 -6.60148e-11 0.155354)
(9.01878e-11 -4.41673e-11 0.108731)
(2.60928e-11 -2.22255e-11 0.0947657)
(2.92263e-11 -4.60985e-11 0.135887)
(1.95941e-11 -4.60601e-11 0.157765)
(1.42255e-11 -4.55647e-11 0.157765)
(5.05629e-12 -6.74221e-11 0.135887)
(6.78171e-11 -3.74147e-11 0.0947662)
(2.08907e-11 -2.12766e-11 0.0762141)
(2.07248e-11 -4.41006e-11 0.110013)
(1.1333e-11 -4.52738e-11 0.128345)
(1.9009e-12 -4.37307e-11 0.128346)
(-8.10602e-12 -6.68777e-11 0.110013)
(4.56167e-11 -2.79976e-11 0.0762145)
(1.28357e-11 -1.74251e-11 0.0515436)
(1.13876e-11 -3.65675e-11 0.0752821)
(1.02901e-12 -3.81186e-11 0.0883873)
(-9.45908e-12 -3.59745e-11 0.0883874)
(-1.80007e-11 -5.34575e-11 0.0752823)
(1.04787e-12 -7.70674e-12 0.0515439)
(4.53826e-12 -7.55188e-12 0.0188225)
(4.18795e-12 -1.64403e-11 0.0282039)
(-4.73161e-13 -1.78317e-11 0.0334566)
(-6.00728e-12 -1.63199e-11 0.0334566)
(-1.1009e-11 -2.2857e-11 0.0282039)
(-8.74932e-12 5.71584e-14 0.0188226)
(8.31264e-12 -9.46426e-12 0.133451)
(1.30915e-11 2.89721e-12 0.190225)
(1.41441e-11 2.17242e-11 0.218243)
(8.66595e-12 3.72161e-11 0.218243)
(9.17926e-12 6.45653e-11 0.190225)
(-6.39271e-11 5.67562e-11 0.133451)
(8.01058e-12 -9.06808e-12 0.127306)
(1.19554e-11 2.73572e-12 0.181473)
(1.29195e-11 2.20858e-11 0.208666)
(8.13665e-12 3.8005e-11 0.208666)
(9.51315e-12 6.668e-11 0.181473)
(-6.73447e-11 5.6318e-11 0.127307)
(7.75633e-12 -8.39183e-12 0.119284)
(1.10001e-11 2.8225e-12 0.170141)
(1.15396e-11 2.26845e-11 0.196152)
(8.27778e-12 3.88834e-11 0.196153)
(1.07229e-11 6.96462e-11 0.170141)
(-6.86818e-11 5.53374e-11 0.119285)
(7.39275e-12 -7.35873e-12 0.10873)
(9.26494e-12 3.41344e-12 0.155354)
(9.35204e-12 2.34564e-11 0.179671)
(8.18899e-12 3.97259e-11 0.179671)
(1.21185e-11 7.30751e-11 0.155354)
(-5.50227e-11 5.14444e-11 0.108731)
(6.68925e-12 -5.93986e-12 0.0947657)
(6.9043e-12 4.43323e-12 0.135887)
(7.75059e-12 2.43208e-11 0.157765)
(8.70254e-12 4.01497e-11 0.157765)
(1.53435e-11 7.22723e-11 0.135887)
(-3.64043e-11 4.56684e-11 0.0947662)
(4.61069e-12 -4.29335e-12 0.0762141)
(3.8132e-12 5.85608e-12 0.110013)
(3.63954e-12 2.45987e-11 0.128345)
(8.12934e-12 3.8384e-11 0.128346)
(1.91903e-11 7.06518e-11 0.110013)
(-2.57321e-11 3.84371e-11 0.0762145)
(1.78945e-12 -2.40541e-12 0.0515436)
(-1.69583e-12 6.37075e-12 0.0752821)
(-1.66692e-12 2.20753e-11 0.0883873)
(5.50368e-12 3.24429e-11 0.0883874)
(1.77923e-11 5.77541e-11 0.0752823)
(6.08092e-12 1.90469e-11 0.0515439)
(1.86011e-13 -3.66907e-13 0.0188225)
(-1.94674e-12 4.67203e-12 0.0282039)
(-1.48318e-12 1.2159e-11 0.0334566)
(2.5837e-12 1.50648e-11 0.0334566)
(9.33642e-12 2.47569e-11 0.0282039)
(9.98357e-12 5.09632e-12 0.0188226)
(1.79727e-11 1.47647e-11 0.133451)
(3.68863e-11 -8.22609e-12 0.190225)
(4.18147e-11 -2.37006e-11 0.218243)
(4.69902e-11 -3.95173e-11 0.218243)
(3.40584e-11 -6.98042e-11 0.190225)
(9.0243e-11 -6.68516e-11 0.133451)
(1.62251e-11 1.30808e-11 0.127306)
(3.42604e-11 -9.07001e-12 0.181473)
(3.92889e-11 -2.52074e-11 0.208666)
(4.33598e-11 -4.15674e-11 0.208666)
(2.95923e-11 -7.34373e-11 0.181473)
(8.96042e-11 -6.60039e-11 0.127307)
(1.43468e-11 1.11841e-11 0.119284)
(3.10356e-11 -9.97058e-12 0.170141)
(3.66604e-11 -2.66906e-11 0.196152)
(3.83157e-11 -4.33409e-11 0.196153)
(2.35172e-11 -7.7448e-11 0.170141)
(8.78104e-11 -6.42333e-11 0.119285)
(1.18743e-11 9.01506e-12 0.10873)
(2.69005e-11 -1.08796e-11 0.155354)
(3.17038e-11 -2.79929e-11 0.179671)
(3.12711e-11 -4.46802e-11 0.179671)
(1.58163e-11 -8.14672e-11 0.155354)
(7.21483e-11 -5.91917e-11 0.108731)
(8.94595e-12 6.61313e-12 0.0947657)
(2.17466e-11 -1.17504e-11 0.135887)
(2.58721e-11 -2.86661e-11 0.157765)
(2.30256e-11 -4.49725e-11 0.157765)
(6.0098e-12 -8.06011e-11 0.135887)
(5.02223e-11 -5.16568e-11 0.0947662)
(5.61111e-12 4.10293e-12 0.0762141)
(1.53342e-11 -1.20803e-11 0.110013)
(1.75743e-11 -2.80852e-11 0.128345)
(1.13853e-11 -4.21133e-11 0.128346)
(-6.24908e-12 -7.78992e-11 0.110013)
(3.43902e-11 -4.19257e-11 0.0762145)
(1.65958e-12 1.41248e-12 0.0515436)
(7.87081e-12 -1.08416e-11 0.0752821)
(8.35889e-12 -2.42318e-11 0.0883873)
(4.21116e-13 -3.42332e-11 0.0883874)
(-1.44435e-11 -6.23288e-11 0.0752823)
(-4.51819e-12 -1.94243e-11 0.0515439)
(-9.72331e-14 -9.01155e-14 0.0188225)
(1.68622e-12 -5.90781e-12 0.0282039)
(9.89021e-13 -1.20933e-11 0.0334566)
(-3.34985e-12 -1.54648e-11 0.0334566)
(-1.03626e-11 -2.65462e-11 0.0282039)
(-1.05962e-11 -4.79766e-12 0.0188226)
(-1.39279e-11 6.30915e-12 0.133451)
(-1.92366e-11 2.86188e-11 0.190225)
(-1.46124e-11 3.54085e-11 0.218243)
(-1.93824e-11 4.08483e-11 0.218243)
(-1.9416e-11 5.95521e-11 0.190225)
(-9.77228e-11 6.21402e-11 0.133451)
(-1.33207e-11 6.99548e-12 0.127306)
(-1.83836e-11 2.89475e-11 0.181473)
(-1.33571e-11 3.60846e-11 0.208666)
(-1.70879e-11 4.19712e-11 0.208666)
(-1.60587e-11 6.21711e-11 0.181473)
(-9.94182e-11 6.10871e-11 0.127307)
(-1.25917e-11 7.73332e-12 0.119284)
(-1.66918e-11 2.92658e-11 0.170141)
(-1.20995e-11 3.68579e-11 0.196152)
(-1.36129e-11 4.31018e-11 0.196153)
(-1.18497e-11 6.56429e-11 0.170141)
(-9.9222e-11 5.92426e-11 0.119285)
(-1.15921e-11 8.33521e-12 0.10873)
(-1.4896e-11 2.94086e-11 0.155354)
(-1.00524e-11 3.75336e-11 0.179671)
(-9.18814e-12 4.40584e-11 0.179671)
(-6.30319e-12 6.98388e-11 0.155354)
(-8.38046e-11 5.41299e-11 0.108731)
(-1.02394e-11 8.65695e-12 0.0947657)
(-1.25893e-11 2.89315e-11 0.135887)
(-8.12945e-12 3.75531e-11 0.157765)
(-4.55001e-12 4.42717e-11 0.157765)
(1.13213e-12 6.98849e-11 0.135887)
(-6.09236e-11 4.66868e-11 0.0947662)
(-8.14071e-12 8.37612e-12 0.0762141)
(-9.90521e-12 2.71732e-11 0.110013)
(-4.72814e-12 3.59352e-11 0.128345)
(1.85927e-12 4.18677e-11 0.128346)
(1.19657e-11 6.90577e-11 0.110013)
(-4.20882e-11 3.71679e-11 0.0762145)
(-5.56126e-12 6.97474e-12 0.0515436)
(-6.60404e-12 2.19547e-11 0.0752821)
(-1.48195e-12 3.00852e-11 0.0883873)
(6.85479e-12 3.44873e-11 0.0883874)
(1.67031e-11 5.58435e-11 0.0752823)
(1.80083e-12 1.48905e-11 0.0515439)
(-1.74036e-12 3.0454e-12 0.0188225)
(-2.94158e-12 1.02256e-11 0.0282039)
(-5.71275e-13 1.44979e-11 0.0334566)
(4.35281e-12 1.58861e-11 0.0334566)
(1.02799e-11 2.38655e-11 0.0282039)
(1.01632e-11 2.6673e-12 0.0188226)
(2.23274e-11 -3.80007e-12 0.133451)
(3.47072e-11 -1.92564e-11 0.190225)
(3.56525e-11 -2.90141e-11 0.218243)
(3.79961e-11 -3.92975e-11 0.218243)
(2.87877e-11 -5.8542e-11 0.190225)
(7.82927e-11 -4.61127e-11 0.133451)
(2.11424e-11 -4.99095e-12 0.127306)
(3.29648e-11 -2.05795e-11 0.181473)
(3.37719e-11 -3.0633e-11 0.208666)
(3.51866e-11 -4.09765e-11 0.208666)
(2.45784e-11 -6.08e-11 0.181473)
(7.85624e-11 -4.53122e-11 0.127307)
(1.98581e-11 -6.34193e-12 0.119284)
(3.02171e-11 -2.20902e-11 0.170141)
(3.07908e-11 -3.24145e-11 0.196152)
(3.02601e-11 -4.25433e-11 0.196153)
(1.88436e-11 -6.36146e-11 0.170141)
(7.79152e-11 -4.40812e-11 0.119285)
(1.78498e-11 -7.74771e-12 0.10873)
(2.6974e-11 -2.3664e-11 0.155354)
(2.63656e-11 -3.42061e-11 0.179671)
(2.35408e-11 -4.38249e-11 0.179671)
(1.18676e-11 -6.67866e-11 0.155354)
(6.35559e-11 -4.02574e-11 0.108731)
(1.55925e-11 -8.84863e-12 0.0947657)
(2.23764e-11 -2.49767e-11 0.135887)
(2.05562e-11 -3.54315e-11 0.157765)
(1.61025e-11 -4.42197e-11 0.157765)
(2.82356e-12 -6.57233e-11 0.135887)
(4.44437e-11 -3.50429e-11 0.0947662)
(1.24809e-11 -9.43616e-12 0.0762141)
(1.70691e-11 -2.51168e-11 0.110013)
(1.41691e-11 -3.52728e-11 0.128345)
(5.91579e-12 -4.17825e-11 0.128346)
(-8.07419e-12 -6.422e-11 0.110013)
(3.31205e-11 -2.94337e-11 0.0762145)
(8.54881e-12 -8.3428e-12 0.0515436)
(1.09232e-11 -2.17229e-11 0.0752821)
(6.40319e-12 -3.04983e-11 0.0883873)
(-2.09507e-12 -3.49311e-11 0.0883874)
(-1.40535e-11 -5.23751e-11 0.0752823)
(-1.01841e-12 -1.23841e-11 0.0515439)
(2.95679e-12 -4.17197e-12 0.0188225)
(3.8518e-12 -1.10717e-11 0.0282039)
(1.2668e-12 -1.54618e-11 0.0334566)
(-3.5168e-12 -1.63215e-11 0.0334566)
(-9.33661e-12 -2.30631e-11 0.0282039)
(-7.95801e-12 -2.54566e-12 0.0188226)
(-1.31979e-11 -2.99706e-12 0.133451)
(-1.80929e-11 2.06754e-11 0.190225)
(-1.51463e-11 3.23741e-11 0.218243)
(-2.15695e-11 4.33525e-11 0.218243)
(-1.87244e-11 7.18835e-11 0.190225)
(-1.03279e-10 7.77046e-11 0.133451)
(-1.21633e-11 -1.54637e-12 0.127306)
(-1.64245e-11 2.12895e-11 0.181473)
(-1.37621e-11 3.34832e-11 0.208666)
(-1.84478e-11 4.48848e-11 0.208666)
(-1.50032e-11 7.54591e-11 0.181473)
(-1.04402e-10 7.63867e-11 0.127307)
(-1.12358e-11 7.89707e-14 0.119284)
(-1.48514e-11 2.20256e-11 0.170141)
(-1.21063e-11 3.45765e-11 0.196152)
(-1.53019e-11 4.63117e-11 0.196153)
(-1.03918e-11 7.95107e-11 0.170141)
(-1.03672e-10 7.38811e-11 0.119285)
(-1.00802e-11 1.74647e-12 0.10873)
(-1.3108e-11 2.27467e-11 0.155354)
(-9.77122e-12 3.5551e-11 0.179671)
(-9.81343e-12 4.74002e-11 0.179671)
(-4.92645e-12 8.38142e-11 0.155354)
(-8.77572e-11 6.76464e-11 0.108731)
(-8.8784e-12 3.45992e-12 0.0947657)
(-1.11348e-11 2.32204e-11 0.135887)
(-7.77374e-12 3.6021e-11 0.157765)
(-5.13359e-12 4.75995e-11 0.157765)
(2.69567e-12 8.34016e-11 0.135887)
(-6.39234e-11 5.82577e-11 0.0947662)
(-6.76403e-12 4.74678e-12 0.0762141)
(-8.27944e-12 2.29449e-11 0.110013)
(-5.1953e-12 3.50515e-11 0.128345)
(1.74751e-12 4.45761e-11 0.128346)
(1.39281e-11 8.04347e-11 0.110013)
(-4.20649e-11 4.54076e-11 0.0762145)
(-3.73161e-12 5.18208e-12 0.0515436)
(-5.90861e-12 1.98219e-11 0.0752821)
(-1.625e-12 3.01552e-11 0.0883873)
(7.57245e-12 3.64409e-11 0.0883874)
(1.90841e-11 6.36582e-11 0.0752823)
(4.03266e-12 1.89707e-11 0.0515439)
(-1.51938e-12 2.84781e-12 0.0188225)
(-2.59744e-12 1.01558e-11 0.0282039)
(-5.5637e-13 1.50236e-11 0.0334566)
(4.51713e-12 1.63874e-11 0.0334566)
(1.12789e-11 2.61798e-11 0.0282039)
(1.16725e-11 3.82625e-12 0.0188226)
(-5.36928e-12 1.23732e-11 0.133451)
(-2.72594e-12 2.76826e-12 0.190225)
(1.58754e-13 -1.59379e-11 0.218243)
(3.44897e-12 -3.06096e-11 0.218243)
(-3.83971e-12 -5.75603e-11 0.190225)
(4.63666e-11 -4.05778e-11 0.133451)
(-5.40011e-12 1.21725e-11 0.127306)
(-1.92742e-12 2.83692e-12 0.181473)
(1.19218e-12 -1.67977e-11 0.208666)
(4.17443e-12 -3.21235e-11 0.208666)
(-4.46197e-12 -6.03925e-11 0.181473)
(4.81327e-11 -4.12616e-11 0.127307)
(-5.56237e-12 1.17934e-11 0.119284)
(-1.3592e-12 2.7517e-12 0.170141)
(2.69908e-12 -1.78937e-11 0.196152)
(3.71107e-12 -3.38826e-11 0.196153)
(-5.552e-12 -6.40825e-11 0.170141)
(4.89402e-11 -4.17787e-11 0.119285)
(-5.62277e-12 1.10724e-11 0.10873)
(-7.18581e-13 2.35169e-12 0.155354)
(3.80082e-12 -1.92523e-11 0.179671)
(3.13089e-12 -3.57069e-11 0.179671)
(-7.78337e-12 -6.83332e-11 0.155354)
(3.65825e-11 -4.00553e-11 0.108731)
(-5.60818e-12 9.99213e-12 0.0947657)
(-5.49534e-14 1.58674e-12 0.135887)
(4.51207e-12 -2.06125e-11 0.157765)
(1.86857e-12 -3.71904e-11 0.157765)
(-1.18695e-11 -6.86341e-11 0.135887)
(2.16317e-11 -3.71339e-11 0.0947662)
(-4.81395e-12 8.45882e-12 0.0762141)
(1.55713e-12 6.08132e-13 0.110013)
(5.58306e-12 -2.12334e-11 0.128345)
(4.1293e-13 -3.64282e-11 0.128346)
(-1.54722e-11 -6.84178e-11 0.110013)
(1.67309e-11 -3.3803e-11 0.0762145)
(-2.58324e-12 6.15274e-12 0.0515436)
(3.69521e-12 -5.4932e-13 0.0752821)
(6.9343e-12 -1.93397e-11 0.0883873)
(-3.43903e-13 -3.13306e-11 0.0883874)
(-1.4553e-11 -5.7824e-11 0.0752823)
(-7.81781e-12 -1.88971e-11 0.0515439)
(-1.07741e-12 2.15236e-12 0.0188225)
(1.70079e-12 -1.57309e-12 0.0282039)
(2.39918e-12 -1.07107e-11 0.0334566)
(-1.3311e-12 -1.51555e-11 0.0334566)
(-8.78024e-12 -2.62391e-11 0.0282039)
(-8.97967e-12 -6.26472e-12 0.0188226)
(-3.88032e-11 2.32632e-12 0.133451)
(-6.23372e-11 3.42816e-11 0.190225)
(-6.1325e-11 4.10497e-11 0.218243)
(-6.48854e-11 5.09824e-11 0.218243)
(-5.46333e-11 7.12757e-11 0.190225)
(-1.17178e-10 8.8261e-11 0.133451)
(-3.64864e-11 4.38986e-12 0.127306)
(-5.82561e-11 3.55894e-11 0.181473)
(-5.70334e-11 4.23152e-11 0.208666)
(-5.90869e-11 5.24186e-11 0.208666)
(-4.78843e-11 7.38747e-11 0.181473)
(-1.16683e-10 8.54734e-11 0.127307)
(-3.3822e-11 6.56908e-12 0.119284)
(-5.28893e-11 3.68649e-11 0.170141)
(-5.13017e-11 4.35298e-11 0.196152)
(-5.08764e-11 5.34741e-11 0.196153)
(-3.88333e-11 7.67402e-11 0.170141)
(-1.14322e-10 8.138e-11 0.119285)
(-3.04308e-11 8.70959e-12 0.10873)
(-4.57741e-11 3.78393e-11 0.155354)
(-4.32837e-11 4.4337e-11 0.179671)
(-4.03068e-11 5.38737e-11 0.179671)
(-2.81575e-11 7.99148e-11 0.155354)
(-9.85755e-11 7.3586e-11 0.108731)
(-2.57821e-11 1.05116e-11 0.0947657)
(-3.71897e-11 3.78813e-11 0.135887)
(-3.37065e-11 4.43135e-11 0.157765)
(-2.76976e-11 5.30936e-11 0.157765)
(-1.49135e-11 7.87675e-11 0.135887)
(-7.34969e-11 6.2412e-11 0.0947662)
(-1.91092e-11 1.15276e-11 0.0762141)
(-2.59142e-11 3.61459e-11 0.110013)
(-2.05518e-11 4.20298e-11 0.128345)
(-1.1848e-11 4.90788e-11 0.128346)
(2.51778e-12 7.54903e-11 0.110013)
(-4.71751e-11 4.71739e-11 0.0762145)
(-1.04648e-11 1.08389e-11 0.0515436)
(-1.23878e-11 3.01646e-11 0.0752821)
(-6.43428e-12 3.51006e-11 0.0883873)
(4.72515e-12 3.94869e-11 0.0883874)
(1.51507e-11 5.88071e-11 0.0752823)
(2.30617e-12 1.90298e-11 0.0515439)
(-2.84963e-12 5.10568e-12 0.0188225)
(-3.30409e-12 1.38553e-11 0.0282039)
(2.55783e-13 1.66105e-11 0.0334566)
(5.53922e-12 1.80275e-11 0.0334566)
(1.14458e-11 2.425e-11 0.0282039)
(1.16676e-11 3.66487e-12 0.0188226)
(1.13394e-11 -6.55852e-12 0.133451)
(8.72245e-12 -4.53165e-12 0.190225)
(9.86692e-13 8.30513e-12 0.218243)
(9.74401e-12 2.62111e-11 0.218243)
(1.0124e-11 1.28406e-11 0.190225)
(8.86898e-11 4.00367e-11 0.133451)
(1.11162e-11 -7.72824e-12 0.127306)
(7.33466e-12 -5.79701e-12 0.181473)
(-1.79333e-13 6.98478e-12 0.208666)
(7.74863e-12 2.51003e-11 0.208666)
(9.86688e-12 9.19999e-12 0.181473)
(9.07796e-11 3.64113e-11 0.127307)
(1.07011e-11 -9.05546e-12 0.119284)
(5.61254e-12 -7.49288e-12 0.170141)
(-1.84653e-12 5.03192e-12 0.196152)
(4.80673e-12 2.32824e-11 0.196153)
(8.89361e-12 3.82928e-12 0.170141)
(9.16862e-11 3.18007e-11 0.119285)
(1.02217e-11 -1.0408e-11 0.10873)
(3.69654e-12 -9.54375e-12 0.155354)
(-3.43553e-12 2.45858e-12 0.179671)
(4.805e-13 2.01886e-11 0.179671)
(7.54984e-12 -3.79225e-12 0.155354)
(8.11542e-11 2.77282e-11 0.108731)
(9.65483e-12 -1.13142e-11 0.0947657)
(2.35496e-12 -1.18481e-11 0.135887)
(-4.26427e-12 -7.95218e-13 0.157765)
(-2.06343e-12 1.57099e-11 0.157765)
(3.66569e-12 -1.04025e-11 0.135887)
(6.44242e-11 2.30826e-11 0.0947662)
(8.76673e-12 -1.15519e-11 0.0762141)
(1.39287e-12 -1.35531e-11 0.110013)
(-5.61761e-12 -4.6845e-12 0.128345)
(-5.42964e-12 1.03082e-11 0.128346)
(-1.84446e-12 -1.91348e-11 0.110013)
(4.98971e-11 1.70976e-11 0.0762145)
(6.12076e-12 -1.00495e-11 0.0515436)
(4.78762e-13 -1.36773e-11 0.0752821)
(-5.52674e-12 -7.56434e-12 0.0883873)
(-6.86993e-12 3.7109e-12 0.0883874)
(-5.45828e-12 -2.17095e-11 0.0752823)
(1.34462e-11 1.7936e-11 0.0515439)
(2.71926e-12 -4.70253e-12 0.0188225)
(1.18076e-12 -7.49648e-12 0.0282039)
(-1.28077e-12 -6.19706e-12 0.0334566)
(-2.85611e-12 -6.9682e-13 0.0334566)
(-4.5728e-12 -1.23297e-11 0.0282039)
(-9.95843e-13 7.35487e-12 0.0188226)
(4.88708e-12 -3.63072e-11 0.133451)
(-8.19289e-12 -2.8883e-11 0.190225)
(-1.83925e-11 -6.6967e-12 0.218243)
(-2.63126e-11 8.31515e-12 0.218243)
(-7.19477e-12 5.20163e-11 0.190225)
(-7.3902e-11 2.68583e-11 0.133451)
(4.48374e-12 -3.49529e-11 0.127306)
(-9.51043e-12 -2.87522e-11 0.181473)
(-2.10178e-11 -7.02108e-12 0.208666)
(-2.84471e-11 6.90984e-12 0.208666)
(-1.14514e-11 5.3162e-11 0.181473)
(-7.88856e-11 2.82188e-11 0.127307)
(4.86562e-12 -3.30378e-11 0.119284)
(-8.62583e-12 -2.82413e-11 0.170141)
(-2.12564e-11 -7.49183e-12 0.196152)
(-2.79357e-11 5.23152e-12 0.196153)
(-1.43851e-11 5.48051e-11 0.170141)
(-8.06944e-11 2.9013e-11 0.119285)
(5.74244e-12 -3.04267e-11 0.10873)
(-7.06902e-12 -2.71236e-11 0.155354)
(-1.95367e-11 -7.85392e-12 0.179671)
(-2.49996e-11 3.31311e-12 0.179671)
(-1.56645e-11 5.64053e-11 0.155354)
(-6.79616e-11 2.70926e-11 0.108731)
(7.01876e-12 -2.65955e-11 0.0947657)
(-4.41358e-12 -2.49229e-11 0.135887)
(-1.59136e-11 -8.13211e-12 0.157765)
(-2.14325e-11 1.25764e-12 0.157765)
(-1.28714e-11 5.38973e-11 0.135887)
(-5.02299e-11 2.35803e-11 0.0947662)
(7.49354e-12 -2.14076e-11 0.0762141)
(-1.23234e-12 -2.1127e-11 0.110013)
(-1.30313e-11 -7.77168e-12 0.128345)
(-1.5407e-11 -1.5523e-12 0.128346)
(-7.08513e-12 5.07326e-11 0.110013)
(-3.7842e-11 1.91341e-11 0.0762145)
(6.37389e-12 -1.43375e-11 0.0515436)
(1.65213e-13 -1.47665e-11 0.0752821)
(-7.44286e-12 -6.01064e-12 0.0883873)
(-9.41489e-12 -3.53428e-12 0.0883874)
(-1.87941e-12 3.92422e-11 0.0752823)
(-5.40039e-12 5.22495e-12 0.0515439)
(3.30394e-12 -4.94619e-12 0.0188225)
(1.15085e-12 -5.15356e-12 0.0282039)
(-1.50861e-12 -2.15462e-12 0.0334566)
(-1.37566e-12 -4.05182e-12 0.0334566)
(2.51439e-12 1.48821e-11 0.0282039)
(4.26199e-12 -5.93297e-13 0.0188226)
(2.74451e-11 -1.24605e-11 0.133451)
(4.40747e-11 -2.70483e-11 0.190225)
(3.86691e-11 -2.44867e-11 0.218243)
(3.84261e-11 -1.13857e-11 0.218243)
(1.67429e-11 -3.84866e-11 0.190225)
(8.87736e-11 -2.87163e-11 0.133451)
(2.61561e-11 -1.29141e-11 0.127306)
(4.15079e-11 -2.73084e-11 0.181473)
(3.6208e-11 -2.49599e-11 0.208666)
(3.54003e-11 -1.09977e-11 0.208666)
(1.67855e-11 -4.19628e-11 0.181473)
(8.93745e-11 -3.02554e-11 0.127307)
(2.46655e-11 -1.32521e-11 0.119284)
(3.80205e-11 -2.74398e-11 0.170141)
(3.29484e-11 -2.53642e-11 0.196152)
(3.10076e-11 -1.08199e-11 0.196153)
(1.66492e-11 -4.64147e-11 0.170141)
(8.87577e-11 -3.16016e-11 0.119285)
(2.25003e-11 -1.33529e-11 0.10873)
(3.35096e-11 -2.72173e-11 0.155354)
(2.84005e-11 -2.54045e-11 0.179671)
(2.47104e-11 -1.08608e-11 0.179671)
(1.55508e-11 -5.18731e-11 0.155354)
(7.53154e-11 -3.05451e-11 0.108731)
(1.96056e-11 -1.2933e-11 0.0947657)
(2.802e-11 -2.61224e-11 0.135887)
(2.28549e-11 -2.47756e-11 0.157765)
(1.92552e-11 -1.0888e-11 0.157765)
(1.12314e-11 -5.37679e-11 0.135887)
(5.52696e-11 -2.77572e-11 0.0947662)
(1.5276e-11 -1.17676e-11 0.0762141)
(2.10878e-11 -2.35611e-11 0.110013)
(1.59763e-11 -2.2623e-11 0.128345)
(1.02493e-11 -9.74883e-12 0.128346)
(3.98963e-12 -5.50483e-11 0.110013)
(4.00889e-11 -2.34327e-11 0.0762145)
(9.19424e-12 -8.95722e-12 0.0515436)
(1.08766e-11 -1.83994e-11 0.0752821)
(7.10284e-12 -1.78302e-11 0.0883873)
(2.52913e-12 -7.09648e-12 0.0883874)
(-2.34947e-12 -4.56513e-11 0.0752823)
(2.42241e-12 -8.07177e-12 0.0515439)
(2.78284e-12 -3.73052e-12 0.0188225)
(3.15052e-12 -7.80787e-12 0.0282039)
(1.67277e-12 -7.94671e-12 0.0334566)
(-5.4425e-13 -1.62624e-12 0.0334566)
(-4.71486e-12 -1.91918e-11 0.0282039)
(-6.55766e-12 -1.02685e-12 0.0188226)
(-7.44765e-12 -5.87318e-13 0.133451)
(-2.39118e-12 -7.45312e-15 0.190225)
(3.72406e-12 -3.03616e-12 0.218243)
(-4.77241e-12 -1.27263e-11 0.218243)
(3.34424e-12 2.01493e-11 0.190225)
(-8.85121e-11 6.80824e-12 0.133451)
(-7.23154e-12 4.26793e-13 0.127306)
(-2.55362e-12 8.83772e-13 0.181473)
(3.42905e-12 -2.15689e-12 0.208666)
(-4.56801e-12 -1.29641e-11 0.208666)
(-1.41876e-13 2.34406e-11 0.181473)
(-9.24656e-11 9.54394e-12 0.127307)
(-7.16978e-12 1.59336e-12 0.119284)
(-2.48088e-12 2.08123e-12 0.170141)
(2.96369e-12 -1.07426e-12 0.196152)
(-3.54521e-12 -1.26968e-11 0.196153)
(-3.90703e-12 2.81568e-11 0.170141)
(-9.38561e-11 1.22897e-11 0.119285)
(-6.79633e-12 2.81811e-12 0.10873)
(-2.80696e-12 3.52169e-12 0.155354)
(2.57315e-12 3.21011e-13 0.179671)
(-2.6286e-12 -1.1721e-11 0.179671)
(-6.80672e-12 3.42322e-11 0.155354)
(-7.98736e-11 1.28616e-11 0.108731)
(-6.72277e-12 3.99637e-12 0.0947657)
(-2.91386e-12 5.20531e-12 0.135887)
(1.63984e-12 1.95024e-12 0.157765)
(-1.62494e-12 -9.83303e-12 0.157765)
(-5.95569e-12 3.71783e-11 0.135887)
(-5.99272e-11 1.23359e-11 0.0947662)
(-5.7233e-12 4.83892e-12 0.0762141)
(-2.80941e-12 6.74788e-12 0.110013)
(4.85238e-13 3.86685e-12 0.128345)
(-1.21951e-12 -8.04606e-12 0.128346)
(-2.15924e-12 4.06894e-11 0.110013)
(-4.56051e-11 1.15813e-11 0.0762145)
(-4.39197e-12 4.75671e-12 0.0515436)
(-3.1856e-12 7.37244e-12 0.0752821)
(-1.55314e-12 4.94922e-12 0.0883873)
(-1.24926e-12 -5.31531e-12 0.0883874)
(5.68704e-13 3.54614e-11 0.0752823)
(-6.90549e-12 8.04635e-14 0.0515439)
(-1.83802e-12 2.56214e-12 0.0188225)
(-2.09127e-12 4.51685e-12 0.0282039)
(-1.15504e-12 3.79947e-12 0.0334566)
(-3.26784e-13 -3.33203e-12 0.0334566)
(2.90119e-12 1.5096e-11 0.0282039)
(4.79855e-12 -1.8826e-12 0.0188226)
(-6.21266e-12 1.94766e-11 0.133451)
(2.11005e-12 1.30868e-11 0.190225)
(6.21243e-12 -8.03401e-13 0.218243)
(1.07651e-11 -3.05013e-12 0.218243)
(-1.01717e-11 -4.35045e-11 0.190225)
(5.81844e-11 -2.84035e-11 0.133451)
(-6.33742e-12 1.89012e-11 0.127306)
(1.57278e-12 1.34097e-11 0.181473)
(6.31643e-12 -6.25542e-13 0.208666)
(1.06445e-11 -2.03739e-12 0.208666)
(-7.22401e-12 -4.62917e-11 0.181473)
(6.03719e-11 -3.04258e-11 0.127307)
(-6.55173e-12 1.81113e-11 0.119284)
(1.12902e-12 1.36583e-11 0.170141)
(6.42896e-12 -3.4221e-13 0.196152)
(9.6806e-12 -1.08464e-12 0.196153)
(-3.59295e-12 -4.99371e-11 0.170141)
(6.11851e-11 -3.22659e-11 0.119285)
(-6.61484e-12 1.69484e-11 0.10873)
(8.53481e-13 1.36773e-11 0.155354)
(6.60685e-12 5.55615e-14 0.179671)
(8.33986e-12 -4.39519e-13 0.179671)
(-4.5033e-13 -5.42007e-11 0.155354)
(4.92828e-11 -3.17512e-11 0.108731)
(-6.73385e-12 1.51918e-11 0.0947657)
(1.45226e-13 1.31084e-11 0.135887)
(5.63271e-12 5.07528e-13 0.157765)
(7.59318e-12 1.11516e-13 0.157765)
(-4.70939e-13 -5.44167e-11 0.135887)
(3.33022e-11 -2.97048e-11 0.0947662)
(-6.24286e-12 1.26767e-11 0.0762141)
(-1.04893e-13 1.17888e-11 0.110013)
(5.88414e-12 7.26647e-13 0.128345)
(5.76625e-12 1.42824e-12 0.128346)
(-2.00993e-12 -5.45615e-11 0.110013)
(2.61286e-11 -2.71283e-11 0.0762145)
(-4.36867e-12 8.93429e-12 0.0515436)
(-4.77472e-13 8.44345e-12 0.0752821)
(4.72844e-12 8.78131e-13 0.0883873)
(4.29372e-12 2.18514e-12 0.0883874)
(-1.53077e-12 -4.51386e-11 0.0752823)
(-2.03837e-12 -1.29078e-11 0.0515439)
(-1.98005e-12 3.20078e-12 0.0188225)
(-3.26521e-13 3.18729e-12 0.0282039)
(1.59447e-12 -1.41723e-13 0.0334566)
(1.17046e-12 2.94648e-12 0.0334566)
(-3.47384e-12 -1.89777e-11 0.0282039)
(-6.67656e-12 -3.34465e-12 0.0188226)
(-3.69635e-11 1.87402e-11 0.133451)
(-5.16307e-11 3.40959e-11 0.190225)
(-4.29556e-11 2.47086e-11 0.218243)
(-4.58638e-11 7.61175e-12 0.218243)
(-2.78373e-11 3.31878e-11 0.190225)
(-1.15237e-10 2.62073e-11 0.133451)
(-3.51035e-11 1.96833e-11 0.127306)
(-4.82751e-11 3.48445e-11 0.181473)
(-3.92249e-11 2.52745e-11 0.208666)
(-4.17978e-11 6.99572e-12 0.208666)
(-2.78983e-11 3.64033e-11 0.181473)
(-1.17119e-10 2.76854e-11 0.127307)
(-3.33463e-11 2.05762e-11 0.119284)
(-4.3683e-11 3.54409e-11 0.170141)
(-3.45632e-11 2.57526e-11 0.196152)
(-3.55481e-11 6.54665e-12 0.196153)
(-2.71329e-11 4.08622e-11 0.170141)
(-1.16672e-10 2.87922e-11 0.119285)
(-3.04801e-11 2.11762e-11 0.10873)
(-3.75106e-11 3.56567e-11 0.155354)
(-2.85234e-11 2.5835e-11 0.179671)
(-2.74025e-11 6.51437e-12 0.179671)
(-2.49406e-11 4.65515e-11 0.155354)
(-1.00658e-10 2.7279e-11 0.108731)
(-2.69172e-11 2.10116e-11 0.0947657)
(-3.09708e-11 3.47412e-11 0.135887)
(-2.18231e-11 2.52288e-11 0.157765)
(-1.9402e-11 6.58366e-12 0.157765)
(-1.88366e-11 4.88406e-11 0.135887)
(-7.66662e-11 2.38585e-11 0.0947662)
(-2.07035e-11 1.97196e-11 0.0762141)
(-2.12217e-11 3.21647e-11 0.110013)
(-1.27194e-11 2.32049e-11 0.128345)
(-8.35937e-12 5.53105e-12 0.128346)
(-7.16613e-12 5.07671e-11 0.110013)
(-5.45239e-11 1.87261e-11 0.0762145)
(-1.27444e-11 1.5803e-11 0.0515436)
(-9.7201e-12 2.56009e-11 0.0752821)
(-2.61141e-12 1.85086e-11 0.0883873)
(1.70621e-12 3.74014e-12 0.0883874)
(2.77816e-12 4.17524e-11 0.0752823)
(-6.89084e-12 2.25045e-12 0.0515439)
(-4.17946e-12 6.62142e-12 0.0188225)
(-2.92859e-12 1.0905e-11 0.0282039)
(1.83529e-13 8.12808e-12 0.0334566)
(2.35231e-12 -2.5421e-14 0.0334566)
(5.56327e-12 1.74844e-11 0.0282039)
(6.68965e-12 -1.80569e-12 0.0188226)
(4.2613e-12 -6.50135e-13 0.133451)
(1.73216e-12 2.66198e-12 0.190225)
(-1.13324e-12 7.49834e-13 0.218243)
(1.0793e-12 6.35284e-12 0.218243)
(-1.37393e-11 -2.21996e-11 0.190225)
(4.00156e-11 -5.87413e-12 0.133451)
(4.58788e-12 -1.34441e-12 0.127306)
(2.68236e-12 1.72245e-12 0.181473)
(5.80872e-14 8.28221e-14 0.208666)
(1.71569e-12 7.10949e-12 0.208666)
(-1.00297e-11 -2.39507e-11 0.181473)
(4.30226e-11 -8.32042e-12 0.127307)
(4.7798e-12 -2.11868e-12 0.119284)
(2.96471e-12 4.80515e-13 0.170141)
(2.34994e-13 -8.30637e-13 0.196152)
(1.54914e-12 7.56125e-12 0.196153)
(-6.23154e-12 -2.67476e-11 0.170141)
(4.52707e-11 -1.10093e-11 0.119285)
(4.91876e-12 -3.0194e-12 0.10873)
(3.14921e-12 -1.08302e-12 0.155354)
(5.28845e-13 -1.98108e-12 0.179671)
(1.16254e-12 7.31312e-12 0.179671)
(-2.83058e-12 -3.05788e-11 0.155354)
(3.48438e-11 -1.19683e-11 0.108731)
(4.65841e-12 -3.80401e-12 0.0947657)
(3.3225e-12 -2.92905e-12 0.135887)
(8.92205e-13 -3.45214e-12 0.157765)
(5.88975e-13 6.57307e-12 0.157765)
(-1.95389e-12 -3.14387e-11 0.135887)
(2.26223e-11 -1.26625e-11 0.0947662)
(4.99655e-12 -4.36747e-12 0.0762141)
(4.38765e-12 -4.75863e-12 0.110013)
(1.68466e-12 -4.82063e-12 0.128345)
(8.5724e-13 5.48986e-12 0.128346)
(-1.47851e-12 -3.3963e-11 0.110013)
(2.19117e-11 -1.4457e-11 0.0762145)
(4.34943e-12 -4.07489e-12 0.0515436)
(4.95424e-12 -5.55708e-12 0.0752821)
(2.96405e-12 -5.63315e-12 0.0883873)
(2.67387e-12 3.36267e-12 0.0883874)
(2.95191e-13 -3.05595e-11 0.0752823)
(9.78118e-13 -6.41594e-12 0.0515439)
(2.29252e-12 -2.28248e-12 0.0188225)
(2.52822e-12 -4.0407e-12 0.0282039)
(1.67758e-12 -4.21441e-12 0.0334566)
(1.02058e-12 1.99539e-12 0.0334566)
(-1.64265e-12 -1.37808e-11 0.0282039)
(-4.03171e-12 -1.58742e-12 0.0188226)
(-1.7172e-11 -6.78395e-12 0.133451)
(-2.96202e-11 6.21448e-12 0.190225)
(-2.97316e-11 6.98092e-12 0.218243)
(-3.90424e-11 5.91813e-13 0.218243)
(-2.58773e-11 3.58928e-11 0.190225)
(-1.23269e-10 3.19677e-11 0.133451)
(-1.55132e-11 -5.26691e-12 0.127306)
(-2.63299e-11 6.64561e-12 0.181473)
(-2.56683e-11 7.40408e-12 0.208666)
(-3.46241e-11 3.60733e-13 0.208666)
(-2.50293e-11 4.00078e-11 0.181473)
(-1.24142e-10 3.31076e-11 0.127307)
(-1.38642e-11 -3.53102e-12 0.119284)
(-2.24636e-11 7.17431e-12 0.170141)
(-2.19205e-11 7.72813e-12 0.196152)
(-2.92386e-11 3.9473e-13 0.196153)
(-2.42371e-11 4.52084e-11 0.170141)
(-1.2301e-10 3.37879e-11 0.119285)
(-1.23463e-11 -1.68224e-12 0.10873)
(-1.841e-11 7.71726e-12 0.155354)
(-1.78175e-11 7.92025e-12 0.179671)
(-2.30161e-11 5.79923e-13 0.179671)
(-2.25506e-11 5.14824e-11 0.155354)
(-1.07479e-10 3.1794e-11 0.108731)
(-1.01801e-11 2.7734e-13 0.0947657)
(-1.37391e-11 8.19416e-12 0.135887)
(-1.27965e-11 7.86134e-12 0.157765)
(-1.5915e-11 1.04386e-12 0.157765)
(-1.73763e-11 5.42178e-11 0.135887)
(-8.29054e-11 2.74006e-11 0.0947662)
(-6.87509e-12 2.20891e-12 0.0762141)
(-8.19209e-12 8.63031e-12 0.110013)
(-6.42106e-12 7.57098e-12 0.128345)
(-6.85321e-12 4.5761e-13 0.128346)
(-6.19186e-12 5.55999e-11 0.110013)
(-5.75305e-11 2.03688e-11 0.0762145)
(-2.91005e-12 3.50587e-12 0.0515436)
(-1.5231e-12 8.21928e-12 0.0752821)
(8.70885e-13 6.44773e-12 0.0883873)
(2.07033e-12 -6.25048e-13 0.0883874)
(4.2946e-12 4.49439e-11 0.0752823)
(-7.05355e-12 1.86514e-12 0.0515439)
(-5.63858e-13 1.99011e-12 0.0188225)
(1.45837e-13 4.01222e-12 0.0282039)
(9.57402e-13 3.14269e-12 0.0334566)
(2.17321e-12 -2.22893e-12 0.0334566)
(5.88434e-12 1.80822e-11 0.0282039)
(6.88906e-12 -2.21846e-12 0.0188226)
(-2.68452e-12 -1.89055e-12 0.133451)
(-4.68979e-12 1.2093e-12 0.190225)
(-6.76732e-12 -2.94773e-12 0.218243)
(-7.39951e-12 2.51889e-12 0.218243)
(-2.08114e-11 -1.7903e-11 0.190225)
(1.15797e-11 3.64133e-12 0.133451)
(-1.44345e-12 -1.30447e-12 0.127306)
(-2.14597e-12 1.30681e-12 0.181473)
(-3.53465e-12 -3.036e-12 0.208666)
(-4.14735e-12 3.32371e-12 0.208666)
(-1.54463e-11 -1.88966e-11 0.181473)
(1.56186e-11 5.9e-13 0.127307)
(-1.01622e-12 -7.36718e-13 0.119284)
(-3.61841e-13 1.41739e-12 0.170141)
(-1.15924e-12 -3.14865e-12 0.196152)
(-2.23322e-12 3.87835e-12 0.196153)
(-1.04866e-11 -2.08831e-11 0.170141)
(1.88908e-11 -2.86242e-12 0.119285)
(-8.40418e-13 -2.13384e-13 0.10873)
(4.94641e-13 1.39235e-12 0.155354)
(4.97908e-13 -3.35612e-12 0.179671)
(-3.67846e-13 3.89234e-12 0.179671)
(-5.64076e-12 -2.37079e-11 0.155354)
(1.15145e-11 -5.04202e-12 0.108731)
(-4.87577e-13 3.1263e-13 0.0947657)
(1.61848e-12 1.19198e-12 0.135887)
(2.1427e-12 -3.64904e-12 0.157765)
(1.17148e-12 3.53605e-12 0.157765)
(-3.9856e-12 -2.40027e-11 0.135887)
(3.94521e-12 -7.40427e-12 0.0947662)
(5.0919e-13 8.87105e-13 0.0762141)
(3.22259e-12 1.24906e-12 0.110013)
(5.67272e-12 -3.78095e-12 0.128345)
(4.29284e-12 3.08569e-12 0.128346)
(-1.13099e-12 -2.66717e-11 0.110013)
(9.61429e-12 -1.16261e-11 0.0762145)
(1.72539e-12 1.23927e-12 0.0515436)
(6.02055e-12 1.01587e-12 0.0752821)
(8.05509e-12 -3.68144e-12 0.0883873)
(7.58533e-12 1.76427e-12 0.0883874)
(3.03779e-12 -2.52159e-11 0.0752823)
(-8.45033e-13 -7.75347e-12 0.0515439)
(6.98653e-13 3.54034e-13 0.0188225)
(2.59206e-12 -2.35409e-13 0.0282039)
(3.16539e-12 -2.5975e-12 0.0334566)
(2.66234e-12 1.33155e-12 0.0334566)
(-1.10128e-13 -1.19654e-11 0.0282039)
(-2.80637e-12 -2.79331e-12 0.0188226)
(-4.63531e-11 -4.34377e-12 0.133451)
(-7.72688e-11 9.15069e-12 0.190224)
(-7.99607e-11 -2.79878e-13 0.218243)
(-8.85907e-11 -8.34127e-12 0.218243)
(-7.24971e-11 1.76076e-11 0.190225)
(-1.46987e-10 2.28241e-11 0.133451)
(-4.27919e-11 -1.46008e-12 0.127306)
(-7.02786e-11 1.0973e-11 0.181473)
(-7.21389e-11 3.93405e-13 0.208666)
(-8.03255e-11 -9.12135e-12 0.208666)
(-6.817e-11 2.01783e-11 0.181473)
(-1.45449e-10 2.22855e-11 0.127307)
(-3.92524e-11 1.68945e-12 0.119284)
(-6.22468e-11 1.30145e-11 0.170141)
(-6.34477e-11 1.01066e-12 0.196152)
(-6.96255e-11 -9.90527e-12 0.196153)
(-6.2796e-11 2.35603e-11 0.170141)
(-1.42005e-10 2.12222e-11 0.119285)
(-3.50308e-11 4.87499e-12 0.10873)
(-5.24145e-11 1.50908e-11 0.155354)
(-5.21888e-11 1.52389e-12 0.179671)
(-5.69276e-11 -1.0467e-11 0.179671)
(-5.57251e-11 2.79291e-11 0.155354)
(-1.26507e-10 1.79742e-11 0.108731)
(-2.97747e-11 7.85429e-12 0.0947657)
(-4.04249e-11 1.68116e-11 0.135887)
(-3.93383e-11 1.91495e-12 0.157765)
(-4.32681e-11 -1.07356e-11 0.157765)
(-4.47906e-11 2.97879e-11 0.135887)
(-1.01214e-10 1.27898e-11 0.0947662)
(-2.15049e-11 1.01704e-11 0.0762141)
(-2.5169e-11 1.78741e-11 0.110013)
(-2.22589e-11 2.23653e-12 0.128345)
(-2.36401e-11 -1.14305e-11 0.128346)
(-2.52758e-11 3.098e-11 0.110013)
(-7.07064e-11 5.2946e-12 0.0762145)
(-1.09775e-11 1.05547e-11 0.0515436)
(-7.84069e-12 1.64249e-11 0.0752821)
(-3.56367e-12 2.14736e-12 0.0883873)
(-3.77692e-12 -1.09554e-11 0.0883874)
(-5.76393e-12 2.35725e-11 0.0752823)
(-1.73423e-11 -9.85333e-12 0.0515439)
(-2.75783e-12 5.21537e-12 0.0188225)
(-6.89878e-13 7.41912e-12 0.0282039)
(1.95677e-12 7.62794e-13 0.0334566)
(2.30575e-12 -7.06692e-12 0.0334566)
(2.8656e-12 8.15999e-12 0.0282039)
(2.72122e-12 -7.50416e-12 0.0188226)
(2.86984e-11 -6.38044e-11 0.133451)
(1.62279e-11 -6.27783e-11 0.190224)
(-5.63682e-12 -4.67008e-11 0.218243)
(-1.51397e-11 -2.83328e-11 0.218243)
(-2.30546e-11 -3.17213e-11 0.190225)
(1.46378e-11 -3.81184e-11 0.133451)
(2.82692e-11 -6.24381e-11 0.127306)
(1.48513e-11 -6.2405e-11 0.181473)
(-7.65099e-12 -4.59973e-11 0.208666)
(-1.74716e-11 -2.68363e-11 0.208666)
(-2.24169e-11 -3.16702e-11 0.181473)
(1.59085e-11 -3.74421e-11 0.127307)
(2.82141e-11 -6.04069e-11 0.119284)
(1.34002e-11 -6.15882e-11 0.170141)
(-9.48897e-12 -4.49452e-11 0.196152)
(-1.94329e-11 -2.5291e-11 0.196153)
(-2.09529e-11 -3.20746e-11 0.170141)
(1.74073e-11 -3.65481e-11 0.119285)
(2.78051e-11 -5.72645e-11 0.10873)
(1.20897e-11 -5.98916e-11 0.155354)
(-1.04387e-11 -4.32854e-11 0.179671)
(-2.06521e-11 -2.36033e-11 0.179671)
(-1.90956e-11 -3.28663e-11 0.155354)
(1.07863e-11 -3.3947e-11 0.108731)
(2.71225e-11 -5.2255e-11 0.0947657)
(1.10453e-11 -5.6511e-11 0.135887)
(-9.31293e-12 -4.05294e-11 0.157765)
(-1.94823e-11 -2.15006e-11 0.157765)
(-1.7705e-11 -3.10938e-11 0.135887)
(3.62231e-12 -3.04427e-11 0.0947662)
(2.51041e-11 -4.42268e-11 0.0762141)
(9.94914e-12 -4.9978e-11 0.110013)
(-7.67738e-12 -3.58215e-11 0.128345)
(-1.63015e-11 -1.79206e-11 0.128346)
(-1.45049e-11 -2.99246e-11 0.110013)
(5.07823e-12 -2.69556e-11 0.0762145)
(2.02729e-11 -3.14942e-11 0.0515436)
(9.5029e-12 -3.77812e-11 0.0752821)
(-4.57949e-12 -2.6959e-11 0.0883873)
(-9.88694e-12 -1.29872e-11 0.0883874)
(-8.2334e-12 -2.4645e-11 0.0752823)
(-6.62572e-12 -1.51589e-11 0.0515439)
(8.75266e-12 -1.24023e-11 0.0188225)
(5.22501e-12 -1.59266e-11 0.0282039)
(1.84081e-13 -1.13801e-11 0.0334566)
(-2.37721e-12 -4.64826e-12 0.0334566)
(-3.10615e-12 -9.9972e-12 0.0282039)
(-5.23684e-12 -4.35854e-12 0.0188226)
(-2.15614e-11 2.60636e-11 0.133451)
(-2.59283e-11 2.35019e-11 0.190224)
(-2.4922e-11 2.57566e-11 0.218243)
(-2.92232e-11 2.36849e-11 0.218243)
(-1.19486e-11 5.6839e-11 0.190225)
(-8.89252e-11 4.54001e-11 0.133451)
(-2.09011e-11 2.68889e-11 0.127306)
(-2.3659e-11 2.5349e-11 0.181473)
(-2.18056e-11 2.77818e-11 0.208666)
(-2.4608e-11 2.50293e-11 0.208666)
(-1.01916e-11 6.1291e-11 0.181473)
(-8.92223e-11 4.60609e-11 0.127307)
(-2.05243e-11 2.76457e-11 0.119284)
(-2.14279e-11 2.7444e-11 0.170141)
(-1.84413e-11 3.01446e-11 0.196152)
(-1.95855e-11 2.67491e-11 0.196153)
(-8.13643e-12 6.67953e-11 0.170141)
(-8.80021e-11 4.63475e-11 0.119285)
(-2.04929e-11 2.80783e-11 0.10873)
(-1.92823e-11 2.96525e-11 0.155354)
(-1.48776e-11 3.25314e-11 0.179671)
(-1.36927e-11 2.89627e-11 0.179671)
(-5.83544e-12 7.32626e-11 0.155354)
(-7.67757e-11 4.45637e-11 0.108731)
(-1.9822e-11 2.77873e-11 0.0947657)
(-1.72995e-11 3.14133e-11 0.135887)
(-1.08341e-11 3.46628e-11 0.157765)
(-6.97341e-12 3.10619e-11 0.157765)
(-1.28827e-13 7.67118e-11 0.135887)
(-5.72652e-11 4.03544e-11 0.0947662)
(-1.80009e-11 2.5951e-11 0.0762141)
(-1.30889e-11 3.17414e-11 0.110013)
(-5.51579e-12 3.53135e-11 0.128345)
(1.06089e-12 3.1184e-11 0.128346)
(9.3323e-12 7.68155e-11 0.110013)
(-3.45618e-11 3.23656e-11 0.0762145)
(-1.36365e-11 2.1025e-11 0.0515436)
(-8.23685e-12 2.7936e-11 0.0752821)
(7.1774e-13 3.14175e-11 0.0883873)
(8.05355e-12 2.66278e-11 0.0883874)
(1.69425e-11 6.26497e-11 0.0752823)
(5.34472e-12 1.37246e-11 0.0515439)
(-5.9796e-12 9.30973e-12 0.0188225)
(-3.52328e-12 1.36872e-11 0.0282039)
(4.02844e-13 1.60247e-11 0.0334566)
(5.02082e-12 1.20036e-11 0.0334566)
(1.08291e-11 2.74872e-11 0.0282039)
(1.05513e-11 3.85475e-12 0.0188226)
(1.53394e-11 -1.94107e-11 0.133451)
(1.56555e-11 4.19003e-12 0.190224)
(1.90877e-11 1.77588e-11 0.218243)
(2.27391e-11 3.82085e-11 0.218243)
(2.21311e-11 4.18862e-11 0.190225)
(2.56122e-11 6.06828e-11 0.133451)
(1.58124e-11 -1.86411e-11 0.127306)
(1.67604e-11 3.71414e-12 0.181473)
(2.0205e-11 1.75142e-11 0.208666)
(2.40748e-11 3.8917e-11 0.208666)
(2.47355e-11 4.18467e-11 0.181473)
(2.82402e-11 5.7076e-11 0.127307)
(1.55888e-11 -1.77854e-11 0.119284)
(1.65843e-11 3.07699e-12 0.170141)
(1.89409e-11 1.69988e-11 0.196152)
(2.33347e-11 3.93265e-11 0.196153)
(2.60356e-11 4.08937e-11 0.170141)
(3.04669e-11 5.27066e-11 0.119285)
(1.48416e-11 -1.67993e-11 0.10873)
(1.51937e-11 2.18035e-12 0.155354)
(1.69449e-11 1.61034e-11 0.179671)
(2.09125e-11 3.89232e-11 0.179671)
(2.62722e-11 3.87244e-11 0.155354)
(2.51778e-11 4.82015e-11 0.108731)
(1.3458e-11 -1.54844e-11 0.0947657)
(1.30554e-11 8.87508e-13 0.135887)
(1.35538e-11 1.43857e-11 0.157765)
(1.78575e-11 3.71723e-11 0.157765)
(2.37713e-11 3.65731e-11 0.135887)
(2.0448e-11 4.17692e-11 0.0947662)
(1.22638e-11 -1.34018e-11 0.0762141)
(1.06783e-11 -4.74811e-13 0.110013)
(1.13692e-11 1.14971e-11 0.128345)
(1.51983e-11 3.28296e-11 0.128346)
(2.06677e-11 2.93334e-11 0.110013)
(2.54632e-11 3.06743e-11 0.0762145)
(1.00599e-11 -9.91754e-12 0.0515436)
(8.74268e-12 -1.69793e-12 0.0752821)
(8.07901e-12 7.03434e-12 0.0883873)
(1.14866e-11 2.39848e-11 0.0883873)
(1.79977e-11 1.77816e-11 0.0752823)
(1.81748e-11 2.0452e-11 0.0515439)
(4.25383e-12 -4.46337e-12 0.0188225)
(2.75721e-12 -2.20394e-12 0.0282039)
(2.08818e-12 8.93642e-13 0.0334566)
(3.17459e-12 9.39478e-12 0.0334566)
(5.60749e-12 5.50615e-12 0.0282039)
(6.42899e-12 7.70511e-12 0.0188226)
(-1.57194e-11 8.64226e-12 0.133451)
(-2.00751e-11 2.72228e-11 0.190224)
(-1.37883e-11 3.96103e-11 0.218243)
(-1.37226e-11 5.04895e-11 0.218243)
(-1.82883e-12 8.18867e-11 0.190225)
(-8.3216e-11 8.94523e-11 0.133451)
(-1.42236e-11 9.64873e-12 0.127306)
(-1.66649e-11 2.72989e-11 0.181473)
(-1.02014e-11 3.92555e-11 0.208666)
(-9.32706e-12 4.93659e-11 0.208666)
(2.19594e-13 8.35923e-11 0.181473)
(-8.20057e-11 8.58691e-11 0.127307)
(-1.34086e-11 1.06598e-11 0.119284)
(-1.48092e-11 2.72522e-11 0.170141)
(-7.95566e-12 3.85791e-11 0.196152)
(-5.86253e-12 4.78977e-11 0.196153)
(1.35935e-12 8.52773e-11 0.170141)
(-8.00432e-11 8.11336e-11 0.119285)
(-1.2765e-11 1.15304e-11 0.10873)
(-1.31891e-11 2.68444e-11 0.155354)
(-5.98847e-12 3.72525e-11 0.179671)
(-3.12023e-12 4.56448e-11 0.179671)
(2.04794e-12 8.67349e-11 0.155354)
(-7.19016e-11 7.3729e-11 0.108731)
(-1.20005e-11 1.20357e-11 0.0947657)
(-1.09724e-11 2.58955e-11 0.135887)
(-4.54726e-12 3.47753e-11 0.157765)
(2.25028e-14 4.19878e-11 0.157765)
(3.80164e-12 8.46315e-11 0.135887)
(-5.54978e-11 6.25319e-11 0.0947662)
(-9.85315e-12 1.19644e-11 0.0762141)
(-7.71957e-12 2.38561e-11 0.110013)
(-1.68445e-12 3.04339e-11 0.128345)
(3.89383e-12 3.53642e-11 0.128346)
(1.01653e-11 7.74805e-11 0.110013)
(-3.08042e-11 4.53582e-11 0.0762145)
(-6.26775e-12 1.05533e-11 0.0515436)
(-3.53632e-12 1.91127e-11 0.0752821)
(2.51407e-12 2.27783e-11 0.0883873)
(7.98609e-12 2.41992e-11 0.0883873)
(1.42404e-11 5.63371e-11 0.0752823)
(6.81197e-12 1.88998e-11 0.0515439)
(-2.64253e-12 4.63839e-12 0.0188225)
(-1.36583e-12 8.32045e-12 0.0282039)
(7.46374e-13 9.27395e-12 0.0334566)
(3.75595e-12 7.38727e-12 0.0334566)
(8.47054e-12 2.06518e-11 0.0282039)
(9.94683e-12 3.69251e-12 0.0188226)
(-1.16485e-11 -2.37598e-11 0.133451)
(-2.77897e-11 -7.04617e-12 0.190224)
(-3.26075e-11 -1.00569e-12 0.218243)
(-3.63174e-11 8.95531e-12 0.218243)
(-3.78821e-11 8.01851e-12 0.190225)
(-4.50814e-11 1.73576e-11 0.133451)
(-9.87556e-12 -2.19175e-11 0.127306)
(-2.48161e-11 -6.72247e-12 0.181473)
(-2.93702e-11 -1.89295e-12 0.208666)
(-3.30669e-11 7.26111e-12 0.208666)
(-3.47383e-11 6.13034e-12 0.181473)
(-4.15111e-11 1.37098e-11 0.127307)
(-8.44252e-12 -1.97456e-11 0.119284)
(-2.13912e-11 -6.30893e-12 0.170141)
(-2.67535e-11 -3.10787e-12 0.196152)
(-3.01831e-11 4.91949e-12 0.196153)
(-3.09374e-11 3.30868e-12 0.170141)
(-3.79689e-11 9.51887e-12 0.119285)
(-6.58183e-12 -1.7232e-11 0.10873)
(-1.80855e-11 -5.89636e-12 0.155354)
(-2.24819e-11 -4.58695e-12 0.179671)
(-2.60212e-11 1.79544e-12 0.179671)
(-2.70714e-11 -2.23857e-13 0.155354)
(-3.769e-11 5.26032e-12 0.108731)
(-4.32671e-12 -1.41932e-11 0.0947657)
(-1.33452e-11 -5.26809e-12 0.135887)
(-1.76039e-11 -6.48591e-12 0.157765)
(-2.08993e-11 -2.02616e-12 0.157765)
(-2.32887e-11 -3.7965e-12 0.135887)
(-3.39861e-11 2.08355e-13 0.0947662)
(-1.17402e-12 -1.04077e-11 0.0762141)
(-6.96479e-12 -4.39016e-12 0.110013)
(-1.02259e-11 -8.11278e-12 0.128345)
(-1.29613e-11 -6.21995e-12 0.128346)
(-1.66377e-11 -8.82916e-12 0.110013)
(-2.13022e-11 -6.4459e-12 0.0762145)
(2.41754e-12 -5.81137e-12 0.0515436)
(4.57869e-13 -2.71053e-12 0.0752821)
(-9.46699e-13 -8.87701e-12 0.0883873)
(-3.33817e-12 -9.2875e-12 0.0883873)
(-7.07305e-12 -1.35058e-11 0.0752823)
(-1.03614e-11 -1.0055e-11 0.0515439)
(1.97608e-12 -1.96275e-12 0.0188225)
(1.56785e-12 -1.58151e-12 0.0282039)
(1.3709e-12 -5.79785e-12 0.0334566)
(-3.56625e-13 -6.59737e-12 0.0334566)
(-2.32767e-12 -9.37276e-12 0.0282039)
(-2.87861e-12 -5.92586e-12 0.0188226)
(-1.61922e-11 -1.45915e-11 0.133451)
(-3.31176e-11 -1.00325e-12 0.190224)
(-3.81736e-11 6.7851e-12 0.218243)
(-4.48194e-11 1.61471e-11 0.218243)
(-3.92315e-11 3.84448e-11 0.190225)
(-9.05026e-11 4.48173e-11 0.133451)
(-1.42369e-11 -1.27532e-11 0.127306)
(-2.92205e-11 -3.00194e-13 0.181473)
(-3.40023e-11 6.73728e-12 0.208666)
(-3.98783e-11 1.5436e-11 0.208666)
(-3.52402e-11 3.97123e-11 0.181473)
(-8.8129e-11 4.2689e-11 0.127307)
(-1.24349e-11 -1.05477e-11 0.119284)
(-2.53e-11 6.77768e-13 0.170141)
(-2.95201e-11 6.68518e-12 0.196152)
(-3.44051e-11 1.46216e-11 0.196153)
(-3.0663e-11 4.13305e-11 0.170141)
(-8.52689e-11 4.01296e-11 0.119285)
(-1.04959e-11 -7.92e-12 0.10873)
(-2.10414e-11 1.90731e-12 0.155354)
(-2.43026e-11 6.60893e-12 0.179671)
(-2.78944e-11 1.37174e-11 0.179671)
(-2.52622e-11 4.34357e-11 0.155354)
(-7.94636e-11 3.64714e-11 0.108731)
(-8.44777e-12 -5.04578e-12 0.0947657)
(-1.51701e-11 3.32787e-12 0.135887)
(-1.82689e-11 6.50926e-12 0.157765)
(-2.06001e-11 1.27663e-11 0.157765)
(-1.85546e-11 4.48936e-11 0.135887)
(-6.53117e-11 3.04135e-11 0.0947662)
(-5.37118e-12 -1.84118e-12 0.0762141)
(-8.87597e-12 5.01011e-12 0.110013)
(-9.36516e-12 6.41583e-12 0.128345)
(-9.57718e-12 1.10518e-11 0.128346)
(-7.03814e-12 4.29867e-11 0.110013)
(-3.73544e-11 1.92146e-11 0.0762145)
(-1.67249e-12 8.73275e-13 0.0515436)
(-1.28378e-12 5.88074e-12 0.0752821)
(1.98182e-14 5.81555e-12 0.0883873)
(1.12582e-12 7.6923e-12 0.0883873)
(5.40414e-12 3.24646e-11 0.0752823)
(-2.31144e-12 3.80539e-12 0.0515439)
(-2.9825e-14 1.1369e-12 0.0188225)
(5.91329e-13 3.0887e-12 0.0282039)
(1.72009e-12 2.82077e-12 0.0334566)
(2.87549e-12 2.6331e-12 0.0334566)
(5.87555e-12 1.26012e-11 0.0282039)
(5.5364e-12 -6.99357e-13 0.0188226)
(-5.60851e-12 -2.38649e-11 0.133451)
(-2.02731e-11 -1.34839e-11 0.190224)
(-2.70391e-11 -7.37965e-12 0.218243)
(-3.27342e-11 5.24191e-13 0.218243)
(-2.88072e-11 1.13926e-11 0.190225)
(-4.92763e-11 2.05665e-11 0.133451)
(-3.9604e-12 -2.23387e-11 0.127306)
(-1.74081e-11 -1.30771e-11 0.181473)
(-2.40489e-11 -7.70695e-12 0.208666)
(-2.9098e-11 -4.2991e-13 0.208666)
(-2.55084e-11 1.12896e-11 0.181473)
(-4.60717e-11 1.82295e-11 0.127307)
(-2.78849e-12 -2.03488e-11 0.119284)
(-1.47369e-11 -1.23859e-11 0.170141)
(-2.06601e-11 -7.98354e-12 0.196152)
(-2.56018e-11 -1.42191e-12 0.196153)
(-2.22581e-11 1.099e-11 0.170141)
(-4.27619e-11 1.56592e-11 0.119285)
(-1.60817e-12 -1.78306e-11 0.10873)
(-1.18172e-11 -1.13233e-11 0.155354)
(-1.74712e-11 -8.22093e-12 0.179671)
(-2.14922e-11 -2.4719e-12 0.179671)
(-1.92287e-11 1.07905e-11 0.155354)
(-3.90785e-11 1.28031e-11 0.108731)
(-5.41909e-13 -1.46528e-11 0.0947657)
(-8.23343e-12 -9.72255e-12 0.135887)
(-1.35206e-11 -8.20134e-12 0.157765)
(-1.65141e-11 -3.69611e-12 0.157765)
(-1.56046e-11 1.00547e-11 0.135887)
(-3.17794e-11 9.11121e-12 0.0947662)
(1.56958e-12 -1.05764e-11 0.0762141)
(-3.14882e-12 -7.32448e-12 0.110013)
(-7.47459e-12 -7.73782e-12 0.128345)
(-9.03009e-12 -4.86341e-12 0.128346)
(-9.26127e-12 7.86486e-12 0.110013)
(-1.98501e-11 3.95882e-12 0.0762145)
(3.12671e-12 -5.62784e-12 0.0515436)
(1.53508e-12 -4.17081e-12 0.0752821)
(7.13872e-13 -6.71522e-12 0.0883873)
(-1.03714e-12 -5.66274e-12 0.0883873)
(-1.19016e-12 3.14329e-12 0.0752823)
(-4.45949e-12 -2.0941e-12 0.0515439)
(1.89784e-12 -1.72897e-12 0.0188225)
(1.5301e-12 -1.58361e-12 0.0282039)
(1.19278e-12 -3.44619e-12 0.0334566)
(6.12013e-13 -3.72773e-12 0.0334566)
(3.89203e-13 -6.71746e-13 0.0282039)
(9.44764e-13 -2.2382e-12 0.0188226)
(-9.8708e-12 -2.52332e-11 0.133451)
(-2.58061e-11 -1.42352e-11 0.190224)
(-3.34519e-11 -6.24795e-12 0.218243)
(-4.04783e-11 4.77148e-12 0.218243)
(-3.71964e-11 2.53331e-11 0.190225)
(-7.6487e-11 3.36825e-11 0.133451)
(-7.95629e-12 -2.32336e-11 0.127306)
(-2.17313e-11 -1.34837e-11 0.181473)
(-2.93001e-11 -6.14992e-12 0.208666)
(-3.5941e-11 4.36767e-12 0.208666)
(-3.29253e-11 2.63879e-11 0.181473)
(-7.34034e-11 3.15919e-11 0.127307)
(-6.12117e-12 -2.06545e-11 0.119284)
(-1.80093e-11 -1.22629e-11 0.170141)
(-2.49759e-11 -5.77766e-12 0.196152)
(-3.0859e-11 4.12149e-12 0.196153)
(-2.82838e-11 2.77528e-11 0.170141)
(-7.05989e-11 2.93109e-11 0.119285)
(-4.41515e-12 -1.74936e-11 0.10873)
(-1.42782e-11 -1.04742e-11 0.155354)
(-1.98275e-11 -5.06468e-12 0.179671)
(-2.46646e-11 4.00706e-12 0.179671)
(-2.33622e-11 2.98097e-11 0.155354)
(-6.98267e-11 2.68831e-11 0.108731)
(-2.71616e-12 -1.36315e-11 0.0947657)
(-9.91093e-12 -7.93004e-12 0.135887)
(-1.48705e-11 -3.94839e-12 0.157765)
(-1.86922e-11 3.91853e-12 0.157765)
(-1.76061e-11 3.26753e-11 0.135887)
(-6.01762e-11 2.20051e-11 0.0947662)
(-1.03028e-13 -9.14104e-12 0.0762141)
(-4.19019e-12 -4.70233e-12 0.110013)
(-7.08317e-12 -2.46671e-12 0.128345)
(-8.96625e-12 4.10993e-12 0.128346)
(-8.12648e-12 3.17025e-11 0.110013)
(-3.13236e-11 1.13509e-11 0.0762145)
(1.84264e-12 -4.04049e-12 0.0515436)
(1.47522e-12 -1.26517e-12 0.0752821)
(8.77846e-13 -8.46758e-13 0.0883873)
(8.22197e-13 2.79415e-12 0.0883873)
(3.60862e-12 2.29408e-11 0.0752823)
(-3.27727e-12 -1.63815e-13 0.0515439)
(1.37729e-12 -8.05978e-13 0.0188225)
(1.59683e-12 3.02866e-13 0.0282039)
(1.87372e-12 1.57295e-13 0.0334566)
(2.26801e-12 4.64423e-13 0.0334566)
(4.7393e-12 8.66095e-12 0.0282039)
(3.7382e-12 -1.78721e-12 0.0188226)
(-1.89015e-12 -1.8856e-11 0.133451)
(-1.25441e-11 -1.42699e-11 0.190224)
(-1.8336e-11 -8.40207e-12 0.218243)
(-2.59513e-11 -4.74387e-12 0.218243)
(-1.62845e-11 2.07749e-11 0.190225)
(-6.8165e-11 2.50768e-11 0.133451)
(-9.75076e-13 -1.75694e-11 0.127306)
(-1.05485e-11 -1.38123e-11 0.181473)
(-1.58958e-11 -8.36143e-12 0.208666)
(-2.28198e-11 -5.54773e-12 0.208666)
(-1.40093e-11 2.23486e-11 0.181473)
(-6.50563e-11 2.40117e-11 0.127307)
(-6.19294e-13 -1.59618e-11 0.119284)
(-9.23839e-12 -1.29854e-11 0.170141)
(-1.4411e-11 -8.1157e-12 0.196152)
(-1.96612e-11 -6.17335e-12 0.196153)
(-1.25901e-11 2.41597e-11 0.170141)
(-6.21735e-11 2.2904e-11 0.119285)
(-3.81492e-14 -1.39616e-11 0.10873)
(-7.14376e-12 -1.16954e-11 0.155354)
(-1.21349e-11 -7.59648e-12 0.179671)
(-1.6528e-11 -6.58866e-12 0.179671)
(-1.10833e-11 2.66495e-11 0.155354)
(-5.48896e-11 2.07802e-11 0.108731)
(2.51799e-13 -1.13501e-11 0.0947657)
(-5.96992e-12 -9.87374e-12 0.135887)
(-9.56733e-12 -6.77792e-12 0.157765)
(-1.25672e-11 -6.69975e-12 0.157765)
(-8.90194e-12 2.72189e-11 0.135887)
(-4.24387e-11 1.75588e-11 0.0947662)
(1.19388e-12 -8.06019e-12 0.0762141)
(-1.9392e-12 -7.12434e-12 0.110013)
(-5.39827e-12 -5.47703e-12 0.128345)
(-6.89473e-12 -6.87002e-12 0.128346)
(-3.72318e-12 2.70473e-11 0.110013)
(-3.03524e-11 1.31488e-11 0.0762145)
(2.90958e-12 -4.01229e-12 0.0515436)
(1.65799e-12 -3.86984e-12 0.0752821)
(2.41817e-13 -3.42672e-12 0.0883873)
(-3.2893e-14 -6.29037e-12 0.0883873)
(1.72009e-12 2.05328e-11 0.0752823)
(-3.37323e-12 2.19767e-12 0.0515439)
(1.28279e-12 -1.23334e-12 0.0188225)
(1.03218e-12 -1.16077e-12 0.0282039)
(3.85664e-13 -1.43135e-12 0.0334566)
(2.75779e-13 -3.87088e-12 0.0334566)
(1.74418e-12 7.11272e-12 0.0282039)
(3.62291e-12 -9.67037e-13 0.0188226)
(-1.9323e-11 -3.86394e-11 0.133451)
(-3.95649e-11 -2.22012e-11 0.190224)
(-4.8305e-11 -1.18834e-11 0.218243)
(-5.46038e-11 5.57238e-12 0.218243)
(-5.17961e-11 2.85398e-11 0.190225)
(-7.85045e-11 4.57417e-11 0.133451)
(-1.63155e-11 -3.53556e-11 0.127306)
(-3.43922e-11 -2.08262e-11 0.181473)
(-4.26872e-11 -1.14832e-11 0.208666)
(-4.8117e-11 5.44065e-12 0.208666)
(-4.49735e-11 2.9224e-11 0.181473)
(-7.32574e-11 4.25941e-11 0.127307)
(-1.31101e-11 -3.12092e-11 0.119284)
(-2.84959e-11 -1.86205e-11 0.170141)
(-3.54855e-11 -1.06787e-11 0.196152)
(-4.05868e-11 5.30562e-12 0.196152)
(-3.6479e-11 2.96075e-11 0.170141)
(-6.94054e-11 3.88833e-11 0.119285)
(-9.77671e-12 -2.61181e-11 0.10873)
(-2.17091e-11 -1.54551e-11 0.155354)
(-2.75641e-11 -9.39851e-12 0.179671)
(-3.15797e-11 5.165e-12 0.179671)
(-2.9011e-11 3.04109e-11 0.155354)
(-7.47861e-11 3.55245e-11 0.108731)
(-6.07921e-12 -2.01393e-11 0.0947657)
(-1.47785e-11 -1.14009e-11 0.135887)
(-1.8488e-11 -7.50856e-12 0.157765)
(-2.15575e-11 5.07248e-12 0.157765)
(-2.06452e-11 3.36927e-11 0.135887)
(-6.80783e-11 2.85175e-11 0.0947662)
(-1.64391e-12 -1.32885e-11 0.0762141)
(-5.77246e-12 -6.26892e-12 0.110013)
(-7.48412e-12 -5.03733e-12 0.128345)
(-9.50643e-12 5.12527e-12 0.128346)
(-1.033e-11 3.11724e-11 0.110013)
(-3.01585e-11 1.25956e-11 0.0762145)
(2.28274e-12 -5.99379e-12 0.0515436)
(2.2321e-12 -1.28614e-12 0.0752821)
(3.51669e-12 -2.12485e-12 0.0883873)
(2.70972e-12 3.49855e-12 0.0883873)
(4.81601e-12 2.02339e-11 0.0752823)
(-2.30808e-12 -5.40498e-13 0.0515439)
(2.11573e-12 -9.8906e-13 0.0188225)
(2.78331e-12 8.8679e-13 0.0282039)
(4.00333e-12 -4.60027e-13 0.0334566)
(4.03239e-12 8.74574e-13 0.0334566)
(5.74657e-12 6.55357e-12 0.0282039)
(3.68862e-12 -2.20888e-12 0.0188226)
(1.83281e-11 2.29697e-11 0.133451)
(1.86097e-11 1.85996e-11 0.190224)
(1.85117e-11 1.07224e-11 0.218243)
(1.17382e-11 -9.4825e-12 0.218243)
(2.97851e-11 1.85048e-11 0.190225)
(-6.47887e-11 1.56082e-11 0.133451)
(1.62725e-11 2.20223e-11 0.127306)
(1.63933e-11 1.88254e-11 0.181473)
(1.66811e-11 1.09934e-11 0.208666)
(1.07499e-11 -1.07604e-11 0.208666)
(2.70234e-11 2.14845e-11 0.181473)
(-6.52644e-11 1.70177e-11 0.127307)
(1.26481e-11 2.0008e-11 0.119284)
(1.20442e-11 1.80405e-11 0.170141)
(1.23466e-11 1.07989e-11 0.196152)
(8.2439e-12 -1.17013e-11 0.196152)
(2.16742e-11 2.59349e-11 0.170141)
(-6.6021e-11 1.9268e-11 0.119285)
(8.6613e-12 1.69144e-11 0.10873)
(7.42763e-12 1.59533e-11 0.155354)
(6.96466e-12 9.97649e-12 0.179671)
(5.08911e-12 -1.19518e-11 0.179671)
(1.47818e-11 3.27002e-11 0.155354)
(-5.59653e-11 2.01919e-11 0.108731)
(4.62049e-12 1.29117e-11 0.0947657)
(1.93023e-12 1.25887e-11 0.135887)
(1.09471e-12 8.26226e-12 0.157765)
(7.48409e-13 -1.15e-11 0.157765)
(9.21275e-12 3.59399e-11 0.135887)
(-4.0134e-11 2.06249e-11 0.0947662)
(1.46584e-12 8.49958e-12 0.0762141)
(-8.47908e-13 8.42619e-12 0.110013)
(-2.38849e-12 5.95981e-12 0.128345)
(-1.93613e-12 -1.11493e-11 0.128346)
(5.94999e-12 4.10078e-11 0.110013)
(-3.67358e-11 2.18708e-11 0.0762145)
(8.6589e-14 4.47592e-12 0.0515436)
(-1.34272e-12 3.8987e-12 0.0752821)
(-2.56227e-12 3.21385e-12 0.0883873)
(-2.47768e-12 -9.17405e-12 0.0883873)
(2.07738e-12 3.57265e-11 0.0752823)
(-1.38246e-12 8.22026e-12 0.0515439)
(-7.83584e-13 4.95462e-13 0.0188225)
(-1.8581e-12 -2.74228e-13 0.0282039)
(-3.90085e-12 6.03151e-13 0.0334566)
(-3.57686e-12 -5.48213e-12 0.0334566)
(7.06544e-13 1.48005e-11 0.0282039)
(6.64937e-12 1.58081e-12 0.0188226)
(-9.67168e-11 -2.44152e-10 0.133451)
(-1.7001e-10 -2.13052e-10 0.190224)
(-2.07851e-10 -1.07499e-10 0.218243)
(-2.16727e-10 2.94206e-11 0.218243)
(-1.84718e-10 1.46087e-10 0.190225)
(-1.49398e-10 2.0866e-10 0.133451)
(-7.95396e-11 -2.34457e-10 0.127306)
(-1.46654e-10 -2.13075e-10 0.181473)
(-1.85549e-10 -1.09197e-10 0.208666)
(-1.94143e-10 2.90511e-11 0.208666)
(-1.61932e-10 1.45554e-10 0.181473)
(-1.32627e-10 1.99283e-10 0.127307)
(-5.8157e-11 -2.16865e-10 0.119284)
(-1.16157e-10 -2.06096e-10 0.170141)
(-1.54639e-10 -1.08362e-10 0.196152)
(-1.62885e-10 2.66241e-11 0.196152)
(-1.31463e-10 1.38682e-10 0.170141)
(-1.15255e-10 1.82998e-10 0.119285)
(-3.44071e-11 -1.90283e-10 0.10873)
(-7.9448e-11 -1.90333e-10 0.155354)
(-1.16874e-10 -1.04228e-10 0.179671)
(-1.25166e-10 2.21012e-11 0.179671)
(-9.65251e-11 1.25689e-10 0.155354)
(-1.17009e-10 1.61377e-10 0.108731)
(-1.00726e-11 -1.54795e-10 0.0947657)
(-3.9573e-11 -1.65006e-10 0.135887)
(-7.35464e-11 -9.59409e-11 0.157765)
(-8.22371e-11 1.55718e-11 0.157765)
(-6.18411e-11 1.12135e-10 0.135887)
(-9.95336e-11 1.27826e-10 0.0947662)
(1.24083e-11 -1.11653e-10 0.0762141)
(-1.70777e-12 -1.29446e-10 0.110013)
(-3.02208e-11 -8.18367e-11 0.128345)
(-3.91664e-11 9.16192e-12 0.128346)
(-2.93862e-11 8.41022e-11 0.110013)
(-3.05982e-11 7.55961e-11 0.0762145)
(2.54909e-11 -6.40227e-11 0.0515436)
(2.41587e-11 -8.32586e-11 0.0752821)
(3.72278e-12 -5.9367e-11 0.0883873)
(-4.23369e-12 1.72015e-12 0.0883873)
(6.46853e-12 4.40557e-11 0.0752823)
(4.27387e-12 3.21514e-11 0.0515439)
(1.66634e-11 -1.79673e-11 0.0188225)
(2.02086e-11 -2.82272e-11 0.0282039)
(1.44645e-11 -2.4411e-11 0.0334566)
(1.09096e-11 -2.23795e-12 0.0334566)
(1.2402e-11 7.81599e-12 0.0282039)
(9.67633e-12 4.23548e-12 0.0188226)
(-1.36303e-10 -1.53757e-10 0.133451)
(-2.02141e-10 -2.6793e-10 0.190224)
(-2.62962e-10 -1.61749e-10 0.218243)
(-2.70077e-10 4.96613e-11 0.218243)
(-2.85879e-10 7.46673e-11 0.190225)
(9.69969e-11 -2.62772e-11 0.133451)
(-1.34457e-10 -1.54661e-10 0.127306)
(-2.04425e-10 -2.66626e-10 0.181473)
(-2.69479e-10 -1.62467e-10 0.208666)
(-2.81322e-10 5.30249e-11 0.208666)
(-2.89973e-10 5.93542e-11 0.181473)
(8.31432e-11 -2.55682e-11 0.127307)
(-1.21762e-10 -1.47762e-10 0.119284)
(-1.89675e-10 -2.56801e-10 0.170141)
(-2.55667e-10 -1.58888e-10 0.196152)
(-2.73415e-10 5.51076e-11 0.196153)
(-2.73427e-10 3.72213e-11 0.170141)
(8.19973e-11 -3.09759e-11 0.119285)
(-9.74428e-11 -1.31043e-10 0.10873)
(-1.58415e-10 -2.34601e-10 0.155354)
(-2.25063e-10 -1.48435e-10 0.179671)
(-2.47226e-10 5.29924e-11 0.179671)
(-2.32095e-10 1.25371e-12 0.155354)
(1.04277e-10 -4.29687e-11 0.108731)
(-6.97251e-11 -1.05326e-10 0.0947657)
(-1.20833e-10 -2.00163e-10 0.135887)
(-1.8476e-10 -1.30746e-10 0.157765)
(-2.08642e-10 4.79223e-11 0.157765)
(-1.84065e-10 -4.11668e-11 0.135887)
(9.26845e-11 -5.1568e-11 0.0947662)
(-4.64552e-11 -7.38721e-11 0.0762141)
(-9.22494e-11 -1.53392e-10 0.110013)
(-1.59642e-10 -1.03961e-10 0.128345)
(-1.79369e-10 3.87195e-11 0.128346)
(-1.39104e-10 -8.12113e-11 0.110013)
(3.61289e-11 -4.34901e-11 0.0762145)
(-2.56467e-11 -4.01005e-11 0.0515436)
(-6.26566e-11 -9.35808e-11 0.0752821)
(-1.20815e-10 -6.72319e-11 0.0883873)
(-1.3031e-10 2.50682e-11 0.0883874)
(-9.82295e-11 -8.79e-11 0.0752823)
(-4.75209e-11 -1.38943e-11 0.0515439)
(-4.90403e-12 -6.7467e-12 0.0188225)
(-1.74396e-11 -2.32312e-11 0.0282039)
(-3.65572e-11 -1.98651e-11 0.0334566)
(-4.03719e-11 9.82871e-12 0.0334566)
(-3.59729e-11 -4.64662e-11 0.0282039)
(-3.4582e-11 -6.82708e-12 0.0188226)
)
;

boundaryField
{
    inlet
    {
        type            flowRateInletVelocity;
        massFlowRate    
        {
            type            constant;
            value           3.5e-05;
        }
        value           uniform (-0 -0 0.180848);
    }
    outlet
    {
        type            pressureInletOutletVelocity;
        value           nonuniform List<vector> 
228
(
(-1.08969e-10 -7.14872e-11 0.177315)
(-1.48891e-10 -2.49735e-10 0.236286)
(-1.86177e-10 -1.51593e-10 0.265659)
(-1.77733e-10 2.86295e-11 0.265659)
(-2.11719e-10 1.50224e-10 0.236286)
(2.10161e-10 -6.23371e-11 0.177316)
(-1.35157e-10 -1.85927e-10 0.236286)
(-1.4688e-10 -2.56006e-10 0.294523)
(-1.65001e-10 -1.45822e-10 0.323693)
(-1.64658e-10 2.58022e-11 0.323693)
(-1.61295e-10 1.87825e-10 0.294524)
(-6.38137e-11 -1.95616e-11 0.236286)
(-2.36424e-11 -2.61186e-10 0.265659)
(-3.17781e-11 -2.60301e-10 0.323693)
(-3.8341e-11 -1.37936e-10 0.352761)
(-3.51657e-11 3.81335e-11 0.352761)
(-3.15048e-11 2.26063e-10 0.323693)
(1.31292e-11 8.37879e-11 0.265659)
(1.27858e-10 -2.556e-10 0.265659)
(1.26183e-10 -2.53987e-10 0.323693)
(1.27439e-10 -1.3195e-10 0.352761)
(1.27013e-10 3.84938e-11 0.352761)
(1.24377e-10 2.31414e-10 0.323693)
(1.54686e-10 7.92905e-11 0.26566)
(2.89365e-10 -1.66675e-10 0.236286)
(2.96629e-10 -2.28773e-10 0.294524)
(2.89311e-10 -1.28703e-10 0.323693)
(2.978e-10 3.15303e-11 0.323693)
(2.90063e-10 2.27467e-10 0.294524)
(3.05616e-10 -8.35485e-12 0.236287)
(7.55176e-11 -5.48209e-11 0.177316)
(1.19808e-10 -2.26457e-10 0.236286)
(5.60595e-11 -1.34321e-10 0.265659)
(9.72332e-11 4.16865e-11 0.26566)
(-5.14567e-11 2.2833e-10 0.236287)
(-1.39416e-10 -5.60026e-11 0.177316)
(-1.35284e-10 -1.05315e-10 0.133451)
(-1.03228e-10 -2.41945e-10 0.190224)
(-4.19581e-12 -2.85804e-10 0.218243)
(1.23422e-10 -2.86859e-10 0.218243)
(2.76151e-10 -2.11574e-10 0.190225)
(1.77579e-10 -8.63219e-11 0.133451)
(-1.35126e-10 -1.05954e-10 0.127306)
(-9.71535e-11 -2.46015e-10 0.181473)
(-6.66322e-13 -2.85729e-10 0.208666)
(1.22765e-10 -2.86924e-10 0.208666)
(2.71706e-10 -2.13664e-10 0.181473)
(1.80543e-10 -8.68567e-11 0.127307)
(-1.27864e-10 -9.86288e-11 0.119284)
(-8.38033e-11 -2.34812e-10 0.170141)
(5.58321e-12 -2.69854e-10 0.196152)
(1.19368e-10 -2.69546e-10 0.196153)
(2.59503e-10 -2.00487e-10 0.170141)
(1.75997e-10 -7.84089e-11 0.119285)
(-1.11414e-10 -7.8716e-11 0.10873)
(-6.10783e-11 -2.06075e-10 0.155354)
(1.52943e-11 -2.35625e-10 0.179671)
(1.11887e-10 -2.34095e-10 0.179671)
(2.36072e-10 -1.6875e-10 0.155354)
(1.61184e-10 -5.73411e-11 0.108731)
(-8.80189e-11 -5.62911e-11 0.0947657)
(-3.07068e-11 -1.68804e-10 0.135887)
(2.76604e-11 -1.94282e-10 0.157765)
(9.93509e-11 -1.91059e-10 0.157765)
(2.01219e-10 -1.30525e-10 0.135887)
(1.36884e-10 -3.4164e-11 0.0947662)
(-6.26108e-11 -4.73749e-11 0.0762141)
(2.38299e-13 -1.45142e-10 0.110013)
(3.89494e-11 -1.65199e-10 0.128345)
(8.13388e-11 -1.58734e-10 0.128346)
(1.55722e-10 -1.02068e-10 0.110013)
(1.04835e-10 -1.87691e-11 0.0762145)
(-3.55845e-11 -3.77751e-11 0.0515436)
(2.41282e-11 -1.1209e-10 0.0752821)
(4.31629e-11 -1.23261e-10 0.0883873)
(5.48871e-11 -1.16625e-10 0.0883874)
(9.74844e-11 -6.98381e-11 0.0752823)
(6.53061e-11 -7.80464e-12 0.0515439)
(-4.75084e-12 -1.11284e-11 0.0188225)
(2.88009e-11 -3.92352e-11 0.0282039)
(2.78487e-11 -4.05586e-11 0.0334566)
(1.62487e-11 -3.52222e-11 0.0334566)
(2.62452e-11 -1.80435e-11 0.0282039)
(1.80849e-11 2.20521e-12 0.0188226)
(9.24926e-11 -1.55694e-10 0.133451)
(1.51213e-10 -2.77809e-10 0.190225)
(1.50553e-10 -1.61735e-10 0.218244)
(1.72617e-10 1.41732e-11 0.218244)
(7.66945e-11 1.94392e-10 0.190226)
(-1.45497e-11 1.45417e-10 0.133452)
(9.47198e-11 -1.584e-10 0.127307)
(1.59933e-10 -2.81456e-10 0.181474)
(1.76414e-10 -1.6605e-10 0.208667)
(1.93184e-10 9.90809e-12 0.208667)
(1.05457e-10 1.89251e-10 0.181474)
(2.65363e-12 1.59408e-10 0.127308)
(8.94263e-11 -1.53565e-10 0.119285)
(1.54234e-10 -2.76683e-10 0.170142)
(1.89206e-10 -1.67095e-10 0.196153)
(1.98799e-10 3.41123e-12 0.196153)
(1.25195e-10 1.78099e-10 0.170142)
(1.18261e-11 1.66976e-10 0.119286)
(7.07119e-11 -1.38929e-10 0.108731)
(1.25611e-10 -2.59141e-10 0.155354)
(1.76066e-10 -1.62549e-10 0.179672)
(1.76053e-10 -6.50413e-12 0.179672)
(1.18112e-10 1.57516e-10 0.155355)
(1.31899e-12 1.63852e-10 0.108732)
(4.88531e-11 -1.15226e-10 0.0947663)
(9.14639e-11 -2.28294e-10 0.135887)
(1.5238e-10 -1.5165e-10 0.157765)
(1.47952e-10 -1.90588e-11 0.157765)
(1.02788e-10 1.28227e-10 0.135888)
(-1.18382e-11 1.50304e-10 0.0947668)
(3.12463e-11 -8.51418e-11 0.0762146)
(6.3536e-11 -1.8233e-10 0.110013)
(1.42013e-10 -1.30589e-10 0.128346)
(1.35821e-10 -3.02188e-11 0.128346)
(1.05279e-10 9.42396e-11 0.110014)
(-1.3132e-11 1.26837e-10 0.076215)
(1.61091e-11 -5.02218e-11 0.0515439)
(4.07058e-11 -1.19005e-10 0.0752824)
(1.1569e-10 -9.29221e-11 0.0883876)
(1.15415e-10 -3.43859e-11 0.0883876)
(9.38103e-11 5.32103e-11 0.0752826)
(-9.35383e-12 8.87687e-11 0.0515442)
(9.91505e-13 -1.18891e-11 0.0188226)
(9.03364e-12 -3.59301e-11 0.028204)
(3.81966e-11 -3.16789e-11 0.0334567)
(4.04833e-11 -2.3849e-11 0.0334567)
(3.22422e-11 5.13062e-12 0.028204)
(-7.93895e-12 2.9836e-11 0.0188227)
(1.8354e-11 7.96724e-11 0.133451)
(5.95901e-12 9.40174e-11 0.127307)
(-1.27297e-12 9.87881e-11 0.119285)
(1.0076e-13 8.51171e-11 0.108731)
(6.53148e-12 6.8226e-11 0.0947663)
(1.22353e-11 5.99581e-11 0.0762146)
(1.0715e-11 5.03113e-11 0.0515439)
(8.00199e-12 1.81846e-11 0.0188226)
(-8.97432e-11 1.18409e-10 0.190225)
(-9.18286e-11 1.45106e-10 0.181474)
(-8.83642e-11 1.58658e-10 0.170142)
(-7.61194e-11 1.47275e-10 0.155354)
(-5.65383e-11 1.27398e-10 0.135887)
(-3.3852e-11 1.16867e-10 0.110013)
(-1.11307e-11 9.57495e-11 0.0752824)
(7.21424e-12 3.34018e-11 0.028204)
(2.19569e-11 1.68068e-10 0.218244)
(2.31559e-11 1.89696e-10 0.208667)
(2.62441e-11 1.98523e-10 0.196153)
(3.22458e-11 1.80993e-10 0.179672)
(3.99458e-11 1.56064e-10 0.157765)
(4.61319e-11 1.44589e-10 0.128346)
(4.61958e-11 1.19433e-10 0.0883876)
(2.91907e-11 4.15093e-11 0.0334567)
(1.4122e-10 1.6865e-10 0.218244)
(1.39151e-10 1.90572e-10 0.208667)
(1.34548e-10 1.9843e-10 0.196153)
(1.25909e-10 1.79839e-10 0.179672)
(1.1201e-10 1.53514e-10 0.157765)
(9.22339e-11 1.40261e-10 0.128346)
(6.174e-11 1.13615e-10 0.0883876)
(1.70126e-11 3.71124e-11 0.0334567)
(3.13384e-10 9.2295e-11 0.190226)
(3.1189e-10 1.14102e-10 0.181474)
(3.03691e-10 1.2418e-10 0.170142)
(2.84269e-10 1.10043e-10 0.155355)
(2.52954e-10 8.69674e-11 0.135888)
(2.07993e-10 7.40967e-11 0.110014)
(1.41704e-10 5.40822e-11 0.0752826)
(4.66034e-11 1.26838e-11 0.028204)
(1.08829e-10 2.733e-11 0.133452)
(1.23859e-10 3.91725e-11 0.127308)
(1.33064e-10 4.32669e-11 0.119286)
(1.32536e-10 2.97017e-11 0.108732)
(1.22093e-10 1.3262e-11 0.0947668)
(1.01287e-10 1.30277e-12 0.076215)
(6.92713e-11 -5.36089e-12 0.0515442)
(2.31568e-11 -6.96481e-12 0.0188227)
(-1.36303e-10 -1.53757e-10 0.133451)
(-1.34457e-10 -1.54661e-10 0.127306)
(-1.21762e-10 -1.47762e-10 0.119284)
(-9.74428e-11 -1.31043e-10 0.10873)
(-6.97251e-11 -1.05326e-10 0.0947657)
(-4.64552e-11 -7.38721e-11 0.0762141)
(-2.56467e-11 -4.01005e-11 0.0515436)
(-4.90403e-12 -6.7467e-12 0.0188225)
(-2.02141e-10 -2.6793e-10 0.190224)
(-2.04425e-10 -2.66626e-10 0.181473)
(-1.89675e-10 -2.56801e-10 0.170141)
(-1.58415e-10 -2.34601e-10 0.155354)
(-1.20833e-10 -2.00163e-10 0.135887)
(-9.22494e-11 -1.53392e-10 0.110013)
(-6.26566e-11 -9.35808e-11 0.0752821)
(-1.74396e-11 -2.32312e-11 0.0282039)
(-2.62962e-10 -1.61749e-10 0.218243)
(-2.69479e-10 -1.62467e-10 0.208666)
(-2.55667e-10 -1.58888e-10 0.196152)
(-2.25063e-10 -1.48435e-10 0.179671)
(-1.8476e-10 -1.30746e-10 0.157765)
(-1.59642e-10 -1.03961e-10 0.128345)
(-1.20815e-10 -6.72319e-11 0.0883873)
(-3.65572e-11 -1.98651e-11 0.0334566)
(-2.70077e-10 4.96613e-11 0.218243)
(-2.81322e-10 5.30249e-11 0.208666)
(-2.73415e-10 5.51076e-11 0.196153)
(-2.47226e-10 5.29924e-11 0.179671)
(-2.08642e-10 4.79223e-11 0.157765)
(-1.79369e-10 3.87195e-11 0.128346)
(-1.3031e-10 2.50682e-11 0.0883874)
(-4.03719e-11 9.82871e-12 0.0334566)
(-2.85879e-10 7.46673e-11 0.190225)
(-2.89973e-10 5.93542e-11 0.181473)
(-2.73427e-10 3.72213e-11 0.170141)
(-2.32095e-10 1.25371e-12 0.155354)
(-1.84065e-10 -4.11668e-11 0.135887)
(-1.39104e-10 -8.12113e-11 0.110013)
(-9.82295e-11 -8.79e-11 0.0752823)
(-3.59729e-11 -4.64662e-11 0.0282039)
(9.69969e-11 -2.62772e-11 0.133451)
(8.31432e-11 -2.55682e-11 0.127307)
(8.19973e-11 -3.09759e-11 0.119285)
(1.04277e-10 -4.29687e-11 0.108731)
(9.26845e-11 -5.1568e-11 0.0947662)
(3.61289e-11 -4.34901e-11 0.0762145)
(-4.75209e-11 -1.38943e-11 0.0515439)
(-3.4582e-11 -6.82708e-12 0.0188226)
)
;
    }
    wall
    {
        type            noSlip;
    }
}


// ************************************************************************* //
