/*--------------------------------*- C++ -*----------------------------------*\
  =========                 |
  \\      /  F ield         | OpenFOAM: The Open Source CFD Toolbox
   \\    /   O peration     | Website:  https://openfoam.org
    \\  /    A nd           | Version:  12
     \\/     M anipulation  |
\*---------------------------------------------------------------------------*/
FoamFile
{
    format      ascii;
    class       surfaceScalarField;
    location    "625";
    object      phi;
}
// * * * * * * * * * * * * * * * * * * * * * * * * * * * * * * * * * * * * * //

dimensions      [1 0 -1 0 0 0 0];

internalField   nonuniform List<scalar> 
53532
(
1.79531e-07
1.79531e-07
5.11409e-07
-2.09853e-07
-2.09853e-07
9.51901e-08
1.93252e-07
5.90116e-07
-2.48262e-07
9.95065e-17
1.98919e-07
6.1626e-07
-2.69223e-07
-9.51901e-08
1.98919e-07
6.1626e-07
-2.69223e-07
-1.79531e-07
1.93252e-07
5.90116e-07
-2.48262e-07
1.79531e-07
5.11409e-07
-2.09853e-07
-2.09853e-07
1.93252e-07
9.51901e-08
5.90116e-07
-2.48262e-07
1.0064e-07
1.0064e-07
6.35989e-07
1.0068e-16
1.02114e-07
6.4821e-07
-1.0064e-07
1.02114e-07
6.4821e-07
-1.93252e-07
1.0064e-07
6.35989e-07
9.51901e-08
5.90116e-07
-2.48262e-07
1.98919e-07
6.59287e-17
6.1626e-07
-2.69223e-07
1.02114e-07
7.16981e-17
6.4821e-07
9.59663e-17
7.06219e-17
6.54993e-07
-1.02114e-07
6.48283e-17
6.54993e-07
-1.98919e-07
5.5753e-17
6.4821e-07
4.08532e-17
6.1626e-07
-2.69223e-07
1.98919e-07
-9.51901e-08
6.1626e-07
-2.69223e-07
1.02114e-07
-1.0064e-07
6.4821e-07
8.93866e-17
-1.02114e-07
6.54993e-07
-1.02114e-07
-1.02114e-07
6.54993e-07
-1.98919e-07
-1.0064e-07
6.4821e-07
-9.51901e-08
6.1626e-07
-2.69223e-07
1.93252e-07
-1.79531e-07
5.90116e-07
-2.48262e-07
1.0064e-07
-1.93252e-07
6.35989e-07
8.71878e-17
-1.98919e-07
6.4821e-07
-1.0064e-07
-1.98919e-07
6.4821e-07
-1.93252e-07
-1.93252e-07
6.35989e-07
-1.79531e-07
5.90116e-07
-2.48262e-07
1.79531e-07
5.11409e-07
-2.09853e-07
-2.09853e-07
9.51901e-08
5.90116e-07
-2.48262e-07
8.78007e-17
6.1626e-07
-2.69223e-07
-9.51901e-08
6.1626e-07
-2.69223e-07
-1.79531e-07
5.90116e-07
-2.48262e-07
5.11409e-07
-2.09853e-07
-2.09853e-07
4.75614e-08
4.75614e-08
4.81411e-07
-3.25627e-08
-3.25627e-08
3.14944e-08
6.24856e-08
6.01197e-07
-5.75001e-08
-3.84847e-17
6.94041e-08
6.49375e-07
-7.10255e-08
-3.14944e-08
6.94041e-08
6.49375e-07
-7.10255e-08
-4.75614e-08
6.24856e-08
6.01197e-07
-5.75001e-08
4.75614e-08
4.81411e-07
-3.25627e-08
-3.25627e-08
6.24856e-08
3.14944e-08
6.01197e-07
-5.75001e-08
3.77707e-08
3.77707e-08
6.85419e-07
2.03789e-17
4.02996e-08
7.15085e-07
-3.77707e-08
4.02996e-08
7.15085e-07
-6.24856e-08
3.77707e-08
6.85419e-07
3.14944e-08
6.01197e-07
-5.75001e-08
6.94041e-08
-3.99973e-16
6.49375e-07
-7.10255e-08
4.02996e-08
-2.25889e-16
7.15085e-07
5.40437e-17
-1.34057e-16
7.35592e-07
-4.02996e-08
-6.81445e-17
7.35592e-07
-6.94041e-08
-5.21058e-17
7.15085e-07
-4.24724e-17
6.49375e-07
-7.10255e-08
6.94041e-08
-3.14944e-08
6.49375e-07
-7.10255e-08
4.02996e-08
-3.77707e-08
7.15085e-07
1.24244e-16
-4.02996e-08
7.35592e-07
-4.02996e-08
-4.02996e-08
7.35592e-07
-6.94041e-08
-3.77707e-08
7.15085e-07
-3.14944e-08
6.49375e-07
-7.10255e-08
6.24856e-08
-4.75614e-08
6.01197e-07
-5.75001e-08
3.77707e-08
-6.24856e-08
6.85419e-07
1.80269e-16
-6.94041e-08
7.15085e-07
-3.77707e-08
-6.94041e-08
7.15085e-07
-6.24856e-08
-6.24856e-08
6.85419e-07
-4.75614e-08
6.01197e-07
-5.75001e-08
4.75614e-08
4.81411e-07
-3.25627e-08
-3.25627e-08
3.14944e-08
6.01197e-07
-5.75001e-08
2.96104e-16
6.49375e-07
-7.10255e-08
-3.14944e-08
6.49375e-07
-7.10255e-08
-4.75614e-08
6.01197e-07
-5.75001e-08
4.81411e-07
-3.25627e-08
-3.25627e-08
2.93655e-08
2.93655e-08
4.6441e-07
-2.08647e-08
-2.08647e-08
2.02752e-08
4.71534e-08
6.04349e-07
-4.1215e-08
3.00464e-16
5.57302e-08
6.66197e-07
-5.22766e-08
-2.02752e-08
5.57302e-08
6.66197e-07
-5.22766e-08
-2.93655e-08
4.71534e-08
6.04349e-07
-4.1215e-08
2.93655e-08
4.6441e-07
-2.08647e-08
-2.08647e-08
4.71534e-08
2.02752e-08
6.04349e-07
-4.1215e-08
2.9742e-08
2.9742e-08
7.20242e-07
3.38519e-16
3.39782e-08
7.66579e-07
-2.9742e-08
3.39782e-08
7.66579e-07
-4.71534e-08
2.9742e-08
7.20242e-07
2.02752e-08
6.04349e-07
-4.1215e-08
5.57302e-08
-4.11771e-16
6.66197e-07
-5.22766e-08
3.39782e-08
-3.19778e-16
7.66579e-07
3.79402e-16
-2.24255e-16
8.03548e-07
-3.39782e-08
-1.53393e-16
8.03548e-07
-5.57302e-08
-1.34685e-16
7.66579e-07
-1.25699e-16
6.66197e-07
-5.22766e-08
5.57302e-08
-2.02752e-08
6.66197e-07
-5.22766e-08
3.39782e-08
-2.9742e-08
7.66579e-07
4.52238e-16
-3.39782e-08
8.03548e-07
-3.39782e-08
-3.39782e-08
8.03548e-07
-5.57302e-08
-2.9742e-08
7.66579e-07
-2.02752e-08
6.66197e-07
-5.22766e-08
4.71534e-08
-2.93655e-08
6.04349e-07
-4.1215e-08
2.9742e-08
-4.71534e-08
7.20242e-07
5.15835e-16
-5.57302e-08
7.66579e-07
-2.9742e-08
-5.57302e-08
7.66579e-07
-4.71534e-08
-4.71534e-08
7.20242e-07
-2.93655e-08
6.04349e-07
-4.1215e-08
2.93655e-08
4.6441e-07
-2.08647e-08
-2.08647e-08
2.02752e-08
6.04349e-07
-4.1215e-08
5.67266e-16
6.66197e-07
-5.22766e-08
-2.02752e-08
6.66197e-07
-5.22766e-08
-2.93655e-08
6.04349e-07
-4.1215e-08
4.6441e-07
-2.08647e-08
-2.08647e-08
7.26516e-09
7.26516e-09
4.53412e-07
-1.76633e-09
-1.76633e-09
6.67971e-09
1.60069e-08
5.96922e-07
-7.9939e-09
6.61284e-17
2.13772e-08
6.64334e-07
-1.28344e-08
-6.67971e-09
2.13772e-08
6.64334e-07
-1.28344e-08
-7.26516e-09
1.60069e-08
5.96922e-07
-7.9939e-09
7.26516e-09
4.53412e-07
-1.76633e-09
-1.76633e-09
1.60069e-08
6.67971e-09
5.96922e-07
-7.9939e-09
1.25458e-08
1.25458e-08
7.27164e-07
1.31415e-16
1.57954e-08
7.84706e-07
-1.25458e-08
1.57954e-08
7.84706e-07
-1.60069e-08
1.25458e-08
7.27164e-07
6.67971e-09
5.96922e-07
-7.9939e-09
2.13772e-08
-6.65902e-16
6.64334e-07
-1.28344e-08
1.57954e-08
-5.99397e-16
7.84706e-07
1.88368e-16
-4.79416e-16
8.35139e-07
-1.57954e-08
-4.19628e-16
8.35139e-07
-2.13772e-08
-3.84098e-16
7.84706e-07
-4.22522e-16
6.64334e-07
-1.28344e-08
2.13772e-08
-6.67972e-09
6.64334e-07
-1.28344e-08
1.57954e-08
-1.25458e-08
7.84706e-07
2.67902e-16
-1.57954e-08
8.35139e-07
-1.57954e-08
-1.57954e-08
8.35139e-07
-2.13772e-08
-1.25458e-08
7.84706e-07
-6.67972e-09
6.64334e-07
-1.28344e-08
1.60069e-08
-7.26516e-09
5.96922e-07
-7.9939e-09
1.25458e-08
-1.60069e-08
7.27164e-07
3.17369e-16
-2.13772e-08
7.84706e-07
-1.25458e-08
-2.13772e-08
7.84706e-07
-1.60069e-08
-1.60069e-08
7.27164e-07
-7.26516e-09
5.96922e-07
-7.9939e-09
7.26516e-09
4.53412e-07
-1.76633e-09
-1.76633e-09
6.67972e-09
5.96922e-07
-7.9939e-09
3.54577e-16
6.64334e-07
-1.28344e-08
-6.67971e-09
6.64334e-07
-1.28344e-08
-7.26516e-09
5.96922e-07
-7.9939e-09
4.53412e-07
-1.76633e-09
-1.76633e-09
3.47558e-09
3.47558e-09
4.48705e-07
-1.12231e-09
-1.12231e-09
3.28648e-09
7.78873e-09
5.93116e-07
-3.79418e-09
3.26946e-16
1.09386e-08
6.62793e-07
-6.11156e-09
-3.28648e-09
1.09386e-08
6.62793e-07
-6.11156e-09
-3.47558e-09
7.78873e-09
5.93116e-07
-3.79418e-09
3.47558e-09
4.48705e-07
-1.12231e-09
-1.12231e-09
7.78873e-09
3.28648e-09
5.93116e-07
-3.79418e-09
6.58549e-09
6.58549e-09
7.2957e-07
3.59784e-16
8.78698e-09
7.93443e-07
-6.58549e-09
8.78698e-09
7.93443e-07
-7.78873e-09
6.58549e-09
7.2957e-07
3.28648e-09
5.93116e-07
-3.79418e-09
1.09386e-08
-3.52941e-16
6.62793e-07
-6.11156e-09
8.78698e-09
-3.6955e-16
7.93443e-07
3.86967e-16
-3.35268e-16
8.52713e-07
-8.78698e-09
-3.15921e-16
8.52713e-07
-1.09386e-08
-3.25448e-16
7.93443e-07
-4.49607e-16
6.62793e-07
-6.11156e-09
1.09386e-08
-3.28648e-09
6.62793e-07
-6.11156e-09
8.78698e-09
-6.58549e-09
7.93443e-07
4.2288e-16
-8.78698e-09
8.52713e-07
-8.78698e-09
-8.78698e-09
8.52713e-07
-1.09386e-08
-6.58549e-09
7.93443e-07
-3.28648e-09
6.62793e-07
-6.11156e-09
7.78873e-09
-3.47558e-09
5.93116e-07
-3.79418e-09
6.58549e-09
-7.78873e-09
7.2957e-07
4.10622e-16
-1.09386e-08
7.93443e-07
-6.58549e-09
-1.09386e-08
7.93443e-07
-7.78873e-09
-7.78873e-09
7.2957e-07
-3.47558e-09
5.93116e-07
-3.79418e-09
3.47558e-09
4.48705e-07
-1.12231e-09
-1.12231e-09
3.28648e-09
5.93116e-07
-3.79418e-09
3.29482e-16
6.62793e-07
-6.11156e-09
-3.28648e-09
6.62793e-07
-6.11156e-09
-3.47558e-09
5.93116e-07
-3.79418e-09
4.48705e-07
-1.12231e-09
-1.12231e-09
2.51309e-09
2.51309e-09
4.4611e-07
-1.21537e-09
-1.21537e-09
2.15437e-09
4.99327e-09
5.91455e-07
-2.97286e-09
4.80574e-16
6.8069e-09
6.62465e-07
-4.32387e-09
-2.15437e-09
6.8069e-09
6.62465e-07
-4.32387e-09
-2.51309e-09
4.99327e-09
5.91455e-07
-2.97286e-09
2.51309e-09
4.4611e-07
-1.21537e-09
-1.21537e-09
4.99327e-09
2.15437e-09
5.91455e-07
-2.97286e-09
4.08213e-09
4.08213e-09
7.31393e-07
4.83201e-16
5.44146e-09
7.98891e-07
-4.08213e-09
5.44146e-09
7.98891e-07
-4.99327e-09
4.08213e-09
7.31393e-07
2.15437e-09
5.91455e-07
-2.97286e-09
6.8069e-09
-3.14414e-16
6.62465e-07
-4.32387e-09
5.44146e-09
-3.42564e-16
7.98891e-07
4.98139e-16
-2.90523e-16
8.63596e-07
-5.44146e-09
-2.32182e-16
8.63596e-07
-6.8069e-09
-1.48672e-16
7.98891e-07
-4.26298e-17
6.62465e-07
-4.32387e-09
6.8069e-09
-2.15437e-09
6.62465e-07
-4.32387e-09
5.44146e-09
-4.08213e-09
7.98891e-07
5.93856e-16
-5.44146e-09
8.63596e-07
-5.44146e-09
-5.44146e-09
8.63596e-07
-6.8069e-09
-4.08213e-09
7.98891e-07
-2.15437e-09
6.62465e-07
-4.32387e-09
4.99327e-09
-2.51309e-09
5.91455e-07
-2.97286e-09
4.08213e-09
-4.99327e-09
7.31393e-07
7.01934e-16
-6.8069e-09
7.98891e-07
-4.08213e-09
-6.8069e-09
7.98891e-07
-4.99327e-09
-4.99327e-09
7.31393e-07
-2.51309e-09
5.91455e-07
-2.97286e-09
2.51309e-09
4.4611e-07
-1.21537e-09
-1.21538e-09
2.15437e-09
5.91455e-07
-2.97286e-09
8.79062e-16
6.62465e-07
-4.32387e-09
-2.15437e-09
6.62465e-07
-4.32387e-09
-2.51309e-09
5.91455e-07
-2.97286e-09
4.4611e-07
-1.21537e-09
-1.21537e-09
1.41042e-09
1.41042e-09
4.445e-07
-6.05663e-10
-6.05663e-10
1.24256e-09
2.78889e-09
5.90425e-07
-1.59173e-09
6.95425e-17
3.79731e-09
6.62263e-07
-2.35261e-09
-1.24256e-09
3.79731e-09
6.62263e-07
-2.35261e-09
-1.41042e-09
2.78889e-09
5.90425e-07
-1.59173e-09
1.41042e-09
4.445e-07
-6.05663e-10
-6.05663e-10
2.78889e-09
1.24256e-09
5.90425e-07
-1.59173e-09
2.3142e-09
2.3142e-09
7.32342e-07
1.17976e-16
3.08997e-09
8.01913e-07
-2.3142e-09
3.08997e-09
8.01913e-07
-2.78889e-09
2.3142e-09
7.32342e-07
1.24256e-09
5.90425e-07
-1.59173e-09
3.79731e-09
1.66416e-16
6.62263e-07
-2.35261e-09
3.08997e-09
-5.62703e-17
8.01913e-07
1.10523e-16
-1.52468e-16
8.69776e-07
-3.08997e-09
-1.96309e-16
8.69776e-07
-3.79731e-09
-1.99909e-16
8.01913e-07
-2.69825e-16
6.62263e-07
-2.35261e-09
3.79731e-09
-1.24256e-09
6.62263e-07
-2.35261e-09
3.08997e-09
-2.3142e-09
8.01913e-07
9.75963e-17
-3.08997e-09
8.69776e-07
-3.08997e-09
-3.08997e-09
8.69776e-07
-3.79731e-09
-2.3142e-09
8.01913e-07
-1.24256e-09
6.62263e-07
-2.35261e-09
2.78889e-09
-1.41042e-09
5.90425e-07
-1.59173e-09
2.3142e-09
-2.78889e-09
7.32342e-07
7.42355e-18
-3.79731e-09
8.01913e-07
-2.3142e-09
-3.79731e-09
8.01913e-07
-2.78889e-09
-2.78889e-09
7.32342e-07
-1.41042e-09
5.90425e-07
-1.59173e-09
1.41042e-09
4.445e-07
-6.05663e-10
-6.05662e-10
1.24256e-09
5.90425e-07
-1.59173e-09
-1.87177e-16
6.62263e-07
-2.35261e-09
-1.24256e-09
6.62263e-07
-2.35261e-09
-1.41042e-09
5.90425e-07
-1.59173e-09
4.445e-07
-6.05663e-10
-6.05665e-10
8.78315e-10
8.78315e-10
4.43531e-07
-3.93794e-10
-3.93794e-10
7.64631e-10
1.70675e-09
5.89843e-07
-1.01042e-09
8.21752e-16
2.30126e-09
6.62201e-07
-1.47517e-09
-7.6463e-10
2.30126e-09
6.62201e-07
-1.47517e-09
-8.78314e-10
1.70675e-09
5.89843e-07
-1.01042e-09
8.78315e-10
4.43531e-07
-3.93794e-10
-3.93794e-10
1.70675e-09
7.64631e-10
5.89843e-07
-1.01042e-09
1.39033e-09
1.39033e-09
7.32975e-07
7.89714e-16
1.83947e-09
8.03765e-07
-1.39033e-09
1.83947e-09
8.03765e-07
-1.70675e-09
1.39033e-09
7.32975e-07
7.64631e-10
5.89843e-07
-1.01042e-09
2.30126e-09
9.22355e-17
6.62201e-07
-1.47517e-09
1.83947e-09
-2.32412e-18
8.03765e-07
7.8605e-16
-4.49688e-17
8.73455e-07
-1.83947e-09
-6.06646e-18
8.73455e-07
-2.30126e-09
1.13774e-16
8.03765e-07
3.17781e-16
6.62201e-07
-1.47517e-09
2.30126e-09
-7.64631e-10
6.62201e-07
-1.47517e-09
1.83947e-09
-1.39033e-09
8.03765e-07
8.51547e-16
-1.83947e-09
8.73455e-07
-1.83947e-09
-1.83947e-09
8.73455e-07
-2.30126e-09
-1.39033e-09
8.03765e-07
-7.6463e-10
6.62201e-07
-1.47517e-09
1.70675e-09
-8.78315e-10
5.89843e-07
-1.01042e-09
1.39033e-09
-1.70675e-09
7.32975e-07
9.72429e-16
-2.30126e-09
8.03765e-07
-1.39033e-09
-2.30126e-09
8.03765e-07
-1.70675e-09
-1.70675e-09
7.32975e-07
-8.78314e-10
5.89843e-07
-1.01042e-09
8.78317e-10
4.43531e-07
-3.93794e-10
-3.93796e-10
7.64632e-10
5.89843e-07
-1.01042e-09
1.18241e-15
6.62201e-07
-1.47517e-09
-7.64629e-10
6.62201e-07
-1.47517e-09
-8.78313e-10
5.89843e-07
-1.01042e-09
4.43531e-07
-3.93794e-10
-3.93793e-10
5.52539e-10
5.52539e-10
4.42935e-07
-2.54506e-10
-2.54507e-10
4.74322e-10
1.06727e-09
5.895e-07
-6.46603e-10
5.52842e-16
1.42887e-09
6.62185e-07
-9.38148e-10
-4.74321e-10
1.42887e-09
6.62185e-07
-9.38148e-10
-5.52538e-10
1.06727e-09
5.895e-07
-6.46603e-10
5.52539e-10
4.42935e-07
-2.54507e-10
-2.54506e-10
1.06727e-09
4.74322e-10
5.895e-07
-6.46603e-10
8.54405e-10
8.54404e-10
7.33401e-07
6.05629e-16
1.12021e-09
8.04928e-07
-8.54403e-10
1.12021e-09
8.04928e-07
-1.06727e-09
8.54404e-10
7.33401e-07
4.74321e-10
5.895e-07
-6.46602e-10
1.42887e-09
8.41086e-16
6.62185e-07
-9.38148e-10
1.12021e-09
5.7987e-16
8.04928e-07
5.66442e-16
3.92886e-16
8.75695e-07
-1.12021e-09
3.03825e-16
8.75695e-07
-1.42887e-09
2.91475e-16
8.04928e-07
2.57384e-16
6.62185e-07
-9.38148e-10
1.42887e-09
-4.7432e-10
6.62185e-07
-9.38148e-10
1.12021e-09
-8.54403e-10
8.04928e-07
5.08532e-16
-1.12021e-09
8.75695e-07
-1.12021e-09
-1.12021e-09
8.75695e-07
-1.42887e-09
-8.54404e-10
8.04928e-07
-4.74321e-10
6.62185e-07
-9.38148e-10
1.06727e-09
-5.52537e-10
5.895e-07
-6.46603e-10
8.54404e-10
-1.06727e-09
7.33401e-07
3.91155e-16
-1.42887e-09
8.04928e-07
-8.54404e-10
-1.42887e-09
8.04928e-07
-1.06727e-09
-1.06727e-09
7.33401e-07
-5.52539e-10
5.895e-07
-6.46603e-10
5.52539e-10
4.42935e-07
-2.54506e-10
-2.54506e-10
4.74321e-10
5.895e-07
-6.46602e-10
1.33935e-16
6.62185e-07
-9.38148e-10
-4.74321e-10
6.62185e-07
-9.38148e-10
-5.52539e-10
5.895e-07
-6.46603e-10
4.42935e-07
-2.54507e-10
-2.54508e-10
3.36622e-10
3.36622e-10
4.42566e-07
-1.52161e-10
-1.52161e-10
2.88953e-10
6.53309e-10
5.89287e-07
-3.92782e-10
1.57336e-15
8.74302e-10
6.62172e-07
-5.72735e-10
-2.88951e-10
8.74302e-10
6.62172e-07
-5.72735e-10
-3.3662e-10
6.53309e-10
5.89287e-07
-3.92782e-10
3.36622e-10
4.42566e-07
-1.52161e-10
-1.5216e-10
6.53309e-10
2.88953e-10
5.89287e-07
-3.92782e-10
5.21191e-10
5.2119e-10
7.33665e-07
1.58347e-15
6.80956e-10
8.05642e-07
-5.21188e-10
6.80956e-10
8.05642e-07
-6.53307e-10
5.2119e-10
7.33665e-07
2.88953e-10
5.89287e-07
-3.92781e-10
8.74303e-10
5.82395e-16
6.62172e-07
-5.72735e-10
6.80957e-10
5.10421e-16
8.05642e-07
1.5319e-15
4.06582e-16
8.77057e-07
-6.80954e-10
3.79374e-16
8.77057e-07
-8.743e-10
4.66281e-16
8.05642e-07
6.00407e-16
6.62172e-07
-5.72733e-10
8.74303e-10
-2.88952e-10
6.62172e-07
-5.72735e-10
6.80957e-10
-5.21189e-10
8.05642e-07
1.53602e-15
-6.80955e-10
8.77057e-07
-6.80954e-10
-6.80955e-10
8.77057e-07
-8.743e-10
-5.2119e-10
8.05642e-07
-2.88952e-10
6.62172e-07
-5.72733e-10
6.5331e-10
-3.36621e-10
5.89287e-07
-3.92783e-10
5.21191e-10
-6.53308e-10
7.33665e-07
1.60081e-15
-8.74302e-10
8.05642e-07
-5.21188e-10
-8.74302e-10
8.05642e-07
-6.53307e-10
-6.53308e-10
7.33665e-07
-3.36621e-10
5.89287e-07
-3.92781e-10
3.36623e-10
4.42566e-07
-1.5216e-10
-1.52163e-10
2.88954e-10
5.89287e-07
-3.92782e-10
1.70154e-15
6.62172e-07
-5.72735e-10
-2.8895e-10
6.62172e-07
-5.72735e-10
-3.3662e-10
5.89287e-07
-3.92782e-10
4.42566e-07
-1.5216e-10
-1.52159e-10
2.07648e-10
2.0765e-10
4.42339e-07
-9.39749e-11
-9.39735e-11
1.77797e-10
4.03078e-10
5.89157e-07
-2.42465e-10
8.19191e-17
5.39169e-10
6.62164e-07
-3.5357e-10
-1.77797e-10
5.39169e-10
6.62164e-07
-3.53569e-10
-2.07648e-10
4.03078e-10
5.89157e-07
-2.42464e-10
2.07649e-10
4.42339e-07
-9.39742e-11
-9.39742e-11
4.03077e-10
1.77798e-10
5.89157e-07
-2.42464e-10
3.20719e-10
3.20719e-10
7.3383e-07
2.65329e-16
4.18388e-10
8.06084e-07
-3.20718e-10
4.18388e-10
8.06084e-07
-4.03077e-10
3.20719e-10
7.3383e-07
1.77798e-10
5.89157e-07
-2.42464e-10
5.39169e-10
8.62488e-16
6.62164e-07
-3.53569e-10
4.18387e-10
6.8889e-16
8.06084e-07
2.24188e-16
4.94071e-16
8.77894e-07
-4.18387e-10
3.93296e-16
8.77894e-07
-5.39168e-10
3.82933e-16
8.06084e-07
3.30138e-16
6.62164e-07
-3.53569e-10
5.39168e-10
-1.77797e-10
6.62164e-07
-3.53569e-10
4.18387e-10
-3.20718e-10
8.06084e-07
1.54585e-16
-4.18387e-10
8.77894e-07
-4.18387e-10
-4.18387e-10
8.77894e-07
-5.39168e-10
-3.20718e-10
8.06084e-07
-1.77797e-10
6.62164e-07
-3.53569e-10
4.03077e-10
-2.07648e-10
5.89157e-07
-2.42464e-10
3.20719e-10
-4.03077e-10
7.3383e-07
3.46911e-17
-5.39168e-10
8.06084e-07
-3.20719e-10
-5.39169e-10
8.06084e-07
-4.03077e-10
-4.03077e-10
7.3383e-07
-2.07649e-10
5.89157e-07
-2.42464e-10
2.07648e-10
4.42339e-07
-9.39745e-11
-9.39719e-11
1.77797e-10
5.89157e-07
-2.42464e-10
-3.41744e-16
6.62164e-07
-3.5357e-10
-1.77797e-10
6.62164e-07
-3.53569e-10
-2.07649e-10
5.89157e-07
-2.42464e-10
4.42339e-07
-9.39742e-11
-9.39758e-11
1.28383e-10
1.28384e-10
4.42199e-07
-5.82071e-11
-5.82062e-11
1.09789e-10
2.49122e-10
5.89076e-07
-1.49961e-10
-1.54796e-16
3.33183e-10
6.62159e-07
-2.18572e-10
-1.0979e-10
3.33183e-10
6.62159e-07
-2.18572e-10
-1.28384e-10
2.49122e-10
5.89076e-07
-1.49961e-10
1.28385e-10
4.42199e-07
-5.82074e-11
-5.82073e-11
2.49121e-10
1.0979e-10
5.89076e-07
-1.49959e-10
1.98037e-10
1.98038e-10
7.33932e-07
3.73419e-17
2.58286e-10
8.06357e-07
-1.98037e-10
2.58286e-10
8.06357e-07
-2.49121e-10
1.98038e-10
7.33932e-07
1.0979e-10
5.89076e-07
-1.4996e-10
3.33182e-10
4.54692e-16
6.62159e-07
-2.18571e-10
2.58285e-10
5.73043e-16
8.06357e-07
1.39713e-16
5.98281e-16
8.7841e-07
-2.58285e-10
6.94008e-16
8.7841e-07
-3.33182e-10
8.63637e-16
8.06357e-07
1.01349e-15
6.62159e-07
-2.18572e-10
3.33182e-10
-1.0979e-10
6.62159e-07
-2.18571e-10
2.58285e-10
-1.98037e-10
8.06357e-07
2.67624e-16
-2.58285e-10
8.7841e-07
-2.58285e-10
-2.58284e-10
8.7841e-07
-3.33182e-10
-1.98036e-10
8.06357e-07
-1.09788e-10
6.62159e-07
-2.18572e-10
2.49121e-10
-1.28384e-10
5.89076e-07
-1.49959e-10
1.98037e-10
-2.49121e-10
7.33932e-07
3.98428e-16
-3.33182e-10
8.06357e-07
-1.98037e-10
-3.33182e-10
8.06357e-07
-2.49121e-10
-2.49121e-10
7.33932e-07
-1.28383e-10
5.89076e-07
-1.49961e-10
1.28384e-10
4.42199e-07
-5.8207e-11
-5.82082e-11
1.0979e-10
5.89076e-07
-1.49961e-10
5.53325e-16
6.62159e-07
-2.18572e-10
-1.09789e-10
6.62159e-07
-2.18572e-10
-1.28383e-10
5.89076e-07
-1.4996e-10
4.42199e-07
-5.82074e-11
-5.82054e-11
7.91884e-11
7.91881e-11
4.42112e-07
-3.5837e-11
-3.58373e-11
6.77637e-11
1.53719e-10
5.89026e-07
-9.24092e-11
7.58422e-16
2.05676e-10
6.62156e-07
-1.34746e-10
-6.77623e-11
2.05676e-10
6.62156e-07
-1.34746e-10
-7.91869e-11
1.53719e-10
5.89026e-07
-9.24096e-11
7.91884e-11
4.42112e-07
-3.58373e-11
-3.58366e-11
1.53719e-10
6.77638e-11
5.89026e-07
-9.24097e-11
1.22278e-10
1.22279e-10
7.33995e-07
7.28342e-16
1.59561e-10
8.06525e-07
-1.22277e-10
1.59561e-10
8.06525e-07
-1.53718e-10
1.22279e-10
7.33995e-07
6.77636e-11
5.89026e-07
-9.24088e-11
2.05676e-10
1.08998e-15
6.62156e-07
-1.34746e-10
1.59561e-10
9.26999e-16
8.06525e-07
6.78757e-16
7.54259e-16
8.78729e-07
-1.5956e-10
6.73067e-16
8.78729e-07
-2.05674e-10
6.55916e-16
8.06525e-07
5.26756e-16
6.62156e-07
-1.34746e-10
2.05675e-10
-6.77618e-11
6.62156e-07
-1.34746e-10
1.59561e-10
-1.22277e-10
8.06525e-07
6.20902e-16
-1.5956e-10
8.78729e-07
-1.5956e-10
-1.5956e-10
8.78729e-07
-2.05674e-10
-1.22277e-10
8.06525e-07
-6.77628e-11
6.62156e-07
-1.34746e-10
1.53719e-10
-7.9186e-11
5.89026e-07
-9.24098e-11
1.22278e-10
-1.53718e-10
7.33995e-07
5.20743e-16
-2.05674e-10
8.06525e-07
-1.22277e-10
-2.05675e-10
8.06525e-07
-1.53718e-10
-1.53718e-10
7.33995e-07
-7.9188e-11
5.89026e-07
-9.2409e-11
7.91877e-11
4.42112e-07
-3.58365e-11
-3.58355e-11
6.77632e-11
5.89026e-07
-9.24088e-11
3.169e-16
6.62156e-07
-1.34746e-10
-6.77627e-11
6.62156e-07
-1.34746e-10
-7.91877e-11
5.89026e-07
-9.24091e-11
4.42112e-07
-3.58366e-11
-3.58386e-11
4.89398e-11
4.89394e-11
4.42058e-07
-2.21571e-11
-2.21576e-11
4.18923e-11
9.50039e-11
5.88995e-07
-5.71098e-11
7.39367e-16
1.2715e-10
6.62154e-07
-8.32734e-11
-4.1891e-11
1.2715e-10
6.62154e-07
-8.32735e-11
-4.89386e-11
9.50043e-11
5.88995e-07
-5.71102e-11
4.89401e-11
4.42058e-07
-2.21576e-11
-2.21572e-11
9.50041e-11
4.18921e-11
5.88995e-07
-5.71101e-11
7.56075e-11
7.56074e-11
7.34034e-07
8.00675e-16
9.87067e-11
8.06629e-07
-7.5606e-11
9.87068e-11
8.06629e-07
-9.50027e-11
7.56077e-11
7.34034e-07
4.18926e-11
5.88995e-07
-5.71095e-11
1.2715e-10
5.77644e-16
6.62154e-07
-8.32736e-11
9.87068e-11
7.00238e-16
8.06629e-07
8.27391e-16
7.37464e-16
8.78927e-07
-9.87052e-11
8.18828e-16
8.78927e-07
-1.27149e-10
9.4647e-16
8.06629e-07
1.02414e-15
6.62154e-07
-8.32732e-11
1.2715e-10
-4.18911e-11
6.62154e-07
-8.32738e-11
9.87069e-11
-7.56061e-11
8.06629e-07
9.26802e-16
-9.87054e-11
8.78927e-07
-9.87051e-11
-9.87053e-11
8.78927e-07
-1.27149e-10
-7.56059e-11
8.06629e-07
-4.18906e-11
6.62154e-07
-8.32731e-11
9.50045e-11
-4.8939e-11
5.88995e-07
-5.71102e-11
7.56078e-11
-9.50029e-11
7.34034e-07
1.10416e-15
-1.27149e-10
8.06629e-07
-7.56058e-11
-1.27149e-10
8.06629e-07
-9.50027e-11
-9.50027e-11
7.34034e-07
-4.89381e-11
5.88995e-07
-5.71097e-11
4.8941e-11
4.42058e-07
-2.21568e-11
-2.21595e-11
4.18931e-11
5.88995e-07
-5.71094e-11
1.32307e-15
6.62154e-07
-8.3273e-11
-4.18905e-11
6.62154e-07
-8.32729e-11
-4.89381e-11
5.88995e-07
-5.71096e-11
4.42058e-07
-2.21573e-11
-2.21554e-11
3.02699e-11
3.0269e-11
4.42025e-07
-1.37087e-11
-1.37093e-11
2.59163e-11
5.87642e-11
5.88976e-07
-3.5327e-11
1.05166e-15
7.86624e-11
6.62153e-07
-5.15124e-11
-2.59143e-11
7.86625e-11
6.62153e-07
-5.15125e-11
-3.0268e-11
5.87646e-11
5.88976e-07
-3.53275e-11
3.02694e-11
4.42025e-07
-1.3709e-11
-1.37082e-11
5.87652e-11
2.59158e-11
5.88976e-07
-3.53282e-11
4.6782e-11
4.67815e-11
7.34057e-07
1.06044e-15
6.10931e-11
8.06694e-07
-4.67799e-11
6.1093e-11
8.06694e-07
-5.8763e-11
4.67815e-11
7.34057e-07
2.59157e-11
5.88976e-07
-3.53266e-11
7.86632e-11
1.01232e-15
6.62153e-07
-5.15136e-11
6.10935e-11
8.97812e-16
8.06694e-07
9.88338e-16
7.55734e-16
8.79049e-07
-6.10916e-11
6.65033e-16
8.79049e-07
-7.86613e-11
6.0484e-16
8.06694e-07
4.08297e-16
6.62153e-07
-5.15119e-11
7.86632e-11
-2.59139e-11
6.62153e-07
-5.15134e-11
6.10934e-11
-4.67798e-11
8.06694e-07
9.18782e-16
-6.10916e-11
8.79049e-07
-6.10917e-11
-6.10918e-11
8.79049e-07
-7.86614e-11
-4.67804e-11
8.06694e-07
-2.59151e-11
6.62153e-07
-5.15119e-11
5.8765e-11
-3.02671e-11
5.88976e-07
-3.53283e-11
4.67818e-11
-5.87627e-11
7.34057e-07
8.16975e-16
-7.86612e-11
8.06694e-07
-4.67802e-11
-7.86614e-11
8.06694e-07
-5.87635e-11
-5.87635e-11
7.34057e-07
-3.02691e-11
5.88976e-07
-3.53268e-11
3.02691e-11
4.42025e-07
-1.37082e-11
-1.37075e-11
2.59157e-11
5.88976e-07
-3.53264e-11
5.48292e-16
6.62153e-07
-5.15119e-11
-2.59148e-11
6.62153e-07
-5.15121e-11
-3.02688e-11
5.88976e-07
-3.53269e-11
4.42025e-07
-1.37082e-11
-1.37103e-11
1.87256e-11
1.87247e-11
4.42005e-07
-8.47796e-12
-8.47899e-12
1.60361e-11
3.6358e-11
5.88964e-07
-2.18531e-11
1.08774e-15
4.86762e-11
6.62152e-07
-3.18696e-11
-1.60341e-11
4.86764e-11
6.62152e-07
-3.18698e-11
-1.87239e-11
3.63586e-11
5.88964e-07
-2.18537e-11
1.87255e-11
4.42005e-07
-8.47861e-12
-8.47802e-12
3.63591e-11
1.60354e-11
5.88964e-07
-2.18544e-11
2.89524e-11
2.89515e-11
7.34072e-07
1.24404e-15
3.78157e-11
8.06733e-07
-2.89499e-11
3.78158e-11
8.06733e-07
-3.63568e-11
2.89519e-11
7.34072e-07
1.60359e-11
5.88964e-07
-2.18528e-11
4.86773e-11
5.43655e-16
6.62152e-07
-3.18708e-11
3.78165e-11
7.02564e-16
8.06733e-07
1.29815e-15
7.71936e-16
8.79125e-07
-3.78139e-11
8.44718e-16
8.79125e-07
-4.8675e-11
9.43249e-16
8.06733e-07
9.81493e-16
6.62152e-07
-3.18692e-11
4.86774e-11
-1.60344e-11
6.62152e-07
-3.18709e-11
3.78166e-11
-2.89502e-11
8.06733e-07
1.38304e-15
-3.78143e-11
8.79125e-07
-3.78139e-11
-3.78142e-11
8.79125e-07
-4.86749e-11
-2.89502e-11
8.06733e-07
-1.6034e-11
6.62152e-07
-3.18692e-11
3.63595e-11
-1.87242e-11
5.88964e-07
-2.18544e-11
2.89527e-11
-3.6357e-11
7.34072e-07
1.52562e-15
-4.86751e-11
8.06733e-07
-2.89498e-11
-4.86751e-11
8.06733e-07
-3.63567e-11
-3.6357e-11
7.34072e-07
-1.87234e-11
5.88964e-07
-2.18529e-11
1.87268e-11
4.42005e-07
-8.47755e-12
-8.48083e-12
1.60369e-11
5.88964e-07
-2.18526e-11
1.64055e-15
6.62152e-07
-3.1869e-11
-1.60337e-11
6.62152e-07
-3.1869e-11
-1.87234e-11
5.88964e-07
-2.18529e-11
4.42005e-07
-8.47813e-12
-8.47617e-12
1.15912e-11
1.15899e-11
4.41992e-07
-5.24789e-12
-5.24885e-12
9.92698e-12
2.25054e-11
5.88957e-07
-1.35268e-11
1.04417e-15
3.0132e-11
6.62152e-07
-1.97276e-11
-9.925e-12
3.01321e-11
6.62152e-07
-1.97277e-11
-1.15893e-11
2.25057e-11
5.88957e-07
-1.35271e-11
1.15901e-11
4.41992e-07
-5.24793e-12
-5.24759e-12
2.2507e-11
9.92609e-12
5.88957e-07
-1.35286e-11
1.79237e-11
1.79225e-11
7.34081e-07
1.21104e-15
2.34116e-11
8.06758e-07
-1.79213e-11
2.34116e-11
8.06758e-07
-2.25046e-11
1.79226e-11
7.34081e-07
9.92596e-12
5.88957e-07
-1.35265e-11
3.01336e-11
6.64328e-16
6.62152e-07
-1.97295e-11
2.34127e-11
6.08779e-16
8.06758e-07
1.18969e-15
5.01584e-16
8.79171e-07
-2.34103e-11
4.2229e-16
8.79171e-07
-3.01312e-11
3.30142e-16
8.06758e-07
1.04384e-16
6.62152e-07
-1.97273e-11
3.01335e-11
-9.92488e-12
6.62152e-07
-1.97292e-11
2.34126e-11
-1.79214e-11
8.06758e-07
1.12183e-15
-2.34107e-11
8.79171e-07
-2.34104e-11
-2.34108e-11
8.79171e-07
-3.01312e-11
-1.7922e-11
8.06758e-07
-9.92595e-12
6.62152e-07
-1.97272e-11
2.25067e-11
-1.15886e-11
5.88957e-07
-1.35284e-11
1.79234e-11
-2.25044e-11
7.34081e-07
9.66061e-16
-3.01313e-11
8.06758e-07
-1.79215e-11
-3.01315e-11
8.06758e-07
-2.25049e-11
-2.25052e-11
7.34081e-07
-1.15905e-11
5.88957e-07
-1.35265e-11
1.15901e-11
4.41992e-07
-5.24781e-12
-5.24665e-12
9.92628e-12
5.88957e-07
-1.35266e-11
5.62099e-16
6.62152e-07
-1.97274e-11
-9.92537e-12
6.62152e-07
-1.97276e-11
-1.15899e-11
5.88957e-07
-1.35268e-11
4.41992e-07
-5.24739e-12
-5.2495e-12
7.17561e-12
7.17518e-12
4.41984e-07
-3.24832e-12
-3.24892e-12
6.14572e-12
1.39334e-11
5.88952e-07
-8.37411e-12
5.05701e-16
1.86556e-11
6.62152e-07
-1.22133e-11
-6.14482e-12
1.86557e-11
6.62152e-07
-1.22133e-11
-7.17489e-12
1.39337e-11
5.88952e-07
-8.37427e-12
7.1755e-12
4.41984e-07
-3.24856e-12
-3.24849e-12
1.39342e-11
6.14529e-12
5.88952e-07
-8.37492e-12
1.10972e-11
1.10965e-11
7.34087e-07
7.96418e-16
1.44953e-11
8.06773e-07
-1.10957e-11
1.44954e-11
8.06773e-07
-1.39329e-11
1.10968e-11
7.34087e-07
6.14567e-12
5.88952e-07
-8.37403e-12
1.86565e-11
1.52043e-16
6.62152e-07
-1.22143e-11
1.44961e-11
3.44037e-16
8.06773e-07
9.31711e-16
4.45089e-16
8.792e-07
-1.44943e-11
5.23276e-16
8.792e-07
-1.86549e-11
6.04069e-16
8.06773e-07
6.44109e-16
6.62152e-07
-1.22132e-11
1.86566e-11
-6.14509e-12
6.62152e-07
-1.22144e-11
1.44962e-11
-1.10959e-11
8.06773e-07
1.02652e-15
-1.44945e-11
8.792e-07
-1.44942e-11
-1.44945e-11
8.792e-07
-1.86549e-11
-1.10957e-11
8.06773e-07
-6.14436e-12
6.62152e-07
-1.22132e-11
1.39345e-11
-7.17539e-12
5.88952e-07
-8.37484e-12
1.10975e-11
-1.3933e-11
7.34087e-07
1.0769e-15
-1.8655e-11
8.06773e-07
-1.10954e-11
-1.86549e-11
8.06773e-07
-1.39326e-11
-1.39327e-11
7.34087e-07
-7.17401e-12
5.88952e-07
-8.37398e-12
7.17655e-12
4.41984e-07
-3.24822e-12
-3.25054e-12
6.14636e-12
5.88952e-07
-8.37389e-12
1.06387e-15
6.62152e-07
-1.2213e-11
-6.14428e-12
6.62152e-07
-1.22129e-11
-7.17423e-12
5.88952e-07
-8.37382e-12
4.41984e-07
-3.2485e-12
-3.2463e-12
4.44358e-12
4.44352e-12
4.41979e-07
-2.01227e-12
-2.01221e-12
3.8057e-12
8.62818e-12
5.8895e-07
-5.186e-12
4.74727e-16
1.15521e-11
6.62151e-07
-7.56325e-12
-3.80478e-12
1.1552e-11
6.62151e-07
-7.5632e-12
-4.44266e-12
8.62812e-12
5.8895e-07
-5.18599e-12
4.4433e-12
4.41979e-07
-2.01202e-12
-2.01144e-12
8.62868e-12
3.80581e-12
5.8895e-07
-5.1866e-12
6.87173e-12
6.87146e-12
7.34091e-07
6.54863e-16
8.97587e-12
8.06783e-07
-6.87041e-12
8.97582e-12
8.06783e-07
-8.62734e-12
6.8713e-12
7.34091e-07
3.80542e-12
5.8895e-07
-5.18526e-12
1.15528e-11
8.11976e-16
6.62151e-07
-7.56409e-12
8.97628e-12
6.931e-16
8.06783e-07
6.9123e-16
5.77791e-16
8.79218e-07
-8.97488e-12
4.93544e-16
8.79218e-07
-1.15513e-11
3.77276e-16
8.06783e-07
2.16162e-16
6.62151e-07
-7.56255e-12
1.15527e-11
-3.80425e-12
6.62151e-07
-7.56389e-12
8.97617e-12
-6.87014e-12
8.06783e-07
6.05132e-16
-8.97477e-12
8.79218e-07
-8.97498e-12
-8.9749e-12
8.79218e-07
-1.15514e-11
-6.87055e-12
8.06783e-07
-3.80513e-12
6.62151e-07
-7.56255e-12
8.62843e-12
-4.4418e-12
5.8895e-07
-5.1866e-12
6.87144e-12
-8.62691e-12
7.34091e-07
3.75456e-16
-1.15511e-11
8.06783e-07
-6.8707e-12
-1.15512e-11
8.06783e-07
-8.6277e-12
-8.62743e-12
7.34091e-07
-4.44328e-12
5.8895e-07
-5.18541e-12
4.44254e-12
4.41979e-07
-2.01157e-12
-2.01004e-12
3.80498e-12
5.8895e-07
-5.18519e-12
-8.92227e-17
6.62151e-07
-7.56249e-12
-3.80529e-12
6.62151e-07
-7.56256e-12
-4.44337e-12
5.8895e-07
-5.18521e-12
4.41979e-07
-2.0114e-12
-2.01293e-12
2.75107e-12
2.75128e-12
4.41976e-07
-1.24535e-12
-1.24561e-12
2.35621e-12
5.34266e-12
5.88948e-07
-3.21088e-12
4.21149e-17
7.15323e-12
6.62151e-07
-4.68289e-12
-2.35613e-12
7.15325e-12
6.62151e-07
-4.6829e-12
-2.751e-12
5.34271e-12
5.88948e-07
-3.21085e-12
2.75139e-12
4.41976e-07
-1.24546e-12
-1.24534e-12
5.34267e-12
2.35652e-12
5.88948e-07
-3.21104e-12
4.25488e-12
4.25498e-12
7.34093e-07
2.87915e-16
5.55812e-12
8.06789e-07
-4.25431e-12
5.55816e-12
8.06789e-07
-5.34213e-12
4.25509e-12
7.34093e-07
2.35674e-12
5.88948e-07
-3.21049e-12
7.15346e-12
3.50433e-16
6.62151e-07
-4.68324e-12
5.55818e-12
4.86238e-16
8.06789e-07
4.5077e-16
5.61011e-16
8.7923e-07
-5.5573e-12
6.30078e-16
8.7923e-07
-7.15262e-12
7.11902e-16
8.06789e-07
8.02817e-16
6.62151e-07
-4.68251e-12
7.15352e-12
-2.3559e-12
6.62151e-07
-4.6833e-12
5.55824e-12
-4.25408e-12
8.06789e-07
5.20099e-16
-5.55706e-12
8.7923e-07
-5.55723e-12
-5.55694e-12
8.7923e-07
-7.15256e-12
-4.25374e-12
8.06789e-07
-2.3551e-12
6.62151e-07
-4.68251e-12
5.34288e-12
-2.75115e-12
5.88948e-07
-3.21091e-12
4.25512e-12
-5.34197e-12
7.34093e-07
5.33687e-16
-7.15234e-12
8.06789e-07
-4.25409e-12
-7.15217e-12
8.06789e-07
-5.34189e-12
-5.34147e-12
7.34093e-07
-2.74957e-12
5.88948e-07
-3.21045e-12
2.75178e-12
4.41976e-07
-1.24494e-12
-1.24679e-12
2.35676e-12
5.88948e-07
-3.21016e-12
5.49718e-16
6.62151e-07
-4.6821e-12
-2.35566e-12
6.62151e-07
-4.68188e-12
-2.75031e-12
5.88948e-07
-3.2099e-12
4.41976e-07
-1.2453e-12
-1.24269e-12
1.70373e-12
1.70449e-12
4.41975e-07
-7.72091e-13
-7.71577e-13
1.4589e-12
3.30922e-12
5.88947e-07
-1.98922e-12
-3.687e-16
4.43033e-12
6.62151e-07
-2.90076e-12
-1.45957e-12
4.4302e-12
6.62151e-07
-2.90062e-12
-1.70415e-12
3.30881e-12
5.88947e-07
-1.98884e-12
1.70384e-12
4.41975e-07
-7.71484e-13
-7.71468e-13
3.30874e-12
1.45991e-12
5.88947e-07
-1.98904e-12
2.63471e-12
2.63546e-12
7.34094e-07
-2.3442e-16
3.44231e-12
8.06792e-07
-2.63509e-12
3.44219e-12
8.06792e-07
-3.30889e-12
2.63513e-12
7.34094e-07
1.45934e-12
5.88947e-07
-1.98864e-12
4.43009e-12
8.05469e-16
6.62151e-07
-2.90088e-12
3.44175e-12
6.90558e-16
8.06792e-07
-1.91962e-16
5.85092e-16
8.79236e-07
-3.44203e-12
5.01656e-16
8.79236e-07
-4.43011e-12
4.11468e-16
8.06792e-07
2.54294e-16
6.62151e-07
-2.90023e-12
4.42996e-12
-1.45842e-12
6.62151e-07
-2.90063e-12
3.44164e-12
-2.63413e-12
8.06792e-07
-2.75558e-16
-3.44119e-12
8.79236e-07
-3.44211e-12
-3.44123e-12
8.79236e-07
-4.43017e-12
-2.63433e-12
8.06792e-07
-1.45895e-12
6.62151e-07
-2.90024e-12
3.3084e-12
-1.70289e-12
5.88947e-07
-1.98897e-12
2.63439e-12
-3.30799e-12
7.34094e-07
-4.96758e-16
-4.42933e-12
8.06792e-07
-2.63532e-12
-4.42933e-12
8.06792e-07
-3.30912e-12
-3.30812e-12
7.34094e-07
-1.70378e-12
5.88947e-07
-1.98864e-12
1.70238e-12
4.41975e-07
-7.71574e-13
-7.68874e-13
1.4581e-12
5.88947e-07
-1.98829e-12
-8.98396e-16
6.62151e-07
-2.8998e-12
-1.45999e-12
6.62151e-07
-2.89969e-12
-1.70465e-12
5.88947e-07
-1.98783e-12
4.41975e-07
-7.7126e-13
-7.72094e-13
1.05382e-12
1.05557e-12
4.41973e-07
-4.7776e-13
-4.77032e-13
9.02305e-13
2.04931e-12
5.88946e-07
-1.23168e-12
-1.12139e-15
2.74347e-12
6.62151e-07
-1.79596e-12
-9.04369e-13
2.74332e-12
6.62151e-07
-1.79579e-12
-1.05546e-12
2.04885e-12
5.88946e-07
-1.2311e-12
1.05504e-12
4.41973e-07
-4.77339e-13
-4.77526e-13
2.04763e-12
9.04295e-13
5.88946e-07
-1.23046e-12
1.63041e-12
1.63229e-12
7.34095e-07
-9.98141e-16
2.13193e-12
8.06794e-07
-1.63229e-12
2.13187e-12
8.06794e-07
-2.04917e-12
1.63212e-12
7.34095e-07
9.04158e-13
5.88946e-07
-1.2312e-12
2.74213e-12
7.69258e-16
6.62151e-07
-1.79511e-12
2.13028e-12
8.31194e-16
8.06794e-07
-8.62581e-16
8.61688e-16
8.79241e-07
-2.13191e-12
9.2871e-16
8.79241e-07
-2.74341e-12
1.02332e-15
8.06794e-07
1.14445e-15
6.62151e-07
-1.7957e-12
2.74213e-12
-9.02915e-13
6.62151e-07
-1.79505e-12
2.1303e-12
-1.63073e-12
8.06794e-07
-8.12492e-16
-2.13028e-12
8.79241e-07
-2.13183e-12
-2.13006e-12
8.79241e-07
-2.74339e-12
-1.63015e-12
8.06794e-07
-9.01828e-13
6.62151e-07
-1.7958e-12
2.04774e-12
-1.05473e-12
5.88946e-07
-1.23036e-12
1.63057e-12
-2.04802e-12
7.34095e-07
-7.81172e-16
-2.74207e-12
8.06794e-07
-1.63208e-12
-2.74174e-12
8.06794e-07
-2.04895e-12
-2.04714e-12
7.34095e-07
-1.05272e-12
5.88946e-07
-1.23133e-12
1.05385e-12
4.41973e-07
-4.77084e-13
-4.76792e-13
9.02509e-13
5.88946e-07
-1.23032e-12
-7.27022e-16
6.62151e-07
-1.79458e-12
-9.03965e-13
6.62151e-07
-1.79412e-12
-1.0548e-12
5.88946e-07
-1.22957e-12
4.41973e-07
-4.77735e-13
-4.74027e-13
6.52708e-13
6.54083e-13
4.41973e-07
-2.96436e-13
-2.95113e-13
5.58975e-13
1.26916e-12
5.88946e-07
-7.62519e-13
-2.12147e-16
1.69888e-12
6.62151e-07
-1.11188e-12
-5.59306e-13
1.69873e-12
6.62151e-07
-1.11173e-12
-6.52598e-13
1.26883e-12
5.88946e-07
-7.62301e-13
6.53549e-13
4.41973e-07
-2.95757e-13
-2.9499e-13
1.26753e-12
5.60711e-13
5.88946e-07
-7.61286e-13
1.00946e-12
1.01132e-12
7.34096e-07
-4.05518e-16
1.32054e-12
8.06796e-07
-1.01016e-12
1.32043e-12
8.06796e-07
-1.2679e-12
1.01098e-12
7.34096e-07
5.60217e-13
5.88946e-07
-7.61441e-13
1.69732e-12
1.59857e-15
6.62151e-07
-1.11065e-12
1.3188e-12
1.45006e-15
8.06796e-07
-4.49057e-16
1.28422e-15
8.79243e-07
-1.31962e-12
1.2281e-15
8.79243e-07
-1.69784e-12
1.26181e-15
8.06796e-07
1.25826e-15
6.62151e-07
-1.11106e-12
1.69703e-12
-5.57664e-13
6.62151e-07
-1.11015e-12
1.31864e-12
-1.00854e-12
8.06796e-07
-5.34842e-16
-1.3181e-12
8.79243e-07
-1.31962e-12
-1.31803e-12
8.79243e-07
-1.69788e-12
-1.00864e-12
8.06796e-07
-5.57575e-13
6.62151e-07
-1.11119e-12
1.26687e-12
-6.51223e-13
5.88946e-07
-7.60684e-13
1.00902e-12
-1.26673e-12
7.34096e-07
-5.8003e-16
-1.69679e-12
8.06796e-07
-1.01024e-12
-1.69665e-12
8.06796e-07
-1.2678e-12
-1.26669e-12
7.34096e-07
-6.50656e-13
5.88946e-07
-7.61793e-13
6.50269e-13
4.41973e-07
-2.95358e-13
-2.90492e-13
5.57773e-13
5.88946e-07
-7.61311e-13
-6.45646e-16
6.62151e-07
-1.11077e-12
-5.59233e-13
6.62151e-07
-1.11031e-12
-6.52109e-13
5.88946e-07
-7.60961e-13
4.41973e-07
-2.95228e-13
-2.91973e-13
4.06358e-13
4.01775e-13
4.41972e-07
-1.80876e-13
-1.84738e-13
3.4823e-13
7.83237e-13
5.88946e-07
-4.69754e-13
1.46083e-15
1.04981e-12
6.62151e-07
-6.86605e-13
-3.45339e-13
1.05008e-12
6.62151e-07
-6.87008e-13
-4.04034e-13
7.83883e-13
5.88946e-07
-4.70825e-13
4.02946e-13
4.41972e-07
-1.82191e-13
-1.83169e-13
7.87065e-13
3.43873e-13
5.88946e-07
-4.73551e-13
6.27061e-13
6.23562e-13
7.34096e-07
1.38116e-15
8.15481e-13
8.06797e-07
-6.24477e-13
8.15535e-13
8.06797e-07
-7.84755e-13
6.23896e-13
7.34096e-07
3.44548e-13
5.88946e-07
-4.71888e-13
1.05285e-12
-2.57176e-15
6.62151e-07
-6.89364e-13
8.18485e-13
-1.78392e-15
8.06797e-07
1.28262e-15
-1.52938e-15
8.79245e-07
-8.15983e-13
-1.45578e-15
8.79245e-07
-1.05076e-12
-1.7208e-15
8.06797e-07
-2.12854e-15
6.62151e-07
-6.87977e-13
1.05279e-12
-3.48887e-13
6.62151e-07
-6.89235e-13
8.18415e-13
-6.27148e-13
8.06797e-07
1.33657e-15
-8.18452e-13
8.79245e-07
-8.15956e-13
-8.18512e-13
8.79245e-07
-1.05055e-12
-6.27245e-13
8.06797e-07
-3.48827e-13
6.62151e-07
-6.87695e-13
7.86737e-13
-4.07387e-13
5.88946e-07
-4.7257e-13
6.26981e-13
-7.86856e-13
7.34096e-07
1.38465e-15
-1.05284e-12
8.06797e-07
-6.24237e-13
-1.05286e-12
8.06797e-07
-7.84268e-13
-7.87252e-13
7.34096e-07
-4.07338e-13
5.88946e-07
-4.71032e-13
4.07265e-13
4.41972e-07
-1.85061e-13
-1.8717e-13
3.48471e-13
5.88946e-07
-4.73014e-13
1.65765e-15
6.62151e-07
-6.89677e-13
-3.45167e-13
6.62151e-07
-6.89886e-13
-4.03752e-13
5.88946e-07
-4.73969e-13
4.41972e-07
-1.82835e-13
-1.86687e-13
2.50632e-13
2.49334e-13
4.41972e-07
-1.12527e-13
-1.13152e-13
2.14909e-13
4.85105e-13
5.88945e-07
-2.9123e-13
4.14512e-16
6.50055e-13
6.62151e-07
-4.25208e-13
-2.14124e-13
6.50242e-13
6.62151e-07
-4.25422e-13
-2.50083e-13
4.85574e-13
5.88945e-07
-2.91692e-13
2.50043e-13
4.41972e-07
-1.1329e-13
-1.13229e-13
4.86724e-13
2.13294e-13
5.88945e-07
-2.92206e-13
3.87863e-13
3.86238e-13
7.34096e-07
5.6076e-16
5.05082e-13
8.06797e-07
-3.86761e-13
5.05231e-13
8.06797e-07
-4.85779e-13
3.86655e-13
7.34096e-07
2.13989e-13
5.88945e-07
-2.92067e-13
6.51509e-13
-1.00198e-15
6.62151e-07
-4.26251e-13
5.06475e-13
-7.96472e-16
8.06797e-07
6.1353e-16
-5.53797e-16
8.79246e-07
-5.05273e-13
-4.42774e-16
8.79246e-07
-6.50467e-13
-4.88327e-16
8.06797e-07
-4.36064e-16
6.62151e-07
-4.26021e-13
6.51534e-13
-2.15111e-13
6.62151e-07
-4.26256e-13
5.06523e-13
-3.87725e-13
8.06797e-07
7.03442e-16
-5.06154e-13
8.79246e-07
-5.05191e-13
-5.06082e-13
8.79246e-07
-6.50382e-13
-3.87508e-13
8.06797e-07
-2.14641e-13
6.62151e-07
-4.26061e-13
4.86855e-13
-2.50296e-13
5.88945e-07
-2.9261e-13
3.88038e-13
-4.86224e-13
7.34096e-07
8.09845e-16
-6.50973e-13
8.06797e-07
-3.86469e-13
-6.50922e-13
8.06797e-07
-4.85568e-13
-4.86137e-13
7.34096e-07
-2.49951e-13
5.88945e-07
-2.92346e-13
2.51095e-13
4.41972e-07
-1.1337e-13
-1.1328e-13
2.15342e-13
5.88945e-07
-2.921e-13
8.4808e-16
6.62151e-07
-4.26059e-13
-2.13761e-13
6.62151e-07
-4.2599e-13
-2.49879e-13
5.88945e-07
-2.92014e-13
4.41972e-07
-1.14025e-13
-1.12083e-13
1.54851e-13
1.55474e-13
4.41972e-07
-7.08041e-14
-6.98628e-14
1.32668e-13
3.01225e-13
5.88945e-07
-1.81284e-13
-1.89749e-16
4.03124e-13
6.62151e-07
-2.64007e-13
-1.33017e-13
4.03073e-13
6.62151e-07
-2.63848e-13
-1.55221e-13
3.01008e-13
5.88945e-07
-1.80822e-13
1.55095e-13
4.41972e-07
-7.01396e-14
-7.03911e-14
3.01094e-13
1.32855e-13
5.88945e-07
-1.80714e-13
2.39819e-13
2.39646e-13
7.34096e-07
-9.24533e-17
3.13099e-13
8.06797e-07
-2.3996e-13
3.13122e-13
8.06797e-07
-3.01258e-13
2.39673e-13
7.34096e-07
1.32822e-13
5.88945e-07
-1.8121e-13
4.03247e-13
-2.8582e-16
6.62151e-07
-2.63792e-13
3.1332e-13
-3.47409e-16
8.06797e-07
-5.05244e-17
-2.31339e-16
8.79247e-07
-3.13375e-13
-1.61269e-16
8.79247e-07
-4.03283e-13
-1.54087e-16
8.06797e-07
-2.73708e-17
6.62151e-07
-2.64237e-13
4.03364e-13
-1.33225e-13
6.62151e-07
-2.64084e-13
3.13401e-13
-2.40215e-13
8.06797e-07
3.57744e-18
-3.13479e-13
8.79247e-07
-3.13348e-13
-3.13376e-13
8.79247e-07
-4.03314e-13
-2.39958e-13
8.06798e-07
-1.32755e-13
6.62151e-07
-2.64295e-13
3.01396e-13
-1.55678e-13
5.88945e-07
-1.81005e-13
2.40023e-13
-3.01442e-13
7.34096e-07
2.18361e-17
-4.03246e-13
8.06797e-07
-2.39979e-13
-4.0313e-13
8.06798e-07
-3.01347e-13
-3.0104e-13
7.34096e-07
-1.54835e-13
5.88945e-07
-1.81397e-13
1.56099e-13
4.41972e-07
-6.99129e-14
-7.23138e-14
1.3324e-13
5.88945e-07
-1.80801e-13
-6.592e-17
6.62151e-07
-2.63694e-13
-1.33183e-13
6.62151e-07
-2.63667e-13
-1.55616e-13
5.88945e-07
-1.80747e-13
4.41972e-07
-7.0746e-14
-6.99809e-14
9.64506e-14
9.62574e-14
4.41972e-07
-4.34296e-14
-4.38781e-14
8.25994e-14
1.86824e-13
5.88945e-07
-1.12449e-13
1.55431e-16
2.50109e-13
6.62151e-07
-1.64038e-13
-8.23515e-14
2.50127e-13
6.62151e-07
-1.64143e-13
-9.63365e-14
1.86886e-13
5.88945e-07
-1.12736e-13
9.63886e-14
4.41972e-07
-4.40158e-14
-4.37995e-14
1.87198e-13
8.24525e-14
5.88945e-07
-1.1276e-13
1.4907e-13
1.48612e-13
7.34096e-07
2.18714e-16
1.94083e-13
8.06798e-07
-1.48698e-13
1.94047e-13
8.06798e-07
-1.86999e-13
1.48517e-13
7.34096e-07
8.22405e-14
5.88945e-07
-1.12662e-13
2.50537e-13
1.92988e-16
6.62151e-07
-1.64388e-13
1.94623e-13
-1.23606e-16
8.06798e-07
2.14896e-16
-2.33651e-16
8.79247e-07
-1.94236e-13
-3.19638e-16
8.79247e-07
-2.50311e-13
-3.97352e-16
8.06798e-07
-4.38898e-16
6.62151e-07
-1.64188e-13
2.50482e-13
-8.20273e-14
6.62151e-07
-1.64292e-13
1.94546e-13
-1.48742e-13
8.06798e-07
1.211e-16
-1.94448e-13
8.79247e-07
-1.94334e-13
-1.94604e-13
8.79247e-07
-2.504e-13
-1.49199e-13
8.06798e-07
-8.31938e-14
6.62151e-07
-1.64198e-13
1.8707e-13
-9.54785e-14
5.88945e-07
-1.13013e-13
1.48795e-13
-1.86684e-13
7.34096e-07
-1.24751e-16
-2.50214e-13
8.06798e-07
-1.49057e-13
-2.50435e-13
8.06798e-07
-1.87443e-13
-1.87292e-13
7.34096e-07
-9.75549e-14
5.88945e-07
-1.12836e-13
9.55722e-14
4.41972e-07
-4.39466e-14
-4.19329e-14
8.19026e-14
5.88945e-07
-1.12633e-13
-5.56237e-16
6.62151e-07
-1.64147e-13
-8.30876e-14
6.62151e-07
-1.64353e-13
-9.7282e-14
5.88945e-07
-1.12783e-13
4.41972e-07
-4.38333e-14
-4.6262e-14
5.94303e-14
6.09763e-14
4.41972e-07
-2.83349e-14
-2.67418e-14
5.13271e-14
1.1718e-13
5.88945e-07
-7.13253e-14
4.63936e-16
1.55992e-13
6.62151e-07
-1.02601e-13
-5.03945e-14
1.55838e-13
6.62151e-07
-1.02418e-13
-5.89017e-14
1.16557e-13
5.88945e-07
-7.03243e-14
6.03499e-14
4.41972e-07
-2.74138e-14
-2.62915e-14
1.1574e-13
5.22451e-14
5.88945e-07
-6.94944e-14
9.23729e-14
9.32172e-14
7.34096e-07
3.59752e-16
1.21163e-13
8.06798e-07
-9.16433e-14
1.21077e-13
8.06798e-07
-1.15135e-13
9.2874e-14
7.34096e-07
5.18387e-14
5.88945e-07
-6.88173e-14
1.55121e-13
9.82286e-16
6.62151e-07
-1.01653e-13
1.20596e-13
8.01707e-16
8.06798e-07
2.98665e-16
6.37102e-16
8.79247e-07
-1.19966e-13
5.95436e-16
8.79247e-07
-1.54489e-13
6.49961e-16
8.06798e-07
7.98671e-16
6.62151e-07
-1.00865e-13
1.55208e-13
-5.03505e-14
6.62151e-07
-1.01834e-13
1.20575e-13
-9.15734e-14
8.06798e-07
2.48276e-16
-1.1984e-13
8.79247e-07
-1.20046e-13
-1.19842e-13
8.79247e-07
-1.54584e-13
-9.15373e-14
8.06798e-07
-5.01873e-14
6.62151e-07
-1.01002e-13
1.15996e-13
-5.94688e-14
5.88945e-07
-6.97898e-14
9.23418e-14
-1.15417e-13
7.34096e-07
1.93145e-16
-1.54571e-13
8.06798e-07
-9.18796e-14
-1.54496e-13
8.06798e-07
-1.1536e-13
-1.15189e-13
7.34096e-07
-5.85757e-14
5.88945e-07
-6.91651e-14
5.98568e-14
4.41972e-07
-2.67243e-14
-2.76826e-14
5.11941e-14
5.88945e-07
-6.92097e-14
1.90145e-16
6.62151e-07
-1.01001e-13
-5.07417e-14
6.62151e-07
-1.00849e-13
-5.88882e-14
5.88945e-07
-6.90737e-14
4.41972e-07
-2.6757e-14
-2.48202e-14
3.61013e-14
3.77322e-14
4.41972e-07
-1.72517e-14
-1.61157e-14
3.05641e-14
7.24638e-14
5.88945e-07
-4.37246e-14
-1.04038e-15
9.63766e-14
6.62151e-07
-6.32904e-14
-3.26575e-14
9.60491e-14
6.62151e-07
-6.29334e-14
-3.80708e-14
7.13212e-14
5.88945e-07
-4.26733e-14
3.61137e-14
4.41972e-07
-1.59275e-14
-1.73423e-14
7.06233e-14
3.23643e-14
5.88945e-07
-4.21282e-14
5.60181e-14
5.76208e-14
7.34096e-07
-1.02735e-15
7.47313e-14
8.06798e-07
-5.81092e-14
7.44485e-14
8.06798e-07
-7.28234e-14
5.66797e-14
7.34096e-07
3.09594e-14
5.88945e-07
-4.38781e-14
9.48306e-14
6.87256e-16
6.62151e-07
-6.18398e-14
7.33929e-14
2.94476e-16
8.06798e-07
-1.1354e-15
-8.66221e-17
8.79247e-07
-7.56784e-14
-3.51438e-16
8.79247e-07
-9.71348e-14
-5.59748e-16
8.06798e-07
-6.30203e-16
6.62151e-07
-6.3573e-14
9.44274e-14
-3.11404e-14
6.62151e-07
-6.13874e-14
7.30471e-14
-5.7124e-14
8.06798e-07
-1.41275e-15
-7.49516e-14
8.79247e-07
-7.5869e-14
-7.51781e-14
8.79247e-07
-9.71373e-14
-5.79086e-14
8.06798e-07
-3.23556e-14
6.62151e-07
-6.34841e-14
6.94721e-14
-3.62193e-14
5.88945e-07
-4.14173e-14
5.49985e-14
-7.21167e-14
7.34096e-07
-1.85816e-15
-9.67367e-14
8.06798e-07
-5.866e-14
-9.68828e-14
8.06798e-07
-7.28376e-14
-7.30578e-14
7.34096e-07
-3.79167e-14
5.88945e-07
-4.3469e-14
3.27455e-14
4.41972e-07
-1.65876e-14
-1.15345e-14
2.84299e-14
5.88945e-07
-4.40765e-14
-2.56936e-15
6.62151e-07
-6.37164e-14
-3.37621e-14
6.62151e-07
-6.37027e-14
-3.81503e-14
5.88945e-07
-4.48187e-14
4.41972e-07
-1.69483e-14
-1.77927e-14
2.32034e-14
2.22576e-14
4.41972e-07
-9.16978e-15
-1.10357e-14
1.97022e-14
4.42645e-14
5.88945e-07
-2.61233e-14
-3.70094e-17
5.94795e-14
6.62151e-07
-3.86252e-14
-1.96715e-14
5.95038e-14
6.62151e-07
-3.87928e-14
-2.29438e-14
4.4399e-14
5.88945e-07
-2.65956e-14
2.29068e-14
4.41972e-07
-1.03366e-14
-1.01717e-14
4.46653e-14
1.96026e-14
5.88945e-07
-2.71962e-14
3.54625e-14
3.56223e-14
7.34096e-07
-8.80634e-18
4.64826e-14
8.06798e-07
-3.54507e-14
4.64625e-14
8.06798e-07
-4.45973e-14
3.55961e-14
7.34096e-07
1.98726e-14
5.88945e-07
-2.662e-14
5.97086e-14
4.97987e-16
6.62151e-07
-3.93497e-14
4.63031e-14
5.53458e-16
8.06798e-07
-4.35144e-20
4.97246e-16
8.79247e-07
-4.63004e-14
4.70565e-16
8.79247e-07
-5.9695e-14
5.13965e-16
8.06798e-07
6.06271e-16
6.62151e-07
-3.89478e-14
5.96532e-14
-1.86723e-14
6.62151e-07
-3.93413e-14
4.62604e-14
-3.46167e-14
8.06798e-07
-3.5565e-17
-4.55366e-14
8.79247e-07
-4.63364e-14
-4.55309e-14
8.79247e-07
-5.97676e-14
-3.45306e-14
8.06798e-07
-1.8644e-14
6.62151e-07
-3.91061e-14
4.47139e-14
-2.15809e-14
5.88945e-07
-2.73619e-14
3.54587e-14
-4.34742e-14
7.34096e-07
-2.59437e-17
-5.865e-14
8.06798e-07
-3.54645e-14
-5.86547e-14
8.06798e-07
-4.48023e-14
-4.32672e-14
7.34096e-07
-2.15971e-14
5.88945e-07
-2.71185e-14
2.3182e-14
4.41972e-07
-8.58564e-15
-1.09577e-14
1.98201e-14
5.88945e-07
-2.53566e-14
1.8712e-16
6.62151e-07
-3.77272e-14
-1.93773e-14
6.62151e-07
-3.78258e-14
-2.31481e-14
5.88945e-07
-2.47454e-14
4.41972e-07
-1.07414e-14
-8.54597e-15
1.41084e-14
1.44355e-14
4.41972e-07
-7.08107e-15
-6.11021e-15
1.20625e-14
2.77034e-14
5.88945e-07
-1.67289e-14
-1.00829e-17
3.70721e-14
6.62151e-07
-2.42885e-14
-1.20485e-14
3.7092e-14
6.62151e-07
-2.42218e-14
-1.4e-14
2.78211e-14
5.88945e-07
-1.66616e-14
1.45512e-14
4.41972e-07
-6.51004e-15
-6.16149e-15
2.75377e-14
1.24998e-14
5.88945e-07
-1.66111e-14
2.18579e-14
2.23636e-14
7.34096e-07
-1.08155e-17
2.91525e-14
8.06798e-07
-2.18319e-14
2.92159e-14
8.06798e-07
-2.73438e-14
2.2612e-14
7.34096e-07
1.30459e-14
5.88945e-07
-1.62178e-14
3.68759e-14
5.5313e-16
6.62151e-07
-2.42362e-14
2.8615e-14
7.42124e-16
8.06798e-07
4.29967e-17
8.46956e-16
8.79247e-07
-2.8512e-14
9.75051e-16
8.79247e-07
-3.66599e-14
1.19687e-15
8.06798e-07
1.56359e-15
6.62151e-07
-2.38785e-14
3.69721e-14
-1.13837e-14
6.62151e-07
-2.43351e-14
2.87229e-14
-2.0936e-14
8.06798e-07
1.50209e-16
-2.75258e-14
8.79247e-07
-2.84067e-14
-2.72839e-14
8.79247e-07
-3.66531e-14
-2.02598e-14
8.06798e-07
-9.65367e-15
6.62151e-07
-2.41865e-14
2.78315e-14
-1.34507e-14
5.88945e-07
-1.679e-14
2.2264e-14
-2.64441e-14
7.34096e-07
4.5665e-16
-3.56294e-14
8.06798e-07
-2.14188e-14
-3.53089e-14
8.06798e-07
-2.69984e-14
-2.56428e-14
7.34096e-07
-1.06337e-14
5.88945e-07
-1.66829e-14
1.47313e-14
4.41972e-07
-5.79677e-15
-6.54421e-15
1.29124e-14
5.88945e-07
-1.53102e-14
1.01894e-15
6.62151e-07
-2.2798e-14
-1.11309e-14
6.62151e-07
-2.23094e-14
-1.28404e-14
5.88945e-07
-1.49027e-14
4.41972e-07
-6.94435e-15
-6.1791e-16
8.1585e-15
7.62252e-15
4.41971e-07
-2.61005e-15
-4.08115e-15
6.68321e-15
1.59749e-14
5.88945e-07
-9.15916e-15
-8.04904e-16
2.17977e-14
6.62151e-07
-1.37887e-14
-8.07224e-15
2.18705e-14
6.62151e-07
-1.38069e-14
-9.07462e-15
1.61559e-14
5.88945e-07
-9.16296e-15
8.0354e-15
4.41971e-07
-3.18317e-15
-4.09255e-15
1.63091e-14
6.52582e-15
5.88945e-07
-9.92057e-15
1.27318e-14
1.27891e-14
7.34096e-07
-6.91082e-16
1.70883e-14
8.06798e-07
-1.39566e-14
1.72097e-14
8.06798e-07
-1.71163e-14
1.31506e-14
7.34096e-07
7.18532e-15
5.88945e-07
-1.02238e-14
2.20327e-14
-7.72494e-16
6.62151e-07
-1.44228e-14
1.69559e-14
-4.2978e-16
8.06798e-07
-5.55094e-16
-1.93536e-16
8.79248e-07
-1.79453e-14
-2.33257e-17
8.79248e-07
-2.26603e-14
8.50897e-17
8.06798e-07
1.36788e-16
6.62151e-07
-1.46606e-14
2.20587e-14
-8.13141e-15
6.62151e-07
-1.42861e-14
1.70713e-14
-1.36913e-14
8.06798e-07
-4.04048e-16
-1.75605e-14
8.79248e-07
-1.77937e-14
-1.73233e-14
8.79248e-07
-2.25274e-14
-1.31059e-14
8.06798e-07
-7.01043e-15
6.62151e-07
-1.4529e-14
1.63645e-14
-9.36326e-15
5.88945e-07
-9.52981e-15
1.30853e-14
-1.70142e-14
7.34096e-07
-1.83778e-16
-2.24725e-14
8.06798e-07
-1.3446e-14
-2.22036e-14
8.06798e-07
-1.65572e-14
-1.64765e-14
7.34096e-07
-8.11263e-15
5.88945e-07
-9.66695e-15
8.09986e-15
4.41971e-07
-4.47589e-15
-3.26679e-15
7.12776e-15
5.88945e-07
-1.02346e-14
-6.34037e-17
6.62151e-07
-1.46165e-14
-7.24611e-15
6.62151e-07
-1.43696e-14
-8.29416e-15
5.88945e-07
-9.80162e-15
4.41972e-07
-3.20775e-15
-3.62288e-15
5.34441e-15
4.95242e-15
4.41971e-07
-2.56404e-15
-2.18643e-15
4.65178e-15
9.92355e-15
5.88945e-07
-6.00668e-15
1.751e-16
1.35232e-14
6.62151e-07
-8.87427e-15
-4.33339e-15
1.36106e-14
6.62151e-07
-8.93168e-15
-5.03242e-15
1.01667e-14
5.88945e-07
-6.20645e-15
5.18307e-15
4.41971e-07
-2.4818e-15
-2.16738e-15
1.02592e-14
4.00565e-15
5.88945e-07
-6.07093e-15
8.26768e-15
7.78608e-15
7.34096e-07
9.35302e-17
1.04399e-14
8.06798e-07
-8.08934e-15
1.05126e-14
8.06798e-07
-1.00963e-14
7.98364e-15
7.34096e-07
4.21025e-15
5.88945e-07
-5.92054e-15
1.37053e-14
-6.0484e-16
6.62151e-07
-8.79895e-15
1.0784e-14
-4.54266e-16
8.06798e-07
1.00981e-16
-3.39024e-16
8.79248e-07
-1.05907e-14
-2.87167e-16
8.79248e-07
-1.35516e-14
-3.48156e-16
8.06798e-07
-5.408e-16
6.62151e-07
-8.66971e-15
1.36368e-14
-5.10289e-15
6.62151e-07
-8.71905e-15
1.07664e-14
-8.67134e-15
8.06798e-07
1.33581e-16
-1.11187e-14
8.79248e-07
-1.0534e-14
-1.11129e-14
8.79248e-07
-1.34492e-14
-8.71187e-15
8.06798e-07
-5.29016e-15
6.62151e-07
-8.51183e-15
1.00267e-14
-5.73559e-15
5.88945e-07
-5.75084e-15
8.18348e-15
-1.07188e-14
7.34096e-07
1.39658e-16
-1.41805e-14
8.06798e-07
-7.92733e-15
-1.42262e-14
8.06798e-07
-9.80547e-15
-1.09069e-14
7.34096e-07
-6.14314e-15
5.88945e-07
-5.47218e-15
4.93462e-15
4.41971e-07
-2.34063e-15
-2.11977e-15
4.38902e-15
5.88945e-07
-6.41039e-15
2.94032e-17
6.62151e-07
-9.26804e-15
-4.27625e-15
6.62151e-07
-9.39383e-15
-4.76848e-15
5.88945e-07
-6.75604e-15
4.41971e-07
-1.78953e-15
-3.00223e-15
4.04867e-15
1.38573e-15
4.41971e-07
-7.66592e-17
-2.25996e-15
3.51927e-15
4.74976e-15
5.88945e-07
-2.64162e-15
4.68324e-16
7.1584e-15
6.62151e-07
-4.65769e-15
-2.68421e-15
7.30293e-15
6.62151e-07
-4.8358e-15
-3.69393e-15
5.02774e-15
5.88945e-07
-3.02903e-15
1.84094e-15
4.41971e-07
-6.52649e-16
-1.83505e-15
7.11996e-15
5.79891e-16
5.88945e-07
-4.51971e-15
5.73814e-15
3.12463e-15
7.34096e-07
4.62215e-16
4.94193e-15
8.06798e-07
-4.98577e-15
5.01687e-15
8.06798e-07
-6.72418e-15
3.37321e-15
7.34096e-07
8.80215e-16
5.88945e-07
-4.20988e-15
9.10418e-15
-2.64498e-15
6.62151e-07
-6.0168e-15
7.2457e-15
-2.21266e-15
8.06798e-07
4.37151e-16
-1.96453e-15
8.79248e-07
-6.46599e-15
-1.87319e-15
8.79248e-07
-8.75323e-15
-2.04191e-15
8.06798e-07
-2.3188e-15
6.62151e-07
-5.76708e-15
9.14356e-15
-5.53785e-15
6.62151e-07
-6.03676e-15
7.24622e-15
-7.38193e-15
8.06798e-07
5.2064e-16
-8.6812e-15
8.79248e-07
-6.38095e-15
-8.70379e-15
8.79248e-07
-8.52458e-15
-7.30694e-15
8.06798e-07
-5.50138e-15
6.62151e-07
-5.45671e-15
6.92746e-15
-6.2522e-15
5.88945e-07
-3.93768e-15
5.72142e-15
-8.56572e-15
7.34096e-07
5.27568e-16
-1.04899e-14
8.06798e-07
-4.71038e-15
-1.05021e-14
8.06798e-07
-6.30297e-15
-8.6233e-15
7.34096e-07
-6.19807e-15
5.88945e-07
-3.491e-15
5.1826e-15
4.41971e-07
-2.85982e-15
-4.52347e-15
3.92016e-15
5.88945e-07
-4.81514e-15
6.75851e-16
6.62151e-07
-6.7266e-15
-2.60701e-15
6.62151e-07
-6.94957e-15
-3.58219e-15
5.88945e-07
-5.22044e-15
4.41971e-07
-1.62617e-15
-4.27137e-15
1.88298e-15
1.55946e-15
4.41971e-07
-6.90027e-16
-7.49536e-16
1.72608e-15
3.44421e-15
5.88945e-07
-2.20497e-15
4.81235e-17
4.82337e-15
6.62151e-07
-3.24514e-15
-1.64039e-15
4.96702e-15
6.62151e-07
-3.38836e-15
-1.8734e-15
3.73414e-15
5.88945e-07
-2.43629e-15
2.10392e-15
4.41971e-07
-1.20957e-15
-7.73734e-16
3.90905e-15
1.10163e-15
5.88945e-07
-2.25695e-15
3.21868e-15
2.45538e-15
7.34096e-07
1.30376e-16
3.53151e-15
8.06798e-07
-3.01952e-15
3.66255e-15
8.06798e-07
-3.83452e-15
2.80218e-15
7.34096e-07
1.65258e-15
5.88945e-07
-2.29939e-15
5.34625e-15
-5.84028e-16
6.62151e-07
-3.48281e-15
4.26819e-15
-6.77402e-16
8.06798e-07
1.98985e-16
-5.51101e-16
8.79248e-07
-3.91244e-15
-4.15555e-16
8.79248e-07
-5.17446e-15
-3.44185e-16
8.06798e-07
-7.12679e-17
6.62151e-07
-3.47286e-15
5.46187e-15
-2.10682e-15
6.62151e-07
-3.5535e-15
4.3814e-15
-3.5993e-15
8.06798e-07
3.24635e-16
-4.49025e-15
8.79248e-07
-3.82634e-15
-4.3839e-15
8.79248e-07
-5.09623e-15
-3.2725e-15
8.06798e-07
-1.54133e-15
6.62151e-07
-3.57233e-15
4.324e-15
-1.8078e-15
5.88945e-07
-2.8797e-15
3.53971e-15
-3.93872e-15
7.34096e-07
4.30373e-16
-5.33172e-15
8.06798e-07
-2.745e-15
-5.21116e-15
8.06798e-07
-3.76375e-15
-3.72317e-15
7.34096e-07
-1.22388e-15
5.88945e-07
-2.72457e-15
2.38034e-15
4.41971e-07
-1.06798e-15
-4.84778e-16
2.23645e-15
5.88945e-07
-2.08315e-15
5.6337e-16
6.62151e-07
-3.17618e-15
-1.33305e-15
6.62151e-07
-2.97418e-15
-1.75589e-15
5.88945e-07
-1.80161e-15
4.41971e-07
-1.52022e-15
7.94786e-16
1.56263e-15
1.42872e-15
4.41971e-07
-8.69617e-16
-6.87233e-16
1.53182e-15
2.36599e-15
5.88945e-07
-1.52423e-15
5.68279e-16
3.13691e-15
6.62151e-07
-2.15093e-15
-4.97542e-16
3.18779e-15
6.62151e-07
-2.15066e-15
-7.08372e-16
2.49536e-15
5.88945e-07
-1.59148e-15
1.48557e-15
4.41971e-07
-7.23368e-16
-2.97589e-16
2.82408e-15
1.15612e-15
5.88945e-07
-1.77974e-15
2.42975e-15
1.75606e-15
7.34096e-07
5.51077e-16
2.30168e-15
8.06798e-07
-1.36319e-15
2.35869e-15
8.06798e-07
-1.87496e-15
1.86528e-15
7.34096e-07
1.23984e-15
5.88945e-07
-1.05684e-15
3.69042e-15
1.71026e-17
6.62151e-07
-2.50671e-15
3.04192e-15
-2.01595e-16
8.06798e-07
5.48772e-16
-2.46026e-16
8.79248e-07
-1.99276e-15
-2.03979e-16
8.79248e-07
-2.73872e-15
-1.07685e-16
8.06798e-07
1.20768e-16
6.62151e-07
-1.79121e-15
3.82137e-15
-1.0833e-15
6.62151e-07
-2.74487e-15
3.10421e-15
-2.06373e-15
8.06798e-07
5.72555e-16
-2.68105e-15
8.79248e-07
-1.9766e-15
-2.64854e-15
8.79248e-07
-2.78793e-15
-2.04107e-15
8.06798e-07
-9.11937e-16
6.62151e-07
-1.85944e-15
3.16734e-15
-1.56243e-15
5.88945e-07
-2.02732e-15
2.60218e-15
-2.427e-15
7.34096e-07
6.20218e-16
-3.24693e-15
8.06798e-07
-1.44068e-15
-3.22985e-15
8.06798e-07
-2.01048e-15
-2.41615e-15
7.34096e-07
-1.08612e-15
5.88945e-07
-1.24755e-15
2.5113e-15
4.41971e-07
-5.52478e-16
-2.72579e-15
1.87754e-15
5.88945e-07
-1.25018e-15
5.59345e-16
6.62151e-07
-1.98811e-15
-6.74837e-16
6.62151e-07
-1.98474e-15
-1.04095e-15
5.88945e-07
-1.47522e-15
4.41971e-07
-4.78105e-16
-4.75498e-16
-1.21365e-18
1.03431e-15
4.41971e-07
-2.87008e-16
1.82975e-16
-7.23817e-18
1.54247e-15
5.88945e-07
-9.25347e-16
-5.6456e-16
1.82858e-15
6.62151e-07
-1.14443e-15
-1.10662e-15
1.71416e-15
6.62151e-07
-1.04606e-15
-1.1562e-15
1.13653e-15
5.88945e-07
-5.11928e-16
3.87462e-16
4.41971e-07
3.45875e-17
-5.31355e-16
7.12842e-16
9.80709e-16
5.88945e-07
-1.01197e-16
5.60037e-16
1.20768e-15
7.34096e-07
-4.88098e-16
1.35346e-15
8.06798e-07
-1.56746e-15
1.25075e-15
8.06798e-07
-1.78509e-15
8.46602e-16
7.34096e-07
3.07422e-16
5.88945e-07
-1.07149e-15
1.26015e-15
4.23312e-16
6.62151e-07
-6.26015e-16
9.23978e-16
6.04178e-17
8.06798e-07
-5.14682e-16
-1.62472e-16
8.79248e-07
-1.95877e-15
-2.71441e-16
8.79248e-07
-2.32954e-15
-3.22508e-16
8.06798e-07
-3.71704e-16
6.62151e-07
-1.46494e-15
1.21196e-15
-1.42903e-16
6.62151e-07
-5.78461e-16
8.24488e-16
-1.01372e-15
8.06798e-07
-6.3193e-16
-1.58882e-15
8.79248e-07
-2.10853e-15
-1.71442e-15
8.79248e-07
-2.4621e-15
-1.40102e-15
8.06798e-07
-1.15547e-15
6.62151e-07
-1.51782e-15
5.30656e-16
7.0476e-17
5.88945e-07
-3.1739e-16
2.42485e-16
-1.18975e-15
7.34096e-07
-8.94864e-16
-1.86474e-15
8.06798e-07
-2.0154e-15
-1.98694e-15
8.06798e-07
-2.29937e-15
-1.52424e-15
7.34096e-07
-1.58975e-15
5.88945e-07
-1.21695e-15
-1.0541e-15
4.41971e-07
-1.3027e-16
2.15549e-15
-8.37318e-16
5.88945e-07
-8.1581e-16
-1.37763e-15
6.62151e-07
-1.0596e-15
-1.95146e-15
6.62151e-07
-1.1611e-15
-2.14998e-15
5.88945e-07
-5.50895e-16
4.41971e-07
-5.49644e-16
-2.29546e-15
2.7731e-16
7.92598e-16
4.41971e-07
-4.27071e-16
-4.09713e-17
2.31831e-16
1.05494e-15
5.88945e-07
-4.97834e-16
2.32978e-17
1.20714e-15
6.62151e-07
-5.99632e-16
-1.42368e-16
1.17114e-15
6.62151e-07
-5.16187e-16
8.30415e-17
1.02301e-15
5.88945e-07
-4.56389e-16
8.31546e-16
4.41971e-07
-3.38591e-16
1.27978e-16
5.04356e-16
9.30745e-16
5.88945e-07
-2.12768e-16
4.55472e-16
1.0598e-15
7.34096e-07
-2.22599e-17
1.13841e-15
8.06798e-07
-4.60703e-16
1.13505e-15
8.06798e-07
-3.76053e-16
1.05973e-15
7.34096e-07
9.78016e-16
5.88945e-07
-1.75421e-16
8.19308e-16
6.47496e-16
6.62151e-07
-4.15658e-16
6.86874e-16
4.9681e-16
8.06798e-07
-4.51553e-18
4.00579e-16
8.79248e-07
-6.68103e-16
4.47648e-16
8.79248e-07
-7.22856e-16
6.32532e-16
8.06798e-07
8.23368e-16
6.62151e-07
-5.56778e-16
8.80468e-16
1.52211e-16
6.62151e-07
-4.53183e-16
7.46063e-16
-1.64488e-16
8.06798e-07
3.65221e-17
-3.64105e-16
8.79248e-07
-6.54798e-16
-2.57337e-16
8.79248e-07
-8.04095e-16
1.02866e-16
8.06798e-07
6.83542e-16
6.62151e-07
-6.99307e-16
7.70613e-16
-2.39716e-16
5.88945e-07
-2.94673e-16
6.50467e-16
-3.78126e-16
7.34096e-07
1.16153e-16
-5.63169e-16
8.06798e-07
-4.54475e-16
-4.39559e-16
8.06798e-07
-4.90177e-16
2.12073e-17
7.34096e-07
7.42166e-16
5.88945e-07
-6.39446e-16
7.83974e-16
4.41971e-07
-5.03297e-16
-6.78003e-16
5.95444e-16
5.88945e-07
-3.39678e-16
3.43184e-16
6.62151e-07
-5.03436e-16
7.47283e-17
6.62151e-07
-2.79886e-16
2.28048e-16
5.88945e-07
-1.38824e-16
4.41971e-07
-4.86688e-16
1.28721e-15
1.06673e-15
3.81413e-17
4.41971e-07
5.89972e-16
-4.52447e-16
1.41249e-15
4.15917e-16
5.88945e-07
3.51362e-16
1.44001e-15
7.66705e-16
6.62151e-07
-8.50988e-17
1.27094e-15
9.97336e-16
6.62151e-07
-4.21581e-16
1.15406e-15
1.19302e-15
5.88945e-07
-7.06782e-16
1.18044e-15
4.41971e-07
-6.40463e-16
7.23476e-16
1.29481e-15
7.63889e-16
5.88945e-07
-6.75886e-16
1.5712e-15
9.47864e-16
7.34096e-07
1.41748e-15
1.05827e-15
8.06798e-07
1.11545e-15
1.1588e-15
8.06798e-07
1.02125e-15
1.2639e-15
7.34096e-07
1.31564e-15
5.88945e-07
8.61872e-16
1.42788e-15
1.22562e-15
6.62151e-07
-7.77786e-16
1.65922e-15
1.08254e-15
8.06798e-07
1.3951e-15
9.10624e-16
8.79248e-07
9.3331e-16
8.83676e-16
8.79248e-07
7.65653e-16
1.03836e-15
8.06798e-07
1.27592e-15
6.62151e-07
5.90868e-16
1.30539e-15
1.34982e-15
6.62151e-07
-3.57743e-16
1.60336e-15
1.05993e-15
8.06798e-07
1.34645e-15
6.2418e-16
8.79248e-07
9.27571e-16
5.80286e-16
8.79248e-07
7.28091e-16
7.24869e-16
8.06798e-07
1.34113e-15
6.62151e-07
4.53861e-16
1.18306e-15
1.57627e-15
5.88945e-07
-4.74437e-16
1.46563e-15
1.21223e-15
7.34096e-07
1.40259e-15
5.85593e-16
8.06798e-07
1.08129e-15
5.07379e-16
8.06798e-07
1.07324e-15
6.38955e-16
7.34096e-07
1.72871e-15
5.88945e-07
4.69306e-16
-2.61419e-16
4.41971e-07
-5.871e-16
3.29262e-15
8.84134e-16
5.88945e-07
3.64461e-16
1.41415e-15
6.62151e-07
-4.87007e-18
1.48273e-15
6.62151e-07
2.69211e-16
1.63403e-15
5.88945e-07
1.9327e-16
4.41971e-07
3.92876e-16
2.8924e-15
1.13611e-15
-1.10492e-16
4.41971e-07
-2.89622e-16
-6.98515e-16
1.12142e-15
2.07743e-16
5.88945e-07
-3.76451e-16
6.98083e-16
4.49282e-16
6.62151e-07
-5.13861e-16
1.13251e-16
5.23569e-16
6.62151e-07
-6.0339e-16
-5.33265e-16
3.47682e-16
5.88945e-07
-3.69971e-16
-4.92929e-17
4.41971e-07
-2.11687e-16
-1.05395e-15
1.56906e-15
-6.16862e-16
5.88945e-07
-1.29976e-15
1.36963e-15
-1.86355e-16
7.34096e-07
8.00248e-16
4.15489e-17
8.06798e-07
9.382e-17
9.89039e-17
8.06798e-07
-5.36418e-16
-1.86128e-17
7.34096e-07
-3.66045e-16
5.88945e-07
-1.27857e-15
1.72256e-15
-1.49281e-15
6.62151e-07
-1.42049e-15
1.45091e-15
-9.06093e-16
8.06798e-07
8.0162e-16
-7.02166e-16
8.79248e-07
2.67819e-17
-6.28307e-16
8.79248e-07
-5.85336e-16
-6.95417e-16
8.06798e-07
-9.37875e-16
6.62151e-07
-1.20893e-15
1.83281e-15
-2.34596e-15
6.62151e-07
-1.58046e-15
1.53595e-15
-1.69543e-15
8.06798e-07
8.51868e-16
-1.44964e-15
8.79248e-07
1.83743e-17
-1.34951e-15
8.79248e-07
-5.94756e-16
-1.35641e-15
8.06798e-07
-1.52231e-15
6.62151e-07
-1.19413e-15
1.9508e-15
-3.59151e-15
5.88945e-07
-1.24709e-15
1.69784e-15
-2.32363e-15
7.34096e-07
9.80313e-16
-1.9232e-15
8.06798e-07
1.53731e-16
-1.78886e-15
8.06798e-07
-4.83893e-16
-1.79667e-15
7.34096e-07
-2.07794e-15
5.88945e-07
-8.71506e-16
2.85349e-15
4.41971e-07
-2.96904e-15
-4.2363e-15
1.99664e-15
5.88945e-07
-2.40282e-15
9.9994e-16
6.62151e-07
-2.15643e-15
8.98662e-17
6.62151e-07
-2.12119e-15
-9.04095e-16
5.88945e-07
-1.87203e-15
4.41971e-07
-1.44364e-15
-2.57723e-15
-6.33005e-17
9.63844e-16
4.41971e-07
-1.02123e-15
2.32003e-16
-1.0069e-16
8.41105e-16
5.88945e-07
-9.40192e-16
-3.2376e-16
7.76822e-16
6.62151e-07
-8.48261e-16
-5.65254e-16
6.34215e-16
6.62151e-07
-6.71027e-16
-6.39976e-16
4.04245e-16
5.88945e-07
-4.37299e-16
2.04761e-16
4.41971e-07
-3.86113e-16
-5.69602e-16
3.35154e-16
4.98451e-16
5.88945e-07
-1.13731e-16
2.0348e-16
4.87058e-16
7.34096e-07
-1.65539e-16
4.79067e-16
8.06798e-07
-5.47748e-16
3.93109e-16
8.06798e-07
-7.6765e-16
1.97598e-16
7.34096e-07
-8.98553e-17
5.88945e-07
-8.53618e-16
4.66014e-16
-6.84727e-17
6.62151e-07
-3.02861e-16
2.72224e-16
-8.45204e-17
8.06798e-07
-1.68227e-16
-5.8034e-17
8.79248e-07
-6.07285e-16
-1.02645e-16
8.79248e-07
-8.64979e-16
-2.40859e-16
8.06798e-07
-5.30292e-16
6.62151e-07
-9.56603e-16
4.20752e-16
-5.97134e-16
6.62151e-07
-3.15752e-16
2.22812e-16
-6.66677e-16
8.06798e-07
-2.41601e-16
-5.83158e-16
8.79248e-07
-7.18154e-16
-6.23443e-16
8.79248e-07
-9.82745e-16
-6.68576e-16
8.06798e-07
-1.13021e-15
6.62151e-07
-9.27723e-16
1.23949e-16
-6.98393e-16
5.88945e-07
-1.15696e-16
2.56001e-17
-1.05363e-15
7.34096e-07
-4.22826e-16
-8.93743e-16
8.06798e-07
-8.68887e-16
-8.93734e-16
8.06798e-07
-1.23512e-15
-7.9737e-16
7.34096e-07
-1.74842e-15
5.88945e-07
-9.57004e-16
-1.4629e-16
4.41971e-07
-8.27778e-16
5.47579e-16
-2.90611e-16
5.88945e-07
-1.1674e-15
-8.04737e-16
6.62151e-07
-8.96856e-16
-1.26971e-15
6.62151e-07
-9.33007e-16
-1.76329e-15
5.88945e-07
-5.03339e-16
4.41971e-07
-7.5769e-16
-3.08366e-15
-6.68659e-16
2.62641e-16
4.41971e-07
-6.90175e-17
6.24941e-16
-6.22185e-16
4.27168e-16
5.88945e-07
-4.22047e-16
-6.60564e-16
4.32596e-16
6.62151e-07
-3.69671e-16
-6.57374e-16
3.77076e-16
6.62151e-07
-2.80261e-16
-5.04e-16
2.80942e-16
5.88945e-07
-1.61028e-16
2.45463e-16
4.41971e-07
-1.37793e-16
-3.21805e-16
-5.35733e-16
-1.63098e-16
5.88945e-07
8.64359e-16
-3.99856e-16
2.10002e-17
7.34096e-07
-4.72563e-16
1.49842e-16
8.06798e-07
-5.90025e-16
2.03121e-16
8.06798e-07
-5.72499e-16
1.81653e-16
7.34096e-07
1.96892e-16
5.88945e-07
-4.89086e-16
-2.76192e-16
-7.93818e-16
6.62151e-07
6.72917e-16
-1.62956e-16
-5.5788e-16
8.06798e-07
-3.09268e-16
-3.05882e-16
8.79248e-07
-4.95142e-16
-1.61089e-16
8.79248e-07
-5.62781e-16
-7.46255e-17
8.06798e-07
4.44371e-17
6.62151e-07
-5.69461e-16
-1.36283e-17
-1.31801e-15
6.62151e-07
3.20753e-16
2.77832e-17
-1.05546e-15
8.06798e-07
-1.73121e-16
-7.32343e-16
8.79248e-07
-4.01893e-16
-5.1796e-16
8.79248e-07
-4.87254e-16
-3.39376e-16
8.06798e-07
-1.57035e-17
6.62151e-07
-5.50679e-16
2.22997e-16
-1.53894e-15
5.88945e-07
1.40967e-16
1.70768e-16
-1.23165e-15
7.34096e-07
-7.84157e-17
-9.02044e-16
8.06798e-07
-3.11205e-16
-6.6828e-16
8.06798e-07
-3.01001e-16
-4.14569e-16
7.34096e-07
1.77363e-16
5.88945e-07
-4.54479e-16
1.13347e-15
4.41971e-07
-7.16533e-16
-2.13287e-15
4.76429e-16
5.88945e-07
-7.91597e-16
5.47546e-17
6.62151e-07
-7.63218e-16
-1.3194e-16
6.62151e-07
-6.13897e-16
1.5445e-16
5.88945e-07
-6.10887e-16
4.41971e-07
-4.02831e-16
1.02111e-15
-2.27758e-16
1.02859e-15
4.41971e-07
-8.60936e-16
5.28781e-17
-5.35912e-16
1.13746e-15
5.88945e-07
-1.05699e-15
-7.82447e-16
1.08122e-15
6.62151e-07
-1.10393e-15
-8.78424e-16
9.21701e-16
6.62151e-07
-9.63228e-16
-7.78347e-16
7.15953e-16
5.88945e-07
-7.51769e-16
5.05038e-16
4.41971e-07
-5.42187e-16
-5.11397e-16
-1.91333e-16
9.60646e-16
5.88945e-07
-3.57953e-17
-4.73122e-16
8.78286e-16
7.34096e-07
-8.02585e-16
7.78062e-16
8.06798e-07
-1.03307e-15
6.57983e-16
8.06798e-07
-1.05201e-15
5.18074e-16
7.34096e-07
3.72778e-16
5.88945e-07
-8.59646e-16
-7.83921e-17
7.58135e-16
6.62151e-07
-1.87113e-16
-4.14557e-16
4.35591e-16
8.06798e-07
-7.9544e-16
3.26373e-16
8.79248e-07
-1.10826e-15
2.60834e-16
8.79248e-07
-1.23527e-15
2.098e-16
8.06798e-07
1.39276e-16
6.62151e-07
-1.07545e-15
-1.31807e-16
5.48478e-16
6.62151e-07
-1.32175e-16
-4.62952e-16
2.66542e-17
8.06798e-07
-8.68554e-16
-9.95692e-17
8.79248e-07
-1.21192e-15
-1.20508e-16
8.79248e-07
-1.36058e-15
-7.4508e-17
8.06798e-07
-1.6939e-16
6.62151e-07
-1.14653e-15
-3.12021e-16
6.98304e-16
5.88945e-07
-1.46353e-16
-6.55492e-16
-1.48912e-16
7.34096e-07
-1.05304e-15
-3.14239e-16
8.06798e-07
-1.36486e-15
-2.95931e-16
8.06798e-07
-1.53891e-15
-1.7484e-16
7.34096e-07
-5.50119e-16
5.88945e-07
-1.18477e-15
-1.01931e-15
4.41971e-07
2.35867e-16
1.66315e-15
-1.00047e-15
5.88945e-07
-3.2668e-16
-1.24759e-15
6.62151e-07
-2.81398e-16
-1.44819e-15
6.62151e-07
-2.69082e-16
-1.67514e-15
5.88945e-07
8.5931e-17
4.41971e-07
-7.21352e-16
-1.61771e-15
-5.93045e-16
-1.03102e-16
4.41971e-07
3.46631e-16
4.98522e-16
-6.45455e-16
1.54345e-16
5.88945e-07
9.72935e-18
-6.88515e-16
2.43892e-16
6.62151e-07
-5.91481e-17
-6.11082e-16
2.61118e-16
6.62151e-07
-6.764e-17
-4.13668e-16
2.08136e-16
5.88945e-07
3.72905e-18
1.67911e-16
4.41971e-07
5.79119e-17
-1.28311e-16
-6.71862e-16
-2.31003e-16
5.88945e-07
8.15628e-16
-6.48259e-16
-1.02344e-17
7.34096e-07
-6.98467e-16
1.154e-16
8.06798e-07
-6.86997e-16
1.97983e-16
8.06798e-07
-5.29874e-16
2.47268e-16
7.34096e-07
3.00626e-16
5.88945e-07
-2.61796e-16
-5.23832e-16
-5.2598e-16
6.62151e-07
7.5411e-16
-4.9637e-16
-3.40639e-16
8.06798e-07
-5.726e-16
-1.57594e-16
8.79248e-07
-6.32202e-16
-1.58703e-19
8.79248e-07
-5.37834e-16
1.85631e-16
8.06798e-07
3.84656e-16
6.62151e-07
-3.14044e-16
-3.05161e-16
-7.93396e-16
6.62151e-07
4.76552e-16
-2.98134e-16
-6.25028e-16
8.06798e-07
-4.01471e-16
-4.16362e-16
8.79248e-07
-4.75925e-16
-1.56011e-16
8.79248e-07
-4.17421e-16
9.91881e-17
8.06798e-07
5.62307e-16
6.62151e-07
-2.89356e-16
-1.51381e-17
-9.51712e-16
5.88945e-07
2.94865e-16
-7.0208e-17
-6.87709e-16
7.34096e-07
-1.69237e-16
-4.49092e-16
8.06798e-07
-2.35275e-16
-1.98954e-16
8.06798e-07
-7.22358e-17
9.57677e-17
7.34096e-07
9.01476e-16
5.88945e-07
-9.70013e-17
7.76272e-16
4.41971e-07
-2.26625e-16
-1.61453e-15
3.94644e-16
5.88945e-07
-3.13805e-16
2.33898e-16
6.62151e-07
-2.8569e-16
2.49768e-16
6.62151e-07
-9.43922e-17
6.72638e-16
5.88945e-07
-1.08375e-16
4.41971e-07
-4.12867e-18
2.07793e-15
-4.22196e-16
7.79313e-16
4.41971e-07
-7.06858e-16
2.53061e-16
-7.07617e-16
8.66467e-16
5.88945e-07
-8.2535e-16
-9.03972e-16
8.44066e-16
6.62151e-07
-8.58354e-16
-9.50139e-16
7.26615e-16
6.62151e-07
-7.54985e-16
-8.08647e-16
5.57218e-16
5.88945e-07
-5.52179e-16
3.41185e-16
4.41971e-07
-3.34167e-16
-4.10957e-16
-5.32865e-16
7.1684e-16
5.88945e-07
3.20087e-16
-8.0594e-16
6.73853e-16
7.34096e-07
-1.05829e-15
6.19365e-16
8.06798e-07
-1.16292e-15
5.60587e-16
8.06798e-07
-1.10387e-15
4.70232e-16
7.34096e-07
3.66165e-16
5.88945e-07
-7.38142e-16
-5.24187e-16
5.77509e-16
6.62151e-07
2.73541e-16
-8.09255e-16
3.55121e-16
8.06798e-07
-1.09413e-15
2.66304e-16
8.79248e-07
-1.25503e-15
2.61865e-16
8.79248e-07
-1.22925e-15
3.12727e-16
8.06798e-07
3.44519e-16
6.62151e-07
-9.01358e-16
-5.99708e-16
4.428e-16
6.62151e-07
3.93714e-16
-8.37398e-16
-2.23888e-18
8.06798e-07
-1.09148e-15
-1.04389e-16
8.79248e-07
-1.24557e-15
-2.95443e-17
8.79248e-07
-1.25251e-15
1.37699e-16
8.06798e-07
3.00397e-16
6.62151e-07
-9.64137e-16
-7.60926e-16
5.8097e-16
5.88945e-07
4.05492e-16
-9.13237e-16
-2.20192e-16
7.34096e-07
-1.0467e-15
-3.45027e-16
8.06798e-07
-1.14837e-15
-2.42169e-16
8.06798e-07
-1.14825e-15
-1.70812e-18
7.34096e-07
2.10269e-16
5.88945e-07
-9.19692e-16
-1.42377e-15
4.41971e-07
2.48623e-16
2.26179e-15
-1.06572e-15
5.88945e-07
-3.62661e-16
-9.72567e-16
6.62151e-07
-3.01186e-16
-9.2246e-16
6.62151e-07
-1.86413e-16
-9.23011e-16
5.88945e-07
1.75204e-16
4.41971e-07
-5.14127e-16
-4.32478e-17
-2.59127e-16
-6.50741e-16
4.41971e-07
6.27466e-16
-8.2525e-17
-5.03058e-16
-3.47193e-16
5.88945e-07
3.39253e-16
-6.29117e-16
-1.27595e-16
6.62151e-07
1.93377e-16
-6.17762e-16
-1.70584e-17
6.62151e-07
1.26009e-16
-5.145e-16
9.26575e-18
5.88945e-07
1.60342e-16
4.6304e-18
4.41971e-07
1.76059e-16
-3.26592e-16
-4.20523e-16
-6.82164e-16
5.88945e-07
1.21562e-16
-5.97466e-16
-3.68786e-16
7.34096e-07
-7.12937e-16
-1.40301e-16
8.06798e-07
-7.35032e-16
5.71653e-17
8.06798e-07
-6.65314e-16
1.87966e-16
7.34096e-07
3.54202e-16
5.88945e-07
-5.38454e-16
-3.63671e-16
-7.64028e-16
6.62151e-07
1.65362e-16
-4.87368e-16
-4.84719e-16
8.06798e-07
-5.87825e-16
-2.14262e-16
8.79248e-07
-6.41408e-16
7.24656e-17
8.79248e-07
-5.9113e-16
3.92752e-16
8.06798e-07
7.75065e-16
6.62151e-07
-5.77704e-16
-1.36287e-16
-7.69074e-16
6.62151e-07
-7.71734e-17
-2.31558e-16
-5.48143e-16
8.06798e-07
-2.99477e-16
-2.84886e-16
8.79248e-07
-3.28489e-16
1.25842e-16
8.79248e-07
-3.30311e-16
5.44639e-16
8.06798e-07
1.47903e-15
6.62151e-07
-5.39445e-16
2.06496e-16
-7.68986e-16
5.88945e-07
-2.27285e-16
1.65822e-16
-5.10717e-16
7.34096e-07
1.89596e-16
-2.56137e-16
8.06798e-07
2.09441e-16
1.98586e-16
8.06798e-07
3.79383e-16
6.67186e-16
7.34096e-07
2.46539e-15
5.88945e-07
-1.54809e-16
1.09625e-15
4.41971e-07
6.52147e-17
-2.08362e-15
8.28998e-16
5.88945e-07
-1.87895e-17
8.82732e-16
6.62151e-07
1.54171e-18
1.01388e-15
6.62151e-07
5.04562e-16
1.50568e-15
5.88945e-07
5.78774e-16
4.41971e-07
8.62794e-18
4.89438e-15
2.57367e-16
-3.17516e-16
4.41971e-07
2.77091e-16
-6.11731e-17
3.49142e-16
-3.68028e-16
5.88945e-07
4.24612e-16
3.83112e-16
-3.00825e-16
6.62151e-07
3.67385e-16
3.85199e-16
-2.41273e-16
6.62151e-07
2.09347e-16
4.16912e-16
-2.0399e-16
5.88945e-07
6.78124e-17
-1.63169e-16
4.41971e-07
-3.55079e-17
3.36288e-16
5.80034e-17
-4.46184e-17
5.88945e-07
-2.13222e-17
1.03142e-16
-1.71539e-16
7.34096e-07
1.11133e-16
-2.08091e-16
8.06798e-07
1.31759e-16
-2.39306e-16
8.06798e-07
1.86833e-16
-2.84726e-16
7.34096e-07
-3.61657e-16
5.88945e-07
2.19459e-16
-1.45222e-16
2.87438e-16
6.62151e-07
1.41381e-16
-7.96812e-17
-2.04934e-17
8.06798e-07
-5.66562e-17
-1.89546e-16
8.79248e-07
-9.81458e-18
-3.1425e-16
8.79248e-07
6.09915e-17
-4.04117e-16
8.06798e-07
-5.79974e-16
6.62151e-07
1.58071e-16
-3.37109e-16
6.09693e-16
6.62151e-07
3.60617e-16
-2.40693e-16
5.53073e-17
8.06798e-07
-1.70222e-16
-2.53906e-16
8.79248e-07
-5.37234e-17
-5.00345e-16
8.79248e-07
2.67576e-17
-5.87117e-16
8.06798e-07
-9.15795e-16
6.62151e-07
1.90685e-16
-5.59529e-16
9.96382e-16
5.88945e-07
3.77367e-16
-4.35391e-16
3.84716e-17
7.34096e-07
-2.98217e-16
-4.12157e-16
8.06798e-07
-4.81086e-17
-9.45162e-16
8.06798e-07
2.65129e-17
-8.773e-16
7.34096e-07
-1.42776e-15
5.88945e-07
2.43188e-16
-1.33239e-15
4.41971e-07
3.78966e-16
2.19422e-15
-8.80206e-16
5.88945e-07
-4.62463e-16
-7.03165e-16
6.62151e-07
-8.24538e-16
-7.39109e-17
6.62151e-07
-1.89483e-15
-3.54058e-16
5.88945e-07
-1.1156e-15
4.41971e-07
3.10971e-16
-2.84959e-15
-6.13277e-16
9.13274e-16
4.41971e-07
-8.82955e-16
6.30588e-16
-4.64686e-16
7.36609e-16
5.88945e-07
-7.60816e-16
-2.70058e-16
7.12984e-16
6.62151e-07
-6.63967e-16
-5.68508e-17
7.59478e-16
6.62151e-07
-6.45195e-16
1.65018e-16
8.626e-16
5.88945e-07
-6.79039e-16
9.19151e-16
4.41971e-07
-5.99402e-16
2.44356e-16
-6.04308e-16
8.07874e-16
5.88945e-07
6.77714e-16
-4.71527e-16
7.76557e-16
7.34096e-07
-3.30821e-16
8.45544e-16
8.06798e-07
-1.47481e-16
9.66709e-16
8.06798e-07
5.09227e-17
1.0984e-15
7.34096e-07
1.23356e-15
5.88945e-07
1.90314e-16
-4.45987e-16
7.85077e-16
6.62151e-07
4.55172e-16
-3.79609e-16
8.83489e-16
8.06798e-07
-3.07504e-16
1.0305e-15
8.79248e-07
-2.20747e-16
1.20647e-15
8.79248e-07
-1.01242e-16
1.42905e-15
8.06798e-07
1.61369e-15
6.62151e-07
-7.25117e-17
-7.59557e-17
8.63966e-16
6.62151e-07
-8.76292e-17
-1.10705e-16
1.0587e-15
8.06798e-07
-1.26449e-16
1.26618e-15
8.79248e-07
-1.40345e-16
1.545e-15
8.79248e-07
-2.16758e-16
1.86939e-15
8.06798e-07
2.21471e-15
6.62151e-07
-4.08733e-16
4.94476e-16
8.85542e-16
5.88945e-07
-5.69664e-16
3.68278e-16
1.30357e-15
7.34096e-07
2.44061e-16
1.59563e-15
8.06798e-07
1.75739e-17
1.98579e-15
8.06798e-07
-2.75652e-16
2.47006e-15
7.34096e-07
3.13114e-15
5.88945e-07
-8.05896e-16
1.64056e-15
4.41971e-07
1.58211e-15
-2.61912e-15
1.12546e-15
5.88945e-07
1.98097e-15
8.05493e-16
6.62151e-07
2.21762e-15
1.83251e-16
6.62151e-07
2.9849e-15
-1.60159e-16
5.88945e-07
3.30062e-15
4.41971e-07
-1.22808e-15
4.91355e-15
-4.62988e-16
2.05722e-16
4.41971e-07
3.03935e-16
2.08199e-16
-4.39172e-16
3.28232e-16
5.88945e-07
3.53355e-17
-3.34844e-16
2.98928e-16
6.62151e-07
2.55391e-17
-1.89238e-16
3.27858e-16
6.62151e-07
-3.21931e-17
-8.84475e-17
3.47755e-16
5.88945e-07
-4.24075e-17
2.80699e-16
4.41971e-07
-2.37919e-17
-1.59095e-16
-6.75623e-16
7.01399e-16
5.88945e-07
5.54673e-16
-5.60861e-16
6.62374e-16
7.34096e-07
-4.06258e-16
5.96492e-16
8.06798e-07
-2.3042e-16
5.94436e-16
8.06798e-07
-7.56645e-17
5.96525e-16
7.34096e-07
5.2947e-16
5.88945e-07
-1.34939e-16
-7.15375e-16
1.17677e-15
6.62151e-07
6.19246e-16
-6.21312e-16
1.00518e-15
8.06798e-07
-4.6731e-16
8.84147e-16
8.79248e-07
-3.17493e-16
8.35364e-16
8.79248e-07
-1.5664e-16
8.22319e-16
8.06798e-07
7.15691e-16
6.62151e-07
-1.72975e-16
-7.27821e-16
1.58157e-15
6.62151e-07
6.84554e-16
-6.42611e-16
1.32315e-15
8.06798e-07
-5.23811e-16
1.12806e-15
8.79248e-07
-3.92139e-16
1.05584e-15
8.79248e-07
-2.59289e-16
9.63139e-16
8.06798e-07
7.98632e-16
6.62151e-07
-2.13296e-16
-7.70913e-16
2.00202e-15
5.88945e-07
5.6851e-16
-7.14512e-16
1.47875e-15
7.34096e-07
-5.95039e-16
1.24307e-15
8.06798e-07
-5.07667e-16
1.16282e-15
8.06798e-07
-3.4602e-16
1.00091e-15
7.34096e-07
7.11011e-16
5.88945e-07
-2.32362e-16
-1.42472e-15
4.41971e-07
1.43941e-15
2.22984e-15
-9.9246e-16
5.88945e-07
9.86567e-16
-7.82532e-16
6.62151e-07
9.56507e-16
-5.76921e-16
6.62151e-07
8.7848e-16
-3.0399e-16
5.88945e-07
6.20369e-16
4.41971e-07
7.29615e-17
9.29083e-17
8.62782e-16
-4.18164e-16
4.41971e-07
2.33849e-17
-6.99868e-16
7.33038e-16
-2.43413e-16
5.88945e-07
1.97275e-16
6.31069e-16
-3.92887e-17
6.62151e-07
-2.94751e-17
5.04366e-16
1.01486e-16
6.62151e-07
-1.68136e-16
3.62085e-16
2.12889e-16
5.88945e-07
-3.332e-16
2.24235e-16
4.41971e-07
-3.99203e-16
4.14498e-17
7.76289e-16
-3.72394e-16
5.88945e-07
-9.51916e-16
6.32593e-16
-1.44679e-16
7.34096e-07
5.46547e-16
5.53163e-18
8.06798e-07
4.6906e-16
1.07206e-16
8.06798e-07
3.6064e-16
1.55767e-16
7.34096e-07
7.21377e-17
5.88945e-07
6.13684e-17
6.9187e-16
-3.26258e-16
6.62151e-07
-8.44034e-16
5.88088e-16
-4.69854e-17
8.06798e-07
5.21982e-16
8.32114e-17
8.79248e-07
4.54101e-16
1.37087e-16
8.79248e-07
3.70905e-16
1.06981e-16
8.06798e-07
-6.2648e-17
6.62151e-07
8.58e-17
7.92119e-16
-3.03098e-16
6.62151e-07
-9.74487e-16
6.69034e-16
9.92741e-18
8.06798e-07
5.77586e-16
1.22669e-16
8.79248e-07
4.85982e-16
1.24206e-16
8.79248e-07
4.10509e-16
3.3738e-18
8.06798e-07
-2.52415e-16
6.62151e-07
1.63358e-16
9.81645e-16
-6.33349e-16
5.88945e-07
-9.50844e-16
8.46904e-16
-1.09558e-16
7.34096e-07
6.93149e-16
3.77569e-17
8.06798e-07
5.73734e-16
4.85479e-19
8.06798e-07
5.29136e-16
-1.96607e-16
7.34096e-07
-5.23317e-16
5.88945e-07
2.94482e-16
1.64712e-15
4.41971e-07
-6.13633e-16
-2.5186e-15
1.19581e-15
5.88945e-07
-3.16684e-16
9.32186e-16
6.62151e-07
-2.79686e-16
7.89856e-16
6.62151e-07
-3.687e-16
6.92614e-16
5.88945e-07
-6.21477e-16
4.41971e-07
2.6418e-16
-7.17773e-16
1.23817e-16
-3.66012e-17
4.41971e-07
2.99781e-16
-6.77761e-17
2.2133e-16
-5.91525e-17
5.88945e-07
2.4065e-16
2.29843e-16
3.7204e-18
6.62151e-07
2.12337e-16
2.19959e-16
7.92769e-17
6.62151e-07
1.14246e-16
2.10185e-16
1.53923e-16
5.88945e-07
2.5141e-17
1.83548e-16
4.41971e-07
-4.87268e-17
2.42046e-17
2.03578e-16
3.22404e-16
5.88945e-07
-1.56024e-16
2.17508e-16
2.8533e-16
7.34096e-07
2.33702e-16
2.99819e-16
8.06798e-07
2.71691e-16
3.14588e-16
8.06798e-07
2.93106e-16
3.1272e-16
7.34096e-07
2.60435e-16
5.88945e-07
1.26332e-16
1.25967e-16
7.31327e-16
6.62151e-07
-1.68879e-16
1.35083e-16
6.51631e-16
8.06798e-07
1.75133e-16
5.86504e-16
8.79248e-07
2.47974e-16
5.24376e-16
8.79248e-07
3.06424e-16
4.33172e-16
8.06798e-07
3.00922e-16
6.62151e-07
1.43825e-16
2.35617e-17
1.09593e-15
6.62151e-07
-1.24481e-17
5.66828e-17
9.24481e-16
8.06798e-07
1.17319e-16
7.94674e-16
8.79248e-07
2.12897e-16
6.45974e-16
8.79248e-07
3.04105e-16
4.60208e-16
8.06798e-07
2.61649e-16
6.62151e-07
1.84253e-16
-1.34139e-16
1.42742e-15
5.88945e-07
3.78077e-17
-6.68062e-17
1.03716e-15
7.34096e-07
2.34814e-17
8.36979e-16
8.06798e-07
1.41802e-16
6.30801e-16
8.06798e-07
2.51602e-16
4.25749e-16
7.34096e-07
2.47087e-16
5.88945e-07
1.40081e-16
-7.75859e-16
4.41971e-07
9.73605e-16
1.66796e-15
-3.79045e-16
5.88945e-07
7.30203e-16
-1.52042e-16
6.62151e-07
6.37718e-16
5.92072e-18
6.62151e-07
4.79071e-16
9.47782e-17
5.88945e-07
3.45294e-16
4.41971e-07
3.14172e-17
1.93376e-16
5.04071e-16
2.2146e-16
4.41971e-07
-5.43759e-16
-3.23323e-16
4.66889e-16
2.53514e-16
5.88945e-07
-4.5562e-16
3.46313e-16
3.43316e-16
6.62151e-07
-5.47111e-16
1.59392e-16
4.06263e-16
6.62151e-07
-5.6953e-16
-1.5777e-17
4.17642e-16
5.88945e-07
-5.62886e-16
3.15156e-16
4.41971e-07
-4.46821e-16
-1.74084e-16
6.97731e-16
-6.01883e-17
5.88945e-07
-6.76405e-16
5.74365e-16
6.40396e-17
7.34096e-07
3.97454e-16
1.86087e-16
8.06798e-07
1.86196e-16
2.39444e-16
8.06798e-07
-4.26937e-17
2.30147e-16
7.34096e-07
1.39584e-16
5.88945e-07
-2.63517e-16
7.63605e-16
-3.61429e-16
6.62151e-07
-7.88626e-16
5.97119e-16
-1.1982e-16
8.06798e-07
3.93992e-16
2.04128e-17
8.79248e-07
1.90986e-16
6.34781e-17
8.79248e-07
-3.48842e-17
2.85025e-17
8.06798e-07
-6.36434e-17
6.62151e-07
-2.97524e-16
8.5468e-16
-6.61994e-16
6.62151e-07
-9.35276e-16
6.67764e-16
-3.3868e-16
8.06798e-07
4.52874e-16
-1.78785e-16
8.79248e-07
2.39004e-16
-1.42083e-16
8.79248e-07
1.05539e-17
-2.02802e-16
8.06798e-07
-2.54769e-16
6.62151e-07
-2.57116e-16
9.46972e-16
-1.12926e-15
5.88945e-07
-8.33073e-16
7.70949e-16
-6.17949e-16
7.34096e-07
5.49676e-16
-4.12042e-16
8.06798e-07
3.13894e-16
-3.80257e-16
8.06798e-07
9.06728e-17
-4.06502e-16
7.34096e-07
-3.87946e-16
5.88945e-07
-1.86391e-16
1.43135e-15
4.41971e-07
-9.14779e-16
-2.21762e-15
9.98755e-16
5.88945e-07
-6.45693e-16
6.80305e-16
6.62151e-07
-5.46332e-16
4.24468e-16
6.62151e-07
-5.28202e-16
1.68262e-16
5.88945e-07
-5.10227e-16
4.41971e-07
-1.09847e-16
-3.80409e-16
-4.74329e-16
3.71332e-16
4.41971e-07
8.40981e-17
3.49757e-16
-3.73432e-16
3.7851e-16
5.88945e-07
-1.51064e-16
-3.27413e-16
3.20001e-16
6.62151e-07
-8.81007e-17
-2.70482e-16
2.85652e-16
6.62151e-07
-6.54434e-17
-1.95303e-16
2.28058e-16
5.88945e-07
9.8254e-18
1.40747e-16
4.41971e-07
6.17344e-17
-1.08823e-16
-4.00173e-16
5.90571e-16
5.88945e-07
4.85302e-16
-2.98212e-16
5.31133e-16
7.34096e-07
-2.45888e-16
4.72447e-16
8.06798e-07
-2.11325e-16
4.30176e-16
8.06798e-07
-1.68268e-16
3.83475e-16
7.34096e-07
3.09532e-16
5.88945e-07
-1.03376e-16
-3.50661e-16
7.83481e-16
6.62151e-07
3.94731e-16
-2.879e-16
6.58124e-16
8.06798e-07
-2.44828e-16
5.976e-16
8.79248e-07
-2.03904e-16
5.2667e-16
8.79248e-07
-1.71359e-16
4.60368e-16
8.06798e-07
4.14816e-16
6.62151e-07
-1.11499e-16
-4.41628e-16
9.26932e-16
6.62151e-07
5.32274e-16
-3.52938e-16
7.49998e-16
8.06798e-07
-3.0167e-16
6.48238e-16
8.79248e-07
-2.3132e-16
5.84006e-16
8.79248e-07
-1.83572e-16
5.19723e-16
8.06798e-07
4.80794e-16
6.62151e-07
-9.276e-17
-6.33459e-16
1.27209e-15
5.88945e-07
5.38439e-16
-5.18827e-16
8.30568e-16
7.34096e-07
-4.1361e-16
6.80839e-16
8.06798e-07
-3.27238e-16
6.07439e-16
8.06798e-07
-2.37097e-16
5.88661e-16
7.34096e-07
5.50675e-16
5.88945e-07
-1.05552e-16
-1.33e-15
4.41971e-07
1.01225e-15
2.2231e-15
-9.00868e-16
5.88945e-07
7.61833e-16
-6.56398e-16
6.62151e-07
7.38795e-16
-4.88308e-16
6.62151e-07
7.14014e-16
-3.30706e-16
5.88945e-07
7.18506e-16
4.41971e-07
-4.20617e-17
5.90144e-16
5.37364e-16
-9.87127e-17
4.41971e-07
-1.91937e-16
-4.94155e-16
3.64794e-16
8.26088e-17
5.88945e-07
-2.02053e-16
1.94441e-16
2.10742e-16
6.62151e-07
-3.50967e-16
2.06571e-17
2.47265e-16
6.62151e-07
-3.77627e-16
-1.15037e-16
2.10717e-16
5.88945e-07
-3.42008e-16
8.56467e-17
4.41971e-07
-2.40534e-16
-1.11452e-16
6.23128e-16
-2.89657e-16
5.88945e-07
-7.76215e-16
4.34352e-16
-9.0366e-17
7.34096e-07
2.2155e-16
3.23649e-17
8.06798e-07
2.3673e-17
7.51576e-17
8.06798e-07
-1.77796e-16
3.86069e-17
7.34096e-07
-5.15295e-17
5.88945e-07
-2.24178e-16
6.76293e-16
-5.39509e-16
6.62151e-07
-8.08718e-16
5.02563e-16
-2.98143e-16
8.06798e-07
2.75513e-16
-1.60036e-16
8.79248e-07
4.8383e-17
-1.12196e-16
8.79248e-07
-1.647e-16
-1.29215e-16
8.06798e-07
-1.95572e-16
6.62151e-07
-2.3575e-16
7.64871e-16
-7.49325e-16
6.62151e-07
-9.20267e-16
5.55943e-16
-5.12224e-16
8.06798e-07
3.3857e-16
-3.6517e-16
8.79248e-07
1.03008e-16
-2.96399e-16
8.79248e-07
-9.7825e-17
-2.82503e-16
8.06798e-07
-3.28838e-16
6.62151e-07
-1.74889e-16
8.43968e-16
-1.06507e-15
5.88945e-07
-8.33988e-16
6.37786e-16
-6.85291e-16
7.34096e-07
4.24376e-16
-5.14835e-16
8.06798e-07
2.0865e-16
-4.4926e-16
8.06798e-07
2.25785e-17
-4.30433e-16
7.34096e-07
-4.17107e-16
5.88945e-07
-4.30563e-17
1.27115e-15
4.41971e-07
-7.52183e-16
-2.05888e-15
8.37354e-16
5.88945e-07
-5.49061e-16
5.62029e-16
6.62151e-07
-4.93639e-16
3.48423e-16
6.62151e-07
-4.68352e-16
2.12225e-16
5.88945e-07
-4.69144e-16
4.41971e-07
1.03667e-16
-3.74462e-16
-4.28081e-16
9.62746e-17
4.41971e-07
2.83966e-16
2.74387e-16
-4.17991e-16
8.97833e-17
5.88945e-07
1.05808e-16
-4.12322e-16
7.21863e-17
6.62151e-07
1.44618e-16
-3.53697e-16
4.20026e-17
6.62151e-07
1.53076e-16
-2.47151e-16
-3.87913e-17
5.88945e-07
2.33991e-16
-8.89159e-17
4.41971e-07
2.47305e-16
-5.78944e-17
-3.76229e-16
3.56628e-16
5.88945e-07
3.7148e-16
-3.63036e-16
3.03375e-16
7.34096e-07
-3.53313e-16
2.53511e-16
8.06798e-07
-3.23964e-16
2.02865e-16
8.06798e-07
-2.32564e-16
1.4673e-16
7.34096e-07
1.00943e-16
5.88945e-07
-6.08752e-17
-3.53617e-16
6.36147e-16
6.62151e-07
3.19389e-16
-3.47051e-16
4.71642e-16
8.06798e-07
-3.45815e-16
3.85126e-16
8.79248e-07
-3.06241e-16
3.44086e-16
8.79248e-07
-2.17372e-16
2.94275e-16
8.06798e-07
2.66903e-16
6.62151e-07
-3.73296e-17
-4.77983e-16
8.81827e-16
6.62151e-07
4.89568e-16
-4.37416e-16
6.30182e-16
8.06798e-07
-3.89964e-16
5.12188e-16
8.79248e-07
-3.20297e-16
4.52731e-16
8.79248e-07
-2.16998e-16
4.12183e-16
8.06798e-07
3.91951e-16
6.62151e-07
-5.26057e-18
-6.83688e-16
1.32707e-15
5.88945e-07
5.28474e-16
-6.13167e-16
8.1165e-16
7.34096e-07
-5.03511e-16
6.237e-16
8.06798e-07
-3.93665e-16
5.47776e-16
8.06798e-07
-2.3593e-16
5.34725e-16
7.34096e-07
5.11358e-16
5.88945e-07
7.28257e-18
-1.47439e-15
4.41971e-07
1.12914e-15
2.37964e-15
-1.01945e-15
5.88945e-07
8.43698e-16
-7.4964e-16
6.62151e-07
7.86543e-16
-5.31022e-16
6.62151e-07
7.56375e-16
-3.22151e-16
5.88945e-07
7.59599e-16
4.41971e-07
3.66632e-17
6.32175e-16
-1.66851e-16
1.41596e-16
4.41971e-07
-3.64061e-16
1.25746e-16
-2.91744e-16
1.72796e-16
5.88945e-07
-3.29234e-16
-3.82433e-16
1.72594e-16
6.62151e-07
-3.174e-16
-4.48921e-16
1.27317e-16
6.62151e-07
-2.53348e-16
-4.61155e-16
2.07904e-17
5.88945e-07
-1.32953e-16
-1.11597e-16
4.41971e-07
-2.47249e-17
-2.66256e-16
-1.3968e-16
-1.72119e-16
5.88945e-07
9.871e-17
-2.47821e-16
-6.24697e-17
7.34096e-07
-3.76857e-16
-8.98684e-18
8.06798e-07
-4.86913e-16
-2.76305e-18
8.06798e-07
-5.68034e-16
-6.79524e-17
7.34096e-07
-1.53472e-16
5.88945e-07
-4.41318e-16
-6.22176e-17
-4.99483e-16
6.62151e-07
2.81489e-17
-1.78251e-16
-3.00967e-16
8.06798e-07
-3.12927e-16
-1.94056e-16
8.79248e-07
-4.58007e-16
-1.3169e-16
8.79248e-07
-5.54893e-16
-1.4022e-16
8.06798e-07
-1.6928e-16
6.62151e-07
-4.40164e-16
1.43473e-17
-7.92845e-16
6.62151e-07
-1.01511e-16
-1.17447e-16
-5.22653e-16
8.06798e-07
-2.57852e-16
-3.52658e-16
8.79248e-07
-3.98905e-16
-2.63502e-16
8.79248e-07
-4.83385e-16
-2.00439e-16
8.06798e-07
-1.89175e-16
6.62151e-07
-3.98736e-16
8.72438e-17
-1.11166e-15
5.88945e-07
-5.66716e-17
-3.94692e-17
-6.75599e-16
7.34096e-07
-1.85867e-16
-4.66012e-16
8.06798e-07
-2.91632e-16
-3.37354e-16
8.06798e-07
-3.78403e-16
-2.35679e-16
7.34096e-07
-1.79544e-16
5.88945e-07
-2.60075e-16
5.36291e-16
4.41971e-07
-6.27067e-16
-1.40165e-15
1.52837e-16
5.88945e-07
-4.05766e-16
-5.7754e-17
6.62151e-07
-2.81703e-16
-1.61606e-16
6.62151e-07
-1.95867e-16
-1.9251e-16
5.88945e-07
-1.13813e-16
4.41971e-07
-7.87893e-17
-4.31469e-17
-1.09606e-15
1.92555e-16
4.41971e-07
3.44317e-16
8.25193e-16
-1.01689e-15
1.42325e-16
5.88945e-07
1.51694e-16
-8.90816e-16
-1.04326e-17
6.62151e-07
2.95568e-16
-6.35652e-16
-1.00128e-16
6.62151e-07
3.47403e-16
-3.30709e-16
-1.87116e-16
5.88945e-07
4.12076e-16
-1.74338e-16
4.41971e-07
3.32407e-16
3.26343e-17
-1.31231e-15
4.70154e-16
5.88945e-07
1.36967e-15
-1.12835e-15
3.55333e-16
7.34096e-07
-9.32958e-16
2.26369e-16
8.06798e-07
-6.94331e-16
1.39057e-16
8.06798e-07
-4.08217e-16
6.46128e-17
7.34096e-07
5.45683e-17
5.88945e-07
2.23701e-18
-1.32303e-15
7.49071e-16
6.62151e-07
1.38135e-15
-1.15038e-15
5.44087e-16
8.06798e-07
-9.45533e-16
4.3439e-16
8.79248e-07
-7.03014e-16
3.60549e-16
8.79248e-07
-4.21459e-16
3.00101e-16
8.06798e-07
2.80379e-16
6.62151e-07
4.80088e-18
-1.43498e-15
1.01148e-15
6.62151e-07
1.50803e-15
-1.24468e-15
7.35426e-16
8.06798e-07
-1.01478e-15
6.15898e-16
8.79248e-07
-7.52043e-16
5.57467e-16
8.79248e-07
-4.5003e-16
5.27222e-16
8.06798e-07
4.81856e-16
6.62151e-07
7.49608e-18
-1.55835e-15
1.53874e-15
5.88945e-07
1.33885e-15
-1.39717e-15
9.79284e-16
7.34096e-07
-1.14458e-15
8.16691e-16
8.06798e-07
-8.48968e-16
7.51458e-16
8.06798e-07
-5.03473e-16
7.34906e-16
7.34096e-07
6.34585e-16
5.88945e-07
-1.01749e-17
-2.15513e-15
4.41971e-07
1.53327e-15
2.88836e-15
-1.71054e-15
5.88945e-07
1.15097e-15
-1.35909e-15
6.62151e-07
1.11457e-15
-9.7351e-16
6.62151e-07
1.04211e-15
-5.64276e-16
5.88945e-07
9.97942e-16
4.41971e-07
5.72515e-17
7.28119e-16
4.28113e-16
-7.98312e-17
4.41971e-07
-2.3328e-17
-3.59496e-16
4.48369e-16
3.92328e-17
5.88945e-07
1.50259e-16
5.14968e-16
6.72524e-17
6.62151e-07
8.71686e-18
5.83448e-16
1.15846e-16
6.62151e-07
-7.6374e-17
6.57717e-16
2.17861e-16
5.88945e-07
-2.46743e-16
3.12261e-16
4.41971e-07
-3.08575e-16
4.81011e-16
2.32241e-16
1.95572e-16
5.88945e-07
-3.96319e-16
2.29146e-16
2.26595e-16
7.34096e-07
3.11091e-16
2.32456e-16
8.06798e-07
4.20305e-16
2.37855e-16
8.06798e-07
5.42762e-16
2.62281e-16
7.34096e-07
2.71321e-16
5.88945e-07
5.52905e-16
1.013e-16
4.05763e-16
6.62151e-07
-2.18002e-16
1.52917e-16
4.67808e-16
8.06798e-07
2.4889e-16
4.28118e-16
8.79248e-07
3.41503e-16
3.95267e-16
8.79248e-07
4.3041e-16
3.56624e-16
8.06798e-07
2.91245e-16
6.62151e-07
4.47771e-16
1.86544e-16
7.57473e-16
6.62151e-07
-4.16024e-16
1.54562e-16
6.93664e-16
8.06798e-07
2.27684e-16
6.49245e-16
8.79248e-07
2.9357e-16
5.72711e-16
8.79248e-07
3.68676e-16
4.83457e-16
8.06798e-07
3.18129e-16
6.62151e-07
3.7839e-16
3.01022e-16
8.84757e-16
5.88945e-07
-4.52134e-16
2.47486e-16
9.89629e-16
7.34096e-07
2.40946e-16
8.82073e-16
8.06798e-07
2.88391e-16
7.22259e-16
8.06798e-07
3.30278e-16
5.56006e-16
7.34096e-07
2.90444e-16
5.88945e-07
3.0174e-16
1.21218e-15
4.41971e-07
1.5625e-15
-2.42103e-15
6.5874e-16
5.88945e-07
1.28109e-15
4.58404e-16
6.62151e-07
1.09035e-15
4.10579e-16
6.62151e-07
7.86916e-16
3.99892e-16
5.88945e-07
5.19435e-16
4.41971e-07
2.28694e-16
2.47575e-16
5.05043e-16
-7.5499e-16
4.41971e-07
9.68558e-16
-5.37549e-17
8.52041e-16
-6.80503e-16
5.88945e-07
9.72379e-16
1.04819e-15
-5.25907e-16
6.62151e-07
7.89786e-16
1.0867e-15
-3.3718e-16
6.62151e-07
5.00329e-16
9.88485e-16
-8.97654e-17
5.88945e-07
1.71165e-16
6.60723e-17
4.41971e-07
-1.77332e-17
4.99675e-16
3.55826e-16
-3.2148e-16
5.88945e-07
1.38186e-16
7.12413e-16
-2.4417e-16
7.34096e-07
9.58079e-16
-1.84565e-16
8.06798e-07
1.1226e-15
-1.15466e-16
8.06798e-07
1.18833e-15
-1.10342e-17
7.34096e-07
4.33725e-17
5.88945e-07
8.69862e-16
1.72072e-16
2.22225e-16
6.62151e-07
3.32605e-16
5.82295e-16
2.30972e-16
8.06798e-07
8.91991e-16
1.99327e-16
8.79248e-07
1.09796e-15
1.62205e-16
8.79248e-07
1.21133e-15
1.11375e-16
8.06798e-07
3.13952e-17
6.62151e-07
9.66211e-16
1.08674e-16
6.90648e-16
6.62151e-07
5.05488e-16
5.35957e-16
7.06789e-16
8.06798e-07
8.57839e-16
5.72152e-16
8.79248e-07
1.08086e-15
4.18404e-16
8.79248e-07
1.22754e-15
2.24404e-16
8.06798e-07
9.04995e-18
6.62151e-07
1.01671e-15
1.91297e-16
1.14996e-15
5.88945e-07
2.31675e-16
5.70898e-16
1.06694e-15
7.34096e-07
8.62405e-16
8.42267e-16
8.06798e-07
1.07973e-15
5.82661e-16
8.06798e-07
1.21617e-15
2.55216e-16
7.34096e-07
-8.59501e-17
5.88945e-07
9.72235e-16
-2.35961e-16
4.41971e-07
-1.01777e-16
1.96403e-15
4.89151e-16
5.88945e-07
4.49132e-16
8.99376e-16
6.62151e-07
4.09023e-16
1.09143e-15
6.62151e-07
2.58861e-16
1.11697e-15
5.88945e-07
-1.14117e-16
4.41971e-07
6.75977e-16
-3.0228e-16
1.03714e-15
-4.17808e-16
4.41971e-07
8.71385e-17
-6.62247e-16
1.04338e-15
-5.2593e-16
5.88945e-07
4.36897e-16
9.07392e-16
-4.91254e-16
6.62151e-07
4.10436e-16
6.34579e-16
-4.84673e-16
6.62151e-07
4.42919e-16
2.44568e-16
-4.963e-16
5.88945e-07
4.92177e-16
-5.36862e-16
4.41971e-07
5.2883e-16
-4.77583e-17
1.09405e-15
-4.29725e-16
5.88945e-07
-1.0456e-15
1.0088e-15
-4.58431e-16
7.34096e-07
8.75962e-16
-4.30857e-16
8.06798e-07
6.89158e-16
-4.37974e-16
8.06798e-07
4.44966e-16
-4.73144e-16
7.34096e-07
-5.47387e-16
5.88945e-07
9.66285e-17
9.26969e-16
-3.93749e-16
6.62151e-07
-9.12011e-16
8.5075e-16
-3.30528e-16
8.06798e-07
7.70204e-16
-3.38146e-16
8.79248e-07
6.72038e-16
-3.75206e-16
8.79248e-07
5.21913e-16
-4.60896e-16
8.06798e-07
-5.48554e-16
6.62151e-07
2.30321e-16
8.29437e-16
-3.02735e-16
6.62151e-07
-9.05039e-16
7.80211e-16
-2.41619e-16
8.06798e-07
7.46891e-16
-2.29657e-16
8.79248e-07
6.84125e-16
-3.18322e-16
8.79248e-07
5.92234e-16
-4.43297e-16
8.06798e-07
-5.48316e-16
6.62151e-07
3.14555e-16
7.07474e-16
-6.04618e-16
5.88945e-07
-4.50242e-16
7.8187e-16
-2.96891e-16
7.34096e-07
7.78248e-16
-2.14605e-16
8.06798e-07
7.36319e-16
-2.90005e-16
8.06798e-07
6.39283e-16
-4.38955e-16
7.34096e-07
-4.85554e-16
5.88945e-07
3.46023e-16
1.1983e-15
4.41971e-07
2.18314e-16
-2.28072e-15
9.73932e-16
5.88945e-07
-1.41475e-16
8.31007e-16
6.62151e-07
-1.3962e-16
7.29372e-16
6.62151e-07
-2.79834e-16
5.27163e-16
5.88945e-07
-3.90601e-16
4.41971e-07
1.61324e-16
-3.10936e-16
-2.20788e-16
-6.75438e-17
4.41971e-07
7.71945e-17
1.86874e-16
-1.0832e-16
-1.28246e-16
5.88945e-07
-3.29689e-17
-7.34387e-17
-1.21032e-16
6.62151e-07
3.13894e-17
-1.17472e-16
-1.04422e-16
6.62151e-07
1.50755e-17
-1.83709e-16
-7.15204e-17
5.88945e-07
-1.26602e-17
1.79655e-17
4.41971e-07
-1.30748e-16
-3.06387e-16
7.21161e-17
-1.56075e-16
5.88945e-07
5.72677e-17
1.42159e-16
-1.77644e-16
7.34096e-07
1.45963e-16
-1.68312e-16
8.06798e-07
1.04795e-16
-1.45343e-16
8.06798e-07
-1.30437e-17
-1.30694e-16
7.34096e-07
-6.8979e-17
5.88945e-07
-2.65298e-16
1.45291e-16
-1.31255e-16
6.62151e-07
-7.19928e-17
1.75685e-16
-1.57439e-16
8.06798e-07
2.00641e-16
-1.49264e-16
8.79248e-07
1.90919e-16
-1.68454e-16
8.79248e-07
1.23338e-16
-1.96686e-16
8.06798e-07
-1.52789e-16
6.62151e-07
-1.34007e-16
6.88422e-17
-8.49403e-17
6.62151e-07
1.12854e-16
1.31166e-16
-8.45254e-17
8.06798e-07
1.93479e-16
-1.37515e-16
8.79248e-07
2.27419e-16
-1.97073e-16
8.79248e-07
2.06823e-16
-2.68207e-16
8.06798e-07
-2.36069e-16
6.62151e-07
-1.5824e-19
-7.28688e-17
2.3953e-16
5.88945e-07
-3.91566e-18
2.45542e-17
-3.65894e-17
7.34096e-07
1.27928e-16
-1.51145e-16
8.06798e-07
2.00992e-16
-2.40428e-16
8.06798e-07
2.07527e-16
-3.25372e-16
7.34096e-07
-2.71418e-16
5.88945e-07
3.52405e-17
-8.50301e-16
4.41971e-07
-6.68093e-16
2.09566e-15
-4.09067e-16
5.88945e-07
-4.73103e-16
-1.29657e-16
6.62151e-07
-4.82671e-16
1.63145e-17
6.62151e-07
-4.67632e-16
5.83418e-17
5.88945e-07
-5.09737e-16
4.41971e-07
4.39099e-19
-4.69804e-16
-4.04877e-17
3.56267e-16
4.41971e-07
-4.95391e-16
1.02571e-16
-8.34637e-17
1.84716e-16
5.88945e-07
-3.15171e-16
-1.89514e-16
3.92559e-17
6.62151e-07
-1.72722e-16
-3.10857e-16
-9.62101e-17
6.62151e-07
1.66046e-17
-3.9332e-16
-2.46131e-16
5.88945e-07
2.24773e-16
-3.05545e-16
4.41971e-07
3.25084e-16
-2.85501e-16
8.74031e-17
1.04073e-16
5.88945e-07
-7.01876e-17
2.83004e-17
-3.03333e-17
7.34096e-07
-1.00985e-16
-1.11721e-16
8.06798e-07
-2.61262e-16
-2.01297e-16
8.06798e-07
-4.1061e-16
-2.78048e-16
7.34096e-07
-3.03537e-16
5.88945e-07
-4.06632e-16
1.32234e-16
-1.80768e-16
6.62151e-07
-1.37131e-16
4.49718e-17
-2.32855e-16
8.06798e-07
-8.96011e-17
-2.64781e-16
8.79248e-07
-2.23754e-16
-3.00938e-16
8.79248e-07
-3.6175e-16
-3.28472e-16
8.06798e-07
-2.91349e-16
6.62151e-07
-3.88366e-16
9.44232e-17
-3.84406e-16
6.62151e-07
-2.32733e-16
6.79043e-18
-4.20776e-16
8.06798e-07
-1.03192e-16
-3.86007e-16
8.79248e-07
-2.19112e-16
-3.82463e-16
8.79248e-07
-3.22604e-16
-3.60579e-16
8.06798e-07
-2.57019e-16
6.62151e-07
-3.5354e-16
-4.38586e-17
-7.58507e-16
5.88945e-07
1.57035e-16
-8.90208e-17
-5.9589e-16
7.34096e-07
-1.60725e-16
-4.66671e-16
8.06798e-07
-2.46721e-16
-4.13637e-16
8.06798e-07
-3.30749e-16
-3.35569e-16
7.34096e-07
-1.71542e-16
5.88945e-07
-3.48456e-16
4.05597e-16
4.41971e-07
2.18698e-16
-1.65555e-15
2.97441e-18
5.88945e-07
-2.92861e-16
-2.19755e-16
6.62151e-07
-2.67927e-16
-3.21343e-16
6.62151e-07
-2.89609e-16
-3.87028e-16
5.88945e-07
-1.79276e-16
4.41971e-07
-3.15219e-16
-5.55316e-17
-1.10523e-15
5.78203e-16
4.41971e-07
-2.36536e-16
8.19123e-16
-1.05571e-15
6.21643e-16
5.88945e-07
-5.7906e-16
-9.41047e-16
5.19172e-16
6.62151e-07
-4.57454e-16
-7.52189e-16
4.49266e-16
6.62151e-07
-3.98689e-16
-5.03885e-16
4.15243e-16
5.88945e-07
-3.37835e-16
4.41593e-16
4.41971e-07
-3.53455e-16
-3.24784e-16
-1.03841e-15
5.09368e-16
5.88945e-07
1.12674e-15
-9.01469e-16
4.84738e-16
7.34096e-07
-7.88232e-16
4.33796e-16
8.06798e-07
-6.77073e-16
4.19074e-16
8.06798e-07
-5.57953e-16
4.40142e-16
7.34096e-07
5.33105e-16
5.88945e-07
-4.31582e-16
-8.46333e-16
3.93279e-16
6.62151e-07
9.47393e-16
-7.27806e-16
3.37245e-16
8.06798e-07
-6.57028e-16
3.40005e-16
8.79248e-07
-6.02192e-16
3.78684e-16
8.79248e-07
-5.45426e-16
4.72989e-16
8.06798e-07
6.10482e-16
6.62151e-07
-4.62177e-16
-7.76336e-16
2.67369e-16
6.62151e-07
9.80669e-16
-6.61072e-16
2.41796e-16
8.06798e-07
-5.99161e-16
2.63752e-16
8.79248e-07
-5.55917e-16
3.52402e-16
8.79248e-07
-5.36563e-16
4.91252e-16
8.06798e-07
6.81585e-16
6.62151e-07
-4.47167e-16
-7.35308e-16
5.48898e-16
5.88945e-07
5.97326e-16
-6.82459e-16
2.58884e-16
7.34096e-07
-6.20418e-16
2.43525e-16
8.06798e-07
-5.86518e-16
3.50284e-16
8.06798e-07
-5.55072e-16
5.46434e-16
7.34096e-07
7.0465e-16
5.88945e-07
-4.41011e-16
-1.26104e-15
4.41971e-07
-3.07614e-16
2.50525e-15
-9.02032e-16
5.88945e-07
1.60058e-17
-7.16951e-16
6.62151e-07
1.28568e-16
-6.11293e-16
6.62151e-07
3.39366e-16
-5.13087e-16
5.88945e-07
5.69061e-16
4.41971e-07
-2.47377e-16
6.06239e-16
1.13009e-16
1.60413e-16
4.41971e-07
-1.85756e-16
-2.28078e-16
-1.68907e-16
2.60899e-16
5.88945e-07
-1.90828e-16
-3.31624e-16
2.23135e-16
6.62151e-07
-2.14845e-16
-4.05562e-16
1.11873e-16
6.62151e-07
-7.72438e-17
-4.3368e-16
-5.7343e-17
5.88945e-07
1.17404e-16
-1.99155e-16
4.41971e-07
2.7871e-16
-2.64139e-16
-4.31921e-17
1.5263e-16
5.88945e-07
-2.3533e-16
-2.62296e-16
1.66572e-16
7.34096e-07
-4.29209e-16
1.14672e-16
8.06798e-07
-5.36083e-16
2.65617e-17
8.06798e-07
-5.72845e-16
-5.82398e-17
7.34096e-07
-1.34305e-16
5.88945e-07
-3.87493e-16
-5.16897e-17
-6.82602e-18
6.62151e-07
-1.73827e-16
-2.61463e-16
-2.52793e-17
8.06798e-07
-4.3798e-16
-5.5624e-17
8.79248e-07
-5.55278e-16
-7.90919e-17
8.79248e-07
-5.97168e-16
-6.92288e-17
8.06798e-07
-9.07135e-17
6.62151e-07
-4.17903e-16
-6.26273e-17
-1.36712e-16
6.62151e-07
-2.59856e-16
-2.63076e-16
-2.26997e-16
8.06798e-07
-4.31739e-16
-2.11222e-16
8.79248e-07
-5.4422e-16
-1.63098e-16
8.79248e-07
-5.70498e-16
-7.00705e-17
8.06798e-07
-6.63027e-17
6.62151e-07
-3.83237e-16
-1.02225e-16
-4.81668e-16
5.88945e-07
5.14961e-17
-2.91263e-16
-4.03269e-16
7.34096e-07
-4.39233e-16
-3.11564e-16
8.06798e-07
-5.0423e-16
-2.1678e-16
8.06798e-07
-4.97123e-16
-9.73821e-17
7.34096e-07
-9.31741e-17
5.88945e-07
-2.64819e-16
3.6729e-16
4.41971e-07
4.14096e-16
-1.56272e-15
-8.87015e-17
5.88945e-07
-6.2083e-17
-3.36291e-16
6.62151e-07
-7.57446e-17
-3.96185e-16
6.62151e-07
-9.10987e-17
-2.98062e-16
5.88945e-07
-1.08809e-17
4.41971e-07
-4.62023e-17
-4.03342e-17
-6.07552e-16
2.93759e-17
4.41971e-07
1.45835e-16
3.12944e-16
-7.15792e-16
1.74632e-16
5.88945e-07
-1.45323e-16
-7.3775e-16
1.94034e-16
6.62151e-07
-1.50828e-16
-6.58629e-16
1.58833e-16
6.62151e-07
-1.49506e-16
-4.95576e-16
1.01171e-16
5.88945e-07
-9.47264e-17
5.91443e-17
4.41971e-07
-7.60645e-17
-2.79661e-16
-6.41745e-16
5.78746e-17
5.88945e-07
5.25967e-16
-7.51566e-16
1.31491e-16
7.34096e-07
-7.69671e-16
1.33491e-16
8.06798e-07
-7.01944e-16
1.09936e-16
8.06798e-07
-5.87267e-16
8.00147e-17
7.34096e-07
6.12689e-17
5.88945e-07
-3.684e-16
-6.19527e-16
8.49261e-17
6.62151e-07
5.01916e-16
-7.13226e-16
6.06568e-17
8.06798e-07
-7.40513e-16
3.65727e-17
8.79248e-07
-6.95367e-16
2.8311e-17
8.79248e-07
-5.80228e-16
4.57483e-17
8.06798e-07
4.98409e-17
6.62151e-07
-3.31484e-16
-6.65596e-16
8.2735e-17
6.62151e-07
6.67719e-16
-7.28593e-16
-6.20177e-18
8.06798e-07
-7.27925e-16
-6.94923e-17
8.79248e-07
-6.71784e-16
-6.74639e-17
8.79248e-07
-5.2004e-16
-3.10499e-17
8.06798e-07
-1.77599e-17
6.62151e-07
-2.14541e-16
-7.19755e-16
4.07226e-16
5.88945e-07
4.39597e-16
-7.80789e-16
6.07416e-18
7.34096e-07
-7.49169e-16
-1.53599e-16
8.06798e-07
-6.26194e-16
-1.61663e-16
8.06798e-07
-4.06038e-16
-1.4875e-16
7.34096e-07
-1.56946e-16
5.88945e-07
-2.91074e-17
-1.42407e-15
4.41971e-07
-3.92069e-16
2.63328e-15
-1.0629e-15
5.88945e-07
-1.99988e-16
-8.053e-16
6.62151e-07
-2.41194e-16
-5.70488e-16
6.62151e-07
-1.98304e-16
-2.48696e-16
5.88945e-07
-2.144e-16
4.41971e-07
1.66562e-16
-2.33299e-16
-5.21792e-17
1.02569e-16
4.41971e-07
-2.37173e-16
-7.3304e-17
-3.0235e-16
9.3808e-17
5.88945e-07
-1.60763e-16
-4.78978e-16
4.4037e-17
6.62151e-07
-1.03703e-16
-5.56281e-16
-1.02962e-16
6.62151e-07
8.96438e-17
-5.89794e-16
-3.30696e-16
5.88945e-07
3.71533e-16
-5.12849e-16
4.41971e-07
5.75113e-16
-1.9822e-16
-1.55984e-16
-1.98723e-17
5.88945e-07
-1.3126e-16
-4.39787e-16
-1.41943e-17
7.34096e-07
-6.44171e-16
-6.10178e-17
8.06798e-07
-7.48056e-16
-1.49528e-16
8.06798e-07
-7.48976e-16
-2.7277e-16
7.34096e-07
-3.8728e-16
5.88945e-07
-3.52123e-16
-2.09771e-16
-1.66175e-16
6.62151e-07
-9.11871e-17
-5.11725e-16
-1.63257e-16
8.06798e-07
-7.13788e-16
-1.89059e-16
8.79248e-07
-8.0359e-16
-2.22665e-16
8.79248e-07
-7.78638e-16
-2.55199e-16
8.06798e-07
-2.84105e-16
6.62151e-07
-3.36063e-16
-2.5525e-16
-2.71847e-16
6.62151e-07
-1.39186e-16
-5.43086e-16
-3.40841e-16
8.06798e-07
-7.3183e-16
-3.36547e-16
8.79248e-07
-7.86821e-16
-3.04907e-16
8.79248e-07
-7.2999e-16
-2.41455e-16
8.06798e-07
-2.06548e-16
6.62151e-07
-2.91718e-16
-3.43544e-16
-5.90467e-16
5.88945e-07
2.21693e-16
-5.63596e-16
-5.07886e-16
7.34096e-07
-6.93252e-16
-4.28402e-16
8.06798e-07
-6.91818e-16
-3.5851e-16
8.06798e-07
-6.06143e-16
-2.58849e-16
7.34096e-07
-1.2582e-16
5.88945e-07
-1.50243e-16
3.92148e-17
4.41971e-07
5.08863e-16
-1.21252e-15
-3.41251e-16
5.88945e-07
9.1921e-17
-5.30674e-16
6.62151e-07
9.36693e-17
-5.27302e-16
6.62151e-07
5.95137e-17
-4.28711e-16
5.88945e-07
1.70774e-16
4.41971e-07
2.01513e-17
2.66818e-16
-1.72241e-15
-6.23147e-17
4.41971e-07
2.21277e-16
1.1482e-15
-1.77275e-15
-9.58732e-17
5.88945e-07
7.23039e-17
-1.61826e-15
-2.21541e-16
6.62151e-07
3.08051e-16
-1.25906e-15
-3.03254e-16
6.62151e-07
4.0989e-16
-8.577e-16
-3.70232e-16
5.88945e-07
4.98915e-16
-3.24908e-16
4.41971e-07
3.38619e-16
-4.96539e-16
-2.05049e-15
-1.26828e-16
5.88945e-07
1.90686e-15
-1.9349e-15
-1.07809e-16
7.34096e-07
-1.6739e-15
-1.21619e-16
8.06798e-07
-1.31063e-15
-1.16854e-16
8.06798e-07
-9.63476e-16
-1.33632e-16
7.34096e-07
-8.58043e-17
5.88945e-07
-6.61249e-16
-2.04541e-15
-1.1496e-16
6.62151e-07
1.97098e-15
-1.89024e-15
-5.61286e-17
8.06798e-07
-1.60561e-15
2.50354e-18
8.79248e-07
-1.26632e-15
7.93994e-17
8.79248e-07
-9.05685e-16
1.46488e-16
8.06798e-07
1.90317e-16
6.62151e-07
-5.98107e-16
-2.0463e-15
-1.05284e-16
6.62151e-07
2.12251e-15
-1.83927e-15
4.18132e-17
8.06798e-07
-1.528e-15
1.4282e-16
8.79248e-07
-1.17036e-15
2.77168e-16
8.79248e-07
-8.0726e-16
3.79089e-16
8.06798e-07
4.30864e-16
6.62151e-07
-4.40686e-16
-1.9847e-15
2.5507e-16
5.88945e-07
1.80003e-15
-1.75016e-15
2.3716e-16
7.34096e-07
-1.41876e-15
3.09268e-16
8.06798e-07
-1.06709e-15
4.55685e-16
8.06798e-07
-6.92394e-16
5.87977e-16
7.34096e-07
6.0002e-16
5.88945e-07
-2.75617e-16
-2.37121e-15
4.41971e-07
-3.21794e-16
3.57266e-15
-1.7431e-15
5.88945e-07
2.48483e-16
-1.29059e-15
6.62151e-07
4.77456e-16
-8.7524e-16
6.62151e-07
6.86628e-16
-5.04549e-16
5.88945e-07
8.10483e-16
4.41971e-07
6.01303e-17
6.87209e-16
1.56134e-15
-1.78223e-15
4.41971e-07
1.46427e-15
-1.09687e-15
1.62279e-15
-1.5924e-15
5.88945e-07
1.61887e-15
1.58871e-15
-1.34186e-15
6.62151e-07
1.27299e-15
1.37268e-15
-1.13946e-15
6.62151e-07
8.70489e-16
1.02948e-15
-1.03103e-15
5.88945e-07
5.91024e-16
-8.7836e-16
4.41971e-07
3.31532e-16
8.73828e-16
1.03445e-15
-1.56617e-15
5.88945e-07
-9.76799e-16
1.18355e-15
-1.43869e-15
7.34096e-07
1.20358e-15
-1.31982e-15
8.06798e-07
1.04878e-15
-1.278e-15
8.06798e-07
8.32073e-16
-1.31624e-15
7.34096e-07
-1.41019e-15
5.88945e-07
8.31965e-16
6.40025e-16
-1.35107e-15
6.62151e-07
-4.13275e-16
9.08306e-16
-1.38263e-15
8.06798e-07
1.01116e-15
-1.29483e-15
8.79248e-07
9.4387e-16
-1.36562e-15
8.79248e-07
7.83725e-16
-1.55131e-15
8.06798e-07
-1.95044e-15
6.62151e-07
9.44647e-16
3.7308e-16
-1.34348e-15
6.62151e-07
-1.77844e-16
8.18808e-16
-1.45088e-15
8.06798e-07
9.48294e-16
-1.29844e-15
8.79248e-07
9.17788e-16
-1.45365e-15
8.79248e-07
8.02108e-16
-1.69029e-15
8.06798e-07
-2.51566e-15
6.62151e-07
1.03948e-15
3.36039e-16
-1.65574e-15
5.88945e-07
2.4741e-16
9.33448e-16
-1.8513e-15
7.34096e-07
1.03549e-15
-1.27618e-15
8.06798e-07
1.00705e-15
-1.49271e-15
8.06798e-07
7.7485e-16
-1.7686e-15
7.34096e-07
-3.26157e-15
5.88945e-07
1.18441e-15
8.00812e-16
4.41971e-07
-1.4571e-15
-1.27395e-15
1.63069e-15
5.88945e-07
-2.55727e-15
1.42141e-15
6.62151e-07
-1.11085e-15
1.19249e-15
6.62151e-07
-1.52315e-15
5.00905e-16
5.88945e-07
-1.41181e-15
4.41971e-07
1.00575e-15
-4.34046e-15
-1.9401e-16
5.85715e-16
4.41971e-07
-8.69083e-16
3.82472e-16
-6.29311e-17
2.38388e-16
5.88945e-07
-5.53474e-16
1.38e-17
1.34245e-16
6.62151e-07
-3.70566e-16
1.19866e-16
1.40923e-16
6.62151e-07
-3.13441e-16
1.98112e-16
2.20933e-16
5.88945e-07
-3.64999e-16
3.54213e-16
4.41971e-07
-3.73406e-16
1.3717e-16
-1.40319e-16
3.09887e-16
5.88945e-07
3.17699e-16
-1.3638e-16
3.64772e-17
7.34096e-07
-9.23369e-17
-2.32013e-19
8.06798e-07
8.87773e-18
1.9632e-17
8.06798e-07
1.16786e-16
9.13159e-17
7.34096e-07
2.61636e-16
5.88945e-07
9.70516e-17
-2.77573e-16
1.70954e-16
6.62151e-07
2.95471e-16
-2.59917e-16
-9.07469e-17
8.06798e-07
-1.81189e-16
-9.4831e-17
8.79248e-07
-6.32811e-17
-6.12451e-17
8.79248e-07
3.92629e-17
4.64182e-17
8.06798e-07
2.17433e-16
6.62151e-07
-4.64923e-18
-3.69209e-16
8.907e-17
6.62151e-07
4.33635e-16
-2.71897e-16
-2.19832e-16
8.06798e-07
-1.39283e-16
-2.1555e-16
8.79248e-07
-5.33001e-18
-1.00116e-16
8.79248e-07
3.87803e-17
4.34517e-17
8.06798e-07
3.11992e-16
6.62151e-07
-1.32885e-16
-3.03689e-16
2.15366e-16
5.88945e-07
1.32576e-16
-1.65744e-16
-3.70766e-16
7.34096e-07
6.35002e-17
-3.35795e-16
8.06798e-07
1.85703e-16
-1.28439e-16
8.06798e-07
1.50997e-16
1.2872e-16
7.34096e-07
6.22543e-16
5.88945e-07
-2.5611e-16
-7.33208e-16
4.41971e-07
-7.72321e-16
2.10288e-15
-2.77991e-16
5.88945e-07
-5.86202e-16
2.89852e-16
6.62151e-07
-6.52618e-16
3.51762e-16
6.62151e-07
1.36204e-17
3.18247e-16
5.88945e-07
2.73006e-16
4.41971e-07
-5.43625e-16
1.62967e-15
8.03912e-16
1.44197e-17
4.41971e-07
2.7617e-16
-7.68606e-16
7.93775e-16
2.43722e-16
5.88945e-07
-1.74044e-16
7.15955e-16
4.15157e-16
6.62151e-07
-4.4109e-16
5.15245e-16
5.43137e-16
6.62151e-07
-6.36128e-16
2.14186e-16
5.93921e-16
5.88945e-07
-6.24932e-16
5.09372e-16
4.41971e-07
-2.71922e-16
3.69819e-16
1.01401e-15
2.25614e-16
5.88945e-07
-1.05238e-15
9.06953e-16
2.30191e-16
7.34096e-07
7.12211e-16
2.80578e-16
8.06798e-07
4.3584e-16
3.34221e-16
8.06798e-07
1.02402e-16
3.99654e-16
7.34096e-07
4.76334e-16
5.88945e-07
3.939e-16
1.09043e-15
4.39741e-16
6.62151e-07
-1.18993e-15
9.0037e-16
2.33533e-16
8.06798e-07
6.40694e-16
1.43093e-16
8.79248e-07
3.22396e-16
1.1433e-16
8.79248e-07
-3.47192e-17
1.69365e-16
8.06798e-07
3.2297e-16
6.62151e-07
2.75803e-16
1.13851e-15
7.30783e-16
6.62151e-07
-1.3671e-15
8.94738e-16
2.48808e-16
8.06798e-07
6.06576e-16
1.82593e-17
8.79248e-07
2.86227e-16
-9.97972e-17
8.79248e-07
-8.87444e-17
-4.71007e-17
8.06798e-07
7.8194e-17
6.62151e-07
1.94433e-16
1.11266e-15
7.37195e-16
5.88945e-07
-1.11651e-15
9.10249e-16
2.4063e-16
7.34096e-07
6.26857e-16
-5.67067e-17
8.06798e-07
3.23068e-16
-2.74117e-16
8.06798e-07
-1.15083e-16
-2.67742e-16
7.34096e-07
-2.10147e-16
5.88945e-07
2.29801e-16
1.37337e-15
4.41971e-07
1.95158e-15
-2.27913e-15
9.85103e-16
5.88945e-07
9.3113e-16
4.99853e-16
6.62151e-07
6.71325e-16
2.09676e-16
6.62151e-07
6.93581e-17
-1.65617e-16
5.88945e-07
1.49816e-16
4.41971e-07
4.85597e-16
-3.55195e-16
-4.92439e-16
9.74349e-16
4.41971e-07
-6.74503e-16
3.6221e-16
-3.81201e-16
9.15931e-16
5.88945e-07
-7.03846e-16
-1.88025e-16
9.08591e-16
6.62151e-07
-6.60577e-16
1.28294e-17
9.43953e-16
6.62151e-07
-6.18915e-16
1.25984e-16
9.67123e-16
5.88945e-07
-5.29269e-16
8.25587e-16
4.41971e-07
-2.36682e-16
4.06948e-16
-2.48831e-16
1.25802e-15
5.88945e-07
2.19616e-16
-1.7881e-16
1.15249e-15
7.34096e-07
-5.1822e-17
1.14021e-15
8.06798e-07
7.46065e-17
1.23564e-15
8.06798e-07
1.36024e-16
1.38078e-15
7.34096e-07
1.48415e-15
5.88945e-07
4.41586e-16
-1.89758e-17
1.63564e-15
6.62151e-07
-8.49896e-17
-1.73977e-17
1.4597e-15
8.06798e-07
3.15881e-17
1.44358e-15
8.79248e-07
3.64799e-17
1.58196e-15
8.79248e-07
1.61554e-17
1.84652e-15
8.06798e-07
2.16264e-15
6.62151e-07
2.39563e-16
1.65873e-16
2.00954e-15
6.62151e-07
-1.97108e-16
1.54007e-16
1.80051e-15
8.06798e-07
1.41381e-16
1.75628e-15
8.79248e-07
5.94791e-17
2.01158e-15
8.79248e-07
-1.43267e-16
2.38582e-15
8.06798e-07
2.99318e-15
6.62151e-07
-1.81029e-16
3.12939e-16
2.43215e-15
5.88945e-07
-5.26588e-16
3.68531e-16
2.01821e-15
7.34096e-07
3.91045e-16
2.04052e-15
8.06798e-07
1.66141e-16
2.49738e-15
8.06798e-07
-1.98741e-16
2.95847e-15
7.34096e-07
4.04324e-15
5.88945e-07
-6.05205e-16
-3.66038e-16
4.41971e-07
1.56021e-15
1.84902e-15
3.99365e-16
5.88945e-07
1.9313e-15
7.06156e-16
6.62151e-07
2.39094e-15
3.07535e-16
6.62151e-07
3.48493e-15
3.59051e-17
5.88945e-07
3.77029e-15
4.41971e-07
-9.23025e-16
5.98523e-15
-6.03865e-16
-2.09828e-16
4.41971e-07
5.0465e-16
1.98724e-16
-6.20198e-16
-1.16048e-16
5.88945e-07
3.39162e-16
-4.86228e-16
-1.48894e-16
6.62151e-07
4.15546e-16
-3.19347e-16
-1.43509e-16
6.62151e-07
4.18814e-16
-2.65976e-16
-2.08118e-16
5.88945e-07
5.01707e-16
-3.67875e-16
4.41971e-07
5.48582e-16
-5.81338e-17
-6.98401e-16
4.23805e-17
5.88945e-07
5.39876e-16
-5.8405e-16
1.37775e-16
7.34096e-07
-3.77652e-16
1.39862e-16
8.06798e-07
-1.89126e-16
1.81511e-16
8.06798e-07
-1.08955e-16
1.82163e-16
7.34096e-07
6.24875e-17
5.88945e-07
8.20123e-17
-6.52228e-16
2.84894e-16
6.62151e-07
6.39634e-16
-4.98263e-16
3.96032e-16
8.06798e-07
-2.98084e-16
4.19887e-16
8.79248e-07
-1.43389e-16
4.83465e-16
8.79248e-07
-2.91742e-17
5.32449e-16
8.06798e-07
4.47722e-16
6.62151e-07
2.2835e-16
-6.18644e-16
4.05873e-16
6.62151e-07
6.28525e-16
-4.31047e-16
5.34617e-16
8.06798e-07
-2.62758e-16
6.10171e-16
8.79248e-07
-1.31584e-16
7.28399e-16
8.79248e-07
-3.51668e-17
7.60951e-16
8.06798e-07
6.50573e-16
6.62151e-07
2.8601e-16
-7.48759e-16
-1.5655e-17
5.88945e-07
1.03731e-15
-4.50717e-16
3.40915e-16
7.34096e-07
-2.49513e-16
5.78164e-16
8.06798e-07
-1.28992e-16
7.63557e-16
8.06798e-07
9.25781e-18
7.09287e-16
7.34096e-07
5.26598e-16
5.88945e-07
4.55295e-16
-6.72551e-16
4.41971e-07
4.49841e-16
6.29608e-17
-4.93448e-16
5.88945e-07
2.73633e-16
-3.47692e-16
6.62151e-07
5.94667e-16
-1.41562e-16
6.62151e-07
7.23987e-16
1.24173e-16
5.88945e-07
5.63014e-16
4.41971e-07
7.56291e-16
1.85365e-16
-5.68757e-16
2.9042e-16
4.41971e-07
-3.7076e-17
4.4727e-16
-5.2621e-16
2.4036e-16
5.88945e-07
4.67642e-17
-3.19071e-16
1.60791e-16
6.62151e-07
1.13516e-16
-1.04595e-16
9.06201e-17
6.62151e-07
1.48619e-16
7.02033e-17
7.58539e-19
5.88945e-07
2.07541e-16
-8.2852e-17
4.41971e-07
2.34499e-16
4.3557e-16
-7.76227e-16
6.00638e-16
5.88945e-07
7.27048e-16
-6.15632e-16
5.85305e-16
7.34096e-07
-3.57919e-16
5.1554e-16
8.06798e-07
-1.09389e-16
4.52985e-16
8.06798e-07
7.06562e-17
3.61627e-16
7.34096e-07
2.08292e-16
5.88945e-07
5.09026e-16
-8.09178e-16
9.1414e-16
6.62151e-07
7.77965e-16
-6.20702e-16
9.12035e-16
8.06798e-07
-3.56925e-16
8.54631e-16
8.79248e-07
-1.31182e-16
8.05131e-16
8.79248e-07
7.1273e-17
7.08482e-16
8.06798e-07
4.80873e-16
6.62151e-07
5.56554e-16
-8.93829e-16
1.0841e-15
6.62151e-07
9.50815e-16
-6.77849e-16
1.12019e-15
8.06798e-07
-4.26295e-16
1.05894e-15
8.79248e-07
-2.08369e-16
1.0251e-15
8.79248e-07
2.16421e-17
9.26119e-16
8.06798e-07
5.98267e-16
6.62151e-07
5.43212e-16
-1.0454e-15
1.28882e-15
5.88945e-07
8.0077e-16
-8.37693e-16
1.0799e-15
7.34096e-07
-5.68079e-16
1.02439e-15
8.06798e-07
-3.05924e-16
1.01159e-15
8.06798e-07
-5.36422e-17
8.78553e-16
7.34096e-07
5.39157e-16
5.88945e-07
5.5036e-16
-1.79478e-15
4.41971e-07
5.05592e-16
2.86757e-15
-1.27235e-15
5.88945e-07
9.43693e-16
-8.28455e-16
6.62151e-07
1.07723e-15
-4.77872e-16
6.62151e-07
1.17221e-15
-1.30806e-16
5.88945e-07
1.08282e-15
4.41971e-07
4.53948e-16
7.95749e-16
-2.30863e-16
-3.67172e-16
4.41971e-07
5.19572e-16
-3.50901e-17
-3.19669e-16
-2.42634e-16
5.88945e-07
3.96075e-16
-2.74057e-16
-2.32064e-16
6.62151e-07
4.14955e-16
-1.60487e-16
-2.32819e-16
6.62151e-07
3.78256e-16
-1.05731e-16
-2.87194e-16
5.88945e-07
3.92539e-16
-3.72843e-16
4.41971e-07
4.06851e-16
7.40271e-17
-4.47482e-16
-8.35626e-17
5.88945e-07
2.70191e-16
-4.49472e-16
5.1646e-17
7.34096e-07
-3.19793e-16
6.91811e-17
8.06798e-07
-1.43862e-16
5.1735e-17
8.06798e-07
-4.8735e-17
-3.26997e-17
7.34096e-07
-1.83631e-16
5.88945e-07
1.75904e-16
-5.62017e-16
1.8855e-16
6.62151e-07
4.56341e-16
-4.95026e-16
3.41556e-16
8.06798e-07
-3.08562e-16
3.83112e-16
8.79248e-07
-1.22649e-16
3.45368e-16
8.79248e-07
2.05768e-17
2.48396e-16
8.06798e-07
2.66344e-17
6.62151e-07
3.11234e-16
-6.55264e-16
3.68474e-16
6.62151e-07
5.39029e-16
-5.52741e-16
4.71628e-16
8.06798e-07
-3.54957e-16
5.35198e-16
8.79248e-07
-1.20064e-16
5.12522e-16
8.79248e-07
5.80887e-17
3.83847e-16
8.06798e-07
9.80386e-17
6.62151e-07
4.07441e-16
-8.09149e-16
1.1111e-16
5.88945e-07
8.7701e-16
-6.43634e-16
3.31483e-16
7.34096e-07
-4.3124e-16
4.46286e-16
8.06798e-07
-1.52042e-16
4.28391e-16
8.06798e-07
8.71225e-17
2.90689e-16
7.34096e-07
3.60764e-17
5.88945e-07
4.92276e-16
-6.61974e-16
4.41971e-07
7.15675e-16
9.66496e-17
-6.20159e-16
5.88945e-07
5.44861e-16
-4.45978e-16
6.62151e-07
6.59094e-16
-1.55461e-16
6.62151e-07
5.57898e-16
1.39416e-16
5.88945e-07
3.9612e-16
4.41971e-07
5.35452e-16
1.87332e-16
-2.61952e-16
6.07238e-17
4.41971e-07
1.16445e-16
2.52479e-16
-2.12584e-16
-2.01114e-17
5.88945e-07
2.30755e-16
-7.35482e-17
-5.28709e-17
6.62151e-07
2.52811e-16
8.02437e-17
-9.06871e-17
6.62151e-07
2.62146e-16
1.88614e-16
-1.48872e-16
5.88945e-07
2.63409e-16
-2.0495e-16
4.41971e-07
3.0427e-16
4.98054e-16
-4.59923e-16
3.50917e-16
5.88945e-07
4.18002e-16
-3.61624e-16
3.2226e-16
7.34096e-07
-1.82685e-16
2.82463e-16
8.06798e-07
2.69022e-17
2.08535e-16
8.06798e-07
1.72587e-16
9.40377e-17
7.34096e-07
-2.40944e-17
5.88945e-07
5.92058e-16
-5.97072e-16
6.98059e-16
6.62151e-07
5.08851e-16
-4.77466e-16
6.7118e-16
8.06798e-07
-2.63516e-16
6.02019e-16
8.79248e-07
-3.19209e-17
4.87721e-16
8.79248e-07
1.72949e-16
3.51774e-16
8.06798e-07
1.54356e-16
6.62151e-07
6.41521e-16
-7.85731e-16
9.25166e-16
6.62151e-07
7.67574e-16
-6.33233e-16
8.85531e-16
8.06798e-07
-3.73791e-16
7.8082e-16
8.79248e-07
-9.28399e-17
6.66592e-16
8.79248e-07
1.43015e-16
5.00482e-16
8.06798e-07
2.66751e-16
6.62151e-07
6.32323e-16
-9.48585e-16
1.20985e-15
5.88945e-07
6.07537e-16
-8.15666e-16
9.23007e-16
7.34096e-07
-5.17581e-16
7.65015e-16
8.06798e-07
-1.71503e-16
6.50592e-16
8.06798e-07
7.97895e-17
4.82363e-16
7.34096e-07
2.90379e-16
5.88945e-07
5.80644e-16
-1.70516e-15
4.41971e-07
3.73378e-16
2.75028e-15
-1.14327e-15
5.88945e-07
8.02541e-16
-6.40758e-16
6.62151e-07
8.20311e-16
-2.48359e-16
6.62151e-07
8.29701e-16
1.90983e-17
5.88945e-07
7.35848e-16
4.41971e-07
4.95138e-16
5.79378e-16
-4.17137e-16
1.63491e-17
4.41971e-07
1.97279e-16
1.51803e-17
-4.95928e-16
4.98881e-17
5.88945e-07
4.35974e-17
-4.34988e-16
-3.92656e-18
6.62151e-07
1.44939e-16
-3.14573e-16
-5.77768e-17
6.62151e-07
1.6583e-16
-2.41178e-16
-1.49582e-16
5.88945e-07
2.53888e-16
-2.81197e-16
4.41971e-07
3.65895e-16
1.01289e-16
-5.85906e-16
1.87798e-16
5.88945e-07
3.0371e-16
-6.21885e-16
2.47779e-16
7.34096e-07
-5.01441e-16
2.31295e-16
8.06798e-07
-3.42168e-16
1.80631e-16
8.06798e-07
-2.42158e-16
7.55069e-17
7.34096e-07
-3.28468e-17
5.88945e-07
1.73853e-16
-6.81102e-16
4.14995e-16
6.62151e-07
4.03457e-16
-6.98678e-16
4.78723e-16
8.06798e-07
-5.43943e-16
4.83285e-16
8.79248e-07
-3.65506e-16
4.34947e-16
8.79248e-07
-2.23323e-16
3.57526e-16
8.06798e-07
2.26109e-16
6.62151e-07
2.42181e-16
-8.23346e-16
5.59334e-16
6.62151e-07
5.5089e-16
-7.94575e-16
5.66306e-16
8.06798e-07
-6.01493e-16
5.83744e-16
8.79248e-07
-3.81479e-16
5.63409e-16
8.79248e-07
-2.21331e-16
5.17795e-16
8.06798e-07
3.86833e-16
6.62151e-07
2.71846e-16
-9.95849e-16
3.42496e-16
5.88945e-07
9.07522e-16
-8.74692e-16
4.12858e-16
7.34096e-07
-6.34629e-16
4.53349e-16
8.06798e-07
-3.68826e-16
4.73648e-16
8.06798e-07
-2.31494e-16
4.29937e-16
7.34096e-07
3.57425e-16
5.88945e-07
2.81122e-16
-1.20416e-15
4.41971e-07
6.97165e-16
1.17992e-15
-9.07953e-16
5.88945e-07
5.86129e-16
-6.13572e-16
6.62151e-07
6.91941e-16
-3.39502e-16
6.62151e-07
6.86169e-16
-1.81081e-16
5.88945e-07
6.89052e-16
4.41971e-07
3.54067e-16
5.95788e-16
-4.765e-16
-1.15583e-16
4.41971e-07
4.76545e-16
3.34072e-16
-4.63574e-16
-1.86976e-16
5.88945e-07
5.18562e-16
-2.74243e-16
-2.84689e-16
6.62151e-07
5.67292e-16
-1.84014e-17
-3.87056e-16
6.62151e-07
5.968e-16
1.93628e-16
-5.15787e-16
5.88945e-07
6.71495e-16
-5.68404e-16
4.41971e-07
6.78002e-16
7.96512e-16
-7.76896e-16
2.42816e-16
5.88945e-07
6.66744e-16
-6.92563e-16
1.78888e-16
7.34096e-07
-4.28567e-16
7.01957e-17
8.06798e-07
-1.06866e-16
-6.04666e-17
8.06798e-07
2.01739e-16
-2.05065e-16
7.34096e-07
-3.12594e-16
5.88945e-07
9.79784e-16
-9.64226e-16
6.64147e-16
6.62151e-07
7.88654e-16
-8.64448e-16
5.63526e-16
8.06798e-07
-5.69936e-16
4.21699e-16
8.79248e-07
-1.82016e-16
2.76329e-16
8.79248e-07
2.16051e-16
1.05665e-16
8.06798e-07
-6.59589e-17
6.62151e-07
1.11908e-15
-1.25946e-15
9.25776e-16
6.62151e-07
1.15057e-15
-1.10213e-15
8.19887e-16
8.06798e-07
-7.29454e-16
6.46618e-16
8.79248e-07
-2.81314e-16
5.13116e-16
8.79248e-07
1.97242e-16
3.6418e-16
8.06798e-07
1.1937e-16
6.62151e-07
1.10601e-15
-1.51979e-15
1.28792e-15
5.88945e-07
1.07923e-15
-1.3278e-15
9.3494e-16
7.34096e-07
-8.82332e-16
7.33503e-16
8.06798e-07
-3.56107e-16
6.07364e-16
8.06798e-07
1.33969e-16
4.5883e-16
7.34096e-07
2.45006e-16
5.88945e-07
1.08655e-15
-2.48785e-15
4.41971e-07
6.33101e-16
3.42871e-15
-1.75563e-15
5.88945e-07
1.05203e-15
-1.0607e-15
6.62151e-07
1.09811e-15
-4.70224e-16
6.62151e-07
1.1171e-15
7.40122e-17
5.88945e-07
1.06092e-15
4.41971e-07
9.73027e-16
8.35494e-16
4.71668e-17
2.48906e-16
4.41971e-07
-3.83713e-16
-4.72018e-16
-2.15158e-16
4.13759e-16
5.88945e-07
-6.54454e-16
-3.14653e-16
3.69728e-16
6.62151e-07
-5.99119e-16
-3.15088e-16
2.93096e-16
6.62151e-07
-5.74209e-16
-4.48004e-16
1.03261e-16
5.88945e-07
-4.3327e-16
-1.28236e-16
4.41971e-07
-8.44801e-17
-2.09656e-16
-5.94668e-17
2.43165e-16
5.88945e-07
-3.25853e-16
-3.50097e-16
3.27844e-16
7.34096e-07
-4.43342e-16
2.86862e-16
8.06798e-07
-4.54211e-16
1.938e-16
8.06798e-07
-5.92444e-16
5.18848e-17
7.34096e-07
-7.96381e-17
5.88945e-07
-2.85473e-16
-1.60246e-16
4.80751e-16
6.62151e-07
-2.53953e-16
-4.64201e-16
4.40272e-16
8.06798e-07
-5.38336e-16
3.42202e-16
8.79248e-07
-5.36734e-16
2.34538e-16
8.79248e-07
-6.10341e-16
1.30822e-16
8.06798e-07
6.68815e-17
6.62151e-07
-2.12449e-16
-4.19347e-16
6.78188e-16
6.62151e-07
-1.72438e-18
-6.57679e-16
4.46644e-16
8.06798e-07
-6.57467e-16
3.05035e-16
8.79248e-07
-6.03281e-16
2.12229e-16
8.79248e-07
-6.13923e-16
2.17255e-16
8.06798e-07
2.1602e-16
6.62151e-07
-2.49162e-16
-7.29238e-16
6.6517e-16
5.88945e-07
3.5356e-16
-8.36911e-16
2.99415e-16
7.34096e-07
-7.33292e-16
1.35787e-16
8.06798e-07
-5.6377e-16
9.49146e-17
8.06798e-07
-5.81926e-16
1.38843e-16
7.34096e-07
2.53648e-16
5.88945e-07
-1.74354e-16
-1.60875e-15
4.41971e-07
6.41594e-16
2.25791e-15
-1.1375e-15
5.88945e-07
4.7625e-16
-7.66388e-16
6.62151e-07
4.66558e-16
-4.79834e-16
6.62151e-07
4.81262e-16
-4.14397e-16
5.88945e-07
6.16625e-16
4.41971e-07
-1.56823e-17
7.47235e-16
-1.86508e-15
-1.80134e-15
4.41971e-07
2.66066e-15
1.40861e-15
-1.53379e-15
-2.2506e-15
5.88945e-07
3.03252e-15
-6.86946e-16
-2.36043e-15
6.62151e-07
3.04187e-15
2.58472e-16
-2.3523e-15
6.62151e-07
3.03235e-15
9.0548e-16
-2.07747e-15
5.88945e-07
2.63545e-15
-1.36689e-15
4.41971e-07
1.7682e-15
1.48369e-15
-2.76975e-15
-6.37661e-16
5.88945e-07
2.66449e-15
-1.97486e-15
-8.0788e-16
7.34096e-07
-7.24546e-16
-9.50565e-16
8.06798e-07
6.26655e-16
-1.00261e-15
8.06798e-07
1.71433e-15
-8.357e-16
7.34096e-07
-5.27024e-16
5.88945e-07
2.50291e-15
-3.11129e-15
8.96561e-16
6.62151e-07
3.07084e-15
-2.21745e-15
8.6617e-16
8.06798e-07
-7.49761e-16
7.71196e-16
8.79248e-07
8.75418e-16
6.81286e-16
8.79248e-07
2.18921e-15
5.94215e-16
8.06798e-07
5.83699e-16
6.62151e-07
3.20273e-15
-3.42605e-15
2.20178e-15
6.62151e-07
3.41814e-15
-2.41088e-15
2.52557e-15
8.06798e-07
-8.79073e-16
2.45535e-15
8.79248e-07
7.59365e-16
2.33259e-15
8.79248e-07
2.15676e-15
2.1976e-15
8.06798e-07
1.76761e-15
6.62151e-07
3.11722e-15
-3.24565e-15
3.34054e-15
5.88945e-07
2.76809e-15
-2.44265e-15
3.7643e-15
7.34096e-07
-9.63563e-16
3.81278e-15
8.06798e-07
7.11271e-16
3.73501e-15
8.06798e-07
2.10769e-15
3.38739e-15
7.34096e-07
2.45923e-15
5.88945e-07
3.24002e-15
-3.70664e-15
4.41971e-07
2.78826e-15
4.07923e-15
-2.4594e-15
5.88945e-07
4.09722e-15
-1.04477e-15
6.62151e-07
4.34176e-15
2.76584e-16
6.62151e-07
4.30665e-15
1.34603e-15
5.88945e-07
3.89826e-15
4.41971e-07
2.21023e-15
2.58251e-15
-8.52185e-16
-2.49453e-15
1.77626e-15
1.88897e-15
-5.59149e-18
-3.80927e-15
4.32457e-15
9.5205e-16
-4.47805e-15
5.42995e-15
2.10826e-15
-4.46693e-15
5.43084e-15
3.39772e-15
-3.44241e-15
4.08478e-15
-1.98142e-15
1.85361e-15
1.48404e-15
-2.1707e-15
-2.15727e-15
3.31698e-15
-9.22731e-16
-2.57539e-15
6.93297e-16
-2.83572e-15
2.69172e-15
-2.79808e-15
4.53696e-15
-2.34847e-15
-2.10748e-15
2.57336e-15
-2.84547e-15
-1.17118e-15
4.02037e-15
-1.38544e-15
-7.71729e-16
5.69495e-16
-5.43605e-16
2.90191e-15
-5.37712e-16
4.4653e-15
-8.04512e-16
-8.13679e-16
2.19006e-15
-2.80299e-15
8.8435e-17
3.88397e-15
-1.34908e-15
1.36683e-15
5.75891e-16
2.01934e-15
2.76051e-15
1.86191e-15
4.64559e-15
1.36744e-15
8.01035e-16
2.7155e-15
-1.66092e-15
2.20312e-16
2.95274e-15
-7.8079e-16
2.69403e-15
5.63972e-16
3.92349e-15
2.43931e-15
4.00944e-15
3.97417e-15
3.39025e-15
2.05996e-15
7.91934e-16
2.21038e-15
-8.53362e-16
-4.91044e-15
1.1515e-15
5.32409e-16
1.24768e-15
1.71717e-15
2.48355e-15
1.709e-15
2.72567e-15
2.19023e-16
-7.75248e-16
-8.09779e-16
-2.11483e-07
3.95659e-09
1.84503e-08
1.69077e-18
-2.12447e-07
4.714e-09
2.30766e-08
2.02876e-18
-2.11833e-07
5.56757e-09
2.86564e-08
2.44002e-18
-2.07758e-07
6.40876e-09
3.50636e-08
2.88608e-18
-1.96529e-07
7.09415e-09
4.16982e-08
3.33e-18
-1.70845e-07
7.35276e-09
4.67744e-08
3.56175e-18
-1.15991e-07
6.68666e-09
4.56728e-08
3.37232e-18
3.57306e-09
2.60877e-08
1.95829e-18
-2.52517e-07
4.07706e-09
3.92003e-08
-2.56843e-07
5.01636e-09
4.89524e-08
-2.60334e-07
6.08469e-09
6.0785e-08
-2.60894e-07
7.20802e-09
7.45235e-08
-2.53859e-07
8.20765e-09
8.912e-08
-2.28916e-07
8.699e-09
1.01158e-07
-1.62892e-07
7.84936e-09
1.0118e-07
3.75204e-09
6.14509e-08
-2.73825e-07
1.00652e-17
5.11527e-08
-2.78589e-07
1.26296e-17
6.41322e-08
-2.82734e-07
1.57679e-17
8.00559e-08
-2.84216e-07
1.92595e-17
9.88199e-08
-2.78247e-07
2.27322e-17
1.1924e-07
-2.53649e-07
2.58012e-17
1.37002e-07
-1.83865e-07
2.41729e-17
1.39449e-07
1.41151e-17
8.75184e-08
-2.73825e-07
-4.07706e-09
5.11527e-08
-2.78589e-07
-5.01636e-09
6.41322e-08
-2.82734e-07
-6.08469e-09
8.00559e-08
-2.84216e-07
-7.20802e-09
9.88199e-08
-2.78247e-07
-8.20765e-09
1.1924e-07
-2.53649e-07
-8.699e-09
1.37002e-07
-1.83865e-07
-7.84936e-09
1.39449e-07
-3.75204e-09
8.75184e-08
-2.52517e-07
-3.95659e-09
3.92003e-08
-2.56843e-07
-4.714e-09
4.89524e-08
-2.60334e-07
-5.56757e-09
6.0785e-08
-2.60894e-07
-6.40876e-09
7.45235e-08
-2.53859e-07
-7.09415e-09
8.912e-08
-2.28916e-07
-7.35276e-09
1.01158e-07
-1.62892e-07
-6.68666e-09
1.0118e-07
-3.57306e-09
6.14509e-08
-2.11483e-07
1.84503e-08
2.93113e-18
-2.12447e-07
2.30766e-08
3.52927e-18
-2.11833e-07
2.86564e-08
4.16232e-18
-2.07758e-07
3.50636e-08
4.77404e-18
-1.96529e-07
4.16982e-08
5.27777e-18
-1.70845e-07
4.67744e-08
5.37948e-18
-1.15991e-07
4.56728e-08
4.58618e-18
2.60877e-08
2.2104e-18
-3.27004e-08
9.86793e-10
1.76012e-08
1.38299e-18
-3.25328e-08
1.12176e-09
2.17871e-08
1.55821e-18
-3.1704e-08
1.17497e-09
2.66526e-08
1.81913e-18
-2.97057e-08
1.10862e-09
3.19566e-08
2.0398e-18
-2.57906e-08
8.41685e-10
3.69415e-08
2.32808e-18
-1.90663e-08
3.06464e-10
3.97437e-08
2.156e-18
-9.14461e-09
-4.40287e-10
3.61914e-08
1.60028e-18
-8.77381e-10
1.78205e-08
4.1506e-19
-5.8751e-08
1.17535e-09
4.02625e-08
-5.96875e-08
1.32859e-09
4.96822e-08
-5.97041e-08
1.40502e-09
6.05716e-08
-5.78249e-08
1.35223e-09
7.24006e-08
-5.24213e-08
1.07017e-09
8.34879e-08
-4.10899e-08
4.54361e-10
8.96787e-08
-2.14562e-08
-4.689e-10
8.15747e-08
-1.10832e-09
4.02257e-08
-7.2915e-08
-3.34284e-18
5.42175e-08
-7.46216e-08
-4.53128e-18
6.71674e-08
-7.54308e-08
-6.07109e-18
8.22701e-08
-7.41407e-08
-7.9304e-18
9.8882e-08
-6.85956e-08
-1.06101e-17
1.14765e-07
-5.53091e-08
-1.26304e-17
1.2417e-07
-3.00839e-08
-1.27097e-17
1.13755e-07
-7.76288e-18
5.63261e-08
-7.2915e-08
-1.17535e-09
5.42175e-08
-7.46216e-08
-1.32859e-09
6.71674e-08
-7.54308e-08
-1.40502e-09
8.22701e-08
-7.41407e-08
-1.35223e-09
9.8882e-08
-6.85956e-08
-1.07017e-09
1.14765e-07
-5.53091e-08
-4.54361e-10
1.2417e-07
-3.00839e-08
4.689e-10
1.13755e-07
1.10832e-09
5.63261e-08
-5.8751e-08
-9.86793e-10
4.02625e-08
-5.96875e-08
-1.12176e-09
4.96822e-08
-5.97041e-08
-1.17497e-09
6.05716e-08
-5.78249e-08
-1.10862e-09
7.24006e-08
-5.24213e-08
-8.41685e-10
8.34879e-08
-4.10899e-08
-3.06464e-10
8.96787e-08
-2.14562e-08
4.40287e-10
8.15747e-08
8.77381e-10
4.02257e-08
-3.27004e-08
1.76012e-08
-2.22799e-18
-3.25328e-08
2.17871e-08
-3.04875e-18
-3.1704e-08
2.66526e-08
-4.11078e-18
-2.97057e-08
3.19566e-08
-5.39701e-18
-2.57906e-08
3.69415e-08
-6.82438e-18
-1.90663e-08
3.97437e-08
-7.83904e-18
-9.14461e-09
3.61914e-08
-7.72669e-18
1.78205e-08
-4.05866e-18
-1.97726e-08
4.42497e-10
1.60666e-08
-3.39693e-18
-1.82763e-08
4.94423e-10
1.97965e-08
-4.30923e-18
-1.62505e-08
5.31957e-10
2.40949e-08
-5.47191e-18
-1.35482e-08
5.3646e-10
2.87178e-08
-6.91227e-18
-1.00719e-08
4.89387e-10
3.29758e-08
-8.42936e-18
-5.94713e-09
3.77248e-10
3.52417e-08
-9.30809e-18
-1.94677e-09
2.04796e-10
3.19862e-08
-8.35782e-18
1.91211e-11
1.58546e-08
-3.45828e-18
-3.9225e-08
5.25021e-10
3.819e-08
-3.64187e-08
5.84831e-10
4.67855e-08
-3.25212e-08
6.2496e-10
5.6581e-08
-2.71882e-08
6.22176e-10
6.69819e-08
-2.01624e-08
5.55539e-10
7.63959e-08
-1.16791e-08
4.18474e-10
8.11541e-08
-3.52591e-09
2.45046e-10
7.33813e-08
8.65062e-11
3.66324e-08
-5.00034e-08
2.8637e-17
5.24693e-08
-4.67052e-08
3.58095e-17
6.4454e-08
-4.20074e-08
4.46239e-17
7.81972e-08
-3.54136e-08
5.52113e-17
9.29104e-08
-2.64956e-08
6.68877e-17
1.06402e-07
-1.54355e-08
7.67653e-17
1.13528e-07
-4.56941e-09
7.83165e-17
1.03134e-07
4.51802e-17
5.18432e-08
-5.00034e-08
-5.25021e-10
5.24693e-08
-4.67052e-08
-5.84831e-10
6.4454e-08
-4.20074e-08
-6.2496e-10
7.81972e-08
-3.54136e-08
-6.22176e-10
9.29104e-08
-2.64956e-08
-5.55538e-10
1.06402e-07
-1.54355e-08
-4.18474e-10
1.13528e-07
-4.56941e-09
-2.45046e-10
1.03134e-07
-8.65061e-11
5.18432e-08
-3.9225e-08
-4.42497e-10
3.819e-08
-3.64187e-08
-4.94423e-10
4.67855e-08
-3.25212e-08
-5.31957e-10
5.6581e-08
-2.71882e-08
-5.3646e-10
6.69819e-08
-2.01624e-08
-4.89387e-10
7.63959e-08
-1.16791e-08
-3.77248e-10
8.11541e-08
-3.52591e-09
-2.04796e-10
7.33813e-08
-1.91211e-11
3.66324e-08
-1.97726e-08
1.60666e-08
3.70111e-18
-1.82763e-08
1.97965e-08
4.50706e-18
-1.62505e-08
2.40949e-08
5.40674e-18
-1.35482e-08
2.87178e-08
6.31444e-18
-1.00719e-08
3.29758e-08
7.15216e-18
-5.94713e-09
3.52417e-08
7.58889e-18
-1.94677e-09
3.19862e-08
6.83103e-18
1.58546e-08
3.49638e-18
-1.61075e-09
1.55206e-10
1.57558e-08
-1.47641e-18
-1.41471e-09
1.8067e-10
1.94198e-08
-1.61358e-18
-1.16891e-09
2.00338e-10
2.36487e-08
-1.67058e-18
-8.74655e-10
2.12082e-10
2.82115e-08
-1.49354e-18
-5.50522e-10
2.09171e-10
3.24425e-08
-9.85851e-19
-2.45198e-10
1.83819e-10
3.47526e-08
3.57292e-20
-3.70605e-11
1.29907e-10
3.16482e-08
1.53734e-18
4.73557e-11
1.57702e-08
2.05611e-18
-7.42558e-09
2.15534e-10
3.75613e-08
-6.66934e-09
2.39712e-10
4.59702e-08
-5.67897e-09
2.52035e-10
5.55389e-08
-4.42944e-09
2.47083e-10
6.56974e-08
-2.96257e-09
2.16986e-10
7.49212e-08
-1.46498e-09
1.56999e-10
7.96834e-08
-3.21458e-10
7.16806e-11
7.2296e-08
-5.55905e-12
3.63638e-08
-1.19843e-08
1.35013e-18
5.18347e-08
-1.08307e-08
6.7005e-19
6.35401e-08
-9.2876e-09
-5.39286e-19
7.69062e-08
-7.29383e-09
-2.55603e-18
9.11637e-08
-4.89333e-09
-6.06831e-18
1.04219e-07
-2.3867e-09
-1.13838e-17
1.11179e-07
-4.70366e-10
-1.75844e-17
1.0129e-07
-1.50326e-17
5.13673e-08
-1.19843e-08
-2.15534e-10
5.18347e-08
-1.08307e-08
-2.39712e-10
6.35401e-08
-9.2876e-09
-2.52035e-10
7.69062e-08
-7.29383e-09
-2.47083e-10
9.11637e-08
-4.89333e-09
-2.16986e-10
1.04219e-07
-2.3867e-09
-1.56999e-10
1.11179e-07
-4.70366e-10
-7.16806e-11
1.0129e-07
5.55902e-12
5.13673e-08
-7.42558e-09
-1.55206e-10
3.75613e-08
-6.66934e-09
-1.8067e-10
4.59702e-08
-5.67897e-09
-2.00338e-10
5.55389e-08
-4.42944e-09
-2.12082e-10
6.56974e-08
-2.96257e-09
-2.09171e-10
7.49212e-08
-1.46498e-09
-1.8382e-10
7.96834e-08
-3.21458e-10
-1.29907e-10
7.2296e-08
-4.73557e-11
3.63638e-08
-1.61075e-09
1.57558e-08
-4.62051e-18
-1.41471e-09
1.94198e-08
-5.74968e-18
-1.16891e-09
2.36487e-08
-7.09867e-18
-8.74655e-10
2.82115e-08
-8.61068e-18
-5.50522e-10
3.24425e-08
-1.00168e-17
-2.45198e-10
3.47526e-08
-1.09249e-17
-3.70605e-11
3.16482e-08
-1.0159e-17
1.57702e-08
-5.27578e-18
-1.07026e-09
8.99592e-11
1.56138e-08
6.65751e-18
-1.00066e-09
1.07714e-10
1.92425e-08
8.50613e-18
-9.06859e-10
1.26252e-10
2.34287e-08
1.08154e-17
-7.81568e-10
1.44073e-10
2.79421e-08
1.36202e-17
-6.17077e-10
1.5727e-10
3.21207e-08
1.66605e-17
-4.09026e-10
1.5843e-10
3.43861e-08
1.91706e-17
-1.7093e-10
1.34763e-10
3.12753e-08
1.89814e-17
6.22346e-11
1.5537e-08
1.07901e-17
-3.59719e-09
1.32931e-10
3.73214e-08
-3.33668e-09
1.54594e-10
4.56628e-08
-2.99287e-09
1.74603e-10
5.51468e-08
-2.54659e-09
1.8991e-10
6.52053e-08
-1.98347e-09
1.94901e-10
7.43205e-08
-1.30477e-09
1.80911e-10
7.89822e-08
-5.54688e-10
1.35251e-10
7.15454e-08
4.39877e-11
3.58274e-08
-5.76552e-09
3.14248e-17
5.16216e-08
-5.30982e-09
3.93022e-17
6.3239e-08
-4.71386e-09
4.94505e-17
7.64848e-08
-3.95205e-09
6.14675e-17
9.05918e-08
-3.01586e-09
7.51816e-17
1.03478e-07
-1.9346e-09
8.96386e-17
1.10278e-07
-8.04456e-10
9.20691e-17
1.00295e-07
5.59577e-17
5.06068e-08
-5.76552e-09
-1.32931e-10
5.16216e-08
-5.30982e-09
-1.54594e-10
6.3239e-08
-4.71386e-09
-1.74603e-10
7.64848e-08
-3.95205e-09
-1.8991e-10
9.05918e-08
-3.01586e-09
-1.94901e-10
1.03478e-07
-1.9346e-09
-1.80911e-10
1.10278e-07
-8.04456e-10
-1.35251e-10
1.00295e-07
-4.39876e-11
5.06068e-08
-3.59719e-09
-8.99591e-11
3.73214e-08
-3.33668e-09
-1.07714e-10
4.56628e-08
-2.99287e-09
-1.26252e-10
5.51468e-08
-2.54659e-09
-1.44073e-10
6.52053e-08
-1.98347e-09
-1.5727e-10
7.43205e-08
-1.30477e-09
-1.5843e-10
7.89822e-08
-5.54688e-10
-1.34763e-10
7.15454e-08
-6.22346e-11
3.58274e-08
-1.07026e-09
1.56138e-08
1.70539e-17
-1.00066e-09
1.92425e-08
2.14393e-17
-9.0686e-10
2.34287e-08
2.66599e-17
-7.81568e-10
2.79421e-08
3.2592e-17
-6.17078e-10
3.21207e-08
3.86091e-17
-4.09026e-10
3.43861e-08
4.27468e-17
-1.7093e-10
3.12753e-08
4.03638e-17
1.5537e-08
2.13966e-17
-1.15369e-09
5.64294e-11
1.54957e-08
1.51906e-17
-1.07029e-09
6.66235e-11
1.90925e-08
1.83248e-17
-9.57751e-10
7.65774e-11
2.32396e-08
2.17771e-17
-8.07624e-10
8.48686e-11
2.77071e-08
2.51729e-17
-6.13107e-10
8.87286e-11
3.18375e-08
2.8102e-17
-3.77337e-10
8.37788e-11
3.40665e-08
2.96194e-17
-1.35494e-10
6.39781e-11
3.09695e-08
2.7444e-17
2.31857e-11
1.53783e-08
1.49691e-17
-2.81379e-09
8.14132e-11
3.71373e-08
-2.60116e-09
9.50957e-11
4.54217e-08
-2.31894e-09
1.08192e-10
5.48329e-08
-1.94849e-09
1.18394e-10
6.48013e-08
-1.47507e-09
1.21787e-10
7.3814e-08
-9.06421e-10
1.12426e-10
7.83849e-08
-3.25304e-10
8.27584e-11
7.09455e-08
2.67896e-11
3.54985e-08
-4.0842e-09
5.16147e-17
5.14634e-08
-3.76618e-09
6.58455e-17
6.30161e-08
-3.34756e-09
8.34118e-17
7.61744e-08
-2.80327e-09
1.03511e-16
9.01659e-08
-2.11461e-09
1.23603e-16
1.02911e-07
-1.29442e-09
1.36075e-16
1.09571e-07
-4.60793e-10
1.25025e-16
9.95438e-08
6.02612e-17
5.01728e-08
-4.0842e-09
-8.14131e-11
5.14634e-08
-3.76618e-09
-9.50956e-11
6.30161e-08
-3.34756e-09
-1.08192e-10
7.61744e-08
-2.80327e-09
-1.18394e-10
9.01659e-08
-2.11461e-09
-1.21787e-10
1.02911e-07
-1.29442e-09
-1.12426e-10
1.09571e-07
-4.60793e-10
-8.27581e-11
9.95438e-08
-2.67895e-11
5.01728e-08
-2.81379e-09
-5.64293e-11
3.71373e-08
-2.60116e-09
-6.66235e-11
4.54217e-08
-2.31894e-09
-7.65773e-11
5.48329e-08
-1.94849e-09
-8.48685e-11
6.48013e-08
-1.47507e-09
-8.87285e-11
7.3814e-08
-9.06421e-10
-8.37786e-11
7.83849e-08
-3.25304e-10
-6.3978e-11
7.09455e-08
-2.31857e-11
3.54985e-08
-1.15369e-09
1.54957e-08
1.04267e-17
-1.07029e-09
1.90925e-08
1.29137e-17
-9.5775e-10
2.32396e-08
1.57055e-17
-8.07624e-10
2.77071e-08
1.86552e-17
-6.13107e-10
3.18375e-08
2.11443e-17
-3.77337e-10
3.40665e-08
2.1745e-17
-1.35495e-10
3.09695e-08
1.80933e-17
1.53783e-08
7.48495e-18
-5.75166e-10
3.15261e-11
1.54337e-08
5.68587e-18
-5.33786e-10
3.69259e-11
1.90142e-08
6.98884e-18
-4.77557e-10
4.18067e-11
2.31415e-08
8.56919e-18
-4.0234e-10
4.541e-11
2.75865e-08
1.03179e-17
-3.05082e-10
4.61929e-11
3.1694e-08
1.18453e-17
-1.87948e-10
4.19999e-11
3.39074e-08
1.21696e-17
-6.81538e-11
3.041e-11
3.08193e-08
9.6707e-18
1.0046e-11
1.53001e-08
3.13942e-18
-1.50812e-09
4.65475e-11
3.70387e-08
-1.39502e-09
5.37483e-11
4.52918e-08
-1.24297e-09
6.00747e-11
5.46626e-08
-1.0418e-09
6.41899e-11
6.45813e-08
-7.84742e-10
6.38968e-11
7.35393e-08
-4.79281e-10
5.62969e-11
7.80651e-08
-1.71919e-10
3.85692e-11
7.063e-08
1.06135e-11
3.5326e-08
-2.22468e-09
1.2379e-18
5.1382e-08
-2.0532e-09
2.2034e-19
6.28984e-08
-1.8246e-09
-2.18712e-18
7.60059e-08
-1.52443e-09
-6.59845e-18
8.993e-08
-1.14344e-09
-1.44215e-17
1.02594e-07
-6.93603e-10
-2.52798e-17
1.09177e-07
-2.45134e-10
-3.65483e-17
9.91339e-08
-2.86249e-17
4.99383e-08
-2.22468e-09
-4.65475e-11
5.1382e-08
-2.0532e-09
-5.37483e-11
6.28984e-08
-1.8246e-09
-6.00747e-11
7.60059e-08
-1.52443e-09
-6.41899e-11
8.993e-08
-1.14344e-09
-6.38969e-11
1.02594e-07
-6.93603e-10
-5.62969e-11
1.09177e-07
-2.45134e-10
-3.85693e-11
9.91339e-08
-1.06136e-11
4.99383e-08
-1.50812e-09
-3.15261e-11
3.70387e-08
-1.39502e-09
-3.69259e-11
4.52918e-08
-1.24297e-09
-4.18067e-11
5.46626e-08
-1.0418e-09
-4.541e-11
6.45813e-08
-7.84742e-10
-4.61929e-11
7.35393e-08
-4.79281e-10
-4.2e-11
7.80651e-08
-1.71919e-10
-3.041e-11
7.063e-08
-1.0046e-11
3.5326e-08
-5.75167e-10
1.54337e-08
2.20869e-18
-5.33786e-10
1.90142e-08
2.82762e-18
-4.77557e-10
2.31415e-08
3.42341e-18
-4.0234e-10
2.75865e-08
3.9804e-18
-3.05082e-10
3.1694e-08
4.4198e-18
-1.87948e-10
3.39074e-08
4.35473e-18
-6.81538e-11
3.08193e-08
3.50415e-18
1.53001e-08
1.64418e-18
-3.74861e-10
1.91733e-11
1.53956e-08
-8.35535e-18
-3.48977e-10
2.24061e-11
1.89659e-08
-1.09467e-17
-3.13555e-10
2.53372e-11
2.30808e-08
-1.42343e-17
-2.65764e-10
2.74928e-11
2.75112e-08
-1.82196e-17
-2.03294e-10
2.79606e-11
3.16036e-08
-2.23413e-17
-1.26935e-10
2.54681e-11
3.38056e-08
-2.50752e-17
-4.71601e-11
1.8562e-11
3.07209e-08
-2.29266e-17
6.20947e-12
1.52467e-08
-1.06936e-17
-9.60582e-10
2.80865e-11
3.69799e-08
-8.92484e-10
3.23062e-11
4.52138e-08
-7.99931e-10
3.59315e-11
5.45595e-08
-6.76011e-10
3.8135e-11
6.44468e-08
-5.15459e-10
3.76226e-11
7.33691e-08
-3.21115e-10
3.27597e-11
7.78635e-08
-1.19719e-10
2.20416e-11
7.04251e-08
5.57554e-12
3.52069e-08
-1.39966e-09
8.81777e-17
5.13346e-08
-1.29736e-09
1.12832e-16
6.28284e-08
-1.15946e-09
1.43615e-16
7.59039e-08
-9.76293e-10
1.80163e-16
8.97849e-08
-7.4093e-10
2.19932e-16
1.02396e-07
-4.58604e-10
2.523e-16
1.08928e-07
-1.6924e-10
2.50572e-16
9.88666e-08
1.41861e-16
4.97746e-08
-1.39966e-09
-2.80863e-11
5.13346e-08
-1.29736e-09
-3.2306e-11
6.28284e-08
-1.15946e-09
-3.59313e-11
7.59039e-08
-9.76293e-10
-3.81347e-11
8.97849e-08
-7.4093e-10
-3.76222e-11
1.02396e-07
-4.58604e-10
-3.27593e-11
1.08928e-07
-1.6924e-10
-2.20412e-11
9.88666e-08
-5.57532e-12
4.97746e-08
-9.60582e-10
-1.91732e-11
3.69799e-08
-8.92484e-10
-2.2406e-11
4.52138e-08
-7.99931e-10
-2.5337e-11
5.45595e-08
-6.76011e-10
-2.74927e-11
6.44468e-08
-5.15459e-10
-2.79604e-11
7.33691e-08
-3.21115e-10
-2.54678e-11
7.78635e-08
-1.19719e-10
-1.85617e-11
7.04251e-08
-6.20932e-12
3.52069e-08
-3.74861e-10
1.53956e-08
1.79457e-17
-3.48977e-10
1.89659e-08
2.27112e-17
-3.13555e-10
2.30808e-08
2.82937e-17
-2.65764e-10
2.75112e-08
3.45954e-17
-2.03294e-10
3.16036e-08
4.08023e-17
-1.26936e-10
3.38056e-08
4.44558e-17
-4.71603e-11
3.07209e-08
4.05817e-17
1.52467e-08
2.01448e-17
-2.4204e-10
1.19347e-11
1.53712e-08
-4.3859e-18
-2.25039e-10
1.39581e-11
1.89349e-08
-5.15767e-18
-2.01848e-10
1.57987e-11
2.30418e-08
-5.82508e-18
-1.70658e-10
1.71608e-11
2.74629e-08
-6.13983e-18
-1.30034e-10
1.74758e-11
3.15455e-08
-5.84009e-18
-8.06316e-11
1.59471e-11
3.37402e-08
-4.83449e-18
-2.95253e-11
1.1653e-11
3.06582e-08
-3.41072e-18
3.92331e-12
1.52133e-08
-1.14442e-18
-6.145e-10
1.72027e-11
3.69426e-08
-5.70615e-10
1.98011e-11
4.51641e-08
-5.10982e-10
2.20426e-11
5.44936e-08
-4.31144e-10
2.34203e-11
6.43607e-08
-3.27729e-10
2.31439e-11
7.326e-08
-2.02761e-10
2.02137e-11
7.77342e-08
-7.42845e-11
1.36981e-11
7.02946e-08
3.58689e-12
3.5133e-08
-8.90514e-10
4.85372e-17
5.13041e-08
-8.2573e-10
5.94055e-17
6.27834e-08
-7.38114e-10
7.0944e-17
7.58383e-08
-6.21349e-10
8.14954e-17
8.96916e-08
-4.70811e-10
8.75328e-17
1.02268e-07
-2.89858e-10
8.23676e-17
1.08767e-07
-1.05154e-10
5.87241e-17
9.86956e-08
1.48873e-17
4.9673e-08
-8.90514e-10
-1.72026e-11
5.13041e-08
-8.2573e-10
-1.9801e-11
6.27834e-08
-7.38114e-10
-2.20425e-11
7.58383e-08
-6.21349e-10
-2.34202e-11
8.96916e-08
-4.70811e-10
-2.31438e-11
1.02268e-07
-2.89858e-10
-2.02135e-11
1.08767e-07
-1.05154e-10
-1.3698e-11
9.86956e-08
-3.58688e-12
4.9673e-08
-6.145e-10
-1.19347e-11
3.69426e-08
-5.70615e-10
-1.3958e-11
4.51641e-08
-5.10982e-10
-1.57986e-11
5.44936e-08
-4.31144e-10
-1.71607e-11
6.43607e-08
-3.27729e-10
-1.74757e-11
7.326e-08
-2.02761e-10
-1.5947e-11
7.77342e-08
-7.42845e-11
-1.16529e-11
7.02946e-08
-3.92329e-12
3.5133e-08
-2.4204e-10
1.53712e-08
1.39816e-17
-2.25039e-10
1.89349e-08
1.7559e-17
-2.01848e-10
2.30418e-08
2.15033e-17
-1.70659e-10
2.74629e-08
2.56257e-17
-1.30035e-10
3.15455e-08
2.91456e-17
-8.06317e-11
3.37402e-08
3.02469e-17
-2.95253e-11
3.06582e-08
2.57099e-17
1.52133e-08
1.12481e-17
-1.44685e-10
7.34453e-12
1.53563e-08
-8.18219e-18
-1.34502e-10
8.6059e-12
1.89161e-08
-9.84847e-18
-1.20618e-10
9.76091e-12
2.30181e-08
-1.15932e-17
-1.01959e-10
1.06323e-11
2.74336e-08
-1.3156e-17
-7.76798e-11
1.08692e-11
3.15104e-08
-1.40964e-17
-4.81816e-11
9.97275e-12
3.37008e-08
-1.35647e-17
-1.76688e-11
7.35269e-12
3.06203e-08
-1.04355e-17
2.5376e-12
1.51931e-08
-3.39878e-18
-3.73263e-10
1.05403e-11
3.69199e-08
-3.46575e-10
1.21492e-11
4.51338e-08
-3.10299e-10
1.35459e-11
5.44535e-08
-2.61738e-10
1.44253e-11
6.43083e-08
-1.98882e-10
1.4302e-11
7.31937e-08
-1.23025e-10
1.25523e-11
7.76558e-08
-4.51207e-11
8.5741e-12
7.02155e-08
2.30457e-12
3.50881e-08
-5.43725e-10
1.52422e-16
5.12857e-08
-5.04227e-10
1.90786e-16
6.2756e-08
-4.50739e-10
2.36619e-16
7.57984e-08
-3.79389e-10
2.87282e-16
8.96347e-08
-2.87375e-10
3.37898e-16
1.02191e-07
-1.76848e-10
3.70915e-16
1.08669e-07
-6.41748e-11
3.47859e-16
9.85915e-08
1.83918e-16
4.96112e-08
-5.43725e-10
-1.05401e-11
5.12857e-08
-5.04227e-10
-1.21489e-11
6.2756e-08
-4.50739e-10
-1.35455e-11
7.57984e-08
-3.79389e-10
-1.44248e-11
8.96347e-08
-2.87375e-10
-1.43015e-11
1.02191e-07
-1.76848e-10
-1.25517e-11
1.08669e-07
-6.41749e-11
-8.57356e-12
9.85915e-08
-2.3043e-12
4.96112e-08
-3.73263e-10
-7.34437e-12
3.69199e-08
-3.46575e-10
-8.60571e-12
4.51338e-08
-3.103e-10
-9.76068e-12
5.44535e-08
-2.61739e-10
-1.06321e-11
6.43083e-08
-1.98882e-10
-1.08689e-11
7.31937e-08
-1.23025e-10
-9.97241e-12
7.76558e-08
-4.51208e-11
-7.35237e-12
7.02155e-08
-2.53744e-12
3.50881e-08
-1.44686e-10
1.53563e-08
4.16889e-17
-1.34502e-10
1.89161e-08
5.2143e-17
-1.20618e-10
2.30181e-08
6.41595e-17
-1.01959e-10
2.74336e-08
7.71521e-17
-7.768e-11
3.15104e-08
8.90361e-17
-4.81819e-11
3.37008e-08
9.47066e-17
-1.7669e-11
3.06203e-08
8.40196e-17
1.51931e-08
3.96879e-17
-8.93715e-11
4.5447e-12
1.53472e-08
3.73798e-17
-8.30995e-11
5.32997e-12
1.89045e-08
4.62012e-17
-7.45472e-11
6.05379e-12
2.30035e-08
5.64837e-17
-6.30492e-11
6.60676e-12
2.74155e-08
6.77592e-17
-4.8076e-11
6.77149e-12
3.14886e-08
7.86273e-17
-2.98599e-11
6.23548e-12
3.36763e-08
8.54892e-17
-1.09768e-11
4.62211e-12
3.05968e-08
7.96985e-17
1.61278e-12
1.51805e-08
4.16769e-17
-2.30452e-10
6.50453e-12
3.69059e-08
-2.14028e-10
7.50615e-12
4.51152e-08
-1.91701e-10
8.38283e-12
5.44289e-08
-1.61804e-10
8.94705e-12
6.42761e-08
-1.23078e-10
8.89792e-12
7.31528e-08
-7.62772e-11
7.84289e-12
7.76074e-08
-2.80816e-11
5.39124e-12
7.01665e-08
1.46982e-12
3.50601e-08
-3.35715e-10
-5.18021e-18
5.12743e-08
-3.11401e-10
-1.05391e-17
6.27392e-08
-2.78468e-10
-2.08582e-17
7.57738e-08
-2.34525e-10
-3.94421e-17
8.95997e-08
-1.77825e-10
-7.074e-17
1.02143e-07
-1.09639e-10
-1.1662e-16
1.08609e-07
-3.99507e-11
-1.62576e-16
9.85272e-08
-1.28564e-16
4.95727e-08
-3.35715e-10
-6.50454e-12
5.12743e-08
-3.114e-10
-7.50617e-12
6.27392e-08
-2.78468e-10
-8.38288e-12
7.57738e-08
-2.34525e-10
-8.94713e-12
8.95997e-08
-1.77825e-10
-8.89804e-12
1.02143e-07
-1.09639e-10
-7.8431e-12
1.08609e-07
-3.99507e-11
-5.39153e-12
9.85272e-08
-1.47005e-12
4.95727e-08
-2.30452e-10
-4.54473e-12
3.69059e-08
-2.14028e-10
-5.33001e-12
4.51152e-08
-1.91701e-10
-6.05384e-12
5.44289e-08
-1.61803e-10
-6.60684e-12
6.42761e-08
-1.23077e-10
-6.77159e-12
7.31528e-08
-7.6277e-11
-6.23561e-12
7.76074e-08
-2.80816e-11
-4.62226e-12
7.01665e-08
-1.61288e-12
3.50601e-08
-8.93708e-11
1.53472e-08
3.602e-18
-8.30989e-11
1.89045e-08
4.37165e-18
-7.45467e-11
2.30035e-08
4.6902e-18
-6.30489e-11
2.74155e-08
4.12819e-18
-4.80758e-11
3.14886e-08
2.06731e-18
-2.98598e-11
3.36763e-08
-2.0743e-18
-1.09768e-11
3.05968e-08
-7.56266e-18
1.51805e-08
-8.43164e-18
-5.53503e-11
2.80994e-12
1.53415e-08
2.45069e-17
-5.14592e-11
3.29578e-12
1.88973e-08
3.03052e-17
-4.61552e-11
3.74382e-12
2.29945e-08
3.7056e-17
-3.90268e-11
4.08631e-12
2.74042e-08
4.41893e-17
-2.97472e-11
4.18865e-12
3.14752e-08
5.00174e-17
-1.84634e-11
3.85729e-12
3.36612e-08
5.1191e-17
-6.77762e-12
2.8588e-12
3.05823e-08
4.16322e-17
9.96696e-13
1.51727e-08
1.53269e-17
-1.42515e-10
4.01675e-12
3.68972e-08
-1.32338e-10
4.6368e-12
4.51037e-08
-1.18511e-10
5.18068e-12
5.44136e-08
-1.00002e-10
5.53251e-12
6.42561e-08
-7.60366e-11
5.50606e-12
7.31275e-08
-4.70871e-11
4.85755e-12
7.75774e-08
-1.73036e-11
3.34328e-12
7.01363e-08
9.15122e-13
3.50429e-08
-2.07515e-10
-1.85399e-17
5.12673e-08
-1.92462e-10
-2.40865e-17
6.27288e-08
-1.72081e-10
-3.20497e-17
7.57586e-08
-1.44896e-10
-4.26312e-17
8.9578e-08
-1.09828e-10
-5.48197e-17
1.02113e-07
-6.76678e-11
-6.35379e-17
1.08571e-07
-2.46114e-11
-5.62392e-17
9.84875e-08
-1.86593e-17
4.9549e-08
-2.07515e-10
-4.01679e-12
5.12673e-08
-1.92462e-10
-4.63685e-12
6.27288e-08
-1.72081e-10
-5.18073e-12
7.57586e-08
-1.44896e-10
-5.53259e-12
8.9578e-08
-1.09828e-10
-5.50615e-12
1.02113e-07
-6.76678e-11
-4.85766e-12
1.08571e-07
-2.46114e-11
-3.34338e-12
9.84875e-08
-9.15167e-13
4.9549e-08
-1.42515e-10
-2.80996e-12
3.68972e-08
-1.32338e-10
-3.29581e-12
4.51037e-08
-1.18511e-10
-3.74386e-12
5.44136e-08
-1.00002e-10
-4.08635e-12
6.42561e-08
-7.60366e-11
-4.1887e-12
7.31275e-08
-4.70872e-11
-3.85735e-12
7.75774e-08
-1.73037e-11
-2.85885e-12
7.01363e-08
-9.96713e-13
3.50429e-08
-5.53506e-11
1.53415e-08
1.20779e-17
-5.14595e-11
1.88973e-08
1.55538e-17
-4.61555e-11
2.29945e-08
1.93841e-17
-3.90271e-11
2.74042e-08
2.34325e-17
-2.97474e-11
3.14752e-08
2.70052e-17
-1.84636e-11
3.36612e-08
2.81645e-17
-6.77772e-12
3.05823e-08
2.36451e-17
1.51727e-08
1.00151e-17
-3.40783e-11
1.73396e-12
1.5338e-08
-9.69688e-18
-3.16829e-11
2.03361e-12
1.88929e-08
-1.34058e-17
-2.84174e-11
2.30973e-12
2.29889e-08
-1.8445e-17
-2.40286e-11
2.52055e-12
2.73973e-08
-2.5091e-17
-1.83154e-11
2.58301e-12
3.14669e-08
-3.27887e-17
-1.13686e-11
2.37781e-12
3.36518e-08
-3.93317e-17
-4.17403e-12
1.76139e-12
3.05733e-08
-3.91021e-17
6.13538e-13
1.51679e-08
-2.09693e-17
-8.78186e-11
2.47983e-12
3.68919e-08
-8.15449e-11
2.86236e-12
4.50966e-08
-7.30212e-11
3.19763e-12
5.44042e-08
-6.16131e-11
3.41409e-12
6.42438e-08
-4.68444e-11
3.39677e-12
7.3112e-08
-2.90081e-11
2.99538e-12
7.7559e-08
-1.0661e-11
2.06011e-12
7.01176e-08
5.62832e-13
3.50323e-08
-1.27923e-10
8.69789e-17
5.12629e-08
-1.18636e-10
1.12377e-16
6.27224e-08
-1.06064e-10
1.44152e-16
7.57492e-08
-8.92982e-11
1.81854e-16
8.95647e-08
-6.76777e-11
2.23175e-16
1.02095e-07
-4.16933e-11
2.5823e-16
1.08548e-07
-1.51645e-11
2.5939e-16
9.8463e-08
1.48603e-16
4.95344e-08
-1.27923e-10
-2.47966e-12
5.12629e-08
-1.18636e-10
-2.86214e-12
6.27224e-08
-1.06064e-10
-3.19735e-12
7.57492e-08
-8.92983e-11
-3.41375e-12
8.95647e-08
-6.76777e-11
-3.39635e-12
1.02095e-07
-4.16934e-11
-2.9949e-12
1.08548e-07
-1.51645e-11
-2.05966e-12
9.8463e-08
-5.62599e-13
4.95344e-08
-8.78189e-11
-1.73385e-12
3.68919e-08
-8.15452e-11
-2.03346e-12
4.50966e-08
-7.30215e-11
-2.30955e-12
5.44042e-08
-6.16134e-11
-2.52032e-12
6.42438e-08
-4.68446e-11
-2.58273e-12
7.3112e-08
-2.90083e-11
-2.37749e-12
7.7559e-08
-1.06611e-11
-1.76107e-12
7.01176e-08
-6.13362e-13
3.50323e-08
-3.40786e-11
1.5338e-08
2.68264e-17
-3.16832e-11
1.88929e-08
3.37673e-17
-2.84177e-11
2.29889e-08
4.15084e-17
-2.40288e-11
2.73973e-08
4.95081e-17
-1.83157e-11
3.14669e-08
5.62805e-17
-1.13689e-11
3.36518e-08
5.8572e-17
-4.17423e-12
3.05733e-08
5.01468e-17
1.51679e-08
2.23079e-17
-2.10703e-11
1.07117e-12
1.53359e-08
-1.21365e-17
-1.95899e-11
1.25615e-12
1.88902e-08
-1.46559e-17
-1.75717e-11
1.42653e-12
2.29855e-08
-1.74194e-17
-1.48589e-11
1.55649e-12
2.73931e-08
-2.01835e-17
-1.1327e-11
1.59474e-12
3.14617e-08
-2.25555e-17
-7.03187e-12
1.46767e-12
3.36461e-08
-2.368e-17
-2.58251e-12
1.08677e-12
3.05678e-08
-2.17177e-17
3.78177e-13
1.5165e-08
-1.16892e-17
-5.42732e-11
1.5326e-12
3.68886e-08
-5.03969e-11
1.76881e-12
4.50922e-08
-4.51304e-11
1.97574e-12
5.43984e-08
-3.80817e-11
2.10912e-12
6.42362e-08
-2.89561e-11
2.09794e-12
7.31023e-08
-1.7934e-11
1.84947e-12
7.75476e-08
-6.59339e-12
1.27147e-12
7.01061e-08
3.46949e-13
3.50257e-08
-7.90558e-11
7.23311e-17
5.12602e-08
-7.3316e-11
9.03454e-17
6.27184e-08
-6.55469e-11
1.10093e-16
7.57435e-08
-5.51873e-11
1.29354e-16
8.95564e-08
-4.18285e-11
1.42705e-16
1.02084e-07
-2.5773e-11
1.40261e-16
1.08534e-07
-9.37786e-12
1.09516e-16
9.84479e-08
3.64291e-17
4.95254e-08
-7.90559e-11
-1.53247e-12
5.12602e-08
-7.33161e-11
-1.76865e-12
6.27184e-08
-6.5547e-11
-1.97554e-12
7.57435e-08
-5.51874e-11
-2.10889e-12
8.95564e-08
-4.18285e-11
-2.09769e-12
1.02084e-07
-2.5773e-11
-1.84923e-12
1.08534e-07
-9.37791e-12
-1.27129e-12
9.84479e-08
-3.46903e-13
4.95254e-08
-5.42736e-11
-1.07109e-12
3.68886e-08
-5.03973e-11
-1.25605e-12
4.50922e-08
-4.51307e-11
-1.42641e-12
5.43984e-08
-3.80819e-11
-1.55635e-12
6.42362e-08
-2.89563e-11
-1.59459e-12
7.31023e-08
-1.79341e-11
-1.46752e-12
7.75476e-08
-6.59345e-12
-1.08665e-12
7.01061e-08
-3.7813e-13
3.50257e-08
-2.10708e-11
1.53359e-08
2.00637e-17
-1.95904e-11
1.88902e-08
2.51845e-17
-1.75721e-11
2.29855e-08
3.07365e-17
-1.48592e-11
2.73931e-08
3.62357e-17
-1.13273e-11
3.14617e-08
4.02917e-17
-7.03206e-12
3.36461e-08
4.01897e-17
-2.58261e-12
3.05678e-08
3.17571e-17
1.5165e-08
1.13412e-17
-1.30362e-11
6.62341e-13
1.53345e-08
-1.74531e-17
-1.21201e-11
7.76677e-13
1.88885e-08
-2.2152e-17
-1.08712e-11
8.81968e-13
2.29833e-08
-2.79824e-17
-9.19255e-12
9.62235e-13
2.73904e-08
-3.48107e-17
-7.00718e-12
9.85773e-13
3.14586e-08
-4.15439e-17
-4.34966e-12
9.07094e-13
3.36425e-08
-4.55578e-17
-1.59711e-12
6.71545e-13
3.05644e-08
-4.10978e-17
2.33583e-13
1.51631e-08
-1.93593e-17
-3.35719e-11
9.47894e-13
3.68866e-08
-3.11735e-11
1.09394e-12
4.50895e-08
-2.7915e-11
1.22184e-12
5.43948e-08
-2.35542e-11
1.30423e-12
6.42315e-08
-1.79089e-11
1.29721e-12
7.30964e-08
-1.10906e-11
1.14349e-12
7.75405e-08
-4.07649e-12
7.86113e-13
7.0099e-08
2.14605e-13
3.50217e-08
-4.89026e-11
1.01507e-16
5.12586e-08
-4.5351e-11
1.26907e-16
6.2716e-08
-4.05442e-11
1.56071e-16
7.57399e-08
-3.41351e-11
1.86719e-16
8.95513e-08
-2.58709e-11
2.13339e-16
1.02077e-07
-1.59391e-11
2.25531e-16
1.08525e-07
-5.79842e-12
2.02389e-16
9.84385e-08
1.00598e-16
4.95198e-08
-4.89026e-11
-9.47703e-13
5.12586e-08
-4.53511e-11
-1.0937e-12
6.2716e-08
-4.05443e-11
-1.22155e-12
7.57399e-08
-3.41351e-11
-1.30388e-12
8.95513e-08
-2.5871e-11
-1.29681e-12
1.02077e-07
-1.59392e-11
-1.14308e-12
1.08525e-07
-5.79847e-12
-7.85758e-13
9.84385e-08
-2.14449e-13
4.95198e-08
-3.35723e-11
-6.62216e-13
3.68866e-08
-3.11738e-11
-7.7652e-13
4.50895e-08
-2.79153e-11
-8.81774e-13
5.43948e-08
-2.35545e-11
-9.62002e-13
6.42315e-08
-1.79091e-11
-9.85503e-13
7.30964e-08
-1.10908e-11
-9.06804e-13
7.75405e-08
-4.07655e-12
-6.71279e-13
7.0099e-08
-2.33447e-13
3.50217e-08
-1.30365e-11
1.53345e-08
2.50814e-17
-1.21203e-11
1.88885e-08
3.13686e-17
-1.08714e-11
2.29833e-08
3.82311e-17
-9.19275e-12
2.73904e-08
4.50299e-17
-7.00737e-12
3.14586e-08
5.0346e-17
-4.34984e-12
3.36425e-08
5.12778e-17
-1.59725e-12
3.05644e-08
4.2701e-17
1.51631e-08
1.82788e-17
-8.06206e-12
4.0975e-13
1.53337e-08
-2.48259e-17
-7.4955e-12
4.80479e-13
1.88874e-08
-3.01321e-17
-6.72316e-12
5.45606e-13
2.2982e-08
-3.60932e-17
-5.68503e-12
5.95251e-13
2.73888e-08
-4.22313e-17
-4.33355e-12
6.09798e-13
3.14566e-08
-4.75282e-17
-2.6901e-12
5.61114e-13
3.36403e-08
-4.99141e-17
-9.87836e-13
4.15395e-13
3.05622e-08
-4.49425e-17
1.44482e-13
1.5162e-08
-2.25339e-17
-2.07673e-11
5.86528e-13
3.68853e-08
-1.92835e-11
6.76882e-13
4.50878e-08
-1.72677e-11
7.56007e-13
5.43926e-08
-1.457e-11
8.06969e-13
6.42286e-08
-1.10778e-11
8.02611e-13
7.30927e-08
-6.86024e-12
7.07501e-13
7.75362e-08
-2.5216e-12
4.86411e-13
7.00945e-08
1.3284e-13
3.50192e-08
-3.02547e-11
9.53917e-17
5.12576e-08
-2.80571e-11
1.16685e-16
6.27145e-08
-2.5083e-11
1.39398e-16
7.57377e-08
-2.11176e-11
1.60594e-16
8.95482e-08
-1.60048e-11
1.74304e-16
1.02073e-07
-9.86049e-12
1.709e-16
1.0852e-07
-3.58716e-12
1.36064e-16
9.84327e-08
5.31213e-17
4.95163e-08
-3.02548e-11
-5.86358e-13
5.12576e-08
-2.80573e-11
-6.76675e-13
6.27145e-08
-2.50832e-11
-7.55761e-13
7.57377e-08
-2.11178e-11
-8.06687e-13
8.95482e-08
-1.60049e-11
-8.02307e-13
1.02073e-07
-9.86057e-12
-7.07205e-13
1.0852e-07
-3.5872e-12
-4.86183e-13
9.84327e-08
-1.32761e-13
4.95163e-08
-2.07678e-11
-4.09643e-13
3.68853e-08
-1.92839e-11
-4.80349e-13
4.50878e-08
-1.72681e-11
-5.45452e-13
5.43926e-08
-1.45703e-11
-5.95072e-13
6.42286e-08
-1.1078e-11
-6.09603e-13
7.30927e-08
-6.86039e-12
-5.60921e-13
7.75362e-08
-2.52167e-12
-4.15238e-13
7.00945e-08
-1.44417e-13
3.50192e-08
-8.06264e-12
1.53337e-08
2.24529e-17
-7.49602e-12
1.88874e-08
2.79025e-17
-6.72359e-12
2.2982e-08
3.38227e-17
-5.68538e-12
2.73888e-08
3.96212e-17
-4.3338e-12
3.14566e-08
4.38311e-17
-2.69026e-12
3.36403e-08
4.37755e-17
-9.879e-13
3.05622e-08
3.48586e-17
1.5162e-08
1.29632e-17
-4.99043e-12
2.53662e-13
1.53332e-08
-2.56462e-17
-4.63973e-12
2.97454e-13
1.88868e-08
-3.18098e-17
-4.16161e-12
3.37785e-13
2.29812e-08
-3.9096e-17
-3.519e-12
3.68537e-13
2.73878e-08
-4.71224e-17
-2.68242e-12
3.77569e-13
3.14554e-08
-5.43874e-17
-1.6651e-12
3.47462e-13
3.36389e-08
-5.77556e-17
-6.11403e-13
2.57274e-13
3.05609e-08
-5.05316e-17
8.9523e-14
1.51613e-08
-2.25715e-17
-1.28546e-11
3.63121e-13
3.68845e-08
-1.19362e-11
4.19069e-13
4.50868e-08
-1.06884e-11
4.68072e-13
5.43912e-08
-9.01862e-12
4.9965e-13
6.42268e-08
-6.85702e-12
4.96989e-13
7.30904e-08
-4.24644e-12
4.38149e-13
7.75335e-08
-1.56087e-12
3.01298e-13
7.00918e-08
8.23451e-14
3.50176e-08
-1.8728e-11
9.15857e-17
5.12569e-08
-1.73676e-11
1.1199e-16
6.27135e-08
-1.55266e-11
1.33818e-16
7.57363e-08
-1.3072e-11
1.54302e-16
8.95462e-08
-9.90711e-12
1.67959e-16
1.0207e-07
-6.10378e-12
1.6546e-16
1.08516e-07
-2.22055e-12
1.33292e-16
9.84292e-08
5.40227e-17
4.95142e-08
-1.8728e-11
-3.62952e-13
5.12569e-08
-1.73677e-11
-4.18862e-13
6.27135e-08
-1.55266e-11
-4.67823e-13
7.57363e-08
-1.3072e-11
-4.99362e-13
8.95462e-08
-9.90716e-12
-4.96676e-13
1.0207e-07
-6.10381e-12
-4.37842e-13
1.08516e-07
-2.22058e-12
-3.01058e-13
9.84292e-08
-8.22603e-14
4.95142e-08
-1.28549e-11
-2.53553e-13
3.68845e-08
-1.19364e-11
-2.9732e-13
4.50868e-08
-1.06886e-11
-3.37623e-13
5.43912e-08
-9.01875e-12
-3.68346e-13
6.42268e-08
-6.8571e-12
-3.77356e-13
7.30904e-08
-4.24647e-12
-3.47243e-13
7.75335e-08
-1.56089e-12
-2.57084e-13
7.00918e-08
-8.94354e-14
3.50176e-08
-4.99047e-12
1.53332e-08
1.21875e-17
-4.63976e-12
1.88868e-08
1.5125e-17
-4.16164e-12
2.29812e-08
1.80752e-17
-3.51903e-12
2.73878e-08
2.05415e-17
-2.68246e-12
3.14554e-08
2.15942e-17
-1.66516e-12
3.36389e-08
1.99821e-17
-6.11467e-13
3.05609e-08
1.38788e-17
1.51613e-08
3.56895e-18
-3.08898e-12
1.57017e-13
1.53329e-08
-1.13266e-17
-2.8719e-12
1.84121e-13
1.88864e-08
-1.28199e-17
-2.576e-12
2.09079e-13
2.29807e-08
-1.40783e-17
-2.17825e-12
2.28103e-13
2.73872e-08
-1.46021e-17
-1.66045e-12
2.33678e-13
3.14546e-08
-1.39952e-17
-1.0308e-12
2.15021e-13
3.36381e-08
-1.20636e-17
-3.78572e-13
1.59177e-13
3.05601e-08
-8.83602e-18
5.53591e-14
1.51609e-08
-3.76497e-18
-7.95798e-12
2.24785e-13
3.6884e-08
-7.38936e-12
2.59413e-13
4.50861e-08
-6.61692e-12
2.89738e-13
5.43903e-08
-5.58316e-12
3.09271e-13
6.42257e-08
-4.24497e-12
3.07603e-13
7.3089e-08
-2.62887e-12
2.71155e-13
7.75318e-08
-9.6635e-13
1.86426e-13
7.00901e-08
5.09203e-14
3.50167e-08
-1.15944e-11
3.25062e-17
5.12565e-08
-1.07521e-11
3.6335e-17
6.27129e-08
-9.61238e-12
3.73457e-17
7.57354e-08
-8.09274e-12
3.28604e-17
8.9545e-08
-6.1334e-12
1.99073e-17
1.02068e-07
-3.77884e-12
-4.92252e-18
1.08514e-07
-1.3748e-12
-3.42529e-17
9.84269e-08
-3.85369e-17
4.95129e-08
-1.15944e-11
-2.24732e-13
5.12565e-08
-1.07522e-11
-2.59355e-13
6.27129e-08
-9.61242e-12
-2.89679e-13
7.57354e-08
-8.09276e-12
-3.09221e-13
8.9545e-08
-6.1334e-12
-3.07577e-13
1.02068e-07
-3.77885e-12
-2.71171e-13
1.08514e-07
-1.3748e-12
-1.86491e-13
9.84269e-08
-5.09896e-14
4.95129e-08
-7.95812e-12
-1.56987e-13
3.6884e-08
-7.38947e-12
-1.84087e-13
4.50861e-08
-6.61699e-12
-2.09044e-13
5.43903e-08
-5.58322e-12
-2.28072e-13
6.42257e-08
-4.24501e-12
-2.33658e-13
7.3089e-08
-2.62889e-12
-2.15021e-13
7.75318e-08
-9.66355e-13
-1.59203e-13
7.00901e-08
-5.53921e-14
3.50167e-08
-3.08919e-12
1.53329e-08
5.69598e-18
-2.87208e-12
1.88864e-08
7.22431e-18
-2.57613e-12
2.29807e-08
8.75597e-18
-2.17834e-12
2.73872e-08
1.00432e-17
-1.66049e-12
3.14546e-08
1.0511e-17
-1.0308e-12
3.36381e-08
9.43804e-18
-3.78553e-13
3.05601e-08
5.77789e-18
1.51609e-08
5.21397e-19
-1.91353e-12
9.72372e-14
1.53327e-08
1.68113e-18
-1.77905e-12
1.14025e-13
1.88861e-08
1.85774e-18
-1.59569e-12
1.29486e-13
2.29804e-08
1.84362e-18
-1.34926e-12
1.41277e-13
2.73868e-08
1.57291e-18
-1.02846e-12
1.44742e-13
3.14542e-08
1.16583e-18
-6.38359e-13
1.33205e-13
3.36376e-08
1.05308e-18
-2.34353e-13
9.86362e-14
3.05596e-08
1.85654e-18
3.43284e-14
1.51606e-08
2.40601e-18
-4.9283e-12
1.39211e-13
3.68837e-08
-4.57617e-12
1.60661e-13
4.50857e-08
-4.09777e-12
1.79451e-13
5.43898e-08
-3.45754e-12
1.91562e-13
6.4225e-08
-2.62879e-12
1.90548e-13
7.30881e-08
-1.62789e-12
1.67997e-13
7.75308e-08
-5.98318e-13
1.15536e-13
7.00891e-08
3.15869e-14
3.50161e-08
-7.17998e-12
4.06809e-17
5.12563e-08
-6.65845e-12
4.94027e-17
6.27126e-08
-5.95258e-12
5.83885e-17
7.57349e-08
-5.01149e-12
6.61816e-17
8.95442e-08
-3.79808e-12
7.07098e-17
1.02067e-07
-2.33991e-12
6.93344e-17
1.08513e-07
-8.51206e-13
5.57609e-17
9.84256e-08
2.56373e-17
4.9512e-08
-7.17994e-12
-1.39134e-13
5.12563e-08
-6.6584e-12
-1.60567e-13
6.27126e-08
-5.95255e-12
-1.79338e-13
7.57349e-08
-5.01146e-12
-1.91432e-13
8.95442e-08
-3.79806e-12
-1.90408e-13
1.02067e-07
-2.33992e-12
-1.6786e-13
1.08513e-07
-8.51214e-13
-1.15427e-13
9.84256e-08
-3.15453e-14
4.9512e-08
-4.92829e-12
-9.71857e-14
3.68837e-08
-4.57614e-12
-1.13961e-13
4.50857e-08
-4.09773e-12
-1.29408e-13
5.43898e-08
-3.4575e-12
-1.41185e-13
6.4225e-08
-2.62875e-12
-1.44638e-13
7.30881e-08
-1.62787e-12
-1.33096e-13
7.75308e-08
-5.98317e-13
-9.85379e-14
7.00891e-08
-3.42791e-14
3.50161e-08
-1.9133e-12
1.53327e-08
1.64235e-17
-1.77884e-12
1.88861e-08
2.04384e-17
-1.59551e-12
2.29804e-08
2.48786e-17
-1.34912e-12
2.73868e-08
2.93182e-17
-1.02837e-12
3.14542e-08
3.28663e-17
-6.38337e-13
3.36376e-08
3.39294e-17
-2.34383e-13
3.05596e-08
2.9187e-17
1.51606e-08
1.33838e-17
-1.18428e-12
6.01871e-14
1.53326e-08
-2.47355e-18
-1.10106e-12
7.05745e-14
1.8886e-08
-2.48289e-18
-9.8763e-13
8.01373e-14
2.29802e-08
-2.27058e-18
-8.35142e-13
8.74238e-14
2.73865e-08
-1.65336e-18
-6.36635e-13
8.95526e-14
3.14539e-08
-8.8721e-19
-3.95253e-13
8.23906e-14
3.36373e-08
-3.22963e-19
-1.45193e-13
6.09768e-14
3.05593e-08
-9.48928e-19
2.11918e-14
1.51604e-08
-2.1781e-18
-3.05134e-12
8.61621e-14
3.68835e-08
-2.83332e-12
9.94313e-14
4.50855e-08
-2.53715e-12
1.11048e-13
5.43895e-08
-2.14077e-12
1.18525e-13
6.42246e-08
-1.62768e-12
1.17871e-13
7.30876e-08
-1.00804e-12
1.03882e-13
7.75301e-08
-3.70579e-13
7.13941e-14
7.00884e-08
1.94746e-14
3.50157e-08
-4.4456e-12
-6.86448e-18
5.12561e-08
-4.12268e-12
-1.16351e-17
6.27123e-08
-3.68567e-12
-1.99357e-17
7.57346e-08
-3.103e-12
-3.35095e-17
8.95438e-08
-2.35175e-12
-5.36412e-17
1.02067e-07
-1.44897e-12
-7.814e-17
1.08512e-07
-5.27203e-13
-9.67442e-17
9.84247e-08
-6.79658e-17
4.95115e-08
-4.4456e-12
-8.61779e-14
5.12561e-08
-4.12268e-12
-9.94566e-14
6.27123e-08
-3.68567e-12
-1.11089e-13
7.57346e-08
-3.103e-12
-1.18589e-13
8.95438e-08
-2.35174e-12
-1.17969e-13
1.02067e-07
-1.44896e-12
-1.04021e-13
1.08512e-07
-5.27198e-13
-7.15584e-14
9.84247e-08
-1.95844e-14
4.95115e-08
-3.05131e-12
-6.01935e-14
3.68835e-08
-2.83329e-12
-7.05853e-14
4.50855e-08
-2.53711e-12
-8.01558e-14
5.43895e-08
-2.14074e-12
-8.74544e-14
6.42246e-08
-1.62765e-12
-8.96005e-14
7.30876e-08
-1.00802e-12
-8.24602e-14
7.75301e-08
-3.70568e-13
-6.10619e-14
7.00884e-08
-2.12529e-14
3.50157e-08
-1.18437e-12
1.53326e-08
4.45221e-18
-1.10114e-12
1.8886e-08
5.41835e-18
-9.87675e-13
2.29802e-08
6.31371e-18
-8.35164e-13
2.73865e-08
6.88205e-18
-6.36627e-13
3.14539e-08
6.66164e-18
-3.95218e-13
3.36373e-08
5.11014e-18
-1.45151e-13
3.05593e-08
1.94899e-18
1.51604e-08
-1.53774e-18
-7.34212e-13
3.72569e-14
1.53325e-08
1.53426e-17
-6.82603e-13
4.36869e-14
1.88859e-08
1.86173e-17
-6.12225e-13
4.96076e-14
2.29801e-08
2.21552e-17
-5.17647e-13
5.41204e-14
2.73864e-08
2.56873e-17
-3.94546e-13
5.54413e-14
3.14537e-08
2.86513e-17
-2.44874e-13
5.10121e-14
3.36371e-08
3.0017e-17
-8.98876e-14
3.77611e-14
3.05591e-08
2.73113e-17
1.3132e-14
1.51603e-08
1.41359e-17
-1.89041e-12
5.33342e-14
3.68834e-08
-1.75536e-12
6.15474e-14
4.50853e-08
-1.57185e-12
6.87376e-14
5.43893e-08
-1.32626e-12
7.33643e-14
6.42243e-08
-1.00835e-12
7.2957e-14
7.30873e-08
-6.24429e-13
6.42951e-14
7.75297e-08
-2.29504e-13
4.41801e-14
7.0088e-08
1.20436e-14
3.50155e-08
-2.75383e-12
-3.81814e-17
5.1256e-08
-2.55383e-12
-4.87271e-17
6.27122e-08
-2.28311e-12
-6.26366e-17
7.57344e-08
-1.92216e-12
-8.02343e-17
8.95435e-08
-1.45674e-12
-1.0133e-16
1.02066e-07
-8.97483e-13
-1.2069e-16
1.08512e-07
-3.26488e-13
-1.23378e-16
9.84242e-08
-7.09879e-17
4.95112e-08
-2.75369e-12
-5.33985e-14
5.1256e-08
-2.5537e-12
-6.16284e-14
6.27122e-08
-2.28299e-12
-6.88401e-14
7.57344e-08
-1.92206e-12
-7.34941e-14
8.95435e-08
-1.45667e-12
-7.31187e-14
1.02066e-07
-8.97444e-13
-6.44856e-14
1.08512e-07
-3.26481e-13
-4.43749e-14
9.84242e-08
-1.21554e-14
4.95112e-08
-1.89005e-12
-3.72912e-14
3.68834e-08
-1.75502e-12
-4.37295e-14
4.50853e-08
-1.57154e-12
-4.96601e-14
5.43893e-08
-1.326e-12
-5.41848e-14
6.42243e-08
-1.00816e-12
-5.55186e-14
7.30873e-08
-6.24319e-13
-5.11e-14
7.75297e-08
-2.29473e-13
-3.78467e-14
7.0088e-08
-1.31785e-14
3.50155e-08
-7.33654e-13
1.53325e-08
-1.29684e-18
-6.82101e-13
1.88859e-08
-1.66633e-18
-6.11799e-13
2.29801e-08
-2.29519e-18
-5.17308e-13
2.73864e-08
-3.35383e-18
-3.94309e-13
3.14537e-08
-4.83108e-18
-2.44751e-13
3.36371e-08
-6.29586e-18
-8.98612e-14
3.05591e-08
-6.79455e-18
1.51603e-08
-3.87899e-18
-4.54368e-13
2.30034e-14
1.53325e-08
2.57742e-17
-4.22451e-13
2.69676e-14
1.88858e-08
3.22571e-17
-3.78938e-13
3.06122e-14
2.298e-08
3.99208e-17
-3.20427e-13
3.33821e-14
2.73863e-08
4.84135e-17
-2.44267e-13
3.41755e-14
3.14536e-08
5.60899e-17
-1.51681e-13
3.1415e-14
3.36369e-08
5.94046e-17
-5.57556e-14
2.32171e-14
3.0559e-08
5.13231e-17
8.04047e-15
1.51603e-08
2.19802e-17
-1.17053e-12
3.29274e-14
3.68834e-08
-1.08693e-12
3.79869e-14
4.50852e-08
-9.73308e-13
4.2408e-14
5.43892e-08
-8.21247e-13
4.52381e-14
6.42242e-08
-6.24396e-13
4.49522e-14
7.3087e-08
-3.8671e-13
3.95676e-14
7.75295e-08
-1.42191e-13
2.71346e-14
7.00878e-08
7.35111e-15
3.50153e-08
-1.70501e-12
-1.06192e-16
5.1256e-08
-1.5812e-12
-1.32648e-16
6.27121e-08
-1.4136e-12
-1.64748e-16
7.57342e-08
-1.19013e-12
-2.01637e-16
8.95433e-08
-9.02002e-13
-2.39524e-16
1.02066e-07
-5.55766e-13
-2.65738e-16
1.08511e-07
-2.02253e-13
-2.52037e-16
9.84239e-08
-1.31398e-16
4.9511e-08
-1.70484e-12
-3.3119e-14
5.1256e-08
-1.58102e-12
-3.82268e-14
6.27121e-08
-1.41344e-12
-4.27051e-14
7.57342e-08
-1.18999e-12
-4.55998e-14
8.95433e-08
-9.01882e-13
-4.53779e-14
1.02066e-07
-5.55701e-13
-4.00355e-14
1.08511e-07
-2.02214e-13
-2.75668e-14
9.84239e-08
-7.5654e-15
4.9511e-08
-1.16997e-12
-2.31136e-14
3.68834e-08
-1.08639e-12
-2.71053e-14
4.50852e-08
-9.72846e-13
-3.0783e-14
5.43892e-08
-8.2087e-13
-3.35901e-14
6.42242e-08
-6.24133e-13
-3.44207e-14
7.3087e-08
-3.86558e-13
-3.16859e-14
7.75295e-08
-1.42139e-13
-2.34738e-14
7.00878e-08
-8.1777e-15
3.50153e-08
-4.53945e-13
1.53325e-08
-5.85585e-18
-4.22052e-13
1.88858e-08
-7.09613e-18
-3.7857e-13
2.298e-08
-8.47939e-18
-3.20114e-13
2.73863e-08
-9.89928e-18
-2.44015e-13
3.14536e-08
-1.10526e-17
-1.51492e-13
3.36369e-08
-1.13613e-17
-5.5647e-14
3.0559e-08
-9.55526e-18
1.51603e-08
-3.95481e-18
-2.81838e-13
1.42835e-14
1.53324e-08
3.05586e-17
-2.6198e-13
1.67554e-14
1.88858e-08
3.59899e-17
-2.34871e-13
1.90382e-14
2.29799e-08
4.10235e-17
-1.98495e-13
2.0789e-14
2.73862e-08
4.43766e-17
-1.51196e-13
2.13249e-14
3.14535e-08
4.4628e-17
-9.36982e-14
1.96652e-14
3.36369e-08
4.04757e-17
-3.42772e-14
1.46156e-14
3.05589e-08
3.00414e-17
5.13799e-15
1.51602e-08
1.10417e-17
-7.24555e-13
2.04659e-14
3.68833e-08
-6.72726e-13
2.363e-14
4.50852e-08
-6.02309e-13
2.64101e-14
5.43891e-08
-5.08115e-13
2.82188e-14
6.42241e-08
-3.86225e-13
2.81108e-14
7.30869e-08
-2.39042e-13
2.48468e-14
7.75293e-08
-8.77528e-14
1.71711e-14
7.00876e-08
4.77178e-15
3.50152e-08
-1.05547e-12
5.76454e-18
5.12559e-08
-9.78732e-13
1.41868e-17
6.27121e-08
-8.74899e-13
2.87049e-17
7.57342e-08
-7.36493e-13
5.16656e-17
8.95432e-08
-5.58073e-13
8.60502e-17
1.02066e-07
-3.437e-13
1.30079e-16
1.08511e-07
-1.24931e-13
1.67527e-16
9.84237e-08
1.22205e-16
4.95109e-08
-1.05533e-12
-2.04385e-14
5.12559e-08
-9.78609e-13
-2.35827e-14
6.27121e-08
-8.74813e-13
-2.63321e-14
7.57342e-08
-7.36446e-13
-2.80951e-14
8.95432e-08
-5.58079e-13
-2.79241e-14
1.02066e-07
-3.43749e-13
-2.45857e-14
1.08511e-07
-1.24995e-13
-1.68634e-14
9.84237e-08
-4.56964e-15
4.95109e-08
-7.24354e-13
-1.42614e-14
3.68833e-08
-6.72529e-13
-1.67214e-14
4.50852e-08
-6.02175e-13
-1.89844e-14
5.43891e-08
-5.08042e-13
-2.07056e-14
6.42241e-08
-3.8622e-13
-2.12023e-14
7.30869e-08
-2.39118e-13
-1.94959e-14
7.75293e-08
-8.78533e-14
-1.44162e-14
7.00876e-08
-5.00065e-15
3.50152e-08
-2.81208e-13
1.53324e-08
2.06843e-17
-2.61407e-13
1.88858e-08
2.56203e-17
-2.34446e-13
2.29799e-08
3.13285e-17
-1.98217e-13
2.73862e-08
3.74382e-17
-1.51069e-13
3.14535e-08
4.29761e-17
-9.37522e-14
3.36369e-08
4.57911e-17
-3.4402e-14
3.05589e-08
4.10174e-17
1.51602e-08
1.96904e-17
-1.71956e-13
9.03492e-15
1.53324e-08
-1.09e-16
-1.5993e-13
1.06082e-14
1.88858e-08
-1.34704e-16
-1.43471e-13
1.20683e-14
2.29799e-08
-1.64262e-16
-1.21383e-13
1.3199e-14
2.73862e-08
-1.96645e-16
-9.25443e-14
1.35704e-14
3.14535e-08
-2.2747e-16
-5.74628e-14
1.25539e-14
3.36368e-08
-2.46031e-16
-2.10971e-14
9.37346e-15
3.05589e-08
-2.2713e-16
3.3224e-15
1.51602e-08
-1.16314e-16
-4.46296e-13
1.28674e-14
3.68833e-08
-4.14285e-13
1.48717e-14
4.50851e-08
-3.70931e-13
1.6644e-14
5.4389e-08
-3.12909e-13
1.78178e-14
6.4224e-08
-2.37878e-13
1.77979e-14
7.30868e-08
-1.47252e-13
1.57979e-14
7.75292e-08
-5.40731e-14
1.09965e-14
7.00875e-08
3.1253e-15
3.50152e-08
-6.51686e-13
1.5048e-16
5.12559e-08
-6.04231e-13
1.89762e-16
6.2712e-08
-5.40105e-13
2.36415e-16
7.57341e-08
-4.54636e-13
2.89883e-16
8.95431e-08
-3.44473e-13
3.44687e-16
1.02066e-07
-2.12151e-13
3.82782e-16
1.08511e-07
-7.7113e-14
3.60703e-16
9.84235e-08
1.83773e-16
4.95108e-08
-6.52112e-13
-1.26007e-14
5.12559e-08
-6.04675e-13
-1.45367e-14
6.2712e-08
-5.40508e-13
-1.62276e-14
7.57341e-08
-4.54987e-13
-1.73093e-14
8.95431e-08
-3.44754e-13
-1.71976e-14
1.02066e-07
-2.12324e-13
-1.51347e-14
1.08511e-07
-7.71815e-14
-1.03737e-14
9.84235e-08
-2.80467e-15
4.95108e-08
-4.47426e-13
-8.85877e-15
3.68833e-08
-4.15434e-13
-1.03899e-14
4.50851e-08
-3.71993e-13
-1.1802e-14
5.4389e-08
-3.13835e-13
-1.28815e-14
6.4224e-08
-2.38587e-13
-1.3206e-14
7.30868e-08
-1.47716e-13
-1.21654e-14
7.75292e-08
-5.42652e-14
-9.02419e-15
7.00875e-08
-3.15565e-15
3.50152e-08
-1.73234e-13
1.53324e-08
-2.9104e-17
-1.61064e-13
1.88858e-08
-3.65185e-17
-1.44444e-13
2.29799e-08
-4.52543e-17
-1.22146e-13
2.73862e-08
-5.54426e-17
-9.30723e-14
3.14535e-08
-6.54407e-17
-5.7749e-14
3.36368e-08
-7.28456e-17
-2.11822e-14
3.05589e-08
-6.89904e-17
1.51602e-08
-3.60493e-17
-1.0702e-13
5.49366e-15
1.53324e-08
-1.34548e-17
-9.95266e-14
6.43781e-15
1.88857e-08
-1.39472e-17
-8.93417e-14
7.30205e-15
2.29799e-08
-1.30056e-17
-7.56147e-14
7.95181e-15
2.73862e-08
-9.36237e-18
-5.7707e-14
8.12294e-15
3.14535e-08
-1.7109e-18
-3.58977e-14
7.43812e-15
3.36368e-08
1.01446e-17
-1.32433e-14
5.45646e-15
3.05588e-08
2.28897e-17
1.85258e-15
1.51602e-08
2.20439e-17
-2.76738e-13
7.86375e-15
3.68833e-08
-2.56971e-13
9.06863e-15
4.50851e-08
-2.3016e-13
1.0117e-14
5.4389e-08
-1.94255e-13
1.0779e-14
6.42239e-08
-1.47755e-13
1.06877e-14
7.30868e-08
-9.15625e-14
9.36755e-15
7.75292e-08
-3.36916e-14
6.36483e-15
7.00875e-08
1.66454e-15
3.50151e-08
-4.03604e-13
1.22473e-17
5.12559e-08
-3.74255e-13
7.7088e-18
6.2712e-08
-3.3459e-13
-2.55295e-18
7.57341e-08
-2.81708e-13
-2.13582e-17
8.95431e-08
-2.13538e-13
-5.31374e-17
1.02066e-07
-1.31581e-13
-9.89336e-17
1.08511e-07
-4.78777e-14
-1.42718e-16
9.84235e-08
-1.15435e-16
4.95108e-08
-4.038e-13
-7.84755e-15
5.12559e-08
-3.74429e-13
-9.06265e-15
6.2712e-08
-3.3472e-13
-1.01314e-14
7.57341e-08
-2.81789e-13
-1.08287e-14
8.95431e-08
-2.13566e-13
-1.07925e-14
1.02066e-07
-1.31549e-13
-9.54698e-15
1.08511e-07
-4.78331e-14
-6.6092e-15
9.84235e-08
-1.84952e-15
4.95108e-08
-2.7715e-13
-5.48549e-15
3.68833e-08
-2.57323e-13
-6.43474e-15
4.50851e-08
-2.30409e-13
-7.31002e-15
5.4389e-08
-1.94398e-13
-7.97905e-15
6.4224e-08
-1.47798e-13
-8.17913e-15
7.30868e-08
-9.14961e-14
-7.5328e-15
7.75292e-08
-3.35991e-14
-5.58367e-15
7.00875e-08
-1.94697e-15
3.50151e-08
-1.0771e-13
1.53324e-08
8.33169e-19
-1.00134e-13
1.88857e-08
1.27295e-18
-8.98103e-14
2.29799e-08
1.99676e-18
-7.59398e-14
2.73862e-08
3.1952e-18
-5.78804e-14
3.14535e-08
5.169e-18
-3.58981e-14
3.36368e-08
8.11728e-18
-1.31507e-14
3.05588e-08
1.09948e-17
1.51602e-08
8.93733e-18
-6.73169e-14
3.36735e-15
1.53324e-08
2.57495e-17
-6.25788e-14
3.94658e-15
1.88857e-08
3.21558e-17
-5.61137e-14
4.47854e-15
2.29799e-08
3.96828e-17
-4.74364e-14
4.88147e-15
2.73862e-08
4.79771e-17
-3.61437e-14
4.99421e-15
3.14534e-08
5.59686e-17
-2.2411e-14
4.58777e-15
3.36368e-08
6.09295e-17
-8.20425e-15
3.38963e-15
3.05588e-08
5.65226e-17
1.17659e-15
1.51602e-08
2.90637e-17
-1.72278e-13
4.8384e-15
3.68833e-08
-1.59983e-13
5.58099e-15
4.50851e-08
-1.43276e-13
6.22886e-15
5.4389e-08
-1.2092e-13
6.64145e-15
6.42239e-08
-9.19606e-14
6.5953e-15
7.30868e-08
-5.69615e-14
5.8002e-15
7.75291e-08
-2.09443e-14
3.97364e-15
7.00874e-08
1.07602e-15
3.50151e-08
-2.50629e-13
-2.4304e-17
5.12559e-08
-2.32439e-13
-3.17957e-17
6.2712e-08
-2.07835e-13
-4.13221e-17
7.57341e-08
-1.75009e-13
-5.2606e-17
8.95431e-08
-1.32677e-13
-6.46228e-17
1.02066e-07
-8.17748e-14
-7.28041e-17
1.08511e-07
-2.97685e-14
-6.5832e-17
9.84234e-08
-2.77159e-17
4.95108e-08
-2.50458e-13
-4.88045e-15
5.12559e-08
-2.32262e-13
-5.6356e-15
6.2712e-08
-2.07661e-13
-6.29889e-15
7.57341e-08
-1.74866e-13
-6.72955e-15
8.95431e-08
-1.3256e-13
-6.70118e-15
1.02066e-07
-8.17082e-14
-5.91663e-15
1.08511e-07
-2.97484e-14
-4.07619e-15
9.84234e-08
-1.1193e-15
4.95108e-08
-1.71817e-13
-3.41092e-15
3.68833e-08
-1.59532e-13
-4.00121e-15
4.50851e-08
-1.42872e-13
-4.54513e-15
5.4389e-08
-1.20576e-13
-4.96011e-15
6.42239e-08
-9.17038e-14
-5.08297e-15
7.30868e-08
-5.68173e-14
-4.67856e-15
7.75291e-08
-2.08981e-14
-3.46396e-15
7.00874e-08
-1.20276e-15
3.50151e-08
-6.66859e-14
1.53324e-08
-6.60837e-18
-6.19976e-14
1.88857e-08
-8.07613e-18
-5.5623e-14
2.29799e-08
-9.64078e-18
-4.70496e-14
2.73862e-08
-1.10957e-17
-3.58758e-14
3.14534e-08
-1.22001e-17
-2.22859e-14
3.36368e-08
-1.2439e-17
-8.18441e-15
3.05588e-08
-1.0862e-17
1.51602e-08
-5.35807e-18
-4.13025e-14
2.11074e-15
1.53324e-08
-1.02465e-17
-3.84088e-14
2.47381e-15
1.88857e-08
-1.24412e-17
-3.44694e-14
2.80678e-15
2.29799e-08
-1.49543e-17
-2.91645e-14
3.05904e-15
2.73862e-08
-1.76416e-17
-2.22465e-14
3.12958e-15
3.14534e-08
-2.03477e-17
-1.38299e-14
2.8742e-15
3.36367e-08
-2.26839e-17
-5.09251e-15
2.12102e-15
3.05588e-08
-2.27723e-17
7.30702e-16
1.51602e-08
-1.36856e-17
-1.06855e-13
3.0129e-15
3.68833e-08
-9.92216e-14
3.4745e-15
4.50851e-08
-8.88471e-14
3.8774e-15
5.4389e-08
-7.49645e-14
4.13492e-15
6.42239e-08
-5.69892e-14
4.10896e-15
7.30867e-08
-3.52659e-14
3.61907e-15
7.75291e-08
-1.29435e-14
2.48913e-15
7.00874e-08
6.85632e-16
3.50151e-08
-1.55726e-13
7.21714e-18
5.12559e-08
-1.44412e-13
7.59859e-18
6.2712e-08
-1.29101e-13
7.8661e-18
7.57341e-08
-1.08684e-13
8.82071e-18
8.9543e-08
-8.23559e-14
1.17413e-17
1.02066e-07
-5.07085e-14
1.84151e-17
1.08511e-07
-1.84135e-14
2.82161e-17
9.84234e-08
2.57444e-17
4.95107e-08
-1.55843e-13
-3.00413e-15
5.12559e-08
-1.4454e-13
-3.46631e-15
6.2712e-08
-1.29216e-13
-3.87025e-15
7.57341e-08
-1.08789e-13
-4.12821e-15
8.9543e-08
-8.24419e-14
-4.09937e-15
1.02066e-07
-5.07546e-14
-3.60103e-15
1.08511e-07
-1.84292e-14
-2.45592e-15
9.84234e-08
-6.49896e-16
4.95107e-08
-1.0715e-13
-2.0986e-15
3.68833e-08
-9.95125e-14
-2.45975e-15
4.50851e-08
-8.91064e-14
-2.79145e-15
5.4389e-08
-7.51841e-14
-3.04251e-15
6.42239e-08
-5.71543e-14
-3.11175e-15
7.30867e-08
-3.53648e-14
-2.85515e-15
7.75291e-08
-1.29617e-14
-2.10155e-15
7.00874e-08
-7.19733e-16
3.50151e-08
-4.18579e-14
1.53324e-08
5.21527e-18
-3.89227e-14
1.88857e-08
6.58795e-18
-3.49005e-14
2.29799e-08
8.35507e-18
-2.95034e-14
2.73862e-08
1.05397e-17
-2.24713e-14
3.14534e-08
1.30919e-17
-1.39155e-14
3.36367e-08
1.55531e-17
-5.07242e-15
3.05588e-08
1.62973e-17
1.51602e-08
1.02355e-17
-2.69805e-14
1.24373e-15
1.53324e-08
4.46881e-17
-2.51163e-14
1.4528e-15
1.88857e-08
5.62831e-17
-2.25261e-14
1.64033e-15
2.29799e-08
7.0103e-17
-1.90447e-14
1.77587e-15
2.73861e-08
8.56113e-17
-1.45017e-14
1.79787e-15
3.14534e-08
1.00746e-16
-8.9485e-15
1.62345e-15
3.36367e-08
1.10179e-16
-3.22928e-15
1.16129e-15
3.05588e-08
1.01803e-16
3.66432e-16
1.51602e-08
5.13394e-17
-6.77104e-14
1.88246e-15
3.68833e-08
-6.28151e-14
2.17667e-15
4.50851e-08
-5.61307e-14
2.43954e-15
5.4389e-08
-4.72621e-14
2.61647e-15
6.42239e-08
-3.58367e-14
2.61984e-15
7.30867e-08
-2.20423e-14
2.33619e-15
7.75291e-08
-7.98012e-15
1.64327e-15
7.00874e-08
4.90607e-16
3.50151e-08
-9.74596e-14
7.15523e-17
5.12559e-08
-9.04491e-14
9.49068e-17
6.2712e-08
-8.08843e-14
1.24137e-16
7.57341e-08
-6.81323e-14
1.58732e-16
8.9543e-08
-5.16505e-14
1.9567e-16
1.02066e-07
-3.18093e-14
2.22621e-16
1.08511e-07
-1.15542e-14
2.09066e-16
9.84234e-08
9.94394e-17
4.95107e-08
-9.72637e-14
-1.78516e-15
5.12559e-08
-9.02262e-14
-2.04964e-15
6.2712e-08
-8.06823e-14
-2.27241e-15
7.57341e-08
-6.79443e-14
-2.40022e-15
8.9543e-08
-5.15116e-14
-2.35008e-15
1.02066e-07
-3.17505e-14
-2.01996e-15
1.08511e-07
-1.15523e-14
-1.32706e-15
9.84234e-08
-3.07487e-16
4.95107e-08
-6.68515e-14
-1.23919e-15
3.68833e-08
-6.20923e-14
-1.44817e-15
4.50851e-08
-5.56194e-14
-1.63581e-15
5.4389e-08
-4.69458e-14
-1.77181e-15
6.42239e-08
-3.57011e-14
-1.79638e-15
7.30867e-08
-2.21443e-14
-1.62723e-15
7.75291e-08
-8.14892e-15
-1.1739e-15
7.00874e-08
-3.84412e-16
3.50151e-08
-2.607e-14
1.53324e-08
3.13724e-17
-2.42282e-14
1.88857e-08
3.8505e-17
-2.17311e-14
2.29799e-08
4.66886e-17
-1.83694e-14
2.73861e-08
5.53926e-17
-1.39991e-14
3.14534e-08
6.31345e-17
-8.70302e-15
3.36367e-08
6.65145e-17
-3.20999e-15
3.05588e-08
5.87687e-17
1.51602e-08
2.76875e-17
-1.63972e-14
7.48803e-16
1.53324e-08
3.12861e-17
-1.51968e-14
8.76348e-16
1.88857e-08
3.71461e-17
-1.35785e-14
9.93095e-16
2.29799e-08
4.31168e-17
-1.14182e-14
1.08106e-15
2.73861e-08
4.82893e-17
-8.66356e-15
1.10401e-15
3.14534e-08
5.10516e-17
-5.38806e-15
1.01055e-15
3.36367e-08
4.88952e-17
-2.00594e-15
7.43424e-16
3.05588e-08
3.80113e-17
2.56441e-16
1.51602e-08
1.41299e-17
-4.16188e-14
1.06261e-15
3.68832e-08
-3.86816e-14
1.21749e-15
4.50851e-08
-3.46459e-14
1.34575e-15
5.4389e-08
-2.92248e-14
1.41519e-15
6.42239e-08
-2.22636e-14
1.37201e-15
7.30867e-08
-1.39049e-14
1.15687e-15
7.75291e-08
-5.22658e-15
7.18685e-16
7.00874e-08
1.14298e-16
3.50151e-08
-6.01803e-14
-1.04264e-16
5.12559e-08
-5.58507e-14
-1.31457e-16
6.2712e-08
-4.99225e-14
-1.6548e-16
7.57341e-08
-4.2046e-14
-2.07157e-16
8.9543e-08
-3.18553e-14
-2.54967e-16
1.02066e-07
-1.97682e-14
-3.03621e-16
1.08511e-07
-7.31914e-15
-3.18655e-16
9.84234e-08
-1.97348e-16
4.95107e-08
-5.9808e-14
-1.25763e-15
5.12559e-08
-5.5496e-14
-1.46206e-15
6.2712e-08
-4.95909e-14
-1.65069e-15
7.57341e-08
-4.17355e-14
-1.79178e-15
8.9543e-08
-3.16355e-14
-1.82915e-15
1.02066e-07
-1.95983e-14
-1.6829e-15
1.08511e-07
-7.24448e-15
-1.25338e-15
9.84234e-08
-4.32579e-16
4.95107e-08
-4.06548e-14
-8.89341e-16
3.68832e-08
-3.77573e-14
-1.04942e-15
4.50851e-08
-3.3819e-14
-1.20449e-15
5.4389e-08
-2.85141e-14
-1.33471e-15
6.42239e-08
-2.1675e-14
-1.39922e-15
7.30867e-08
-1.35182e-14
-1.3325e-15
7.75291e-08
-5.06401e-15
-1.04467e-15
7.00874e-08
-4.14925e-16
3.50151e-08
-1.51834e-14
1.53324e-08
-4.30806e-17
-1.41285e-14
1.88857e-08
-5.38017e-17
-1.26564e-14
2.29799e-08
-6.65232e-17
-1.06984e-14
2.73861e-08
-8.10687e-17
-8.13768e-15
3.14534e-08
-9.55957e-17
-5.10472e-15
3.36367e-08
-1.0564e-16
-1.92193e-15
3.05588e-08
-9.91438e-17
1.51602e-08
-5.16419e-17
-8.69655e-15
5.46408e-16
1.53324e-08
-4.58555e-17
-8.05876e-15
6.44286e-16
1.88857e-08
-5.72617e-17
-7.2514e-15
7.36469e-16
2.29799e-08
-7.04521e-17
-6.14399e-15
8.10634e-16
2.73861e-08
-8.46743e-17
-4.71501e-15
8.41875e-16
3.14534e-08
-9.82091e-17
-3.00726e-15
7.90162e-16
3.36367e-08
-1.0709e-16
-1.17807e-15
6.04501e-16
3.05588e-08
-1.00755e-16
2.25599e-16
1.51602e-08
-5.37882e-17
-2.48174e-14
7.25306e-16
3.68832e-08
-2.29921e-14
8.37502e-16
4.50851e-08
-2.05569e-14
9.36849e-16
5.4389e-08
-1.72967e-14
1.00381e-15
6.42239e-08
-1.31088e-14
1.00747e-15
7.30867e-08
-8.12914e-15
9.06492e-16
7.75291e-08
-3.01976e-15
6.57645e-16
7.00874e-08
2.2223e-16
3.50151e-08
-3.66661e-14
-4.98194e-18
5.12559e-08
-3.39676e-14
-6.29514e-18
6.2712e-08
-3.03367e-14
-7.1186e-18
7.5734e-08
-2.54962e-14
-5.72523e-18
8.9543e-08
-1.92757e-14
1.20759e-18
1.02066e-07
-1.18751e-14
1.85603e-17
1.08511e-07
-4.34686e-15
4.78826e-17
9.84233e-08
5.65716e-17
4.95107e-08
-3.68464e-14
-7.25807e-16
5.12559e-08
-3.41566e-14
-8.37394e-16
6.2712e-08
-3.05209e-14
-9.34356e-16
7.5734e-08
-2.56596e-14
-9.94718e-16
8.9543e-08
-1.94114e-14
-9.82706e-16
1.02066e-07
-1.1957e-14
-8.50347e-16
1.08511e-07
-4.37183e-15
-5.5563e-16
9.84233e-08
-1.16857e-16
4.95107e-08
-2.53021e-14
-4.99053e-16
3.68832e-08
-2.34968e-14
-5.84157e-16
4.50851e-08
-2.1046e-14
-6.61701e-16
5.4389e-08
-1.77392e-14
-7.19108e-16
6.42239e-08
-1.34798e-14
-7.31412e-16
7.30867e-08
-8.36231e-15
-6.63256e-16
7.75291e-08
-3.09536e-15
-4.75757e-16
7.00874e-08
-1.50807e-16
3.50151e-08
-9.85102e-15
1.53324e-08
5.22094e-18
-9.16476e-15
1.88857e-08
7.06558e-18
-8.22561e-15
2.29799e-08
9.64873e-18
-6.9518e-15
2.73861e-08
1.32768e-17
-5.30725e-15
3.14534e-08
1.81805e-17
-3.31158e-15
3.36367e-08
2.38987e-17
-1.2333e-15
3.05588e-08
2.7321e-17
1.51602e-08
1.83976e-17
-6.76928e-15
2.94789e-16
1.53324e-08
2.01496e-17
-6.3039e-15
3.45583e-16
1.88857e-08
2.46952e-17
-5.60676e-15
3.93901e-16
2.29799e-08
2.96296e-17
-4.69624e-15
4.32389e-16
2.73861e-08
3.44771e-17
-3.52021e-15
4.45858e-16
3.14534e-08
3.904e-17
-2.09426e-15
4.13572e-16
3.36367e-08
4.28962e-17
-6.97109e-16
3.0924e-16
3.05588e-08
4.30359e-17
1.10189e-16
1.51602e-08
2.68496e-17
-1.59355e-14
4.49812e-16
3.68832e-08
-1.4822e-14
5.21803e-16
4.50851e-08
-1.32638e-14
5.86986e-16
5.4389e-08
-1.11743e-14
6.32638e-16
6.42239e-08
-8.48784e-15
6.35894e-16
7.30867e-08
-5.23356e-15
5.66842e-16
7.75291e-08
-1.90593e-15
3.90579e-16
7.00874e-08
9.92869e-17
3.50151e-08
-2.31034e-14
6.59652e-18
5.12559e-08
-2.14572e-14
9.94061e-18
6.2712e-08
-1.91743e-14
1.48087e-17
7.5734e-08
-1.61343e-14
2.11791e-17
8.9543e-08
-1.22037e-14
2.83759e-17
1.02066e-07
-7.50201e-15
3.34463e-17
1.08511e-07
-2.71492e-15
2.90366e-17
9.84233e-08
7.96481e-18
4.95107e-08
-2.30322e-14
-4.32348e-16
5.12559e-08
-2.13861e-14
-4.96507e-16
6.2712e-08
-1.91169e-14
-5.51035e-16
7.5734e-08
-1.60893e-14
-5.83619e-16
8.9543e-08
-1.21708e-14
-5.73902e-16
1.02066e-07
-7.50561e-15
-4.98847e-16
1.08511e-07
-2.73065e-15
-3.35919e-16
9.84233e-08
-8.84835e-17
4.95107e-08
-1.58628e-14
-2.95201e-16
3.68832e-08
-1.475e-14
-3.44998e-16
4.50851e-08
-1.32075e-14
-3.90146e-16
5.4389e-08
-1.11388e-14
-4.23788e-16
6.42239e-08
-8.45947e-15
-4.31833e-16
7.30867e-08
-5.23738e-15
-3.94257e-16
7.75291e-08
-1.92495e-15
-2.89562e-16
7.00874e-08
-9.95429e-17
3.50151e-08
-6.20281e-15
1.53324e-08
9.79159e-18
-5.77247e-15
1.88857e-08
1.18803e-17
-5.16736e-15
2.29799e-08
1.41876e-17
-4.35906e-15
2.73861e-08
1.65076e-17
-3.30618e-15
3.14534e-08
1.83528e-17
-2.04597e-15
3.36367e-08
1.86583e-17
-7.43587e-16
3.05588e-08
1.56764e-17
1.51602e-08
6.63979e-18
-2.49297e-15
1.8624e-16
1.53324e-08
-3.23463e-17
-2.31901e-15
2.16378e-16
1.88857e-08
-3.9622e-17
-2.13922e-15
2.4103e-16
2.29799e-08
-4.75161e-17
-1.84843e-15
2.55672e-16
2.73861e-08
-5.51909e-17
-1.47385e-15
2.51518e-16
3.14534e-08
-6.16937e-17
-1.04255e-15
2.1518e-16
3.36367e-08
-6.54616e-17
-4.91823e-16
1.38587e-16
3.05588e-08
-6.15277e-17
2.82261e-17
1.51602e-08
-3.43535e-17
-8.73947e-15
2.04526e-16
3.68832e-08
-8.11919e-15
2.2566e-16
4.50851e-08
-7.30236e-15
2.36187e-16
5.4389e-08
-6.18003e-15
2.28195e-16
6.42239e-08
-4.71794e-15
1.92254e-16
7.30867e-08
-2.99929e-15
1.20471e-16
7.75291e-08
-1.19014e-15
2.38152e-17
7.00874e-08
-4.32534e-17
3.50151e-08
-1.31059e-14
-8.92474e-17
5.12559e-08
-1.21338e-14
-1.14285e-16
6.2712e-08
-1.08618e-14
-1.45635e-16
7.5734e-08
-9.14225e-15
-1.82984e-16
8.9543e-08
-6.94431e-15
-2.23462e-16
1.02066e-07
-4.36071e-15
-2.57881e-16
1.08511e-07
-1.65839e-15
-2.55649e-16
9.84233e-08
-1.42616e-16
4.95107e-08
-1.30893e-14
-3.54658e-16
5.12559e-08
-1.20985e-14
-4.19183e-16
6.2712e-08
-1.08066e-14
-4.83303e-16
7.5734e-08
-9.06958e-15
-5.38971e-16
8.9543e-08
-6.87067e-15
-5.71094e-16
1.02066e-07
-4.27155e-15
-5.54046e-16
1.08511e-07
-1.60622e-15
-4.45492e-16
9.84233e-08
-1.8123e-16
4.95107e-08
-8.69511e-15
-2.44804e-16
3.68832e-08
-8.03531e-15
-2.9226e-16
4.50851e-08
-7.1923e-15
-3.40223e-16
5.4389e-08
-6.05231e-15
-3.83321e-16
6.42239e-08
-4.61159e-15
-4.11e-16
7.30867e-08
-2.89024e-15
-4.03634e-16
7.75291e-08
-1.10144e-15
-3.30351e-16
7.00874e-08
-1.41558e-16
3.50151e-08
-3.02029e-15
1.53324e-08
-2.66713e-17
-2.79613e-15
1.88857e-08
-3.33334e-17
-2.51502e-15
2.29799e-08
-4.11739e-17
-2.12755e-15
2.73861e-08
-4.98684e-17
-1.63059e-15
3.14534e-08
-5.82013e-17
-1.0329e-15
3.36367e-08
-6.30417e-17
-3.98343e-16
3.05588e-08
-5.75384e-17
1.51602e-08
-2.84236e-17
-2.45059e-15
1.23331e-16
1.53324e-08
4.43174e-18
-2.28102e-15
1.46775e-16
1.88857e-08
5.44911e-18
-2.01464e-15
1.71294e-16
2.29799e-08
6.42055e-18
-1.67973e-15
1.94526e-16
2.73861e-08
7.07325e-18
-1.23724e-15
2.11371e-16
3.14534e-08
7.58532e-18
-7.02027e-16
2.12929e-16
3.36367e-08
8.56655e-18
-2.01623e-16
1.82668e-16
3.05588e-08
1.00871e-17
8.77547e-17
1.51602e-08
8.29824e-18
-5.68906e-15
1.94686e-16
3.68832e-08
-5.26708e-15
2.31038e-16
4.50851e-08
-4.68285e-15
2.68797e-16
5.4389e-08
-3.9128e-15
3.04462e-16
6.42239e-08
-2.93567e-15
3.308e-16
7.30867e-08
-1.76772e-15
3.35686e-16
7.75291e-08
-6.07205e-16
2.92062e-16
7.00874e-08
1.40541e-16
3.50151e-08
-8.40597e-15
2.92437e-17
5.12559e-08
-7.77233e-15
4.02341e-17
6.2712e-08
-6.91557e-15
5.61904e-17
7.5734e-08
-5.7803e-15
7.86887e-17
8.9543e-08
-4.33711e-15
1.09749e-16
1.02066e-07
-2.61404e-15
1.47918e-16
1.08511e-07
-9.05521e-16
1.75066e-16
9.84233e-08
1.24272e-16
4.95107e-08
-8.47258e-15
-1.38054e-16
5.12559e-08
-7.84187e-15
-1.53876e-16
6.2712e-08
-7.00058e-15
-1.62842e-16
7.5734e-08
-5.87413e-15
-1.58793e-16
8.9543e-08
-4.43641e-15
-1.33343e-16
1.02066e-07
-2.71913e-15
-7.83245e-17
1.08511e-07
-9.66508e-16
1.56668e-18
9.84233e-08
5.68717e-17
4.95107e-08
-5.8915e-15
-9.29179e-17
3.68832e-08
-5.47242e-15
-1.06098e-16
4.50851e-08
-4.90004e-15
-1.15531e-16
5.4389e-08
-4.1297e-15
-1.18054e-16
6.42239e-08
-3.13719e-15
-1.0833e-16
7.30867e-08
-1.93442e-15
-8.07014e-17
7.75291e-08
-7.0404e-16
-3.4528e-17
7.00874e-08
1.0172e-17
3.50151e-08
-2.36013e-15
1.53324e-08
8.85186e-18
-2.19421e-15
1.88857e-08
1.13321e-17
-1.96901e-15
2.29799e-08
1.44693e-17
-1.66601e-15
2.73861e-08
1.82849e-17
-1.27466e-15
3.14534e-08
2.26196e-17
-7.94986e-16
3.36367e-08
2.64364e-17
-2.95199e-16
3.05588e-08
2.66401e-17
1.51602e-08
1.51091e-17
-1.34446e-16
1.42056e-16
1.53324e-08
-5.90851e-17
-1.86741e-16
1.68546e-16
1.88857e-08
-7.17508e-17
-2.22893e-16
1.95139e-16
2.29799e-08
-8.58765e-17
-2.27902e-16
2.19603e-16
2.73861e-08
-1.00599e-16
-2.34446e-16
2.34153e-16
3.14534e-08
-1.13929e-16
-2.56131e-16
2.26382e-16
3.36367e-08
-1.20652e-16
-1.97025e-16
1.78208e-16
3.05588e-08
-1.09627e-16
6.64324e-17
1.51602e-08
-5.58821e-17
-2.53379e-15
1.6935e-16
3.68832e-08
-2.34573e-15
1.98529e-16
4.50851e-08
-2.09774e-15
2.27592e-16
5.4389e-08
-1.77498e-15
2.52269e-16
6.42239e-08
-1.36285e-15
2.65249e-16
7.30867e-08
-9.63796e-16
2.5216e-16
7.75291e-08
-4.64723e-16
1.96357e-16
7.00874e-08
7.51569e-17
3.50151e-08
-4.47982e-15
4.81357e-17
5.12559e-08
-4.16283e-15
6.04977e-17
6.2712e-08
-3.71584e-15
7.41011e-17
7.5734e-08
-3.11537e-15
8.91702e-17
8.9543e-08
-2.38235e-15
1.00766e-16
1.02066e-07
-1.58022e-15
1.06247e-16
1.08511e-07
-7.06139e-16
8.97641e-17
9.84233e-08
3.46232e-17
4.95107e-08
-4.63918e-15
-1.01407e-16
5.12559e-08
-4.34067e-15
-1.15479e-16
6.2712e-08
-3.8606e-15
-1.266e-16
7.5734e-08
-3.27533e-15
-1.34303e-16
8.9543e-08
-2.46356e-15
-1.30949e-16
1.02066e-07
-1.63561e-15
-1.16469e-16
1.08511e-07
-7.15143e-16
-8.04167e-17
9.84233e-08
-2.00021e-17
4.95107e-08
-3.01579e-15
-1.08616e-16
3.68832e-08
-2.83655e-15
-1.28768e-16
4.50851e-08
-2.61439e-15
-1.5092e-16
5.4389e-08
-2.19571e-15
-1.72031e-16
6.42239e-08
-1.74654e-15
-1.90082e-16
7.30867e-08
-1.17978e-15
-1.92358e-16
7.75291e-08
-5.37338e-16
-1.66407e-16
7.00874e-08
-8.07486e-17
3.50151e-08
-6.68465e-16
1.53324e-08
-3.53815e-17
-6.66632e-16
1.88857e-08
-4.35083e-17
-5.91169e-16
2.29799e-08
-5.25634e-17
-5.53538e-16
2.73861e-08
-6.27248e-17
-3.95526e-16
3.14534e-08
-7.15981e-17
-3.10531e-16
3.36367e-08
-7.73555e-17
-1.77529e-16
3.05588e-08
-7.11814e-17
1.51602e-08
-3.55749e-17
-6.87412e-16
2.7198e-17
1.53324e-08
1.22451e-18
-6.60272e-16
2.76721e-17
1.88857e-08
3.06711e-18
-6.36808e-16
2.41853e-17
2.29799e-08
6.12923e-18
-5.79383e-16
1.51679e-17
2.73861e-08
1.10427e-17
-4.75091e-16
-8.2578e-19
3.14534e-08
1.81299e-17
-3.4844e-16
-2.49167e-17
3.36367e-08
2.63122e-17
-1.76626e-16
-4.93249e-17
3.05588e-08
3.14693e-17
-4.26955e-17
1.51602e-08
2.1341e-17
-2.10542e-15
4.78889e-17
3.68832e-08
-1.95676e-15
4.93783e-17
4.50851e-08
-1.7688e-15
4.62229e-17
5.4389e-08
-1.50054e-15
3.60179e-17
6.42239e-08
-1.14809e-15
1.60679e-17
7.30867e-08
-7.26267e-16
-1.31961e-17
7.75291e-08
-2.88366e-16
-4.1927e-17
7.00874e-08
-3.67111e-17
3.50151e-08
-3.08994e-15
-5.05899e-18
5.12559e-08
-2.87004e-15
-9.05174e-18
6.2712e-08
-2.5745e-15
-1.54672e-17
7.5734e-08
-2.16131e-15
-2.44484e-17
8.9543e-08
-1.64071e-15
-3.6825e-17
1.02066e-07
-1.00875e-15
-5.03927e-17
1.08511e-07
-3.71108e-16
-5.80861e-17
9.84233e-08
-3.66688e-17
4.95107e-08
-3.20759e-15
-6.15796e-17
5.12559e-08
-2.97382e-15
-7.18225e-17
6.2712e-08
-2.63828e-15
-8.11128e-17
7.5734e-08
-2.20027e-15
-8.76746e-17
8.9543e-08
-1.64273e-15
-8.80224e-17
1.02066e-07
-9.80483e-16
-7.78664e-17
1.08511e-07
-3.3113e-16
-5.32434e-17
9.84233e-08
-1.20565e-17
4.95107e-08
-2.31503e-15
-3.21917e-17
3.68832e-08
-2.15138e-15
-3.63884e-17
4.50851e-08
-1.91514e-15
-3.91647e-17
5.4389e-08
-1.60614e-15
-3.925e-17
6.42239e-08
-1.20313e-15
-3.44035e-17
7.30867e-08
-7.21322e-16
-2.26241e-17
7.75291e-08
-2.36741e-16
-4.27404e-18
7.00874e-08
9.78686e-18
3.50151e-08
-1.1474e-15
1.53324e-08
1.29529e-17
-1.0689e-15
1.88857e-08
1.66221e-17
-9.47685e-16
2.29799e-08
2.12644e-17
-7.91094e-16
2.73861e-08
2.69895e-17
-5.93178e-16
3.14534e-08
3.3612e-17
-3.43363e-16
3.36367e-08
3.97654e-17
-1.04202e-16
3.05588e-08
4.10197e-17
1.51602e-08
2.45935e-17
-8.0587e-16
4.5804e-17
1.53324e-08
3.38781e-18
-7.36058e-16
5.56945e-17
1.88857e-08
3.94423e-18
-6.3447e-16
6.69782e-17
2.29799e-08
4.45487e-18
-5.17303e-16
7.86502e-17
2.73861e-08
4.79445e-18
-3.67913e-16
8.89657e-17
3.14534e-08
4.98681e-18
-1.84436e-16
9.46383e-17
3.36367e-08
5.0752e-18
-3.02658e-17
8.68439e-17
3.05588e-08
4.98653e-18
4.59743e-17
1.51602e-08
3.49574e-18
-1.43618e-15
8.42391e-17
3.68832e-08
-1.32566e-15
1.02717e-16
4.50851e-08
-1.1799e-15
1.23222e-16
5.4389e-08
-9.85424e-16
1.44503e-16
6.42239e-08
-7.45998e-16
1.62866e-16
7.30867e-08
-4.46826e-16
1.72355e-16
7.75291e-08
-1.39163e-16
1.53866e-16
7.00874e-08
7.49772e-17
3.50151e-08
-2.02644e-15
5.65964e-17
5.12559e-08
-1.86727e-15
7.14225e-17
6.2712e-08
-1.6596e-15
8.9844e-17
7.5734e-08
-1.38445e-15
1.1155e-16
8.9543e-08
-1.02951e-15
1.35128e-16
1.02066e-07
-6.2454e-16
1.54303e-16
1.08511e-07
-2.03015e-16
1.52876e-16
9.84233e-08
8.69659e-17
4.95107e-08
-2.02859e-15
1.61519e-17
5.12559e-08
-1.87271e-15
2.42794e-17
6.2712e-08
-1.67071e-15
3.60175e-17
7.5734e-08
-1.40352e-15
5.23324e-17
8.9543e-08
-1.07172e-15
7.28478e-17
1.02066e-07
-6.48762e-16
9.36046e-17
1.08511e-07
-2.35102e-16
1.00319e-16
9.84233e-08
6.02097e-17
4.95107e-08
-1.50193e-15
7.6422e-18
3.68832e-08
-1.3813e-15
1.14228e-17
4.50851e-08
-1.23476e-15
1.74556e-17
5.4389e-08
-1.03641e-15
2.58499e-17
6.42239e-08
-7.8765e-16
3.62944e-17
7.30867e-08
-4.88824e-16
4.69756e-17
7.75291e-08
-1.76203e-16
5.10779e-17
7.00874e-08
3.09729e-17
3.50151e-08
-6.82791e-16
1.53324e-08
1.33857e-17
-6.26753e-16
1.88857e-08
1.65092e-17
-5.64561e-16
2.29799e-08
2.0053e-17
-4.76786e-16
2.73861e-08
2.37088e-17
-3.62311e-16
3.14534e-08
2.66347e-17
-2.36156e-16
3.36367e-08
2.70852e-17
-9.81221e-17
3.05588e-08
2.23082e-17
1.51602e-08
8.59208e-18
-3.02713e-16
-3.51371e-17
1.53324e-08
1.71189e-17
-2.98536e-16
-4.65343e-17
1.88857e-08
2.1703e-17
-3.08107e-16
-6.22973e-17
2.29799e-08
2.73117e-17
-2.93659e-16
-8.22721e-17
2.73861e-08
3.38878e-17
-2.64034e-16
-1.05678e-16
3.14534e-08
4.04496e-17
-2.4288e-16
-1.28431e-16
3.36367e-08
4.44144e-17
-1.6177e-16
-1.34764e-16
3.05588e-08
4.01236e-17
-8.26414e-17
1.51602e-08
1.85612e-17
-9.2067e-16
-4.67747e-17
3.68832e-08
-8.8139e-16
-6.45088e-17
4.50851e-08
-8.34955e-16
-8.84832e-17
5.4389e-08
-7.5226e-16
-1.19647e-16
6.42239e-08
-6.21978e-16
-1.57483e-16
7.30867e-08
-4.61631e-16
-1.94661e-16
7.75291e-08
-2.51392e-16
-2.06818e-16
7.00874e-08
-1.24005e-16
3.50151e-08
-1.1361e-15
-6.41609e-17
5.12559e-08
-1.09266e-15
-8.29321e-17
6.2712e-08
-1.0272e-15
-1.07517e-16
7.5734e-08
-9.28289e-16
-1.38426e-16
8.9543e-08
-7.72301e-16
-1.75103e-16
1.02066e-07
-5.818e-16
-2.11042e-16
1.08511e-07
-3.0182e-16
-2.22428e-16
9.84233e-08
-1.36891e-16
4.95107e-08
-1.02488e-15
-7.81048e-17
5.12559e-08
-9.82165e-16
-9.67218e-17
6.2712e-08
-9.14965e-16
-1.18692e-16
7.5734e-08
-8.10377e-16
-1.43935e-16
8.9543e-08
-6.54853e-16
-1.70612e-16
1.02066e-07
-4.67076e-16
-1.92151e-16
1.08511e-07
-2.40071e-16
-1.8835e-16
9.84233e-08
-1.05215e-16
4.95107e-08
-5.16518e-16
-5.2307e-17
3.68832e-08
-4.99699e-16
-6.45282e-17
4.50851e-08
-4.74431e-16
-7.88061e-17
5.4389e-08
-4.30648e-16
-9.49096e-17
6.42239e-08
-3.67765e-16
-1.11193e-16
7.30867e-08
-2.75992e-16
-1.22516e-16
7.75291e-08
-1.50159e-16
-1.17205e-16
7.00874e-08
-6.36317e-17
3.50151e-08
1.77661e-17
1.53324e-08
-1.6798e-17
4.00432e-18
1.88857e-08
-2.09758e-17
-1.15167e-17
2.29799e-08
-2.5919e-17
-2.288e-17
2.73861e-08
-3.15313e-17
-3.39467e-17
3.14534e-08
-3.70843e-17
-4.96921e-17
3.36367e-08
-4.07224e-17
-4.15683e-17
3.05588e-08
-3.778e-17
1.51602e-08
-1.93008e-17
-3.61359e-16
1.22488e-17
1.53324e-08
8.70051e-18
-3.05275e-16
1.77067e-17
1.88857e-08
9.79473e-18
-2.29656e-16
2.58217e-17
2.29799e-08
1.05607e-17
-1.52843e-16
3.707e-17
2.73861e-08
1.05629e-17
-7.94462e-17
5.1811e-17
3.14534e-08
9.46444e-18
2.271e-17
6.93147e-17
3.36367e-08
7.06615e-18
6.07578e-17
8.16143e-17
3.05588e-08
3.7257e-18
5.75715e-17
1.51602e-08
4.29407e-19
-4.18221e-16
2.24415e-17
3.68832e-08
-3.45902e-16
3.18381e-17
4.50851e-08
-2.69025e-16
4.49902e-17
5.4389e-08
-1.77757e-16
6.30776e-17
6.42239e-08
-8.95514e-17
8.74128e-17
7.30867e-08
2.54867e-17
1.16443e-16
7.75291e-08
6.51093e-17
1.34882e-16
7.00874e-08
9.23057e-17
3.50151e-08
-4.99124e-16
1.3525e-17
5.12559e-08
-4.02548e-16
2.01316e-17
6.2712e-08
-3.13126e-16
3.08868e-17
7.5734e-08
-2.09341e-16
4.73289e-17
8.9543e-08
-1.01277e-16
7.17167e-17
1.02066e-07
1.05919e-17
1.03908e-16
1.08511e-07
6.49921e-17
1.32395e-16
9.84233e-08
1.00367e-16
4.95107e-08
-4.27388e-16
1.18067e-17
5.12559e-08
-3.35543e-16
1.7061e-17
6.2712e-08
-2.69064e-16
2.54179e-17
7.5734e-08
-1.8964e-16
3.86273e-17
8.9543e-08
-1.13286e-16
5.74463e-17
1.02066e-07
-2.59744e-17
8.1256e-17
1.08511e-07
2.26855e-17
9.77735e-17
9.84233e-08
6.67371e-17
4.95107e-08
-3.62319e-16
1.67201e-17
3.68832e-08
-2.79227e-16
2.16849e-17
4.50851e-08
-2.24024e-16
2.93569e-17
5.4389e-08
-1.63216e-16
4.0642e-17
6.42239e-08
-1.08316e-16
5.51491e-17
7.30867e-08
-4.83355e-17
7.12447e-17
7.75291e-08
-8.69841e-18
8.03131e-17
7.00874e-08
5.33786e-17
3.50151e-08
-2.85979e-16
1.53324e-08
1.58792e-17
-2.41213e-16
1.88857e-08
2.00568e-17
-2.16764e-16
2.29799e-08
2.52365e-17
-1.90181e-16
2.73861e-08
3.14322e-17
-1.46972e-16
3.14534e-08
3.81345e-17
-1.01531e-16
3.36367e-08
4.3288e-17
-4.00861e-17
3.05588e-08
4.18047e-17
1.51602e-08
2.25889e-17
5.99854e-16
7.40804e-17
1.53324e-08
-2.89998e-17
5.69673e-16
9.23944e-17
1.88857e-08
-3.61425e-17
5.00462e-16
1.12827e-16
2.29799e-08
-4.45087e-17
3.97516e-16
1.34099e-16
2.73861e-08
-5.37097e-17
2.90943e-16
1.5396e-16
3.14534e-08
-6.24294e-17
1.82979e-16
1.64667e-16
3.36367e-08
-6.77489e-17
8.34446e-17
1.49694e-16
3.05588e-08
-6.23841e-17
7.31331e-17
1.51602e-08
-3.16942e-17
4.28862e-16
1.1897e-16
3.68832e-08
4.70192e-16
1.48762e-16
4.50851e-08
4.5363e-16
1.8347e-16
5.4389e-08
4.07084e-16
2.22329e-16
6.42239e-08
3.258e-16
2.61112e-16
7.30867e-08
2.37228e-16
2.87282e-16
7.75291e-08
1.25126e-16
2.70901e-16
7.00874e-08
1.40901e-16
3.50151e-08
2.44093e-17
1.3765e-16
5.12559e-08
9.3127e-17
1.72218e-16
6.2712e-08
1.32839e-16
2.1365e-16
7.5734e-08
1.61028e-16
2.61192e-16
8.9543e-08
1.43738e-16
3.09828e-16
1.02066e-07
1.45708e-16
3.45276e-16
1.08511e-07
1.01673e-16
3.30528e-16
9.84233e-08
1.74871e-16
4.95107e-08
-3.29954e-16
1.26429e-16
5.12559e-08
-2.68963e-16
1.57745e-16
6.2712e-08
-2.09833e-16
1.94921e-16
7.5734e-08
-1.60613e-16
2.36974e-16
8.9543e-08
-1.13312e-16
2.78391e-16
1.02066e-07
-3.65767e-17
3.05822e-16
1.08511e-07
2.33226e-17
2.84962e-16
9.84233e-08
1.43308e-16
4.95107e-08
-6.16692e-16
8.44492e-17
3.68832e-08
-5.56697e-16
1.04329e-16
4.50851e-08
-4.72683e-16
1.28124e-16
5.4389e-08
-3.97369e-16
1.54503e-16
6.42239e-08
-2.78708e-16
1.79908e-16
7.30867e-08
-1.3626e-16
1.94811e-16
7.75291e-08
-1.71389e-17
1.79422e-16
7.00874e-08
9.05671e-17
3.50151e-08
-5.79022e-16
1.53324e-08
4.03276e-17
-5.2288e-16
1.88857e-08
4.94813e-17
-4.55212e-16
2.29799e-08
5.99066e-17
-3.79227e-16
2.73861e-08
7.08289e-17
-2.7694e-16
3.14534e-08
8.01574e-17
-1.56858e-16
3.36367e-08
8.36155e-17
-4.19571e-17
3.05588e-08
7.24914e-17
1.51602e-08
3.27125e-17
-2.24425e-16
5.20349e-17
1.53324e-08
-1.42354e-17
-2.06513e-16
6.30626e-17
1.88857e-08
-1.72221e-17
-1.88944e-16
7.43421e-17
2.29799e-08
-2.02284e-17
-1.9554e-16
8.33035e-17
2.73861e-08
-2.28106e-17
-1.29669e-16
8.83828e-17
3.14534e-08
-2.38273e-17
2.37293e-18
8.50224e-17
3.36367e-08
-2.21322e-17
9.65668e-17
6.65279e-17
3.05588e-08
-1.54268e-17
2.5666e-17
1.51602e-08
-3.2588e-18
-3.08958e-16
7.73675e-17
3.68832e-08
-2.84868e-16
9.45224e-17
4.50851e-08
-2.78415e-16
1.12152e-16
5.4389e-08
-2.57309e-16
1.27663e-16
6.42239e-08
-2.06143e-16
1.36097e-16
7.30867e-08
-4.97805e-18
1.27974e-16
7.75291e-08
1.36128e-16
8.98468e-17
7.00874e-08
2.04822e-17
3.50151e-08
-4.07079e-16
5.54129e-17
5.12559e-08
-3.76765e-16
6.53473e-17
6.2712e-08
-3.54661e-16
7.3907e-17
7.5734e-08
-3.12347e-16
7.90408e-17
8.9543e-08
-2.49222e-16
7.41963e-17
1.02066e-07
-9.14759e-19
5.42653e-17
1.08511e-07
1.56407e-16
1.10313e-17
9.84233e-08
-2.96554e-17
4.95107e-08
-5.18381e-16
7.74917e-18
5.12559e-08
-4.82833e-16
5.25989e-18
6.2712e-08
-4.09115e-16
-2.23785e-19
7.5734e-08
-3.44125e-16
-1.12482e-17
8.9543e-08
-2.08415e-16
-2.87148e-17
1.02066e-07
3.76614e-17
-5.74455e-17
1.08511e-07
1.80305e-16
-8.44731e-17
9.84233e-08
-6.88771e-17
4.95107e-08
-2.90494e-16
-3.34166e-17
3.68832e-08
-2.68724e-16
-4.33621e-17
4.50851e-08
-2.30436e-16
-5.61228e-17
5.4389e-08
-1.69871e-16
-7.19159e-17
6.42239e-08
-1.31654e-16
-9.20315e-17
7.30867e-08
6.41509e-17
-1.12561e-16
7.75291e-08
1.65468e-16
-1.18494e-16
7.00874e-08
-7.12424e-17
3.50151e-08
-1.90408e-16
1.53324e-08
-2.5193e-17
-1.95145e-16
1.88857e-08
-3.21536e-17
-1.81219e-16
2.29799e-08
-4.08828e-17
-1.81395e-16
2.73861e-08
-5.16304e-17
-1.03493e-16
3.14534e-08
-6.30446e-17
4.25169e-17
3.36367e-08
-7.29831e-17
1.16928e-16
3.05588e-08
-7.20637e-17
1.51602e-08
-3.95627e-17
-9.45106e-16
-3.69969e-17
1.53324e-08
3.39986e-17
-8.76563e-16
-4.72461e-17
1.88857e-08
4.21913e-17
-7.65475e-16
-6.03359e-17
2.29799e-08
5.17753e-17
-6.36892e-16
-7.64638e-17
2.73861e-08
6.23567e-17
-4.74996e-16
-9.54737e-17
3.14534e-08
7.2638e-17
-2.39609e-16
-1.11522e-16
3.36367e-08
7.94901e-17
-2.68679e-17
-1.12572e-16
3.05588e-08
7.44172e-17
-6.46063e-17
1.51602e-08
3.92577e-17
-8.90802e-16
-3.58847e-17
3.68832e-08
-8.65163e-16
-4.76865e-17
4.50851e-08
-7.92123e-16
-6.42509e-17
5.4389e-08
-7.10609e-16
-8.68857e-17
6.42239e-08
-5.64931e-16
-1.16388e-16
7.30867e-08
-3.24844e-16
-1.4851e-16
7.75291e-08
-6.89597e-17
-1.65699e-16
7.00874e-08
-1.08366e-16
3.50151e-08
-8.01976e-16
-4.56864e-17
5.12559e-08
-7.84317e-16
-6.0976e-17
6.2712e-08
-7.17641e-16
-8.1598e-17
7.5734e-08
-6.41473e-16
-1.08578e-16
8.9543e-08
-5.09124e-16
-1.41673e-16
1.02066e-07
-2.81e-16
-1.75259e-16
1.08511e-07
-4.44174e-17
-1.87416e-16
9.84233e-08
-1.1313e-16
4.95107e-08
-6.28514e-16
-4.86127e-17
5.12559e-08
-6.09983e-16
-6.34459e-17
6.2712e-08
-5.4394e-16
-8.22618e-17
7.5734e-08
-4.83054e-16
-1.05032e-16
8.9543e-08
-3.79827e-16
-1.29466e-16
1.02066e-07
-1.83407e-16
-1.48508e-16
1.08511e-07
-3.27106e-18
-1.43304e-16
9.84233e-08
-7.45594e-17
4.95107e-08
-3.95927e-16
-3.07683e-17
3.68832e-08
-3.80948e-16
-3.83377e-17
4.50851e-08
-3.22403e-16
-4.70256e-17
5.4389e-08
-2.75561e-16
-5.63052e-17
6.42239e-08
-1.98908e-16
-6.3859e-17
7.30867e-08
-6.68914e-17
-6.6664e-17
7.75291e-08
4.02121e-17
-5.60552e-17
7.00874e-08
-2.28205e-17
3.50151e-08
-3.57976e-16
1.53324e-08
-5.76378e-18
-3.41871e-16
1.88857e-08
-6.93966e-18
-2.96876e-16
2.29799e-08
-8.19115e-18
-2.50518e-16
2.73861e-08
-9.29248e-18
-1.76966e-16
3.14534e-08
-9.71288e-18
-6.20244e-17
3.36367e-08
-8.62805e-18
3.17587e-17
3.05588e-08
-4.997e-18
1.51602e-08
3.84934e-19
-6.67502e-17
-5.30822e-17
1.53324e-08
2.06128e-17
-6.25562e-17
-6.68503e-17
1.88857e-08
2.5813e-17
-7.39087e-17
-8.42492e-17
2.29799e-08
3.19251e-17
-7.58065e-17
-1.04179e-16
2.73861e-08
3.85311e-17
-7.73041e-17
-1.24154e-16
3.14534e-08
4.4111e-17
-8.35156e-17
-1.37578e-16
3.36367e-08
4.58023e-17
-6.07377e-17
-1.29032e-16
3.05588e-08
3.80718e-17
-6.59782e-17
1.51602e-08
1.47141e-17
-3.86548e-16
-7.40095e-17
3.68832e-08
-3.54026e-16
-9.48707e-17
4.50851e-08
-3.24808e-16
-1.20399e-16
5.4389e-08
-2.90895e-16
-1.5006e-16
6.42239e-08
-2.29169e-16
-1.79451e-16
7.30867e-08
-1.50482e-16
-1.9802e-16
7.75291e-08
-5.24219e-17
-1.80591e-16
7.00874e-08
-8.43879e-17
3.50151e-08
-3.32883e-16
-7.04766e-17
5.12559e-08
-3.08401e-16
-8.95864e-17
6.2712e-08
-2.98682e-16
-1.13074e-16
7.5734e-08
-2.65482e-16
-1.40016e-16
8.9543e-08
-2.30028e-16
-1.67198e-16
1.02066e-07
-1.60472e-16
-1.8453e-16
1.08511e-07
-5.64939e-17
-1.70019e-16
9.84233e-08
-8.19451e-17
4.95107e-08
-2.45031e-16
-5.35359e-17
5.12559e-08
-2.29596e-16
-6.72128e-17
6.2712e-08
-2.13882e-16
-8.32653e-17
7.5734e-08
-1.9352e-16
-1.00559e-16
8.9543e-08
-1.74797e-16
-1.16475e-16
1.02066e-07
-1.15514e-16
-1.24235e-16
1.08511e-07
-4.23802e-17
-1.1022e-16
9.84233e-08
-5.09151e-17
4.95107e-08
-1.34642e-16
-2.61491e-17
3.68832e-08
-1.23521e-16
-3.20793e-17
4.50851e-08
-1.131e-16
-3.83882e-17
5.4389e-08
-1.10023e-16
-4.44107e-17
6.42239e-08
-1.01091e-16
-4.87233e-17
7.30867e-08
-6.17108e-17
-4.89727e-17
7.75291e-08
-1.76114e-17
-4.01608e-17
7.00874e-08
-1.61564e-17
3.50151e-08
-1.21879e-16
1.53324e-08
-4.53577e-18
-1.15771e-16
1.88857e-08
-5.4263e-18
-1.09081e-16
2.29799e-08
-6.35484e-18
-1.04096e-16
2.73861e-08
-7.22231e-18
-8.96756e-17
3.14534e-08
-7.85717e-18
-5.56546e-17
3.36367e-08
-7.85958e-18
-1.89497e-17
3.05588e-08
-6.63343e-18
1.51602e-08
-3.09132e-18
-7.9687e-16
-3.47522e-17
1.53324e-08
2.41605e-17
-7.23909e-16
-4.15781e-17
1.88857e-08
2.89116e-17
-6.12577e-16
-4.82066e-17
2.29799e-08
3.39308e-17
-4.86947e-16
-5.37961e-17
2.73861e-08
3.86416e-17
-3.3819e-16
-5.6874e-17
3.14534e-08
4.20438e-17
-1.55995e-16
-5.31977e-17
3.36367e-08
4.2359e-17
-1.28878e-17
-3.99351e-17
3.05588e-08
3.60589e-17
-1.21074e-17
1.51602e-08
1.66914e-17
-1.00848e-15
-5.61215e-17
3.68832e-08
-9.50614e-16
-6.78523e-17
4.50851e-08
-8.42735e-16
-8.05872e-17
5.4389e-08
-7.05961e-16
-9.29647e-17
6.42239e-08
-5.21886e-16
-1.0234e-16
7.30867e-08
-2.91654e-16
-1.03378e-16
7.75291e-08
-6.64159e-17
-8.71504e-17
7.00874e-08
-4.00251e-17
3.50151e-08
-1.07271e-15
-6.77962e-17
5.12559e-08
-1.02389e-15
-8.29245e-17
6.2712e-08
-9.24555e-16
-9.99038e-17
7.5734e-08
-7.89618e-16
-1.17192e-16
8.9543e-08
-5.96778e-16
-1.31272e-16
1.02066e-07
-3.40738e-16
-1.34985e-16
1.08511e-07
-9.22019e-17
-1.14376e-16
9.84233e-08
-4.93632e-17
4.95107e-08
-9.33884e-16
-5.38491e-17
5.12559e-08
-9.00966e-16
-6.55988e-17
6.2712e-08
-8.1101e-16
-7.87746e-17
7.5734e-08
-6.98636e-16
-9.21382e-17
8.9543e-08
-5.28366e-16
-1.02696e-16
1.02066e-07
-2.96496e-16
-1.0499e-16
1.08511e-07
-7.24109e-17
-8.8469e-17
9.84233e-08
-3.82215e-17
4.95107e-08
-7.24677e-16
-2.23331e-17
3.68832e-08
-6.91452e-16
-2.64921e-17
4.50851e-08
-6.13575e-16
-3.10563e-17
5.4389e-08
-5.1866e-16
-3.54441e-17
6.42239e-08
-3.96121e-16
-3.83195e-17
7.30867e-08
-2.09469e-16
-3.81937e-17
7.75291e-08
-3.75922e-17
-3.12206e-17
7.00874e-08
-1.27742e-17
3.50151e-08
-5.17111e-16
1.53324e-08
-2.44764e-19
-4.91197e-16
1.88857e-08
-2.01461e-19
-4.32824e-16
2.29799e-08
-1.4268e-19
-3.61612e-16
2.73861e-08
-9.82619e-20
-2.6702e-16
3.14534e-08
5.9563e-21
-1.31956e-16
3.36367e-08
3.43409e-19
-1.94205e-17
3.05588e-08
1.01286e-18
1.51602e-08
1.47935e-18
3.18044e-16
-3.23719e-17
1.53324e-08
5.27413e-18
2.98303e-16
-4.00978e-17
1.88857e-08
6.65635e-18
2.47896e-16
-4.97551e-17
2.29799e-08
8.33105e-18
1.98168e-16
-6.0685e-17
2.73861e-08
1.01308e-17
1.33412e-16
-7.12385e-17
3.14534e-08
1.1447e-17
3.29306e-17
-7.83963e-17
3.36367e-08
1.11156e-17
-3.0371e-17
-7.35211e-17
3.05588e-08
7.66057e-18
-3.94486e-17
1.51602e-08
7.26138e-19
1.55756e-17
-5.7519e-17
3.68832e-08
3.05598e-17
-7.17607e-17
4.50851e-08
2.49665e-17
-8.83088e-17
5.4389e-08
2.43142e-17
-1.06319e-16
6.42239e-08
2.24031e-17
-1.22462e-16
7.30867e-08
-1.24649e-17
-1.30574e-16
7.75291e-08
-3.06534e-17
-1.14644e-16
7.00874e-08
-5.21721e-17
3.50151e-08
-5.49997e-17
-6.03047e-17
5.12559e-08
-3.85742e-17
-7.39855e-17
6.2712e-08
-4.84374e-17
-8.9625e-17
7.5734e-08
-5.26281e-17
-1.06188e-16
8.9543e-08
-5.25564e-17
-1.2085e-16
1.02066e-07
-7.38493e-17
-1.26875e-16
1.08511e-07
-5.90647e-17
-1.12489e-16
9.84233e-08
-5.31349e-17
4.95107e-08
-6.21756e-17
-4.63407e-17
5.12559e-08
-5.12515e-17
-5.63857e-17
6.2712e-08
-6.31086e-17
-6.73226e-17
7.5734e-08
-6.87753e-17
-7.82872e-17
8.9543e-08
-7.10088e-17
-8.68707e-17
1.02066e-07
-6.72011e-17
-8.90022e-17
1.08511e-07
-5.12993e-17
-7.66313e-17
9.84233e-08
-3.36834e-17
4.95107e-08
6.78639e-18
-2.18716e-17
3.68832e-08
8.67557e-18
-2.66169e-17
4.50851e-08
-5.89959e-19
-3.16082e-17
5.4389e-08
-7.1171e-18
-3.62492e-17
6.42239e-08
-2.24743e-17
-3.99687e-17
7.30867e-08
-3.38799e-17
-4.02955e-17
7.75291e-08
-3.1481e-17
-3.37558e-17
7.00874e-08
-1.43708e-17
3.50151e-08
5.64024e-17
1.53324e-08
-4.92862e-18
5.6079e-17
1.88857e-08
-5.99736e-18
4.45802e-17
2.29799e-08
-7.21212e-18
3.08023e-17
2.73861e-08
-8.45554e-18
1.80014e-17
3.14534e-08
-9.52058e-18
2.94728e-18
3.36367e-08
-1.00331e-17
-5.84444e-18
3.05588e-08
-8.93255e-18
1.51602e-08
-4.30475e-18
-6.68823e-16
-4.03325e-17
1.53324e-08
2.50261e-17
-6.08816e-16
-4.8472e-17
1.88857e-08
3.01789e-17
-5.12641e-16
-5.64123e-17
2.29799e-08
3.58067e-17
-3.97096e-16
-6.31782e-17
2.73861e-08
4.13813e-17
-2.73516e-16
-6.73822e-17
3.14534e-08
4.58381e-17
-1.38601e-16
-6.54041e-17
3.36367e-08
4.73267e-17
-2.87321e-17
-5.12263e-17
3.05588e-08
4.17359e-17
-1.8683e-17
1.51602e-08
2.03972e-17
-8.2546e-16
-6.30491e-17
3.68832e-08
-7.8873e-16
-7.61312e-17
4.50851e-08
-7.07846e-16
-9.03661e-17
5.4389e-08
-5.97069e-16
-1.04503e-16
6.42239e-08
-4.49465e-16
-1.16106e-16
7.30867e-08
-2.75085e-16
-1.19465e-16
7.75291e-08
-9.85346e-17
-1.0498e-16
7.00874e-08
-5.11974e-17
3.50151e-08
-8.72566e-16
-7.60856e-17
5.12559e-08
-8.49479e-16
-9.23884e-17
6.2712e-08
-7.73432e-16
-1.10608e-16
7.5734e-08
-6.68162e-16
-1.29282e-16
8.9543e-08
-5.04198e-16
-1.45076e-16
1.02066e-07
-3.1268e-16
-1.51012e-16
1.08511e-07
-1.11436e-16
-1.32991e-16
9.84233e-08
-6.21197e-17
4.95107e-08
-7.69051e-16
-6.25183e-17
5.12559e-08
-7.54947e-16
-7.56151e-17
6.2712e-08
-6.97498e-16
-9.02745e-17
7.5734e-08
-6.0081e-16
-1.05544e-16
8.9543e-08
-4.6131e-16
-1.18132e-16
1.02066e-07
-2.88097e-16
-1.22482e-16
1.08511e-07
-9.70236e-17
-1.06373e-16
9.84233e-08
-4.80038e-17
4.95107e-08
-5.64154e-16
-2.70729e-17
3.68832e-08
-5.52957e-16
-3.23499e-17
4.50851e-08
-5.02228e-16
-3.8628e-17
5.4389e-08
-4.23761e-16
-4.55218e-17
6.42239e-08
-3.24164e-16
-5.1667e-17
7.30867e-08
-1.92446e-16
-5.42396e-17
7.75291e-08
-6.26981e-17
-4.82503e-17
7.00874e-08
-2.38258e-17
3.50151e-08
-3.34372e-16
1.53324e-08
-3.62198e-18
-3.23975e-16
1.88857e-08
-4.43226e-18
-2.80844e-16
2.29799e-08
-5.39919e-18
-2.31336e-16
2.73861e-08
-6.53101e-18
-1.6871e-16
3.14534e-08
-7.57367e-18
-8.42151e-17
3.36367e-08
-7.82806e-18
-1.69815e-17
3.05588e-08
-6.37747e-18
1.51602e-08
-2.074e-18
5.56822e-16
-1.85078e-18
1.53324e-08
-1.89756e-17
5.01206e-16
-1.96871e-18
1.88857e-08
-2.36803e-17
4.22869e-16
-1.85458e-18
2.29799e-08
-2.92564e-17
3.41918e-16
-6.23946e-19
2.73861e-08
-3.55716e-17
2.425e-16
2.17684e-18
3.14534e-08
-4.21626e-17
1.10824e-16
5.85951e-18
3.36367e-08
-4.7384e-17
-8.62699e-19
9.39175e-18
3.05588e-08
-4.66439e-17
7.15219e-18
1.51602e-08
-2.67124e-17
2.86787e-16
-3.45811e-17
3.68832e-08
2.56078e-16
-4.21387e-17
4.50851e-08
2.26018e-16
-4.96668e-17
5.4389e-08
1.88509e-16
-5.56276e-17
6.42239e-08
1.52747e-16
-5.67863e-17
7.30867e-08
7.43396e-17
-5.01559e-17
7.75291e-08
6.66073e-18
-2.95079e-17
7.00874e-08
-3.45441e-19
3.50151e-08
1.50012e-16
-5.00947e-17
5.12559e-08
1.28201e-16
-5.98013e-17
6.2712e-08
9.88891e-17
-6.96249e-17
7.5734e-08
8.36014e-17
-7.74532e-17
8.9543e-08
5.78757e-17
-8.06004e-17
1.02066e-07
8.50109e-18
-7.26856e-17
1.08511e-07
-2.84744e-17
-4.77568e-17
9.84233e-08
-7.74254e-18
4.95107e-08
9.82925e-17
-4.57263e-17
5.12559e-08
8.25192e-17
-5.43117e-17
6.2712e-08
6.54216e-17
-6.27728e-17
7.5734e-08
5.19855e-17
-6.98081e-17
8.9543e-08
3.07605e-17
-7.22991e-17
1.02066e-07
-7.50693e-18
-6.5843e-17
1.08511e-07
-2.38394e-17
-4.48204e-17
9.84233e-08
-8.66243e-18
4.95107e-08
1.27862e-16
-2.86468e-17
3.68832e-08
1.10146e-16
-3.43844e-17
4.50851e-08
8.41608e-17
-4.05762e-17
5.4389e-08
5.8717e-17
-4.64651e-17
6.42239e-08
3.02154e-17
-5.05656e-17
7.30867e-08
-1.26692e-18
-4.9961e-17
7.75291e-08
-1.75425e-17
-4.00203e-17
7.00874e-08
-1.47782e-17
3.50151e-08
1.57558e-16
1.53324e-08
-1.27473e-17
1.38997e-16
1.88857e-08
-1.56862e-17
1.1967e-16
2.29799e-08
-1.90252e-17
9.20445e-17
2.73861e-08
-2.24877e-17
6.44598e-17
3.14534e-08
-2.54422e-17
3.2e-17
3.36367e-08
-2.65877e-17
8.94079e-18
3.05588e-08
-2.33108e-17
1.51602e-08
-1.09812e-17
2.87143e-16
3.18172e-17
1.53324e-08
-1.01604e-17
2.8216e-16
4.0838e-17
1.88857e-08
-1.24193e-17
2.63168e-16
5.17442e-17
2.29799e-08
-1.48733e-17
2.33335e-16
6.41186e-17
2.73861e-08
-1.71561e-17
1.85216e-16
7.66143e-17
3.14534e-08
-1.84792e-17
1.31997e-16
8.55227e-17
3.36367e-08
-1.75123e-17
6.46877e-17
8.2411e-17
3.05588e-08
-1.23777e-17
4.48978e-17
1.51602e-08
-2.62841e-18
4.7706e-16
5.15006e-17
3.68832e-08
4.7904e-16
6.7778e-17
4.50851e-08
4.79249e-16
8.87322e-17
5.4389e-08
4.37957e-16
1.14617e-16
6.42239e-08
3.82785e-16
1.44253e-16
7.30867e-08
2.89229e-16
1.71407e-16
7.75291e-08
1.39478e-16
1.75387e-16
7.00874e-08
1.02632e-16
3.50151e-08
4.17539e-16
5.32158e-17
5.12559e-08
4.28996e-16
7.04898e-17
6.2712e-08
4.40927e-16
9.30341e-17
7.5734e-08
4.22754e-16
1.21689e-16
8.9543e-08
3.70244e-16
1.54656e-16
1.02066e-07
2.76754e-16
1.87028e-16
1.08511e-07
1.41651e-16
1.9467e-16
9.84233e-08
1.14639e-16
4.95107e-08
2.46261e-16
4.47378e-17
5.12559e-08
2.47127e-16
5.84382e-17
6.2712e-08
2.57236e-16
7.66104e-17
7.5734e-08
2.35462e-16
9.92472e-17
8.9543e-08
2.33366e-16
1.26932e-16
1.02066e-07
1.9079e-16
1.51271e-16
1.08511e-07
1.01174e-16
1.55392e-16
9.84233e-08
8.9758e-17
4.95107e-08
7.98427e-17
2.87911e-17
3.68832e-08
1.0288e-16
3.67984e-17
4.50851e-08
1.02246e-16
4.69159e-17
5.4389e-08
1.25028e-16
5.97657e-17
6.42239e-08
9.72318e-17
7.36243e-17
7.30867e-08
8.75092e-17
8.65211e-17
7.75291e-08
4.8305e-17
8.66302e-17
7.00874e-08
4.82553e-17
3.50151e-08
-2.03282e-17
1.53324e-08
9.98219e-18
-4.82403e-18
1.88857e-08
1.27695e-17
9.08097e-18
2.29799e-08
1.62423e-17
9.6747e-18
2.73861e-08
2.03508e-17
2.94301e-17
3.14534e-08
2.49943e-17
1.53702e-17
3.36367e-08
2.85161e-17
5.9407e-18
3.05588e-08
2.80563e-17
1.51602e-08
1.58149e-17
-8.45414e-16
-5.88426e-17
1.53324e-08
4.08753e-17
-7.90412e-16
-7.33807e-17
1.88857e-08
5.04916e-17
-6.90619e-16
-9.04055e-17
2.29799e-08
6.15878e-17
-5.62176e-16
-1.09154e-16
2.73861e-08
7.36217e-17
-4.17901e-16
-1.28608e-16
3.14534e-08
8.48874e-17
-2.34102e-16
-1.42728e-16
3.36367e-08
9.15312e-17
-6.68305e-17
-1.37072e-16
3.05588e-08
8.4141e-17
-7.4308e-17
1.51602e-08
4.29425e-17
-7.71368e-16
-5.00734e-17
3.68832e-08
-7.77914e-16
-6.33174e-17
4.50851e-08
-7.30651e-16
-7.98211e-17
5.4389e-08
-6.54422e-16
-9.98806e-17
6.42239e-08
-5.34704e-16
-1.2424e-16
7.30867e-08
-3.53829e-16
-1.49272e-16
7.75291e-08
-1.39285e-16
-1.6053e-16
7.00874e-08
-1.04479e-16
3.50151e-08
-6.78366e-16
-2.77957e-17
5.12559e-08
-6.88101e-16
-3.53247e-17
6.2712e-08
-6.46474e-16
-4.51793e-17
7.5734e-08
-5.94237e-16
-5.8096e-17
8.9543e-08
-4.84904e-16
-7.47636e-17
1.02066e-07
-3.2505e-16
-9.50599e-17
1.08511e-07
-1.28777e-16
-1.09278e-16
9.84233e-08
-7.65425e-17
4.95107e-08
-6.41633e-16
3.11684e-18
5.12559e-08
-6.51774e-16
3.53233e-18
6.2712e-08
-5.9804e-16
3.36168e-18
7.5734e-08
-5.37334e-16
1.93276e-18
8.9543e-08
-4.2968e-16
-1.51507e-18
1.02066e-07
-2.68064e-16
-9.33873e-18
1.08511e-07
-9.51198e-17
-2.04632e-17
9.84233e-08
-2.15957e-17
4.95107e-08
-6.6183e-16
2.42141e-17
3.68832e-08
-6.37388e-16
2.97808e-17
4.50851e-08
-5.64651e-16
3.58902e-17
5.4389e-08
-4.74734e-16
4.17305e-17
6.42239e-08
-3.50657e-16
4.63531e-17
7.30867e-08
-2.02203e-16
4.67244e-17
7.75291e-08
-4.69643e-17
3.91441e-17
7.00874e-08
1.64177e-17
3.50151e-08
-5.65616e-16
1.53324e-08
2.3416e-17
-5.28913e-16
1.88857e-08
2.86642e-17
-4.5139e-16
2.29799e-08
3.46104e-17
-3.66025e-16
2.73861e-08
4.08149e-17
-2.56762e-16
3.14534e-08
4.61846e-17
-1.23009e-16
3.36367e-08
4.84782e-17
-1.10626e-17
3.05588e-08
4.29988e-17
1.51602e-08
2.04912e-17
3.01637e-16
-1.82527e-17
1.53324e-08
-5.08143e-19
2.93836e-16
-2.1583e-17
1.88857e-08
-1.20444e-18
2.5687e-16
-2.55946e-17
2.29799e-08
-2.27555e-18
2.16088e-16
-2.92492e-17
2.73861e-08
-3.95496e-18
1.65936e-16
-3.07915e-17
3.14534e-08
-6.76612e-18
8.8063e-17
-2.81362e-17
3.36367e-08
-1.10887e-17
2.46815e-17
-1.83896e-17
3.05588e-08
-1.60163e-17
-2.89431e-18
1.51602e-08
-1.37523e-17
8.59242e-17
-3.83394e-17
3.68832e-08
1.25376e-16
-4.70928e-17
4.50851e-08
1.50054e-16
-5.65375e-17
5.4389e-08
1.57182e-16
-6.55878e-17
6.42239e-08
1.62237e-16
-7.06321e-17
7.30867e-08
1.39686e-16
-6.52179e-17
7.75291e-08
8.09331e-17
-4.1717e-17
7.00874e-08
8.84206e-19
3.50151e-08
7.31363e-17
-3.24342e-17
5.12559e-08
1.1067e-16
-4.04466e-17
6.2712e-08
1.31881e-16
-4.99175e-17
7.5734e-08
1.43957e-16
-5.99773e-17
8.9543e-08
1.40196e-16
-6.80695e-17
1.02066e-07
1.27755e-16
-6.9281e-17
1.08511e-07
8.4694e-17
-5.51498e-17
9.84233e-08
-1.58203e-17
4.95107e-08
1.86594e-17
-1.86321e-17
5.12559e-08
5.90226e-17
-2.457e-17
6.2712e-08
8.58527e-17
-3.18287e-17
7.5734e-08
1.11139e-16
-3.99048e-17
8.9543e-08
1.14556e-16
-4.81092e-17
1.02066e-07
1.19794e-16
-5.3209e-17
1.08511e-07
8.74641e-17
-4.76111e-17
9.84233e-08
-2.13267e-17
4.95107e-08
2.79112e-18
-1.08782e-17
3.68832e-08
4.1307e-17
-1.44712e-17
4.50851e-08
6.94511e-17
-1.89455e-17
5.4389e-08
9.10423e-17
-2.40382e-17
6.42239e-08
1.03768e-16
-2.94191e-17
7.30867e-08
1.16718e-16
-3.39005e-17
7.75291e-08
8.41e-17
-3.34435e-17
7.00874e-08
-1.71168e-17
3.50151e-08
2.85876e-18
1.53324e-08
-3.57693e-18
1.79311e-17
1.88857e-08
-4.94965e-18
3.51388e-17
2.29799e-08
-6.77968e-18
4.54609e-17
2.73861e-08
-9.18782e-18
5.31612e-17
3.14534e-08
-1.21436e-17
6.28046e-17
3.36367e-08
-1.50811e-17
5.3783e-17
3.05588e-08
-1.61353e-17
1.51602e-08
-1.01679e-17
4.83042e-17
6.35501e-17
1.53324e-08
-2.50815e-17
5.11175e-17
8.10912e-17
1.88857e-08
-3.18665e-17
8.1836e-17
1.03555e-16
2.29799e-08
-4.02384e-17
9.68943e-17
1.30362e-16
2.73861e-08
-4.99836e-17
1.10333e-16
1.59092e-16
3.14534e-08
-5.96698e-17
1.41893e-16
1.83147e-16
3.36367e-08
-6.54405e-17
1.26232e-16
1.81601e-16
3.05588e-08
-5.8949e-17
1.0338e-16
1.51602e-08
-2.73364e-17
2.2384e-16
8.07691e-17
3.68832e-08
2.22645e-16
1.04945e-16
4.50851e-08
2.34511e-16
1.35468e-16
5.4389e-08
2.34432e-16
1.72705e-16
6.42239e-08
2.17635e-16
2.14056e-16
7.30867e-08
2.19855e-16
2.49689e-16
7.75291e-08
1.63944e-16
2.47217e-16
7.00874e-08
1.35556e-16
3.50151e-08
1.86641e-17
6.73227e-17
5.12559e-08
3.92718e-17
8.61117e-17
6.2712e-08
8.99117e-17
1.1027e-16
7.5734e-08
1.20671e-16
1.40306e-16
8.9543e-08
1.60795e-16
1.75041e-16
1.02066e-07
2.15687e-16
2.07676e-16
1.08511e-07
1.81777e-16
2.13714e-16
9.84233e-08
1.27204e-16
4.95107e-08
-1.24234e-16
5.04146e-17
5.12559e-08
-1.03834e-16
6.27731e-17
6.2712e-08
-5.41422e-17
7.77982e-17
7.5734e-08
-1.37798e-17
9.55252e-17
8.9543e-08
4.49823e-17
1.15527e-16
1.02066e-07
1.25321e-16
1.32531e-16
1.08511e-07
1.38396e-16
1.32837e-16
9.84233e-08
7.57217e-17
4.95107e-08
-2.8153e-16
2.85466e-17
3.68832e-08
-2.47869e-16
3.53233e-17
4.50851e-08
-1.82698e-16
4.3409e-17
5.4389e-08
-1.22381e-16
5.26823e-17
6.42239e-08
-4.56101e-17
6.27748e-17
7.30867e-08
5.63042e-17
7.0393e-17
7.75291e-08
1.02583e-16
6.86226e-17
7.00874e-08
3.84882e-17
3.50151e-08
-3.59057e-16
1.53324e-08
1.19819e-17
-3.28753e-16
1.88857e-08
1.4669e-17
-2.66318e-16
2.29799e-08
1.77091e-17
-2.0873e-16
2.73861e-08
2.09032e-17
-1.33698e-16
3.14534e-08
2.38385e-17
-3.28708e-17
3.36367e-08
2.56194e-17
4.13925e-17
3.05588e-08
2.36598e-17
1.51602e-08
1.23126e-17
2.76074e-16
6.43492e-18
1.53324e-08
-7.13151e-18
2.41691e-16
6.12624e-18
1.88857e-08
-8.16232e-18
1.80414e-16
3.54474e-18
2.29799e-08
-8.89998e-18
1.16434e-16
-1.95101e-18
2.73861e-08
-8.90323e-18
5.5793e-17
-1.16194e-17
3.14534e-08
-7.78056e-18
-3.65906e-18
-2.59886e-17
3.36367e-08
-5.2507e-18
-2.53246e-17
-4.17137e-17
3.05588e-08
-1.84953e-18
-3.68286e-17
1.51602e-08
1.01059e-18
2.43804e-16
1.06097e-17
3.68832e-08
2.21154e-16
1.05426e-17
4.50851e-08
1.8076e-16
8.71231e-18
5.4389e-08
1.27512e-16
3.6528e-18
6.42239e-08
6.91422e-17
-6.47286e-18
7.30867e-08
2.7496e-17
-2.33767e-17
7.75291e-08
-3.75635e-18
-4.3192e-17
7.00874e-08
-3.82774e-17
3.50151e-08
2.24489e-16
1.45007e-17
5.12559e-08
2.20909e-16
1.60208e-17
6.2712e-08
1.86123e-16
1.63068e-17
7.5734e-08
1.39686e-16
1.40446e-17
8.9543e-08
7.5966e-17
7.27425e-18
1.02066e-07
3.12443e-17
-6.23419e-18
1.08511e-07
1.73818e-18
-2.63794e-17
9.84233e-08
-3.17736e-17
4.95107e-08
1.37979e-16
1.21026e-17
5.12559e-08
1.37592e-16
1.29338e-17
6.2712e-08
1.18879e-16
1.30891e-17
7.5734e-08
9.70527e-17
1.17028e-17
8.9543e-08
6.55864e-17
7.48792e-18
1.02066e-07
3.7575e-17
-1.50834e-18
1.08511e-07
2.43564e-17
-1.4292e-17
9.84233e-08
-1.82754e-17
4.95107e-08
4.80506e-17
4.67048e-18
3.68832e-08
5.29836e-17
4.77309e-18
4.50851e-08
5.05269e-17
4.75608e-18
5.4389e-08
4.40165e-17
4.36311e-18
6.42239e-08
2.60525e-17
2.95363e-18
7.30867e-08
3.40493e-17
6.51577e-19
7.75291e-08
2.82126e-17
-2.40661e-18
7.00874e-08
-3.24542e-18
3.50151e-08
-3.31547e-17
1.53324e-08
2.66378e-18
-3.04074e-17
1.88857e-08
3.04927e-18
-2.29524e-17
2.29799e-08
3.36088e-18
-2.02452e-17
2.73861e-08
3.47336e-18
-1.26768e-17
3.14534e-08
3.18535e-18
4.77869e-18
3.36367e-08
2.33527e-18
1.79173e-17
3.05588e-08
4.85774e-19
1.51602e-08
-1.15749e-18
-5.06967e-16
1.51338e-17
1.53324e-08
3.15355e-18
-4.66331e-16
1.86456e-17
1.88857e-08
3.76306e-18
-3.96205e-16
2.33385e-17
2.29799e-08
4.34791e-18
-3.10685e-16
2.87908e-17
2.73861e-08
4.80608e-18
-2.14012e-16
3.41752e-17
3.14534e-08
5.19059e-18
-7.76342e-17
3.9142e-17
3.36367e-08
5.80674e-18
2.09127e-17
3.93338e-17
3.05588e-08
6.69139e-18
2.40254e-17
1.51602e-08
5.33466e-18
-4.38254e-16
3.15584e-17
3.68832e-08
-4.2397e-16
3.92218e-17
4.50851e-08
-3.84275e-16
4.79201e-17
5.4389e-08
-3.28389e-16
5.72421e-17
6.42239e-08
-2.42393e-16
6.56576e-17
7.30867e-08
-1.11154e-16
6.94497e-17
7.75291e-08
-4.73258e-18
6.15071e-17
7.00874e-08
2.92817e-17
3.50151e-08
-5.2401e-16
2.81964e-17
5.12559e-08
-5.03138e-16
3.41202e-17
6.2712e-08
-4.50484e-16
4.08397e-17
7.5734e-08
-3.74254e-16
4.78145e-17
8.9543e-08
-2.72606e-16
5.40353e-17
1.02066e-07
-1.19831e-16
5.71262e-17
1.08511e-07
5.65072e-19
5.2246e-17
9.84233e-08
2.91926e-17
4.95107e-08
-5.45079e-16
1.99322e-17
5.12559e-08
-5.24249e-16
2.37389e-17
6.2712e-08
-4.66283e-16
2.75897e-17
7.5734e-08
-3.92695e-16
3.12735e-17
8.9543e-08
-2.88669e-16
3.42038e-17
1.02066e-07
-1.32408e-16
3.52906e-17
1.08511e-07
-7.13455e-18
3.20547e-17
9.84233e-08
1.65888e-17
4.95107e-08
-5.32289e-16
1.16024e-17
3.68832e-08
-4.97658e-16
1.42244e-17
4.50851e-08
-4.29459e-16
1.70115e-17
5.4389e-08
-3.51182e-16
1.99334e-17
6.42239e-08
-2.49999e-16
2.25797e-17
7.30867e-08
-1.0722e-16
2.40195e-17
7.75291e-08
2.8683e-18
2.22997e-17
7.00874e-08
1.17933e-17
3.50151e-08
-4.20672e-16
1.53324e-08
6.78618e-18
-3.91189e-16
1.88857e-08
8.17086e-18
-3.37819e-16
2.29799e-08
9.62882e-18
-2.77039e-16
2.73861e-08
1.09905e-17
-1.94604e-16
3.14534e-08
1.19897e-17
-8.84858e-17
3.36367e-08
1.21503e-17
-1.15018e-18
3.05588e-08
1.04839e-17
1.51602e-08
5.02009e-18
6.67339e-17
-3.58353e-17
1.53324e-08
1.12201e-17
4.99064e-17
-4.59929e-17
1.88857e-08
1.42902e-17
1.42476e-17
-5.96956e-17
2.29799e-08
1.81079e-17
-1.57613e-17
-7.64529e-17
2.73861e-08
2.26387e-17
-4.46026e-17
-9.50593e-17
3.14534e-08
2.70996e-17
-8.09617e-17
-1.11915e-16
3.36367e-08
2.95042e-17
-7.06742e-17
-1.14199e-16
3.05588e-08
2.57722e-17
-6.77012e-17
1.51602e-08
1.09077e-17
-1.45272e-16
-4.85587e-17
3.68832e-08
-1.4035e-16
-6.36692e-17
4.50851e-08
-1.42627e-16
-8.29341e-17
5.4389e-08
-1.41962e-16
-1.06763e-16
6.42239e-08
-1.3183e-16
-1.33047e-16
7.30867e-08
-1.21525e-16
-1.55795e-16
7.75291e-08
-7.57856e-17
-1.54732e-16
7.00874e-08
-8.46591e-17
3.50151e-08
-9.15546e-17
-3.95673e-17
5.12559e-08
-9.13519e-17
-5.16453e-17
6.2712e-08
-1.0812e-16
-6.74124e-17
7.5734e-08
-1.16726e-16
-8.71996e-17
8.9543e-08
-1.28486e-16
-1.1035e-16
1.02066e-07
-1.28513e-16
-1.31642e-16
1.08511e-07
-8.09008e-17
-1.35939e-16
9.84233e-08
-8.00802e-17
4.95107e-08
-6.02975e-17
-2.86422e-17
5.12559e-08
-6.61248e-17
-3.7122e-17
6.2712e-08
-6.77651e-17
-4.76383e-17
7.5734e-08
-7.95671e-17
-6.04033e-17
8.9543e-08
-8.33174e-17
-7.45878e-17
1.02066e-07
-7.99436e-17
-8.73677e-17
1.08511e-07
-4.7806e-17
-8.78123e-17
9.84233e-08
-5.00048e-17
4.95107e-08
9.27532e-18
-1.59398e-17
3.68832e-08
6.35751e-18
-2.0345e-17
4.50851e-08
-3.49397e-18
-2.55692e-17
5.4389e-08
-1.25165e-17
-3.15638e-17
6.42239e-08
-2.99108e-17
-3.79819e-17
7.30867e-08
-4.02204e-17
-4.27116e-17
7.75291e-08
-2.998e-17
-4.11837e-17
7.00874e-08
-2.20822e-17
3.50151e-08
5.79833e-17
1.53324e-08
-4.44709e-18
5.16431e-17
1.88857e-08
-5.64416e-18
3.94464e-17
2.29799e-08
-7.08295e-18
2.62653e-17
2.73861e-08
-8.76812e-18
1.13416e-17
3.14534e-08
-1.05432e-17
-1.3962e-18
3.36367e-08
-1.18888e-17
-4.92401e-18
3.05588e-08
-1.17253e-17
1.51602e-08
-6.60379e-18
-1.74486e-16
2.96214e-17
1.53324e-08
-1.1445e-17
-1.54551e-16
3.78381e-17
1.88857e-08
-1.47685e-17
-1.11463e-16
4.89523e-17
2.29799e-08
-1.90162e-17
-7.08655e-17
6.27891e-17
2.73861e-08
-2.42325e-17
-2.72046e-17
7.85081e-17
3.14534e-08
-2.97758e-17
2.23504e-17
9.31762e-17
3.36367e-08
-3.37484e-17
4.31694e-17
9.72512e-17
3.05588e-08
-3.16343e-17
5.91754e-17
1.51602e-08
-1.55104e-17
-2.01611e-16
3.29834e-17
3.68832e-08
-1.92698e-16
4.2713e-17
4.50851e-08
-1.64774e-16
5.52095e-17
5.4389e-08
-1.30138e-16
7.09393e-17
6.42239e-08
-8.31236e-17
8.91955e-17
7.30867e-08
-2.14547e-17
1.0663e-16
7.75291e-08
9.50467e-18
1.10747e-16
7.00874e-08
6.56167e-17
3.50151e-08
-3.4322e-16
1.9659e-17
5.12559e-08
-3.29664e-16
2.51751e-17
6.2712e-08
-2.90692e-16
3.25084e-17
7.5734e-08
-2.32072e-16
4.22881e-17
8.9543e-08
-1.52866e-16
5.47928e-17
1.02066e-07
-6.80963e-17
6.87833e-17
1.08511e-07
6.28322e-18
7.80212e-17
9.84233e-08
5.28902e-17
4.95107e-08
-3.72941e-16
8.67681e-18
5.12559e-08
-3.62373e-16
1.12121e-17
6.2712e-08
-3.23974e-16
1.44395e-17
7.5734e-08
-2.6979e-16
1.86965e-17
8.9543e-08
-1.90371e-16
2.48406e-17
1.02066e-07
-9.47203e-17
3.17269e-17
1.08511e-07
-1.40768e-17
3.7318e-17
9.84233e-08
2.66088e-17
4.95107e-08
-3.34252e-16
4.62979e-18
3.68832e-08
-3.16488e-16
6.11047e-18
4.50851e-08
-2.79291e-16
7.73245e-18
5.4389e-08
-2.26613e-16
9.58093e-18
6.42239e-08
-1.60122e-16
1.17858e-17
7.30867e-08
-8.15724e-17
1.3787e-17
7.75291e-08
-8.54459e-18
1.4305e-17
7.00874e-08
8.68576e-18
3.50151e-08
-2.32714e-16
1.53324e-08
2.4506e-18
-2.18018e-16
1.88857e-08
2.99503e-18
-1.88541e-16
2.29799e-08
3.57632e-18
-1.48046e-16
2.73861e-08
4.08872e-18
-1.04698e-16
3.14534e-08
4.52071e-18
-5.0107e-17
3.36367e-08
4.87499e-18
-7.4193e-18
3.05588e-08
4.86486e-18
1.51602e-08
2.94215e-18
2.45925e-16
-2.89089e-17
1.53324e-08
4.21129e-18
2.16492e-16
-3.76073e-17
1.88857e-08
5.8286e-18
1.56169e-16
-4.96685e-17
2.29799e-08
8.1215e-18
1.025e-16
-6.50104e-17
2.73861e-08
1.13378e-17
3.69536e-17
-8.29775e-17
3.14534e-08
1.5192e-17
-4.36008e-17
-1.01167e-16
3.36367e-08
1.84389e-17
-7.65693e-17
-1.08378e-16
3.05588e-08
1.79246e-17
-6.86669e-17
1.51602e-08
9.05389e-18
8.61637e-17
-4.72732e-17
3.68832e-08
7.46703e-17
-6.20591e-17
4.50851e-08
4.22813e-17
-8.1163e-17
5.4389e-08
1.56774e-17
-1.04903e-16
6.42239e-08
-2.25279e-17
-1.32459e-16
7.30867e-08
-7.60355e-17
-1.57919e-16
7.75291e-08
-8.81736e-17
-1.62373e-16
7.00874e-08
-9.49478e-17
3.50151e-08
1.18604e-16
-4.56452e-17
5.12559e-08
9.67749e-17
-5.87499e-17
6.2712e-08
5.48304e-17
-7.57729e-17
7.5734e-08
1.46647e-17
-9.6907e-17
8.9543e-08
-4.01407e-17
-1.21694e-16
1.02066e-07
-9.56851e-17
-1.45506e-16
1.08511e-07
-1.02629e-16
-1.52224e-16
9.84233e-08
-9.36765e-17
4.95107e-08
1.33849e-16
-3.76593e-17
5.12559e-08
1.16859e-16
-4.76103e-17
6.2712e-08
8.56686e-17
-5.97109e-17
7.5734e-08
5.4415e-17
-7.41908e-17
8.9543e-08
1.28166e-17
-9.00143e-17
1.02066e-07
-5.03158e-17
-1.03543e-16
1.08511e-07
-7.6235e-17
-1.03618e-16
9.84233e-08
-5.93411e-17
4.95107e-08
2.1063e-16
-2.21788e-17
3.68832e-08
1.90465e-16
-2.7861e-17
4.50851e-08
1.53395e-16
-3.45966e-17
5.4389e-08
1.14042e-16
-4.23273e-17
6.42239e-08
6.62113e-17
-5.0609e-17
7.30867e-08
-6.05312e-19
-5.68077e-17
7.75291e-08
-4.34287e-17
-5.50858e-17
7.00874e-08
-3.00828e-17
3.50151e-08
2.25755e-16
1.53324e-08
-8.497e-18
2.05788e-16
1.88857e-08
-1.05307e-17
1.74024e-16
2.29799e-08
-1.29161e-17
1.37097e-16
2.73861e-08
-1.55534e-17
9.27281e-17
3.14534e-08
-1.80877e-17
3.65584e-17
3.36367e-08
-1.97203e-17
-8.07067e-18
3.05588e-08
-1.8356e-17
1.51602e-08
-9.53416e-18
-3.45083e-16
-1.68956e-17
1.53324e-08
1.14983e-17
-3.11604e-16
-2.03241e-17
1.88857e-08
1.40046e-17
-2.58506e-16
-2.3298e-17
2.29799e-08
1.67452e-17
-1.93482e-16
-2.53881e-17
2.73861e-08
1.94662e-17
-1.25268e-16
-2.5893e-17
3.14534e-08
2.17294e-17
-5.49644e-17
-2.26349e-17
3.36367e-08
2.28312e-17
-9.58512e-18
-1.36313e-17
3.05588e-08
2.07831e-17
7.7781e-20
1.51602e-08
1.08221e-17
-3.42823e-16
-2.55635e-17
3.68832e-08
-3.31909e-16
-3.10487e-17
4.50851e-08
-3.04218e-16
-3.70562e-17
5.4389e-08
-2.59789e-16
-4.28186e-17
6.42239e-08
-1.96127e-16
-4.69099e-17
7.30867e-08
-1.31518e-16
-4.62637e-17
7.75291e-08
-5.77771e-17
-3.61945e-17
7.00874e-08
-1.28536e-17
3.50151e-08
-3.37469e-16
-3.47807e-17
5.12559e-08
-3.32377e-16
-4.27824e-17
6.2712e-08
-3.09947e-16
-5.19037e-17
7.5734e-08
-2.71024e-16
-6.12058e-17
8.9543e-08
-2.06282e-16
-6.90628e-17
1.02066e-07
-1.33476e-16
-7.0295e-17
1.08511e-07
-6.08509e-17
-5.78262e-17
9.84233e-08
-2.09183e-17
4.95107e-08
-2.72541e-16
-3.35756e-17
5.12559e-08
-2.77469e-16
-4.08812e-17
6.2712e-08
-2.53873e-16
-4.91118e-17
7.5734e-08
-2.27053e-16
-5.77447e-17
8.9543e-08
-1.73555e-16
-6.45216e-17
1.02066e-07
-1.115e-16
-6.60428e-17
1.08511e-07
-5.62495e-17
-5.45569e-17
9.84233e-08
-2.05884e-17
4.95107e-08
-1.54746e-16
-1.9633e-17
3.68832e-08
-1.60507e-16
-2.36555e-17
4.50851e-08
-1.49969e-16
-2.83306e-17
5.4389e-08
-1.29822e-16
-3.34205e-17
6.42239e-08
-1.0283e-16
-3.78624e-17
7.30867e-08
-7.08422e-17
-3.91898e-17
7.75291e-08
-3.47666e-17
-3.4027e-17
7.00874e-08
-1.53343e-17
3.50151e-08
-3.59003e-17
1.53324e-08
-7.81364e-18
-3.92231e-17
1.88857e-08
-9.57518e-18
-3.61568e-17
2.29799e-08
-1.15575e-17
-2.73115e-17
2.73861e-08
-1.36367e-17
-1.65213e-17
3.14534e-08
-1.53537e-17
-8.85893e-18
3.36367e-08
-1.58094e-17
1.26459e-18
3.05588e-08
-1.30321e-17
1.51602e-08
-5.21756e-18
3.09652e-16
-5.78953e-17
1.53324e-08
1.7538e-17
2.88602e-16
-7.19249e-17
1.88857e-08
2.19448e-17
2.29684e-16
-8.93264e-17
2.29799e-08
2.72733e-17
1.70842e-16
-1.08953e-16
2.73861e-08
3.32985e-17
9.86621e-17
-1.28072e-16
3.14534e-08
3.88636e-17
-1.46224e-17
-1.41241e-16
3.36367e-08
4.11567e-17
-7.40376e-17
-1.33878e-16
3.05588e-08
3.50287e-17
-7.16773e-17
1.51602e-08
1.40977e-17
1.32165e-16
-8.79059e-17
3.68832e-08
1.32739e-16
-1.10548e-16
4.50851e-08
9.79719e-17
-1.37297e-16
5.4389e-08
7.57517e-17
-1.66879e-16
6.42239e-08
3.45668e-17
-1.94609e-16
7.30867e-08
-4.54806e-17
-2.10609e-16
7.75291e-08
-8.37241e-17
-1.89989e-16
7.00874e-08
-8.89072e-17
3.50151e-08
2.59987e-16
-8.16538e-17
5.12559e-08
2.4239e-16
-1.01259e-16
6.2712e-08
1.86877e-16
-1.24457e-16
7.5734e-08
1.39096e-16
-1.49679e-16
8.9543e-08
5.63208e-17
-1.73444e-16
1.02066e-07
-4.50607e-17
-1.86362e-16
1.08511e-07
-9.70996e-17
-1.69287e-16
9.84233e-08
-8.30511e-17
4.95107e-08
3.17892e-16
-5.91437e-17
5.12559e-08
2.96668e-16
-7.25162e-17
6.2712e-08
2.5103e-16
-8.73275e-17
7.5734e-08
1.98516e-16
-1.02729e-16
8.9543e-08
1.16089e-16
-1.15986e-16
1.02066e-07
1.35472e-17
-1.20641e-16
1.08511e-07
-5.73602e-17
-1.05381e-16
9.84233e-08
-4.70199e-17
4.95107e-08
3.74213e-16
-2.68133e-17
3.68832e-08
3.45515e-16
-3.28079e-17
4.50851e-08
2.83205e-16
-3.94395e-17
5.4389e-08
2.24002e-16
-4.61314e-17
6.42239e-08
1.37962e-16
-5.19661e-17
7.30867e-08
3.15004e-17
-5.34472e-17
7.75291e-08
-4.40285e-17
-4.65537e-17
7.00874e-08
-2.14846e-17
3.50151e-08
3.05473e-16
1.53324e-08
-7.91031e-18
2.80793e-16
1.88857e-08
-9.48206e-18
2.35343e-16
2.29799e-08
-1.11358e-17
1.8728e-16
2.73861e-08
-1.26001e-17
1.29938e-16
3.14534e-08
-1.34386e-17
5.04423e-17
3.36367e-08
-1.29377e-17
-1.01361e-17
3.05588e-08
-9.98986e-18
1.51602e-08
-3.66692e-18
1.91194e-17
4.43676e-17
1.53324e-08
-1.30612e-17
5.15863e-17
5.90256e-17
1.88857e-08
-1.75093e-17
7.56777e-17
7.88657e-17
2.29799e-08
-2.32717e-17
7.97823e-17
1.03674e-16
2.73861e-08
-3.04466e-17
1.05777e-16
1.33649e-16
3.14534e-08
-3.82395e-17
1.46229e-16
1.64235e-16
3.36367e-08
-4.45208e-17
1.18115e-16
1.74498e-16
3.05588e-08
-4.3166e-17
1.07898e-16
1.51602e-08
-2.23139e-17
1.99335e-16
6.64257e-17
3.68832e-08
2.57431e-16
8.96339e-17
4.50851e-08
2.8687e-16
1.20248e-16
5.4389e-08
3.01033e-16
1.60256e-16
6.42239e-08
2.91582e-16
2.08916e-16
7.30867e-08
2.54475e-16
2.57689e-16
7.75291e-08
1.50426e-16
2.75994e-16
7.00874e-08
1.69778e-16
3.50151e-08
5.93272e-17
7.06642e-17
5.12559e-08
7.81485e-17
9.37275e-17
6.2712e-08
1.34201e-16
1.24796e-16
7.5734e-08
1.70537e-16
1.65476e-16
8.9543e-08
1.90225e-16
2.15652e-16
1.02066e-07
2.13197e-16
2.68683e-16
1.08511e-07
1.49212e-16
2.92155e-16
9.84233e-08
1.85508e-16
4.95107e-08
-4.55633e-17
6.87546e-17
5.12559e-08
-2.85308e-17
8.92227e-17
6.2712e-08
4.62489e-18
1.1559e-16
7.5734e-08
3.25232e-17
1.486e-16
8.9543e-08
6.50196e-17
1.87038e-16
1.02066e-07
9.20169e-17
2.23484e-16
1.08511e-07
7.85936e-17
2.30821e-16
9.84233e-08
1.37287e-16
4.95107e-08
-2.16104e-16
5.06606e-17
3.68832e-08
-1.93685e-16
6.40683e-17
4.50851e-08
-1.54847e-16
8.07054e-17
5.4389e-08
-1.18695e-16
1.003e-16
6.42239e-08
-6.93148e-17
1.2136e-16
7.30867e-08
-9.8419e-18
1.38209e-16
7.75291e-08
3.65808e-17
1.35688e-16
7.00874e-08
7.53335e-17
3.50151e-08
-2.82827e-16
1.53324e-08
2.3153e-17
-2.54719e-16
1.88857e-08
2.89448e-17
-2.16264e-16
2.29799e-08
3.58151e-17
-1.72414e-16
2.73861e-08
4.3563e-17
-1.15058e-16
3.14534e-08
5.11084e-17
-5.56471e-17
3.36367e-08
5.59743e-17
1.37737e-18
3.05588e-08
5.17897e-17
1.51602e-08
2.63323e-17
9.48054e-16
5.61563e-17
1.53324e-08
-2.81429e-17
8.86599e-16
6.96379e-17
1.88857e-08
-3.42576e-17
7.68812e-16
8.38781e-17
2.29799e-08
-4.10174e-17
6.15572e-16
9.76135e-17
2.73861e-08
-4.78853e-17
4.45626e-16
1.09052e-16
3.14534e-08
-5.36364e-17
2.47011e-16
1.11795e-16
3.36367e-08
-5.60257e-17
7.38495e-17
9.48131e-17
3.05588e-08
-4.98312e-17
4.11371e-17
1.51602e-08
-2.43467e-17
1.01444e-15
8.5048e-17
3.68832e-08
1.00585e-15
1.05901e-16
4.50851e-08
9.31566e-16
1.29906e-16
5.4389e-08
8.11625e-16
1.55742e-16
6.42239e-08
6.2843e-16
1.79551e-16
7.30867e-08
4.13717e-16
1.91294e-16
7.75291e-08
1.71639e-16
1.72333e-16
7.00874e-08
8.17976e-17
3.50151e-08
8.43541e-16
9.74606e-17
5.12559e-08
8.56261e-16
1.20779e-16
6.2712e-08
8.1441e-16
1.47842e-16
7.5734e-08
7.21528e-16
1.76928e-16
8.9543e-08
5.73712e-16
2.03539e-16
1.02066e-07
3.92184e-16
2.16236e-16
1.08511e-07
1.7539e-16
1.90077e-16
9.84233e-08
8.58928e-17
4.95107e-08
5.48965e-16
8.32213e-17
5.12559e-08
5.65576e-16
1.0142e-16
6.2712e-08
5.48891e-16
1.21866e-16
7.5734e-08
5.02294e-16
1.43092e-16
8.9543e-08
4.14463e-16
1.60091e-16
1.02066e-07
2.94522e-16
1.6402e-16
1.08511e-07
1.50701e-16
1.37116e-16
9.84233e-08
5.39741e-17
4.95107e-08
2.25115e-16
4.5132e-17
3.68832e-08
2.5089e-16
5.41959e-17
4.50851e-08
2.63526e-16
6.43913e-17
5.4389e-08
2.48415e-16
7.4714e-17
6.42239e-08
2.22208e-16
8.26881e-17
7.30867e-08
1.77037e-16
8.32632e-17
7.75291e-08
9.96385e-17
6.92012e-17
7.00874e-08
2.85839e-17
3.50151e-08
1.42718e-17
1.53324e-08
1.51416e-17
3.61527e-17
1.88857e-08
1.82402e-17
4.52504e-17
2.29799e-08
2.15818e-17
4.97343e-17
2.73861e-08
2.47215e-17
5.31015e-17
3.14534e-08
2.68073e-17
4.95448e-17
3.36367e-08
2.61348e-17
2.89566e-17
3.05588e-08
2.01711e-17
1.51602e-08
6.93609e-18
8.74367e-17
6.71165e-17
1.53324e-08
-2.3147e-17
7.81901e-17
8.30587e-17
1.88857e-08
-2.86189e-17
7.16508e-17
1.02059e-16
2.29799e-08
-3.49635e-17
6.03956e-17
1.22432e-16
2.73861e-08
-4.17007e-17
4.6091e-17
1.40898e-16
3.14534e-08
-4.73712e-17
4.49589e-17
1.5038e-16
3.36367e-08
-4.87954e-17
3.40164e-17
1.36021e-16
3.05588e-08
-4.05045e-17
6.74973e-17
1.51602e-08
-1.57374e-17
3.93449e-16
9.89681e-17
3.68832e-08
3.48538e-16
1.23178e-16
4.50851e-08
2.78538e-16
1.50569e-16
5.4389e-08
2.00754e-16
1.79351e-16
6.42239e-08
1.06812e-16
2.03288e-16
7.30867e-08
3.05711e-17
2.10067e-16
7.75291e-08
-1.53141e-17
1.76722e-16
7.00874e-08
7.10026e-17
3.50151e-08
3.79244e-16
8.37376e-17
5.12559e-08
3.36332e-16
1.03405e-16
6.2712e-08
2.75799e-16
1.25768e-16
7.5734e-08
2.06316e-16
1.48535e-16
8.9543e-08
1.23227e-16
1.66671e-16
1.02066e-07
2.81466e-17
1.69336e-16
1.08511e-07
-2.17021e-17
1.39615e-16
9.84233e-08
5.50049e-17
4.95107e-08
4.00631e-16
4.30425e-17
5.12559e-08
3.6305e-16
5.23788e-17
6.2712e-08
2.96289e-16
6.2458e-17
7.5734e-08
2.18122e-16
7.18073e-17
8.9543e-08
1.30636e-16
7.69188e-17
1.02066e-07
1.83014e-17
7.32411e-17
1.08511e-07
-4.95251e-17
5.36425e-17
9.84233e-08
1.54962e-17
4.95107e-08
4.55993e-16
-2.01399e-18
3.68832e-08
4.15628e-16
-3.65051e-18
4.50851e-08
3.4346e-16
-5.93673e-18
5.4389e-08
2.5932e-16
-9.33723e-18
6.42239e-08
1.64424e-16
-1.45108e-17
7.30867e-08
4.74447e-17
-2.05741e-17
7.75291e-08
-3.76637e-17
-2.47741e-17
7.00874e-08
-1.67697e-17
3.50151e-08
4.9138e-16
1.53324e-08
-1.55678e-17
4.51215e-16
1.88857e-08
-1.96184e-17
3.81793e-16
2.29799e-08
-2.44521e-17
3.03929e-16
2.73861e-08
-2.99461e-17
2.10756e-16
3.14534e-08
-3.54851e-17
8.84438e-17
3.36367e-08
-3.94761e-17
-6.4006e-18
3.05588e-08
-3.76403e-17
1.51602e-08
-2.02221e-17
6.13287e-17
-2.93755e-17
1.53324e-08
6.40195e-18
4.3766e-17
-4.00179e-17
1.88857e-08
9.04357e-18
7.17845e-18
-5.5327e-17
2.29799e-08
1.26948e-17
-2.66332e-17
-7.58798e-17
2.73861e-08
1.76378e-17
-5.16053e-17
-1.01112e-16
3.14534e-08
2.36354e-17
-7.16763e-17
-1.27043e-16
3.36367e-08
2.90859e-17
-5.68746e-17
-1.38119e-16
3.05588e-08
2.96667e-17
-8.68182e-17
1.51602e-08
1.6505e-17
-1.64353e-17
-3.80485e-17
3.68832e-08
-1.64484e-17
-5.39501e-17
4.50851e-08
-2.74138e-17
-7.61863e-17
5.4389e-08
-3.2966e-17
-1.06405e-16
6.42239e-08
-3.58879e-17
-1.44326e-16
7.30867e-08
-2.94934e-17
-1.83889e-16
7.75291e-08
-4.84744e-18
-2.00172e-16
7.00874e-08
-1.2163e-16
3.50151e-08
5.41214e-17
-3.18708e-17
5.12559e-08
6.47656e-17
-4.60072e-17
6.2712e-08
5.88925e-17
-6.64391e-17
7.5734e-08
6.08624e-17
-9.46778e-17
8.9543e-08
5.7528e-17
-1.31629e-16
1.02066e-07
4.12957e-17
-1.72138e-16
1.08511e-07
4.02688e-17
-1.91965e-16
9.84233e-08
-1.23018e-16
4.95107e-08
5.01352e-17
-2.77281e-17
5.12559e-08
7.56174e-17
-3.91832e-17
6.2712e-08
9.50202e-17
-5.5035e-17
7.5734e-08
1.16148e-16
-7.60679e-17
8.9543e-08
1.20858e-16
-1.01725e-16
1.02066e-07
1.24868e-16
-1.27483e-16
1.08511e-07
8.2156e-17
-1.3778e-16
9.84233e-08
-8.43007e-17
4.95107e-08
2.24884e-17
-1.914e-17
3.68832e-08
4.77391e-17
-2.49411e-17
4.50851e-08
7.14223e-17
-3.23904e-17
5.4389e-08
9.33731e-17
-4.11997e-17
6.42239e-08
9.51408e-17
-5.04588e-17
7.30867e-08
1.06301e-16
-5.77984e-17
7.75291e-08
7.84113e-17
-5.56823e-17
7.00874e-08
-2.97306e-17
3.50151e-08
-1.10011e-16
1.53324e-08
-4.821e-18
-9.78227e-17
1.88857e-08
-5.92748e-18
-7.38608e-17
2.29799e-08
-7.17003e-18
-5.69938e-17
2.73861e-08
-8.38709e-18
-3.01373e-17
3.14534e-08
-9.25624e-18
2.99643e-18
3.36367e-08
-9.08688e-18
2.15229e-17
3.05588e-08
-6.86985e-18
1.51602e-08
-2.18112e-18
-4.62834e-16
-1.08652e-17
1.53324e-08
1.47281e-17
-4.23664e-16
-1.29776e-17
1.88857e-08
1.79803e-17
-3.57356e-16
-1.45532e-17
2.29799e-08
2.15846e-17
-2.80998e-16
-1.53744e-17
2.73861e-08
2.52323e-17
-1.93101e-16
-1.48499e-17
3.14534e-08
2.8386e-17
-8.3796e-17
-1.12712e-17
3.36367e-08
3.00344e-17
-6.73665e-18
-3.39417e-18
3.05588e-08
2.74876e-17
5.26327e-18
1.51602e-08
1.45707e-17
-3.26742e-16
-8.21802e-18
3.68832e-08
-3.28357e-16
-9.71658e-18
4.50851e-08
-3.11511e-16
-1.1349e-17
5.4389e-08
-2.75837e-16
-1.25252e-17
6.42239e-08
-2.30545e-16
-1.28359e-17
7.30867e-08
-1.52009e-16
-1.07084e-17
7.75291e-08
-6.46207e-17
-5.31225e-18
7.00874e-08
1.23048e-18
3.50151e-08
-2.01087e-16
-1.58439e-17
5.12559e-08
-2.23418e-16
-1.92239e-17
6.2712e-08
-2.26027e-16
-2.271e-17
7.5734e-08
-2.21993e-16
-2.60843e-17
8.9543e-08
-2.05514e-16
-2.7727e-17
1.02066e-07
-1.55712e-16
-2.50595e-17
1.08511e-07
-8.42132e-17
-1.50784e-17
9.84233e-08
-6.72598e-20
4.95107e-08
-1.30274e-17
-2.31483e-17
5.12559e-08
-3.87337e-17
-2.74608e-17
6.2712e-08
-6.46485e-17
-3.16999e-17
7.5734e-08
-8.15251e-17
-3.52888e-17
8.9543e-08
-9.80335e-17
-3.69559e-17
1.02066e-07
-1.10216e-16
-3.41158e-17
1.08511e-07
-9.49117e-17
-2.25334e-17
9.84233e-08
-1.99812e-18
4.95107e-08
1.82103e-16
-2.49699e-17
3.68832e-08
1.4452e-16
-3.01001e-17
4.50851e-08
9.45542e-17
-3.54732e-17
5.4389e-08
3.64662e-17
-4.05896e-17
6.42239e-08
-1.1529e-17
-4.41789e-17
7.30867e-08
-6.50424e-17
-4.36419e-17
7.75291e-08
-6.6033e-17
-3.45296e-17
7.00874e-08
-1.28373e-17
3.50151e-08
2.93708e-16
1.53324e-08
-1.64335e-17
2.58194e-16
1.88857e-08
-2.01153e-17
2.10322e-16
2.29799e-08
-2.42507e-17
1.59138e-16
2.73861e-08
-2.85498e-17
9.66244e-17
3.14534e-08
-3.22825e-17
2.85332e-17
3.36367e-08
-3.38846e-17
-1.38965e-17
3.05588e-08
-3.01483e-17
1.51602e-08
-1.45916e-17
-2.2937e-16
-8.29291e-17
1.53324e-08
3.23749e-17
-2.10818e-16
-1.04168e-16
1.88857e-08
4.03766e-17
-2.03345e-16
-1.30549e-16
2.29799e-08
4.98558e-17
-1.78535e-16
-1.60811e-16
2.73861e-08
6.03595e-17
-1.53261e-16
-1.91957e-16
3.14534e-08
7.00528e-17
-1.29103e-16
-2.14933e-16
3.36367e-08
7.4778e-17
-7.49038e-17
-2.06385e-16
3.05588e-08
6.59042e-17
-1.12442e-16
1.51602e-08
2.96901e-17
-5.40196e-16
-1.13409e-16
3.68832e-08
-4.96896e-16
-1.44324e-16
4.50851e-08
-4.35268e-16
-1.8186e-16
5.4389e-08
-3.61672e-16
-2.25346e-16
6.42239e-08
-2.6186e-16
-2.70168e-16
7.30867e-08
-1.57068e-16
-3.03156e-16
7.75291e-08
-5.11748e-17
-2.88587e-16
7.00874e-08
-1.50939e-16
3.50151e-08
-4.25898e-16
-9.736e-17
5.12559e-08
-3.84326e-16
-1.23492e-16
6.2712e-08
-3.3717e-16
-1.55807e-16
7.5734e-08
-2.75941e-16
-1.93774e-16
8.9543e-08
-2.15965e-16
-2.33968e-16
1.02066e-07
-1.19416e-16
-2.64903e-16
1.08511e-07
-3.42084e-17
-2.58245e-16
9.84233e-08
-1.41727e-16
4.95107e-08
-3.57506e-16
-6.23584e-17
5.12559e-08
-3.22635e-16
-7.87504e-17
6.2712e-08
-2.63301e-16
-9.85224e-17
7.5734e-08
-2.03082e-16
-1.21281e-16
8.9543e-08
-1.37748e-16
-1.44121e-16
1.02066e-07
-5.00258e-17
-1.59923e-16
1.08511e-07
1.35069e-17
-1.5241e-16
9.84233e-08
-8.0822e-17
4.95107e-08
-3.04225e-16
-2.31611e-17
3.68832e-08
-2.73197e-16
-2.84598e-17
4.50851e-08
-2.2318e-16
-3.46525e-17
5.4389e-08
-1.65453e-16
-4.11608e-17
6.42239e-08
-1.10727e-16
-4.68538e-17
7.30867e-08
-3.28431e-17
-4.92931e-17
7.75291e-08
2.33131e-17
-4.31014e-17
7.00874e-08
-2.01164e-17
3.50151e-08
-3.32299e-16
1.53324e-08
9.42161e-19
-3.06045e-16
1.88857e-08
1.42865e-18
-2.61283e-16
2.29799e-08
2.09944e-18
-2.11727e-16
2.73861e-08
3.05766e-18
-1.50472e-16
3.14534e-08
4.40869e-18
-6.42828e-17
3.36367e-08
6.01743e-18
-1.12205e-18
3.05588e-08
6.97908e-18
1.51602e-08
4.93127e-18
-1.70127e-16
1.26091e-17
1.53324e-08
-3.89501e-18
-1.48795e-16
1.83503e-17
1.88857e-08
-5.94771e-18
-1.06171e-16
2.74204e-17
2.29799e-08
-8.93214e-18
-6.69811e-17
4.0488e-17
2.73861e-08
-1.31812e-17
-2.31073e-17
5.77946e-17
3.14534e-08
-1.857e-17
8.94775e-18
7.76317e-17
3.36367e-08
-2.38801e-17
2.00233e-17
9.03395e-17
3.05588e-08
-2.53984e-17
6.16196e-17
1.51602e-08
-1.4808e-17
-2.00338e-16
2.51119e-18
3.68832e-08
-1.93912e-16
7.72708e-18
4.50851e-08
-1.72967e-16
1.64732e-17
5.4389e-08
-1.45578e-16
3.03595e-17
6.42239e-08
-1.03348e-16
5.10952e-17
7.30867e-08
-8.1112e-17
7.71959e-17
7.75291e-08
-3.91226e-17
9.70708e-17
7.00874e-08
6.82599e-17
3.50151e-08
-2.39676e-16
-1.32094e-17
5.12559e-08
-2.4838e-16
-1.18184e-17
6.2712e-08
-2.38083e-16
-7.37714e-18
7.5734e-08
-2.15733e-16
1.82519e-18
8.9543e-08
-1.77816e-16
1.84469e-17
1.02066e-07
-1.3904e-16
4.34022e-17
1.08511e-07
-8.0562e-17
6.99059e-17
9.84233e-08
5.97322e-17
4.95107e-08
-1.0938e-16
-1.9185e-17
5.12559e-08
-1.27318e-16
-1.98861e-17
6.2712e-08
-1.47687e-16
-1.86705e-17
7.5734e-08
-1.51459e-16
-1.42311e-17
8.9543e-08
-1.4633e-16
-4.89232e-18
1.02066e-07
-1.39607e-16
1.05028e-17
1.08511e-07
-1.08613e-16
2.79845e-17
9.84233e-08
3.05305e-17
4.95107e-08
7.62443e-17
-1.95066e-17
3.68832e-08
4.2022e-17
-2.26917e-17
4.50851e-08
1.63591e-18
-2.55478e-17
5.4389e-08
-3.59034e-17
-2.77452e-17
6.42239e-08
-6.16645e-17
-2.82376e-17
7.30867e-08
-9.68333e-17
-2.49727e-17
7.75291e-08
-8.19699e-17
-1.74121e-17
7.00874e-08
-4.14568e-18
3.50151e-08
2.41918e-16
1.53324e-08
-1.44533e-17
2.10976e-16
1.88857e-08
-1.77416e-17
1.65208e-16
2.29799e-08
-2.14704e-17
1.21888e-16
2.73861e-08
-2.54345e-17
7.00036e-17
3.14534e-08
-2.90069e-17
3.5005e-18
3.36367e-08
-3.08816e-17
-3.45672e-17
3.05588e-08
-2.80143e-17
1.51602e-08
-1.41284e-17
1.11158e-16
-4.203e-17
1.53324e-08
7.28322e-18
9.50291e-17
-5.32989e-17
1.88857e-08
9.41057e-18
5.52246e-17
-6.77083e-17
2.29799e-08
1.21459e-17
2.71853e-17
-8.47572e-17
2.73861e-08
1.55541e-17
-4.62857e-18
-1.03284e-16
3.14534e-08
1.91165e-17
-6.35171e-17
-1.19894e-16
3.36367e-08
2.15915e-17
-7.69413e-17
-1.21333e-16
3.05588e-08
1.98551e-17
-7.20049e-17
1.51602e-08
9.09823e-18
-1.50492e-16
-7.10215e-17
3.68832e-08
-1.39747e-16
-9.01137e-17
4.50851e-08
-1.29613e-16
-1.13137e-16
5.4389e-08
-1.14757e-16
-1.39932e-16
6.42239e-08
-9.00854e-17
-1.67968e-16
7.30867e-08
-8.29707e-17
-1.9034e-16
7.75291e-08
-6.36516e-17
-1.8667e-16
7.00874e-08
-1.02699e-16
3.50151e-08
-1.56102e-16
-6.95892e-17
5.12559e-08
-1.36127e-16
-8.68826e-17
6.2712e-08
-1.27269e-16
-1.0786e-16
7.5734e-08
-1.04705e-16
-1.3198e-16
8.9543e-08
-8.29152e-17
-1.57338e-16
1.02066e-07
-7.45423e-17
-1.77782e-16
1.08511e-07
-5.61921e-17
-1.76083e-16
9.84233e-08
-1.01725e-16
4.95107e-08
-1.4699e-16
-5.23866e-17
5.12559e-08
-1.3515e-16
-6.48014e-17
6.2712e-08
-1.11689e-16
-7.95005e-17
7.5734e-08
-8.29922e-17
-9.60763e-17
8.9543e-08
-5.85826e-17
-1.12677e-16
1.02066e-07
-3.94905e-17
-1.24348e-16
1.08511e-07
-2.6124e-17
-1.19882e-16
9.84233e-08
-6.55291e-17
4.95107e-08
-9.89921e-17
-2.51461e-17
3.68832e-08
-9.35049e-17
-3.06393e-17
4.50851e-08
-7.92515e-17
-3.7099e-17
5.4389e-08
-5.49119e-17
-4.41397e-17
6.42239e-08
-3.64607e-17
-5.08946e-17
7.30867e-08
-2.28349e-17
-5.47951e-17
7.75291e-08
-9.38323e-18
-4.99102e-17
7.00874e-08
-2.56459e-17
3.50151e-08
-7.97936e-17
1.53324e-08
-5.89051e-18
-7.90082e-17
1.88857e-08
-7.03024e-18
-7.03663e-17
2.29799e-08
-8.21502e-18
-5.53681e-17
2.73861e-08
-9.30597e-18
-4.07329e-17
3.14534e-08
-9.97733e-18
-2.05301e-17
3.36367e-08
-9.54934e-18
-8.28457e-18
3.05588e-08
-7.37335e-18
1.51602e-08
-2.59592e-18
-2.46052e-16
-2.91232e-18
1.53324e-08
2.84358e-18
-2.30627e-16
-2.33621e-18
1.88857e-08
3.02771e-18
-1.92424e-16
1.97445e-20
2.29799e-08
2.99978e-18
-1.43024e-16
4.56778e-18
2.73861e-08
2.63996e-18
-1.02538e-16
1.13624e-17
3.14534e-08
1.91259e-18
-6.7715e-17
2.01298e-17
3.36367e-08
1.16459e-18
-3.78245e-17
2.73207e-17
3.05588e-08
8.63967e-19
2.12732e-17
1.51602e-08
8.73564e-19
-2.29025e-16
-1.21949e-17
3.68832e-08
-2.49001e-16
-1.24254e-17
4.50851e-08
-2.53231e-16
-1.12432e-17
5.4389e-08
-2.34136e-16
-7.62635e-18
6.42239e-08
-2.10372e-16
-1.04574e-18
7.30867e-08
-1.99372e-16
8.15192e-18
7.75291e-08
-1.47802e-16
1.76152e-17
7.00874e-08
1.52675e-17
3.50151e-08
-1.85728e-16
-2.79544e-17
5.12559e-08
-2.25767e-16
-3.07839e-17
6.2712e-08
-2.52672e-16
-3.20867e-17
7.5734e-08
-2.5106e-16
-3.09207e-17
8.9543e-08
-2.43143e-16
-2.58493e-17
1.02066e-07
-2.42448e-16
-1.50334e-17
1.08511e-07
-1.82973e-16
8.91558e-19
9.84233e-08
1.14814e-17
4.95107e-08
-5.99493e-18
-3.73215e-17
5.12559e-08
-5.29194e-17
-4.19718e-17
6.2712e-08
-1.03407e-16
-4.55373e-17
7.5734e-08
-1.41646e-16
-4.74082e-17
8.9543e-08
-1.67537e-16
-4.57868e-17
1.02066e-07
-2.23292e-16
-3.86131e-17
1.08511e-07
-1.96226e-16
-2.31014e-17
9.84233e-08
-2.83556e-19
4.95107e-08
2.7359e-16
-3.23756e-17
3.68832e-08
2.08654e-16
-3.85436e-17
4.50851e-08
1.17758e-16
-4.52549e-17
5.4389e-08
4.93043e-17
-5.22092e-17
6.42239e-08
-2.36084e-17
-5.83107e-17
7.30867e-08
-1.27771e-16
-5.99862e-17
7.75291e-08
-1.47755e-16
-5.23453e-17
7.00874e-08
-2.47191e-17
3.50151e-08
5.00815e-16
1.53324e-08
-2.15678e-17
4.42748e-16
1.88857e-08
-2.64358e-17
3.60338e-16
2.29799e-08
-3.19598e-17
2.78565e-16
2.73861e-08
-3.78048e-17
1.76006e-16
3.14534e-08
-4.29165e-17
3.87266e-17
3.36367e-08
-4.525e-17
-5.10812e-17
3.05588e-08
-4.03174e-17
1.51602e-08
-1.9547e-17
1.78944e-16
-9.6635e-17
1.53324e-08
2.88084e-17
1.62828e-16
-1.19985e-16
1.88857e-08
3.59625e-17
1.24146e-16
-1.47808e-16
2.29799e-08
4.44382e-17
9.53013e-17
-1.78036e-16
2.73861e-08
5.37948e-17
5.57534e-17
-2.06726e-16
3.14534e-08
6.22692e-17
-3.09835e-17
-2.24596e-16
3.36367e-08
6.59769e-17
-7.95158e-17
-2.08068e-16
3.05588e-08
5.69758e-17
-1.07326e-16
1.51602e-08
2.44847e-17
4.75549e-17
-1.5179e-16
3.68832e-08
3.80836e-17
-1.89931e-16
4.50851e-08
3.01808e-17
-2.34405e-16
5.4389e-08
2.89606e-17
-2.83163e-16
6.42239e-08
2.76563e-17
-3.29234e-16
7.30867e-08
-6.66425e-18
-3.55921e-16
7.75291e-08
-4.27415e-17
-3.2516e-16
7.00874e-08
-1.57821e-16
3.50151e-08
2.80181e-16
-1.51323e-16
5.12559e-08
2.71757e-16
-1.88029e-16
6.2712e-08
2.42269e-16
-2.31336e-16
7.5734e-08
2.13678e-16
-2.79134e-16
8.9543e-08
1.6991e-16
-3.25346e-16
1.02066e-07
6.83141e-17
-3.5525e-16
1.08511e-07
-4.97526e-18
-3.30912e-16
9.84233e-08
-1.70316e-16
4.95107e-08
4.0754e-16
-1.14322e-16
5.12559e-08
4.13039e-16
-1.41472e-16
6.2712e-08
3.97468e-16
-1.72742e-16
7.5734e-08
3.70799e-16
-2.06595e-16
8.9543e-08
3.10906e-16
-2.38086e-16
1.02066e-07
1.94383e-16
-2.55636e-16
1.08511e-07
6.9715e-17
-2.32359e-16
9.84233e-08
-1.15117e-16
4.95107e-08
4.85601e-16
-6.22551e-17
3.68832e-08
4.67695e-16
-7.63904e-17
4.50851e-08
4.35252e-16
-9.2688e-17
5.4389e-08
3.86503e-16
-1.09777e-16
6.42239e-08
3.02472e-16
-1.25178e-16
7.30867e-08
1.86194e-16
-1.31963e-16
7.75291e-08
6.88804e-17
-1.17465e-16
7.00874e-08
-5.64665e-17
3.50151e-08
3.21593e-16
1.53324e-08
-2.27562e-17
2.98972e-16
1.88857e-08
-2.76368e-17
2.70387e-16
2.29799e-08
-3.3042e-17
2.31272e-16
2.73861e-08
-3.84292e-17
1.75629e-16
3.14534e-08
-4.2586e-17
1.13864e-16
3.36367e-08
-4.31672e-17
4.57536e-17
3.05588e-08
-3.616e-17
1.51602e-08
-1.5254e-17
1.40801e-15
1.5131e-16
1.53324e-08
-7.51032e-17
1.32612e-15
1.91724e-16
1.88857e-08
-9.34914e-17
1.18705e-15
2.41054e-16
2.29799e-08
-1.15199e-16
1.01143e-15
2.99189e-16
2.73861e-08
-1.3936e-16
7.66206e-16
3.60809e-16
3.14534e-08
-1.62706e-16
4.74896e-16
4.1131e-16
3.36367e-08
-1.7686e-16
1.66459e-16
4.04751e-16
3.05588e-08
-1.62725e-16
2.27831e-16
1.51602e-08
-8.1775e-17
1.65234e-15
1.96644e-16
3.68832e-08
1.56252e-15
2.52878e-16
4.50851e-08
1.47479e-15
3.24843e-16
5.4389e-08
1.26693e-15
4.1281e-16
6.42239e-08
1.03463e-15
5.16604e-16
7.30867e-08
6.52388e-16
6.10824e-16
7.75291e-08
2.32211e-16
6.29026e-16
7.00874e-08
3.735e-16
3.50151e-08
1.26774e-15
1.82256e-16
5.12559e-08
1.25092e-15
2.35712e-16
6.2712e-08
1.17261e-15
3.04253e-16
7.5734e-08
1.08945e-15
3.91662e-16
8.9543e-08
8.34046e-16
4.92711e-16
1.02066e-07
5.09516e-16
5.96541e-16
1.08511e-07
1.53092e-16
6.28669e-16
9.84233e-08
3.8078e-16
4.95107e-08
8.32644e-16
1.30191e-16
5.12559e-08
7.84811e-16
1.68477e-16
6.2712e-08
7.57058e-16
2.17398e-16
7.5734e-08
6.48332e-16
2.7757e-16
8.9543e-08
5.65938e-16
3.50178e-16
1.02066e-07
2.77607e-16
4.17202e-16
1.08511e-07
1.47944e-17
4.32941e-16
9.84233e-08
2.59724e-16
4.95107e-08
5.39447e-16
6.61493e-17
3.68832e-08
4.89449e-16
8.42401e-17
4.50851e-08
4.434e-16
1.06124e-16
5.4389e-08
4.02007e-16
1.31909e-16
6.42239e-08
2.80879e-16
1.59395e-16
7.30867e-08
7.9592e-17
1.84206e-16
7.75291e-08
-6.99405e-17
1.82549e-16
7.00874e-08
1.00894e-16
3.50151e-08
2.97998e-16
1.53324e-08
1.37575e-17
2.80903e-16
1.88857e-08
1.77649e-17
2.77614e-16
2.29799e-08
2.27144e-17
2.42044e-16
2.73861e-08
2.85835e-17
2.11505e-16
3.14534e-08
3.50342e-17
6.04831e-17
3.36367e-08
4.03035e-17
-4.42498e-17
3.05588e-08
4.00151e-17
1.51602e-08
2.28261e-17
-8.31945e-16
-3.75873e-17
1.53324e-08
3.46246e-17
-7.8171e-16
-4.86067e-17
1.88857e-08
4.36779e-17
-6.90718e-16
-6.26138e-17
2.29799e-08
5.47338e-17
-5.8023e-16
-8.06998e-17
2.73861e-08
6.77912e-17
-4.37519e-16
-1.0388e-16
3.14534e-08
8.2003e-17
-2.61405e-16
-1.29657e-16
3.36367e-08
9.403e-17
-8.07915e-17
-1.44224e-16
3.05588e-08
9.3845e-17
-9.54414e-17
1.51602e-08
5.41336e-17
-5.7077e-16
-1.5001e-17
3.68832e-08
-5.76447e-16
-2.09895e-17
4.50851e-08
-5.49027e-16
-3.04621e-17
5.4389e-08
-4.99918e-16
-4.61769e-17
6.42239e-08
-4.23074e-16
-7.3235e-17
7.30867e-08
-3.02452e-16
-1.1528e-16
7.75291e-08
-1.36441e-16
-1.63439e-16
7.00874e-08
-1.40637e-16
3.50151e-08
-3.98217e-16
-2.65579e-18
5.12559e-08
-4.12743e-16
-5.35519e-18
6.2712e-08
-3.9623e-16
-1.09654e-17
7.5734e-08
-3.59615e-16
-2.24121e-17
8.9543e-08
-2.99317e-16
-4.48594e-17
1.02066e-07
-2.1897e-16
-8.4522e-17
1.08511e-07
-1.03544e-16
-1.36573e-16
9.84233e-08
-1.28936e-16
4.95107e-08
-3.2079e-16
8.04576e-18
5.12559e-08
-3.31776e-16
8.28725e-18
6.2712e-08
-3.0229e-16
6.67163e-18
7.5734e-08
-2.66515e-16
1.25505e-18
8.9543e-08
-2.08635e-16
-1.10115e-17
1.02066e-07
-1.32004e-16
-3.5283e-17
1.08511e-07
-5.26608e-17
-6.73768e-17
9.84233e-08
-6.97409e-17
4.95107e-08
-3.50379e-16
1.63158e-17
3.68832e-08
-3.30183e-16
1.94919e-17
4.50851e-08
-2.81401e-16
2.2349e-17
5.4389e-08
-2.18887e-16
2.38262e-17
6.42239e-08
-1.4828e-16
2.26932e-17
7.30867e-08
-6.19735e-17
1.65488e-17
7.75291e-08
-1.02886e-17
4.50775e-18
7.00874e-08
-7.40537e-18
3.50151e-08
-3.53052e-16
1.53324e-08
1.42202e-17
-3.2881e-16
1.88857e-08
1.74627e-17
-2.79569e-16
2.29799e-08
2.11375e-17
-2.20734e-16
2.73861e-08
2.49557e-17
-1.52292e-16
3.14534e-08
2.82435e-17
-7.3266e-17
3.36367e-08
2.95119e-17
-1.34673e-17
3.05588e-08
2.58254e-17
1.51602e-08
1.19951e-17
2.0477e-16
3.62089e-17
1.53324e-08
-2.68931e-17
1.65106e-16
4.2574e-17
1.88857e-08
-3.31485e-17
1.06143e-16
4.91727e-17
2.29799e-08
-4.04127e-17
6.30553e-17
5.56579e-17
2.73861e-08
-4.83446e-17
1.40095e-17
6.1112e-17
3.14534e-08
-5.62172e-17
-6.58649e-17
6.17873e-17
3.36367e-08
-6.19992e-17
-1.01284e-16
5.36282e-17
3.05588e-08
-5.96772e-17
2.52479e-17
1.51602e-08
-3.33236e-17
-2.50078e-16
4.55126e-17
3.68832e-08
-2.63008e-16
5.25387e-17
4.50851e-08
-2.91234e-16
5.94307e-17
5.4389e-08
-2.74952e-16
6.58003e-17
6.42239e-08
-2.55972e-16
7.05352e-17
7.30867e-08
-2.5729e-16
7.17982e-17
7.75291e-08
-1.97245e-16
6.87392e-17
7.00874e-08
4.2536e-17
3.50151e-08
-5.18337e-16
5.86506e-17
5.12559e-08
-5.32022e-16
7.11668e-17
6.2712e-08
-5.35178e-16
8.51435e-17
7.5734e-08
-5.02524e-16
9.98529e-17
8.9543e-08
-4.54448e-16
1.13442e-16
1.02066e-07
-4.00866e-16
1.24085e-16
1.08511e-07
-2.74097e-16
1.22194e-16
9.84233e-08
7.56804e-17
4.95107e-08
-7.18258e-16
5.47627e-17
5.12559e-08
-7.24718e-16
6.95795e-17
6.2712e-08
-7.17228e-16
8.702e-17
7.5734e-08
-6.6387e-16
1.06559e-16
8.9543e-08
-5.73901e-16
1.26515e-16
1.02066e-07
-4.87492e-16
1.4241e-16
1.08511e-07
-3.09378e-16
1.41171e-16
9.84233e-08
8.64059e-17
4.95107e-08
-6.99783e-16
3.99025e-17
3.68832e-08
-7.03126e-16
5.03371e-17
4.50851e-08
-6.86228e-16
6.22161e-17
5.4389e-08
-6.27868e-16
7.45985e-17
6.42239e-08
-5.3796e-16
8.60272e-17
7.30867e-08
-4.40863e-16
9.35393e-17
7.75291e-08
-2.68875e-16
8.68658e-17
7.00874e-08
4.58445e-17
3.50151e-08
-3.11071e-16
1.53324e-08
1.80897e-17
-3.06979e-16
1.88857e-08
2.23211e-17
-2.97995e-16
2.29799e-08
2.72224e-17
-2.65383e-16
2.73861e-08
3.24864e-17
-2.2594e-16
3.14534e-08
3.72271e-17
-2.04863e-16
3.36367e-08
3.95121e-17
-1.39812e-16
3.05588e-08
3.51527e-17
1.51602e-08
1.66296e-17
-6.63228e-16
-5.32294e-17
1.53324e-08
3.08247e-17
-6.1255e-16
-6.7201e-17
1.88857e-08
3.81411e-17
-5.29982e-16
-8.3557e-17
2.29799e-08
4.67352e-17
-4.2327e-16
-1.01959e-16
2.73861e-08
5.64224e-17
-3.07263e-16
-1.2127e-16
3.14534e-08
6.61786e-17
-1.96166e-16
-1.36512e-16
3.36367e-08
7.30535e-17
-8.17865e-17
-1.32955e-16
3.05588e-08
6.95053e-17
-7.43573e-17
1.51602e-08
3.74753e-17
-7.36949e-16
-5.43038e-17
3.68832e-08
-7.17124e-16
-7.08781e-17
4.50851e-08
-6.57752e-16
-9.18469e-17
5.4389e-08
-5.60709e-16
-1.17856e-16
6.42239e-08
-4.30088e-16
-1.48154e-16
7.30867e-08
-3.11563e-16
-1.77167e-16
7.75291e-08
-1.64073e-16
-1.84903e-16
7.00874e-08
-1.13218e-16
3.50151e-08
-6.95705e-16
-3.02077e-17
5.12559e-08
-6.74469e-16
-4.08982e-17
6.2712e-08
-6.20601e-16
-5.56345e-17
7.5734e-08
-5.30578e-16
-7.53382e-17
8.9543e-08
-4.14066e-16
-1.00491e-16
1.02066e-07
-2.93004e-16
-1.28331e-16
1.08511e-07
-1.62401e-16
-1.45184e-16
9.84233e-08
-9.60368e-17
4.95107e-08
-6.3854e-16
-1.2765e-18
5.12559e-08
-6.08516e-16
-3.16847e-18
6.2712e-08
-5.42455e-16
-6.89803e-18
7.5734e-08
-4.47827e-16
-1.406e-17
8.9543e-08
-3.30304e-16
-2.57482e-17
1.02066e-07
-2.36659e-16
-4.28612e-17
1.08511e-07
-1.19291e-16
-5.8961e-17
9.84233e-08
-4.66936e-17
4.95107e-08
-5.35433e-16
1.85214e-17
3.68832e-08
-4.96914e-16
2.17986e-17
4.50851e-08
-4.34325e-16
2.42783e-17
5.4389e-08
-3.42425e-16
2.45995e-17
6.42239e-08
-2.435e-16
2.17081e-17
7.30867e-08
-1.6307e-16
1.42346e-17
7.75291e-08
-8.45555e-17
1.01493e-18
7.00874e-08
-9.90538e-18
3.50151e-08
-2.38408e-16
1.53324e-08
1.72877e-17
-2.12389e-16
1.88857e-08
2.07139e-17
-1.7679e-16
2.29799e-08
2.43501e-17
-1.23672e-16
2.73861e-08
2.77061e-17
-7.81192e-17
3.14534e-08
2.99056e-17
-5.46412e-17
3.36367e-08
2.95882e-17
-3.34457e-17
3.05588e-08
2.42529e-17
1.51602e-08
1.00511e-17
4.51286e-16
-2.46357e-17
1.53324e-08
-5.48599e-18
4.22405e-16
-3.05904e-17
1.88857e-08
-6.83054e-18
3.5772e-16
-3.76624e-17
2.29799e-08
-8.41357e-18
2.95333e-16
-4.49831e-17
2.73861e-08
-1.02246e-17
2.00889e-16
-5.08597e-17
3.14534e-08
-1.25338e-17
5.53233e-17
-5.34516e-17
3.36367e-08
-1.53854e-17
-6.09025e-17
-4.66385e-17
3.05588e-08
-1.78175e-17
-2.12572e-17
1.51602e-08
-1.31022e-17
3.13114e-16
-5.39882e-17
3.68832e-08
3.2284e-16
-6.85072e-17
4.50851e-08
2.9809e-16
-8.53641e-17
5.4389e-08
2.83108e-16
-1.03585e-16
6.42239e-08
2.38707e-16
-1.19417e-16
7.30867e-08
1.01621e-16
-1.25506e-16
7.75291e-08
-2.55956e-17
-1.04925e-16
7.00874e-08
-3.77871e-17
3.50151e-08
3.81445e-16
-5.23883e-17
5.12559e-08
3.88466e-16
-6.67785e-17
6.2712e-08
3.63384e-16
-8.46667e-17
7.5734e-08
3.36584e-16
-1.05507e-16
8.9543e-08
2.68423e-16
-1.267e-16
1.02066e-07
1.19508e-16
-1.40631e-16
1.08511e-07
-1.83895e-17
-1.28904e-16
9.84233e-08
-6.17535e-17
4.95107e-08
3.91313e-16
-4.41587e-17
5.12559e-08
4.03524e-16
-5.64555e-17
6.2712e-08
3.79758e-16
-7.17905e-17
7.5734e-08
3.59313e-16
-9.02605e-17
8.9543e-08
2.99346e-16
-1.10285e-16
1.02066e-07
1.53593e-16
-1.25229e-16
1.08511e-07
-1.50313e-18
-1.20738e-16
9.84233e-08
-6.10826e-17
4.95107e-08
4.65419e-16
-3.15997e-17
3.68832e-08
4.56901e-16
-4.03632e-17
4.50851e-08
4.16193e-16
-5.15611e-17
5.4389e-08
3.7479e-16
-6.52164e-17
6.42239e-08
2.97896e-16
-8.04697e-17
7.30867e-08
1.53042e-16
-9.27668e-17
7.75291e-08
4.57448e-18
-9.21209e-17
7.00874e-08
-5.10385e-17
3.50151e-08
5.09561e-16
1.53324e-08
-1.84271e-17
4.80511e-16
1.88857e-08
-2.32138e-17
4.26673e-16
2.29799e-08
-2.89837e-17
3.6984e-16
2.73861e-08
-3.56161e-17
2.78674e-16
3.14534e-08
-4.23682e-17
1.44918e-16
3.36367e-08
-4.70674e-17
1.83704e-17
3.05588e-08
-4.45475e-17
1.51602e-08
-2.34372e-17
-3.86235e-17
-2.69252e-17
1.53324e-08
1.43967e-17
-2.52495e-17
-3.19996e-17
1.88857e-08
1.74183e-17
-4.81197e-18
-3.68235e-17
2.29799e-08
2.07904e-17
2.09597e-17
-4.0344e-17
2.73861e-08
2.42913e-17
2.53561e-17
-4.16576e-17
3.14534e-08
2.72689e-17
1.31063e-17
-3.91468e-17
3.36367e-08
2.85871e-17
-1.27225e-17
-2.93943e-17
3.05588e-08
2.55275e-17
-9.5418e-18
1.51602e-08
1.26654e-17
8.53128e-18
-3.46083e-17
3.68832e-08
-4.05389e-18
-4.16327e-17
4.50851e-08
-7.07835e-18
-4.89466e-17
5.4389e-08
-5.05705e-18
-5.51566e-17
6.42239e-08
-4.78586e-18
-5.86225e-17
7.30867e-08
-4.75339e-17
-5.6385e-17
7.75291e-08
-5.95796e-17
-4.37974e-17
7.00874e-08
-1.75625e-17
3.50151e-08
6.52777e-17
-2.5244e-17
5.12559e-08
4.44678e-17
-2.9906e-17
6.2712e-08
2.98269e-17
-3.43535e-17
7.5734e-08
2.20715e-17
-3.74631e-17
8.9543e-08
3.19397e-18
-3.71883e-17
1.02066e-07
-5.63412e-17
-3.05671e-17
1.08511e-07
-8.57277e-17
-1.50747e-17
9.84233e-08
3.43181e-18
4.95107e-08
9.86899e-17
-9.43263e-18
5.12559e-08
6.98621e-17
-9.70794e-18
6.2712e-08
5.13725e-17
-9.0593e-18
7.5734e-08
2.83861e-17
-6.95135e-18
8.9543e-08
1.20591e-17
-1.89469e-18
1.02066e-07
-5.60327e-17
7.03922e-18
1.08511e-07
-8.16771e-17
1.9257e-17
9.84233e-08
2.24994e-17
4.95107e-08
1.54342e-16
6.78557e-18
3.68832e-08
1.1954e-16
8.91408e-18
4.50851e-08
8.85701e-17
1.14006e-17
5.4389e-08
6.61659e-17
1.39761e-17
6.42239e-08
3.0696e-17
1.68155e-17
7.30867e-08
-2.94428e-17
1.98627e-17
7.75291e-08
-5.69488e-17
2.03985e-17
7.00874e-08
1.20645e-17
3.50151e-08
2.02013e-16
1.53324e-08
5.06723e-18
1.79533e-16
1.88857e-08
6.38388e-18
1.58218e-16
2.29799e-08
8.02136e-18
1.39252e-16
2.73861e-08
9.99305e-18
1.05384e-16
3.14534e-08
1.22198e-17
3.95322e-17
3.36367e-08
1.44644e-17
-1.10928e-17
3.05588e-08
1.51429e-17
1.51602e-08
9.18179e-18
4.54251e-16
-5.01113e-19
1.53324e-08
-1.42529e-17
4.10958e-16
-5.32943e-19
1.88857e-08
-1.75767e-17
3.39276e-16
-4.32059e-19
2.29799e-08
-2.14092e-17
2.67254e-16
1.89905e-19
2.73861e-08
-2.55645e-17
1.82872e-16
1.87076e-18
3.14534e-08
-2.96391e-17
3.30844e-17
3.08622e-18
3.36367e-08
-3.27223e-17
-6.82954e-17
3.56161e-18
3.05588e-08
-3.17835e-17
1.75834e-18
1.51602e-08
-1.79159e-17
3.45884e-16
-1.99327e-17
3.68832e-08
3.37723e-16
-2.46351e-17
4.50851e-08
2.98601e-16
-2.9308e-17
5.4389e-08
2.62269e-16
-3.33466e-17
6.42239e-08
1.99532e-16
-3.49512e-17
7.30867e-08
5.78619e-17
-3.22128e-17
7.75291e-08
-5.90073e-17
-2.15808e-17
7.00874e-08
-3.17077e-18
3.50151e-08
3.6304e-16
-2.29803e-17
5.12559e-08
3.59052e-16
-2.79344e-17
6.2712e-08
3.11607e-16
-3.34878e-17
7.5734e-08
2.83943e-16
-3.9004e-17
8.9543e-08
2.10924e-16
-4.35154e-17
1.02066e-07
6.05806e-17
-4.49953e-17
1.08511e-07
-6.45631e-17
-3.9753e-17
9.84233e-08
-1.77755e-17
4.95107e-08
3.38822e-16
-2.03835e-17
5.12559e-08
3.27503e-16
-2.46424e-17
6.2712e-08
2.92901e-16
-2.94587e-17
7.5734e-08
2.64939e-16
-3.47426e-17
8.9543e-08
2.0557e-16
-3.98783e-17
1.02066e-07
7.00864e-17
-4.30585e-17
1.08511e-07
-3.23883e-17
-3.95648e-17
9.84233e-08
-2.0427e-17
4.95107e-08
3.46864e-16
-1.36233e-17
3.68832e-08
3.30291e-16
-1.68761e-17
4.50851e-08
2.85346e-16
-2.10597e-17
5.4389e-08
2.54144e-16
-2.61329e-17
6.42239e-08
1.89526e-16
-3.21001e-17
7.30867e-08
7.23406e-17
-3.68574e-17
7.75291e-08
-2.31148e-17
-3.73037e-17
7.00874e-08
-2.22115e-17
3.50151e-08
3.67669e-16
1.53324e-08
-9.67952e-18
3.41673e-16
1.88857e-08
-1.1948e-17
2.95236e-16
2.29799e-08
-1.4567e-17
2.51953e-16
2.73861e-08
-1.74362e-17
1.83964e-16
3.14534e-08
-2.0161e-17
7.43451e-17
3.36367e-08
-2.17985e-17
-6.25859e-18
3.05588e-08
-2.00651e-17
1.51602e-08
-1.05241e-17
1.06685e-16
-7.10087e-18
1.53324e-08
4.44682e-18
1.08654e-16
-7.96534e-18
1.88857e-08
5.24321e-18
1.11202e-16
-8.3046e-18
2.29799e-08
6.15996e-18
1.09421e-16
-7.86666e-18
2.73861e-08
7.25239e-18
9.15448e-17
-6.77241e-18
3.14534e-08
8.52828e-18
5.06027e-17
-5.06768e-18
3.36367e-08
9.89101e-18
1.07862e-17
-3.18118e-18
3.05588e-08
1.04398e-17
-8.24741e-19
1.51602e-08
6.55984e-18
1.8523e-16
-7.30722e-18
3.68832e-08
1.59325e-16
-8.22825e-18
4.50851e-08
1.33926e-16
-8.85083e-18
5.4389e-08
1.15033e-16
-8.92521e-18
6.42239e-08
7.19094e-17
-8.51961e-18
7.30867e-08
-2.69304e-18
-7.60095e-18
7.75291e-08
-4.95524e-17
-5.93207e-18
7.00874e-08
-5.50067e-18
3.50151e-08
1.99821e-16
-1.79925e-18
5.12559e-08
1.72762e-16
-9.05464e-19
6.2712e-08
1.44599e-16
7.89334e-19
7.5734e-08
1.11717e-16
3.74612e-18
8.9543e-08
6.87942e-17
8.03552e-18
1.02066e-07
-1.94186e-17
1.30163e-17
1.08511e-07
-7.14728e-17
1.80609e-17
9.84233e-08
1.32704e-17
4.95107e-08
2.07266e-16
5.31858e-18
5.12559e-08
1.75072e-16
8.57055e-18
6.2712e-08
1.42557e-16
1.30949e-17
7.5734e-08
1.0595e-16
1.88757e-17
8.9543e-08
6.1582e-17
2.61351e-17
1.02066e-07
-2.06674e-17
3.36086e-17
1.08511e-07
-7.65268e-17
3.71179e-17
9.84233e-08
2.42546e-17
4.95107e-08
2.09001e-16
1.21728e-17
3.68832e-08
1.76702e-16
1.55191e-17
4.50851e-08
1.49176e-16
1.93276e-17
5.4389e-08
1.17979e-16
2.31398e-17
6.42239e-08
7.36936e-17
2.66399e-17
7.30867e-08
-2.63036e-18
2.90432e-17
7.75291e-08
-4.90772e-17
2.62696e-17
7.00874e-08
1.25461e-17
3.50151e-08
2.69351e-16
1.53324e-08
5.17383e-18
2.46065e-16
1.88857e-08
6.54444e-18
2.17219e-16
2.29799e-08
8.23492e-18
1.89556e-16
2.73861e-08
1.02372e-17
1.41265e-16
3.14534e-08
1.2372e-17
5.358e-17
3.36367e-08
1.41328e-17
-6.27715e-18
3.05588e-08
1.40066e-17
1.51602e-08
7.81077e-18
1.3318e-16
-2.46968e-17
1.53324e-08
-1.46268e-18
1.10761e-16
-3.15201e-17
1.88857e-08
-1.5149e-18
6.81503e-17
-3.98119e-17
2.29799e-08
-1.40772e-18
4.19976e-17
-4.90867e-17
2.73861e-08
-1.04711e-18
1.82637e-18
-5.85696e-17
3.14534e-08
-6.44614e-19
-1.00594e-16
-6.7141e-17
3.36367e-08
-7.68111e-19
-1.4652e-16
-6.7272e-17
3.05588e-08
-2.20466e-18
-3.89235e-17
1.51602e-08
-3.17509e-18
-1.37675e-17
-4.50364e-17
3.68832e-08
-8.6118e-18
-5.73443e-17
4.50851e-08
-2.39443e-17
-7.17861e-17
5.4389e-08
-2.20637e-17
-8.80546e-17
6.42239e-08
-2.65737e-17
-1.04401e-16
7.30867e-08
-1.05626e-16
-1.16414e-16
7.75291e-08
-1.5357e-16
-1.08847e-16
7.00874e-08
-5.29672e-17
3.50151e-08
7.3844e-17
-4.06011e-17
5.12559e-08
7.2826e-17
-5.06239e-17
6.2712e-08
4.27241e-17
-6.29601e-17
7.5734e-08
3.9159e-17
-7.73868e-17
8.9543e-08
7.57543e-18
-9.3409e-17
1.02066e-07
-9.14239e-17
-1.06944e-16
1.08511e-07
-1.50875e-16
-1.06092e-16
9.84233e-08
-5.9495e-17
4.95107e-08
1.0399e-16
-3.10697e-17
5.12559e-08
1.01166e-16
-3.77885e-17
6.2712e-08
7.57654e-17
-4.5867e-17
7.5734e-08
7.22632e-17
-5.54411e-17
8.9543e-08
4.77145e-17
-6.58331e-17
1.02066e-07
-4.95364e-17
-7.46403e-17
1.08511e-07
-1.04304e-16
-7.37868e-17
9.84233e-08
-4.00886e-17
4.95107e-08
1.87157e-16
-1.60872e-17
3.68832e-08
1.68937e-16
-1.97682e-17
4.50851e-08
1.30582e-16
-2.4572e-17
5.4389e-08
1.09958e-16
-3.07739e-17
6.42239e-08
6.86273e-17
-3.83585e-17
7.30867e-08
-2.62977e-17
-4.4401e-17
7.75291e-08
-8.72474e-17
-4.57089e-17
7.00874e-08
-2.75082e-17
3.50151e-08
3.14835e-16
1.53324e-08
-8.49187e-18
2.84431e-16
1.88857e-08
-1.04188e-17
2.37481e-16
2.29799e-08
-1.26141e-17
2.00003e-16
2.73861e-08
-1.50075e-17
1.42466e-16
3.14534e-08
-1.73173e-17
3.48308e-17
3.36367e-08
-1.86336e-17
-4.52165e-17
3.05588e-08
-1.70949e-17
1.51602e-08
-8.6722e-18
4.29095e-16
-1.23465e-17
1.53324e-08
-6.46646e-19
4.0372e-16
-1.45518e-17
1.88857e-08
-9.6508e-19
3.5818e-16
-1.63553e-17
2.29799e-08
-1.33084e-18
3.09471e-16
-1.70214e-17
2.73861e-08
-1.70371e-18
2.18921e-16
-1.59531e-17
3.14534e-08
-2.23659e-18
8.42529e-17
-1.29147e-17
3.36367e-08
-2.88108e-18
-2.85951e-17
-6.93098e-18
3.05588e-08
-3.72802e-18
-1.50831e-19
1.51602e-08
-3.17259e-18
4.25118e-16
-2.52682e-17
3.68832e-08
3.79825e-16
-3.13081e-17
4.50851e-08
3.14508e-16
-3.7922e-17
5.4389e-08
2.50234e-16
-4.41069e-17
6.42239e-08
1.53917e-16
-4.81099e-17
7.30867e-08
-1.30227e-17
-4.8031e-17
7.75291e-08
-1.22892e-16
-3.81667e-17
7.00874e-08
-1.47633e-17
3.50151e-08
4.56906e-16
-1.96695e-17
5.12559e-08
3.97733e-16
-2.29362e-17
6.2712e-08
3.21297e-16
-2.59287e-17
7.5734e-08
2.41085e-16
-2.81508e-17
8.9543e-08
1.28813e-16
-2.79168e-17
1.02066e-07
-6.82014e-17
-2.3424e-17
1.08511e-07
-1.70484e-16
-1.181e-17
9.84233e-08
2.2577e-18
4.95107e-08
4.79132e-16
-9.84265e-18
5.12559e-08
4.19309e-16
-9.25142e-18
6.2712e-08
3.26525e-16
-7.38826e-18
7.5734e-08
2.40013e-16
-4.26093e-18
8.9543e-08
1.20144e-16
1.07617e-18
1.02066e-07
-6.7085e-17
9.15884e-18
1.08511e-07
-1.69493e-16
1.84416e-17
9.84233e-08
2.07071e-17
4.95107e-08
5.48669e-16
5.17921e-18
3.68832e-08
4.72262e-16
6.84776e-18
4.50851e-08
3.62377e-16
8.46221e-18
5.4389e-08
2.71771e-16
9.53713e-18
6.42239e-08
1.47211e-16
9.55417e-18
7.30867e-08
-4.12971e-17
9.23874e-18
7.75291e-08
-1.33856e-16
5.97096e-18
7.00874e-08
-1.57051e-21
3.50151e-08
6.01804e-16
1.53324e-08
1.20354e-18
5.49644e-16
1.88857e-08
1.62934e-18
4.72458e-16
2.29799e-08
2.20376e-18
3.93792e-16
2.73861e-08
2.97463e-18
2.76936e-16
3.14534e-08
4.03671e-18
1.06361e-16
3.36367e-08
5.4385e-18
-2.49135e-17
3.05588e-08
6.61483e-18
1.51602e-08
4.83416e-18
-4.49421e-16
-1.56534e-17
1.53324e-08
-2.2758e-18
-4.26688e-16
-2.05161e-17
1.88857e-08
-2.41379e-18
-4.16998e-16
-2.5566e-17
2.29799e-08
-2.465e-18
-3.60761e-16
-3.065e-17
2.73861e-08
-2.29118e-18
-2.97271e-16
-3.5076e-17
3.14534e-08
-2.01121e-18
-3.04247e-16
-3.98206e-17
3.36367e-08
-1.92945e-18
-2.57715e-16
-3.97267e-17
3.05588e-08
-2.20022e-18
-2.28831e-17
1.51602e-08
-1.62173e-18
-7.13089e-16
-3.08704e-17
3.68832e-08
-6.42862e-16
-3.88969e-17
4.50851e-08
-5.85742e-16
-4.70728e-17
5.4389e-08
-4.59993e-16
-5.51891e-17
6.42239e-08
-3.32544e-16
-6.17467e-17
7.30867e-08
-3.11865e-16
-6.4945e-17
7.75291e-08
-2.66534e-16
-5.58808e-17
7.00874e-08
-2.22065e-17
3.50151e-08
-6.73783e-16
-2.58857e-17
5.12559e-08
-6.05793e-16
-3.15778e-17
6.2712e-08
-5.42609e-16
-3.82318e-17
7.5734e-08
-4.09275e-16
-4.54682e-17
8.9543e-08
-2.82695e-16
-5.28596e-17
1.02066e-07
-2.59015e-16
-5.88286e-17
1.08511e-07
-2.26988e-16
-5.72134e-17
9.84233e-08
-3.24793e-17
4.95107e-08
-6.44136e-16
-1.76542e-17
5.12559e-08
-5.73226e-16
-2.04173e-17
6.2712e-08
-5.11158e-16
-2.39984e-17
7.5734e-08
-3.74342e-16
-2.83689e-17
8.9543e-08
-2.48339e-16
-3.32948e-17
1.02066e-07
-2.17646e-16
-3.71067e-17
1.08511e-07
-1.92686e-16
-3.77287e-17
9.84233e-08
-2.24284e-17
4.95107e-08
-5.08227e-16
-7.32212e-18
3.68832e-08
-4.62394e-16
-8.14206e-18
4.50851e-08
-4.33192e-16
-1.00444e-17
5.4389e-08
-3.35188e-16
-1.29243e-17
6.42239e-08
-2.4117e-16
-1.72894e-17
7.30867e-08
-2.39579e-16
-2.05709e-17
7.75291e-08
-2.04895e-16
-2.2734e-17
7.00874e-08
-1.54508e-17
3.50151e-08
-1.43061e-16
1.53324e-08
-6.17756e-18
-1.33001e-16
1.88857e-08
-7.55398e-18
-1.42768e-16
2.29799e-08
-9.05641e-18
-1.12544e-16
2.73861e-08
-1.05685e-17
-9.96074e-17
3.14534e-08
-1.17799e-17
-1.43896e-16
3.36367e-08
-1.20315e-17
-1.50061e-16
3.05588e-08
-9.79312e-18
1.51602e-08
-3.94385e-18
2.46768e-15
-2.75483e-17
1.53324e-08
-2.51631e-17
2.26549e-15
-3.33169e-17
1.88857e-08
-3.14894e-17
1.99669e-15
-3.87344e-17
2.29799e-08
-3.84037e-17
1.52182e-15
-4.44932e-17
2.73861e-08
-4.57049e-17
1.15017e-15
-4.15732e-17
3.14534e-08
-5.13693e-17
4.53279e-16
-4.04132e-17
3.36367e-08
-5.52516e-17
-7.15778e-17
-3.07343e-17
3.05588e-08
-5.20585e-17
-7.2751e-18
1.51602e-08
-2.76533e-17
2.67438e-15
-8.35982e-17
3.68832e-08
2.46425e-15
-1.07392e-16
4.50851e-08
2.08871e-15
-1.38628e-16
5.4389e-08
1.8092e-15
-1.72413e-16
6.42239e-08
1.07728e-15
-2.13662e-16
7.30867e-08
2.57257e-16
-2.38147e-16
7.75291e-08
-3.00539e-16
-2.17279e-16
7.00874e-08
-1.05724e-16
3.50151e-08
2.76286e-15
-6.98611e-17
5.12559e-08
2.41104e-15
-8.91502e-17
6.2712e-08
2.03716e-15
-1.11629e-16
7.5734e-08
1.52089e-15
-1.38547e-16
8.9543e-08
9.81598e-16
-1.64726e-16
1.02066e-07
2.07778e-16
-1.81703e-16
1.08511e-07
-3.3602e-16
-1.62399e-16
9.84233e-08
-6.8362e-17
4.95107e-08
2.69299e-15
-5.15665e-17
5.12559e-08
2.35605e-15
-6.39955e-17
6.2712e-08
1.9245e-15
-7.8582e-17
7.5734e-08
1.40008e-15
-9.61455e-17
8.9543e-08
8.21464e-16
-1.15789e-16
1.02066e-07
8.86388e-17
-1.3083e-16
1.08511e-07
-3.78937e-16
-1.26896e-16
9.84233e-08
-6.58518e-17
4.95107e-08
2.35123e-15
-1.68405e-17
3.68832e-08
2.06701e-15
-2.35504e-17
4.50851e-08
1.68695e-15
-3.28136e-17
5.4389e-08
1.23763e-15
-4.61745e-17
6.42239e-08
7.40217e-16
-6.41451e-17
7.30867e-08
1.21411e-16
-8.25149e-17
7.75291e-08
-2.96891e-16
-9.36964e-17
7.00874e-08
-6.39428e-17
3.50151e-08
1.58914e-15
1.53324e-08
-8.76019e-18
1.43262e-15
1.88857e-08
-1.09934e-17
1.19497e-15
2.29799e-08
-1.35021e-17
9.35735e-16
2.73861e-08
-1.60835e-17
6.07931e-16
3.14534e-08
-1.82398e-17
1.77461e-16
3.36367e-08
-1.90638e-17
-1.35772e-16
3.05588e-08
-1.64526e-17
1.51602e-08
-7.31626e-18
2.01495e-15
1.15259e-16
-8.57803e-18
2.04046e-15
1.57365e-16
-1.06049e-17
1.88494e-15
2.07907e-16
-1.31744e-17
1.45791e-15
2.62768e-16
-1.64094e-17
1.27255e-15
3.26338e-16
-1.88537e-17
1.03361e-15
3.93639e-16
-1.99146e-17
5.72365e-16
4.14728e-16
-1.6038e-17
2.62441e-16
-3.52578e-18
4.77364e-15
1.71907e-16
4.70948e-15
2.35657e-16
4.44243e-15
3.1703e-16
3.63819e-15
4.15684e-16
3.15639e-15
5.35232e-16
2.4818e-15
6.55873e-16
1.327e-15
6.97757e-16
4.39656e-16
5.74333e-15
1.13506e-16
5.57822e-15
1.48139e-16
5.21111e-15
1.92107e-16
4.32664e-15
2.48595e-16
3.78975e-15
3.13036e-16
3.07463e-15
3.7439e-16
1.74076e-15
3.85844e-16
2.24554e-16
5.83762e-15
8.10901e-17
5.64985e-15
8.99919e-17
5.33467e-15
1.02719e-16
4.4117e-15
1.19683e-16
3.89821e-15
1.34264e-16
3.1627e-15
1.3357e-16
1.79154e-15
9.98984e-17
1.23185e-17
4.55007e-15
2.03979e-17
4.52908e-15
1.70484e-17
4.28222e-15
1.87505e-17
3.54361e-15
2.90134e-17
3.10909e-15
4.16148e-17
2.444e-15
4.7062e-17
1.31801e-15
4.33364e-17
1.79902e-17
2.11472e-15
-4.04072e-18
2.18134e-15
-4.30391e-18
1.97761e-15
-4.3075e-18
1.57768e-15
-3.99901e-18
1.29105e-15
-3.82761e-18
9.03766e-16
-5.11719e-18
4.18767e-16
-9.0687e-18
-9.994e-18
-2.11483e-07
3.95659e-09
1.84503e-08
-2.12447e-07
4.714e-09
2.30766e-08
-2.11833e-07
5.56757e-09
2.86564e-08
-2.07758e-07
6.40876e-09
3.50636e-08
-1.96529e-07
7.09415e-09
4.16982e-08
-1.70845e-07
7.35276e-09
4.67744e-08
-1.15991e-07
6.68666e-09
4.56728e-08
3.57306e-09
2.60877e-08
-2.52517e-07
4.07706e-09
3.92003e-08
-2.56843e-07
5.01636e-09
4.89524e-08
-2.60334e-07
6.08469e-09
6.0785e-08
-2.60894e-07
7.20802e-09
7.45235e-08
-2.53859e-07
8.20765e-09
8.912e-08
-2.28916e-07
8.699e-09
1.01158e-07
-1.62892e-07
7.84936e-09
1.0118e-07
3.75204e-09
6.14509e-08
-2.73825e-07
2.05048e-18
5.11527e-08
-2.78589e-07
2.0709e-18
6.41322e-08
-2.82734e-07
1.93716e-18
8.00559e-08
-2.84216e-07
1.94467e-18
9.88199e-08
-2.78247e-07
1.71649e-18
1.1924e-07
-2.53649e-07
1.53537e-18
1.37002e-07
-1.83865e-07
1.56225e-18
1.39449e-07
8.37765e-19
8.75184e-08
-2.73825e-07
-4.07706e-09
5.11527e-08
-2.78589e-07
-5.01636e-09
6.41322e-08
-2.82734e-07
-6.08469e-09
8.00559e-08
-2.84216e-07
-7.20802e-09
9.88199e-08
-2.78247e-07
-8.20765e-09
1.1924e-07
-2.53649e-07
-8.699e-09
1.37002e-07
-1.83865e-07
-7.84936e-09
1.39449e-07
-3.75204e-09
8.75184e-08
-2.52517e-07
-3.95659e-09
3.92003e-08
-2.56843e-07
-4.714e-09
4.89524e-08
-2.60334e-07
-5.56757e-09
6.0785e-08
-2.60894e-07
-6.40876e-09
7.45235e-08
-2.53859e-07
-7.09415e-09
8.912e-08
-2.28916e-07
-7.35276e-09
1.01158e-07
-1.62892e-07
-6.68666e-09
1.0118e-07
-3.57306e-09
6.14509e-08
-2.11483e-07
1.84503e-08
-1.23789e-18
-2.12447e-07
2.30766e-08
-1.56765e-18
-2.11833e-07
2.86564e-08
-1.95788e-18
-2.07758e-07
3.50636e-08
-2.37669e-18
-1.96529e-07
4.16982e-08
-2.78622e-18
-1.70845e-07
4.67744e-08
-3.08498e-18
-1.15991e-07
4.56728e-08
-2.8886e-18
2.60877e-08
-1.57704e-18
-3.27004e-08
9.86793e-10
1.76012e-08
-3.25328e-08
1.12176e-09
2.17871e-08
-3.1704e-08
1.17497e-09
2.66526e-08
-2.97057e-08
1.10862e-09
3.19566e-08
-2.57906e-08
8.41685e-10
3.69415e-08
-1.90663e-08
3.06464e-10
3.97437e-08
-9.14461e-09
-4.40287e-10
3.61914e-08
-8.77381e-10
1.78205e-08
-5.8751e-08
1.17535e-09
4.02625e-08
-5.96875e-08
1.32859e-09
4.96822e-08
-5.97041e-08
1.40502e-09
6.05716e-08
-5.78249e-08
1.35223e-09
7.24006e-08
-5.24213e-08
1.07017e-09
8.34879e-08
-4.10899e-08
4.54361e-10
8.96787e-08
-2.14562e-08
-4.689e-10
8.15747e-08
-1.10832e-09
4.02257e-08
-7.2915e-08
-5.14465e-18
5.42175e-08
-7.46216e-08
-6.51288e-18
6.71674e-08
-7.54308e-08
-9.01294e-18
8.22701e-08
-7.41407e-08
-1.09686e-17
9.8882e-08
-6.85956e-08
-1.53587e-17
1.14765e-07
-5.53091e-08
-1.73841e-17
1.2417e-07
-3.00839e-08
-1.94063e-17
1.13755e-07
-1.37431e-17
5.63261e-08
-7.2915e-08
-1.17535e-09
5.42175e-08
-7.46216e-08
-1.32859e-09
6.71674e-08
-7.54308e-08
-1.40502e-09
8.22701e-08
-7.41407e-08
-1.35223e-09
9.8882e-08
-6.85956e-08
-1.07017e-09
1.14765e-07
-5.53091e-08
-4.54361e-10
1.2417e-07
-3.00839e-08
4.689e-10
1.13755e-07
1.10832e-09
5.63261e-08
-5.8751e-08
-9.86793e-10
4.02625e-08
-5.96875e-08
-1.12176e-09
4.96822e-08
-5.97041e-08
-1.17497e-09
6.05716e-08
-5.78249e-08
-1.10862e-09
7.24006e-08
-5.24213e-08
-8.41685e-10
8.34879e-08
-4.10899e-08
-3.06464e-10
8.96787e-08
-2.14562e-08
4.40287e-10
8.15747e-08
8.77381e-10
4.02257e-08
-3.27004e-08
1.76012e-08
-5.91321e-18
-3.25328e-08
2.17871e-08
-7.29382e-18
-3.1704e-08
2.66526e-08
-8.54274e-18
-2.97057e-08
3.19566e-08
-9.99043e-18
-2.57906e-08
3.69415e-08
-1.07609e-17
-1.90663e-08
3.97437e-08
-1.16619e-17
-9.14461e-09
3.61914e-08
-1.152e-17
1.78205e-08
-6.55863e-18
-1.97726e-08
4.42497e-10
1.60666e-08
-1.82763e-08
4.94423e-10
1.97965e-08
-1.62505e-08
5.31957e-10
2.40949e-08
-1.35482e-08
5.3646e-10
2.87178e-08
-1.00719e-08
4.89387e-10
3.29758e-08
-5.94713e-09
3.77248e-10
3.52417e-08
-1.94677e-09
2.04796e-10
3.19862e-08
1.91211e-11
1.58546e-08
-3.9225e-08
5.25021e-10
3.819e-08
-3.64187e-08
5.84831e-10
4.67855e-08
-3.25212e-08
6.2496e-10
5.6581e-08
-2.71882e-08
6.22176e-10
6.69819e-08
-2.01624e-08
5.55538e-10
7.63959e-08
-1.16791e-08
4.18474e-10
8.11541e-08
-3.52591e-09
2.45046e-10
7.33813e-08
8.65061e-11
3.66324e-08
-5.00034e-08
-1.13811e-17
5.24693e-08
-4.67052e-08
-1.40504e-17
6.4454e-08
-4.20074e-08
-1.72868e-17
7.81972e-08
-3.54136e-08
-2.10105e-17
9.29104e-08
-2.64956e-08
-2.49523e-17
1.06402e-07
-1.54355e-08
-2.80291e-17
1.13528e-07
-4.56941e-09
-2.81959e-17
1.03134e-07
-1.58858e-17
5.18432e-08
-5.00034e-08
-5.25021e-10
5.24693e-08
-4.67052e-08
-5.84831e-10
6.4454e-08
-4.20074e-08
-6.2496e-10
7.81972e-08
-3.54136e-08
-6.22176e-10
9.29104e-08
-2.64956e-08
-5.55539e-10
1.06402e-07
-1.54355e-08
-4.18474e-10
1.13528e-07
-4.56941e-09
-2.45046e-10
1.03134e-07
-8.65062e-11
5.18432e-08
-3.9225e-08
-4.42497e-10
3.819e-08
-3.64187e-08
-4.94423e-10
4.67855e-08
-3.25212e-08
-5.31957e-10
5.6581e-08
-2.71882e-08
-5.3646e-10
6.69819e-08
-2.01624e-08
-4.89387e-10
7.63959e-08
-1.16791e-08
-3.77248e-10
8.11541e-08
-3.52591e-09
-2.04796e-10
7.33813e-08
-1.91211e-11
3.66324e-08
-1.97726e-08
1.60666e-08
-4.1067e-18
-1.82763e-08
1.97965e-08
-4.65958e-18
-1.62505e-08
2.40949e-08
-5.27282e-18
-1.35482e-08
2.87178e-08
-5.7919e-18
-1.00719e-08
3.29758e-08
-6.2692e-18
-5.94713e-09
3.52417e-08
-6.23784e-18
-1.94677e-09
3.19862e-08
-4.839e-18
1.58546e-08
-1.63565e-18
-1.61075e-09
1.55206e-10
1.57558e-08
-1.41471e-09
1.8067e-10
1.94198e-08
-1.16891e-09
2.00338e-10
2.36487e-08
-8.74655e-10
2.12082e-10
2.82115e-08
-5.50522e-10
2.09171e-10
3.24425e-08
-2.45198e-10
1.83819e-10
3.47526e-08
-3.70605e-11
1.29907e-10
3.16482e-08
4.73557e-11
1.57702e-08
-7.42558e-09
2.15534e-10
3.75613e-08
-6.66934e-09
2.39712e-10
4.59702e-08
-5.67897e-09
2.52035e-10
5.55389e-08
-4.42944e-09
2.47083e-10
6.56974e-08
-2.96257e-09
2.16986e-10
7.49212e-08
-1.46498e-09
1.56999e-10
7.96834e-08
-3.21458e-10
7.16806e-11
7.2296e-08
-5.55906e-12
3.63638e-08
-1.19843e-08
-3.65294e-17
5.18347e-08
-1.08307e-08
-4.48114e-17
6.35401e-08
-9.2876e-09
-5.43085e-17
7.69062e-08
-7.29383e-09
-6.49033e-17
9.11637e-08
-4.89333e-09
-7.52932e-17
1.04219e-07
-2.3867e-09
-8.23124e-17
1.11179e-07
-4.70366e-10
-7.67514e-17
1.0129e-07
-3.9093e-17
5.13673e-08
-1.19843e-08
-2.15534e-10
5.18347e-08
-1.08307e-08
-2.39712e-10
6.35401e-08
-9.2876e-09
-2.52035e-10
7.69062e-08
-7.29383e-09
-2.47083e-10
9.11637e-08
-4.89333e-09
-2.16986e-10
1.04219e-07
-2.3867e-09
-1.56999e-10
1.11179e-07
-4.70366e-10
-7.16807e-11
1.0129e-07
5.55898e-12
5.13673e-08
-7.42558e-09
-1.55206e-10
3.75613e-08
-6.66934e-09
-1.8067e-10
4.59702e-08
-5.67897e-09
-2.00338e-10
5.55389e-08
-4.42944e-09
-2.12082e-10
6.56974e-08
-2.96257e-09
-2.09171e-10
7.49212e-08
-1.46498e-09
-1.8382e-10
7.96834e-08
-3.21458e-10
-1.29908e-10
7.2296e-08
-4.73557e-11
3.63638e-08
-1.61075e-09
1.57558e-08
-2.62008e-17
-1.41471e-09
1.94198e-08
-3.29933e-17
-1.16891e-09
2.36487e-08
-4.09047e-17
-8.74655e-10
2.82115e-08
-4.921e-17
-5.50522e-10
3.24425e-08
-5.71126e-17
-2.45198e-10
3.47526e-08
-5.9897e-17
-3.70605e-11
3.16482e-08
-5.26346e-17
1.57702e-08
-2.60119e-17
-1.07026e-09
8.99592e-11
1.56138e-08
-1.00066e-09
1.07714e-10
1.92425e-08
-9.06859e-10
1.26252e-10
2.34287e-08
-7.81568e-10
1.44073e-10
2.79421e-08
-6.17077e-10
1.5727e-10
3.21207e-08
-4.09025e-10
1.5843e-10
3.43861e-08
-1.7093e-10
1.34763e-10
3.12753e-08
6.22347e-11
1.5537e-08
-3.59719e-09
1.32931e-10
3.73214e-08
-3.33668e-09
1.54594e-10
4.56628e-08
-2.99287e-09
1.74603e-10
5.51468e-08
-2.54659e-09
1.8991e-10
6.52053e-08
-1.98347e-09
1.94901e-10
7.43205e-08
-1.30477e-09
1.80912e-10
7.89822e-08
-5.54688e-10
1.35251e-10
7.15454e-08
4.39877e-11
3.58274e-08
-5.76552e-09
-3.75706e-17
5.16216e-08
-5.30982e-09
-4.54788e-17
6.3239e-08
-4.71386e-09
-5.37905e-17
7.64848e-08
-3.95205e-09
-6.17393e-17
9.05918e-08
-3.01586e-09
-6.67678e-17
1.03478e-07
-1.9346e-09
-6.45098e-17
1.10278e-07
-8.04456e-10
-4.74932e-17
1.00295e-07
-1.16363e-17
5.06068e-08
-5.76552e-09
-1.32931e-10
5.16216e-08
-5.30982e-09
-1.54594e-10
6.3239e-08
-4.71386e-09
-1.74603e-10
7.64848e-08
-3.95205e-09
-1.8991e-10
9.05918e-08
-3.01586e-09
-1.94901e-10
1.03478e-07
-1.9346e-09
-1.80912e-10
1.10278e-07
-8.04456e-10
-1.35251e-10
1.00295e-07
-4.39878e-11
5.06068e-08
-3.59719e-09
-8.99593e-11
3.73214e-08
-3.33668e-09
-1.07714e-10
4.56628e-08
-2.99287e-09
-1.26252e-10
5.51468e-08
-2.54659e-09
-1.44073e-10
6.52053e-08
-1.98347e-09
-1.5727e-10
7.43205e-08
-1.30477e-09
-1.5843e-10
7.89822e-08
-5.54688e-10
-1.34763e-10
7.15454e-08
-6.22347e-11
3.58274e-08
-1.07026e-09
1.56138e-08
-5.32399e-17
-1.00066e-09
1.92425e-08
-6.67711e-17
-9.06859e-10
2.34287e-08
-8.25288e-17
-7.81568e-10
2.79421e-08
-1.00145e-16
-6.17078e-10
3.21207e-08
-1.13853e-16
-4.09026e-10
3.43861e-08
-1.22568e-16
-1.7093e-10
3.12753e-08
-1.10187e-16
1.5537e-08
-5.2466e-17
-1.15369e-09
5.64294e-11
1.54957e-08
-1.07029e-09
6.66235e-11
1.90925e-08
-9.5775e-10
7.65774e-11
2.32396e-08
-8.07623e-10
8.48687e-11
2.77071e-08
-6.13106e-10
8.87286e-11
3.18375e-08
-3.77337e-10
8.37788e-11
3.40665e-08
-1.35494e-10
6.39781e-11
3.09695e-08
2.31857e-11
1.53783e-08
-2.81379e-09
8.14132e-11
3.71373e-08
-2.60116e-09
9.50957e-11
4.54217e-08
-2.31894e-09
1.08192e-10
5.48329e-08
-1.94849e-09
1.18394e-10
6.48013e-08
-1.47507e-09
1.21787e-10
7.3814e-08
-9.0642e-10
1.12426e-10
7.83849e-08
-3.25304e-10
8.27583e-11
7.09455e-08
2.67896e-11
3.54985e-08
-4.0842e-09
1.00226e-17
5.14634e-08
-3.76618e-09
1.59891e-17
6.30161e-08
-3.34756e-09
2.48899e-17
7.61744e-08
-2.80327e-09
3.74378e-17
9.01659e-08
-2.11461e-09
5.36688e-17
1.02911e-07
-1.29442e-09
7.14807e-17
1.09571e-07
-4.60792e-10
8.12245e-17
9.95438e-08
5.12237e-17
5.01728e-08
-4.0842e-09
-8.14131e-11
5.14634e-08
-3.76618e-09
-9.50956e-11
6.30161e-08
-3.34756e-09
-1.08192e-10
7.61744e-08
-2.80327e-09
-1.18394e-10
9.01659e-08
-2.11461e-09
-1.21787e-10
1.02911e-07
-1.29442e-09
-1.12426e-10
1.09571e-07
-4.60792e-10
-8.27582e-11
9.95438e-08
-2.67895e-11
5.01728e-08
-2.81379e-09
-5.64294e-11
3.71373e-08
-2.60116e-09
-6.66235e-11
4.54217e-08
-2.31894e-09
-7.65774e-11
5.48329e-08
-1.94849e-09
-8.48686e-11
6.48013e-08
-1.47507e-09
-8.87286e-11
7.3814e-08
-9.0642e-10
-8.37787e-11
7.83849e-08
-3.25304e-10
-6.39781e-11
7.09455e-08
-2.31857e-11
3.54985e-08
-1.15369e-09
1.54957e-08
-1.62995e-17
-1.07029e-09
1.90925e-08
-1.8745e-17
-9.5775e-10
2.32396e-08
-2.19213e-17
-8.07624e-10
2.77071e-08
-2.50466e-17
-6.13107e-10
3.18375e-08
-3.01977e-17
-3.77337e-10
3.40665e-08
-2.92866e-17
-1.35495e-10
3.09695e-08
-2.19203e-17
1.53783e-08
-8.94185e-18
-5.75167e-10
3.15262e-11
1.54337e-08
-5.33786e-10
3.69259e-11
1.90142e-08
-4.77557e-10
4.18067e-11
2.31415e-08
-4.0234e-10
4.54101e-11
2.75865e-08
-3.05082e-10
4.61929e-11
3.1694e-08
-1.87948e-10
4.2e-11
3.39074e-08
-6.81537e-11
3.041e-11
3.08193e-08
1.0046e-11
1.53001e-08
-1.50812e-09
4.65475e-11
3.70387e-08
-1.39502e-09
5.37483e-11
4.52918e-08
-1.24297e-09
6.00747e-11
5.46626e-08
-1.0418e-09
6.41899e-11
6.45813e-08
-7.84742e-10
6.38969e-11
7.35393e-08
-4.79281e-10
5.62969e-11
7.80651e-08
-1.71919e-10
3.85692e-11
7.063e-08
1.06135e-11
3.5326e-08
-2.22468e-09
-2.30003e-17
5.1382e-08
-2.0532e-09
-2.79986e-17
6.28984e-08
-1.8246e-09
-3.37438e-17
7.60059e-08
-1.52443e-09
-4.02291e-17
8.993e-08
-1.14344e-09
-4.73262e-17
1.02594e-07
-6.93603e-10
-5.25777e-17
1.09177e-07
-2.45134e-10
-5.14425e-17
9.91339e-08
-2.7647e-17
4.99383e-08
-2.22468e-09
-4.65475e-11
5.1382e-08
-2.0532e-09
-5.37483e-11
6.28984e-08
-1.8246e-09
-6.00747e-11
7.60059e-08
-1.52443e-09
-6.41899e-11
8.993e-08
-1.14344e-09
-6.38969e-11
1.02594e-07
-6.93603e-10
-5.6297e-11
1.09177e-07
-2.45134e-10
-3.85693e-11
9.91339e-08
-1.06136e-11
4.99383e-08
-1.50812e-09
-3.15262e-11
3.70387e-08
-1.39502e-09
-3.6926e-11
4.52918e-08
-1.24297e-09
-4.18068e-11
5.46626e-08
-1.0418e-09
-4.54101e-11
6.45813e-08
-7.84742e-10
-4.6193e-11
7.35393e-08
-4.79281e-10
-4.20001e-11
7.80651e-08
-1.71919e-10
-3.04101e-11
7.063e-08
-1.0046e-11
3.5326e-08
-5.75167e-10
1.54337e-08
-2.71539e-17
-5.33786e-10
1.90142e-08
-3.41639e-17
-4.77558e-10
2.31415e-08
-4.20746e-17
-4.0234e-10
2.75865e-08
-5.11196e-17
-3.05082e-10
3.1694e-08
-5.54164e-17
-1.87948e-10
3.39074e-08
-6.01635e-17
-6.81538e-11
3.08193e-08
-5.46796e-17
1.53001e-08
-2.44221e-17
-3.74861e-10
1.91733e-11
1.53956e-08
-3.48977e-10
2.24061e-11
1.89659e-08
-3.13555e-10
2.53372e-11
2.30808e-08
-2.65764e-10
2.74928e-11
2.75112e-08
-2.03294e-10
2.79606e-11
3.16036e-08
-1.26935e-10
2.5468e-11
3.38056e-08
-4.716e-11
1.85619e-11
3.07209e-08
6.20945e-12
1.52467e-08
-9.60581e-10
2.80865e-11
3.69799e-08
-8.92484e-10
3.23062e-11
4.52138e-08
-7.9993e-10
3.59315e-11
5.45595e-08
-6.7601e-10
3.81349e-11
6.44468e-08
-5.15459e-10
3.76225e-11
7.33691e-08
-3.21114e-10
3.27597e-11
7.78635e-08
-1.19719e-10
2.20416e-11
7.04251e-08
5.57551e-12
3.52069e-08
-1.39966e-09
4.60943e-17
5.13346e-08
-1.29736e-09
6.12963e-17
6.28284e-08
-1.15946e-09
8.09199e-17
7.59039e-08
-9.76292e-10
1.05012e-16
8.97849e-08
-7.40929e-10
1.32207e-16
1.02396e-07
-4.58604e-10
1.57293e-16
1.08928e-07
-1.6924e-10
1.61606e-16
9.88666e-08
9.49916e-17
4.97746e-08
-1.39966e-09
-2.80864e-11
5.13346e-08
-1.29736e-09
-3.23061e-11
6.28284e-08
-1.15946e-09
-3.59314e-11
7.59039e-08
-9.76292e-10
-3.81347e-11
8.97849e-08
-7.40929e-10
-3.76223e-11
1.02396e-07
-4.58604e-10
-3.27594e-11
1.08928e-07
-1.6924e-10
-2.20413e-11
9.88666e-08
-5.57536e-12
4.97746e-08
-9.60581e-10
-1.91732e-11
3.69799e-08
-8.92484e-10
-2.24061e-11
4.52138e-08
-7.9993e-10
-2.53371e-11
5.45595e-08
-6.7601e-10
-2.74927e-11
6.44468e-08
-5.15459e-10
-2.79604e-11
7.33691e-08
-3.21115e-10
-2.54679e-11
7.78635e-08
-1.19719e-10
-1.85618e-11
7.04251e-08
-6.20937e-12
3.52069e-08
-3.74861e-10
1.53956e-08
1.80016e-18
-3.48977e-10
1.89659e-08
3.96441e-18
-3.13555e-10
2.30808e-08
6.03731e-18
-2.65764e-10
2.75112e-08
8.66633e-18
-2.03294e-10
3.16036e-08
7.15545e-18
-1.26935e-10
3.38056e-08
9.34646e-18
-4.71601e-11
3.07209e-08
9.89546e-18
1.52467e-08
2.90117e-18
-2.4204e-10
1.19347e-11
1.53712e-08
-2.25039e-10
1.39581e-11
1.89349e-08
-2.01848e-10
1.57987e-11
2.30418e-08
-1.70658e-10
1.71608e-11
2.74629e-08
-1.30034e-10
1.74758e-11
3.15455e-08
-8.06315e-11
1.59472e-11
3.37402e-08
-2.95252e-11
1.1653e-11
3.06582e-08
3.92335e-12
1.52133e-08
-6.145e-10
1.72027e-11
3.69426e-08
-5.70614e-10
1.98011e-11
4.51641e-08
-5.10982e-10
2.20426e-11
5.44936e-08
-4.31143e-10
2.34203e-11
6.43607e-08
-3.27729e-10
2.3144e-11
7.326e-08
-2.02761e-10
2.02137e-11
7.77342e-08
-7.42845e-11
1.36981e-11
7.02946e-08
3.58691e-12
3.5133e-08
-8.90514e-10
2.60788e-17
5.13041e-08
-8.2573e-10
3.29754e-17
6.27834e-08
-7.38114e-10
4.07567e-17
7.58383e-08
-6.21349e-10
4.83945e-17
8.96916e-08
-4.70811e-10
5.33987e-17
1.02268e-07
-2.89858e-10
5.25811e-17
1.08767e-07
-1.05154e-10
3.89116e-17
9.86956e-08
1.3131e-17
4.9673e-08
-8.90514e-10
-1.72027e-11
5.13041e-08
-8.2573e-10
-1.9801e-11
6.27834e-08
-7.38114e-10
-2.20426e-11
7.58383e-08
-6.21349e-10
-2.34203e-11
8.96916e-08
-4.70811e-10
-2.31439e-11
1.02268e-07
-2.89858e-10
-2.02136e-11
1.08767e-07
-1.05154e-10
-1.3698e-11
9.86956e-08
-3.58691e-12
4.9673e-08
-6.145e-10
-1.19347e-11
3.69426e-08
-5.70615e-10
-1.39581e-11
4.51641e-08
-5.10982e-10
-1.57987e-11
5.44936e-08
-4.31144e-10
-1.71608e-11
6.43607e-08
-3.27729e-10
-1.74758e-11
7.326e-08
-2.02761e-10
-1.59471e-11
7.77342e-08
-7.42845e-11
-1.1653e-11
7.02946e-08
-3.92333e-12
3.5133e-08
-2.4204e-10
1.53712e-08
-1.85022e-17
-2.25039e-10
1.89349e-08
-2.3403e-17
-2.01848e-10
2.30418e-08
-2.88367e-17
-1.70659e-10
2.74629e-08
-3.51789e-17
-1.30035e-10
3.15455e-08
-3.70544e-17
-8.06317e-11
3.37402e-08
-4.11026e-17
-2.95253e-11
3.06582e-08
-3.87453e-17
1.52133e-08
-1.79051e-17
-1.44685e-10
7.34456e-12
1.53563e-08
-1.34501e-10
8.60594e-12
1.89161e-08
-1.20617e-10
9.76096e-12
2.30181e-08
-1.01959e-10
1.06324e-11
2.74336e-08
-7.76793e-11
1.08693e-11
3.15104e-08
-4.81814e-11
9.97285e-12
3.37008e-08
-1.76687e-11
7.35278e-12
3.06203e-08
2.53765e-12
1.51931e-08
-3.73261e-10
1.05403e-11
3.69199e-08
-3.46573e-10
1.21492e-11
4.51338e-08
-3.10298e-10
1.35459e-11
5.44535e-08
-2.61738e-10
1.44253e-11
6.43083e-08
-1.98881e-10
1.4302e-11
7.31937e-08
-1.23025e-10
1.25523e-11
7.76558e-08
-4.51207e-11
8.57407e-12
7.02155e-08
2.30455e-12
3.50881e-08
-5.43724e-10
6.23257e-17
5.12857e-08
-5.04226e-10
7.88777e-17
6.2756e-08
-4.50738e-10
9.81966e-17
7.57984e-08
-3.79388e-10
1.19127e-16
8.96347e-08
-2.87375e-10
1.38361e-16
1.02191e-07
-1.76848e-10
1.49566e-16
1.08669e-07
-6.41748e-11
1.37036e-16
9.85915e-08
7.18557e-17
4.96112e-08
-5.43724e-10
-1.05402e-11
5.12857e-08
-5.04226e-10
-1.2149e-11
6.2756e-08
-4.50738e-10
-1.35457e-11
7.57984e-08
-3.79388e-10
-1.44251e-11
8.96347e-08
-2.87375e-10
-1.43017e-11
1.02191e-07
-1.76848e-10
-1.2552e-11
1.08669e-07
-6.41748e-11
-8.57383e-12
9.85915e-08
-2.30444e-12
4.96112e-08
-3.73262e-10
-7.34446e-12
3.69199e-08
-3.46574e-10
-8.60582e-12
4.51338e-08
-3.10298e-10
-9.76081e-12
5.44535e-08
-2.61738e-10
-1.06322e-11
6.43083e-08
-1.98881e-10
-1.08691e-11
7.31937e-08
-1.23025e-10
-9.97261e-12
7.76558e-08
-4.51207e-11
-7.35257e-12
7.02155e-08
-2.53755e-12
3.50881e-08
-1.44685e-10
1.53563e-08
-2.73045e-19
-1.34501e-10
1.89161e-08
1.24853e-18
-1.20617e-10
2.30181e-08
2.62902e-18
-1.01959e-10
2.74336e-08
4.45152e-18
-7.76795e-11
3.15104e-08
2.07183e-18
-4.81815e-11
3.37008e-08
3.75708e-18
-1.76688e-11
3.06203e-08
4.82481e-18
1.51931e-08
7.25009e-19
-8.93708e-11
4.54476e-12
1.53472e-08
-8.30989e-11
5.33005e-12
1.89045e-08
-7.45468e-11
6.05388e-12
2.30035e-08
-6.30489e-11
6.60688e-12
2.74155e-08
-4.80758e-11
6.77162e-12
3.14886e-08
-2.98598e-11
6.23563e-12
3.36763e-08
-1.09768e-11
4.62224e-12
3.05968e-08
1.61285e-12
1.51805e-08
-2.30452e-10
6.50459e-12
3.69059e-08
-2.14027e-10
7.50623e-12
4.51152e-08
-1.91701e-10
8.38293e-12
5.44289e-08
-1.61803e-10
8.94718e-12
6.42761e-08
-1.23077e-10
8.89807e-12
7.31528e-08
-7.62769e-11
7.84308e-12
7.76074e-08
-2.80816e-11
5.39144e-12
7.01665e-08
1.46994e-12
3.50601e-08
-3.35714e-10
3.38745e-17
5.12743e-08
-3.114e-10
4.29057e-17
6.27392e-08
-2.78467e-10
5.30798e-17
7.57738e-08
-2.34524e-10
6.28274e-17
8.95997e-08
-1.77825e-10
6.91696e-17
1.02143e-07
-1.09639e-10
6.82158e-17
1.08609e-07
-3.99506e-11
5.41157e-17
9.85272e-08
2.14897e-17
4.95727e-08
-3.35714e-10
-6.50453e-12
5.12743e-08
-3.114e-10
-7.50615e-12
6.27392e-08
-2.78467e-10
-8.38284e-12
7.57738e-08
-2.34524e-10
-8.94708e-12
8.95997e-08
-1.77825e-10
-8.89797e-12
1.02143e-07
-1.09639e-10
-7.84298e-12
1.08609e-07
-3.99506e-11
-5.39138e-12
9.85272e-08
-1.46993e-12
4.95727e-08
-2.30452e-10
-4.54476e-12
3.69059e-08
-2.14028e-10
-5.33004e-12
4.51152e-08
-1.91701e-10
-6.05387e-12
5.44289e-08
-1.61803e-10
-6.60687e-12
6.42761e-08
-1.23077e-10
-6.77161e-12
7.31528e-08
-7.6277e-11
-6.23562e-12
7.76074e-08
-2.80816e-11
-4.62224e-12
7.01665e-08
-1.61284e-12
3.50601e-08
-8.93708e-11
1.53472e-08
-1.76191e-17
-8.3099e-11
1.89045e-08
-2.22497e-17
-7.45468e-11
2.30035e-08
-2.72847e-17
-6.3049e-11
2.74155e-08
-3.2809e-17
-4.80759e-11
3.14886e-08
-3.35843e-17
-2.986e-11
3.36763e-08
-3.58706e-17
-1.09769e-11
3.05968e-08
-3.21685e-17
1.51805e-08
-1.3258e-17
-5.53505e-11
2.81003e-12
1.53415e-08
-5.14594e-11
3.2959e-12
1.88973e-08
-4.61554e-11
3.74397e-12
2.29945e-08
-3.90269e-11
4.08649e-12
2.74042e-08
-2.97473e-11
4.18886e-12
3.14752e-08
-1.84634e-11
3.85752e-12
3.36612e-08
-6.77756e-12
2.85901e-12
3.05823e-08
9.96803e-13
1.51727e-08
-1.42515e-10
4.01688e-12
3.68972e-08
-1.32338e-10
4.63697e-12
4.51037e-08
-1.18511e-10
5.18089e-12
5.44136e-08
-1.00002e-10
5.53277e-12
6.42561e-08
-7.60366e-11
5.50637e-12
7.31275e-08
-4.70872e-11
4.85788e-12
7.75774e-08
-1.73037e-11
3.34358e-12
7.01363e-08
9.15255e-13
3.50429e-08
-2.07515e-10
1.09705e-16
5.12673e-08
-1.92462e-10
1.39582e-16
6.27288e-08
-1.72081e-10
1.7559e-16
7.57586e-08
-1.44896e-10
2.16032e-16
8.9578e-08
-1.09828e-10
2.56031e-16
1.02113e-07
-6.76678e-11
2.82447e-16
1.08571e-07
-2.46115e-11
2.66908e-16
9.84875e-08
1.3983e-16
4.9549e-08
-2.07515e-10
-4.01669e-12
5.12673e-08
-1.92462e-10
-4.63672e-12
6.27288e-08
-1.72081e-10
-5.18057e-12
7.57586e-08
-1.44896e-10
-5.53239e-12
8.9578e-08
-1.09828e-10
-5.50591e-12
1.02113e-07
-6.76679e-11
-4.8574e-12
1.08571e-07
-2.46115e-11
-3.34313e-12
9.84875e-08
-9.15042e-13
4.9549e-08
-1.42515e-10
-2.8099e-12
3.68972e-08
-1.32338e-10
-3.29573e-12
4.51037e-08
-1.18511e-10
-3.74375e-12
5.44136e-08
-1.00002e-10
-4.08622e-12
6.42561e-08
-7.60367e-11
-4.18855e-12
7.31275e-08
-4.70873e-11
-3.85718e-12
7.75774e-08
-1.73038e-11
-2.8587e-12
7.01363e-08
-9.96648e-13
3.50429e-08
-5.53506e-11
1.53415e-08
3.42166e-17
-5.14595e-11
1.88973e-08
4.39878e-17
-4.61555e-11
2.29945e-08
5.5086e-17
-3.9027e-11
2.74042e-08
6.73599e-17
-2.97474e-11
3.14752e-08
7.46411e-17
-1.84635e-11
3.36612e-08
8.1535e-17
-6.7777e-12
3.05823e-08
7.54157e-17
1.51727e-08
3.57105e-17
-3.40779e-11
1.73397e-12
1.5338e-08
-3.16825e-11
2.03361e-12
1.88929e-08
-2.84171e-11
2.30973e-12
2.29889e-08
-2.40284e-11
2.52054e-12
2.73973e-08
-1.83153e-11
2.58298e-12
3.14669e-08
-1.13686e-11
2.37776e-12
3.36518e-08
-4.17406e-12
1.76132e-12
3.05733e-08
6.13482e-13
1.51679e-08
-8.78182e-11
2.47981e-12
3.68919e-08
-8.15446e-11
2.86233e-12
4.50966e-08
-7.3021e-11
3.19758e-12
5.44042e-08
-6.1613e-11
3.41402e-12
6.42438e-08
-4.68444e-11
3.39667e-12
7.3112e-08
-2.90082e-11
2.99523e-12
7.7559e-08
-1.06611e-11
2.05993e-12
7.01176e-08
5.62706e-13
3.50323e-08
-1.27922e-10
4.71789e-17
5.12629e-08
-1.18635e-10
5.79929e-17
6.27224e-08
-1.06063e-10
6.89826e-17
7.57492e-08
-8.9298e-11
7.75598e-17
8.95647e-08
-6.76775e-11
7.91615e-17
1.02095e-07
-4.16933e-11
6.72009e-17
1.08548e-07
-1.51645e-11
3.57936e-17
9.8463e-08
-2.79873e-18
4.95344e-08
-1.27922e-10
-2.47973e-12
5.12629e-08
-1.18635e-10
-2.86223e-12
6.27224e-08
-1.06063e-10
-3.19746e-12
7.57492e-08
-8.9298e-11
-3.41389e-12
8.95647e-08
-6.76776e-11
-3.39653e-12
1.02095e-07
-4.16934e-11
-2.99512e-12
1.08548e-07
-1.51646e-11
-2.05989e-12
9.8463e-08
-5.62738e-13
4.95344e-08
-8.78184e-11
-1.73394e-12
3.68919e-08
-8.15448e-11
-2.03358e-12
4.50966e-08
-7.30211e-11
-2.30969e-12
5.44042e-08
-6.1613e-11
-2.5205e-12
6.42438e-08
-4.68444e-11
-2.58294e-12
7.3112e-08
-2.90082e-11
-2.37773e-12
7.7559e-08
-1.06611e-11
-1.76129e-12
7.01176e-08
-6.13472e-13
3.50323e-08
-3.4078e-11
1.5338e-08
-3.24799e-17
-3.16826e-11
1.88929e-08
-4.14888e-17
-2.84172e-11
2.29889e-08
-5.1937e-17
-2.40285e-11
2.73973e-08
-6.42603e-17
-1.83154e-11
3.14669e-08
-7.23431e-17
-1.13687e-11
3.36518e-08
-8.1016e-17
-4.17419e-12
3.05733e-08
-7.70755e-17
1.51679e-08
-3.83106e-17
-2.10704e-11
1.0712e-12
1.53359e-08
-1.959e-11
1.25618e-12
1.88902e-08
-1.75718e-11
1.42658e-12
2.29855e-08
-1.48589e-11
1.55655e-12
2.73931e-08
-1.1327e-11
1.59482e-12
3.14617e-08
-7.03184e-12
1.46775e-12
3.36461e-08
-2.58246e-12
1.08686e-12
3.05678e-08
3.78229e-13
1.5165e-08
-5.42731e-11
1.53263e-12
3.68886e-08
-5.03968e-11
1.76886e-12
4.50922e-08
-4.51303e-11
1.9758e-12
5.43984e-08
-3.80817e-11
2.10919e-12
6.42362e-08
-2.89562e-11
2.09803e-12
7.31023e-08
-1.7934e-11
1.84957e-12
7.75476e-08
-6.59344e-12
1.27157e-12
7.01061e-08
3.47004e-13
3.50257e-08
-7.90556e-11
1.04991e-16
5.12602e-08
-7.33158e-11
1.32272e-16
6.27184e-08
-6.55468e-11
1.64116e-16
7.57435e-08
-5.51872e-11
1.98371e-16
8.95564e-08
-4.18284e-11
2.29981e-16
1.02084e-07
-2.5773e-11
2.47074e-16
1.08534e-07
-9.3779e-12
2.2618e-16
9.84479e-08
1.14491e-16
4.95254e-08
-7.90556e-11
-1.53244e-12
5.12602e-08
-7.33158e-11
-1.76862e-12
6.27184e-08
-6.55468e-11
-1.9755e-12
7.57435e-08
-5.51873e-11
-2.10884e-12
8.95564e-08
-4.18285e-11
-2.09762e-12
1.02084e-07
-2.57731e-11
-1.84914e-12
1.08534e-07
-9.37796e-12
-1.27118e-12
9.84479e-08
-3.46824e-13
4.95254e-08
-5.42732e-11
-1.07107e-12
3.68886e-08
-5.03969e-11
-1.25602e-12
4.50922e-08
-4.51304e-11
-1.42637e-12
5.43984e-08
-3.80818e-11
-1.5563e-12
6.42362e-08
-2.89563e-11
-1.59452e-12
7.31023e-08
-1.79341e-11
-1.46744e-12
7.75476e-08
-6.59354e-12
-1.08657e-12
7.01061e-08
-3.78092e-13
3.50257e-08
-2.10705e-11
1.53359e-08
2.78956e-17
-1.95901e-11
1.88902e-08
3.63898e-17
-1.75718e-11
2.29855e-08
4.60806e-17
-1.4859e-11
2.73931e-08
5.71648e-17
-1.13271e-11
3.14617e-08
6.34666e-17
-7.03193e-12
3.36461e-08
7.10638e-17
-2.58257e-12
3.05678e-08
6.77782e-17
1.5165e-08
3.33273e-17
-1.30358e-11
6.62324e-13
1.53345e-08
-1.21197e-11
7.76656e-13
1.88885e-08
-1.08709e-11
8.8194e-13
2.29833e-08
-9.19229e-12
9.62197e-13
2.73904e-08
-7.00701e-12
9.85722e-13
3.14586e-08
-4.3496e-12
9.0703e-13
3.36425e-08
-1.59713e-12
6.71474e-13
3.05644e-08
2.33536e-13
1.51631e-08
-3.35715e-11
9.47845e-13
3.68866e-08
-3.11731e-11
1.09387e-12
4.50895e-08
-2.79148e-11
1.22176e-12
5.43948e-08
-2.3554e-11
1.30413e-12
6.42315e-08
-1.79088e-11
1.29708e-12
7.30964e-08
-1.10907e-11
1.14333e-12
7.75405e-08
-4.07655e-12
7.85948e-13
7.0099e-08
2.14503e-13
3.50217e-08
-4.89021e-11
3.41457e-17
5.12586e-08
-4.53506e-11
4.10016e-17
6.2716e-08
-4.05439e-11
4.68936e-17
7.57399e-08
-3.41348e-11
4.9027e-17
8.95513e-08
-2.58707e-11
4.35559e-17
1.02077e-07
-1.59391e-11
2.60134e-17
1.08525e-07
-5.79848e-12
-2.82085e-18
9.84385e-08
-2.25095e-17
4.95198e-08
-4.89021e-11
-9.47785e-13
5.12586e-08
-4.53506e-11
-1.0938e-12
6.2716e-08
-4.05438e-11
-1.22168e-12
7.57399e-08
-3.41348e-11
-1.30404e-12
8.95513e-08
-2.58707e-11
-1.29701e-12
1.02077e-07
-1.59391e-11
-1.14329e-12
1.08525e-07
-5.7985e-12
-7.85968e-13
9.84385e-08
-2.14564e-13
4.95198e-08
-3.35716e-11
-6.62311e-13
3.68866e-08
-3.11732e-11
-7.7664e-13
4.50895e-08
-2.79148e-11
-8.81923e-13
5.43948e-08
-2.35541e-11
-9.62183e-13
6.42315e-08
-1.79088e-11
-9.85715e-13
7.30964e-08
-1.10907e-11
-9.07034e-13
7.75405e-08
-4.07656e-12
-6.71489e-13
7.0099e-08
-2.33547e-13
3.50217e-08
-1.30358e-11
1.53346e-08
-3.3028e-17
-1.21197e-11
1.88885e-08
-4.19742e-17
-1.08709e-11
2.29833e-08
-5.21356e-17
-9.19236e-12
2.73904e-08
-6.38713e-17
-7.00709e-12
3.14586e-08
-7.07697e-17
-4.34975e-12
3.36425e-08
-7.86001e-17
-1.59723e-12
3.05644e-08
-7.45569e-17
1.51631e-08
-3.6877e-17
-8.0621e-12
4.09758e-13
1.53337e-08
-7.49553e-12
4.80491e-13
1.88874e-08
-6.72317e-12
5.45626e-13
2.2982e-08
-5.68502e-12
5.95279e-13
2.73888e-08
-4.33351e-12
6.09837e-13
3.14566e-08
-2.69004e-12
5.61164e-13
3.36403e-08
-9.87786e-13
4.1545e-13
3.05622e-08
1.4452e-13
1.5162e-08
-2.0767e-11
5.86538e-13
3.68853e-08
-1.92833e-11
6.76899e-13
4.50878e-08
-1.72676e-11
7.56032e-13
5.43926e-08
-1.45699e-11
8.07006e-13
6.42286e-08
-1.10778e-11
8.02662e-13
7.30927e-08
-6.86029e-12
7.07565e-13
7.75362e-08
-2.52166e-12
4.8648e-13
7.00945e-08
1.32879e-13
3.50192e-08
-3.02544e-11
1.01027e-16
5.12576e-08
-2.80569e-11
1.27316e-16
6.27145e-08
-2.50828e-11
1.57887e-16
7.57377e-08
-2.11175e-11
1.9072e-16
8.95482e-08
-1.60047e-11
2.21376e-16
1.02073e-07
-9.8605e-12
2.38759e-16
1.0852e-07
-3.58721e-12
2.18948e-16
9.84327e-08
1.12319e-16
4.95163e-08
-3.02543e-11
-5.86355e-13
5.12576e-08
-2.80569e-11
-6.76668e-13
6.27145e-08
-2.50828e-11
-7.55747e-13
7.57377e-08
-2.11175e-11
-8.06662e-13
8.95482e-08
-1.60048e-11
-8.02266e-13
1.02073e-07
-9.86057e-12
-7.07144e-13
1.0852e-07
-3.58728e-12
-4.86104e-13
9.84327e-08
-1.32699e-13
4.95163e-08
-2.07671e-11
-4.09627e-13
3.68853e-08
-1.92834e-11
-4.80328e-13
4.50878e-08
-1.72676e-11
-5.45423e-13
5.43926e-08
-1.457e-11
-5.95033e-13
6.42286e-08
-1.10779e-11
-6.0955e-13
7.30927e-08
-6.8604e-12
-5.60856e-13
7.75362e-08
-2.52175e-12
-4.15175e-13
7.00945e-08
-1.4439e-13
3.50192e-08
-8.06219e-12
1.53337e-08
2.77749e-17
-7.4956e-12
1.88874e-08
3.636e-17
-6.72322e-12
2.2982e-08
4.61633e-17
-5.68506e-12
2.73888e-08
5.75188e-17
-4.33359e-12
3.14566e-08
6.38474e-17
-2.69011e-12
3.36403e-08
7.19821e-17
-9.87872e-13
3.05622e-08
6.8822e-17
1.5162e-08
3.39029e-17
-4.99015e-12
2.53613e-13
1.53332e-08
-4.63947e-12
2.97393e-13
1.88868e-08
-4.16141e-12
3.37708e-13
2.29812e-08
-3.51884e-12
3.68443e-13
2.73878e-08
-2.68232e-12
3.77457e-13
3.14554e-08
-1.66507e-12
3.47335e-13
3.36389e-08
-6.11427e-13
2.57149e-13
3.05609e-08
8.94527e-14
1.51613e-08
-1.28544e-11
3.63041e-13
3.68845e-08
-1.1936e-11
4.18969e-13
4.50868e-08
-1.06883e-11
4.67947e-13
5.43912e-08
-9.01854e-12
4.99495e-13
6.42268e-08
-6.857e-12
4.96803e-13
7.30904e-08
-4.24648e-12
4.37938e-13
7.75335e-08
-1.56094e-12
3.0109e-13
7.00918e-08
8.22282e-14
3.50176e-08
-1.87276e-11
2.26638e-18
5.12569e-08
-1.73673e-11
6.17609e-19
6.27135e-08
-1.55264e-11
-4.19581e-18
7.57363e-08
-1.30718e-11
-1.44676e-17
8.95462e-08
-9.90703e-12
-3.31672e-17
1.0207e-07
-6.10381e-12
-6.16331e-17
1.08516e-07
-2.22063e-12
-8.84844e-17
9.84292e-08
-7.08575e-17
4.95142e-08
-1.87275e-11
-3.63042e-13
5.12569e-08
-1.73673e-11
-4.18973e-13
6.27135e-08
-1.55263e-11
-4.67961e-13
7.57363e-08
-1.30718e-11
-4.99529e-13
8.95462e-08
-9.907e-12
-4.96871e-13
1.0207e-07
-6.10379e-12
-4.38055e-13
1.08516e-07
-2.22062e-12
-3.01257e-13
9.84292e-08
-8.23663e-14
4.95142e-08
-1.28544e-11
-2.53642e-13
3.68845e-08
-1.1936e-11
-2.97431e-13
4.50868e-08
-1.06882e-11
-3.37758e-13
5.43912e-08
-9.01845e-12
-3.6851e-13
6.42268e-08
-6.85691e-12
-3.77547e-13
7.30904e-08
-4.24641e-12
-3.47446e-13
7.75335e-08
-1.56091e-12
-2.57266e-13
7.00918e-08
-8.95183e-14
3.50176e-08
-4.98997e-12
1.53332e-08
-3.61325e-17
-4.63931e-12
1.88868e-08
-4.56885e-17
-4.16128e-12
2.29812e-08
-5.64618e-17
-3.51876e-12
2.73878e-08
-6.87337e-17
-2.68227e-12
3.14554e-08
-7.58712e-17
-1.66511e-12
3.36389e-08
-8.37193e-17
-6.11473e-13
3.05609e-08
-7.91913e-17
1.51613e-08
-3.91459e-17
-3.08911e-12
1.57028e-13
1.53329e-08
-2.87202e-12
1.84139e-13
1.88864e-08
-2.57607e-12
2.09106e-13
2.29807e-08
-2.17829e-12
2.28143e-13
2.73872e-08
-1.66045e-12
2.33736e-13
3.14546e-08
-1.03075e-12
2.15098e-13
3.36381e-08
-3.78512e-13
1.59268e-13
3.05601e-08
5.54225e-14
1.51609e-08
-7.95793e-12
2.24813e-13
3.6884e-08
-7.38934e-12
2.59454e-13
4.50861e-08
-6.6169e-12
2.89797e-13
5.43903e-08
-5.58317e-12
3.09353e-13
6.42257e-08
-4.24499e-12
3.07716e-13
7.3089e-08
-2.62888e-12
2.713e-13
7.75318e-08
-9.66357e-13
1.86585e-13
7.00901e-08
5.10172e-14
3.50167e-08
-1.15943e-11
7.07504e-17
5.12565e-08
-1.07521e-11
8.98945e-17
6.27129e-08
-9.61236e-12
1.12396e-16
7.57354e-08
-8.09275e-12
1.37092e-16
8.9545e-08
-6.13341e-12
1.61616e-16
1.02068e-07
-3.77887e-12
1.78133e-16
1.08514e-07
-1.37483e-12
1.70643e-16
9.84269e-08
9.44857e-17
4.95129e-08
-1.15943e-11
-2.24684e-13
5.12565e-08
-1.07521e-11
-2.5929e-13
6.27129e-08
-9.61235e-12
-2.89592e-13
7.57354e-08
-8.09274e-12
-3.09104e-13
8.9545e-08
-6.13344e-12
-3.07423e-13
1.02068e-07
-3.77891e-12
-2.70978e-13
1.08514e-07
-1.37486e-12
-1.86282e-13
9.84269e-08
-5.08567e-14
4.95129e-08
-7.95789e-12
-1.56931e-13
3.6884e-08
-7.3893e-12
-1.84016e-13
4.50861e-08
-6.61689e-12
-2.08952e-13
5.43903e-08
-5.58319e-12
-2.27955e-13
6.42257e-08
-4.24505e-12
-2.33513e-13
7.3089e-08
-2.62899e-12
-2.14855e-13
7.75318e-08
-9.66446e-13
-1.59044e-13
7.00901e-08
-5.53135e-14
3.50167e-08
-3.08912e-12
1.53329e-08
3.47706e-17
-2.87201e-12
1.88864e-08
4.51416e-17
-2.57605e-12
2.29807e-08
5.71085e-17
-2.17826e-12
2.73872e-08
7.10171e-17
-1.66045e-12
3.14546e-08
7.98667e-17
-1.03075e-12
3.36381e-08
8.98128e-17
-3.78552e-13
3.05601e-08
8.57484e-17
1.51609e-08
4.24875e-17
-1.91276e-12
9.72459e-14
1.53327e-08
-1.77834e-12
1.14036e-13
1.88861e-08
-1.59509e-12
1.29499e-13
2.29804e-08
-1.34878e-12
1.4129e-13
2.73868e-08
-1.02812e-12
1.44755e-13
3.14542e-08
-6.38211e-13
1.33214e-13
3.36376e-08
-2.34347e-13
9.86364e-14
3.05596e-08
3.43215e-14
1.51606e-08
-4.92761e-12
1.39201e-13
3.68837e-08
-4.57552e-12
1.60649e-13
4.50857e-08
-4.0972e-12
1.79436e-13
5.43898e-08
-3.45709e-12
1.91541e-13
6.4225e-08
-2.62847e-12
1.9052e-13
7.30881e-08
-1.62776e-12
1.67961e-13
7.75308e-08
-5.98325e-13
1.15492e-13
7.00891e-08
3.15553e-14
3.50161e-08
-7.17933e-12
1.67307e-17
5.12563e-08
-6.65783e-12
1.96975e-17
6.27126e-08
-5.95206e-12
2.1474e-17
7.57349e-08
-5.01107e-12
2.03138e-17
8.95442e-08
-3.7978e-12
1.36404e-17
1.02067e-07
-2.33982e-12
-4.99837e-19
1.08513e-07
-8.51231e-13
-2.0626e-17
9.84256e-08
-2.72028e-17
4.9512e-08
-7.17932e-12
-1.39173e-13
5.12563e-08
-6.65783e-12
-1.60616e-13
6.27126e-08
-5.95205e-12
-1.79399e-13
7.57349e-08
-5.01106e-12
-1.91506e-13
8.95442e-08
-3.7978e-12
-1.90497e-13
1.02067e-07
-2.33983e-12
-1.67963e-13
1.08513e-07
-8.51235e-13
-1.15532e-13
9.84256e-08
-3.16095e-14
4.9512e-08
-4.92773e-12
-9.7245e-14
3.68837e-08
-4.57562e-12
-1.14036e-13
4.50857e-08
-4.09726e-12
-1.29501e-13
5.43898e-08
-3.45712e-12
-1.41298e-13
6.4225e-08
-2.62847e-12
-1.44772e-13
7.30881e-08
-1.62774e-12
-1.33241e-13
7.75308e-08
-5.98307e-13
-9.86706e-14
7.00891e-08
-3.43411e-14
3.50161e-08
-1.91272e-12
1.53327e-08
-2.11716e-17
-1.7783e-12
1.88861e-08
-2.7274e-17
-1.59506e-12
2.29804e-08
-3.40866e-17
-1.34877e-12
2.73868e-08
-4.22508e-17
-1.02811e-12
3.14542e-08
-4.57436e-17
-6.38255e-13
3.36376e-08
-5.22448e-17
-2.34375e-13
3.05596e-08
-5.16554e-17
1.51606e-08
-2.61048e-17
-1.18426e-12
6.0223e-14
1.53326e-08
-1.10103e-12
7.06215e-14
1.8886e-08
-9.87584e-13
8.01985e-14
2.29802e-08
-8.35094e-13
8.75024e-14
2.73865e-08
-6.36574e-13
8.96501e-14
3.14539e-08
-3.95183e-13
8.25049e-14
3.36373e-08
-1.45138e-13
6.10933e-14
3.05593e-08
2.12624e-14
1.51604e-08
-3.05098e-12
8.62371e-14
3.68835e-08
-2.833e-12
9.95288e-14
4.50855e-08
-2.53687e-12
1.11174e-13
5.43895e-08
-2.14055e-12
1.18684e-13
6.42246e-08
-1.62752e-12
1.18067e-13
7.30876e-08
-1.00794e-12
1.0411e-13
7.75301e-08
-3.70544e-13
7.16189e-14
7.00884e-08
1.95978e-14
3.50157e-08
-4.44524e-12
8.38306e-17
5.12561e-08
-4.12236e-12
1.05921e-16
6.27123e-08
-3.68539e-12
1.32073e-16
7.57346e-08
-3.10277e-12
1.60806e-16
8.95438e-08
-2.35158e-12
1.89145e-16
1.02067e-07
-1.44889e-12
2.07787e-16
1.08512e-07
-5.2718e-13
1.9576e-16
9.84247e-08
1.02531e-16
4.95115e-08
-4.44524e-12
-8.60855e-14
5.12561e-08
-4.12235e-12
-9.93377e-14
6.27123e-08
-3.68539e-12
-1.10936e-13
7.57346e-08
-3.10278e-12
-1.18394e-13
8.95438e-08
-2.3516e-12
-1.17728e-13
1.02067e-07
-1.44891e-12
-1.03737e-13
1.08512e-07
-5.27211e-13
-7.12712e-14
9.84247e-08
-1.94167e-14
4.95115e-08
-3.05095e-12
-6.01083e-14
3.68835e-08
-2.83297e-12
-7.0478e-14
4.50855e-08
-2.53685e-12
-8.00211e-14
5.43895e-08
-2.14057e-12
-8.72874e-14
6.42246e-08
-1.62755e-12
-8.9399e-14
7.30876e-08
-1.00802e-12
-8.22346e-14
7.75301e-08
-3.70606e-13
-6.08508e-14
7.00884e-08
-2.115e-14
3.50157e-08
-1.1842e-12
1.53326e-08
4.48882e-17
-1.10095e-12
1.8886e-08
5.73037e-17
-9.87485e-13
2.29802e-08
7.14637e-17
-8.34972e-13
2.73865e-08
8.7602e-17
-6.36491e-13
3.14539e-08
9.79873e-17
-3.95104e-13
3.36373e-08
1.08154e-16
-1.45127e-13
3.05593e-08
1.01208e-16
1.51604e-08
4.90478e-17
-7.3364e-13
3.72792e-14
1.53325e-08
-6.82088e-13
4.37138e-14
1.88859e-08
-6.11802e-13
4.96385e-14
2.29801e-08
-5.17329e-13
5.41543e-14
2.73864e-08
-3.94345e-13
5.5476e-14
3.14537e-08
-2.44803e-13
5.10433e-14
3.36371e-08
-8.99049e-14
3.7782e-14
3.05591e-08
1.31347e-14
1.51603e-08
-1.88987e-12
5.33754e-14
3.68834e-08
-1.75486e-12
6.15973e-14
4.50853e-08
-1.57142e-12
6.87966e-14
5.43893e-08
-1.32593e-12
7.34321e-14
6.42243e-08
-1.00812e-12
7.30313e-14
7.30873e-08
-6.24333e-13
6.43687e-14
7.75297e-08
-2.29516e-13
4.42408e-14
7.0088e-08
1.20683e-14
3.50155e-08
-2.75332e-12
1.69925e-17
5.1256e-08
-2.55335e-12
1.92549e-17
6.27122e-08
-2.2827e-12
2.00648e-17
7.57344e-08
-1.92183e-12
1.7739e-17
8.95435e-08
-1.45654e-12
9.84217e-18
1.02066e-07
-8.97405e-13
-5.59701e-18
1.08512e-07
-3.26514e-13
-2.71019e-17
9.84242e-08
-3.169e-17
4.95112e-08
-2.75332e-12
-5.33508e-14
5.1256e-08
-2.55334e-12
-6.15693e-14
6.27122e-08
-2.28268e-12
-6.87679e-14
7.57344e-08
-1.9218e-12
-7.3408e-14
8.95435e-08
-1.4565e-12
-7.30207e-14
1.02066e-07
-8.97385e-13
-6.43843e-14
1.08512e-07
-3.26492e-13
-4.42894e-14
9.84242e-08
-1.21223e-14
4.95112e-08
-1.88986e-12
-3.728e-14
3.68834e-08
-1.75483e-12
-4.37171e-14
4.50853e-08
-1.57137e-12
-4.96466e-14
5.43893e-08
-1.32585e-12
-5.41706e-14
6.42243e-08
-1.00804e-12
-5.55057e-14
7.30873e-08
-6.24254e-13
-5.10879e-14
7.75297e-08
-2.29468e-13
-3.78368e-14
7.0088e-08
-1.31706e-14
3.50155e-08
-7.33441e-13
1.53325e-08
-3.28205e-18
-6.81891e-13
1.88859e-08
-5.4606e-18
-6.11624e-13
2.29801e-08
-7.71749e-18
-5.17174e-13
2.73864e-08
-1.10812e-17
-3.94198e-13
3.14537e-08
-1.0039e-17
-2.44753e-13
3.36371e-08
-1.49412e-17
-8.98866e-14
3.05591e-08
-1.90994e-17
1.51603e-08
-1.06882e-17
-4.54111e-13
2.30924e-14
1.53325e-08
-4.22199e-13
2.70797e-14
1.88858e-08
-3.78686e-13
3.07522e-14
2.298e-08
-3.20198e-13
3.35539e-14
2.73863e-08
-2.44069e-13
3.43792e-14
3.14536e-08
-1.51509e-13
3.16424e-14
3.36369e-08
-5.56409e-14
2.34353e-14
3.0559e-08
8.16119e-15
1.51603e-08
-1.17005e-12
3.31046e-14
3.68834e-08
-1.08647e-12
3.82098e-14
4.50852e-08
-9.72883e-13
4.26853e-14
5.43892e-08
-8.20891e-13
4.55774e-14
6.42242e-08
-6.24123e-13
4.53545e-14
7.3087e-08
-3.86507e-13
4.00144e-14
7.75295e-08
-1.42076e-13
2.75566e-14
7.00878e-08
7.57068e-15
3.50153e-08
-1.70473e-12
1.16224e-16
5.1256e-08
-1.58093e-12
1.46296e-16
6.27121e-08
-1.41334e-12
1.824e-16
7.57342e-08
-1.1899e-12
2.23487e-16
8.95433e-08
-9.01823e-13
2.66142e-16
1.02066e-07
-5.55646e-13
2.9804e-16
1.08511e-07
-2.02181e-13
2.87865e-16
9.84239e-08
1.56265e-16
4.9511e-08
-1.70485e-12
-3.28976e-14
5.1256e-08
-1.58103e-12
-3.79493e-14
6.27121e-08
-1.41344e-12
-4.23605e-14
7.57342e-08
-1.18998e-12
-4.5179e-14
8.95433e-08
-9.01889e-13
-4.48811e-14
1.02066e-07
-5.55702e-13
-3.94858e-14
1.08511e-07
-2.02206e-13
-2.70487e-14
9.84239e-08
-7.29317e-15
4.9511e-08
-1.17019e-12
-2.29325e-14
3.68834e-08
-1.08661e-12
-2.68807e-14
4.50852e-08
-9.73039e-13
-3.05072e-14
5.43892e-08
-8.2105e-13
-3.32581e-14
6.42242e-08
-6.24276e-13
-3.40344e-14
7.3087e-08
-3.86658e-13
-3.12703e-14
7.75295e-08
-1.42182e-13
-2.30986e-14
7.00878e-08
-8.00271e-15
3.50153e-08
-4.54297e-13
1.53325e-08
7.49444e-17
-4.22338e-13
1.88858e-08
9.34269e-17
-3.78793e-13
2.298e-08
1.14134e-16
-3.20249e-13
2.73863e-08
1.36782e-16
-2.44119e-13
3.14536e-08
1.51959e-16
-1.51517e-13
3.36369e-08
1.64055e-16
-5.56756e-14
3.0559e-08
1.50686e-16
1.51603e-08
7.27784e-17
-2.80477e-13
1.43366e-14
1.53324e-08
-2.60726e-13
1.68148e-14
1.88858e-08
-2.33845e-13
1.90991e-14
2.29799e-08
-1.97721e-13
2.08432e-14
2.73862e-08
-1.50707e-13
2.13618e-14
3.14535e-08
-9.35556e-14
1.96682e-14
3.36369e-08
-3.43532e-14
1.45752e-14
3.05589e-08
5.08202e-15
1.51602e-08
-7.23533e-13
2.05298e-14
3.68833e-08
-6.71745e-13
2.36962e-14
4.50852e-08
-6.01491e-13
2.6471e-14
5.43891e-08
-5.07472e-13
2.82608e-14
6.42241e-08
-3.85823e-13
2.81135e-14
7.30869e-08
-2.3893e-13
2.47862e-14
7.75293e-08
-8.78216e-14
1.70403e-14
7.00876e-08
4.64896e-15
3.50152e-08
-1.05465e-12
9.60785e-17
5.12559e-08
-9.77931e-13
1.1298e-16
6.27121e-08
-8.74203e-13
1.2851e-16
7.57342e-08
-7.35932e-13
1.3799e-16
8.95432e-08
-5.57695e-13
1.34216e-16
1.02066e-07
-3.43558e-13
1.05811e-16
1.08511e-07
-1.2497e-13
4.39885e-17
9.84237e-08
-2.3888e-17
4.95109e-08
-1.05478e-12
-2.03529e-14
5.12559e-08
-9.78054e-13
-2.34872e-14
6.27121e-08
-8.7432e-13
-2.62321e-14
7.57342e-08
-7.36018e-13
-2.80014e-14
8.95432e-08
-5.57753e-13
-2.78576e-14
1.02066e-07
-3.43591e-13
-2.4578e-14
1.08511e-07
-1.24966e-13
-1.69428e-14
9.84237e-08
-4.68344e-15
4.95109e-08
-7.23832e-13
-1.4184e-14
3.68833e-08
-6.71995e-13
-1.6631e-14
4.50852e-08
-6.01659e-13
-1.88821e-14
5.43891e-08
-5.07579e-13
-2.0596e-14
6.42241e-08
-3.85839e-13
-2.10959e-14
7.30869e-08
-2.38893e-13
-1.94151e-14
7.75293e-08
-8.77906e-14
-1.43949e-14
7.00876e-08
-5.04438e-15
3.50152e-08
-2.80667e-13
1.53324e-08
5.47063e-17
-2.60807e-13
1.88858e-08
6.84146e-17
-2.33853e-13
2.29799e-08
8.39471e-17
-1.97613e-13
2.73862e-08
9.99105e-17
-1.50566e-13
3.14535e-08
1.09118e-16
-9.34162e-14
3.36369e-08
1.10026e-16
-3.43205e-14
3.05589e-08
8.73886e-17
1.51602e-08
2.98751e-17
-1.74166e-13
8.75392e-15
1.53324e-08
-1.619e-13
1.0257e-14
1.88858e-08
-1.45222e-13
1.1633e-14
2.29799e-08
-1.22749e-13
1.26701e-14
2.73862e-08
-9.35889e-14
1.29454e-14
3.14535e-08
-5.8059e-14
1.18657e-14
3.36368e-08
-2.12862e-14
8.72731e-15
3.05589e-08
2.98841e-15
1.51602e-08
-4.48409e-13
1.24904e-14
3.68833e-08
-4.16403e-13
1.43921e-14
4.50851e-08
-3.72845e-13
1.60389e-14
5.4389e-08
-3.1464e-13
1.70617e-14
6.4224e-08
-2.3916e-13
1.68846e-14
7.30868e-08
-1.48046e-13
1.47548e-14
7.75292e-08
-5.43357e-14
9.9804e-15
7.00875e-08
2.57821e-15
3.50152e-08
-6.53102e-13
-2.40861e-16
5.12559e-08
-6.05625e-13
-3.10201e-16
6.2712e-08
-5.41454e-13
-4.00984e-16
7.57341e-08
-4.55777e-13
-5.11487e-16
8.95431e-08
-3.45445e-13
-6.44416e-16
1.02066e-07
-2.12679e-13
-7.59297e-16
1.08511e-07
-7.7231e-14
-7.69613e-16
9.84235e-08
-4.35174e-16
4.95108e-08
-6.52786e-13
-1.29386e-14
5.12559e-08
-6.05424e-13
-1.49684e-14
6.2712e-08
-5.41178e-13
-1.67763e-14
7.57341e-08
-4.55678e-13
-1.80015e-14
8.95431e-08
-3.4522e-13
-1.80445e-14
1.02066e-07
-2.12509e-13
-1.61111e-14
1.08511e-07
-7.71187e-14
-1.13277e-14
9.84235e-08
-3.3145e-15
4.95108e-08
-4.47637e-13
-9.06922e-15
3.68833e-08
-4.15642e-13
-1.06537e-14
4.50851e-08
-3.72254e-13
-1.21314e-14
5.4389e-08
-3.14066e-13
-1.32884e-14
6.4224e-08
-2.3878e-13
-1.36955e-14
7.30868e-08
-1.47675e-13
-1.27202e-14
7.75292e-08
-5.40834e-14
-9.55232e-15
7.00875e-08
-3.42548e-15
3.50152e-08
-1.73968e-13
1.53324e-08
-9.64403e-17
-1.61895e-13
1.88858e-08
-1.19781e-16
-1.45333e-13
2.29799e-08
-1.46596e-16
-1.22983e-13
2.73862e-08
-1.74242e-16
-9.37709e-14
3.14535e-08
-1.99483e-16
-5.79774e-14
3.36368e-08
-2.12637e-16
-2.10768e-14
3.05589e-08
-1.93966e-16
1.51602e-08
-9.97706e-17
-1.07641e-13
5.47524e-15
1.53324e-08
-1.00063e-13
6.42208e-15
1.88857e-08
-8.97394e-14
7.29503e-15
2.29799e-08
-7.58741e-14
7.96318e-15
2.73862e-08
-5.78218e-14
8.1655e-15
3.14535e-08
-3.58564e-14
7.52787e-15
3.36368e-08
-1.31294e-14
5.59391e-15
3.05588e-08
1.96709e-15
1.51602e-08
-2.77488e-13
7.81917e-15
3.68833e-08
-2.57636e-13
9.02558e-15
4.50851e-08
-2.30668e-13
1.00842e-14
5.4389e-08
-1.94612e-13
1.07719e-14
6.4224e-08
-1.47925e-13
1.07309e-14
7.30868e-08
-9.1532e-14
9.49359e-15
7.75292e-08
-3.35577e-14
6.58549e-15
7.00875e-08
1.86712e-15
3.50151e-08
-4.04352e-13
-2.67678e-17
5.12559e-08
-3.74955e-13
-2.89966e-17
6.2712e-08
-3.35168e-13
-2.7537e-17
7.57341e-08
-2.8216e-13
-1.75428e-17
8.95431e-08
-2.13811e-13
9.16218e-18
1.02066e-07
-1.31643e-13
6.30409e-17
1.08511e-07
-4.77916e-14
1.38741e-16
9.84235e-08
1.47271e-16
4.95108e-08
-4.04407e-13
-7.84349e-15
5.12559e-08
-3.75028e-13
-9.04768e-15
6.2712e-08
-3.35252e-13
-1.00964e-14
7.57341e-08
-2.8226e-13
-1.07583e-14
8.95431e-08
-2.13914e-13
-1.06632e-14
1.02066e-07
-1.3173e-13
-9.33242e-15
1.08511e-07
-4.78393e-14
-6.3093e-15
9.84235e-08
-1.60859e-15
4.95108e-08
-2.77776e-13
-5.43968e-15
3.68833e-08
-2.57932e-13
-6.37121e-15
4.50851e-08
-2.30967e-13
-7.22125e-15
5.4389e-08
-1.94901e-13
-7.85426e-15
6.4224e-08
-1.482e-13
-8.00647e-15
7.30868e-08
-9.17346e-14
-7.30784e-15
7.75292e-08
-3.36567e-14
-5.33229e-15
7.00875e-08
-1.78709e-15
3.50151e-08
-1.08388e-13
1.53324e-08
3.69167e-17
-1.00752e-13
1.88857e-08
4.91693e-17
-9.03409e-14
2.29799e-08
6.63337e-17
-7.63844e-14
2.73862e-08
8.62984e-17
-5.82059e-14
3.14535e-08
1.08117e-16
-3.60903e-14
3.36368e-08
1.25684e-16
-1.32191e-14
3.05588e-08
1.22276e-16
1.51602e-08
6.63966e-17
-6.69135e-14
3.39084e-15
1.53324e-08
-6.22006e-14
3.97676e-15
1.88857e-08
-5.57853e-14
4.51634e-15
2.29799e-08
-4.71696e-14
4.92768e-15
2.73862e-08
-3.59471e-14
5.04844e-15
3.14534e-08
-2.23006e-14
4.64585e-15
3.36368e-08
-8.16666e-15
3.43885e-15
3.05588e-08
1.19536e-15
1.51602e-08
-1.72159e-13
4.86221e-15
3.68833e-08
-1.59843e-13
5.61413e-15
4.50851e-08
-1.43119e-13
6.2746e-15
5.4389e-08
-1.20759e-13
6.70357e-15
6.42239e-08
-9.1813e-14
6.67559e-15
7.30868e-08
-5.68311e-14
5.89525e-15
7.75291e-08
-2.08462e-14
4.06431e-15
7.00874e-08
1.1145e-15
3.50151e-08
-2.50801e-13
1.10161e-17
5.12559e-08
-2.32574e-13
1.68989e-17
6.2712e-08
-2.07909e-13
2.52209e-17
7.57341e-08
-1.75045e-13
3.62165e-17
8.95431e-08
-1.32662e-13
4.90705e-17
1.02066e-07
-8.17038e-14
5.8905e-17
1.08511e-07
-2.96757e-14
5.49837e-17
9.84234e-08
1.95796e-17
4.95108e-08
-2.50871e-13
-4.83599e-15
5.12559e-08
-2.32647e-13
-5.57717e-15
6.2712e-08
-2.0799e-13
-6.22365e-15
7.57341e-08
-1.7512e-13
-6.6356e-15
8.95431e-08
-1.32725e-13
-6.59063e-15
1.02066e-07
-8.17413e-14
-5.80029e-15
1.08511e-07
-2.96964e-14
-3.98328e-15
9.84234e-08
-1.09138e-15
4.95108e-08
-1.72358e-13
-3.35914e-15
3.68833e-08
-1.60046e-13
-3.93705e-15
4.50851e-08
-1.43317e-13
-4.46797e-15
5.4389e-08
-1.20936e-13
-4.87193e-15
6.42239e-08
-9.19423e-14
-4.98894e-15
7.30868e-08
-5.69119e-14
-4.59191e-15
7.75291e-08
-2.08785e-14
-3.40304e-15
7.00874e-08
-1.1896e-15
3.50151e-08
-6.72566e-14
1.53324e-08
2.46166e-17
-6.25333e-14
1.88857e-08
2.91739e-17
-5.60837e-14
2.29799e-08
3.16466e-17
-4.7421e-14
2.73862e-08
3.27032e-17
-3.61583e-14
3.14534e-08
2.90081e-17
-2.23918e-14
3.36368e-08
2.58092e-17
-8.17521e-15
3.05588e-08
2.24072e-17
1.51602e-08
1.07326e-17
-4.1652e-14
2.10908e-15
1.53324e-08
-3.87293e-14
2.47354e-15
1.88857e-08
-3.47291e-14
2.80973e-15
2.29799e-08
-2.93621e-14
3.06683e-15
2.73862e-08
-2.23715e-14
3.14374e-15
3.14534e-08
-1.38526e-14
2.89586e-15
3.36367e-08
-5.05323e-15
2.14724e-15
3.05588e-08
7.48895e-16
1.51602e-08
-1.07065e-13
2.99804e-15
3.68833e-08
-9.94227e-14
3.45985e-15
4.50851e-08
-8.90168e-14
3.86415e-15
5.4389e-08
-7.51013e-14
4.12413e-15
6.42239e-08
-5.70775e-14
4.10042e-15
7.30867e-08
-3.52956e-14
3.61213e-15
7.75291e-08
-1.29189e-14
2.47932e-15
7.00874e-08
6.72531e-16
3.50151e-08
-1.55879e-13
-3.87769e-17
5.12559e-08
-1.44574e-13
-4.76078e-17
6.2712e-08
-1.29245e-13
-5.77802e-17
7.57341e-08
-1.08808e-13
-6.91505e-17
8.9543e-08
-8.24396e-14
-8.02732e-17
1.02066e-07
-5.07466e-14
-8.75353e-17
1.08511e-07
-1.84032e-14
-8.20359e-17
9.84234e-08
-4.09827e-17
4.95107e-08
-1.55889e-13
-3.06757e-15
5.12559e-08
-1.44586e-13
-3.54518e-15
6.2712e-08
-1.29259e-13
-3.96834e-15
7.57341e-08
-1.08819e-13
-4.24945e-15
8.9543e-08
-8.24553e-14
-4.24661e-15
1.02066e-07
-5.07401e-14
-3.77232e-15
1.08511e-07
-1.83946e-14
-2.62876e-15
9.84234e-08
-7.52065e-16
4.95107e-08
-1.07222e-13
-2.1766e-15
3.68833e-08
-9.95582e-14
-2.55718e-15
4.50851e-08
-8.91223e-14
-2.91212e-15
5.4389e-08
-7.51696e-14
-3.18979e-15
6.42239e-08
-5.71115e-14
-3.28626e-15
7.30867e-08
-3.52883e-14
-3.04602e-15
7.75291e-08
-1.29063e-14
-2.27377e-15
7.00874e-08
-7.95661e-16
3.50151e-08
-4.17021e-14
1.53324e-08
-3.85625e-17
-3.8801e-14
1.88857e-08
-4.92581e-17
-3.48222e-14
2.29799e-08
-6.16241e-17
-2.94842e-14
2.73862e-08
-7.60725e-17
-2.24746e-14
3.14534e-08
-8.57864e-17
-1.39685e-14
3.36367e-08
-9.52485e-17
-5.09748e-15
3.05588e-08
-8.91588e-17
1.51602e-08
-4.33018e-17
-2.50194e-14
1.36511e-15
1.53324e-08
-2.32718e-14
1.60479e-15
1.88857e-08
-2.0899e-14
1.82898e-15
2.29799e-08
-1.76897e-14
2.00536e-15
2.73861e-08
-1.35167e-14
2.0691e-15
3.14534e-08
-8.4385e-15
1.92402e-15
3.36367e-08
-3.14261e-15
1.4488e-15
3.05588e-08
5.23218e-16
1.51602e-08
-6.54271e-14
1.95072e-15
3.68833e-08
-6.07566e-14
2.25961e-15
4.50851e-08
-5.44464e-14
2.53678e-15
5.4389e-08
-4.59647e-14
2.72806e-15
6.42239e-08
-3.49935e-14
2.74419e-15
7.30867e-08
-2.17482e-14
2.46297e-15
7.75291e-08
-8.06649e-15
1.75069e-15
7.00874e-08
5.29609e-16
3.50151e-08
-9.57789e-14
8.66113e-17
5.12559e-08
-8.88259e-14
1.10544e-16
6.2712e-08
-7.94464e-14
1.40498e-16
7.57341e-08
-6.6922e-14
1.76356e-16
8.9543e-08
-5.07686e-14
2.16026e-16
1.02066e-07
-3.1365e-14
2.50255e-16
1.08511e-07
-1.15018e-14
2.50525e-16
9.84234e-08
1.41522e-16
4.95107e-08
-9.59171e-14
-1.79108e-15
5.12559e-08
-8.8952e-14
-2.05713e-15
6.2712e-08
-7.95707e-14
-2.28118e-15
7.57341e-08
-6.70333e-14
-2.40924e-15
8.9543e-08
-5.08632e-14
-2.35697e-15
1.02066e-07
-3.14545e-14
-2.01936e-15
1.08511e-07
-1.15438e-14
-1.31159e-15
9.84234e-08
-2.82994e-16
4.95107e-08
-6.57702e-14
-1.24313e-15
3.68833e-08
-6.10965e-14
-1.45199e-15
4.50851e-08
-5.47747e-14
-1.6387e-15
5.4389e-08
-4.62766e-14
-1.77198e-15
6.42239e-08
-3.52544e-14
-1.79133e-15
7.30867e-08
-2.19548e-14
-1.61678e-15
7.75291e-08
-8.17398e-15
-1.16152e-15
7.00874e-08
-3.80392e-16
3.50151e-08
-2.5448e-14
1.53324e-08
2.88839e-17
-2.3652e-14
1.88857e-08
3.76608e-17
-2.12266e-14
2.29799e-08
4.77229e-17
-1.79405e-14
2.73861e-08
5.95943e-17
-1.37102e-14
3.14534e-08
6.69523e-17
-8.52685e-15
3.36367e-08
7.53655e-17
-3.18665e-15
3.05588e-08
7.1957e-17
1.51602e-08
3.53228e-17
-1.65167e-14
7.28099e-16
1.53324e-08
-1.53452e-14
8.4623e-16
1.88857e-08
-1.37458e-14
9.48714e-16
2.29799e-08
-1.15923e-14
1.01684e-15
2.73861e-08
-8.83583e-15
1.01318e-15
3.14534e-08
-5.53227e-15
8.902e-16
3.36367e-08
-2.0804e-15
6.06128e-16
3.05588e-08
1.659e-16
1.51602e-08
-4.17816e-14
1.07022e-15
3.68832e-08
-3.88443e-14
1.22241e-15
4.50851e-08
-3.48002e-14
1.34553e-15
5.4389e-08
-2.93844e-14
1.40534e-15
6.42239e-08
-2.2361e-14
1.35007e-15
7.30867e-08
-1.39224e-14
1.11791e-15
7.75291e-08
-5.19375e-15
6.72408e-16
7.00874e-08
9.11177e-17
3.50151e-08
-6.04415e-14
-7.03024e-17
5.12559e-08
-5.60962e-14
-9.05278e-17
6.2712e-08
-5.01581e-14
-1.16718e-16
7.57341e-08
-4.22433e-14
-1.49775e-16
8.9543e-08
-3.20399e-14
-1.8981e-16
1.02066e-07
-1.98055e-14
-2.29665e-16
1.08511e-07
-7.28394e-15
-2.45743e-16
9.84234e-08
-1.55282e-16
4.95107e-08
-6.03466e-14
-1.21741e-15
5.12559e-08
-5.60008e-14
-1.41119e-15
6.2712e-08
-5.00512e-14
-1.58747e-15
7.57341e-08
-4.21539e-14
-1.713e-15
8.9543e-08
-3.19243e-14
-1.73356e-15
1.02066e-07
-1.97399e-14
-1.5725e-15
1.08511e-07
-7.25355e-15
-1.14142e-15
9.84234e-08
-3.70172e-16
4.95107e-08
-4.13726e-14
-8.45363e-16
3.68832e-08
-3.84489e-14
-9.95293e-16
4.50851e-08
-3.44021e-14
-1.13772e-15
5.4389e-08
-2.90514e-14
-1.25473e-15
6.42239e-08
-2.20515e-14
-1.3045e-15
7.30867e-08
-1.37173e-14
-1.22665e-15
7.75291e-08
-5.11037e-15
-9.41857e-16
7.00874e-08
-3.57068e-16
3.50151e-08
-1.6209e-14
1.53324e-08
-1.55643e-17
-1.50417e-14
1.88857e-08
-2.0519e-17
-1.35105e-14
2.29799e-08
-2.69496e-17
-1.13393e-14
2.73861e-08
-3.27451e-17
-8.61484e-15
3.14534e-08
-3.73193e-17
-5.37141e-15
3.36367e-08
-4.08142e-17
-1.99929e-15
3.05588e-08
-3.83446e-17
1.51602e-08
-1.97082e-17
-9.68382e-15
5.13752e-16
1.53324e-08
-8.99933e-15
6.04903e-16
1.88857e-08
-8.05848e-15
6.9164e-16
2.29799e-08
-6.79466e-15
7.63274e-16
2.73861e-08
-5.1557e-15
7.96286e-16
3.14534e-08
-3.19651e-15
7.55189e-16
3.36367e-08
-1.17578e-15
5.9088e-16
3.05588e-08
2.35334e-16
1.51602e-08
-2.53156e-14
7.51252e-16
3.68832e-08
-2.35001e-14
8.72095e-16
4.50851e-08
-2.10166e-14
9.83516e-16
5.4389e-08
-1.77065e-14
1.06644e-15
6.42239e-08
-1.34231e-14
1.08976e-15
7.30867e-08
-8.28714e-15
1.00893e-15
7.75291e-08
-3.04007e-15
7.64783e-16
7.00874e-08
2.84214e-16
3.50151e-08
-3.70085e-14
6.57656e-17
5.12559e-08
-3.43268e-14
8.43158e-17
6.2712e-08
-3.06772e-14
1.0869e-16
7.5734e-08
-2.58026e-14
1.40542e-16
8.9543e-08
-1.95206e-14
1.81022e-16
1.02066e-07
-1.20168e-14
2.25875e-16
1.08511e-07
-4.3604e-15
2.52524e-16
9.84233e-08
1.67945e-16
4.95107e-08
-3.71648e-14
-6.23576e-16
5.12559e-08
-3.44758e-14
-7.07902e-16
6.2712e-08
-3.08156e-14
-7.71658e-16
7.5734e-08
-2.59284e-14
-7.93154e-16
8.9543e-08
-1.96255e-14
-7.40576e-16
1.02066e-07
-1.20915e-14
-5.79545e-16
1.08511e-07
-4.4021e-15
-2.99293e-16
9.84233e-08
1.56131e-17
4.95107e-08
-2.57955e-14
-4.10427e-16
3.68832e-08
-2.39603e-14
-4.72897e-16
4.50851e-08
-2.14515e-14
-5.2267e-16
5.4389e-08
-1.80815e-14
-5.47581e-16
6.42239e-08
-1.37405e-14
-5.26033e-16
7.30867e-08
-8.50104e-15
-4.34187e-16
7.75291e-08
-3.13675e-15
-2.60463e-16
7.00874e-08
-4.13325e-17
3.50151e-08
-1.02203e-14
1.53324e-08
5.07788e-17
-9.48993e-15
1.88857e-08
6.51141e-17
-8.49271e-15
2.29799e-08
8.49226e-17
-7.16872e-15
2.73861e-08
1.07556e-16
-5.45765e-15
3.14534e-08
1.30117e-16
-3.39334e-15
3.36367e-08
1.46889e-16
-1.27025e-15
3.05588e-08
1.35765e-16
1.51602e-08
6.5394e-17
-5.87858e-15
3.41333e-16
1.53324e-08
-5.48483e-15
4.01872e-16
1.88857e-08
-4.92095e-15
4.59346e-16
2.29799e-08
-4.16376e-15
5.06312e-16
2.73861e-08
-3.17428e-15
5.25983e-16
3.14534e-08
-1.96739e-15
4.93148e-16
3.36367e-08
-7.1741e-16
3.74692e-16
3.05588e-08
1.36861e-16
1.51602e-08
-1.54431e-14
5.25625e-16
3.68832e-08
-1.4371e-14
6.12548e-16
4.50851e-08
-1.2866e-14
6.94101e-16
5.4389e-08
-1.08636e-14
7.56559e-16
6.42239e-08
-8.25333e-15
7.75754e-16
7.30867e-08
-5.0976e-15
7.14725e-16
7.75291e-08
-1.86577e-15
5.26879e-16
7.00874e-08
1.72204e-16
3.50151e-08
-2.27103e-14
1.42705e-16
5.12559e-08
-2.11042e-14
1.7614e-16
6.2712e-08
-1.888e-14
2.14196e-16
7.5734e-08
-1.58992e-14
2.55031e-16
8.9543e-08
-1.2054e-14
2.91006e-16
1.02066e-07
-7.4171e-15
3.05946e-16
1.08511e-07
-2.69587e-15
2.65635e-16
9.84233e-08
1.14281e-16
4.95107e-08
-2.30027e-14
-2.56935e-16
5.12559e-08
-2.13795e-14
-2.81518e-16
6.2712e-08
-1.91074e-14
-2.9105e-16
7.5734e-08
-1.60931e-14
-2.77348e-16
8.9543e-08
-1.21802e-14
-2.29006e-16
1.02066e-07
-7.4681e-15
-1.42187e-16
1.08511e-07
-2.6905e-15
-2.97854e-17
9.84233e-08
5.13553e-17
4.95107e-08
-1.58942e-14
-8.25061e-17
3.68832e-08
-1.4808e-14
-8.44611e-17
4.50851e-08
-1.32604e-14
-7.6762e-17
5.4389e-08
-1.11939e-14
-5.76423e-17
6.42239e-08
-8.51716e-15
-2.49894e-17
7.30867e-08
-5.27403e-15
1.55294e-17
7.75291e-08
-1.93811e-15
3.74755e-17
7.00874e-08
9.80934e-18
3.50151e-08
-6.5667e-15
1.53324e-08
1.19764e-16
-6.02332e-15
1.88857e-08
1.47357e-16
-5.3132e-15
2.29799e-08
1.75429e-16
-4.36422e-15
2.73861e-08
2.00576e-16
-3.20045e-15
3.14534e-08
2.17792e-16
-1.91137e-15
3.36367e-08
2.15827e-16
-6.74756e-16
3.05588e-08
1.83549e-16
1.51602e-08
8.91422e-17
-3.88092e-15
1.43377e-16
1.53324e-08
-3.59455e-15
1.63974e-16
1.88857e-08
-3.21861e-15
1.78937e-16
2.29799e-08
-2.71391e-15
1.84076e-16
2.73861e-08
-2.06416e-15
1.71761e-16
3.14534e-08
-1.2823e-15
1.34277e-16
3.36367e-08
-4.7079e-16
6.94314e-17
3.05588e-08
-3.86056e-19
1.51602e-08
-9.68539e-15
2.35991e-16
3.68832e-08
-8.97316e-15
2.65449e-16
4.50851e-08
-8.01371e-15
2.85328e-16
5.4389e-08
-6.73937e-15
2.8641e-16
6.42239e-08
-5.10542e-15
2.55952e-16
7.30867e-08
-3.13451e-15
1.81478e-16
7.75291e-08
-1.1338e-15
6.38308e-17
7.00874e-08
-4.0017e-17
3.50151e-08
-1.38801e-14
-8.48493e-18
5.12559e-08
-1.28323e-14
-1.65204e-17
6.2712e-08
-1.14386e-14
-3.01748e-17
7.5734e-08
-9.59799e-15
-5.32189e-17
8.9543e-08
-7.24019e-15
-8.87296e-17
1.02066e-07
-4.44143e-15
-1.37915e-16
1.08511e-07
-1.5954e-15
-1.80741e-16
9.84233e-08
-1.36133e-16
4.95107e-08
-1.37517e-14
-2.7336e-16
5.12559e-08
-1.26989e-14
-3.22752e-16
6.2712e-08
-1.13203e-14
-3.73644e-16
7.5734e-08
-9.4765e-15
-4.22104e-16
8.9543e-08
-7.16076e-15
-4.61391e-16
1.02066e-07
-4.38236e-15
-4.73339e-16
1.08511e-07
-1.58009e-15
-4.21223e-16
9.84233e-08
-2.10588e-16
4.95107e-08
-9.1441e-15
-2.00767e-16
3.68832e-08
-8.45416e-15
-2.41333e-16
4.50851e-08
-7.53063e-15
-2.84006e-16
5.4389e-08
-6.32231e-15
-3.27001e-16
6.42239e-08
-4.7567e-15
-3.63575e-16
7.30867e-08
-2.91738e-15
-3.78844e-16
7.75291e-08
-1.06254e-15
-3.40542e-16
7.00874e-08
-1.73049e-16
3.50151e-08
-3.04114e-15
1.53324e-08
-9.57298e-18
-2.80083e-15
1.88857e-08
-1.27245e-17
-2.50147e-15
2.29799e-08
-1.69717e-17
-2.09684e-15
2.73861e-08
-2.27948e-17
-1.58085e-15
3.14534e-08
-3.0868e-17
-9.94281e-16
3.36367e-08
-4.11032e-17
-3.82605e-16
3.05588e-08
-4.93681e-17
1.51602e-08
-3.63139e-17
-2.05643e-15
1.15843e-16
1.53324e-08
-1.90811e-15
1.36181e-16
1.88857e-08
-1.71176e-15
1.55295e-16
2.29799e-08
-1.44131e-15
1.70517e-16
2.73861e-08
-1.09474e-15
1.76737e-16
3.14534e-08
-6.87212e-16
1.66123e-16
3.36367e-08
-2.63316e-16
1.28274e-16
3.05588e-08
5.0496e-17
1.51602e-08
-5.62474e-15
1.34824e-16
3.68832e-08
-5.20234e-15
1.514e-16
4.50851e-08
-4.65808e-15
1.6217e-16
5.4389e-08
-3.92178e-15
1.62329e-16
6.42239e-08
-2.98288e-15
1.45348e-16
7.30867e-08
-1.86411e-15
1.05764e-16
7.75291e-08
-6.98625e-16
4.5676e-17
7.00874e-08
-1.06221e-17
3.50151e-08
-8.22878e-15
-6.85497e-17
5.12559e-08
-7.61896e-15
-8.98044e-17
6.2712e-08
-6.81422e-15
-1.17561e-16
7.5734e-08
-5.73732e-15
-1.52462e-16
8.9543e-08
-4.33248e-15
-1.92423e-16
1.02066e-07
-2.69101e-15
-2.27901e-16
1.08511e-07
-9.95322e-16
-2.28953e-16
9.84233e-08
-1.26789e-16
4.95107e-08
-8.07063e-15
-2.59604e-16
5.12559e-08
-7.46443e-15
-3.13162e-16
6.2712e-08
-6.67033e-15
-3.71238e-16
7.5734e-08
-5.60377e-15
-4.2927e-16
8.9543e-08
-4.23031e-15
-4.75922e-16
1.02066e-07
-2.60416e-15
-4.89266e-16
1.08511e-07
-9.58317e-16
-4.23706e-16
9.84233e-08
-1.93309e-16
4.95107e-08
-5.18978e-15
-1.94327e-16
3.68832e-08
-4.79414e-15
-2.3525e-16
4.50851e-08
-4.28225e-15
-2.79386e-16
5.4389e-08
-3.59047e-15
-3.23226e-16
6.42239e-08
-2.72324e-15
-3.58073e-16
7.30867e-08
-1.69115e-15
-3.66252e-16
7.75291e-08
-6.34787e-16
-3.14036e-16
7.00874e-08
-1.44109e-16
3.50151e-08
-1.70301e-15
1.53324e-08
-3.43466e-17
-1.58798e-15
1.88857e-08
-4.24768e-17
-1.42975e-15
2.29799e-08
-5.18873e-17
-1.21446e-15
2.73861e-08
-6.20125e-17
-9.35155e-16
3.14534e-08
-7.11998e-17
-5.89872e-16
3.36367e-08
-7.55516e-17
-2.28122e-16
3.05588e-08
-6.7238e-17
1.51602e-08
-3.16412e-17
-1.77301e-15
-2.86355e-17
1.53324e-08
-1.62183e-15
-4.03288e-17
1.88857e-08
-1.46314e-15
-5.72184e-17
2.29799e-08
-1.16429e-15
-7.77484e-17
2.73861e-08
-9.38391e-16
-1.05494e-16
3.14534e-08
-6.12499e-16
-1.30923e-16
3.36367e-08
-2.66157e-16
-1.38312e-16
3.05588e-08
-8.24197e-17
1.51602e-08
-4.06658e-15
-7.25739e-17
3.68832e-08
-3.85212e-15
-1.01663e-16
4.50851e-08
-3.4391e-15
-1.40738e-16
5.4389e-08
-2.96986e-15
-1.93554e-16
6.42239e-08
-2.21814e-15
-2.52212e-16
7.30867e-08
-1.44112e-15
-3.13279e-16
7.75291e-08
-5.84983e-16
-3.28058e-16
7.00874e-08
-1.90064e-16
3.50151e-08
-5.55529e-15
-2.26004e-16
5.12559e-08
-5.16322e-15
-2.82794e-16
6.2712e-08
-4.66696e-15
-3.52103e-16
7.5734e-08
-3.86264e-15
-4.28369e-16
8.9543e-08
-3.01199e-15
-5.10769e-16
1.02066e-07
-1.86946e-15
-5.60084e-16
1.08511e-07
-7.06325e-16
-5.18584e-16
9.84233e-08
-2.5722e-16
4.95107e-08
-5.25526e-15
-3.40113e-16
5.12559e-08
-4.99414e-15
-4.14343e-16
6.2712e-08
-4.46116e-15
-4.96954e-16
7.5734e-08
-3.86511e-15
-5.86253e-16
8.9543e-08
-2.88042e-15
-6.60178e-16
1.02066e-07
-1.78668e-15
-6.9123e-16
1.08511e-07
-6.53101e-16
-5.98843e-16
9.84233e-08
-2.6313e-16
4.95107e-08
-3.42208e-15
-2.38882e-16
3.68832e-08
-3.22233e-15
-2.89331e-16
4.50851e-08
-2.98497e-15
-3.46094e-16
5.4389e-08
-2.51428e-15
-4.05411e-16
6.42239e-08
-1.98879e-15
-4.58389e-16
7.30867e-08
-1.20999e-15
-4.79806e-16
7.75291e-08
-3.98923e-16
-4.13436e-16
7.00874e-08
-1.80011e-16
3.50151e-08
-1.68807e-15
1.53324e-08
-6.17555e-17
-1.7598e-15
1.88857e-08
-7.53831e-17
-1.69928e-15
2.29799e-08
-9.00666e-17
-1.56514e-15
2.73861e-08
-1.03482e-16
-1.23517e-15
3.14534e-08
-1.13352e-16
-6.38731e-16
3.36367e-08
-1.13605e-16
-1.15001e-16
3.05588e-08
-9.55058e-17
1.51602e-08
-4.35202e-17
-7.31587e-16
6.79283e-17
1.53324e-08
-6.78314e-16
8.39789e-17
1.88857e-08
-5.96082e-16
1.02835e-16
2.29799e-08
-4.87488e-16
1.24705e-16
2.73861e-08
-3.53434e-16
1.4765e-16
3.14534e-08
-1.88107e-16
1.663e-16
3.36367e-08
-4.5078e-17
1.63763e-16
3.05588e-08
9.35698e-17
1.51602e-08
-2.1638e-15
8.26532e-17
3.68832e-08
-1.99625e-15
1.0364e-16
4.50851e-08
-1.74718e-15
1.30124e-16
5.4389e-08
-1.43713e-15
1.63509e-16
6.42239e-08
-1.04305e-15
2.04245e-16
7.30867e-08
-5.7311e-16
2.46991e-16
7.75291e-08
-1.55784e-16
2.67628e-16
7.00874e-08
1.72338e-16
3.50151e-08
-3.27814e-15
2.50754e-17
5.12559e-08
-3.03575e-15
3.97101e-17
6.2712e-08
-2.67603e-15
6.31729e-17
7.5734e-08
-2.21822e-15
1.00143e-16
8.9543e-08
-1.6274e-15
1.55778e-16
1.02066e-07
-9.35906e-16
2.29633e-16
1.08511e-07
-2.79396e-16
2.91611e-16
9.84233e-08
2.16913e-16
4.95107e-08
-3.38687e-15
-1.37228e-17
5.12559e-08
-3.15259e-15
-3.22837e-18
6.2712e-08
-2.80479e-15
1.78916e-17
7.5734e-08
-2.35569e-15
5.51722e-17
8.9543e-08
-1.76886e-15
1.14932e-16
1.02066e-07
-1.04547e-15
1.95349e-16
1.08511e-07
-3.25237e-16
2.6612e-16
9.84233e-08
2.02976e-16
4.95107e-08
-2.59805e-15
3.05916e-17
3.68832e-08
-2.43596e-15
4.5896e-17
4.50851e-08
-2.18866e-15
6.90737e-17
5.4389e-08
-1.8546e-15
1.02722e-16
6.42239e-08
-1.41631e-15
1.47512e-16
7.30867e-08
-8.55711e-16
1.96124e-16
7.75291e-08
-2.90202e-16
2.18916e-16
7.00874e-08
1.35457e-16
3.50151e-08
-1.43124e-15
1.53324e-08
4.71344e-17
-1.30714e-15
1.88857e-08
6.08037e-17
-1.14901e-15
2.29799e-08
7.84766e-17
-9.47748e-16
2.73861e-08
9.78424e-17
-7.00647e-16
3.14534e-08
1.17082e-16
-4.10419e-16
3.36367e-08
1.29696e-16
-1.41993e-16
3.05588e-08
1.20643e-16
1.51602e-08
6.19783e-17
-2.81914e-16
5.25001e-17
1.53324e-08
-2.64955e-16
6.38285e-17
1.88857e-08
-2.47017e-16
7.5976e-17
2.29799e-08
-2.19883e-16
8.75864e-17
2.73861e-08
-1.80439e-16
9.61833e-17
3.14534e-08
-1.31929e-16
9.58558e-17
3.36367e-08
-6.19687e-17
7.76764e-17
3.05588e-08
3.11526e-17
1.51602e-08
-1.00132e-15
6.92563e-17
3.68832e-08
-9.17259e-16
8.48044e-17
4.50851e-08
-8.30741e-16
1.01853e-16
5.4389e-08
-7.00833e-16
1.18626e-16
6.42239e-08
-5.55156e-16
1.30616e-16
7.30867e-08
-3.73877e-16
1.28963e-16
7.75291e-08
-1.60387e-16
9.94266e-17
7.00874e-08
2.92631e-17
3.50151e-08
-1.68915e-15
2.35669e-17
5.12559e-08
-1.55186e-15
3.19605e-17
6.2712e-08
-1.39089e-15
4.27338e-17
7.5734e-08
-1.17256e-15
5.49026e-17
8.9543e-08
-8.87705e-16
6.58923e-17
1.02066e-07
-5.68078e-16
6.7362e-17
1.08511e-07
-2.28e-16
4.72235e-17
9.84233e-08
3.48613e-18
4.95107e-08
-1.76468e-15
-2.56125e-17
5.12559e-08
-1.62539e-15
-2.73185e-17
6.2712e-08
-1.47123e-15
-2.77388e-17
7.5734e-08
-1.24387e-15
-2.69605e-17
8.9543e-08
-9.52186e-16
-2.67527e-17
1.02066e-07
-6.06682e-16
-2.94942e-17
1.08511e-07
-2.36217e-16
-3.71554e-17
9.84233e-08
-3.45409e-17
4.95107e-08
-1.18952e-15
-1.75799e-17
3.68832e-08
-1.0998e-15
-2.11456e-17
4.50851e-08
-1.00468e-15
-2.56358e-17
5.4389e-08
-8.57768e-16
-3.20068e-17
6.42239e-08
-6.57799e-16
-4.14607e-17
7.30867e-08
-4.25294e-16
-5.45034e-17
7.75291e-08
-1.77279e-16
-6.33384e-17
7.00874e-08
-4.54471e-17
3.50151e-08
-4.5993e-16
1.53324e-08
1.43091e-18
-4.35902e-16
1.88857e-08
4.39148e-19
-4.0342e-16
2.29799e-08
-2.87729e-18
-3.52239e-16
2.73861e-08
-7.91239e-18
-2.92999e-16
3.14534e-08
-1.62307e-17
-1.72652e-16
3.36367e-08
-2.23909e-17
-6.72941e-17
3.05588e-08
-2.24553e-17
1.51602e-08
-1.19941e-17
-5.18764e-16
-1.28257e-17
1.53324e-08
-4.92094e-16
-1.74498e-17
1.88857e-08
-4.52549e-16
-2.40667e-17
2.29799e-08
-3.92916e-16
-3.26534e-17
2.73861e-08
-3.10864e-16
-4.31459e-17
3.14534e-08
-2.19208e-16
-5.36363e-17
3.36367e-08
-1.04642e-16
-5.73273e-17
3.05588e-08
-3.42739e-17
1.51602e-08
-1.04885e-15
-9.56928e-18
3.68832e-08
-1.00216e-15
-1.4985e-17
4.50851e-08
-9.24431e-16
-2.30414e-17
5.4389e-08
-8.11276e-16
-3.43951e-17
6.42239e-08
-6.56125e-16
-4.95561e-17
7.30867e-08
-4.59989e-16
-6.59735e-17
7.75291e-08
-2.05402e-16
-7.37937e-17
7.00874e-08
-4.62104e-17
3.50151e-08
-1.43779e-15
-3.61161e-17
5.12559e-08
-1.37377e-15
-4.5065e-17
6.2712e-08
-1.27198e-15
-5.62098e-17
7.5734e-08
-1.11466e-15
-6.89292e-17
8.9543e-08
-8.90926e-16
-8.26988e-17
1.02066e-07
-6.05278e-16
-9.32e-17
1.08511e-07
-2.69759e-16
-8.89172e-17
9.84233e-08
-4.52901e-17
4.95107e-08
-1.47063e-15
-5.77278e-17
5.12559e-08
-1.41113e-15
-6.89602e-17
6.2712e-08
-1.28521e-15
-8.08514e-17
7.5734e-08
-1.12134e-15
-9.25852e-17
8.9543e-08
-8.8077e-16
-1.00568e-16
1.02066e-07
-5.84789e-16
-1.00118e-16
1.08511e-07
-2.48248e-16
-7.92894e-17
9.84233e-08
-2.72683e-17
4.95107e-08
-1.18525e-15
-5.95178e-17
3.68832e-08
-1.12498e-15
-7.27384e-17
4.50851e-08
-1.02556e-15
-8.74486e-17
5.4389e-08
-8.78928e-16
-1.02975e-16
6.42239e-08
-6.9259e-16
-1.16205e-16
7.30867e-08
-4.5391e-16
-1.16822e-16
7.75291e-08
-1.84056e-16
-9.11422e-17
7.00874e-08
-2.45214e-17
3.50151e-08
-5.52267e-16
1.53324e-08
-1.85477e-17
-5.51275e-16
1.88857e-08
-2.4344e-17
-5.27751e-16
2.29799e-08
-3.09224e-17
-4.90372e-16
2.73861e-08
-3.85436e-17
-4.04177e-16
3.14534e-08
-4.16257e-17
-3.18153e-16
3.36367e-08
-4.54642e-17
-1.32628e-16
3.05588e-08
-4.08304e-17
1.51602e-08
-1.72132e-17
1.61796e-16
4.98131e-17
1.53324e-08
1.76993e-16
6.28386e-17
1.88857e-08
1.73985e-16
7.8688e-17
2.29799e-08
1.6305e-16
9.67704e-17
2.73861e-08
1.34903e-16
1.16195e-16
3.14534e-08
1.03672e-16
1.32642e-16
3.36367e-08
5.84934e-17
1.32706e-16
3.05588e-08
7.79028e-17
1.51602e-08
-8.6102e-17
8.10155e-17
3.68832e-08
-9.97991e-18
1.03145e-16
4.50851e-08
3.48545e-17
1.3036e-16
5.4389e-08
8.08165e-17
1.63026e-16
6.42239e-08
8.97454e-17
1.99389e-16
7.30867e-08
1.18973e-16
2.33653e-16
7.75291e-08
8.3255e-17
2.38469e-16
7.00874e-08
1.41672e-16
3.50151e-08
-4.15309e-16
9.3957e-17
5.12559e-08
-2.986e-16
1.20695e-16
6.2712e-08
-1.95892e-16
1.55058e-16
7.5734e-08
-9.47775e-17
1.9761e-16
8.9543e-08
-1.55749e-17
2.47297e-16
1.02066e-07
6.62675e-17
2.94539e-16
1.08511e-07
8.61382e-17
3.06921e-16
9.84233e-08
1.84676e-16
4.95107e-08
-5.78931e-16
8.90285e-17
5.12559e-08
-4.64983e-16
1.14528e-16
6.2712e-08
-3.73593e-16
1.47325e-16
7.5734e-08
-2.67981e-16
1.88628e-16
8.9543e-08
-1.76569e-16
2.35368e-16
1.02066e-07
-5.89451e-17
2.78679e-16
1.08511e-07
2.16506e-17
2.83933e-16
9.84233e-08
1.62537e-16
4.95107e-08
-5.38843e-16
7.21106e-17
3.68832e-08
-4.56262e-16
9.13824e-17
4.50851e-08
-3.87138e-16
1.15846e-16
5.4389e-08
-3.1714e-16
1.45502e-16
6.42239e-08
-2.28279e-16
1.7854e-16
7.30867e-08
-1.30061e-16
2.02992e-16
7.75291e-08
-3.48731e-17
1.95461e-16
7.00874e-08
1.00042e-16
3.50151e-08
-4.24251e-16
1.53324e-08
2.99896e-17
-3.52974e-16
1.88857e-08
3.77021e-17
-3.03193e-16
2.29799e-08
4.58642e-17
-2.27476e-16
2.73861e-08
5.44284e-17
-2.05407e-16
3.14534e-08
5.71273e-17
-1.048e-16
3.36367e-08
6.21451e-17
-5.87132e-17
3.05588e-08
5.9113e-17
1.51602e-08
2.90957e-17
6.94182e-16
8.72452e-17
1.53324e-08
6.36053e-16
1.07513e-16
1.88857e-08
5.50508e-16
1.30633e-16
2.29799e-08
4.38381e-16
1.54562e-16
2.73861e-08
3.08277e-16
1.7583e-16
3.14534e-08
1.76181e-16
1.85063e-16
3.36367e-08
5.38615e-17
1.63876e-16
3.05588e-08
7.84175e-17
1.51602e-08
8.26481e-16
1.18175e-16
3.68832e-08
7.72412e-16
1.45464e-16
4.50851e-08
6.51937e-16
1.75735e-16
5.4389e-08
5.16682e-16
2.06704e-16
6.42239e-08
3.37242e-16
2.31143e-16
7.30867e-08
1.62707e-16
2.36794e-16
7.75291e-08
1.80872e-17
1.96961e-16
7.00874e-08
7.72275e-17
3.50151e-08
5.86873e-16
1.11332e-16
5.12559e-08
5.56551e-16
1.35985e-16
6.2712e-08
4.76312e-16
1.6333e-16
7.5734e-08
3.60486e-16
1.90224e-16
8.9543e-08
2.47049e-16
2.10381e-16
1.02066e-07
1.10383e-16
2.08465e-16
1.08511e-07
7.04399e-18
1.61853e-16
9.84233e-08
4.98827e-17
4.95107e-08
4.56694e-16
9.11307e-17
5.12559e-08
4.42814e-16
1.10173e-16
6.2712e-08
3.72441e-16
1.30856e-16
7.5734e-08
2.91675e-16
1.50743e-16
8.9543e-08
1.85216e-16
1.62218e-16
1.02066e-07
7.03897e-17
1.53136e-16
1.08511e-07
-1.63309e-17
1.04249e-16
9.84233e-08
1.64503e-17
4.95107e-08
4.86801e-16
8.00101e-17
3.68832e-08
4.80755e-16
9.73824e-17
4.50851e-08
4.31038e-16
1.1712e-16
5.4389e-08
3.49408e-16
1.37441e-16
6.42239e-08
2.56427e-16
1.53127e-16
7.30867e-08
1.17426e-16
1.50999e-16
7.75291e-08
3.23333e-18
1.10121e-16
7.00874e-08
1.97699e-17
3.50151e-08
4.14917e-16
1.53324e-08
3.42782e-17
4.57677e-16
1.88857e-08
4.41377e-17
4.40996e-16
2.29799e-08
5.57129e-17
4.35917e-16
2.73861e-08
6.84163e-17
3.43523e-16
3.14534e-08
7.65641e-17
2.11766e-16
3.36367e-08
8.0275e-17
2.15419e-17
3.05588e-08
6.7186e-17
1.51602e-08
2.60362e-17
-9.94414e-16
-5.04594e-17
1.53324e-08
-9.56161e-16
-6.67559e-17
1.88857e-08
-8.9641e-16
-8.89168e-17
2.29799e-08
-7.69966e-16
-1.16954e-16
2.73861e-08
-6.35075e-16
-1.51556e-16
3.14534e-08
-2.999e-16
-1.81354e-16
3.36367e-08
-8.65319e-18
-1.89131e-16
3.05588e-08
-1.14597e-16
1.51602e-08
-1.21599e-15
-8.30227e-17
3.68832e-08
-1.18757e-15
-1.10069e-16
4.50851e-08
-1.09333e-15
-1.46186e-16
5.4389e-08
-9.95459e-16
-1.94186e-16
6.42239e-08
-7.32047e-16
-2.50304e-16
7.30867e-08
-3.15003e-16
-3.0992e-16
7.75291e-08
5.27797e-17
-3.28866e-16
7.00874e-08
-1.96435e-16
3.50151e-08
-1.1457e-15
-1.20475e-16
5.12559e-08
-1.14073e-15
-1.58777e-16
6.2712e-08
-1.09103e-15
-2.10479e-16
7.5734e-08
-9.5108e-16
-2.77023e-16
8.9543e-08
-7.98345e-16
-3.62342e-16
1.02066e-07
-2.93683e-16
-4.41994e-16
1.08511e-07
9.81957e-17
-4.67555e-16
9.84233e-08
-2.80766e-16
4.95107e-08
-1.13466e-15
-1.48384e-16
5.12559e-08
-1.13094e-15
-1.94064e-16
6.2712e-08
-1.0227e-15
-2.53224e-16
7.5734e-08
-9.43262e-16
-3.29472e-16
8.9543e-08
-6.32704e-16
-4.16419e-16
1.02066e-07
-1.60923e-16
-5.00639e-16
1.08511e-07
1.88961e-16
-5.04775e-16
9.84233e-08
-2.7417e-16
4.95107e-08
-8.25466e-16
-1.24196e-16
3.68832e-08
-8.39481e-16
-1.56373e-16
4.50851e-08
-8.36695e-16
-1.964e-16
5.4389e-08
-7.63033e-16
-2.45795e-16
6.42239e-08
-6.53596e-16
-3.03009e-16
7.30867e-08
-1.8994e-16
-3.57307e-16
7.75291e-08
1.63591e-16
-3.51766e-16
7.00874e-08
-1.85256e-16
3.50151e-08
-1.4489e-15
1.53324e-08
-2.75668e-17
-1.49997e-15
1.88857e-08
-3.3397e-17
-1.50142e-15
2.29799e-08
-4.0413e-17
-1.38677e-15
2.73861e-08
-4.82166e-17
-1.12595e-15
3.14534e-08
-5.73234e-17
-3.96552e-16
3.36367e-08
-6.1576e-17
1.19668e-16
3.05588e-08
-5.66795e-17
1.51602e-08
-3.11742e-17
-5.29512e-16
-5.71419e-18
1.53324e-08
-4.9902e-16
-7.20726e-18
1.88857e-08
-4.37707e-16
-9.02891e-18
2.29799e-08
-3.69846e-16
-1.06605e-17
2.73861e-08
-2.69404e-16
-1.15341e-17
3.14534e-08
-1.23782e-16
-9.5092e-18
3.36367e-08
5.12532e-18
-3.36393e-18
3.05588e-08
2.78993e-18
1.51602e-08
-7.94782e-16
-2.41535e-17
3.68832e-08
-7.52097e-16
-2.90894e-17
4.50851e-08
-6.61029e-16
-3.39679e-17
5.4389e-08
-5.65271e-16
-3.72378e-17
6.42239e-08
-4.28447e-16
-3.57621e-17
7.30867e-08
-2.06531e-16
-2.35975e-17
7.75291e-08
-1.43348e-17
1.95378e-18
7.00874e-08
2.60191e-17
3.50151e-08
-8.96604e-16
-4.53803e-17
5.12559e-08
-8.57483e-16
-5.45362e-17
6.2712e-08
-7.68095e-16
-6.32046e-17
7.5734e-08
-6.6642e-16
-6.83124e-17
8.9543e-08
-5.10275e-16
-6.38596e-17
1.02066e-07
-2.73072e-16
-4.00168e-17
1.08511e-07
-3.26707e-17
9.74192e-18
9.84233e-08
5.30358e-17
4.95107e-08
-8.70417e-16
-5.80654e-17
5.12559e-08
-8.44239e-16
-6.902e-17
6.2712e-08
-7.64303e-16
-7.93697e-17
7.5734e-08
-6.73414e-16
-8.54947e-17
8.9543e-08
-5.3578e-16
-8.03079e-17
1.02066e-07
-2.99533e-16
-5.38708e-17
1.08511e-07
-5.43576e-17
8.46575e-19
9.84233e-08
4.71583e-17
4.95107e-08
-9.01043e-16
-7.05412e-17
3.68832e-08
-8.62155e-16
-8.43825e-17
4.50851e-08
-7.76054e-16
-9.78372e-17
5.4389e-08
-6.80251e-16
-1.0806e-16
6.42239e-08
-5.31923e-16
-1.09624e-16
7.30867e-08
-2.88997e-16
-9.06864e-17
7.75291e-08
-4.84772e-17
-3.98454e-17
7.00874e-08
2.78152e-17
3.50151e-08
-7.44025e-16
1.53324e-08
-2.96708e-17
-7.44208e-16
1.88857e-08
-3.74407e-17
-7.14636e-16
2.29799e-08
-4.58096e-17
-6.8517e-16
2.73861e-08
-5.47383e-17
-5.63135e-16
3.14534e-08
-5.72241e-17
-3.96303e-16
3.36367e-08
-5.91696e-17
-1.20641e-16
3.05588e-08
-5.01379e-17
1.51602e-08
-1.92195e-17
-2.92284e-16
5.47868e-18
1.53324e-08
-2.66823e-16
7.31844e-18
1.88857e-08
-2.35582e-16
9.41511e-18
2.29799e-08
-1.99818e-16
1.16359e-17
2.73861e-08
-1.53134e-16
1.35963e-17
3.14534e-08
-8.40585e-17
1.50337e-17
3.36367e-08
-2.08088e-17
1.34766e-17
3.05588e-08
5.82614e-18
1.51602e-08
-4.37902e-16
1.48996e-17
3.68832e-08
-3.95677e-16
2.08093e-17
4.50851e-08
-3.49159e-16
2.88104e-17
5.4389e-08
-2.96646e-16
3.92311e-17
6.42239e-08
-2.23207e-16
5.19961e-17
7.30867e-08
-1.24741e-16
6.43074e-17
7.75291e-08
-2.60646e-17
6.72793e-17
7.00874e-08
3.75875e-17
3.50151e-08
-5.10748e-16
2.21806e-17
5.12559e-08
-4.66971e-16
3.17563e-17
6.2712e-08
-4.15047e-16
4.54482e-17
7.5734e-08
-3.58325e-16
6.4376e-17
8.9543e-08
-2.82763e-16
8.88963e-17
1.02066e-07
-1.61991e-16
1.13856e-16
1.08511e-07
-4.14343e-17
1.22909e-16
9.84233e-08
6.98103e-17
4.95107e-08
-5.03126e-16
2.92448e-17
5.12559e-08
-4.56819e-16
4.06828e-17
6.2712e-08
-4.16747e-16
5.70004e-17
7.5734e-08
-3.64307e-16
7.97292e-17
8.9543e-08
-2.9518e-16
1.08052e-16
1.02066e-07
-1.78702e-16
1.36547e-16
1.08511e-07
-5.47347e-17
1.4424e-16
9.84233e-08
8.33406e-17
4.95107e-08
-4.15899e-16
3.19093e-17
3.68832e-08
-3.89073e-16
4.27923e-17
4.50851e-08
-3.66238e-16
5.78874e-17
5.4389e-08
-3.31607e-16
7.77232e-17
6.42239e-08
-2.71391e-16
1.01792e-16
7.30867e-08
-1.81474e-16
1.21404e-16
7.75291e-08
-6.57552e-17
1.21648e-16
7.00874e-08
6.36516e-17
3.50151e-08
-3.65084e-16
1.53324e-08
1.8724e-17
-3.33862e-16
1.88857e-08
2.49143e-17
-2.95655e-16
2.29799e-08
3.15518e-17
-2.46592e-16
2.73861e-08
3.91458e-17
-2.16095e-16
3.14534e-08
4.15135e-17
-9.78328e-17
3.36367e-08
4.7105e-17
-3.46826e-17
3.05588e-08
4.61386e-17
1.51602e-08
2.21214e-17
-4.88575e-16
8.08325e-18
1.53324e-08
-4.60826e-16
9.21688e-18
1.88857e-08
-4.1188e-16
1.00368e-17
2.29799e-08
-3.49737e-16
1.03076e-17
2.73861e-08
-2.63988e-16
9.03074e-18
3.14534e-08
-1.42788e-16
6.19985e-18
3.36367e-08
-2.56421e-17
3.82025e-19
3.05588e-08
-4.98272e-18
1.51602e-08
-8.18061e-16
1.15065e-17
3.68832e-08
-7.761e-16
1.39816e-17
4.50851e-08
-6.90593e-16
1.66145e-17
5.4389e-08
-5.84961e-16
1.89559e-17
6.42239e-08
-4.36606e-16
1.99082e-17
7.30867e-08
-2.44843e-16
1.76708e-17
7.75291e-08
-5.13445e-17
1.02258e-17
7.00874e-08
-9.98792e-19
3.50151e-08
-1.02623e-15
1.43641e-17
5.12559e-08
-9.70736e-16
1.8297e-17
6.2712e-08
-8.6121e-16
2.31316e-17
7.5734e-08
-7.2842e-16
2.85108e-17
8.9543e-08
-5.36355e-16
3.34929e-17
1.02066e-07
-3.01367e-16
3.45332e-17
1.08511e-07
-6.44197e-17
2.90752e-17
9.84233e-08
1.00938e-17
4.95107e-08
-1.0988e-15
1.53995e-17
5.12559e-08
-1.04462e-15
2.01401e-17
6.2712e-08
-9.247e-16
2.5667e-17
7.5734e-08
-7.81033e-16
3.18234e-17
8.9543e-08
-5.81749e-16
3.78449e-17
1.02066e-07
-3.17269e-16
4.05281e-17
1.08511e-07
-7.52982e-17
3.47337e-17
9.84233e-08
1.2261e-17
4.95107e-08
-1.11893e-15
-5.54009e-18
3.68832e-08
-1.03946e-15
-6.45317e-18
4.50851e-08
-9.07284e-16
-7.28001e-18
5.4389e-08
-7.44441e-16
-7.90208e-18
6.42239e-08
-5.36506e-16
-8.17674e-18
7.30867e-08
-2.66801e-16
-4.8411e-18
7.75291e-08
-4.15352e-17
3.20051e-18
7.00874e-08
1.28255e-17
3.50151e-08
-6.95078e-16
1.53324e-08
-5.7166e-19
-6.56228e-16
1.88857e-08
-1.72302e-18
-5.93902e-16
2.29799e-08
-2.50938e-18
-5.20074e-16
2.73861e-08
-3.79565e-18
-3.7914e-16
3.14534e-08
-5.8965e-20
-2.65337e-16
3.36367e-08
-2.2959e-18
-8.45958e-17
3.05588e-08
-5.71275e-18
1.51602e-08
-3.28793e-18
-1.15479e-16
2.94597e-18
1.53324e-08
-1.01148e-16
3.68318e-18
1.88857e-08
-8.74596e-17
4.28144e-18
2.29799e-08
-7.22801e-17
4.67276e-18
2.73861e-08
-5.23391e-17
4.58048e-18
3.14534e-08
-3.15801e-17
3.89361e-18
3.36367e-08
-7.14711e-18
2.31804e-18
3.05588e-08
7.76224e-19
1.51602e-08
-2.36894e-16
2.16178e-17
3.68832e-08
-2.15895e-16
2.70834e-17
4.50851e-08
-1.89117e-16
3.34794e-17
5.4389e-08
-1.58715e-16
4.06629e-17
6.42239e-08
-1.12572e-16
4.76446e-17
7.30867e-08
-6.71111e-17
5.18066e-17
7.75291e-08
-1.688e-17
4.90406e-17
7.00874e-08
2.56795e-17
3.50151e-08
-2.85829e-16
4.30515e-17
5.12559e-08
-2.57189e-16
5.48494e-17
6.2712e-08
-2.21571e-16
6.93254e-17
7.5734e-08
-1.87088e-16
8.58901e-17
8.9543e-08
-1.49064e-16
1.02967e-16
1.02066e-07
-9.28631e-17
1.15135e-16
1.08511e-07
-3.12204e-17
1.08395e-16
9.84233e-08
5.52592e-17
4.95107e-08
-2.66273e-16
5.58578e-17
5.12559e-08
-2.29057e-16
7.07153e-17
6.2712e-08
-2.03523e-16
8.92366e-17
7.5734e-08
-1.68447e-16
1.11026e-16
8.9543e-08
-1.36949e-16
1.33045e-16
1.02066e-07
-1.03959e-16
1.48724e-16
1.08511e-07
-3.5589e-17
1.40099e-16
9.84233e-08
7.38537e-17
4.95107e-08
-8.22687e-17
5.90397e-17
3.68832e-08
-7.3398e-17
7.40894e-17
4.50851e-08
-7.01519e-17
9.25152e-17
5.4389e-08
-7.42539e-17
1.13562e-16
6.42239e-08
-6.94807e-17
1.35353e-16
7.30867e-08
-7.20389e-17
1.46707e-16
7.75291e-08
-4.6651e-17
1.30377e-16
7.00874e-08
5.52346e-17
3.50151e-08
2.22175e-17
1.53324e-08
2.86171e-17
4.89664e-17
1.88857e-08
3.67672e-17
6.49769e-17
2.29799e-08
4.55205e-17
9.12014e-17
2.73861e-08
5.50541e-17
6.01999e-17
3.14534e-08
5.79387e-17
7.34542e-17
3.36367e-08
6.24762e-17
1.53565e-17
3.05588e-08
5.69146e-17
1.51602e-08
2.47402e-17
-4.07262e-16
-2.25261e-19
1.53324e-08
-3.91148e-16
-1.35263e-18
1.88857e-08
-3.52641e-16
-3.17795e-18
2.29799e-08
-2.98699e-16
-5.473e-18
2.73861e-08
-2.28017e-16
-8.89742e-18
3.14534e-08
-1.36112e-16
-1.32431e-17
3.36367e-08
-4.55618e-17
-1.69458e-17
3.05588e-08
-1.35146e-17
1.51602e-08
-7.34184e-16
9.50735e-18
3.68832e-08
-7.08114e-16
1.00289e-17
4.50851e-08
-6.37263e-16
9.96463e-18
5.4389e-08
-5.46054e-16
8.84766e-18
6.42239e-08
-4.11484e-16
5.68645e-18
7.30867e-08
-2.54031e-16
-2.88362e-19
7.75291e-08
-8.44279e-17
-8.4592e-18
7.00874e-08
-1.0911e-17
3.50151e-08
-8.92744e-16
2.70572e-17
5.12559e-08
-8.56828e-16
3.2308e-17
6.2712e-08
-7.74072e-16
3.78051e-17
7.5734e-08
-6.62314e-16
4.27396e-17
8.9543e-08
-5.00899e-16
4.54887e-17
1.02066e-07
-3.07487e-16
4.28317e-17
1.08511e-07
-9.62478e-17
3.25484e-17
9.84233e-08
8.96374e-18
4.95107e-08
-9.59409e-16
3.96448e-17
5.12559e-08
-9.23736e-16
4.92482e-17
6.2712e-08
-8.31314e-16
5.97194e-17
7.5734e-08
-7.06163e-16
7.04189e-17
8.9543e-08
-5.35461e-16
7.9084e-17
1.02066e-07
-3.2518e-16
8.15051e-17
1.08511e-07
-1.10125e-16
6.7914e-17
9.84233e-08
2.70426e-17
4.95107e-08
-8.9461e-16
3.65982e-17
3.68832e-08
-8.46555e-16
4.51651e-17
4.50851e-08
-7.439e-16
5.48298e-17
5.4389e-08
-6.21209e-16
6.47627e-17
6.42239e-08
-4.53948e-16
7.29613e-17
7.30867e-08
-2.54473e-16
7.77654e-17
7.75291e-08
-8.38357e-17
6.88995e-17
7.00874e-08
3.26333e-17
3.50151e-08
-5.00587e-16
1.53324e-08
1.95418e-17
-4.50489e-16
1.88857e-08
2.35371e-17
-3.95225e-16
2.29799e-08
2.85775e-17
-3.19784e-16
2.73861e-08
3.31385e-17
-2.105e-16
3.14534e-08
4.11564e-17
-1.67038e-16
3.36367e-08
4.06244e-17
-7.55004e-17
3.05588e-08
3.21554e-17
1.51602e-08
1.54792e-17
-3.15837e-16
-1.39009e-17
1.53324e-08
-2.99525e-16
-1.80454e-17
1.88857e-08
-2.60436e-16
-2.30959e-17
2.29799e-08
-2.12275e-16
-2.83891e-17
2.73861e-08
-1.49679e-16
-3.39955e-17
3.14534e-08
-7.20404e-17
-3.72022e-17
3.36367e-08
-4.48751e-18
-3.48281e-17
3.05588e-08
-1.72288e-17
1.51602e-08
-5.30705e-16
1.59771e-17
3.68832e-08
-5.22692e-16
1.81459e-17
4.50851e-08
-4.60049e-16
2.03727e-17
5.4389e-08
-3.9331e-16
2.25165e-17
6.42239e-08
-2.7933e-16
2.4164e-17
7.30867e-08
-1.37108e-16
2.3436e-17
7.75291e-08
-1.01292e-17
2.00262e-17
7.00874e-08
8.38654e-18
3.50151e-08
-5.63244e-16
7.47952e-17
5.12559e-08
-5.42339e-16
9.28193e-17
6.2712e-08
-4.65228e-16
1.13519e-16
7.5734e-08
-3.80363e-16
1.35289e-16
8.9543e-08
-2.71964e-16
1.54625e-16
1.02066e-07
-1.21906e-16
1.62685e-16
1.08511e-07
-6.82585e-18
1.40363e-16
9.84233e-08
6.07411e-17
4.95107e-08
-5.24151e-16
1.2242e-16
5.12559e-08
-4.97355e-16
1.53048e-16
6.2712e-08
-4.26841e-16
1.8912e-16
7.5734e-08
-3.38793e-16
2.28147e-16
8.9543e-08
-2.40995e-16
2.63033e-16
1.02066e-07
-1.20073e-16
2.78437e-16
1.08511e-07
-1.23425e-17
2.44172e-16
9.84233e-08
1.13765e-16
4.95107e-08
-1.6667e-16
1.59182e-16
3.68832e-08
-1.84643e-16
1.96828e-16
4.50851e-08
-1.65077e-16
2.40176e-16
5.4389e-08
-1.56939e-16
2.86162e-16
6.42239e-08
-1.17748e-16
3.27214e-16
7.30867e-08
-8.58368e-17
3.40482e-16
7.75291e-08
-3.67135e-17
2.82456e-16
7.00874e-08
1.00718e-16
3.50151e-08
5.32619e-17
1.53324e-08
7.97502e-17
1.36672e-16
1.88857e-08
9.99586e-17
2.01564e-16
2.29799e-08
1.23182e-16
2.87447e-16
2.73861e-08
1.48346e-16
3.06089e-16
3.14534e-08
1.66725e-16
2.57143e-16
3.36367e-08
1.7631e-16
9.1794e-17
3.05588e-08
1.55174e-16
1.51602e-08
7.14876e-17
3.4209e-16
-1.46945e-18
1.53324e-08
3.4265e-16
-1.17535e-18
1.88857e-08
3.25606e-16
-5.39257e-19
2.29799e-08
3.02387e-16
4.40728e-19
2.73861e-08
2.36238e-16
1.63736e-18
3.14534e-08
1.41494e-16
3.64281e-18
3.36367e-08
4.82422e-17
6.19825e-18
3.05588e-08
6.28471e-18
1.51602e-08
2.42575e-16
-3.57052e-17
3.68832e-08
2.6647e-16
-4.53078e-17
4.50851e-08
2.71227e-16
-5.75269e-17
5.4389e-08
2.61537e-16
-7.24799e-17
6.42239e-08
2.40457e-16
-8.89327e-17
7.30867e-08
1.55741e-16
-1.02902e-16
7.75291e-08
6.78567e-17
-1.00507e-16
7.00874e-08
-5.3128e-17
3.50151e-08
1.8658e-16
-7.3571e-17
5.12559e-08
2.04938e-16
-9.62991e-17
6.2712e-08
2.21091e-16
-1.26108e-16
7.5734e-08
2.17413e-16
-1.6444e-16
8.9543e-08
2.0086e-16
-2.10345e-16
1.02066e-07
1.47116e-16
-2.53953e-16
1.08511e-07
7.21236e-17
-2.63078e-16
9.84233e-08
-1.52631e-16
4.95107e-08
2.13718e-16
-1.02982e-16
5.12559e-08
2.42306e-16
-1.34238e-16
6.2712e-08
2.45389e-16
-1.75575e-16
7.5734e-08
2.42183e-16
-2.28664e-16
8.9543e-08
2.19877e-16
-2.91819e-16
1.02066e-07
1.68014e-16
-3.53296e-16
1.08511e-07
9.87712e-17
-3.63103e-16
9.84233e-08
-2.09512e-16
4.95107e-08
2.56873e-16
-1.14655e-16
3.68832e-08
2.55372e-16
-1.45507e-16
4.50851e-08
2.42216e-16
-1.83592e-16
5.4389e-08
2.24511e-16
-2.28266e-16
6.42239e-08
1.82622e-16
-2.79966e-16
7.30867e-08
1.96847e-16
-3.20789e-16
7.75291e-08
1.47385e-16
-3.07833e-16
7.00874e-08
-1.56427e-16
3.50151e-08
2.58599e-16
1.53324e-08
-5.84698e-17
2.03388e-16
1.88857e-08
-7.36366e-17
1.11099e-16
2.29799e-08
-9.11603e-17
-3.42784e-17
2.73861e-08
-1.10897e-16
-1.19774e-17
3.14534e-08
-1.26537e-16
1.53002e-17
3.36367e-08
-1.38954e-16
6.07895e-17
3.05588e-08
-1.3075e-16
1.51602e-08
-6.74108e-17
2.20252e-16
6.35639e-17
1.53324e-08
1.8364e-16
7.85641e-17
1.88857e-08
1.57109e-16
9.62706e-17
2.29799e-08
1.20546e-16
1.16256e-16
2.73861e-08
9.24058e-17
1.35853e-16
3.14534e-08
6.61271e-17
1.48518e-16
3.36367e-08
3.93667e-17
1.38828e-16
3.05588e-08
7.11702e-17
1.51602e-08
1.60244e-16
1.1156e-16
3.68832e-08
1.18198e-16
1.39602e-16
4.50851e-08
1.00452e-16
1.73685e-16
5.4389e-08
7.16171e-17
2.13924e-16
6.42239e-08
5.11322e-17
2.57442e-16
7.30867e-08
3.66634e-17
2.94338e-16
7.75291e-08
3.01311e-17
2.92737e-16
7.00874e-08
1.66435e-16
3.50151e-08
-8.67567e-17
1.59211e-16
5.12559e-08
-1.17816e-16
2.00272e-16
6.2712e-08
-1.15493e-16
2.51076e-16
7.5734e-08
-1.18411e-16
3.1241e-16
8.9543e-08
-1.01441e-16
3.81473e-16
1.02066e-07
-5.21447e-17
4.45756e-16
1.08511e-07
-1.47171e-17
4.57835e-16
9.84233e-08
2.74434e-16
4.95107e-08
-4.24636e-16
2.00886e-16
5.12559e-08
-4.46144e-16
2.53236e-16
6.2712e-08
-4.2364e-16
3.17683e-16
7.5734e-08
-3.93453e-16
3.94277e-16
8.9543e-08
-3.25426e-16
4.78541e-16
1.02066e-07
-2.10096e-16
5.5089e-16
1.08511e-07
-7.6344e-17
5.52202e-16
9.84233e-08
3.19413e-16
4.95107e-08
-7.96835e-16
2.24151e-16
3.68832e-08
-7.91443e-16
2.79967e-16
4.50851e-08
-7.33297e-16
3.46976e-16
5.4389e-08
-6.59772e-16
4.2333e-16
6.42239e-08
-5.43009e-16
5.01858e-16
7.30867e-08
-3.64238e-16
5.55676e-16
7.75291e-08
-1.44934e-16
5.20903e-16
7.00874e-08
2.62487e-16
3.50151e-08
-1.1424e-15
1.53324e-08
1.33006e-16
-1.01893e-15
1.88857e-08
1.67303e-16
-8.57317e-16
2.29799e-08
2.0788e-16
-6.5566e-16
2.73861e-08
2.53814e-16
-4.54268e-16
3.14534e-08
2.95277e-16
-2.1715e-16
3.36367e-08
3.23709e-16
-7.50075e-17
3.05588e-08
3.00058e-16
1.51602e-08
1.5134e-16
-1.36337e-16
6.25354e-18
1.53324e-08
-1.19939e-16
6.22841e-18
1.88857e-08
-9.79536e-17
5.12124e-18
2.29799e-08
-7.58832e-17
2.0945e-18
2.73861e-08
-4.32855e-17
-4.00329e-18
3.14534e-08
1.76733e-18
-1.32936e-17
3.36367e-08
3.39546e-17
-2.3528e-17
3.05588e-08
-2.07066e-17
1.51602e-08
-9.8333e-17
2.97542e-17
3.68832e-08
-8.00788e-17
3.41713e-17
4.50851e-08
-4.75275e-17
3.72438e-17
5.4389e-08
-2.71685e-17
3.66e-17
6.42239e-08
6.91499e-18
2.89416e-17
7.30867e-08
5.60236e-17
9.3718e-18
7.75291e-08
7.16556e-17
-2.26241e-17
7.00874e-08
-3.94041e-17
3.50151e-08
-1.16163e-16
4.97969e-17
5.12559e-08
-8.12849e-17
5.71116e-17
6.2712e-08
-3.39119e-17
6.25106e-17
7.5734e-08
1.01309e-17
6.22466e-17
8.9543e-08
3.57578e-17
5.03776e-17
1.02066e-07
9.37134e-17
1.85544e-17
1.08511e-07
9.27332e-17
-3.56359e-17
9.84233e-08
-6.55816e-17
4.95107e-08
-1.57549e-16
4.80389e-17
5.12559e-08
-1.0431e-16
5.32341e-17
6.2712e-08
-5.33465e-17
5.45302e-17
7.5734e-08
3.3926e-19
4.8194e-17
8.9543e-08
3.96765e-17
2.70361e-17
1.02066e-07
9.292e-17
-1.56687e-17
1.08511e-07
1.01535e-16
-7.74502e-17
9.84233e-08
-9.58151e-17
4.95107e-08
-1.58821e-16
1.67318e-17
3.68832e-08
-9.52861e-17
1.59689e-17
4.50851e-08
-1.94373e-17
1.20158e-17
5.4389e-08
3.9978e-17
2.17087e-18
6.42239e-08
1.01926e-16
-1.69784e-17
7.30867e-08
1.45438e-16
-4.81418e-17
7.75291e-08
1.23288e-16
-8.25233e-17
7.00874e-08
-7.42611e-17
3.50151e-08
1.03079e-16
1.53324e-08
1.56931e-18
1.31116e-16
1.88857e-08
1.83496e-19
1.52244e-16
2.29799e-08
-2.38626e-18
1.59329e-16
2.73861e-08
-7.06243e-18
1.56923e-16
3.14534e-08
-1.51083e-17
1.33638e-16
3.36367e-08
-2.74751e-17
7.38932e-17
3.05588e-08
-4.11746e-17
1.51602e-08
-3.55584e-17
5.0992e-17
1.25275e-17
1.53324e-08
4.48324e-17
1.4601e-17
1.88857e-08
4.44273e-17
1.65816e-17
2.29799e-08
3.90975e-17
1.79825e-17
2.73861e-08
3.61332e-17
1.83051e-17
3.14534e-08
6.01347e-17
1.7106e-17
3.36367e-08
5.4688e-17
1.39154e-17
3.05588e-08
5.76013e-18
1.51602e-08
8.32807e-17
-4.3178e-18
3.68832e-08
8.71934e-17
-7.4435e-18
4.50851e-08
9.60982e-17
-1.24193e-17
5.4389e-08
9.86576e-17
-1.96377e-17
6.42239e-08
1.07223e-16
-2.93791e-17
7.30867e-08
1.255e-16
-4.03114e-17
7.75291e-08
1.0836e-16
-4.37278e-17
7.00874e-08
-2.41788e-17
3.50151e-08
1.20913e-16
-2.27e-17
5.12559e-08
1.32012e-16
-3.25356e-17
6.2712e-08
1.58926e-16
-4.65108e-17
7.5734e-08
1.69211e-16
-6.55185e-17
8.9543e-08
1.85225e-16
-8.94206e-17
1.02066e-07
2.06196e-16
-1.12604e-16
1.08511e-07
1.66552e-16
-1.18469e-16
9.84233e-08
-6.51885e-17
4.95107e-08
1.99005e-16
-4.2415e-17
5.12559e-08
2.14283e-16
-5.77926e-17
6.2712e-08
2.44707e-16
-7.84926e-17
7.5734e-08
2.5302e-16
-1.05101e-16
8.9543e-08
2.62968e-16
-1.35832e-16
1.02066e-07
2.61223e-16
-1.62831e-16
1.08511e-07
1.93981e-16
-1.63172e-16
9.84233e-08
-8.75524e-17
4.95107e-08
3.22852e-16
-4.87569e-17
3.68832e-08
3.29748e-16
-6.22106e-17
4.50851e-08
3.46562e-16
-7.90637e-17
5.4389e-08
3.40154e-16
-9.88574e-17
6.42239e-08
3.11917e-16
-1.19123e-16
7.30867e-08
2.90325e-16
-1.3383e-16
7.75291e-08
1.80261e-16
-1.26533e-16
7.00874e-08
-6.46944e-17
3.50151e-08
2.65521e-16
1.53324e-08
-2.93256e-17
2.47701e-16
1.88857e-08
-3.66321e-17
2.37834e-16
2.29799e-08
-4.52985e-17
2.10827e-16
2.73861e-08
-5.50275e-17
1.76271e-16
3.14534e-08
-6.43977e-17
1.52808e-16
3.36367e-08
-6.9673e-17
9.58057e-17
3.05588e-08
-6.28626e-17
1.51602e-08
-3.01049e-17
3.06557e-17
1.29513e-17
1.53324e-08
2.38259e-17
1.57862e-17
1.88857e-08
1.76606e-17
1.88292e-17
2.29799e-08
8.69614e-18
2.18398e-17
2.73861e-08
4.87546e-18
2.41196e-17
3.14534e-08
1.10109e-17
2.47632e-17
3.36367e-08
2.36592e-17
2.18109e-17
3.05588e-08
1.02948e-17
1.51602e-08
1.28244e-16
2.35047e-17
3.68832e-08
1.14457e-16
2.91269e-17
4.50851e-08
9.95354e-17
3.56222e-17
5.4389e-08
7.0613e-17
4.29128e-17
6.42239e-08
4.14206e-17
5.06047e-17
7.30867e-08
3.7751e-17
5.64727e-17
7.75291e-08
2.95925e-17
5.4273e-17
7.00874e-08
3.0018e-17
3.50151e-08
1.57943e-16
2.65367e-17
5.12559e-08
1.48934e-16
3.28784e-17
6.2712e-08
1.38682e-16
4.10223e-17
7.5734e-08
1.10279e-16
5.07054e-17
8.9543e-08
7.3725e-17
6.2469e-17
1.02066e-07
4.92582e-17
7.49838e-17
1.08511e-07
3.55726e-17
8.0788e-17
9.84233e-08
5.16481e-17
4.95107e-08
1.89605e-16
2.16846e-17
5.12559e-08
1.82872e-16
2.73778e-17
6.2712e-08
1.50255e-16
3.46621e-17
7.5734e-08
1.1701e-16
4.43101e-17
8.9543e-08
5.99201e-17
5.63312e-17
1.02066e-07
2.74006e-17
6.97742e-17
1.08511e-07
9.60299e-18
7.78469e-17
9.84233e-08
4.97718e-17
4.95107e-08
1.44334e-16
1.32318e-17
3.68832e-08
1.27687e-16
1.69877e-17
4.50851e-08
1.01297e-16
2.24622e-17
5.4389e-08
5.50862e-17
3.00029e-17
6.42239e-08
2.13972e-17
3.97698e-17
7.30867e-08
-4.08272e-18
5.04291e-17
7.75291e-08
-1.58287e-17
5.65314e-17
7.00874e-08
3.69455e-17
3.50151e-08
3.39084e-17
1.53324e-08
5.63543e-18
3.16265e-17
1.88857e-08
7.43802e-18
1.44245e-17
2.29799e-08
9.87132e-18
-4.24374e-18
2.73861e-08
1.30909e-17
-1.83418e-17
3.14534e-08
1.70076e-17
-2.715e-17
3.36367e-08
2.08179e-17
-2.19105e-17
3.05588e-08
2.16624e-17
1.51602e-08
1.30513e-17
-1.68942e-16
9.33161e-18
1.53324e-08
-1.68271e-16
1.04712e-17
1.88857e-08
-1.56451e-16
1.12959e-17
2.29799e-08
-1.3835e-16
1.13118e-17
2.73861e-08
-1.09225e-16
9.63391e-18
3.14534e-08
-6.29317e-17
6.08709e-18
3.36367e-08
-1.34417e-17
4.67334e-20
3.05588e-08
-5.01107e-18
1.51602e-08
-2.57717e-16
1.34964e-19
3.68832e-08
-2.4763e-16
-1.09626e-18
4.50851e-08
-2.23898e-16
-3.27614e-18
5.4389e-08
-1.96148e-16
-6.90511e-18
6.42239e-08
-1.46386e-16
-1.28353e-17
7.30867e-08
-7.58632e-17
-2.04577e-17
7.75291e-08
-6.67422e-18
-2.79558e-17
7.00874e-08
-2.11033e-17
3.50151e-08
-2.87502e-16
-1.1101e-17
5.12559e-08
-2.80869e-16
-1.50998e-17
6.2712e-08
-2.51318e-16
-2.05776e-17
7.5734e-08
-2.14932e-16
-2.80201e-17
8.9543e-08
-1.52344e-16
-3.70927e-17
1.02066e-07
-6.54775e-17
-4.70265e-17
1.08511e-07
7.41926e-18
-5.37019e-17
9.84233e-08
-3.56269e-17
4.95107e-08
-2.4784e-16
-1.96636e-17
5.12559e-08
-2.39324e-16
-2.50875e-17
6.2712e-08
-2.12219e-16
-3.20417e-17
7.5734e-08
-1.66464e-16
-4.04724e-17
8.9543e-08
-1.16231e-16
-5.01594e-17
1.02066e-07
-2.95907e-17
-5.95032e-17
1.08511e-07
2.62037e-17
-6.18895e-17
9.84233e-08
-3.90911e-17
4.95107e-08
-1.77166e-16
-1.70326e-17
3.68832e-08
-1.67582e-16
-2.07972e-17
4.50851e-08
-1.43447e-16
-2.54011e-17
5.4389e-08
-1.13309e-16
-3.06406e-17
6.42239e-08
-7.13643e-17
-3.59252e-17
7.30867e-08
-5.74011e-19
-3.98901e-17
7.75291e-08
2.66652e-17
-3.91144e-17
7.00874e-08
-2.22679e-17
3.50151e-08
-1.08704e-16
1.53324e-08
-8.61474e-18
-1.03685e-16
1.88857e-08
-1.05679e-17
-8.81085e-17
2.29799e-08
-1.28667e-17
-7.19442e-17
2.73861e-08
-1.54957e-17
-4.87113e-17
3.14534e-08
-1.80538e-17
-1.58522e-17
3.36367e-08
-1.97558e-17
4.79982e-18
3.05588e-08
-1.8314e-17
1.51602e-08
-9.41377e-18
-1.03839e-16
4.56459e-18
1.53324e-08
-9.83481e-17
5.37959e-18
1.88857e-08
-9.3412e-17
6.0752e-18
2.29799e-08
-8.31315e-17
6.55182e-18
2.73861e-08
-6.47058e-17
6.68736e-18
3.14534e-08
-3.99189e-17
6.24395e-18
3.36367e-08
-1.37847e-17
4.85198e-18
3.05588e-08
2.08609e-18
1.51602e-08
-1.05417e-16
2.51687e-17
3.68832e-08
-1.08994e-16
3.12145e-17
4.50851e-08
-1.10899e-16
3.8271e-17
5.4389e-08
-1.05816e-16
4.63364e-17
6.42239e-08
-8.7714e-17
5.46394e-17
7.30867e-08
-6.13264e-17
6.0186e-17
7.75291e-08
-2.72123e-17
5.8434e-17
7.00874e-08
3.06483e-17
3.50151e-08
-1.09336e-16
4.33289e-17
5.12559e-08
-1.06906e-16
5.50561e-17
6.2712e-08
-1.01917e-16
6.97375e-17
7.5734e-08
-9.70066e-17
8.70508e-17
8.9543e-08
-8.86617e-17
1.0594e-16
1.02066e-07
-7.17852e-17
1.21144e-16
1.08511e-07
-4.89011e-17
1.20193e-16
9.84233e-08
6.84751e-17
4.95107e-08
-9.43958e-17
4.95206e-17
5.12559e-08
-9.53827e-17
6.35195e-17
6.2712e-08
-1.03438e-16
8.1036e-17
7.5734e-08
-1.04443e-16
1.01802e-16
8.9543e-08
-1.16569e-16
1.23694e-16
1.02066e-07
-1.03055e-16
1.41697e-16
1.08511e-07
-7.56959e-17
1.3887e-16
9.84233e-08
7.71817e-17
4.95107e-08
-1.12459e-16
3.86424e-17
3.68832e-08
-1.15774e-16
4.83892e-17
4.50851e-08
-1.2712e-16
6.05845e-17
5.4389e-08
-1.39348e-16
7.47815e-17
6.42239e-08
-1.28976e-16
8.92095e-17
7.30867e-08
-1.2124e-16
1.0036e-16
7.75291e-08
-8.29715e-17
9.64156e-17
7.00874e-08
5.27035e-17
3.50151e-08
-4.14539e-17
1.53324e-08
1.88865e-17
-3.56001e-17
1.88857e-08
2.35074e-17
-4.51376e-17
2.29799e-08
2.89864e-17
-5.26108e-17
2.73861e-08
3.50895e-17
-5.24421e-17
3.14534e-08
4.10363e-17
-7.16203e-17
3.36367e-08
4.46349e-17
-5.08003e-17
3.05588e-08
4.10713e-17
1.51602e-08
2.07187e-17
-1.12973e-16
-2.96826e-18
1.53324e-08
-1.08941e-16
-4.50721e-18
1.88857e-08
-1.00062e-16
-6.70761e-18
2.29799e-08
-8.56345e-17
-9.69217e-18
2.73861e-08
-6.31719e-17
-1.37285e-17
3.14534e-08
-4.30351e-17
-1.84046e-17
3.36367e-08
-1.90132e-17
-2.11e-17
3.05588e-08
-1.44451e-17
1.51602e-08
-2.247e-16
-1.58147e-17
3.68832e-08
-2.14487e-16
-2.12193e-17
4.50851e-08
-1.91061e-16
-2.84819e-17
5.4389e-08
-1.64285e-16
-3.80727e-17
6.42239e-08
-1.22669e-16
-5.00922e-17
7.30867e-08
-6.9309e-17
-6.25747e-17
7.75291e-08
-2.20262e-17
-6.80658e-17
7.00874e-08
-4.34554e-17
3.50151e-08
-2.37593e-16
-2.51098e-17
5.12559e-08
-2.27217e-16
-3.29944e-17
6.2712e-08
-2.05783e-16
-4.37021e-17
7.5734e-08
-1.70714e-16
-5.77803e-17
8.9543e-08
-1.21291e-16
-7.56995e-17
1.02066e-07
-6.19386e-17
-9.56795e-17
1.08511e-07
-1.36404e-17
-1.06419e-16
9.84233e-08
-6.97102e-17
4.95107e-08
-1.71947e-16
-3.06272e-17
5.12559e-08
-1.67218e-16
-3.95023e-17
6.2712e-08
-1.4221e-16
-5.10359e-17
7.5734e-08
-1.05605e-16
-6.58675e-17
8.9543e-08
-5.91787e-17
-8.38527e-17
1.02066e-07
-1.98243e-17
-1.02535e-16
1.08511e-07
1.8434e-17
-1.10028e-16
9.84233e-08
-6.97529e-17
4.95107e-08
-4.69327e-17
-2.65647e-17
3.68832e-08
-4.00272e-17
-3.34169e-17
4.50851e-08
-2.53534e-17
-4.22399e-17
5.4389e-08
-3.64924e-18
-5.31035e-17
6.42239e-08
1.7081e-17
-6.54195e-17
7.30867e-08
3.99904e-17
-7.66212e-17
7.75291e-08
2.96043e-17
-7.78581e-17
7.00874e-08
-4.62047e-17
3.50151e-08
9.3545e-17
1.53324e-08
-1.45384e-17
8.55252e-17
1.88857e-08
-1.82368e-17
8.35742e-17
2.29799e-08
-2.26894e-17
7.72878e-17
2.73861e-08
-2.78859e-17
7.18554e-17
3.14534e-08
-3.32671e-17
5.71243e-17
3.36367e-08
-3.72522e-17
3.10137e-17
3.05588e-08
-3.56424e-17
1.51602e-08
-1.91751e-17
-5.88571e-17
-7.24424e-18
1.53324e-08
-5.63479e-17
-8.93434e-18
1.88857e-08
-5.08565e-17
-1.09946e-17
2.29799e-08
-4.40174e-17
-1.30442e-17
2.73861e-08
-3.84134e-17
-1.49337e-17
3.14534e-08
-3.04704e-17
-1.58169e-17
3.36367e-08
-1.74503e-17
-1.40799e-17
3.05588e-08
-6.65063e-18
1.51602e-08
-7.25931e-17
9.23557e-18
3.68832e-08
-7.48732e-17
1.16471e-17
4.50851e-08
-7.88585e-17
1.45996e-17
5.4389e-08
-7.55573e-17
1.85183e-17
6.42239e-08
-7.04144e-17
2.33449e-17
7.30867e-08
-6.47775e-17
2.88605e-17
7.75291e-08
-4.94072e-17
3.20425e-17
7.00874e-08
2.16153e-17
3.50151e-08
-4.15026e-17
2.96193e-17
5.12559e-08
-4.80016e-17
3.81506e-17
6.2712e-08
-4.88866e-17
4.9191e-17
7.5734e-08
-5.40682e-17
6.2718e-17
8.9543e-08
-5.10137e-17
7.84788e-17
1.02066e-07
-6.41716e-17
9.3466e-17
1.08511e-07
-6.6047e-17
9.91092e-17
9.84233e-08
6.18933e-17
4.95107e-08
-1.63154e-17
4.04341e-17
5.12559e-08
-1.5525e-17
5.24434e-17
6.2712e-08
-3.08846e-17
6.76356e-17
7.5734e-08
-4.07828e-17
8.62464e-17
8.9543e-08
-7.01809e-17
1.06686e-16
1.02066e-07
-9.51829e-17
1.26122e-16
1.08511e-07
-8.91526e-17
1.28254e-16
9.84233e-08
7.69672e-17
4.95107e-08
-1.05071e-17
3.48149e-17
3.68832e-08
-2.90813e-17
4.37345e-17
4.50851e-08
-5.6111e-17
5.50359e-17
5.4389e-08
-7.83453e-17
6.82213e-17
6.42239e-08
-9.15646e-17
8.21741e-17
7.30867e-08
-1.19151e-16
9.33555e-17
7.75291e-08
-9.82272e-17
9.20065e-17
7.00874e-08
5.16673e-17
3.50151e-08
2.52163e-17
1.53324e-08
1.78993e-17
2.3892e-17
1.88857e-08
2.23795e-17
2.98788e-18
2.29799e-08
2.77783e-17
-1.09064e-17
2.73861e-08
3.39879e-17
-3.13669e-17
3.14534e-08
4.03395e-17
-6.24358e-17
3.36367e-08
4.4833e-17
-6.07426e-17
3.05588e-08
4.24169e-17
1.51602e-08
2.22607e-17
-2.62191e-16
-1.84615e-17
1.53324e-08
-2.46109e-16
-2.34248e-17
1.88857e-08
-2.16718e-16
-2.94515e-17
2.29799e-08
-1.76884e-16
-3.60813e-17
2.73861e-08
-1.296e-16
-4.31671e-17
3.14534e-08
-7.72277e-17
-4.81211e-17
3.36367e-08
-2.78837e-17
-4.69726e-17
3.05588e-08
-2.6314e-17
1.51602e-08
-4.38042e-16
-2.47004e-17
3.68832e-08
-4.19956e-16
-3.18927e-17
4.50851e-08
-3.68149e-16
-4.07744e-17
5.4389e-08
-3.11154e-16
-5.1554e-17
6.42239e-08
-2.18462e-16
-6.32112e-17
7.30867e-08
-1.29498e-16
-7.38208e-17
7.75291e-08
-3.32263e-17
-7.50653e-17
7.00874e-08
-4.42807e-17
3.50151e-08
-4.4826e-16
-1.93963e-17
5.12559e-08
-4.34223e-16
-2.50312e-17
6.2712e-08
-3.94924e-16
-3.26593e-17
7.5734e-08
-3.29657e-16
-4.24566e-17
8.9543e-08
-2.36966e-16
-5.47046e-17
1.02066e-07
-1.38711e-16
-6.81199e-17
1.08511e-07
-4.65489e-17
-7.57963e-17
9.84233e-08
-5.17554e-17
4.95107e-08
-4.04328e-16
-1.20354e-17
5.12559e-08
-3.91373e-16
-1.51795e-17
6.2712e-08
-3.43049e-16
-1.95497e-17
7.5734e-08
-2.75087e-16
-2.5823e-17
8.9543e-08
-1.90847e-16
-3.43093e-17
1.02066e-07
-1.04131e-16
-4.46947e-17
1.08511e-07
-2.09877e-17
-5.10137e-17
9.84233e-08
-3.6165e-17
4.95107e-08
-2.68404e-16
-4.04943e-18
3.68832e-08
-2.56899e-16
-5.2088e-18
4.50851e-08
-2.23674e-16
-7.21146e-18
5.4389e-08
-1.76427e-16
-1.06198e-17
6.42239e-08
-1.14965e-16
-1.56898e-17
7.30867e-08
-5.2198e-17
-2.20693e-17
7.75291e-08
-1.4114e-17
-2.71646e-17
7.00874e-08
-1.9995e-17
3.50151e-08
-8.76629e-17
1.53324e-08
-9.95268e-20
-8.44027e-17
1.88857e-08
-3.47233e-19
-6.88596e-17
2.29799e-08
-7.93089e-19
-4.91151e-17
2.73861e-08
-1.65695e-18
-2.53043e-17
3.14534e-08
-3.05777e-18
-9.01822e-18
3.36367e-08
-4.92326e-18
-5.65888e-19
3.05588e-08
-6.34361e-18
1.51602e-08
-4.64568e-18
3.0078e-17
-6.54286e-18
1.53324e-08
2.94339e-17
-7.17462e-18
1.88857e-08
2.88803e-17
-7.41548e-18
2.29799e-08
2.56154e-17
-6.65003e-18
2.73861e-08
2.35827e-17
-4.1364e-18
3.14534e-08
8.32132e-18
3.78888e-19
3.36367e-08
-8.08546e-18
6.68265e-18
3.05588e-08
8.64014e-18
1.51602e-08
-2.20592e-18
9.95883e-18
3.68832e-08
3.47421e-18
1.34215e-17
4.50851e-08
9.47438e-18
1.83567e-17
5.4389e-08
8.35292e-18
2.532e-17
6.42239e-08
7.50367e-18
3.48956e-17
7.30867e-08
-1.14137e-17
4.59587e-17
7.75291e-08
-2.217e-17
5.41958e-17
7.00874e-08
3.7202e-17
3.50151e-08
1.75259e-18
3.24925e-17
5.12559e-08
1.29262e-17
4.20642e-17
6.2712e-08
5.9709e-18
5.43954e-17
7.5734e-08
6.73578e-18
6.96548e-17
8.9543e-08
-2.39277e-18
8.7644e-17
1.02066e-07
-2.69102e-17
1.05238e-16
1.08511e-07
-4.58454e-17
1.09975e-16
9.84233e-08
6.76475e-17
4.95107e-08
5.27273e-19
4.59701e-17
5.12559e-08
9.56736e-18
5.8836e-17
6.2712e-08
-3.33465e-18
7.49101e-17
7.5734e-08
-3.0019e-18
9.39951e-17
8.9543e-08
-2.55336e-17
1.13931e-16
1.02066e-07
-6.45224e-17
1.30675e-16
1.08511e-07
-6.35406e-17
1.29565e-16
9.84233e-08
7.31914e-17
4.95107e-08
-1.80572e-17
3.87872e-17
3.68832e-08
-2.22901e-17
4.79578e-17
4.50851e-08
-2.92515e-17
5.92138e-17
5.4389e-08
-4.49181e-17
7.17617e-17
6.42239e-08
-4.96481e-17
8.3973e-17
7.30867e-08
-7.93779e-17
9.2449e-17
7.75291e-08
-7.67963e-17
8.77575e-17
7.00874e-08
4.69164e-17
3.50151e-08
5.25287e-17
1.53324e-08
2.06055e-17
5.4939e-17
1.88857e-08
2.54364e-17
4.16811e-17
2.29799e-08
3.10713e-17
3.16512e-17
2.73861e-08
3.72735e-17
1.64893e-17
3.14534e-08
4.30842e-17
-2.35324e-17
3.36367e-08
4.62539e-17
-3.95662e-17
3.05588e-08
4.15525e-17
1.51602e-08
2.00153e-17
4.67904e-16
3.63188e-17
1.53324e-08
4.38206e-16
4.58242e-17
1.88857e-08
3.99262e-16
5.76004e-17
2.29799e-08
3.44599e-16
7.1076e-17
2.73861e-08
2.7237e-16
8.53419e-17
3.14534e-08
1.76165e-16
9.58007e-17
3.36367e-08
7.45216e-17
9.26912e-17
3.05588e-08
5.06155e-17
1.51602e-08
5.44804e-16
3.3486e-17
3.68832e-08
5.31588e-16
4.22131e-17
4.50851e-08
4.8645e-16
5.24528e-17
5.4389e-08
4.26245e-16
6.38606e-17
6.42239e-08
3.40658e-16
7.48881e-17
7.30867e-08
2.29315e-16
8.20193e-17
7.75291e-08
9.11444e-17
7.41853e-17
7.00874e-08
3.53951e-17
3.50151e-08
4.60579e-16
2.17512e-17
5.12559e-08
4.53288e-16
2.55533e-17
6.2712e-08
4.30792e-16
2.92775e-17
7.5734e-08
3.82008e-16
3.20486e-17
8.9543e-08
3.2753e-16
3.23088e-17
1.02066e-07
2.40763e-16
2.72838e-17
1.08511e-07
1.12398e-16
1.43943e-17
9.84233e-08
-2.35186e-18
4.95107e-08
3.8677e-16
9.03025e-18
5.12559e-08
3.84782e-16
8.40351e-18
6.2712e-08
3.75103e-16
6.03888e-18
7.5734e-08
3.42336e-16
9.93876e-19
8.9543e-08
2.95323e-16
-8.2131e-18
1.02066e-07
2.24502e-16
-2.31277e-17
1.08511e-07
1.13163e-16
-3.92825e-17
9.84233e-08
-3.60645e-17
4.95107e-08
3.12192e-16
1.92547e-18
3.68832e-08
3.24745e-16
2.86119e-19
4.50851e-08
3.25103e-16
-3.15305e-18
5.4389e-08
3.1442e-16
-8.97297e-18
6.42239e-08
2.72493e-16
-1.81737e-17
7.30867e-08
2.0915e-16
-3.04935e-17
7.75291e-08
1.04439e-16
-4.21216e-17
7.00874e-08
-3.40784e-17
3.50151e-08
2.3248e-16
1.53324e-08
-2.36358e-18
2.339e-16
1.88857e-08
-3.61499e-18
2.32239e-16
2.29799e-08
-5.53213e-18
2.19677e-16
2.73861e-08
-8.42213e-18
1.88286e-16
3.14534e-08
-1.23835e-17
1.39905e-16
3.36367e-08
-1.66205e-17
6.59658e-17
3.05588e-08
-1.84088e-17
1.51602e-08
-1.16326e-17
4.90674e-16
2.37434e-17
1.53324e-08
4.62436e-16
2.94143e-17
1.88857e-08
4.11677e-16
3.57366e-17
2.29799e-08
3.41865e-16
4.1593e-17
2.73861e-08
2.53564e-16
4.59715e-17
3.14534e-08
1.52968e-16
4.62601e-17
3.36367e-08
5.54902e-17
3.83281e-17
3.05588e-08
1.5959e-17
1.51602e-08
8.65383e-16
1.80988e-17
3.68832e-08
8.37422e-16
2.24991e-17
4.50851e-08
7.53686e-16
2.69561e-17
5.4389e-08
6.42874e-16
3.03531e-17
6.42239e-08
4.83633e-16
3.1531e-17
7.30867e-08
2.91092e-16
2.79768e-17
7.75291e-08
1.03013e-16
1.62981e-17
7.00874e-08
1.37856e-18
3.50151e-08
9.76466e-16
-2.83486e-18
5.12559e-08
9.60111e-16
-5.15488e-18
6.2712e-08
8.7894e-16
-8.76752e-18
7.5734e-08
7.69025e-16
-1.45624e-17
8.9543e-08
6.01861e-16
-2.31424e-17
1.02066e-07
3.84031e-16
-3.39502e-17
1.08511e-07
1.55241e-16
-4.19135e-17
9.84233e-08
-2.90147e-17
4.95107e-08
1.02883e-15
-2.65112e-17
5.12559e-08
1.01138e-15
-3.59865e-17
6.2712e-08
9.23703e-16
-4.82111e-17
7.5734e-08
7.98143e-16
-6.32103e-17
8.9543e-08
6.23844e-16
-8.05416e-17
1.02066e-07
4.04614e-16
-9.59375e-17
1.08511e-07
1.57395e-16
-9.74011e-17
9.84233e-08
-5.60439e-17
4.95107e-08
9.7391e-16
-3.85495e-17
3.68832e-08
9.47526e-16
-4.94134e-17
4.50851e-08
8.58728e-16
-6.25497e-17
5.4389e-08
7.39055e-16
-7.72444e-17
6.42239e-08
5.70611e-16
-9.25069e-17
7.30867e-08
3.5361e-16
-1.03302e-16
7.75291e-08
1.3219e-16
-9.88075e-17
7.00874e-08
-5.23195e-17
3.50151e-08
6.61058e-16
1.53324e-08
-2.80712e-17
6.27712e-16
1.88857e-08
-3.49113e-17
5.58284e-16
2.29799e-08
-4.29076e-17
4.6696e-16
2.73861e-08
-5.16754e-17
3.48852e-16
3.14534e-08
-5.99278e-17
2.0706e-16
3.36367e-08
-6.44579e-17
6.75842e-17
3.05588e-08
-5.84285e-17
1.51602e-08
-2.86411e-17
-5.59642e-17
-3.78743e-17
1.53324e-08
-5.49535e-17
-4.79205e-17
1.88857e-08
-6.10857e-17
-6.03527e-17
2.29799e-08
-6.01782e-17
-7.48088e-17
2.73861e-08
-5.95865e-17
-8.99175e-17
3.14534e-08
-5.31239e-17
-1.012e-16
3.36367e-08
-3.55625e-17
-9.69926e-17
3.05588e-08
-5.09253e-17
1.51602e-08
6.84579e-17
-5.01694e-17
3.68832e-08
3.24545e-17
-6.46632e-17
4.50851e-08
-3.04097e-18
-8.27875e-17
5.4389e-08
-3.79731e-17
-1.04796e-16
6.42239e-08
-6.09333e-17
-1.28492e-16
7.30867e-08
-6.37363e-17
-1.48223e-16
7.75291e-08
-4.35831e-17
-1.46431e-16
7.00874e-08
-8.10428e-17
3.50151e-08
1.94372e-16
-5.88491e-17
5.12559e-08
1.57254e-16
-7.48904e-17
6.2712e-08
1.10634e-16
-9.48791e-17
7.5734e-08
6.08652e-17
-1.18323e-16
8.9543e-08
2.08708e-17
-1.42991e-16
1.02066e-07
-2.05118e-17
-1.62328e-16
1.08511e-07
-2.69586e-17
-1.55794e-16
9.84233e-08
-8.33409e-17
4.95107e-08
2.8564e-16
-5.59868e-17
5.12559e-08
2.40896e-16
-7.02256e-17
6.2712e-08
1.99904e-16
-8.70832e-17
7.5734e-08
1.44292e-16
-1.05811e-16
8.9543e-08
8.86326e-17
-1.23737e-16
1.02066e-07
3.81665e-17
-1.33598e-16
1.08511e-07
4.55446e-18
-1.20346e-16
9.84233e-08
-5.68765e-17
4.95107e-08
3.12122e-16
-3.53679e-17
3.68832e-08
2.675e-16
-4.32171e-17
4.50851e-08
2.2019e-16
-5.21113e-17
5.4389e-08
1.66418e-16
-6.13318e-17
6.42239e-08
1.00321e-16
-6.89214e-17
7.30867e-08
4.57233e-17
-7.12319e-17
7.75291e-08
6.45152e-18
-6.10623e-17
7.00874e-08
-2.67358e-17
3.50151e-08
1.44228e-16
1.53324e-08
-1.40844e-17
1.18167e-16
1.88857e-08
-1.6839e-17
9.36459e-17
2.29799e-08
-1.97504e-17
6.18105e-17
2.73861e-08
-2.24129e-17
3.29777e-17
3.14534e-08
-2.39626e-17
2.36662e-17
3.36367e-08
-2.29799e-17
1.04459e-17
3.05588e-08
-1.72883e-17
1.51602e-08
-5.50085e-18
-2.75719e-16
-6.38948e-19
1.53324e-08
-2.49542e-16
-1.29932e-19
1.88857e-08
-2.11621e-16
1.14387e-18
2.29799e-08
-1.69387e-16
3.24767e-18
2.73861e-08
-1.13453e-16
6.59801e-18
3.14534e-08
-4.09524e-17
1.17502e-17
3.36367e-08
9.09416e-18
1.62871e-17
3.05588e-08
1.30085e-17
1.51602e-08
-2.23359e-16
-4.42421e-19
3.68832e-08
-1.8026e-16
2.18491e-18
4.50851e-08
-1.35934e-16
6.7798e-18
5.4389e-08
-8.41619e-17
1.41662e-17
6.42239e-08
-3.92111e-17
2.5303e-17
7.30867e-08
2.73872e-17
4.0426e-17
7.75291e-08
4.56451e-17
5.3116e-17
7.00874e-08
4.0585e-17
3.50151e-08
-9.02266e-17
-1.22781e-18
5.12559e-08
-5.23442e-17
1.71393e-18
6.2712e-08
-1.98353e-17
7.34517e-18
7.5734e-08
1.53656e-17
1.65176e-17
8.9543e-08
3.88103e-17
3.12265e-17
1.02066e-07
6.87914e-17
5.02308e-17
1.08511e-07
6.80394e-17
6.78919e-17
9.84233e-08
5.19785e-17
4.95107e-08
3.17742e-17
-5.01701e-18
5.12559e-08
5.69354e-17
-3.68957e-18
6.2712e-08
6.01025e-17
-5.17497e-19
7.5734e-08
7.14707e-17
6.05492e-18
8.9543e-08
6.43469e-17
1.62593e-17
1.02066e-07
5.97832e-17
3.12032e-17
1.08511e-07
4.20715e-17
4.52887e-17
9.84233e-08
3.40747e-17
4.95107e-08
5.66505e-17
-1.4311e-17
3.68832e-08
6.58675e-17
-1.60792e-17
4.50851e-08
5.68679e-17
-1.66824e-17
5.4389e-08
4.16468e-17
-1.50162e-17
6.42239e-08
3.0247e-17
-1.01952e-17
7.30867e-08
1.90114e-17
-1.15758e-18
7.75291e-08
9.73103e-18
1.09729e-17
7.00874e-08
1.62285e-17
3.50151e-08
5.47841e-18
1.53324e-08
-1.0243e-17
3.15367e-18
1.88857e-08
-1.20211e-17
-1.44024e-17
2.29799e-08
-1.36693e-17
-3.0772e-17
2.73861e-08
-1.4766e-17
-3.44073e-17
3.14534e-08
-1.48538e-17
-3.6165e-17
3.36367e-08
-1.36106e-17
-1.80025e-17
3.05588e-08
-1.03657e-17
1.51602e-08
-4.18795e-18
-2.75196e-16
-3.10364e-17
1.53324e-08
-2.5423e-16
-3.86244e-17
1.88857e-08
-2.28715e-16
-4.76523e-17
2.29799e-08
-1.89793e-16
-5.7536e-17
2.73861e-08
-1.44287e-16
-6.7338e-17
3.14534e-08
-8.85588e-17
-7.35971e-17
3.36367e-08
-2.77864e-17
-6.89297e-17
3.05588e-08
-3.59886e-17
1.51602e-08
-4.06476e-16
-3.22851e-17
3.68832e-08
-4.00711e-16
-4.04388e-17
4.50851e-08
-3.7366e-16
-5.00229e-17
5.4389e-08
-3.32508e-16
-6.04418e-17
6.42239e-08
-2.65346e-16
-7.08279e-17
7.30867e-08
-1.69986e-16
-7.83745e-17
7.75291e-08
-5.93912e-17
-7.44686e-17
7.00874e-08
-4.16026e-17
3.50151e-08
-3.9602e-16
-2.37375e-17
5.12559e-08
-3.92122e-16
-2.84733e-17
6.2712e-08
-3.64751e-16
-3.35952e-17
7.5734e-08
-3.29193e-16
-3.85371e-17
8.9543e-08
-2.73767e-16
-4.2347e-17
1.02066e-07
-1.72043e-16
-4.35644e-17
1.08511e-07
-6.28866e-17
-4.03301e-17
9.84233e-08
-2.29264e-17
4.95107e-08
-3.54269e-16
-8.02774e-18
5.12559e-08
-3.55119e-16
-8.18918e-18
6.2712e-08
-3.26659e-16
-7.37477e-18
7.5734e-08
-2.89635e-16
-5.31682e-18
8.9543e-08
-2.288e-16
-1.18033e-18
1.02066e-07
-1.49226e-16
5.1445e-18
1.08511e-07
-4.7812e-17
1.02684e-17
9.84233e-08
8.18541e-18
4.95107e-08
-3.50366e-16
5.15303e-18
3.68832e-08
-3.43775e-16
7.72853e-18
4.50851e-08
-3.1714e-16
1.14374e-17
5.4389e-08
-2.7629e-16
1.65759e-17
6.42239e-08
-2.12277e-16
2.31755e-17
7.30867e-08
-1.27841e-16
3.00945e-17
7.75291e-08
-3.88087e-17
3.37261e-17
7.00874e-08
2.1745e-17
3.50151e-08
-3.0594e-16
1.53324e-08
7.87433e-18
-2.95414e-16
1.88857e-08
1.01078e-17
-2.61895e-16
2.29799e-08
1.28746e-17
-2.24823e-16
2.73861e-08
1.61718e-17
-1.72157e-16
3.14534e-08
1.9736e-17
-9.43537e-17
3.36367e-08
2.27054e-17
-2.43373e-17
3.05588e-08
2.24041e-17
1.51602e-08
1.25248e-17
-2.97713e-16
2.19943e-17
1.53324e-08
-2.73523e-16
2.80884e-17
1.88857e-08
-2.27398e-16
3.59641e-17
2.29799e-08
-1.77985e-16
4.56514e-17
2.73861e-08
-1.1982e-16
5.62766e-17
3.14534e-08
-3.79651e-17
6.55761e-17
3.36367e-08
1.44024e-17
6.55483e-17
3.05588e-08
3.74059e-17
1.51602e-08
-3.88296e-16
4.89375e-17
3.68832e-08
-3.42371e-16
6.38154e-17
4.50851e-08
-2.73949e-16
8.2981e-17
5.4389e-08
-2.00886e-16
1.0666e-16
6.42239e-08
-1.20332e-16
1.33608e-16
7.30867e-08
-2.54001e-17
1.5752e-16
7.75291e-08
3.19389e-17
1.60313e-16
7.00874e-08
9.23357e-17
3.50151e-08
-4.09391e-16
7.3546e-17
5.12559e-08
-3.67052e-16
9.53936e-17
6.2712e-08
-2.97724e-16
1.23637e-16
7.5734e-08
-2.23629e-16
1.58092e-16
8.9543e-08
-1.4206e-16
1.97034e-16
1.02066e-07
-4.11982e-17
2.30884e-16
1.08511e-07
2.36197e-17
2.32387e-16
9.84233e-08
1.31221e-16
4.95107e-08
-4.10228e-16
8.07492e-17
5.12559e-08
-3.63043e-16
1.03778e-16
6.2712e-08
-3.16836e-16
1.32521e-16
7.5734e-08
-2.50489e-16
1.66844e-16
8.9543e-08
-1.85715e-16
2.02966e-16
1.02066e-07
-1.09931e-16
2.31937e-16
1.08511e-07
-3.15926e-17
2.25548e-16
9.84233e-08
1.21154e-16
4.95107e-08
-4.1199e-16
5.83645e-17
3.68832e-08
-3.80412e-16
7.31146e-17
4.50851e-08
-3.41706e-16
9.12151e-17
5.4389e-08
-2.94369e-16
1.11936e-16
6.42239e-08
-2.14574e-16
1.32916e-16
7.30867e-08
-1.42285e-16
1.47132e-16
7.75291e-08
-5.39345e-17
1.38697e-16
7.00874e-08
7.27107e-17
3.50151e-08
-2.27544e-16
1.53324e-08
2.4631e-17
-1.97556e-16
1.88857e-08
3.03355e-17
-1.76205e-16
2.29799e-08
3.68858e-17
-1.44452e-16
2.73861e-08
4.38362e-17
-1.09777e-16
3.14534e-08
5.01089e-17
-8.21753e-17
3.36367e-08
5.29659e-17
-4.39715e-17
3.05588e-08
4.69801e-17
1.51602e-08
2.21941e-17
-2.65131e-16
-2.81018e-17
1.53324e-08
-2.51811e-16
-3.56124e-17
1.88857e-08
-2.30781e-16
-4.49342e-17
2.29799e-08
-1.97034e-16
-5.56352e-17
2.73861e-08
-1.53482e-16
-6.71593e-17
3.14534e-08
-1.1223e-16
-7.66896e-17
3.36367e-08
-5.11192e-17
-7.53099e-17
3.05588e-08
-4.26437e-17
1.51602e-08
-3.98194e-16
-2.58265e-17
3.68832e-08
-4.00264e-16
-3.44239e-17
4.50851e-08
-3.78402e-16
-4.57654e-17
5.4389e-08
-3.39462e-16
-6.03912e-17
6.42239e-08
-2.75011e-16
-7.85134e-17
7.30867e-08
-1.95827e-16
-9.84882e-17
7.75291e-08
-8.90472e-17
-1.09649e-16
7.00874e-08
-7.31023e-17
3.50151e-08
-4.32967e-16
-1.62525e-17
5.12559e-08
-4.32909e-16
-2.23701e-17
6.2712e-08
-4.01398e-16
-3.13228e-17
7.5734e-08
-3.56354e-16
-4.42019e-17
8.9543e-08
-2.86912e-16
-6.26716e-17
1.02066e-07
-2.04845e-16
-8.6396e-17
1.08511e-07
-9.07231e-17
-1.06219e-16
9.84233e-08
-7.83351e-17
4.95107e-08
-3.89731e-16
-8.31586e-18
5.12559e-08
-3.84193e-16
-1.20596e-17
6.2712e-08
-3.47483e-16
-1.79321e-17
7.5734e-08
-2.99252e-16
-2.75325e-17
8.9543e-08
-2.2197e-16
-4.18605e-17
1.02066e-07
-1.40577e-16
-6.18098e-17
1.08511e-07
-5.53429e-17
-8.03176e-17
9.84233e-08
-6.01457e-17
4.95107e-08
-2.69151e-16
-4.65089e-18
3.68832e-08
-2.60367e-16
-6.93316e-18
4.50851e-08
-2.2928e-16
-1.06765e-17
5.4389e-08
-1.82054e-16
-1.68328e-17
6.42239e-08
-1.27654e-16
-2.59455e-17
7.30867e-08
-7.16139e-17
-3.72594e-17
7.75291e-08
-1.92494e-17
-4.57012e-17
7.00874e-08
-3.31033e-17
3.50151e-08
-5.2549e-17
1.53324e-08
-5.30019e-19
-5.15082e-17
1.88857e-08
-1.17836e-18
-4.25713e-17
2.29799e-08
-2.22351e-18
-2.61994e-17
2.73861e-08
-3.88161e-18
-1.26769e-17
3.14534e-08
-6.34217e-18
-3.00483e-19
3.36367e-08
-9.40216e-18
3.86507e-18
3.05588e-08
-1.17305e-17
1.51602e-08
-8.40967e-18
-2.65771e-16
-2.57769e-18
1.53324e-08
-2.4287e-16
-2.60431e-18
1.88857e-08
-2.10401e-16
-2.0913e-18
2.29799e-08
-1.67096e-16
-6.78502e-19
2.73861e-08
-1.17139e-16
1.79615e-18
3.14534e-08
-6.68752e-17
5.75732e-18
3.36367e-08
-2.71813e-17
9.73925e-18
3.05588e-08
8.66413e-18
1.51602e-08
-3.48484e-16
4.20828e-18
3.68832e-08
-3.11677e-16
6.52179e-18
4.50851e-08
-2.64296e-16
1.013e-17
5.4389e-08
-2.04946e-16
1.54977e-17
6.42239e-08
-1.4293e-16
2.29653e-17
7.30867e-08
-7.74459e-17
3.19526e-17
7.75291e-08
-3.00762e-17
3.93288e-17
7.00874e-08
2.85528e-17
3.50151e-08
-3.17358e-16
1.06847e-17
5.12559e-08
-2.8254e-16
1.47485e-17
6.2712e-08
-2.46946e-16
2.03903e-17
7.5734e-08
-1.94927e-16
2.78246e-17
8.9543e-08
-1.37273e-16
3.70695e-17
1.02066e-07
-8.78653e-17
4.70886e-17
1.08511e-07
-4.2592e-17
5.32891e-17
9.84233e-08
3.63067e-17
4.95107e-08
-2.03173e-16
6.76954e-18
5.12559e-08
-1.73516e-16
9.53225e-18
6.2712e-08
-1.48842e-16
1.34509e-17
7.5734e-08
-1.2055e-16
1.8761e-17
8.9543e-08
-9.13833e-17
2.51929e-17
1.02066e-07
-7.84312e-17
3.31327e-17
1.08511e-07
-5.44373e-17
3.92062e-17
9.84233e-08
2.80364e-17
4.95107e-08
-3.29216e-17
-8.94216e-18
3.68832e-08
-3.0508e-17
-1.08395e-17
4.50851e-08
-4.12671e-17
-1.25299e-17
5.4389e-08
-4.65377e-17
-1.36975e-17
6.42239e-08
-4.82384e-17
-1.39797e-17
7.30867e-08
-6.59028e-17
-1.16838e-17
7.75291e-08
-6.33354e-17
-5.23125e-18
7.00874e-08
2.86098e-18
3.50151e-08
1.49031e-16
1.53324e-08
-8.72929e-18
1.34549e-16
1.88857e-08
-1.07952e-17
1.04541e-16
2.29799e-08
-1.30693e-17
7.45613e-17
2.73861e-08
-1.52815e-17
4.09202e-17
3.14534e-08
-1.70957e-17
-9.0486e-18
3.36367e-08
-1.79229e-17
-3.44209e-17
3.05588e-08
-1.6319e-17
1.51602e-08
-8.41137e-18
-2.17256e-16
-4.41251e-17
1.53324e-08
-2.13639e-16
-5.50333e-17
1.88857e-08
-2.01937e-16
-6.79222e-17
2.29799e-08
-1.76426e-16
-8.152e-17
2.73861e-08
-1.47281e-16
-9.45287e-17
3.14534e-08
-1.28865e-16
-1.02653e-16
3.36367e-08
-8.606e-17
-9.47755e-17
3.05588e-08
-4.89406e-17
1.51602e-08
-3.96129e-16
-4.20701e-17
3.68832e-08
-4.14852e-16
-5.40137e-17
4.50851e-08
-3.97371e-16
-6.83362e-17
5.4389e-08
-3.69805e-16
-8.4699e-17
6.42239e-08
-3.07787e-16
-1.0131e-16
7.30867e-08
-2.49265e-16
-1.13893e-16
7.75291e-08
-1.55059e-16
-1.1082e-16
7.00874e-08
-6.16516e-17
3.50151e-08
-3.98663e-16
-2.80398e-17
5.12559e-08
-4.19062e-16
-3.51043e-17
6.2712e-08
-4.17601e-16
-4.37949e-17
7.5734e-08
-3.89447e-16
-5.36336e-17
8.9543e-08
-3.36457e-16
-6.39773e-17
1.02066e-07
-2.84653e-16
-7.30146e-17
1.08511e-07
-1.76548e-16
-7.31561e-17
9.84233e-08
-4.40633e-17
4.95107e-08
-3.47681e-16
-1.19651e-17
5.12559e-08
-3.61827e-16
-1.33261e-17
6.2712e-08
-3.54945e-16
-1.44308e-17
7.5734e-08
-3.23012e-16
-1.53793e-17
8.9543e-08
-2.81053e-16
-1.55714e-17
1.02066e-07
-2.3472e-16
-1.42559e-17
1.08511e-07
-1.51533e-16
-1.12152e-17
9.84233e-08
-4.64232e-18
4.95107e-08
-2.07663e-16
3.62798e-18
3.68832e-08
-2.36526e-16
5.1404e-18
4.50851e-08
-2.4522e-16
6.99784e-18
5.4389e-08
-2.26976e-16
8.75049e-18
6.42239e-08
-2.0301e-16
1.03016e-17
7.30867e-08
-1.835e-16
1.1859e-17
7.75291e-08
-1.15485e-16
1.10791e-17
7.00874e-08
5.59422e-18
3.50151e-08
-1.09855e-17
1.53324e-08
6.99435e-18
-2.54252e-17
1.88857e-08
8.766e-18
-3.63178e-17
2.29799e-08
1.09209e-17
-3.49813e-17
2.73861e-08
1.34155e-17
-3.73878e-17
3.14534e-08
1.60385e-17
-4.82071e-17
3.36367e-08
1.81812e-17
-4.48992e-17
3.05588e-08
1.76625e-17
1.51602e-08
9.78086e-18
-4.52423e-16
-2.93222e-17
1.53324e-08
-4.02921e-16
-3.54475e-17
1.88857e-08
-3.34685e-16
-4.17823e-17
2.29799e-08
-2.52261e-16
-4.73505e-17
2.73861e-08
-1.63176e-16
-5.06674e-17
3.14534e-08
-6.25782e-17
-4.87953e-17
3.36367e-08
1.11762e-17
-3.72354e-17
3.05588e-08
-1.31674e-17
1.51602e-08
-6.03325e-16
-1.13425e-17
3.68832e-08
-5.38097e-16
-1.2319e-17
4.50851e-08
-4.35873e-16
-1.21954e-17
5.4389e-08
-3.22401e-16
-1.00214e-17
6.42239e-08
-1.93286e-16
-5.06583e-18
7.30867e-08
-5.80448e-17
2.85671e-18
7.75291e-08
2.91431e-17
1.34064e-17
7.00874e-08
1.375e-17
3.50151e-08
-5.29022e-16
2.83367e-17
5.12559e-08
-4.54729e-16
3.74944e-17
6.2712e-08
-3.46778e-16
4.96394e-17
7.5734e-08
-2.36033e-16
6.40773e-17
8.9543e-08
-1.13578e-16
8.00601e-17
1.02066e-07
-7.34528e-18
9.19033e-17
1.08511e-07
4.35389e-17
8.79611e-17
9.84233e-08
4.51306e-17
4.95107e-08
-3.95017e-16
5.05637e-17
5.12559e-08
-3.17149e-16
6.47405e-17
6.2712e-08
-2.44153e-16
8.14199e-17
7.5734e-08
-1.51562e-16
9.98298e-17
8.9543e-08
-8.56404e-17
1.15291e-16
1.02066e-07
-1.90545e-17
1.2257e-16
1.08511e-07
1.15772e-17
1.04725e-16
9.84233e-08
4.37974e-17
4.95107e-08
-2.44722e-16
4.13579e-17
3.68832e-08
-2.16265e-16
5.07255e-17
4.50851e-08
-1.70797e-16
6.15667e-17
5.4389e-08
-1.35563e-16
7.23401e-17
6.42239e-08
-6.76461e-17
8.07211e-17
7.30867e-08
-3.49103e-17
8.19869e-17
7.75291e-08
-1.24664e-17
6.75235e-17
7.00874e-08
2.63781e-17
3.50151e-08
6.2671e-17
1.53324e-08
1.83061e-17
7.86023e-17
1.88857e-08
2.21999e-17
7.30921e-17
2.29799e-08
2.65011e-17
7.65534e-17
2.73861e-08
3.07348e-17
6.34033e-17
3.14534e-08
3.3792e-17
2.04064e-17
3.36367e-08
3.36638e-17
-1.50095e-17
3.05588e-08
2.66641e-17
1.51602e-08
9.65607e-18
8.38991e-16
-2.93495e-17
1.53324e-08
7.98362e-16
-3.51748e-17
1.88857e-08
7.54202e-16
-4.09383e-17
2.29799e-08
6.69375e-16
-4.5728e-17
2.73861e-08
5.29576e-16
-4.9043e-17
3.14534e-08
2.63168e-16
-4.98835e-17
3.36367e-08
2.21986e-17
-4.16737e-17
3.05588e-08
-1.65481e-17
1.51602e-08
7.83906e-16
-1.11699e-16
3.68832e-08
7.52141e-16
-1.39788e-16
4.50851e-08
7.2997e-16
-1.73236e-16
5.4389e-08
6.74042e-16
-2.11196e-16
6.42239e-08
5.60731e-16
-2.51312e-16
7.30867e-08
2.81019e-16
-2.81172e-16
7.75291e-08
2.30797e-17
-2.67557e-16
7.00874e-08
-1.4062e-16
3.50151e-08
8.90509e-16
-1.99068e-16
5.12559e-08
8.30793e-16
-2.52311e-16
6.2712e-08
7.8793e-16
-3.18464e-16
7.5734e-08
6.76347e-16
-3.98532e-16
8.9543e-08
5.64987e-16
-4.8524e-16
1.02066e-07
2.71346e-16
-5.61177e-16
1.08511e-07
2.19703e-17
-5.55416e-16
9.84233e-08
-3.07208e-16
4.95107e-08
9.6926e-16
-2.5106e-16
5.12559e-08
9.15174e-16
-3.17627e-16
6.2712e-08
8.5564e-16
-4.00135e-16
7.5734e-08
7.80934e-16
-4.98556e-16
8.9543e-08
6.14324e-16
-6.07352e-16
1.02066e-07
3.73739e-16
-6.93713e-16
1.08511e-07
1.22631e-16
-6.71569e-16
9.84233e-08
-3.56916e-16
4.95107e-08
1.10218e-15
-2.36181e-16
3.68832e-08
9.86028e-16
-2.95266e-16
4.50851e-08
8.6523e-16
-3.66095e-16
5.4389e-08
6.88129e-16
-4.46746e-16
6.42239e-08
5.47602e-16
-5.3149e-16
7.30867e-08
3.93372e-16
-5.90575e-16
7.75291e-08
1.86159e-16
-5.49728e-16
7.00874e-08
-2.70178e-16
3.50151e-08
8.62123e-16
1.53324e-08
-1.18222e-16
7.09826e-16
1.88857e-08
-1.47711e-16
5.0435e-16
2.29799e-08
-1.82015e-16
2.52845e-16
2.73861e-08
-2.20066e-16
1.65481e-16
3.14534e-08
-2.52178e-16
1.29456e-16
3.36367e-08
-2.7248e-16
1.14605e-16
3.05588e-08
-2.48028e-16
1.51602e-08
-1.21096e-16
1.20182e-16
3.16059e-17
1.53324e-08
9.86201e-17
4.02187e-17
1.88857e-08
8.3189e-17
5.12171e-17
2.29799e-08
6.97047e-17
6.51092e-17
2.73861e-08
5.13725e-17
8.07578e-17
3.14534e-08
2.79183e-17
9.46176e-17
3.36367e-08
8.17561e-18
9.59439e-17
3.05588e-08
5.52997e-17
1.51602e-08
8.8544e-17
4.02057e-17
3.68832e-08
7.789e-17
5.43964e-17
4.50851e-08
8.10214e-17
7.43819e-17
5.4389e-08
8.18773e-17
1.02452e-16
6.42239e-08
7.85504e-17
1.40202e-16
7.30867e-08
6.69397e-17
1.8382e-16
7.75291e-08
3.4056e-17
2.12591e-16
7.00874e-08
1.44187e-16
3.50151e-08
-1.38811e-18
4.79647e-17
5.12559e-08
3.59356e-18
6.72432e-17
6.2712e-08
2.28033e-17
9.54973e-17
7.5734e-08
3.91798e-17
1.3667e-16
8.9543e-08
5.36036e-17
1.95426e-16
1.02066e-07
5.28734e-17
2.69819e-16
1.08511e-07
1.97097e-17
3.28489e-16
9.84233e-08
2.37271e-16
4.95107e-08
-1.41863e-16
6.01946e-17
5.12559e-08
-1.44827e-16
8.34187e-17
6.2712e-08
-1.36877e-16
1.17036e-16
7.5734e-08
-1.22216e-16
1.64813e-16
8.9543e-08
-1.06085e-16
2.30268e-16
1.02066e-07
-8.90699e-17
3.09837e-16
1.08511e-07
-5.42231e-17
3.68158e-16
9.84233e-08
2.5962e-16
4.95107e-08
-2.88817e-16
7.25361e-17
3.68832e-08
-3.21309e-16
9.57276e-17
4.50851e-08
-3.39653e-16
1.26866e-16
5.4389e-08
-3.47993e-16
1.67255e-16
6.42239e-08
-3.30195e-16
2.17568e-16
7.30867e-08
-2.70869e-16
2.67524e-16
7.75291e-08
-1.49277e-16
2.85578e-16
7.00874e-08
1.74027e-16
3.50151e-08
-5.31741e-16
1.53324e-08
4.26132e-17
-5.10251e-16
1.88857e-08
5.55483e-17
-4.72889e-16
2.29799e-08
7.09409e-17
-4.06582e-16
2.73861e-08
8.96401e-17
-3.55311e-16
3.14534e-08
1.05637e-16
-2.16047e-16
3.36367e-08
1.24198e-16
-1.08577e-16
3.05588e-08
1.26813e-16
1.51602e-08
7.18405e-17
2.8967e-16
3.70844e-17
1.53324e-08
2.43833e-16
4.60512e-17
1.88857e-08
1.86169e-16
5.71156e-17
2.29799e-08
1.36296e-16
6.99889e-17
2.73861e-08
7.7809e-17
8.32215e-17
3.14534e-08
-2.50438e-17
9.02931e-17
3.36367e-08
-8.11279e-17
8.29422e-17
3.05588e-08
4.0183e-17
1.51602e-08
2.59553e-16
5.63581e-17
3.68832e-08
1.8414e-16
7.10278e-17
4.50851e-08
9.31414e-17
8.89438e-17
5.4389e-08
2.59818e-17
1.09952e-16
6.42239e-08
-6.10145e-17
1.30788e-16
7.30867e-08
-1.85442e-16
1.42373e-16
7.75291e-08
-2.14741e-16
1.2818e-16
7.00874e-08
5.42961e-17
3.50151e-08
1.16982e-16
4.58481e-17
5.12559e-08
3.28132e-17
6.10292e-17
6.2712e-08
-6.8746e-17
8.08056e-17
7.5734e-08
-1.40112e-16
1.05106e-16
8.9543e-08
-2.08761e-16
1.31277e-16
1.02066e-07
-3.18426e-16
1.49449e-16
1.08511e-07
-3.08198e-16
1.36567e-16
9.84233e-08
5.88101e-17
4.95107e-08
3.77271e-17
2.15232e-17
5.12559e-08
-4.251e-17
3.23096e-17
6.2712e-08
-1.45143e-16
4.71027e-17
7.5734e-08
-2.1056e-16
6.56809e-17
8.9543e-08
-2.71018e-16
8.60275e-17
1.02066e-07
-3.73902e-16
1.01093e-16
1.08511e-07
-3.3081e-16
9.32278e-17
9.84233e-08
3.95477e-17
4.95107e-08
9.10855e-17
-4.22304e-18
3.68832e-08
1.66196e-17
-3.91364e-18
4.50851e-08
-8.65654e-17
-3.07489e-18
5.4389e-08
-1.46094e-16
-2.05509e-18
6.42239e-08
-1.98588e-16
-2.49813e-18
7.30867e-08
-2.92941e-16
-1.36194e-18
7.75291e-08
-2.72051e-16
-3.85846e-18
7.00874e-08
-4.64355e-18
3.50151e-08
3.90285e-16
1.53324e-08
-1.25453e-17
3.39675e-16
1.88857e-08
-1.58842e-17
2.48568e-16
2.29799e-08
-1.90503e-17
1.7347e-16
2.73861e-08
-2.27213e-17
1.15165e-16
3.14534e-08
-2.17278e-17
-7.11189e-17
3.36367e-08
-2.53399e-17
-1.26267e-16
3.05588e-08
-2.69608e-17
1.51602e-08
-1.38771e-17
3.50368e-16
5.67941e-17
1.53324e-08
3.09133e-16
6.9172e-17
1.88857e-08
2.63299e-16
8.33874e-17
2.29799e-08
2.10746e-16
9.87269e-17
2.73861e-08
1.48666e-16
1.1247e-16
3.14534e-08
5.49889e-17
1.18596e-16
3.36367e-08
-2.17413e-17
1.05093e-16
3.05588e-08
5.02444e-17
1.51602e-08
3.58006e-16
1.31036e-16
3.68832e-08
3.03584e-16
1.60807e-16
4.50851e-08
2.446e-16
1.95335e-16
5.4389e-08
1.89324e-16
2.33052e-16
6.42239e-08
1.22563e-16
2.68983e-16
7.30867e-08
3.91641e-18
2.88898e-16
7.75291e-08
-7.19012e-17
2.65141e-16
7.00874e-08
1.33381e-16
3.50151e-08
1.51565e-16
2.01309e-16
5.12559e-08
1.03498e-16
2.49991e-16
6.2712e-08
5.81151e-17
3.07397e-16
7.5734e-08
2.75235e-17
3.71468e-16
8.9543e-08
-8.21581e-18
4.33883e-16
1.02066e-07
-8.06739e-17
4.73751e-16
1.08511e-07
-1.16586e-16
4.41302e-16
9.84233e-08
2.26131e-16
4.95107e-08
-2.50118e-16
2.47463e-16
5.12559e-08
-2.70637e-16
3.0875e-16
6.2712e-08
-2.78494e-16
3.81293e-16
7.5734e-08
-2.63699e-16
4.61928e-16
8.9543e-08
-2.27051e-16
5.4019e-16
1.02066e-07
-2.2053e-16
5.8837e-16
1.08511e-07
-1.63807e-16
5.43041e-16
9.84233e-08
2.76955e-16
4.95107e-08
-6.33765e-16
2.63983e-16
3.68832e-08
-6.22289e-16
3.26669e-16
4.50851e-08
-5.79249e-16
3.99325e-16
5.4389e-08
-5.02471e-16
4.77746e-16
6.42239e-08
-4.1019e-16
5.50895e-16
7.30867e-08
-3.29237e-16
5.87044e-16
7.75291e-08
-1.99645e-16
5.19315e-16
7.00874e-08
2.3152e-16
3.50151e-08
-8.52391e-16
1.53324e-08
1.47498e-16
-7.26398e-16
1.88857e-08
1.84567e-16
-5.77721e-16
2.29799e-08
2.28189e-16
-3.86489e-16
2.73861e-08
2.77164e-16
-2.35483e-16
3.14534e-08
3.19464e-16
-1.09896e-16
3.36367e-08
3.45966e-16
-9.1617e-17
3.05588e-08
3.13372e-16
1.51602e-08
1.50485e-16
-6.4376e-17
-3.1129e-17
1.53324e-08
-5.16179e-17
-4.02879e-17
1.88857e-08
-4.3006e-17
-5.18915e-17
2.29799e-08
-2.66727e-17
-6.59165e-17
2.73861e-08
-1.50647e-17
-8.18324e-17
3.14534e-08
-3.26139e-17
-9.64894e-17
3.36367e-08
-3.59661e-17
-9.83847e-17
3.05588e-08
-5.69925e-17
1.51602e-08
6.11611e-17
-1.19152e-17
3.68832e-08
6.46325e-17
-1.99809e-17
4.50851e-08
5.83419e-17
-3.24616e-17
5.4389e-08
6.08357e-17
-5.12983e-17
6.42239e-08
5.11891e-17
-7.82053e-17
7.30867e-08
1.19586e-20
-1.1303e-16
7.75291e-08
-3.6497e-17
-1.38834e-16
7.00874e-08
-9.89689e-17
3.50151e-08
2.04946e-16
1.60992e-17
5.12559e-08
2.04392e-16
1.3013e-17
6.2712e-08
1.9274e-16
4.59741e-18
7.5734e-08
1.78256e-16
-1.34915e-17
8.9543e-08
1.52712e-16
-4.65325e-17
1.02066e-07
7.10449e-17
-9.7369e-17
1.08511e-07
-2.04162e-17
-1.5315e-16
9.84233e-08
-1.30251e-16
4.95107e-08
2.68807e-16
1.60484e-17
5.12559e-08
2.92774e-16
1.2287e-17
6.2712e-08
2.80772e-16
2.26611e-18
7.5734e-08
2.78705e-16
-1.87263e-17
8.9543e-08
2.44799e-16
-5.69639e-17
1.02066e-07
1.28902e-16
-1.1437e-16
1.08511e-07
1.22266e-17
-1.73513e-16
9.84233e-08
-1.43783e-16
4.95107e-08
4.38054e-16
-1.23672e-17
3.68832e-08
4.43829e-16
-2.1101e-17
4.50851e-08
4.23179e-16
-3.54177e-17
5.4389e-08
4.00121e-16
-5.83128e-17
6.42239e-08
3.44516e-16
-9.26105e-17
7.30867e-08
1.9603e-16
-1.36092e-16
7.75291e-08
3.78381e-17
-1.70701e-16
7.00874e-08
-1.22977e-16
3.50151e-08
7.17367e-16
1.53324e-08
-1.49803e-17
6.87333e-16
1.88857e-08
-2.01915e-17
6.28713e-16
2.29799e-08
-2.71506e-17
5.55213e-16
2.73861e-08
-3.65175e-17
4.39633e-16
3.14534e-08
-4.89117e-17
2.47316e-16
3.36367e-08
-6.35477e-17
5.83621e-17
3.05588e-08
-7.37095e-17
1.51602e-08
-5.15667e-17
3.84068e-16
6.21987e-18
1.53324e-08
3.51491e-16
7.70155e-18
1.88857e-08
3.06832e-16
9.78701e-18
2.29799e-08
2.54869e-16
1.30866e-17
2.73861e-08
1.86546e-16
1.77533e-17
3.14534e-08
7.41481e-17
2.28778e-17
3.36367e-08
-1.96221e-17
2.6252e-17
3.05588e-08
1.85572e-17
1.51602e-08
4.27657e-16
1.88197e-17
3.68832e-08
3.79687e-16
2.10123e-17
4.50851e-08
3.15526e-16
2.29848e-17
5.4389e-08
2.53516e-16
2.50281e-17
6.42239e-08
1.69139e-16
2.75739e-17
7.30867e-08
3.5374e-17
3.06068e-17
7.75291e-08
-6.6385e-17
3.45981e-17
7.00874e-08
2.4508e-17
3.50151e-08
4.62892e-16
3.08853e-17
5.12559e-08
4.08041e-16
3.5097e-17
6.2712e-08
3.36636e-16
3.87259e-17
7.5734e-08
2.60526e-16
4.0933e-17
8.9543e-08
1.67407e-16
4.17507e-17
1.02066e-07
3.10912e-18
4.08712e-17
1.08511e-07
-1.11578e-16
4.04875e-17
9.84233e-08
2.88181e-17
4.95107e-08
4.58255e-16
2.59675e-17
5.12559e-08
4.10721e-16
3.00517e-17
6.2712e-08
3.40665e-16
3.37055e-17
7.5734e-08
2.70894e-16
3.57589e-17
8.9543e-08
1.68758e-16
3.58761e-17
1.02066e-07
-5.16115e-18
3.52354e-17
1.08511e-07
-1.18218e-16
3.46426e-17
9.84233e-08
2.80214e-17
4.95107e-08
4.68398e-16
1.90573e-17
3.68832e-08
4.15166e-16
2.18235e-17
4.50851e-08
3.3955e-16
2.40315e-17
5.4389e-08
2.67571e-16
2.47909e-17
6.42239e-08
1.66057e-16
2.35224e-17
7.30867e-08
2.87038e-18
2.168e-17
7.75291e-08
-9.93981e-17
1.75566e-17
7.00874e-08
8.96312e-18
3.50151e-08
3.96583e-16
1.53324e-08
1.00437e-17
3.63424e-16
1.88857e-08
1.21743e-17
3.07214e-16
2.29799e-08
1.4586e-17
2.53622e-16
2.73861e-08
1.71854e-17
1.7215e-16
3.14534e-08
1.98563e-17
3.74111e-17
3.36367e-08
2.20607e-17
-5.28319e-17
3.05588e-08
2.19337e-17
1.51602e-08
1.29919e-17
5.66315e-17
-2.06356e-17
1.53324e-08
6.01411e-17
-2.55801e-17
1.88857e-08
5.51957e-17
-3.11293e-17
2.29799e-08
5.57015e-17
-3.68749e-17
2.73861e-08
4.37396e-17
-4.17887e-17
3.14534e-08
5.43901e-18
-4.47524e-17
3.36367e-08
-2.81605e-17
-4.0879e-17
3.05588e-08
-2.07314e-17
1.51602e-08
1.44924e-16
-1.50249e-17
3.68832e-08
1.43273e-16
-1.99363e-17
4.50851e-08
1.23935e-16
-2.61023e-17
5.4389e-08
1.27858e-16
-3.31674e-17
6.42239e-08
9.50829e-17
-4.11841e-17
7.30867e-08
3.0502e-17
-4.83187e-17
7.75291e-08
-3.73018e-17
-4.81425e-17
7.00874e-08
-2.98787e-17
3.50151e-08
2.84603e-16
-3.84434e-18
5.12559e-08
2.768e-16
-6.36977e-18
6.2712e-08
2.60157e-16
-9.96957e-18
7.5734e-08
2.44558e-16
-1.56546e-17
8.9543e-08
2.02836e-16
-2.2807e-17
1.02066e-07
9.3084e-17
-3.2136e-17
1.08511e-07
-2.44878e-17
-4.0314e-17
9.84233e-08
-2.98837e-17
4.95107e-08
3.64392e-16
-5.59359e-18
5.12559e-08
3.69385e-16
-7.67971e-18
6.2712e-08
3.32265e-16
-1.09666e-17
7.5734e-08
3.11614e-16
-1.61229e-17
8.9543e-08
2.40924e-16
-2.42435e-17
1.02066e-07
9.69693e-17
-3.26642e-17
1.08511e-07
-3.28683e-17
-3.97197e-17
9.84233e-08
-2.82331e-17
4.95107e-08
4.41758e-16
-1.13373e-17
3.68832e-08
4.15481e-16
-1.49272e-17
4.50851e-08
3.54716e-16
-1.96983e-17
5.4389e-08
2.96213e-16
-2.61746e-17
6.42239e-08
2.20998e-16
-3.45499e-17
7.30867e-08
6.16438e-17
-4.25444e-17
7.75291e-08
-5.13751e-17
-4.57384e-17
7.00874e-08
-2.88001e-17
3.50151e-08
4.84599e-16
1.53324e-08
-9.36629e-18
4.50258e-16
1.88857e-08
-1.16788e-17
3.83462e-16
2.29799e-08
-1.44104e-17
3.17876e-16
2.73861e-08
-1.7503e-17
2.24336e-16
3.14534e-08
-2.0684e-17
8.3869e-17
3.36367e-08
-2.32549e-17
-3.08997e-17
3.05588e-08
-2.27604e-17
1.51602e-08
-1.28042e-17
4.46188e-16
3.41305e-18
1.53324e-08
4.13796e-16
4.70176e-18
1.88857e-08
3.66027e-16
6.7182e-18
2.29799e-08
3.12196e-16
9.8533e-18
2.73861e-08
2.30665e-16
1.43088e-17
3.14534e-08
1.0283e-16
1.84294e-17
3.36367e-08
-7.08232e-18
2.09651e-17
3.05588e-08
1.3432e-17
1.51602e-08
5.09799e-16
8.00853e-18
3.68832e-08
4.60635e-16
9.20364e-18
4.50851e-08
3.89074e-16
1.06485e-17
5.4389e-08
3.16768e-16
1.25347e-17
6.42239e-08
2.18025e-16
1.52757e-17
7.30867e-08
5.81045e-17
1.84489e-17
7.75291e-08
-6.9e-17
2.0049e-17
7.00874e-08
1.3037e-17
3.50151e-08
5.49807e-16
1.12237e-17
5.12559e-08
4.94153e-16
1.33104e-17
6.2712e-08
4.13703e-16
1.56474e-17
7.5734e-08
3.32427e-16
1.81377e-17
8.9543e-08
2.26972e-16
2.09879e-17
1.02066e-07
3.18118e-17
2.3381e-17
1.08511e-07
-1.04464e-16
2.40484e-17
9.84233e-08
1.50103e-17
4.95107e-08
5.40572e-16
8.12738e-18
5.12559e-08
4.93724e-16
1.05006e-17
6.2712e-08
4.07797e-16
1.34471e-17
7.5734e-08
3.29371e-16
1.64976e-17
8.9543e-08
2.1545e-16
1.92236e-17
1.02066e-07
2.00145e-17
2.20424e-17
1.08511e-07
-1.1536e-16
2.19057e-17
9.84233e-08
1.53736e-17
4.95107e-08
4.93428e-16
8.67124e-18
3.68832e-08
4.3921e-16
1.02825e-17
4.50851e-08
3.55274e-16
1.17635e-17
5.4389e-08
2.78953e-16
1.24997e-17
6.42239e-08
1.81763e-16
1.18492e-17
7.30867e-08
7.2003e-18
1.08738e-17
7.75291e-08
-1.05646e-16
7.87949e-18
7.00874e-08
2.26792e-18
3.50151e-08
4.36887e-16
1.53324e-08
3.18379e-18
3.99245e-16
1.88857e-08
3.90809e-18
3.38476e-16
2.29799e-08
4.77106e-18
2.80201e-16
2.73861e-08
5.75542e-18
1.96753e-16
3.14534e-08
6.79309e-18
5.77478e-17
3.36367e-08
7.67975e-18
-4.36246e-17
3.05588e-08
7.69023e-18
1.51602e-08
4.47627e-18
7.26369e-17
-1.45602e-17
1.53324e-08
7.29929e-17
-1.78605e-17
1.88857e-08
6.3243e-17
-2.14398e-17
2.29799e-08
6.35262e-17
-2.47121e-17
2.73861e-08
4.76701e-17
-2.72001e-17
3.14534e-08
-5.82186e-18
-2.85895e-17
3.36367e-08
-4.78822e-17
-2.56557e-17
3.05588e-08
-1.26237e-17
1.51602e-08
1.28196e-16
1.1974e-18
3.68832e-08
1.19575e-16
9.56265e-19
4.50851e-08
9.99536e-17
5.23896e-19
5.4389e-08
9.50382e-17
3.06936e-19
6.42239e-08
7.72629e-17
-4.86903e-19
7.30867e-08
-7.16865e-18
-1.42778e-18
7.75291e-08
-7.04107e-17
-3.11661e-18
7.00874e-08
-4.24849e-18
3.50151e-08
1.94038e-16
2.30927e-17
5.12559e-08
1.84068e-16
2.8945e-17
6.2712e-08
1.67899e-16
3.60296e-17
7.5734e-08
1.51845e-16
4.34228e-17
8.9543e-08
1.28067e-16
5.0658e-17
1.02066e-07
1.70524e-17
5.3347e-17
1.08511e-07
-7.48012e-17
4.52053e-17
9.84233e-08
1.81273e-17
4.95107e-08
2.08268e-16
2.86019e-17
5.12559e-08
2.13122e-16
3.69978e-17
6.2712e-08
1.79583e-16
4.68089e-17
7.5734e-08
1.67126e-16
5.72291e-17
8.9543e-08
1.10908e-16
6.55094e-17
1.02066e-07
-2.34004e-17
6.96057e-17
1.08511e-07
-1.16868e-16
5.98198e-17
9.84233e-08
2.63258e-17
4.95107e-08
2.12004e-16
2.37819e-17
3.68832e-08
1.82148e-16
2.90985e-17
4.50851e-08
1.30227e-16
3.46883e-17
5.4389e-08
9.18906e-17
3.91035e-17
6.42239e-08
4.46082e-17
4.07948e-17
7.30867e-08
-8.81619e-17
3.85188e-17
7.75291e-08
-1.50622e-16
2.72938e-17
7.00874e-08
5.878e-18
3.50151e-08
2.90849e-16
1.53324e-08
8.44553e-18
2.69943e-16
1.88857e-08
1.02162e-17
2.14358e-16
2.29799e-08
1.21536e-17
1.72753e-16
2.73861e-08
1.40189e-17
1.05116e-16
3.14534e-08
1.54359e-17
-3.42599e-17
3.36367e-08
1.53787e-17
-1.17271e-16
3.05588e-08
1.23425e-17
1.51602e-08
4.65969e-18
7.18062e-16
-9.78535e-18
1.53324e-08
6.58457e-16
-1.13519e-17
1.88857e-08
5.74982e-16
-1.28997e-17
2.29799e-08
4.79565e-16
-1.33102e-17
2.73861e-08
3.4159e-16
-1.21522e-17
3.14534e-08
1.33712e-16
-9.88232e-18
3.36367e-08
-2.80972e-17
-5.07467e-18
3.05588e-08
4.96904e-19
1.51602e-08
8.67201e-16
-8.24372e-18
3.68832e-08
7.80885e-16
-1.15747e-17
4.50851e-08
6.6702e-16
-1.58504e-17
5.4389e-08
5.32621e-16
-2.09938e-17
6.42239e-08
3.64892e-16
-2.64477e-17
7.30867e-08
9.26162e-17
-3.13821e-17
7.75291e-08
-9.69482e-17
-3.03901e-17
7.00874e-08
-1.77149e-17
3.50151e-08
9.78596e-16
-1.0554e-17
5.12559e-08
8.72385e-16
-1.42293e-17
6.2712e-08
7.21424e-16
-1.97515e-17
7.5734e-08
5.65093e-16
-2.75355e-17
8.9543e-08
3.50536e-16
-3.81396e-17
1.02066e-07
4.10594e-17
-5.0137e-17
1.08511e-07
-1.67702e-16
-5.78664e-17
9.84233e-08
-3.99356e-17
4.95107e-08
9.78087e-16
-1.70452e-17
5.12559e-08
8.80364e-16
-2.12816e-17
6.2712e-08
7.36379e-16
-2.67078e-17
7.5734e-08
5.76208e-16
-3.4649e-17
8.9543e-08
3.78254e-16
-4.54629e-17
1.02066e-07
6.19114e-17
-5.70532e-17
1.08511e-07
-1.59162e-16
-6.32567e-17
9.84233e-08
-3.76406e-17
4.95107e-08
9.54493e-16
-8.87663e-18
3.68832e-08
8.55282e-16
-1.24199e-17
4.50851e-08
7.08745e-16
-1.7703e-17
5.4389e-08
5.58271e-16
-2.60804e-17
6.42239e-08
3.66534e-16
-3.80625e-17
7.30867e-08
7.12148e-17
-5.10555e-17
7.75291e-08
-1.22343e-16
-5.94472e-17
7.00874e-08
-4.06565e-17
3.50151e-08
8.79791e-16
1.53324e-08
-2.77054e-18
8.05522e-16
1.88857e-08
-3.57902e-18
6.93814e-16
2.29799e-08
-4.64179e-18
5.76445e-16
2.73861e-08
-6.02708e-18
4.10937e-16
3.14534e-08
-7.72547e-18
1.65989e-16
3.36367e-08
-9.40963e-18
-2.50056e-17
3.05588e-08
-1.00183e-17
1.51602e-08
-6.27292e-18
-2.45156e-16
-1.89036e-17
1.53324e-08
-2.16908e-16
-2.34663e-17
1.88857e-08
-1.96243e-16
-2.7887e-17
2.29799e-08
-1.46639e-16
-3.15379e-17
2.73861e-08
-1.09607e-16
-3.35212e-17
3.14534e-08
-1.28023e-16
-3.31693e-17
3.36367e-08
-1.28245e-16
-2.71173e-17
3.05588e-08
-1.12063e-17
1.51602e-08
-3.19311e-16
-1.02723e-17
3.68832e-08
-2.62967e-16
-1.29488e-17
4.50851e-08
-2.10232e-16
-1.49086e-17
5.4389e-08
-1.13825e-16
-1.57847e-17
6.42239e-08
-2.5583e-17
-1.42319e-17
7.30867e-08
-4.51312e-17
-9.66195e-18
7.75291e-08
-7.98764e-17
-3.44332e-19
7.00874e-08
8.73541e-18
3.50151e-08
-2.74088e-16
1.15256e-17
5.12559e-08
-2.16939e-16
1.57344e-17
6.2712e-08
-1.68678e-16
2.09268e-17
7.5734e-08
-7.18904e-17
2.75255e-17
8.9543e-08
1.2558e-17
3.55789e-17
1.02066e-07
-2.11684e-17
4.39784e-17
1.08511e-07
-8.06306e-17
4.6517e-17
9.84233e-08
2.82426e-17
4.95107e-08
-2.93217e-16
2.70047e-17
5.12559e-08
-2.26811e-16
3.60751e-17
6.2712e-08
-1.76619e-16
4.76413e-17
7.5734e-08
-8.08158e-17
6.09389e-17
8.9543e-08
5.16394e-18
7.5318e-17
1.02066e-07
-3.79534e-17
8.91801e-17
1.08511e-07
-9.346e-17
9.23094e-17
9.84233e-08
5.72397e-17
4.95107e-08
-2.66741e-16
3.20364e-17
3.68832e-08
-2.52589e-16
4.01872e-17
4.50851e-08
-2.65302e-16
4.89302e-17
5.4389e-08
-2.16003e-16
5.75194e-17
6.42239e-08
-1.74014e-16
6.38029e-17
7.30867e-08
-2.21187e-16
6.70921e-17
7.75291e-08
-2.09171e-16
5.88046e-17
7.00874e-08
2.64057e-17
3.50151e-08
-6.48487e-17
1.53324e-08
1.82359e-17
-6.07533e-17
1.88857e-08
2.24768e-17
-7.08589e-17
2.29799e-08
2.73341e-17
-5.31809e-17
2.73861e-08
3.25519e-17
-4.35209e-17
3.14534e-08
3.75715e-17
-1.05788e-16
3.36367e-08
4.05867e-17
-1.30876e-16
3.05588e-08
3.8113e-17
1.51602e-08
2.08808e-17
1.31645e-15
-1.31025e-17
1.53324e-08
1.18316e-15
-1.33712e-17
1.88857e-08
9.83358e-16
-1.19998e-17
2.29799e-08
7.66907e-16
-6.59418e-18
2.73861e-08
4.93105e-16
4.36933e-18
3.14534e-08
1.27453e-16
1.97235e-17
3.36367e-08
-1.40311e-16
3.64672e-17
3.05588e-08
3.48873e-17
1.51602e-08
2.25529e-15
3.00388e-17
3.68832e-08
1.98802e-15
3.78791e-17
4.50851e-08
1.65564e-15
4.88191e-17
5.4389e-08
1.23369e-15
6.35695e-17
6.42239e-08
7.72761e-16
8.3078e-17
7.30867e-08
1.65586e-16
1.02209e-16
7.75291e-08
-2.57349e-16
1.06863e-16
7.00874e-08
6.26574e-17
3.50151e-08
2.84554e-15
7.08286e-17
5.12559e-08
2.51274e-15
9.21867e-17
6.2712e-08
2.05926e-15
1.16395e-16
7.5734e-08
1.53628e-15
1.45128e-16
8.9543e-08
9.14848e-16
1.71465e-16
1.02066e-07
1.45392e-16
1.86214e-16
1.08511e-07
-3.64526e-16
1.61169e-16
9.84233e-08
6.00649e-17
4.95107e-08
2.88708e-15
9.36074e-17
5.12559e-08
2.54586e-15
1.2032e-16
6.2712e-08
2.19028e-15
1.55832e-16
7.5734e-08
1.65815e-15
1.94228e-16
8.9543e-08
1.09846e-15
2.35327e-16
1.02066e-07
3.08512e-16
2.62573e-16
1.08511e-07
-2.84305e-16
2.47005e-16
9.84233e-08
1.34058e-16
4.95107e-08
2.84352e-15
5.66826e-17
3.68832e-08
2.49286e-15
6.77102e-17
4.50851e-08
1.99071e-15
7.82609e-17
5.4389e-08
1.51006e-15
8.4563e-17
6.42239e-08
8.62603e-16
8.177e-17
7.30867e-08
6.54091e-17
6.80514e-17
7.75291e-08
-4.01324e-16
3.46381e-17
7.00874e-08
-8.44196e-18
3.50151e-08
2.03289e-15
1.53324e-08
1.19637e-17
1.83358e-15
1.88857e-08
1.38346e-17
1.56605e-15
2.29799e-08
1.55813e-17
1.26806e-15
2.73861e-08
1.69072e-17
8.53266e-16
3.14534e-08
1.72637e-17
2.93814e-16
3.36367e-08
1.57815e-17
-1.25029e-16
3.05588e-08
1.14901e-17
1.51602e-08
3.66331e-18
1.80155e-15
-4.41796e-17
1.94275e-15
-5.05693e-17
1.80055e-15
-6.00991e-17
1.49917e-15
-8.05224e-17
1.23876e-15
-1.00035e-16
8.616e-16
-1.0979e-16
3.95129e-16
-9.0976e-17
-2.40163e-17
3.08654e-15
-1.62177e-16
3.37015e-15
-1.99157e-16
3.07715e-15
-2.54137e-16
2.63914e-15
-3.24215e-16
2.16893e-15
-4.1236e-16
1.68451e-15
-4.82207e-16
9.32174e-16
-4.79399e-16
-2.64773e-16
3.25222e-15
-1.27251e-16
3.62973e-15
-1.73866e-16
3.79777e-15
-2.28153e-16
3.26116e-15
-2.98831e-16
3.23786e-15
-3.75025e-16
3.00416e-15
-4.41429e-16
1.92778e-15
-4.29226e-16
-2.09941e-16
3.51725e-15
-4.43898e-17
3.89123e-15
-8.30491e-17
3.74083e-15
-1.3875e-16
3.11833e-15
-2.04425e-16
2.88847e-15
-2.95038e-16
2.62898e-15
-4.00456e-16
1.69767e-15
-4.78302e-16
-3.61861e-16
1.82393e-15
-7.66938e-19
2.41278e-15
-1.44763e-17
2.62787e-15
-2.65386e-17
2.23578e-15
-2.74321e-17
2.37337e-15
-2.45076e-17
2.28376e-15
-2.86348e-17
1.47554e-15
-3.41011e-17
-3.23867e-17
-1.50188e-16
1.07887e-18
3.03272e-16
-8.33109e-19
3.50839e-16
-3.31474e-18
2.3425e-16
-6.53551e-18
3.16394e-16
-9.58308e-18
3.49589e-16
-1.27053e-17
2.4142e-16
-1.371e-17
-6.84411e-18
3.95659e-09
-2.11483e-07
1.84503e-08
1.173e-18
4.07706e-09
-2.52517e-07
3.92003e-08
9.1698e-18
-2.73825e-07
5.11527e-08
-4.07706e-09
-2.73825e-07
5.11527e-08
-3.95659e-09
-2.52517e-07
3.92003e-08
-2.11483e-07
1.84503e-08
4.714e-09
-2.12447e-07
2.30766e-08
1.52347e-18
5.01636e-09
-2.56843e-07
4.89524e-08
1.15473e-17
-2.78589e-07
6.41322e-08
-5.01636e-09
-2.78589e-07
6.41322e-08
-4.714e-09
-2.56843e-07
4.89524e-08
-2.12447e-07
2.30766e-08
5.56757e-09
-2.11833e-07
2.86564e-08
1.98329e-18
6.08469e-09
-2.60334e-07
6.0785e-08
1.4513e-17
-2.82734e-07
8.00559e-08
-6.08469e-09
-2.82734e-07
8.00559e-08
-5.56757e-09
-2.60334e-07
6.0785e-08
-2.11833e-07
2.86564e-08
6.40876e-09
-2.07758e-07
3.50636e-08
2.53505e-18
7.20802e-09
-2.60894e-07
7.45235e-08
1.80755e-17
-2.84216e-07
9.88199e-08
-7.20802e-09
-2.84216e-07
9.88199e-08
-6.40876e-09
-2.60894e-07
7.45235e-08
-2.07758e-07
3.50636e-08
7.09415e-09
-1.96529e-07
4.16982e-08
3.12341e-18
8.20765e-09
-2.53859e-07
8.912e-08
2.20858e-17
-2.78247e-07
1.1924e-07
-8.20765e-09
-2.78247e-07
1.1924e-07
-7.09415e-09
-2.53859e-07
8.912e-08
-1.96529e-07
4.16982e-08
7.35276e-09
-1.70845e-07
4.67744e-08
3.63247e-18
8.699e-09
-2.28916e-07
1.01158e-07
2.5844e-17
-2.53649e-07
1.37002e-07
-8.699e-09
-2.53649e-07
1.37002e-07
-7.35276e-09
-2.28916e-07
1.01158e-07
-1.70845e-07
4.67744e-08
6.68666e-09
-1.15991e-07
4.56728e-08
3.56867e-18
7.84936e-09
-1.62892e-07
1.0118e-07
2.7048e-17
-1.83865e-07
1.39449e-07
-7.84936e-09
-1.83865e-07
1.39449e-07
-6.68666e-09
-1.62892e-07
1.0118e-07
-1.15991e-07
4.56728e-08
3.57306e-09
2.60877e-08
2.00712e-18
3.75204e-09
6.14509e-08
1.65819e-17
8.75184e-08
-3.75204e-09
8.75184e-08
-3.57306e-09
6.14509e-08
2.60877e-08
9.86793e-10
-3.27004e-08
1.76012e-08
-6.58609e-18
1.17535e-09
-5.8751e-08
4.02625e-08
3.16028e-17
-7.2915e-08
5.42175e-08
-1.17535e-09
-7.2915e-08
5.42175e-08
-9.86793e-10
-5.8751e-08
4.02625e-08
-3.27004e-08
1.76012e-08
1.12176e-09
-3.25328e-08
2.17871e-08
-8.65894e-18
1.32859e-09
-5.96875e-08
4.96822e-08
4.03886e-17
-7.46216e-08
6.71674e-08
-1.32859e-09
-7.46216e-08
6.71674e-08
-1.12176e-09
-5.96875e-08
4.96822e-08
-3.25328e-08
2.17871e-08
1.17497e-09
-3.1704e-08
2.66526e-08
-1.14941e-17
1.40502e-09
-5.97041e-08
6.05716e-08
5.14274e-17
-7.54308e-08
8.22701e-08
-1.40502e-09
-7.54308e-08
8.22701e-08
-1.17497e-09
-5.97041e-08
6.05716e-08
-3.1704e-08
2.66526e-08
1.10862e-09
-2.97057e-08
3.19566e-08
-1.46036e-17
1.35223e-09
-5.78249e-08
7.24006e-08
6.4731e-17
-7.41407e-08
9.8882e-08
-1.35223e-09
-7.41407e-08
9.8882e-08
-1.10862e-09
-5.78249e-08
7.24006e-08
-2.97057e-08
3.19566e-08
8.41685e-10
-2.57906e-08
3.69415e-08
-1.73764e-17
1.07017e-09
-5.24213e-08
8.34879e-08
7.87789e-17
-6.85956e-08
1.14765e-07
-1.07017e-09
-6.85956e-08
1.14765e-07
-8.41685e-10
-5.24213e-08
8.34879e-08
-2.57906e-08
3.69415e-08
3.06464e-10
-1.90663e-08
3.97437e-08
-1.91516e-17
4.54361e-10
-4.10899e-08
8.96787e-08
9.07965e-17
-5.53091e-08
1.2417e-07
-4.54361e-10
-5.53091e-08
1.2417e-07
-3.06464e-10
-4.10899e-08
8.96787e-08
-1.90663e-08
3.97437e-08
-4.40287e-10
-9.14461e-09
3.61914e-08
-1.75443e-17
-4.689e-10
-2.14562e-08
8.15747e-08
8.86817e-17
-3.00839e-08
1.13755e-07
4.689e-10
-3.00839e-08
1.13755e-07
4.40287e-10
-2.14562e-08
8.15747e-08
-9.14461e-09
3.61914e-08
-8.77381e-10
1.78205e-08
-9.27649e-18
-1.10832e-09
4.02257e-08
4.95786e-17
5.63261e-08
1.10832e-09
5.63261e-08
8.77381e-10
4.02257e-08
1.78205e-08
4.42497e-10
-1.97726e-08
1.60666e-08
-1.98997e-17
5.25021e-10
-3.9225e-08
3.819e-08
5.32804e-17
-5.00034e-08
5.24693e-08
-5.25021e-10
-5.00034e-08
5.24693e-08
-4.42497e-10
-3.9225e-08
3.819e-08
-1.97726e-08
1.60666e-08
4.94423e-10
-1.82763e-08
1.97965e-08
-2.44202e-17
5.84831e-10
-3.64187e-08
4.67855e-08
6.60877e-17
-4.67052e-08
6.4454e-08
-5.84831e-10
-4.67052e-08
6.4454e-08
-4.94423e-10
-3.64187e-08
4.67855e-08
-1.82763e-08
1.97965e-08
5.31957e-10
-1.62505e-08
2.40949e-08
-2.9816e-17
6.2496e-10
-3.25212e-08
5.6581e-08
8.0865e-17
-4.20074e-08
7.81972e-08
-6.2496e-10
-4.20074e-08
7.81972e-08
-5.31957e-10
-3.25212e-08
5.6581e-08
-1.62505e-08
2.40949e-08
5.3646e-10
-1.35482e-08
2.87178e-08
-3.59254e-17
6.22176e-10
-2.71882e-08
6.69819e-08
9.67504e-17
-3.54136e-08
9.29104e-08
-6.22176e-10
-3.54136e-08
9.29104e-08
-5.3646e-10
-2.71882e-08
6.69819e-08
-1.35482e-08
2.87178e-08
4.89387e-10
-1.00719e-08
3.29758e-08
-4.17258e-17
5.55539e-10
-2.01624e-08
7.63959e-08
1.11078e-16
-2.64956e-08
1.06402e-07
-5.55538e-10
-2.64956e-08
1.06402e-07
-4.89387e-10
-2.01624e-08
7.63959e-08
-1.00719e-08
3.29758e-08
3.77248e-10
-5.94713e-09
3.52417e-08
-4.48851e-17
4.18474e-10
-1.16791e-08
8.11541e-08
1.17907e-16
-1.54355e-08
1.13528e-07
-4.18474e-10
-1.54355e-08
1.13528e-07
-3.77248e-10
-1.16791e-08
8.11541e-08
-5.94713e-09
3.52417e-08
2.04796e-10
-1.94677e-09
3.19862e-08
-4.00783e-17
2.45046e-10
-3.52591e-09
7.33813e-08
1.03451e-16
-4.56941e-09
1.03134e-07
-2.45046e-10
-4.56941e-09
1.03134e-07
-2.04796e-10
-3.52591e-09
7.33813e-08
-1.94677e-09
3.19862e-08
1.91211e-11
1.58546e-08
-1.96116e-17
8.65062e-11
3.66324e-08
4.60399e-17
5.18432e-08
-8.65061e-11
5.18432e-08
-1.91211e-11
3.66324e-08
1.58546e-08
1.55206e-10
-1.61075e-09
1.57558e-08
-2.93934e-17
2.15534e-10
-7.42558e-09
3.75613e-08
2.11573e-17
-1.19843e-08
5.18347e-08
-2.15534e-10
-1.19843e-08
5.18347e-08
-1.55206e-10
-7.42558e-09
3.75613e-08
-1.61075e-09
1.57558e-08
1.8067e-10
-1.41471e-09
1.94198e-08
-3.64606e-17
2.39712e-10
-6.66934e-09
4.59702e-08
2.25904e-17
-1.08307e-08
6.35401e-08
-2.39712e-10
-1.08307e-08
6.35401e-08
-1.8067e-10
-6.66934e-09
4.59702e-08
-1.41471e-09
1.94198e-08
2.00338e-10
-1.16891e-09
2.36487e-08
-4.43852e-17
2.52035e-10
-5.67897e-09
5.55389e-08
2.16015e-17
-9.2876e-09
7.69062e-08
-2.52035e-10
-9.2876e-09
7.69062e-08
-2.00338e-10
-5.67897e-09
5.55389e-08
-1.16891e-09
2.36487e-08
2.12082e-10
-8.74655e-10
2.82115e-08
-5.25744e-17
2.47083e-10
-4.42944e-09
6.56974e-08
1.66876e-17
-7.29383e-09
9.11637e-08
-2.47083e-10
-7.29383e-09
9.11637e-08
-2.12082e-10
-4.42944e-09
6.56974e-08
-8.74656e-10
2.82115e-08
2.09171e-10
-5.50522e-10
3.24425e-08
-5.77911e-17
2.16986e-10
-2.96257e-09
7.49212e-08
5.21228e-18
-4.89333e-09
1.04219e-07
-2.16986e-10
-4.89333e-09
1.04219e-07
-2.09171e-10
-2.96257e-09
7.49212e-08
-5.50523e-10
3.24425e-08
1.8382e-10
-2.45199e-10
3.47526e-08
-5.97342e-17
1.56999e-10
-1.46498e-09
7.96834e-08
-1.31908e-17
-2.3867e-09
1.11179e-07
-1.56999e-10
-2.3867e-09
1.11179e-07
-1.8382e-10
-1.46498e-09
7.96834e-08
-2.45199e-10
3.47526e-08
1.29907e-10
-3.70606e-11
3.16482e-08
-5.0865e-17
7.16806e-11
-3.21458e-10
7.2296e-08
-3.59018e-17
-4.70366e-10
1.0129e-07
-7.16807e-11
-4.70366e-10
1.0129e-07
-1.29907e-10
-3.21458e-10
7.2296e-08
-3.70605e-11
3.16482e-08
4.73557e-11
1.57702e-08
-2.27043e-17
-5.55903e-12
3.63638e-08
-3.80186e-17
5.13673e-08
5.559e-12
5.13673e-08
-4.73557e-11
3.63638e-08
1.57702e-08
8.99592e-11
-1.07026e-09
1.56138e-08
6.68524e-18
1.32931e-10
-3.5972e-09
3.73214e-08
2.85061e-17
-5.76552e-09
5.16216e-08
-1.32931e-10
-5.76552e-09
5.16216e-08
-8.99592e-11
-3.5972e-09
3.73214e-08
-1.07026e-09
1.56138e-08
1.07714e-10
-1.00066e-09
1.92425e-08
8.46689e-18
1.54594e-10
-3.33668e-09
4.56628e-08
3.39401e-17
-5.30982e-09
6.3239e-08
-1.54594e-10
-5.30982e-09
6.3239e-08
-1.07714e-10
-3.33668e-09
4.56628e-08
-1.00066e-09
1.92425e-08
1.26252e-10
-9.0686e-10
2.34287e-08
1.00322e-17
1.74603e-10
-2.99287e-09
5.51468e-08
3.87204e-17
-4.71386e-09
7.64848e-08
-1.74603e-10
-4.71386e-09
7.64848e-08
-1.26252e-10
-2.99287e-09
5.51468e-08
-9.06862e-10
2.34287e-08
1.44073e-10
-7.81569e-10
2.79421e-08
1.1288e-17
1.8991e-10
-2.54659e-09
6.52053e-08
4.17001e-17
-3.95205e-09
9.05918e-08
-1.8991e-10
-3.95205e-09
9.05918e-08
-1.44073e-10
-2.54659e-09
6.52053e-08
-7.81571e-10
2.79421e-08
1.5727e-10
-6.17078e-10
3.21207e-08
1.0816e-17
1.94901e-10
-1.98347e-09
7.43205e-08
4.22294e-17
-3.01586e-09
1.03478e-07
-1.94901e-10
-3.01586e-09
1.03478e-07
-1.5727e-10
-1.98347e-09
7.43205e-08
-6.1708e-10
3.21207e-08
1.5843e-10
-4.09026e-10
3.43861e-08
1.32198e-17
1.80912e-10
-1.30477e-09
7.89822e-08
3.89511e-17
-1.9346e-09
1.10278e-07
-1.80912e-10
-1.9346e-09
1.10278e-07
-1.5843e-10
-1.30477e-09
7.89822e-08
-4.09026e-10
3.43861e-08
1.34763e-10
-1.7093e-10
3.12753e-08
1.74284e-17
1.35251e-10
-5.54688e-10
7.15454e-08
3.29636e-17
-8.04456e-10
1.00295e-07
-1.35251e-10
-8.04456e-10
1.00295e-07
-1.34763e-10
-5.54688e-10
7.15454e-08
-1.7093e-10
3.12753e-08
6.22347e-11
1.5537e-08
1.37996e-17
4.39877e-11
3.58274e-08
1.68483e-17
5.06068e-08
-4.39877e-11
5.06068e-08
-6.22347e-11
3.58274e-08
1.5537e-08
5.64294e-11
-1.15369e-09
1.54957e-08
-1.92791e-17
8.14132e-11
-2.81379e-09
3.71373e-08
8.40444e-17
-4.0842e-09
5.14634e-08
-8.14131e-11
-4.0842e-09
5.14634e-08
-5.64293e-11
-2.81379e-09
3.71373e-08
-1.15369e-09
1.54957e-08
6.66236e-11
-1.07029e-09
1.90925e-08
-2.55957e-17
9.50957e-11
-2.60116e-09
4.54217e-08
1.05049e-16
-3.76618e-09
6.30161e-08
-9.50955e-11
-3.76618e-09
6.30161e-08
-6.66234e-11
-2.60116e-09
4.54217e-08
-1.07029e-09
1.90925e-08
7.65775e-11
-9.57751e-10
2.32396e-08
-3.30122e-17
1.08192e-10
-2.31895e-09
5.48329e-08
1.30369e-16
-3.34756e-09
7.61744e-08
-1.08192e-10
-3.34756e-09
7.61744e-08
-7.65773e-11
-2.31894e-09
5.48329e-08
-9.5775e-10
2.32396e-08
8.48687e-11
-8.07624e-10
2.77071e-08
-4.18593e-17
1.18394e-10
-1.94849e-09
6.48013e-08
1.5913e-16
-2.80327e-09
9.01659e-08
-1.18393e-10
-2.80327e-09
9.01659e-08
-8.48685e-11
-1.94849e-09
6.48013e-08
-8.07624e-10
2.77071e-08
8.87287e-11
-6.13107e-10
3.18375e-08
-4.68958e-17
1.21787e-10
-1.47508e-09
7.3814e-08
1.87558e-16
-2.11461e-09
1.02911e-07
-1.21787e-10
-2.11461e-09
1.02911e-07
-8.87284e-11
-1.47507e-09
7.3814e-08
-6.13107e-10
3.18375e-08
8.37789e-11
-3.77337e-10
3.40665e-08
-5.17295e-17
1.12427e-10
-9.06421e-10
7.83849e-08
2.05619e-16
-1.29442e-09
1.09571e-07
-1.12426e-10
-1.29442e-09
1.09571e-07
-8.37785e-11
-9.06421e-10
7.83849e-08
-3.77337e-10
3.40665e-08
6.39782e-11
-1.35495e-10
3.09695e-08
-4.59648e-17
8.27584e-11
-3.25304e-10
7.09455e-08
1.89939e-16
-4.60793e-10
9.95438e-08
-8.2758e-11
-4.60793e-10
9.95438e-08
-6.39779e-11
-3.25304e-10
7.09455e-08
-1.35495e-10
3.09695e-08
2.31858e-11
1.53783e-08
-1.85181e-17
2.67896e-11
3.54985e-08
9.48231e-17
5.01728e-08
-2.67894e-11
5.01728e-08
-2.31856e-11
3.54985e-08
1.53783e-08
3.15261e-11
-5.75166e-10
1.54337e-08
8.03261e-18
4.65474e-11
-1.50812e-09
3.70387e-08
-3.09857e-17
-2.22468e-09
5.1382e-08
-4.65475e-11
-2.22468e-09
5.1382e-08
-3.15262e-11
-1.50812e-09
3.70387e-08
-5.75169e-10
1.54337e-08
3.69259e-11
-5.33786e-10
1.90142e-08
1.11451e-17
5.37482e-11
-1.39502e-09
4.52918e-08
-4.28679e-17
-2.0532e-09
6.28984e-08
-5.37484e-11
-2.0532e-09
6.28984e-08
-3.6926e-11
-1.39502e-09
4.52918e-08
-5.33788e-10
1.90142e-08
4.18067e-11
-4.77557e-10
2.31415e-08
1.46064e-17
6.00746e-11
-1.24297e-09
5.46626e-08
-6.10037e-17
-1.8246e-09
7.60059e-08
-6.00748e-11
-1.8246e-09
7.60059e-08
-4.18068e-11
-1.24297e-09
5.46626e-08
-4.7756e-10
2.31415e-08
4.541e-11
-4.0234e-10
2.75865e-08
1.89006e-17
6.41898e-11
-1.0418e-09
6.45813e-08
-8.73864e-17
-1.52443e-09
8.993e-08
-6.419e-11
-1.52443e-09
8.993e-08
-4.54101e-11
-1.0418e-09
6.45813e-08
-4.02341e-10
2.75865e-08
4.61928e-11
-3.05082e-10
3.1694e-08
1.96601e-17
6.38967e-11
-7.84742e-10
7.35393e-08
-1.233e-16
-1.14344e-09
1.02594e-07
-6.38971e-11
-1.14344e-09
1.02594e-07
-4.6193e-11
-7.84742e-10
7.35393e-08
-3.05084e-10
3.1694e-08
4.19998e-11
-1.87948e-10
3.39074e-08
2.34885e-17
5.62967e-11
-4.79281e-10
7.80651e-08
-1.64169e-16
-6.93604e-10
1.09177e-07
-5.62971e-11
-6.93604e-10
1.09177e-07
-4.20002e-11
-4.79281e-10
7.80651e-08
-1.87949e-10
3.39074e-08
3.04099e-11
-6.81538e-11
3.08193e-08
2.39356e-17
3.85691e-11
-1.71919e-10
7.063e-08
-1.87665e-16
-2.45134e-10
9.91339e-08
-3.85695e-11
-2.45135e-10
9.91339e-08
-3.04102e-11
-1.71919e-10
7.063e-08
-6.81537e-11
3.08193e-08
1.00459e-11
1.53001e-08
1.10857e-17
1.06134e-11
3.5326e-08
-1.24289e-16
4.99383e-08
-1.06137e-11
4.99383e-08
-1.00461e-11
3.5326e-08
1.53001e-08
1.91734e-11
-3.74861e-10
1.53956e-08
-4.4468e-17
2.80865e-11
-9.60582e-10
3.69799e-08
1.22577e-16
-1.39966e-09
5.13346e-08
-2.80863e-11
-1.39966e-09
5.13346e-08
-1.91732e-11
-9.60582e-10
3.69799e-08
-3.7486e-10
1.53956e-08
2.24062e-11
-3.48977e-10
1.89659e-08
-5.71175e-17
3.23063e-11
-8.92485e-10
4.52138e-08
1.56079e-16
-1.29736e-09
6.28284e-08
-3.23059e-11
-1.29736e-09
6.28284e-08
-2.2406e-11
-8.92485e-10
4.52138e-08
-3.48976e-10
1.89659e-08
2.53373e-11
-3.13555e-10
2.30808e-08
-7.18218e-17
3.59316e-11
-7.99931e-10
5.45595e-08
1.98454e-16
-1.15946e-09
7.59039e-08
-3.59312e-11
-1.15946e-09
7.59039e-08
-2.5337e-11
-7.99931e-10
5.45595e-08
-3.13554e-10
2.30808e-08
2.7493e-11
-2.65764e-10
2.75112e-08
-8.85951e-17
3.81351e-11
-6.76011e-10
6.44468e-08
2.49871e-16
-9.76293e-10
8.97849e-08
-3.81346e-11
-9.76293e-10
8.97849e-08
-2.74926e-11
-6.76011e-10
6.44468e-08
-2.65763e-10
2.75112e-08
2.79608e-11
-2.03294e-10
3.16036e-08
-1.00563e-16
3.76227e-11
-5.15459e-10
7.33691e-08
3.07788e-16
-7.4093e-10
1.02396e-07
-3.7622e-11
-7.4093e-10
1.02396e-07
-2.79603e-11
-5.15459e-10
7.33691e-08
-2.03293e-10
3.16036e-08
2.54682e-11
-1.26935e-10
3.38056e-08
-1.1008e-16
3.27599e-11
-3.21115e-10
7.78635e-08
3.5997e-16
-4.58604e-10
1.08928e-07
-3.27591e-11
-4.58604e-10
1.08928e-07
-2.54676e-11
-3.21115e-10
7.78635e-08
-1.26935e-10
3.38056e-08
1.85621e-11
-4.71601e-11
3.07209e-08
-1.00271e-16
2.20418e-11
-1.19719e-10
7.04251e-08
3.65221e-16
-1.6924e-10
9.88666e-08
-2.2041e-11
-1.6924e-10
9.88666e-08
-1.85615e-11
-1.19719e-10
7.04251e-08
-4.71603e-11
3.07209e-08
6.20955e-12
1.52467e-08
-4.61431e-17
5.57561e-12
3.52069e-08
2.12901e-16
4.97746e-08
-5.57523e-12
4.97746e-08
-6.20921e-12
3.52069e-08
1.52467e-08
1.19347e-11
-2.42039e-10
1.53712e-08
-1.02736e-17
1.72027e-11
-6.145e-10
3.69426e-08
-2.61456e-20
-8.90514e-10
5.13041e-08
-1.72027e-11
-8.90514e-10
5.13041e-08
-1.19347e-11
-6.145e-10
3.69426e-08
-2.42042e-10
1.53712e-08
1.39581e-11
-2.25039e-10
1.89349e-08
-1.08812e-17
1.98011e-11
-5.70615e-10
4.51641e-08
-4.09818e-18
-8.2573e-10
6.27834e-08
-1.98011e-11
-8.2573e-10
6.27834e-08
-1.39581e-11
-5.70615e-10
4.51641e-08
-2.25041e-10
1.89349e-08
1.57986e-11
-2.01848e-10
2.30418e-08
-1.12814e-17
2.20426e-11
-5.10982e-10
5.44936e-08
-1.32631e-17
-7.38114e-10
7.58383e-08
-2.20426e-11
-7.38114e-10
7.58383e-08
-1.57987e-11
-5.10982e-10
5.44936e-08
-2.0185e-10
2.30418e-08
1.71607e-11
-1.70658e-10
2.74629e-08
-1.05848e-17
2.34203e-11
-4.31143e-10
6.43607e-08
-3.04336e-17
-6.21349e-10
8.96916e-08
-2.34204e-11
-6.2135e-10
8.96916e-08
-1.71608e-11
-4.31144e-10
6.43607e-08
-1.7066e-10
2.74629e-08
1.74757e-11
-1.30034e-10
3.15455e-08
-1.26758e-17
2.31438e-11
-3.27729e-10
7.326e-08
-5.90911e-17
-4.70811e-10
1.02268e-07
-2.3144e-11
-4.70812e-10
1.02268e-07
-1.74759e-11
-3.27729e-10
7.326e-08
-1.30036e-10
3.15455e-08
1.5947e-11
-8.06315e-11
3.37402e-08
-8.5829e-18
2.02136e-11
-2.02761e-10
7.77342e-08
-9.9583e-17
-2.89858e-10
1.08767e-07
-2.02138e-11
-2.89858e-10
1.08767e-07
-1.59473e-11
-2.02762e-10
7.77342e-08
-8.06322e-11
3.37402e-08
1.16529e-11
-2.95253e-11
3.06582e-08
-2.37276e-18
1.36979e-11
-7.42846e-11
7.02946e-08
-1.36523e-16
-1.05154e-10
9.86956e-08
-1.36983e-11
-1.05154e-10
9.86956e-08
-1.16532e-11
-7.42847e-11
7.02946e-08
-2.95252e-11
3.06582e-08
3.92326e-12
1.52133e-08
1.25521e-19
3.58681e-12
3.5133e-08
-1.07933e-16
4.9673e-08
-3.58702e-12
4.9673e-08
-3.92346e-12
3.5133e-08
1.52133e-08
7.34459e-12
-1.44685e-10
1.53563e-08
-5.81797e-17
1.05404e-11
-3.73262e-10
3.69199e-08
1.72767e-16
-5.43725e-10
5.12857e-08
-1.054e-11
-5.43725e-10
5.12857e-08
-7.34437e-12
-3.73263e-10
3.69199e-08
-1.44684e-10
1.53563e-08
8.60598e-12
-1.34501e-10
1.89161e-08
-7.25643e-17
1.21493e-11
-3.46574e-10
4.51338e-08
2.1809e-16
-5.04227e-10
6.2756e-08
-1.21489e-11
-5.04227e-10
6.2756e-08
-8.60571e-12
-3.46575e-10
4.51338e-08
-1.345e-10
1.89161e-08
9.76101e-12
-1.20618e-10
2.30181e-08
-8.82297e-17
1.3546e-11
-3.10299e-10
5.44535e-08
2.73752e-16
-4.50738e-10
7.57984e-08
-1.35455e-11
-4.50739e-10
7.57984e-08
-9.76067e-12
-3.10299e-10
5.44535e-08
-1.20616e-10
2.30181e-08
1.06325e-11
-1.01959e-10
2.74336e-08
-1.04596e-16
1.44254e-11
-2.61738e-10
6.43083e-08
3.38155e-16
-3.79389e-10
8.96347e-08
-1.44248e-11
-3.79389e-10
8.96347e-08
-1.0632e-11
-2.61739e-10
6.43083e-08
-1.01958e-10
2.74336e-08
1.08693e-11
-7.76796e-11
3.15104e-08
-1.14167e-16
1.43021e-11
-1.98881e-10
7.31937e-08
4.07368e-16
-2.87375e-10
1.02191e-07
-1.43013e-11
-2.87375e-10
1.02191e-07
-1.08688e-11
-1.98882e-10
7.31937e-08
-7.76785e-11
3.15104e-08
9.9729e-12
-4.81816e-11
3.37008e-08
-1.19718e-16
1.25524e-11
-1.23025e-10
7.76558e-08
4.61887e-16
-1.76848e-10
1.08669e-07
-1.25515e-11
-1.76848e-10
1.08669e-07
-9.97229e-12
-1.23025e-10
7.76558e-08
-4.81813e-11
3.37008e-08
7.35281e-12
-1.76688e-11
3.06203e-08
-1.05332e-16
8.57419e-12
-4.51207e-11
7.02155e-08
4.53492e-16
-6.41748e-11
9.85915e-08
-8.57338e-12
-6.41749e-11
9.85915e-08
-7.35222e-12
-4.51208e-11
7.02155e-08
-1.7669e-11
3.06203e-08
2.53765e-12
1.51931e-08
-4.75424e-17
2.30462e-12
3.50881e-08
2.56975e-16
4.96112e-08
-2.3042e-12
4.96112e-08
-2.53734e-12
3.50881e-08
1.51931e-08
4.54467e-12
-8.93711e-11
1.53472e-08
4.25001e-17
6.50448e-12
-2.30452e-10
3.69059e-08
-5.33279e-17
-3.35715e-10
5.12743e-08
-6.50461e-12
-3.35715e-10
5.12743e-08
-4.54478e-12
-2.30452e-10
3.69059e-08
-8.93724e-11
1.53472e-08
5.32992e-12
-8.30992e-11
1.89045e-08
5.39402e-17
7.5061e-12
-2.14028e-10
4.51152e-08
-7.27161e-17
-3.11401e-10
6.27392e-08
-7.50626e-12
-3.11401e-10
6.27392e-08
-5.33006e-12
-2.14028e-10
4.51152e-08
-8.31006e-11
1.89045e-08
6.05373e-12
-7.45469e-11
2.30035e-08
6.74965e-17
8.38276e-12
-1.91701e-10
5.44289e-08
-1.01405e-16
-2.78468e-10
7.57738e-08
-8.38299e-12
-2.78468e-10
7.57738e-08
-6.05392e-12
-1.91701e-10
5.44289e-08
-7.45485e-11
2.30035e-08
6.60669e-12
-6.3049e-11
2.74155e-08
8.34083e-17
8.94697e-12
-1.61804e-10
6.42761e-08
-1.43252e-16
-2.34525e-10
8.95997e-08
-8.94729e-12
-2.34525e-10
8.95997e-08
-6.60695e-12
-1.61803e-10
6.42761e-08
-6.30501e-11
2.74155e-08
6.7714e-12
-4.80759e-11
3.14886e-08
9.5645e-17
8.8978e-12
-1.23078e-10
7.31528e-08
-2.01232e-16
-1.77825e-10
1.02143e-07
-8.89824e-12
-1.77825e-10
1.02143e-07
-6.77174e-12
-1.23077e-10
7.31528e-08
-4.80772e-11
3.14886e-08
6.23538e-12
-2.98598e-11
3.36763e-08
1.08775e-16
7.84276e-12
-7.62772e-11
7.76074e-08
-2.72449e-16
-1.09639e-10
1.08609e-07
-7.84333e-12
-1.09639e-10
1.08609e-07
-6.23582e-12
-7.62773e-11
7.76074e-08
-2.98603e-11
3.36763e-08
4.62201e-12
-1.09768e-11
3.05968e-08
1.07056e-16
5.39111e-12
-2.80817e-11
7.01665e-08
-3.19601e-16
-3.99508e-11
9.85272e-08
-5.39175e-12
-3.99508e-11
9.85272e-08
-4.62249e-12
-2.80817e-11
7.01665e-08
-1.09767e-11
3.05968e-08
1.61273e-12
1.51805e-08
5.74444e-17
1.46975e-12
3.50601e-08
-2.21028e-16
4.95727e-08
-1.47015e-12
4.95727e-08
-1.61302e-12
3.50601e-08
1.51805e-08
2.81003e-12
-5.53503e-11
1.53415e-08
-1.87583e-17
4.01685e-12
-1.42515e-10
3.68972e-08
6.96382e-17
-2.07515e-10
5.12673e-08
-4.01671e-12
-2.07515e-10
5.12673e-08
-2.80995e-12
-1.42514e-10
3.68972e-08
-5.53485e-11
1.53415e-08
3.2959e-12
-5.14592e-11
1.88973e-08
-2.48416e-17
4.63693e-12
-1.32338e-10
4.51037e-08
9.12573e-17
-1.92462e-10
6.27288e-08
-4.63675e-12
-1.92462e-10
6.27288e-08
-3.29579e-12
-1.32338e-10
4.51037e-08
-5.14574e-11
1.88973e-08
3.74397e-12
-4.61553e-11
2.29945e-08
-3.14109e-17
5.18084e-12
-1.18511e-10
5.44136e-08
1.19511e-16
-1.72081e-10
7.57586e-08
-5.1806e-12
-1.72081e-10
7.57586e-08
-3.74382e-12
-1.1851e-10
5.44136e-08
-4.61534e-11
2.29945e-08
4.08649e-12
-3.90268e-11
2.74042e-08
-3.88467e-17
5.53272e-12
-1.00002e-10
6.42561e-08
1.55039e-16
-1.44896e-10
8.9578e-08
-5.53241e-12
-1.44895e-10
8.9578e-08
-4.08629e-12
-1.00002e-10
6.42561e-08
-3.90255e-11
2.74042e-08
4.18887e-12
-2.97472e-11
3.14752e-08
-4.20329e-17
5.50631e-12
-7.60366e-11
7.31275e-08
1.97432e-16
-1.09828e-10
1.02113e-07
-5.50592e-12
-1.09828e-10
1.02113e-07
-4.18861e-12
-7.60364e-11
7.31275e-08
-2.97458e-11
3.14752e-08
3.85754e-12
-1.84634e-11
3.36612e-08
-4.72719e-17
4.85785e-12
-4.70872e-11
7.75774e-08
2.40888e-16
-6.76679e-11
1.08571e-07
-4.85737e-12
-6.76679e-11
1.08571e-07
-3.8572e-12
-4.7087e-11
7.75774e-08
-1.84629e-11
3.36612e-08
2.85903e-12
-6.77758e-12
3.05823e-08
-4.59903e-17
3.34357e-12
-1.73037e-11
7.01363e-08
2.6072e-16
-2.46115e-11
9.84875e-08
-3.34308e-12
-2.46115e-11
9.84875e-08
-2.85867e-12
-1.73036e-11
7.01363e-08
-6.77774e-12
3.05823e-08
9.96814e-13
1.51727e-08
-2.34677e-17
9.15278e-13
3.50429e-08
1.70235e-16
4.9549e-08
-9.15001e-13
4.9549e-08
-9.96599e-13
3.50429e-08
1.51727e-08
1.73392e-12
-3.40779e-11
1.5338e-08
-6.25324e-18
2.47978e-12
-8.78182e-11
3.68919e-08
3.37497e-17
-1.27922e-10
5.12629e-08
-2.47974e-12
-1.27923e-10
5.12629e-08
-1.73391e-12
-8.78185e-11
3.68919e-08
-3.408e-11
1.5338e-08
2.03356e-12
-3.16824e-11
1.88929e-08
-7.77917e-18
2.8623e-12
-8.15447e-11
4.50966e-08
4.23231e-17
-1.18635e-10
6.27224e-08
-2.86225e-12
-1.18635e-10
6.27224e-08
-2.03354e-12
-8.15449e-11
4.50966e-08
-3.16847e-11
1.88929e-08
2.30966e-12
-2.8417e-11
2.29889e-08
-9.99639e-18
3.19754e-12
-7.3021e-11
5.44042e-08
5.07066e-17
-1.06063e-10
7.57492e-08
-3.19749e-12
-1.06064e-10
7.57492e-08
-2.30965e-12
-7.30213e-11
5.44042e-08
-2.84194e-11
2.29889e-08
2.52046e-12
-2.40283e-11
2.73973e-08
-1.26158e-17
3.41398e-12
-6.1613e-11
6.42438e-08
5.72879e-17
-8.92981e-11
8.95647e-08
-3.41393e-12
-8.92982e-11
8.95647e-08
-2.52046e-12
-6.16133e-11
6.42438e-08
-2.403e-11
2.73973e-08
2.58289e-12
-1.83152e-11
3.14669e-08
-1.94454e-17
3.39662e-12
-4.68444e-11
7.3112e-08
5.82931e-17
-6.76777e-11
1.02095e-07
-3.39659e-12
-6.76777e-11
1.02095e-07
-2.58292e-12
-4.68446e-11
7.3112e-08
-1.8317e-11
3.14669e-08
2.37767e-12
-1.13685e-11
3.36518e-08
-1.98682e-17
2.99519e-12
-2.90082e-11
7.7559e-08
4.83913e-17
-4.16934e-11
1.08548e-07
-2.99519e-12
-4.16934e-11
1.08548e-07
-2.37775e-12
-2.90085e-11
7.7559e-08
-1.13693e-11
3.36518e-08
1.76124e-12
-4.17403e-12
3.05733e-08
-1.46151e-17
2.05991e-12
-1.06611e-11
7.01176e-08
2.50333e-17
-1.51646e-11
9.8463e-08
-2.05995e-12
-1.51646e-11
9.8463e-08
-1.76136e-12
-1.06613e-11
7.01176e-08
-4.17408e-12
3.05733e-08
6.13458e-13
1.51679e-08
-5.76871e-18
5.62702e-13
3.50323e-08
-6.40363e-18
4.95344e-08
-5.62743e-13
4.95344e-08
-6.13532e-13
3.50323e-08
1.51679e-08
1.07127e-12
-2.107e-11
1.53359e-08
-5.75313e-17
1.53268e-12
-5.42729e-11
3.68886e-08
1.43595e-16
-7.90555e-11
5.12602e-08
-1.53241e-12
-7.90554e-11
5.12602e-08
-1.07109e-12
-5.4273e-11
3.68886e-08
-2.10686e-11
1.53359e-08
1.25626e-12
-1.95897e-11
1.88902e-08
-7.24397e-17
1.76893e-12
-5.03966e-11
4.50922e-08
1.8328e-16
-7.33157e-11
6.27184e-08
-1.76858e-12
-7.33156e-11
6.27184e-08
-1.25604e-12
-5.03967e-11
4.50922e-08
-1.95881e-11
1.88902e-08
1.42668e-12
-1.75715e-11
2.29855e-08
-8.90493e-17
1.97589e-12
-4.51301e-11
5.43984e-08
2.32106e-16
-6.55467e-11
7.57435e-08
-1.97544e-12
-6.55466e-11
7.57435e-08
-1.42639e-12
-4.51302e-11
5.43984e-08
-1.75697e-11
2.29855e-08
1.55668e-12
-1.48587e-11
2.73931e-08
-1.06904e-16
2.1093e-12
-3.80815e-11
6.42362e-08
2.88539e-16
-5.51871e-11
8.95564e-08
-2.10875e-12
-5.51871e-11
8.95564e-08
-1.55631e-12
-3.80814e-11
6.42362e-08
-1.48575e-11
2.73931e-08
1.59496e-12
-1.13269e-11
3.14617e-08
-1.18348e-16
2.09816e-12
-2.8956e-11
7.31023e-08
3.46647e-16
-4.18284e-11
1.02084e-07
-2.09749e-12
-4.18284e-11
1.02084e-07
-1.59452e-12
-2.8956e-11
7.31023e-08
-1.13255e-11
3.14617e-08
1.46791e-12
-7.0318e-12
3.36461e-08
-1.258e-16
1.84973e-12
-1.79339e-11
7.75476e-08
3.90513e-16
-2.5773e-11
1.08534e-07
-1.84899e-12
-2.57731e-11
1.08534e-07
-1.46739e-12
-1.79338e-11
7.75476e-08
-7.03137e-12
3.36461e-08
1.087e-12
-2.58246e-12
3.05678e-08
-1.12426e-16
1.27173e-12
-6.59341e-12
7.01061e-08
3.75102e-16
-9.37791e-12
9.84479e-08
-1.27103e-12
-9.37798e-12
9.84479e-08
-1.08649e-12
-6.59342e-12
7.01061e-08
-2.58264e-12
3.05678e-08
3.78293e-13
1.5165e-08
-5.16783e-17
3.47091e-13
3.50257e-08
2.02968e-16
4.95254e-08
-3.46755e-13
4.95254e-08
-3.78021e-13
3.50257e-08
1.5165e-08
6.62298e-13
-1.30357e-11
1.53345e-08
-1.11991e-17
9.47842e-13
-3.35714e-11
3.68866e-08
4.16044e-17
-4.89021e-11
5.12586e-08
-9.47787e-13
-4.89023e-11
5.12586e-08
-6.62275e-13
-3.35718e-11
3.68866e-08
-1.30378e-11
1.53346e-08
7.76622e-13
-1.21196e-11
1.88885e-08
-1.29128e-17
1.09387e-12
-3.1173e-11
4.50895e-08
4.86079e-17
-4.53506e-11
6.2716e-08
-1.09381e-12
-4.53508e-11
6.2716e-08
-7.76598e-13
-3.11734e-11
4.50895e-08
-1.21218e-11
1.88885e-08
8.81896e-13
-1.08708e-11
2.29833e-08
-1.50339e-17
1.22175e-12
-2.79147e-11
5.43948e-08
5.27673e-17
-4.05439e-11
7.57399e-08
-1.22169e-12
-4.0544e-11
7.57399e-08
-8.81877e-13
-2.7915e-11
5.43948e-08
-1.08731e-11
2.29833e-08
9.62141e-13
-9.1922e-12
2.73904e-08
-1.67915e-17
1.30411e-12
-2.3554e-11
6.42315e-08
5.06411e-17
-3.41348e-11
8.95513e-08
-1.30408e-12
-3.41349e-11
8.95513e-08
-9.62147e-13
-2.35543e-11
6.42315e-08
-9.19386e-12
2.73904e-08
9.85653e-13
-7.00695e-12
3.14586e-08
-2.20264e-17
1.29706e-12
-1.79087e-11
7.30964e-08
3.70494e-17
-2.58708e-11
1.02077e-07
-1.29706e-12
-2.58708e-11
1.02077e-07
-9.85693e-13
-1.7909e-11
7.30964e-08
-7.00869e-12
3.14586e-08
9.06952e-13
-4.34953e-12
3.36425e-08
-1.9367e-17
1.1433e-12
-1.10906e-11
7.75405e-08
6.4662e-18
-1.59391e-11
1.08525e-07
-1.14337e-12
-1.59391e-11
1.08525e-07
-9.0706e-13
-1.10909e-11
7.75405e-08
-4.35029e-12
3.36425e-08
6.71402e-13
-1.5971e-12
3.05644e-08
-1.05983e-17
7.85911e-13
-4.07656e-12
7.0099e-08
-3.56019e-17
-5.79849e-12
9.84385e-08
-7.86048e-13
-5.79849e-12
9.84385e-08
-6.71563e-13
-4.07666e-12
7.0099e-08
-1.59713e-12
3.05644e-08
2.33506e-13
1.51631e-08
-1.67001e-18
2.14478e-13
3.50217e-08
-5.30068e-17
4.95198e-08
-2.14591e-13
4.95198e-08
-2.33616e-13
3.50217e-08
1.51631e-08
4.09843e-13
-8.06167e-12
1.53337e-08
-6.98228e-17
5.86618e-13
-2.07667e-11
3.68853e-08
1.65427e-16
-3.02541e-11
5.12576e-08
-5.86302e-13
-3.02541e-11
5.12576e-08
-4.09637e-13
-2.0767e-11
3.68853e-08
-8.06014e-12
1.53337e-08
4.80597e-13
-7.49515e-12
1.88874e-08
-8.72695e-17
6.76999e-13
-1.9283e-11
4.50878e-08
2.0866e-16
-2.80566e-11
6.27145e-08
-6.76598e-13
-2.80566e-11
6.27145e-08
-4.80338e-13
-1.92832e-11
4.50878e-08
-7.49348e-12
1.88874e-08
5.45755e-13
-6.72285e-12
2.2982e-08
-1.06714e-16
7.56157e-13
-1.72673e-11
5.43926e-08
2.60939e-16
-2.50826e-11
7.57377e-08
-7.55654e-13
-2.50826e-11
7.57377e-08
-5.45433e-13
-1.72674e-11
5.43926e-08
-6.721e-12
2.2982e-08
5.95435e-13
-5.68479e-12
2.73888e-08
-1.27547e-16
8.07158e-13
-1.45697e-11
6.42286e-08
3.20337e-16
-2.11173e-11
8.95482e-08
-8.06539e-13
-2.11173e-11
8.95482e-08
-5.95026e-13
-1.45697e-11
6.42286e-08
-5.6835e-12
2.73888e-08
6.10019e-13
-4.33335e-12
3.14566e-08
-1.41245e-16
8.02843e-13
-1.10776e-11
7.30927e-08
3.80666e-16
-1.60046e-11
1.02073e-07
-8.02103e-13
-1.60046e-11
1.02073e-07
-6.09528e-13
-1.10776e-11
7.30927e-08
-4.33189e-12
3.14566e-08
5.61359e-13
-2.69e-12
3.36403e-08
-1.49845e-16
7.07768e-13
-6.86013e-12
7.75362e-08
4.24996e-16
-9.8604e-12
1.0852e-07
-7.06951e-13
-9.86049e-12
1.0852e-07
-5.60784e-13
-6.86006e-12
7.75362e-08
-2.6895e-12
3.36403e-08
4.15627e-13
-9.87785e-13
3.05622e-08
-1.33815e-16
4.86675e-13
-2.5216e-12
7.00945e-08
4.08494e-16
-3.58718e-12
9.84327e-08
-4.8591e-13
-3.58725e-12
9.84327e-08
-4.15061e-13
-2.52162e-12
7.00945e-08
-9.87944e-13
3.05622e-08
1.44599e-13
1.5162e-08
-6.19941e-17
1.32987e-13
3.50192e-08
2.22659e-16
4.95163e-08
-1.3261e-13
4.95163e-08
-1.44303e-13
3.50192e-08
1.5162e-08
2.53593e-13
-4.99035e-12
1.53332e-08
3.17366e-18
3.63057e-13
-1.28545e-11
3.68845e-08
3.52642e-17
-1.87278e-11
5.12569e-08
-3.63019e-13
-1.87279e-11
5.12569e-08
-2.5359e-13
-1.28547e-11
3.68845e-08
-4.99209e-12
1.53332e-08
2.97367e-13
-4.63965e-12
1.88868e-08
5.48181e-18
4.18986e-13
-1.19361e-11
4.50868e-08
3.88199e-17
-1.73675e-11
6.27135e-08
-4.18951e-13
-1.73676e-11
6.27135e-08
-2.97369e-13
-1.19363e-11
4.50868e-08
-4.64144e-12
1.88868e-08
3.37673e-13
-4.16154e-12
2.29812e-08
8.06247e-18
4.67965e-13
-1.06884e-11
5.43912e-08
3.78463e-17
-1.55265e-11
7.57363e-08
-4.67942e-13
-1.55266e-11
7.57363e-08
-3.37689e-13
-1.06886e-11
5.43912e-08
-4.16346e-12
2.29812e-08
3.68396e-13
-3.51893e-12
2.73878e-08
1.17632e-17
4.99511e-13
-9.01859e-12
6.42268e-08
2.82168e-17
-1.30719e-11
8.95462e-08
-4.99519e-13
-1.3072e-11
8.95462e-08
-3.68447e-13
-9.01883e-12
6.42268e-08
-3.52026e-12
2.73878e-08
3.77396e-13
-2.68239e-12
3.14554e-08
1.16918e-17
4.96813e-13
-6.85704e-12
7.30904e-08
4.53974e-18
-9.90711e-12
1.0207e-07
-4.96881e-13
-9.90715e-12
1.0207e-07
-3.77493e-13
-6.85718e-12
7.30904e-08
-2.68388e-12
3.14554e-08
3.47264e-13
-1.66507e-12
3.36389e-08
1.85225e-17
4.37936e-13
-4.24649e-12
7.75335e-08
-3.77441e-17
-6.10382e-12
1.08516e-07
-4.38084e-13
-6.10383e-12
1.08516e-07
-3.47438e-13
-4.24672e-12
7.75335e-08
-1.66568e-12
3.36389e-08
2.57081e-13
-6.11418e-13
3.05609e-08
2.57008e-17
3.01073e-13
-1.56094e-12
7.00918e-08
-8.90343e-17
-2.22061e-12
9.84292e-08
-3.01302e-13
-2.22061e-12
9.84292e-08
-2.57311e-13
-1.56102e-12
7.00918e-08
-6.1138e-13
3.05609e-08
8.94226e-14
1.51613e-08
1.76313e-17
8.22075e-14
3.50176e-08
-9.09331e-17
4.95142e-08
-8.23812e-14
4.95142e-08
-8.95744e-14
3.50176e-08
1.51613e-08
1.57092e-13
-3.08888e-12
1.53329e-08
-4.17342e-17
2.24865e-13
-7.95778e-12
3.6884e-08
1.0297e-16
-1.15941e-11
5.12565e-08
-2.24664e-13
-1.1594e-11
5.12565e-08
-1.56965e-13
-7.95767e-12
3.6884e-08
-3.08683e-12
1.53329e-08
1.84218e-13
-2.87181e-12
1.88864e-08
-5.23165e-17
2.59517e-13
-7.38919e-12
4.50861e-08
1.28827e-16
-1.07519e-11
6.27129e-08
-2.59262e-13
-1.07518e-11
6.27129e-08
-1.84058e-13
-7.38904e-12
4.50861e-08
-2.86966e-12
1.88864e-08
2.09202e-13
-2.5759e-12
2.29807e-08
-6.37887e-17
2.89873e-13
-6.61677e-12
5.43903e-08
1.59453e-16
-9.61219e-12
7.57354e-08
-2.89553e-13
-9.61208e-12
7.57354e-08
-2.09002e-13
-6.61656e-12
5.43903e-08
-2.57362e-12
2.29807e-08
2.28258e-13
-2.17818e-12
2.73872e-08
-7.60612e-17
3.09443e-13
-5.58304e-12
6.42257e-08
1.93467e-16
-8.09259e-12
8.9545e-08
-3.09051e-13
-8.09251e-12
8.9545e-08
-2.27998e-13
-5.58277e-12
6.42257e-08
-2.17653e-12
2.73872e-08
2.33868e-13
-1.66036e-12
3.14546e-08
-8.1829e-17
3.07817e-13
-4.24489e-12
7.3089e-08
2.26498e-16
-6.1333e-12
1.02068e-07
-3.0735e-13
-6.13326e-12
1.02068e-07
-2.33551e-13
-4.24471e-12
7.3089e-08
-1.65861e-12
3.14546e-08
2.15236e-13
-1.03075e-12
3.36381e-08
-8.72682e-17
2.71406e-13
-2.62883e-12
7.75318e-08
2.49453e-16
-3.77881e-12
1.08514e-07
-2.70894e-13
-3.77882e-12
1.08514e-07
-2.14851e-13
-2.6286e-12
7.75318e-08
-1.03007e-12
3.36381e-08
1.59387e-13
-3.78525e-13
3.05601e-08
-7.93925e-17
1.86679e-13
-9.66334e-13
7.00901e-08
2.35792e-16
-1.3748e-12
9.84269e-08
-1.86205e-13
-1.37484e-12
9.84269e-08
-1.58998e-13
-9.6628e-13
7.00901e-08
-3.78619e-13
3.05601e-08
5.54713e-14
1.51609e-08
-3.72586e-17
5.10632e-14
3.50167e-08
1.27528e-16
4.95129e-08
-5.08399e-14
4.95129e-08
-5.52659e-14
3.50167e-08
1.51609e-08
9.71853e-14
-1.91287e-12
1.53327e-08
1.39204e-17
1.39152e-13
-4.92756e-12
3.68837e-08
-2.75915e-17
-7.17928e-12
5.12563e-08
-1.39222e-13
-7.17933e-12
5.12563e-08
-9.72471e-14
-4.92757e-12
3.68837e-08
-1.9143e-12
1.53327e-08
1.13958e-13
-1.77841e-12
1.88861e-08
1.85952e-17
1.60584e-13
-4.57549e-12
4.50857e-08
-3.95736e-17
-6.65778e-12
6.27126e-08
-1.60684e-13
-6.65783e-12
6.27126e-08
-1.14041e-13
-4.57549e-12
4.50857e-08
-1.77993e-12
1.88861e-08
1.29401e-13
-1.59513e-12
2.29804e-08
2.36284e-17
1.7935e-13
-4.09718e-12
5.43898e-08
-5.8303e-17
-5.95201e-12
7.57349e-08
-1.79492e-13
-5.95203e-12
7.57349e-08
-1.29513e-13
-4.09721e-12
5.43898e-08
-1.5968e-12
2.29804e-08
1.41168e-13
-1.34877e-12
2.73868e-08
2.96398e-17
1.9143e-13
-3.45708e-12
6.4225e-08
-8.64845e-17
-5.01103e-12
8.95442e-08
-1.91633e-13
-5.01104e-12
8.95442e-08
-1.41332e-13
-3.45715e-12
6.4225e-08
-1.34988e-12
2.73868e-08
1.44608e-13
-1.02812e-12
3.14542e-08
3.06596e-17
1.9038e-13
-2.62848e-12
7.30881e-08
-1.2577e-16
-3.79778e-12
1.02067e-07
-1.90666e-13
-3.79776e-12
1.02067e-07
-1.44828e-13
-2.62848e-12
7.30881e-08
-1.02947e-12
3.14542e-08
1.3305e-13
-6.38155e-13
3.36376e-08
3.6643e-17
1.67794e-13
-1.62778e-12
7.75308e-08
-1.73065e-16
-2.3398e-12
1.08513e-07
-1.68164e-13
-2.33977e-12
1.08513e-07
-1.3335e-13
-1.6279e-12
7.75308e-08
-6.38694e-13
3.36376e-08
9.84853e-14
-2.34334e-13
3.05596e-08
3.89238e-17
1.15323e-13
-5.98337e-13
7.00891e-08
-2.03312e-16
-8.5121e-13
9.84256e-08
-1.15736e-13
-8.51191e-13
9.84256e-08
-9.88191e-14
-5.98373e-13
7.00891e-08
-2.34267e-13
3.05596e-08
3.42522e-14
1.51606e-08
2.0955e-17
3.14571e-14
3.50161e-08
-1.3984e-16
4.9512e-08
-3.17066e-14
4.9512e-08
-3.44469e-14
3.50161e-08
1.51606e-08
6.02574e-14
-1.18388e-12
1.53326e-08
-3.08809e-17
8.62415e-14
-3.05066e-12
3.68835e-08
5.92562e-17
-4.44485e-12
5.12561e-08
-8.61162e-14
-4.44463e-12
5.12561e-08
-6.01787e-14
-3.05037e-12
3.68835e-08
-1.18154e-12
1.53326e-08
7.06646e-14
-1.10068e-12
1.8886e-08
-3.88635e-17
9.95345e-14
-2.83268e-12
4.50855e-08
7.58711e-17
-4.12197e-12
6.27123e-08
-9.93709e-14
-4.12177e-12
6.27123e-08
-7.05636e-14
-2.83236e-12
4.50855e-08
-1.09826e-12
1.8886e-08
8.02524e-14
-9.87279e-13
2.29802e-08
-4.7373e-17
1.11181e-13
-2.53658e-12
5.43895e-08
9.69354e-17
-3.68503e-12
7.57346e-08
-1.10969e-13
-3.68487e-12
7.57346e-08
-8.01216e-14
-2.53623e-12
5.43895e-08
-9.84742e-13
2.29802e-08
8.75684e-14
-8.3485e-13
2.73865e-08
-5.66595e-17
1.18694e-13
-2.1403e-12
6.42246e-08
1.22359e-16
-3.10247e-12
8.95438e-08
-1.18423e-13
-3.10234e-12
8.95438e-08
-8.73877e-14
-2.13991e-12
6.42246e-08
-8.3301e-13
2.73865e-08
8.97298e-14
-6.36376e-13
3.14539e-08
-5.99139e-17
1.18081e-13
-1.62732e-12
7.30876e-08
1.50737e-16
-2.35135e-12
1.02067e-07
-1.17741e-13
-2.35127e-12
1.02067e-07
-8.94978e-14
-1.62705e-12
7.30876e-08
-6.34458e-13
3.14539e-08
8.25927e-14
-3.95113e-13
3.36373e-08
-6.47897e-17
1.04129e-13
-1.00783e-12
7.75301e-08
1.76643e-16
-1.44875e-12
1.08512e-07
-1.03738e-13
-1.44874e-12
1.08512e-07
-8.22882e-14
-1.00753e-12
7.75301e-08
-3.9435e-13
3.36373e-08
6.11742e-14
-1.45128e-13
3.05593e-08
-6.05778e-17
7.16435e-14
-3.70507e-13
7.00884e-08
1.80502e-16
-5.27144e-13
9.84247e-08
-7.12616e-14
-5.27166e-13
9.84247e-08
-6.08471e-14
-3.70432e-13
7.00884e-08
-1.45196e-13
3.05593e-08
2.12999e-14
1.51604e-08
-2.86494e-17
1.96168e-14
3.50157e-08
1.08754e-16
4.95115e-08
-1.94268e-14
4.95115e-08
-2.11167e-14
3.50157e-08
1.51604e-08
3.71887e-14
-7.33718e-13
1.53325e-08
4.31678e-17
5.32751e-14
-1.88956e-12
3.68834e-08
-9.91935e-17
-2.75293e-12
5.1256e-08
-5.34742e-14
-2.7528e-12
5.1256e-08
-3.73422e-14
-1.88912e-12
3.68834e-08
-7.34364e-13
1.53325e-08
4.36009e-14
-6.8212e-13
1.88859e-08
5.48214e-17
6.14713e-14
-1.75458e-12
4.50853e-08
-1.27391e-16
-2.55299e-12
6.27122e-08
-6.17275e-14
-2.55286e-12
6.27122e-08
-4.37956e-14
-1.75415e-12
4.50853e-08
-6.82917e-13
1.88859e-08
4.94996e-14
-6.11792e-13
2.29801e-08
6.79236e-17
6.8639e-14
-1.5712e-12
5.43893e-08
-1.64281e-16
-2.28239e-12
7.57344e-08
-6.89692e-14
-2.28225e-12
7.57344e-08
-4.97464e-14
-1.57085e-12
5.43893e-08
-6.12832e-13
2.29801e-08
5.39862e-14
-5.17265e-13
2.73864e-08
8.27439e-17
7.32374e-14
-1.32576e-12
6.42243e-08
-2.11325e-16
-1.92158e-12
8.95435e-08
-7.36607e-14
-1.92145e-12
8.95435e-08
-5.43083e-14
-1.32549e-12
6.42243e-08
-5.17805e-13
2.73864e-08
5.52791e-14
-3.94278e-13
3.14537e-08
9.15255e-17
7.27974e-14
-1.00803e-12
7.30873e-08
-2.67481e-16
-1.45635e-12
1.02066e-07
-7.3332e-14
-1.45623e-12
1.02066e-07
-5.56764e-14
-1.00776e-12
7.30873e-08
-3.95255e-13
3.14537e-08
5.08314e-14
-2.44712e-13
3.36371e-08
1.01397e-16
6.4104e-14
-6.24313e-13
7.75297e-08
-3.2416e-16
-8.97315e-13
1.08512e-07
-6.47364e-14
-8.9721e-13
1.08512e-07
-5.13137e-14
-6.24282e-13
7.75297e-08
-2.45079e-13
3.36371e-08
3.75941e-14
-8.98845e-14
3.05591e-08
9.61963e-17
4.39814e-14
-2.29546e-13
7.0088e-08
-3.42781e-16
-3.26495e-13
9.84242e-08
-4.46338e-14
-3.26444e-13
9.84242e-08
-3.80873e-14
-2.29522e-13
7.0088e-08
-8.97916e-14
3.05591e-08
1.30543e-14
1.51603e-08
4.78737e-17
1.19208e-14
3.50155e-08
-2.10349e-16
4.95112e-08
-1.22958e-14
4.95112e-08
-1.33239e-14
3.50155e-08
1.51603e-08
2.30447e-14
-4.53706e-13
1.53325e-08
1.33561e-17
3.29923e-14
-1.16927e-12
3.68834e-08
-5.22465e-17
-1.70371e-12
5.1256e-08
-3.30661e-14
-1.70326e-12
5.1256e-08
-2.31115e-14
-1.16848e-12
3.68834e-08
-4.50659e-13
1.53325e-08
2.70224e-14
-4.218e-13
1.88858e-08
1.59706e-17
3.80721e-14
-1.08575e-12
4.50852e-08
-6.03687e-17
-1.57996e-12
6.27121e-08
-3.81506e-14
-1.57954e-12
6.27121e-08
-2.70979e-14
-1.08495e-12
4.50852e-08
-4.18793e-13
1.88858e-08
3.06852e-14
-3.78333e-13
2.298e-08
1.93517e-17
4.25184e-14
-9.72304e-13
5.43892e-08
-6.6114e-17
-1.41251e-12
7.57342e-08
-4.25956e-14
-1.41215e-12
7.57342e-08
-3.07643e-14
-9.71523e-13
5.43892e-08
-3.75339e-13
2.298e-08
3.34778e-14
-3.19905e-13
2.73863e-08
2.23092e-17
4.53801e-14
-8.20437e-13
6.42242e-08
-6.68919e-17
-1.18923e-12
8.95433e-08
-4.54446e-14
-1.18894e-12
8.95433e-08
-3.35387e-14
-8.19667e-13
6.42242e-08
-3.17802e-13
2.73863e-08
3.42989e-14
-2.43825e-13
3.14536e-08
2.84887e-17
4.51305e-14
-6.23833e-13
7.3087e-08
-5.81451e-17
-9.01335e-13
1.02066e-07
-4.51618e-14
-9.01139e-13
1.02066e-07
-3.43339e-14
-6.23288e-13
7.3087e-08
-2.41711e-13
3.14536e-08
3.15646e-14
-1.5145e-13
3.36369e-08
2.64658e-17
3.97799e-14
-3.86453e-13
7.75295e-08
-3.36324e-17
-5.55424e-13
1.08511e-07
-3.97649e-14
-5.55366e-13
1.08511e-07
-3.15259e-14
-3.85961e-13
7.75295e-08
-1.50634e-13
3.36369e-08
2.33778e-14
-5.56936e-14
3.0559e-08
1.75228e-17
2.7352e-14
-1.42167e-13
7.00878e-08
5.93972e-18
-2.02194e-13
9.84239e-08
-2.72817e-14
-2.02194e-13
9.84239e-08
-2.32628e-14
-1.42008e-13
7.00878e-08
-5.5775e-14
3.0559e-08
8.14434e-15
1.51603e-08
5.93202e-18
7.47354e-15
3.50153e-08
3.97289e-17
4.9511e-08
-7.41779e-15
4.9511e-08
-8.0386e-15
3.50153e-08
1.51603e-08
1.41449e-14
-2.80805e-13
1.53324e-08
8.41494e-17
2.03674e-14
-7.23478e-13
3.68833e-08
-3.81266e-17
-1.05443e-12
5.12559e-08
-2.0411e-14
-1.05397e-12
5.12559e-08
-1.42651e-14
-7.23056e-13
3.68833e-08
-2.77389e-13
1.53324e-08
1.65796e-14
-2.60959e-13
1.88858e-08
1.05851e-16
2.3501e-14
-6.71749e-13
4.50852e-08
-4.07042e-17
-9.77765e-13
6.27121e-08
-2.35385e-14
-9.77313e-13
6.27121e-08
-1.67211e-14
-6.71176e-13
4.50852e-08
-2.57502e-13
1.88858e-08
1.88159e-14
-2.33984e-13
2.29799e-08
1.31126e-16
2.62417e-14
-6.01525e-13
5.43891e-08
-3.82905e-17
-8.74053e-13
7.57342e-08
-2.62619e-14
-8.73631e-13
7.57342e-08
-1.8975e-14
-6.00888e-13
5.43891e-08
-2.30554e-13
2.29799e-08
2.0512e-14
-1.97732e-13
2.73862e-08
1.58736e-16
2.80031e-14
-5.07523e-13
6.42241e-08
-2.75991e-17
-7.35795e-13
8.95432e-08
-2.79884e-14
-7.35425e-13
8.95432e-08
-2.0671e-14
-5.06752e-13
6.42241e-08
-1.94884e-13
2.73862e-08
2.09923e-14
-1.50647e-13
3.14535e-08
1.79965e-16
2.78435e-14
-3.85875e-13
7.30869e-08
-4.57622e-18
-5.57574e-13
1.02066e-07
-2.77688e-14
-5.5731e-13
1.02066e-07
-2.11302e-14
-3.85177e-13
7.30869e-08
-1.48257e-13
3.14535e-08
1.92954e-14
-9.3471e-14
3.36369e-08
1.92362e-16
2.45378e-14
-2.38995e-13
7.75293e-08
3.02291e-17
-3.43473e-13
1.08511e-07
-2.4394e-14
-3.43349e-13
1.08511e-07
-1.93563e-14
-2.38449e-13
7.75293e-08
-9.26375e-14
3.36369e-08
1.4278e-14
-3.43672e-14
3.05589e-08
1.71796e-16
1.68685e-14
-8.78862e-14
7.00876e-08
6.29991e-17
-1.24933e-13
9.84237e-08
-1.66939e-14
-1.24942e-13
9.84237e-08
-1.42437e-14
-8.77308e-14
7.00876e-08
-3.45017e-14
3.05589e-08
4.98618e-15
1.51602e-08
8.12165e-17
4.60604e-15
3.50152e-08
5.24941e-17
4.95109e-08
-4.53464e-15
4.95109e-08
-4.90542e-15
3.50152e-08
1.51602e-08
9.02382e-15
-1.76026e-13
1.53324e-08
-2.66512e-17
1.2875e-14
-4.49375e-13
3.68833e-08
1.79383e-16
-6.54596e-13
5.12559e-08
-1.25427e-14
-6.54853e-13
5.12559e-08
-8.74818e-15
-4.5044e-13
3.68833e-08
-1.77674e-13
1.53324e-08
1.06014e-14
-1.63685e-13
1.88858e-08
-3.53119e-17
1.48899e-14
-4.17217e-13
4.50851e-08
2.29206e-16
-6.06998e-13
6.2712e-08
-1.44676e-14
-6.07285e-13
6.2712e-08
-1.02534e-14
-4.18281e-13
4.50851e-08
-1.65407e-13
1.88858e-08
1.20724e-14
-1.46888e-13
2.29799e-08
-4.59874e-17
1.66802e-14
-3.73506e-13
5.4389e-08
2.90844e-16
-5.42515e-13
7.57341e-08
-1.61476e-14
-5.42831e-13
7.57341e-08
-1.16413e-14
-3.74616e-13
5.4389e-08
-1.48309e-13
2.29799e-08
1.32218e-14
-1.24393e-13
2.73862e-08
-5.93701e-17
1.78819e-14
-3.15074e-13
6.4224e-08
3.63697e-16
-4.56645e-13
8.95431e-08
-1.72218e-14
-4.56972e-13
8.95431e-08
-1.26999e-14
-3.16139e-13
6.4224e-08
-1.25487e-13
2.73862e-08
1.36298e-14
-9.46417e-14
3.14535e-08
-6.87347e-17
1.79002e-14
-2.39493e-13
7.30868e-08
4.42084e-16
-3.45924e-13
1.02066e-07
-1.71087e-14
-3.46255e-13
1.02066e-07
-1.30151e-14
-2.40343e-13
7.30868e-08
-9.54372e-14
3.14535e-08
1.266e-14
-5.84241e-14
3.36368e-08
-8.07574e-17
1.59424e-14
-1.48049e-13
7.75292e-08
5.04573e-16
-2.12853e-13
1.08511e-07
-1.50499e-14
-2.13126e-13
1.08511e-07
-1.19891e-14
-1.4865e-13
7.75292e-08
-5.87923e-14
3.36368e-08
9.50381e-15
-2.11053e-14
3.05589e-08
-8.00972e-17
1.11528e-14
-5.41684e-14
7.00875e-08
4.94631e-16
-7.71805e-14
9.84235e-08
-1.02949e-14
-7.733e-14
9.84235e-08
-8.88457e-15
-5.44399e-14
7.00875e-08
-2.12289e-14
3.05589e-08
3.39943e-15
1.51602e-08
-4.23557e-17
3.20797e-15
3.50152e-08
2.72213e-16
4.95108e-08
-2.75106e-15
4.95108e-08
-3.09643e-15
3.50152e-08
1.51602e-08
5.5118e-15
-1.07785e-13
1.53324e-08
-9.19772e-18
7.89997e-15
-2.77499e-13
3.68833e-08
6.87604e-17
-4.04354e-13
5.12559e-08
-7.79183e-15
-4.04286e-13
5.12559e-08
-5.4887e-15
-2.77396e-13
3.68833e-08
-1.06447e-13
1.53324e-08
6.46107e-15
-1.00236e-13
1.88857e-08
-9.29804e-18
9.11837e-15
-2.57643e-13
4.50851e-08
8.20195e-17
-3.74927e-13
6.2712e-08
-8.99104e-15
-3.74841e-13
6.2712e-08
-6.44254e-15
-2.57478e-13
4.50851e-08
-9.84889e-14
1.88857e-08
7.33158e-15
-8.99391e-14
2.29799e-08
-1.0048e-17
1.01846e-14
-2.30693e-13
5.4389e-08
9.48693e-17
-3.35138e-13
7.57341e-08
-1.00389e-14
-3.35047e-13
7.57341e-08
-7.3197e-15
-2.30456e-13
5.4389e-08
-8.82735e-14
2.29799e-08
7.98854e-15
-7.60928e-14
2.73862e-08
-1.04427e-17
1.0868e-14
-1.94669e-13
6.4224e-08
1.03888e-16
-2.82132e-13
8.95431e-08
-1.07082e-14
-2.82037e-13
8.95431e-08
-7.98785e-15
-1.9438e-13
6.4224e-08
-7.4257e-14
2.73862e-08
8.16505e-15
-5.80751e-14
3.14535e-08
-1.51938e-17
1.07986e-14
-1.48022e-13
7.30868e-08
1.02013e-16
-2.13813e-13
1.02066e-07
-1.06407e-14
-2.13723e-13
1.02066e-07
-8.1774e-15
-1.47683e-13
7.30868e-08
-5.66441e-14
3.14535e-08
7.48447e-15
-3.60234e-14
3.36368e-08
-1.35606e-17
9.49224e-15
-9.16341e-14
7.75292e-08
7.7683e-17
-1.31681e-13
1.08511e-07
-9.36938e-15
-1.3163e-13
1.08511e-07
-7.50897e-15
-9.14103e-14
7.75292e-08
-3.54342e-14
3.36368e-08
5.49669e-15
-1.32052e-14
3.05588e-08
-8.70758e-18
6.47471e-15
-3.36212e-14
7.00875e-08
1.9817e-17
-4.78369e-14
9.84235e-08
-6.44636e-15
-4.78449e-14
9.84235e-08
-5.5504e-15
-3.35886e-14
7.00875e-08
-1.32191e-14
3.05588e-08
1.86597e-15
1.51602e-08
-5.24677e-18
1.7068e-15
3.50151e-08
-4.19177e-17
4.95108e-08
-1.78227e-15
4.95108e-08
-1.92956e-15
3.50151e-08
1.51602e-08
3.45214e-15
-6.64912e-14
1.53324e-08
-3.86551e-17
4.8667e-15
-1.71797e-13
3.68833e-08
-3.78839e-17
-2.50308e-13
5.12559e-08
-4.90832e-15
-2.50262e-13
5.12559e-08
-3.43751e-15
-1.71725e-13
3.68833e-08
-6.6541e-14
1.53324e-08
4.05043e-15
-6.18361e-14
1.88857e-08
-4.82862e-17
5.61185e-15
-1.59511e-13
4.50851e-08
-5.51177e-17
-2.32125e-13
6.2712e-08
-5.67424e-15
-2.32062e-13
6.2712e-08
-4.03234e-15
-1.59459e-13
4.50851e-08
-6.21663e-14
1.88857e-08
4.60291e-15
-5.55014e-14
2.29799e-08
-5.85396e-17
6.25981e-15
-1.42867e-13
5.4389e-08
-8.01438e-17
-2.07556e-13
7.57341e-08
-6.35426e-15
-2.0748e-13
7.57341e-08
-4.582e-15
-1.42805e-13
5.4389e-08
-5.58626e-14
2.29799e-08
5.02574e-15
-4.69808e-14
2.73862e-08
-6.94719e-17
6.66834e-15
-1.2057e-13
6.42239e-08
-1.15545e-16
-1.74781e-13
8.95431e-08
-6.81143e-15
-1.74692e-13
8.95431e-08
-5.00018e-15
-1.20512e-13
6.42239e-08
-4.78532e-14
2.73862e-08
5.15445e-15
-3.58236e-14
3.14534e-08
-7.337e-17
6.61052e-15
-9.17074e-14
7.30868e-08
-1.62328e-16
-1.32504e-13
1.02066e-07
-6.82075e-15
-1.3243e-13
1.02066e-07
-5.14036e-15
-9.17282e-14
7.30868e-08
-3.63256e-14
3.14534e-08
4.74685e-15
-2.23195e-14
3.36368e-08
-7.83536e-17
5.79402e-15
-5.6835e-14
7.75291e-08
-2.13426e-16
-8.16909e-14
1.08511e-07
-6.0865e-15
-8.16371e-14
1.08511e-07
-4.7552e-15
-5.6745e-14
7.75291e-08
-2.24275e-14
3.36368e-08
3.51482e-15
-8.22347e-15
3.05588e-08
-7.18545e-17
3.94162e-15
-2.09213e-14
7.00874e-08
-2.38532e-16
-2.97591e-14
9.84234e-08
-4.2736e-15
-2.97105e-14
9.84234e-08
-3.53952e-15
-2.08015e-14
7.00874e-08
-8.13726e-15
3.05588e-08
1.21651e-15
1.51602e-08
-3.3131e-17
1.0422e-15
3.50151e-08
-1.48413e-16
4.95108e-08
-1.24608e-15
4.95108e-08
-1.24199e-15
3.50151e-08
1.51602e-08
2.05021e-15
-4.17594e-14
1.53324e-08
2.71045e-17
2.95352e-15
-1.07019e-13
3.68833e-08
-6.87657e-17
-1.55822e-13
5.12559e-08
-3.10479e-15
-1.56033e-13
5.12559e-08
-2.14916e-15
-1.07237e-13
3.68833e-08
-4.41732e-14
1.53324e-08
2.39833e-15
-3.88046e-14
1.88857e-08
3.52342e-17
3.40072e-15
-9.93721e-14
4.50851e-08
-8.9653e-17
-1.44505e-13
6.2712e-08
-3.5997e-15
-1.44715e-13
6.2712e-08
-2.5265e-15
-9.96461e-14
4.50851e-08
-4.12936e-14
1.88857e-08
2.71402e-15
-3.47733e-14
2.29799e-08
4.39209e-17
3.78599e-15
-8.89693e-14
5.4389e-08
-1.16944e-16
-1.29174e-13
7.57341e-08
-4.04633e-15
-1.29363e-13
7.57341e-08
-2.88078e-15
-8.93174e-14
5.4389e-08
-3.74068e-14
2.29799e-08
2.94683e-15
-2.93633e-14
2.73862e-08
5.3526e-17
4.02269e-15
-7.50612e-14
6.42239e-08
-1.49928e-16
-1.08737e-13
8.9543e-08
-4.35801e-15
-1.08904e-13
8.9543e-08
-3.17237e-15
-7.54917e-14
6.42239e-08
-3.13945e-14
2.73862e-08
2.99737e-15
-2.23815e-14
3.14534e-08
5.69733e-17
3.97425e-15
-5.70524e-14
7.30867e-08
-1.84895e-16
-8.23874e-14
1.02066e-07
-4.39253e-15
-8.25197e-14
1.02066e-07
-3.28523e-15
-5.74347e-14
7.30867e-08
-2.44027e-14
3.14534e-08
2.73246e-15
-1.38162e-14
3.36367e-08
6.33246e-17
3.46844e-15
-3.52925e-14
7.75291e-08
-2.09473e-16
-5.07012e-14
1.08511e-07
-3.93838e-15
-5.07662e-14
1.08511e-07
-3.09581e-15
-3.57108e-14
7.75291e-08
-1.46595e-14
3.36367e-08
1.9961e-15
-5.05012e-15
3.05588e-08
6.12142e-17
2.34501e-15
-1.29302e-14
7.00874e-08
-1.91858e-16
-1.83869e-14
9.84234e-08
-2.77148e-15
-1.83998e-14
9.84234e-08
-2.36747e-15
-1.30938e-14
7.00874e-08
-5.00422e-15
3.05588e-08
6.79296e-16
1.51602e-08
3.04498e-17
6.0912e-16
3.50151e-08
-8.8159e-17
4.95107e-08
-7.80107e-16
4.95107e-08
-8.6977e-16
3.50151e-08
1.51602e-08
1.32701e-15
-2.54413e-14
1.53324e-08
-1.53954e-17
1.88999e-15
-6.58163e-14
3.68833e-08
2.48992e-17
-9.59315e-14
5.12559e-08
-1.824e-15
-9.57841e-14
5.12559e-08
-1.27937e-15
-6.56396e-14
3.68833e-08
-2.34116e-14
1.53324e-08
1.55764e-15
-2.36574e-14
1.88857e-08
-1.91739e-17
2.18364e-15
-6.11351e-14
4.50851e-08
3.30507e-17
-8.89811e-14
6.2712e-08
-2.09456e-15
-8.88466e-14
6.2712e-08
-1.49578e-15
-6.09322e-14
4.50851e-08
-2.15606e-14
1.88857e-08
1.77153e-15
-2.1236e-14
2.29799e-08
-2.28303e-17
2.44304e-15
-5.47775e-14
5.4389e-08
4.48047e-17
-7.95955e-14
7.57341e-08
-2.32232e-15
-7.94834e-14
7.57341e-08
-1.6892e-15
-5.45321e-14
5.4389e-08
-1.89969e-14
2.29799e-08
1.93685e-15
-1.79753e-14
2.73861e-08
-2.71321e-17
2.61417e-15
-4.62475e-14
6.42239e-08
6.09302e-17
-6.70485e-14
8.9543e-08
-2.45134e-15
-6.69663e-14
8.9543e-08
-1.816e-15
-4.59542e-14
6.42239e-08
-1.63319e-14
2.73861e-08
1.9908e-15
-1.36858e-14
3.14534e-08
-2.62972e-17
2.60943e-15
-3.51987e-14
7.30867e-08
8.13237e-17
-5.08648e-14
1.02066e-07
-2.3935e-15
-5.08173e-14
1.02066e-07
-1.82741e-15
-3.49677e-14
7.30867e-08
-1.19879e-14
3.14534e-08
1.83845e-15
-8.57131e-15
3.36367e-08
-3.0168e-17
2.31316e-15
-2.18729e-14
7.75291e-08
1.02733e-16
-3.14235e-14
1.08511e-07
-2.05334e-15
-3.14276e-14
1.08511e-07
-1.60955e-15
-2.1574e-14
7.75291e-08
-7.8936e-15
3.36367e-08
1.3683e-15
-3.18858e-15
3.05588e-08
-3.11573e-17
1.60569e-15
-8.10124e-15
7.00874e-08
1.08225e-16
-1.15154e-14
9.84234e-08
-1.34365e-15
-1.15294e-14
9.84234e-08
-1.10975e-15
-7.99595e-15
7.00874e-08
-3.24524e-15
3.05588e-08
4.79016e-16
1.51602e-08
-1.52161e-17
4.50046e-16
3.50151e-08
6.37144e-17
4.95107e-08
-3.25672e-16
4.95107e-08
-3.287e-16
3.50151e-08
1.51602e-08
5.23882e-16
-1.56302e-14
1.53324e-08
1.11526e-16
8.39676e-16
-4.19602e-14
3.68832e-08
-2.85477e-16
-6.06162e-14
5.12559e-08
-1.35025e-15
-6.06102e-14
5.12559e-08
-8.37717e-16
-4.28372e-14
3.68832e-08
-1.70422e-14
1.53324e-08
5.9145e-16
-1.4379e-14
1.88857e-08
1.38831e-16
9.31409e-16
-3.89735e-14
4.50851e-08
-3.65412e-16
-5.62874e-14
6.2712e-08
-1.5818e-15
-5.63637e-14
6.2712e-08
-9.80628e-16
-3.99494e-14
4.50851e-08
-1.60446e-14
1.88857e-08
6.3257e-16
-1.27252e-14
2.29799e-08
1.70452e-16
9.80676e-16
-3.48956e-14
5.4389e-08
-4.66747e-16
-5.03937e-14
7.57341e-08
-1.80685e-15
-5.0506e-14
7.57341e-08
-1.11799e-15
-3.59197e-14
5.4389e-08
-1.41732e-14
2.29799e-08
6.32174e-16
-1.04456e-14
2.73861e-08
2.05937e-16
9.53999e-16
-2.94304e-14
6.42239e-08
-5.90696e-16
-4.24893e-14
8.9543e-08
-1.99243e-15
-4.26518e-14
8.9543e-08
-1.22935e-15
-3.06515e-14
6.42239e-08
-1.18969e-14
2.73861e-08
5.52806e-16
-8.03767e-15
3.14534e-08
2.34232e-16
8.09954e-16
-2.23545e-14
7.30867e-08
-7.28183e-16
-3.22675e-14
1.02066e-07
-2.09481e-15
-3.25312e-14
1.02066e-07
-1.26521e-15
-2.29861e-14
7.30867e-08
-8.99183e-15
3.14534e-08
3.79004e-16
-5.16949e-15
3.36367e-08
2.53658e-16
5.19037e-16
-1.39315e-14
7.75291e-08
-8.49228e-16
-1.99802e-14
1.08511e-07
-1.99835e-15
-2.00559e-14
1.08511e-07
-1.18284e-15
-1.39403e-14
7.75291e-08
-5.53317e-15
3.36367e-08
1.40036e-16
-2.11798e-15
3.05588e-08
2.31378e-16
1.25986e-16
-5.20362e-15
7.00874e-08
-8.35579e-16
-7.33428e-15
9.84234e-08
-1.5706e-15
-7.29083e-15
9.84234e-08
-9.06303e-16
-4.9138e-15
7.00874e-08
-1.98767e-15
3.05588e-08
-4.68981e-17
1.51602e-08
1.12185e-16
-1.6357e-16
3.50151e-08
-4.47444e-16
4.95107e-08
-6.20251e-16
4.95107e-08
-3.48191e-16
3.50151e-08
1.51602e-08
5.92139e-16
-8.18223e-15
1.53324e-08
-6.3752e-17
7.99611e-16
-2.408e-14
3.68832e-08
7.49146e-17
-3.58187e-14
5.12559e-08
-6.89989e-16
-3.58926e-14
5.12559e-08
-5.52347e-16
-2.34426e-14
3.68832e-08
-8.15092e-15
1.53324e-08
7.06669e-16
-7.59521e-15
1.88857e-08
-7.97709e-17
9.4151e-16
-2.22901e-14
4.50851e-08
1.08144e-16
-3.31701e-14
6.2712e-08
-7.84e-16
-3.31802e-14
6.2712e-08
-6.56234e-16
-2.16412e-14
4.50851e-08
-7.08588e-15
1.88857e-08
8.2344e-16
-6.82284e-15
2.29799e-08
-9.89096e-17
1.08454e-15
-1.99118e-14
5.4389e-08
1.58284e-16
-2.96227e-14
7.5734e-08
-8.52299e-16
-2.96001e-14
7.57341e-08
-7.54678e-16
-1.91603e-14
5.4389e-08
-6.38862e-15
2.29799e-08
9.33027e-16
-5.76591e-15
2.73861e-08
-1.20833e-16
1.21484e-15
-1.67254e-14
6.42239e-08
2.34052e-16
-2.48932e-14
8.9543e-08
-8.64639e-16
-2.47934e-14
8.9543e-08
-8.35552e-16
-1.5847e-14
6.42239e-08
-5.09013e-15
2.73861e-08
1.01253e-15
-4.39277e-15
3.14534e-08
-1.43882e-16
1.30568e-15
-1.26521e-14
7.30867e-08
3.43598e-16
-1.88308e-14
1.02066e-07
-7.689e-16
-1.8615e-14
1.02066e-07
-8.74508e-16
-1.22636e-14
7.30867e-08
-3.76587e-15
3.14534e-08
1.01692e-15
-2.77091e-15
3.36367e-08
-1.62514e-16
1.30904e-15
-7.83673e-15
7.75291e-08
4.87191e-16
-1.16308e-14
1.08511e-07
-5.40069e-16
-1.15662e-14
1.08511e-07
-8.1006e-16
-8.02951e-15
7.75291e-08
-2.60218e-15
3.36367e-08
8.67172e-16
-1.08241e-15
3.05588e-08
-1.603e-16
1.13047e-15
-2.92015e-15
7.00874e-08
5.86744e-16
-4.30126e-15
9.84233e-08
-1.84398e-16
-4.34118e-15
9.84233e-08
-6.10463e-16
-3.33821e-15
7.00874e-08
-1.18843e-15
3.05588e-08
4.04723e-16
1.51602e-08
-9.18694e-17
5.42824e-16
3.50151e-08
4.02317e-16
4.95107e-08
1.40828e-16
4.95107e-08
-2.25029e-16
3.50151e-08
1.51602e-08
3.72432e-16
-5.55637e-15
1.53324e-08
-2.10321e-17
5.6044e-16
-1.4619e-14
3.68832e-08
1.29479e-16
-2.16999e-14
5.12559e-08
-2.80384e-16
-2.12244e-14
5.12559e-08
-2.68392e-16
-1.41179e-14
3.68832e-08
-2.628e-16
1.53324e-08
4.4135e-16
-5.18269e-15
1.88857e-08
-2.51196e-17
6.61832e-16
-1.3611e-14
4.50851e-08
1.70727e-16
-2.01188e-14
6.2712e-08
-2.87445e-16
-1.96874e-14
6.2712e-08
-2.96667e-16
-1.2918e-14
4.50851e-08
-2.80111e-16
1.88857e-08
5.09275e-16
-4.66633e-15
2.29799e-08
-2.93481e-17
7.61917e-16
-1.22342e-14
5.4389e-08
2.26024e-16
-1.80028e-14
7.5734e-08
-2.66234e-16
-1.76284e-14
7.5734e-08
-3.01964e-16
-1.14597e-14
5.4389e-08
-1.67773e-16
2.29799e-08
5.67407e-16
-3.9539e-15
2.73861e-08
-3.2824e-17
8.46615e-16
-1.03635e-14
6.42239e-08
2.94951e-16
-1.51626e-14
8.9543e-08
-2.03228e-16
-1.48666e-14
8.9543e-08
-2.7366e-16
-9.44793e-15
6.42239e-08
-2.13755e-16
2.73861e-08
5.96488e-16
-3.03495e-15
3.14534e-08
-3.38723e-17
8.86999e-16
-7.93244e-15
7.30867e-08
3.70218e-16
-1.15e-14
1.02066e-07
-8.83237e-17
-1.13085e-14
1.02066e-07
-1.8541e-16
-6.97407e-15
7.30867e-08
-6.47821e-16
3.14534e-08
5.65565e-16
-1.91664e-15
3.36367e-08
-2.977e-17
8.3629e-16
-5.0129e-15
7.75291e-08
4.2342e-16
-7.1715e-15
1.08511e-07
6.48816e-17
-7.10236e-15
1.08511e-07
-3.36597e-17
-4.30327e-15
7.75291e-08
-1.15329e-15
3.36367e-08
4.33259e-16
-7.41168e-16
3.05588e-08
-1.75155e-17
6.23414e-16
-1.93942e-15
7.00874e-08
3.91419e-16
-2.70941e-15
9.84233e-08
1.69047e-16
-2.74617e-15
9.84233e-08
1.38355e-16
-1.67406e-15
7.00874e-08
-1.01575e-15
3.05588e-08
1.57063e-16
1.51602e-08
4.79862e-19
1.92611e-16
3.50151e-08
1.74135e-16
4.95107e-08
9.26904e-17
4.95107e-08
1.88321e-16
3.50151e-08
1.51602e-08
1.42546e-16
-4.25696e-15
1.53324e-08
3.41318e-17
2.37526e-16
-9.76621e-15
3.68832e-08
-2.08416e-17
-1.39054e-14
5.12559e-08
-2.71675e-16
-1.36616e-14
5.12559e-08
-1.77177e-16
-9.32967e-15
3.68832e-08
-3.44518e-15
1.53324e-08
1.62544e-16
-3.95597e-15
1.88857e-08
4.24771e-17
2.6753e-16
-9.09939e-15
4.50851e-08
-2.97475e-17
-1.29113e-14
6.2712e-08
-3.15644e-16
-1.26537e-14
6.2712e-08
-2.08193e-16
-8.64857e-15
4.50851e-08
-3.1771e-15
1.88857e-08
1.77239e-16
-3.52674e-15
2.29799e-08
5.22739e-17
2.87612e-16
-8.172e-15
5.4389e-08
-4.33119e-17
-1.15537e-14
7.5734e-08
-3.56839e-16
-1.13205e-14
7.5734e-08
-2.38139e-16
-7.74704e-15
5.4389e-08
-2.83464e-15
2.29799e-08
1.8186e-16
-2.96101e-15
2.73861e-08
6.32848e-17
2.87915e-16
-6.91748e-15
6.42239e-08
-6.50357e-17
-9.74796e-15
8.9543e-08
-3.90319e-16
-9.52493e-15
8.9543e-08
-2.63467e-16
-6.5211e-15
6.42239e-08
-2.36716e-15
2.73861e-08
1.68003e-16
-2.24013e-15
3.14534e-08
7.42355e-17
2.5326e-16
-5.28788e-15
7.30867e-08
-9.85695e-17
-7.40215e-15
1.02066e-07
-4.08643e-16
-7.22989e-15
1.02066e-07
-2.7767e-16
-4.95551e-15
7.30867e-08
-1.78227e-15
3.14534e-08
1.27593e-16
-1.3705e-15
3.36367e-08
8.17909e-17
1.69094e-16
-3.31043e-15
7.75291e-08
-1.46568e-16
-4.60226e-15
1.08511e-07
-4.00795e-16
-4.49822e-15
1.08511e-07
-2.70375e-16
-3.09559e-15
7.75291e-08
-1.10203e-15
3.36367e-08
5.93624e-17
-4.89323e-16
3.05588e-08
7.7353e-17
3.72477e-17
-1.24771e-15
7.00874e-08
-1.91557e-16
-1.72024e-15
9.84233e-08
-3.44819e-16
-1.69882e-15
9.84233e-08
-2.27969e-16
-1.18733e-15
7.00874e-08
-4.23176e-16
3.05588e-08
-9.22771e-18
1.51602e-08
4.11887e-17
-7.02278e-17
3.50151e-08
-1.46065e-16
4.95107e-08
-1.70415e-16
4.95107e-08
-1.14253e-16
3.50151e-08
1.51602e-08
8.84164e-17
-2.22729e-15
1.53324e-08
9.46926e-18
1.32275e-16
-6.0709e-15
3.68832e-08
-1.31662e-17
-8.78047e-15
5.12559e-08
-1.48067e-16
-8.89221e-15
5.12559e-08
-7.38617e-17
-6.39533e-15
3.68832e-08
-2.83936e-15
1.53324e-08
1.01094e-16
-2.06441e-15
1.88857e-08
1.18601e-17
1.46548e-16
-5.60755e-15
4.50851e-08
-1.99566e-17
-8.12054e-15
6.2712e-08
-1.71685e-16
-8.23603e-15
6.2712e-08
-8.45759e-17
-5.9258e-15
4.50851e-08
-2.62971e-15
1.88857e-08
1.10347e-16
-1.85303e-15
2.29799e-08
1.46818e-17
1.55001e-16
-4.99439e-15
5.4389e-08
-2.96551e-17
-7.23782e-15
7.5734e-08
-1.93006e-16
-7.3289e-15
7.5734e-08
-9.24921e-17
-5.26951e-15
5.4389e-08
-2.33167e-15
2.29799e-08
1.14187e-16
-1.56819e-15
2.73861e-08
1.76673e-17
1.53529e-16
-4.18334e-15
6.42239e-08
-4.17159e-17
-6.06483e-15
8.9543e-08
-2.07391e-16
-6.14241e-15
8.9543e-08
-9.56899e-17
-4.41463e-15
6.42239e-08
-1.94931e-15
2.73861e-08
1.09269e-16
-1.19002e-15
3.14534e-08
1.99339e-17
1.37951e-16
-3.14607e-15
7.30867e-08
-5.4275e-17
-4.57002e-15
1.02066e-07
-2.06876e-16
-4.61892e-15
1.02066e-07
-8.97209e-17
-3.32609e-15
7.30867e-08
-1.46265e-15
3.14534e-08
9.13737e-17
-7.46682e-16
3.36367e-08
1.94676e-17
1.05995e-16
-1.9231e-15
7.75291e-08
-6.12384e-17
-2.78357e-15
1.08511e-07
-1.80538e-16
-2.80536e-15
1.08511e-07
-7.02664e-17
-2.00763e-15
7.75291e-08
-8.81006e-16
3.36367e-08
5.82591e-17
-2.83482e-16
3.05588e-08
1.33571e-17
6.28638e-17
-6.83698e-16
7.00874e-08
-5.01022e-17
-9.88066e-16
9.84233e-08
-1.16682e-16
-9.75889e-16
9.84233e-08
-3.63888e-17
-7.03216e-16
7.00874e-08
-2.99834e-16
3.05588e-08
1.39067e-17
1.51602e-08
1.84147e-18
1.79735e-17
3.50151e-08
-1.21723e-17
4.95107e-08
-1.89745e-17
4.95107e-08
2.27589e-18
3.50151e-08
1.51602e-08
1.66612e-16
-2.81933e-15
1.53324e-08
-1.56398e-17
1.88865e-16
-4.58029e-15
3.68832e-08
5.84879e-17
-6.39247e-15
5.12559e-08
-8.61545e-17
-6.61338e-15
5.12559e-08
-4.47226e-17
-5.06544e-15
3.68832e-08
-4.22789e-15
1.53324e-08
2.06411e-16
-2.5858e-15
1.88857e-08
-2.18629e-17
2.29016e-16
-4.2979e-15
4.50851e-08
7.23428e-17
-5.95434e-15
6.2712e-08
-1.04195e-16
-6.18107e-15
6.2712e-08
-5.42316e-17
-4.72143e-15
4.50851e-08
-4.12921e-15
1.88857e-08
2.52271e-16
-2.38704e-15
2.29799e-08
-3.03705e-17
2.73386e-16
-3.83568e-15
5.4389e-08
8.83731e-17
-5.3039e-15
7.5734e-08
-1.22767e-16
-5.51649e-15
7.5734e-08
-7.00316e-17
-4.31761e-15
5.4389e-08
-3.68044e-15
2.29799e-08
3.01424e-16
-2.09985e-15
2.73861e-08
-4.08797e-17
3.19365e-16
-3.24296e-15
6.42239e-08
1.06871e-16
-4.46593e-15
8.9543e-08
-1.42525e-16
-4.66538e-15
8.9543e-08
-9.08771e-17
-3.68623e-15
6.42239e-08
-3.20868e-15
2.73861e-08
3.51961e-16
-1.48549e-15
3.14534e-08
-4.78155e-17
3.58752e-16
-2.43748e-15
7.30867e-08
1.26238e-16
-3.34738e-15
1.02066e-07
-1.56107e-16
-3.50956e-15
1.02066e-07
-1.2009e-16
-2.86587e-15
7.30867e-08
-2.25753e-15
3.14534e-08
3.8079e-16
-7.24393e-16
3.36367e-08
-5.51884e-17
3.72696e-16
-1.41182e-15
7.75291e-08
1.43404e-16
-1.98769e-15
1.08511e-07
-1.52061e-16
-2.1099e-15
1.08511e-07
-1.51176e-16
-1.7389e-15
7.75291e-08
-1.05394e-15
3.36367e-08
3.3837e-16
-4.21343e-17
3.05588e-08
-5.10791e-17
3.17348e-16
-4.08533e-16
7.00874e-08
1.43603e-16
-6.47852e-16
9.84233e-08
-1.02897e-16
-6.97037e-16
9.84233e-08
-1.53322e-16
-5.60124e-16
7.00874e-08
-1.10929e-16
3.05588e-08
1.48916e-16
1.51602e-08
-2.24651e-17
1.31095e-16
3.50151e-08
8.29609e-17
4.95107e-08
-3.56462e-18
4.95107e-08
-8.36484e-17
3.50151e-08
1.51602e-08
7.50351e-17
-9.84743e-16
1.53324e-08
-2.73011e-18
1.23224e-16
-1.95197e-15
3.68832e-08
6.0965e-17
-2.96574e-15
5.12559e-08
-2.25973e-17
-2.78338e-15
5.12559e-08
-6.11979e-17
-1.66798e-15
3.68832e-08
8.59183e-16
1.53324e-08
9.05072e-17
-9.06601e-16
1.88857e-08
-3.22271e-18
1.50338e-16
-1.79173e-15
4.50851e-08
7.79159e-17
-2.70061e-15
6.2712e-08
-2.02023e-17
-2.51963e-15
6.2712e-08
-7.53247e-17
-1.46636e-15
4.50851e-08
1.16015e-15
1.88857e-08
1.0676e-16
-7.75378e-16
2.29799e-08
-4.87954e-18
1.79291e-16
-1.57665e-15
5.4389e-08
9.95341e-17
-2.35926e-15
7.5734e-08
-1.21801e-17
-2.22264e-15
7.5734e-08
-8.57915e-17
-1.24878e-15
5.4389e-08
1.06238e-15
2.29799e-08
1.21436e-16
-6.2721e-16
2.73861e-08
-7.36256e-18
2.06911e-16
-1.30504e-15
6.42239e-08
1.24663e-16
-1.93119e-15
8.9543e-08
5.37774e-18
-1.82414e-15
8.9543e-08
-9.0352e-17
-9.96256e-16
6.42239e-08
1.14777e-15
2.73861e-08
1.2963e-16
-4.58931e-16
3.14534e-08
-1.4325e-17
2.25508e-16
-9.72725e-16
7.30867e-08
1.50729e-16
-1.41193e-15
1.02066e-07
3.24755e-17
-1.35639e-15
1.02066e-07
-8.04378e-17
-6.77008e-16
7.30867e-08
7.774e-16
3.14534e-08
1.26693e-16
-1.85074e-16
3.36367e-08
-1.65423e-17
2.20806e-16
-5.65976e-16
7.75291e-08
1.68132e-16
-8.26564e-16
1.08511e-07
6.64698e-17
-8.32595e-16
1.08511e-07
-5.00912e-17
-4.22409e-16
7.75291e-08
1.78103e-16
3.36367e-08
1.00571e-16
8.44054e-18
3.05588e-08
-1.42481e-17
1.69682e-16
-1.60906e-16
7.00874e-08
1.53989e-16
-2.57114e-16
9.84233e-08
8.15262e-17
-3.10476e-16
9.84233e-08
-1.5212e-17
-2.00297e-16
7.00874e-08
-1.75009e-16
3.05588e-08
3.94663e-17
1.51602e-08
-7.5597e-18
5.09975e-17
3.50151e-08
7.13835e-17
4.95107e-08
4.03923e-17
4.95107e-08
9.81822e-18
3.50151e-08
1.51602e-08
1.08628e-16
-5.22323e-16
1.53324e-08
-3.9323e-17
1.03233e-16
-1.19436e-15
3.68832e-08
3.65112e-17
-1.87772e-15
5.12559e-08
-9.32375e-18
-1.86788e-15
5.12559e-08
-1.16613e-17
-1.38443e-15
3.68832e-08
-4.6563e-16
1.53324e-08
1.3316e-16
-4.837e-16
1.88857e-08
-4.98946e-17
1.23508e-16
-1.11703e-15
4.50851e-08
4.15317e-17
-1.7344e-15
6.2712e-08
-9.51753e-18
-1.71268e-15
6.2712e-08
-1.04227e-17
-1.29691e-15
4.50851e-08
-6.62267e-16
1.88857e-08
1.6065e-16
-4.35009e-16
2.29799e-08
-6.19387e-17
1.43436e-16
-1.0201e-15
5.4389e-08
4.49568e-17
-1.55326e-15
7.5734e-08
-1.07336e-17
-1.51726e-15
7.5734e-08
-7.27477e-18
-1.15767e-15
5.4389e-08
-6.76261e-16
2.29799e-08
1.88263e-16
-3.73669e-16
2.73861e-08
-7.53234e-17
1.59359e-16
-8.84192e-16
6.42239e-08
4.39724e-17
-1.3121e-15
8.9543e-08
-1.50577e-17
-1.25671e-15
8.9543e-08
-3.68849e-20
-9.67281e-16
6.42239e-08
-9.9698e-16
2.73861e-08
2.10302e-16
-2.7232e-16
3.14534e-08
-8.32756e-17
1.64192e-16
-6.84024e-16
7.30867e-08
3.4855e-17
-9.7796e-16
1.02066e-07
-2.45498e-17
-9.40797e-16
1.02066e-07
-5.81454e-20
-7.79531e-16
7.30867e-08
-6.67349e-16
3.14534e-08
2.1329e-16
-1.84978e-16
3.36367e-08
-8.961e-17
1.46476e-16
-4.30762e-16
7.75291e-08
1.13584e-17
-6.04326e-16
1.08511e-07
-4.42836e-17
-5.72832e-16
1.08511e-07
-1.29409e-18
-4.17225e-16
7.75291e-08
-3.37082e-16
3.36367e-08
1.76349e-16
-3.40242e-17
3.05588e-08
-8.01863e-17
9.31985e-17
-1.54615e-16
7.00874e-08
-2.4603e-17
-2.16302e-16
9.84233e-08
-6.16448e-17
-1.85731e-16
9.84233e-08
3.73541e-18
-9.37363e-17
7.00874e-08
-6.37596e-17
3.05588e-08
6.83317e-17
1.51602e-08
-3.55203e-17
1.06216e-17
3.50151e-08
-4.01697e-17
4.95107e-08
-5.01262e-17
4.95107e-08
6.41181e-18
3.50151e-08
1.51602e-08
-1.06255e-16
-1.62164e-16
1.53324e-08
4.11196e-17
-1.3146e-16
-8.05811e-16
3.68832e-08
-1.57408e-16
-1.0463e-15
5.12559e-08
-1.92126e-16
-1.13689e-15
5.12559e-08
-1.07422e-16
-6.04243e-16
3.68832e-08
-2.38829e-15
1.53324e-08
-1.3745e-16
-1.68081e-16
1.88857e-08
5.36795e-17
-1.7342e-16
-7.65616e-16
4.50851e-08
-2.03414e-16
-1.01231e-15
6.2712e-08
-2.47481e-16
-1.08869e-15
6.2712e-08
-1.37004e-16
-6.4357e-16
4.50851e-08
-2.46787e-15
1.88857e-08
-1.78358e-16
-1.92862e-16
2.29799e-08
6.86351e-17
-2.27885e-16
-7.27444e-16
5.4389e-08
-2.6319e-16
-9.62289e-16
7.5734e-08
-3.17216e-16
-1.01285e-15
7.5734e-08
-1.7565e-16
-7.02804e-16
5.4389e-08
-2.58994e-15
2.29799e-08
-2.28485e-16
-1.82762e-16
2.73861e-08
8.65082e-17
-2.95649e-16
-6.49189e-16
6.42239e-08
-3.3746e-16
-8.74411e-16
8.9543e-08
-4.02232e-16
-8.97653e-16
8.9543e-08
-2.33682e-16
-7.50733e-16
6.42239e-08
-2.03498e-15
2.73861e-08
-2.84531e-16
-1.97635e-16
3.14534e-08
1.00179e-16
-3.72189e-16
-5.42914e-16
7.30867e-08
-4.2165e-16
-7.30449e-16
1.02066e-07
-4.97423e-16
-7.2598e-16
1.02066e-07
-2.96756e-16
-6.67015e-16
7.30867e-08
-2.00594e-15
3.14534e-08
-3.30529e-16
-1.79052e-16
3.36367e-08
1.12571e-16
-4.37723e-16
-4.14131e-16
7.75291e-08
-4.94577e-16
-5.51914e-16
1.08511e-07
-5.66796e-16
-4.96457e-16
1.08511e-07
-3.7682e-16
-6.17097e-16
7.75291e-08
-8.27818e-16
3.36367e-08
-3.25365e-16
-1.54907e-16
3.05588e-08
1.05226e-16
-4.32973e-16
-2.22727e-16
7.00874e-08
-4.93462e-16
-2.86301e-16
9.84233e-08
-5.37144e-16
-2.2344e-16
9.84233e-08
-3.96513e-16
-2.82342e-16
7.00874e-08
1.01122e-18
3.05588e-08
-1.75042e-16
1.51602e-08
4.98872e-17
-2.32964e-16
3.50151e-08
-2.71168e-16
4.95107e-08
-2.4985e-16
4.95107e-08
-2.23023e-16
3.50151e-08
1.51602e-08
5.85694e-17
-4.08926e-16
1.53324e-08
-3.74949e-18
8.28794e-17
-2.87451e-16
3.68832e-08
6.72263e-17
-4.14028e-16
5.12559e-08
6.42919e-17
-1.86686e-16
5.12559e-08
2.44905e-17
-4.49535e-17
3.68832e-08
1.34891e-15
1.53324e-08
7.83672e-17
-3.06915e-16
1.88857e-08
-6.69102e-18
1.12636e-16
-2.54415e-16
4.50851e-08
9.36185e-17
-3.29258e-16
6.2712e-08
9.14461e-17
-1.12646e-16
6.2712e-08
3.53394e-17
6.03381e-17
4.50851e-08
1.43105e-15
1.88857e-08
1.06251e-16
-1.90045e-16
2.29799e-08
-1.07675e-17
1.5297e-16
-1.89659e-16
5.4389e-08
1.32923e-16
-2.39375e-16
7.5734e-08
1.31279e-16
-6.60809e-17
7.5734e-08
5.42556e-17
1.07214e-16
5.4389e-08
1.44209e-15
2.29799e-08
1.4278e-16
-6.90423e-17
2.73861e-08
-1.73999e-17
2.06569e-16
-1.34407e-16
6.42239e-08
1.89624e-16
-1.44008e-16
8.9543e-08
1.87493e-16
-1.0951e-17
8.9543e-08
9.47724e-17
1.85271e-16
6.42239e-08
7.83874e-16
2.73861e-08
1.87092e-16
3.08761e-17
3.14534e-08
-2.22327e-17
2.74458e-16
-4.95901e-17
7.30867e-08
2.6794e-16
-3.04498e-17
1.02066e-07
2.65593e-16
1.91387e-17
1.02066e-07
1.3771e-16
6.39368e-17
7.30867e-08
1.02016e-15
3.14534e-08
2.32826e-16
9.15303e-17
3.36367e-08
-3.04654e-17
3.47822e-16
5.54735e-17
7.75291e-08
3.62397e-16
7.97336e-17
1.08511e-07
3.46339e-16
2.70445e-17
1.08511e-07
2.09249e-16
1.39233e-16
7.75291e-08
2.56618e-16
3.36367e-08
2.55201e-16
1.10976e-16
3.05588e-08
-3.2588e-17
3.82668e-16
8.33229e-17
7.00874e-08
4.26045e-16
1.10215e-16
9.84233e-08
3.929e-16
3.41026e-17
9.84233e-08
2.57788e-16
2.25976e-17
7.00874e-08
-1.90706e-16
3.05588e-08
1.66198e-16
1.51602e-08
-1.55612e-17
2.4057e-16
3.50151e-08
2.93852e-16
4.95107e-08
2.42099e-16
4.95107e-08
1.71953e-16
3.50151e-08
1.51602e-08
-8.71029e-18
-4.85815e-16
1.53324e-08
5.15588e-17
1.22952e-16
3.76898e-16
3.68832e-08
1.61812e-16
5.39187e-17
5.12559e-08
1.89918e-16
3.36027e-16
5.12559e-08
8.99637e-17
2.58143e-16
3.68832e-08
3.0105e-15
1.53324e-08
-7.54388e-18
-3.56084e-16
1.88857e-08
6.49529e-17
1.60455e-16
3.38919e-16
4.50851e-08
2.09954e-16
9.05513e-17
6.2712e-08
2.48925e-16
3.40822e-16
6.2712e-08
1.16257e-16
3.84167e-16
4.50851e-08
3.13797e-15
1.88857e-08
-3.01573e-18
-2.07858e-16
2.29799e-08
7.99625e-17
2.06973e-16
2.88006e-16
5.4389e-08
2.7216e-16
1.13484e-16
7.5734e-08
3.25958e-16
3.51024e-16
7.5734e-08
1.51668e-16
4.35629e-16
5.4389e-08
3.21714e-15
2.29799e-08
4.64343e-18
-3.51169e-17
2.73861e-08
9.53841e-17
2.61645e-16
2.14714e-16
6.42239e-08
3.48776e-16
1.2889e-16
8.9543e-08
4.20794e-16
3.15966e-16
8.9543e-08
2.051e-16
5.54555e-16
6.42239e-08
2.76821e-15
2.73861e-08
1.58895e-17
6.78811e-17
3.14534e-08
1.05017e-16
3.18685e-16
1.24881e-16
7.30867e-08
4.32302e-16
1.18927e-16
1.02066e-07
5.27399e-16
2.5119e-16
1.02066e-07
2.69581e-16
5.11048e-16
7.30867e-08
2.37232e-15
3.14534e-08
3.62011e-17
1.91894e-16
3.36367e-08
1.11202e-16
3.58655e-16
8.49898e-17
7.75291e-08
4.97118e-16
1.35341e-16
1.08511e-07
6.03142e-16
1.56008e-16
1.08511e-07
3.502e-16
3.97061e-16
7.75291e-08
8.8081e-16
3.36367e-08
6.59722e-17
1.49059e-16
3.05588e-08
1.00968e-16
3.32892e-16
5.68123e-17
7.00874e-08
4.7378e-16
1.12451e-16
9.84233e-08
5.54255e-16
4.70496e-17
9.84233e-08
3.62708e-16
7.29296e-17
7.00874e-08
-1.46076e-16
3.05588e-08
7.39853e-17
1.51602e-08
5.07481e-17
1.51674e-16
3.50151e-08
2.35187e-16
4.95107e-08
2.27993e-16
4.95107e-08
1.89462e-16
3.50151e-08
1.51602e-08
1.07615e-16
-2.98411e-15
1.53324e-08
-2.49871e-18
1.43266e-16
-2.2024e-15
3.68832e-08
9.21922e-17
-2.03461e-15
5.12559e-08
1.37641e-17
-1.98134e-15
5.12559e-08
-2.22182e-17
-1.75638e-15
3.68832e-08
-2.49948e-15
1.53324e-08
1.34706e-16
-2.87882e-15
1.88857e-08
-3.40843e-18
1.81911e-16
-2.05105e-15
4.50851e-08
1.12864e-16
-1.93002e-15
6.2712e-08
7.85903e-18
-1.85513e-15
6.2712e-08
-3.2808e-17
-1.68986e-15
4.50851e-08
-2.44523e-15
1.88857e-08
1.67874e-16
-2.73423e-15
2.29799e-08
-4.51489e-18
2.30284e-16
-1.76257e-15
5.4389e-08
1.33183e-16
-1.70859e-15
7.5734e-08
-5.68743e-18
-1.61524e-15
7.5734e-08
-4.92217e-17
-1.48894e-15
5.4389e-08
-2.37683e-15
2.29799e-08
2.05933e-16
-2.51113e-15
2.73861e-08
-6.16283e-18
2.85158e-16
-1.45269e-15
6.42239e-08
1.48668e-16
-1.43522e-15
8.9543e-08
-3.22484e-17
-1.33066e-15
8.9543e-08
-7.30257e-17
-1.31055e-15
6.42239e-08
-2.33477e-15
2.73861e-08
2.5047e-16
-1.8287e-15
3.14534e-08
-3.70987e-18
3.37302e-16
-1.04492e-15
7.30867e-08
1.48813e-16
-1.0395e-15
1.02066e-07
-7.79963e-17
-9.27433e-16
1.02066e-07
-1.18259e-16
-1.03939e-15
7.30867e-08
-1.64341e-15
3.14534e-08
2.82462e-16
-8.64977e-16
3.36367e-08
-5.83074e-18
3.63948e-16
-3.96726e-16
7.75291e-08
1.18743e-16
-4.68312e-16
1.08511e-07
-1.4444e-16
-3.90131e-16
1.08511e-07
-1.78736e-16
-4.87608e-16
7.75291e-08
-6.00029e-16
3.36367e-08
2.51775e-16
-1.68187e-17
3.05588e-08
-7.82435e-18
3.1098e-16
1.05471e-16
7.00874e-08
4.46271e-17
9.31925e-18
9.84233e-08
-1.94336e-16
4.09828e-17
9.84233e-08
-2.10413e-16
-5.65545e-18
7.00874e-08
1.20972e-16
3.05588e-08
1.00835e-16
1.51602e-08
-4.88211e-18
1.24842e-16
3.50151e-08
-4.15474e-17
4.95107e-08
-1.34023e-16
4.95107e-08
-1.35981e-16
3.50151e-08
1.51602e-08
-4.42676e-17
-7.18237e-16
1.53324e-08
2.85218e-17
-7.19693e-17
-1.09521e-15
3.68832e-08
-1.01881e-16
-8.47531e-16
5.12559e-08
-1.55855e-16
-8.85158e-16
5.12559e-08
-9.42017e-17
-5.17031e-16
3.68832e-08
-3.12423e-15
1.53324e-08
-5.84668e-17
-6.66321e-16
1.88857e-08
3.64184e-17
-9.52113e-17
-1.03716e-15
4.50851e-08
-1.34799e-16
-8.18531e-16
6.2712e-08
-2.07498e-16
-8.54221e-16
6.2712e-08
-1.22653e-16
-5.76963e-16
4.50851e-08
-3.17489e-15
1.88857e-08
-7.9019e-17
-6.014e-16
2.29799e-08
4.5097e-17
-1.26882e-16
-9.33689e-16
5.4389e-08
-1.79993e-16
-7.57877e-16
7.5734e-08
-2.75215e-16
-7.90325e-16
7.5734e-08
-1.60493e-16
-6.30114e-16
5.4389e-08
-3.24873e-15
2.29799e-08
-1.06794e-16
-5.24773e-16
2.73861e-08
5.50411e-17
-1.6952e-16
-8.15179e-16
6.42239e-08
-2.4001e-16
-6.92189e-16
8.9543e-08
-3.60425e-16
-7.03835e-16
8.9543e-08
-2.19357e-16
-7.11505e-16
6.42239e-08
-2.5461e-15
2.73861e-08
-1.42675e-16
-4.53683e-16
3.14534e-08
6.034e-17
-2.23489e-16
-6.39109e-16
7.30867e-08
-3.14057e-16
-5.72169e-16
1.02066e-07
-4.59032e-16
-5.52522e-16
1.02066e-07
-2.82319e-16
-6.21251e-16
7.30867e-08
-2.42685e-15
3.14534e-08
-1.78121e-16
-2.46901e-16
3.36367e-08
6.65159e-17
-2.79774e-16
-3.74389e-16
7.75291e-08
-3.87104e-16
-3.55697e-16
1.08511e-07
-5.32108e-16
-3.15641e-16
1.08511e-07
-3.64899e-16
-5.56309e-16
7.75291e-08
-9.65895e-16
3.36367e-08
-1.93028e-16
-7.67575e-17
3.05588e-08
6.22431e-17
-3.04327e-16
-9.49071e-17
7.00874e-08
-4.09371e-16
-1.13394e-16
9.84233e-08
-5.05167e-16
-7.19433e-17
9.84233e-08
-3.81549e-16
-1.84339e-16
7.00874e-08
6.64107e-17
3.05588e-08
-1.2089e-16
1.51602e-08
2.90035e-17
-1.89213e-16
3.50151e-08
-2.42804e-16
4.95107e-08
-2.24928e-16
4.95107e-08
-2.03968e-16
3.50151e-08
1.51602e-08
5.01369e-17
-7.38879e-16
1.53324e-08
-1.83937e-17
2.36107e-17
-7.18441e-16
3.68832e-08
5.80985e-18
-6.89389e-16
5.12559e-08
2.43106e-17
-5.39559e-16
5.12559e-08
1.98543e-17
-5.09502e-16
3.68832e-08
1.16973e-15
1.53324e-08
6.27391e-17
-7.25484e-16
1.88857e-08
-2.37263e-17
3.03058e-17
-6.63954e-16
4.50851e-08
7.92854e-18
-6.35805e-16
6.2712e-08
3.51581e-17
-4.81239e-16
6.2712e-08
2.77764e-17
-4.33657e-16
4.50851e-08
1.26183e-15
1.88857e-08
7.86511e-17
-6.56404e-16
2.29799e-08
-2.99278e-17
3.89886e-17
-5.96675e-16
5.4389e-08
1.23292e-17
-5.62714e-16
7.5734e-08
5.15666e-17
-4.14318e-16
7.5734e-08
4.14878e-17
-3.08506e-16
5.4389e-08
1.40029e-15
2.29799e-08
9.72826e-17
-5.75925e-16
2.73861e-08
-3.77162e-17
5.00679e-17
-5.12214e-16
6.42239e-08
2.07926e-17
-4.71463e-16
8.9543e-08
7.62488e-17
-3.42516e-16
8.9543e-08
7.41147e-17
-1.91834e-16
6.42239e-08
7.82318e-16
2.73861e-08
1.17035e-16
-4.08731e-16
3.14534e-08
-4.11743e-17
6.40847e-17
-3.77896e-16
7.30867e-08
3.62057e-17
-3.48018e-16
1.02066e-07
1.13617e-16
-2.59838e-16
1.02066e-07
1.0798e-16
-1.78103e-16
7.30867e-08
1.09247e-15
3.14534e-08
1.3021e-16
-2.4588e-16
3.36367e-08
-4.82123e-17
7.89236e-17
-2.05352e-16
7.75291e-08
6.05161e-17
-1.76766e-16
1.08511e-07
1.50321e-16
-1.44626e-16
1.08511e-07
1.69174e-16
5.80725e-17
7.75291e-08
3.60374e-16
3.36367e-08
1.2015e-16
-4.06256e-17
3.05588e-08
-4.87941e-17
8.60197e-17
-3.34719e-17
7.00874e-08
8.78193e-17
-1.60532e-17
9.84233e-08
1.74732e-16
-4.10106e-18
9.84233e-08
2.09778e-16
6.48571e-17
7.00874e-08
-9.75368e-17
3.05588e-08
5.49338e-17
1.51602e-08
-2.55808e-17
5.70595e-17
3.50151e-08
7.54235e-17
4.95107e-08
1.02074e-16
4.95107e-08
1.36893e-16
3.50151e-08
1.51602e-08
-6.88532e-17
2.8602e-16
1.53324e-08
2.00485e-17
-1.02886e-16
-3.14111e-16
3.68832e-08
-1.24382e-16
-2.86756e-16
5.12559e-08
-1.52016e-16
-2.77506e-16
5.12559e-08
-9.88204e-17
3.18169e-17
3.68832e-08
-1.68301e-15
1.53324e-08
-8.75674e-17
2.92532e-16
1.88857e-08
2.62092e-17
-1.30681e-16
-2.92749e-16
4.50851e-08
-1.57051e-16
-2.8824e-16
6.2712e-08
-1.95842e-16
-2.78252e-16
6.2712e-08
-1.25959e-16
-1.91168e-17
4.50851e-08
-1.74645e-15
1.88857e-08
-1.12496e-16
2.55465e-16
2.29799e-08
3.32562e-17
-1.65086e-16
-2.58828e-16
5.4389e-08
-1.9824e-16
-2.85819e-16
7.5734e-08
-2.5075e-16
-2.715e-16
7.5734e-08
-1.61516e-16
-1.09325e-16
5.4389e-08
-1.8672e-15
2.29799e-08
-1.43196e-16
2.20146e-16
2.73861e-08
4.19934e-17
-2.06154e-16
-2.17315e-16
6.42239e-08
-2.47839e-16
-2.69277e-16
8.9543e-08
-3.17356e-16
-2.60919e-16
8.9543e-08
-2.17559e-16
-2.07424e-16
6.42239e-08
-1.20069e-15
2.73861e-08
-1.77983e-16
1.23696e-16
3.14534e-08
4.6072e-17
-2.50093e-16
-1.68162e-16
7.30867e-08
-3.0283e-16
-2.42416e-16
1.02066e-07
-3.92771e-16
-2.15916e-16
1.02066e-07
-2.72538e-16
-1.60447e-16
7.30867e-08
-1.44679e-15
3.14534e-08
-2.06159e-16
5.12714e-17
3.36367e-08
5.21419e-17
-2.85497e-16
-1.18e-16
7.75291e-08
-3.49649e-16
-1.84497e-16
1.08511e-07
-4.47748e-16
-1.34367e-16
1.08511e-07
-3.45882e-16
-2.89327e-16
7.75291e-08
-5.33565e-16
3.36367e-08
-2.01895e-16
-3.46093e-17
3.05588e-08
4.9168e-17
-2.76746e-16
-6.52515e-17
7.00874e-08
-3.48612e-16
-9.74538e-17
9.84233e-08
-4.35069e-16
-6.03487e-17
9.84233e-08
-3.69847e-16
-1.417e-16
7.00874e-08
6.99126e-17
3.05588e-08
-1.06991e-16
1.51602e-08
2.17626e-17
-1.47231e-16
3.50151e-08
-1.99824e-16
4.95107e-08
-2.19713e-16
4.95107e-08
-2.15184e-16
3.50151e-08
1.51602e-08
4.55787e-17
-2.93745e-16
1.53324e-08
-1.94397e-17
4.09088e-17
-2.8302e-16
3.68832e-08
4.64776e-17
-2.56179e-16
5.12559e-08
7.44994e-17
-7.5461e-17
5.12559e-08
4.52417e-17
-5.31761e-17
3.68832e-08
2.19026e-15
1.53324e-08
5.7422e-17
-3.17924e-16
1.88857e-08
-2.42678e-17
5.46383e-17
-2.63552e-16
4.50851e-08
6.45456e-17
-2.33187e-16
6.2712e-08
1.04075e-16
-6.57724e-17
6.2712e-08
6.1591e-17
8.62514e-18
4.50851e-08
2.27321e-15
1.88857e-08
7.26702e-17
-3.04538e-16
2.29799e-08
-2.96144e-17
7.36038e-17
-2.22448e-16
5.4389e-08
9.08776e-17
-1.99809e-16
7.5734e-08
1.45993e-16
-4.87897e-17
7.5734e-08
8.66765e-17
8.12874e-17
5.4389e-08
2.38339e-15
2.29799e-08
9.15029e-17
-2.78615e-16
2.73861e-08
-3.59369e-17
9.90574e-17
-1.84067e-16
6.42239e-08
1.28091e-16
-1.59211e-16
8.9543e-08
2.03039e-16
-3.83928e-17
8.9543e-08
1.35405e-16
1.81454e-16
6.42239e-08
1.64481e-15
2.73861e-08
1.12331e-16
-1.97243e-16
3.14534e-08
-3.78254e-17
1.31003e-16
-1.19782e-16
7.30867e-08
1.77787e-16
-1.11717e-16
1.02066e-07
2.78926e-16
-3.28524e-17
1.02066e-07
1.89184e-16
1.14261e-16
7.30867e-08
1.78694e-15
3.14534e-08
1.27509e-16
-1.36042e-16
3.36367e-08
-4.27589e-17
1.64912e-16
-4.73096e-17
7.75291e-08
2.35489e-16
-4.47041e-17
1.08511e-07
3.49471e-16
-5.23266e-17
1.08511e-07
2.75175e-16
2.09304e-16
7.75291e-08
6.24186e-16
3.36367e-08
1.20952e-16
-3.19351e-17
3.05588e-08
-4.25207e-17
1.80237e-16
4.46896e-18
7.00874e-08
2.67294e-16
-8.86941e-18
9.84233e-08
3.72501e-16
-3.3793e-17
9.84233e-08
3.22945e-16
4.69221e-17
7.00874e-08
-1.38837e-16
3.05588e-08
5.79939e-17
1.51602e-08
-2.23605e-17
1.15029e-16
3.50151e-08
1.76614e-16
4.95107e-08
2.04451e-16
4.95107e-08
2.02644e-16
3.50151e-08
1.51602e-08
-9.51054e-17
2.74781e-16
1.53324e-08
3.49345e-17
-1.04884e-16
-3.83098e-16
3.68832e-08
-8.89211e-17
-3.41727e-16
5.12559e-08
-7.60675e-17
-2.26403e-16
5.12559e-08
-5.3273e-17
1.29845e-16
3.68832e-08
-1.03871e-16
1.53324e-08
-1.20491e-16
2.74517e-16
1.88857e-08
4.49572e-17
-1.33274e-16
-3.76128e-16
4.50851e-08
-1.10258e-16
-3.67559e-16
6.2712e-08
-9.41451e-17
-2.36347e-16
6.2712e-08
-6.59274e-17
1.32521e-16
4.50851e-08
-1.59074e-16
1.88857e-08
-1.53272e-16
2.38927e-16
2.29799e-08
5.68648e-17
-1.68081e-16
-3.42338e-16
5.4389e-08
-1.36117e-16
-3.58096e-16
7.5734e-08
-1.15579e-16
-2.22989e-16
7.5734e-08
-8.09759e-17
9.23547e-17
5.4389e-08
-3.38619e-16
2.29799e-08
-1.92265e-16
2.11364e-16
2.73861e-08
7.12149e-17
-2.09012e-16
-2.9329e-16
6.42239e-08
-1.66286e-16
-3.34361e-16
8.9543e-08
-1.40063e-16
-1.97613e-16
8.9543e-08
-1.08698e-16
5.60551e-17
6.42239e-08
1.49482e-16
2.73861e-08
-2.35086e-16
1.21736e-16
3.14534e-08
8.12446e-17
-2.52568e-16
-2.29747e-16
7.30867e-08
-1.99257e-16
-2.85146e-16
1.02066e-07
-1.68565e-16
-1.66863e-16
1.02066e-07
-1.2698e-16
1.07555e-16
7.30867e-08
-4.19314e-16
3.14534e-08
-2.68141e-16
3.43021e-17
3.36367e-08
9.04277e-17
-2.87371e-16
-1.66299e-16
7.75291e-08
-2.29615e-16
-2.23233e-16
1.08511e-07
-1.87609e-16
-1.14583e-16
1.08511e-07
-1.58135e-16
-1.01241e-16
7.75291e-08
-1.87415e-16
3.36367e-08
-2.58292e-16
-5.74033e-17
3.05588e-08
8.33467e-17
-2.78991e-16
-9.32167e-17
7.00874e-08
-2.34921e-16
-1.13976e-16
9.84233e-08
-1.942e-16
-8.68953e-17
9.84233e-08
-1.7138e-16
-1.04674e-16
7.00874e-08
-2.72136e-17
3.05588e-08
-1.34197e-16
1.51602e-08
3.81195e-17
-1.50225e-16
3.50151e-08
-1.45753e-16
4.95107e-08
-1.17256e-16
4.95107e-08
-1.0166e-16
3.50151e-08
1.51602e-08
7.40023e-17
-3.96102e-17
1.53324e-08
-3.87076e-17
9.01164e-17
-2.90223e-17
3.68832e-08
1.20549e-16
-2.3291e-18
5.12559e-08
1.78491e-16
4.99933e-16
5.12559e-08
8.55346e-17
6.26205e-16
3.68832e-08
4.95554e-15
1.53324e-08
9.27171e-17
-1.01824e-16
1.88857e-08
-4.8562e-17
1.16944e-16
-4.23315e-17
4.50851e-08
1.6066e-16
1.17438e-18
6.2712e-08
2.43417e-16
4.83306e-16
6.2712e-08
1.17315e-16
7.64105e-16
4.50851e-08
5.00257e-15
1.88857e-08
1.1657e-16
-1.20654e-16
2.29799e-08
-6.00675e-17
1.52216e-16
-2.16234e-17
5.4389e-08
2.15649e-16
3.42898e-17
7.5734e-08
3.31926e-16
4.7696e-16
7.5734e-08
1.6399e-16
8.41079e-16
5.4389e-08
5.07552e-15
2.29799e-08
1.46164e-16
-1.30398e-16
2.73861e-08
-7.33063e-17
1.97098e-16
1.56628e-19
6.42239e-08
2.8817e-16
6.30695e-17
8.9543e-08
4.48303e-16
4.43908e-16
8.9543e-08
2.39518e-16
9.90785e-16
6.42239e-08
4.36401e-15
2.73861e-08
1.78964e-16
-8.68202e-17
3.14534e-08
-8.26663e-17
2.49737e-16
2.82342e-17
7.30867e-08
3.76883e-16
9.7083e-17
1.02066e-07
5.91387e-16
3.56445e-16
1.02066e-07
3.41014e-16
9.352e-16
7.30867e-08
3.71637e-15
3.14534e-08
2.03876e-16
-7.61841e-17
3.36367e-08
-9.20893e-17
2.99226e-16
5.50826e-17
7.75291e-08
4.6334e-16
9.41437e-17
1.08511e-07
7.17406e-16
2.18636e-16
1.08511e-07
4.82577e-16
7.37285e-16
7.75291e-08
1.43062e-15
3.36367e-08
1.95735e-16
-8.75571e-18
3.05588e-08
-8.84169e-17
3.06868e-16
4.94979e-17
7.00874e-08
4.86048e-16
6.22262e-17
9.84233e-08
7.11554e-16
3.31468e-17
9.84233e-08
5.46251e-16
2.03088e-16
7.00874e-08
-1.46146e-16
3.05588e-08
9.91124e-17
1.51602e-08
-4.6664e-17
1.78715e-16
3.50151e-08
2.85517e-16
4.95107e-08
3.42105e-16
4.95107e-08
3.3172e-16
3.50151e-08
1.51602e-08
-9.61844e-17
4.44039e-16
1.53324e-08
2.90528e-17
-1.27222e-16
-3.75895e-16
3.68832e-08
-9.2143e-17
-7.97786e-16
5.12559e-08
-2.48389e-17
-1.94961e-15
5.12559e-08
9.85696e-18
-1.14828e-15
3.68832e-08
-2.89859e-15
1.53324e-08
-1.23038e-16
4.5725e-16
1.88857e-08
3.78943e-17
-1.67752e-16
-3.03604e-16
4.50851e-08
-1.2429e-16
-7.84536e-16
6.2712e-08
-3.74619e-17
-1.96592e-15
6.2712e-08
8.45992e-18
-1.19585e-15
4.50851e-08
-2.89726e-15
1.88857e-08
-1.5925e-16
4.11999e-16
2.29799e-08
4.87728e-17
-2.21286e-16
-2.3015e-16
5.4389e-08
-1.72574e-16
-7.75952e-16
7.5734e-08
-5.58225e-17
-1.84287e-15
7.5734e-08
2.51229e-18
-1.20937e-15
5.4389e-08
-2.97462e-15
2.29799e-08
-2.05112e-16
3.48152e-16
2.73861e-08
6.19894e-17
-2.91373e-16
-1.5362e-16
6.42239e-08
-2.40117e-16
-7.47071e-16
8.9543e-08
-8.45097e-17
-1.95404e-15
8.9543e-08
-1.89065e-17
-1.1954e-15
6.42239e-08
-2.4438e-15
2.73861e-08
-2.57597e-16
2.47031e-16
3.14534e-08
7.17838e-17
-3.74444e-16
-9.37536e-17
7.30867e-08
-3.47778e-16
-7.50554e-16
1.02066e-07
-1.15955e-16
-1.06953e-15
1.02066e-07
-5.54931e-17
-1.05407e-15
7.30867e-08
-2.17421e-15
3.14534e-08
-3.02114e-16
1.47339e-16
3.36367e-08
8.12081e-17
-4.5597e-16
-4.42993e-17
7.75291e-08
-4.49689e-16
-3.88076e-16
1.08511e-07
-1.67057e-16
-2.27023e-16
1.08511e-07
-1.29843e-16
-6.67778e-16
7.75291e-08
-8.11484e-16
3.36367e-08
-3.00348e-16
1.99276e-17
3.05588e-08
7.6632e-17
-4.61656e-16
2.54165e-17
7.00874e-08
-5.00696e-16
-3.53671e-17
9.84233e-08
-1.99625e-16
2.61387e-16
9.84233e-08
-1.94857e-16
-1.25945e-16
7.00874e-08
1.07274e-16
3.05588e-08
-1.62575e-16
1.51602e-08
3.72222e-17
-2.50454e-16
3.50151e-08
-3.30704e-16
4.95107e-08
-1.15374e-16
4.95107e-08
-1.52412e-16
3.50151e-08
1.51602e-08
1.64845e-16
1.40146e-15
1.53324e-08
-9.35041e-17
1.63396e-16
1.88242e-15
3.68832e-08
1.1077e-16
2.15103e-15
5.12559e-08
9.13312e-18
2.98053e-15
5.12559e-08
-1.03541e-16
3.32624e-15
3.68832e-08
4.8961e-15
1.53324e-08
2.0779e-16
1.23956e-15
1.88857e-08
-1.16319e-16
2.12267e-16
1.75765e-15
4.50851e-08
1.48586e-16
2.10895e-15
6.2712e-08
1.7733e-17
2.96577e-15
6.2712e-08
-1.28866e-16
3.35658e-15
4.50851e-08
4.81327e-15
1.88857e-08
2.60746e-16
1.04943e-15
2.29799e-08
-1.42918e-16
2.763e-16
1.55807e-15
5.4389e-08
2.02319e-16
1.93281e-15
7.5734e-08
3.18459e-17
2.88933e-15
7.5734e-08
-1.57305e-16
3.31666e-15
5.4389e-08
4.7394e-15
2.29799e-08
3.23534e-16
8.35718e-16
2.73861e-08
-1.72402e-16
3.5842e-16
1.30015e-15
6.42239e-08
2.79471e-16
1.71616e-15
8.9543e-08
5.48063e-17
2.87126e-15
8.9543e-08
-1.78366e-16
3.14013e-15
6.42239e-08
3.95873e-15
2.73861e-08
3.90919e-16
5.99896e-16
3.14534e-08
-1.9711e-16
4.56415e-16
9.64798e-16
7.30867e-08
3.9586e-16
1.46802e-15
1.02066e-07
8.43895e-17
1.95356e-15
1.02066e-07
-1.91205e-16
2.53257e-15
7.30867e-08
3.37251e-15
3.14534e-08
4.40859e-16
2.72758e-16
3.36367e-08
-2.14736e-16
5.56314e-16
5.37296e-16
7.75291e-08
5.09859e-16
7.38763e-16
1.08511e-07
1.28817e-16
7.02923e-16
1.08511e-07
-1.58374e-16
1.27562e-15
7.75291e-08
1.43808e-15
3.36367e-08
4.22969e-16
3.70922e-17
3.05588e-08
-2.00028e-16
5.77779e-16
9.72739e-17
7.00874e-08
5.54274e-16
4.87094e-17
9.84233e-08
1.42462e-16
-2.23425e-16
9.84233e-08
-9.67841e-17
7.88243e-17
7.00874e-08
9.81226e-18
3.05588e-08
2.20832e-16
1.51602e-08
-1.02528e-16
3.35162e-16
3.50151e-08
3.45045e-16
4.95107e-08
6.3615e-17
4.95107e-08
-1.72838e-17
3.50151e-08
1.51602e-08
-8.02008e-17
1.38655e-15
1.53324e-08
6.62754e-18
-1.15233e-16
9.30685e-16
3.68832e-08
-1.02064e-16
9.36292e-16
5.12559e-08
-7.35479e-17
8.82744e-16
5.12559e-08
-2.55415e-17
6.09146e-16
3.68832e-08
8.85789e-17
1.53324e-08
-1.06592e-16
1.30679e-15
1.88857e-08
1.20397e-17
-1.54671e-16
8.74572e-16
4.50851e-08
-1.34576e-16
9.26193e-16
6.2712e-08
-9.40164e-17
8.88849e-16
6.2712e-08
-3.05051e-17
5.98573e-16
4.50851e-08
8.62163e-17
1.88857e-08
-1.44377e-16
1.09177e-15
2.29799e-08
1.99772e-17
-2.07496e-16
7.40067e-16
5.4389e-08
-1.7824e-16
8.35766e-16
7.5734e-08
-1.19594e-16
8.66217e-16
7.5734e-08
-3.62452e-17
5.69143e-16
5.4389e-08
8.66877e-17
2.29799e-08
-1.94884e-16
8.60445e-16
2.73861e-08
3.18725e-17
-2.76177e-16
5.8689e-16
6.42239e-08
-2.34398e-16
7.43439e-16
8.9543e-08
-1.49946e-16
8.2218e-16
8.9543e-08
-4.15442e-17
5.29682e-16
6.42239e-08
8.84297e-17
2.73861e-08
-2.56062e-16
5.54635e-16
3.14534e-08
4.33416e-17
-3.57634e-16
4.09277e-16
7.30867e-08
-3.0372e-16
5.64496e-16
1.02066e-07
-1.83211e-16
7.05981e-16
1.02066e-07
-4.46408e-17
4.50214e-16
7.30867e-08
8.17302e-17
3.14534e-08
-3.15948e-16
2.10716e-16
3.36367e-08
5.82695e-17
-4.39631e-16
1.60271e-16
7.75291e-08
-3.7633e-16
3.29488e-16
1.08511e-07
-2.12442e-16
4.96183e-16
1.08511e-07
-4.32153e-17
3.31421e-16
7.75291e-08
7.65795e-17
3.36367e-08
-3.32598e-16
-6.55323e-17
3.05588e-08
6.33896e-17
-4.65972e-16
-2.0882e-17
7.00874e-08
-4.11307e-16
7.84056e-17
9.84233e-08
-2.16265e-16
2.13878e-16
9.84233e-08
-3.44253e-17
1.445e-16
7.00874e-08
4.48509e-17
3.05588e-08
-1.9705e-16
1.51602e-08
3.55457e-17
-2.81679e-16
3.50151e-08
-2.67747e-16
4.95107e-08
-1.3181e-16
4.95107e-08
-1.69124e-17
3.50151e-08
1.51602e-08
1.00743e-16
-6.0453e-16
1.53324e-08
-3.49432e-17
1.18425e-16
-2.51284e-16
3.68832e-08
1.06091e-16
-2.46274e-16
5.12559e-08
9.10979e-17
-3.30339e-16
5.12559e-08
6.30056e-17
-5.69105e-16
3.68832e-08
-6.66621e-16
1.53324e-08
1.27681e-16
-5.77091e-16
1.88857e-08
-4.45215e-17
1.53476e-16
-1.98217e-16
4.50851e-08
1.37054e-16
-2.10678e-16
6.2712e-08
1.16559e-16
-3.05562e-16
6.2712e-08
7.99387e-17
-5.25619e-16
4.50851e-08
-6.11393e-16
1.88857e-08
1.62495e-16
-4.93029e-16
2.29799e-08
-5.59527e-17
1.98788e-16
-1.14308e-16
5.4389e-08
1.76927e-16
-1.49824e-16
7.5734e-08
1.48773e-16
-2.46835e-16
7.5734e-08
1.01007e-16
-4.48309e-16
5.4389e-08
-5.28296e-16
2.29799e-08
2.04464e-16
-4.1209e-16
2.73861e-08
-6.96993e-17
2.54975e-16
-4.05231e-17
6.42239e-08
2.27199e-16
-8.91064e-17
8.9543e-08
1.88634e-16
-1.93222e-16
8.9543e-08
1.26327e-16
-3.66504e-16
6.42239e-08
-4.41273e-16
2.73861e-08
2.50842e-16
-2.58045e-16
3.14534e-08
-7.96479e-17
3.19694e-16
4.17862e-17
7.30867e-08
2.87226e-16
-1.62791e-17
1.02066e-07
2.35454e-16
-1.11423e-16
1.02066e-07
1.54284e-16
-2.61401e-16
7.30867e-08
-3.19001e-16
3.14534e-08
2.8968e-16
-8.61919e-17
3.36367e-08
-8.81017e-17
3.81609e-16
1.35225e-16
7.75291e-08
3.49145e-16
9.26532e-17
1.08511e-07
2.79844e-16
-5.63299e-18
1.08511e-07
1.77209e-16
-1.19675e-16
7.75291e-08
-1.64587e-16
3.36367e-08
2.85451e-16
7.3897e-17
3.05588e-08
-8.06215e-17
3.98613e-16
1.56425e-16
7.00874e-08
3.75034e-16
1.17992e-16
9.84233e-08
2.92631e-16
4.93818e-17
9.84233e-08
1.76331e-16
-6.65263e-19
7.00874e-08
-3.02475e-17
3.05588e-08
1.56875e-16
1.51602e-08
-3.67851e-17
2.44172e-16
3.50151e-08
2.37555e-16
4.95107e-08
1.77554e-16
4.95107e-08
1.01024e-16
3.50151e-08
1.51602e-08
-3.80757e-17
9.57227e-16
1.53324e-08
2.31245e-18
-4.70462e-17
6.93229e-16
3.68832e-08
-3.30716e-17
6.16851e-16
5.12559e-08
-1.82026e-17
4.7301e-16
5.12559e-08
-1.02145e-17
3.47786e-16
3.68832e-08
1.9564e-16
1.53324e-08
-5.1225e-17
9.05624e-16
1.88857e-08
5.22614e-18
-6.48608e-17
6.41553e-16
4.50851e-08
-4.59317e-17
5.85857e-16
6.2712e-08
-2.57275e-17
4.57509e-16
6.2712e-08
-1.42133e-17
3.40605e-16
4.50851e-08
1.91674e-16
1.88857e-08
-7.12776e-17
7.63547e-16
2.29799e-08
9.20118e-18
-8.99421e-17
5.29358e-16
5.4389e-08
-6.43115e-17
4.93231e-16
7.5734e-08
-3.63444e-17
3.96573e-16
7.5734e-08
-1.96007e-17
3.00607e-16
5.4389e-08
1.73252e-16
2.29799e-08
-9.91339e-17
6.06681e-16
2.73861e-08
1.51443e-17
-1.24193e-16
3.91694e-16
6.42239e-08
-8.96313e-17
3.78398e-16
8.9543e-08
-5.13026e-17
3.1395e-16
8.9543e-08
-2.66378e-17
2.50249e-16
6.42239e-08
1.47219e-16
2.73861e-08
-1.34311e-16
3.86687e-16
3.14534e-08
1.82588e-17
-1.67206e-16
2.30643e-16
7.30867e-08
-1.23685e-16
2.19486e-16
1.02066e-07
-7.18911e-17
2.07918e-16
1.02066e-07
-3.58463e-17
1.79341e-16
7.30867e-08
1.10046e-16
3.14534e-08
-1.69744e-16
1.53783e-16
3.36367e-08
2.50255e-17
-2.13331e-16
4.18521e-17
7.75291e-08
-1.64116e-16
5.68442e-17
1.08511e-07
-9.71198e-17
8.40892e-17
1.08511e-07
-4.65831e-17
9.80502e-17
7.75291e-08
6.88086e-17
3.36367e-08
-1.81972e-16
-3.67382e-17
3.05588e-08
2.70932e-17
-2.34816e-16
-6.55248e-17
7.00874e-08
-1.90909e-16
-4.34786e-17
9.84233e-08
-1.16621e-16
-1.23442e-17
9.84233e-08
-5.36228e-17
2.61488e-17
7.00874e-08
2.71792e-17
3.05588e-08
-1.09514e-16
1.51602e-08
1.29754e-17
-1.5047e-16
3.50151e-08
-1.34151e-16
4.95107e-08
-8.31649e-17
4.95107e-08
-3.57942e-17
3.50151e-08
1.51602e-08
7.37011e-17
-9.06142e-16
1.53324e-08
-1.87245e-17
8.94532e-17
-5.9858e-16
3.68832e-08
7.42496e-17
-5.23459e-16
5.12559e-08
5.03831e-17
-5.04421e-16
5.12559e-08
2.4021e-17
-4.83536e-16
3.68832e-08
-3.58337e-16
1.53324e-08
9.32025e-17
-8.60691e-16
1.88857e-08
-2.42278e-17
1.15366e-16
-5.4838e-16
4.50851e-08
9.49577e-17
-4.91148e-16
6.2712e-08
6.33667e-17
-4.71741e-16
6.2712e-08
3.01232e-17
-4.42498e-16
4.50851e-08
-3.2876e-16
1.88857e-08
1.18611e-16
-7.53493e-16
2.29799e-08
-3.06957e-17
1.48412e-16
-4.66602e-16
5.4389e-08
1.2086e-16
-4.36318e-16
7.5734e-08
7.92064e-17
-4.16614e-16
7.5734e-08
3.75483e-17
-3.88007e-16
5.4389e-08
-2.90471e-16
2.29799e-08
1.49008e-16
-6.36258e-16
2.73861e-08
-3.86762e-17
1.88283e-16
-3.68418e-16
6.42239e-08
1.52289e-16
-3.60366e-16
8.9543e-08
9.8194e-17
-3.56375e-16
8.9543e-08
4.63806e-17
-3.27466e-16
6.42239e-08
-2.40319e-16
2.73861e-08
1.81969e-16
-4.39101e-16
3.14534e-08
-4.24391e-17
2.31802e-16
-2.53698e-16
7.30867e-08
1.87428e-16
-2.53106e-16
1.02066e-07
1.19065e-16
-2.64478e-16
1.02066e-07
5.60468e-17
-2.40099e-16
7.30867e-08
-1.79624e-16
3.14534e-08
2.07153e-16
-2.24491e-16
3.36367e-08
-4.74506e-17
2.68993e-16
-9.46952e-17
7.75291e-08
2.18846e-16
-1.20775e-16
1.08511e-07
1.37687e-16
-1.45774e-16
1.08511e-07
6.43001e-17
-1.26158e-16
7.75291e-08
-9.79583e-17
3.36367e-08
1.99215e-16
-1.18235e-17
3.05588e-08
-4.3554e-17
2.67529e-16
2.11418e-17
7.00874e-08
2.22612e-16
-1.07443e-17
9.84233e-08
1.39812e-16
-2.14868e-17
9.84233e-08
6.48446e-17
-3.11454e-17
7.00874e-08
-3.11716e-17
3.05588e-08
1.03656e-16
1.51602e-08
-1.83163e-17
1.52768e-16
3.50151e-08
1.33636e-16
4.95107e-08
8.30404e-17
4.95107e-08
3.83527e-17
3.50151e-08
1.51602e-08
-6.873e-17
9.90521e-16
1.53324e-08
1.54634e-17
-9.17325e-17
6.94514e-16
3.68832e-08
-8.30647e-17
6.93825e-16
5.12559e-08
-6.76603e-17
6.73185e-16
5.12559e-08
-4.14451e-17
6.74651e-16
3.68832e-08
5.56557e-16
1.53324e-08
-8.88473e-17
9.38366e-16
1.88857e-08
2.13917e-17
-1.20954e-16
6.30063e-16
4.50851e-08
-1.08728e-16
6.44186e-16
6.2712e-08
-8.69495e-17
6.35141e-16
6.2712e-08
-5.26357e-17
6.25179e-16
4.50851e-08
5.16733e-16
1.88857e-08
-1.16572e-16
7.99675e-16
2.29799e-08
2.8731e-17
-1.59778e-16
5.00984e-16
5.4389e-08
-1.4221e-16
5.30943e-16
7.5734e-08
-1.11199e-16
5.41848e-16
7.5734e-08
-6.62208e-17
5.37705e-16
5.4389e-08
4.48536e-16
2.29799e-08
-1.51875e-16
6.54017e-16
2.73861e-08
3.83115e-17
-2.08756e-16
3.64093e-16
6.42239e-08
-1.84371e-16
4.05852e-16
8.9543e-08
-1.4091e-16
4.30845e-16
8.9543e-08
-8.21123e-17
4.33725e-16
6.42239e-08
3.68474e-16
2.73861e-08
-1.92798e-16
4.20934e-16
3.14534e-08
4.41872e-17
-2.65196e-16
2.04522e-16
7.30867e-08
-2.34121e-16
2.40456e-16
1.02066e-07
-1.74669e-16
2.8383e-16
1.02066e-07
-9.93717e-17
2.97949e-16
7.30867e-08
2.62586e-16
3.14534e-08
-2.28361e-16
1.61441e-16
3.36367e-08
5.16519e-17
-3.1776e-16
-6.89227e-18
7.75291e-08
-2.82546e-16
3.10045e-17
1.08511e-07
-2.05879e-16
8.6842e-17
1.08511e-07
-1.1305e-16
1.25913e-16
7.75291e-08
1.32074e-16
3.36367e-08
-2.2882e-16
-6.58589e-17
3.05588e-08
4.88506e-17
-3.25859e-16
-1.23138e-16
7.00874e-08
-2.9604e-16
-9.29882e-17
9.84233e-08
-2.10977e-16
-3.70886e-17
9.84233e-08
-1.116e-16
-6.17626e-18
7.00874e-08
2.44835e-17
3.05588e-08
-1.25564e-16
1.51602e-08
2.10388e-17
-1.88926e-16
3.50151e-08
-1.78558e-16
4.95107e-08
-1.23447e-16
4.95107e-08
-6.33452e-17
3.50151e-08
1.51602e-08
6.98576e-17
-7.52367e-16
1.53324e-08
-2.03934e-17
8.10368e-17
-5.12248e-16
3.68832e-08
6.68439e-17
-4.79284e-16
5.12559e-08
4.82085e-17
-4.58842e-16
5.12559e-08
3.04815e-17
-4.54891e-16
3.68832e-08
-3.59273e-16
1.53324e-08
8.91119e-17
-7.13331e-16
1.88857e-08
-2.65559e-17
1.05834e-16
-4.61055e-16
4.50851e-08
8.7045e-17
-4.45375e-16
6.2712e-08
6.24098e-17
-4.30091e-16
6.2712e-08
3.89187e-17
-4.25636e-16
4.50851e-08
-3.31549e-16
1.88857e-08
1.14867e-16
-6.15694e-16
2.29799e-08
-3.39847e-17
1.38447e-16
-3.77695e-16
5.4389e-08
1.13503e-16
-3.79608e-16
7.5734e-08
8.06297e-17
-3.85014e-16
7.5734e-08
4.94461e-17
-3.78709e-16
5.4389e-08
-2.92274e-16
2.29799e-08
1.46707e-16
-5.0952e-16
2.73861e-08
-4.33175e-17
1.79446e-16
-2.809e-16
6.42239e-08
1.47134e-16
-2.9836e-16
8.9543e-08
1.03795e-16
-3.14905e-16
8.9543e-08
6.21529e-17
-3.15497e-16
6.42239e-08
-2.40548e-16
2.73861e-08
1.8278e-16
-3.32977e-16
3.14534e-08
-4.88612e-17
2.26855e-16
-1.67475e-16
7.30867e-08
1.87964e-16
-1.93783e-16
1.02066e-07
1.31759e-16
-2.24388e-16
1.02066e-07
7.64572e-17
-2.41177e-16
7.30867e-08
-1.79396e-16
3.14534e-08
2.12808e-16
-1.57674e-16
3.36367e-08
-5.56556e-17
2.71796e-16
-3.43241e-17
7.75291e-08
2.29991e-16
-7.40301e-17
1.08511e-07
1.59952e-16
-1.197e-16
1.08511e-07
8.95516e-17
-1.39231e-16
7.75291e-08
-1.04678e-16
3.36367e-08
2.10358e-16
1.23852e-17
3.05588e-08
-5.27514e-17
2.81683e-16
4.26608e-17
7.00874e-08
2.48058e-16
1.65181e-17
9.84233e-08
1.7047e-16
-2.25875e-17
9.84233e-08
9.17603e-17
-3.89409e-17
7.00874e-08
-3.44127e-17
3.05588e-08
1.14242e-16
1.51602e-08
-2.41749e-17
1.68154e-16
3.50151e-08
1.57487e-16
4.95107e-08
1.06814e-16
4.95107e-08
5.43038e-17
3.50151e-08
1.51602e-08
-7.64035e-17
1.09925e-15
1.53324e-08
1.60863e-17
-1.01586e-16
7.66127e-16
3.68832e-08
-9.02645e-17
7.33532e-16
5.12559e-08
-7.07938e-17
7.08238e-16
5.12559e-08
-4.09463e-17
7.06089e-16
3.68832e-08
5.91336e-16
1.53324e-08
-9.84947e-17
1.04107e-15
1.88857e-08
2.21565e-17
-1.33452e-16
6.99636e-16
4.50851e-08
-1.17481e-16
6.7747e-16
6.2712e-08
-9.04653e-17
6.61243e-16
6.2712e-08
-5.20388e-17
6.53056e-16
4.50851e-08
5.5034e-16
1.88857e-08
-1.28631e-16
8.95633e-16
2.29799e-08
2.97652e-17
-1.75428e-16
5.73136e-16
5.4389e-08
-1.5268e-16
5.68855e-16
7.5734e-08
-1.15092e-16
5.70061e-16
7.5734e-08
-6.57762e-17
5.60746e-16
5.4389e-08
4.78364e-16
2.29799e-08
-1.6661e-16
7.37933e-16
2.73861e-08
3.97518e-17
-2.2818e-16
4.32852e-16
6.42239e-08
-1.97196e-16
4.47642e-16
8.9543e-08
-1.45491e-16
4.62295e-16
8.9543e-08
-8.23261e-17
4.57894e-16
6.42239e-08
3.98043e-16
2.73861e-08
-2.10348e-16
4.90226e-16
3.14534e-08
4.62679e-17
-2.88803e-16
2.61081e-16
7.30867e-08
-2.49912e-16
2.7171e-16
1.02066e-07
-1.80711e-16
3.10094e-16
1.02066e-07
-1.00905e-16
3.18736e-16
7.30867e-08
2.85313e-16
3.14534e-08
-2.48627e-16
2.07078e-16
3.36367e-08
5.42215e-17
-3.45565e-16
3.20149e-17
7.75291e-08
-3.01008e-16
4.94755e-17
1.08511e-07
-2.1383e-16
1.05535e-16
1.08511e-07
-1.16982e-16
1.34304e-16
7.75291e-08
1.46061e-16
3.36367e-08
-2.49245e-16
-5.10686e-17
3.05588e-08
5.14516e-17
-3.55163e-16
-1.11078e-16
7.00874e-08
-3.17543e-16
-9.32931e-17
9.84233e-08
-2.22103e-16
-3.91389e-17
9.84233e-08
-1.18751e-16
-1.00593e-17
7.00874e-08
2.50446e-17
3.05588e-08
-1.37727e-16
1.51602e-08
2.27407e-17
-2.07771e-16
3.50151e-08
-1.94902e-16
4.95107e-08
-1.33222e-16
4.95107e-08
-7.00244e-17
3.50151e-08
1.51602e-08
2.9186e-17
-6.38108e-16
1.53324e-08
-4.89781e-18
2.04864e-17
-3.9434e-16
3.68832e-08
5.16573e-18
-2.94214e-16
5.12559e-08
-3.72173e-18
-2.11489e-16
5.12559e-08
-2.20532e-18
-1.3181e-16
3.68832e-08
-5.35657e-17
1.53324e-08
3.839e-17
-6.09844e-16
1.88857e-08
-7.07762e-18
2.90298e-17
-3.6467e-16
4.50851e-08
9.20298e-18
-2.87372e-16
6.2712e-08
-2.55139e-18
-2.03954e-16
6.2712e-08
-1.84955e-18
-1.31027e-16
4.50851e-08
-5.5287e-17
1.88857e-08
5.18949e-17
-5.26234e-16
2.29799e-08
-9.81164e-18
4.16161e-17
-3.05334e-16
5.4389e-08
1.57003e-17
-2.53482e-16
7.5734e-08
-4.53456e-20
-1.906e-16
7.5734e-08
-1.05674e-18
-1.26222e-16
5.4389e-08
-5.463e-17
2.29799e-08
7.01268e-17
-4.33787e-16
2.73861e-08
-1.36433e-17
5.93389e-17
-2.30223e-16
6.42239e-08
2.57527e-17
-2.02367e-16
8.9543e-08
4.74931e-18
-1.54352e-16
8.9543e-08
4.01178e-19
-1.06451e-16
6.42239e-08
-4.67843e-17
2.73861e-08
9.25999e-17
-2.8287e-16
3.14534e-08
-1.4186e-17
8.25638e-17
-1.44062e-16
7.30867e-08
4.11556e-17
-1.37158e-16
1.02066e-07
1.32419e-17
-1.06341e-16
1.02066e-07
3.19924e-18
-8.48459e-17
7.30867e-08
-3.74998e-17
3.14534e-08
1.13211e-16
-1.5421e-16
3.36367e-08
-1.79597e-17
1.08072e-16
-6.44611e-17
7.75291e-08
6.23569e-17
-7.84412e-17
1.08511e-07
2.69164e-17
-7.73881e-17
1.08511e-07
7.69911e-18
-6.43643e-17
7.75291e-08
-3.26126e-17
3.36367e-08
1.17237e-16
-1.8714e-17
3.05588e-08
-1.88032e-17
1.23992e-16
-8.96463e-18
7.00874e-08
8.22454e-17
-3.34657e-17
9.84233e-08
4.26164e-17
-3.80917e-17
9.84233e-08
1.31004e-17
-4.41026e-17
7.00874e-08
-1.89614e-17
3.05588e-08
6.57516e-17
1.51602e-08
-8.62673e-18
8.37414e-17
3.50151e-08
6.54959e-17
4.95107e-08
3.78442e-17
4.95107e-08
1.22601e-17
3.50151e-08
1.51602e-08
-1.03235e-16
1.47465e-15
1.53324e-08
1.90709e-17
-1.53679e-16
1.06551e-15
3.68832e-08
-1.47447e-16
1.04309e-15
5.12559e-08
-1.14665e-16
9.83063e-16
5.12559e-08
-5.86381e-17
9.30459e-16
3.68832e-08
6.81629e-16
1.53324e-08
-1.30875e-16
1.38911e-15
1.88857e-08
2.57719e-17
-1.97856e-16
9.90217e-16
4.50851e-08
-1.88266e-16
9.74922e-16
6.2712e-08
-1.44743e-16
9.26307e-16
6.2712e-08
-7.36774e-17
8.69883e-16
4.50851e-08
6.32569e-16
1.88857e-08
-1.67256e-16
1.20018e-15
2.29799e-08
3.42036e-17
-2.5346e-16
8.33766e-16
5.4389e-08
-2.39203e-16
8.3107e-16
7.5734e-08
-1.81129e-16
8.11788e-16
7.5734e-08
-9.19284e-17
7.561e-16
5.4389e-08
5.54651e-16
2.29799e-08
-2.11244e-16
9.90393e-16
2.73861e-08
4.49176e-17
-3.19892e-16
6.56475e-16
6.42239e-08
-2.99681e-16
6.72361e-16
8.9543e-08
-2.23595e-16
6.69638e-16
8.9543e-08
-1.13063e-16
6.31349e-16
6.42239e-08
4.67113e-16
2.73861e-08
-2.58487e-16
6.86993e-16
3.14534e-08
5.19627e-17
-3.9009e-16
4.41957e-16
7.30867e-08
-3.6502e-16
4.4571e-16
1.02066e-07
-2.68205e-16
4.7527e-16
1.02066e-07
-1.35221e-16
4.55107e-16
7.30867e-08
3.4426e-16
3.14534e-08
-2.9549e-16
3.05251e-16
3.36367e-08
5.79234e-17
-4.45289e-16
1.31889e-16
7.75291e-08
-4.18361e-16
1.452e-16
1.08511e-07
-3.0245e-16
2.08089e-16
1.08511e-07
-1.51701e-16
2.21631e-16
7.75291e-08
1.89289e-16
3.36367e-08
-2.8491e-16
-3.83448e-17
3.05588e-08
4.99107e-17
-4.30643e-16
-7.85671e-17
7.00874e-08
-4.12176e-16
-6.06707e-17
9.84233e-08
-2.92282e-16
-9.79901e-18
9.84233e-08
-1.46884e-16
2.84691e-17
7.00874e-08
4.77365e-17
3.05588e-08
-1.48752e-16
1.51602e-08
1.76026e-17
-2.30292e-16
3.50151e-08
-2.28978e-16
4.95107e-08
-1.58017e-16
4.95107e-08
-8.14836e-17
3.50151e-08
1.51602e-08
1.17691e-16
1.44014e-15
1.53324e-08
-8.44013e-17
8.01217e-17
1.27926e-15
3.68832e-08
5.92513e-17
1.08043e-15
5.12559e-08
4.05173e-17
7.81246e-16
5.12559e-08
1.90376e-17
4.98845e-16
3.68832e-08
2.35435e-16
1.53324e-08
1.46634e-16
1.26985e-15
1.88857e-08
-1.04683e-16
1.02075e-16
1.17133e-15
4.50851e-08
7.84246e-17
1.08676e-15
6.2712e-08
5.43048e-17
7.77704e-16
6.2712e-08
2.53123e-17
4.78168e-16
4.50851e-08
2.23748e-16
1.88857e-08
1.81107e-16
1.08871e-15
2.29799e-08
-1.27872e-16
1.32148e-16
1.10498e-15
5.4389e-08
1.04536e-16
1.01174e-15
7.5734e-08
7.34759e-17
7.17972e-16
7.5734e-08
3.40127e-17
4.15493e-16
5.4389e-08
1.86703e-16
2.29799e-08
2.2244e-16
8.71965e-16
2.73861e-08
-1.53135e-16
1.70945e-16
9.53127e-16
6.42239e-08
1.40779e-16
9.15176e-16
8.9543e-08
1.00085e-16
6.40367e-16
8.9543e-08
4.61436e-17
3.39891e-16
6.42239e-08
1.44832e-16
2.73861e-08
2.65552e-16
6.18208e-16
3.14534e-08
-1.73586e-16
2.21756e-16
7.89854e-16
7.30867e-08
1.89627e-16
7.38999e-16
1.02066e-07
1.35356e-16
5.0579e-16
1.02066e-07
6.15377e-17
2.45706e-16
7.30867e-08
9.67938e-17
3.14534e-08
2.96645e-16
2.82782e-16
3.36367e-08
-1.86931e-16
2.77662e-16
5.07112e-16
7.75291e-08
2.4853e-16
4.66244e-16
1.08511e-07
1.76811e-16
3.02494e-16
1.08511e-07
7.86815e-17
1.18298e-16
7.75291e-08
3.16865e-17
3.36367e-08
2.82764e-16
5.63337e-17
3.05588e-08
-1.7145e-16
3.11052e-16
1.83757e-16
7.00874e-08
2.91618e-16
1.56252e-16
9.84233e-08
2.04905e-16
8.51269e-17
9.84233e-08
8.7993e-17
1.17997e-17
7.00874e-08
-1.39574e-17
3.05588e-08
1.46308e-16
1.51602e-08
-8.61909e-17
2.11187e-16
3.50151e-08
2.04869e-16
4.95107e-08
1.4195e-16
4.95107e-08
5.80848e-17
3.50151e-08
1.51602e-08
-5.60843e-18
-2.6365e-17
1.53324e-08
2.77559e-17
6.50509e-17
4.94763e-16
3.68832e-08
9.8241e-17
4.68e-16
5.12559e-08
1.0171e-16
3.02126e-16
5.12559e-08
6.91867e-17
-6.19977e-17
3.68832e-08
-2.61221e-16
1.53324e-08
-7.34901e-18
2.14312e-17
1.88857e-08
3.65432e-17
8.38526e-17
5.01867e-16
4.50851e-08
1.25306e-16
4.87067e-16
6.2712e-08
1.28201e-16
3.15429e-16
6.2712e-08
8.61841e-17
-3.54514e-17
4.50851e-08
-2.23224e-16
1.88857e-08
-9.94834e-18
7.43068e-17
2.29799e-08
4.70119e-17
1.06117e-16
4.87636e-16
5.4389e-08
1.58797e-16
4.93426e-16
7.5734e-08
1.5986e-16
3.15635e-16
7.5734e-08
1.06713e-16
2.11115e-19
5.4389e-08
-1.88629e-16
2.29799e-08
-1.47539e-17
1.202e-16
2.73861e-08
5.89988e-17
1.30363e-16
4.37956e-16
6.42239e-08
1.97319e-16
4.65546e-16
8.9543e-08
1.95977e-16
2.97029e-16
8.9543e-08
1.29973e-16
2.12101e-17
6.42239e-08
-1.48583e-16
2.73861e-08
-2.2826e-17
1.23101e-16
3.14534e-08
6.7935e-17
1.52336e-16
3.51569e-16
7.30867e-08
2.36482e-16
4.00637e-16
1.02066e-07
2.31544e-16
2.54045e-16
1.02066e-07
1.53087e-16
4.60026e-17
7.30867e-08
-1.04464e-16
3.14534e-08
-3.00692e-17
1.73137e-16
3.36367e-08
7.89552e-17
1.62878e-16
2.65373e-16
7.75291e-08
2.62286e-16
3.18435e-16
1.08511e-07
2.53603e-16
2.09813e-16
1.08511e-07
1.67999e-16
7.68747e-17
7.75291e-08
-5.29091e-17
3.36367e-08
-3.07337e-17
1.21878e-16
3.05588e-08
8.13022e-17
1.40419e-16
1.40777e-16
7.00874e-08
2.42619e-16
1.84458e-16
9.84233e-08
2.30916e-16
1.22888e-16
9.84233e-08
1.55356e-16
6.26472e-17
7.00874e-08
-8.35976e-18
3.05588e-08
-1.22479e-17
1.51602e-08
4.77834e-17
5.80109e-17
3.50151e-08
1.17047e-16
4.95107e-08
1.07911e-16
4.95107e-08
7.87056e-17
3.50151e-08
1.51602e-08
6.63112e-17
1.72921e-16
1.53324e-08
-4.0349e-17
6.19236e-17
-1.3841e-16
3.68832e-08
6.95381e-17
-1.37011e-16
5.12559e-08
6.00059e-17
-2.69477e-16
5.12559e-08
3.39465e-17
-3.59823e-16
3.68832e-08
-2.85251e-16
1.53324e-08
8.01695e-17
1.3075e-16
1.88857e-08
-5.02749e-17
7.34833e-17
-1.38395e-16
4.50851e-08
8.36623e-17
-1.50708e-16
6.2712e-08
7.2093e-17
-2.62975e-16
6.2712e-08
4.08426e-17
-3.38886e-16
4.50851e-08
-2.59537e-16
1.88857e-08
9.4601e-17
6.46334e-17
2.29799e-08
-6.12978e-17
8.52607e-17
-1.28907e-16
5.4389e-08
9.81513e-17
-1.51798e-16
7.5734e-08
8.45997e-17
-2.37767e-16
7.5734e-08
4.81967e-17
-2.91368e-16
5.4389e-08
-2.20918e-16
2.29799e-08
1.08432e-16
-3.9451e-18
2.73861e-08
-7.33323e-17
9.51279e-17
-1.18955e-16
6.42239e-08
1.10472e-16
-1.54979e-16
8.9543e-08
9.57121e-17
-2.13251e-16
8.9543e-08
5.47711e-17
-2.38711e-16
6.42239e-08
-1.79703e-16
2.73861e-08
1.18617e-16
-4.40305e-17
3.14534e-08
-8.05617e-17
9.88774e-17
-9.87763e-17
7.30867e-08
1.15714e-16
-1.47766e-16
1.02066e-07
1.01184e-16
-1.74266e-16
1.02066e-07
5.89229e-17
-1.69701e-16
7.30867e-08
-1.2567e-16
3.14534e-08
1.15431e-16
-1.10035e-16
3.36367e-08
-8.74398e-17
9.08584e-17
-5.38019e-17
7.75291e-08
1.06025e-16
-1.03154e-16
1.08511e-07
9.4532e-17
-1.05666e-16
1.08511e-07
5.68489e-17
-7.84915e-17
7.75291e-08
-5.74509e-17
3.36367e-08
8.67989e-17
-6.53881e-17
3.05588e-08
-8.23268e-17
6.30429e-17
-1.18691e-17
7.00874e-08
6.98616e-17
-4.38811e-17
9.84233e-08
6.68756e-17
-2.44947e-17
9.84233e-08
4.41783e-17
-1.00429e-17
7.00874e-08
-4.11985e-18
3.05588e-08
2.10543e-17
1.51602e-08
-4.26811e-17
1.78112e-17
3.50151e-08
1.17743e-17
4.95107e-08
1.69355e-17
4.95107e-08
1.62915e-17
3.50151e-08
1.51602e-08
-7.38055e-17
-5.84799e-16
1.53324e-08
4.86609e-17
-5.45499e-17
-4.19168e-16
3.68832e-08
-3.41428e-17
-4.22161e-16
5.12559e-08
-1.08044e-17
-4.03329e-16
5.12559e-08
7.09238e-18
-4.3252e-16
3.68832e-08
-4.18398e-16
1.53324e-08
-9.33278e-17
-5.07286e-16
1.88857e-08
6.16598e-17
-7.10413e-17
-3.91665e-16
4.50851e-08
-4.78022e-17
-3.80125e-16
6.2712e-08
-1.83174e-17
-3.61088e-16
6.2712e-08
6.89124e-18
-3.71349e-16
4.50851e-08
-3.70408e-16
1.88857e-08
-1.17257e-16
-4.04488e-16
2.29799e-08
7.64296e-17
-9.30474e-17
-3.4553e-16
5.4389e-08
-6.69595e-17
-3.2415e-16
7.5734e-08
-3.00818e-17
-2.83524e-16
7.5734e-08
5.39098e-18
-2.75606e-16
5.4389e-08
-2.97575e-16
2.29799e-08
-1.45551e-16
-2.87504e-16
2.73861e-08
9.26256e-17
-1.21416e-16
-2.9137e-16
6.42239e-08
-9.25495e-17
-2.49969e-16
8.9543e-08
-4.69425e-17
-2.12131e-16
8.9543e-08
2.13989e-18
-1.84577e-16
6.42239e-08
-2.24248e-16
2.73861e-08
-1.75888e-16
-1.92402e-16
3.14534e-08
1.03645e-16
-1.54951e-16
-2.19694e-16
7.30867e-08
-1.25209e-16
-1.64054e-16
1.02066e-07
-6.9164e-17
-1.18242e-16
1.02066e-07
-3.06271e-18
-8.70079e-17
7.30867e-08
-1.41952e-16
3.14534e-08
-1.95763e-16
-2.64129e-17
3.36367e-08
1.13724e-16
-1.86894e-16
-1.06794e-16
7.75291e-08
-1.59162e-16
-3.7768e-17
1.08511e-07
-9.48736e-17
7.32126e-18
1.08511e-07
-1.10961e-17
4.23385e-17
7.75291e-08
-3.415e-17
3.36367e-08
-1.81322e-16
3.61298e-17
3.05588e-08
1.07825e-16
-1.92997e-16
1.99398e-18
7.00874e-08
-1.73916e-16
5.71926e-17
9.84233e-08
-1.08909e-16
8.44317e-17
9.84233e-08
-1.88171e-17
9.75952e-17
7.00874e-08
3.10444e-17
3.05588e-08
-8.51471e-17
1.51602e-08
5.56551e-17
-1.13816e-16
3.50151e-08
-1.05609e-16
4.95107e-08
-7.15783e-17
4.95107e-08
-1.66898e-17
3.50151e-08
1.51602e-08
2.18939e-17
1.74092e-16
1.53324e-08
-2.51182e-17
-2.02079e-17
-2.87946e-16
3.68832e-08
-3.07549e-17
-2.73798e-16
5.12559e-08
-3.20556e-17
-2.85622e-16
5.12559e-08
-2.20869e-17
-1.77047e-16
3.68832e-08
-5.47956e-17
1.53324e-08
2.64952e-17
1.37106e-16
1.88857e-08
-3.17284e-17
-2.75726e-17
-2.71747e-16
4.50851e-08
-4.06695e-17
-2.74824e-16
6.2712e-08
-4.1898e-17
-2.82353e-16
6.2712e-08
-2.8103e-17
-1.70453e-16
4.50851e-08
-5.70442e-17
1.88857e-08
3.10811e-17
7.77611e-17
2.29799e-08
-3.89879e-17
-3.65506e-17
-2.51445e-16
5.4389e-08
-5.34856e-17
-2.61977e-16
7.5734e-08
-5.41574e-17
-2.62712e-16
7.5734e-08
-3.55664e-17
-1.52107e-16
5.4389e-08
-5.10111e-17
2.29799e-08
3.58294e-17
1.86526e-17
2.73861e-08
-4.71643e-17
-4.66558e-17
-2.13958e-16
6.42239e-08
-6.88048e-17
-2.47701e-16
8.9543e-08
-6.86065e-17
-2.33105e-16
8.9543e-08
-4.43702e-17
-1.37459e-16
6.42239e-08
-4.67753e-17
2.73861e-08
4.05596e-17
-9.79621e-18
3.14534e-08
-5.10613e-17
-5.59098e-17
-1.57849e-16
7.30867e-08
-8.45861e-17
-2.11439e-16
1.02066e-07
-8.32436e-17
-1.88249e-16
1.02066e-07
-5.34891e-17
-1.12277e-16
7.30867e-08
-3.35401e-17
3.14534e-08
4.03752e-17
-9.35785e-17
3.36367e-08
-5.77585e-17
-6.01372e-17
-9.38096e-17
7.75291e-08
-9.46803e-17
-1.46103e-16
1.08511e-07
-9.28549e-17
-1.18332e-16
1.08511e-07
-5.99523e-17
-6.46089e-17
7.75291e-08
-1.12233e-17
3.36367e-08
3.00118e-17
-7.51318e-17
3.05588e-08
-5.8345e-17
-4.85963e-17
-3.69246e-17
7.00874e-08
-8.61164e-17
-6.84598e-17
9.84233e-08
-8.48486e-17
-4.23427e-17
9.84233e-08
-5.69711e-17
-1.75543e-17
7.00874e-08
5.75529e-18
3.05588e-08
3.62964e-18
1.51602e-08
-3.30659e-17
-1.34623e-17
3.50151e-08
-3.81457e-17
4.95107e-08
-3.81385e-17
4.95107e-08
-2.93428e-17
3.50151e-08
1.51602e-08
-7.38961e-17
-2.49222e-16
1.53324e-08
4.75683e-17
-6.24081e-17
2.37235e-17
3.68832e-08
-5.99727e-17
1.34068e-16
5.12559e-08
-5.37312e-17
3.33094e-16
5.12559e-08
-4.15204e-17
5.3596e-16
3.68832e-08
5.72936e-16
1.53324e-08
-9.07686e-17
-1.9478e-16
1.88857e-08
5.99519e-17
-7.54584e-17
2.57372e-17
4.50851e-08
-7.27741e-17
1.30974e-16
6.2712e-08
-6.52838e-17
3.26361e-16
6.2712e-08
-5.10665e-17
5.03767e-16
4.50851e-08
5.3132e-16
1.88857e-08
-1.09966e-16
-1.22521e-16
2.29799e-08
7.38758e-17
-9.03098e-17
1.92863e-17
5.4389e-08
-8.68013e-17
1.16899e-16
7.5734e-08
-7.78665e-17
2.83345e-16
7.5734e-08
-6.17221e-17
4.31136e-16
5.4389e-08
4.55362e-16
2.29799e-08
-1.30567e-16
-4.59722e-17
2.73861e-08
8.90169e-17
-1.05858e-16
8.82502e-18
6.42239e-08
-1.01351e-16
9.49812e-17
8.9543e-08
-9.06534e-17
2.41947e-16
8.9543e-08
-7.28194e-17
3.47616e-16
6.42239e-08
3.74416e-16
2.73861e-08
-1.49906e-16
-1.02956e-17
3.14534e-08
9.84252e-17
-1.19565e-16
-3.52288e-18
7.30867e-08
-1.13415e-16
7.60605e-17
1.02066e-07
-1.01659e-16
1.76341e-16
1.02066e-07
-8.28702e-17
2.47666e-16
7.30867e-08
2.6505e-16
3.14534e-08
-1.56443e-16
5.85892e-17
3.36367e-08
1.06832e-16
-1.24892e-16
-2.57405e-17
7.75291e-08
-1.1751e-16
1.93489e-17
1.08511e-07
-1.05574e-16
7.63075e-17
1.08511e-07
-8.78388e-17
1.16138e-16
7.75291e-08
1.32158e-16
3.36367e-08
-1.3268e-16
3.08893e-17
3.05588e-08
9.94389e-17
-1.11076e-16
-3.3669e-17
7.00874e-08
-1.02746e-16
-1.08284e-17
9.84233e-08
-9.24826e-17
5.76175e-18
9.84233e-08
-7.90032e-17
5.81236e-18
7.00874e-08
1.92349e-17
3.05588e-08
-5.0403e-17
1.51602e-08
4.95546e-17
-5.48215e-17
3.50151e-08
-4.91062e-17
4.95107e-08
-4.29302e-17
4.95107e-08
-3.92859e-17
3.50151e-08
1.51602e-08
2.70931e-17
3.48014e-16
1.53324e-08
-3.05335e-17
-1.4727e-17
-9.11739e-17
3.68832e-08
-2.80549e-17
-1.11985e-16
5.12559e-08
-2.71821e-17
-1.23423e-16
5.12559e-08
-1.00462e-17
-4.40817e-17
3.68832e-08
-5.53359e-17
1.53324e-08
3.34836e-17
2.99399e-16
1.88857e-08
-3.84839e-17
-1.90652e-17
-9.16342e-17
4.50851e-08
-3.40661e-17
-1.28055e-16
6.2712e-08
-3.21024e-17
-1.34501e-16
6.2712e-08
-1.12793e-17
-6.16382e-17
4.50851e-08
-6.53516e-17
1.88857e-08
4.05942e-17
2.1933e-16
2.29799e-08
-4.73602e-17
-2.36686e-17
-9.4482e-17
5.4389e-08
-4.07418e-17
-1.37192e-16
7.5734e-08
-3.69256e-17
-1.3557e-16
7.5734e-08
-1.23376e-17
-7.18e-17
5.4389e-08
-6.46127e-17
2.29799e-08
4.86832e-17
1.42086e-16
2.73861e-08
-5.73369e-17
-2.77636e-17
-8.91763e-17
6.42239e-08
-4.71529e-17
-1.27239e-16
8.9543e-08
-4.09183e-17
-1.21164e-16
8.9543e-08
-1.28797e-17
-7.90116e-17
6.42239e-08
-5.96442e-17
2.73861e-08
5.70992e-17
8.09373e-17
3.14534e-08
-6.30015e-17
-2.99055e-17
-6.86124e-17
7.30867e-08
-5.18046e-17
-1.21969e-16
1.02066e-07
-4.23747e-17
-1.09513e-16
1.02066e-07
-1.19157e-17
-7.43687e-17
7.30867e-08
-5.16519e-17
3.14534e-08
5.97167e-17
-4.95496e-17
3.36367e-08
-7.0757e-17
-2.86511e-17
-7.00636e-17
7.75291e-08
-5.17737e-17
-1.1513e-16
1.08511e-07
-3.86942e-17
-9.65101e-17
1.08511e-07
-8.58867e-18
-7.71008e-17
7.75291e-08
-3.8029e-17
3.36367e-08
4.86467e-17
-7.61672e-17
3.05588e-08
-7.0045e-17
-1.9123e-17
-6.18174e-17
7.00874e-08
-4.26351e-17
-8.79865e-17
9.84233e-08
-2.69484e-17
-6.00757e-17
9.84233e-08
-2.44129e-18
-4.75612e-17
7.00874e-08
-1.807e-17
3.05588e-08
1.33325e-17
1.51602e-08
-3.83892e-17
-2.09473e-18
3.50151e-08
-1.70688e-17
4.95107e-08
-5.53457e-18
4.95107e-08
2.57711e-18
3.50151e-08
1.51602e-08
-9.359e-17
-3.40809e-16
1.53324e-08
5.33999e-17
-8.88191e-17
-2.06457e-16
3.68832e-08
-7.83718e-17
-2.51813e-16
5.12559e-08
-4.72876e-17
-2.04587e-16
5.12559e-08
-5.18096e-18
-2.12824e-16
3.68832e-08
-2.25209e-16
1.53324e-08
-1.15992e-16
-2.79322e-16
1.88857e-08
6.71724e-17
-1.10369e-16
-2.07741e-16
4.50851e-08
-9.77964e-17
-2.43489e-16
6.2712e-08
-5.85787e-17
-2.02394e-16
6.2712e-08
-6.26964e-18
-2.04888e-16
4.50851e-08
-2.05262e-16
1.88857e-08
-1.42026e-16
-1.99575e-16
2.29799e-08
8.27693e-17
-1.36166e-16
-2.00325e-16
5.4389e-08
-1.20805e-16
-2.26885e-16
7.5734e-08
-7.20242e-17
-1.88987e-16
7.5734e-08
-7.92384e-18
-1.78285e-16
5.4389e-08
-1.70399e-16
2.29799e-08
-1.70775e-16
-1.09194e-16
2.73861e-08
9.99225e-17
-1.65162e-16
-1.81141e-16
6.42239e-08
-1.46642e-16
-1.90954e-16
8.9543e-08
-8.7115e-17
-1.618e-16
8.9543e-08
-1.029e-17
-1.41445e-16
6.42239e-08
-1.27378e-16
2.73861e-08
-1.98562e-16
-5.11927e-17
3.14534e-08
1.11536e-16
-1.93941e-16
-1.54863e-16
7.30867e-08
-1.72275e-16
-1.50037e-16
1.02066e-07
-1.02175e-16
-1.18698e-16
1.02066e-07
-1.30639e-17
-9.75879e-17
7.30867e-08
-8.19873e-17
3.14534e-08
-2.12413e-16
3.07442e-17
3.36367e-08
1.2162e-16
-2.13772e-16
-1.1952e-16
7.75291e-08
-1.89458e-16
-1.06538e-16
1.08511e-07
-1.12604e-16
-6.49431e-17
1.08511e-07
-1.62909e-17
-4.5204e-17
7.75291e-08
-3.22469e-17
3.36367e-08
-1.87081e-16
2.26062e-17
3.05588e-08
1.13505e-16
-2.01674e-16
-7.40576e-17
7.00874e-08
-1.77232e-16
-4.73147e-17
9.84233e-08
-1.06788e-16
-2.72247e-17
9.84233e-08
-1.83707e-17
-2.04593e-18
7.00874e-08
8.97083e-19
3.05588e-08
-8.09012e-17
1.51602e-08
5.69939e-17
-1.07176e-16
3.50151e-08
-9.10167e-17
4.95107e-08
-5.611e-17
4.95107e-08
-1.30984e-17
3.50151e-08
1.51602e-08
1.32276e-17
4.23904e-16
1.53324e-08
-2.39625e-17
-3.09301e-17
1.82565e-17
3.68832e-08
-4.57998e-17
2.73382e-18
5.12559e-08
-4.52514e-17
-2.10321e-17
5.12559e-08
-2.3954e-17
9.62692e-17
3.68832e-08
2.2301e-16
1.53324e-08
1.68874e-17
3.69091e-16
1.88857e-08
-3.04492e-17
-3.9015e-17
-6.11362e-18
4.50851e-08
-5.59522e-17
-3.62571e-17
6.2712e-08
-5.46254e-17
-6.33426e-17
6.2712e-08
-2.9485e-17
4.73926e-17
4.50851e-08
1.90022e-16
1.88857e-08
2.12218e-17
2.82947e-16
2.29799e-08
-3.7696e-17
-4.76807e-17
-3.99587e-17
5.4389e-08
-6.75186e-17
-8.78247e-17
7.5734e-08
-6.48659e-17
-1.06217e-16
7.5734e-08
-3.62121e-17
3.37936e-18
5.4389e-08
1.54969e-16
2.29799e-08
2.70973e-17
1.98478e-16
2.73861e-08
-4.57823e-17
-5.57906e-17
-5.06397e-17
6.42239e-08
-7.89701e-17
-1.16459e-16
8.9543e-08
-7.53779e-17
-1.35122e-16
8.9543e-08
-4.4443e-17
-3.08392e-17
6.42239e-08
1.21813e-16
2.73861e-08
3.46683e-17
1.30134e-16
3.14534e-08
-4.98148e-17
-6.06063e-17
-6.23666e-17
7.30867e-08
-8.78685e-17
-1.38744e-16
1.02066e-07
-8.37477e-17
-1.48112e-16
1.02066e-07
-5.34132e-17
-6.5349e-17
7.30867e-08
8.06703e-17
3.14534e-08
3.84599e-17
-3.59896e-17
3.36367e-08
-5.65528e-17
-5.85726e-17
-1.16897e-16
7.75291e-08
-8.85097e-17
-1.91327e-16
1.08511e-07
-8.49248e-17
-1.75136e-16
1.08511e-07
-5.99441e-17
-1.25047e-16
7.75291e-08
1.65283e-17
3.36367e-08
3.33653e-17
-8.92729e-17
3.05588e-08
-5.74236e-17
-4.1042e-17
-1.18228e-16
7.00874e-08
-7.10585e-17
-1.78157e-16
9.84233e-08
-7.07393e-17
-1.61972e-16
9.84233e-08
-5.77778e-17
-1.12651e-16
7.00874e-08
-2.16548e-17
3.05588e-08
9.698e-18
1.51602e-08
-3.24394e-17
-7.65224e-18
3.50151e-08
-2.61044e-17
4.95107e-08
-2.54297e-17
4.95107e-08
-3.11269e-17
3.50151e-08
1.51602e-08
-1.29339e-16
-2.68778e-16
1.53324e-08
7.74661e-17
-1.21436e-16
2.10193e-16
3.68832e-08
-1.0667e-16
4.44521e-16
5.12559e-08
-7.73125e-17
6.4701e-16
5.12559e-08
-4.1924e-17
7.52252e-16
3.68832e-08
6.41583e-16
1.53324e-08
-1.58254e-16
-2.0088e-16
1.88857e-08
9.68436e-17
-1.47407e-16
1.94065e-16
4.50851e-08
-1.28884e-16
4.25223e-16
6.2712e-08
-9.27541e-17
6.31172e-16
6.2712e-08
-5.11538e-17
7.06513e-16
4.50851e-08
6.01692e-16
1.88857e-08
-1.90548e-16
-1.10407e-16
2.29799e-08
1.19058e-16
-1.76232e-16
1.69857e-16
5.4389e-08
-1.5262e-16
3.82121e-16
7.5734e-08
-1.08915e-16
5.61859e-16
7.5734e-08
-6.16545e-17
6.05221e-16
5.4389e-08
5.20292e-16
2.29799e-08
-2.24206e-16
-1.1671e-17
2.73861e-08
1.43472e-16
-2.05046e-16
1.45719e-16
6.42239e-08
-1.7571e-16
3.34298e-16
8.9543e-08
-1.24385e-16
4.85267e-16
8.9543e-08
-7.25957e-17
5.00687e-16
6.42239e-08
4.37185e-16
2.73861e-08
-2.54132e-16
3.77497e-17
3.14534e-08
1.62162e-16
-2.27928e-16
1.07075e-16
7.30867e-08
-1.92712e-16
2.54328e-16
1.02066e-07
-1.35739e-16
3.69247e-16
1.02066e-07
-8.26149e-17
3.54389e-16
7.30867e-08
3.16789e-16
3.14534e-08
-2.6405e-16
8.91899e-17
3.36367e-08
1.75933e-16
-2.32926e-16
4.03354e-17
7.75291e-08
-1.92234e-16
1.32488e-16
1.08511e-07
-1.3637e-16
1.73297e-16
1.08511e-07
-8.73233e-17
1.56212e-16
7.75291e-08
1.53204e-16
3.36367e-08
-2.2544e-16
3.48474e-17
3.05588e-08
1.62859e-16
-1.95973e-16
-3.59567e-17
7.00874e-08
-1.58271e-16
2.60377e-19
9.84233e-08
-1.13629e-16
1.23854e-17
9.84233e-08
-7.98346e-17
-1.05644e-17
7.00874e-08
1.50757e-17
3.05588e-08
-9.17455e-17
1.51602e-08
8.19815e-17
-8.49812e-17
3.50151e-08
-6.39205e-17
4.95107e-08
-4.79199e-17
4.95107e-08
-4.20988e-17
3.50151e-08
1.51602e-08
3.01362e-17
-1.34807e-15
1.53324e-08
1.76301e-17
1.67808e-16
-2.52627e-15
3.68832e-08
2.0119e-16
-1.09048e-15
5.12559e-08
1.14897e-16
-1.45505e-15
5.12559e-08
8.95087e-17
-1.43164e-15
3.68832e-08
-4.36641e-15
1.53324e-08
3.97476e-17
-1.27305e-15
1.88857e-08
2.05238e-17
2.2421e-16
-2.3911e-15
4.50851e-08
2.65593e-16
-1.09772e-15
6.2712e-08
1.41593e-16
-1.38618e-15
6.2712e-08
1.07698e-16
-1.45342e-15
4.50851e-08
-4.34507e-15
1.88857e-08
5.24018e-17
-1.11385e-15
2.29799e-08
2.4121e-17
3.02374e-16
-2.1604e-15
5.4389e-08
3.48042e-16
-1.03615e-15
7.5734e-08
1.73437e-16
-1.23309e-15
7.5734e-08
1.25235e-16
-1.43606e-15
5.4389e-08
-4.36168e-15
2.29799e-08
6.72521e-17
-9.49963e-16
2.73861e-08
2.70689e-17
4.03679e-16
-2.1501e-15
6.42239e-08
4.52663e-16
-9.32486e-16
8.9543e-08
2.08398e-16
-1.03677e-15
8.9543e-08
1.2984e-16
-1.40364e-15
6.42239e-08
-3.6799e-15
2.73861e-08
7.78017e-17
-7.41306e-16
3.14534e-08
3.19758e-17
5.46974e-16
-1.13144e-15
7.30867e-08
5.7321e-16
-7.92156e-16
1.02066e-07
2.43219e-16
-7.3158e-16
1.02066e-07
1.21278e-16
-1.19491e-15
7.30867e-08
-3.15543e-15
3.14534e-08
9.76254e-17
-3.32407e-16
3.36367e-08
2.98726e-17
6.85209e-16
-9.7182e-17
7.75291e-08
6.86305e-16
-3.20379e-16
1.08511e-07
2.80099e-16
-3.37695e-16
1.08511e-07
6.96884e-17
-8.83887e-16
7.75291e-08
-1.29704e-15
3.36367e-08
1.03232e-16
6.00952e-17
3.05588e-08
2.0553e-17
7.34231e-16
4.4921e-16
7.00874e-08
6.92555e-16
4.42327e-17
9.84233e-08
3.04999e-16
3.06748e-18
9.84233e-08
1.84214e-17
-2.7405e-16
7.00874e-08
3.08864e-17
3.05588e-08
5.75264e-17
1.51602e-08
5.73222e-18
4.57136e-16
3.50151e-08
3.77106e-16
4.95107e-08
2.30089e-16
4.95107e-08
-4.1479e-18
3.50151e-08
1.51602e-08
-6.47411e-17
-7.55748e-16
1.53324e-08
4.48821e-17
-1.32328e-17
-5.75496e-16
3.68832e-08
4.79649e-17
-6.6551e-16
5.12559e-08
5.05182e-17
-3.37711e-17
5.12559e-08
-4.79475e-18
2.79779e-16
3.68832e-08
1.69346e-15
1.53324e-08
-8.03837e-17
-6.81459e-16
1.88857e-08
5.59649e-17
-1.56989e-17
-6.1411e-16
4.50851e-08
6.36659e-17
-6.6429e-16
6.2712e-08
6.75176e-17
-1.00938e-16
6.2712e-08
-6.04839e-18
2.77974e-16
4.50851e-08
1.72734e-15
1.88857e-08
-9.76662e-17
-5.48354e-16
2.29799e-08
6.75525e-17
-2.03935e-17
-5.65954e-16
5.4389e-08
8.33293e-17
-6.6296e-16
7.5734e-08
8.93038e-17
-1.50174e-16
7.5734e-08
-5.8385e-18
2.77644e-16
5.4389e-08
1.77994e-15
2.29799e-08
-1.15313e-16
-3.91019e-16
2.73861e-08
7.85177e-17
-2.89646e-17
-2.4543e-16
6.42239e-08
1.03125e-16
-9.43582e-16
8.9543e-08
1.14741e-16
-2.12949e-16
8.9543e-08
6.50396e-18
2.86123e-16
6.42239e-08
1.13686e-15
2.73861e-08
-1.26826e-16
-1.86637e-16
3.14534e-08
8.22114e-17
-7.34421e-17
-6.244e-16
7.30867e-08
1.31567e-16
-3.70758e-16
1.02066e-07
1.41451e-16
-2.66923e-16
1.02066e-07
1.29103e-17
1.6233e-16
7.30867e-08
1.32704e-15
3.14534e-08
-1.39165e-16
-2.67972e-17
3.36367e-08
8.28894e-17
-1.07438e-16
-3.99414e-16
7.75291e-08
1.22257e-16
-1.16102e-16
1.08511e-07
1.49415e-16
-1.53646e-16
1.08511e-07
4.00959e-17
2.05591e-16
7.75291e-08
5.08895e-16
3.36367e-08
-1.21549e-16
5.25736e-17
3.05588e-08
7.06734e-17
-1.55159e-16
-1.50609e-16
7.00874e-08
7.20387e-17
7.85521e-17
9.84233e-08
1.16716e-16
-2.02592e-17
9.84233e-08
5.85577e-17
6.25984e-17
7.00874e-08
-5.02111e-17
3.05588e-08
-4.91095e-17
1.51602e-08
2.99414e-17
-1.5184e-16
3.50151e-08
-6.13427e-18
4.95107e-08
1.51853e-17
4.95107e-08
3.45264e-17
3.50151e-08
1.51602e-08
1.11497e-16
1.82494e-15
1.53324e-08
-9.04055e-17
6.55402e-17
8.33817e-16
3.68832e-08
2.45785e-17
6.52177e-16
5.12559e-08
-6.86993e-18
4.33955e-18
5.12559e-08
-2.80426e-19
4.45661e-17
3.68832e-08
-4.47671e-16
1.53324e-08
1.37255e-16
1.68055e-15
1.88857e-08
-1.12587e-16
7.68591e-17
8.15512e-16
4.50851e-08
2.41567e-17
6.04081e-16
6.2712e-08
-1.30286e-17
1.01436e-17
6.2712e-08
-1.9031e-18
-1.07782e-17
4.50851e-08
-5.2127e-16
1.88857e-08
1.65811e-16
1.42843e-15
2.29799e-08
-1.37799e-16
8.87367e-17
7.39961e-16
5.4389e-08
2.01291e-17
6.18636e-16
7.5734e-08
-2.40126e-17
-1.24621e-17
7.5734e-08
-5.95767e-18
-7.80274e-17
5.4389e-08
-6.59961e-16
2.29799e-08
1.96924e-16
1.14653e-15
2.73861e-08
-1.65124e-16
1.0235e-16
6.79094e-16
6.42239e-08
9.97767e-18
9.05138e-16
8.9543e-08
-4.16802e-17
-3.19974e-16
8.9543e-08
-2.40461e-17
-1.49626e-16
6.42239e-08
-1.32375e-16
2.73861e-08
2.26093e-16
8.10532e-16
3.14534e-08
-1.86894e-16
1.29528e-16
6.73291e-16
7.30867e-08
-3.92781e-17
2.11009e-16
1.02066e-07
-5.94244e-17
7.86865e-17
1.02066e-07
-3.67067e-17
-1.10303e-16
7.30867e-08
-6.05952e-16
3.14534e-08
2.40688e-16
3.30277e-16
3.36367e-08
-2.03054e-16
1.31347e-16
2.6731e-16
7.75291e-08
-6.30521e-17
-9.32158e-17
1.08511e-07
-8.89844e-17
-7.11958e-17
1.08511e-07
-6.82334e-17
-2.42305e-16
7.75291e-08
-2.61468e-16
3.36367e-08
2.09745e-16
-2.62332e-18
3.05588e-08
-1.90252e-16
1.31933e-16
-2.73801e-17
7.00874e-08
-7.85378e-17
-2.68127e-16
9.84233e-08
-1.03144e-16
-1.35803e-16
9.84233e-08
-9.47041e-17
-1.61559e-16
7.00874e-08
-3.01412e-17
3.05588e-08
8.99289e-17
1.51602e-08
-9.81403e-17
9.11369e-17
3.50151e-08
-5.35397e-17
4.95107e-08
-4.68383e-17
4.95107e-08
-6.47467e-17
3.50151e-08
1.51602e-08
9.22675e-18
1.3994e-15
1.53324e-08
-1.74544e-17
8.24971e-17
1.78542e-15
3.68832e-08
9.94818e-17
2.28468e-15
5.12559e-08
2.40599e-17
3.42955e-15
5.12559e-08
-9.38928e-17
3.75156e-15
3.68832e-08
5.90726e-15
1.53324e-08
7.84923e-18
1.25709e-15
1.88857e-08
-1.79268e-17
1.04372e-16
1.66531e-15
4.50851e-08
1.33699e-16
2.27484e-15
6.2712e-08
4.06342e-17
3.43063e-15
6.2712e-08
-1.14755e-16
3.79397e-15
4.50851e-08
5.8133e-15
1.88857e-08
4.2691e-18
1.06646e-15
2.29799e-08
-1.7502e-17
1.3299e-16
1.49103e-15
5.4389e-08
1.82303e-16
2.13818e-15
7.5734e-08
6.54065e-17
3.34902e-15
7.5734e-08
-1.38252e-16
3.76701e-15
5.4389e-08
5.74668e-15
2.29799e-08
-1.56633e-18
8.66224e-16
2.73861e-08
-1.45614e-17
1.69123e-16
1.28836e-15
6.42239e-08
2.50827e-16
1.99309e-15
8.9543e-08
1.02391e-16
3.37197e-15
8.9543e-08
-1.51958e-16
3.58672e-15
6.42239e-08
4.82551e-15
2.73861e-08
-1.00664e-17
6.10304e-16
3.14534e-08
-1.28504e-17
2.11144e-16
9.70369e-16
7.30867e-08
3.53895e-16
1.75329e-15
1.02066e-07
1.47386e-16
2.38165e-15
1.02066e-07
-1.56695e-16
2.93577e-15
7.30867e-08
4.12424e-15
3.14534e-08
-2.1261e-17
3.06811e-16
3.36367e-08
-3.59897e-18
2.53089e-16
5.34963e-16
7.75291e-08
4.44681e-16
9.27193e-16
1.08511e-07
2.03784e-16
9.4807e-16
1.08511e-07
-1.1056e-16
1.42536e-15
7.75291e-08
1.66568e-15
3.36367e-08
-2.93306e-17
-2.2505e-18
3.05588e-08
7.10411e-18
2.49131e-16
7.43569e-17
7.00874e-08
4.60375e-16
1.04475e-16
9.84233e-08
2.03111e-16
-1.96647e-16
9.84233e-08
-5.01262e-17
-1.85542e-17
7.00874e-08
-1.22937e-16
3.05588e-08
-1.7633e-17
1.51602e-08
8.63353e-18
1.25856e-16
3.50151e-08
2.57716e-16
4.95107e-08
6.99334e-17
4.95107e-08
-2.37706e-18
3.50151e-08
1.51602e-08
-4.27821e-17
3.84763e-16
1.53324e-08
7.08071e-18
-6.31557e-17
2.12076e-16
3.68832e-08
-4.98674e-17
5.1231e-16
5.12559e-08
-3.23256e-17
6.6141e-16
5.12559e-08
6.09618e-18
4.94089e-16
3.68832e-08
1.56815e-16
1.53324e-08
-5.64076e-17
3.53068e-16
1.88857e-08
9.89772e-18
-8.61853e-17
1.95721e-16
4.50851e-08
-6.75149e-17
4.75042e-16
6.2712e-08
-4.15542e-17
6.43933e-16
6.2712e-08
8.2675e-18
4.68577e-16
4.50851e-08
1.54605e-16
1.88857e-08
-7.48692e-17
2.8473e-16
2.29799e-08
1.4242e-17
-1.17134e-16
1.56205e-16
5.4389e-08
-9.32158e-17
4.03751e-16
7.5734e-08
-5.3784e-17
6.13411e-16
7.5734e-08
1.00117e-17
4.32099e-16
5.4389e-08
1.48956e-16
2.29799e-08
-9.85374e-17
2.1559e-16
2.73861e-08
2.01204e-17
-1.58053e-16
1.30925e-16
6.42239e-08
-1.29316e-16
3.51495e-16
8.9543e-08
-7.03714e-17
5.77245e-16
8.9543e-08
1.13696e-17
4.02409e-16
6.42239e-08
1.4803e-16
2.73861e-08
-1.25789e-16
1.65641e-16
3.14534e-08
3.10664e-17
-2.08795e-16
9.4306e-17
7.30867e-08
-1.78804e-16
2.59634e-16
1.02066e-07
-9.18891e-17
5.06691e-16
1.02066e-07
1.19665e-17
3.3873e-16
7.30867e-08
1.31478e-16
3.14534e-08
-1.54721e-16
1.9143e-17
3.36367e-08
3.75624e-17
-2.62758e-16
-5.46055e-18
7.75291e-08
-2.39322e-16
1.04277e-16
1.08511e-07
-1.17679e-16
3.23086e-16
1.08511e-07
1.12677e-17
1.9281e-16
7.75291e-08
7.76219e-17
3.36367e-08
-1.65839e-16
-3.6275e-17
3.05588e-08
3.76176e-17
-2.87033e-16
-7.11953e-17
7.00874e-08
-2.86454e-16
-3.89355e-17
9.84233e-08
-1.37688e-16
8.42192e-17
9.84233e-08
5.93298e-18
4.02613e-17
7.00874e-08
1.03242e-17
3.05588e-08
-1.06678e-16
1.51602e-08
2.32907e-17
-1.79757e-16
3.50151e-08
-2.08248e-16
4.95107e-08
-9.94222e-17
4.95107e-08
-6.00465e-18
3.50151e-08
1.51602e-08
-8.14975e-17
4.83413e-16
1.53324e-08
3.60873e-17
-8.5743e-17
8.05918e-16
3.68832e-08
-8.53623e-17
9.18925e-16
5.12559e-08
-6.74547e-17
1.0118e-15
5.12559e-08
-3.02197e-17
9.32505e-16
3.68832e-08
7.07989e-16
1.53324e-08
-1.00124e-16
4.81672e-16
1.88857e-08
4.56064e-17
-1.07478e-16
7.19453e-16
4.50851e-08
-1.07595e-16
8.14348e-16
6.2712e-08
-8.32034e-17
8.92858e-16
6.2712e-08
-3.7692e-17
8.27759e-16
4.50851e-08
6.35811e-16
1.88857e-08
-1.2104e-16
4.6348e-16
2.29799e-08
5.64279e-17
-1.33775e-16
5.78061e-16
5.4389e-08
-1.3442e-16
6.48068e-16
7.5734e-08
-1.01741e-16
7.13811e-16
7.5734e-08
-4.69577e-17
6.60159e-16
5.4389e-08
5.31969e-16
2.29799e-08
-1.42938e-16
4.40538e-16
2.73861e-08
6.83606e-17
-1.63095e-16
4.44975e-16
6.42239e-08
-1.64951e-16
4.82325e-16
8.9543e-08
-1.22826e-16
5.31796e-16
8.9543e-08
-5.84256e-17
5.01885e-16
6.42239e-08
4.26063e-16
2.73861e-08
-1.6132e-16
3.54779e-16
3.14534e-08
7.53956e-17
-1.90273e-16
2.72752e-16
7.30867e-08
-1.94763e-16
2.77446e-16
1.02066e-07
-1.4354e-16
3.12355e-16
1.02066e-07
-7.13154e-17
2.93665e-16
7.30867e-08
2.87756e-16
3.14534e-08
-1.65e-16
2.21754e-16
3.36367e-08
8.07473e-17
-2.03965e-16
8.01219e-18
7.75291e-08
-2.1178e-16
-1.94956e-17
1.08511e-07
-1.55709e-16
-3.84166e-18
1.08511e-07
-8.14417e-17
1.84019e-17
7.75291e-08
8.75541e-17
3.36367e-08
-1.33653e-16
2.8854e-17
3.05588e-08
7.22808e-17
-1.78716e-16
-1.48252e-16
7.00874e-08
-1.88619e-16
-1.99846e-16
9.84233e-08
-1.40326e-16
-2.07966e-16
9.84233e-08
-8.06974e-17
-1.5468e-16
7.00874e-08
-4.98456e-17
3.05588e-08
-4.45661e-17
1.51602e-08
3.31337e-17
-8.00172e-17
3.50151e-08
-8.2347e-17
4.95107e-08
-6.1445e-17
4.95107e-08
-4.51525e-17
3.50151e-08
1.51602e-08
-1.5422e-17
6.54e-16
1.53324e-08
-5.48497e-18
-3.97038e-17
4.86757e-16
3.68832e-08
-3.8281e-17
5.76956e-16
5.12559e-08
-2.23946e-17
4.8692e-16
5.12559e-08
6.35819e-18
3.39713e-16
3.68832e-08
1.6297e-16
1.53324e-08
-1.77945e-17
6.26197e-16
1.88857e-08
-7.13187e-18
-4.89016e-17
4.84165e-16
4.50851e-08
-4.65772e-17
5.42015e-16
6.2712e-08
-2.65546e-17
4.57282e-16
6.2712e-08
7.97936e-18
3.19776e-16
4.50851e-08
1.59592e-16
1.88857e-08
-2.03811e-17
5.52684e-16
2.29799e-08
-8.99137e-18
-5.86759e-17
4.33013e-16
5.4389e-08
-5.58472e-17
4.6292e-16
7.5734e-08
-3.06056e-17
3.95859e-16
7.5734e-08
9.56874e-18
2.68681e-16
5.4389e-08
1.39004e-16
2.29799e-08
-2.26413e-17
4.71192e-16
2.73861e-08
-1.13068e-17
-6.78188e-17
3.91433e-16
6.42239e-08
-6.43749e-17
3.91916e-16
8.9543e-08
-3.38684e-17
3.36108e-16
8.9543e-08
1.09907e-17
2.26783e-16
6.42239e-08
1.27589e-16
2.73861e-08
-2.30784e-17
3.76244e-16
3.14534e-08
-1.06798e-17
-7.29883e-17
3.09245e-16
7.30867e-08
-6.92376e-17
2.77577e-16
1.02066e-07
-3.4532e-17
2.45996e-16
1.02066e-07
1.21411e-17
1.51256e-16
7.30867e-08
8.31822e-17
3.14534e-08
-2.39192e-17
1.73483e-16
3.36367e-08
-1.30192e-17
-6.87178e-17
1.25356e-16
7.75291e-08
-6.53874e-17
7.72653e-17
1.08511e-07
-2.99126e-17
7.66362e-17
1.08511e-07
1.29853e-17
3.0362e-17
7.75291e-08
1.58622e-17
3.36367e-08
-2.31535e-17
2.92377e-17
3.05588e-08
-1.35457e-17
-4.64043e-17
-3.53935e-17
7.00874e-08
-4.55307e-17
-8.10188e-17
9.84233e-08
-1.6012e-17
-5.05296e-17
9.84233e-08
1.1592e-17
-5.50063e-17
7.00874e-08
-2.72958e-17
3.05588e-08
-1.80768e-17
1.51602e-08
-5.24313e-18
-6.31608e-18
3.50151e-08
-8.91059e-18
4.95107e-08
3.32126e-18
4.95107e-08
4.81033e-18
3.50151e-08
1.51602e-08
-7.93803e-17
3.5829e-16
1.53324e-08
3.64449e-17
-6.99996e-17
6.8666e-16
3.68832e-08
-5.51579e-17
6.9902e-16
5.12559e-08
-3.36657e-17
7.05565e-16
5.12559e-08
-1.01831e-17
6.22601e-16
3.68832e-08
5.10814e-16
1.53324e-08
-9.71589e-17
3.68317e-16
1.88857e-08
4.58306e-17
-8.58674e-17
6.15107e-16
4.50851e-08
-6.71059e-17
6.29634e-16
6.2712e-08
-3.97378e-17
6.3142e-16
6.2712e-08
-1.27186e-17
5.48885e-16
4.50851e-08
4.62629e-16
1.88857e-08
-1.17037e-16
3.63699e-16
2.29799e-08
5.6717e-17
-1.04482e-16
4.99969e-16
5.4389e-08
-8.04101e-17
5.18683e-16
7.5734e-08
-4.64289e-17
5.13558e-16
7.5734e-08
-1.62457e-17
4.3907e-16
5.4389e-08
3.90787e-16
2.29799e-08
-1.38007e-16
3.54844e-16
2.73861e-08
6.89248e-17
-1.24483e-16
3.9523e-16
6.42239e-08
-9.43684e-17
4.07028e-16
8.9543e-08
-5.36651e-17
4.01093e-16
8.9543e-08
-2.13236e-17
3.42057e-16
6.42239e-08
3.19156e-16
2.73861e-08
-1.56447e-16
2.95469e-16
3.14534e-08
7.73817e-17
-1.42886e-16
2.45826e-16
7.30867e-08
-1.06538e-16
2.65662e-16
1.02066e-07
-6.02728e-17
2.47659e-16
1.02066e-07
-2.81049e-17
2.07863e-16
7.30867e-08
2.18942e-16
3.14534e-08
-1.62248e-16
1.87606e-16
3.36367e-08
8.40436e-17
-1.53146e-16
2.59195e-17
7.75291e-08
-1.124e-16
2.74714e-17
1.08511e-07
-6.40005e-17
2.5106e-17
1.08511e-07
-3.45667e-17
1.46883e-17
7.75291e-08
6.89235e-17
3.36367e-08
-1.3543e-16
1.67113e-17
3.05588e-08
7.70105e-17
-1.39424e-16
-1.20732e-16
7.00874e-08
-9.90605e-17
-1.27595e-16
9.84233e-08
-5.80706e-17
-1.22226e-16
9.84233e-08
-3.86798e-17
-1.07411e-16
7.00874e-08
-3.75485e-17
3.05588e-08
-5.01404e-17
1.51602e-08
3.74522e-17
-7.29014e-17
3.50151e-08
-4.71766e-17
4.95107e-08
-2.77018e-17
4.95107e-08
-2.53207e-17
3.50151e-08
1.51602e-08
-5.04775e-17
6.33913e-16
1.53324e-08
1.33714e-17
-5.94662e-17
4.81097e-16
3.68832e-08
-4.80179e-17
5.66809e-16
5.12559e-08
-3.72544e-17
5.52709e-16
5.12559e-08
-1.7013e-17
5.54323e-16
3.68832e-08
5.00406e-16
1.53324e-08
-6.14122e-17
6.14505e-16
1.88857e-08
1.6421e-17
-7.36346e-17
4.54159e-16
4.50851e-08
-5.78e-17
5.14617e-16
6.2712e-08
-4.37265e-17
5.01403e-16
6.2712e-08
-2.07882e-17
4.84916e-16
4.50851e-08
4.49513e-16
1.88857e-08
-7.40294e-17
5.55287e-16
2.29799e-08
1.9819e-17
-8.97128e-17
3.7587e-16
5.4389e-08
-6.89128e-17
4.12055e-16
7.5734e-08
-5.07135e-17
3.98358e-16
7.5734e-08
-2.57131e-17
3.58054e-16
5.4389e-08
3.48619e-16
2.29799e-08
-8.74503e-17
4.9406e-16
2.73861e-08
2.34015e-17
-1.0672e-16
3.19319e-16
6.42239e-08
-8.04711e-17
3.31352e-16
8.9543e-08
-5.84681e-17
3.09766e-16
8.9543e-08
-3.22978e-17
2.65431e-16
6.42239e-08
2.75505e-16
2.73861e-08
-9.87957e-17
4.18189e-16
3.14534e-08
2.8477e-17
-1.21325e-16
2.22603e-16
7.30867e-08
-9.09767e-17
1.95937e-16
1.02066e-07
-6.57865e-17
1.82999e-16
1.02066e-07
-4.04485e-17
1.32658e-16
7.30867e-08
1.55e-16
3.14534e-08
-1.06155e-16
2.10686e-16
3.36367e-08
2.94809e-17
-1.2783e-16
1.23036e-17
7.75291e-08
-9.49709e-17
-4.23308e-17
1.08511e-07
-6.84977e-17
-5.37935e-17
1.08511e-07
-4.70109e-17
-9.83726e-17
7.75291e-08
-2.37792e-17
3.36367e-08
-9.77009e-17
4.34967e-17
3.05588e-08
2.63059e-17
-1.09871e-16
-1.39498e-16
7.00874e-08
-8.48177e-17
-1.95419e-16
9.84233e-08
-6.21106e-17
-2.06144e-16
9.84233e-08
-4.88467e-17
-2.13088e-16
7.00874e-08
-1.31049e-16
3.05588e-08
-5.26371e-17
1.51602e-08
1.60176e-17
-4.58733e-17
3.50151e-08
-4.05841e-17
4.95107e-08
-2.84534e-17
4.95107e-08
-3.01533e-17
3.50151e-08
1.51602e-08
-1.19041e-16
5.99267e-16
1.53324e-08
4.86713e-17
-1.17689e-16
9.01529e-16
3.68832e-08
-9.60127e-17
9.43526e-16
5.12559e-08
-6.02297e-17
9.63832e-16
5.12559e-08
-1.36706e-17
9.12538e-16
3.68832e-08
7.4819e-16
1.53324e-08
-1.45939e-16
5.88434e-16
1.88857e-08
6.08386e-17
-1.45994e-16
7.94948e-16
4.50851e-08
-1.1833e-16
8.33551e-16
6.2712e-08
-7.2438e-17
8.42007e-16
6.2712e-08
-1.73463e-17
7.96802e-16
4.50851e-08
6.80875e-16
1.88857e-08
-1.76285e-16
5.58514e-16
2.29799e-08
7.55134e-17
-1.79372e-16
6.51921e-16
5.4389e-08
-1.4432e-16
6.78614e-16
7.5734e-08
-8.6072e-17
6.78067e-16
7.5734e-08
-2.22614e-17
6.37972e-16
5.4389e-08
5.80876e-16
2.29799e-08
-2.07926e-16
5.23243e-16
2.73861e-08
9.22943e-17
-2.15836e-16
4.98063e-16
6.42239e-08
-1.72833e-16
5.15028e-16
8.9543e-08
-1.01221e-16
5.13941e-16
8.9543e-08
-2.9165e-17
4.85521e-16
6.42239e-08
4.72449e-16
2.73861e-08
-2.35293e-16
4.32128e-16
3.14534e-08
1.06485e-16
-2.49714e-16
3.08501e-16
7.30867e-08
-1.99947e-16
3.0055e-16
1.02066e-07
-1.15755e-16
2.9287e-16
1.02066e-07
-3.82065e-17
2.87331e-16
7.30867e-08
3.26715e-16
3.14534e-08
-2.44301e-16
2.28506e-16
3.36367e-08
1.14207e-16
-2.69125e-16
2.26984e-17
7.75291e-08
-2.16131e-16
-4.43201e-18
1.08511e-07
-1.2376e-16
-1.37827e-17
1.08511e-07
-4.66058e-17
1.07423e-17
7.75291e-08
1.21887e-16
3.36367e-08
-2.04576e-16
-1.52263e-17
3.05588e-08
1.0032e-16
-2.43938e-16
-1.66376e-16
7.00874e-08
-1.98384e-16
-1.97355e-16
9.84233e-08
-1.12337e-16
-1.94734e-16
9.84233e-08
-5.01354e-17
-1.55861e-16
7.00874e-08
-3.39802e-17
3.05588e-08
-7.7849e-17
1.51602e-08
4.53935e-17
-1.23023e-16
3.50151e-08
-9.80627e-17
4.95107e-08
-5.30914e-17
4.95107e-08
-3.29063e-17
3.50151e-08
1.51602e-08
-7.47581e-17
5.9801e-16
1.53324e-08
2.72977e-17
-7.43796e-17
3.97805e-16
3.68832e-08
-5.57782e-17
3.72029e-16
5.12559e-08
-3.75438e-17
4.04595e-16
5.12559e-08
-2.61792e-17
5.19921e-16
3.68832e-08
6.69805e-16
1.53324e-08
-9.09769e-17
6.01861e-16
1.88857e-08
3.41959e-17
-9.05341e-17
3.93015e-16
4.50851e-08
-6.53769e-17
3.5597e-16
6.2712e-08
-4.22042e-17
3.80602e-16
6.2712e-08
-3.12936e-17
4.69837e-16
4.50851e-08
6.11584e-16
1.88857e-08
-1.08893e-16
5.88977e-16
2.29799e-08
4.11081e-17
-1.07608e-16
3.64402e-16
5.4389e-08
-7.4991e-17
3.21897e-16
7.5734e-08
-4.56111e-17
3.45926e-16
7.5734e-08
-3.7316e-17
3.9327e-16
5.4389e-08
5.27388e-16
2.29799e-08
-1.26608e-16
5.81902e-16
2.73861e-08
4.83082e-17
-1.23071e-16
3.54607e-16
6.42239e-08
-8.23943e-17
3.09799e-16
8.9543e-08
-4.75048e-17
3.28054e-16
8.9543e-08
-4.47281e-17
3.4986e-16
6.42239e-08
4.50176e-16
2.73861e-08
-1.40086e-16
5.24213e-16
3.14534e-08
5.3111e-17
-1.31849e-16
3.14694e-16
7.30867e-08
-8.42719e-17
2.75252e-16
1.02066e-07
-4.52199e-17
2.94326e-16
1.02066e-07
-5.26019e-17
2.55156e-16
7.30867e-08
3.18308e-16
3.14534e-08
-1.4299e-16
3.40697e-16
3.36367e-08
5.51798e-17
-1.26293e-16
1.13315e-16
7.75291e-08
-7.48008e-17
9.91641e-17
1.08511e-07
-3.65599e-17
1.2745e-16
1.08511e-07
-5.71886e-17
6.73255e-17
7.75291e-08
1.09922e-16
3.36367e-08
-1.1939e-16
1.13185e-16
3.05588e-08
4.97349e-17
-9.04556e-17
-6.63917e-17
7.00874e-08
-4.64997e-17
-6.7983e-17
9.84233e-08
-1.98505e-17
-3.3875e-17
9.84233e-08
-5.46014e-17
-7.02276e-17
7.00874e-08
-4.30089e-17
3.05588e-08
-4.9349e-17
1.51602e-08
2.67652e-17
-1.93049e-17
3.50151e-08
-3.17362e-18
4.95107e-08
4.91331e-18
4.95107e-08
-2.94739e-17
3.50151e-08
1.51602e-08
-9.79872e-17
2.55696e-15
1.53324e-08
1.51271e-17
-1.05813e-16
3.65159e-15
3.68832e-08
-8.37074e-17
3.94472e-15
5.12559e-08
-5.82599e-17
3.90279e-15
5.12559e-08
-1.84673e-17
3.50193e-15
3.68832e-08
2.35773e-15
1.53324e-08
-1.16973e-16
2.37442e-15
1.88857e-08
1.97098e-17
-1.29291e-16
3.40807e-15
4.50851e-08
-1.01028e-16
3.44283e-15
6.2712e-08
-6.77006e-17
3.4097e-15
6.2712e-08
-2.3895e-17
3.04874e-15
4.50851e-08
2.09539e-15
1.88857e-08
-1.35213e-16
2.09681e-15
2.29799e-08
2.69898e-17
-1.57913e-16
2.89153e-15
5.4389e-08
-1.19756e-16
2.93003e-15
7.5734e-08
-7.63473e-17
2.85632e-15
7.5734e-08
-3.13616e-17
2.50973e-15
5.4389e-08
1.77079e-15
2.29799e-08
-1.5188e-16
1.69657e-15
2.73861e-08
3.70213e-17
-1.84858e-16
2.35358e-15
6.42239e-08
-1.39011e-16
2.23147e-15
8.9543e-08
-8.58408e-17
2.1634e-15
8.9543e-08
-4.35708e-17
1.89917e-15
6.42239e-08
1.40259e-15
2.73861e-08
-1.55863e-16
1.33036e-15
3.14534e-08
5.00446e-17
-2.07467e-16
1.57364e-15
7.30867e-08
-1.53492e-16
1.46664e-15
1.02066e-07
-9.3551e-17
1.38615e-15
1.02066e-07
-6.09511e-17
1.18015e-15
7.30867e-08
9.38744e-16
3.14534e-08
-1.43524e-16
5.83135e-16
3.36367e-08
5.3662e-17
-2.10288e-16
5.12222e-16
7.75291e-08
-1.5514e-16
4.26032e-16
1.08511e-07
-9.47712e-17
3.83605e-16
1.08511e-07
-7.91918e-17
3.02964e-16
7.75291e-08
3.49115e-16
3.36367e-08
-9.21625e-17
-7.4057e-17
3.05588e-08
3.88851e-17
-1.68233e-16
-2.49292e-16
7.00874e-08
-1.25365e-16
-3.19353e-16
9.84233e-08
-8.05684e-17
-3.29478e-16
9.84233e-08
-9.15835e-17
-2.81727e-16
7.00874e-08
-9.23666e-17
3.05588e-08
-1.81779e-18
1.51602e-08
9.35519e-18
-6.3173e-17
3.50151e-08
-4.66906e-17
4.95107e-08
-3.05706e-17
4.95107e-08
-6.45046e-17
3.50151e-08
1.51602e-08
2.15778e-16
-5.64785e-16
-5.94962e-17
1.87679e-16
1.31863e-15
1.51761e-16
2.38075e-15
1.74019e-16
2.48686e-15
6.87375e-17
1.04961e-15
-3.89514e-16
2.78683e-16
-3.27197e-16
-7.2588e-17
2.56434e-16
1.72829e-15
1.95656e-16
2.68234e-15
2.03785e-16
2.7693e-15
8.25465e-17
1.50859e-15
-3.19383e-17
3.52791e-16
-4.56878e-16
-8.59279e-17
3.45947e-16
1.77063e-15
2.5058e-16
2.64695e-15
2.40778e-16
2.80709e-15
1.07755e-16
1.66006e-15
-5.75461e-17
4.30136e-16
-6.6736e-16
-1.00496e-16
4.53063e-16
1.45586e-15
3.20224e-16
2.21194e-15
2.89495e-16
2.32431e-15
1.525e-16
1.41863e-15
-9.55255e-17
5.11324e-16
-7.13177e-16
-1.12699e-16
5.80013e-16
1.44907e-15
3.98136e-16
2.18369e-15
3.40857e-16
2.35978e-15
2.10854e-16
1.54983e-15
-7.15531e-17
5.77183e-16
-6.9992e-16
-1.18301e-16
7.0684e-16
1.31148e-15
4.70412e-16
2.04894e-15
3.7106e-16
2.22106e-15
2.65955e-16
1.46451e-15
-9.53929e-17
5.59476e-16
-5.44793e-16
-1.10437e-16
7.52306e-16
7.47442e-16
4.76279e-16
1.29913e-15
3.28542e-16
1.38936e-15
2.85662e-16
8.77758e-16
-9.18209e-17
3.13677e-16
-6.56286e-17
4.80932e-16
2.65537e-16
1.21636e-16
1.7403e-16
3.95659e-09
-2.11483e-07
1.84503e-08
4.07706e-09
-2.52517e-07
3.92003e-08
5.52578e-18
-2.73825e-07
5.11527e-08
-4.07706e-09
-2.73825e-07
5.11527e-08
-3.95659e-09
-2.52517e-07
3.92003e-08
-2.11483e-07
1.84503e-08
4.714e-09
-2.12447e-07
2.30766e-08
5.01636e-09
-2.56843e-07
4.89524e-08
6.624e-18
-2.78589e-07
6.41322e-08
-5.01636e-09
-2.78589e-07
6.41322e-08
-4.714e-09
-2.56843e-07
4.89524e-08
-2.12447e-07
2.30766e-08
5.56757e-09
-2.11833e-07
2.86564e-08
6.08469e-09
-2.60334e-07
6.0785e-08
7.70477e-18
-2.82734e-07
8.00559e-08
-6.08469e-09
-2.82734e-07
8.00559e-08
-5.56757e-09
-2.60334e-07
6.0785e-08
-2.11833e-07
2.86564e-08
6.40876e-09
-2.07758e-07
3.50636e-08
7.20802e-09
-2.60894e-07
7.45235e-08
8.69948e-18
-2.84216e-07
9.88199e-08
-7.20802e-09
-2.84216e-07
9.88199e-08
-6.40876e-09
-2.60894e-07
7.45235e-08
-2.07758e-07
3.50636e-08
7.09415e-09
-1.96529e-07
4.16982e-08
8.20765e-09
-2.53859e-07
8.912e-08
9.02046e-18
-2.78247e-07
1.1924e-07
-8.20765e-09
-2.78247e-07
1.1924e-07
-7.09415e-09
-2.53859e-07
8.912e-08
-1.96529e-07
4.16982e-08
7.35276e-09
-1.70845e-07
4.67744e-08
8.699e-09
-2.28916e-07
1.01158e-07
7.7911e-18
-2.53649e-07
1.37002e-07
-8.699e-09
-2.53649e-07
1.37002e-07
-7.35276e-09
-2.28916e-07
1.01158e-07
-1.70845e-07
4.67744e-08
6.68666e-09
-1.15991e-07
4.56728e-08
7.84936e-09
-1.62892e-07
1.0118e-07
4.73522e-18
-1.83865e-07
1.39449e-07
-7.84936e-09
-1.83865e-07
1.39449e-07
-6.68666e-09
-1.62892e-07
1.0118e-07
-1.15991e-07
4.56728e-08
3.57306e-09
2.60877e-08
3.75204e-09
6.14509e-08
-7.38763e-19
8.75184e-08
-3.75204e-09
8.75184e-08
-3.57306e-09
6.14509e-08
2.60877e-08
9.86793e-10
-3.27004e-08
1.76012e-08
1.17535e-09
-5.8751e-08
4.02625e-08
-4.68581e-17
-7.2915e-08
5.42175e-08
-1.17535e-09
-7.2915e-08
5.42175e-08
-9.86793e-10
-5.8751e-08
4.02625e-08
-3.27004e-08
1.76012e-08
1.12176e-09
-3.25328e-08
2.17871e-08
1.32859e-09
-5.96875e-08
4.96822e-08
-6.12999e-17
-7.46216e-08
6.71674e-08
-1.32859e-09
-7.46216e-08
6.71674e-08
-1.12176e-09
-5.96875e-08
4.96822e-08
-3.25328e-08
2.17871e-08
1.17497e-09
-3.1704e-08
2.66526e-08
1.40502e-09
-5.97041e-08
6.05716e-08
-8.02953e-17
-7.54308e-08
8.22701e-08
-1.40502e-09
-7.54308e-08
8.22701e-08
-1.17497e-09
-5.97041e-08
6.05716e-08
-3.1704e-08
2.66526e-08
1.10862e-09
-2.97057e-08
3.19566e-08
1.35223e-09
-5.78249e-08
7.24006e-08
-1.0445e-16
-7.41407e-08
9.8882e-08
-1.35223e-09
-7.41407e-08
9.8882e-08
-1.10862e-09
-5.78249e-08
7.24006e-08
-2.97057e-08
3.19566e-08
8.41685e-10
-2.57906e-08
3.69415e-08
1.07017e-09
-5.24213e-08
8.34879e-08
-1.32421e-16
-6.85956e-08
1.14765e-07
-1.07017e-09
-6.85956e-08
1.14765e-07
-8.41685e-10
-5.24213e-08
8.34879e-08
-2.57906e-08
3.69415e-08
3.06464e-10
-1.90663e-08
3.97437e-08
4.54361e-10
-4.10899e-08
8.96787e-08
-1.58259e-16
-5.53091e-08
1.2417e-07
-4.54361e-10
-5.53091e-08
1.2417e-07
-3.06464e-10
-4.10899e-08
8.96787e-08
-1.90663e-08
3.97437e-08
-4.40287e-10
-9.14461e-09
3.61914e-08
-4.689e-10
-2.14562e-08
8.15747e-08
-1.61855e-16
-3.00839e-08
1.13755e-07
4.689e-10
-3.00839e-08
1.13755e-07
4.40287e-10
-2.14562e-08
8.15747e-08
-9.14461e-09
3.61914e-08
-8.77381e-10
1.78205e-08
-1.10832e-09
4.02257e-08
-9.44065e-17
5.63261e-08
1.10832e-09
5.63261e-08
8.77381e-10
4.02257e-08
1.78205e-08
4.42497e-10
-1.97726e-08
1.60666e-08
5.25021e-10
-3.9225e-08
3.819e-08
-4.12559e-17
-5.00034e-08
5.24693e-08
-5.25021e-10
-5.00034e-08
5.24693e-08
-4.42497e-10
-3.9225e-08
3.819e-08
-1.97726e-08
1.60666e-08
4.94423e-10
-1.82763e-08
1.97965e-08
5.84831e-10
-3.64187e-08
4.67855e-08
-5.22214e-17
-4.67052e-08
6.4454e-08
-5.84831e-10
-4.67052e-08
6.4454e-08
-4.94423e-10
-3.64187e-08
4.67855e-08
-1.82763e-08
1.97965e-08
5.31957e-10
-1.62505e-08
2.40949e-08
6.2496e-10
-3.25212e-08
5.6581e-08
-6.5842e-17
-4.20074e-08
7.81972e-08
-6.2496e-10
-4.20074e-08
7.81972e-08
-5.31957e-10
-3.25212e-08
5.6581e-08
-1.62505e-08
2.40949e-08
5.3646e-10
-1.35482e-08
2.87178e-08
6.22176e-10
-2.71882e-08
6.69819e-08
-8.15573e-17
-3.54136e-08
9.29104e-08
-6.22176e-10
-3.54136e-08
9.29104e-08
-5.3646e-10
-2.71882e-08
6.69819e-08
-1.35482e-08
2.87178e-08
4.89387e-10
-1.00719e-08
3.29758e-08
5.55538e-10
-2.01624e-08
7.63959e-08
-9.71988e-17
-2.64956e-08
1.06402e-07
-5.55539e-10
-2.64956e-08
1.06402e-07
-4.89387e-10
-2.01624e-08
7.63959e-08
-1.00719e-08
3.29758e-08
3.77248e-10
-5.94713e-09
3.52417e-08
4.18474e-10
-1.16791e-08
8.11541e-08
-1.05963e-16
-1.54355e-08
1.13528e-07
-4.18474e-10
-1.54355e-08
1.13528e-07
-3.77248e-10
-1.16791e-08
8.11541e-08
-5.94713e-09
3.52417e-08
2.04795e-10
-1.94677e-09
3.19862e-08
2.45046e-10
-3.52591e-09
7.33813e-08
-9.44497e-17
-4.56941e-09
1.03134e-07
-2.45046e-10
-4.56941e-09
1.03134e-07
-2.04796e-10
-3.52591e-09
7.33813e-08
-1.94677e-09
3.19862e-08
1.91211e-11
1.58546e-08
8.65061e-11
3.66324e-08
-4.14261e-17
5.18432e-08
-8.65062e-11
5.18432e-08
-1.91211e-11
3.66324e-08
1.58546e-08
1.55206e-10
-1.61075e-09
1.57558e-08
2.15534e-10
-7.42558e-09
3.75613e-08
-6.50208e-17
-1.19843e-08
5.18347e-08
-2.15534e-10
-1.19843e-08
5.18347e-08
-1.55206e-10
-7.42558e-09
3.75613e-08
-1.61075e-09
1.57558e-08
1.8067e-10
-1.41471e-09
1.94198e-08
2.39712e-10
-6.66934e-09
4.59702e-08
-8.21778e-17
-1.08307e-08
6.35401e-08
-2.39712e-10
-1.08307e-08
6.35401e-08
-1.8067e-10
-6.66934e-09
4.59702e-08
-1.41471e-09
1.94198e-08
2.00338e-10
-1.16891e-09
2.36487e-08
2.52035e-10
-5.67897e-09
5.55389e-08
-1.04161e-16
-9.2876e-09
7.69062e-08
-2.52035e-10
-9.2876e-09
7.69062e-08
-2.00338e-10
-5.67897e-09
5.55389e-08
-1.16892e-09
2.36487e-08
2.12082e-10
-8.74655e-10
2.82115e-08
2.47083e-10
-4.42944e-09
6.56974e-08
-1.30866e-16
-7.29383e-09
9.11637e-08
-2.47083e-10
-7.29383e-09
9.11637e-08
-2.12082e-10
-4.42944e-09
6.56974e-08
-8.74657e-10
2.82115e-08
2.09171e-10
-5.50522e-10
3.24425e-08
2.16986e-10
-2.96257e-09
7.49212e-08
-1.59905e-16
-4.89333e-09
1.04219e-07
-2.16987e-10
-4.89333e-09
1.04219e-07
-2.09171e-10
-2.96257e-09
7.49212e-08
-5.50523e-10
3.24425e-08
1.83819e-10
-2.45198e-10
3.47526e-08
1.56999e-10
-1.46498e-09
7.96834e-08
-1.8263e-16
-2.3867e-09
1.11179e-07
-1.57e-10
-2.3867e-09
1.11179e-07
-1.8382e-10
-1.46498e-09
7.96834e-08
-2.45199e-10
3.47526e-08
1.29907e-10
-3.70605e-11
3.16482e-08
7.16805e-11
-3.21458e-10
7.2296e-08
-1.77555e-16
-4.70366e-10
1.0129e-07
-7.16809e-11
-4.70366e-10
1.0129e-07
-1.29908e-10
-3.21458e-10
7.2296e-08
-3.70605e-11
3.16482e-08
4.73557e-11
1.57702e-08
-5.55907e-12
3.63638e-08
-9.30972e-17
5.13673e-08
5.55891e-12
5.13673e-08
-4.73558e-11
3.63638e-08
1.57702e-08
8.99592e-11
-1.07026e-09
1.56138e-08
1.32931e-10
-3.59719e-09
3.73214e-08
-2.91861e-17
-5.76552e-09
5.16216e-08
-1.32931e-10
-5.76552e-09
5.16216e-08
-8.99592e-11
-3.59719e-09
3.73214e-08
-1.07026e-09
1.56138e-08
1.07714e-10
-1.00066e-09
1.92425e-08
1.54594e-10
-3.33668e-09
4.56628e-08
-3.53509e-17
-5.30982e-09
6.3239e-08
-1.54594e-10
-5.30982e-09
6.3239e-08
-1.07714e-10
-3.33668e-09
4.56628e-08
-1.00066e-09
1.92425e-08
1.26252e-10
-9.06859e-10
2.34287e-08
1.74603e-10
-2.99287e-09
5.51468e-08
-4.17494e-17
-4.71386e-09
7.64848e-08
-1.74603e-10
-4.71386e-09
7.64848e-08
-1.26252e-10
-2.99287e-09
5.51468e-08
-9.06859e-10
2.34287e-08
1.44073e-10
-7.81568e-10
2.79421e-08
1.8991e-10
-2.54659e-09
6.52053e-08
-4.72206e-17
-3.95205e-09
9.05918e-08
-1.8991e-10
-3.95205e-09
9.05918e-08
-1.44073e-10
-2.54659e-09
6.52053e-08
-7.81569e-10
2.79421e-08
1.5727e-10
-6.17077e-10
3.21207e-08
1.94901e-10
-1.98347e-09
7.43205e-08
-4.96338e-17
-3.01586e-09
1.03478e-07
-1.94901e-10
-3.01586e-09
1.03478e-07
-1.5727e-10
-1.98347e-09
7.43205e-08
-6.17078e-10
3.21207e-08
1.5843e-10
-4.09025e-10
3.43861e-08
1.80911e-10
-1.30477e-09
7.89822e-08
-4.37304e-17
-1.9346e-09
1.10278e-07
-1.80912e-10
-1.9346e-09
1.10278e-07
-1.5843e-10
-1.30477e-09
7.89822e-08
-4.09026e-10
3.43861e-08
1.34763e-10
-1.7093e-10
3.12753e-08
1.35251e-10
-5.54688e-10
7.15454e-08
-2.51635e-17
-8.04456e-10
1.00295e-07
-1.35251e-10
-8.04456e-10
1.00295e-07
-1.34763e-10
-5.54688e-10
7.15454e-08
-1.7093e-10
3.12753e-08
6.22346e-11
1.5537e-08
4.39877e-11
3.58274e-08
3.88441e-18
5.06068e-08
-4.39877e-11
5.06068e-08
-6.22346e-11
3.58274e-08
1.5537e-08
5.64294e-11
-1.15369e-09
1.54957e-08
8.14131e-11
-2.81379e-09
3.71373e-08
-2.11875e-17
-4.0842e-09
5.14634e-08
-8.14132e-11
-4.0842e-09
5.14634e-08
-5.64294e-11
-2.81379e-09
3.71373e-08
-1.15369e-09
1.54957e-08
6.66235e-11
-1.07029e-09
1.90925e-08
9.50956e-11
-2.60116e-09
4.54217e-08
-2.50777e-17
-3.76618e-09
6.30161e-08
-9.50957e-11
-3.76618e-09
6.30161e-08
-6.66236e-11
-2.60116e-09
4.54217e-08
-1.07029e-09
1.90925e-08
7.65774e-11
-9.5775e-10
2.32396e-08
1.08192e-10
-2.31894e-09
5.48329e-08
-3.0397e-17
-3.34756e-09
7.61744e-08
-1.08192e-10
-3.34756e-09
7.61744e-08
-7.65775e-11
-2.31894e-09
5.48329e-08
-9.57753e-10
2.32396e-08
8.48687e-11
-8.07623e-10
2.77071e-08
1.18394e-10
-1.94849e-09
6.48013e-08
-3.7165e-17
-2.80327e-09
9.01659e-08
-1.18394e-10
-2.80327e-09
9.01659e-08
-8.48687e-11
-1.94849e-09
6.48013e-08
-8.07626e-10
2.77071e-08
8.87286e-11
-6.13107e-10
3.18375e-08
1.21787e-10
-1.47507e-09
7.3814e-08
-4.48236e-17
-2.11461e-09
1.02911e-07
-1.21787e-10
-2.11461e-09
1.02911e-07
-8.87288e-11
-1.47507e-09
7.3814e-08
-6.13109e-10
3.18375e-08
8.37788e-11
-3.77337e-10
3.40665e-08
1.12426e-10
-9.06421e-10
7.83849e-08
-5.03548e-17
-1.29442e-09
1.09571e-07
-1.12427e-10
-1.29442e-09
1.09571e-07
-8.3779e-11
-9.06421e-10
7.83849e-08
-3.77338e-10
3.40665e-08
6.39781e-11
-1.35494e-10
3.09695e-08
8.27583e-11
-3.25304e-10
7.09455e-08
-4.67558e-17
-4.60793e-10
9.95438e-08
-8.27585e-11
-4.60793e-10
9.95438e-08
-6.39783e-11
-3.25304e-10
7.09455e-08
-1.35494e-10
3.09695e-08
2.31857e-11
1.53783e-08
2.67896e-11
3.54985e-08
-2.56113e-17
5.01728e-08
-2.67896e-11
5.01728e-08
-2.31859e-11
3.54985e-08
1.53783e-08
3.15262e-11
-5.75166e-10
1.54337e-08
4.65475e-11
-1.50812e-09
3.70387e-08
2.38347e-17
-2.22468e-09
5.1382e-08
-4.65474e-11
-2.22468e-09
5.1382e-08
-3.15261e-11
-1.50812e-09
3.70387e-08
-5.75165e-10
1.54337e-08
3.6926e-11
-5.33785e-10
1.90142e-08
5.37483e-11
-1.39502e-09
4.52918e-08
3.1967e-17
-2.0532e-09
6.28984e-08
-5.37482e-11
-2.0532e-09
6.28984e-08
-3.69259e-11
-1.39502e-09
4.52918e-08
-5.33784e-10
1.90142e-08
4.18067e-11
-4.77557e-10
2.31415e-08
6.00747e-11
-1.24297e-09
5.46626e-08
4.32948e-17
-1.8246e-09
7.60059e-08
-6.00746e-11
-1.8246e-09
7.60059e-08
-4.18067e-11
-1.24297e-09
5.46626e-08
-4.77556e-10
2.31415e-08
4.54101e-11
-4.02339e-10
2.75865e-08
6.41899e-11
-1.0418e-09
6.45813e-08
5.81555e-17
-1.52443e-09
8.993e-08
-6.41898e-11
-1.52443e-09
8.993e-08
-4.541e-11
-1.0418e-09
6.45813e-08
-4.02339e-10
2.75865e-08
4.61929e-11
-3.05082e-10
3.1694e-08
6.38969e-11
-7.84741e-10
7.35393e-08
7.63518e-17
-1.14344e-09
1.02594e-07
-6.38967e-11
-1.14344e-09
1.02594e-07
-4.61928e-11
-7.84742e-10
7.35393e-08
-3.05081e-10
3.1694e-08
4.2e-11
-1.87948e-10
3.39074e-08
5.6297e-11
-4.79281e-10
7.80651e-08
9.52296e-17
-6.93603e-10
1.09177e-07
-5.62967e-11
-6.93603e-10
1.09177e-07
-4.19998e-11
-4.79281e-10
7.80651e-08
-1.87948e-10
3.39074e-08
3.041e-11
-6.81537e-11
3.08193e-08
3.85693e-11
-1.71919e-10
7.063e-08
1.03152e-16
-2.45134e-10
9.91339e-08
-3.85691e-11
-2.45134e-10
9.91339e-08
-3.04098e-11
-1.71919e-10
7.063e-08
-6.81538e-11
3.08193e-08
1.0046e-11
1.53001e-08
1.06136e-11
3.5326e-08
6.55607e-17
4.99383e-08
-1.06135e-11
4.99383e-08
-1.00459e-11
3.5326e-08
1.53001e-08
1.91732e-11
-3.74861e-10
1.53956e-08
2.80864e-11
-9.60583e-10
3.69799e-08
1.55652e-17
-1.39966e-09
5.13346e-08
-2.80864e-11
-1.39966e-09
5.13346e-08
-1.91733e-11
-9.60583e-10
3.69799e-08
-3.74863e-10
1.53956e-08
2.24061e-11
-3.48977e-10
1.89659e-08
3.23061e-11
-8.92485e-10
4.52138e-08
2.06044e-17
-1.29736e-09
6.28284e-08
-3.23061e-11
-1.29736e-09
6.28284e-08
-2.24061e-11
-8.92485e-10
4.52138e-08
-3.48979e-10
1.89659e-08
2.53371e-11
-3.13555e-10
2.30808e-08
3.59314e-11
-7.99931e-10
5.45595e-08
2.53032e-17
-1.15946e-09
7.59039e-08
-3.59314e-11
-1.15946e-09
7.59039e-08
-2.53371e-11
-7.99931e-10
5.45595e-08
-3.13558e-10
2.30808e-08
2.74927e-11
-2.65765e-10
2.75112e-08
3.81348e-11
-6.76011e-10
6.44468e-08
2.87448e-17
-9.76293e-10
8.97849e-08
-3.81348e-11
-9.76293e-10
8.97849e-08
-2.74928e-11
-6.76011e-10
6.44468e-08
-2.65766e-10
2.75112e-08
2.79605e-11
-2.03295e-10
3.16036e-08
3.76224e-11
-5.15459e-10
7.33691e-08
2.88143e-17
-7.4093e-10
1.02396e-07
-3.76224e-11
-7.4093e-10
1.02396e-07
-2.79605e-11
-5.1546e-10
7.33691e-08
-2.03296e-10
3.16036e-08
2.54679e-11
-1.26936e-10
3.38056e-08
3.27595e-11
-3.21115e-10
7.78635e-08
2.36418e-17
-4.58604e-10
1.08928e-07
-3.27596e-11
-4.58604e-10
1.08928e-07
-2.5468e-11
-3.21115e-10
7.78635e-08
-1.26936e-10
3.38056e-08
1.85618e-11
-4.71602e-11
3.07209e-08
2.20414e-11
-1.19719e-10
7.04251e-08
1.28949e-17
-1.6924e-10
9.88666e-08
-2.20415e-11
-1.6924e-10
9.88666e-08
-1.8562e-11
-1.19719e-10
7.04251e-08
-4.71602e-11
3.07209e-08
6.20938e-12
1.52467e-08
5.57543e-12
3.52069e-08
-2.43308e-18
4.97746e-08
-5.57545e-12
4.97746e-08
-6.20948e-12
3.52069e-08
1.52467e-08
1.19347e-11
-2.4204e-10
1.53712e-08
1.72027e-11
-6.145e-10
3.69426e-08
8.84672e-17
-8.90514e-10
5.13041e-08
-1.72025e-11
-8.90514e-10
5.13041e-08
-1.19346e-11
-6.14501e-10
3.69426e-08
-2.42039e-10
1.53712e-08
1.39581e-11
-2.25039e-10
1.89349e-08
1.98011e-11
-5.70615e-10
4.51641e-08
1.12822e-16
-8.2573e-10
6.27834e-08
-1.98009e-11
-8.2573e-10
6.27834e-08
-1.3958e-11
-5.70615e-10
4.51641e-08
-2.25038e-10
1.89349e-08
1.57986e-11
-2.01848e-10
2.30418e-08
2.20426e-11
-5.10982e-10
5.44936e-08
1.43651e-16
-7.38114e-10
7.58383e-08
-2.20423e-11
-7.38114e-10
7.58383e-08
-1.57985e-11
-5.10982e-10
5.44936e-08
-2.01847e-10
2.30418e-08
1.71608e-11
-1.70658e-10
2.74629e-08
2.34204e-11
-4.31144e-10
6.43607e-08
1.80696e-16
-6.21349e-10
8.96916e-08
-2.342e-11
-6.21349e-10
8.96916e-08
-1.71605e-11
-4.31144e-10
6.43607e-08
-1.70657e-10
2.74629e-08
1.74758e-11
-1.30035e-10
3.15455e-08
2.3144e-11
-3.27729e-10
7.326e-08
2.20514e-16
-4.70811e-10
1.02268e-07
-2.31435e-11
-4.70811e-10
1.02268e-07
-1.74755e-11
-3.27729e-10
7.326e-08
-1.30033e-10
3.15455e-08
1.59471e-11
-8.06316e-11
3.37402e-08
2.02137e-11
-2.02761e-10
7.77342e-08
2.53626e-16
-2.89858e-10
1.08767e-07
-2.02132e-11
-2.89858e-10
1.08767e-07
-1.59467e-11
-2.02761e-10
7.77342e-08
-8.06313e-11
3.37402e-08
1.1653e-11
-2.95252e-11
3.06582e-08
1.36981e-11
-7.42845e-11
7.02946e-08
2.51134e-16
-1.05154e-10
9.86956e-08
-1.36977e-11
-1.05154e-10
9.86956e-08
-1.16526e-11
-7.42844e-11
7.02946e-08
-2.95254e-11
3.06582e-08
3.92334e-12
1.52133e-08
3.58695e-12
3.5133e-08
1.42732e-16
4.9673e-08
-3.58672e-12
4.9673e-08
-3.92312e-12
3.5133e-08
1.52133e-08
7.34449e-12
-1.44686e-10
1.53563e-08
1.05403e-11
-3.73263e-10
3.69199e-08
5.63398e-17
-5.43726e-10
5.12857e-08
-1.05402e-11
-5.43726e-10
5.12857e-08
-7.34444e-12
-3.73263e-10
3.69199e-08
-1.44688e-10
1.53563e-08
8.60585e-12
-1.34502e-10
1.89161e-08
1.21491e-11
-3.46575e-10
4.51338e-08
6.97207e-17
-5.04227e-10
6.2756e-08
-1.2149e-11
-5.04227e-10
6.2756e-08
-8.6058e-12
-3.46575e-10
4.51338e-08
-1.34504e-10
1.89161e-08
9.76085e-12
-1.20618e-10
2.30181e-08
1.35458e-11
-3.103e-10
5.44535e-08
8.30205e-17
-4.50739e-10
7.57984e-08
-1.35457e-11
-4.50739e-10
7.57984e-08
-9.76079e-12
-3.103e-10
5.44535e-08
-1.2062e-10
2.30181e-08
1.06323e-11
-1.01959e-10
2.74336e-08
1.44252e-11
-2.61739e-10
6.43083e-08
9.36021e-17
-3.79389e-10
8.96347e-08
-1.44251e-11
-3.79389e-10
8.96347e-08
-1.06322e-11
-2.61739e-10
6.43083e-08
-1.01961e-10
2.74336e-08
1.08691e-11
-7.76799e-11
3.15104e-08
1.43019e-11
-1.98882e-10
7.31937e-08
9.6919e-17
-2.87375e-10
1.02191e-07
-1.43018e-11
-2.87375e-10
1.02191e-07
-1.08691e-11
-1.98882e-10
7.31937e-08
-7.76814e-11
3.15104e-08
9.97268e-12
-4.81817e-11
3.37008e-08
1.25521e-11
-1.23025e-10
7.76558e-08
8.49458e-17
-1.76848e-10
1.08669e-07
-1.25521e-11
-1.76848e-10
1.08669e-07
-9.9727e-12
-1.23025e-10
7.76558e-08
-4.81823e-11
3.37008e-08
7.35262e-12
-1.76688e-11
3.06203e-08
8.57395e-12
-4.51207e-11
7.02155e-08
5.25525e-17
-6.41748e-11
9.85915e-08
-8.57394e-12
-6.41749e-11
9.85915e-08
-7.3527e-12
-4.51208e-11
7.02155e-08
-1.76688e-11
3.06203e-08
2.53757e-12
1.51931e-08
2.30449e-12
3.50881e-08
3.3711e-18
4.96112e-08
-2.3045e-12
4.96112e-08
-2.53764e-12
3.50881e-08
1.51931e-08
4.54482e-12
-8.93701e-11
1.53472e-08
6.50465e-12
-2.30451e-10
3.69059e-08
8.68187e-17
-3.35714e-10
5.12743e-08
-6.50447e-12
-3.35714e-10
5.12743e-08
-4.54472e-12
-2.30451e-10
3.69059e-08
-8.93684e-11
1.53472e-08
5.33012e-12
-8.30983e-11
1.89045e-08
7.5063e-12
-2.14027e-10
4.51152e-08
1.09494e-16
-3.114e-10
6.27392e-08
-7.50607e-12
-3.114e-10
6.27392e-08
-5.32998e-12
-2.14027e-10
4.51152e-08
-8.30965e-11
1.89045e-08
6.05397e-12
-7.45462e-11
2.30035e-08
8.38303e-12
-1.917e-10
5.44289e-08
1.36997e-16
-2.78467e-10
7.57738e-08
-8.38274e-12
-2.78467e-10
7.57738e-08
-6.0538e-12
-1.917e-10
5.44289e-08
-7.45443e-11
2.30035e-08
6.60699e-12
-6.30484e-11
2.74155e-08
8.9473e-12
-1.61803e-10
6.42761e-08
1.67544e-16
-2.34524e-10
8.95997e-08
-8.94695e-12
-2.34524e-10
8.95997e-08
-6.60676e-12
-1.61803e-10
6.42761e-08
-6.3047e-11
2.74155e-08
6.77176e-12
-4.80754e-11
3.14886e-08
8.89822e-12
-1.23077e-10
7.31528e-08
1.97217e-16
-1.77825e-10
1.02143e-07
-8.8978e-12
-1.77825e-10
1.02143e-07
-6.77147e-12
-1.23077e-10
7.31528e-08
-4.8074e-11
3.14886e-08
6.23578e-12
-2.98596e-11
3.36763e-08
7.84325e-12
-7.62768e-11
7.76074e-08
2.16324e-16
-1.09639e-10
1.08609e-07
-7.8428e-12
-1.09639e-10
1.08609e-07
-6.23543e-12
-7.62765e-11
7.76074e-08
-2.98591e-11
3.36763e-08
4.62239e-12
-1.09767e-11
3.05968e-08
5.39161e-12
-2.80815e-11
7.01665e-08
2.01081e-16
-3.99506e-11
9.85272e-08
-5.39121e-12
-3.99507e-11
9.85272e-08
-4.62203e-12
-2.80814e-11
7.01665e-08
-1.09769e-11
3.05968e-08
1.61293e-12
1.51805e-08
1.47004e-12
3.50601e-08
1.05994e-16
4.95727e-08
-1.46987e-12
4.95727e-08
-1.61273e-12
3.50601e-08
1.51805e-08
2.81005e-12
-5.53495e-11
1.53415e-08
4.01688e-12
-1.42513e-10
3.68972e-08
3.89259e-17
-2.07514e-10
5.12673e-08
-4.01683e-12
-2.07514e-10
5.12673e-08
-2.81002e-12
-1.42514e-10
3.68972e-08
-5.53515e-11
1.53415e-08
3.29592e-12
-5.14584e-11
1.88973e-08
4.63696e-12
-1.32337e-10
4.51037e-08
4.69265e-17
-1.92461e-10
6.27288e-08
-4.6369e-12
-1.92461e-10
6.27288e-08
-3.29589e-12
-1.32337e-10
4.51037e-08
-5.14604e-11
1.88973e-08
3.74399e-12
-4.61546e-11
2.29945e-08
5.18087e-12
-1.18509e-10
5.44136e-08
5.32084e-17
-1.7208e-10
7.57586e-08
-5.18082e-12
-1.7208e-10
7.57586e-08
-3.74396e-12
-1.1851e-10
5.44136e-08
-4.61566e-11
2.29945e-08
4.08651e-12
-3.90262e-11
2.74042e-08
5.53275e-12
-1.00001e-10
6.42561e-08
5.49102e-17
-1.44895e-10
8.9578e-08
-5.5327e-12
-1.44895e-10
8.9578e-08
-4.0865e-12
-1.00001e-10
6.42561e-08
-3.90277e-11
2.74042e-08
4.18889e-12
-2.97467e-11
3.14752e-08
5.50632e-12
-7.60358e-11
7.31275e-08
4.78039e-17
-1.09827e-10
1.02113e-07
-5.50631e-12
-1.09827e-10
1.02113e-07
-4.18889e-12
-7.60362e-11
7.31275e-08
-2.97483e-11
3.14752e-08
3.85754e-12
-1.84631e-11
3.36612e-08
4.85783e-12
-4.70868e-11
7.75774e-08
2.84492e-17
-6.76675e-11
1.08571e-07
-4.85785e-12
-6.76675e-11
1.08571e-07
-3.8576e-12
-4.70871e-11
7.75774e-08
-1.84638e-11
3.36612e-08
2.85903e-12
-6.77753e-12
3.05823e-08
3.34351e-12
-1.73036e-11
7.01363e-08
9.79906e-20
-2.46114e-11
9.84875e-08
-3.34358e-12
-2.46115e-11
9.84875e-08
-2.85913e-12
-1.73037e-11
7.01363e-08
-6.77755e-12
3.05823e-08
9.96806e-13
1.51727e-08
9.15208e-13
3.50429e-08
-2.06326e-17
4.9549e-08
-9.15265e-13
4.9549e-08
-9.96885e-13
3.50429e-08
1.51727e-08
1.73392e-12
-3.40786e-11
1.5338e-08
2.47981e-12
-8.7819e-11
3.68919e-08
1.15701e-16
-1.27923e-10
5.12629e-08
-2.47958e-12
-1.27923e-10
5.12629e-08
-1.73379e-12
-8.7819e-11
3.68919e-08
-3.40768e-11
1.5338e-08
2.03355e-12
-3.16832e-11
1.88929e-08
2.86232e-12
-8.15454e-11
4.50966e-08
1.47641e-16
-1.18636e-10
6.27224e-08
-2.86203e-12
-1.18636e-10
6.27224e-08
-2.03338e-12
-8.15453e-11
4.50966e-08
-3.16812e-11
1.88929e-08
2.30965e-12
-2.84177e-11
2.29889e-08
3.19757e-12
-7.30216e-11
5.44042e-08
1.87426e-16
-1.06064e-10
7.57492e-08
-3.1972e-12
-1.06064e-10
7.57492e-08
-2.30944e-12
-7.30214e-11
5.44042e-08
-2.84157e-11
2.29889e-08
2.52043e-12
-2.40289e-11
2.73973e-08
3.41401e-12
-6.16135e-11
6.42438e-08
2.3393e-16
-8.92983e-11
8.95647e-08
-3.41354e-12
-8.92982e-11
8.95647e-08
-2.52016e-12
-6.16132e-11
6.42438e-08
-2.40275e-11
2.73973e-08
2.58285e-12
-1.83157e-11
3.14669e-08
3.39665e-12
-4.68447e-11
7.3112e-08
2.83443e-16
-6.76777e-11
1.02095e-07
-3.39608e-12
-6.76776e-11
1.02095e-07
-2.58251e-12
-4.68444e-11
7.3112e-08
-1.83143e-11
3.14669e-08
2.37761e-12
-1.13688e-11
3.36518e-08
2.99522e-12
-2.90083e-11
7.7559e-08
3.22144e-16
-4.16933e-11
1.08548e-07
-2.99459e-12
-4.16933e-11
1.08548e-07
-2.3772e-12
-2.9008e-11
7.7559e-08
-1.13684e-11
3.36518e-08
1.76117e-12
-4.17417e-12
3.05733e-08
2.05993e-12
-1.06611e-11
7.01176e-08
3.14159e-16
-1.51644e-11
9.8463e-08
-2.05935e-12
-1.51645e-11
9.8463e-08
-1.76074e-12
-1.0661e-11
7.01176e-08
-4.17433e-12
3.05733e-08
6.13395e-13
1.51679e-08
5.62723e-13
3.50323e-08
1.74139e-16
4.95344e-08
-5.62449e-13
4.95344e-08
-6.13157e-13
3.50323e-08
1.51679e-08
1.07114e-12
-2.10708e-11
1.53359e-08
1.53257e-12
-5.42736e-11
3.68886e-08
5.21972e-17
-7.90561e-11
5.12602e-08
-1.5325e-12
-7.90562e-11
5.12602e-08
-1.07111e-12
-5.42737e-11
3.68886e-08
-2.10727e-11
1.53359e-08
1.25611e-12
-1.95904e-11
1.88902e-08
1.76878e-12
-5.03973e-11
4.50922e-08
6.3585e-17
-7.33163e-11
6.27184e-08
-1.7687e-12
-7.33164e-11
6.27184e-08
-1.25607e-12
-5.03974e-11
4.50922e-08
-1.95923e-11
1.88902e-08
1.42649e-12
-1.75721e-11
2.29855e-08
1.9757e-12
-4.51308e-11
5.43984e-08
7.35639e-17
-6.55473e-11
7.57435e-08
-1.97562e-12
-6.55473e-11
7.57435e-08
-1.42645e-12
-4.5131e-11
5.43984e-08
-1.75741e-11
2.29855e-08
1.55644e-12
-1.48592e-11
2.73931e-08
2.10907e-12
-3.8082e-11
6.42362e-08
7.87997e-17
-5.51876e-11
8.95564e-08
-2.10899e-12
-5.51877e-11
8.95564e-08
-1.55642e-12
-3.80823e-11
6.42362e-08
-1.48606e-11
2.73931e-08
1.59469e-12
-1.13272e-11
3.14617e-08
2.09788e-12
-2.89565e-11
7.31023e-08
7.38805e-17
-4.18288e-11
1.02084e-07
-2.09783e-12
-4.18288e-11
1.02084e-07
-1.59469e-12
-2.89567e-11
7.31023e-08
-1.13288e-11
3.14617e-08
1.46762e-12
-7.03198e-12
3.36461e-08
1.8494e-12
-1.79342e-11
7.75476e-08
5.1584e-17
-2.57733e-11
1.08534e-07
-1.8494e-12
-2.57733e-11
1.08534e-07
-1.46769e-12
-1.79345e-11
7.75476e-08
-7.03262e-12
3.36461e-08
1.08673e-12
-2.58254e-12
3.05678e-08
1.27141e-12
-6.59352e-12
7.01061e-08
1.13378e-17
-9.37804e-12
9.84479e-08
-1.27147e-12
-9.37805e-12
9.84479e-08
-1.08686e-12
-6.59365e-12
7.01061e-08
-2.58252e-12
3.05678e-08
3.78167e-13
1.5165e-08
3.46922e-13
3.50257e-08
-2.59141e-17
4.95254e-08
-3.46985e-13
4.95254e-08
-3.78267e-13
3.50257e-08
1.5165e-08
6.62264e-13
-1.30368e-11
1.53345e-08
9.47823e-13
-3.35731e-11
3.68866e-08
1.04803e-16
-4.89037e-11
5.12586e-08
-9.47615e-13
-4.89035e-11
5.12586e-08
-6.62144e-13
-3.3573e-11
3.68866e-08
-1.30349e-11
1.53345e-08
7.76579e-13
-1.21207e-11
1.88885e-08
1.09385e-12
-3.11746e-11
4.50895e-08
1.32882e-16
-4.53521e-11
6.2716e-08
-1.09358e-12
-4.53519e-11
6.2716e-08
-7.76426e-13
-3.11744e-11
4.50895e-08
-1.21187e-11
1.88885e-08
8.81842e-13
-1.08717e-11
2.29833e-08
1.22173e-12
-2.7916e-11
5.43948e-08
1.67307e-16
-4.05451e-11
7.57399e-08
-1.22139e-12
-4.0545e-11
7.57399e-08
-8.81649e-13
-2.79158e-11
5.43948e-08
-1.08697e-11
2.29833e-08
9.62077e-13
-9.19304e-12
2.73904e-08
1.30409e-12
-2.35551e-11
6.42315e-08
2.06884e-16
-3.41358e-11
8.95513e-08
-1.30367e-12
-3.41357e-11
8.95513e-08
-9.61824e-13
-2.35547e-11
6.42315e-08
-9.19161e-12
2.73904e-08
9.8558e-13
-7.00758e-12
3.14586e-08
1.29704e-12
-1.79095e-11
7.30964e-08
2.47345e-16
-2.58714e-11
1.02077e-07
-1.29654e-12
-2.58714e-11
1.02077e-07
-9.85269e-13
-1.79092e-11
7.30964e-08
-7.00608e-12
3.14586e-08
9.06874e-13
-4.34995e-12
3.36425e-08
1.14331e-12
-1.1091e-11
7.75405e-08
2.76862e-16
-1.59394e-11
1.08525e-07
-1.14275e-12
-1.59394e-11
1.08525e-07
-9.06493e-13
-1.10907e-11
7.75405e-08
-4.34945e-12
3.36425e-08
6.71326e-13
-1.59725e-12
3.05644e-08
7.85946e-13
-4.07658e-12
7.0099e-08
2.65342e-16
-5.79848e-12
9.84385e-08
-7.8544e-13
-5.79851e-12
9.84385e-08
-6.70935e-13
-4.07648e-12
7.0099e-08
-1.5974e-12
3.05644e-08
2.33458e-13
1.51631e-08
2.14524e-13
3.50217e-08
1.45116e-16
4.95198e-08
-2.14295e-13
4.95198e-08
-2.33239e-13
3.50217e-08
1.51631e-08
4.09669e-13
-8.06302e-12
1.53337e-08
5.86449e-13
-2.07685e-11
3.68853e-08
4.85304e-17
-3.02559e-11
5.12576e-08
-5.86391e-13
-3.0256e-11
5.12576e-08
-4.09645e-13
-2.07685e-11
3.68853e-08
-8.0649e-12
1.53337e-08
4.80381e-13
-7.49638e-12
1.88874e-08
6.76786e-13
-1.92847e-11
4.50878e-08
5.87186e-17
-2.80583e-11
6.27145e-08
-6.76721e-13
-2.80584e-11
6.27145e-08
-4.80355e-13
-1.92847e-11
4.50878e-08
-7.49831e-12
1.88874e-08
5.4549e-13
-6.72392e-12
2.2982e-08
7.55891e-13
-1.72688e-11
5.43926e-08
6.72308e-17
-2.50841e-11
7.57377e-08
-7.55824e-13
-2.50842e-11
7.57377e-08
-5.45467e-13
-1.72689e-11
5.43926e-08
-6.72595e-12
2.2982e-08
5.95115e-13
-5.68565e-12
2.73888e-08
8.06832e-13
-1.45709e-11
6.42286e-08
7.08437e-17
-2.11186e-11
8.95482e-08
-8.06776e-13
-2.11186e-11
8.95482e-08
-5.95114e-13
-1.45711e-11
6.42286e-08
-5.68707e-12
2.73888e-08
6.09647e-13
-4.33399e-12
3.14566e-08
8.02456e-13
-1.10785e-11
7.30927e-08
6.47651e-17
-1.60055e-11
1.02073e-07
-8.02431e-13
-1.60056e-11
1.02073e-07
-6.09675e-13
-1.10787e-11
7.30927e-08
-4.33555e-12
3.14566e-08
5.60959e-13
-2.69034e-12
3.36403e-08
7.07338e-13
-6.86068e-12
7.75362e-08
4.26315e-17
-9.86099e-12
1.0852e-07
-7.07359e-13
-9.86097e-12
1.0852e-07
-5.61054e-13
-6.86096e-12
7.75362e-08
-2.69095e-12
3.36403e-08
4.15265e-13
-9.87898e-13
3.05622e-08
4.86268e-13
-2.52176e-12
7.00945e-08
5.02273e-18
-3.58736e-12
9.84327e-08
-4.86344e-13
-3.58736e-12
9.84327e-08
-4.15416e-13
-2.5219e-12
7.00945e-08
-9.87859e-13
3.05622e-08
1.44427e-13
1.5162e-08
1.32772e-13
3.50192e-08
-2.8e-17
4.95163e-08
-1.32837e-13
4.95163e-08
-1.4454e-13
3.50192e-08
1.5162e-08
2.53557e-13
-4.99136e-12
1.53332e-08
3.63016e-13
-1.28564e-11
3.68845e-08
6.90523e-17
-1.87297e-11
5.12569e-08
-3.62873e-13
-1.87295e-11
5.12569e-08
-2.53484e-13
-1.28561e-11
3.68845e-08
-4.98907e-12
1.53332e-08
2.97322e-13
-4.6406e-12
1.88868e-08
4.18939e-13
-1.19378e-11
4.50868e-08
8.7599e-17
-1.73693e-11
6.27135e-08
-4.18753e-13
-1.73691e-11
6.27135e-08
-2.97229e-13
-1.19375e-11
4.50868e-08
-4.63825e-12
1.88868e-08
3.37621e-13
-4.16242e-12
2.29812e-08
4.67913e-13
-1.06899e-11
5.43912e-08
1.10316e-16
-1.55281e-11
7.57363e-08
-4.67677e-13
-1.55279e-11
7.57363e-08
-3.375e-13
-1.06895e-11
5.43912e-08
-4.16001e-12
2.29812e-08
3.68338e-13
-3.51969e-12
2.73878e-08
4.99461e-13
-9.01985e-12
6.42268e-08
1.36139e-16
-1.30732e-11
8.95462e-08
-4.99167e-13
-1.30731e-11
8.95462e-08
-3.68172e-13
-9.01933e-12
6.42268e-08
-3.51801e-12
2.73878e-08
3.77337e-13
-2.68297e-12
3.14554e-08
4.96775e-13
-6.85793e-12
7.30904e-08
1.61944e-16
-9.90804e-12
1.0207e-07
-4.9642e-13
-9.90791e-12
1.0207e-07
-3.77126e-13
-6.85751e-12
7.30904e-08
-2.68121e-12
3.14554e-08
3.47209e-13
-1.66544e-12
3.36389e-08
4.37926e-13
-4.24693e-12
7.75335e-08
1.79847e-16
-6.10428e-12
1.08516e-07
-4.37539e-13
-6.10423e-12
1.08516e-07
-3.46934e-13
-4.2465e-12
7.75335e-08
-1.66481e-12
3.36389e-08
2.57037e-13
-6.11538e-13
3.05609e-08
3.01106e-13
-1.561e-12
7.00918e-08
1.70408e-16
-2.22067e-12
9.84292e-08
-3.00757e-13
-2.22069e-12
9.84292e-08
-2.5674e-13
-1.56085e-12
7.00918e-08
-6.11656e-13
3.05609e-08
8.93998e-14
1.51613e-08
8.22634e-14
3.50176e-08
8.98322e-17
4.95142e-08
-8.21186e-14
4.95142e-08
-8.92281e-14
3.50176e-08
1.51613e-08
1.56991e-13
-3.08952e-12
1.53329e-08
2.24762e-13
-7.95877e-12
3.6884e-08
1.27852e-17
-1.15954e-11
5.12565e-08
-2.24765e-13
-1.15954e-11
5.12565e-08
-1.57003e-13
-7.95874e-12
3.6884e-08
-3.0912e-12
1.53329e-08
1.84094e-13
-2.87238e-12
1.88864e-08
2.59391e-13
-7.39011e-12
4.50861e-08
1.46364e-17
-1.07531e-11
6.27129e-08
-2.594e-13
-1.07532e-11
6.27129e-08
-1.84111e-13
-7.3901e-12
4.50861e-08
-2.87413e-12
1.88864e-08
2.09053e-13
-2.57638e-12
2.29807e-08
2.8972e-13
-6.61758e-12
5.43903e-08
1.37775e-17
-9.6133e-12
7.57354e-08
-2.89742e-13
-9.61334e-12
7.57354e-08
-2.09081e-13
-6.61767e-12
5.43903e-08
-2.57824e-12
2.29807e-08
2.28084e-13
-2.17853e-12
2.73872e-08
3.09261e-13
-5.58374e-12
6.42257e-08
8.06212e-18
-8.09356e-12
8.9545e-08
-3.09307e-13
-8.09359e-12
8.9545e-08
-2.28141e-13
-5.58391e-12
6.42257e-08
-2.17977e-12
2.73872e-08
2.33672e-13
-1.66062e-12
3.14546e-08
3.07609e-13
-4.24542e-12
7.3089e-08
-5.40134e-18
-6.13407e-12
1.02068e-07
-3.07695e-13
-6.13408e-12
1.02068e-07
-2.3376e-13
-4.24556e-12
7.3089e-08
-1.66207e-12
3.14546e-08
2.15036e-13
-1.03085e-12
3.36381e-08
2.71184e-13
-2.62916e-12
7.75318e-08
-2.77764e-17
-3.77929e-12
1.08514e-07
-2.71313e-13
-3.77929e-12
1.08514e-07
-2.15185e-13
-2.62944e-12
7.75318e-08
-1.03142e-12
3.36381e-08
1.59218e-13
-3.78549e-13
3.05601e-08
1.86478e-13
-9.66468e-13
7.00901e-08
-5.35124e-17
-1.37501e-12
9.84269e-08
-1.86638e-13
-1.375e-12
9.84269e-08
-1.59409e-13
-9.66606e-13
7.00901e-08
-3.78517e-13
3.05601e-08
5.54043e-14
1.51609e-08
5.09628e-14
3.50167e-08
-4.95084e-17
4.95129e-08
-5.10564e-14
4.95129e-08
-5.55286e-14
3.50167e-08
1.51609e-08
9.72324e-14
-1.9135e-12
1.53327e-08
1.39215e-13
-4.92887e-12
3.68837e-08
8.82588e-17
-7.18077e-12
5.12563e-08
-1.39032e-13
-7.18057e-12
5.12563e-08
-9.71244e-14
-4.92879e-12
3.68837e-08
-1.91125e-12
1.53327e-08
1.14018e-13
-1.77904e-12
1.88861e-08
1.60669e-13
-4.57671e-12
4.50857e-08
1.13085e-16
-6.65918e-12
6.27126e-08
-1.60431e-13
-6.659e-12
6.27126e-08
-1.1388e-13
-4.57653e-12
4.50857e-08
-1.7767e-12
1.88861e-08
1.29477e-13
-1.59572e-12
2.29804e-08
1.79463e-13
-4.09824e-12
5.43898e-08
1.44581e-16
-5.95322e-12
7.57349e-08
-1.79157e-13
-5.95305e-12
7.57349e-08
-1.29299e-13
-4.09795e-12
5.43898e-08
-1.5933e-12
2.29804e-08
1.41263e-13
-1.34932e-12
2.73868e-08
1.91581e-13
-3.45794e-12
6.4225e-08
1.82463e-16
-5.01201e-12
8.95442e-08
-1.91194e-13
-5.01187e-12
8.95442e-08
-1.41024e-13
-3.45755e-12
6.4225e-08
-1.34763e-12
2.73868e-08
1.44724e-13
-1.02854e-12
3.14542e-08
1.90577e-13
-2.62907e-12
7.30881e-08
2.23973e-16
-3.79846e-12
1.02067e-07
-1.901e-13
-3.79838e-12
1.02067e-07
-1.44424e-13
-2.62878e-12
7.30881e-08
-1.02673e-12
3.14542e-08
1.33182e-13
-6.3844e-13
3.36376e-08
1.68038e-13
-1.62805e-12
7.75308e-08
2.59135e-16
-2.34011e-12
1.08513e-07
-1.67497e-13
-2.3401e-12
1.08513e-07
-1.328e-13
-1.62771e-12
7.75308e-08
-6.37791e-13
3.36376e-08
9.86075e-14
-2.34409e-13
3.05596e-08
1.15585e-13
-5.98358e-13
7.00891e-08
2.57856e-16
-8.51253e-13
9.84256e-08
-1.15069e-13
-8.5128e-13
9.84256e-08
-9.82034e-14
-5.98252e-13
7.00891e-08
-2.34537e-13
3.05596e-08
3.43062e-14
1.51606e-08
3.16197e-14
3.50161e-08
1.46502e-16
4.9512e-08
-3.13737e-14
4.9512e-08
-3.40755e-14
3.50161e-08
1.51606e-08
6.02025e-14
-1.18452e-12
1.53326e-08
8.6204e-14
-3.05152e-12
3.68835e-08
3.16056e-17
-4.44597e-12
5.12561e-08
-8.61728e-14
-4.44602e-12
5.12561e-08
-6.01995e-14
-3.05143e-12
3.68835e-08
-1.18576e-12
1.53326e-08
7.05964e-14
-1.10127e-12
1.8886e-08
9.94872e-14
-2.8335e-12
4.50855e-08
3.81945e-17
-4.12306e-12
6.27123e-08
-9.9454e-14
-4.12309e-12
6.27123e-08
-7.05961e-14
-2.83343e-12
4.50855e-08
-1.10256e-12
1.8886e-08
8.01689e-14
-9.87794e-13
2.29802e-08
1.11122e-13
-2.53733e-12
5.43895e-08
4.32714e-17
-3.68604e-12
7.57346e-08
-1.11091e-13
-3.68605e-12
7.57346e-08
-8.01756e-14
-2.53732e-12
5.43895e-08
-9.89213e-13
2.29802e-08
8.74684e-14
-8.35261e-13
2.73865e-08
1.1862e-13
-2.14095e-12
6.42246e-08
4.47955e-17
-3.10335e-12
8.95438e-08
-1.186e-13
-3.10335e-12
8.95438e-08
-8.75002e-14
-2.14101e-12
6.42246e-08
-8.36055e-13
2.73865e-08
8.96132e-14
-6.36695e-13
3.14539e-08
1.1799e-13
-1.62783e-12
7.30876e-08
3.86501e-17
-2.35204e-12
1.02067e-07
-1.17997e-13
-2.35203e-12
1.02067e-07
-8.96715e-14
-1.62785e-12
7.30876e-08
-6.37818e-13
3.14539e-08
8.24686e-14
-3.9525e-13
3.36373e-08
1.04021e-13
-1.00815e-12
7.75301e-08
2.01365e-17
-1.4492e-12
1.08512e-07
-1.04063e-13
-1.44916e-12
1.08512e-07
-8.25834e-14
-1.00834e-12
7.75301e-08
-3.95651e-13
3.36373e-08
6.10644e-14
-1.45161e-13
3.05593e-08
7.1529e-14
-3.70634e-13
7.00884e-08
-1.01743e-17
-5.27326e-13
9.84247e-08
-7.16142e-14
-5.27305e-13
9.84247e-08
-6.12249e-14
-3.70747e-13
7.00884e-08
-1.45096e-13
3.05593e-08
2.12513e-14
1.51604e-08
1.95444e-14
3.50157e-08
-3.23174e-17
4.95115e-08
-1.96106e-14
4.95115e-08
-2.13635e-14
3.50157e-08
1.51604e-08
3.73134e-14
-7.33755e-13
1.53325e-08
5.34248e-14
-1.89026e-12
3.68834e-08
8.22071e-17
-2.75394e-12
5.1256e-08
-5.32529e-14
-2.75369e-12
5.1256e-08
-3.72201e-14
-1.89011e-12
3.68834e-08
-7.3098e-13
1.53325e-08
4.37559e-14
-6.82209e-13
1.88859e-08
6.16608e-14
-1.75522e-12
4.50853e-08
1.04433e-16
-2.55392e-12
6.27122e-08
-6.14376e-14
-2.55369e-12
6.27122e-08
-4.36362e-14
-1.75497e-12
4.50853e-08
-6.79359e-13
1.88859e-08
4.96906e-14
-6.11916e-13
2.29801e-08
6.88785e-14
-1.57174e-12
5.43893e-08
1.32787e-16
-2.28318e-12
7.57344e-08
-6.85911e-14
-2.28298e-12
7.57344e-08
-4.9535e-14
-1.57138e-12
5.43893e-08
-6.08973e-13
2.29801e-08
5.42179e-14
-5.17429e-13
2.73864e-08
7.35371e-14
-1.32619e-12
6.42243e-08
1.66953e-16
-1.92221e-12
8.95435e-08
-7.31721e-14
-1.92204e-12
8.95435e-08
-5.40037e-14
-1.32572e-12
6.42243e-08
-5.15272e-13
2.73864e-08
5.55515e-14
-3.94419e-13
3.14537e-08
7.31631e-14
-1.00832e-12
7.30873e-08
2.04856e-16
-1.4568e-12
1.02066e-07
-7.27109e-14
-1.45669e-12
1.02066e-07
-5.52766e-14
-1.00792e-12
7.30873e-08
-3.92216e-13
3.14537e-08
5.11281e-14
-2.4484e-13
3.36371e-08
6.45257e-14
-6.24434e-13
7.75297e-08
2.36497e-16
-8.97532e-13
1.08512e-07
-6.40126e-14
-8.97503e-13
1.08512e-07
-5.07659e-14
-6.24017e-13
7.75297e-08
-2.44049e-13
3.36371e-08
3.7864e-14
-8.99076e-14
3.05591e-08
4.44033e-14
-2.29539e-13
7.0088e-08
2.34815e-16
-3.26529e-13
9.84242e-08
-4.39155e-14
-3.26557e-13
9.84242e-08
-3.74704e-14
-2.29402e-13
7.0088e-08
-9.00602e-14
3.05591e-08
1.31793e-14
1.51603e-08
1.21636e-14
3.50155e-08
1.3342e-16
4.95112e-08
-1.19389e-14
4.95112e-08
-1.29517e-14
3.50155e-08
1.51603e-08
2.31382e-14
-4.53675e-13
1.53325e-08
3.3135e-14
-1.16942e-12
3.68834e-08
7.70692e-17
-1.70426e-12
5.1256e-08
-3.3011e-14
-1.7042e-12
5.1256e-08
-2.30905e-14
-1.16933e-12
3.68834e-08
-4.53466e-13
1.53325e-08
2.71371e-14
-4.218e-13
1.88858e-08
3.82483e-14
-1.08591e-12
4.50852e-08
9.68904e-17
-1.58051e-12
6.27121e-08
-3.80932e-14
-1.58046e-12
6.27121e-08
-2.70779e-14
-1.08579e-12
4.50852e-08
-4.21658e-13
1.88858e-08
3.08243e-14
-3.78347e-13
2.298e-08
4.27332e-14
-9.72451e-13
5.43892e-08
1.20108e-16
-1.41305e-12
7.57342e-08
-4.25419e-14
-1.41299e-12
7.57342e-08
-3.07522e-14
-9.72372e-13
5.43892e-08
-3.78344e-13
2.298e-08
3.36427e-14
-3.19926e-13
2.73863e-08
4.56352e-14
-8.20577e-13
6.42242e-08
1.45076e-16
-1.18971e-12
8.95433e-08
-4.54048e-14
-1.18967e-12
8.95433e-08
-3.35668e-14
-8.20509e-13
6.42242e-08
-3.19485e-13
2.73863e-08
3.44851e-14
-2.43877e-13
3.14536e-08
4.54201e-14
-6.23956e-13
7.3087e-08
1.68333e-16
-9.01733e-13
1.02066e-07
-4.51568e-14
-9.01714e-13
1.02066e-07
-3.43971e-14
-6.23831e-13
7.3087e-08
-2.44035e-13
3.14536e-08
3.17599e-14
-1.51427e-13
3.36369e-08
4.00803e-14
-3.86537e-13
7.75295e-08
1.78936e-16
-5.55722e-13
1.08511e-07
-3.98e-14
-5.55719e-13
1.08511e-07
-3.16808e-14
-3.86609e-13
7.75295e-08
-1.51546e-13
3.36369e-08
2.35471e-14
-5.56515e-14
3.0559e-08
2.76065e-14
-1.42208e-13
7.00878e-08
1.5668e-16
-2.02335e-13
9.84239e-08
-2.73718e-14
-2.02362e-13
9.84239e-08
-2.34976e-14
-1.42313e-13
7.00878e-08
-5.57367e-14
3.0559e-08
8.22101e-15
1.51603e-08
7.58155e-15
3.50153e-08
6.90464e-17
4.9511e-08
-7.48821e-15
4.9511e-08
-8.21138e-15
3.50153e-08
1.51603e-08
1.4377e-14
-2.80638e-13
1.53324e-08
2.05915e-14
-7.23433e-13
3.68833e-08
1.60226e-16
-1.05431e-12
5.12559e-08
-2.02799e-14
-1.0538e-12
5.12559e-08
-1.42317e-14
-7.22763e-13
3.68833e-08
-2.75957e-13
1.53324e-08
1.68631e-14
-2.60926e-13
1.88858e-08
2.37757e-14
-6.7171e-13
4.50852e-08
2.02172e-16
-9.77652e-13
6.27121e-08
-2.33766e-14
-9.77144e-13
6.27121e-08
-1.66797e-14
-6.70854e-13
4.50852e-08
-2.56129e-13
1.88858e-08
1.91557e-14
-2.34053e-13
2.29799e-08
2.65726e-14
-6.01482e-13
5.43891e-08
2.53878e-16
-8.73948e-13
7.57342e-08
-2.60652e-14
-8.73471e-13
7.57342e-08
-1.89235e-14
-6.00569e-13
5.43891e-08
-2.2921e-13
2.29799e-08
2.09077e-14
-1.97928e-13
2.73862e-08
2.83891e-14
-5.07494e-13
6.42241e-08
3.13343e-16
-7.35708e-13
8.95432e-08
-2.77555e-14
-7.35277e-13
8.95432e-08
-2.06053e-14
-5.06424e-13
6.42241e-08
-1.93767e-13
2.73862e-08
2.14304e-14
-1.50888e-13
3.14535e-08
2.82698e-14
-3.85851e-13
7.30869e-08
3.73173e-16
-5.57506e-13
1.02066e-07
-2.75046e-14
-5.57196e-13
1.02066e-07
-2.10478e-14
-3.84885e-13
7.30869e-08
-1.47331e-13
3.14535e-08
1.97328e-14
-9.36719e-14
3.36369e-08
2.49619e-14
-2.3895e-13
7.75293e-08
4.091e-16
-3.43454e-13
1.08511e-07
-2.41203e-14
-3.43324e-13
1.08511e-07
-1.92494e-14
-2.38268e-13
7.75293e-08
-9.23342e-14
3.36369e-08
1.46194e-14
-3.43971e-14
3.05589e-08
1.72044e-14
-8.78534e-14
7.00876e-08
3.67669e-16
-1.24965e-13
9.84237e-08
-1.64649e-14
-1.2499e-13
9.84237e-08
-1.41271e-14
-8.77368e-14
7.00876e-08
-3.46051e-14
3.05589e-08
5.08857e-15
1.51602e-08
4.72941e-15
3.50152e-08
1.67268e-16
4.95109e-08
-4.44719e-15
4.95109e-08
-4.83155e-15
3.50152e-08
1.51602e-08
8.63595e-15
-1.75584e-13
1.53324e-08
1.23885e-14
-4.49921e-13
3.68833e-08
-2.92423e-16
-6.54323e-13
5.12559e-08
-1.29668e-14
-6.54196e-13
5.12559e-08
-9.03537e-15
-4.49034e-13
3.68833e-08
-1.78231e-13
1.53324e-08
1.01102e-14
-1.63187e-13
1.88858e-08
1.42631e-14
-4.17716e-13
4.50851e-08
-3.79323e-16
-6.06738e-13
6.2712e-08
-1.50148e-14
-6.06604e-13
6.2712e-08
-1.06182e-14
-4.16989e-13
4.50851e-08
-1.66027e-13
1.88858e-08
1.14516e-14
-1.46309e-13
2.29799e-08
1.58753e-14
-3.73972e-13
5.4389e-08
-4.94048e-16
-5.42342e-13
7.57341e-08
-1.68511e-14
-5.42181e-13
7.57341e-08
-1.20981e-14
-3.73398e-13
5.4389e-08
-1.49425e-13
2.29799e-08
1.24477e-14
-1.23663e-13
2.73862e-08
1.68577e-14
-3.15477e-13
6.4224e-08
-6.40742e-16
-4.56541e-13
8.95431e-08
-1.81149e-14
-4.56347e-13
8.95431e-08
-1.32742e-14
-3.15152e-13
6.4224e-08
-1.26297e-13
2.73862e-08
1.26819e-14
-9.42136e-14
3.14535e-08
1.66303e-14
-2.39793e-13
7.30868e-08
-8.15789e-16
-3.4593e-13
1.02066e-07
-1.82162e-14
-3.45714e-13
1.02066e-07
-1.37128e-14
-2.39615e-13
7.30868e-08
-9.66253e-14
3.14535e-08
1.15701e-14
-5.83969e-14
3.36368e-08
1.44592e-14
-1.48362e-13
7.75292e-08
-9.86217e-16
-2.12974e-13
1.08511e-07
-1.63379e-14
-2.12751e-13
1.08511e-07
-1.28111e-14
-1.48332e-13
7.75292e-08
-5.90416e-14
3.36368e-08
8.4425e-15
-2.13576e-14
3.05589e-08
9.67985e-15
-5.43956e-14
7.00875e-08
-1.03305e-15
-7.73263e-14
9.84235e-08
-1.15751e-14
-7.71829e-14
9.84235e-08
-9.70042e-15
-5.42943e-14
7.00875e-08
-2.09398e-14
3.05589e-08
2.83463e-15
1.51602e-08
2.4012e-15
3.50152e-08
-6.2112e-16
4.95108e-08
-3.44212e-15
4.95108e-08
-3.53603e-15
3.50152e-08
1.51602e-08
5.43678e-15
-1.0754e-13
1.53324e-08
7.76473e-15
-2.77591e-13
3.68833e-08
-8.4673e-17
-4.04546e-13
5.12559e-08
-7.88151e-15
-4.04565e-13
5.12559e-08
-5.46728e-15
-2.77967e-13
3.68833e-08
-1.07515e-13
1.53324e-08
6.37821e-15
-9.99387e-14
1.88857e-08
8.96003e-15
-2.57709e-13
4.50851e-08
-1.01867e-16
-3.75109e-13
6.2712e-08
-9.096e-15
-3.75153e-13
6.2712e-08
-6.40864e-15
-2.58091e-13
4.50851e-08
-9.98532e-14
1.88857e-08
7.24682e-15
-8.961e-14
2.29799e-08
1.00066e-14
-2.30732e-13
5.4389e-08
-1.17671e-16
-3.35312e-13
7.57341e-08
-1.01573e-14
-3.35384e-13
7.57341e-08
-7.2695e-15
-2.31051e-13
5.4389e-08
-8.93699e-14
2.29799e-08
7.91373e-15
-7.57411e-14
2.73862e-08
1.06835e-14
-1.94657e-13
6.42239e-08
-1.2613e-16
-2.82293e-13
8.95431e-08
-1.08337e-14
-2.82389e-13
8.95431e-08
-7.9048e-15
-1.94935e-13
6.4224e-08
-7.60344e-14
2.73862e-08
8.12151e-15
-5.77067e-14
3.14535e-08
1.06374e-14
-1.47968e-13
7.30868e-08
-1.15402e-16
-2.13935e-13
1.02066e-07
-1.07508e-14
-2.14053e-13
1.02066e-07
-8.06908e-15
-1.48298e-13
7.30868e-08
-5.75038e-14
3.14535e-08
7.49977e-15
-3.57895e-14
3.36368e-08
9.40805e-15
-9.15792e-14
7.75292e-08
-6.55752e-17
-1.31754e-13
1.08511e-07
-9.43198e-15
-1.31871e-13
1.08511e-07
-7.35972e-15
-9.16769e-14
7.75292e-08
-3.58518e-14
3.36368e-08
5.59501e-15
-1.31135e-14
3.05588e-08
6.532e-15
-3.36046e-14
7.00875e-08
3.40332e-17
-4.7872e-14
9.84235e-08
-6.39469e-15
-4.79244e-14
9.84235e-08
-5.3583e-15
-3.36243e-14
7.00875e-08
-1.32519e-14
3.05588e-08
1.99122e-15
1.51602e-08
1.86111e-15
3.50151e-08
1.15031e-16
4.95108e-08
-1.64706e-15
4.95108e-08
-1.78439e-15
3.50151e-08
1.51602e-08
3.44298e-15
-6.64354e-14
1.53324e-08
4.8877e-15
-1.71716e-13
3.68833e-08
-6.31045e-18
-2.50424e-13
5.12559e-08
-4.91059e-15
-2.50713e-13
5.12559e-08
-3.42252e-15
-1.72079e-13
3.68833e-08
-6.88924e-14
1.53324e-08
4.04362e-15
-6.17694e-14
1.88857e-08
5.64938e-15
-1.5943e-13
4.50851e-08
-3.12985e-18
-2.32234e-13
6.2712e-08
-5.6757e-15
-2.32515e-13
6.2712e-08
-4.01898e-15
-1.5987e-13
4.50851e-08
-6.4233e-14
1.88857e-08
4.60167e-15
-5.54115e-14
2.29799e-08
6.32355e-15
-1.42764e-13
5.4389e-08
2.01428e-18
-2.07643e-13
7.57341e-08
-6.3518e-15
-2.07904e-13
7.57341e-08
-4.57482e-15
-1.43292e-13
5.4389e-08
-5.79021e-14
2.29799e-08
5.03497e-15
-4.68647e-14
2.73862e-08
6.7709e-15
-1.20456e-13
6.42239e-08
1.07095e-17
-1.74847e-13
8.95431e-08
-6.7984e-15
-1.75078e-13
8.95431e-08
-5.02147e-15
-1.21067e-13
6.42239e-08
-4.85351e-14
2.73862e-08
5.17914e-15
-3.57328e-14
3.14534e-08
6.76613e-15
-9.15884e-14
7.30868e-08
2.42687e-17
-1.32544e-13
1.02066e-07
-6.79086e-15
-1.32728e-13
1.02066e-07
-5.17618e-15
-9.20778e-14
7.30868e-08
-3.75361e-14
3.14534e-08
4.79387e-15
-2.21903e-14
3.36368e-08
6.00901e-15
-5.67389e-14
7.75291e-08
4.04065e-17
-8.17038e-14
1.08511e-07
-6.01454e-15
-8.17912e-14
1.08511e-07
-4.83509e-15
-5.72416e-14
7.75291e-08
-2.28819e-14
3.36368e-08
3.58087e-15
-8.16051e-15
3.05588e-08
4.1859e-15
-2.08743e-14
7.00874e-08
5.22541e-17
-2.97627e-14
9.84234e-08
-4.16543e-15
-2.97829e-14
9.84234e-08
-3.66402e-15
-2.10791e-14
7.00874e-08
-8.08268e-15
3.05588e-08
1.26875e-15
1.51602e-08
1.19037e-15
3.50151e-08
2.80501e-17
4.95108e-08
-1.14373e-15
4.95108e-08
-1.33613e-15
3.50151e-08
1.51602e-08
2.09087e-15
-4.17109e-14
1.53324e-08
3.01782e-15
-1.0713e-13
3.68833e-08
3.35379e-17
-1.56018e-13
5.12559e-08
-2.92912e-15
-1.55926e-13
5.12559e-08
-2.0513e-15
-1.07298e-13
3.68833e-08
-3.96509e-14
1.53324e-08
2.45062e-15
-3.8777e-14
1.88857e-08
3.4849e-15
-9.94752e-14
4.50851e-08
4.57755e-17
-1.44665e-13
6.2712e-08
-3.36417e-15
-1.44594e-13
6.2712e-08
-2.39701e-15
-9.9547e-14
4.50851e-08
-3.66468e-14
1.88857e-08
2.78069e-15
-3.4772e-14
2.29799e-08
3.8954e-15
-8.90536e-14
5.4389e-08
6.36227e-17
-1.29277e-13
7.57341e-08
-3.73191e-15
-1.29224e-13
7.57341e-08
-2.70521e-15
-8.89933e-14
5.4389e-08
-3.25373e-14
2.29799e-08
3.03046e-15
-2.93966e-14
2.73862e-08
4.16265e-15
-7.51249e-14
6.42239e-08
8.81287e-17
-1.08794e-13
8.9543e-08
-3.94349e-15
-1.08763e-13
8.9543e-08
-2.91106e-15
-7.49313e-14
6.42239e-08
-2.7914e-14
2.73862e-08
3.09919e-15
-2.24001e-14
3.14534e-08
4.1461e-15
-5.70951e-14
7.30867e-08
1.18402e-16
-8.23956e-14
1.02066e-07
-3.85837e-15
-8.23947e-14
1.02066e-07
-2.93363e-15
-5.69365e-14
7.30867e-08
-2.07252e-14
3.14534e-08
2.84397e-15
-1.38847e-14
3.36367e-08
3.66176e-15
-3.53019e-14
7.75291e-08
1.49648e-16
-5.06582e-14
1.08511e-07
-3.32083e-15
-5.06974e-14
1.08511e-07
-2.60291e-15
-3.49941e-14
7.75291e-08
-1.32831e-14
3.36367e-08
2.09558e-15
-5.07489e-15
3.05588e-08
2.52343e-15
-1.29128e-14
7.00874e-08
1.58454e-16
-1.8335e-14
9.84234e-08
-2.1858e-15
-1.83636e-14
9.84234e-08
-1.81257e-15
-1.2785e-14
7.00874e-08
-5.17973e-15
3.05588e-08
7.21043e-16
1.51602e-08
6.91518e-16
3.50151e-08
9.67474e-17
4.95107e-08
-5.33847e-16
4.95107e-08
-5.43679e-16
3.50151e-08
1.51602e-08
1.3895e-15
-2.54541e-14
1.53324e-08
1.97547e-15
-6.60858e-14
3.68833e-08
1.00392e-16
-9.65676e-14
5.12559e-08
-1.80765e-15
-9.67405e-14
5.12559e-08
-1.28714e-15
-6.63951e-14
3.68833e-08
-2.64013e-14
1.53324e-08
1.63547e-15
-2.36813e-14
1.88857e-08
2.29132e-15
-6.13786e-14
4.50851e-08
1.26956e-16
-8.95853e-14
6.2712e-08
-2.08201e-15
-8.97499e-14
6.2712e-08
-1.50986e-15
-6.16815e-14
4.50851e-08
-2.4625e-14
1.88857e-08
1.86795e-15
-2.12514e-14
2.29799e-08
2.57752e-15
-5.49851e-14
5.4389e-08
1.58797e-16
-8.01418e-14
7.57341e-08
-2.31878e-15
-8.02915e-14
7.57341e-08
-1.71615e-15
-5.53171e-14
5.4389e-08
-2.2273e-14
2.29799e-08
2.05464e-15
-1.79751e-14
2.73861e-08
2.77924e-15
-4.64072e-14
6.42239e-08
1.94985e-16
-6.75147e-14
8.9543e-08
-2.46506e-15
-6.76415e-14
8.9543e-08
-1.88652e-15
-4.67486e-14
6.42239e-08
-1.8357e-14
2.73861e-08
2.12967e-15
-1.37082e-14
3.14534e-08
2.8062e-15
-3.53061e-14
7.30867e-08
2.31747e-16
-5.12188e-14
1.02066e-07
-2.44058e-15
-5.13195e-14
1.02066e-07
-1.93819e-15
-3.5508e-14
7.30867e-08
-1.45328e-14
3.14534e-08
1.99419e-15
-8.50565e-15
3.36367e-08
2.53282e-15
-2.18915e-14
7.75291e-08
2.55959e-16
-3.16263e-14
1.08511e-07
-2.12883e-15
-3.16942e-14
1.08511e-07
-1.81218e-15
-2.22142e-14
7.75291e-08
-8.88183e-15
3.36367e-08
1.51811e-15
-3.11893e-15
3.05588e-08
1.81598e-15
-8.0797e-15
7.00874e-08
2.39536e-16
-1.15696e-14
9.84234e-08
-1.44441e-15
-1.16141e-14
9.84234e-08
-1.37911e-15
-8.26828e-15
7.00874e-08
-3.17305e-15
3.05588e-08
5.61275e-16
1.51602e-08
5.63221e-16
3.50151e-08
1.20741e-16
4.95107e-08
-3.7107e-16
4.95107e-08
-5.06515e-16
3.50151e-08
1.51602e-08
8.73712e-16
-1.53806e-14
1.53324e-08
1.24021e-15
-4.01314e-14
3.68832e-08
6.98611e-17
-5.88035e-14
5.12559e-08
-1.0885e-15
-5.83605e-14
5.12559e-08
-8.12952e-16
-3.93743e-14
3.68832e-08
-1.07437e-14
1.53324e-08
1.02717e-15
-1.43197e-14
1.88857e-08
1.43784e-15
-3.73057e-14
4.50851e-08
8.91298e-17
-5.45594e-14
6.2712e-08
-1.23809e-15
-5.41369e-14
6.2712e-08
-9.46453e-16
-3.64801e-14
4.50851e-08
-9.65944e-15
1.88857e-08
1.17125e-15
-1.28777e-14
2.29799e-08
1.61532e-15
-3.34924e-14
5.4389e-08
1.13795e-16
-4.88533e-14
7.57341e-08
-1.35437e-15
-4.84784e-14
7.57341e-08
-1.06229e-15
-3.26127e-14
5.4389e-08
-8.12512e-15
2.29799e-08
1.28438e-15
-1.09098e-14
2.73861e-08
1.73698e-15
-2.83266e-14
6.42239e-08
1.42901e-16
-4.11883e-14
8.9543e-08
-1.40135e-15
-4.08773e-14
8.9543e-08
-1.12649e-15
-2.73615e-14
6.42239e-08
-6.90483e-15
2.73861e-08
1.32397e-15
-8.35583e-15
3.14534e-08
1.74346e-15
-2.16214e-14
7.30867e-08
1.72213e-16
-3.13047e-14
1.02066e-07
-1.32571e-15
-3.10769e-14
1.02066e-07
-1.10484e-15
-2.07396e-14
7.30867e-08
-4.81859e-15
3.14534e-08
1.22682e-15
-5.26284e-15
3.36367e-08
1.55214e-15
-1.35565e-14
7.75291e-08
1.8943e-16
-1.94737e-14
1.08511e-07
-1.08676e-15
-1.9366e-14
1.08511e-07
-9.15034e-16
-1.282e-14
7.75291e-08
-3.85511e-15
3.36367e-08
9.14621e-16
-2.01402e-15
3.05588e-08
1.07656e-15
-5.13989e-15
7.00874e-08
1.66123e-16
-7.28044e-15
9.84234e-08
-6.71167e-16
-7.26787e-15
9.84234e-08
-5.75188e-16
-4.91436e-15
7.00874e-08
-2.09342e-15
3.05588e-08
3.19793e-16
1.51602e-08
2.91224e-16
3.50151e-08
7.14327e-17
4.95107e-08
-1.61509e-16
4.95107e-08
-1.36417e-16
3.50151e-08
1.51602e-08
4.37887e-16
-1.04764e-14
1.53324e-08
6.98739e-16
-2.58499e-14
3.68832e-08
2.88301e-17
-3.7363e-14
5.12559e-08
-6.43465e-16
-3.73654e-14
5.12559e-08
-3.98483e-16
-2.59985e-14
3.68832e-08
-1.04128e-14
1.53324e-08
5.0762e-16
-9.71297e-15
1.88857e-08
8.00988e-16
-2.39929e-14
4.50851e-08
3.15943e-17
-3.46482e-14
6.2712e-08
-7.37583e-16
-3.46457e-14
6.2712e-08
-4.60894e-16
-2.41164e-14
4.50851e-08
-9.64436e-15
1.88857e-08
5.67213e-16
-8.67335e-15
2.29799e-08
8.86146e-16
-2.14527e-14
5.4389e-08
3.24184e-17
-3.09452e-14
7.5734e-08
-8.16765e-16
-3.09442e-14
7.5734e-08
-5.13825e-16
-2.154e-14
5.4389e-08
-8.59985e-15
2.29799e-08
6.04786e-16
-7.28969e-15
2.73861e-08
9.3193e-16
-1.80635e-14
6.42239e-08
2.95036e-17
-2.60212e-14
8.9543e-08
-8.62195e-16
-2.60191e-14
8.9543e-08
-5.47121e-16
-1.81104e-14
6.42239e-08
-7.20831e-15
2.73861e-08
5.98304e-16
-5.52074e-15
3.14534e-08
9.04517e-16
-1.37018e-14
7.30867e-08
1.9672e-17
-1.96739e-14
1.02066e-07
-8.45263e-16
-1.96667e-14
1.02066e-07
-5.419e-16
-1.37055e-14
7.30867e-08
-5.43318e-15
3.14534e-08
5.21043e-16
-3.38371e-15
3.36367e-08
7.64384e-16
-8.44517e-15
7.75291e-08
6.64749e-19
-1.208e-14
1.08511e-07
-7.33901e-16
-1.20766e-14
1.08511e-07
-4.75001e-16
-8.4247e-15
7.75291e-08
-3.31669e-15
3.36367e-08
3.51453e-16
-1.21187e-15
3.05588e-08
4.81462e-16
-3.07755e-15
7.00874e-08
-2.55082e-17
-4.36366e-15
9.84233e-08
-5.0019e-16
-4.3626e-15
9.84233e-08
-3.29485e-16
-3.05886e-15
7.00874e-08
-1.19489e-15
3.05588e-08
9.60057e-17
1.51602e-08
9.04049e-17
3.50151e-08
-3.24585e-17
4.95107e-08
-1.40365e-16
4.95107e-08
-1.07226e-16
3.50151e-08
1.51602e-08
3.24965e-16
-5.84648e-15
1.53324e-08
4.55482e-16
-1.58165e-14
3.68832e-08
3.93155e-17
-2.30525e-14
5.12559e-08
-3.9112e-16
-2.31424e-14
5.12559e-08
-2.71325e-16
-1.60038e-14
3.68832e-08
-6.24151e-15
1.53324e-08
3.80141e-16
-5.46141e-15
1.88857e-08
5.22605e-16
-1.47228e-14
4.50851e-08
4.54109e-17
-2.13993e-14
6.2712e-08
-4.48979e-16
-2.1476e-14
6.2712e-08
-3.17624e-16
-1.49072e-14
4.50851e-08
-5.80322e-15
1.88857e-08
4.304e-16
-4.9204e-15
2.29799e-08
5.8032e-16
-1.31755e-14
5.4389e-08
5.04543e-17
-1.91235e-14
7.5734e-08
-4.98754e-16
-1.91834e-14
7.5734e-08
-3.60489e-16
-1.33495e-14
5.4389e-08
-5.19026e-15
2.29799e-08
4.6888e-16
-4.17804e-15
2.73861e-08
6.15314e-16
-1.11173e-14
6.42239e-08
5.31848e-17
-1.60796e-14
8.9543e-08
-5.29844e-16
-1.61198e-14
8.9543e-08
-3.94819e-16
-1.1284e-14
6.42239e-08
-4.37125e-15
2.73861e-08
4.79797e-16
-3.19252e-15
3.14534e-08
6.08296e-16
-8.42476e-15
7.30867e-08
5.1734e-17
-1.21848e-14
1.02066e-07
-5.26159e-16
-1.22141e-14
1.02066e-07
-4.07833e-16
-8.56071e-15
7.30867e-08
-3.31368e-15
3.14534e-08
4.41545e-16
-1.99637e-15
3.36367e-08
5.32418e-16
-5.19053e-15
7.75291e-08
4.37084e-17
-7.50822e-15
1.08511e-07
-4.62579e-16
-7.51877e-15
1.08511e-07
-3.8216e-16
-5.30543e-15
7.75291e-08
-2.04939e-15
3.36367e-08
3.2619e-16
-7.40322e-16
3.05588e-08
3.63871e-16
-1.89606e-15
7.00874e-08
2.72463e-17
-2.73182e-15
9.84233e-08
-3.16976e-16
-2.7423e-15
9.84233e-08
-2.93533e-16
-1.95254e-15
7.00874e-08
-7.51882e-16
3.05588e-08
1.10269e-16
1.51602e-08
1.0131e-16
3.50151e-08
5.5058e-18
4.95107e-08
-8.19632e-17
4.95107e-08
-1.13038e-16
3.50151e-08
1.51602e-08
1.25082e-16
-3.87813e-15
1.53324e-08
2.0007e-16
-9.46479e-15
3.68832e-08
-8.92208e-17
-1.37457e-14
5.12559e-08
-3.60332e-16
-1.35866e-14
5.12559e-08
-2.56353e-16
-9.05386e-15
3.68832e-08
-3.11859e-15
1.53324e-08
1.43176e-16
-3.58802e-15
1.88857e-08
2.23016e-16
-8.80283e-15
4.50851e-08
-1.15048e-16
-1.27804e-14
6.2712e-08
-4.27827e-16
-1.26282e-14
6.2712e-08
-3.06699e-16
-8.37045e-15
4.50851e-08
-2.91683e-15
1.88857e-08
1.57487e-16
-3.18238e-15
2.29799e-08
2.36509e-16
-7.89195e-15
5.4389e-08
-1.48042e-16
-1.1445e-14
7.5734e-08
-4.96892e-16
-1.12779e-14
7.5734e-08
-3.58884e-16
-7.46348e-15
5.4389e-08
-2.61597e-15
2.29799e-08
1.64384e-16
-2.64892e-15
2.73861e-08
2.32875e-16
-6.65373e-15
6.42239e-08
-1.8812e-16
-9.66402e-15
8.9543e-08
-5.606e-16
-9.50477e-15
8.9543e-08
-4.08024e-16
-6.23552e-15
6.42239e-08
-2.21569e-15
2.73861e-08
1.57476e-16
-1.98546e-15
3.14534e-08
2.01223e-16
-5.06422e-15
7.30867e-08
-2.33755e-16
-7.31841e-15
1.02066e-07
-6.02563e-16
-7.16719e-15
1.02066e-07
-4.43089e-16
-4.71281e-15
7.30867e-08
-1.67844e-15
3.14534e-08
1.30396e-16
-1.20844e-15
3.36367e-08
1.33226e-16
-3.14044e-15
7.75291e-08
-2.74884e-16
-4.51327e-15
1.08511e-07
-5.97624e-16
-4.39536e-15
1.08511e-07
-4.42418e-16
-2.88043e-15
7.75291e-08
-1.03769e-15
3.36367e-08
8.16784e-17
-4.293e-16
3.05588e-08
3.45267e-17
-1.16428e-15
7.00874e-08
-2.79037e-16
-1.64484e-15
9.84233e-08
-4.99733e-16
-1.58419e-15
9.84233e-08
-3.70054e-16
-1.03523e-15
7.00874e-08
-3.72802e-16
3.05588e-08
2.08744e-17
1.51602e-08
-4.60646e-17
3.50151e-08
-1.6243e-16
4.95107e-08
-2.20391e-16
4.95107e-08
-1.63336e-16
3.50151e-08
1.51602e-08
1.02562e-16
-2.08397e-15
1.53324e-08
1.19198e-16
-5.74596e-15
3.68832e-08
-5.88828e-17
-8.32572e-15
5.12559e-08
-2.23617e-16
-8.24772e-15
5.12559e-08
-1.48098e-16
-5.47062e-15
3.68832e-08
-2.00991e-15
1.53324e-08
1.19344e-16
-1.93751e-15
1.88857e-08
1.32883e-16
-5.31722e-15
4.50851e-08
-7.37944e-17
-7.6756e-15
6.2712e-08
-2.63899e-16
-7.60189e-15
6.2712e-08
-1.76458e-16
-5.08732e-15
4.50851e-08
-1.85891e-15
1.88857e-08
1.33639e-16
-1.74993e-15
2.29799e-08
1.41566e-16
-4.73653e-15
5.4389e-08
-9.19027e-17
-6.82614e-15
7.5734e-08
-3.03822e-16
-6.75678e-15
7.5734e-08
-2.05317e-16
-4.55373e-15
5.4389e-08
-1.65754e-15
2.29799e-08
1.4318e-16
-1.48947e-15
2.73861e-08
1.41172e-16
-3.97499e-15
6.42239e-08
-1.12386e-16
-5.69348e-15
8.9543e-08
-3.37928e-16
-5.6274e-15
8.9543e-08
-2.31713e-16
-3.85106e-15
6.42239e-08
-1.38708e-15
2.73861e-08
1.43323e-16
-1.14075e-15
3.14534e-08
1.27135e-16
-2.98982e-15
7.30867e-08
-1.32608e-16
-4.27922e-15
1.02066e-07
-3.566e-16
-4.22085e-15
1.02066e-07
-2.48377e-16
-2.91649e-15
7.30867e-08
-1.0447e-15
3.14534e-08
1.27137e-16
-7.18051e-16
3.36367e-08
9.48513e-17
-1.8258e-15
7.75291e-08
-1.44278e-16
-2.59846e-15
1.08511e-07
-3.41502e-16
-2.56873e-15
1.08511e-07
-2.44113e-16
-1.78996e-15
7.75291e-08
-6.35524e-16
3.36367e-08
8.75507e-17
-2.76765e-16
3.05588e-08
4.61185e-17
-6.53643e-16
7.00874e-08
-1.31584e-16
-9.16302e-16
9.84233e-08
-2.6482e-16
-8.99658e-16
9.84233e-08
-2.00816e-16
-6.46548e-16
7.00874e-08
-2.24946e-16
3.05588e-08
2.34876e-17
1.51602e-08
-1.18405e-18
3.50151e-08
-6.28488e-17
4.95107e-08
-9.51139e-17
4.95107e-08
-8.90945e-17
3.50151e-08
1.51602e-08
-6.53557e-17
-2.13202e-15
1.53324e-08
-1.04805e-16
-4.31714e-15
3.68832e-08
-2.55707e-16
-5.73155e-15
5.12559e-08
-3.85676e-16
-5.78344e-15
5.12559e-08
-2.38627e-16
-3.81657e-15
3.68832e-08
-4.56161e-15
1.53324e-08
-8.45333e-17
-1.95258e-15
1.88857e-08
-1.40706e-16
-4.01043e-15
4.50851e-08
-3.22187e-16
-5.33396e-15
6.2712e-08
-4.80756e-16
-5.39304e-15
6.2712e-08
-2.95402e-16
-3.69573e-15
4.50851e-08
-4.5993e-15
1.88857e-08
-1.0924e-16
-1.72257e-15
2.29799e-08
-1.88359e-16
-3.59604e-15
5.4389e-08
-4.04319e-16
-4.7934e-15
7.5734e-08
-5.94235e-16
-4.84881e-15
7.5734e-08
-3.63693e-16
-3.42491e-15
5.4389e-08
-4.56332e-15
2.29799e-08
-1.3923e-16
-1.42561e-15
2.73861e-08
-2.4892e-16
-3.03359e-15
6.42239e-08
-5.01153e-16
-4.0609e-15
8.9543e-08
-7.22698e-16
-4.10264e-15
8.9543e-08
-4.50533e-16
-3.09745e-15
6.42239e-08
-3.89532e-15
2.73861e-08
-1.72432e-16
-1.0594e-15
3.14534e-08
-3.19348e-16
-2.31686e-15
7.30867e-08
-6.03864e-16
-3.11025e-15
1.02066e-07
-8.52651e-16
-3.10517e-15
1.02066e-07
-5.42711e-16
-2.45857e-15
7.30867e-08
-3.2569e-15
3.14534e-08
-2.00407e-16
-6.53875e-16
3.36367e-08
-3.82917e-16
-1.4516e-15
7.75291e-08
-6.82557e-16
-1.94425e-15
1.08511e-07
-9.29226e-16
-1.88125e-15
1.08511e-07
-6.36494e-16
-1.6062e-15
7.75291e-08
-1.29694e-15
3.36367e-08
-1.96865e-16
-2.42096e-16
3.05588e-08
-3.91205e-16
-5.62581e-16
7.00874e-08
-6.55717e-16
-7.33871e-16
9.84233e-08
-8.34719e-16
-6.34726e-16
9.84233e-08
-6.17151e-16
-4.86532e-16
7.00874e-08
1.12411e-16
3.05588e-08
-1.06304e-16
1.51602e-08
-2.22654e-16
3.50151e-08
-3.47809e-16
4.95107e-08
-3.62385e-16
4.95107e-08
-3.1361e-16
3.50151e-08
1.51602e-08
3.45947e-17
-7.04947e-16
1.53324e-08
4.03666e-17
-2.12314e-15
3.68832e-08
-2.62973e-17
-3.28372e-15
5.12559e-08
-4.98598e-17
-3.36681e-15
5.12559e-08
-1.25845e-17
-2.6841e-15
3.68832e-08
-3.1732e-16
1.53324e-08
4.37617e-17
-6.44462e-16
1.88857e-08
5.16435e-17
-1.95813e-15
4.50851e-08
-2.43966e-17
-3.02997e-15
6.2712e-08
-4.62578e-17
-3.14309e-15
6.2712e-08
-6.90434e-18
-2.48142e-15
4.50851e-08
-1.96075e-16
1.88857e-08
5.54701e-17
-5.66198e-16
2.29799e-08
6.69863e-17
-1.71953e-15
5.4389e-08
-1.49779e-17
-2.67013e-15
7.5734e-08
-3.24187e-17
-2.79895e-15
7.5734e-08
7.71265e-18
-2.13678e-15
5.4389e-08
1.61567e-17
2.29799e-08
7.10275e-17
-4.58609e-16
2.73861e-08
8.90943e-17
-1.42154e-15
6.42239e-08
7.94935e-18
-2.20666e-15
8.9543e-08
-6.44999e-19
-2.35235e-15
8.9543e-08
4.29892e-17
-1.74624e-15
6.42239e-08
-3.00854e-16
2.73861e-08
9.06972e-17
-3.31938e-16
3.14534e-08
1.20757e-16
-1.03368e-15
7.30867e-08
5.23942e-17
-1.62648e-15
1.02066e-07
5.92862e-17
-1.75982e-15
1.02066e-07
8.95303e-17
-1.32777e-15
7.30867e-08
1.42691e-16
3.14534e-08
1.12177e-16
-1.9368e-16
3.36367e-08
1.6176e-16
-5.95745e-16
7.75291e-08
1.26255e-16
-9.22055e-16
1.08511e-07
1.42782e-16
-1.03664e-15
1.08511e-07
1.67187e-16
-6.30366e-16
7.75291e-08
-9.76412e-17
3.36367e-08
1.24029e-16
-6.70785e-17
3.05588e-08
1.95651e-16
-1.84203e-16
7.00874e-08
2.11249e-16
-2.69518e-16
9.84233e-08
2.32976e-16
-3.0145e-16
9.84233e-08
2.34485e-16
-1.32202e-16
7.00874e-08
-1.51896e-16
3.05588e-08
8.2876e-17
1.51602e-08
1.42123e-16
3.50151e-08
1.938e-16
4.95107e-08
1.89569e-16
4.95107e-08
1.76638e-16
3.50151e-08
1.51602e-08
4.03786e-17
-6.46742e-16
1.53324e-08
5.46806e-17
-1.65588e-15
3.68832e-08
2.49323e-17
-2.35317e-15
5.12559e-08
-3.20762e-17
-2.59334e-15
5.12559e-08
-2.60774e-17
-1.97008e-15
3.68832e-08
-2.7185e-15
1.53324e-08
4.9021e-17
-6.03789e-16
1.88857e-08
6.84289e-17
-1.51866e-15
4.50851e-08
3.64141e-17
-2.1724e-15
6.2712e-08
-3.74901e-17
-2.39493e-15
6.2712e-08
-3.19362e-17
-1.88493e-15
4.50851e-08
-2.71048e-15
1.88857e-08
5.81308e-17
-5.37085e-16
2.29799e-08
8.5291e-17
-1.31677e-15
5.4389e-08
5.18817e-17
-1.90507e-15
7.5734e-08
-4.23775e-17
-2.1122e-15
7.5734e-08
-4.01316e-17
-1.75748e-15
5.4389e-08
-2.70221e-15
2.29799e-08
6.71765e-17
-4.5488e-16
2.73861e-08
1.04785e-16
-1.07272e-15
6.42239e-08
7.20618e-17
-1.57299e-15
8.9543e-08
-4.66573e-17
-1.75204e-15
8.9543e-08
-6.1126e-17
-1.57444e-15
6.42239e-08
-1.99462e-15
2.73861e-08
7.35975e-17
-3.42987e-16
3.14534e-08
1.24879e-16
-7.71021e-16
7.30867e-08
9.56883e-17
-1.15843e-15
1.02066e-07
-5.12562e-17
-1.28136e-15
1.02066e-07
-8.05057e-17
-1.18538e-15
7.30867e-08
-1.93824e-15
3.14534e-08
7.37344e-17
-1.92539e-16
3.36367e-08
1.3766e-16
-4.121e-16
7.75291e-08
1.15581e-16
-6.45331e-16
1.08511e-07
-4.51727e-17
-7.09591e-16
1.08511e-07
-1.22791e-16
-8.34778e-16
7.75291e-08
-8.02085e-16
3.36367e-08
5.91953e-17
-4.64095e-17
3.05588e-08
1.28141e-16
-8.88743e-17
7.00874e-08
1.14448e-16
-1.66511e-16
9.84233e-08
-2.92016e-17
-1.84134e-16
9.84233e-08
-1.46621e-16
-2.6007e-16
7.00874e-08
1.43437e-17
3.05588e-08
2.10307e-17
1.51602e-08
6.24143e-17
3.50151e-08
5.42249e-17
4.95107e-08
9.13102e-18
4.95107e-08
-8.93392e-17
3.50151e-08
1.51602e-08
5.18595e-17
1.56873e-16
1.53324e-08
7.91116e-17
-1.43748e-16
3.68832e-08
4.85758e-17
-6.39313e-16
5.12559e-08
3.38687e-17
-5.96106e-16
5.12559e-08
1.62258e-17
-2.80871e-16
3.68832e-08
2.23477e-15
1.53324e-08
6.44399e-17
1.34117e-16
1.88857e-08
9.82998e-17
-1.71683e-16
4.50851e-08
6.30831e-17
-6.3168e-16
6.2712e-08
5.09695e-17
-6.07133e-16
6.2712e-08
2.3502e-17
-2.34199e-16
4.50851e-08
2.29191e-15
1.88857e-08
7.95348e-17
1.03648e-16
2.29799e-08
1.20425e-16
-2.19319e-16
5.4389e-08
8.25561e-17
-6.24913e-16
7.5734e-08
7.59312e-17
-6.00655e-16
7.5734e-08
3.57251e-17
-1.57766e-16
5.4389e-08
2.40448e-15
2.29799e-08
9.66118e-17
7.14009e-17
2.73861e-08
1.44821e-16
-2.44461e-16
6.42239e-08
1.07615e-16
-5.87719e-16
8.9543e-08
1.10418e-16
-5.65923e-16
8.9543e-08
6.4537e-17
-4.60442e-17
6.42239e-08
1.79155e-15
2.73861e-08
1.13881e-16
3.65034e-17
3.14534e-08
1.68028e-16
-2.61287e-16
7.30867e-08
1.36148e-16
-5.15871e-16
1.02066e-07
1.56324e-16
-4.96561e-16
1.02066e-07
9.67139e-17
-4.78098e-17
7.30867e-08
1.81366e-15
3.14534e-08
1.25865e-16
-1.74093e-17
3.36367e-08
1.80902e-16
-2.66025e-16
7.75291e-08
1.61437e-16
-4.09502e-16
1.08511e-07
1.93379e-16
-4.10114e-16
1.08511e-07
1.56899e-16
4.85746e-17
7.75291e-08
6.3084e-16
3.36367e-08
1.20516e-16
-5.02089e-17
3.05588e-08
1.64386e-16
-1.90112e-16
7.00874e-08
1.60922e-16
-2.40662e-16
9.84233e-08
1.9208e-16
-2.38123e-16
9.84233e-08
1.89033e-16
-4.2119e-17
7.00874e-08
-1.53315e-16
3.05588e-08
6.68314e-17
1.51602e-08
7.751e-17
3.50151e-08
9.0457e-17
4.95107e-08
8.30135e-17
4.95107e-08
1.11378e-16
3.50151e-08
1.51602e-08
4.1426e-17
-2.86378e-17
1.53324e-08
6.89659e-17
-1.6041e-16
3.68832e-08
6.66641e-17
-3.39876e-16
5.12559e-08
2.79229e-17
-3.71158e-16
5.12559e-08
-1.80385e-17
-2.62022e-16
3.68832e-08
-6.92574e-16
1.53324e-08
5.01419e-17
-2.95958e-17
1.88857e-08
8.54339e-17
-1.16456e-16
4.50851e-08
8.45221e-17
-2.65312e-16
6.2712e-08
3.44328e-17
-2.89054e-16
6.2712e-08
-2.24287e-17
-1.92821e-16
4.50851e-08
-7.06187e-16
1.88857e-08
5.93158e-17
-2.95083e-17
2.29799e-08
1.04537e-16
-7.49991e-17
5.4389e-08
1.06467e-16
-1.86626e-16
7.5734e-08
4.26758e-17
-2.10674e-16
7.5734e-08
-2.68035e-17
-1.9533e-16
5.4389e-08
-8.45508e-16
2.29799e-08
6.78901e-17
-2.62703e-17
2.73861e-08
1.2513e-16
-3.03304e-17
6.42239e-08
1.31552e-16
-1.00503e-16
8.9543e-08
5.22674e-17
-1.24686e-16
8.9543e-08
-3.88475e-17
-1.77874e-16
6.42239e-08
-4.33919e-16
2.73861e-08
7.36375e-17
-2.50046e-17
3.14534e-08
1.43987e-16
6.29559e-18
7.30867e-08
1.57437e-16
-6.76499e-18
1.02066e-07
5.9753e-17
-5.21468e-17
1.02066e-07
-4.37746e-17
-7.92884e-17
7.30867e-08
-7.68485e-16
3.14534e-08
7.28249e-17
-2.13095e-18
3.36367e-08
1.53639e-16
5.76597e-17
7.75291e-08
1.75106e-16
7.87838e-17
1.08511e-07
6.89948e-17
2.69521e-17
1.08511e-07
-6.15837e-17
-1.75651e-16
7.75291e-08
-3.65559e-16
3.36367e-08
5.77138e-17
1.48886e-17
3.05588e-08
1.38552e-16
6.57121e-17
7.00874e-08
1.65247e-16
8.39182e-17
9.84233e-08
6.18224e-17
2.83905e-17
9.84233e-08
-6.84405e-17
-9.80538e-17
7.00874e-08
-6.55878e-17
3.05588e-08
2.16709e-17
1.51602e-08
6.73352e-17
3.50151e-08
8.45142e-17
4.95107e-08
3.31583e-17
4.95107e-08
-3.50814e-17
3.50151e-08
1.51602e-08
-2.45223e-17
-3.84352e-16
1.53324e-08
4.09421e-17
-5.50453e-16
3.68832e-08
1.2283e-16
-5.88209e-16
5.12559e-08
1.98008e-16
-1.73856e-16
5.12559e-08
8.80934e-17
-2.45177e-16
3.68832e-08
3.42048e-15
1.53324e-08
-3.2288e-17
-3.38941e-16
1.88857e-08
4.91413e-17
-4.81272e-16
4.50851e-08
1.55421e-16
-4.76892e-16
6.2712e-08
2.58067e-16
-5.83439e-17
6.2712e-08
1.15762e-16
4.18281e-17
4.50851e-08
3.56812e-15
1.88857e-08
-4.35221e-17
-2.95788e-16
2.29799e-08
5.69516e-17
-3.85748e-16
5.4389e-08
1.97092e-16
-3.17415e-16
7.5734e-08
3.3597e-16
6.62754e-17
7.5734e-08
1.56842e-16
2.50715e-16
5.4389e-08
3.6443e-15
2.29799e-08
-5.81822e-17
-2.43931e-16
2.73861e-08
6.3264e-17
-3.05432e-16
6.42239e-08
2.4696e-16
-1.81587e-16
8.9543e-08
4.32423e-16
1.57044e-16
8.9543e-08
2.23156e-16
5.36919e-16
6.42239e-08
3.09332e-15
2.73861e-08
-7.57846e-17
-1.8077e-16
3.14534e-08
6.5664e-17
-2.02839e-16
7.30867e-08
3.00212e-16
-5.76515e-17
1.02066e-07
5.42769e-16
1.81568e-16
1.02066e-07
3.08834e-16
5.90269e-16
7.30867e-08
2.6443e-15
3.14534e-08
-9.15884e-17
-7.40221e-17
3.36367e-08
5.97651e-17
-3.01254e-17
7.75291e-08
3.37594e-16
1.2077e-16
1.08511e-07
6.22609e-16
2.05905e-16
1.08511e-07
4.25758e-16
5.64509e-16
7.75291e-08
8.8518e-16
3.36367e-08
-9.46965e-17
2.32447e-17
3.05588e-08
3.81408e-17
1.01379e-16
7.00874e-08
3.14324e-16
1.85897e-16
9.84233e-08
5.72825e-16
1.25581e-16
9.84233e-08
4.74372e-16
1.93907e-16
7.00874e-08
-2.64735e-16
3.05588e-08
-5.44823e-17
1.51602e-08
3.38091e-18
3.50151e-08
1.50262e-16
4.95107e-08
2.28581e-16
4.95107e-08
2.85348e-16
3.50151e-08
1.51602e-08
-3.83982e-17
-6.11399e-16
1.53324e-08
-1.08689e-16
-1.15494e-15
3.68832e-08
-1.81457e-16
-1.29799e-15
5.12559e-08
-2.61558e-16
-1.47057e-15
5.12559e-08
-1.92104e-16
-1.18986e-15
3.68832e-08
-4.30174e-15
1.53324e-08
-4.84202e-17
-5.46987e-16
1.88857e-08
-1.40109e-16
-1.03418e-15
4.50851e-08
-2.3799e-16
-1.19713e-15
6.2712e-08
-3.47218e-16
-1.3685e-15
6.2712e-08
-2.4836e-16
-1.19646e-15
4.50851e-08
-4.35911e-15
1.88857e-08
-6.15233e-17
-4.65547e-16
2.29799e-08
-1.80254e-16
-8.71835e-16
5.4389e-08
-3.14196e-16
-1.06225e-15
7.5734e-08
-4.61146e-16
-1.20592e-15
7.5734e-08
-3.23481e-16
-1.12106e-15
5.4389e-08
-4.4175e-15
2.29799e-08
-7.75969e-17
-3.76077e-16
2.73861e-08
-2.30888e-16
-7.05499e-16
6.42239e-08
-4.13526e-16
-8.99636e-16
8.9543e-08
-6.07729e-16
-1.00284e-15
8.9543e-08
-4.2943e-16
-1.09779e-15
6.42239e-08
-3.74724e-15
2.73861e-08
-9.551e-17
-2.63821e-16
3.14534e-08
-2.88858e-16
-4.84799e-16
7.30867e-08
-5.34379e-16
-6.69682e-16
1.02066e-07
-7.84624e-16
-7.0652e-16
1.02066e-07
-5.57497e-16
-8.98397e-16
7.30867e-08
-3.1862e-15
3.14534e-08
-1.09194e-16
-1.03108e-16
3.36367e-08
-3.41161e-16
-1.9193e-16
7.75291e-08
-6.542e-16
-3.22781e-16
1.08511e-07
-9.44904e-16
-2.89507e-16
1.08511e-07
-7.09235e-16
-5.61107e-16
7.75291e-08
-1.11745e-15
3.36367e-08
-1.07477e-16
2.81009e-17
3.05588e-08
-3.44115e-16
3.68842e-17
7.00874e-08
-6.92071e-16
-2.6539e-18
9.84233e-08
-9.56821e-16
5.87799e-17
9.84233e-08
-7.48739e-16
-2.9507e-17
7.00874e-08
2.72724e-16
3.05588e-08
-6.0044e-17
1.51602e-08
-1.92279e-16
3.50151e-08
-4.17948e-16
4.95107e-08
-5.10739e-16
4.95107e-08
-4.30476e-16
3.50151e-08
1.51602e-08
6.39137e-17
2.28117e-16
1.53324e-08
4.6336e-17
-7.19368e-17
3.68832e-08
1.13e-17
-2.49152e-16
5.12559e-08
-2.16604e-17
-2.82226e-16
5.12559e-08
-4.11582e-17
-1.29417e-16
3.68832e-08
6.80125e-16
1.53324e-08
8.0225e-17
2.02099e-16
1.88857e-08
6.11601e-17
-5.65372e-17
4.50851e-08
1.87091e-17
-2.24393e-16
6.2712e-08
-2.17081e-17
-2.633e-16
6.2712e-08
-4.78998e-17
-1.95114e-16
4.50851e-08
7.12656e-16
1.88857e-08
9.94109e-17
1.6877e-16
2.29799e-08
8.06779e-17
-4.29084e-17
5.4389e-08
3.10697e-17
-1.96605e-16
7.5734e-08
-1.66468e-17
-2.582e-16
7.5734e-08
-5.1711e-17
-2.20161e-16
5.4389e-08
8.20028e-16
2.29799e-08
1.21116e-16
1.27838e-16
2.73861e-08
1.0624e-16
-4.17041e-17
6.42239e-08
5.14752e-17
-1.77116e-16
8.9543e-08
-2.4478e-18
-2.57569e-16
8.9543e-08
-3.99306e-17
-2.59501e-16
6.42239e-08
2.84389e-16
2.73861e-08
1.42869e-16
8.44142e-17
3.14534e-08
1.3917e-16
-2.87204e-17
7.30867e-08
8.47663e-17
-1.47239e-16
1.02066e-07
2.97482e-17
-2.49539e-16
1.02066e-07
-2.43554e-17
-3.33222e-16
7.30867e-08
6.02809e-16
3.14534e-08
1.58844e-16
6.21528e-17
3.36367e-08
1.76154e-16
4.55599e-18
7.75291e-08
1.36293e-16
-8.12066e-17
1.08511e-07
8.17897e-17
-1.78911e-16
1.08511e-07
2.32409e-17
-1.67889e-16
7.75291e-08
1.71178e-16
3.36367e-08
1.51089e-16
3.70648e-17
3.05588e-08
1.98639e-16
3.32193e-17
7.00874e-08
1.92316e-16
-1.22321e-17
9.84233e-08
1.57407e-16
-7.38055e-17
9.84233e-08
8.20004e-17
-8.47983e-17
7.00874e-08
-7.37247e-17
3.05588e-08
8.02144e-17
1.51602e-08
1.34814e-16
3.50151e-08
1.61352e-16
4.95107e-08
1.53562e-16
4.95107e-08
8.6371e-17
3.50151e-08
1.51602e-08
3.2887e-17
5.99098e-16
1.53324e-08
-3.31498e-18
8.21735e-16
3.68832e-08
-9.08769e-17
6.2849e-16
5.12559e-08
-1.58963e-16
2.90645e-16
5.12559e-08
-9.05534e-17
1.24138e-16
3.68832e-08
-2.15863e-15
1.53324e-08
4.21055e-17
5.71849e-16
1.88857e-08
-4.37743e-18
7.72801e-16
4.50851e-08
-1.17302e-16
5.88668e-16
6.2712e-08
-2.0755e-16
2.52367e-16
6.2712e-08
-1.1649e-16
8.30865e-17
4.50851e-08
-2.2169e-15
1.88857e-08
5.28922e-17
5.01789e-16
2.29799e-08
-7.07185e-18
6.34048e-16
5.4389e-08
-1.51305e-16
4.45257e-16
7.5734e-08
-2.69251e-16
1.44052e-16
7.5734e-08
-1.50493e-16
-9.53775e-18
5.4389e-08
-2.28296e-15
2.29799e-08
6.39323e-17
4.12146e-16
2.73861e-08
-1.2507e-17
4.89639e-16
6.42239e-08
-1.92948e-16
3.05839e-16
8.9543e-08
-3.43234e-16
4.48705e-17
8.9543e-08
-2.03725e-16
-1.2328e-16
6.42239e-08
-1.60445e-15
2.73861e-08
7.40411e-17
2.95826e-16
3.14534e-08
-2.14908e-17
2.99206e-16
7.30867e-08
-2.39528e-16
1.49098e-16
1.02066e-07
-4.26021e-16
-4.49087e-17
1.02066e-07
-2.55674e-16
-1.05732e-16
7.30867e-08
-1.70795e-15
3.14534e-08
7.81593e-17
1.38856e-16
3.36367e-08
-3.49949e-17
6.21605e-17
7.75291e-08
-2.81867e-16
-5.18989e-17
1.08511e-07
-4.85555e-16
-1.06132e-16
1.08511e-07
-3.24873e-16
-2.40594e-16
7.75291e-08
-6.32739e-16
3.36367e-08
6.93195e-17
5.96899e-18
3.05588e-08
-4.95054e-17
-8.60075e-17
7.00874e-08
-2.85788e-16
-1.31328e-16
9.84233e-08
-4.69132e-16
-1.19362e-16
9.84233e-08
-3.42163e-16
-1.06278e-16
7.00874e-08
9.27111e-17
3.05588e-08
3.28547e-17
1.51602e-08
-4.24641e-17
3.50151e-08
-1.67444e-16
4.95107e-08
-2.34979e-16
4.95107e-08
-1.92158e-16
3.50151e-08
1.51602e-08
5.90879e-17
3.26467e-17
1.53324e-08
8.69507e-17
-3.96922e-17
3.68832e-08
9.71375e-17
-1.76176e-16
5.12559e-08
1.01284e-16
-1.32354e-16
5.12559e-08
5.10843e-17
-1.54294e-16
3.68832e-08
1.78487e-15
1.53324e-08
7.18069e-17
1.02794e-17
1.88857e-08
1.09857e-16
-4.75044e-17
4.50851e-08
1.27889e-16
-1.55542e-16
6.2712e-08
1.37881e-16
-1.25896e-16
6.2712e-08
6.89847e-17
-1.72181e-16
4.50851e-08
1.85723e-15
1.88857e-08
8.61914e-17
-6.66684e-18
2.29799e-08
1.3816e-16
-3.58054e-17
5.4389e-08
1.6871e-16
-1.19693e-16
7.5734e-08
1.87921e-16
-1.12849e-16
7.5734e-08
9.47458e-17
-1.37727e-16
5.4389e-08
1.99835e-15
2.29799e-08
1.01147e-16
-2.36214e-17
2.73861e-08
1.71549e-16
-2.80024e-17
6.42239e-08
2.21079e-16
-7.58698e-17
8.9543e-08
2.54117e-16
-1.03557e-16
8.9543e-08
1.41039e-16
-9.67994e-17
6.42239e-08
1.38507e-15
2.73861e-08
1.13831e-16
-2.54148e-17
3.14534e-08
2.06885e-16
-1.574e-17
7.30867e-08
2.83934e-16
-3.71502e-17
1.02066e-07
3.37521e-16
-8.90628e-17
1.02066e-07
1.92161e-16
-1.17386e-16
7.30867e-08
1.54064e-15
3.14534e-08
1.18635e-16
-1.71252e-17
3.36367e-08
2.35548e-16
1.3641e-17
7.75291e-08
3.46999e-16
1.02576e-17
1.08511e-07
4.14686e-16
-8.82682e-17
1.08511e-07
2.68648e-16
3.51277e-17
7.75291e-08
5.46968e-16
3.36367e-08
1.03251e-16
-3.47742e-18
3.05588e-08
2.31235e-16
1.8776e-17
7.00874e-08
3.67992e-16
1.98633e-17
9.84233e-08
4.39096e-16
-4.32751e-17
9.84233e-08
3.054e-16
-2.58198e-17
7.00874e-08
-1.05975e-16
3.05588e-08
4.70584e-17
1.51602e-08
1.28732e-16
3.50151e-08
2.27707e-16
4.95107e-08
2.51738e-16
4.95107e-08
1.84924e-16
3.50151e-08
1.51602e-08
4.35159e-18
4.76339e-16
1.53324e-08
-1.72686e-17
7.55441e-16
3.68832e-08
-7.55761e-17
6.81909e-16
5.12559e-08
-1.24562e-16
4.238e-16
5.12559e-08
-6.59703e-17
2.66904e-16
3.68832e-08
-1.64723e-15
1.53324e-08
5.63483e-18
4.59502e-16
1.88857e-08
-2.45283e-17
7.01595e-16
4.50851e-08
-1.00846e-16
6.2364e-16
6.2712e-08
-1.66191e-16
3.70113e-16
6.2712e-08
-8.74976e-17
2.37117e-16
4.50851e-08
-1.71197e-15
1.88857e-08
6.83458e-18
4.10553e-16
2.29799e-08
-3.57536e-17
5.77222e-16
5.4389e-08
-1.3549e-16
4.78222e-16
7.5734e-08
-2.21453e-16
2.65427e-16
7.5734e-08
-1.17899e-16
1.62311e-16
5.4389e-08
-1.77904e-15
2.29799e-08
7.20314e-18
3.51105e-16
2.73861e-08
-5.28224e-17
4.53178e-16
6.42239e-08
-1.81425e-16
3.38084e-16
8.9543e-08
-2.9187e-16
1.71128e-16
8.9543e-08
-1.68547e-16
6.44703e-17
6.42239e-08
-1.18558e-15
2.73861e-08
6.58927e-18
2.62515e-16
3.14534e-08
-7.67552e-17
2.85124e-16
7.30867e-08
-2.39408e-16
1.68929e-16
1.02066e-07
-3.77624e-16
7.0901e-17
1.02066e-07
-2.22759e-16
5.73048e-17
7.30867e-08
-1.32942e-15
3.14534e-08
3.53524e-18
1.33801e-16
3.36367e-08
-1.06465e-16
5.40052e-17
7.75291e-08
-3.01947e-16
-3.35283e-17
1.08511e-07
-4.54007e-16
-4.09641e-17
1.08511e-07
-2.98555e-16
-1.12896e-16
7.75291e-08
-4.54631e-16
3.36367e-08
5.80911e-20
1.46146e-17
3.05588e-08
-1.28519e-16
-8.3763e-17
7.00874e-08
-3.31046e-16
-1.36525e-16
9.84233e-08
-4.7175e-16
-8.95105e-17
9.84233e-08
-3.33183e-16
-6.76467e-17
7.00874e-08
1.04301e-16
3.05588e-08
-2.06849e-18
1.51602e-08
-9.18043e-17
3.50151e-08
-2.12524e-16
4.95107e-08
-2.64032e-16
4.95107e-08
-2.03464e-16
3.50151e-08
1.51602e-08
5.33129e-17
2.13515e-16
1.53324e-08
7.0879e-17
2.67252e-16
3.68832e-08
7.19646e-17
2.21445e-16
5.12559e-08
7.20581e-17
3.33937e-16
5.12559e-08
2.94786e-17
3.51312e-16
3.68832e-08
2.34119e-15
1.53324e-08
6.51308e-17
1.82289e-16
1.88857e-08
8.90558e-17
2.42607e-16
4.50851e-08
9.42893e-17
2.15634e-16
6.2712e-08
9.99638e-17
3.08808e-16
6.2712e-08
4.13002e-17
2.92648e-16
4.50851e-08
2.3936e-15
1.88857e-08
7.90532e-17
1.51286e-16
2.29799e-08
1.11296e-16
2.0484e-16
5.4389e-08
1.23926e-16
1.90789e-16
7.5734e-08
1.38661e-16
2.58635e-16
7.5734e-08
5.89404e-17
2.71528e-16
5.4389e-08
2.50965e-15
2.29799e-08
9.41604e-17
1.16606e-16
2.73861e-08
1.37302e-16
1.68609e-16
6.42239e-08
1.6185e-16
1.69822e-16
8.9543e-08
1.9111e-16
2.0313e-16
8.9543e-08
9.45195e-17
2.4591e-16
6.42239e-08
1.90956e-15
2.73861e-08
1.0827e-16
8.13431e-17
3.14534e-08
1.65344e-16
1.2598e-16
7.30867e-08
2.0815e-16
1.30077e-16
1.02066e-07
2.58784e-16
1.31533e-16
1.02066e-07
1.36366e-16
1.63971e-16
7.30867e-08
1.90621e-15
3.14534e-08
1.15397e-16
2.81983e-17
3.36367e-08
1.88096e-16
4.71715e-17
7.75291e-08
2.56233e-16
5.3799e-17
1.08511e-07
3.23503e-16
-7.46368e-19
1.08511e-07
2.06323e-16
1.64041e-16
7.75291e-08
7.25025e-16
3.36367e-08
1.04276e-16
-4.67738e-18
3.05588e-08
1.84919e-16
-1.7293e-17
7.00874e-08
2.76498e-16
-2.66348e-17
9.84233e-08
3.47613e-16
-6.51582e-17
9.84233e-08
2.43782e-16
-1.77758e-17
7.00874e-08
-8.33824e-17
3.05588e-08
5.02464e-17
1.51602e-08
1.0451e-16
3.50151e-08
1.77196e-16
4.95107e-08
2.00889e-16
4.95107e-08
1.50753e-16
3.50151e-08
1.51602e-08
-5.07193e-17
-1.0128e-16
1.53324e-08
-7.24788e-17
5.25952e-17
3.68832e-08
-9.87901e-17
7.15577e-17
5.12559e-08
-1.10545e-16
-1.47331e-16
5.12559e-08
-3.30772e-17
-2.71635e-16
3.68832e-08
-2.12747e-15
1.53324e-08
-6.45549e-17
-1.01897e-16
1.88857e-08
-9.54255e-17
5.02485e-18
4.50851e-08
-1.29925e-16
3.71483e-18
6.2712e-08
-1.46646e-16
-2.06594e-16
6.2712e-08
-4.49097e-17
-2.8858e-16
4.50851e-08
-2.20118e-15
1.88857e-08
-8.13519e-17
-9.06817e-17
2.29799e-08
-1.25144e-16
-2.81114e-17
5.4389e-08
-1.71453e-16
-4.37999e-17
7.5734e-08
-1.94844e-16
-2.11929e-16
7.5734e-08
-6.38725e-17
-2.95112e-16
5.4389e-08
-2.22439e-15
2.29799e-08
-1.00829e-16
-7.05532e-17
2.73861e-08
-1.62498e-16
-5.35873e-17
6.42239e-08
-2.24601e-16
-7.66808e-17
8.9543e-08
-2.57172e-16
-1.97609e-16
8.9543e-08
-1.01024e-16
-2.89463e-16
6.42239e-08
-1.65351e-15
2.73861e-08
-1.21615e-16
-4.78637e-17
3.14534e-08
-2.06267e-16
-6.01463e-17
7.30867e-08
-2.88573e-16
-8.95909e-17
1.02066e-07
-3.32537e-16
-1.39533e-16
1.02066e-07
-1.44236e-16
-2.03743e-16
7.30867e-08
-1.61876e-15
3.14534e-08
-1.38178e-16
-3.38057e-17
3.36367e-08
-2.48668e-16
-7.62259e-17
7.75291e-08
-3.52231e-16
-9.51936e-17
1.08511e-07
-3.9916e-16
-7.32031e-17
1.08511e-07
-2.11788e-16
-2.11414e-16
7.75291e-08
-6.08273e-16
3.36367e-08
-1.35219e-16
-2.0326e-17
3.05588e-08
-2.59297e-16
-5.87006e-17
7.00874e-08
-3.72743e-16
-6.64975e-17
9.84233e-08
-4.10102e-16
-3.60203e-18
9.84233e-08
-2.49745e-16
-4.40846e-17
7.00874e-08
7.16309e-17
3.05588e-08
-7.39464e-17
1.51602e-08
-1.57026e-16
3.50151e-08
-2.28754e-16
4.95107e-08
-2.25375e-16
4.95107e-08
-1.60197e-16
3.50151e-08
1.51602e-08
-1.05079e-17
-2.84649e-17
1.53324e-08
1.08907e-17
5.1042e-17
3.68832e-08
5.44905e-17
2.25266e-16
5.12559e-08
9.42814e-17
4.32173e-16
5.12559e-08
5.09089e-17
4.36019e-16
3.68832e-08
2.31829e-15
1.53324e-08
-1.17087e-17
-7.22432e-18
1.88857e-08
1.75996e-17
1.06601e-16
4.50851e-08
7.50105e-17
2.90832e-16
6.2712e-08
1.27957e-16
4.84226e-16
6.2712e-08
6.72652e-17
4.58327e-16
4.50851e-08
2.42811e-15
1.88857e-08
-1.23754e-17
1.44158e-17
2.29799e-08
2.8286e-17
1.6455e-16
5.4389e-08
1.04304e-16
3.5912e-16
7.5734e-08
1.74469e-16
5.11187e-16
7.5734e-08
9.15849e-17
5.08427e-16
5.4389e-08
2.51872e-15
2.29799e-08
-1.15435e-17
3.72491e-17
2.73861e-08
4.5195e-17
2.17377e-16
6.42239e-08
1.44807e-16
4.06913e-16
8.9543e-08
2.36843e-16
5.19075e-16
8.9543e-08
1.34826e-16
5.23659e-16
6.42239e-08
1.97378e-15
2.73861e-08
-7.95604e-18
5.10659e-17
3.14534e-08
7.0256e-17
2.54581e-16
7.30867e-08
1.98358e-16
4.12597e-16
1.02066e-07
3.15887e-16
4.72721e-16
1.02066e-07
1.85662e-16
4.52622e-16
7.30867e-08
1.92017e-15
3.14534e-08
9.59526e-19
7.09828e-17
3.36367e-08
1.03797e-16
2.68151e-16
7.75291e-08
2.60859e-16
4.03254e-16
1.08511e-07
3.90411e-16
3.72774e-16
1.08511e-07
2.5992e-16
4.58081e-16
7.75291e-08
8.25632e-16
3.36367e-08
1.32105e-17
6.12348e-17
3.05588e-08
1.33923e-16
1.99196e-16
7.00874e-08
2.99106e-16
2.66239e-16
9.84233e-08
4.14514e-16
2.25262e-16
9.84233e-08
2.9497e-16
2.17431e-16
7.00874e-08
3.91058e-17
3.05588e-08
1.7913e-17
1.51602e-08
1.03398e-16
3.50151e-08
2.02227e-16
4.95107e-08
2.36402e-16
4.95107e-08
1.7916e-16
3.50151e-08
1.51602e-08
7.58142e-17
5.70805e-16
1.53324e-08
7.75007e-17
5.89756e-16
3.68832e-08
5.71616e-17
3.49993e-16
5.12559e-08
3.24981e-17
-1.79031e-16
5.12559e-08
7.24091e-17
-6.13459e-16
3.68832e-08
-2.62795e-15
1.53324e-08
9.41616e-17
5.09127e-16
1.88857e-08
9.5507e-17
5.11313e-16
4.50851e-08
6.69924e-17
2.59678e-16
6.2712e-08
3.1813e-17
-2.50685e-16
6.2712e-08
8.49405e-17
-6.2825e-16
4.50851e-08
-2.65073e-15
1.88857e-08
1.15976e-16
4.36575e-16
2.29799e-08
1.16314e-16
4.01982e-16
5.4389e-08
7.5984e-17
1.42138e-16
7.5734e-08
2.59703e-17
-3.08928e-16
7.5734e-08
9.43655e-17
-6.41812e-16
5.4389e-08
-2.62195e-15
2.29799e-08
1.40123e-16
3.4695e-16
2.73861e-08
1.38548e-16
2.87256e-16
6.42239e-08
8.26246e-17
3.89341e-17
8.9543e-08
1.19803e-17
-3.44155e-16
8.9543e-08
8.88826e-17
-6.36781e-16
6.42239e-08
-2.01224e-15
2.73861e-08
1.63679e-16
2.43028e-16
3.14534e-08
1.59224e-16
1.68177e-16
7.30867e-08
8.29782e-17
-5.97978e-17
1.02066e-07
-1.43854e-17
-3.28313e-16
1.02066e-07
7.4858e-17
-5.27234e-16
7.30867e-08
-1.86899e-15
3.14534e-08
1.77661e-16
1.21741e-16
3.36367e-08
1.68868e-16
1.67197e-17
7.75291e-08
7.14464e-17
-1.54095e-16
1.08511e-07
-4.64487e-17
-2.6946e-16
1.08511e-07
2.49163e-17
-4.69881e-16
7.75291e-08
-7.91949e-16
3.36367e-08
1.63201e-16
1.849e-17
3.05588e-08
1.49406e-16
-6.25807e-17
7.00874e-08
4.35996e-17
-1.44845e-16
9.84233e-08
-7.56658e-17
-1.57419e-16
9.84233e-08
-3.30137e-17
-2.00789e-16
7.00874e-08
-2.41427e-17
3.05588e-08
8.05885e-17
1.51602e-08
6.79058e-17
3.50151e-08
5.91483e-19
4.95107e-08
-4.85713e-17
4.95107e-08
-5.1979e-17
3.50151e-08
1.51602e-08
1.60386e-17
2.05668e-16
1.53324e-08
6.91425e-17
5.46331e-16
3.68832e-08
1.13029e-16
6.35412e-16
5.12559e-08
1.38595e-16
6.99646e-16
5.12559e-08
9.18849e-17
6.07146e-16
3.68832e-08
2.351e-15
1.53324e-08
1.88587e-17
1.97685e-16
1.88857e-08
8.50978e-17
5.23129e-16
4.50851e-08
1.41372e-16
6.33321e-16
6.2712e-08
1.76454e-16
7.01242e-16
6.2712e-08
1.13063e-16
6.04353e-16
4.50851e-08
2.47842e-15
1.88857e-08
2.14011e-17
1.76281e-16
2.29799e-08
1.0296e-16
4.75852e-16
5.4389e-08
1.75676e-16
6.10945e-16
7.5734e-08
2.23613e-16
6.60382e-16
7.5734e-08
1.3954e-16
6.15096e-16
5.4389e-08
2.57153e-15
2.29799e-08
2.28542e-17
1.53146e-16
2.73861e-08
1.21465e-16
4.15093e-16
6.42239e-08
2.1411e-16
5.58925e-16
8.9543e-08
2.79809e-16
5.99817e-16
8.9543e-08
1.79234e-16
5.98255e-16
6.42239e-08
2.06694e-15
2.73861e-08
2.21608e-17
1.18914e-16
3.14534e-08
1.36306e-16
3.23113e-16
7.30867e-08
2.52523e-16
4.73459e-16
1.02066e-07
3.39601e-16
4.78754e-16
1.02066e-07
2.18194e-16
4.89578e-16
7.30867e-08
1.98208e-15
3.14534e-08
1.76561e-17
7.86495e-17
3.36367e-08
1.40498e-16
2.21193e-16
7.75291e-08
2.77104e-16
3.43715e-16
1.08511e-07
3.78071e-16
3.16248e-16
1.08511e-07
2.67744e-16
4.38962e-16
7.75291e-08
8.59816e-16
3.36367e-08
8.57279e-18
3.34459e-17
3.05588e-08
1.19276e-16
9.86628e-17
7.00874e-08
2.57559e-16
1.65397e-16
9.84233e-08
3.54244e-16
1.29846e-16
9.84233e-08
2.66773e-16
1.52245e-16
7.00874e-08
2.85441e-17
3.05588e-08
-1.95313e-21
1.51602e-08
5.17184e-17
3.50151e-08
1.32039e-16
4.95107e-08
1.66367e-16
4.95107e-08
1.35199e-16
3.50151e-08
1.51602e-08
-5.40756e-17
-6.53039e-16
1.53324e-08
-7.561e-17
-8.77192e-16
3.68832e-08
-6.21165e-17
-7.77346e-16
5.12559e-08
-5.85505e-17
-8.86091e-16
5.12559e-08
-2.69528e-17
-8.64315e-16
3.68832e-08
-2.53293e-15
1.53324e-08
-7.00898e-17
-6.16174e-16
1.88857e-08
-9.98957e-17
-8.14974e-16
4.50851e-08
-8.56146e-17
-7.30365e-16
6.2712e-08
-8.48011e-17
-8.18943e-16
6.2712e-08
-3.82474e-17
-7.65002e-16
4.50851e-08
-2.54402e-15
1.88857e-08
-9.08745e-17
-5.43282e-16
2.29799e-08
-1.3131e-16
-6.91873e-16
5.4389e-08
-1.18659e-16
-6.05747e-16
7.5734e-08
-1.22489e-16
-6.55953e-16
7.5734e-08
-5.53223e-17
-6.41752e-16
5.4389e-08
-2.60728e-15
2.29799e-08
-1.16273e-16
-4.60707e-16
2.73861e-08
-1.70685e-16
-5.55112e-16
6.42239e-08
-1.63308e-16
-4.69307e-16
8.9543e-08
-1.75101e-16
-4.80558e-16
8.9543e-08
-8.91448e-17
-5.15299e-16
6.42239e-08
-2.03775e-15
2.73861e-08
-1.44978e-16
-3.3214e-16
3.14534e-08
-2.16747e-16
-3.71336e-16
7.30867e-08
-2.19967e-16
-2.99825e-16
1.02066e-07
-2.43307e-16
-2.62606e-16
1.02066e-07
-1.30656e-16
-3.23863e-16
7.30867e-08
-1.91257e-15
3.14534e-08
-1.69719e-16
-1.65868e-16
3.36367e-08
-2.59409e-16
-1.20844e-16
7.75291e-08
-2.80672e-16
-5.07775e-17
1.08511e-07
-3.09687e-16
2.79377e-17
1.08511e-07
-1.9771e-16
-1.75144e-16
7.75291e-08
-7.12592e-16
3.36367e-08
-1.71676e-16
-1.07747e-17
3.05588e-08
-2.66442e-16
7.01818e-17
7.00874e-08
-3.07457e-16
1.24415e-16
9.84233e-08
-3.32043e-16
1.82927e-16
9.84233e-08
-2.32539e-16
8.07909e-17
7.00874e-08
1.13906e-16
3.05588e-08
-9.99745e-17
1.51602e-08
-1.51375e-16
3.50151e-08
-1.95422e-16
4.95107e-08
-1.86977e-16
4.95107e-08
-1.40899e-16
3.50151e-08
1.51602e-08
-5.78996e-18
-5.22897e-17
1.53324e-08
2.95028e-17
-1.26326e-16
3.68832e-08
8.08497e-17
-1.30624e-16
5.12559e-08
1.21912e-16
1.71437e-17
5.12559e-08
8.15528e-17
8.07932e-17
3.68832e-08
1.78441e-15
1.53324e-08
-6.45263e-18
-4.45703e-17
1.88857e-08
3.7975e-17
-1.21107e-16
4.50851e-08
1.03931e-16
-1.22398e-16
6.2712e-08
1.58437e-16
1.78442e-17
6.2712e-08
1.02843e-16
9.39705e-17
4.50851e-08
1.90308e-15
1.88857e-08
-6.83933e-18
-3.45505e-17
2.29799e-08
4.91848e-17
-9.23948e-17
5.4389e-08
1.34172e-16
-8.74867e-17
7.5734e-08
2.06268e-16
3.11643e-17
7.5734e-08
1.31579e-16
1.30848e-16
5.4389e-08
1.99866e-15
2.29799e-08
-5.88599e-18
-2.24972e-17
2.73861e-08
6.45025e-17
-7.20062e-17
6.42239e-08
1.72773e-16
-6.54623e-17
8.9543e-08
2.6622e-16
2.42505e-17
8.9543e-08
1.77652e-16
1.67701e-16
6.42239e-08
1.45941e-15
2.73861e-08
-2.41391e-18
-4.8158e-18
3.14534e-08
8.49657e-17
-3.76757e-17
7.30867e-08
2.19524e-16
-3.45314e-17
1.02066e-07
3.37684e-16
1.91791e-17
1.02066e-07
2.25309e-16
1.03652e-16
7.30867e-08
1.52981e-15
3.14534e-08
5.22533e-18
1.924e-17
3.36367e-08
1.09311e-16
2.30549e-17
7.75291e-08
2.68361e-16
3.46106e-17
1.08511e-07
3.96868e-16
1.43131e-17
1.08511e-07
2.89849e-16
1.74575e-16
7.75291e-08
5.78713e-16
3.36367e-08
1.68639e-17
3.95384e-17
3.05588e-08
1.26796e-16
7.20835e-17
7.00874e-08
2.86661e-16
7.86253e-17
9.84233e-08
4.01503e-16
3.66664e-17
9.84233e-08
3.08265e-16
5.79918e-17
7.00874e-08
-6.15332e-17
3.05588e-08
2.03945e-17
1.51602e-08
8.80506e-17
3.50151e-08
1.80264e-16
4.95107e-08
2.15399e-16
4.95107e-08
1.74584e-16
3.50151e-08
1.51602e-08
-1.05842e-18
-3.06767e-16
1.53324e-08
-3.10107e-17
-6.35358e-16
3.68832e-08
-5.56293e-17
-7.58448e-16
5.12559e-08
-8.3346e-17
-8.92275e-16
5.12559e-08
-5.5036e-17
-7.90755e-16
3.68832e-08
-2.24663e-15
1.53324e-08
-2.11731e-18
-2.93178e-16
1.88857e-08
-4.08845e-17
-5.92803e-16
4.50851e-08
-7.49764e-17
-7.23602e-16
6.2712e-08
-1.14155e-16
-8.45857e-16
6.2712e-08
-7.2478e-17
-7.26882e-16
4.50851e-08
-2.28327e-15
1.88857e-08
-4.03827e-18
-2.62596e-16
2.29799e-08
-5.36739e-17
-5.24609e-16
5.4389e-08
-1.01737e-16
-6.5302e-16
7.5734e-08
-1.56585e-16
-7.49102e-16
7.5734e-08
-9.6969e-17
-6.58891e-16
5.4389e-08
-2.34775e-15
2.29799e-08
-7.00677e-18
-2.29703e-16
2.73861e-08
-7.01577e-17
-4.33234e-16
6.42239e-08
-1.37474e-16
-5.55449e-16
8.9543e-08
-2.13077e-16
-6.22501e-16
8.9543e-08
-1.39604e-16
-5.81332e-16
6.42239e-08
-1.74382e-15
2.73861e-08
-1.15194e-17
-1.73123e-16
3.14534e-08
-9.00087e-17
-3.17866e-16
7.30867e-08
-1.82252e-16
-4.17052e-16
1.02066e-07
-2.83965e-16
-4.4974e-16
1.02066e-07
-1.8659e-16
-3.97266e-16
7.30867e-08
-1.75602e-15
3.14534e-08
-1.72597e-17
-9.75279e-17
3.36367e-08
-1.106e-16
-1.66278e-16
7.75291e-08
-2.30819e-16
-2.25294e-16
1.08511e-07
-3.4937e-16
-1.99816e-16
1.08511e-07
-2.55717e-16
-3.1041e-16
7.75291e-08
-6.90421e-16
3.36367e-08
-2.29665e-17
-1.89155e-17
3.05588e-08
-1.18554e-16
-2.48133e-17
7.00874e-08
-2.54958e-16
-3.38917e-17
9.84233e-08
-3.70158e-16
-2.6972e-18
9.84233e-08
-2.862e-16
-4.91503e-17
7.00874e-08
4.10164e-17
3.05588e-08
-1.89705e-17
1.51602e-08
-7.39738e-17
3.50151e-08
-1.66164e-16
4.95107e-08
-2.10517e-16
4.95107e-08
-1.71155e-16
3.50151e-08
1.51602e-08
3.21921e-17
3.30573e-16
1.53324e-08
6.90723e-17
4.49246e-16
3.68832e-08
8.81544e-17
3.74239e-16
5.12559e-08
1.01506e-16
4.98653e-16
5.12559e-08
6.14163e-17
5.15534e-16
3.68832e-08
2.31382e-15
1.53324e-08
4.08591e-17
3.06969e-16
1.88857e-08
8.7913e-17
4.10938e-16
4.50851e-08
1.13728e-16
3.46654e-16
6.2712e-08
1.34153e-16
4.59694e-16
6.2712e-08
7.84071e-17
4.75547e-16
4.50851e-08
2.39504e-15
1.88857e-08
5.15911e-17
2.69887e-16
2.29799e-08
1.10929e-16
3.45659e-16
5.4389e-08
1.46967e-16
2.92785e-16
7.5734e-08
1.77722e-16
3.85661e-16
7.5734e-08
1.01712e-16
4.34684e-16
5.4389e-08
2.48611e-15
2.29799e-08
6.43589e-17
2.24698e-16
2.73861e-08
1.38479e-16
2.69335e-16
6.42239e-08
1.88762e-16
2.33625e-16
8.9543e-08
2.33743e-16
2.93103e-16
8.9543e-08
1.42542e-16
3.89006e-16
6.42239e-08
1.87597e-15
2.73861e-08
7.81793e-17
1.64779e-16
3.14534e-08
1.68808e-16
1.75533e-16
7.30867e-08
2.37804e-16
1.47724e-16
1.02066e-07
3.02246e-16
1.68248e-16
1.02066e-07
1.86239e-16
2.43855e-16
7.30867e-08
1.87116e-15
3.14534e-08
8.96063e-17
8.59515e-17
3.36367e-08
1.95339e-16
7.50069e-17
7.75291e-08
2.85463e-16
4.94404e-17
1.08511e-07
3.60927e-16
1.81875e-17
1.08511e-07
2.52244e-16
1.98755e-16
7.75291e-08
7.1558e-16
3.36367e-08
9.02914e-17
2.18629e-17
3.05588e-08
1.94127e-16
-3.87811e-18
7.00874e-08
2.99303e-16
-2.15992e-17
9.84233e-08
3.70555e-16
-6.94121e-17
9.84233e-08
2.77085e-16
-1.50581e-17
7.00874e-08
-8.68018e-17
3.05588e-08
5.32387e-17
1.51602e-08
1.09604e-16
3.50151e-08
1.84135e-16
4.95107e-08
2.00773e-16
4.95107e-08
1.58885e-16
3.50151e-08
1.51602e-08
-2.92251e-17
-4.78838e-16
1.53324e-08
-5.63596e-17
-7.54072e-16
3.68832e-08
-7.2297e-17
-7.93998e-16
5.12559e-08
-8.5545e-17
-8.8585e-16
5.12559e-08
-4.66001e-17
-8.00551e-16
3.68832e-08
-2.09017e-15
1.53324e-08
-3.84097e-17
-4.52482e-16
1.88857e-08
-7.42186e-17
-7.13979e-16
4.50851e-08
-9.58393e-17
-7.65143e-16
6.2712e-08
-1.15035e-16
-8.4546e-16
6.2712e-08
-6.07618e-17
-7.34726e-16
4.50851e-08
-2.13513e-15
1.88857e-08
-5.0423e-17
-4.09255e-16
2.29799e-08
-9.73428e-17
-6.34382e-16
5.4389e-08
-1.27827e-16
-6.87953e-16
7.5734e-08
-1.55319e-16
-7.39369e-16
7.5734e-08
-8.08325e-17
-6.5626e-16
5.4389e-08
-2.19463e-15
2.29799e-08
-6.54795e-17
-3.49714e-16
2.73861e-08
-1.27004e-16
-5.35207e-16
6.42239e-08
-1.69676e-16
-5.77019e-16
8.9543e-08
-2.08189e-16
-6.05416e-16
8.9543e-08
-1.17758e-16
-5.62513e-16
6.42239e-08
-1.60459e-15
2.73861e-08
-8.3473e-17
-2.65559e-16
3.14534e-08
-1.6258e-16
-3.97026e-16
7.30867e-08
-2.21448e-16
-4.29003e-16
1.02066e-07
-2.74084e-16
-4.20839e-16
1.02066e-07
-1.57226e-16
-3.72877e-16
7.30867e-08
-1.63739e-15
3.14534e-08
-1.0087e-16
-1.61109e-16
3.36367e-08
-1.98662e-16
-2.21076e-16
7.75291e-08
-2.76228e-16
-2.37667e-16
1.08511e-07
-3.33629e-16
-1.84161e-16
1.08511e-07
-2.18088e-16
-2.79646e-16
7.75291e-08
-6.43942e-16
3.36367e-08
-1.06981e-16
-5.04208e-17
3.05588e-08
-2.11128e-16
-4.94262e-17
7.00874e-08
-2.9997e-16
-4.58371e-17
9.84233e-08
-3.50632e-16
2.47656e-18
9.84233e-08
-2.46065e-16
-4.03948e-17
7.00874e-08
4.5093e-17
3.05588e-08
-6.66546e-17
1.51602e-08
-1.2919e-16
3.50151e-08
-1.92104e-16
4.95107e-08
-1.9986e-16
4.95107e-08
-1.47327e-16
3.50151e-08
1.51602e-08
1.43242e-17
2.53005e-16
1.53324e-08
4.83886e-17
3.36282e-16
3.68832e-08
7.57729e-17
2.92082e-16
5.12559e-08
1.02451e-16
4.54101e-16
5.12559e-08
6.76977e-17
5.07456e-16
3.68832e-08
2.46359e-15
1.53324e-08
1.89737e-17
2.41611e-16
1.88857e-08
6.22759e-17
3.02792e-16
4.50851e-08
9.8942e-17
2.64197e-16
6.2712e-08
1.36658e-16
4.19301e-16
6.2712e-08
8.67872e-17
4.71979e-16
4.50851e-08
2.5376e-15
1.88857e-08
2.55185e-17
2.15989e-16
2.29799e-08
7.99492e-17
2.50328e-16
5.4389e-08
1.29877e-16
2.31405e-16
7.5734e-08
1.82473e-16
3.44476e-16
7.5734e-08
1.12764e-16
4.43506e-16
5.4389e-08
2.63265e-15
2.29799e-08
3.43905e-17
1.87475e-16
2.73861e-08
1.02495e-16
2.01542e-16
6.42239e-08
1.69527e-16
1.76479e-16
8.9543e-08
2.41648e-16
2.69426e-16
8.9543e-08
1.56437e-16
4.12989e-16
6.42239e-08
2.03069e-15
2.73861e-08
4.62453e-17
1.45119e-16
3.14534e-08
1.29597e-16
1.36074e-16
7.30867e-08
2.18054e-16
1.11721e-16
1.02066e-07
3.13806e-16
1.50364e-16
1.02066e-07
2.04028e-16
2.78691e-16
7.30867e-08
1.9894e-15
3.14534e-08
5.94393e-17
7.99338e-17
3.36367e-08
1.56896e-16
5.3043e-17
7.75291e-08
2.67895e-16
2.76429e-17
1.08511e-07
3.76953e-16
7.11142e-18
1.08511e-07
2.73197e-16
2.38857e-16
7.75291e-08
7.77454e-16
3.36367e-08
6.86566e-17
1.57403e-17
3.05588e-08
1.67237e-16
-4.7292e-18
7.00874e-08
2.88093e-16
-3.22982e-17
9.84233e-08
3.86114e-16
-7.67373e-17
9.84233e-08
2.96179e-16
5.55587e-18
7.00874e-08
-6.89111e-17
3.05588e-08
4.80615e-17
1.51602e-08
1.03848e-16
3.50151e-08
1.8224e-16
4.95107e-08
2.07677e-16
4.95107e-08
1.67918e-16
3.50151e-08
1.51602e-08
1.17146e-17
1.07984e-16
1.53324e-08
-2.12736e-17
7.14114e-17
3.68832e-08
-6.62153e-17
-1.42684e-17
5.12559e-08
-1.05842e-16
-1.32857e-16
5.12559e-08
-7.05406e-17
-8.86932e-17
3.68832e-08
-1.46005e-15
1.53324e-08
1.42477e-17
9.53522e-17
1.88857e-08
-2.83645e-17
6.14044e-17
4.50851e-08
-8.74831e-17
-2.83402e-17
6.2712e-08
-1.40672e-16
-1.41342e-16
6.2712e-08
-9.12086e-17
-9.61037e-17
4.50851e-08
-1.55266e-15
1.88857e-08
1.71527e-17
8.19848e-17
2.29799e-08
-3.79495e-17
3.57492e-17
5.4389e-08
-1.16359e-16
-5.95334e-17
7.5734e-08
-1.87309e-16
-1.54138e-16
7.5734e-08
-1.1997e-16
-1.26462e-16
5.4389e-08
-1.62791e-15
2.29799e-08
1.9884e-17
6.59889e-17
2.73861e-08
-5.12257e-17
1.40052e-17
6.42239e-08
-1.54253e-16
-7.42771e-17
8.9543e-08
-2.47423e-16
-1.49844e-16
8.9543e-08
-1.66521e-16
-1.49576e-16
6.42239e-08
-1.14667e-15
2.73861e-08
2.16025e-17
4.56368e-17
3.14534e-08
-6.81146e-17
-8.37495e-18
7.30867e-08
-2.01559e-16
-8.90081e-17
1.02066e-07
-3.21012e-16
-1.20672e-16
1.02066e-07
-2.16791e-16
-9.36707e-17
7.30867e-08
-1.2432e-15
3.14534e-08
2.02439e-17
9.75132e-18
3.36367e-08
-8.83915e-17
-5.16583e-17
7.75291e-08
-2.51912e-16
-1.11231e-16
1.08511e-07
-3.85952e-16
-8.93274e-17
1.08511e-07
-2.84286e-16
-1.72726e-16
7.75291e-08
-4.58299e-16
3.36367e-08
1.42371e-17
-1.83418e-17
3.05588e-08
-1.01614e-16
-7.0184e-17
7.00874e-08
-2.7428e-16
-9.38725e-17
9.84233e-08
-4.01394e-16
-5.80676e-17
9.84233e-08
-3.11291e-16
-7.00124e-17
7.00874e-08
6.21771e-17
3.05588e-08
1.89752e-18
1.51602e-08
-6.93251e-17
3.50151e-08
-1.75495e-16
4.95107e-08
-2.26069e-16
4.95107e-08
-1.86515e-16
3.50151e-08
1.51602e-08
4.43681e-17
7.74828e-16
1.53324e-08
8.25246e-17
1.27712e-15
3.68832e-08
8.86066e-17
1.29706e-15
5.12559e-08
9.60534e-17
1.40903e-15
5.12559e-08
6.54546e-17
1.25554e-15
3.68832e-08
2.95002e-15
1.53324e-08
5.68741e-17
7.30298e-16
1.88857e-08
1.05756e-16
1.18873e-15
4.50851e-08
1.15516e-16
1.22224e-15
6.2712e-08
1.29191e-16
1.32376e-15
6.2712e-08
8.40491e-17
1.14981e-15
4.50851e-08
3.00348e-15
1.88857e-08
7.27634e-17
6.46533e-16
2.29799e-08
1.34469e-16
1.02337e-15
5.4389e-08
1.51215e-16
1.06228e-15
7.5734e-08
1.74382e-16
1.12322e-15
7.5734e-08
1.09319e-16
1.01515e-15
5.4389e-08
3.07648e-15
2.29799e-08
9.16627e-17
5.47062e-16
2.73861e-08
1.68963e-16
8.40273e-16
6.42239e-08
1.96958e-16
8.68561e-16
8.9543e-08
2.34796e-16
8.94916e-16
8.9543e-08
1.51751e-16
8.56885e-16
6.42239e-08
2.49882e-15
2.73861e-08
1.12615e-16
4.05462e-16
3.14534e-08
2.07166e-16
5.84915e-16
7.30867e-08
2.5244e-16
6.23605e-16
1.02066e-07
3.10256e-16
5.96521e-16
1.02066e-07
2.0173e-16
6.17493e-16
7.30867e-08
2.29553e-15
3.14534e-08
1.30135e-16
2.11189e-16
3.36367e-08
2.40469e-16
2.57138e-16
7.75291e-08
3.09171e-16
2.74428e-16
1.08511e-07
3.80369e-16
2.00367e-16
1.08511e-07
2.7507e-16
3.73766e-16
7.75291e-08
9.16548e-16
3.36367e-08
1.31144e-16
3.3725e-17
3.05588e-08
2.41308e-16
-1.37672e-17
7.00874e-08
3.31174e-16
-2.69154e-17
9.84233e-08
3.99254e-16
-8.00888e-17
9.84233e-08
3.01843e-16
-1.95978e-18
7.00874e-08
-5.11802e-17
3.05588e-08
7.71411e-17
1.51602e-08
1.37166e-16
3.50151e-08
2.08927e-16
4.95107e-08
2.24012e-16
4.95107e-08
1.72966e-16
3.50151e-08
1.51602e-08
-1.59564e-17
-3.40101e-16
1.53324e-08
-2.70119e-18
-3.50859e-16
3.68832e-08
2.99676e-17
-1.92535e-16
5.12559e-08
3.40764e-17
-3.62916e-16
5.12559e-08
6.77825e-17
-4.59176e-16
3.68832e-08
-2.41429e-15
1.53324e-08
-2.23244e-17
-3.26425e-16
1.88857e-08
-6.59321e-18
-3.21241e-16
4.50851e-08
3.43149e-17
-1.70113e-16
6.2712e-08
3.50211e-17
-3.24371e-16
6.2712e-08
7.90756e-17
-4.40938e-16
4.50851e-08
-2.41869e-15
1.88857e-08
-3.15966e-17
-2.93258e-16
2.29799e-08
-1.2375e-17
-2.41747e-16
5.4389e-08
3.60554e-17
-1.11099e-16
7.5734e-08
3.1941e-17
-2.232e-16
7.5734e-08
8.68254e-17
-4.26973e-16
5.4389e-08
-2.42198e-15
2.29799e-08
-4.39932e-17
-2.47943e-16
2.73861e-08
-2.17344e-17
-1.69007e-16
6.42239e-08
3.30776e-17
-4.98346e-17
8.9543e-08
2.01943e-17
-1.23439e-16
8.9543e-08
7.98246e-17
-4.04995e-16
6.42239e-08
-1.88817e-15
2.73861e-08
-6.04592e-17
-1.89785e-16
3.14534e-08
-3.6318e-17
-8.34533e-17
7.30867e-08
2.09396e-17
1.13572e-17
1.02066e-07
-4.97262e-18
-2.17878e-18
1.02066e-07
6.03619e-17
-3.07322e-16
7.30867e-08
-1.71849e-15
3.14534e-08
-7.88672e-17
-1.01458e-16
3.36367e-08
-5.57796e-17
1.84209e-17
7.75291e-08
-5.16555e-18
9.07911e-17
1.08511e-07
-3.94149e-17
1.15451e-16
1.08511e-07
2.45632e-18
-2.58643e-16
7.75291e-08
-6.4589e-16
3.36367e-08
-9.00914e-17
-1.19505e-17
3.05588e-08
-7.30098e-17
7.71006e-17
7.00874e-08
-4.27439e-17
1.04612e-16
9.84233e-08
-7.19999e-17
1.3381e-16
9.84233e-08
-6.20892e-17
-5.22993e-17
7.00874e-08
7.31056e-17
3.05588e-08
-6.19726e-17
1.51602e-08
-5.37876e-17
3.50151e-08
-6.05176e-17
4.95107e-08
-4.73794e-17
4.95107e-08
-7.44719e-17
3.50151e-08
1.51602e-08
-4.37804e-17
9.64182e-18
1.53324e-08
-2.81954e-17
2.27087e-16
3.68832e-08
1.19459e-17
4.52978e-16
5.12559e-08
6.55355e-17
6.25722e-16
5.12559e-08
3.12467e-17
4.13331e-16
3.68832e-08
2.10098e-15
1.53324e-08
-5.33339e-17
4.9603e-17
1.88857e-08
-3.52418e-17
2.73493e-16
4.50851e-08
1.29877e-17
5.08514e-16
6.2712e-08
8.22147e-17
6.83146e-16
6.2712e-08
3.80848e-17
5.51998e-16
4.50851e-08
2.24485e-15
1.88857e-08
-6.50467e-17
7.20256e-17
2.29799e-08
-4.46747e-17
2.81917e-16
5.4389e-08
1.45232e-17
5.26035e-16
7.5734e-08
1.03284e-16
6.92974e-16
7.5734e-08
5.0359e-17
6.68299e-16
5.4389e-08
2.2819e-15
2.29799e-08
-7.84014e-17
8.54838e-17
2.73861e-08
-5.61938e-17
2.68427e-16
6.42239e-08
1.62539e-17
5.00048e-16
8.9543e-08
1.29523e-16
6.49253e-16
8.9543e-08
7.77338e-17
7.47466e-16
6.42239e-08
1.76071e-15
2.73861e-08
-9.11005e-17
7.86852e-17
3.14534e-08
-6.83371e-17
2.25663e-16
7.30867e-08
1.81197e-17
4.33648e-16
1.02066e-07
1.59832e-16
5.3851e-16
1.02066e-07
1.08076e-16
6.53866e-16
7.30867e-08
1.69766e-15
3.14534e-08
-9.75372e-17
7.08938e-17
3.36367e-08
-7.67718e-17
1.83092e-16
7.75291e-08
1.89225e-17
3.40696e-16
1.08511e-07
1.76746e-16
3.98522e-16
1.08511e-07
1.59359e-16
6.13052e-16
7.75291e-08
7.35636e-16
3.36367e-08
-8.64253e-17
4.9395e-17
3.05588e-08
-7.18295e-17
1.12298e-16
7.00874e-08
1.75318e-17
1.93866e-16
9.84233e-08
1.59356e-16
2.01565e-16
9.84233e-08
1.88011e-16
3.06634e-16
7.00874e-08
4.03584e-17
3.05588e-08
-3.89131e-17
1.51602e-08
-3.41882e-17
3.50151e-08
1.18232e-17
4.95107e-08
5.69265e-17
4.95107e-08
1.19276e-16
3.50151e-08
1.51602e-08
-4.61691e-17
-6.266e-16
1.53324e-08
-6.23463e-17
-9.78846e-16
3.68832e-08
-3.89469e-17
-8.5753e-16
5.12559e-08
-4.21965e-17
-8.42701e-16
5.12559e-08
-1.80867e-17
-4.95927e-16
3.68832e-08
-2.31397e-15
1.53324e-08
-5.78845e-17
-5.89548e-16
1.88857e-08
-7.88768e-17
-9.17625e-16
4.50851e-08
-4.97838e-17
-8.12721e-16
6.2712e-08
-5.91939e-17
-7.86591e-16
6.2712e-08
-2.68476e-17
-5.21413e-16
4.50851e-08
-2.33887e-15
1.88857e-08
-7.20624e-17
-5.26537e-16
2.29799e-08
-9.82978e-17
-7.98528e-16
5.4389e-08
-6.47733e-17
-7.19807e-16
7.5734e-08
-8.2358e-17
-6.74984e-16
7.5734e-08
-4.1662e-17
-5.68675e-16
5.4389e-08
-2.40973e-15
2.29799e-08
-8.78072e-17
-4.47756e-16
2.73861e-08
-1.20056e-16
-6.6801e-16
6.42239e-08
-8.45964e-17
-6.11562e-16
8.9543e-08
-1.14507e-16
-5.57027e-16
8.9543e-08
-7.34479e-17
-5.97676e-16
6.42239e-08
-1.83579e-15
2.73861e-08
-1.03517e-16
-3.40808e-16
3.14534e-08
-1.41414e-16
-4.88112e-16
7.30867e-08
-1.08436e-16
-4.6652e-16
1.02066e-07
-1.56533e-16
-4.10142e-16
1.02066e-07
-1.12225e-16
-5.12766e-16
7.30867e-08
-1.79134e-15
3.14534e-08
-1.1385e-16
-1.92006e-16
3.36367e-08
-1.55404e-16
-2.5414e-16
7.75291e-08
-1.32458e-16
-2.58137e-16
1.08511e-07
-1.90592e-16
-1.97623e-16
1.08511e-07
-1.78559e-16
-4.78727e-16
7.75291e-08
-6.97381e-16
3.36367e-08
-1.07907e-16
-5.05587e-17
3.05588e-08
-1.43287e-16
-3.75155e-17
7.00874e-08
-1.3979e-16
-4.52666e-17
9.84233e-08
-1.90326e-16
-2.2743e-17
9.84233e-08
-2.1947e-16
-1.84699e-16
7.00874e-08
4.79052e-17
3.05588e-08
-5.83216e-17
1.51602e-08
-7.13224e-17
3.50151e-08
-8.65784e-17
4.95107e-08
-8.22933e-17
4.95107e-08
-1.4328e-16
3.50151e-08
1.51602e-08
7.05138e-19
1.94052e-16
1.53324e-08
-6.25763e-18
7.97072e-17
3.68832e-08
-1.21813e-17
-4.57465e-17
5.12559e-08
1.55725e-17
1.42971e-16
5.12559e-08
-1.92928e-18
1.18209e-16
3.68832e-08
2.19021e-15
1.53324e-08
2.60432e-18
1.93796e-16
1.88857e-08
-5.79547e-18
8.43666e-17
4.50851e-08
-1.44407e-17
-2.41737e-17
6.2712e-08
2.36977e-17
1.43535e-16
6.2712e-08
1.31416e-19
2.19052e-16
4.50851e-08
2.27708e-15
1.88857e-08
5.71503e-18
1.81801e-16
2.29799e-08
-4.33472e-18
8.42261e-17
5.4389e-08
-1.49981e-17
-5.92745e-18
7.5734e-08
3.59175e-17
1.38971e-16
7.5734e-08
7.68946e-18
3.34574e-16
5.4389e-08
2.32619e-15
2.29799e-08
1.08132e-17
1.64997e-16
2.73861e-08
-6.55839e-19
8.07065e-17
6.42239e-08
-1.24813e-17
1.6332e-18
8.9543e-08
5.46612e-17
1.23194e-16
8.9543e-08
3.27034e-17
4.35474e-16
6.42239e-08
1.70554e-15
2.73861e-08
1.86346e-17
1.37074e-16
3.14534e-08
6.47596e-18
7.17907e-17
7.30867e-08
-4.66913e-18
2.24817e-17
1.02066e-07
8.24922e-17
1.0367e-16
1.02066e-07
6.27898e-17
3.90506e-16
7.30867e-08
1.71452e-15
3.14534e-08
2.95339e-17
1.0058e-16
3.36367e-08
1.84698e-17
6.20552e-17
7.75291e-08
9.70649e-18
4.30425e-17
1.08511e-07
1.04449e-16
6.57012e-17
1.08511e-07
1.22972e-16
4.3892e-16
7.75291e-08
6.78819e-16
3.36367e-08
3.95769e-17
4.84652e-17
3.05588e-08
3.19348e-17
4.7536e-17
7.00874e-08
2.80104e-17
5.98541e-17
9.84233e-08
1.05221e-16
4.91838e-17
9.84233e-08
1.68146e-16
2.15922e-16
7.00874e-08
-3.38859e-17
3.05588e-08
3.16519e-17
1.51602e-08
2.71012e-17
3.50151e-08
3.13168e-17
4.95107e-08
3.48595e-17
4.95107e-08
1.17121e-16
3.50151e-08
1.51602e-08
2.59045e-17
8.98043e-17
1.53324e-08
9.3915e-18
-7.08075e-17
3.68832e-08
-1.05118e-17
-1.42923e-16
5.12559e-08
-5.25764e-17
-2.38213e-16
5.12559e-08
-3.70633e-17
5.00163e-17
3.68832e-08
-1.71023e-15
1.53324e-08
3.24416e-17
7.43664e-17
1.88857e-08
1.27048e-17
-6.64714e-17
4.50851e-08
-1.19994e-17
-1.39465e-16
6.2712e-08
-6.97492e-17
-2.2313e-16
6.2712e-08
-4.93989e-17
-3.29707e-17
4.50851e-08
-1.77087e-15
1.88857e-08
4.01463e-17
5.62658e-17
2.29799e-08
1.73855e-17
-6.37738e-17
5.4389e-08
-1.45672e-17
-1.43325e-16
7.5734e-08
-9.17922e-17
-2.11691e-16
7.5734e-08
-6.81268e-17
-1.66373e-16
5.4389e-08
-1.87452e-15
2.29799e-08
4.87728e-17
3.46668e-17
2.73861e-08
2.35742e-17
-5.20894e-17
6.42239e-08
-1.85106e-17
-1.40809e-16
8.9543e-08
-1.20287e-16
-1.97219e-16
8.9543e-08
-1.04159e-16
-2.91056e-16
6.42239e-08
-1.31081e-15
2.73861e-08
5.7015e-17
1.77843e-17
3.14534e-08
3.0481e-17
-4.57804e-17
7.30867e-08
-2.37702e-17
-1.31539e-16
1.02066e-07
-1.55404e-16
-1.73392e-16
1.02066e-07
-1.43477e-16
-2.87934e-16
7.30867e-08
-1.43185e-15
3.14534e-08
6.15141e-17
5.34553e-19
3.36367e-08
3.61907e-17
-3.64395e-17
7.75291e-08
-2.99386e-17
-1.25697e-16
1.08511e-07
-1.78628e-16
-1.3061e-16
1.08511e-07
-2.0662e-16
-4.14519e-16
7.75291e-08
-5.36263e-16
3.36367e-08
5.48457e-17
-6.58314e-18
3.05588e-08
3.60734e-17
-2.28299e-17
7.00874e-08
-3.33109e-17
-8.44734e-17
9.84233e-08
-1.69268e-16
-8.48134e-17
9.84233e-08
-2.4196e-16
-2.31556e-16
7.00874e-08
5.7082e-17
3.05588e-08
2.50028e-17
1.51602e-08
1.93686e-17
3.50151e-08
-2.47915e-17
4.95107e-08
-6.48471e-17
4.95107e-08
-1.53312e-16
3.50151e-08
1.51602e-08
6.01123e-17
7.78789e-16
1.53324e-08
6.98232e-17
1.06005e-15
3.68832e-08
3.64534e-17
8.95231e-16
5.12559e-08
3.25988e-17
9.2727e-16
5.12559e-08
4.60371e-18
6.55367e-16
3.68832e-08
2.57507e-15
1.53324e-08
7.57387e-17
7.31534e-16
1.88857e-08
8.84398e-17
9.94183e-16
4.50851e-08
4.59164e-17
8.48196e-16
6.2712e-08
4.55114e-17
8.65691e-16
6.2712e-08
8.5049e-18
7.06593e-16
4.50851e-08
2.63838e-15
1.88857e-08
9.46933e-17
6.48328e-16
2.29799e-08
1.10311e-16
8.51408e-16
5.4389e-08
5.91339e-17
7.28946e-16
7.5734e-08
6.37464e-17
7.32147e-16
7.5734e-08
1.79409e-17
7.3657e-16
5.4389e-08
2.68534e-15
2.29799e-08
1.15977e-16
5.44069e-16
2.73861e-08
1.34703e-16
6.924e-16
6.42239e-08
7.6438e-17
5.97322e-16
8.9543e-08
9.00234e-17
5.8779e-16
8.9543e-08
4.57676e-17
7.53634e-16
6.42239e-08
2.00758e-15
2.73861e-08
1.37539e-16
4.04438e-16
3.14534e-08
1.59352e-16
4.85231e-16
7.30867e-08
9.76509e-17
4.21394e-16
1.02066e-07
1.25981e-16
4.00009e-16
1.02066e-07
7.92692e-17
5.9846e-16
7.30867e-08
1.97399e-15
3.14534e-08
1.52435e-16
2.21005e-16
3.36367e-08
1.74963e-16
2.0992e-16
7.75291e-08
1.18552e-16
1.81811e-16
1.08511e-07
1.55173e-16
1.48728e-16
1.08511e-07
1.45286e-16
5.02561e-16
7.75291e-08
7.63191e-16
3.36367e-08
1.45955e-16
5.09334e-17
3.05588e-08
1.61795e-16
-5.30869e-18
7.00874e-08
1.24892e-16
-1.0928e-17
9.84233e-08
1.5518e-16
-3.87773e-17
9.84233e-08
1.92226e-16
1.57913e-16
7.00874e-08
-6.74477e-17
3.05588e-08
7.896e-17
1.51602e-08
7.99383e-17
3.50151e-08
7.65329e-17
4.95107e-08
6.13068e-17
4.95107e-08
1.29768e-16
3.50151e-08
1.51602e-08
-2.51742e-18
-2.37995e-16
1.53324e-08
-8.19647e-19
-2.55198e-16
3.68832e-08
3.61654e-19
-1.98655e-16
5.12559e-08
-2.7661e-17
-2.81477e-16
5.12559e-08
-1.43372e-17
-5.88127e-17
3.68832e-08
-1.61935e-15
1.53324e-08
-5.39781e-18
-2.39212e-16
1.88857e-08
-3.64417e-18
-2.5696e-16
4.50851e-08
-5.16349e-20
-1.98387e-16
6.2712e-08
-3.76542e-17
-2.63564e-16
6.2712e-08
-2.02079e-17
-1.36124e-16
4.50851e-08
-1.67882e-15
1.88857e-08
-9.88712e-18
-2.27129e-16
2.29799e-08
-7.88992e-18
-2.4081e-16
5.4389e-08
-2.51646e-18
-1.87988e-16
7.5734e-08
-5.12671e-17
-2.37415e-16
7.5734e-08
-3.1019e-17
-2.4411e-16
5.4389e-08
-1.76986e-15
2.29799e-08
-1.6654e-17
-2.07084e-16
2.73861e-08
-1.48752e-17
-2.10893e-16
6.42239e-08
-8.11349e-18
-1.66079e-16
8.9543e-08
-7.021e-17
-1.96848e-16
8.9543e-08
-5.79398e-17
-3.35696e-16
6.42239e-08
-1.20672e-15
2.73861e-08
-2.66988e-17
-1.67164e-16
3.14534e-08
-2.591e-17
-1.70168e-16
7.30867e-08
-1.84032e-17
-1.47445e-16
1.02066e-07
-9.68382e-17
-1.48747e-16
1.02066e-07
-8.74773e-17
-3.01642e-16
7.30867e-08
-1.34606e-15
3.14534e-08
-3.98237e-17
-1.20499e-16
3.36367e-08
-4.14713e-17
-1.1588e-16
7.75291e-08
-3.45093e-17
-1.22285e-16
1.08511e-07
-1.15605e-16
-1.11129e-16
1.08511e-07
-1.42454e-16
-3.96519e-16
7.75291e-08
-5.09526e-16
3.36367e-08
-5.05647e-17
-5.81823e-17
3.05588e-08
-5.62474e-17
-6.35602e-17
7.00874e-08
-5.19246e-17
-7.81076e-17
9.84233e-08
-1.14143e-16
-6.86156e-17
9.84233e-08
-1.80169e-16
-2.17556e-16
7.00874e-08
5.27731e-17
3.05588e-08
-3.87433e-17
1.51602e-08
-4.27979e-17
3.50151e-08
-4.47556e-17
4.95107e-08
-4.22905e-17
4.95107e-08
-1.2041e-16
3.50151e-08
1.51602e-08
7.98707e-18
2.86135e-16
1.53324e-08
1.52955e-17
4.68361e-16
3.68832e-08
5.2402e-18
4.47072e-16
5.12559e-08
2.45891e-17
6.07927e-16
5.12559e-08
3.57509e-18
4.90221e-16
3.68832e-08
2.68653e-15
1.53324e-08
1.01608e-17
2.70985e-16
1.88857e-08
1.87477e-17
4.26905e-16
4.50851e-08
6.40699e-18
4.10415e-16
6.2712e-08
3.67379e-17
5.5469e-16
6.2712e-08
8.10028e-18
5.43683e-16
4.50851e-08
2.73857e-15
1.88857e-08
1.33012e-17
2.40812e-16
2.29799e-08
2.23405e-17
3.53092e-16
5.4389e-08
9.42021e-18
3.41461e-16
7.5734e-08
5.41712e-17
4.69189e-16
7.5734e-08
1.82425e-17
6.01838e-16
5.4389e-08
2.78628e-15
2.29799e-08
1.74595e-17
2.06225e-16
2.73861e-08
2.61714e-17
2.74154e-16
6.42239e-08
1.47868e-17
2.70134e-16
8.9543e-08
7.93153e-17
3.80139e-16
8.9543e-08
4.6434e-17
6.57463e-16
6.42239e-08
2.11312e-15
2.73861e-08
2.29043e-17
1.57428e-16
3.14534e-08
2.97748e-17
1.83674e-16
7.30867e-08
2.27575e-17
1.81963e-16
1.02066e-07
1.14074e-16
2.67658e-16
1.02066e-07
8.05244e-17
5.44384e-16
7.30867e-08
2.05985e-15
3.14534e-08
2.90639e-17
7.6019e-17
3.36367e-08
3.23094e-17
5.42853e-17
7.75291e-08
3.34113e-17
5.93784e-17
1.08511e-07
1.40445e-16
8.84119e-17
1.08511e-07
1.4694e-16
4.97361e-16
7.75291e-08
8.05884e-16
3.36367e-08
3.34699e-17
1.19248e-18
3.05588e-08
3.07617e-17
-4.05062e-17
7.00874e-08
4.05542e-17
-4.35994e-17
9.84233e-08
1.37382e-16
-2.71766e-17
9.84233e-08
1.91592e-16
1.73938e-16
7.00874e-08
-5.91632e-17
3.05588e-08
2.44168e-17
1.51602e-08
1.49022e-17
3.50151e-08
3.10684e-17
4.95107e-08
4.79572e-17
4.95107e-08
1.26981e-16
3.50151e-08
1.51602e-08
1.61986e-18
-1.05154e-16
1.53324e-08
-6.79431e-18
-1.93898e-16
3.68832e-08
-1.37873e-17
-1.71531e-16
5.12559e-08
-4.24452e-17
-2.19634e-16
5.12559e-08
-2.31847e-17
6.33111e-17
3.68832e-08
-1.29553e-15
1.53324e-08
1.0199e-18
-1.16131e-16
1.88857e-08
-9.91228e-18
-2.12601e-16
4.50851e-08
-1.71205e-17
-1.98598e-16
6.2712e-08
-5.51874e-17
-2.4009e-16
6.2712e-08
-3.07297e-17
-4.12333e-17
4.50851e-08
-1.39127e-15
1.88857e-08
5.18491e-19
-1.15546e-16
2.29799e-08
-1.36632e-17
-2.18971e-16
5.4389e-08
-2.2497e-17
-2.21368e-16
7.5734e-08
-7.18319e-17
-2.52883e-16
7.5734e-08
-4.40291e-17
-1.7837e-16
5.4389e-08
-1.47791e-15
2.29799e-08
1.51808e-20
-1.05874e-16
2.73861e-08
-1.80104e-17
-2.05578e-16
6.42239e-08
-3.04465e-17
-2.16866e-16
8.9543e-08
-9.40962e-17
-2.39177e-16
8.9543e-08
-7.35285e-17
-2.90636e-16
6.42239e-08
-9.71247e-16
2.73861e-08
-6.83055e-19
-8.78864e-17
3.14534e-08
-2.32005e-17
-1.84013e-16
7.30867e-08
-4.1156e-17
-2.15458e-16
1.02066e-07
-1.22977e-16
-2.2023e-16
1.02066e-07
-1.05825e-16
-2.78672e-16
7.30867e-08
-1.13202e-15
3.14534e-08
-2.6136e-18
-8.07231e-17
3.36367e-08
-2.93685e-17
-1.71611e-16
7.75291e-08
-5.43657e-17
-2.21982e-16
1.08511e-07
-1.42734e-16
-2.02939e-16
1.08511e-07
-1.61159e-16
-4.02359e-16
7.75291e-08
-4.17812e-16
3.36367e-08
-5.58215e-18
-5.72946e-17
3.05588e-08
-3.151e-17
-1.18731e-16
7.00874e-08
-6.26936e-17
-1.72295e-16
9.84233e-08
-1.38239e-16
-1.55539e-16
9.84233e-08
-1.97657e-16
-2.48034e-16
7.00874e-08
4.79633e-17
3.05588e-08
-6.70135e-18
1.51602e-08
-2.22231e-17
3.50151e-08
-4.32503e-17
4.95107e-08
-5.36058e-17
4.95107e-08
-1.31746e-16
3.50151e-08
1.51602e-08
4.00832e-17
1.07004e-15
1.53324e-08
3.21187e-17
1.75235e-15
3.68832e-08
-1.76185e-17
1.81776e-15
5.12559e-08
-2.84061e-17
1.9747e-15
5.12559e-08
-4.61768e-17
1.76105e-15
3.68832e-08
3.57181e-15
1.53324e-08
5.13375e-17
1.00117e-15
1.88857e-08
4.07504e-17
1.61785e-15
4.50851e-08
-2.28224e-17
1.69627e-15
6.2712e-08
-3.1165e-17
1.82842e-15
6.2712e-08
-5.52727e-17
1.72449e-15
4.50851e-08
3.559e-15
1.88857e-08
6.59738e-17
8.88805e-16
2.29799e-08
5.05378e-17
1.38128e-15
5.4389e-08
-2.80418e-17
1.45422e-15
7.5734e-08
-3.19556e-17
1.5816e-15
7.5734e-08
-6.23337e-17
1.62747e-15
5.4389e-08
3.528e-15
2.29799e-08
8.34297e-17
7.47193e-16
2.73861e-08
6.11226e-17
1.11788e-15
6.42239e-08
-3.26317e-17
1.19278e-15
8.9543e-08
-2.84359e-17
1.29783e-15
8.9543e-08
-5.51569e-17
1.50846e-15
6.42239e-08
2.78537e-15
2.73861e-08
1.02926e-16
5.60405e-16
3.14534e-08
7.13837e-17
7.91083e-16
7.30867e-08
-3.56003e-17
8.55912e-16
1.02066e-07
-1.71436e-17
9.4539e-16
1.02066e-07
-4.25818e-17
1.18119e-15
7.30867e-08
2.53843e-15
3.14534e-08
1.18753e-16
2.90698e-16
3.36367e-08
7.687e-17
3.32436e-16
7.75291e-08
-3.48521e-17
3.87998e-16
1.08511e-07
-8.56003e-18
4.28348e-16
1.08511e-07
6.19469e-18
8.21744e-16
7.75291e-08
1.08199e-15
3.36367e-08
1.19027e-16
4.134e-17
3.05588e-08
6.78149e-17
-3.04211e-17
7.00874e-08
-2.92232e-17
-5.38675e-18
9.84233e-08
-7.61894e-18
1.39925e-17
9.84233e-08
5.24949e-17
2.4e-16
7.00874e-08
1.90981e-17
3.05588e-08
6.98198e-17
1.51602e-08
2.86193e-17
3.50151e-08
-1.0371e-17
4.95107e-08
-2.95227e-17
4.95107e-08
4.91532e-17
3.50151e-08
1.51602e-08
-1.34932e-16
-1.00752e-15
1.53324e-08
-1.49677e-16
-8.49497e-16
3.68832e-08
-1.20648e-16
-3.02077e-16
5.12559e-08
-1.13603e-16
-6.08768e-17
5.12559e-08
-9.64375e-17
2.35134e-16
3.68832e-08
-1.31617e-15
1.53324e-08
-1.681e-16
-9.10843e-16
1.88857e-08
-1.86752e-16
-7.33996e-16
4.50851e-08
-1.48571e-16
-2.09773e-16
6.2712e-08
-1.434e-16
4.03149e-17
6.2712e-08
-1.19944e-16
2.35131e-16
4.50851e-08
-1.3793e-15
1.88857e-08
-2.08164e-16
-7.88395e-16
2.29799e-08
-2.30313e-16
-5.8275e-16
5.4389e-08
-1.82075e-16
-8.96495e-17
7.5734e-08
-1.78659e-16
1.47144e-16
7.5734e-08
-1.48379e-16
1.7668e-16
5.4389e-08
-1.53762e-15
2.29799e-08
-2.5349e-16
-6.43475e-16
2.73861e-08
-2.79114e-16
-4.1686e-16
6.42239e-08
-2.20153e-16
2.66768e-17
8.9543e-08
-2.19043e-16
2.44984e-16
8.9543e-08
-1.89584e-16
1.06885e-16
6.42239e-08
-1.08621e-15
2.73861e-08
-2.99601e-16
-4.71134e-16
3.14534e-08
-3.27922e-16
-2.4941e-16
7.30867e-08
-2.58453e-16
1.08031e-16
1.02066e-07
-2.61856e-16
2.88715e-16
1.02066e-07
-2.28316e-16
1.12163e-16
7.30867e-08
-1.23727e-15
3.14534e-08
-3.32108e-16
-2.64604e-16
3.36367e-08
-3.60163e-16
-4.71925e-17
7.75291e-08
-2.85116e-16
1.9985e-16
1.08511e-07
-2.828e-16
3.24084e-16
1.08511e-07
-2.78135e-16
-1.65136e-17
7.75291e-08
-3.81662e-16
3.36367e-08
-3.15989e-16
-6.75712e-17
3.05588e-08
-3.38018e-16
7.32093e-17
7.00874e-08
-2.69874e-16
1.74871e-16
9.84233e-08
-2.52959e-16
2.1616e-16
9.84233e-08
-2.78565e-16
3.78795e-17
7.00874e-08
1.682e-16
3.05588e-08
-1.69495e-16
1.51602e-08
-1.72464e-16
3.50151e-08
-1.44489e-16
4.95107e-08
-9.95239e-17
4.95107e-08
-1.42879e-16
3.50151e-08
1.51602e-08
5.98552e-17
3.49861e-16
1.53324e-08
5.36343e-17
2.81967e-16
3.68832e-08
4.05348e-17
2.42044e-16
5.12559e-08
5.51447e-17
3.63945e-16
5.12559e-08
2.14782e-17
1.69301e-16
3.68832e-08
2.15522e-15
1.53324e-08
7.66879e-17
3.19218e-16
1.88857e-08
7.24808e-17
2.60773e-16
4.50851e-08
5.72619e-17
2.00522e-16
6.2712e-08
8.03528e-17
3.04559e-16
6.2712e-08
3.33258e-17
2.10371e-16
4.50851e-08
2.22101e-15
1.88857e-08
9.8335e-17
2.84093e-16
2.29799e-08
9.8148e-17
2.22202e-16
5.4389e-08
8.29657e-17
1.44387e-16
7.5734e-08
1.16862e-16
2.2066e-16
7.5734e-08
5.43167e-17
2.64597e-16
5.4389e-08
2.28078e-15
2.29799e-08
1.2511e-16
2.35297e-16
2.73861e-08
1.32708e-16
1.81763e-16
6.42239e-08
1.20844e-16
8.47831e-17
8.9543e-08
1.69332e-16
1.32001e-16
8.9543e-08
9.77744e-17
3.25171e-16
6.42239e-08
1.66275e-15
2.73861e-08
1.56107e-16
1.77186e-16
3.14534e-08
1.76874e-16
1.24014e-16
7.30867e-08
1.73383e-16
2.08802e-17
1.02066e-07
2.41327e-16
2.94713e-17
1.02066e-07
1.52699e-16
2.4621e-16
7.30867e-08
1.67447e-15
3.14534e-08
1.84882e-16
9.99188e-17
3.36367e-08
2.2454e-16
4.42814e-17
7.75291e-08
2.3628e-16
-6.31622e-17
1.08511e-07
3.12372e-16
-9.71555e-17
1.08511e-07
2.41927e-16
2.51961e-16
7.75291e-08
5.8091e-16
3.36367e-08
1.89752e-16
2.54691e-17
3.05588e-08
2.47381e-16
-3.28224e-17
7.00874e-08
2.76287e-16
-9.85279e-17
9.84233e-08
3.38377e-16
-1.29411e-16
9.84233e-08
3.01981e-16
5.75957e-17
7.00874e-08
-1.23072e-16
3.05588e-08
1.11021e-16
1.51602e-08
1.5751e-16
3.50151e-08
1.89169e-16
4.95107e-08
1.84089e-16
4.95107e-08
2.03801e-16
3.50151e-08
1.51602e-08
-3.78809e-17
-7.61106e-16
1.53324e-08
-1.24928e-18
-1.06131e-15
3.68832e-08
5.47339e-17
-1.19646e-15
5.12559e-08
8.19834e-17
-1.36781e-15
5.12559e-08
1.01051e-16
-1.18789e-15
3.68832e-08
-2.27318e-15
1.53324e-08
-4.83919e-17
-7.17201e-16
1.88857e-08
-3.00518e-18
-1.02801e-15
4.50851e-08
7.09336e-17
-1.15857e-15
6.2712e-08
1.03807e-16
-1.30682e-15
6.2712e-08
1.24984e-16
-1.18697e-15
4.50851e-08
-2.25709e-15
1.88857e-08
-6.07918e-17
-6.40137e-16
2.29799e-08
-4.97289e-18
-9.31449e-16
5.4389e-08
9.0385e-17
-1.05163e-15
7.5734e-08
1.3042e-16
-1.16831e-15
7.5734e-08
1.50324e-16
-1.16831e-15
5.4389e-08
-2.23437e-15
2.29799e-08
-7.47007e-17
-5.36282e-16
2.73861e-08
-7.39857e-18
-8.01078e-16
6.42239e-08
1.12788e-16
-8.91082e-16
8.9543e-08
1.59457e-16
-9.88637e-16
8.9543e-08
1.6527e-16
-1.09051e-15
6.42239e-08
-1.57793e-15
2.73861e-08
-8.97139e-17
-4.0514e-16
3.14534e-08
-1.11165e-17
-6.15228e-16
7.30867e-08
1.3458e-16
-6.94888e-16
1.02066e-07
1.85242e-16
-7.50255e-16
1.02066e-07
1.78273e-16
-8.50925e-16
7.30867e-08
-1.5683e-15
3.14534e-08
-1.02187e-16
-2.55359e-16
3.36367e-08
-1.8755e-17
-3.93579e-16
7.75291e-08
1.47251e-16
-4.42086e-16
1.08511e-07
2.07124e-16
-4.63073e-16
1.08511e-07
1.53718e-16
-6.98797e-16
7.75291e-08
-6.19285e-16
3.36367e-08
-1.02076e-16
-1.02192e-16
3.05588e-08
-2.83526e-17
-1.52296e-16
7.00874e-08
1.30542e-16
-1.76673e-16
9.84233e-08
1.99215e-16
-1.75057e-16
9.84233e-08
1.00318e-16
-2.83808e-16
7.00874e-08
3.96005e-17
3.05588e-08
-5.87446e-17
1.51602e-08
-2.94478e-17
3.50151e-08
5.3518e-17
4.95107e-08
1.24509e-16
4.95107e-08
2.53844e-17
3.50151e-08
1.51602e-08
6.77831e-17
3.01388e-16
1.53324e-08
1.14976e-16
1.2704e-16
3.68832e-08
1.52869e-16
-1.80351e-16
5.12559e-08
1.93946e-16
-2.81443e-16
5.12559e-08
1.51865e-16
-4.7746e-16
3.68832e-08
1.93701e-15
1.53324e-08
8.38595e-17
2.58988e-16
1.88857e-08
1.43054e-16
7.92591e-17
4.50851e-08
1.90723e-16
-2.17445e-16
6.2712e-08
2.4733e-16
-3.13774e-16
6.2712e-08
1.89327e-16
-3.85919e-16
4.50851e-08
2.05274e-15
1.88857e-08
1.03988e-16
2.24887e-16
2.29799e-08
1.7691e-16
5.13772e-17
5.4389e-08
2.37179e-16
-2.25613e-16
7.5734e-08
3.12141e-16
-3.11641e-16
7.5734e-08
2.35019e-16
-2.24649e-16
5.4389e-08
2.22654e-15
2.29799e-08
1.27971e-16
1.89174e-16
2.73861e-08
2.16081e-16
2.88717e-17
6.42239e-08
2.91131e-16
-2.02515e-16
8.9543e-08
3.87588e-16
-2.76695e-16
8.9543e-08
2.96709e-16
-3.65234e-17
6.42239e-08
1.72313e-15
2.73861e-08
1.53555e-16
1.47929e-16
3.14534e-08
2.56843e-16
1.93467e-17
7.30867e-08
3.4695e-16
-1.64386e-16
1.02066e-07
4.66689e-16
-2.26828e-16
1.02066e-07
3.56579e-16
4.68937e-17
7.30867e-08
1.79015e-15
3.14534e-08
1.73884e-16
7.8491e-17
3.36367e-08
2.8638e-16
-2.94252e-17
7.75291e-08
3.86674e-16
-1.41932e-16
1.08511e-07
5.13668e-16
-1.91546e-16
1.08511e-07
4.24128e-16
2.0449e-16
7.75291e-08
6.53385e-16
3.36367e-08
1.70493e-16
1.22968e-17
3.05588e-08
2.74217e-16
-5.63251e-17
7.00874e-08
3.67546e-16
-9.68117e-17
9.84233e-08
4.67005e-16
-1.22099e-16
9.84233e-08
4.18155e-16
7.27714e-17
7.00874e-08
-1.18921e-16
3.05588e-08
9.53348e-17
1.51602e-08
1.46086e-16
3.50151e-08
1.94696e-16
4.95107e-08
2.02644e-16
4.95107e-08
2.15024e-16
3.50151e-08
1.51602e-08
-1.02917e-17
1.69232e-16
1.53324e-08
6.48464e-18
4.79037e-16
3.68832e-08
1.15347e-17
5.85591e-16
5.12559e-08
-1.84784e-17
5.88967e-16
5.12559e-08
-3.60685e-17
9.40315e-16
3.68832e-08
3.04753e-18
1.53324e-08
-1.30755e-17
1.68018e-16
1.88857e-08
5.26498e-18
4.51592e-16
4.50851e-08
9.95558e-18
5.63509e-16
6.2712e-08
-3.0964e-17
5.94897e-16
6.2712e-08
-5.08218e-17
8.80781e-16
4.50851e-08
-9.31603e-17
1.88857e-08
-1.58714e-17
1.51144e-16
2.29799e-08
2.45717e-18
3.8644e-16
5.4389e-08
4.24567e-18
5.09353e-16
7.5734e-08
-4.99403e-17
5.664e-16
7.5734e-08
-7.36827e-17
7.51293e-16
5.4389e-08
-2.41353e-16
2.29799e-08
-1.89734e-17
1.36479e-16
2.73861e-08
-3.20913e-18
3.3302e-16
6.42239e-08
-8.18884e-18
4.56603e-16
8.9543e-08
-7.9191e-17
5.385e-16
8.9543e-08
-1.14716e-16
6.11651e-16
6.42239e-08
9.86e-17
2.73861e-08
-2.1871e-17
1.05144e-16
3.14534e-08
-1.32244e-17
2.44444e-16
7.30867e-08
-3.14002e-17
3.67626e-16
1.02066e-07
-1.23259e-16
4.53916e-16
1.02066e-07
-1.62457e-16
5.2127e-16
7.30867e-08
-2.31346e-16
3.14534e-08
-2.49868e-17
3.31072e-17
3.36367e-08
-3.07153e-17
8.80654e-17
7.75291e-08
-6.85322e-17
1.77874e-16
1.08511e-07
-1.69433e-16
2.85337e-16
1.08511e-07
-2.32977e-16
2.11388e-16
7.75291e-08
1.77018e-16
3.36367e-08
-2.4853e-17
-2.82871e-17
3.05588e-08
-5.01094e-17
-3.73974e-17
7.00874e-08
-1.07447e-16
5.93523e-18
9.84233e-08
-1.96502e-16
8.25471e-17
9.84233e-08
-2.76804e-16
7.52445e-17
7.00874e-08
3.1423e-16
3.05588e-08
-1.30795e-17
1.51602e-08
-4.57507e-17
3.50151e-08
-9.25807e-17
4.95107e-08
-1.10413e-16
4.95107e-08
-1.79098e-16
3.50151e-08
1.51602e-08
3.69053e-17
3.96757e-16
1.53324e-08
6.7258e-17
6.30395e-16
3.68832e-08
8.23856e-17
6.82783e-16
5.12559e-08
9.88194e-17
8.53784e-16
5.12559e-08
5.11829e-17
7.92414e-16
3.68832e-08
2.8856e-15
1.53324e-08
4.56726e-17
3.60447e-16
1.88857e-08
8.32494e-17
5.58603e-16
4.50851e-08
1.02435e-16
6.15664e-16
6.2712e-08
1.29233e-16
7.76879e-16
6.2712e-08
6.67731e-17
7.94947e-16
4.50851e-08
2.91865e-15
1.88857e-08
5.67044e-17
3.12315e-16
2.29799e-08
1.02303e-16
4.66213e-16
5.4389e-08
1.27941e-16
5.20528e-16
7.5734e-08
1.68707e-16
6.74024e-16
7.5734e-08
8.90059e-17
8.06587e-16
5.4389e-08
2.96157e-15
2.29799e-08
6.97158e-17
2.58105e-16
2.73861e-08
1.24181e-16
3.65418e-16
6.42239e-08
1.5932e-16
4.28396e-16
8.9543e-08
2.1943e-16
5.59002e-16
8.9543e-08
1.28089e-16
8.09471e-16
6.42239e-08
2.37697e-15
2.73861e-08
8.35231e-17
1.83262e-16
3.14534e-08
1.47118e-16
2.45081e-16
7.30867e-08
1.95248e-16
2.94419e-16
1.02066e-07
2.81069e-16
3.95374e-16
1.02066e-07
1.75427e-16
6.61411e-16
7.30867e-08
2.18516e-15
3.14534e-08
9.41239e-17
8.01633e-17
3.36367e-08
1.64291e-16
6.07467e-17
7.75291e-08
2.28666e-16
9.81265e-17
1.08511e-07
3.32239e-16
1.38361e-16
1.08511e-07
2.49145e-16
5.17311e-16
7.75291e-08
8.49293e-16
3.36367e-08
9.13966e-17
-8.13078e-18
3.05588e-08
1.58599e-16
-7.2173e-17
7.00874e-08
2.34094e-16
-6.26031e-17
9.84233e-08
3.29369e-16
-3.93232e-17
9.84233e-08
2.84951e-16
1.42615e-16
7.00874e-08
-7.58026e-17
3.05588e-08
5.03537e-17
1.51602e-08
8.59984e-17
3.50151e-08
1.42684e-16
4.95107e-08
1.63072e-16
4.95107e-08
1.7338e-16
3.50151e-08
1.51602e-08
-2.60427e-17
-4.77114e-17
1.53324e-08
-7.47214e-18
2.25976e-16
3.68832e-08
1.10995e-17
4.12422e-16
5.12559e-08
2.81691e-18
4.99238e-16
5.12559e-08
-7.17953e-18
7.88537e-16
3.68832e-08
4.89734e-17
1.53324e-08
-3.28198e-17
-4.0102e-17
1.88857e-08
-1.17563e-17
2.06956e-16
4.50851e-08
1.18659e-17
3.89413e-16
6.2712e-08
1.10834e-18
4.94136e-16
6.2712e-08
-1.09072e-17
7.35179e-16
4.50851e-08
-4.96859e-17
1.88857e-08
-4.0441e-17
-3.1732e-17
2.29799e-08
-1.75674e-17
1.76103e-16
5.4389e-08
1.09994e-17
3.54634e-16
7.5734e-08
-1.95325e-18
4.70101e-16
7.5734e-08
-1.77795e-17
6.33302e-16
5.4389e-08
-1.86714e-16
2.29799e-08
-4.85241e-17
-1.55244e-17
2.73861e-08
-2.5409e-17
1.44353e-16
6.42239e-08
7.3017e-18
3.1291e-16
8.9543e-08
-8.16605e-18
4.37045e-16
8.9543e-08
-3.56476e-17
5.12951e-16
6.42239e-08
7.85058e-17
2.73861e-08
-5.62677e-17
-8.96817e-18
3.14534e-08
-3.54918e-17
1.06569e-16
7.30867e-08
-1.19126e-18
2.3864e-16
1.02066e-07
-2.08507e-17
3.75989e-16
1.02066e-07
-5.543e-17
4.41398e-16
7.30867e-08
-2.01051e-16
3.14534e-08
-6.14956e-17
-3.06258e-17
3.36367e-08
-4.79952e-17
3.73237e-17
7.75291e-08
-1.68147e-17
1.25704e-16
1.08511e-07
-3.32815e-17
2.36841e-16
1.08511e-07
-9.47655e-17
2.03861e-16
7.75291e-08
1.67425e-16
3.36367e-08
-5.67852e-17
-4.07752e-17
3.05588e-08
-5.79217e-17
-3.28158e-17
7.00874e-08
-3.81368e-17
-2.12994e-18
9.84233e-08
-4.31223e-17
7.13625e-17
9.84233e-08
-1.23585e-16
9.99643e-17
7.00874e-08
3.06554e-16
3.05588e-08
-2.78338e-17
1.51602e-08
-4.16166e-17
3.50151e-08
-4.16616e-17
4.95107e-08
-1.64251e-17
4.95107e-08
-8.279e-17
3.50151e-08
1.51602e-08
1.48518e-17
2.18651e-16
1.53324e-08
4.15567e-17
3.55273e-16
3.68832e-08
6.68115e-17
4.42251e-16
5.12559e-08
9.67905e-17
6.94799e-16
5.12559e-08
5.4475e-17
6.19207e-16
3.68832e-08
2.75523e-15
1.53324e-08
1.82489e-17
1.95074e-16
1.88857e-08
5.15813e-17
3.07828e-16
4.50851e-08
8.41927e-17
3.94001e-16
6.2712e-08
1.28209e-16
6.27909e-16
6.2712e-08
7.18192e-17
6.36619e-16
4.50851e-08
2.78976e-15
1.88857e-08
2.28513e-17
1.74318e-16
2.29799e-08
6.39455e-17
2.69466e-16
5.4389e-08
1.07079e-16
3.4729e-16
7.5734e-08
1.68949e-16
5.62673e-16
7.5734e-08
9.6256e-17
6.71832e-16
5.4389e-08
2.83359e-15
2.29799e-08
2.91348e-17
1.4833e-16
2.73861e-08
7.90254e-17
2.14669e-16
6.42239e-08
1.35858e-16
3.003e-16
8.9543e-08
2.20782e-16
4.77163e-16
8.9543e-08
1.36223e-16
7.04214e-16
6.42239e-08
2.33725e-15
2.73861e-08
3.66575e-17
1.16338e-16
3.14534e-08
9.58893e-17
1.5935e-16
7.30867e-08
1.69536e-16
2.32663e-16
1.02066e-07
2.82409e-16
3.55295e-16
1.02066e-07
1.85631e-16
6.17374e-16
7.30867e-08
2.08883e-15
3.14534e-08
4.39143e-17
6.51137e-17
3.36367e-08
1.1011e-16
6.68192e-17
7.75291e-08
2.00864e-16
1.12888e-16
1.08511e-07
3.30701e-16
1.7308e-16
1.08511e-07
2.58274e-16
4.97359e-16
7.75291e-08
7.77566e-16
3.36367e-08
4.67111e-17
8.82288e-18
3.05588e-08
1.10073e-16
-9.11223e-18
7.00874e-08
2.05694e-16
1.24498e-17
9.84233e-08
3.17697e-16
1.10615e-17
9.84233e-08
2.88393e-16
1.49775e-16
7.00874e-08
-1.20929e-16
3.05588e-08
2.84373e-17
1.51602e-08
6.21156e-17
3.50151e-08
1.21957e-16
4.95107e-08
1.42283e-16
4.95107e-08
1.69921e-16
3.50151e-08
1.51602e-08
4.43654e-19
-2.20751e-17
1.53324e-08
2.43283e-17
2.10005e-16
3.68832e-08
4.01911e-17
3.00989e-16
5.12559e-08
4.10826e-17
4.49847e-16
5.12559e-08
1.01915e-17
7.9506e-16
3.68832e-08
1.1363e-15
1.53324e-08
6.30891e-19
-2.1138e-17
1.88857e-08
2.93081e-17
1.7449e-16
4.50851e-08
5.03614e-17
2.70013e-16
6.2712e-08
5.39664e-17
4.27862e-16
6.2712e-08
1.37769e-17
7.51064e-16
4.50851e-08
1.01051e-15
1.88857e-08
2.10724e-18
-2.64171e-17
2.29799e-08
3.5366e-17
1.1589e-16
5.4389e-08
6.22217e-17
2.11682e-16
7.5734e-08
7.03455e-17
3.69841e-16
7.5734e-08
1.72527e-17
6.62673e-16
5.4389e-08
9.03039e-16
2.29799e-08
4.97836e-18
-1.74766e-17
2.73861e-08
4.20475e-17
8.3704e-17
6.42239e-08
7.48938e-17
1.72983e-16
8.9543e-08
8.93593e-17
3.27319e-16
8.9543e-08
1.62778e-17
5.80483e-16
6.42239e-08
9.59989e-16
2.73861e-08
9.42334e-18
-2.05659e-17
3.14534e-08
4.79797e-17
2.94775e-17
7.30867e-08
8.60374e-17
1.09843e-16
1.02066e-07
1.06978e-16
2.51557e-16
1.02066e-07
1.74808e-17
5.2253e-16
7.30867e-08
6.16072e-16
3.14534e-08
1.44994e-17
-6.14963e-17
3.36367e-08
4.89614e-17
-8.78026e-17
7.75291e-08
8.85271e-17
-4.03133e-17
1.08511e-07
1.20865e-16
8.57495e-17
1.08511e-07
7.49714e-18
2.84829e-16
7.75291e-08
5.54695e-16
3.36367e-08
1.89188e-17
-8.9674e-17
3.05588e-08
3.85838e-17
-1.47812e-16
7.00874e-08
7.21618e-17
-1.399e-16
9.84233e-08
1.12862e-16
-6.57552e-17
9.84233e-08
-5.29204e-18
1.16736e-16
7.00874e-08
3.73248e-16
3.05588e-08
1.48498e-17
1.51602e-08
1.00002e-17
3.50151e-08
2.40121e-17
4.95107e-08
6.78081e-17
4.95107e-08
-5.45815e-18
3.50151e-08
1.51602e-08
8.8997e-18
2.74819e-16
1.53324e-08
4.24677e-17
5.30558e-16
3.68832e-08
6.47395e-17
6.36374e-16
5.12559e-08
9.27139e-17
9.84638e-16
5.12559e-08
5.00871e-17
1.00385e-15
3.68832e-08
3.37637e-15
1.53324e-08
1.12895e-17
2.52627e-16
1.88857e-08
5.2609e-17
4.50332e-16
4.50851e-08
8.20109e-17
5.51451e-16
6.2712e-08
1.24753e-16
8.71099e-16
6.2712e-08
6.72408e-17
9.54274e-16
4.50851e-08
3.36472e-15
1.88857e-08
1.51733e-17
2.16492e-16
2.29799e-08
6.47483e-17
3.39441e-16
5.4389e-08
1.04596e-16
4.24963e-16
7.5734e-08
1.66367e-16
7.22763e-16
7.5734e-08
9.04635e-17
9.13845e-16
5.4389e-08
3.41699e-15
2.29799e-08
2.05676e-17
1.7817e-16
2.73861e-08
7.85303e-17
2.41671e-16
6.42239e-08
1.32486e-16
3.2299e-16
8.9543e-08
2.20161e-16
5.6028e-16
8.9543e-08
1.25487e-16
8.74813e-16
6.42239e-08
3.07084e-15
2.73861e-08
2.74816e-17
1.24586e-16
3.14534e-08
9.23913e-17
1.15122e-16
7.30867e-08
1.63416e-16
1.69991e-16
1.02066e-07
2.8355e-16
3.4733e-16
1.02066e-07
1.76894e-16
7.64951e-16
7.30867e-08
2.51378e-15
3.14534e-08
3.38728e-17
2.48483e-17
3.36367e-08
1.00441e-16
-7.78271e-17
7.75291e-08
1.8924e-16
-7.02627e-17
1.08511e-07
3.34452e-16
3.67754e-17
1.08511e-07
2.50765e-16
4.79072e-16
7.75291e-08
9.1418e-16
3.36367e-08
3.59882e-17
-5.42887e-17
3.05588e-08
9.05713e-17
-1.93954e-16
7.00874e-08
1.86063e-16
-2.17846e-16
9.84233e-08
3.14073e-16
-1.76086e-16
9.84233e-08
2.76444e-16
1.80697e-17
7.00874e-08
-1.89379e-16
3.05588e-08
2.1835e-17
1.51602e-08
4.03204e-17
3.50151e-08
1.04064e-16
4.95107e-08
1.27953e-16
4.95107e-08
1.56738e-16
3.50151e-08
1.51602e-08
-3.87798e-18
-4.92494e-16
1.53324e-08
1.75598e-17
-3.79489e-16
3.68832e-08
4.6791e-17
-3.25527e-16
5.12559e-08
8.52149e-17
-6.9435e-17
5.12559e-08
4.40619e-17
3.04447e-16
3.68832e-08
2.30521e-15
1.53324e-08
-5.29982e-18
-4.47306e-16
1.88857e-08
2.09055e-17
-3.45073e-16
4.50851e-08
5.94042e-17
-2.79176e-16
6.2712e-08
1.14119e-16
-2.15147e-17
6.2712e-08
5.98652e-17
3.66557e-16
4.50851e-08
2.18109e-15
1.88857e-08
-5.52856e-18
-3.96595e-16
2.29799e-08
2.52187e-17
-3.12565e-16
5.4389e-08
7.52568e-17
-2.41084e-16
7.5734e-08
1.51716e-16
7.11145e-18
7.5734e-08
8.03617e-17
4.27104e-16
5.4389e-08
2.1994e-15
2.29799e-08
-4.6852e-18
-3.16995e-16
2.73861e-08
2.9896e-17
-2.32779e-16
6.42239e-08
9.37209e-17
-1.48868e-16
8.9543e-08
1.98437e-16
8.30108e-17
8.9543e-08
1.09063e-16
5.25206e-16
6.42239e-08
1.87615e-15
2.73861e-08
-2.25322e-18
-2.35604e-16
3.14534e-08
3.37385e-17
-1.59054e-16
7.30867e-08
1.12065e-16
-7.53145e-17
1.02066e-07
2.50608e-16
1.37621e-16
1.02066e-07
1.4197e-16
5.6599e-16
7.30867e-08
1.7008e-15
3.14534e-08
1.44738e-19
-2.04827e-16
3.36367e-08
3.23744e-17
-1.74819e-16
7.75291e-08
1.22698e-16
-1.07996e-16
1.08511e-07
2.91974e-16
5.49466e-17
1.08511e-07
1.79173e-16
4.99717e-16
7.75291e-08
1.08694e-15
3.36367e-08
3.49188e-18
-1.6041e-16
3.05588e-08
2.16618e-17
-1.66417e-16
7.00874e-08
1.08856e-16
-1.36832e-16
9.84233e-08
2.82901e-16
-5.04549e-17
9.84233e-08
1.9096e-16
2.76808e-16
7.00874e-08
4.7723e-16
3.05588e-08
5.3746e-18
1.51602e-08
-8.23936e-20
3.50151e-08
4.7622e-17
4.95107e-08
1.49368e-16
4.95107e-08
1.17099e-16
3.50151e-08
1.51602e-08
-4.49999e-17
1.24833e-15
1.53324e-08
1.553e-17
2.34879e-15
3.68832e-08
7.29533e-17
2.73547e-15
5.12559e-08
1.30363e-16
3.04895e-15
5.12559e-08
1.13219e-16
2.50001e-15
3.68832e-08
3.90631e-15
1.53324e-08
-5.39828e-17
1.13051e-15
1.88857e-08
1.75269e-17
2.05224e-15
4.50851e-08
8.89726e-17
2.41933e-15
6.2712e-08
1.67225e-16
2.69866e-15
6.2712e-08
1.4157e-16
2.2159e-15
4.50851e-08
3.80019e-15
1.88857e-08
-6.21377e-17
9.71916e-16
2.29799e-08
1.91216e-17
1.66709e-15
5.4389e-08
1.08508e-16
2.00017e-15
7.5734e-08
2.11797e-16
2.23633e-15
7.5734e-08
1.72379e-16
1.9401e-15
5.4389e-08
3.86379e-15
2.29799e-08
-6.71497e-17
7.86456e-16
2.73861e-08
2.12573e-17
1.22457e-15
6.42239e-08
1.30314e-16
1.49071e-15
8.9543e-08
2.65136e-16
1.68506e-15
8.9543e-08
2.0097e-16
1.58713e-15
6.42239e-08
3.93975e-15
2.73861e-08
-6.59403e-17
5.47106e-16
3.14534e-08
2.37797e-17
7.26857e-16
7.30867e-08
1.51894e-16
9.05832e-16
1.02066e-07
3.17756e-16
1.03314e-15
1.02066e-07
2.49676e-16
1.32924e-15
7.30867e-08
2.83003e-15
3.14534e-08
-5.50014e-17
2.17851e-16
3.36367e-08
2.42162e-17
1.22889e-16
7.75291e-08
1.62883e-16
1.75066e-16
1.08511e-07
3.50131e-16
2.57368e-16
1.08511e-07
2.99034e-16
5.89386e-16
7.75291e-08
9.52919e-16
3.36367e-08
-2.8302e-17
-4.75682e-17
3.05588e-08
1.72594e-17
-2.6664e-16
7.00874e-08
1.46081e-16
-3.16806e-16
9.84233e-08
2.86911e-16
-3.24344e-16
9.84233e-08
2.70906e-16
-1.4435e-16
7.00874e-08
-3.49165e-16
3.05588e-08
7.23564e-18
1.51602e-08
-1.81921e-18
3.50151e-08
6.70774e-17
4.95107e-08
7.34949e-17
4.95107e-08
1.05394e-16
3.50151e-08
1.51602e-08
-1.40654e-17
2.13522e-15
-1.26953e-16
3.74139e-15
-1.37832e-16
4.66256e-15
-1.93544e-16
4.57698e-15
-1.82808e-16
3.15759e-15
-4.76119e-15
-1.02191e-17
2.15074e-15
-1.53449e-16
3.71556e-15
-1.81442e-16
4.50359e-15
-2.8305e-16
4.4398e-15
-2.5826e-16
3.17767e-15
-4.21368e-15
-9.77128e-18
1.95742e-15
-1.91198e-16
3.46073e-15
-2.41838e-16
4.40223e-15
-3.96755e-16
4.37445e-15
-3.57673e-16
2.57513e-15
-4.62357e-15
-1.49778e-17
1.59865e-15
-2.3692e-16
2.87176e-15
-3.20624e-16
3.5901e-15
-5.52157e-16
3.5741e-15
-4.82783e-16
1.89854e-15
-4.41226e-15
-2.05185e-17
1.26759e-15
-2.89331e-16
2.45075e-15
-4.16586e-16
3.34665e-15
-7.35692e-16
3.33098e-15
-6.59553e-16
1.08882e-15
-3.79207e-15
-1.86895e-17
8.71571e-16
-3.21236e-16
1.98437e-15
-5.10283e-16
2.95269e-15
-9.26449e-16
2.77287e-15
-8.64993e-16
2.6902e-16
-2.31633e-15
-6.70925e-18
4.02612e-16
-2.94817e-16
1.14945e-15
-5.47788e-16
1.81664e-15
-9.92372e-16
1.57067e-15
-9.67453e-16
-2.66295e-16
-1.07587e-15
1.33349e-17
-1.35756e-16
-3.50351e-16
-5.97159e-16
-6.41226e-16
)
;

boundaryField
{
    inlet
    {
        type            calculated;
        value           nonuniform List<scalar> 
228
(
-4.50765e-07
-4.50765e-07
-4.50765e-07
-4.50765e-07
-4.50765e-07
-4.50765e-07
-4.50765e-07
-4.50765e-07
-4.50765e-07
-4.50765e-07
-4.50765e-07
-4.50765e-07
-4.50765e-07
-4.50765e-07
-4.50765e-07
-4.50765e-07
-4.50765e-07
-4.50765e-07
-4.50765e-07
-4.50765e-07
-4.50765e-07
-4.50765e-07
-4.50765e-07
-4.50765e-07
-4.50765e-07
-4.50765e-07
-4.50765e-07
-4.50765e-07
-4.50765e-07
-4.50765e-07
-4.50765e-07
-4.50765e-07
-4.50765e-07
-4.50765e-07
-4.50765e-07
-4.50765e-07
-2.07768e-08
-3.5065e-08
-4.24738e-08
-4.24738e-08
-3.5065e-08
-2.07768e-08
-2.6827e-08
-4.49295e-08
-5.43521e-08
-5.43521e-08
-4.49295e-08
-2.6827e-08
-3.48378e-08
-5.78111e-08
-6.98258e-08
-6.98258e-08
-5.78111e-08
-3.48378e-08
-4.55476e-08
-7.47626e-08
-9.01305e-08
-9.01305e-08
-7.47626e-08
-4.55476e-08
-6.00208e-08
-9.7268e-08
-1.17e-07
-1.17e-07
-9.7268e-08
-6.00208e-08
-7.98113e-08
-1.27447e-07
-1.52901e-07
-1.52901e-07
-1.27447e-07
-7.98113e-08
-1.07213e-07
-1.68367e-07
-2.01385e-07
-2.01385e-07
-1.68367e-07
-1.07213e-07
-1.45652e-07
-2.24522e-07
-2.67631e-07
-2.67631e-07
-2.24522e-07
-1.45652e-07
-2.07768e-08
-3.5065e-08
-4.24738e-08
-4.24738e-08
-3.5065e-08
-2.07768e-08
-2.6827e-08
-4.49295e-08
-5.43521e-08
-5.43521e-08
-4.49295e-08
-2.6827e-08
-3.48378e-08
-5.78111e-08
-6.98258e-08
-6.98258e-08
-5.78111e-08
-3.48378e-08
-4.55476e-08
-7.47626e-08
-9.01305e-08
-9.01305e-08
-7.47626e-08
-4.55476e-08
-6.00208e-08
-9.7268e-08
-1.17e-07
-1.17e-07
-9.7268e-08
-6.00208e-08
-7.98113e-08
-1.27447e-07
-1.52901e-07
-1.52901e-07
-1.27447e-07
-7.98113e-08
-1.07213e-07
-1.68367e-07
-2.01385e-07
-2.01385e-07
-1.68367e-07
-1.07213e-07
-1.45652e-07
-2.24522e-07
-2.67631e-07
-2.67631e-07
-2.24522e-07
-1.45652e-07
-2.07768e-08
-2.6827e-08
-3.48378e-08
-4.55476e-08
-6.00208e-08
-7.98113e-08
-1.07213e-07
-1.45652e-07
-3.5065e-08
-4.49295e-08
-5.78111e-08
-7.47626e-08
-9.7268e-08
-1.27447e-07
-1.68367e-07
-2.24522e-07
-4.24738e-08
-5.43521e-08
-6.98258e-08
-9.01305e-08
-1.17e-07
-1.52901e-07
-2.01385e-07
-2.67631e-07
-4.24738e-08
-5.43521e-08
-6.98258e-08
-9.01305e-08
-1.17e-07
-1.52901e-07
-2.01385e-07
-2.67631e-07
-3.5065e-08
-4.49295e-08
-5.78111e-08
-7.47626e-08
-9.7268e-08
-1.27447e-07
-1.68367e-07
-2.24522e-07
-2.07768e-08
-2.6827e-08
-3.48378e-08
-4.55476e-08
-6.00208e-08
-7.98113e-08
-1.07213e-07
-1.45652e-07
-2.07768e-08
-2.6827e-08
-3.48378e-08
-4.55476e-08
-6.00208e-08
-7.98113e-08
-1.07213e-07
-1.45652e-07
-3.5065e-08
-4.49295e-08
-5.78111e-08
-7.47626e-08
-9.7268e-08
-1.27447e-07
-1.68367e-07
-2.24522e-07
-4.24738e-08
-5.43521e-08
-6.98258e-08
-9.01305e-08
-1.17e-07
-1.52901e-07
-2.01385e-07
-2.67631e-07
-4.24738e-08
-5.43521e-08
-6.98258e-08
-9.01305e-08
-1.17e-07
-1.52901e-07
-2.01385e-07
-2.67631e-07
-3.5065e-08
-4.49295e-08
-5.78111e-08
-7.47626e-08
-9.7268e-08
-1.27447e-07
-1.68367e-07
-2.24522e-07
-2.07768e-08
-2.6827e-08
-3.48378e-08
-4.55476e-08
-6.00208e-08
-7.98113e-08
-1.07213e-07
-1.45652e-07
)
;
    }
    outlet
    {
        type            calculated;
        value           nonuniform List<scalar> 
228
(
4.41971e-07
5.88945e-07
6.62151e-07
6.62151e-07
5.88945e-07
4.41971e-07
5.88945e-07
7.34096e-07
8.06798e-07
8.06798e-07
7.34096e-07
5.88945e-07
6.62151e-07
8.06798e-07
8.79248e-07
8.79248e-07
8.06798e-07
6.62151e-07
6.62151e-07
8.06798e-07
8.79248e-07
8.79248e-07
8.06798e-07
6.62151e-07
5.88945e-07
7.34096e-07
8.06798e-07
8.06798e-07
7.34096e-07
5.88945e-07
4.41971e-07
5.88945e-07
6.62151e-07
6.62151e-07
5.88945e-07
4.41971e-07
1.53324e-08
3.68832e-08
5.12559e-08
5.12559e-08
3.68832e-08
1.53324e-08
1.88857e-08
4.50851e-08
6.2712e-08
6.2712e-08
4.50851e-08
1.88857e-08
2.29799e-08
5.4389e-08
7.5734e-08
7.5734e-08
5.4389e-08
2.29799e-08
2.73861e-08
6.42239e-08
8.9543e-08
8.9543e-08
6.42239e-08
2.73861e-08
3.14534e-08
7.30867e-08
1.02066e-07
1.02066e-07
7.30867e-08
3.14534e-08
3.36367e-08
7.75291e-08
1.08511e-07
1.08511e-07
7.75291e-08
3.36367e-08
3.05588e-08
7.00874e-08
9.84233e-08
9.84233e-08
7.00874e-08
3.05588e-08
1.51602e-08
3.50151e-08
4.95107e-08
4.95107e-08
3.50151e-08
1.51602e-08
1.53324e-08
3.68832e-08
5.12559e-08
5.12559e-08
3.68832e-08
1.53324e-08
1.88857e-08
4.50851e-08
6.2712e-08
6.2712e-08
4.50851e-08
1.88857e-08
2.29799e-08
5.4389e-08
7.5734e-08
7.5734e-08
5.4389e-08
2.29799e-08
2.73861e-08
6.42239e-08
8.9543e-08
8.9543e-08
6.42239e-08
2.73861e-08
3.14534e-08
7.30867e-08
1.02066e-07
1.02066e-07
7.30867e-08
3.14534e-08
3.36367e-08
7.75291e-08
1.08511e-07
1.08511e-07
7.75291e-08
3.36367e-08
3.05588e-08
7.00874e-08
9.84233e-08
9.84233e-08
7.00874e-08
3.05588e-08
1.51602e-08
3.50151e-08
4.95107e-08
4.95107e-08
3.50151e-08
1.51602e-08
1.53324e-08
1.88857e-08
2.29799e-08
2.73861e-08
3.14534e-08
3.36367e-08
3.05588e-08
1.51602e-08
3.68832e-08
4.50851e-08
5.4389e-08
6.42239e-08
7.30867e-08
7.75291e-08
7.00874e-08
3.50151e-08
5.12559e-08
6.2712e-08
7.5734e-08
8.9543e-08
1.02066e-07
1.08511e-07
9.84233e-08
4.95107e-08
5.12559e-08
6.2712e-08
7.5734e-08
8.9543e-08
1.02066e-07
1.08511e-07
9.84233e-08
4.95107e-08
3.68832e-08
4.50851e-08
5.4389e-08
6.42239e-08
7.30867e-08
7.75291e-08
7.00874e-08
3.50151e-08
1.53324e-08
1.88857e-08
2.29799e-08
2.73861e-08
3.14534e-08
3.36367e-08
3.05588e-08
1.51602e-08
1.53324e-08
1.88857e-08
2.29799e-08
2.73861e-08
3.14534e-08
3.36367e-08
3.05588e-08
1.51602e-08
3.68832e-08
4.50851e-08
5.4389e-08
6.42239e-08
7.30867e-08
7.75291e-08
7.00874e-08
3.50151e-08
5.12559e-08
6.2712e-08
7.5734e-08
8.9543e-08
1.02066e-07
1.08511e-07
9.84233e-08
4.95107e-08
5.12559e-08
6.2712e-08
7.5734e-08
8.9543e-08
1.02066e-07
1.08511e-07
9.84233e-08
4.95107e-08
3.68832e-08
4.50851e-08
5.4389e-08
6.42239e-08
7.30867e-08
7.75291e-08
7.00874e-08
3.50151e-08
1.53324e-08
1.88857e-08
2.29799e-08
2.73861e-08
3.14534e-08
3.36367e-08
3.05588e-08
1.51602e-08
)
;
    }
    wall
    {
        type            calculated;
        value           uniform 0;
    }
}


// ************************************************************************* //
