/*--------------------------------*- C++ -*----------------------------------*\
  =========                 |
  \\      /  F ield         | OpenFOAM: The Open Source CFD Toolbox
   \\    /   O peration     | Website:  https://openfoam.org
    \\  /    A nd           | Version:  12
     \\/     M anipulation  |
\*---------------------------------------------------------------------------*/
FoamFile
{
    format      ascii;
    class       surfaceScalarField;
    location    "600";
    object      phi;
}
// * * * * * * * * * * * * * * * * * * * * * * * * * * * * * * * * * * * * * //

dimensions      [1 0 -1 0 0 0 0];

internalField   nonuniform List<scalar> 
53532
(
1.79531e-07
1.79531e-07
5.11409e-07
-2.09853e-07
-2.09853e-07
9.51901e-08
1.93252e-07
5.90116e-07
-2.48262e-07
9.97101e-17
1.98919e-07
6.1626e-07
-2.69223e-07
-9.51901e-08
1.98919e-07
6.1626e-07
-2.69223e-07
-1.79531e-07
1.93252e-07
5.90116e-07
-2.48262e-07
1.79531e-07
5.11409e-07
-2.09853e-07
-2.09853e-07
1.93252e-07
9.51901e-08
5.90116e-07
-2.48262e-07
1.0064e-07
1.0064e-07
6.35989e-07
1.00805e-16
1.02114e-07
6.4821e-07
-1.0064e-07
1.02114e-07
6.4821e-07
-1.93252e-07
1.0064e-07
6.35989e-07
9.51901e-08
5.90116e-07
-2.48262e-07
1.98919e-07
6.52531e-17
6.1626e-07
-2.69223e-07
1.02114e-07
7.13642e-17
6.4821e-07
9.95753e-17
7.38662e-17
6.54993e-07
-1.02114e-07
6.80587e-17
6.54993e-07
-1.98919e-07
5.52669e-17
6.4821e-07
3.99413e-17
6.1626e-07
-2.69223e-07
1.98919e-07
-9.51901e-08
6.1626e-07
-2.69223e-07
1.02114e-07
-1.0064e-07
6.4821e-07
9.2905e-17
-1.02114e-07
6.54993e-07
-1.02114e-07
-1.02114e-07
6.54993e-07
-1.98919e-07
-1.0064e-07
6.4821e-07
-9.51901e-08
6.1626e-07
-2.69223e-07
1.93252e-07
-1.79531e-07
5.90116e-07
-2.48262e-07
1.0064e-07
-1.93252e-07
6.35989e-07
8.72868e-17
-1.98919e-07
6.4821e-07
-1.0064e-07
-1.98919e-07
6.4821e-07
-1.93252e-07
-1.93252e-07
6.35989e-07
-1.79531e-07
5.90116e-07
-2.48262e-07
1.79531e-07
5.11409e-07
-2.09853e-07
-2.09853e-07
9.51901e-08
5.90116e-07
-2.48262e-07
8.78474e-17
6.1626e-07
-2.69223e-07
-9.51901e-08
6.1626e-07
-2.69223e-07
-1.79531e-07
5.90116e-07
-2.48262e-07
5.11409e-07
-2.09853e-07
-2.09853e-07
4.75614e-08
4.75614e-08
4.81411e-07
-3.25627e-08
-3.25627e-08
3.14944e-08
6.24856e-08
6.01197e-07
-5.75001e-08
-3.22837e-17
6.94041e-08
6.49375e-07
-7.10255e-08
-3.14944e-08
6.94041e-08
6.49375e-07
-7.10255e-08
-4.75614e-08
6.24856e-08
6.01197e-07
-5.75001e-08
4.75614e-08
4.81411e-07
-3.25627e-08
-3.25627e-08
6.24856e-08
3.14944e-08
6.01197e-07
-5.75001e-08
3.77707e-08
3.77707e-08
6.85419e-07
1.3293e-17
4.02996e-08
7.15085e-07
-3.77707e-08
4.02996e-08
7.15085e-07
-6.24856e-08
3.77707e-08
6.85419e-07
3.14944e-08
6.01197e-07
-5.75001e-08
6.94041e-08
-3.93794e-16
6.49375e-07
-7.10255e-08
4.02996e-08
-2.24348e-16
7.15085e-07
4.694e-17
-1.40738e-16
7.35592e-07
-4.02996e-08
-6.09916e-17
7.35592e-07
-6.94041e-08
-5.83402e-17
7.15085e-07
-4.60345e-17
6.49375e-07
-7.10255e-08
6.94041e-08
-3.14944e-08
6.49375e-07
-7.10255e-08
4.02996e-08
-3.77707e-08
7.15085e-07
1.23952e-16
-4.02996e-08
7.35592e-07
-4.02996e-08
-4.02996e-08
7.35592e-07
-6.94041e-08
-3.77707e-08
7.15085e-07
-3.14944e-08
6.49375e-07
-7.10255e-08
6.24856e-08
-4.75614e-08
6.01197e-07
-5.75001e-08
3.77707e-08
-6.24856e-08
6.85419e-07
1.86442e-16
-6.94041e-08
7.15085e-07
-3.77707e-08
-6.94041e-08
7.15085e-07
-6.24856e-08
-6.24856e-08
6.85419e-07
-4.75614e-08
6.01197e-07
-5.75001e-08
4.75614e-08
4.81411e-07
-3.25627e-08
-3.25627e-08
3.14944e-08
6.01197e-07
-5.75001e-08
2.86601e-16
6.49375e-07
-7.10255e-08
-3.14944e-08
6.49375e-07
-7.10255e-08
-4.75614e-08
6.01197e-07
-5.75001e-08
4.81411e-07
-3.25627e-08
-3.25627e-08
2.93655e-08
2.93655e-08
4.6441e-07
-2.08647e-08
-2.08647e-08
2.02752e-08
4.71534e-08
6.04349e-07
-4.1215e-08
2.96716e-16
5.57302e-08
6.66197e-07
-5.22766e-08
-2.02752e-08
5.57302e-08
6.66197e-07
-5.22766e-08
-2.93655e-08
4.71534e-08
6.04349e-07
-4.1215e-08
2.93655e-08
4.6441e-07
-2.08647e-08
-2.08647e-08
4.71534e-08
2.02752e-08
6.04349e-07
-4.1215e-08
2.9742e-08
2.9742e-08
7.20242e-07
3.36999e-16
3.39782e-08
7.66579e-07
-2.9742e-08
3.39782e-08
7.66579e-07
-4.71534e-08
2.9742e-08
7.20242e-07
2.02752e-08
6.04349e-07
-4.1215e-08
5.57302e-08
-3.93004e-16
6.66197e-07
-5.22766e-08
3.39782e-08
-3.08523e-16
7.66579e-07
3.85466e-16
-2.15665e-16
8.03548e-07
-3.39782e-08
-1.58877e-16
8.03548e-07
-5.57302e-08
-1.3139e-16
7.66579e-07
-1.16953e-16
6.66197e-07
-5.22766e-08
5.57302e-08
-2.02752e-08
6.66197e-07
-5.22766e-08
3.39782e-08
-2.9742e-08
7.66579e-07
4.51096e-16
-3.39782e-08
8.03548e-07
-3.39782e-08
-3.39782e-08
8.03548e-07
-5.57302e-08
-2.9742e-08
7.66579e-07
-2.02752e-08
6.66197e-07
-5.22766e-08
4.71534e-08
-2.93655e-08
6.04349e-07
-4.1215e-08
2.9742e-08
-4.71534e-08
7.20242e-07
5.13477e-16
-5.57302e-08
7.66579e-07
-2.9742e-08
-5.57302e-08
7.66579e-07
-4.71534e-08
-4.71534e-08
7.20242e-07
-2.93655e-08
6.04349e-07
-4.1215e-08
2.93655e-08
4.6441e-07
-2.08647e-08
-2.08647e-08
2.02752e-08
6.04349e-07
-4.1215e-08
5.61983e-16
6.66197e-07
-5.22766e-08
-2.02752e-08
6.66197e-07
-5.22766e-08
-2.93655e-08
6.04349e-07
-4.1215e-08
4.6441e-07
-2.08647e-08
-2.08647e-08
7.26516e-09
7.26516e-09
4.53412e-07
-1.76633e-09
-1.76633e-09
6.67971e-09
1.60069e-08
5.96922e-07
-7.9939e-09
5.71379e-17
2.13772e-08
6.64334e-07
-1.28344e-08
-6.67971e-09
2.13772e-08
6.64334e-07
-1.28344e-08
-7.26516e-09
1.60069e-08
5.96922e-07
-7.9939e-09
7.26516e-09
4.53412e-07
-1.76633e-09
-1.76633e-09
1.60069e-08
6.67971e-09
5.96922e-07
-7.9939e-09
1.25458e-08
1.25458e-08
7.27164e-07
1.29392e-16
1.57954e-08
7.84706e-07
-1.25458e-08
1.57954e-08
7.84706e-07
-1.60069e-08
1.25458e-08
7.27164e-07
6.67971e-09
5.96922e-07
-7.9939e-09
2.13772e-08
-6.50348e-16
6.64334e-07
-1.28344e-08
1.57954e-08
-5.85697e-16
7.84706e-07
1.86673e-16
-4.76418e-16
8.35139e-07
-1.57954e-08
-4.1701e-16
8.35139e-07
-2.13772e-08
-3.8616e-16
7.84706e-07
-4.12449e-16
6.64334e-07
-1.28344e-08
2.13772e-08
-6.67972e-09
6.64334e-07
-1.28344e-08
1.57954e-08
-1.25458e-08
7.84706e-07
2.65675e-16
-1.57954e-08
8.35139e-07
-1.57954e-08
-1.57954e-08
8.35139e-07
-2.13772e-08
-1.25458e-08
7.84706e-07
-6.67972e-09
6.64334e-07
-1.28344e-08
1.60069e-08
-7.26516e-09
5.96922e-07
-7.9939e-09
1.25458e-08
-1.60069e-08
7.27164e-07
3.20328e-16
-2.13772e-08
7.84706e-07
-1.25458e-08
-2.13772e-08
7.84706e-07
-1.60069e-08
-1.60069e-08
7.27164e-07
-7.26516e-09
5.96922e-07
-7.9939e-09
7.26516e-09
4.53412e-07
-1.76633e-09
-1.76633e-09
6.67972e-09
5.96922e-07
-7.9939e-09
3.48217e-16
6.64334e-07
-1.28344e-08
-6.67971e-09
6.64334e-07
-1.28344e-08
-7.26516e-09
5.96922e-07
-7.9939e-09
4.53412e-07
-1.76633e-09
-1.76633e-09
3.47558e-09
3.47558e-09
4.48705e-07
-1.12231e-09
-1.12231e-09
3.28648e-09
7.78873e-09
5.93116e-07
-3.79418e-09
3.30992e-16
1.09386e-08
6.62793e-07
-6.11156e-09
-3.28648e-09
1.09386e-08
6.62793e-07
-6.11156e-09
-3.47558e-09
7.78873e-09
5.93116e-07
-3.79418e-09
3.47558e-09
4.48705e-07
-1.12231e-09
-1.12231e-09
7.78873e-09
3.28648e-09
5.93116e-07
-3.79418e-09
6.58549e-09
6.58549e-09
7.2957e-07
3.59264e-16
8.78698e-09
7.93443e-07
-6.58549e-09
8.78698e-09
7.93443e-07
-7.78873e-09
6.58549e-09
7.2957e-07
3.28648e-09
5.93116e-07
-3.79418e-09
1.09386e-08
-3.35092e-16
6.62793e-07
-6.11156e-09
8.78698e-09
-3.60733e-16
7.93443e-07
3.8538e-16
-3.23863e-16
8.52713e-07
-8.78698e-09
-3.18789e-16
8.52713e-07
-1.09386e-08
-3.18268e-16
7.93443e-07
-4.28469e-16
6.62793e-07
-6.11156e-09
1.09386e-08
-3.28648e-09
6.62793e-07
-6.11156e-09
8.78698e-09
-6.58549e-09
7.93443e-07
4.2072e-16
-8.78698e-09
8.52713e-07
-8.78698e-09
-8.78698e-09
8.52713e-07
-1.09386e-08
-6.58549e-09
7.93443e-07
-3.28648e-09
6.62793e-07
-6.11156e-09
7.78873e-09
-3.47558e-09
5.93116e-07
-3.79418e-09
6.58549e-09
-7.78873e-09
7.2957e-07
4.01473e-16
-1.09386e-08
7.93443e-07
-6.58549e-09
-1.09386e-08
7.93443e-07
-7.78873e-09
-7.78873e-09
7.2957e-07
-3.47558e-09
5.93116e-07
-3.79418e-09
3.47558e-09
4.48705e-07
-1.12231e-09
-1.12231e-09
3.28648e-09
5.93116e-07
-3.79418e-09
3.3842e-16
6.62793e-07
-6.11156e-09
-3.28648e-09
6.62793e-07
-6.11156e-09
-3.47558e-09
5.93116e-07
-3.79418e-09
4.48705e-07
-1.12231e-09
-1.12231e-09
2.51309e-09
2.51309e-09
4.4611e-07
-1.21537e-09
-1.21537e-09
2.15437e-09
4.99327e-09
5.91455e-07
-2.97286e-09
4.8468e-16
6.8069e-09
6.62465e-07
-4.32387e-09
-2.15437e-09
6.8069e-09
6.62465e-07
-4.32387e-09
-2.51309e-09
4.99327e-09
5.91455e-07
-2.97286e-09
2.51309e-09
4.4611e-07
-1.21537e-09
-1.21537e-09
4.99327e-09
2.15437e-09
5.91455e-07
-2.97286e-09
4.08213e-09
4.08213e-09
7.31393e-07
4.78589e-16
5.44146e-09
7.98891e-07
-4.08213e-09
5.44146e-09
7.98891e-07
-4.99327e-09
4.08213e-09
7.31393e-07
2.15437e-09
5.91455e-07
-2.97286e-09
6.8069e-09
-2.88567e-16
6.62465e-07
-4.32387e-09
5.44146e-09
-3.36632e-16
7.98891e-07
5.04497e-16
-2.83487e-16
8.63596e-07
-5.44146e-09
-2.25647e-16
8.63596e-07
-6.8069e-09
-1.37844e-16
7.98891e-07
-2.848e-17
6.62465e-07
-4.32387e-09
6.8069e-09
-2.15437e-09
6.62465e-07
-4.32387e-09
5.44146e-09
-4.08213e-09
7.98891e-07
5.92598e-16
-5.44146e-09
8.63596e-07
-5.44146e-09
-5.44146e-09
8.63596e-07
-6.8069e-09
-4.08213e-09
7.98891e-07
-2.15437e-09
6.62465e-07
-4.32387e-09
4.99327e-09
-2.51309e-09
5.91455e-07
-2.97286e-09
4.08213e-09
-4.99327e-09
7.31393e-07
7.02374e-16
-6.8069e-09
7.98891e-07
-4.08213e-09
-6.8069e-09
7.98891e-07
-4.99327e-09
-4.99327e-09
7.31393e-07
-2.51309e-09
5.91455e-07
-2.97286e-09
2.51309e-09
4.4611e-07
-1.21537e-09
-1.21538e-09
2.15437e-09
5.91455e-07
-2.97286e-09
8.87886e-16
6.62465e-07
-4.32387e-09
-2.15437e-09
6.62465e-07
-4.32387e-09
-2.51309e-09
5.91455e-07
-2.97286e-09
4.4611e-07
-1.21537e-09
-1.21537e-09
1.41042e-09
1.41042e-09
4.445e-07
-6.05663e-10
-6.05663e-10
1.24256e-09
2.78889e-09
5.90425e-07
-1.59173e-09
8.9459e-17
3.79731e-09
6.62263e-07
-2.35261e-09
-1.24256e-09
3.79731e-09
6.62263e-07
-2.35261e-09
-1.41042e-09
2.78889e-09
5.90425e-07
-1.59173e-09
1.41042e-09
4.445e-07
-6.05663e-10
-6.05663e-10
2.78889e-09
1.24256e-09
5.90425e-07
-1.59173e-09
2.3142e-09
2.3142e-09
7.32342e-07
1.24246e-16
3.08997e-09
8.01913e-07
-2.3142e-09
3.08997e-09
8.01913e-07
-2.78889e-09
2.3142e-09
7.32342e-07
1.24256e-09
5.90425e-07
-1.59173e-09
3.79731e-09
2.0114e-16
6.62263e-07
-2.35261e-09
3.08997e-09
-3.79538e-17
8.01913e-07
1.11692e-16
-1.41539e-16
8.69776e-07
-3.08997e-09
-1.85814e-16
8.69776e-07
-3.79731e-09
-1.89986e-16
8.01913e-07
-2.30491e-16
6.62263e-07
-2.35261e-09
3.79731e-09
-1.24256e-09
6.62263e-07
-2.35261e-09
3.08997e-09
-2.3142e-09
8.01913e-07
9.82532e-17
-3.08997e-09
8.69776e-07
-3.08997e-09
-3.08997e-09
8.69776e-07
-3.79731e-09
-2.3142e-09
8.01913e-07
-1.24256e-09
6.62263e-07
-2.35261e-09
2.78889e-09
-1.41042e-09
5.90425e-07
-1.59173e-09
2.3142e-09
-2.78889e-09
7.32342e-07
1.28834e-17
-3.79731e-09
8.01913e-07
-2.3142e-09
-3.79731e-09
8.01913e-07
-2.78889e-09
-2.78889e-09
7.32342e-07
-1.41042e-09
5.90425e-07
-1.59173e-09
1.41042e-09
4.445e-07
-6.05663e-10
-6.05662e-10
1.24256e-09
5.90425e-07
-1.59173e-09
-1.58419e-16
6.62263e-07
-2.35261e-09
-1.24256e-09
6.62263e-07
-2.35261e-09
-1.41042e-09
5.90425e-07
-1.59173e-09
4.445e-07
-6.05663e-10
-6.05665e-10
8.78316e-10
8.78315e-10
4.43531e-07
-3.93794e-10
-3.93795e-10
7.64631e-10
1.70675e-09
5.89843e-07
-1.01042e-09
8.50824e-16
2.30126e-09
6.62201e-07
-1.47517e-09
-7.6463e-10
2.30126e-09
6.62201e-07
-1.47517e-09
-8.78314e-10
1.70675e-09
5.89843e-07
-1.01042e-09
8.78315e-10
4.43531e-07
-3.93794e-10
-3.93794e-10
1.70675e-09
7.64631e-10
5.89843e-07
-1.01042e-09
1.39033e-09
1.39033e-09
7.32975e-07
8.07169e-16
1.83947e-09
8.03765e-07
-1.39033e-09
1.83947e-09
8.03765e-07
-1.70675e-09
1.39033e-09
7.32975e-07
7.64631e-10
5.89843e-07
-1.01042e-09
2.30126e-09
1.39131e-16
6.62201e-07
-1.47517e-09
1.83947e-09
1.64464e-17
8.03765e-07
7.89147e-16
-2.86561e-17
8.73455e-07
-1.83947e-09
2.95219e-18
8.73455e-07
-2.30126e-09
1.31417e-16
8.03765e-07
3.62536e-16
6.62201e-07
-1.47517e-09
2.30127e-09
-7.64631e-10
6.62201e-07
-1.47517e-09
1.83947e-09
-1.39033e-09
8.03765e-07
8.54362e-16
-1.83947e-09
8.73455e-07
-1.83947e-09
-1.83947e-09
8.73455e-07
-2.30126e-09
-1.39033e-09
8.03765e-07
-7.6463e-10
6.62201e-07
-1.47517e-09
1.70675e-09
-8.78315e-10
5.89843e-07
-1.01042e-09
1.39033e-09
-1.70675e-09
7.32975e-07
9.76116e-16
-2.30126e-09
8.03765e-07
-1.39033e-09
-2.30126e-09
8.03765e-07
-1.70675e-09
-1.70675e-09
7.32975e-07
-8.78314e-10
5.89843e-07
-1.01042e-09
8.78317e-10
4.43531e-07
-3.93794e-10
-3.93797e-10
7.64632e-10
5.89843e-07
-1.01042e-09
1.21493e-15
6.62201e-07
-1.47517e-09
-7.64629e-10
6.62201e-07
-1.47517e-09
-8.78314e-10
5.89843e-07
-1.01042e-09
4.43531e-07
-3.93794e-10
-3.93793e-10
5.52539e-10
5.52539e-10
4.42935e-07
-2.54506e-10
-2.54507e-10
4.74322e-10
1.06727e-09
5.895e-07
-6.46603e-10
5.93311e-16
1.42887e-09
6.62185e-07
-9.38148e-10
-4.74321e-10
1.42887e-09
6.62185e-07
-9.38148e-10
-5.52538e-10
1.06727e-09
5.895e-07
-6.46603e-10
5.52539e-10
4.42935e-07
-2.54507e-10
-2.54506e-10
1.06727e-09
4.74322e-10
5.895e-07
-6.46603e-10
8.54405e-10
8.54404e-10
7.33401e-07
6.21442e-16
1.12021e-09
8.04928e-07
-8.54403e-10
1.12021e-09
8.04928e-07
-1.06727e-09
8.54404e-10
7.33401e-07
4.74322e-10
5.895e-07
-6.46603e-10
1.42887e-09
8.92967e-16
6.62185e-07
-9.38148e-10
1.12021e-09
6.07135e-16
8.04928e-07
5.72009e-16
4.22811e-16
8.75695e-07
-1.12021e-09
3.2668e-16
8.75695e-07
-1.42887e-09
3.25352e-16
8.04928e-07
3.08979e-16
6.62185e-07
-9.38148e-10
1.42887e-09
-4.7432e-10
6.62185e-07
-9.38148e-10
1.12021e-09
-8.54403e-10
8.04928e-07
5.14205e-16
-1.12021e-09
8.75695e-07
-1.12021e-09
-1.12021e-09
8.75695e-07
-1.42887e-09
-8.54404e-10
8.04928e-07
-4.74321e-10
6.62185e-07
-9.38148e-10
1.06727e-09
-5.52537e-10
5.895e-07
-6.46603e-10
8.54405e-10
-1.06727e-09
7.33401e-07
4.01423e-16
-1.42887e-09
8.04928e-07
-8.54404e-10
-1.42887e-09
8.04928e-07
-1.06727e-09
-1.06727e-09
7.33401e-07
-5.52539e-10
5.895e-07
-6.46603e-10
5.52539e-10
4.42935e-07
-2.54506e-10
-2.54506e-10
4.74321e-10
5.895e-07
-6.46602e-10
1.79896e-16
6.62185e-07
-9.38148e-10
-4.74321e-10
6.62185e-07
-9.38148e-10
-5.52539e-10
5.895e-07
-6.46603e-10
4.42935e-07
-2.54507e-10
-2.54508e-10
3.36622e-10
3.36622e-10
4.42566e-07
-1.52161e-10
-1.52161e-10
2.88954e-10
6.53309e-10
5.89287e-07
-3.92782e-10
1.62652e-15
8.74302e-10
6.62172e-07
-5.72735e-10
-2.88951e-10
8.74302e-10
6.62172e-07
-5.72735e-10
-3.3662e-10
6.53309e-10
5.89287e-07
-3.92783e-10
3.36622e-10
4.42566e-07
-1.52161e-10
-1.5216e-10
6.5331e-10
2.88953e-10
5.89287e-07
-3.92783e-10
5.21191e-10
5.2119e-10
7.33665e-07
1.60626e-15
6.80956e-10
8.05642e-07
-5.21188e-10
6.80956e-10
8.05642e-07
-6.53307e-10
5.2119e-10
7.33665e-07
2.88953e-10
5.89287e-07
-3.92781e-10
8.74303e-10
6.54282e-16
6.62172e-07
-5.72735e-10
6.80957e-10
5.54242e-16
8.05642e-07
1.5413e-15
4.37334e-16
8.77057e-07
-6.80954e-10
4.10074e-16
8.77057e-07
-8.743e-10
5.02918e-16
8.05642e-07
6.71571e-16
6.62172e-07
-5.72733e-10
8.74303e-10
-2.88952e-10
6.62172e-07
-5.72735e-10
6.80957e-10
-5.21189e-10
8.05642e-07
1.54572e-15
-6.80955e-10
8.77057e-07
-6.80954e-10
-6.80955e-10
8.77057e-07
-8.743e-10
-5.2119e-10
8.05642e-07
-2.88952e-10
6.62172e-07
-5.72733e-10
6.5331e-10
-3.36621e-10
5.89287e-07
-3.92783e-10
5.21191e-10
-6.53308e-10
7.33665e-07
1.63213e-15
-8.74302e-10
8.05642e-07
-5.21188e-10
-8.74302e-10
8.05642e-07
-6.53307e-10
-6.53308e-10
7.33665e-07
-3.36621e-10
5.89287e-07
-3.92781e-10
3.36623e-10
4.42566e-07
-1.5216e-10
-1.52163e-10
2.88954e-10
5.89287e-07
-3.92782e-10
1.76544e-15
6.62172e-07
-5.72735e-10
-2.8895e-10
6.62172e-07
-5.72735e-10
-3.3662e-10
5.89287e-07
-3.92782e-10
4.42566e-07
-1.5216e-10
-1.5216e-10
2.07648e-10
2.0765e-10
4.42339e-07
-9.39749e-11
-9.39736e-11
1.77797e-10
4.03078e-10
5.89157e-07
-2.42465e-10
1.5558e-16
5.39169e-10
6.62164e-07
-3.5357e-10
-1.77797e-10
5.39169e-10
6.62164e-07
-3.5357e-10
-2.07648e-10
4.03078e-10
5.89157e-07
-2.42465e-10
2.07649e-10
4.42339e-07
-9.39744e-11
-9.39742e-11
4.03077e-10
1.77798e-10
5.89157e-07
-2.42464e-10
3.20719e-10
3.2072e-10
7.3383e-07
2.90197e-16
4.18388e-10
8.06084e-07
-3.20718e-10
4.18388e-10
8.06084e-07
-4.03077e-10
3.20719e-10
7.3383e-07
1.77798e-10
5.89157e-07
-2.42464e-10
5.39169e-10
9.46355e-16
6.62164e-07
-3.53569e-10
4.18387e-10
7.49617e-16
8.06084e-07
2.3966e-16
5.33382e-16
8.77894e-07
-4.18387e-10
4.39614e-16
8.77894e-07
-5.39168e-10
4.36992e-16
8.06084e-07
4.14956e-16
6.62164e-07
-3.53569e-10
5.39169e-10
-1.77797e-10
6.62164e-07
-3.53569e-10
4.18387e-10
-3.20718e-10
8.06084e-07
1.70532e-16
-4.18387e-10
8.77894e-07
-4.18387e-10
-4.18387e-10
8.77894e-07
-5.39168e-10
-3.20718e-10
8.06084e-07
-1.77797e-10
6.62164e-07
-3.53569e-10
4.03077e-10
-2.07648e-10
5.89157e-07
-2.42464e-10
3.20719e-10
-4.03077e-10
7.3383e-07
6.13759e-17
-5.39168e-10
8.06084e-07
-3.20719e-10
-5.39169e-10
8.06084e-07
-4.03077e-10
-4.03077e-10
7.3383e-07
-2.07649e-10
5.89157e-07
-2.42464e-10
2.07648e-10
4.42339e-07
-9.39745e-11
-9.3972e-11
1.77797e-10
5.89157e-07
-2.42464e-10
-2.64498e-16
6.62164e-07
-3.5357e-10
-1.77797e-10
6.62164e-07
-3.5357e-10
-2.07649e-10
5.89157e-07
-2.42464e-10
4.42339e-07
-9.39743e-11
-9.39757e-11
1.28383e-10
1.28384e-10
4.42199e-07
-5.82071e-11
-5.82063e-11
1.09789e-10
2.49122e-10
5.89076e-07
-1.49961e-10
-6.57887e-17
3.33183e-10
6.62159e-07
-2.18572e-10
-1.0979e-10
3.33183e-10
6.62159e-07
-2.18572e-10
-1.28383e-10
2.49122e-10
5.89076e-07
-1.49961e-10
1.28385e-10
4.42199e-07
-5.82075e-11
-5.82072e-11
2.49121e-10
1.0979e-10
5.89076e-07
-1.49959e-10
1.98037e-10
1.98038e-10
7.33932e-07
8.74403e-17
2.58286e-10
8.06357e-07
-1.98037e-10
2.58286e-10
8.06357e-07
-2.49121e-10
1.98038e-10
7.33932e-07
1.09791e-10
5.89076e-07
-1.4996e-10
3.33182e-10
5.51486e-16
6.62159e-07
-2.18571e-10
2.58285e-10
6.44642e-16
8.06357e-07
1.7087e-16
6.47066e-16
8.7841e-07
-2.58285e-10
7.35839e-16
8.7841e-07
-3.33182e-10
9.35087e-16
8.06357e-07
1.10264e-15
6.62159e-07
-2.18572e-10
3.33182e-10
-1.09789e-10
6.62159e-07
-2.18571e-10
2.58285e-10
-1.98037e-10
8.06357e-07
2.85265e-16
-2.58285e-10
8.7841e-07
-2.58285e-10
-2.58284e-10
8.7841e-07
-3.33182e-10
-1.98036e-10
8.06357e-07
-1.09788e-10
6.62159e-07
-2.18572e-10
2.49121e-10
-1.28384e-10
5.89076e-07
-1.49959e-10
1.98037e-10
-2.49121e-10
7.33932e-07
4.4248e-16
-3.33182e-10
8.06357e-07
-1.98037e-10
-3.33182e-10
8.06357e-07
-2.49121e-10
-2.49121e-10
7.33932e-07
-1.28382e-10
5.89076e-07
-1.49961e-10
1.28385e-10
4.42199e-07
-5.82069e-11
-5.82083e-11
1.0979e-10
5.89076e-07
-1.4996e-10
6.28266e-16
6.62159e-07
-2.18572e-10
-1.09789e-10
6.62159e-07
-2.18572e-10
-1.28383e-10
5.89076e-07
-1.4996e-10
4.42199e-07
-5.82074e-11
-5.82054e-11
7.91885e-11
7.91882e-11
4.42112e-07
-3.5837e-11
-3.58372e-11
6.77638e-11
1.53719e-10
5.89026e-07
-9.24093e-11
8.46084e-16
2.05676e-10
6.62156e-07
-1.34746e-10
-6.77622e-11
2.05676e-10
6.62156e-07
-1.34746e-10
-7.91868e-11
1.5372e-10
5.89026e-07
-9.24097e-11
7.91886e-11
4.42112e-07
-3.58374e-11
-3.58365e-11
1.53719e-10
6.77639e-11
5.89026e-07
-9.24097e-11
1.22279e-10
1.22279e-10
7.33995e-07
7.83326e-16
1.59561e-10
8.06525e-07
-1.22277e-10
1.59561e-10
8.06525e-07
-1.53718e-10
1.22279e-10
7.33995e-07
6.77637e-11
5.89026e-07
-9.24087e-11
2.05676e-10
1.19563e-15
6.62156e-07
-1.34746e-10
1.59561e-10
1.00209e-15
8.06525e-07
7.20374e-16
8.13127e-16
8.78729e-07
-1.5956e-10
7.31868e-16
8.78729e-07
-2.05674e-10
7.30882e-16
8.06525e-07
6.32894e-16
6.62156e-07
-1.34746e-10
2.05676e-10
-6.77617e-11
6.62156e-07
-1.34746e-10
1.59561e-10
-1.22277e-10
8.06525e-07
6.55815e-16
-1.5956e-10
8.78729e-07
-1.5956e-10
-1.5956e-10
8.78729e-07
-2.05674e-10
-1.22277e-10
8.06525e-07
-6.77627e-11
6.62156e-07
-1.34746e-10
1.53719e-10
-7.91859e-11
5.89026e-07
-9.24098e-11
1.22278e-10
-1.53718e-10
7.33995e-07
5.76071e-16
-2.05674e-10
8.06525e-07
-1.22277e-10
-2.05675e-10
8.06525e-07
-1.53718e-10
-1.53718e-10
7.33995e-07
-7.91879e-11
5.89026e-07
-9.2409e-11
7.91878e-11
4.42112e-07
-3.58364e-11
-3.58356e-11
6.77633e-11
5.89026e-07
-9.24087e-11
4.17497e-16
6.62156e-07
-1.34746e-10
-6.77627e-11
6.62156e-07
-1.34746e-10
-7.91877e-11
5.89026e-07
-9.24091e-11
4.42112e-07
-3.58366e-11
-3.58386e-11
4.89399e-11
4.89395e-11
4.42058e-07
-2.21571e-11
-2.21576e-11
4.18924e-11
9.50039e-11
5.88995e-07
-5.71098e-11
8.484e-16
1.2715e-10
6.62154e-07
-8.32734e-11
-4.18909e-11
1.2715e-10
6.62154e-07
-8.32735e-11
-4.89385e-11
9.50044e-11
5.88995e-07
-5.71102e-11
4.89402e-11
4.42058e-07
-2.21577e-11
-2.21571e-11
9.50041e-11
4.18922e-11
5.88995e-07
-5.71101e-11
7.56076e-11
7.56075e-11
7.34034e-07
8.58873e-16
9.87068e-11
8.06629e-07
-7.5606e-11
9.87068e-11
8.06629e-07
-9.50026e-11
7.56078e-11
7.34034e-07
4.18927e-11
5.88995e-07
-5.71094e-11
1.2715e-10
6.89492e-16
6.62154e-07
-8.32736e-11
9.87068e-11
7.84668e-16
8.06629e-07
8.79348e-16
8.06348e-16
8.78927e-07
-9.87052e-11
8.87545e-16
8.78927e-07
-1.27149e-10
1.03054e-15
8.06629e-07
1.1361e-15
6.62154e-07
-8.32731e-11
1.2715e-10
-4.1891e-11
6.62154e-07
-8.32738e-11
9.87069e-11
-7.56061e-11
8.06629e-07
9.71867e-16
-9.87053e-11
8.78927e-07
-9.87051e-11
-9.87052e-11
8.78927e-07
-1.27149e-10
-7.56059e-11
8.06629e-07
-4.18905e-11
6.62154e-07
-8.32731e-11
9.50046e-11
-4.89388e-11
5.88995e-07
-5.71102e-11
7.56079e-11
-9.50028e-11
7.34034e-07
1.16198e-15
-1.27149e-10
8.06629e-07
-7.56058e-11
-1.27149e-10
8.06629e-07
-9.50026e-11
-9.50027e-11
7.34034e-07
-4.8938e-11
5.88995e-07
-5.71096e-11
4.89411e-11
4.42058e-07
-2.21566e-11
-2.21595e-11
4.18932e-11
5.88995e-07
-5.71092e-11
1.4228e-15
6.62154e-07
-8.32729e-11
-4.18904e-11
6.62154e-07
-8.32729e-11
-4.89381e-11
5.88995e-07
-5.71095e-11
4.42058e-07
-2.21573e-11
-2.21554e-11
3.02699e-11
3.02691e-11
4.42025e-07
-1.37087e-11
-1.37093e-11
2.59164e-11
5.87642e-11
5.88976e-07
-3.5327e-11
1.14869e-15
7.86625e-11
6.62153e-07
-5.15124e-11
-2.59142e-11
7.86626e-11
6.62153e-07
-5.15125e-11
-3.02679e-11
5.87646e-11
5.88976e-07
-3.53275e-11
3.02695e-11
4.42025e-07
-1.3709e-11
-1.37081e-11
5.87652e-11
2.59159e-11
5.88976e-07
-3.53282e-11
4.67821e-11
4.67816e-11
7.34057e-07
1.13273e-15
6.10931e-11
8.06694e-07
-4.67799e-11
6.10931e-11
8.06694e-07
-5.87629e-11
4.67816e-11
7.34057e-07
2.59158e-11
5.88976e-07
-3.53264e-11
7.86633e-11
1.12596e-15
6.62153e-07
-5.15135e-11
6.10936e-11
9.89292e-16
8.06694e-07
1.04218e-15
8.33596e-16
8.79049e-07
-6.10915e-11
7.42841e-16
8.79049e-07
-7.86612e-11
6.96588e-16
8.06694e-07
5.31116e-16
6.62153e-07
-5.15118e-11
7.86632e-11
-2.59138e-11
6.62153e-07
-5.15133e-11
6.10935e-11
-4.67797e-11
8.06694e-07
9.7269e-16
-6.10916e-11
8.79049e-07
-6.10916e-11
-6.10917e-11
8.79049e-07
-7.86613e-11
-4.67803e-11
8.06694e-07
-2.5915e-11
6.62153e-07
-5.15118e-11
5.87651e-11
-3.02669e-11
5.88976e-07
-3.53283e-11
4.67819e-11
-5.87625e-11
7.34057e-07
8.82257e-16
-7.86611e-11
8.06694e-07
-4.67802e-11
-7.86614e-11
8.06694e-07
-5.87634e-11
-5.87635e-11
7.34057e-07
-3.02691e-11
5.88976e-07
-3.53267e-11
3.02692e-11
4.42025e-07
-1.37081e-11
-1.37075e-11
2.59158e-11
5.88976e-07
-3.53263e-11
6.51738e-16
6.62153e-07
-5.15118e-11
-2.59147e-11
6.62153e-07
-5.1512e-11
-3.02687e-11
5.88976e-07
-3.53268e-11
4.42025e-07
-1.37082e-11
-1.37102e-11
1.87257e-11
1.87247e-11
4.42005e-07
-8.47796e-12
-8.47894e-12
1.60362e-11
3.6358e-11
5.88964e-07
-2.18531e-11
1.18943e-15
4.86763e-11
6.62152e-07
-3.18696e-11
-1.6034e-11
4.86765e-11
6.62152e-07
-3.18698e-11
-1.87238e-11
3.63587e-11
5.88964e-07
-2.18537e-11
1.87256e-11
4.42005e-07
-8.47865e-12
-8.47791e-12
3.63591e-11
1.60355e-11
5.88964e-07
-2.18543e-11
2.89524e-11
2.89516e-11
7.34072e-07
1.32741e-15
3.78157e-11
8.06733e-07
-2.89499e-11
3.78159e-11
8.06733e-07
-3.63567e-11
2.8952e-11
7.34072e-07
1.60361e-11
5.88964e-07
-2.18527e-11
4.86773e-11
6.56894e-16
6.62152e-07
-3.18707e-11
3.78165e-11
7.98873e-16
8.06733e-07
1.35872e-15
8.57094e-16
8.79125e-07
-3.78139e-11
9.22961e-16
8.79125e-07
-4.86749e-11
1.03999e-15
8.06733e-07
1.09652e-15
6.62152e-07
-3.18691e-11
4.86774e-11
-1.60343e-11
6.62152e-07
-3.18709e-11
3.78166e-11
-2.89501e-11
8.06733e-07
1.44367e-15
-3.78142e-11
8.79125e-07
-3.78138e-11
-3.78141e-11
8.79125e-07
-4.86749e-11
-2.89501e-11
8.06733e-07
-1.60339e-11
6.62152e-07
-3.18691e-11
3.63595e-11
-1.87241e-11
5.88964e-07
-2.18544e-11
2.89528e-11
-3.63568e-11
7.34072e-07
1.595e-15
-4.86749e-11
8.06733e-07
-2.89497e-11
-4.8675e-11
8.06733e-07
-3.63567e-11
-3.63569e-11
7.34072e-07
-1.87234e-11
5.88964e-07
-2.18529e-11
1.87268e-11
4.42005e-07
-8.47744e-12
-8.48083e-12
1.6037e-11
5.88964e-07
-2.18524e-11
1.74121e-15
6.62152e-07
-3.18689e-11
-1.60336e-11
6.62152e-07
-3.18689e-11
-1.87233e-11
5.88964e-07
-2.18528e-11
4.42005e-07
-8.47807e-12
-8.47613e-12
1.15912e-11
1.159e-11
4.41992e-07
-5.24789e-12
-5.24879e-12
9.92704e-12
2.25054e-11
5.88957e-07
-1.35267e-11
1.1392e-15
3.01321e-11
6.62152e-07
-1.97276e-11
-9.9249e-12
3.01322e-11
6.62152e-07
-1.97277e-11
-1.15892e-11
2.25058e-11
5.88957e-07
-1.35271e-11
1.15902e-11
4.41992e-07
-5.24797e-12
-5.24749e-12
2.2507e-11
9.92618e-12
5.88957e-07
-1.35285e-11
1.79237e-11
1.79226e-11
7.34081e-07
1.28839e-15
2.34117e-11
8.06758e-07
-1.79212e-11
2.34117e-11
8.06758e-07
-2.25045e-11
1.79227e-11
7.34081e-07
9.92607e-12
5.88957e-07
-1.35264e-11
3.01336e-11
7.73154e-16
6.62152e-07
-1.97294e-11
2.34127e-11
7.00237e-16
8.06758e-07
1.25462e-15
5.98896e-16
8.79171e-07
-2.34102e-11
5.12878e-16
8.79171e-07
-3.01311e-11
4.29649e-16
8.06758e-07
2.16579e-16
6.62152e-07
-1.97271e-11
3.01335e-11
-9.92476e-12
6.62152e-07
-1.97292e-11
2.34126e-11
-1.79213e-11
8.06758e-07
1.18001e-15
-2.34106e-11
8.79171e-07
-2.34103e-11
-2.34107e-11
8.79171e-07
-3.01312e-11
-1.79219e-11
8.06758e-07
-9.92585e-12
6.62152e-07
-1.97271e-11
2.25068e-11
-1.15885e-11
5.88957e-07
-1.35284e-11
1.79235e-11
-2.25043e-11
7.34081e-07
1.04385e-15
-3.01312e-11
8.06758e-07
-1.79214e-11
-3.01314e-11
8.06758e-07
-2.25048e-11
-2.25051e-11
7.34081e-07
-1.15904e-11
5.88957e-07
-1.35264e-11
1.15901e-11
4.41992e-07
-5.24772e-12
-5.24665e-12
9.92637e-12
5.88957e-07
-1.35265e-11
6.57632e-16
6.62152e-07
-1.97273e-11
-9.92529e-12
6.62152e-07
-1.97275e-11
-1.15898e-11
5.88957e-07
-1.35267e-11
4.41992e-07
-5.24733e-12
-5.24944e-12
7.17561e-12
7.17523e-12
4.41984e-07
-3.24832e-12
-3.24887e-12
6.14578e-12
1.39334e-11
5.88952e-07
-8.37411e-12
5.91919e-16
1.86556e-11
6.62152e-07
-1.22133e-11
-6.14472e-12
1.86557e-11
6.62152e-07
-1.22134e-11
-7.1748e-12
1.39338e-11
5.88952e-07
-8.37429e-12
7.17558e-12
4.41984e-07
-3.2486e-12
-3.2484e-12
1.39342e-11
6.14539e-12
5.88952e-07
-8.37484e-12
1.10972e-11
1.10966e-11
7.34087e-07
8.71965e-16
1.44954e-11
8.06773e-07
-1.10956e-11
1.44955e-11
8.06773e-07
-1.39328e-11
1.10969e-11
7.34087e-07
6.14577e-12
5.88952e-07
-8.37393e-12
1.86565e-11
2.55276e-16
6.62152e-07
-1.22142e-11
1.44961e-11
4.35515e-16
8.06773e-07
9.98527e-16
5.38614e-16
8.792e-07
-1.44942e-11
6.24039e-16
8.792e-07
-1.86548e-11
7.03658e-16
8.06773e-07
7.49759e-16
6.62152e-07
-1.22131e-11
1.86566e-11
-6.14498e-12
6.62152e-07
-1.22143e-11
1.44962e-11
-1.10958e-11
8.06773e-07
1.09355e-15
-1.44944e-11
8.792e-07
-1.44941e-11
-1.44944e-11
8.792e-07
-1.86548e-11
-1.10956e-11
8.06773e-07
-6.14427e-12
6.62152e-07
-1.22131e-11
1.39345e-11
-7.17529e-12
5.88952e-07
-8.3748e-12
1.10975e-11
-1.39329e-11
7.34087e-07
1.15978e-15
-1.86549e-11
8.06773e-07
-1.10953e-11
-1.86548e-11
8.06773e-07
-1.39326e-11
-1.39327e-11
7.34087e-07
-7.17395e-12
5.88952e-07
-8.37391e-12
7.17659e-12
4.41984e-07
-3.24815e-12
-3.25052e-12
6.14644e-12
5.88952e-07
-8.37379e-12
1.14283e-15
6.62152e-07
-1.22129e-11
-6.1442e-12
6.62152e-07
-1.22128e-11
-7.17416e-12
5.88952e-07
-8.37375e-12
4.41984e-07
-3.24846e-12
-3.24627e-12
4.44359e-12
4.44356e-12
4.41979e-07
-2.01227e-12
-2.01217e-12
3.80574e-12
8.62822e-12
5.8895e-07
-5.186e-12
5.50398e-16
1.15521e-11
6.62151e-07
-7.56326e-12
-3.80469e-12
1.15521e-11
6.62151e-07
-7.56322e-12
-4.44258e-12
8.62819e-12
5.8895e-07
-5.18602e-12
4.44337e-12
4.41979e-07
-2.01204e-12
-2.01139e-12
8.62867e-12
3.80588e-12
5.8895e-07
-5.18654e-12
6.87177e-12
6.87155e-12
7.34091e-07
7.1927e-16
8.97595e-12
8.06783e-07
-6.87033e-12
8.97589e-12
8.06783e-07
-8.62725e-12
6.87139e-12
7.34091e-07
3.80551e-12
5.8895e-07
-5.18518e-12
1.15528e-11
9.12705e-16
6.62151e-07
-7.56402e-12
8.97631e-12
7.88989e-16
8.06783e-07
7.57459e-16
6.79253e-16
8.79218e-07
-8.9748e-12
5.88497e-16
8.79218e-07
-1.15512e-11
4.74715e-16
8.06783e-07
3.13203e-16
6.62151e-07
-7.56247e-12
1.15527e-11
-3.80415e-12
6.62151e-07
-7.56383e-12
8.97621e-12
-6.87004e-12
8.06783e-07
6.71669e-16
-8.97467e-12
8.79218e-07
-8.9749e-12
-8.9748e-12
8.79218e-07
-1.15513e-11
-6.87046e-12
8.06783e-07
-3.80504e-12
6.62151e-07
-7.56248e-12
8.62845e-12
-4.44172e-12
5.8895e-07
-5.18657e-12
6.87148e-12
-8.62681e-12
7.34091e-07
4.47571e-16
-1.1551e-11
8.06783e-07
-6.87062e-12
-1.15511e-11
8.06783e-07
-8.62762e-12
-8.62735e-12
7.34091e-07
-4.44322e-12
5.8895e-07
-5.18535e-12
4.44257e-12
4.41979e-07
-2.01153e-12
-2.01004e-12
3.80505e-12
5.8895e-07
-5.18512e-12
-1.25378e-17
6.62151e-07
-7.56241e-12
-3.80522e-12
6.62151e-07
-7.56248e-12
-4.44332e-12
5.8895e-07
-5.18515e-12
4.41979e-07
-2.01137e-12
-2.0129e-12
2.75107e-12
2.75132e-12
4.41976e-07
-1.24535e-12
-1.24558e-12
2.35625e-12
5.3427e-12
5.88948e-07
-3.21089e-12
1.07058e-16
7.15328e-12
6.62151e-07
-4.6829e-12
-2.35605e-12
7.15331e-12
6.62151e-07
-4.68292e-12
-2.75094e-12
5.34277e-12
5.88948e-07
-3.21088e-12
2.75144e-12
4.41976e-07
-1.24548e-12
-1.24531e-12
5.34267e-12
2.35659e-12
5.88948e-07
-3.21099e-12
4.25492e-12
4.25505e-12
7.34093e-07
3.60382e-16
5.55819e-12
8.06789e-07
-4.25423e-12
5.55824e-12
8.06789e-07
-5.34205e-12
4.25518e-12
7.34093e-07
2.35682e-12
5.88948e-07
-3.21043e-12
7.15345e-12
4.32442e-16
6.62151e-07
-4.68318e-12
5.5582e-12
5.77094e-16
8.06789e-07
5.1426e-16
6.54116e-16
8.7923e-07
-5.55722e-12
7.30526e-16
8.7923e-07
-7.15254e-12
8.03942e-16
8.06789e-07
8.79442e-16
6.62151e-07
-4.68244e-12
7.15352e-12
-2.35583e-12
6.62151e-07
-4.68326e-12
5.55829e-12
-4.25399e-12
8.06789e-07
5.83861e-16
-5.55696e-12
8.7923e-07
-5.55716e-12
-5.55684e-12
8.7923e-07
-7.15249e-12
-4.25366e-12
8.06789e-07
-2.35503e-12
6.62151e-07
-4.68245e-12
5.34289e-12
-2.7511e-12
5.88948e-07
-3.21089e-12
4.25517e-12
-5.34189e-12
7.34093e-07
5.99724e-16
-7.15225e-12
8.06789e-07
-4.25402e-12
-7.15208e-12
8.06789e-07
-5.34183e-12
-5.34141e-12
7.34093e-07
-2.74953e-12
5.88948e-07
-3.21041e-12
2.75181e-12
4.41976e-07
-1.24491e-12
-1.24678e-12
2.3568e-12
5.88948e-07
-3.2101e-12
6.14381e-16
6.62151e-07
-4.68203e-12
-2.3556e-12
6.62151e-07
-4.68182e-12
-2.75027e-12
5.88948e-07
-3.20986e-12
4.41976e-07
-1.24529e-12
-1.2427e-12
1.70374e-12
1.70453e-12
4.41975e-07
-7.72116e-13
-7.71559e-13
1.45893e-12
3.30927e-12
5.88947e-07
-1.98924e-12
-3.07359e-16
4.43039e-12
6.62151e-07
-2.90079e-12
-1.4595e-12
4.43025e-12
6.62151e-07
-2.90065e-12
-1.70411e-12
3.30887e-12
5.88947e-07
-1.98887e-12
1.70389e-12
4.41975e-07
-7.71509e-13
-7.71452e-13
3.30873e-12
1.45997e-12
5.88947e-07
-1.98901e-12
2.63474e-12
2.63553e-12
7.34094e-07
-1.75595e-16
3.44239e-12
8.06792e-07
-2.63503e-12
3.44227e-12
8.06792e-07
-3.30882e-12
2.63519e-12
7.34094e-07
1.45941e-12
5.88947e-07
-1.9886e-12
4.4301e-12
8.67235e-16
6.62151e-07
-2.90084e-12
3.44178e-12
7.8114e-16
8.06792e-07
-1.32704e-16
6.74399e-16
8.79236e-07
-3.44196e-12
5.91236e-16
8.79236e-07
-4.43005e-12
4.88871e-16
8.06792e-07
3.2379e-16
6.62151e-07
-2.90018e-12
4.42997e-12
-1.45835e-12
6.62151e-07
-2.9006e-12
3.44167e-12
-2.63404e-12
8.06792e-07
-2.16143e-16
-3.4411e-12
8.79236e-07
-3.44204e-12
-3.44115e-12
8.79236e-07
-4.43011e-12
-2.63425e-12
8.06792e-07
-1.4589e-12
6.62151e-07
-2.9002e-12
3.30841e-12
-1.70286e-12
5.88947e-07
-1.98895e-12
2.63443e-12
-3.30793e-12
7.34094e-07
-4.44745e-16
-4.42926e-12
8.06792e-07
-2.63526e-12
-4.42926e-12
8.06792e-07
-3.30907e-12
-3.30806e-12
7.34094e-07
-1.70376e-12
5.88947e-07
-1.98862e-12
1.70239e-12
4.41975e-07
-7.71568e-13
-7.68879e-13
1.45814e-12
5.88947e-07
-1.98826e-12
-8.45034e-16
6.62151e-07
-2.89976e-12
-1.45993e-12
6.62151e-07
-2.89965e-12
-1.70463e-12
5.88947e-07
-1.98781e-12
4.41975e-07
-7.7126e-13
-7.72092e-13
1.05384e-12
1.05561e-12
4.41973e-07
-4.77779e-13
-4.77018e-13
9.02334e-13
2.04936e-12
5.88946e-07
-1.23171e-12
-1.07801e-15
2.74352e-12
6.62151e-07
-1.79599e-12
-9.0432e-13
2.74338e-12
6.62151e-07
-1.79583e-12
-1.05544e-12
2.04891e-12
5.88946e-07
-1.23113e-12
1.05509e-12
4.41973e-07
-4.77358e-13
-4.77536e-13
2.04763e-12
9.04346e-13
5.88946e-07
-1.23044e-12
1.63044e-12
1.63235e-12
7.34095e-07
-9.53833e-16
2.13199e-12
8.06794e-07
-1.63223e-12
2.13194e-12
8.06794e-07
-2.04913e-12
1.63219e-12
7.34095e-07
9.04211e-13
5.88946e-07
-1.23119e-12
2.74213e-12
8.2495e-16
6.62151e-07
-1.79508e-12
2.13031e-12
9.05981e-16
8.06794e-07
-8.15653e-16
9.44884e-16
8.79241e-07
-2.13184e-12
1.00507e-15
8.79241e-07
-2.74336e-12
1.09828e-15
8.06794e-07
1.20013e-15
6.62151e-07
-1.79567e-12
2.74214e-12
-9.02868e-13
6.62151e-07
-1.79503e-12
2.13035e-12
-1.63066e-12
8.06794e-07
-7.58659e-16
-2.1302e-12
8.79241e-07
-2.13177e-12
-2.12998e-12
8.79241e-07
-2.74334e-12
-1.63009e-12
8.06794e-07
-9.01785e-13
6.62151e-07
-1.79578e-12
2.04774e-12
-1.0547e-12
5.88946e-07
-1.23034e-12
1.6306e-12
-2.04796e-12
7.34095e-07
-7.23621e-16
-2.74201e-12
8.06794e-07
-1.63203e-12
-2.74169e-12
8.06794e-07
-2.04892e-12
-2.0471e-12
7.34095e-07
-1.05269e-12
5.88946e-07
-1.23133e-12
1.05386e-12
4.41973e-07
-4.77083e-13
-4.76773e-13
9.02541e-13
5.88946e-07
-1.23031e-12
-6.86693e-16
6.62151e-07
-1.79455e-12
-9.03931e-13
6.62151e-07
-1.7941e-12
-1.0548e-12
5.88946e-07
-1.22956e-12
4.41973e-07
-4.77749e-13
-4.74043e-13
6.52716e-13
6.54119e-13
4.41973e-07
-2.96469e-13
-2.95106e-13
5.58999e-13
1.2692e-12
5.88946e-07
-7.62557e-13
-1.85905e-16
1.69893e-12
6.62151e-07
-1.11192e-12
-5.59271e-13
1.69879e-12
6.62151e-07
-1.11177e-12
-6.52591e-13
1.26887e-12
5.88946e-07
-7.62329e-13
6.53576e-13
4.41973e-07
-2.9577e-13
-2.95012e-13
1.26754e-12
5.60747e-13
5.88946e-07
-7.61267e-13
1.00949e-12
1.01137e-12
7.34096e-07
-3.62375e-16
1.32061e-12
8.06796e-07
-1.01012e-12
1.3205e-12
8.06796e-07
-1.26788e-12
1.01104e-12
7.34096e-07
5.60257e-13
5.88946e-07
-7.61448e-13
1.69732e-12
1.64347e-15
6.62151e-07
-1.11063e-12
1.31883e-12
1.51584e-15
8.06796e-07
-4.01684e-16
1.35993e-15
8.79243e-07
-1.31957e-12
1.3036e-15
8.79243e-07
-1.6978e-12
1.31973e-15
8.06796e-07
1.30074e-15
6.62151e-07
-1.11106e-12
1.69704e-12
-5.57627e-13
6.62151e-07
-1.11012e-12
1.31867e-12
-1.00848e-12
8.06796e-07
-4.87816e-16
-1.31803e-12
8.79243e-07
-1.31957e-12
-1.31796e-12
8.79243e-07
-1.69786e-12
-1.00857e-12
8.06796e-07
-5.57543e-13
6.62151e-07
-1.11118e-12
1.26687e-12
-6.51206e-13
5.88946e-07
-7.60655e-13
1.00905e-12
-1.26669e-12
7.34096e-07
-5.38579e-16
-1.69674e-12
8.06796e-07
-1.01021e-12
-1.6966e-12
8.06796e-07
-1.26778e-12
-1.26666e-12
7.34096e-07
-6.50639e-13
5.88946e-07
-7.61793e-13
6.50263e-13
4.41973e-07
-2.95343e-13
-2.90452e-13
5.57784e-13
5.88946e-07
-7.61294e-13
-6.10246e-16
6.62151e-07
-1.11075e-12
-5.59208e-13
6.62151e-07
-1.11029e-12
-6.52096e-13
5.88946e-07
-7.60949e-13
4.41973e-07
-2.95229e-13
-2.91965e-13
4.06368e-13
4.01816e-13
4.41972e-07
-1.80914e-13
-1.84748e-13
3.48242e-13
7.83288e-13
5.88946e-07
-4.698e-13
1.48356e-15
1.04986e-12
6.62151e-07
-6.86651e-13
-3.45317e-13
1.05013e-12
6.62151e-07
-6.87047e-13
-4.04037e-13
7.83933e-13
5.88946e-07
-4.70855e-13
4.02969e-13
4.41972e-07
-1.82205e-13
-1.83192e-13
7.87074e-13
3.43909e-13
5.88946e-07
-4.73548e-13
6.27086e-13
6.23612e-13
7.34096e-07
1.42301e-15
8.15546e-13
8.06797e-07
-6.24452e-13
8.156e-13
8.06797e-07
-7.84742e-13
6.23957e-13
7.34096e-07
3.44581e-13
5.88946e-07
-4.71904e-13
1.05286e-12
-2.53153e-15
6.62151e-07
-6.89353e-13
8.18512e-13
-1.72558e-15
8.06797e-07
1.32278e-15
-1.4612e-15
8.79245e-07
-8.15937e-13
-1.38127e-15
8.79245e-07
-1.05074e-12
-1.66471e-15
8.06797e-07
-2.0936e-15
6.62151e-07
-6.87986e-13
1.05279e-12
-3.48849e-13
6.62151e-07
-6.89216e-13
8.18442e-13
-6.27106e-13
8.06797e-07
1.37601e-15
-8.18399e-13
8.79245e-07
-8.15917e-13
-8.18454e-13
8.79245e-07
-1.05053e-12
-6.27197e-13
8.06797e-07
-3.48798e-13
6.62151e-07
-6.87702e-13
7.86743e-13
-4.07376e-13
5.88946e-07
-4.72549e-13
6.27001e-13
-7.86827e-13
7.34096e-07
1.4171e-15
-1.0528e-12
8.06797e-07
-6.24206e-13
-1.05283e-12
8.06797e-07
-7.84259e-13
-7.87227e-13
7.34096e-07
-4.07316e-13
5.88946e-07
-4.71043e-13
4.07253e-13
4.41972e-07
-1.85085e-13
-1.87147e-13
3.48472e-13
5.88946e-07
-4.73017e-13
1.67646e-15
6.62151e-07
-6.89667e-13
-3.45149e-13
6.62151e-07
-6.89872e-13
-4.03747e-13
5.88946e-07
-4.73956e-13
4.41972e-07
-1.82852e-13
-1.86671e-13
2.50641e-13
2.49366e-13
4.41972e-07
-1.12539e-13
-1.13161e-13
2.14927e-13
4.85151e-13
5.88945e-07
-2.91261e-13
4.25261e-16
6.50107e-13
6.62151e-07
-4.25244e-13
-2.14121e-13
6.50298e-13
6.62151e-07
-4.25455e-13
-2.50096e-13
4.85609e-13
5.88945e-07
-2.9171e-13
2.50058e-13
4.41972e-07
-1.13286e-13
-1.13256e-13
4.86731e-13
2.13333e-13
5.88945e-07
-2.92219e-13
3.87885e-13
3.86291e-13
7.34096e-07
5.87156e-16
5.05142e-13
8.06797e-07
-3.8674e-13
5.05296e-13
8.06797e-07
-4.85777e-13
3.86701e-13
7.34096e-07
2.14016e-13
5.88945e-07
-2.92089e-13
6.51522e-13
-9.73371e-16
6.62151e-07
-4.26259e-13
5.065e-13
-7.3844e-16
8.06797e-07
6.46378e-16
-4.9334e-16
8.79246e-07
-5.05244e-13
-3.83038e-16
8.79246e-07
-6.50457e-13
-4.39683e-16
8.06797e-07
-4.05579e-16
6.62151e-07
-4.26036e-13
6.51537e-13
-2.15096e-13
6.62151e-07
-4.2626e-13
5.06547e-13
-3.87679e-13
8.06797e-07
7.35557e-16
-5.06105e-13
8.79246e-07
-5.05163e-13
-5.06032e-13
8.79246e-07
-6.50371e-13
-3.87467e-13
8.06797e-07
-2.14615e-13
6.62151e-07
-4.26078e-13
4.86861e-13
-2.50301e-13
5.88945e-07
-2.92617e-13
3.88055e-13
-4.8621e-13
7.34096e-07
8.34506e-16
-6.50947e-13
8.06797e-07
-3.86448e-13
-6.50893e-13
8.06797e-07
-4.85563e-13
-4.86112e-13
7.34096e-07
-2.49928e-13
5.88945e-07
-2.92366e-13
2.51095e-13
4.41972e-07
-1.13412e-13
-1.13293e-13
2.15347e-13
5.88945e-07
-2.92126e-13
8.58622e-16
6.62151e-07
-4.26069e-13
-2.13753e-13
6.62151e-07
-4.25989e-13
-2.49883e-13
5.88945e-07
-2.92012e-13
4.41972e-07
-1.14047e-13
-1.12083e-13
1.54854e-13
1.55494e-13
4.41972e-07
-7.08062e-14
-6.98627e-14
1.3267e-13
3.01261e-13
5.88945e-07
-1.81299e-13
-1.82884e-16
4.03174e-13
6.62151e-07
-2.64029e-13
-1.33025e-13
4.03113e-13
6.62151e-07
-2.63867e-13
-1.5524e-13
3.01041e-13
5.88945e-07
-1.80824e-13
1.55101e-13
4.41972e-07
-7.01277e-14
-7.04169e-14
3.01107e-13
1.32886e-13
5.88945e-07
-1.80725e-13
2.39829e-13
2.39698e-13
7.34096e-07
-6.77327e-17
3.13152e-13
8.06797e-07
-2.39956e-13
3.13172e-13
8.06797e-07
-3.01263e-13
2.39705e-13
7.34096e-07
1.32842e-13
5.88945e-07
-1.81234e-13
4.03263e-13
-2.57663e-16
6.62151e-07
-2.63806e-13
3.13343e-13
-3.04255e-16
8.06797e-07
-2.49548e-17
-1.79211e-16
8.79247e-07
-3.13356e-13
-1.09762e-16
8.79247e-07
-4.03281e-13
-1.12945e-16
8.06798e-07
-2.82893e-18
6.62151e-07
-2.64258e-13
4.03385e-13
-1.33217e-13
6.62151e-07
-2.64095e-13
3.13422e-13
-2.40186e-13
8.06797e-07
2.8651e-17
-3.13432e-13
8.79247e-07
-3.13322e-13
-3.13335e-13
8.79247e-07
-4.03311e-13
-2.39917e-13
8.06798e-07
-1.32734e-13
6.62151e-07
-2.64314e-13
3.01402e-13
-1.55677e-13
5.88945e-07
-1.81009e-13
2.40036e-13
-3.01443e-13
7.34096e-07
4.58691e-17
-4.03223e-13
8.06798e-07
-2.39967e-13
-4.0311e-13
8.06798e-07
-3.01355e-13
-3.01022e-13
7.34096e-07
-1.54823e-13
5.88945e-07
-1.81416e-13
1.56098e-13
4.41972e-07
-6.99348e-14
-7.22992e-14
1.33238e-13
5.88945e-07
-1.80823e-13
-6.44394e-17
6.62151e-07
-2.63706e-13
-1.33191e-13
6.62151e-07
-2.6367e-13
-1.55617e-13
5.88945e-07
-1.80747e-13
4.41972e-07
-7.07606e-14
-6.99805e-14
9.6451e-14
9.62797e-14
4.41972e-07
-4.34374e-14
-4.38803e-14
8.2604e-14
1.86852e-13
5.88945e-07
-1.12461e-13
1.48267e-16
2.50143e-13
6.62151e-07
-1.64051e-13
-8.23665e-14
2.50157e-13
6.62151e-07
-1.64154e-13
-9.63675e-14
1.86898e-13
5.88945e-07
-1.12739e-13
9.63995e-14
4.41972e-07
-4.40116e-14
-4.38308e-14
1.87207e-13
8.24736e-14
5.88945e-07
-1.12765e-13
1.49081e-13
1.48655e-13
7.34096e-07
2.28466e-16
1.9412e-13
8.06798e-07
-1.48697e-13
1.94097e-13
8.06798e-07
-1.87011e-13
1.48555e-13
7.34096e-07
8.22617e-14
5.88945e-07
-1.1269e-13
2.50551e-13
2.18291e-16
6.62151e-07
-1.64396e-13
1.94648e-13
-8.91527e-17
8.06798e-07
2.3316e-16
-1.90247e-16
8.79247e-07
-1.94225e-13
-2.76438e-16
8.79247e-07
-2.50309e-13
-3.56292e-16
8.06798e-07
-4.19521e-16
6.62151e-07
-1.64212e-13
2.50501e-13
-8.2021e-14
6.62151e-07
-1.64298e-13
1.94564e-13
-1.4872e-13
8.06798e-07
1.46327e-16
-1.94416e-13
8.79247e-07
-1.94323e-13
-1.94571e-13
8.79247e-07
-2.50403e-13
-1.49171e-13
8.06798e-07
-8.31754e-14
6.62151e-07
-1.64219e-13
1.87076e-13
-9.54877e-14
5.88945e-07
-1.13013e-13
1.48804e-13
-1.86681e-13
7.34096e-07
-1.13967e-16
-2.50203e-13
8.06798e-07
-1.49059e-13
-2.50419e-13
8.06798e-07
-1.87448e-13
-1.87282e-13
7.34096e-07
-9.75399e-14
5.88945e-07
-1.12855e-13
9.55751e-14
4.41972e-07
-4.39659e-14
-4.19333e-14
8.19059e-14
5.88945e-07
-1.12648e-13
-5.65819e-16
6.62151e-07
-1.64159e-13
-8.30988e-14
6.62151e-07
-1.64355e-13
-9.72904e-14
5.88945e-07
-1.12778e-13
4.41972e-07
-4.38471e-14
-4.62473e-14
5.94336e-14
6.09969e-14
4.41972e-07
-2.83503e-14
-2.67523e-14
5.13303e-14
1.17203e-13
5.88945e-07
-7.13415e-14
4.60012e-16
1.56019e-13
6.62151e-07
-1.02618e-13
-5.04127e-14
1.55862e-13
6.62151e-07
-1.0243e-13
-5.8918e-14
1.16572e-13
5.88945e-07
-7.03289e-14
6.03512e-14
4.41972e-07
-2.74121e-14
-2.6312e-14
1.15748e-13
5.22591e-14
5.88945e-07
-6.95024e-14
9.23802e-14
9.32459e-14
7.34096e-07
3.63111e-16
1.21206e-13
8.06798e-07
-9.1648e-14
1.21118e-13
8.06798e-07
-1.15151e-13
9.28978e-14
7.34096e-07
5.18537e-14
5.88945e-07
-6.88401e-14
1.55139e-13
9.92465e-16
6.62151e-07
-1.01658e-13
1.20603e-13
8.28098e-16
8.06798e-07
3.10156e-16
6.72188e-16
8.79247e-07
-1.19955e-13
6.30603e-16
8.79247e-07
-1.54505e-13
6.76843e-16
8.06798e-07
8.10642e-16
6.62151e-07
-1.00887e-13
1.55224e-13
-5.03493e-14
6.62151e-07
-1.01835e-13
1.20587e-13
-9.15576e-14
8.06798e-07
2.60102e-16
-1.19815e-13
8.79247e-07
-1.20041e-13
-1.19815e-13
8.79247e-07
-1.5459e-13
-9.15082e-14
8.06798e-07
-5.01772e-14
6.62151e-07
-1.01021e-13
1.15996e-13
-5.94766e-14
5.88945e-07
-6.97815e-14
9.23392e-14
-1.15416e-13
7.34096e-07
1.91081e-16
-1.54556e-13
8.06798e-07
-9.1879e-14
-1.54476e-13
8.06798e-07
-1.15367e-13
-1.15178e-13
7.34096e-07
-5.85734e-14
5.88945e-07
-6.91767e-14
5.98442e-14
4.41972e-07
-2.67348e-14
-2.76613e-14
5.11785e-14
5.88945e-07
-6.92207e-14
1.82697e-16
6.62151e-07
-1.01009e-13
-5.075e-14
6.62151e-07
-1.00849e-13
-5.88904e-14
5.88945e-07
-6.90758e-14
4.41972e-07
-2.67632e-14
-2.48335e-14
3.61074e-14
3.77424e-14
4.41972e-07
-1.72664e-14
-1.61122e-14
3.05588e-14
7.24782e-14
5.88945e-07
-4.3746e-14
-1.05882e-15
9.64017e-14
6.62151e-07
-6.33138e-14
-3.26741e-14
9.60714e-14
6.62151e-07
-6.29517e-14
-3.80879e-14
7.13356e-14
5.88945e-07
-4.26867e-14
3.61252e-14
4.41972e-07
-1.59365e-14
-1.73538e-14
7.0627e-14
3.23646e-14
5.88945e-07
-4.2127e-14
5.60281e-14
5.76432e-14
7.34096e-07
-1.0285e-15
7.47606e-14
8.06798e-07
-5.81171e-14
7.44763e-14
8.06798e-07
-7.28372e-14
5.67055e-14
7.34096e-07
3.09646e-14
5.88945e-07
-4.38918e-14
9.48433e-14
6.90118e-16
6.62151e-07
-6.18364e-14
7.3401e-14
3.06848e-16
8.06798e-07
-1.1366e-15
-5.8803e-17
8.79247e-07
-7.56795e-14
-3.2339e-16
8.79247e-07
-9.71373e-14
-5.39384e-16
8.06798e-07
-6.23887e-16
6.62151e-07
-6.35867e-14
9.44371e-14
-3.1144e-14
6.62151e-07
-6.13808e-14
7.3054e-14
-5.71132e-14
8.06798e-07
-1.40657e-15
-7.49324e-14
8.79247e-07
-7.58683e-14
-7.51569e-14
8.79247e-07
-9.7144e-14
-5.78855e-14
8.06798e-07
-3.23442e-14
6.62151e-07
-6.34946e-14
6.94683e-14
-3.62273e-14
5.88945e-07
-4.14037e-14
5.49987e-14
-7.21163e-14
7.34096e-07
-1.85763e-15
-9.673e-14
8.06798e-07
-5.86554e-14
-9.68802e-14
8.06798e-07
-7.28434e-14
-7.30505e-14
7.34096e-07
-3.79168e-14
5.88945e-07
-4.34751e-14
3.27388e-14
4.41972e-07
-1.65936e-14
-1.15303e-14
2.84155e-14
5.88945e-07
-4.40836e-14
-2.57699e-15
6.62151e-07
-6.37215e-14
-3.37697e-14
6.62151e-07
-6.37057e-14
-3.81566e-14
5.88945e-07
-4.48214e-14
4.41972e-07
-1.69504e-14
-1.77974e-14
2.32043e-14
2.22669e-14
4.41972e-07
-9.18318e-15
-1.10442e-14
1.96982e-14
4.42828e-14
5.88945e-07
-2.61409e-14
-3.90718e-17
5.95019e-14
6.62151e-07
-3.86438e-14
-1.96908e-14
5.95241e-14
6.62151e-07
-3.88092e-14
-2.29635e-14
4.44124e-14
5.88945e-07
-2.66077e-14
2.29103e-14
4.41972e-07
-1.03407e-14
-1.01835e-14
4.46662e-14
1.96069e-14
5.88945e-07
-2.71963e-14
3.54626e-14
3.56466e-14
7.34096e-07
-1.23567e-17
4.64996e-14
8.06798e-07
-3.5466e-14
4.64853e-14
8.06798e-07
-4.46092e-14
3.56113e-14
7.34096e-07
1.98759e-14
5.88945e-07
-2.66332e-14
5.97093e-14
4.96879e-16
6.62151e-07
-3.93442e-14
4.63132e-14
5.67027e-16
8.06798e-07
1.27844e-18
5.1886e-16
8.79247e-07
-4.6304e-14
4.92509e-16
8.79247e-07
-5.97038e-14
5.28993e-16
8.06798e-07
6.15989e-16
6.62151e-07
-3.89591e-14
5.96441e-14
-1.86788e-14
6.62151e-07
-3.93293e-14
4.62624e-14
-3.46034e-14
8.06798e-07
-3.37696e-17
-4.55156e-14
8.79247e-07
-4.63383e-14
-4.55222e-14
8.79247e-07
-5.97738e-14
-3.45268e-14
8.06798e-07
-1.86435e-14
6.62151e-07
-3.91164e-14
4.47146e-14
-2.15901e-14
5.88945e-07
-2.735e-14
3.5456e-14
-4.34758e-14
7.34096e-07
-3.47087e-17
-5.86466e-14
8.06798e-07
-3.54675e-14
-5.86497e-14
8.06798e-07
-4.48068e-14
-4.32648e-14
7.34096e-07
-2.16004e-14
5.88945e-07
-2.71248e-14
2.31749e-14
4.41972e-07
-8.59275e-15
-1.0953e-14
1.98065e-14
5.88945e-07
-2.53648e-14
1.81691e-16
6.62151e-07
-3.77355e-14
-1.9388e-14
6.62151e-07
-3.78362e-14
-2.31497e-14
5.88945e-07
-2.47557e-14
4.41972e-07
-1.07429e-14
-8.55291e-15
1.41267e-14
1.44537e-14
4.41971e-07
-7.10189e-15
-6.14126e-15
1.20704e-14
2.77278e-14
5.88945e-07
-1.6748e-14
-1.60902e-17
3.70925e-14
6.62151e-07
-2.43087e-14
-1.20598e-14
3.71105e-14
6.62151e-07
-2.42378e-14
-1.40167e-14
2.78331e-14
5.88945e-07
-1.66737e-14
1.45531e-14
4.41972e-07
-6.51574e-15
-6.18702e-15
2.75434e-14
1.25044e-14
5.88945e-07
-1.66285e-14
2.18582e-14
2.2378e-14
7.34096e-07
-1.50656e-17
2.91724e-14
8.06798e-07
-2.18409e-14
2.92348e-14
8.06798e-07
-2.7358e-14
2.26239e-14
7.34096e-07
1.30457e-14
5.88945e-07
-1.62405e-14
3.68777e-14
5.58985e-16
6.62151e-07
-2.42432e-14
2.86156e-14
7.52103e-16
8.06798e-07
4.13736e-17
8.63695e-16
8.79247e-07
-2.85178e-14
9.91926e-16
8.79247e-07
-3.66707e-14
1.20715e-15
8.06798e-07
1.56827e-15
6.62151e-07
-2.38968e-14
3.69705e-14
-1.13815e-14
6.62151e-07
-2.4337e-14
2.8729e-14
-2.09318e-14
8.06798e-07
1.48821e-16
-2.75155e-14
8.79247e-07
-2.84177e-14
-2.72727e-14
8.79248e-07
-3.66613e-14
-2.02537e-14
8.06798e-07
-9.65875e-15
6.62151e-07
-2.42012e-14
2.78345e-14
-1.34551e-14
5.88945e-07
-1.67922e-14
2.22598e-14
-2.64446e-14
7.34096e-07
4.59836e-16
-3.56268e-14
8.06798e-07
-2.14302e-14
-3.53056e-14
8.06798e-07
-2.70051e-14
-2.56419e-14
7.34096e-07
-1.06406e-14
5.88945e-07
-1.66941e-14
1.47196e-14
4.41972e-07
-5.79495e-15
-6.55124e-15
1.29117e-14
5.88945e-07
-1.53109e-14
1.01189e-15
6.62151e-07
-2.28002e-14
-1.1137e-14
6.62151e-07
-2.23094e-14
-1.28465e-14
5.88945e-07
-1.49014e-14
4.41972e-07
-6.95214e-15
-6.18598e-16
8.16412e-15
7.63669e-15
4.41971e-07
-2.61601e-15
-4.1028e-15
6.68615e-15
1.59887e-14
5.88945e-07
-9.17133e-15
-8.17094e-16
2.18217e-14
6.62151e-07
-1.38038e-14
-8.08452e-15
2.18857e-14
6.62151e-07
-1.38198e-14
-9.10028e-15
1.61711e-14
5.88945e-07
-9.16898e-15
8.03307e-15
4.41971e-07
-3.18098e-15
-4.11636e-15
1.63199e-14
6.52967e-15
5.88945e-07
-9.94614e-15
1.27407e-14
1.27938e-14
7.34096e-07
-6.88664e-16
1.71046e-14
8.06798e-07
-1.39742e-14
1.72248e-14
8.06798e-07
-1.71347e-14
1.31518e-14
7.34096e-07
7.18162e-15
5.88945e-07
-1.02547e-14
2.204e-14
-7.72577e-16
6.62151e-07
-1.44425e-14
1.69498e-14
-4.21964e-16
8.06798e-07
-5.58512e-16
-1.87343e-16
8.79248e-07
-1.79468e-14
-1.03349e-17
8.79248e-07
-2.26829e-14
8.49708e-17
8.06798e-07
1.25349e-16
6.62151e-07
-1.46887e-14
2.20632e-14
-8.1336e-15
6.62151e-07
-1.43049e-14
1.70705e-14
-1.36876e-14
8.06798e-07
-4.14449e-16
-1.7559e-14
8.79248e-07
-1.78007e-14
-1.73141e-14
8.79248e-07
-2.25473e-14
-1.31007e-14
8.06798e-07
-7.0133e-15
6.62151e-07
-1.45537e-14
1.63612e-14
-9.35773e-15
5.88945e-07
-9.55011e-15
1.30825e-14
-1.70193e-14
7.34096e-07
-1.95775e-16
-2.24675e-14
8.06798e-07
-1.34532e-14
-2.21968e-14
8.06798e-07
-1.65687e-14
-1.64695e-14
7.34096e-07
-8.1074e-15
5.88945e-07
-9.68877e-15
8.10408e-15
4.41971e-07
-4.47593e-15
-3.2879e-15
7.12295e-15
5.88945e-07
-1.02302e-14
-7.82888e-17
6.62151e-07
-1.46088e-14
-7.26249e-15
6.62151e-07
-1.43572e-14
-8.30543e-15
5.88945e-07
-9.78284e-15
4.41972e-07
-3.22141e-15
-3.59963e-15
5.3523e-15
4.95703e-15
4.41971e-07
-2.56825e-15
-2.1964e-15
4.65307e-15
9.93322e-15
5.88945e-07
-6.01364e-15
1.68931e-16
1.35359e-14
6.62151e-07
-8.88369e-15
-4.34559e-15
1.36149e-14
6.62151e-07
-8.9398e-15
-5.0467e-15
1.0172e-14
5.88945e-07
-6.20999e-15
5.18173e-15
4.41971e-07
-2.48228e-15
-2.17566e-15
1.02768e-14
4.01577e-15
5.88945e-07
-6.08887e-15
8.26992e-15
7.79506e-15
7.34096e-07
8.84286e-17
1.04526e-14
8.06798e-07
-8.10108e-15
1.05173e-14
8.06798e-07
-1.0121e-14
7.98913e-15
7.34096e-07
4.20055e-15
5.88945e-07
-5.94095e-15
1.37154e-14
-6.03533e-16
6.62151e-07
-8.82066e-15
1.07925e-14
-4.54655e-16
8.06798e-07
1.03308e-16
-3.3543e-16
8.79248e-07
-1.05943e-14
-2.76911e-16
8.79248e-07
-1.35691e-14
-3.49902e-16
8.06798e-07
-5.43037e-16
6.62151e-07
-8.69592e-15
1.36382e-14
-5.09548e-15
6.62151e-07
-8.74172e-15
1.07666e-14
-8.66025e-15
8.06798e-07
1.28867e-16
-1.1104e-14
8.79248e-07
-1.05433e-14
-1.11112e-14
8.79248e-07
-1.34644e-14
-8.699e-15
8.06798e-07
-5.28862e-15
6.62151e-07
-8.5355e-15
1.00334e-14
-5.72889e-15
5.88945e-07
-5.76994e-15
8.18919e-15
-1.07228e-14
7.34096e-07
1.27161e-16
-1.41739e-14
8.06798e-07
-7.93603e-15
-1.4224e-14
8.06798e-07
-9.8176e-15
-1.08975e-14
7.34096e-07
-6.13591e-15
5.88945e-07
-5.48706e-15
4.93928e-15
4.41971e-07
-2.34662e-15
-2.13296e-15
4.37942e-15
5.88945e-07
-6.40993e-15
2.2582e-17
6.62151e-07
-9.261e-15
-4.28486e-15
6.62151e-07
-9.38172e-15
-4.7837e-15
5.88945e-07
-6.74265e-15
4.41971e-07
-1.79309e-15
-2.99654e-15
4.05337e-15
1.38803e-15
4.41971e-07
-7.2364e-17
-2.26801e-15
3.51876e-15
4.7554e-15
5.88945e-07
-2.64098e-15
4.68825e-16
7.16648e-15
6.62151e-07
-4.65873e-15
-2.69416e-15
7.30983e-15
6.62151e-07
-4.83784e-15
-3.70171e-15
5.03037e-15
5.88945e-07
-3.02766e-15
1.84045e-15
4.41971e-07
-6.48297e-16
-1.83291e-15
7.129e-15
5.82778e-16
5.88945e-07
-4.5355e-15
5.73281e-15
3.12415e-15
7.34096e-07
4.56764e-16
4.95116e-15
8.06798e-07
-4.9967e-15
5.02516e-15
8.06798e-07
-6.7373e-15
3.37016e-15
7.34096e-07
8.80543e-16
5.88945e-07
-4.21882e-15
9.11483e-15
-2.63688e-15
6.62151e-07
-6.0367e-15
7.24757e-15
-2.20782e-15
8.06798e-07
4.38874e-16
-1.94963e-15
8.79248e-07
-6.47705e-15
-1.86541e-15
8.79248e-07
-8.76864e-15
-2.04456e-15
8.06798e-07
-2.31741e-15
6.62151e-07
-5.78448e-15
9.16136e-15
-5.54086e-15
6.62151e-07
-6.0577e-15
7.25459e-15
-7.37345e-15
8.06798e-07
5.15468e-16
-8.67586e-15
8.79248e-07
-6.38432e-15
-8.69743e-15
8.79248e-07
-8.54625e-15
-7.30944e-15
8.06798e-07
-5.50534e-15
6.62151e-07
-5.47365e-15
6.93913e-15
-6.26614e-15
5.88945e-07
-3.965e-15
5.71581e-15
-8.57109e-15
7.34096e-07
5.22448e-16
-1.04893e-14
8.06798e-07
-4.72667e-15
-1.05059e-14
8.06798e-07
-6.31575e-15
-8.62134e-15
7.34096e-07
-6.20459e-15
5.88945e-07
-3.50668e-15
5.19789e-15
4.41971e-07
-2.90152e-15
-4.56081e-15
3.91582e-15
5.88945e-07
-4.8369e-15
6.64498e-16
6.62151e-07
-6.73692e-15
-2.61497e-15
6.62151e-07
-6.95634e-15
-3.59992e-15
5.88945e-07
-5.23263e-15
4.41971e-07
-1.64289e-15
-4.28698e-15
1.88334e-15
1.55359e-15
4.41971e-07
-6.73115e-16
-7.50239e-16
1.7297e-15
3.44324e-15
5.88945e-07
-2.19442e-15
4.75807e-17
4.82551e-15
6.62151e-07
-3.23728e-15
-1.65693e-15
4.96918e-15
6.62151e-07
-3.38183e-15
-1.88152e-15
3.73444e-15
5.88945e-07
-2.43122e-15
2.10423e-15
4.41971e-07
-1.20688e-15
-7.78737e-16
3.92272e-15
1.10682e-15
5.88945e-07
-2.26885e-15
3.22592e-15
2.45073e-15
7.34096e-07
1.17505e-16
3.53659e-15
8.06798e-07
-3.02289e-15
3.66743e-15
8.06798e-07
-3.84602e-15
2.79783e-15
7.34096e-07
1.65476e-15
5.88945e-07
-2.30929e-15
5.35694e-15
-5.94217e-16
6.62151e-07
-3.50207e-15
4.26323e-15
-6.76225e-16
8.06798e-07
1.93578e-16
-5.46735e-16
8.79248e-07
-3.92338e-15
-4.10822e-16
8.79248e-07
-5.18167e-15
-3.41202e-16
8.06798e-07
-6.84326e-17
6.62151e-07
-3.48767e-15
5.47557e-15
-2.11697e-15
6.62151e-07
-3.57937e-15
4.3845e-15
-3.60327e-15
8.06798e-07
3.19782e-16
-4.48985e-15
8.79248e-07
-3.83696e-15
-4.382e-15
8.79248e-07
-5.11105e-15
-3.27129e-15
8.06798e-07
-1.53283e-15
6.62151e-07
-3.58833e-15
4.34204e-15
-1.82328e-15
5.88945e-07
-2.91504e-15
3.55189e-15
-3.95331e-15
7.34096e-07
4.26856e-16
-5.34036e-15
8.06798e-07
-2.76124e-15
-5.21005e-15
8.06798e-07
-3.77747e-15
-3.72856e-15
7.34096e-07
-1.22777e-15
5.88945e-07
-2.74252e-15
2.40651e-15
4.41971e-07
-1.10702e-15
-5.33328e-16
2.24655e-15
5.88945e-07
-2.11435e-15
5.62965e-16
6.62151e-07
-3.20231e-15
-1.33967e-15
6.62151e-07
-2.99676e-15
-1.76655e-15
5.88945e-07
-1.82138e-15
4.41971e-07
-1.53401e-15
7.8328e-16
1.57141e-15
1.4234e-15
4.41971e-07
-8.64973e-16
-6.94095e-16
1.53545e-15
2.36925e-15
5.88945e-07
-1.51606e-15
5.61226e-16
3.13525e-15
6.62151e-07
-2.14541e-15
-4.98425e-16
3.17999e-15
6.62151e-07
-2.14339e-15
-7.12519e-16
2.49451e-15
5.88945e-07
-1.58784e-15
1.48551e-15
4.41971e-07
-7.2093e-16
-2.91424e-16
2.83053e-15
1.15149e-15
5.88945e-07
-1.79116e-15
2.42965e-15
1.75473e-15
7.34096e-07
5.4524e-16
2.30983e-15
8.06798e-07
-1.37233e-15
2.36048e-15
8.06798e-07
-1.87659e-15
1.8665e-15
7.34096e-07
1.24158e-15
5.88945e-07
-1.05967e-15
3.70113e-15
1.03401e-17
6.62151e-07
-2.52508e-15
3.04418e-15
-2.04211e-16
8.06798e-07
5.43738e-16
-2.38592e-16
8.79248e-07
-2.00272e-15
-2.02429e-16
8.79248e-07
-2.75027e-15
-1.0634e-16
8.06798e-07
1.22863e-16
6.62151e-07
-1.79975e-15
3.83586e-15
-1.0884e-15
6.62151e-07
-2.77056e-15
3.11558e-15
-2.0714e-15
8.06798e-07
5.75643e-16
-2.68502e-15
8.79248e-07
-1.98607e-15
-2.64355e-15
8.79248e-07
-2.79985e-15
-2.04206e-15
8.06798e-07
-9.11396e-16
6.62151e-07
-1.87075e-15
3.18501e-15
-1.57922e-15
5.88945e-07
-2.05467e-15
2.6164e-15
-2.4422e-15
7.34096e-07
6.11837e-16
-3.25907e-15
8.06798e-07
-1.4477e-15
-3.23893e-15
8.06798e-07
-2.0261e-15
-2.42198e-15
7.34096e-07
-1.08782e-15
5.88945e-07
-1.25128e-15
2.53721e-15
4.41971e-07
-5.6758e-16
-2.74478e-15
1.89567e-15
5.88945e-07
-1.27046e-15
5.55081e-16
6.62151e-07
-2.00686e-15
-6.77308e-16
6.62151e-07
-2.00131e-15
-1.04281e-15
5.88945e-07
-1.48402e-15
4.41971e-07
-4.69392e-16
-4.7366e-16
4.75555e-18
1.03149e-15
4.41971e-07
-2.73285e-16
1.89049e-16
-1.0034e-17
1.54271e-15
5.88945e-07
-9.1542e-16
-5.695e-16
1.82422e-15
6.62151e-07
-1.13766e-15
-1.11075e-15
1.71131e-15
6.62151e-07
-1.03981e-15
-1.155e-15
1.1278e-15
5.88945e-07
-5.07528e-16
3.79717e-16
4.41971e-07
3.83384e-17
-5.20451e-16
7.23999e-16
9.72061e-16
5.88945e-07
-1.0594e-16
5.59722e-16
1.2029e-15
7.34096e-07
-4.99824e-16
1.35138e-15
8.06798e-07
-1.58084e-15
1.25001e-15
8.06798e-07
-1.78824e-15
8.46536e-16
7.34096e-07
3.08386e-16
5.88945e-07
-1.0645e-15
1.2691e-15
4.13643e-16
6.62151e-07
-6.38032e-16
9.19417e-16
4.78822e-17
8.06798e-07
-5.18572e-16
-1.58163e-16
8.79248e-07
-1.97304e-15
-2.79333e-16
8.79248e-07
-2.33543e-15
-3.22418e-16
8.06798e-07
-3.7023e-16
6.62151e-07
-1.46196e-15
1.21754e-15
-1.5424e-16
6.62151e-07
-5.94566e-16
8.36442e-16
-1.02214e-15
8.06798e-07
-6.34059e-16
-1.58766e-15
8.79248e-07
-2.10789e-15
-1.71793e-15
8.79248e-07
-2.47453e-15
-1.39531e-15
8.06798e-07
-1.15388e-15
6.62151e-07
-1.51656e-15
5.45004e-16
5.47585e-17
5.88945e-07
-3.33695e-16
2.57333e-16
-1.19962e-15
7.34096e-07
-8.93752e-16
-1.86704e-15
8.06798e-07
-2.01114e-15
-1.98664e-15
8.06798e-07
-2.30754e-15
-1.53343e-15
7.34096e-07
-1.58546e-15
5.88945e-07
-1.20959e-15
-1.03952e-15
4.41971e-07
-1.27829e-16
2.14408e-15
-8.25885e-16
5.88945e-07
-8.18663e-16
-1.37847e-15
6.62151e-07
-1.06664e-15
-1.94803e-15
6.62151e-07
-1.16633e-15
-2.14448e-15
5.88945e-07
-5.49245e-16
4.41971e-07
-5.38527e-16
-2.28197e-15
2.74348e-16
7.8352e-16
4.41971e-07
-4.19309e-16
-3.36813e-17
2.30146e-16
1.04628e-15
5.88945e-07
-4.86432e-16
2.14392e-17
1.20705e-15
6.62151e-07
-5.9009e-16
-1.4275e-16
1.16568e-15
6.62151e-07
-5.06049e-16
8.63476e-17
1.02554e-15
5.88945e-07
-4.46455e-16
8.27154e-16
4.41971e-07
-3.26932e-16
1.35718e-16
5.1118e-16
9.14284e-16
5.88945e-07
-2.06984e-16
4.54573e-16
1.05263e-15
7.34096e-07
-2.54306e-17
1.13359e-15
8.06798e-07
-4.63952e-16
1.13891e-15
8.06798e-07
-3.75295e-16
1.05796e-15
7.34096e-07
9.70145e-16
5.88945e-07
-1.65999e-16
8.23022e-16
6.38134e-16
6.62151e-07
-4.14516e-16
6.95217e-16
4.82862e-16
8.06798e-07
-7.00466e-18
4.02858e-16
8.79248e-07
-6.79045e-16
4.44922e-16
8.79248e-07
-7.16552e-16
6.31513e-16
8.06798e-07
8.30648e-16
6.62151e-07
-5.48305e-16
8.8625e-16
1.45014e-16
6.62151e-07
-4.54642e-16
7.49747e-16
-1.64464e-16
8.06798e-07
3.59423e-17
-3.69694e-16
8.79248e-07
-6.57414e-16
-2.60936e-16
8.79248e-07
-8.03765e-16
1.0179e-16
8.06798e-07
6.84959e-16
6.62151e-07
-6.89857e-16
7.7464e-16
-2.47513e-16
5.88945e-07
-2.85808e-16
6.55692e-16
-3.82186e-16
7.34096e-07
1.18597e-16
-5.61115e-16
8.06798e-07
-4.53413e-16
-4.35995e-16
8.06798e-07
-4.86179e-16
2.82908e-17
7.34096e-07
7.40411e-16
5.88945e-07
-6.2656e-16
7.73722e-16
4.41971e-07
-4.93925e-16
-6.4789e-16
6.00817e-16
5.88945e-07
-3.35283e-16
3.49198e-16
6.62151e-07
-5.02684e-16
8.10271e-17
6.62151e-07
-2.77361e-16
2.37386e-16
5.88945e-07
-1.34639e-16
4.41971e-07
-4.71055e-16
1.30152e-15
1.06845e-15
2.58023e-17
4.41971e-07
5.90547e-16
-4.59683e-16
1.41335e-15
4.07569e-16
5.88945e-07
3.59492e-16
1.44117e-15
7.64992e-16
6.62151e-07
-7.40116e-17
1.26695e-15
9.89573e-16
6.62151e-07
-4.10268e-16
1.16056e-15
1.18606e-15
5.88945e-07
-6.97039e-16
1.17267e-15
4.41971e-07
-6.30087e-16
7.3625e-16
1.2938e-15
7.63645e-16
5.88945e-07
-6.73056e-16
1.56362e-15
9.40111e-16
7.34096e-07
1.42337e-15
1.0585e-15
8.06798e-07
1.12273e-15
1.15359e-15
8.06798e-07
1.02643e-15
1.25989e-15
7.34096e-07
1.3041e-15
5.88945e-07
8.75737e-16
1.43356e-15
1.21931e-15
6.62151e-07
-7.68291e-16
1.66614e-15
1.07581e-15
8.06798e-07
1.38718e-15
9.05066e-16
8.79248e-07
9.33111e-16
8.79859e-16
8.79248e-07
7.70634e-16
1.0432e-15
8.06798e-07
1.26706e-15
6.62151e-07
6.04342e-16
1.29637e-15
1.34792e-15
6.62151e-07
-3.45145e-16
1.59745e-15
1.05575e-15
8.06798e-07
1.34707e-15
6.20183e-16
8.79248e-07
9.29111e-16
5.84912e-16
8.79248e-07
7.28206e-16
7.2515e-16
8.06798e-07
1.34315e-15
6.62151e-07
4.70561e-16
1.184e-15
1.58225e-15
5.88945e-07
-4.52352e-16
1.46676e-15
1.2068e-15
7.34096e-07
1.40579e-15
5.85946e-16
8.06798e-07
1.08688e-15
5.09285e-16
8.06798e-07
1.0784e-15
6.45051e-16
7.34096e-07
1.74009e-15
5.88945e-07
4.93987e-16
-2.81305e-16
4.41971e-07
-5.70202e-16
3.32697e-15
8.76998e-16
5.88945e-07
3.76179e-16
1.41345e-15
6.62151e-07
2.80199e-18
1.50143e-15
6.62151e-07
2.8078e-16
1.65434e-15
5.88945e-07
2.13536e-16
4.41971e-07
4.28621e-16
2.92505e-15
1.14161e-15
-1.07923e-16
4.41971e-07
-3.00437e-16
-7.10395e-16
1.12409e-15
2.10765e-16
5.88945e-07
-3.78207e-16
7.00176e-16
4.35732e-16
6.62151e-07
-5.12273e-16
1.22708e-16
5.17215e-16
6.62151e-07
-5.99673e-16
-5.37653e-16
3.43337e-16
5.88945e-07
-3.7009e-16
-5.07817e-17
4.41971e-07
-2.19196e-16
-1.05587e-15
1.57046e-15
-6.17168e-16
5.88945e-07
-1.30435e-15
1.36326e-15
-1.9168e-16
7.34096e-07
8.00955e-16
3.49967e-17
8.06798e-07
9.61032e-17
9.31703e-17
8.06798e-07
-5.37966e-16
-2.29188e-17
7.34096e-07
-3.69712e-16
5.88945e-07
-1.2705e-15
1.7202e-15
-1.48471e-15
6.62151e-07
-1.41716e-15
1.45028e-15
-9.10183e-16
8.06798e-07
8.02008e-16
-7.00224e-16
8.79248e-07
2.94506e-17
-6.3221e-16
8.79248e-07
-5.77849e-16
-6.90795e-16
8.06798e-07
-9.39642e-16
6.62151e-07
-1.19576e-15
1.82681e-15
-2.34649e-15
6.62151e-07
-1.57085e-15
1.53468e-15
-1.70274e-15
8.06798e-07
8.53239e-16
-1.4513e-15
8.79248e-07
2.29066e-17
-1.34992e-15
8.79248e-07
-5.77763e-16
-1.35448e-15
8.06798e-07
-1.51837e-15
6.62151e-07
-1.17636e-15
1.93975e-15
-3.57998e-15
5.88945e-07
-1.22635e-15
1.6884e-15
-2.31177e-15
7.34096e-07
9.90322e-16
-1.91902e-15
8.06798e-07
1.68456e-16
-1.7757e-15
8.06798e-07
-4.70912e-16
-1.77974e-15
7.34096e-07
-2.06385e-15
5.88945e-07
-8.55935e-16
2.83533e-15
4.41971e-07
-2.95897e-15
-4.20547e-15
1.98463e-15
5.88945e-07
-2.39508e-15
1.00492e-15
6.62151e-07
-2.14538e-15
1.01807e-16
6.62151e-07
-2.10689e-15
-8.96262e-16
5.88945e-07
-1.84881e-15
4.41971e-07
-1.43383e-15
-2.55225e-15
-5.89496e-17
9.68148e-16
4.41971e-07
-1.02653e-15
2.28638e-16
-9.08366e-17
8.41194e-16
5.88945e-07
-9.45475e-16
-3.21624e-16
7.81174e-16
6.62151e-07
-8.53414e-16
-5.70363e-16
6.38685e-16
6.62151e-07
-6.74699e-16
-6.38879e-16
4.0423e-16
5.88945e-07
-4.43778e-16
2.15526e-16
4.41971e-07
-3.94285e-16
-5.70502e-16
3.30875e-16
5.02303e-16
5.88945e-07
-1.19428e-16
2.04988e-16
4.85086e-16
7.34096e-07
-1.63918e-16
4.74599e-16
8.06798e-07
-5.45077e-16
3.88939e-16
8.06798e-07
-7.56866e-16
1.95412e-16
7.34096e-07
-8.20034e-17
5.88945e-07
-8.50301e-16
4.65438e-16
-6.32824e-17
6.62151e-07
-3.05005e-16
2.65166e-16
-8.57077e-17
8.06798e-07
-1.73794e-16
-6.14093e-17
8.79248e-07
-6.03554e-16
-1.05425e-16
8.79248e-07
-8.51655e-16
-2.48547e-16
8.06798e-07
-5.2096e-16
6.62151e-07
-9.48285e-16
4.17063e-16
-5.83161e-16
6.62151e-07
-3.13618e-16
2.21612e-16
-6.58393e-16
8.06798e-07
-2.46525e-16
-5.8327e-16
8.79248e-07
-7.05756e-16
-6.22322e-16
8.79248e-07
-9.67439e-16
-6.64656e-16
8.06798e-07
-1.12164e-15
6.62151e-07
-9.20557e-16
1.25814e-16
-6.93577e-16
5.88945e-07
-1.14097e-16
2.41439e-17
-1.05771e-15
7.34096e-07
-4.12258e-16
-8.83024e-16
8.06798e-07
-8.60936e-16
-8.94083e-16
8.06798e-07
-1.2257e-15
-7.86684e-16
7.34096e-07
-1.73104e-15
5.88945e-07
-9.5308e-16
-1.41502e-16
4.41971e-07
-8.32514e-16
5.38276e-16
-2.97432e-16
5.88945e-07
-1.16829e-15
-7.90935e-16
6.62151e-07
-8.91165e-16
-1.25766e-15
6.62151e-07
-9.23639e-16
-1.74548e-15
5.88945e-07
-4.88831e-16
4.41971e-07
-7.55879e-16
-3.06007e-15
-6.75631e-16
2.58226e-16
4.41971e-07
-6.71376e-17
6.31934e-16
-6.26672e-16
4.28136e-16
5.88945e-07
-4.23251e-16
-6.64435e-16
4.32365e-16
6.62151e-07
-3.7052e-16
-6.53824e-16
3.77112e-16
6.62151e-07
-2.83623e-16
-4.9278e-16
2.89585e-16
5.88945e-07
-1.6472e-16
2.49435e-16
4.41971e-07
-1.40566e-16
-3.16816e-16
-5.3554e-16
-1.57927e-16
5.88945e-07
8.67512e-16
-3.98706e-16
2.15164e-17
7.34096e-07
-4.77575e-16
1.47923e-16
8.06798e-07
-5.86994e-16
1.94345e-16
8.06798e-07
-5.75259e-16
1.88772e-16
7.34096e-07
2.00744e-16
5.88945e-07
-4.8382e-16
-2.76896e-16
-7.86564e-16
6.62151e-07
6.74295e-16
-1.69794e-16
-5.49609e-16
8.06798e-07
-3.1454e-16
-3.07194e-16
8.79248e-07
-4.91508e-16
-1.62186e-16
8.79248e-07
-5.57663e-16
-6.66678e-17
8.06798e-07
4.92255e-17
6.62151e-07
-5.64217e-16
-9.01197e-18
-1.30983e-15
6.62151e-07
3.2499e-16
3.40548e-17
-1.0528e-15
8.06798e-07
-1.7103e-16
-7.31615e-16
8.79248e-07
-3.90197e-16
-5.23412e-16
8.79248e-07
-4.81362e-16
-3.35701e-16
8.06798e-07
-2.13181e-18
6.62151e-07
-5.46072e-16
2.12546e-16
-1.53275e-15
5.88945e-07
1.45189e-16
1.70146e-16
-1.22951e-15
7.34096e-07
-6.81697e-17
-9.00315e-16
8.06798e-07
-3.05044e-16
-6.64907e-16
8.06798e-07
-2.95026e-16
-4.02594e-16
7.34096e-07
1.88991e-16
5.88945e-07
-4.51115e-16
1.12855e-15
4.41971e-07
-7.14101e-16
-2.1201e-15
4.7683e-16
5.88945e-07
-7.93786e-16
6.01772e-17
6.62151e-07
-7.65168e-16
-1.24016e-16
6.62151e-07
-6.13775e-16
1.6727e-16
5.88945e-07
-6.1079e-16
4.41971e-07
-4.01274e-16
1.01442e-15
-2.34799e-16
1.03065e-15
4.41971e-07
-8.62013e-16
5.79885e-17
-5.32623e-16
1.13852e-15
5.88945e-07
-1.05787e-15
-7.70645e-16
1.08863e-15
6.62151e-07
-1.10413e-15
-8.80022e-16
9.22484e-16
6.62151e-07
-9.63808e-16
-7.66951e-16
7.17861e-16
5.88945e-07
-7.52325e-16
5.08457e-16
4.41971e-07
-5.42446e-16
-5.10412e-16
-1.93216e-16
9.57639e-16
5.88945e-07
-2.94924e-17
-4.65608e-16
8.79984e-16
7.34096e-07
-8.00462e-16
7.78139e-16
8.06798e-07
-1.02968e-15
6.5819e-16
8.06798e-07
-1.04779e-15
5.13149e-16
7.34096e-07
3.77959e-16
5.88945e-07
-8.55677e-16
-8.05574e-17
7.56191e-16
6.62151e-07
-1.81544e-16
-4.14843e-16
4.37941e-16
8.06798e-07
-7.93954e-16
3.26843e-16
8.79248e-07
-1.11195e-15
2.61494e-16
8.79248e-07
-1.22386e-15
2.12518e-16
8.06798e-07
1.52506e-16
6.62151e-07
-1.07059e-15
-1.33802e-16
5.52402e-16
6.62151e-07
-1.27945e-16
-4.63245e-16
2.21761e-17
8.06798e-07
-8.66629e-16
-9.83412e-17
8.79248e-07
-1.20794e-15
-1.18674e-16
8.79248e-07
-1.3557e-15
-7.74438e-17
8.06798e-07
-1.68979e-16
6.62151e-07
-1.14355e-15
-3.12422e-16
6.98898e-16
5.88945e-07
-1.45294e-16
-6.54442e-16
-1.54766e-16
7.34096e-07
-1.0495e-15
-3.13511e-16
8.06798e-07
-1.3593e-15
-3.01027e-16
8.06798e-07
-1.52615e-15
-1.70516e-16
7.34096e-07
-5.41285e-16
5.88945e-07
-1.18016e-15
-1.01416e-15
4.41971e-07
2.33286e-16
1.65258e-15
-9.95504e-16
5.88945e-07
-3.27079e-16
-1.24058e-15
6.62151e-07
-2.8119e-16
-1.43931e-15
6.62151e-07
-2.69747e-16
-1.66647e-15
5.88945e-07
8.82174e-17
4.41971e-07
-7.15452e-16
-1.60174e-15
-5.89796e-16
-1.00245e-16
4.41971e-07
3.42876e-16
4.93421e-16
-6.4053e-16
1.4937e-16
5.88945e-07
7.54152e-18
-6.82448e-16
2.38267e-16
6.62151e-07
-6.02699e-17
-6.05552e-16
2.62656e-16
6.62151e-07
-6.86929e-17
-4.04306e-16
2.10675e-16
5.88945e-07
1.90847e-18
1.71633e-16
4.41971e-07
5.52089e-17
-1.32212e-16
-6.65274e-16
-2.27445e-16
5.88945e-07
8.15104e-16
-6.47239e-16
-7.71209e-18
7.34096e-07
-6.89155e-16
1.16946e-16
8.06798e-07
-6.83904e-16
1.99704e-16
8.06798e-07
-5.2747e-16
2.50339e-16
7.34096e-07
3.05336e-16
5.88945e-07
-2.61933e-16
-5.256e-16
-5.21749e-16
6.62151e-07
7.55966e-16
-4.89831e-16
-3.3072e-16
8.06798e-07
-5.64505e-16
-1.62694e-16
8.79248e-07
-6.22825e-16
8.78581e-18
8.79248e-07
-5.28249e-16
1.8906e-16
8.06798e-07
3.96628e-16
6.62151e-07
-3.13454e-16
-2.99715e-16
-7.96155e-16
6.62151e-07
4.77908e-16
-2.98344e-16
-6.1516e-16
8.06798e-07
-4.06935e-16
-4.0744e-16
8.79248e-07
-4.80041e-16
-1.53749e-16
8.79248e-07
-4.21468e-16
1.09605e-16
8.06798e-07
5.6645e-16
6.62151e-07
-2.90195e-16
-1.53158e-17
-9.47975e-16
5.88945e-07
2.94917e-16
-6.19505e-17
-6.85283e-16
7.34096e-07
-1.73145e-16
-4.54448e-16
8.06798e-07
-2.3824e-16
-2.04008e-16
8.06798e-07
-6.91945e-17
9.85136e-17
7.34096e-07
9.03044e-16
5.88945e-07
-9.72199e-17
7.69935e-16
4.41971e-07
-2.22492e-16
-1.60826e-15
3.91579e-16
5.88945e-07
-3.12079e-16
2.32516e-16
6.62151e-07
-2.8389e-16
2.48248e-16
6.62151e-07
-9.24293e-17
6.74917e-16
5.88945e-07
-1.05085e-16
4.41971e-07
-8.05766e-18
2.07443e-15
-4.16301e-16
7.81053e-16
4.41971e-07
-7.11821e-16
2.44878e-16
-7.01569e-16
8.69226e-16
5.88945e-07
-8.29527e-16
-8.97597e-16
8.46699e-16
6.62151e-07
-8.64515e-16
-9.51797e-16
7.36393e-16
6.62151e-07
-7.60876e-16
-8.06498e-16
5.60844e-16
5.88945e-07
-5.57075e-16
3.45445e-16
4.41971e-07
-3.3984e-16
-4.13403e-16
-5.29909e-16
7.18488e-16
5.88945e-07
3.13454e-16
-8.0353e-16
6.76412e-16
7.34096e-07
-1.0554e-15
6.21799e-16
8.06798e-07
-1.16003e-15
5.63318e-16
8.06798e-07
-1.10235e-15
4.66956e-16
7.34096e-07
3.70482e-16
5.88945e-07
-7.39532e-16
-5.22937e-16
5.79354e-16
6.62151e-07
2.67974e-16
-8.0162e-16
3.5778e-16
8.06798e-07
-1.08583e-15
2.6188e-16
8.79248e-07
-1.25308e-15
2.64718e-16
8.79248e-07
-1.2278e-15
3.2356e-16
8.06798e-07
3.49164e-16
6.62151e-07
-9.02079e-16
-5.97707e-16
4.43873e-16
6.62151e-07
3.87019e-16
-8.3625e-16
1.17723e-19
8.06798e-07
-1.08976e-15
-1.01909e-16
8.79248e-07
-1.23631e-15
-2.65661e-17
8.79248e-07
-1.25063e-15
1.4187e-16
8.06798e-07
3.05604e-16
6.62151e-07
-9.62497e-16
-7.6224e-16
5.79744e-16
5.88945e-07
3.93343e-16
-9.09442e-16
-2.18411e-16
7.34096e-07
-1.04983e-15
-3.42502e-16
8.06798e-07
-1.15136e-15
-2.31886e-16
8.06798e-07
-1.14517e-15
3.34735e-18
7.34096e-07
2.17961e-16
5.88945e-07
-9.17874e-16
-1.41054e-15
4.41971e-07
2.42594e-16
2.23516e-15
-1.0637e-15
5.88945e-07
-3.61777e-16
-9.71796e-16
6.62151e-07
-2.95774e-16
-9.08399e-16
6.62151e-07
-1.81458e-16
-9.16903e-16
5.88945e-07
1.83685e-16
4.41971e-07
-5.09014e-16
-2.60706e-17
-2.50138e-16
-6.3995e-16
4.41971e-07
6.19754e-16
-9.58963e-17
-4.95505e-16
-3.36075e-16
5.88945e-07
3.31424e-16
-6.22533e-16
-1.23199e-16
6.62151e-07
1.87092e-16
-6.13396e-16
-5.34031e-18
6.62151e-07
1.16068e-16
-5.07902e-16
1.4866e-17
5.88945e-07
1.51248e-16
1.79281e-17
4.41971e-07
1.64763e-16
-3.35442e-16
-4.13423e-16
-6.80065e-16
5.88945e-07
1.07466e-16
-5.99781e-16
-3.66017e-16
7.34096e-07
-7.1606e-16
-1.30335e-16
8.06798e-07
-7.25392e-16
6.05767e-17
8.06798e-07
-6.65296e-16
1.9888e-16
7.34096e-07
3.57972e-16
5.88945e-07
-5.4257e-16
-3.58095e-16
-7.62177e-16
6.62151e-07
1.50562e-16
-4.84433e-16
-4.82358e-16
8.06798e-07
-5.85494e-16
-2.11689e-16
8.79248e-07
-6.4645e-16
7.53365e-17
8.79248e-07
-5.9766e-16
3.95833e-16
8.06798e-07
7.76771e-16
6.62151e-07
-5.80432e-16
-1.30338e-16
-7.6043e-16
6.62151e-07
-9.07004e-17
-2.21377e-16
-5.46121e-16
8.06798e-07
-2.96902e-16
-2.82546e-16
8.79248e-07
-3.26293e-16
1.28407e-16
8.79248e-07
-3.36196e-16
5.39836e-16
8.06798e-07
1.4777e-15
6.62151e-07
-5.38713e-16
2.07224e-16
-7.69089e-16
5.88945e-07
-2.41564e-16
1.70997e-16
-5.09597e-16
7.34096e-07
1.93757e-16
-2.53988e-16
8.06798e-07
2.1263e-16
2.0795e-16
8.06798e-07
3.80989e-16
6.67936e-16
7.34096e-07
2.45781e-15
5.88945e-07
-1.55448e-16
1.09632e-15
4.41971e-07
5.88617e-17
-2.08862e-15
8.35864e-16
5.88945e-07
-1.98087e-17
8.88316e-16
6.62151e-07
4.85214e-18
1.01703e-15
6.62151e-07
5.08966e-16
1.51254e-15
5.88945e-07
5.77327e-16
4.41971e-07
5.51939e-18
4.87269e-15
2.60295e-16
-3.15669e-16
4.41971e-07
2.75584e-16
-7.59976e-17
3.63359e-16
-3.64772e-16
5.88945e-07
4.21137e-16
3.95404e-16
-2.96544e-16
6.62151e-07
3.63514e-16
3.87519e-16
-2.36494e-16
6.62151e-07
2.05214e-16
4.07296e-16
-1.92353e-16
5.88945e-07
6.35987e-17
-1.59725e-16
4.41971e-07
-3.59935e-17
3.27785e-16
6.22828e-17
-4.34789e-17
5.88945e-07
-4.2372e-17
1.17061e-16
-1.69348e-16
7.34096e-07
1.15953e-16
-2.05208e-16
8.06798e-07
1.34329e-16
-2.28974e-16
8.06798e-07
1.85687e-16
-2.74052e-16
7.34096e-07
-3.57988e-16
5.88945e-07
2.12553e-16
-1.33971e-16
2.87379e-16
6.62151e-07
1.19768e-16
-7.34054e-17
-2.61312e-17
8.06798e-07
-5.26063e-17
-1.87529e-16
8.79248e-07
-7.49294e-18
-3.11747e-16
8.79248e-07
6.05775e-17
-4.01305e-16
8.06798e-07
-5.77017e-16
6.62151e-07
1.51283e-16
-3.24462e-16
6.14106e-16
6.62151e-07
3.38463e-16
-2.33663e-16
5.54414e-17
8.06798e-07
-1.65762e-16
-2.45526e-16
8.79248e-07
-5.10165e-17
-4.98165e-16
8.79248e-07
2.7096e-17
-5.84523e-16
8.06798e-07
-9.12368e-16
6.62151e-07
1.86987e-16
-5.42976e-16
9.81858e-16
5.88945e-07
3.47848e-16
-4.32651e-16
3.63684e-17
7.34096e-07
-2.92132e-16
-4.18239e-16
8.06798e-07
-4.45824e-17
-9.35539e-16
8.06798e-07
2.73055e-17
-8.66155e-16
7.34096e-07
-1.41963e-15
5.88945e-07
2.39954e-16
-1.30842e-15
4.41971e-07
3.63061e-16
2.14981e-15
-8.73068e-16
5.88945e-07
-4.68452e-16
-6.94885e-16
6.62151e-07
-8.26362e-16
-7.00679e-17
6.62151e-07
-1.8902e-15
-3.60949e-16
5.88945e-07
-1.10482e-15
4.41971e-07
3.08815e-16
-2.82674e-15
-6.03398e-16
9.12577e-16
4.41971e-07
-8.82361e-16
6.17984e-16
-4.58476e-16
7.38191e-16
5.88945e-07
-7.62177e-16
-2.67248e-16
7.08961e-16
6.62151e-07
-6.68484e-16
-6.52648e-17
7.55968e-16
6.62151e-07
-6.49908e-16
1.57599e-16
8.65744e-16
5.88945e-07
-6.81404e-16
9.28103e-16
4.41971e-07
-6.03111e-16
2.2905e-16
-5.90982e-16
8.07159e-16
5.88945e-07
6.58089e-16
-4.62927e-16
7.77638e-16
7.34096e-07
-3.32524e-16
8.47651e-16
8.06798e-07
-1.52706e-16
9.69448e-16
8.06798e-07
4.76722e-17
1.10141e-15
7.34096e-07
1.23614e-15
5.88945e-07
1.80627e-16
-4.31032e-16
7.83526e-16
6.62151e-07
4.32171e-16
-3.70272e-16
8.83683e-16
8.06798e-07
-3.01697e-16
1.03169e-15
8.79248e-07
-2.1802e-16
1.21532e-15
8.79248e-07
-1.02567e-16
1.43151e-15
8.06798e-07
1.62327e-15
6.62151e-07
-7.97721e-17
-6.01212e-17
8.60438e-16
6.62151e-07
-1.10668e-16
-1.00502e-16
1.05748e-15
8.06798e-07
-1.19986e-16
1.27339e-15
8.79248e-07
-1.36966e-16
1.54638e-15
8.79248e-07
-2.16992e-16
1.87143e-15
8.06798e-07
2.21657e-15
6.62151e-07
-4.13847e-16
5.09506e-16
8.79082e-16
5.88945e-07
-5.85872e-16
3.79419e-16
1.29293e-15
7.34096e-07
2.51495e-16
1.5945e-15
8.06798e-07
2.15902e-17
1.98671e-15
8.06798e-07
-2.75042e-16
2.47159e-15
7.34096e-07
3.1294e-15
5.88945e-07
-8.08676e-16
1.65491e-15
4.41971e-07
1.57437e-15
-2.61182e-15
1.14228e-15
5.88945e-07
1.97282e-15
8.06151e-16
6.62151e-07
2.21341e-15
1.8751e-16
6.62151e-07
2.98249e-15
-1.58e-16
5.88945e-07
3.29961e-15
4.41971e-07
-1.22707e-15
4.90013e-15
-4.48665e-16
2.12105e-16
4.41971e-07
2.99e-16
2.0149e-16
-4.27207e-16
3.30068e-16
5.88945e-07
2.83592e-17
-3.33772e-16
3.09007e-16
6.62151e-07
1.74147e-17
-1.93242e-16
3.38598e-16
6.62151e-07
-3.90995e-17
-9.89245e-17
3.5178e-16
5.88945e-07
-5.15845e-17
2.91007e-16
4.41971e-07
-3.44882e-17
-1.78413e-16
-6.63609e-16
6.97849e-16
5.88945e-07
5.42507e-16
-5.52196e-16
6.62401e-16
7.34096e-07
-3.94544e-16
5.91161e-16
8.06798e-07
-2.304e-16
5.89909e-16
8.06798e-07
-8.23201e-17
5.99094e-16
7.34096e-07
5.30458e-16
5.88945e-07
-1.51845e-16
-7.00673e-16
1.17146e-15
6.62151e-07
6.02316e-16
-6.03757e-16
1.00402e-15
8.06798e-07
-4.60704e-16
8.84695e-16
8.79248e-07
-3.15251e-16
8.36865e-16
8.79248e-07
-1.60363e-16
8.17214e-16
8.06798e-07
7.22948e-16
6.62151e-07
-1.86003e-16
-7.19486e-16
1.58157e-15
6.62151e-07
6.68e-16
-6.31114e-16
1.31401e-15
8.06798e-07
-5.16261e-16
1.12786e-15
8.79248e-07
-3.88766e-16
1.04992e-15
8.79248e-07
-2.54383e-16
9.64582e-16
8.06798e-07
7.98441e-16
6.62151e-07
-2.23751e-16
-7.57263e-16
1.99617e-15
5.88945e-07
5.55335e-16
-6.9628e-16
1.47673e-15
7.34096e-07
-5.87135e-16
1.24283e-15
8.06798e-07
-5.03701e-16
1.16404e-15
8.06798e-07
-3.46996e-16
1.00956e-15
7.34096e-07
7.04381e-16
5.88945e-07
-2.40562e-16
-1.41323e-15
4.41971e-07
1.44532e-15
2.21348e-15
-9.82751e-16
5.88945e-07
9.90551e-16
-7.82217e-16
6.62151e-07
9.59291e-16
-5.72918e-16
6.62151e-07
8.82123e-16
-3.11333e-16
5.88945e-07
6.24256e-16
4.41971e-07
6.48487e-17
9.9034e-17
8.71361e-16
-4.15534e-16
4.41971e-07
1.29259e-17
-7.15596e-16
7.37452e-16
-2.32393e-16
5.88945e-07
1.86682e-16
6.37953e-16
-3.41404e-17
6.62151e-07
-4.05874e-17
4.98968e-16
1.07237e-16
6.62151e-07
-1.79627e-16
3.50791e-16
2.18549e-16
5.88945e-07
-3.44682e-16
2.28326e-16
4.41971e-07
-4.09197e-16
2.48645e-17
7.88115e-16
-3.67818e-16
5.88945e-07
-9.67849e-16
6.40676e-16
-1.44145e-16
7.34096e-07
5.50194e-16
1.46695e-17
8.06798e-07
4.67048e-16
1.10207e-16
8.06798e-07
3.58004e-16
1.58556e-16
7.34096e-07
7.96939e-17
5.88945e-07
4.19932e-17
6.98595e-16
-3.30777e-16
6.62151e-07
-8.60224e-16
5.98383e-16
-4.80373e-17
8.06798e-07
5.28009e-16
8.40629e-17
8.79248e-07
4.54625e-16
1.3889e-16
8.79248e-07
3.63624e-16
1.08688e-16
8.06798e-07
-6.30608e-17
6.62151e-07
6.70875e-17
7.98587e-16
-3.0648e-16
6.62151e-07
-9.89307e-16
6.86813e-16
9.06735e-18
8.06798e-07
5.84597e-16
1.30413e-16
8.79248e-07
4.87818e-16
1.25993e-16
8.79248e-07
4.04841e-16
1.22032e-17
8.06798e-07
-2.44973e-16
6.62151e-07
1.4781e-16
9.99129e-16
-6.30728e-16
5.88945e-07
-9.61748e-16
8.56392e-16
-1.07245e-16
7.34096e-07
6.99758e-16
4.06417e-17
8.06798e-07
5.75677e-16
4.04354e-18
8.06798e-07
5.23879e-16
-1.92808e-16
7.34096e-07
-5.19809e-16
5.88945e-07
2.7765e-16
1.65142e-15
4.41971e-07
-6.01502e-16
-2.51668e-15
1.19476e-15
5.88945e-07
-3.07062e-16
9.36686e-16
6.62151e-07
-2.70806e-16
7.83393e-16
6.62151e-07
-3.5999e-16
6.86074e-16
5.88945e-07
-6.13019e-16
4.41971e-07
2.48515e-16
-7.11514e-16
1.25879e-16
-4.07631e-17
4.41971e-07
2.9578e-16
-8.34159e-17
2.18108e-16
-5.43346e-17
5.88945e-07
2.33749e-16
2.28843e-16
1.00825e-17
6.62151e-07
2.03769e-16
2.14399e-16
7.91244e-17
6.62151e-07
1.03697e-16
1.94625e-16
1.59708e-16
5.88945e-07
1.67205e-17
1.87192e-16
4.41971e-07
-5.34584e-17
1.65642e-17
2.16476e-16
3.14963e-16
5.88945e-07
-1.76468e-16
2.1816e-16
2.86972e-16
7.34096e-07
2.36176e-16
3.10081e-16
8.06798e-07
2.68451e-16
3.25525e-16
8.06798e-07
2.83832e-16
3.16112e-16
7.34096e-07
2.6909e-16
5.88945e-07
1.12989e-16
1.4038e-16
7.28928e-16
6.62151e-07
-1.89686e-16
1.44806e-16
6.44727e-16
8.06798e-07
1.79914e-16
5.88422e-16
8.79248e-07
2.46702e-16
5.27148e-16
8.79248e-07
2.97693e-16
4.42545e-16
8.06798e-07
3.02071e-16
6.62151e-07
1.27648e-16
3.77514e-17
1.08751e-15
6.62151e-07
-3.24692e-17
6.68387e-17
9.31983e-16
8.06798e-07
1.23011e-16
7.96916e-16
8.79248e-07
2.12795e-16
6.49034e-16
8.79248e-07
2.89564e-16
4.63142e-16
8.06798e-07
2.63942e-16
6.62151e-07
1.68617e-16
-1.21507e-16
1.42902e-15
5.88945e-07
1.98105e-17
-5.78707e-17
1.04058e-15
7.34096e-07
3.55141e-17
8.41572e-16
8.06798e-07
1.34796e-16
6.35764e-16
8.06798e-07
2.4499e-16
4.30295e-16
7.34096e-07
2.50827e-16
5.88945e-07
1.27526e-16
-7.65463e-16
4.41971e-07
9.77862e-16
1.64911e-15
-3.79734e-16
5.88945e-07
7.3759e-16
-1.56071e-16
6.62151e-07
6.44323e-16
4.56077e-18
6.62151e-07
4.85079e-16
9.60874e-17
5.88945e-07
3.5084e-16
4.41971e-07
2.5429e-17
1.96068e-16
5.10874e-16
2.23878e-16
4.41971e-07
-5.44352e-16
-3.31071e-16
4.69369e-16
2.57823e-16
5.88945e-07
-4.59293e-16
3.44414e-16
3.56333e-16
6.62151e-07
-5.53581e-16
1.54111e-16
4.12636e-16
6.62151e-07
-5.7627e-16
-2.86161e-17
4.22735e-16
5.88945e-07
-5.68649e-16
3.18617e-16
4.41971e-07
-4.50337e-16
-1.76345e-16
7.09694e-16
-5.77654e-17
5.88945e-07
-6.93766e-16
5.74191e-16
6.71117e-17
7.34096e-07
3.9902e-16
1.90518e-16
8.06798e-07
1.75854e-16
2.4433e-16
8.06798e-07
-4.96076e-17
2.27368e-16
7.34096e-07
1.42954e-16
5.88945e-07
-2.6904e-16
7.77822e-16
-3.58653e-16
6.62151e-07
-8.08335e-16
6.06075e-16
-1.17396e-16
8.06798e-07
3.97612e-16
2.39379e-17
8.79248e-07
1.88891e-16
7.44969e-17
8.79248e-07
-4.92295e-17
3.22202e-17
8.06798e-07
-6.01677e-17
6.62151e-07
-3.07022e-16
8.68178e-16
-6.56463e-16
6.62151e-07
-9.55335e-16
6.76787e-16
-3.35158e-16
8.06798e-07
4.57101e-16
-1.67865e-16
8.79248e-07
2.37701e-16
-1.3773e-16
8.79248e-07
3.68089e-18
-1.91752e-16
8.06798e-07
-2.57578e-16
6.62151e-07
-2.65073e-16
9.49147e-16
-1.11946e-15
5.88945e-07
-8.42571e-16
7.77534e-16
-6.12058e-16
7.34096e-07
5.52693e-16
-4.06611e-16
8.06798e-07
3.12409e-16
-3.75044e-16
8.06798e-07
8.49078e-17
-4.01975e-16
7.34096e-07
-3.76876e-16
5.88945e-07
-1.94333e-16
1.42972e-15
4.41971e-07
-9.01228e-16
-2.20505e-15
9.9912e-16
5.88945e-07
-6.39517e-16
6.79477e-16
6.62151e-07
-5.40499e-16
4.1421e-16
6.62151e-07
-5.23436e-16
1.70446e-16
5.88945e-07
-5.07239e-16
4.41971e-07
-1.12785e-16
-3.7725e-16
-4.70732e-16
3.6591e-16
4.41971e-07
8.61987e-17
3.4946e-16
-3.78526e-16
3.81437e-16
5.88945e-07
-1.50809e-16
-3.28828e-16
3.24594e-16
6.62151e-07
-9.00942e-17
-2.74055e-16
2.90592e-16
6.62151e-07
-6.804e-17
-2.05225e-16
2.32084e-16
5.88945e-07
8.77885e-18
1.50882e-16
4.41971e-07
6.07366e-17
-1.08883e-16
-3.84793e-16
5.94017e-16
5.88945e-07
4.78333e-16
-2.92752e-16
5.34963e-16
7.34096e-07
-2.44703e-16
4.77387e-16
8.06798e-07
-2.13941e-16
4.35426e-16
8.06798e-07
-1.72538e-16
3.8807e-16
7.34096e-07
3.20583e-16
5.88945e-07
-1.0591e-16
-3.39352e-16
7.88243e-16
6.62151e-07
3.83484e-16
-2.80231e-16
6.62406e-16
8.06798e-07
-2.41924e-16
5.95579e-16
8.79248e-07
-2.05716e-16
5.31861e-16
8.79248e-07
-1.76311e-16
4.72063e-16
8.06798e-07
4.1929e-16
6.62151e-07
-1.15982e-16
-4.37704e-16
9.39981e-16
6.62151e-07
5.21504e-16
-3.52284e-16
7.55243e-16
8.06798e-07
-2.98448e-16
6.60519e-16
8.79248e-07
-2.32681e-16
5.82439e-16
8.79248e-07
-1.88293e-16
5.24637e-16
8.06798e-07
4.78268e-16
6.62151e-07
-9.74374e-17
-6.19302e-16
1.27848e-15
5.88945e-07
5.32153e-16
-5.20736e-16
8.29859e-16
7.34096e-07
-4.11796e-16
6.9358e-16
8.06798e-07
-3.28812e-16
6.12762e-16
8.06798e-07
-2.47744e-16
5.86239e-16
7.34096e-07
5.54095e-16
5.88945e-07
-1.08442e-16
-1.32719e-15
4.41971e-07
1.01812e-15
2.21616e-15
-9.00315e-16
5.88945e-07
7.67858e-16
-6.57714e-16
6.62151e-07
7.44177e-16
-4.90912e-16
6.62151e-07
7.19796e-16
-3.33022e-16
5.88945e-07
7.21483e-16
4.41971e-07
-4.22876e-17
5.92009e-16
5.38765e-16
-8.83154e-17
4.41971e-07
-1.93188e-16
-4.9357e-16
3.59023e-16
9.24754e-17
5.88945e-07
-2.02482e-16
1.86913e-16
2.14263e-16
6.62151e-07
-3.51622e-16
1.88775e-17
2.4409e-16
6.62151e-07
-3.78673e-16
-1.23012e-16
2.07249e-16
5.88945e-07
-3.42599e-16
8.90569e-17
4.41971e-07
-2.42363e-16
-1.10141e-16
6.27629e-16
-2.77247e-16
5.88945e-07
-7.75737e-16
4.38245e-16
-8.57361e-17
7.34096e-07
2.29627e-16
3.04578e-17
8.06798e-07
2.22422e-17
7.33635e-17
8.06798e-07
-1.79868e-16
4.3279e-17
7.34096e-07
-5.40375e-17
5.88945e-07
-2.24366e-16
6.90002e-16
-5.25394e-16
6.62151e-07
-8.11412e-16
5.01373e-16
-2.92342e-16
8.06798e-07
2.77958e-16
-1.61193e-16
8.79248e-07
4.73979e-17
-1.06472e-16
8.79248e-07
-1.67417e-16
-1.24038e-16
8.06798e-07
-1.9778e-16
6.62151e-07
-2.37417e-16
7.70935e-16
-7.47367e-16
6.62151e-07
-9.20522e-16
5.68246e-16
-4.98395e-16
8.06798e-07
3.40982e-16
-3.51929e-16
8.79248e-07
1.02128e-16
-2.90492e-16
8.79248e-07
-1.00628e-16
-2.84278e-16
8.06798e-07
-3.17549e-16
6.62151e-07
-1.77104e-16
8.38792e-16
-1.05485e-15
5.88945e-07
-8.3103e-16
6.40084e-16
-6.70751e-16
7.34096e-07
4.2501e-16
-5.08464e-16
8.06798e-07
2.07169e-16
-4.43794e-16
8.06798e-07
1.9973e-17
-4.32955e-16
7.34096e-07
-4.1386e-16
5.88945e-07
-4.50948e-17
1.26527e-15
4.41971e-07
-7.40417e-16
-2.04388e-15
8.34314e-16
5.88945e-07
-5.41681e-16
5.52359e-16
6.62151e-07
-4.89849e-16
3.45437e-16
6.62151e-07
-4.64286e-16
2.09277e-16
5.88945e-07
-4.66262e-16
4.41971e-07
1.0007e-16
-3.73266e-16
-4.34529e-16
1.0536e-16
4.41971e-07
2.8703e-16
2.75408e-16
-4.17313e-16
9.87361e-17
5.88945e-07
1.08024e-16
-4.12394e-16
7.44062e-17
6.62151e-07
1.46099e-16
-3.54239e-16
4.44414e-17
6.62151e-07
1.53887e-16
-2.46983e-16
-2.92175e-17
5.88945e-07
2.3475e-16
-8.56367e-17
4.41971e-07
2.45313e-16
-5.65977e-17
-3.74175e-16
3.54544e-16
5.88945e-07
3.72493e-16
-3.6048e-16
3.07758e-16
7.34096e-07
-3.52122e-16
2.64853e-16
8.06798e-07
-3.2418e-16
2.07249e-16
8.06798e-07
-2.32694e-16
1.57846e-16
7.34096e-07
1.05379e-16
5.88945e-07
-5.89289e-17
-3.50065e-16
6.35091e-16
6.62151e-07
3.17739e-16
-3.4309e-16
4.77274e-16
8.06798e-07
-3.43672e-16
3.97619e-16
8.79248e-07
-2.99262e-16
3.49429e-16
8.79248e-07
-2.17964e-16
2.99127e-16
8.06798e-07
2.71539e-16
6.62151e-07
-3.62028e-17
-4.67507e-16
8.80162e-16
6.62151e-07
4.90638e-16
-4.33699e-16
6.43126e-16
8.06798e-07
-3.87987e-16
5.11222e-16
8.79248e-07
-3.273e-16
4.58285e-16
8.79248e-07
-2.17804e-16
4.23914e-16
8.06798e-07
3.96033e-16
6.62151e-07
-4.58337e-18
-6.81092e-16
1.32941e-15
5.88945e-07
5.25555e-16
-6.11277e-16
8.16905e-16
7.34096e-07
-5.02952e-16
6.36184e-16
8.06798e-07
-3.87376e-16
5.52701e-16
8.06798e-07
-2.43575e-16
5.38645e-16
7.34096e-07
5.14161e-16
5.88945e-07
8.44837e-18
-1.47704e-15
4.41971e-07
1.12585e-15
2.36457e-15
-1.01904e-15
5.88945e-07
8.47235e-16
-7.50676e-16
6.62151e-07
7.90685e-16
-5.322e-16
6.62151e-07
7.5787e-16
-3.15262e-16
5.88945e-07
7.60857e-16
4.41971e-07
3.94516e-17
6.33277e-16
-1.65347e-16
1.4201e-16
4.41971e-07
-3.58203e-16
1.2464e-16
-2.9077e-16
1.73469e-16
5.88945e-07
-3.25243e-16
-3.82373e-16
1.80456e-16
6.62151e-07
-3.14613e-16
-4.49799e-16
1.35667e-16
6.62151e-07
-2.51913e-16
-4.63269e-16
2.32546e-17
5.88945e-07
-1.33718e-16
-1.07094e-16
4.41971e-07
-2.89442e-17
-2.70976e-16
-1.3785e-16
-1.68017e-16
5.88945e-07
9.7487e-17
-2.45883e-16
-5.89849e-17
7.34096e-07
-3.75773e-16
1.21997e-18
8.06798e-07
-4.79928e-16
7.47269e-18
8.06798e-07
-5.75536e-16
-6.42514e-17
7.34096e-07
-1.48346e-16
5.88945e-07
-4.4301e-16
-5.97242e-17
-4.93796e-16
6.62151e-07
2.68869e-17
-1.82346e-16
-3.03053e-16
8.06798e-07
-3.11077e-16
-1.89533e-16
8.79248e-07
-4.57454e-16
-1.34333e-16
8.79248e-07
-5.47943e-16
-1.36001e-16
8.06798e-07
-1.71269e-16
6.62151e-07
-4.40181e-16
1.67654e-17
-7.86992e-16
6.62151e-07
-1.02962e-16
-1.14806e-16
-5.24503e-16
8.06798e-07
-2.49251e-16
-3.54757e-16
8.79248e-07
-3.9847e-16
-2.52114e-16
8.79248e-07
-4.90369e-16
-1.89547e-16
8.06798e-07
-1.85237e-16
6.62151e-07
-3.98683e-16
8.85543e-17
-1.10694e-15
5.88945e-07
-5.72637e-17
-4.51205e-17
-6.71543e-16
7.34096e-07
-1.85324e-16
-4.62002e-16
8.06798e-07
-2.98751e-16
-3.33845e-16
8.06798e-07
-3.78752e-16
-2.33084e-16
7.34096e-07
-1.77865e-16
5.88945e-07
-2.59815e-16
5.35103e-16
4.41971e-07
-6.25359e-16
-1.39472e-15
1.45602e-16
5.88945e-07
-4.04059e-16
-5.82791e-17
6.62151e-07
-2.80421e-16
-1.62207e-16
6.62151e-07
-1.95122e-16
-1.93092e-16
5.88945e-07
-1.15335e-16
4.41971e-07
-8.16465e-17
-4.59464e-17
-1.09755e-15
1.83133e-16
4.41971e-07
3.5188e-16
8.34495e-16
-1.02276e-15
1.33877e-16
5.88945e-07
1.57831e-16
-8.82742e-16
-4.15448e-18
6.62151e-07
3.0148e-16
-6.35242e-16
-9.97964e-17
6.62151e-07
3.51186e-16
-3.31634e-16
-1.92315e-16
5.88945e-07
4.12753e-16
-1.71298e-16
4.41971e-07
3.30759e-16
2.95769e-17
-1.31985e-15
4.78488e-16
5.88945e-07
1.37522e-15
-1.12736e-15
3.56992e-16
7.34096e-07
-9.32105e-16
2.281e-16
8.06798e-07
-6.94312e-16
1.4111e-16
8.06798e-07
-4.09488e-16
6.75297e-17
7.34096e-07
5.88856e-17
5.88945e-07
-1.97792e-18
-1.32943e-15
7.45062e-16
6.62151e-07
1.38466e-15
-1.14173e-15
5.54073e-16
8.06798e-07
-9.44193e-16
4.37271e-16
8.79248e-07
-7.02657e-16
3.63403e-16
8.79248e-07
-4.15351e-16
3.10251e-16
8.06798e-07
2.8456e-16
6.62151e-07
1.45591e-18
-1.43369e-15
1.01291e-15
6.62151e-07
1.51168e-15
-1.23581e-15
7.37986e-16
8.06798e-07
-1.01344e-15
6.18604e-16
8.79248e-07
-7.44788e-16
5.66929e-16
8.79248e-07
-4.43939e-16
5.36452e-16
8.06798e-07
4.77278e-16
6.62151e-07
4.18162e-18
-1.55597e-15
1.54242e-15
5.88945e-07
1.33846e-15
-1.40208e-15
9.79177e-16
7.34096e-07
-1.1504e-15
8.17372e-16
8.06798e-07
-8.41888e-16
7.51819e-16
8.06798e-07
-5.1151e-16
7.34276e-16
7.34096e-07
6.32874e-16
5.88945e-07
-1.33279e-17
-2.15508e-15
4.41971e-07
1.52334e-15
2.87429e-15
-1.71327e-15
5.88945e-07
1.14558e-15
-1.35662e-15
6.62151e-07
1.11022e-15
-9.72174e-16
6.62151e-07
1.03698e-15
-5.57681e-16
5.88945e-07
9.9079e-16
4.41971e-07
5.29375e-17
7.19455e-16
4.28249e-16
-7.99018e-17
4.41971e-07
-2.68776e-17
-3.61564e-16
4.42859e-16
3.15663e-17
5.88945e-07
1.50537e-16
5.23558e-16
7.36088e-17
6.62151e-07
9.81389e-18
5.83898e-16
1.16272e-16
6.62151e-07
-7.66019e-17
6.55588e-16
2.19666e-16
5.88945e-07
-2.48891e-16
3.14421e-16
4.41971e-07
-3.11748e-16
4.75776e-16
2.3106e-16
1.95607e-16
5.88945e-07
-3.92857e-16
2.29525e-16
2.20308e-16
7.34096e-07
3.18565e-16
2.33261e-16
8.06798e-07
4.19889e-16
2.39169e-16
8.06798e-07
5.4025e-16
2.57548e-16
7.34096e-07
2.80711e-16
5.88945e-07
5.46677e-16
1.00113e-16
4.06134e-16
6.62151e-07
-2.13441e-16
1.60344e-16
4.62312e-16
8.06798e-07
2.49445e-16
4.29632e-16
8.79248e-07
3.4108e-16
3.9692e-16
8.79248e-07
4.34928e-16
3.58697e-16
8.06798e-07
2.93306e-16
6.62151e-07
4.41502e-16
1.85646e-16
7.63628e-16
6.62151e-07
-4.11299e-16
1.55304e-16
6.9446e-16
8.06798e-07
2.28372e-16
6.50205e-16
8.79248e-07
3.0015e-16
5.7354e-16
8.79248e-07
3.66268e-16
4.84182e-16
8.06798e-07
3.18422e-16
6.62151e-07
3.71991e-16
2.99938e-16
8.82039e-16
5.88945e-07
-4.46959e-16
2.41603e-16
9.81519e-16
7.34096e-07
2.42059e-16
8.80883e-16
8.06798e-07
2.88459e-16
7.27519e-16
8.06798e-07
3.28154e-16
5.46948e-16
7.34096e-07
2.88286e-16
5.88945e-07
2.95498e-16
1.20202e-15
4.41971e-07
1.56199e-15
-2.40496e-15
6.60806e-16
5.88945e-07
1.27786e-15
4.61447e-16
6.62151e-07
1.0874e-15
4.12601e-16
6.62151e-07
7.81145e-16
3.99275e-16
5.88945e-07
5.13802e-16
4.41971e-07
2.24089e-16
2.44668e-16
5.05712e-16
-7.53683e-16
4.41971e-07
9.64949e-16
-5.79079e-17
8.52297e-16
-6.79165e-16
5.88945e-07
9.67952e-16
1.04826e-15
-5.24731e-16
6.62151e-07
7.84768e-16
1.08561e-15
-3.28635e-16
6.62151e-07
4.97251e-16
9.79289e-16
-8.80367e-17
5.88945e-07
1.68843e-16
6.58292e-17
4.41971e-07
-1.55414e-17
5.00132e-16
3.49427e-16
-3.22464e-16
5.88945e-07
1.35066e-16
7.12769e-16
-2.36678e-16
7.34096e-07
9.58182e-16
-1.76642e-16
8.06798e-07
1.12164e-15
-1.07107e-16
8.06798e-07
1.18569e-15
-9.38334e-18
7.34096e-07
4.36478e-17
5.88945e-07
8.66341e-16
1.72083e-16
2.19861e-16
6.62151e-07
3.30969e-16
5.89428e-16
2.31187e-16
8.06798e-07
8.85038e-16
2.00261e-16
8.79248e-07
1.08995e-15
1.56475e-16
8.79248e-07
1.20834e-15
1.12669e-16
8.06798e-07
3.16117e-17
6.62151e-07
9.61188e-16
1.15971e-16
6.8659e-16
6.62151e-07
5.01886e-16
5.3649e-16
7.05985e-16
8.06798e-07
8.58091e-16
5.72239e-16
8.79248e-07
1.07305e-15
4.186e-16
8.79248e-07
1.21776e-15
2.24592e-16
8.06798e-07
8.72574e-18
6.62151e-07
1.0134e-15
1.86268e-16
1.14453e-15
5.88945e-07
2.27413e-16
5.7238e-16
1.07165e-15
7.34096e-07
8.70399e-16
8.33789e-16
8.06798e-07
1.07269e-15
5.81055e-16
8.06798e-07
1.21423e-15
2.53978e-16
7.34096e-07
-7.92101e-17
5.88945e-07
9.68806e-16
-2.30209e-16
4.41971e-07
-1.07433e-16
1.94677e-15
4.85209e-16
5.88945e-07
4.46849e-16
9.08552e-16
6.62151e-07
4.06419e-16
1.09923e-15
6.62151e-07
2.57753e-16
1.11601e-15
5.88945e-07
-1.16331e-16
4.41971e-07
6.76282e-16
-3.01049e-16
1.03657e-15
-4.0937e-16
4.41971e-07
8.6583e-17
-6.66751e-16
1.04105e-15
-5.23919e-16
5.88945e-07
4.34571e-16
9.04631e-16
-4.89089e-16
6.62151e-07
4.09575e-16
6.31823e-16
-4.75858e-16
6.62151e-07
4.39849e-16
2.50409e-16
-4.95665e-16
5.88945e-07
4.93984e-16
-5.38166e-16
4.41971e-07
5.33623e-16
-4.39919e-17
1.1027e-15
-4.36587e-16
5.88945e-07
-1.05093e-15
1.009e-15
-4.50474e-16
7.34096e-07
8.75429e-16
-4.29231e-16
8.06798e-07
6.87896e-16
-4.36173e-16
8.06798e-07
4.43542e-16
-4.71844e-16
7.34096e-07
-5.47286e-16
5.88945e-07
9.75733e-17
9.28827e-16
-3.94972e-16
6.62151e-07
-9.1572e-16
8.51308e-16
-3.3035e-16
8.06798e-07
7.70024e-16
-3.37054e-16
8.79248e-07
6.77829e-16
-3.80764e-16
8.79248e-07
5.1988e-16
-4.59754e-16
8.06798e-07
-5.55047e-16
6.62151e-07
2.30993e-16
8.24023e-16
-2.97566e-16
6.62151e-07
-9.09341e-16
7.73949e-16
-2.42465e-16
8.06798e-07
7.40013e-16
-2.29613e-16
8.79248e-07
6.83179e-16
-3.17988e-16
8.79248e-07
5.90213e-16
-4.49881e-16
8.06798e-07
-5.47912e-16
6.62151e-07
3.12989e-16
7.07767e-16
-6.06862e-16
5.88945e-07
-4.50293e-16
7.82402e-16
-2.99193e-16
7.34096e-07
7.71579e-16
-2.09255e-16
8.06798e-07
7.35685e-16
-2.91201e-16
8.06798e-07
6.37709e-16
-4.39651e-16
7.34096e-07
-4.85553e-16
5.88945e-07
3.45016e-16
1.19336e-15
4.41971e-07
2.1348e-16
-2.2647e-15
9.7218e-16
5.88945e-07
-1.46672e-16
8.2987e-16
6.62151e-07
-1.4333e-16
7.27622e-16
6.62151e-07
-2.82591e-16
5.24993e-16
5.88945e-07
-3.9162e-16
4.41971e-07
1.6051e-16
-3.12406e-16
-2.2013e-16
-5.96714e-17
4.41971e-07
7.97652e-17
1.82941e-16
-1.03568e-16
-1.20494e-16
5.88945e-07
-2.98644e-17
-7.66982e-17
-1.26959e-16
6.62151e-07
3.3945e-17
-1.19936e-16
-1.04093e-16
6.62151e-07
2.05161e-17
-1.83306e-16
-7.27457e-17
5.88945e-07
-5.78192e-18
8.80883e-18
4.41971e-07
-1.23976e-16
-3.02635e-16
6.72799e-17
-1.61214e-16
5.88945e-07
5.2954e-17
1.49309e-16
-1.7636e-16
7.34096e-07
1.45173e-16
-1.66634e-16
8.06798e-07
1.03787e-16
-1.43784e-16
8.06798e-07
-1.99066e-17
-1.36887e-16
7.34096e-07
-6.86823e-17
5.88945e-07
-2.62144e-16
1.48011e-16
-1.23419e-16
6.62151e-07
-7.68827e-17
1.76722e-16
-1.5692e-16
8.06798e-07
2.00641e-16
-1.48079e-16
8.79248e-07
1.90255e-16
-1.60106e-16
8.79248e-07
1.22876e-16
-1.95572e-16
8.06798e-07
-1.5147e-16
6.62151e-07
-1.32271e-16
6.42252e-17
-7.8663e-17
6.62151e-07
1.08945e-16
1.32207e-16
-9.24866e-17
8.06798e-07
1.93649e-16
-1.30818e-16
8.79248e-07
2.19914e-16
-1.96863e-16
8.79248e-07
2.06169e-16
-2.67828e-16
8.06798e-07
-2.27886e-16
6.62151e-07
8.53754e-19
-7.15656e-17
2.36135e-16
5.88945e-07
-6.08645e-18
2.49621e-17
-4.03255e-17
7.34096e-07
1.2773e-16
-1.60896e-16
8.06798e-07
2.00253e-16
-2.42496e-16
8.06798e-07
2.06882e-16
-3.19945e-16
7.34096e-07
-2.78752e-16
5.88945e-07
3.62134e-17
-8.48965e-16
4.41971e-07
-6.75452e-16
2.08688e-15
-4.10341e-16
5.88945e-07
-4.81398e-16
-1.31691e-16
6.62151e-07
-4.89892e-16
7.32736e-18
6.62151e-07
-4.73811e-16
5.74164e-17
5.88945e-07
-5.15404e-16
4.41971e-07
2.96689e-18
-4.74433e-16
-3.90906e-17
3.62914e-16
4.41971e-07
-4.90634e-16
1.01013e-16
-9.08179e-17
1.90903e-16
5.88945e-07
-3.09799e-16
-1.91047e-16
3.83783e-17
6.62151e-07
-1.67058e-16
-3.11954e-16
-9.76293e-17
6.62151e-07
2.44569e-17
-4.00229e-16
-2.47975e-16
5.88945e-07
2.30404e-16
-3.13016e-16
4.41971e-07
3.27057e-16
-2.85384e-16
8.2108e-17
1.06837e-16
5.88945e-07
-7.2101e-17
2.17273e-17
-2.91602e-17
7.34096e-07
-1.01548e-16
-1.10725e-16
8.06798e-07
-2.68836e-16
-2.0058e-16
8.06798e-07
-4.10438e-16
-2.84669e-16
7.34096e-07
-3.02497e-16
5.88945e-07
-4.05722e-16
1.34207e-16
-1.77339e-16
6.62151e-07
-1.38823e-16
4.60184e-17
-2.318e-16
8.06798e-07
-8.94315e-17
-2.63906e-16
8.79248e-07
-2.24001e-16
-2.93092e-16
8.79248e-07
-3.61653e-16
-3.34556e-16
8.06798e-07
-2.96543e-16
6.62151e-07
-3.89254e-16
9.54122e-17
-3.81668e-16
6.62151e-07
-2.32346e-16
5.76807e-19
-4.21201e-16
8.06798e-07
-1.03039e-16
-3.86769e-16
8.79248e-07
-2.1939e-16
-3.82972e-16
8.79248e-07
-3.22803e-16
-3.53825e-16
8.06798e-07
-2.63041e-16
6.62151e-07
-3.53373e-16
-4.56075e-17
-7.57435e-16
5.88945e-07
1.63539e-16
-8.9775e-17
-5.92168e-16
7.34096e-07
-1.68345e-16
-4.77593e-16
8.06798e-07
-2.47457e-16
-4.17262e-16
8.06798e-07
-3.31294e-16
-3.31706e-16
7.34096e-07
-1.73603e-16
5.88945e-07
-3.49027e-16
4.06011e-16
4.41971e-07
2.17402e-16
-1.63688e-15
-7.18648e-18
5.88945e-07
-3.00162e-16
-2.28836e-16
6.62151e-07
-2.77029e-16
-3.29583e-16
6.62151e-07
-2.98556e-16
-3.8753e-16
5.88945e-07
-1.87582e-16
4.41971e-07
-3.16493e-16
-6.3257e-17
-1.10287e-15
5.83787e-16
4.41971e-07
-2.33243e-16
8.20676e-16
-1.04622e-15
6.26919e-16
5.88945e-07
-5.74388e-16
-9.32512e-16
5.17184e-16
6.62151e-07
-4.53924e-16
-7.58359e-16
4.47091e-16
6.62151e-07
-3.91918e-16
-5.04763e-16
4.13458e-16
5.88945e-07
-3.3528e-16
4.40677e-16
4.41971e-07
-3.52482e-16
-3.30652e-16
-1.03104e-15
5.10908e-16
5.88945e-07
1.12934e-15
-9.00878e-16
4.78329e-16
7.34096e-07
-7.81325e-16
4.33821e-16
8.06798e-07
-6.77587e-16
4.18823e-16
8.06798e-07
-5.66115e-16
4.32911e-16
7.34096e-07
5.32988e-16
5.88945e-07
-4.36297e-16
-8.39357e-16
3.96139e-16
6.62151e-07
9.50507e-16
-7.27345e-16
3.45086e-16
8.06798e-07
-6.57003e-16
3.40163e-16
8.79248e-07
-6.02631e-16
3.78659e-16
8.79248e-07
-5.46393e-16
4.66035e-16
8.06798e-07
6.10491e-16
6.62151e-07
-4.65022e-16
-7.77233e-16
2.69594e-16
6.62151e-07
9.85276e-16
-6.68056e-16
2.48415e-16
8.06798e-07
-5.99333e-16
2.62356e-16
8.79248e-07
-5.56435e-16
3.43927e-16
8.79248e-07
-5.44527e-16
4.89868e-16
8.06798e-07
6.80072e-16
6.62151e-07
-4.49793e-16
-7.37434e-16
5.49815e-16
5.88945e-07
6.02877e-16
-6.83542e-16
2.56568e-16
7.34096e-07
-6.21215e-16
2.39323e-16
8.06798e-07
-5.87275e-16
3.38759e-16
8.06798e-07
-5.5609e-16
5.42083e-16
7.34096e-07
7.00134e-16
5.88945e-07
-4.43346e-16
-1.26138e-15
4.41971e-07
-3.05397e-16
2.50215e-15
-8.96011e-16
5.88945e-07
1.24857e-17
-7.1752e-16
6.62151e-07
1.21713e-16
-6.11318e-16
6.62151e-07
3.32945e-16
-5.19958e-16
5.88945e-07
5.6223e-16
4.41971e-07
-2.47666e-16
5.99419e-16
1.14624e-16
1.58808e-16
4.41971e-07
-1.83247e-16
-2.26091e-16
-1.65262e-16
2.66085e-16
5.88945e-07
-1.87879e-16
-3.27941e-16
2.21055e-16
6.62151e-07
-2.11519e-16
-4.02897e-16
1.09851e-16
6.62151e-07
-7.4369e-17
-4.32598e-16
-5.88238e-17
5.88945e-07
1.18913e-16
-2.00262e-16
4.41971e-07
2.79111e-16
-2.63988e-16
-3.72064e-17
1.52758e-16
5.88945e-07
-2.30548e-16
-2.68762e-16
1.66432e-16
7.34096e-07
-4.28811e-16
1.13965e-16
8.06798e-07
-5.36379e-16
2.55883e-17
8.06798e-07
-5.67429e-16
-5.9256e-17
7.34096e-07
-1.35965e-16
5.88945e-07
-3.90728e-16
-6.09736e-17
-5.23818e-18
6.62151e-07
-1.6701e-16
-2.62107e-16
-3.17058e-17
8.06798e-07
-4.38469e-16
-6.30474e-17
8.79248e-07
-5.49317e-16
-7.30703e-17
8.79248e-07
-5.99162e-16
-7.03768e-17
8.06798e-07
-9.29412e-17
6.62151e-07
-4.21717e-16
-6.63014e-17
-1.34519e-16
6.62151e-07
-2.49251e-16
-2.71477e-16
-2.26841e-16
8.06798e-07
-4.39597e-16
-2.12665e-16
8.79248e-07
-5.45336e-16
-1.65171e-16
8.79248e-07
-5.79276e-16
-7.23697e-17
8.06798e-07
-7.66242e-17
6.62151e-07
-3.86461e-16
-1.0734e-16
-4.78759e-16
5.88945e-07
6.17272e-17
-2.86589e-16
-4.03311e-16
7.34096e-07
-4.40406e-16
-3.21104e-16
8.06798e-07
-5.05121e-16
-2.20456e-16
8.06798e-07
-4.91336e-16
-1.0115e-16
7.34096e-07
-9.72285e-17
5.88945e-07
-2.66619e-16
3.54232e-16
4.41971e-07
4.19296e-16
-1.54659e-15
-9.04935e-17
5.88945e-07
-5.99694e-17
-3.36313e-16
6.62151e-07
-7.73906e-17
-3.95571e-16
6.62151e-07
-9.45883e-17
-2.90712e-16
5.88945e-07
-1.51092e-17
4.41971e-07
-4.64413e-17
-4.25975e-17
-6.06237e-16
2.63427e-17
4.41971e-07
1.50717e-16
3.13745e-16
-7.12449e-16
1.79153e-16
5.88945e-07
-1.40027e-16
-7.33753e-16
1.91733e-16
6.62151e-07
-1.47097e-16
-6.48198e-16
1.56682e-16
6.62151e-07
-1.44534e-16
-4.92691e-16
1.06097e-16
5.88945e-07
-9.26271e-17
5.6694e-17
4.41971e-07
-7.2732e-17
-2.75797e-16
-6.50028e-16
5.59955e-17
5.88945e-07
5.29107e-16
-7.51389e-16
1.30397e-16
7.34096e-07
-7.69112e-16
1.32177e-16
8.06798e-07
-7.08701e-16
1.08386e-16
8.06798e-07
-5.94465e-16
7.81709e-17
7.34096e-07
6.52845e-17
5.88945e-07
-3.67626e-16
-6.29783e-16
8.38703e-17
6.62151e-07
5.07775e-16
-7.2173e-16
5.32673e-17
8.06798e-07
-7.41546e-16
3.55242e-17
8.79248e-07
-6.96593e-16
2.67272e-17
8.79248e-07
-5.81825e-16
4.35964e-17
8.06798e-07
4.62234e-17
6.62151e-07
-3.32434e-16
-6.69743e-16
8.17361e-17
6.62151e-07
6.72576e-16
-7.30906e-16
2.66175e-19
8.06798e-07
-7.36409e-16
-7.09244e-17
8.79248e-07
-6.66291e-16
-6.27704e-17
8.79248e-07
-5.14616e-16
-3.39529e-17
8.06798e-07
-2.88976e-17
6.62151e-07
-2.15287e-16
-7.15543e-16
4.06087e-16
5.88945e-07
4.42203e-16
-7.89512e-16
5.84145e-18
7.34096e-07
-7.57172e-16
-1.55088e-16
8.06798e-07
-6.26919e-16
-1.71322e-16
8.06798e-07
-4.06516e-16
-1.59173e-16
7.34096e-07
-1.61152e-16
5.88945e-07
-2.84974e-17
-1.42731e-15
4.41971e-07
-3.93357e-16
2.6199e-15
-1.06839e-15
5.88945e-07
-1.98497e-16
-8.10922e-16
6.62151e-07
-2.41079e-16
-5.69167e-16
6.62151e-07
-2.01915e-16
-2.47598e-16
5.88945e-07
-2.1704e-16
4.41971e-07
1.67791e-16
-2.38042e-16
-5.62582e-17
9.76551e-17
4.41971e-07
-2.29639e-16
-7.66324e-17
-2.99181e-16
8.96058e-17
5.88945e-07
-1.52812e-16
-4.68544e-16
3.32478e-17
6.62151e-07
-9.82246e-17
-5.52733e-16
-1.13669e-16
6.62151e-07
9.4738e-17
-5.85844e-16
-3.34601e-16
5.88945e-07
3.78165e-16
-5.16875e-16
4.41971e-07
5.80887e-16
-1.9404e-16
-1.55762e-16
-1.63374e-17
5.88945e-07
-1.3287e-16
-4.3933e-16
-1.66301e-17
7.34096e-07
-6.43402e-16
-5.64462e-17
8.06798e-07
-7.47095e-16
-1.52134e-16
8.06798e-07
-7.4725e-16
-2.75856e-16
7.34096e-07
-3.98081e-16
5.88945e-07
-3.48745e-16
-2.11674e-16
-1.68796e-16
6.62151e-07
-9.05601e-17
-5.13234e-16
-1.71866e-16
8.06798e-07
-7.14864e-16
-1.90949e-16
8.79248e-07
-8.04346e-16
-2.32037e-16
8.79248e-07
-7.78544e-16
-2.58378e-16
8.06798e-07
-2.88398e-16
6.62151e-07
-3.33323e-16
-2.50815e-16
-2.73999e-16
6.62151e-07
-1.39896e-16
-5.45227e-16
-3.4926e-16
8.06798e-07
-7.33433e-16
-3.38545e-16
8.79248e-07
-7.94893e-16
-3.07744e-16
8.79248e-07
-7.30232e-16
-2.45195e-16
8.06798e-07
-2.11299e-16
6.62151e-07
-2.87916e-16
-3.44538e-16
-5.98795e-16
5.88945e-07
2.20547e-16
-5.64739e-16
-5.09239e-16
7.34096e-07
-6.94045e-16
-4.30597e-16
8.06798e-07
-6.92183e-16
-3.61934e-16
8.06798e-07
-6.05801e-16
-2.63412e-16
7.34096e-07
-1.31098e-16
5.88945e-07
-1.48389e-16
4.07068e-17
4.41971e-07
5.0904e-16
-1.21275e-15
-3.39975e-16
5.88945e-07
9.03094e-17
-5.29439e-16
6.62151e-07
9.08095e-17
-5.33031e-16
6.62151e-07
5.48356e-17
-4.27688e-16
5.88945e-07
1.6347e-16
4.41971e-07
2.03615e-17
2.60037e-16
-1.72218e-15
-6.30449e-17
4.41971e-07
2.30681e-16
1.15555e-15
-1.77001e-15
-1.01827e-16
5.88945e-07
8.0581e-17
-1.61508e-15
-2.26623e-16
6.62151e-07
3.15385e-16
-1.26356e-15
-3.07691e-16
6.62151e-07
4.17534e-16
-8.57932e-16
-3.73499e-16
5.88945e-07
5.01791e-16
-3.25651e-16
4.41971e-07
3.35264e-16
-5.04454e-16
-2.04398e-15
-1.32897e-16
5.88945e-07
1.90995e-15
-1.92745e-15
-1.12038e-16
7.34096e-07
-1.67303e-15
-1.32223e-16
8.06798e-07
-1.30979e-15
-1.27405e-16
8.06798e-07
-9.63267e-16
-1.37155e-16
7.34096e-07
-8.86965e-17
5.88945e-07
-6.63843e-16
-2.05353e-15
-1.19782e-16
6.62151e-07
1.9741e-15
-1.8913e-15
-5.23971e-17
8.06798e-07
-1.60638e-15
-5.29163e-19
8.79248e-07
-1.25983e-15
7.59572e-17
8.79248e-07
-9.05773e-16
1.35582e-16
8.06798e-07
1.86115e-16
6.62151e-07
-6.00517e-16
-2.04712e-15
-1.01931e-16
6.62151e-07
2.12227e-15
-1.84057e-15
3.93797e-17
8.06798e-07
-1.52917e-15
1.40047e-16
8.79248e-07
-1.17114e-15
2.73566e-16
8.79248e-07
-8.07533e-16
3.7465e-16
8.06798e-07
4.1914e-16
6.62151e-07
-4.41343e-16
-1.98278e-15
2.61459e-16
5.88945e-07
1.79543e-15
-1.74984e-15
2.36304e-16
7.34096e-07
-1.42582e-15
3.13985e-16
8.06798e-07
-1.06715e-15
4.52068e-16
8.06798e-07
-6.9244e-16
5.8342e-16
7.34096e-07
5.95637e-16
5.88945e-07
-2.76204e-16
-2.3626e-15
4.41971e-07
-3.15898e-16
3.55621e-15
-1.74593e-15
5.88945e-07
2.52023e-16
-1.2813e-15
6.62151e-07
4.75301e-16
-8.73605e-16
6.62151e-07
6.83835e-16
-5.03937e-16
5.88945e-07
8.07985e-16
4.41971e-07
5.79056e-17
6.85677e-16
1.55938e-15
-1.79031e-15
4.41971e-07
1.47566e-15
-1.09137e-15
1.62376e-15
-1.60013e-15
5.88945e-07
1.63056e-15
1.59055e-15
-1.34164e-15
6.62151e-07
1.28265e-15
1.37349e-15
-1.1383e-15
6.62151e-07
8.77276e-16
1.02741e-15
-1.04278e-15
5.88945e-07
5.98205e-16
-8.82292e-16
4.41971e-07
3.40633e-16
8.69596e-16
1.03985e-15
-1.57298e-15
5.88945e-07
-9.72031e-16
1.18362e-15
-1.44451e-15
7.34096e-07
1.19721e-15
-1.33181e-15
8.06798e-07
1.04884e-15
-1.28954e-15
8.06798e-07
8.30249e-16
-1.31326e-15
7.34096e-07
-1.41259e-15
5.88945e-07
8.26923e-16
6.38704e-16
-1.35654e-15
6.62151e-07
-4.10104e-16
9.07562e-16
-1.39401e-15
8.06798e-07
1.01063e-15
-1.29893e-15
8.79248e-07
9.43207e-16
-1.36974e-15
8.79248e-07
7.82017e-16
-1.55505e-15
8.06798e-07
-1.95214e-15
6.62151e-07
9.3954e-16
3.65943e-16
-1.34748e-15
6.62151e-07
-1.78562e-16
8.25295e-16
-1.45404e-15
8.06798e-07
9.47694e-16
-1.30172e-15
8.79248e-07
9.1013e-16
-1.45729e-15
8.79248e-07
8.00505e-16
-1.68643e-15
8.06798e-07
-2.51525e-15
6.62151e-07
1.03443e-15
3.3188e-16
-1.65838e-15
5.88945e-07
2.45027e-16
9.35094e-16
-1.85274e-15
7.34096e-07
1.03635e-15
-1.27816e-15
8.06798e-07
1.01435e-15
-1.49526e-15
8.06798e-07
7.73852e-16
-1.77671e-15
7.34096e-07
-3.25609e-15
5.88945e-07
1.17842e-15
8.15598e-16
4.41971e-07
-1.4633e-15
-1.28061e-15
1.6363e-15
5.88945e-07
-2.55813e-15
1.42538e-15
6.62151e-07
-1.11101e-15
1.20249e-15
6.62151e-07
-1.52395e-15
5.08981e-16
5.88945e-07
-1.41012e-15
4.41971e-07
1.00336e-15
-4.32765e-15
-1.95568e-16
5.80177e-16
4.41971e-07
-8.6511e-16
3.83274e-16
-6.35557e-17
2.31267e-16
5.88945e-07
-5.44728e-16
1.36538e-17
1.20053e-16
6.62151e-07
-3.5949e-16
1.19098e-16
1.34304e-16
6.62151e-07
-3.02542e-16
1.89761e-16
2.15383e-16
5.88945e-07
-3.57837e-16
3.50372e-16
4.41971e-07
-3.68148e-16
1.38213e-16
-1.42197e-16
2.97317e-16
5.88945e-07
3.22053e-16
-1.36943e-16
3.03725e-17
7.34096e-07
-9.24972e-17
-1.29432e-17
8.06798e-07
8.12491e-18
1.44729e-17
8.06798e-07
1.07873e-16
8.72568e-17
7.34096e-07
2.59706e-16
5.88945e-07
9.52709e-17
-2.72301e-16
1.65427e-16
6.62151e-07
2.9942e-16
-2.53698e-16
-1.02895e-16
8.06798e-07
-1.74812e-16
-9.96133e-17
8.79248e-07
-7.12817e-17
-5.8678e-17
8.79248e-07
3.69596e-17
4.31478e-17
8.06798e-07
2.168e-16
6.62151e-07
-7.84151e-18
-3.62485e-16
8.25007e-17
6.62151e-07
4.37914e-16
-2.78729e-16
-2.31711e-16
8.06798e-07
-1.46404e-16
-2.19792e-16
8.79248e-07
-6.14969e-18
-1.10977e-16
8.79248e-07
2.97873e-17
4.0627e-17
8.06798e-07
3.04823e-16
6.62151e-07
-1.35694e-16
-3.00494e-16
2.11271e-16
5.88945e-07
1.31437e-16
-1.63113e-16
-3.70407e-16
7.34096e-07
6.51024e-17
-3.40555e-16
8.06798e-07
1.86229e-16
-1.25776e-16
8.06798e-07
1.43309e-16
1.25056e-16
7.34096e-07
6.19299e-16
5.88945e-07
-2.56147e-16
-7.23927e-16
4.41971e-07
-7.95111e-16
2.08953e-15
-2.71324e-16
5.88945e-07
-5.99936e-16
2.9452e-16
6.62151e-07
-6.61773e-16
3.54927e-16
6.62151e-07
3.73384e-18
3.2044e-16
5.88945e-07
2.63481e-16
4.41971e-07
-5.39407e-16
1.61445e-15
8.13536e-16
7.54581e-18
4.41971e-07
2.83397e-16
-7.78713e-16
7.93727e-16
2.36693e-16
5.88945e-07
-1.65934e-16
7.22402e-16
4.07891e-16
6.62151e-07
-4.32291e-16
5.0855e-16
5.29296e-16
6.62151e-07
-6.2735e-16
2.17571e-16
5.87938e-16
5.88945e-07
-6.16317e-16
5.11261e-16
4.41971e-07
-2.64535e-16
3.81292e-16
1.01489e-15
2.19016e-16
5.88945e-07
-1.05819e-15
9.13717e-16
2.2389e-16
7.34096e-07
7.11929e-16
2.81489e-16
8.06798e-07
4.35811e-16
3.28827e-16
8.06798e-07
1.0427e-16
3.9539e-16
7.34096e-07
4.73508e-16
5.88945e-07
4.03039e-16
1.09052e-15
4.32142e-16
6.62151e-07
-1.19037e-15
9.00173e-16
2.34128e-16
8.06798e-07
6.33455e-16
1.44489e-16
8.79248e-07
3.22093e-16
1.09573e-16
8.79248e-07
-2.68372e-17
1.65878e-16
8.06798e-07
3.21192e-16
6.62151e-07
2.81282e-16
1.13978e-15
7.19467e-16
6.62151e-07
-1.36936e-15
8.88708e-16
2.40533e-16
8.06798e-07
6.14008e-16
1.85877e-17
8.79248e-07
2.86555e-16
-1.05407e-16
8.79248e-07
-8.70689e-17
-5.15256e-17
8.06798e-07
6.81906e-17
6.62151e-07
2.031e-16
1.12415e-15
7.18597e-16
5.88945e-07
-1.12342e-15
9.13816e-16
2.26628e-16
7.34096e-07
6.29528e-16
-6.09039e-17
8.06798e-07
3.25607e-16
-2.83863e-16
8.06798e-07
-1.1017e-16
-2.76593e-16
7.34096e-07
-2.17536e-16
5.88945e-07
2.44274e-16
1.37583e-15
4.41971e-07
1.9246e-15
-2.29397e-15
9.9223e-16
5.88945e-07
9.0609e-16
5.0579e-16
6.62151e-07
6.48667e-16
2.16141e-16
6.62151e-07
4.85548e-17
-1.61807e-16
5.88945e-07
1.30942e-16
4.41971e-07
5.06981e-16
-3.65612e-16
-4.84987e-16
9.67785e-16
4.41971e-07
-6.7493e-16
3.46318e-16
-3.7857e-16
9.17285e-16
5.88945e-07
-7.00973e-16
-1.87226e-16
9.02959e-16
6.62151e-07
-6.58213e-16
7.00971e-18
9.38717e-16
6.62151e-07
-6.15038e-16
1.2866e-16
9.56027e-16
5.88945e-07
-5.274e-16
8.21705e-16
4.41971e-07
-2.37624e-16
4.09838e-16
-2.42967e-16
1.24853e-15
5.88945e-07
2.04744e-16
-1.76865e-16
1.14594e-15
7.34096e-07
-5.10498e-17
1.14142e-15
8.06798e-07
6.90742e-17
1.23755e-15
8.06798e-07
1.40297e-16
1.36963e-15
7.34096e-07
1.47915e-15
5.88945e-07
4.50513e-16
-1.44149e-17
1.62383e-15
6.62151e-07
-9.70923e-17
-1.5737e-17
1.4589e-15
8.06798e-07
2.55124e-17
1.43042e-15
8.79248e-07
4.50194e-17
1.57676e-15
8.79248e-07
2.1122e-17
1.83522e-15
8.06798e-07
2.15716e-15
6.62151e-07
2.52349e-16
1.71133e-16
1.98757e-15
6.62151e-07
-2.08986e-16
1.567e-16
1.79016e-15
8.06798e-07
1.50276e-16
1.74097e-15
8.79248e-07
6.23172e-17
2.0046e-15
8.79248e-07
-1.36522e-16
2.37999e-15
8.06798e-07
2.98647e-15
6.62151e-07
-1.65157e-16
3.1426e-16
2.41666e-15
5.88945e-07
-5.42494e-16
3.66835e-16
1.99761e-15
7.34096e-07
4.02481e-16
2.0279e-15
8.06798e-07
1.72012e-16
2.49346e-15
8.06798e-07
-1.88089e-16
2.95029e-15
7.34096e-07
4.03725e-15
5.88945e-07
-5.85156e-16
-3.52453e-16
4.41971e-07
1.55567e-15
1.82284e-15
4.01207e-16
5.88945e-07
1.91846e-15
7.07266e-16
6.62151e-07
2.375e-15
3.17741e-16
6.62151e-07
3.46943e-15
5.12877e-17
5.88945e-07
3.76429e-15
4.41971e-07
-9.00999e-16
5.99089e-15
-5.92564e-16
-2.22899e-16
4.41971e-07
5.16069e-16
1.96295e-16
-6.17706e-16
-1.23296e-16
5.88945e-07
3.44406e-16
-4.85267e-16
-1.53981e-16
6.62151e-07
4.18754e-16
-3.12048e-16
-1.47706e-16
6.62151e-07
4.21207e-16
-2.66612e-16
-2.12168e-16
5.88945e-07
5.03723e-16
-3.67571e-16
4.41971e-07
5.50235e-16
-6.26135e-17
-6.978e-16
2.60775e-17
5.88945e-07
5.27942e-16
-5.8032e-16
1.29073e-16
7.34096e-07
-3.75623e-16
1.40832e-16
8.06798e-07
-1.80054e-16
1.76606e-16
8.06798e-07
-1.05792e-16
1.70174e-16
7.34096e-07
4.65758e-17
5.88945e-07
8.45849e-17
-6.36785e-16
2.65785e-16
6.62151e-07
6.24274e-16
-4.87084e-16
3.85813e-16
8.06798e-07
-2.95366e-16
4.19858e-16
8.79248e-07
-1.39972e-16
4.77871e-16
8.79248e-07
-2.31431e-17
5.26831e-16
8.06798e-07
4.38101e-16
6.62151e-07
2.3693e-16
-6.08421e-16
3.9193e-16
6.62151e-07
6.12291e-16
-4.25354e-16
5.22883e-16
8.06798e-07
-2.58509e-16
6.01712e-16
8.79248e-07
-1.33208e-16
7.14794e-16
8.79248e-07
-1.95837e-17
7.55159e-16
8.06798e-07
6.35511e-16
6.62151e-07
2.99725e-16
-7.26964e-16
-3.14249e-17
5.88945e-07
1.01124e-15
-4.41737e-16
3.31004e-16
7.34096e-07
-2.35384e-16
5.62947e-16
8.06798e-07
-1.20684e-16
7.64465e-16
8.06798e-07
2.04037e-17
6.9959e-16
7.34096e-07
5.25802e-16
5.88945e-07
4.67374e-16
-6.47552e-16
4.41971e-07
4.48032e-16
1.77439e-17
-4.78871e-16
5.88945e-07
2.76026e-16
-3.29612e-16
6.62151e-07
5.95069e-16
-1.23418e-16
6.62151e-07
7.27274e-16
1.42467e-16
5.88945e-07
5.72668e-16
4.41971e-07
7.63415e-16
2.00277e-16
-5.61246e-16
2.88042e-16
4.41971e-07
-4.02813e-17
4.5177e-16
-5.24877e-16
2.2745e-16
5.88945e-07
4.60297e-17
-3.25673e-16
1.57093e-16
6.62151e-07
1.12797e-16
-1.05454e-16
8.81417e-17
6.62151e-07
1.48661e-16
6.79359e-17
-1.26203e-18
5.88945e-07
2.04414e-16
-8.52763e-17
4.41971e-07
2.25639e-16
4.30864e-16
-7.70429e-16
5.82717e-16
5.88945e-07
7.23715e-16
-6.11344e-16
5.68349e-16
7.34096e-07
-3.55212e-16
5.02455e-16
8.06798e-07
-1.07556e-16
4.48316e-16
8.06798e-07
7.13296e-17
3.56525e-16
7.34096e-07
1.92907e-16
5.88945e-07
5.05382e-16
-8.06899e-16
8.98642e-16
6.62151e-07
7.69399e-16
-6.14536e-16
9.06854e-16
8.06798e-07
-3.59482e-16
8.47186e-16
8.79248e-07
-1.27075e-16
7.92554e-16
8.79248e-07
7.53089e-17
7.02484e-16
8.06798e-07
4.78272e-16
6.62151e-07
5.59407e-16
-8.88449e-16
1.06205e-15
6.62151e-07
9.37112e-16
-6.6948e-16
1.10841e-15
8.06798e-07
-4.26794e-16
1.05858e-15
8.79248e-07
-2.01954e-16
1.01307e-15
8.79248e-07
2.82617e-17
9.21807e-16
8.06798e-07
5.92705e-16
6.62151e-07
5.48121e-16
-1.02786e-15
1.27653e-15
5.88945e-07
7.77936e-16
-8.2549e-16
1.07423e-15
7.34096e-07
-5.65524e-16
1.02854e-15
8.06798e-07
-2.90196e-16
1.01127e-15
8.06798e-07
-3.90712e-17
8.80811e-16
7.34096e-07
5.43264e-16
5.88945e-07
5.53107e-16
-1.76784e-15
4.41971e-07
5.105e-16
2.83172e-15
-1.24711e-15
5.88945e-07
9.52981e-16
-8.2211e-16
6.62151e-07
1.08915e-15
-4.67485e-16
6.62151e-07
1.18478e-15
-1.24301e-16
5.88945e-07
1.09833e-15
4.41971e-07
4.53612e-16
8.11337e-16
-2.29918e-16
-3.82851e-16
4.41971e-07
5.33916e-16
-3.73657e-17
-3.19374e-16
-2.57828e-16
5.88945e-07
4.01648e-16
-2.74528e-16
-2.36177e-16
6.62151e-07
4.16115e-16
-1.54814e-16
-2.41935e-16
6.62151e-07
3.7716e-16
-1.07369e-16
-2.95834e-16
5.88945e-07
3.90037e-16
-3.7492e-16
4.41971e-07
4.04428e-16
7.2573e-17
-4.49496e-16
-9.73168e-17
5.88945e-07
2.65899e-16
-4.45332e-16
3.97517e-17
7.34096e-07
-3.16988e-16
6.23721e-17
8.06798e-07
-1.42369e-16
4.70328e-17
8.06798e-07
-4.88458e-17
-3.74664e-17
7.34096e-07
-1.82706e-16
5.88945e-07
1.73772e-16
-5.52626e-16
1.70927e-16
6.62151e-07
4.48853e-16
-4.8762e-16
3.27627e-16
8.06798e-07
-3.09976e-16
3.75106e-16
8.79248e-07
-1.1845e-16
3.39828e-16
8.79248e-07
2.99155e-17
2.36057e-16
8.06798e-07
1.32895e-17
6.62151e-07
3.10321e-16
-6.40387e-16
3.44723e-16
6.62151e-07
5.21469e-16
-5.41719e-16
4.59099e-16
8.06798e-07
-3.46621e-16
5.28607e-16
8.79248e-07
-1.13306e-16
5.08694e-16
8.79248e-07
6.96958e-17
3.74036e-16
8.06798e-07
9.5481e-17
6.62151e-07
4.07955e-16
-7.85026e-16
9.69425e-17
5.88945e-07
8.44494e-16
-6.3398e-16
3.26302e-16
7.34096e-07
-4.19336e-16
4.52653e-16
8.06798e-07
-1.42984e-16
4.37152e-16
8.06798e-07
8.61767e-17
2.93572e-16
7.34096e-07
3.20411e-17
5.88945e-07
4.93957e-16
-6.21545e-16
4.41971e-07
7.14602e-16
3.03813e-17
-5.95209e-16
5.88945e-07
5.53706e-16
-4.29732e-16
6.62151e-07
6.69077e-16
-1.37428e-16
6.62151e-07
5.69995e-16
1.39841e-16
5.88945e-07
4.04646e-16
4.41971e-07
5.417e-16
1.91381e-16
-2.62017e-16
5.07841e-17
4.41971e-07
1.1483e-16
2.40098e-16
-2.16023e-16
-2.03258e-17
5.88945e-07
2.32083e-16
-7.22504e-17
-5.64374e-17
6.62151e-07
2.51864e-16
8.02103e-17
-8.47517e-17
6.62151e-07
2.58063e-16
1.87599e-16
-1.40925e-16
5.88945e-07
2.55224e-16
-2.00828e-16
4.41971e-07
2.89598e-16
4.94236e-16
-4.44291e-16
3.33958e-16
5.88945e-07
4.03905e-16
-3.62865e-16
3.10612e-16
7.34096e-07
-1.72286e-16
2.75498e-16
8.06798e-07
2.84199e-17
2.04168e-16
8.06798e-07
1.72062e-16
8.38766e-17
7.34096e-07
-2.5521e-17
5.88945e-07
5.89196e-16
-5.85026e-16
6.78451e-16
6.62151e-07
4.90753e-16
-4.6851e-16
6.57668e-16
8.06798e-07
-2.50194e-16
5.86845e-16
8.79248e-07
-2.0943e-17
4.82293e-16
8.79248e-07
1.67213e-16
3.40458e-16
8.06798e-07
1.5148e-16
6.62151e-07
6.39205e-16
-7.68361e-16
9.08779e-16
6.62151e-07
7.44971e-16
-6.27151e-16
8.743e-16
8.06798e-07
-3.71191e-16
7.74385e-16
8.79248e-07
-8.62673e-17
6.62821e-16
8.79248e-07
1.46023e-16
5.04778e-16
8.06798e-07
2.58713e-16
6.62151e-07
6.28946e-16
-9.16905e-16
1.2038e-15
5.88945e-07
5.76955e-16
-7.90461e-16
9.19048e-16
7.34096e-07
-5.04565e-16
7.63807e-16
8.06798e-07
-1.62716e-16
6.50809e-16
8.06798e-07
8.41281e-17
4.82797e-16
7.34096e-07
2.91574e-16
5.88945e-07
5.80297e-16
-1.67321e-15
4.41971e-07
3.79664e-16
2.71515e-15
-1.12635e-15
5.88945e-07
8.08362e-16
-6.24262e-16
6.62151e-07
8.2524e-16
-2.37533e-16
6.62151e-07
8.31395e-16
2.4795e-17
5.88945e-07
7.36396e-16
4.41971e-07
4.94816e-16
5.81361e-16
-4.22936e-16
3.0471e-18
4.41971e-07
2.08024e-16
2.01982e-17
-4.93367e-16
4.82344e-17
5.88945e-07
4.82731e-17
-4.3296e-16
-7.98771e-18
6.62151e-07
1.45024e-16
-3.13557e-16
-5.84585e-17
6.62151e-07
1.62222e-16
-2.41704e-16
-1.47828e-16
5.88945e-07
2.48116e-16
-2.7768e-16
4.41971e-07
3.61417e-16
9.80719e-17
-5.77094e-16
1.70459e-16
5.88945e-07
2.93985e-16
-6.08346e-16
2.35621e-16
7.34096e-07
-4.97253e-16
2.23958e-16
8.06798e-07
-3.33314e-16
1.76584e-16
8.06798e-07
-2.42627e-16
7.39137e-17
7.34096e-07
-2.37674e-17
5.88945e-07
1.70301e-16
-6.66216e-16
3.95156e-16
6.62151e-07
3.85143e-16
-6.87887e-16
4.72051e-16
8.06798e-07
-5.43626e-16
4.6785e-16
8.79248e-07
-3.6144e-16
4.29814e-16
8.79248e-07
-2.22659e-16
3.48112e-16
8.06798e-07
2.28583e-16
6.62151e-07
2.37179e-16
-8.0063e-16
5.39881e-16
6.62151e-07
5.21635e-16
-7.78466e-16
5.54927e-16
8.06798e-07
-5.90496e-16
5.77274e-16
8.79248e-07
-3.74694e-16
5.60079e-16
8.79248e-07
-2.18855e-16
5.17508e-16
8.06798e-07
3.93048e-16
6.62151e-07
2.69369e-16
-9.60432e-16
3.22919e-16
5.88945e-07
8.5855e-16
-8.43959e-16
4.09055e-16
7.34096e-07
-6.25796e-16
4.5966e-16
8.06798e-07
-3.58756e-16
4.68066e-16
8.06798e-07
-2.26483e-16
4.34799e-16
7.34096e-07
3.71545e-16
5.88945e-07
2.80593e-16
-1.1526e-15
4.41971e-07
6.98552e-16
1.08157e-15
-8.79325e-16
5.88945e-07
5.97135e-16
-5.91016e-16
6.62151e-07
7.01842e-16
-3.24592e-16
6.62151e-07
6.95548e-16
-1.71559e-16
5.88945e-07
7.03496e-16
4.41971e-07
3.61384e-16
6.23983e-16
-4.8818e-16
-1.22869e-16
4.41971e-07
4.6298e-16
3.46511e-16
-4.63948e-16
-1.89994e-16
5.88945e-07
5.10241e-16
-2.7376e-16
-2.86071e-16
6.62151e-07
5.61051e-16
-1.93834e-17
-3.85667e-16
6.62151e-07
5.90989e-16
1.88788e-16
-5.18951e-16
5.88945e-07
6.62476e-16
-5.63653e-16
4.41971e-07
6.71654e-16
7.85041e-16
-7.79248e-16
2.32377e-16
5.88945e-07
6.69471e-16
-6.93843e-16
1.62407e-16
7.34096e-07
-4.24515e-16
6.39403e-17
8.06798e-07
-1.05553e-16
-6.32617e-17
8.06798e-07
1.98944e-16
-2.04367e-16
7.34096e-07
-3.00589e-16
5.88945e-07
9.70712e-16
-9.5145e-16
6.48597e-16
6.62151e-07
7.80715e-16
-8.53393e-16
5.51578e-16
8.06798e-07
-5.62364e-16
4.20814e-16
8.79248e-07
-1.78435e-16
2.65351e-16
8.79248e-07
2.14728e-16
1.05929e-16
8.06798e-07
-5.87932e-17
6.62151e-07
1.10888e-15
-1.23193e-15
9.02942e-16
6.62151e-07
1.1336e-15
-1.07828e-15
8.10064e-16
8.06798e-07
-7.24651e-16
6.48046e-16
8.79248e-07
-2.74879e-16
5.11325e-16
8.79248e-07
1.90635e-16
3.67282e-16
8.06798e-07
1.23978e-16
6.62151e-07
1.0999e-15
-1.49192e-15
1.27036e-15
5.88945e-07
1.0589e-15
-1.31115e-15
9.25207e-16
7.34096e-07
-8.65531e-16
7.27543e-16
8.06798e-07
-3.39197e-16
6.18356e-16
8.06798e-07
1.29407e-16
4.67722e-16
7.34096e-07
2.61411e-16
5.88945e-07
1.0802e-15
-2.4575e-15
4.41971e-07
6.28925e-16
3.41565e-15
-1.72638e-15
5.88945e-07
1.05806e-15
-1.03857e-15
6.62151e-07
1.10903e-15
-4.631e-16
6.62151e-07
1.1322e-15
7.92992e-17
5.88945e-07
1.0776e-15
4.41971e-07
9.69304e-16
8.51397e-16
4.10375e-17
2.35995e-16
4.41971e-07
-3.4608e-16
-4.67942e-16
-2.28181e-16
4.0618e-16
5.88945e-07
-6.43251e-16
-3.20351e-16
3.74216e-16
6.62151e-07
-5.96234e-16
-3.15356e-16
3.0004e-16
6.62151e-07
-5.72331e-16
-4.65181e-16
1.09503e-16
5.88945e-07
-4.24345e-16
-1.35682e-16
4.41971e-07
-5.86622e-17
-2.20401e-16
-5.71769e-17
2.25646e-16
5.88945e-07
-3.26085e-16
-3.40264e-16
3.18215e-16
7.34096e-07
-4.34722e-16
2.8158e-16
8.06798e-07
-4.55565e-16
1.98978e-16
8.06798e-07
-5.92085e-16
5.29828e-17
7.34096e-07
-7.81147e-17
5.88945e-07
-2.99753e-16
-1.49408e-16
4.65544e-16
6.62151e-07
-2.61248e-16
-4.54441e-16
4.28397e-16
8.06798e-07
-5.3182e-16
3.28642e-16
8.79248e-07
-5.3475e-16
2.32133e-16
8.79248e-07
-6.14477e-16
1.32959e-16
8.06798e-07
7.30846e-17
6.62151e-07
-2.22623e-16
-3.98376e-16
6.41356e-16
6.62151e-07
-2.15179e-17
-6.4086e-16
4.34148e-16
8.06798e-07
-6.4623e-16
2.99759e-16
8.79248e-07
-5.91194e-16
2.18382e-16
8.79248e-07
-6.22447e-16
2.13997e-16
8.06798e-07
2.23278e-16
6.62151e-07
-2.55156e-16
-6.93235e-16
6.30108e-16
5.88945e-07
3.06181e-16
-8.18607e-16
2.883e-16
7.34096e-07
-7.16857e-16
1.33717e-16
8.06798e-07
-5.54855e-16
8.97074e-17
8.06798e-07
-5.79089e-16
1.42331e-16
7.34096e-07
2.54638e-16
5.88945e-07
-1.73362e-16
-1.54498e-15
4.41971e-07
6.07438e-16
2.12296e-15
-1.10359e-15
5.88945e-07
4.6807e-16
-7.46315e-16
6.62151e-07
4.67879e-16
-4.67329e-16
6.62151e-07
4.82019e-16
-4.02898e-16
5.88945e-07
6.11887e-16
4.41971e-07
5.34013e-18
7.33356e-16
-1.87371e-15
-1.82667e-15
4.41971e-07
2.68134e-15
1.42695e-15
-1.54693e-15
-2.25905e-15
5.88945e-07
3.05378e-15
-6.9274e-16
-2.37578e-15
6.62151e-07
3.06036e-15
2.5396e-16
-2.35232e-15
6.62151e-07
3.04871e-15
9.13725e-16
-2.0901e-15
5.88945e-07
2.66453e-15
-1.39495e-15
4.41971e-07
1.81409e-15
1.50374e-15
-2.76622e-15
-6.63996e-16
5.88945e-07
2.66794e-15
-1.97166e-15
-8.32299e-16
7.34096e-07
-7.23713e-16
-9.66053e-16
8.06798e-07
6.24348e-16
-1.00026e-15
8.06798e-07
1.71652e-15
-8.41365e-16
7.34096e-07
-5.36061e-16
5.88945e-07
2.50196e-15
-3.09023e-15
8.52292e-16
6.62151e-07
3.06471e-15
-2.20575e-15
8.36765e-16
8.06798e-07
-7.42959e-16
7.60395e-16
8.79248e-07
8.6974e-16
6.76378e-16
8.79248e-07
2.18553e-15
5.91222e-16
8.06798e-07
5.6818e-16
6.62151e-07
3.1998e-15
-3.39961e-15
2.1473e-15
6.62151e-07
3.39745e-15
-2.38974e-15
2.50517e-15
8.06798e-07
-8.65657e-16
2.44242e-15
8.79248e-07
7.58742e-16
2.32671e-15
8.79248e-07
2.16553e-15
2.19484e-15
8.06798e-07
1.76947e-15
6.62151e-07
3.12457e-15
-3.20653e-15
3.2899e-15
5.88945e-07
2.7364e-15
-2.40463e-15
3.73643e-15
7.34096e-07
-9.42879e-16
3.79851e-15
8.06798e-07
7.24546e-16
3.72057e-15
8.06798e-07
2.11982e-15
3.38383e-15
7.34096e-07
2.46678e-15
5.88945e-07
3.26321e-15
-3.67588e-15
4.41971e-07
2.76888e-15
4.075e-15
-2.42598e-15
5.88945e-07
4.07764e-15
-1.02845e-15
6.62151e-07
4.32872e-15
2.95079e-16
6.62151e-07
4.29912e-15
1.36968e-15
5.88945e-07
3.90036e-15
4.41971e-07
2.25316e-15
2.60788e-15
-8.7825e-16
-2.49461e-15
1.78912e-15
1.92564e-15
-2.19553e-17
-3.81804e-15
4.33593e-15
9.44155e-16
-4.49439e-15
5.44344e-15
2.11689e-15
-4.47634e-15
5.44535e-15
3.42089e-15
-3.45283e-15
4.09873e-15
-1.98934e-15
1.85869e-15
1.52143e-15
-2.18394e-15
-2.14449e-15
3.34941e-15
-9.34196e-16
-2.58776e-15
6.92259e-16
-2.84256e-15
2.69339e-15
-2.7967e-15
4.53842e-15
-2.35376e-15
-2.11087e-15
2.59989e-15
-2.85394e-15
-1.13086e-15
4.05278e-15
-1.3837e-15
-7.70669e-16
5.73397e-16
-5.54271e-16
2.89869e-15
-5.39413e-16
4.47866e-15
-8.0284e-16
-7.9817e-16
2.20897e-15
-2.82113e-15
1.70975e-16
3.93963e-15
-1.34156e-15
1.39093e-15
5.8187e-16
2.02364e-15
2.76702e-15
1.87459e-15
4.66115e-15
1.38091e-15
8.31636e-16
2.73471e-15
-1.72985e-15
3.52499e-16
3.09598e-15
-7.9863e-16
2.7418e-15
5.63718e-16
3.94645e-15
2.43832e-15
4.0328e-15
3.98423e-15
3.42837e-15
2.12409e-15
8.05575e-16
2.02955e-15
-6.25987e-16
-4.49727e-15
1.07814e-15
6.27122e-16
1.22057e-15
1.77861e-15
2.4758e-15
1.77181e-15
2.72663e-15
3.11841e-16
-7.66681e-16
-6.73184e-16
-2.11483e-07
3.95659e-09
1.84503e-08
1.73579e-18
-2.12447e-07
4.714e-09
2.30766e-08
2.08361e-18
-2.11833e-07
5.56757e-09
2.86564e-08
2.50691e-18
-2.07758e-07
6.40876e-09
3.50636e-08
2.96144e-18
-1.96529e-07
7.09415e-09
4.16982e-08
3.40687e-18
-1.70845e-07
7.35276e-09
4.67744e-08
3.68519e-18
-1.15991e-07
6.68666e-09
4.56728e-08
3.42319e-18
3.57306e-09
2.60877e-08
1.97819e-18
-2.52517e-07
4.07706e-09
3.92003e-08
-2.56843e-07
5.01636e-09
4.89524e-08
-2.60334e-07
6.08469e-09
6.0785e-08
-2.60894e-07
7.20802e-09
7.45235e-08
-2.53859e-07
8.20765e-09
8.912e-08
-2.28916e-07
8.699e-09
1.01158e-07
-1.62892e-07
7.84936e-09
1.0118e-07
3.75204e-09
6.14509e-08
-2.73825e-07
1.00684e-17
5.11527e-08
-2.78589e-07
1.26689e-17
6.41322e-08
-2.82734e-07
1.58706e-17
8.00559e-08
-2.84216e-07
1.93154e-17
9.88199e-08
-2.78247e-07
2.27909e-17
1.1924e-07
-2.53649e-07
2.58552e-17
1.37002e-07
-1.83865e-07
2.42119e-17
1.39449e-07
1.41296e-17
8.75184e-08
-2.73825e-07
-4.07706e-09
5.11527e-08
-2.78589e-07
-5.01636e-09
6.41322e-08
-2.82734e-07
-6.08469e-09
8.00559e-08
-2.84216e-07
-7.20802e-09
9.88199e-08
-2.78247e-07
-8.20765e-09
1.1924e-07
-2.53649e-07
-8.699e-09
1.37002e-07
-1.83865e-07
-7.84936e-09
1.39449e-07
-3.75204e-09
8.75184e-08
-2.52517e-07
-3.95659e-09
3.92003e-08
-2.56843e-07
-4.714e-09
4.89524e-08
-2.60334e-07
-5.56757e-09
6.0785e-08
-2.60894e-07
-6.40876e-09
7.45235e-08
-2.53859e-07
-7.09415e-09
8.912e-08
-2.28916e-07
-7.35276e-09
1.01158e-07
-1.62892e-07
-6.68666e-09
1.0118e-07
-3.57306e-09
6.14509e-08
-2.11483e-07
1.84503e-08
2.98295e-18
-2.12447e-07
2.30766e-08
3.58871e-18
-2.11833e-07
2.86564e-08
4.23887e-18
-2.07758e-07
3.50636e-08
4.87463e-18
-1.96529e-07
4.16982e-08
5.36848e-18
-1.70845e-07
4.67744e-08
5.46342e-18
-1.15991e-07
4.56728e-08
4.64948e-18
2.60877e-08
2.2359e-18
-3.27004e-08
9.86793e-10
1.76012e-08
1.84378e-18
-3.25328e-08
1.12176e-09
2.17871e-08
2.15112e-18
-3.1704e-08
1.17497e-09
2.66526e-08
2.53698e-18
-2.97057e-08
1.10862e-09
3.19566e-08
2.87464e-18
-2.57906e-08
8.41685e-10
3.69415e-08
3.25724e-18
-1.90663e-08
3.06464e-10
3.97437e-08
3.07443e-18
-9.14461e-09
-4.40287e-10
3.61914e-08
2.34693e-18
-8.77381e-10
1.78205e-08
7.31326e-19
-5.8751e-08
1.17535e-09
4.02625e-08
-5.96875e-08
1.32859e-09
4.96822e-08
-5.97041e-08
1.40502e-09
6.05716e-08
-5.78249e-08
1.35223e-09
7.24006e-08
-5.24213e-08
1.07017e-09
8.34879e-08
-4.10899e-08
4.54361e-10
8.96787e-08
-2.14562e-08
-4.689e-10
8.15747e-08
-1.10832e-09
4.02257e-08
-7.2915e-08
-3.52432e-18
5.42175e-08
-7.46216e-08
-4.77515e-18
6.71674e-08
-7.54308e-08
-6.37374e-18
8.22701e-08
-7.41407e-08
-8.38368e-18
9.8882e-08
-6.85956e-08
-1.09684e-17
1.14765e-07
-5.53091e-08
-1.29629e-17
1.2417e-07
-3.00839e-08
-1.29629e-17
1.13755e-07
-7.43554e-18
5.63261e-08
-7.2915e-08
-1.17535e-09
5.42175e-08
-7.46216e-08
-1.32859e-09
6.71674e-08
-7.54308e-08
-1.40502e-09
8.22701e-08
-7.41407e-08
-1.35223e-09
9.8882e-08
-6.85956e-08
-1.07017e-09
1.14765e-07
-5.53091e-08
-4.54361e-10
1.2417e-07
-3.00839e-08
4.689e-10
1.13755e-07
1.10832e-09
5.63261e-08
-5.8751e-08
-9.86793e-10
4.02625e-08
-5.96875e-08
-1.12176e-09
4.96822e-08
-5.97041e-08
-1.17497e-09
6.05716e-08
-5.78249e-08
-1.10862e-09
7.24006e-08
-5.24213e-08
-8.41685e-10
8.34879e-08
-4.10899e-08
-3.06464e-10
8.96787e-08
-2.14562e-08
4.40287e-10
8.15747e-08
8.77381e-10
4.02257e-08
-3.27004e-08
1.76012e-08
-2.06198e-18
-3.25328e-08
2.17871e-08
-2.83643e-18
-3.1704e-08
2.66526e-08
-3.84298e-18
-2.97057e-08
3.19566e-08
-5.09136e-18
-2.57906e-08
3.69415e-08
-6.46261e-18
-1.90663e-08
3.97437e-08
-7.50867e-18
-9.14461e-09
3.61914e-08
-7.35051e-18
1.78205e-08
-3.94601e-18
-1.97726e-08
4.42497e-10
1.60666e-08
-3.24922e-18
-1.82763e-08
4.94423e-10
1.97965e-08
-4.13606e-18
-1.62505e-08
5.31957e-10
2.40949e-08
-5.28095e-18
-1.35482e-08
5.3646e-10
2.87178e-08
-6.70246e-18
-1.00719e-08
4.89387e-10
3.29758e-08
-8.18455e-18
-5.94713e-09
3.77248e-10
3.52417e-08
-9.05954e-18
-1.94677e-09
2.04796e-10
3.19862e-08
-8.0407e-18
1.91211e-11
1.58546e-08
-3.37084e-18
-3.9225e-08
5.25021e-10
3.819e-08
-3.64187e-08
5.84831e-10
4.67855e-08
-3.25212e-08
6.2496e-10
5.6581e-08
-2.71882e-08
6.22176e-10
6.69819e-08
-2.01624e-08
5.55539e-10
7.63959e-08
-1.16791e-08
4.18474e-10
8.11541e-08
-3.52591e-09
2.45046e-10
7.33813e-08
8.65062e-11
3.66324e-08
-5.00034e-08
2.80422e-17
5.24693e-08
-4.67052e-08
3.49914e-17
6.4454e-08
-4.20074e-08
4.36575e-17
7.81972e-08
-3.54136e-08
5.39053e-17
9.29104e-08
-2.64956e-08
6.55854e-17
1.06402e-07
-1.54355e-08
7.5928e-17
1.13528e-07
-4.56941e-09
7.72965e-17
1.03134e-07
4.47487e-17
5.18432e-08
-5.00034e-08
-5.25021e-10
5.24693e-08
-4.67052e-08
-5.84831e-10
6.4454e-08
-4.20074e-08
-6.2496e-10
7.81972e-08
-3.54136e-08
-6.22176e-10
9.29104e-08
-2.64956e-08
-5.55538e-10
1.06402e-07
-1.54355e-08
-4.18474e-10
1.13528e-07
-4.56941e-09
-2.45046e-10
1.03134e-07
-8.65061e-11
5.18432e-08
-3.9225e-08
-4.42497e-10
3.819e-08
-3.64187e-08
-4.94423e-10
4.67855e-08
-3.25212e-08
-5.31957e-10
5.6581e-08
-2.71882e-08
-5.3646e-10
6.69819e-08
-2.01624e-08
-4.89387e-10
7.63959e-08
-1.16791e-08
-3.77248e-10
8.11541e-08
-3.52591e-09
-2.04796e-10
7.33813e-08
-1.91211e-11
3.66324e-08
-1.97726e-08
1.60666e-08
3.79763e-18
-1.82763e-08
1.97965e-08
4.63254e-18
-1.62505e-08
2.40949e-08
5.55665e-18
-1.35482e-08
2.87178e-08
6.4914e-18
-1.00719e-08
3.29758e-08
7.349e-18
-5.94713e-09
3.52417e-08
7.78727e-18
-1.94677e-09
3.19862e-08
7.10355e-18
1.58546e-08
3.56551e-18
-1.61075e-09
1.55206e-10
1.57558e-08
-1.91946e-18
-1.41471e-09
1.8067e-10
1.94198e-08
-2.19897e-18
-1.16891e-09
2.00338e-10
2.36487e-08
-2.40103e-18
-8.74655e-10
2.12082e-10
2.82115e-08
-2.37255e-18
-5.50522e-10
2.09171e-10
3.24425e-08
-1.93419e-18
-2.45198e-10
1.83819e-10
3.47526e-08
-8.82846e-19
-3.70605e-11
1.29907e-10
3.16482e-08
7.41802e-19
4.73557e-11
1.57702e-08
1.71351e-18
-7.42558e-09
2.15534e-10
3.75613e-08
-6.66934e-09
2.39712e-10
4.59702e-08
-5.67897e-09
2.52035e-10
5.55389e-08
-4.42944e-09
2.47083e-10
6.56974e-08
-2.96257e-09
2.16986e-10
7.49212e-08
-1.46498e-09
1.56999e-10
7.96834e-08
-3.21458e-10
7.16806e-11
7.2296e-08
-5.55905e-12
3.63638e-08
-1.19843e-08
1.40109e-18
5.18347e-08
-1.08307e-08
7.82736e-19
6.35401e-08
-9.2876e-09
-3.15979e-19
7.69062e-08
-7.29383e-09
-2.34915e-18
9.11637e-08
-4.89333e-09
-5.85005e-18
1.04219e-07
-2.3867e-09
-1.1179e-17
1.11179e-07
-4.70366e-10
-1.74179e-17
1.0129e-07
-1.54064e-17
5.13673e-08
-1.19843e-08
-2.15534e-10
5.18347e-08
-1.08307e-08
-2.39712e-10
6.35401e-08
-9.2876e-09
-2.52035e-10
7.69062e-08
-7.29383e-09
-2.47083e-10
9.11637e-08
-4.89333e-09
-2.16986e-10
1.04219e-07
-2.3867e-09
-1.56999e-10
1.11179e-07
-4.70366e-10
-7.16806e-11
1.0129e-07
5.55902e-12
5.13673e-08
-7.42558e-09
-1.55206e-10
3.75613e-08
-6.66934e-09
-1.8067e-10
4.59702e-08
-5.67897e-09
-2.00338e-10
5.55389e-08
-4.42944e-09
-2.12082e-10
6.56974e-08
-2.96257e-09
-2.09171e-10
7.49212e-08
-1.46498e-09
-1.8382e-10
7.96834e-08
-3.21458e-10
-1.29907e-10
7.2296e-08
-4.73557e-11
3.63638e-08
-1.61075e-09
1.57558e-08
-4.24085e-18
-1.41471e-09
1.94198e-08
-5.2592e-18
-1.16891e-09
2.36487e-08
-6.49123e-18
-8.74655e-10
2.82115e-08
-7.90498e-18
-5.50522e-10
3.24425e-08
-9.24122e-18
-2.45198e-10
3.47526e-08
-1.01558e-17
-3.70605e-11
3.16482e-08
-9.53301e-18
1.57702e-08
-5.0122e-18
-1.07026e-09
8.99592e-11
1.56138e-08
5.89881e-18
-1.00066e-09
1.07714e-10
1.92425e-08
7.54246e-18
-9.06859e-10
1.26252e-10
2.34287e-08
9.62624e-18
-7.81568e-10
1.44073e-10
2.79421e-08
1.22092e-17
-6.17078e-10
1.5727e-10
3.21207e-08
1.5093e-17
-4.09026e-10
1.5843e-10
3.43861e-08
1.769e-17
-1.7093e-10
1.34763e-10
3.12753e-08
1.78325e-17
6.22346e-11
1.5537e-08
1.02494e-17
-3.59719e-09
1.32931e-10
3.73214e-08
-3.33668e-09
1.54594e-10
4.56628e-08
-2.99287e-09
1.74603e-10
5.51468e-08
-2.54659e-09
1.8991e-10
6.52053e-08
-1.98347e-09
1.94901e-10
7.43205e-08
-1.30477e-09
1.80912e-10
7.89822e-08
-5.54688e-10
1.35251e-10
7.15454e-08
4.39877e-11
3.58274e-08
-5.76552e-09
3.25927e-17
5.16216e-08
-5.30982e-09
4.09022e-17
6.3239e-08
-4.71386e-09
5.15096e-17
7.64848e-08
-3.95205e-09
6.40546e-17
9.05918e-08
-3.01586e-09
7.81555e-17
1.03478e-07
-1.9346e-09
9.19548e-17
1.10278e-07
-8.04456e-10
9.43194e-17
1.00295e-07
5.64617e-17
5.06068e-08
-5.76552e-09
-1.32931e-10
5.16216e-08
-5.30982e-09
-1.54594e-10
6.3239e-08
-4.71386e-09
-1.74603e-10
7.64848e-08
-3.95205e-09
-1.8991e-10
9.05918e-08
-3.01586e-09
-1.94901e-10
1.03478e-07
-1.9346e-09
-1.80911e-10
1.10278e-07
-8.04456e-10
-1.35251e-10
1.00295e-07
-4.39876e-11
5.06068e-08
-3.59719e-09
-8.99591e-11
3.73214e-08
-3.33668e-09
-1.07714e-10
4.56628e-08
-2.99287e-09
-1.26252e-10
5.51468e-08
-2.54659e-09
-1.44073e-10
6.52053e-08
-1.98347e-09
-1.5727e-10
7.43205e-08
-1.30477e-09
-1.5843e-10
7.89822e-08
-5.54688e-10
-1.34763e-10
7.15454e-08
-6.22346e-11
3.58274e-08
-1.07026e-09
1.56138e-08
1.71631e-17
-1.00066e-09
1.92425e-08
2.15697e-17
-9.0686e-10
2.34287e-08
2.68264e-17
-7.81569e-10
2.79421e-08
3.27894e-17
-6.17078e-10
3.21207e-08
3.88091e-17
-4.09026e-10
3.43861e-08
4.28898e-17
-1.7093e-10
3.12753e-08
4.05221e-17
1.5537e-08
2.1456e-17
-1.15369e-09
5.64294e-11
1.54957e-08
1.45388e-17
-1.07029e-09
6.66235e-11
1.90925e-08
1.75122e-17
-9.57751e-10
7.65774e-11
2.32396e-08
2.07975e-17
-8.07624e-10
8.48686e-11
2.77071e-08
2.40351e-17
-6.13107e-10
8.87286e-11
3.18375e-08
2.68579e-17
-3.77337e-10
8.37788e-11
3.40665e-08
2.83868e-17
-1.35495e-10
6.39781e-11
3.09695e-08
2.64384e-17
2.31857e-11
1.53783e-08
1.45374e-17
-2.81379e-09
8.14132e-11
3.71373e-08
-2.60116e-09
9.50957e-11
4.54217e-08
-2.31894e-09
1.08192e-10
5.48329e-08
-1.94849e-09
1.18394e-10
6.48013e-08
-1.47507e-09
1.21787e-10
7.3814e-08
-9.06421e-10
1.12426e-10
7.83849e-08
-3.25304e-10
8.27584e-11
7.09455e-08
2.67896e-11
3.54985e-08
-4.0842e-09
5.37092e-17
5.14634e-08
-3.76618e-09
6.86436e-17
6.30161e-08
-3.34756e-09
8.69692e-17
7.61744e-08
-2.80327e-09
1.07782e-16
9.01659e-08
-2.11461e-09
1.28372e-16
1.02911e-07
-1.29442e-09
1.41291e-16
1.09571e-07
-4.60793e-10
1.29816e-16
9.95438e-08
6.18964e-17
5.01728e-08
-4.0842e-09
-8.14131e-11
5.14634e-08
-3.76618e-09
-9.50956e-11
6.30161e-08
-3.34756e-09
-1.08192e-10
7.61744e-08
-2.80327e-09
-1.18394e-10
9.01659e-08
-2.11461e-09
-1.21787e-10
1.02911e-07
-1.29442e-09
-1.12426e-10
1.09571e-07
-4.60793e-10
-8.27581e-11
9.95438e-08
-2.67895e-11
5.01728e-08
-2.81379e-09
-5.64293e-11
3.71373e-08
-2.60116e-09
-6.66235e-11
4.54217e-08
-2.31894e-09
-7.65773e-11
5.48329e-08
-1.94849e-09
-8.48686e-11
6.48013e-08
-1.47507e-09
-8.87285e-11
7.3814e-08
-9.06421e-10
-8.37786e-11
7.83849e-08
-3.25304e-10
-6.3978e-11
7.09455e-08
-2.31857e-11
3.54985e-08
-1.15369e-09
1.54957e-08
1.10638e-17
-1.07029e-09
1.90925e-08
1.37444e-17
-9.5775e-10
2.32396e-08
1.673e-17
-8.07624e-10
2.77071e-08
1.98714e-17
-6.13107e-10
3.18375e-08
2.25098e-17
-3.77337e-10
3.40665e-08
2.30714e-17
-1.35495e-10
3.09695e-08
1.92793e-17
1.53783e-08
7.87728e-18
-5.75167e-10
3.15261e-11
1.54337e-08
5.20704e-18
-5.33786e-10
3.69259e-11
1.90142e-08
6.40615e-18
-4.77557e-10
4.18067e-11
2.31415e-08
7.88116e-18
-4.0234e-10
4.541e-11
2.75865e-08
9.5343e-18
-3.05082e-10
4.61929e-11
3.1694e-08
1.10087e-17
-1.87948e-10
4.2e-11
3.39074e-08
1.13189e-17
-6.81538e-11
3.041e-11
3.08193e-08
8.87014e-18
1.0046e-11
1.53001e-08
2.84157e-18
-1.50812e-09
4.65475e-11
3.70387e-08
-1.39502e-09
5.37483e-11
4.52918e-08
-1.24297e-09
6.00747e-11
5.46626e-08
-1.0418e-09
6.41899e-11
6.45813e-08
-7.84742e-10
6.38968e-11
7.35393e-08
-4.79281e-10
5.62969e-11
7.80651e-08
-1.71919e-10
3.85692e-11
7.063e-08
1.06135e-11
3.5326e-08
-2.22468e-09
4.64032e-18
5.1382e-08
-2.0532e-09
4.72815e-18
6.28984e-08
-1.8246e-09
3.51019e-18
7.60059e-08
-1.52443e-09
2.14887e-19
8.993e-08
-1.14344e-09
-6.61816e-18
1.02594e-07
-6.93604e-10
-1.76827e-17
1.09177e-07
-2.45134e-10
-3.0323e-17
9.91339e-08
-2.60347e-17
4.99383e-08
-2.22468e-09
-4.65475e-11
5.1382e-08
-2.0532e-09
-5.37483e-11
6.28984e-08
-1.8246e-09
-6.00747e-11
7.60059e-08
-1.52443e-09
-6.41899e-11
8.993e-08
-1.14344e-09
-6.38969e-11
1.02594e-07
-6.93604e-10
-5.62969e-11
1.09177e-07
-2.45134e-10
-3.85693e-11
9.91339e-08
-1.06136e-11
4.99383e-08
-1.50812e-09
-3.15261e-11
3.70387e-08
-1.39502e-09
-3.69259e-11
4.52918e-08
-1.24297e-09
-4.18067e-11
5.46626e-08
-1.0418e-09
-4.541e-11
6.45813e-08
-7.84742e-10
-4.61929e-11
7.35393e-08
-4.79281e-10
-4.2e-11
7.80651e-08
-1.71919e-10
-3.041e-11
7.063e-08
-1.0046e-11
3.5326e-08
-5.75167e-10
1.54337e-08
3.64085e-18
-5.33786e-10
1.90142e-08
4.66948e-18
-4.77558e-10
2.31415e-08
5.70046e-18
-4.0234e-10
2.75865e-08
6.66337e-18
-3.05082e-10
3.1694e-08
7.35041e-18
-1.87948e-10
3.39074e-08
7.29544e-18
-6.81538e-11
3.08193e-08
5.90124e-18
1.53001e-08
2.64504e-18
-3.74861e-10
1.91733e-11
1.53956e-08
-8.49711e-18
-3.48977e-10
2.24062e-11
1.89659e-08
-1.11059e-17
-3.13555e-10
2.53372e-11
2.30808e-08
-1.44099e-17
-2.65765e-10
2.74929e-11
2.75112e-08
-1.84076e-17
-2.03294e-10
2.79606e-11
3.16036e-08
-2.25337e-17
-1.26935e-10
2.54681e-11
3.38056e-08
-2.52027e-17
-4.71602e-11
1.8562e-11
3.07209e-08
-2.30705e-17
6.20947e-12
1.52467e-08
-1.08106e-17
-9.60582e-10
2.80865e-11
3.69799e-08
-8.92485e-10
3.23062e-11
4.52138e-08
-7.99931e-10
3.59316e-11
5.45595e-08
-6.76011e-10
3.8135e-11
6.44468e-08
-5.15459e-10
3.76226e-11
7.33691e-08
-3.21115e-10
3.27597e-11
7.78635e-08
-1.19719e-10
2.20416e-11
7.04251e-08
5.57555e-12
3.52069e-08
-1.39966e-09
9.28326e-17
5.13346e-08
-1.29736e-09
1.18993e-16
6.28284e-08
-1.15946e-09
1.51347e-16
7.59039e-08
-9.76293e-10
1.89407e-16
8.97849e-08
-7.4093e-10
2.30019e-16
1.02396e-07
-4.58604e-10
2.62634e-16
1.08928e-07
-1.6924e-10
2.59048e-16
9.88666e-08
1.45384e-16
4.97746e-08
-1.39966e-09
-2.80863e-11
5.13346e-08
-1.29736e-09
-3.2306e-11
6.28284e-08
-1.15946e-09
-3.59313e-11
7.59039e-08
-9.76293e-10
-3.81347e-11
8.97849e-08
-7.4093e-10
-3.76222e-11
1.02396e-07
-4.58604e-10
-3.27593e-11
1.08928e-07
-1.6924e-10
-2.20412e-11
9.88666e-08
-5.57532e-12
4.97746e-08
-9.60582e-10
-1.91732e-11
3.69799e-08
-8.92485e-10
-2.2406e-11
4.52138e-08
-7.99931e-10
-2.5337e-11
5.45595e-08
-6.76011e-10
-2.74927e-11
6.44468e-08
-5.15459e-10
-2.79604e-11
7.33691e-08
-3.21115e-10
-2.54678e-11
7.78635e-08
-1.19719e-10
-1.85617e-11
7.04251e-08
-6.20932e-12
3.52069e-08
-3.74861e-10
1.53956e-08
2.01214e-17
-3.48977e-10
1.89659e-08
2.54911e-17
-3.13555e-10
2.30808e-08
3.17165e-17
-2.65765e-10
2.75112e-08
3.86206e-17
-2.03295e-10
3.16036e-08
4.52124e-17
-1.26936e-10
3.38056e-08
4.89274e-17
-4.71603e-11
3.07209e-08
4.4298e-17
1.52467e-08
2.16558e-17
-2.4204e-10
1.19347e-11
1.53712e-08
-4.68227e-18
-2.25039e-10
1.39581e-11
1.89349e-08
-5.53092e-18
-2.01848e-10
1.57987e-11
2.30418e-08
-6.27425e-18
-1.70658e-10
1.71608e-11
2.74629e-08
-6.65691e-18
-1.30035e-10
1.74758e-11
3.15455e-08
-6.42671e-18
-8.06316e-11
1.59471e-11
3.37402e-08
-5.38381e-18
-2.95253e-11
1.1653e-11
3.06582e-08
-3.74871e-18
3.92331e-12
1.52133e-08
-1.33786e-18
-6.145e-10
1.72027e-11
3.69426e-08
-5.70615e-10
1.98011e-11
4.51641e-08
-5.10982e-10
2.20426e-11
5.44936e-08
-4.31144e-10
2.34203e-11
6.43607e-08
-3.27729e-10
2.3144e-11
7.326e-08
-2.02761e-10
2.02137e-11
7.77342e-08
-7.42846e-11
1.36981e-11
7.02946e-08
3.58689e-12
3.5133e-08
-8.90514e-10
5.47659e-17
5.13041e-08
-8.2573e-10
6.75843e-17
6.27834e-08
-7.38114e-10
8.12331e-17
7.58383e-08
-6.21349e-10
9.37838e-17
8.96916e-08
-4.70811e-10
1.01228e-16
1.02268e-07
-2.89858e-10
9.61079e-17
1.08767e-07
-1.05154e-10
6.99969e-17
9.86956e-08
1.91368e-17
4.9673e-08
-8.90514e-10
-1.72026e-11
5.13041e-08
-8.2573e-10
-1.9801e-11
6.27834e-08
-7.38114e-10
-2.20425e-11
7.58383e-08
-6.21349e-10
-2.34202e-11
8.96916e-08
-4.70811e-10
-2.31438e-11
1.02268e-07
-2.89858e-10
-2.02135e-11
1.08767e-07
-1.05154e-10
-1.3698e-11
9.86956e-08
-3.58688e-12
4.9673e-08
-6.14501e-10
-1.19347e-11
3.69426e-08
-5.70615e-10
-1.3958e-11
4.51641e-08
-5.10982e-10
-1.57986e-11
5.44936e-08
-4.31144e-10
-1.71607e-11
6.43607e-08
-3.27729e-10
-1.74757e-11
7.326e-08
-2.02761e-10
-1.5947e-11
7.77342e-08
-7.42846e-11
-1.16529e-11
7.02946e-08
-3.92328e-12
3.5133e-08
-2.4204e-10
1.53712e-08
1.71299e-17
-2.25039e-10
1.89349e-08
2.15701e-17
-2.01849e-10
2.30418e-08
2.64351e-17
-1.70659e-10
2.74629e-08
3.14065e-17
-1.30035e-10
3.15455e-08
3.55381e-17
-8.06318e-11
3.37402e-08
3.65819e-17
-2.95254e-11
3.06582e-08
3.0778e-17
1.52133e-08
1.34217e-17
-1.44686e-10
7.34453e-12
1.53563e-08
-8.56655e-18
-1.34502e-10
8.60591e-12
1.89161e-08
-1.03351e-17
-1.20618e-10
9.76092e-12
2.30181e-08
-1.21844e-17
-1.01959e-10
1.06323e-11
2.74336e-08
-1.38439e-17
-7.76799e-11
1.08692e-11
3.15104e-08
-1.48492e-17
-4.81817e-11
9.97276e-12
3.37008e-08
-1.43653e-17
-1.76688e-11
7.3527e-12
3.06203e-08
-1.09376e-17
2.5376e-12
1.51931e-08
-3.60909e-18
-3.73263e-10
1.05403e-11
3.69199e-08
-3.46575e-10
1.21492e-11
4.51338e-08
-3.10299e-10
1.35459e-11
5.44535e-08
-2.61738e-10
1.44253e-11
6.43083e-08
-1.98882e-10
1.4302e-11
7.31937e-08
-1.23025e-10
1.25523e-11
7.76558e-08
-4.51207e-11
8.57412e-12
7.02155e-08
2.30457e-12
3.50881e-08
-5.43725e-10
1.60158e-16
5.12857e-08
-5.04227e-10
2.00917e-16
6.2756e-08
-4.50739e-10
2.49234e-16
7.57984e-08
-3.79389e-10
3.025e-16
8.96347e-08
-2.87375e-10
3.54734e-16
1.02191e-07
-1.76848e-10
3.87811e-16
1.08669e-07
-6.41748e-11
3.62588e-16
9.85915e-08
1.89677e-16
4.96112e-08
-5.43725e-10
-1.05401e-11
5.12857e-08
-5.04227e-10
-1.21489e-11
6.2756e-08
-4.50739e-10
-1.35455e-11
7.57984e-08
-3.79389e-10
-1.44248e-11
8.96347e-08
-2.87375e-10
-1.43015e-11
1.02191e-07
-1.76849e-10
-1.25517e-11
1.08669e-07
-6.41749e-11
-8.57355e-12
9.85915e-08
-2.3043e-12
4.96112e-08
-3.73263e-10
-7.34437e-12
3.69199e-08
-3.46575e-10
-8.6057e-12
4.51338e-08
-3.103e-10
-9.76067e-12
5.44535e-08
-2.61739e-10
-1.0632e-11
6.43083e-08
-1.98882e-10
-1.08689e-11
7.31937e-08
-1.23025e-10
-9.9724e-12
7.76558e-08
-4.51209e-11
-7.35236e-12
7.02155e-08
-2.53744e-12
3.50881e-08
-1.44686e-10
1.53563e-08
4.56335e-17
-1.34502e-10
1.89161e-08
5.71342e-17
-1.20618e-10
2.30181e-08
7.0267e-17
-1.0196e-10
2.74336e-08
8.43188e-17
-7.76801e-11
3.15104e-08
9.69047e-17
-4.81819e-11
3.37008e-08
1.02537e-16
-1.7669e-11
3.06203e-08
9.04218e-17
1.51931e-08
4.23261e-17
-8.93715e-11
4.54471e-12
1.53472e-08
3.68021e-17
-8.30995e-11
5.32998e-12
1.89045e-08
4.54729e-17
-7.45473e-11
6.0538e-12
2.30035e-08
5.55895e-17
-6.30493e-11
6.60678e-12
2.74155e-08
6.67242e-17
-4.80761e-11
6.7715e-12
3.14886e-08
7.7494e-17
-2.986e-11
6.23549e-12
3.36763e-08
8.43665e-17
-1.09768e-11
4.62212e-12
3.05968e-08
7.87828e-17
1.61278e-12
1.51805e-08
4.13373e-17
-2.30452e-10
6.50454e-12
3.69059e-08
-2.14028e-10
7.50616e-12
4.51152e-08
-1.91701e-10
8.38285e-12
5.44289e-08
-1.61804e-10
8.94707e-12
6.42761e-08
-1.23078e-10
8.89793e-12
7.31528e-08
-7.62772e-11
7.84291e-12
7.76074e-08
-2.80817e-11
5.39126e-12
7.01665e-08
1.46983e-12
3.50601e-08
-3.35715e-10
4.03986e-18
5.12743e-08
-3.11401e-10
1.45045e-18
6.27392e-08
-2.78468e-10
-5.84308e-18
7.57738e-08
-2.34525e-10
-2.15779e-17
8.95997e-08
-1.77825e-10
-5.08635e-17
1.02143e-07
-1.09639e-10
-9.66889e-17
1.08609e-07
-3.99507e-11
-1.46234e-16
9.85272e-08
-1.21347e-16
4.95727e-08
-3.35715e-10
-6.50453e-12
5.12743e-08
-3.11401e-10
-7.50616e-12
6.27392e-08
-2.78468e-10
-8.38286e-12
7.57738e-08
-2.34525e-10
-8.94711e-12
8.95997e-08
-1.77825e-10
-8.89803e-12
1.02143e-07
-1.09639e-10
-7.84308e-12
1.08609e-07
-3.99507e-11
-5.39152e-12
9.85272e-08
-1.47004e-12
4.95727e-08
-2.30452e-10
-4.54473e-12
3.69059e-08
-2.14028e-10
-5.33e-12
4.51152e-08
-1.91701e-10
-6.05383e-12
5.44289e-08
-1.61803e-10
-6.60682e-12
6.42761e-08
-1.23077e-10
-6.77157e-12
7.31528e-08
-7.6277e-11
-6.2356e-12
7.76074e-08
-2.80816e-11
-4.62225e-12
7.01665e-08
-1.61287e-12
3.50601e-08
-8.93709e-11
1.53472e-08
8.49766e-18
-8.3099e-11
1.89045e-08
1.05537e-17
-7.45468e-11
2.30035e-08
1.2238e-17
-6.30489e-11
2.74155e-08
1.29538e-17
-4.80759e-11
3.14886e-08
1.17654e-17
-2.98599e-11
3.36763e-08
7.57247e-18
-1.09769e-11
3.05968e-08
2.18325e-19
1.51805e-08
-5.10573e-18
-5.53503e-11
2.80994e-12
1.53415e-08
2.43222e-17
-5.14592e-11
3.29579e-12
1.88973e-08
3.00962e-17
-4.61553e-11
3.74383e-12
2.29945e-08
3.6818e-17
-3.90268e-11
4.08632e-12
2.74042e-08
4.39251e-17
-2.97472e-11
4.18866e-12
3.14752e-08
4.97366e-17
-1.84634e-11
3.8573e-12
3.36612e-08
5.09174e-17
-6.77763e-12
2.85881e-12
3.05823e-08
4.15201e-17
9.967e-13
1.51727e-08
1.52325e-17
-1.42515e-10
4.01676e-12
3.68972e-08
-1.32338e-10
4.63681e-12
4.51037e-08
-1.18511e-10
5.18069e-12
5.44136e-08
-1.00002e-10
5.53253e-12
6.42561e-08
-7.60366e-11
5.50608e-12
7.31275e-08
-4.70871e-11
4.85757e-12
7.75774e-08
-1.73036e-11
3.34329e-12
7.01363e-08
9.15129e-13
3.50429e-08
-2.07515e-10
-7.56111e-18
5.12673e-08
-1.92462e-10
-9.87637e-18
6.27288e-08
-1.72081e-10
-1.43515e-17
7.57586e-08
-1.44896e-10
-2.15225e-17
8.9578e-08
-1.09828e-10
-3.15047e-17
1.02113e-07
-6.76678e-11
-4.02008e-17
1.08571e-07
-2.46115e-11
-3.79965e-17
9.84875e-08
-1.07243e-17
4.9549e-08
-2.07515e-10
-4.01678e-12
5.12673e-08
-1.92462e-10
-4.63683e-12
6.27288e-08
-1.72081e-10
-5.18072e-12
7.57586e-08
-1.44896e-10
-5.53257e-12
8.9578e-08
-1.09828e-10
-5.50613e-12
1.02113e-07
-6.76679e-11
-4.85764e-12
1.08571e-07
-2.46115e-11
-3.34337e-12
9.84875e-08
-9.1516e-13
4.9549e-08
-1.42515e-10
-2.80995e-12
3.68972e-08
-1.32338e-10
-3.2958e-12
4.51037e-08
-1.18511e-10
-3.74384e-12
5.44136e-08
-1.00002e-10
-4.08634e-12
6.42561e-08
-7.60367e-11
-4.18869e-12
7.31275e-08
-4.70872e-11
-3.85733e-12
7.75774e-08
-1.73037e-11
-2.85883e-12
7.01363e-08
-9.96707e-13
3.50429e-08
-5.53507e-11
1.53415e-08
1.79248e-17
-5.14596e-11
1.88973e-08
2.29158e-17
-4.61556e-11
2.29945e-08
2.83401e-17
-3.90271e-11
2.74042e-08
3.38952e-17
-2.97475e-11
3.14752e-08
3.84637e-17
-1.84636e-11
3.36612e-08
3.95301e-17
-6.77772e-12
3.05823e-08
3.2985e-17
1.51727e-08
1.39594e-17
-3.40784e-11
1.73397e-12
1.5338e-08
-9.15307e-18
-3.16829e-11
2.03362e-12
1.88929e-08
-1.26942e-17
-2.84174e-11
2.30974e-12
2.29889e-08
-1.75577e-17
-2.40286e-11
2.52056e-12
2.73973e-08
-2.4036e-17
-1.83154e-11
2.58302e-12
3.14669e-08
-3.16185e-17
-1.13686e-11
2.37782e-12
3.36518e-08
-3.81629e-17
-4.17404e-12
1.76139e-12
3.05733e-08
-3.8252e-17
6.13541e-13
1.51679e-08
-2.05581e-17
-8.78186e-11
2.47984e-12
3.68919e-08
-8.1545e-11
2.86237e-12
4.50966e-08
-7.30212e-11
3.19765e-12
5.44042e-08
-6.16131e-11
3.41411e-12
6.42438e-08
-4.68444e-11
3.39679e-12
7.3112e-08
-2.90081e-11
2.9954e-12
7.7559e-08
-1.0661e-11
2.06013e-12
7.01176e-08
5.62838e-13
3.50323e-08
-1.27923e-10
9.89953e-17
5.12629e-08
-1.18636e-10
1.27837e-16
6.27224e-08
-1.06064e-10
1.63327e-16
7.57492e-08
-8.92982e-11
2.04654e-16
8.95647e-08
-6.76777e-11
2.48329e-16
1.02095e-07
-4.16933e-11
2.8338e-16
1.08548e-07
-1.51645e-11
2.79964e-16
9.8463e-08
1.57147e-16
4.95344e-08
-1.27923e-10
-2.47965e-12
5.12629e-08
-1.18636e-10
-2.86213e-12
6.27224e-08
-1.06064e-10
-3.19733e-12
7.57492e-08
-8.92983e-11
-3.41372e-12
8.95647e-08
-6.76778e-11
-3.39633e-12
1.02095e-07
-4.16934e-11
-2.99488e-12
1.08548e-07
-1.51646e-11
-2.05964e-12
9.8463e-08
-5.62591e-13
4.95344e-08
-8.78189e-11
-1.73384e-12
3.68919e-08
-8.15453e-11
-2.03345e-12
4.50966e-08
-7.30215e-11
-2.30953e-12
5.44042e-08
-6.16134e-11
-2.5203e-12
6.42438e-08
-4.68447e-11
-2.58271e-12
7.3112e-08
-2.90083e-11
-2.37747e-12
7.7559e-08
-1.06611e-11
-1.76106e-12
7.01176e-08
-6.13356e-13
3.50323e-08
-3.40787e-11
1.5338e-08
3.28128e-17
-3.16832e-11
1.88929e-08
4.12509e-17
-2.84177e-11
2.29889e-08
5.05862e-17
-2.40289e-11
2.73973e-08
6.00724e-17
-1.83157e-11
3.14669e-08
6.78574e-17
-1.13689e-11
3.36518e-08
7.00206e-17
-4.17422e-12
3.05733e-08
5.95542e-17
1.51679e-08
2.62806e-17
-2.10703e-11
1.07118e-12
1.53359e-08
-1.11639e-17
-1.95899e-11
1.25615e-12
1.88902e-08
-1.34175e-17
-1.75717e-11
1.42654e-12
2.29855e-08
-1.58946e-17
-1.48589e-11
1.5565e-12
2.73931e-08
-1.83801e-17
-1.1327e-11
1.59475e-12
3.14617e-08
-2.05841e-17
-7.03187e-12
1.46768e-12
3.36461e-08
-2.17171e-17
-2.58251e-12
1.08678e-12
3.05678e-08
-2.02187e-17
3.78179e-13
1.5165e-08
-1.09991e-17
-5.42732e-11
1.5326e-12
3.68886e-08
-5.03969e-11
1.76883e-12
4.50922e-08
-4.51304e-11
1.97575e-12
5.43984e-08
-3.80817e-11
2.10914e-12
6.42362e-08
-2.89562e-11
2.09795e-12
7.31023e-08
-1.7934e-11
1.84949e-12
7.75476e-08
-6.59339e-12
1.27148e-12
7.01061e-08
3.46956e-13
3.50257e-08
-7.90558e-11
8.46692e-17
5.12602e-08
-7.3316e-11
1.06084e-16
6.27184e-08
-6.55469e-11
1.29575e-16
7.57435e-08
-5.51873e-11
1.5227e-16
8.95564e-08
-4.18285e-11
1.67832e-16
1.02084e-07
-2.5773e-11
1.65996e-16
1.08534e-07
-9.37787e-12
1.30188e-16
9.84479e-08
4.5445e-17
4.95254e-08
-7.90559e-11
-1.53245e-12
5.12602e-08
-7.33161e-11
-1.76864e-12
6.27184e-08
-6.5547e-11
-1.97552e-12
7.57435e-08
-5.51874e-11
-2.10887e-12
8.95564e-08
-4.18286e-11
-2.09766e-12
1.02084e-07
-2.57731e-11
-1.84921e-12
1.08534e-07
-9.3779e-12
-1.27127e-12
9.84479e-08
-3.46894e-13
4.95254e-08
-5.42737e-11
-1.07108e-12
3.68886e-08
-5.03973e-11
-1.25604e-12
4.50922e-08
-4.51307e-11
-1.4264e-12
5.43984e-08
-3.8082e-11
-1.55634e-12
6.42362e-08
-2.89563e-11
-1.59457e-12
7.31023e-08
-1.79341e-11
-1.4675e-12
7.75476e-08
-6.59345e-12
-1.08664e-12
7.01061e-08
-3.78123e-13
3.50257e-08
-2.10709e-11
1.53359e-08
2.59662e-17
-1.95904e-11
1.88902e-08
3.25434e-17
-1.75721e-11
2.29855e-08
3.96255e-17
-1.48592e-11
2.73931e-08
4.65404e-17
-1.13273e-11
3.14617e-08
5.15787e-17
-7.03206e-12
3.36461e-08
5.13924e-17
-2.5826e-12
3.05678e-08
4.09149e-17
1.5165e-08
1.52087e-17
-1.30362e-11
6.62344e-13
1.53345e-08
-1.6375e-17
-1.21201e-11
7.76681e-13
1.88885e-08
-2.08087e-17
-1.08712e-11
8.81972e-13
2.29833e-08
-2.63544e-17
-9.19254e-12
9.6224e-13
2.73904e-08
-3.2908e-17
-7.00717e-12
9.85778e-13
3.14586e-08
-3.94336e-17
-4.34965e-12
9.071e-13
3.36425e-08
-4.3437e-17
-1.59711e-12
6.7155e-13
3.05644e-08
-3.94088e-17
2.33585e-13
1.51631e-08
-1.85797e-17
-3.35718e-11
9.47903e-13
3.68866e-08
-3.11734e-11
1.09395e-12
4.50895e-08
-2.7915e-11
1.22185e-12
5.43948e-08
-2.35542e-11
1.30425e-12
6.42315e-08
-1.79089e-11
1.29723e-12
7.30964e-08
-1.10906e-11
1.14351e-12
7.75405e-08
-4.07649e-12
7.86128e-13
7.0099e-08
2.14611e-13
3.50217e-08
-4.89026e-11
1.13438e-16
5.12586e-08
-4.5351e-11
1.42061e-16
6.2716e-08
-4.05442e-11
1.74685e-16
7.57399e-08
-3.4135e-11
2.08485e-16
8.95513e-08
-2.58709e-11
2.37468e-16
1.02077e-07
-1.59391e-11
2.49575e-16
1.08525e-07
-5.79842e-12
2.22005e-16
9.84385e-08
1.08737e-16
4.95198e-08
-4.89027e-11
-9.47691e-13
5.12586e-08
-4.53511e-11
-1.09368e-12
6.2716e-08
-4.05443e-11
-1.22153e-12
7.57399e-08
-3.41351e-11
-1.30386e-12
8.95513e-08
-2.5871e-11
-1.29679e-12
1.02077e-07
-1.59392e-11
-1.14305e-12
1.08525e-07
-5.79846e-12
-7.85738e-13
9.84385e-08
-2.14441e-13
4.95198e-08
-3.35723e-11
-6.62206e-13
3.68866e-08
-3.11738e-11
-7.76508e-13
4.50895e-08
-2.79154e-11
-8.8176e-13
5.43948e-08
-2.35545e-11
-9.61986e-13
6.42315e-08
-1.79091e-11
-9.85484e-13
7.30964e-08
-1.10908e-11
-9.06786e-13
7.75405e-08
-4.07655e-12
-6.71264e-13
7.0099e-08
-2.33441e-13
3.50217e-08
-1.30365e-11
1.53345e-08
3.04529e-17
-1.21204e-11
1.88885e-08
3.80135e-17
-1.08714e-11
2.29833e-08
4.62313e-17
-9.19276e-12
2.73904e-08
5.43014e-17
-7.00737e-12
3.14586e-08
6.04267e-17
-4.34984e-12
3.36425e-08
6.13011e-17
-1.59724e-12
3.05644e-08
5.10016e-17
1.51631e-08
2.17364e-17
-8.06205e-12
4.09751e-13
1.53337e-08
-2.35563e-17
-7.4955e-12
4.80481e-13
1.88874e-08
-2.85402e-17
-6.72315e-12
5.45609e-13
2.2982e-08
-3.41713e-17
-5.68502e-12
5.95254e-13
2.73888e-08
-3.9978e-17
-4.33354e-12
6.09802e-13
3.14566e-08
-4.50812e-17
-2.69009e-12
5.61118e-13
3.36403e-08
-4.74912e-17
-9.8783e-13
4.15399e-13
3.05622e-08
-4.28563e-17
1.44484e-13
1.5162e-08
-2.16852e-17
-2.07673e-11
5.86535e-13
3.68853e-08
-1.92835e-11
6.76892e-13
4.50878e-08
-1.72677e-11
7.56019e-13
5.43926e-08
-1.457e-11
8.06983e-13
6.42286e-08
-1.10778e-11
8.02627e-13
7.30927e-08
-6.86023e-12
7.07516e-13
7.75362e-08
-2.5216e-12
4.86425e-13
7.00945e-08
1.32846e-13
3.50192e-08
-3.02547e-11
1.06553e-16
5.12576e-08
-2.80571e-11
1.30776e-16
6.27145e-08
-2.5083e-11
1.56568e-16
7.57377e-08
-2.11176e-11
1.80651e-16
8.95482e-08
-1.60048e-11
1.96483e-16
1.02073e-07
-9.86048e-12
1.92952e-16
1.0852e-07
-3.58715e-12
1.54025e-16
9.84327e-08
6.05709e-17
4.95163e-08
-3.02548e-11
-5.86346e-13
5.12576e-08
-2.80573e-11
-6.76661e-13
6.27145e-08
-2.50832e-11
-7.55743e-13
7.57377e-08
-2.11178e-11
-8.06666e-13
8.95482e-08
-1.60049e-11
-8.02284e-13
1.02073e-07
-9.86056e-12
-7.07183e-13
1.0852e-07
-3.5872e-12
-4.86164e-13
9.84327e-08
-1.32753e-13
4.95163e-08
-2.07678e-11
-4.09634e-13
3.68853e-08
-1.92839e-11
-4.80338e-13
4.50878e-08
-1.72681e-11
-5.45438e-13
5.43926e-08
-1.45703e-11
-5.95057e-13
6.42286e-08
-1.1078e-11
-6.09587e-13
7.30927e-08
-6.86039e-12
-5.60904e-13
7.75362e-08
-2.52166e-12
-4.15224e-13
7.00945e-08
-1.44412e-13
3.50192e-08
-8.06268e-12
1.53337e-08
2.73755e-17
-7.49606e-12
1.88874e-08
3.39838e-17
-6.72361e-12
2.2982e-08
4.11185e-17
-5.68539e-12
2.73888e-08
4.80478e-17
-4.3338e-12
3.14566e-08
5.30185e-17
-2.69025e-12
3.36403e-08
5.29332e-17
-9.87894e-13
3.05622e-08
4.22976e-17
1.5162e-08
1.60499e-17
-4.99042e-12
2.53663e-13
1.53332e-08
-2.42198e-17
-4.63972e-12
2.97456e-13
1.88868e-08
-3.00365e-17
-4.1616e-12
3.37786e-13
2.29812e-08
-3.69602e-17
-3.51899e-12
3.68539e-13
2.73878e-08
-4.46385e-17
-2.68241e-12
3.77572e-13
3.14554e-08
-5.16491e-17
-1.66508e-12
3.47465e-13
3.36389e-08
-5.50719e-17
-6.11399e-13
2.57276e-13
3.05609e-08
-4.82327e-17
8.95239e-14
1.51613e-08
-2.16321e-17
-1.28546e-11
3.63127e-13
3.68845e-08
-1.19362e-11
4.19077e-13
4.50868e-08
-1.06884e-11
4.68082e-13
5.43912e-08
-9.01861e-12
4.99661e-13
6.42268e-08
-6.85701e-12
4.97001e-13
7.30904e-08
-4.24643e-12
4.38161e-13
7.75335e-08
-1.56087e-12
3.01308e-13
7.00918e-08
8.23493e-14
3.50176e-08
-1.87279e-11
1.01496e-16
5.12569e-08
-1.73676e-11
1.2441e-16
6.27135e-08
-1.55266e-11
1.48968e-16
7.57363e-08
-1.3072e-11
1.72008e-16
8.95462e-08
-9.9071e-12
1.87039e-16
1.0207e-07
-6.10377e-12
1.84604e-16
1.08516e-07
-2.22055e-12
1.48859e-16
9.84292e-08
6.04723e-17
4.95142e-08
-1.8728e-11
-3.62942e-13
5.12569e-08
-1.73677e-11
-4.18848e-13
6.27135e-08
-1.55266e-11
-4.67808e-13
7.57363e-08
-1.3072e-11
-4.99344e-13
8.95462e-08
-9.90714e-12
-4.96656e-13
1.0207e-07
-6.1038e-12
-4.37823e-13
1.08516e-07
-2.22058e-12
-3.01042e-13
9.84292e-08
-8.22542e-14
4.95142e-08
-1.28549e-11
-2.53545e-13
3.68845e-08
-1.19364e-11
-2.97311e-13
4.50868e-08
-1.06886e-11
-3.37611e-13
5.43912e-08
-9.01875e-12
-3.68333e-13
6.42268e-08
-6.85709e-12
-3.77342e-13
7.30904e-08
-4.24647e-12
-3.47228e-13
7.75335e-08
-1.56089e-12
-2.57073e-13
7.00918e-08
-8.94306e-14
3.50176e-08
-4.9905e-12
1.53332e-08
1.63717e-17
-4.63978e-12
1.88868e-08
2.02582e-17
-4.16166e-12
2.29812e-08
2.42133e-17
-3.51904e-12
2.73878e-08
2.7598e-17
-2.68245e-12
3.14554e-08
2.92709e-17
-1.66515e-12
3.36389e-08
2.75272e-17
-6.11459e-13
3.05609e-08
2.00881e-17
1.51613e-08
6.13603e-18
-3.08898e-12
1.57018e-13
1.53329e-08
-1.00511e-17
-2.8719e-12
1.84122e-13
1.88864e-08
-1.12469e-17
-2.57599e-12
2.0908e-13
2.29807e-08
-1.21922e-17
-2.17825e-12
2.28105e-13
2.73872e-08
-1.24272e-17
-1.66044e-12
2.3368e-13
3.14546e-08
-1.16289e-17
-1.03079e-12
2.15022e-13
3.36381e-08
-9.72468e-18
-3.78567e-13
1.59179e-13
3.05601e-08
-6.92772e-18
5.53599e-14
1.51609e-08
-3.00035e-18
-7.95798e-12
2.2479e-13
3.6884e-08
-7.38936e-12
2.59419e-13
4.50861e-08
-6.61691e-12
2.89746e-13
5.43903e-08
-5.58315e-12
3.0928e-13
6.42257e-08
-4.24497e-12
3.07613e-13
7.3089e-08
-2.62888e-12
2.71165e-13
7.75318e-08
-9.66348e-13
1.86435e-13
7.00901e-08
5.09238e-14
3.50167e-08
-1.15944e-11
4.1128e-17
5.12565e-08
-1.07521e-11
4.70451e-17
6.27129e-08
-9.61237e-12
5.03258e-17
7.57354e-08
-8.09273e-12
4.79231e-17
8.9545e-08
-6.13338e-12
3.61454e-17
1.02068e-07
-3.77884e-12
1.17879e-17
1.08514e-07
-1.3748e-12
-2.10455e-17
9.84269e-08
-3.30698e-17
4.95129e-08
-1.15944e-11
-2.24723e-13
5.12565e-08
-1.07522e-11
-2.59344e-13
6.27129e-08
-9.61242e-12
-2.89666e-13
7.57354e-08
-8.09276e-12
-3.09205e-13
8.9545e-08
-6.1334e-12
-3.0756e-13
1.02068e-07
-3.77884e-12
-2.71154e-13
1.08514e-07
-1.37479e-12
-1.86477e-13
9.84269e-08
-5.09844e-14
4.95129e-08
-7.95814e-12
-1.5698e-13
3.6884e-08
-7.38948e-12
-1.84079e-13
4.50861e-08
-6.617e-12
-2.09034e-13
5.43903e-08
-5.58322e-12
-2.28061e-13
6.42257e-08
-4.24501e-12
-2.33646e-13
7.3089e-08
-2.62888e-12
-2.15009e-13
7.75318e-08
-9.66348e-13
-1.59194e-13
7.00901e-08
-5.53881e-14
3.50167e-08
-3.08921e-12
1.53329e-08
9.11055e-18
-2.8721e-12
1.88864e-08
1.13838e-17
-2.57614e-12
2.29807e-08
1.36963e-17
-2.17835e-12
2.73872e-08
1.57045e-17
-1.6605e-12
3.14546e-08
1.6652e-17
-1.0308e-12
3.36381e-08
1.55075e-17
-3.78551e-13
3.05601e-08
1.0735e-17
1.51609e-08
2.61368e-18
-1.91353e-12
9.72378e-14
1.53327e-08
2.65777e-18
-1.77905e-12
1.14025e-13
1.88861e-08
3.05122e-18
-1.59568e-12
1.29487e-13
2.29804e-08
3.26017e-18
-1.34926e-12
1.41278e-13
2.73868e-08
3.1797e-18
-1.02845e-12
1.44744e-13
3.14542e-08
2.91848e-18
-6.38353e-13
1.33207e-13
3.36376e-08
2.77896e-18
-2.34346e-13
9.86376e-14
3.05596e-08
3.15386e-18
3.43289e-14
1.51606e-08
3.01034e-18
-4.9283e-12
1.39215e-13
3.68837e-08
-4.57617e-12
1.60667e-13
4.50857e-08
-4.09777e-12
1.79457e-13
5.43898e-08
-3.45754e-12
1.91569e-13
6.4225e-08
-2.62878e-12
1.90556e-13
7.30881e-08
-1.62789e-12
1.68005e-13
7.75308e-08
-5.98317e-13
1.15543e-13
7.00891e-08
3.15897e-14
3.50161e-08
-7.17999e-12
4.7901e-17
5.12563e-08
-6.65845e-12
5.83545e-17
6.27126e-08
-5.95258e-12
6.91103e-17
7.57349e-08
-5.01148e-12
7.856e-17
8.95442e-08
-3.79807e-12
8.41768e-17
1.02067e-07
-2.33991e-12
8.21794e-17
1.08513e-07
-8.51204e-13
6.73772e-17
9.84256e-08
3.00821e-17
4.9512e-08
-7.17995e-12
-1.39126e-13
5.12563e-08
-6.65841e-12
-1.60558e-13
6.27126e-08
-5.95255e-12
-1.79327e-13
7.57349e-08
-5.01146e-12
-1.9142e-13
8.95442e-08
-3.79806e-12
-1.90394e-13
1.02067e-07
-2.33991e-12
-1.67847e-13
1.08513e-07
-8.5121e-13
-1.15417e-13
9.84256e-08
-3.15408e-14
4.9512e-08
-4.92831e-12
-9.71808e-14
3.68837e-08
-4.57616e-12
-1.13955e-13
4.50857e-08
-4.09774e-12
-1.29401e-13
5.43898e-08
-3.45751e-12
-1.41177e-13
6.4225e-08
-2.62875e-12
-1.4463e-13
7.30881e-08
-1.62788e-12
-1.33087e-13
7.75308e-08
-5.98313e-13
-9.85311e-14
7.00891e-08
-3.42764e-14
3.50161e-08
-1.91333e-12
1.53327e-08
1.88043e-17
-1.77886e-12
1.88861e-08
2.32922e-17
-1.59553e-12
2.29804e-08
2.82248e-17
-1.34913e-12
2.73868e-08
3.31163e-17
-1.02837e-12
3.14542e-08
3.69615e-17
-6.38332e-13
3.36376e-08
3.79115e-17
-2.34376e-13
3.05596e-08
3.24823e-17
1.51606e-08
1.47723e-17
-1.18428e-12
6.01875e-14
1.53326e-08
-1.62793e-18
-1.10107e-12
7.05751e-14
1.8886e-08
-1.44646e-18
-9.87634e-13
8.0138e-14
2.29802e-08
-1.03848e-18
-8.35146e-13
8.74246e-14
2.73865e-08
-2.5657e-19
-6.36632e-13
8.95536e-14
3.14539e-08
6.37977e-19
-3.95252e-13
8.23916e-14
3.36373e-08
1.1235e-18
-1.45188e-13
6.09781e-14
3.05593e-08
2.72492e-19
2.11921e-14
1.51604e-08
-1.59858e-18
-3.05135e-12
8.61654e-14
3.68835e-08
-2.83332e-12
9.94355e-14
4.50855e-08
-2.53715e-12
1.11053e-13
5.43895e-08
-2.14078e-12
1.18531e-13
6.42246e-08
-1.62768e-12
1.17877e-13
7.30876e-08
-1.00804e-12
1.03889e-13
7.75301e-08
-3.70576e-13
7.13985e-14
7.00884e-08
1.94763e-14
3.50157e-08
-4.4456e-12
-8.94537e-19
5.12561e-08
-4.12268e-12
-4.34183e-18
6.27123e-08
-3.68567e-12
-1.12862e-17
7.57346e-08
-3.10301e-12
-2.3522e-17
8.95438e-08
-2.35175e-12
-4.28341e-17
1.02067e-07
-1.44898e-12
-6.79664e-17
1.08512e-07
-5.27203e-13
-8.81864e-17
9.84247e-08
-6.48595e-17
4.95115e-08
-4.44562e-12
-8.61718e-14
5.12561e-08
-4.12269e-12
-9.94492e-14
6.27123e-08
-3.68567e-12
-1.1108e-13
7.57346e-08
-3.103e-12
-1.18579e-13
8.95438e-08
-2.35174e-12
-1.17958e-13
1.02067e-07
-1.44896e-12
-1.04011e-13
1.08512e-07
-5.27196e-13
-7.15501e-14
9.84247e-08
-1.95809e-14
4.95115e-08
-3.05133e-12
-6.01898e-14
3.68835e-08
-2.8333e-12
-7.0581e-14
4.50855e-08
-2.53712e-12
-8.01507e-14
5.43895e-08
-2.14074e-12
-8.74487e-14
6.42246e-08
-1.62765e-12
-8.95945e-14
7.30876e-08
-1.00802e-12
-8.24542e-14
7.75301e-08
-3.70565e-13
-6.10576e-14
7.00884e-08
-2.1251e-14
3.50157e-08
-1.18439e-12
1.53326e-08
6.04957e-18
-1.10115e-12
1.8886e-08
7.30115e-18
-9.87683e-13
2.29802e-08
8.49638e-18
-8.35168e-13
2.73865e-08
9.32224e-18
-6.36628e-13
3.14539e-08
9.24225e-18
-3.95213e-13
3.36373e-08
7.66666e-18
-1.45148e-13
3.05593e-08
4.03209e-18
1.51604e-08
-6.61688e-19
-7.34237e-13
3.72569e-14
1.53325e-08
1.63016e-17
-6.82625e-13
4.36869e-14
1.88859e-08
1.97986e-17
-6.12246e-13
4.96076e-14
2.29801e-08
2.35842e-17
-5.17665e-13
5.41203e-14
2.73864e-08
2.73144e-17
-3.9456e-13
5.54411e-14
3.14537e-08
3.04356e-17
-2.4488e-13
5.10123e-14
3.36371e-08
3.18335e-17
-8.98924e-14
3.77611e-14
3.05591e-08
2.86401e-17
1.31319e-14
1.51603e-08
1.47543e-17
-1.89044e-12
5.33367e-14
3.68834e-08
-1.75539e-12
6.15505e-14
4.50853e-08
-1.57187e-12
6.87413e-14
5.43893e-08
-1.32628e-12
7.33687e-14
6.42243e-08
-1.00837e-12
7.29619e-14
7.30873e-08
-6.24442e-13
6.42996e-14
7.75297e-08
-2.29515e-13
4.41846e-14
7.0088e-08
1.20452e-14
3.50155e-08
-2.75385e-12
-3.34582e-17
5.1256e-08
-2.55385e-12
-4.29864e-17
6.27122e-08
-2.28313e-12
-5.57919e-17
7.57344e-08
-1.92217e-12
-7.26122e-17
8.95435e-08
-1.45676e-12
-9.28069e-17
1.02066e-07
-8.97493e-13
-1.12586e-16
1.08512e-07
-3.26493e-13
-1.16871e-16
9.84242e-08
-6.82934e-17
4.95112e-08
-2.75371e-12
-5.33938e-14
5.1256e-08
-2.55372e-12
-6.16227e-14
6.27122e-08
-2.28301e-12
-6.88335e-14
7.57344e-08
-1.92207e-12
-7.34867e-14
8.95435e-08
-1.45669e-12
-7.31105e-14
1.02066e-07
-8.97451e-13
-6.44779e-14
1.08512e-07
-3.26483e-13
-4.43688e-14
9.84242e-08
-1.21533e-14
4.95112e-08
-1.89008e-12
-3.72886e-14
3.68834e-08
-1.75504e-12
-4.37265e-14
4.50853e-08
-1.57156e-12
-4.96567e-14
5.43893e-08
-1.32602e-12
-5.4181e-14
6.42243e-08
-1.00817e-12
-5.55146e-14
7.30873e-08
-6.24324e-13
-5.1096e-14
7.75297e-08
-2.29474e-13
-3.78435e-14
7.0088e-08
-1.31771e-14
3.50155e-08
-7.33677e-13
1.53325e-08
-2.3759e-19
-6.82123e-13
1.88859e-08
-4.43973e-19
-6.11818e-13
2.29801e-08
-9.0819e-19
-5.17324e-13
2.73864e-08
-1.83496e-18
-3.94325e-13
3.14537e-08
-3.21061e-18
-2.44759e-13
3.36371e-08
-4.71621e-18
-8.98612e-14
3.05591e-08
-5.50889e-18
1.51603e-08
-3.33736e-18
-4.54386e-13
2.30033e-14
1.53325e-08
2.65127e-17
-4.22468e-13
2.69675e-14
1.88858e-08
3.31588e-17
-3.78954e-13
3.06121e-14
2.298e-08
4.09944e-17
-3.2044e-13
3.3382e-14
2.73863e-08
4.96455e-17
-2.44277e-13
3.41754e-14
3.14536e-08
5.73993e-17
-1.51692e-13
3.14149e-14
3.36369e-08
6.07236e-17
-5.57595e-14
2.32166e-14
3.0559e-08
5.2399e-17
8.04055e-15
1.51603e-08
2.23896e-17
-1.17056e-12
3.29292e-14
3.68834e-08
-1.08695e-12
3.79891e-14
4.50852e-08
-9.73333e-13
4.24106e-14
5.43892e-08
-8.21271e-13
4.52411e-14
6.42242e-08
-6.24416e-13
4.49554e-14
7.3087e-08
-3.86725e-13
3.95708e-14
7.75295e-08
-1.42199e-13
2.71372e-14
7.00878e-08
7.35217e-15
3.50153e-08
-1.70505e-12
-1.02711e-16
5.1256e-08
-1.58123e-12
-1.28483e-16
6.27121e-08
-1.41363e-12
-1.59891e-16
7.57342e-08
-1.19016e-12
-1.96177e-16
8.95433e-08
-9.02023e-13
-2.33721e-16
1.02066e-07
-5.55781e-13
-2.59695e-16
1.08511e-07
-2.02261e-13
-2.47564e-16
9.84239e-08
-1.29547e-16
4.9511e-08
-1.70487e-12
-3.31158e-14
5.1256e-08
-1.58105e-12
-3.8223e-14
6.27121e-08
-1.41347e-12
-4.27008e-14
7.57342e-08
-1.19002e-12
-4.55951e-14
8.95433e-08
-9.01893e-13
-4.53732e-14
1.02066e-07
-5.55713e-13
-4.00312e-14
1.08511e-07
-2.02227e-13
-2.75639e-14
9.84239e-08
-7.5634e-15
4.9511e-08
-1.17e-12
-2.31125e-14
3.68834e-08
-1.08642e-12
-2.71042e-14
4.50852e-08
-9.72868e-13
-3.07818e-14
5.43892e-08
-8.20888e-13
-3.35889e-14
6.42242e-08
-6.24151e-13
-3.44195e-14
7.3087e-08
-3.8656e-13
-3.16847e-14
7.75295e-08
-1.42143e-13
-2.34728e-14
7.00878e-08
-8.17729e-15
3.50153e-08
-4.5396e-13
1.53325e-08
-5.68125e-18
-4.22068e-13
1.88858e-08
-6.98889e-18
-3.78587e-13
2.298e-08
-8.44816e-18
-3.20128e-13
2.73863e-08
-9.94738e-18
-2.44028e-13
3.14536e-08
-1.11659e-17
-1.51502e-13
3.36369e-08
-1.15062e-17
-5.56525e-14
3.0559e-08
-9.68325e-18
1.51603e-08
-4.01591e-18
-2.81869e-13
1.4283e-14
1.53324e-08
3.1404e-17
-2.62011e-13
1.67548e-14
1.88858e-08
3.70369e-17
-2.349e-13
1.90375e-14
2.29799e-08
4.2283e-17
-1.98521e-13
2.07881e-14
2.73862e-08
4.58322e-17
-1.51221e-13
2.1324e-14
3.14535e-08
4.62404e-17
-9.37172e-14
1.96642e-14
3.36368e-08
4.1989e-17
-3.42889e-14
1.46147e-14
3.05589e-08
3.13218e-17
5.13762e-15
1.51602e-08
1.15961e-17
-7.24593e-13
2.04671e-14
3.68833e-08
-6.72763e-13
2.36314e-14
4.50852e-08
-6.02344e-13
2.64118e-14
5.43891e-08
-5.08148e-13
2.82205e-14
6.42241e-08
-3.86253e-13
2.81125e-14
7.30869e-08
-2.39063e-13
2.48486e-14
7.75293e-08
-8.7765e-14
1.71726e-14
7.00876e-08
4.7724e-15
3.50152e-08
-1.05551e-12
8.18447e-18
5.12559e-08
-9.78774e-13
1.70215e-17
6.27121e-08
-8.74934e-13
3.19417e-17
7.57342e-08
-7.36522e-13
5.52309e-17
8.95432e-08
-5.581e-13
8.97666e-17
1.02066e-07
-3.43727e-13
1.34041e-16
1.08511e-07
-1.2495e-13
1.69432e-16
9.84237e-08
1.23364e-16
4.95109e-08
-1.05537e-12
-2.04366e-14
5.12559e-08
-9.78643e-13
-2.35805e-14
6.27121e-08
-8.74844e-13
-2.63298e-14
7.57342e-08
-7.36473e-13
-2.80927e-14
8.95432e-08
-5.58094e-13
-2.79216e-14
1.02066e-07
-3.43764e-13
-2.45839e-14
1.08511e-07
-1.25004e-13
-1.68616e-14
9.84237e-08
-4.56887e-15
4.95109e-08
-7.24383e-13
-1.42613e-14
3.68833e-08
-6.72556e-13
-1.67215e-14
4.50852e-08
-6.02198e-13
-1.89846e-14
5.43891e-08
-5.08058e-13
-2.07061e-14
6.42241e-08
-3.86236e-13
-2.12028e-14
7.30869e-08
-2.39129e-13
-1.94965e-14
7.75293e-08
-8.78587e-14
-1.44171e-14
7.00876e-08
-5.00082e-15
3.50152e-08
-2.8122e-13
1.53324e-08
2.03777e-17
-2.61418e-13
1.88858e-08
2.51492e-17
-2.34457e-13
2.29799e-08
3.06892e-17
-1.98231e-13
2.73862e-08
3.6631e-17
-1.5108e-13
3.14535e-08
4.20255e-17
-9.37582e-14
3.36369e-08
4.48183e-17
-3.44079e-14
3.05589e-08
4.02135e-17
1.51602e-08
1.9345e-17
-1.71992e-13
9.0342e-15
1.53324e-08
-1.08163e-16
-1.59967e-13
1.06073e-14
1.88858e-08
-1.3367e-16
-1.43506e-13
1.20672e-14
2.29799e-08
-1.6302e-16
-1.21414e-13
1.31976e-14
2.73862e-08
-1.95228e-16
-9.25704e-14
1.35689e-14
3.14535e-08
-2.25938e-16
-5.74854e-14
1.25525e-14
3.36368e-08
-2.44583e-16
-2.11075e-14
9.37166e-15
3.05589e-08
-2.25915e-16
3.32181e-15
1.51602e-08
-1.15797e-16
-4.46339e-13
1.28677e-14
3.68833e-08
-4.14329e-13
1.4872e-14
4.50851e-08
-3.70974e-13
1.66443e-14
5.4389e-08
-3.12948e-13
1.78179e-14
6.4224e-08
-2.37912e-13
1.77979e-14
7.30868e-08
-1.47284e-13
1.57979e-14
7.75292e-08
-5.40842e-14
1.09965e-14
7.00875e-08
3.12529e-15
3.50152e-08
-6.51732e-13
1.51605e-16
5.12559e-08
-6.04276e-13
1.90902e-16
6.2712e-08
-5.40147e-13
2.37571e-16
7.57341e-08
-4.54675e-13
2.91025e-16
8.95431e-08
-3.44499e-13
3.45553e-16
1.02066e-07
-2.12176e-13
3.83291e-16
1.08511e-07
-7.71271e-14
3.61387e-16
9.84235e-08
1.84062e-16
4.95108e-08
-6.52152e-13
-1.26001e-14
5.12559e-08
-6.04714e-13
-1.45362e-14
6.2712e-08
-5.40545e-13
-1.62272e-14
7.57341e-08
-4.55016e-13
-1.73093e-14
8.95431e-08
-3.44781e-13
-1.71979e-14
1.02066e-07
-2.12345e-13
-1.51352e-14
1.08511e-07
-7.71927e-14
-1.03739e-14
9.84235e-08
-2.80472e-15
4.95108e-08
-4.47453e-13
-8.8593e-15
3.68833e-08
-4.1546e-13
-1.03907e-14
4.50851e-08
-3.72019e-13
-1.18031e-14
5.4389e-08
-3.13862e-13
-1.28829e-14
6.4224e-08
-2.38606e-13
-1.32075e-14
7.30868e-08
-1.47731e-13
-1.21668e-14
7.75292e-08
-5.42734e-14
-9.02548e-15
7.00875e-08
-3.15617e-15
3.50152e-08
-1.7325e-13
1.53324e-08
-2.94442e-17
-1.6108e-13
1.88858e-08
-3.69974e-17
-1.4446e-13
2.29799e-08
-4.5886e-17
-1.22164e-13
2.73862e-08
-5.62467e-17
-9.30835e-14
3.14535e-08
-6.63438e-17
-5.77648e-14
3.36368e-08
-7.37106e-17
-2.11901e-14
3.05589e-08
-6.97499e-17
1.51602e-08
-3.63736e-17
-1.07031e-13
5.49322e-15
1.53324e-08
-1.32378e-17
-9.95361e-14
6.43725e-15
1.88857e-08
-1.37164e-17
-8.935e-14
7.30133e-15
2.29799e-08
-1.27634e-17
-7.56201e-14
7.95101e-15
2.73862e-08
-9.1127e-18
-5.7713e-14
8.12207e-15
3.14535e-08
-1.46088e-18
-3.59057e-14
7.43705e-15
3.36368e-08
1.0379e-17
-1.32424e-14
5.45576e-15
3.05588e-08
2.30745e-17
1.85227e-15
1.51602e-08
2.21177e-17
-2.76768e-13
7.86313e-15
3.68833e-08
-2.56999e-13
9.0677e-15
4.50851e-08
-2.30182e-13
1.01158e-14
5.4389e-08
-1.94277e-13
1.07774e-14
6.42239e-08
-1.47774e-13
1.06859e-14
7.30868e-08
-9.15764e-14
9.36574e-15
7.75292e-08
-3.37028e-14
6.36246e-15
7.00875e-08
1.66388e-15
3.50151e-08
-4.03637e-13
1.17939e-17
5.12559e-08
-3.74294e-13
6.85249e-18
6.2712e-08
-3.34626e-13
-3.80629e-18
7.57341e-08
-2.81737e-13
-2.31055e-17
8.95431e-08
-2.13556e-13
-5.52191e-17
1.02066e-07
-1.31601e-13
-1.0111e-16
1.08511e-07
-4.78885e-14
-1.44559e-16
9.84235e-08
-1.16212e-16
4.95108e-08
-4.03829e-13
-7.84848e-15
5.12559e-08
-3.74459e-13
-9.06412e-15
6.2712e-08
-3.34749e-13
-1.01335e-14
7.57341e-08
-2.81811e-13
-1.08314e-14
8.95431e-08
-2.1358e-13
-1.07956e-14
1.02066e-07
-1.31559e-13
-9.55018e-15
1.08511e-07
-4.78424e-14
-6.61185e-15
9.84235e-08
-1.8506e-15
4.95108e-08
-2.77166e-13
-5.48711e-15
3.68833e-08
-2.57338e-13
-6.43694e-15
4.50851e-08
-2.30423e-13
-7.31284e-15
5.4389e-08
-1.94414e-13
-7.98241e-15
6.4224e-08
-1.47809e-13
-8.18296e-15
7.30868e-08
-9.15052e-14
-7.53664e-15
7.75292e-08
-3.36046e-14
-5.58682e-15
7.00875e-08
-1.94839e-15
3.50151e-08
-1.07707e-13
1.53324e-08
-6.94728e-20
-1.00131e-13
1.88857e-08
8.50626e-20
-8.98106e-14
2.29799e-08
4.95618e-19
-7.59422e-14
2.73862e-08
1.38708e-18
-5.78868e-14
3.14535e-08
3.16887e-18
-3.5906e-14
3.36368e-08
6.11219e-18
-1.31547e-14
3.05588e-08
9.34866e-18
1.51602e-08
8.28887e-18
-6.73188e-14
3.36685e-15
1.53324e-08
2.58508e-17
-6.25776e-14
3.94594e-15
1.88857e-08
3.22623e-17
-5.61117e-14
4.47777e-15
2.29799e-08
3.97888e-17
-4.74356e-14
4.88053e-15
2.73862e-08
4.80675e-17
-3.6141e-14
4.99325e-15
3.14534e-08
5.60694e-17
-2.24052e-14
4.58706e-15
3.36368e-08
6.10247e-17
-8.20279e-15
3.38887e-15
3.05588e-08
5.66019e-17
1.17625e-15
1.51602e-08
2.9041e-17
-1.7229e-13
4.83727e-15
3.68833e-08
-1.59994e-13
5.57944e-15
4.50851e-08
-1.43285e-13
6.2269e-15
5.4389e-08
-1.20927e-13
6.63911e-15
6.42239e-08
-9.19683e-14
6.59253e-15
7.30868e-08
-5.69639e-14
5.79784e-15
7.75291e-08
-2.09419e-14
3.9722e-15
7.00874e-08
1.07502e-15
3.50151e-08
-2.5065e-13
-2.57822e-17
5.12559e-08
-2.32457e-13
-3.39437e-17
6.2712e-08
-2.0785e-13
-4.41575e-17
7.57341e-08
-1.75022e-13
-5.61385e-17
8.95431e-08
-1.32687e-13
-6.86756e-17
1.02066e-07
-8.17753e-14
-7.69489e-17
1.08511e-07
-2.97725e-14
-7.01423e-17
9.84234e-08
-2.91663e-17
4.95108e-08
-2.50475e-13
-4.88232e-15
5.12559e-08
-2.32279e-13
-5.63824e-15
6.2712e-08
-2.07673e-13
-6.3023e-15
7.57341e-08
-1.74877e-13
-6.73382e-15
8.95431e-08
-1.32576e-13
-6.70583e-15
1.02066e-07
-8.17148e-14
-5.92159e-15
1.08511e-07
-2.97522e-14
-4.08116e-15
9.84234e-08
-1.12057e-15
4.95108e-08
-1.71819e-13
-3.41292e-15
3.68833e-08
-1.59533e-13
-4.00384e-15
4.50851e-08
-1.42873e-13
-4.54846e-15
5.4389e-08
-1.20574e-13
-4.96409e-15
6.42239e-08
-9.17049e-14
-5.08743e-15
7.30868e-08
-5.6819e-14
-4.68284e-15
7.75291e-08
-2.08997e-14
-3.46765e-15
7.00874e-08
-1.20442e-15
3.50151e-08
-6.66752e-14
1.53324e-08
-7.66333e-18
-6.19879e-14
1.88857e-08
-9.43795e-18
-5.56168e-14
2.29799e-08
-1.13246e-17
-4.70443e-14
2.73862e-08
-1.30879e-17
-3.58768e-14
3.14534e-08
-1.44085e-17
-2.22862e-14
3.36368e-08
-1.46488e-17
-8.18598e-15
3.05588e-08
-1.26761e-17
1.51602e-08
-6.13147e-18
-4.13099e-14
2.11018e-15
1.53324e-08
-1.00872e-17
-3.84155e-14
2.47309e-15
1.88857e-08
-1.22556e-17
-3.44753e-14
2.80592e-15
2.29799e-08
-1.47419e-17
-2.91693e-14
3.05796e-15
2.73862e-08
-1.73914e-17
-2.22502e-14
3.12854e-15
3.14534e-08
-2.00953e-17
-1.38323e-14
2.87304e-15
3.36367e-08
-2.2381e-17
-5.09704e-15
2.12005e-15
3.05588e-08
-2.24588e-17
7.30281e-16
1.51602e-08
-1.35995e-17
-1.06866e-13
3.01171e-15
3.68833e-08
-9.92307e-14
3.47287e-15
4.50851e-08
-8.8851e-14
3.87539e-15
5.4389e-08
-7.49664e-14
4.13242e-15
6.42239e-08
-5.69892e-14
4.10591e-15
7.30867e-08
-3.52607e-14
3.61663e-15
7.75291e-08
-1.2944e-14
2.48674e-15
7.00874e-08
6.84615e-16
3.50151e-08
-1.55739e-13
5.39622e-18
5.12559e-08
-1.44423e-13
5.15893e-18
6.2712e-08
-1.29106e-13
4.70842e-18
7.57341e-08
-1.08691e-13
5.06604e-18
8.9543e-08
-8.23605e-14
7.34831e-18
1.02066e-07
-5.07111e-14
1.39397e-17
1.08511e-07
-1.84146e-14
2.36431e-17
9.84234e-08
2.46252e-17
4.95107e-08
-1.55852e-13
-3.00634e-15
5.12559e-08
-1.44547e-13
-3.46928e-15
6.2712e-08
-1.29222e-13
-3.87401e-15
7.57341e-08
-1.0879e-13
-4.13275e-15
8.9543e-08
-8.24385e-14
-4.10449e-15
1.02066e-07
-5.0757e-14
-3.60664e-15
1.08511e-07
-1.84305e-14
-2.46105e-15
9.84234e-08
-6.51239e-16
4.95107e-08
-1.07151e-13
-2.10063e-15
3.68833e-08
-9.95149e-14
-2.46236e-15
4.50851e-08
-8.9107e-14
-2.79467e-15
5.4389e-08
-7.51849e-14
-3.04638e-15
6.42239e-08
-5.71556e-14
-3.11596e-15
7.30867e-08
-3.53666e-14
-2.85935e-15
7.75291e-08
-1.29633e-14
-2.10497e-15
7.00874e-08
-7.21279e-16
3.50151e-08
-4.18548e-14
1.53324e-08
4.20318e-18
-3.89192e-14
1.88857e-08
5.30284e-18
-3.49005e-14
2.29799e-08
6.77872e-18
-2.95036e-14
2.73862e-08
8.70267e-18
-2.2475e-14
3.14534e-08
1.10515e-17
-1.39202e-14
3.36367e-08
1.35181e-17
-5.07288e-15
3.05588e-08
1.46294e-17
1.51602e-08
9.47043e-18
-2.69979e-14
1.24339e-15
1.53324e-08
4.47438e-17
-2.5132e-14
1.45238e-15
1.88857e-08
5.63415e-17
-2.25413e-14
1.63981e-15
2.29799e-08
7.01502e-17
-1.9057e-14
1.77523e-15
2.73861e-08
8.5678e-17
-1.45104e-14
1.79713e-15
3.14534e-08
1.008e-16
-8.95775e-15
1.62266e-15
3.36367e-08
1.10287e-16
-3.2345e-15
1.16058e-15
3.05588e-08
1.0185e-16
3.66226e-16
1.51602e-08
5.13605e-17
-6.7727e-14
1.88132e-15
3.68833e-08
-6.28308e-14
2.17518e-15
4.50851e-08
-5.61451e-14
2.43772e-15
5.4389e-08
-4.72745e-14
2.61411e-15
6.42239e-08
-3.58501e-14
2.61731e-15
7.30867e-08
-2.20492e-14
2.33362e-15
7.75291e-08
-7.98007e-15
1.64199e-15
7.00874e-08
4.89704e-16
3.50151e-08
-9.74748e-14
6.96686e-17
5.12559e-08
-9.0463e-14
9.24107e-17
6.2712e-08
-8.0893e-14
1.20972e-16
7.57341e-08
-6.81389e-14
1.54923e-16
8.9543e-08
-5.16582e-14
1.91394e-16
1.02066e-07
-3.18143e-14
2.18309e-16
1.08511e-07
-1.15565e-14
2.05519e-16
9.84234e-08
9.83947e-17
4.95107e-08
-9.72747e-14
-1.78741e-15
5.12559e-08
-9.02363e-14
-2.05255e-15
6.2712e-08
-8.06947e-14
-2.27605e-15
7.57341e-08
-6.7952e-14
-2.40455e-15
8.9543e-08
-5.15178e-14
-2.35491e-15
1.02066e-07
-3.1755e-14
-2.02479e-15
1.08511e-07
-1.15548e-14
-1.33013e-15
9.84234e-08
-3.08694e-16
4.95107e-08
-6.68562e-14
-1.24092e-15
3.68833e-08
-6.20972e-14
-1.45036e-15
4.50851e-08
-5.56245e-14
-1.6385e-15
5.4389e-08
-4.69476e-14
-1.77496e-15
6.42239e-08
-3.57064e-14
-1.79984e-15
7.30867e-08
-2.21491e-14
-1.63067e-15
7.75291e-08
-8.15218e-15
-1.17712e-15
7.00874e-08
-3.85582e-16
3.50151e-08
-2.60692e-14
1.53324e-08
3.06238e-17
-2.42286e-14
1.88857e-08
3.75693e-17
-2.17345e-14
2.29799e-08
4.55612e-17
-1.83708e-14
2.73861e-08
5.40593e-17
-1.40069e-14
3.14534e-08
6.1688e-17
-8.70438e-15
3.36367e-08
6.50773e-17
-3.21722e-15
3.05588e-08
5.77025e-17
1.51602e-08
2.71909e-17
-1.6412e-14
7.48165e-16
1.53324e-08
3.15767e-17
-1.52094e-14
8.75537e-16
1.88857e-08
3.75066e-17
-1.35902e-14
9.92094e-16
2.29799e-08
4.35512e-17
-1.14302e-14
1.07987e-15
2.73861e-08
4.87786e-17
-8.67349e-15
1.10278e-15
3.14534e-08
5.16006e-17
-5.39527e-15
1.00897e-15
3.36367e-08
4.94944e-17
-2.00638e-15
7.42281e-16
3.05588e-08
3.84596e-17
2.55836e-16
1.51602e-08
1.42724e-17
-4.16403e-14
1.06153e-15
3.68832e-08
-3.87027e-14
1.21613e-15
4.50851e-08
-3.4666e-14
1.34407e-15
5.4389e-08
-2.92429e-14
1.41301e-15
6.42239e-08
-2.22788e-14
1.36968e-15
7.30867e-08
-1.39161e-14
1.15406e-15
7.75291e-08
-5.23279e-15
7.15841e-16
7.00874e-08
1.13469e-16
3.50151e-08
-6.02019e-14
-1.05804e-16
5.12559e-08
-5.58719e-14
-1.33448e-16
6.2712e-08
-4.99425e-14
-1.67966e-16
7.57341e-08
-4.2064e-14
-2.10233e-16
8.9543e-08
-3.18634e-14
-2.58069e-16
1.02066e-07
-1.97724e-14
-3.06965e-16
1.08511e-07
-7.32527e-15
-3.21401e-16
9.84234e-08
-1.9849e-16
4.95107e-08
-5.98265e-14
-1.25911e-15
5.12559e-08
-5.55109e-14
-1.46397e-15
6.2712e-08
-4.96086e-14
-1.65304e-15
7.57341e-08
-4.17519e-14
-1.79444e-15
8.9543e-08
-3.16428e-14
-1.83221e-15
1.02066e-07
-1.96093e-14
-1.68596e-15
1.08511e-07
-7.25084e-15
-1.25587e-15
9.84234e-08
-4.33621e-16
4.95107e-08
-4.06671e-14
-8.90064e-16
3.68832e-08
-3.77719e-14
-1.05033e-15
4.50851e-08
-3.38337e-14
-1.20554e-15
5.4389e-08
-2.8525e-14
-1.33592e-15
6.42239e-08
-2.16916e-14
-1.40052e-15
7.30867e-08
-1.35289e-14
-1.33378e-15
7.75291e-08
-5.07065e-15
-1.04614e-15
7.00874e-08
-4.15353e-16
3.50151e-08
-1.5193e-14
1.53324e-08
-4.32358e-17
-1.41386e-14
1.88857e-08
-5.39825e-17
-1.26667e-14
2.29799e-08
-6.67272e-17
-1.07085e-14
2.73861e-08
-8.12955e-17
-8.14686e-15
3.14534e-08
-9.58398e-17
-5.11222e-15
3.36367e-08
-1.0583e-16
-1.92657e-15
3.05588e-08
-9.93461e-17
1.51602e-08
-5.17783e-17
-8.71014e-15
5.46176e-16
1.53324e-08
-4.57255e-17
-8.07053e-15
6.43997e-16
1.88857e-08
-5.71142e-17
-7.26445e-15
7.36127e-16
2.29799e-08
-7.02841e-17
-6.15608e-15
8.10284e-16
2.73861e-08
-8.44864e-17
-4.722e-15
8.41409e-16
3.14534e-08
-9.80307e-17
-3.01874e-15
7.89664e-16
3.36367e-08
-1.06924e-16
-1.17917e-15
6.0406e-16
3.05588e-08
-1.0052e-16
2.25403e-16
1.51602e-08
-5.368e-17
-2.48349e-14
7.24755e-16
3.68832e-08
-2.30076e-14
8.368e-16
4.50851e-08
-2.05769e-14
9.35956e-16
5.4389e-08
-1.73119e-14
1.00283e-15
6.42239e-08
-1.31219e-14
1.00638e-15
7.30867e-08
-8.13916e-15
9.05377e-16
7.75291e-08
-3.02202e-15
6.57583e-16
7.00874e-08
2.21845e-16
3.50151e-08
-3.66898e-14
-5.86926e-18
5.12559e-08
-3.39875e-14
-7.3577e-18
6.2712e-08
-3.03558e-14
-8.403e-18
7.5734e-08
-2.55138e-14
-7.33672e-18
8.9543e-08
-1.92908e-14
-4.58731e-19
1.02066e-07
-1.18866e-14
1.68858e-17
1.08511e-07
-4.35348e-15
4.56444e-17
9.84233e-08
5.6445e-17
4.95107e-08
-3.68647e-14
-7.26626e-16
5.12559e-08
-3.41747e-14
-8.38335e-16
6.2712e-08
-3.05385e-14
-9.35515e-16
7.5734e-08
-2.56761e-14
-9.96057e-16
8.9543e-08
-1.94258e-14
-9.83957e-16
1.02066e-07
-1.19683e-14
-8.52242e-16
1.08511e-07
-4.37155e-15
-5.57684e-16
9.84233e-08
-1.17335e-16
4.95107e-08
-2.53162e-14
-4.99572e-16
3.68832e-08
-2.35092e-14
-5.84771e-16
4.50851e-08
-2.10548e-14
-6.62455e-16
5.4389e-08
-1.77543e-14
-7.19939e-16
6.42239e-08
-1.34868e-14
-7.32312e-16
7.30867e-08
-8.3707e-15
-6.64144e-16
7.75291e-08
-3.10394e-15
-4.76909e-16
7.00874e-08
-1.51096e-16
3.50151e-08
-9.85615e-15
1.53324e-08
4.93853e-18
-9.16831e-15
1.88857e-08
6.71157e-18
-8.22935e-15
2.29799e-08
9.21611e-18
-6.95743e-15
2.73861e-08
1.27714e-17
-5.30765e-15
3.14534e-08
1.76259e-17
-3.31158e-15
3.36367e-08
2.32925e-17
-1.23563e-15
3.05588e-08
2.68676e-17
1.51602e-08
1.82058e-17
-6.78953e-15
2.95207e-16
1.53324e-08
1.98822e-17
-6.32846e-15
3.46129e-16
1.88857e-08
2.43333e-17
-5.6298e-15
3.94575e-16
2.29799e-08
2.91697e-17
-4.71853e-15
4.33165e-16
2.73861e-08
3.39374e-17
-3.54039e-15
4.46672e-16
3.14534e-08
3.84201e-17
-2.11392e-15
4.14317e-16
3.36367e-08
4.22715e-17
-7.06801e-16
3.0978e-16
3.05588e-08
4.26283e-17
1.10401e-16
1.51602e-08
2.66841e-17
-1.59577e-14
4.4978e-16
3.68832e-08
-1.48426e-14
5.21807e-16
4.50851e-08
-1.3284e-14
5.87034e-16
5.4389e-08
-1.11932e-14
6.32729e-16
6.42239e-08
-8.50443e-15
6.3623e-16
7.30867e-08
-5.23953e-15
5.67394e-16
7.75291e-08
-1.91343e-15
3.90664e-16
7.00874e-08
9.93369e-17
3.50151e-08
-2.31237e-14
6.09717e-18
5.12559e-08
-2.14774e-14
9.3412e-18
6.2712e-08
-1.91903e-14
1.41658e-17
7.5734e-08
-1.61558e-14
2.02911e-17
8.9543e-08
-1.22124e-14
2.75501e-17
1.02066e-07
-7.51401e-15
3.30809e-17
1.08511e-07
-2.72185e-15
2.83985e-17
9.84233e-08
7.71535e-18
4.95107e-08
-2.30502e-14
-4.33145e-16
5.12559e-08
-2.14074e-14
-4.9753e-16
6.2712e-08
-1.91341e-14
-5.52236e-16
7.5734e-08
-1.61088e-14
-5.84891e-16
8.9543e-08
-1.21848e-14
-5.75606e-16
1.02066e-07
-7.51645e-15
-4.9986e-16
1.08511e-07
-2.73699e-15
-3.37071e-16
9.84233e-08
-8.9377e-17
4.95107e-08
-1.58753e-14
-2.96124e-16
3.68832e-08
-1.47626e-14
-3.46158e-16
4.50851e-08
-1.32165e-14
-3.91549e-16
5.4389e-08
-1.11506e-14
-4.2546e-16
6.42239e-08
-8.46664e-15
-4.33468e-16
7.30867e-08
-5.24588e-15
-3.9595e-16
7.75291e-08
-1.93351e-15
-2.90904e-16
7.00874e-08
-1.00087e-16
3.50151e-08
-6.20942e-15
1.53324e-08
9.20336e-18
-5.77993e-15
1.88857e-08
1.11275e-17
-5.17732e-15
2.29799e-08
1.32674e-17
-4.36606e-15
2.73861e-08
1.54278e-17
-3.31488e-15
3.14534e-08
1.71638e-17
-2.05364e-15
3.36367e-08
1.74738e-17
-7.48614e-16
3.05588e-08
1.47057e-17
1.51602e-08
6.22795e-18
-2.4975e-15
1.86781e-16
1.53324e-08
-3.26812e-17
-2.32562e-15
2.17065e-16
1.88857e-08
-4.00497e-17
-2.14625e-15
2.41846e-16
2.29799e-08
-4.80441e-17
-1.85754e-15
2.56713e-16
2.73861e-08
-5.5802e-17
-1.4812e-15
2.52597e-16
3.14534e-08
-6.24157e-17
-1.04907e-15
2.16018e-16
3.36367e-08
-6.61614e-17
-4.96128e-16
1.39422e-16
3.05588e-08
-6.21071e-17
2.84586e-17
1.51602e-08
-3.4604e-17
-8.75155e-15
2.04587e-16
3.68832e-08
-8.13278e-15
2.25756e-16
4.50851e-08
-7.31036e-15
2.36275e-16
5.4389e-08
-6.18733e-15
2.28393e-16
6.42239e-08
-4.7275e-15
1.9272e-16
7.30867e-08
-3.00688e-15
1.2117e-16
7.75291e-08
-1.19467e-15
2.40282e-17
7.00874e-08
-4.31713e-17
3.50151e-08
-1.31208e-14
-8.98163e-17
5.12559e-08
-1.21448e-14
-1.15036e-16
6.2712e-08
-1.08756e-14
-1.46535e-16
7.5734e-08
-9.15494e-15
-1.84004e-16
8.9543e-08
-6.95528e-15
-2.24758e-16
1.02066e-07
-4.3622e-15
-2.58916e-16
1.08511e-07
-1.66327e-15
-2.56471e-16
9.84233e-08
-1.42949e-16
4.95107e-08
-1.31022e-14
-3.55714e-16
5.12559e-08
-1.21111e-14
-4.20587e-16
6.2712e-08
-1.08152e-14
-4.85036e-16
7.5734e-08
-9.08423e-15
-5.41025e-16
8.9543e-08
-6.88043e-15
-5.73203e-16
1.02066e-07
-4.27914e-15
-5.56106e-16
1.08511e-07
-1.61762e-15
-4.48006e-16
9.84233e-08
-1.81893e-16
4.95107e-08
-8.70124e-15
-2.45966e-16
3.68832e-08
-8.04151e-15
-2.93716e-16
4.50851e-08
-7.19858e-15
-3.41986e-16
5.4389e-08
-6.05855e-15
-3.85366e-16
6.42239e-08
-4.61752e-15
-4.13228e-16
7.30867e-08
-2.89528e-15
-4.05826e-16
7.75291e-08
-1.10466e-15
-3.32553e-16
7.00874e-08
-1.42179e-16
3.50151e-08
-3.01875e-15
1.53324e-08
-2.73575e-17
-2.79539e-15
1.88857e-08
-3.41966e-17
-2.51361e-15
2.29799e-08
-4.22182e-17
-2.1291e-15
2.73861e-08
-5.10861e-17
-1.63325e-15
3.14534e-08
-5.95123e-17
-1.03616e-15
3.36367e-08
-6.43217e-17
-4.00988e-16
3.05588e-08
-5.86344e-17
1.51602e-08
-2.88915e-17
-2.45494e-15
1.23507e-16
1.53324e-08
4.3086e-18
-2.28544e-15
1.46963e-16
1.88857e-08
5.30473e-18
-2.0208e-15
1.71534e-16
2.29799e-08
6.25033e-18
-1.68404e-15
1.94762e-16
2.73861e-08
6.86589e-18
-1.24468e-15
2.1151e-16
3.14534e-08
7.37624e-18
-7.01856e-16
2.13378e-16
3.36367e-08
8.36116e-18
-2.0716e-16
1.83275e-16
3.05588e-08
1.0029e-17
8.78196e-17
1.51602e-08
8.22609e-18
-5.69576e-15
1.94514e-16
3.68832e-08
-5.27346e-15
2.30773e-16
4.50851e-08
-4.68884e-15
2.68468e-16
5.4389e-08
-3.91482e-15
3.04081e-16
6.42239e-08
-2.94393e-15
3.30392e-16
7.30867e-08
-1.77149e-15
3.35288e-16
7.75291e-08
-6.09462e-16
2.91735e-16
7.00874e-08
1.40398e-16
3.50151e-08
-8.41846e-15
2.84515e-17
5.12559e-08
-7.78086e-15
3.92195e-17
6.2712e-08
-6.92351e-15
5.49507e-17
7.5734e-08
-5.78747e-15
7.72547e-17
8.9543e-08
-4.3363e-15
1.08203e-16
1.02066e-07
-2.61874e-15
1.45979e-16
1.08511e-07
-9.08256e-16
1.73859e-16
9.84233e-08
1.23337e-16
4.95107e-08
-8.48047e-15
-1.39152e-16
5.12559e-08
-7.85295e-15
-1.55258e-16
6.2712e-08
-7.00785e-15
-1.64514e-16
7.5734e-08
-5.88091e-15
-1.60721e-16
8.9543e-08
-4.44242e-15
-1.35209e-16
1.02066e-07
-2.72393e-15
-8.03572e-17
1.08511e-07
-9.69429e-16
8.04049e-19
9.84233e-08
5.57635e-17
4.95107e-08
-5.8952e-15
-9.36425e-17
3.68832e-08
-5.47805e-15
-1.0701e-16
4.50851e-08
-4.90417e-15
-1.16593e-16
5.4389e-08
-4.13402e-15
-1.19262e-16
6.42239e-08
-3.14498e-15
-1.09519e-16
7.30867e-08
-1.93828e-15
-8.17528e-17
7.75291e-08
-7.06663e-16
-3.55501e-17
7.00874e-08
9.7469e-18
3.50151e-08
-2.36104e-15
1.53324e-08
8.62277e-18
-2.19556e-15
1.88857e-08
1.10684e-17
-1.9708e-15
2.29799e-08
1.41703e-17
-1.6682e-15
2.73861e-08
1.79674e-17
-1.27711e-15
3.14534e-08
2.2268e-17
-7.93916e-16
3.36367e-08
2.60919e-17
-2.96941e-16
3.05588e-08
2.62511e-17
1.51602e-08
1.50451e-17
-1.30763e-16
1.42219e-16
1.53324e-08
-5.92591e-17
-1.84704e-16
1.68752e-16
1.88857e-08
-7.19658e-17
-2.21064e-16
1.95377e-16
2.29799e-08
-8.61314e-17
-2.23102e-16
2.19912e-16
2.73861e-08
-1.00917e-16
-2.35593e-16
2.34491e-16
3.14534e-08
-1.14262e-16
-2.5469e-16
2.26716e-16
3.36367e-08
-1.20928e-16
-1.96436e-16
1.78478e-16
3.05588e-08
-1.09897e-16
6.66531e-17
1.51602e-08
-5.60011e-17
-2.53341e-15
1.6909e-16
3.68832e-08
-2.34307e-15
1.9819e-16
4.50851e-08
-2.09996e-15
2.27173e-16
5.4389e-08
-1.77709e-15
2.51889e-16
6.42239e-08
-1.36508e-15
2.64718e-16
7.30867e-08
-9.62857e-16
2.51638e-16
7.75291e-08
-4.64236e-16
1.96798e-16
7.00874e-08
7.45339e-17
3.50151e-08
-4.48191e-15
4.73577e-17
5.12559e-08
-4.16083e-15
5.95086e-17
6.2712e-08
-3.71685e-15
7.29503e-17
7.5734e-08
-3.11259e-15
8.77749e-17
8.9543e-08
-2.3759e-15
9.92564e-17
1.02066e-07
-1.58058e-15
1.04338e-16
1.08511e-07
-6.99475e-16
8.77119e-17
9.84233e-08
3.36946e-17
4.95107e-08
-4.64421e-15
-1.02264e-16
5.12559e-08
-4.33838e-15
-1.16551e-16
6.2712e-08
-3.86505e-15
-1.27862e-16
7.5734e-08
-3.27973e-15
-1.35703e-16
8.9543e-08
-2.46453e-15
-1.32573e-16
1.02066e-07
-1.64351e-15
-1.1762e-16
1.08511e-07
-7.15891e-16
-8.16919e-17
9.84233e-08
-2.09641e-17
4.95107e-08
-3.01422e-15
-1.09024e-16
3.68832e-08
-2.83491e-15
-1.29256e-16
4.50851e-08
-2.60946e-15
-1.51489e-16
5.4389e-08
-2.19118e-15
-1.72675e-16
6.42239e-08
-1.74603e-15
-1.90776e-16
7.30867e-08
-1.17982e-15
-1.93047e-16
7.75291e-08
-5.37699e-16
-1.66978e-16
7.00874e-08
-8.09921e-17
3.50151e-08
-6.62167e-16
1.53324e-08
-3.54247e-17
-6.60246e-16
1.88857e-08
-4.3542e-17
-5.86658e-16
2.29799e-08
-5.25919e-17
-5.49426e-16
2.73861e-08
-6.27428e-17
-3.88631e-16
3.14534e-08
-7.16058e-17
-3.08073e-16
3.36367e-08
-7.73559e-17
-1.76266e-16
3.05588e-08
-7.11794e-17
1.51602e-08
-3.55743e-17
-6.69849e-16
2.73465e-17
1.53324e-08
8.52389e-19
-6.44179e-16
2.78788e-17
1.88857e-08
2.59509e-18
-6.19465e-16
2.44223e-17
2.29799e-08
5.55135e-18
-5.65137e-16
1.55024e-17
2.73861e-08
1.03669e-17
-4.58016e-16
-5.28563e-19
3.14534e-08
1.73887e-17
-3.38295e-16
-2.44694e-17
3.36367e-08
2.56317e-17
-1.71013e-16
-4.84912e-17
3.05588e-08
3.08696e-17
-4.25289e-17
1.51602e-08
2.1027e-17
-2.09374e-15
4.74376e-17
3.68832e-08
-1.94415e-15
4.87942e-17
4.50851e-08
-1.75236e-15
4.55072e-17
5.4389e-08
-1.48794e-15
3.50865e-17
6.42239e-08
-1.13675e-15
1.51922e-17
7.30867e-08
-7.24246e-16
-1.4033e-17
7.75291e-08
-2.83092e-16
-4.17247e-17
7.00874e-08
-3.70181e-17
3.50151e-08
-3.08272e-15
-5.97769e-18
5.12559e-08
-2.85848e-15
-1.02229e-17
6.2712e-08
-2.566e-15
-1.68965e-17
7.5734e-08
-2.15643e-15
-2.61035e-17
8.9543e-08
-1.63317e-15
-3.8613e-17
1.02066e-07
-1.00974e-15
-5.25672e-17
1.08511e-07
-3.74592e-16
-6.03485e-17
9.84233e-08
-3.76969e-17
4.95107e-08
-3.20552e-15
-6.25525e-17
5.12559e-08
-2.96777e-15
-7.30429e-17
6.2712e-08
-2.63212e-15
-8.25859e-17
7.5734e-08
-2.19445e-15
-8.93706e-17
8.9543e-08
-1.63771e-15
-8.98526e-17
1.02066e-07
-9.76733e-16
-8.00876e-17
1.08511e-07
-3.29095e-16
-5.38164e-17
9.84233e-08
-1.30994e-17
4.95107e-08
-2.31141e-15
-3.27505e-17
3.68832e-08
-2.14772e-15
-3.70768e-17
4.50851e-08
-1.91002e-15
-3.9958e-17
5.4389e-08
-1.59818e-15
-4.01866e-17
6.42239e-08
-1.20304e-15
-3.54108e-17
7.30867e-08
-7.18929e-16
-2.36095e-17
7.75291e-08
-2.32145e-16
-5.07371e-18
7.00874e-08
9.44398e-18
3.50151e-08
-1.14308e-15
1.53324e-08
1.27875e-17
-1.06654e-15
1.88857e-08
1.64228e-17
-9.45669e-16
2.29799e-08
2.1031e-17
-7.91265e-16
2.73861e-08
2.67272e-17
-5.92139e-16
3.14534e-08
3.33066e-17
-3.42857e-16
3.36367e-08
3.9496e-17
-1.04112e-16
3.05588e-08
4.08026e-17
1.51602e-08
2.44995e-17
-8.01523e-16
4.59799e-17
1.53324e-08
3.11845e-18
-7.33848e-16
5.59083e-17
1.88857e-08
3.61201e-18
-6.30987e-16
6.72312e-17
2.29799e-08
4.0565e-18
-5.1609e-16
7.88834e-17
2.73861e-08
4.33555e-18
-3.65583e-16
8.92727e-17
3.14534e-08
4.48871e-18
-1.82815e-16
9.4717e-17
3.36367e-08
4.58493e-18
-2.59555e-17
8.70756e-17
3.05588e-08
4.58879e-18
4.61778e-17
1.51602e-08
3.32418e-18
-1.42756e-15
8.38745e-17
3.68832e-08
-1.31675e-15
1.02286e-16
4.50851e-08
-1.17096e-15
1.22692e-16
5.4389e-08
-9.7682e-16
1.43884e-16
6.42239e-08
-7.38246e-16
1.62193e-16
7.30867e-08
-4.40632e-16
1.71261e-16
7.75291e-08
-1.35445e-16
1.54199e-16
7.00874e-08
7.47468e-17
3.50151e-08
-2.01852e-15
5.58673e-17
5.12559e-08
-1.86229e-15
7.0475e-17
6.2712e-08
-1.64747e-15
8.86437e-17
7.5734e-08
-1.376e-15
1.10226e-16
8.9543e-08
-1.02878e-15
1.33695e-16
1.02066e-07
-6.18421e-16
1.52904e-16
1.08511e-07
-1.99386e-16
1.52624e-16
9.84233e-08
8.64903e-17
4.95107e-08
-2.02264e-15
1.54977e-17
5.12559e-08
-1.86652e-15
2.34239e-17
6.2712e-08
-1.66801e-15
3.50933e-17
7.5734e-08
-1.39769e-15
5.11126e-17
8.9543e-08
-1.05969e-15
7.16561e-17
1.02066e-07
-6.44876e-16
9.24438e-17
1.08511e-07
-2.32924e-16
9.93858e-17
9.84233e-08
5.98108e-17
4.95107e-08
-1.49651e-15
7.47502e-18
3.68832e-08
-1.37768e-15
1.1243e-17
4.50851e-08
-1.2279e-15
1.72365e-17
5.4389e-08
-1.03341e-15
2.56459e-17
6.42239e-08
-7.85225e-16
3.59718e-17
7.30867e-08
-4.87154e-16
4.67611e-17
7.75291e-08
-1.75415e-16
5.08936e-17
7.00874e-08
3.08874e-17
3.50151e-08
-6.80202e-16
1.53324e-08
1.3442e-17
-6.24053e-16
1.88857e-08
1.66005e-17
-5.60076e-16
2.29799e-08
2.01861e-17
-4.74098e-16
2.73861e-08
2.38559e-17
-3.63331e-16
3.14534e-08
2.67943e-17
-2.34199e-16
3.36367e-08
2.73319e-17
-9.35152e-17
3.05588e-08
2.23611e-17
1.51602e-08
8.71581e-18
-2.9046e-16
-3.49364e-17
1.53324e-08
1.68778e-17
-2.84582e-16
-4.62798e-17
1.88857e-08
2.14099e-17
-2.94715e-16
-6.19828e-17
2.29799e-08
2.69682e-17
-2.81448e-16
-8.19503e-17
2.73861e-08
3.34961e-17
-2.53717e-16
-1.05251e-16
3.14534e-08
4.0028e-17
-2.3523e-16
-1.27986e-16
3.36367e-08
4.40015e-17
-1.54105e-16
-1.3438e-16
3.05588e-08
3.97892e-17
-8.2477e-17
1.51602e-08
1.84723e-17
-9.09433e-16
-4.68911e-17
3.68832e-08
-8.69935e-16
-6.46069e-17
4.50851e-08
-8.23714e-16
-8.85375e-17
5.4389e-08
-7.41744e-16
-1.19766e-16
6.42239e-08
-6.09342e-16
-1.57608e-16
7.30867e-08
-4.61503e-16
-1.95215e-16
7.75291e-08
-2.43856e-16
-2.06912e-16
7.00874e-08
-1.24059e-16
3.50151e-08
-1.13058e-15
-6.45246e-17
5.12559e-08
-1.08338e-15
-8.33575e-17
6.2712e-08
-1.018e-15
-1.08004e-16
7.5734e-08
-9.23072e-16
-1.38969e-16
8.9543e-08
-7.64671e-16
-1.75675e-16
1.02066e-07
-5.75887e-16
-2.11589e-16
1.08511e-07
-2.98416e-16
-2.23724e-16
9.84233e-08
-1.3751e-16
4.95107e-08
-1.0218e-15
-7.83354e-17
5.12559e-08
-9.75498e-16
-9.69664e-17
6.2712e-08
-9.08477e-16
-1.18945e-16
7.5734e-08
-8.04399e-16
-1.44191e-16
8.9543e-08
-6.49757e-16
-1.70862e-16
1.02066e-07
-4.63266e-16
-1.9238e-16
1.08511e-07
-2.37984e-16
-1.88528e-16
9.84233e-08
-1.04861e-16
4.95107e-08
-5.11917e-16
-5.21657e-17
3.68832e-08
-4.96763e-16
-6.43086e-17
4.50851e-08
-4.73365e-16
-7.85175e-17
5.4389e-08
-4.26482e-16
-9.45597e-17
6.42239e-08
-3.60765e-16
-1.10807e-16
7.30867e-08
-2.73389e-16
-1.22145e-16
7.75291e-08
-1.48796e-16
-1.16488e-16
7.00874e-08
-6.35211e-17
3.50151e-08
2.28611e-17
1.53324e-08
-1.66275e-17
9.51399e-18
1.88857e-08
-2.0753e-17
-5.75236e-18
2.29799e-08
-2.5643e-17
-1.71126e-17
2.73861e-08
-3.12007e-17
-2.85658e-17
3.14534e-08
-3.67415e-17
-4.52675e-17
3.36367e-08
-4.03497e-17
-3.88883e-17
3.05588e-08
-3.74727e-17
1.51602e-08
-1.9169e-17
-3.53601e-16
1.23367e-17
1.53324e-08
8.67844e-18
-2.97652e-16
1.78044e-17
1.88857e-08
9.7856e-18
-2.22305e-16
2.59301e-17
2.29799e-08
1.05561e-17
-1.47715e-16
3.72286e-17
2.73861e-08
1.05632e-17
-7.3406e-17
5.19882e-17
3.14534e-08
9.48767e-18
2.39691e-17
6.97165e-17
3.36367e-08
7.03916e-18
6.35144e-17
8.17796e-17
3.05588e-08
3.74917e-18
5.76492e-17
1.51602e-08
4.40259e-19
-4.06575e-16
2.26256e-17
3.68832e-08
-3.36041e-16
3.21266e-17
4.50851e-08
-2.54437e-16
4.53321e-17
5.4389e-08
-1.67603e-16
6.35998e-17
6.42239e-08
-7.74515e-17
8.78731e-17
7.30867e-08
2.50164e-17
1.16903e-16
7.75291e-08
6.5237e-17
1.35263e-16
7.00874e-08
9.24726e-17
3.50151e-08
-4.87336e-16
1.36474e-17
5.12559e-08
-3.90551e-16
2.03041e-17
6.2712e-08
-3.01422e-16
3.11434e-17
7.5734e-08
-1.98503e-16
4.7664e-17
8.9543e-08
-9.8902e-17
7.21068e-17
1.02066e-07
1.76401e-17
1.04741e-16
1.08511e-07
6.89419e-17
1.32729e-16
9.84233e-08
1.0008e-16
4.95107e-08
-4.16677e-16
1.19201e-17
5.12559e-08
-3.21066e-16
1.72747e-17
6.2712e-08
-2.58236e-16
2.5683e-17
7.5734e-08
-1.79542e-16
3.89634e-17
8.9543e-08
-1.04554e-16
5.78278e-17
1.02066e-07
-1.93324e-17
8.12014e-17
1.08511e-07
1.94645e-17
9.80795e-17
9.84233e-08
6.68751e-17
4.95107e-08
-3.51727e-16
1.67815e-17
3.68832e-08
-2.68197e-16
2.17654e-17
4.50851e-08
-2.13e-16
2.94528e-17
5.4389e-08
-1.52749e-16
4.0743e-17
6.42239e-08
-1.02559e-16
5.52391e-17
7.30867e-08
-4.11744e-17
7.1305e-17
7.75291e-08
-1.11452e-18
8.03334e-17
7.00874e-08
5.3273e-17
3.50151e-08
-2.73735e-16
1.53324e-08
1.57996e-17
-2.28636e-16
1.88857e-08
1.99511e-17
-2.04325e-16
2.29799e-08
2.50965e-17
-1.78469e-16
2.73861e-08
3.12739e-17
-1.36721e-16
3.14534e-08
3.79329e-17
-9.36278e-17
3.36367e-08
4.30611e-17
-3.55608e-17
3.05588e-08
4.16642e-17
1.51602e-08
2.25281e-17
5.99919e-16
7.43919e-17
1.53324e-08
-2.91787e-17
5.69167e-16
9.27874e-17
1.88857e-08
-3.63666e-17
4.99489e-16
1.13305e-16
2.29799e-08
-4.47807e-17
3.96223e-16
1.34653e-16
2.73861e-08
-5.40402e-17
2.89537e-16
1.54558e-16
3.14534e-08
-6.27774e-17
1.81726e-16
1.65249e-16
3.36367e-08
-6.80962e-17
8.26615e-17
1.49724e-16
3.05588e-08
-6.2779e-17
7.34405e-17
1.51602e-08
-3.18174e-17
4.36855e-16
1.19331e-16
3.68832e-08
4.77846e-16
1.49237e-16
4.50851e-08
4.64232e-16
1.84127e-16
5.4389e-08
4.16941e-16
2.22948e-16
6.42239e-08
3.31168e-16
2.61933e-16
7.30867e-08
2.41249e-16
2.88546e-16
7.75291e-08
1.30883e-16
2.70721e-16
7.00874e-08
1.40769e-16
3.50151e-08
3.57548e-17
1.37975e-16
5.12559e-08
1.04499e-16
1.72663e-16
6.2712e-08
1.4388e-16
2.14286e-16
7.5734e-08
1.71288e-16
2.6191e-16
8.9543e-08
1.52646e-16
3.10867e-16
1.02066e-07
1.45618e-16
3.46549e-16
1.08511e-07
1.05621e-16
3.32092e-16
9.84233e-08
1.75172e-16
4.95107e-08
-3.18198e-16
1.2672e-16
5.12559e-08
-2.56978e-16
1.58139e-16
6.2712e-08
-1.97993e-16
1.95372e-16
7.5734e-08
-1.49411e-16
2.37478e-16
8.9543e-08
-1.10347e-16
2.78862e-16
1.02066e-07
-2.88264e-17
3.06512e-16
1.08511e-07
2.78499e-17
2.85525e-16
9.84233e-08
1.43554e-16
4.95107e-08
-6.05632e-16
8.46377e-17
3.68832e-08
-5.45346e-16
1.04565e-16
4.50851e-08
-4.61344e-16
1.28435e-16
5.4389e-08
-3.86478e-16
1.54822e-16
6.42239e-08
-2.689e-16
1.80238e-16
7.30867e-08
-1.21486e-16
1.95114e-16
7.75291e-08
-1.24532e-17
1.7921e-16
7.00874e-08
9.0768e-17
3.50151e-08
-5.68322e-16
1.53324e-08
4.03195e-17
-5.11992e-16
1.88857e-08
4.94769e-17
-4.44398e-16
2.29799e-08
5.99024e-17
-3.68877e-16
2.73861e-08
7.08249e-17
-2.71109e-16
3.14534e-08
8.01808e-17
-1.49434e-16
3.36367e-08
8.36128e-17
-4.09874e-17
3.05588e-08
7.24912e-17
1.51602e-08
3.26605e-17
-2.34315e-16
5.22415e-17
1.53324e-08
-1.42538e-17
-2.18784e-16
6.32921e-17
1.88857e-08
-1.724e-17
-2.03097e-16
7.4618e-17
2.29799e-08
-2.02394e-17
-2.0747e-16
8.35985e-17
2.73861e-08
-2.28289e-17
-1.36818e-16
8.85629e-17
3.14534e-08
-2.38737e-17
-9.38964e-18
8.5266e-17
3.36367e-08
-2.22058e-17
9.17775e-17
6.66868e-17
3.05588e-08
-1.5443e-17
2.5732e-17
1.51602e-08
-3.26622e-18
-3.11456e-16
7.75954e-17
3.68832e-08
-2.89796e-16
9.48336e-17
4.50851e-08
-2.82009e-16
1.12582e-16
5.4389e-08
-2.60967e-16
1.28103e-16
6.42239e-08
-2.12953e-16
1.36366e-16
7.30867e-08
-7.58772e-18
1.28457e-16
7.75291e-08
1.34677e-16
9.0238e-17
7.00874e-08
2.06639e-17
3.50151e-08
-4.04236e-16
5.56195e-17
5.12559e-08
-3.74371e-16
6.56062e-17
6.2712e-08
-3.5259e-16
7.42298e-17
7.5734e-08
-3.10503e-16
7.94343e-17
8.9543e-08
-2.47577e-16
7.4651e-17
1.02066e-07
4.5692e-19
5.47379e-17
1.08511e-07
1.57329e-16
1.14269e-17
9.84233e-08
-2.99204e-17
4.95107e-08
-5.15048e-16
7.90265e-18
5.12559e-08
-4.79846e-16
5.45199e-18
6.2712e-08
-4.06355e-16
1.57354e-20
7.5734e-08
-3.44988e-16
-1.08458e-17
8.9543e-08
-1.99049e-16
-2.83699e-17
1.02066e-07
3.9729e-17
-5.70785e-17
1.08511e-07
1.8168e-16
-8.41589e-17
9.84233e-08
-6.83223e-17
4.95107e-08
-2.91157e-16
-3.3262e-17
3.68832e-08
-2.6987e-16
-4.31838e-17
4.50851e-08
-2.31793e-16
-5.58987e-17
5.4389e-08
-1.71168e-16
-7.16377e-17
6.42239e-08
-1.32655e-16
-9.18077e-17
7.30867e-08
7.05234e-17
-1.12197e-16
7.75291e-08
1.65337e-16
-1.18168e-16
7.00874e-08
-7.11024e-17
3.50151e-08
-1.98525e-16
1.53324e-08
-2.50609e-17
-2.01938e-16
1.88857e-08
-3.19832e-17
-1.89678e-16
2.29799e-08
-4.06786e-17
-1.8924e-16
2.73861e-08
-5.13957e-17
-1.10126e-16
3.14534e-08
-6.27987e-17
4.11485e-17
3.36367e-08
-7.27125e-17
1.1437e-16
3.05588e-08
-7.1843e-17
1.51602e-08
-3.94667e-17
-9.48885e-16
-3.68219e-17
1.53324e-08
3.40132e-17
-8.82238e-16
-4.70316e-17
1.88857e-08
4.22098e-17
-7.71203e-16
-6.00832e-17
2.29799e-08
5.17954e-17
-6.42484e-16
-7.61822e-17
2.73861e-08
6.23964e-17
-4.80134e-16
-9.51836e-17
3.14534e-08
7.26708e-17
-2.43803e-16
-1.11257e-16
3.36367e-08
7.94734e-17
-3.28968e-17
-1.12809e-16
3.05588e-08
7.45606e-17
-6.45253e-17
1.51602e-08
3.92193e-17
-8.96687e-16
-3.56448e-17
3.68832e-08
-8.69796e-16
-4.73889e-17
4.50851e-08
-8.02168e-16
-6.38945e-17
5.4389e-08
-7.17036e-16
-8.64798e-17
6.42239e-08
-5.70741e-16
-1.1574e-16
7.30867e-08
-3.29449e-16
-1.481e-16
7.75291e-08
-7.16586e-17
-1.66246e-16
7.00874e-08
-1.08664e-16
3.50151e-08
-8.06153e-16
-4.54632e-17
5.12559e-08
-7.85638e-16
-6.0695e-17
6.2712e-08
-7.2273e-16
-8.12564e-17
7.5734e-08
-6.46481e-16
-1.08182e-16
8.9543e-08
-5.13613e-16
-1.4146e-16
1.02066e-07
-2.84489e-16
-1.74836e-16
1.08511e-07
-5.33301e-17
-1.87074e-16
9.84233e-08
-1.12556e-16
4.95107e-08
-6.32944e-16
-4.84001e-17
5.12559e-08
-6.15015e-16
-6.31752e-17
6.2712e-08
-5.52703e-16
-8.19294e-17
7.5734e-08
-4.88209e-16
-1.04642e-16
8.9543e-08
-3.84392e-16
-1.28817e-16
1.02066e-07
-1.86908e-16
-1.48072e-16
1.08511e-07
-5.2182e-18
-1.42942e-16
9.84233e-08
-7.48501e-17
4.95107e-08
-4.03049e-16
-3.05533e-17
3.68832e-08
-3.8855e-16
-3.80647e-17
4.50851e-08
-3.3011e-16
-4.66878e-17
5.4389e-08
-2.82921e-16
-5.59007e-17
6.42239e-08
-2.08847e-16
-6.33985e-17
7.30867e-08
-7.18558e-17
-6.59673e-17
7.75291e-08
3.7409e-17
-5.56418e-17
7.00874e-08
-2.26451e-17
3.50151e-08
-3.65518e-16
1.53324e-08
-5.54497e-18
-3.52952e-16
1.88857e-08
-6.66352e-18
-3.05963e-16
2.29799e-08
-7.84767e-18
-2.58933e-16
2.73861e-08
-8.89976e-18
-1.87665e-16
3.14534e-08
-9.3098e-18
-6.74694e-17
3.36367e-08
-8.14735e-18
2.87268e-17
3.05588e-08
-4.54036e-18
1.51602e-08
5.88441e-19
-6.63156e-17
-5.29845e-17
1.53324e-08
2.07241e-17
-6.01605e-17
-6.67124e-17
1.88857e-08
2.59553e-17
-7.14476e-17
-8.40548e-17
2.29799e-08
3.21009e-17
-7.34666e-17
-1.03945e-16
2.73861e-08
3.87392e-17
-7.52966e-17
-1.2389e-16
3.14534e-08
4.43699e-17
-7.8583e-17
-1.37306e-16
3.36367e-08
4.60906e-17
-5.65246e-17
-1.28799e-16
3.05588e-08
3.82668e-17
-6.58748e-17
1.51602e-08
1.4799e-17
-3.86081e-16
-7.35946e-17
3.68832e-08
-3.57122e-16
-9.42927e-17
4.50851e-08
-3.29801e-16
-1.19708e-16
5.4389e-08
-2.92598e-16
-1.49357e-16
6.42239e-08
-2.30974e-16
-1.78568e-16
7.30867e-08
-1.52175e-16
-1.97157e-16
7.75291e-08
-5.01431e-17
-1.79027e-16
7.00874e-08
-8.40967e-17
3.50151e-08
-3.32299e-16
-6.99213e-17
5.12559e-08
-3.11563e-16
-8.88862e-17
6.2712e-08
-2.98589e-16
-1.12249e-16
7.5734e-08
-2.7241e-16
-1.39089e-16
8.9543e-08
-2.33331e-16
-1.66069e-16
1.02066e-07
-1.63249e-16
-1.83425e-16
1.08511e-07
-6.5181e-17
-1.69128e-16
9.84233e-08
-8.2005e-17
4.95107e-08
-2.48672e-16
-5.29881e-17
5.12559e-08
-2.29986e-16
-6.64973e-17
6.2712e-08
-2.17839e-16
-8.23207e-17
7.5734e-08
-2.00868e-16
-9.95133e-17
8.9543e-08
-1.78336e-16
-1.15334e-16
1.02066e-07
-1.18353e-16
-1.23114e-16
1.08511e-07
-3.71406e-17
-1.09315e-16
9.84233e-08
-5.05342e-17
4.95107e-08
-1.36571e-16
-2.57143e-17
3.68832e-08
-1.27063e-16
-3.15294e-17
4.50851e-08
-1.19893e-16
-3.77189e-17
5.4389e-08
-1.13012e-16
-4.36347e-17
6.42239e-08
-1.03602e-16
-4.78813e-17
7.30867e-08
-7.05126e-17
-4.79305e-17
7.75291e-08
-2.21222e-17
-3.90616e-17
7.00874e-08
-1.58769e-17
3.50151e-08
-1.23367e-16
1.53324e-08
-4.29704e-18
-1.16791e-16
1.88857e-08
-5.13004e-18
-1.09634e-16
2.29799e-08
-5.99791e-18
-1.02478e-16
2.73861e-08
-6.82257e-18
-8.94317e-17
3.14534e-08
-7.37863e-18
-5.5191e-17
3.36367e-08
-7.4116e-18
-1.85236e-17
3.05588e-08
-6.37512e-18
1.51602e-08
-2.98943e-18
-7.99669e-16
-3.46088e-17
1.53324e-08
2.42509e-17
-7.26673e-16
-4.13706e-17
1.88857e-08
2.90252e-17
-6.13514e-16
-4.79598e-17
2.29799e-08
3.40697e-17
-4.87742e-16
-5.35558e-17
2.73861e-08
3.8805e-17
-3.38807e-16
-5.65471e-17
3.14534e-08
4.22245e-17
-1.56423e-16
-5.28685e-17
3.36367e-08
4.25939e-17
-1.31336e-17
-3.92247e-17
3.05588e-08
3.62073e-17
-1.18754e-17
1.51602e-08
1.67563e-17
-1.00854e-15
-5.54768e-17
3.68832e-08
-9.52543e-16
-6.69926e-17
4.50851e-08
-8.4315e-16
-7.95016e-17
5.4389e-08
-7.06653e-16
-9.16759e-17
6.42239e-08
-5.22839e-16
-1.00922e-16
7.30867e-08
-2.85791e-16
-1.01975e-16
7.75291e-08
-6.7287e-17
-8.60068e-17
7.00874e-08
-3.95338e-17
3.50151e-08
-1.07289e-15
-6.69237e-17
5.12559e-08
-1.02409e-15
-8.17656e-17
6.2712e-08
-9.24872e-16
-9.84435e-17
7.5734e-08
-7.90113e-16
-1.15461e-16
8.9543e-08
-5.97456e-16
-1.29369e-16
1.02066e-07
-3.41499e-16
-1.32676e-16
1.08511e-07
-9.28126e-17
-1.12858e-16
9.84233e-08
-4.87209e-17
4.95107e-08
-9.34279e-16
-5.30779e-17
5.12559e-08
-9.01167e-16
-6.4596e-17
6.2712e-08
-8.14522e-16
-7.75296e-17
7.5734e-08
-6.98572e-16
-9.06761e-17
8.9543e-08
-5.28251e-16
-1.00881e-16
1.02066e-07
-2.96375e-16
-1.03418e-16
1.08511e-07
-6.54071e-17
-8.71979e-17
9.84233e-08
-3.76823e-17
4.95107e-08
-7.23112e-16
-2.19566e-17
3.68832e-08
-6.91184e-16
-2.60417e-17
4.50851e-08
-6.1635e-16
-3.05159e-17
5.4389e-08
-5.21071e-16
-3.48774e-17
6.42239e-08
-3.94835e-16
-3.77566e-17
7.30867e-08
-2.08184e-16
-3.75342e-17
7.75291e-08
-3.66733e-17
-3.06845e-17
7.00874e-08
-1.24377e-17
3.50151e-08
-5.17073e-16
1.53324e-08
-1.60326e-19
-4.90862e-16
1.88857e-08
-1.07455e-19
-4.32221e-16
2.29799e-08
-4.61933e-20
-3.60796e-16
2.73861e-08
-5.00154e-22
-2.66081e-16
3.14534e-08
1.22294e-19
-1.31038e-16
3.36367e-08
4.57052e-19
-1.52906e-17
3.05588e-08
1.10616e-18
1.51602e-08
1.51761e-18
3.14033e-16
-3.20931e-17
1.53324e-08
5.24079e-18
2.94076e-16
-3.97206e-17
1.88857e-08
6.60804e-18
2.43579e-16
-4.93165e-17
2.29799e-08
8.28106e-18
1.93943e-16
-6.01942e-17
2.73861e-08
1.00633e-17
1.29546e-16
-7.06434e-17
3.14534e-08
1.13992e-17
2.9789e-17
-7.80275e-17
3.36367e-08
1.10945e-17
-3.2287e-17
-7.3047e-17
3.05588e-08
7.59778e-18
-3.9245e-17
1.51602e-08
6.45677e-19
1.31233e-17
-5.67908e-17
3.68832e-08
2.78325e-17
-7.08051e-17
4.50851e-08
2.20259e-17
-8.71101e-17
5.4389e-08
2.47384e-17
-1.04786e-16
6.42239e-08
1.94418e-17
-1.20886e-16
7.30867e-08
-1.50322e-17
-1.29005e-16
7.75291e-08
-3.58001e-17
-1.1423e-16
7.00874e-08
-5.11889e-17
3.50151e-08
-5.6198e-17
-5.9358e-17
5.12559e-08
-3.98427e-17
-7.27435e-17
6.2712e-08
-4.62807e-17
-8.80676e-17
7.5734e-08
-5.04798e-17
-1.0423e-16
8.9543e-08
-5.38238e-17
-1.18806e-16
1.02066e-07
-6.8011e-17
-1.25279e-16
1.08511e-07
-5.28467e-17
-1.1084e-16
9.84233e-08
-5.24386e-17
4.95107e-08
-6.30855e-17
-4.55877e-17
5.12559e-08
-5.54271e-17
-5.54141e-17
6.2712e-08
-6.00862e-17
-6.61198e-17
7.5734e-08
-6.54697e-17
-7.67635e-17
8.9543e-08
-6.39739e-17
-8.53144e-17
1.02066e-07
-7.38741e-17
-8.7892e-17
1.08511e-07
-4.40913e-17
-7.45059e-17
9.84233e-08
-3.31528e-17
4.95107e-08
3.4401e-18
-2.15932e-17
3.68832e-08
7.35881e-18
-2.62835e-17
4.50851e-08
-1.50643e-18
-3.11887e-17
5.4389e-08
-1.10338e-17
-3.58148e-17
6.42239e-08
-2.24502e-17
-3.94296e-17
7.30867e-08
-3.34943e-17
-3.97506e-17
7.75291e-08
-3.10069e-17
-3.32972e-17
7.00874e-08
-1.41731e-17
3.50151e-08
5.45466e-17
1.53324e-08
-4.90028e-18
5.0801e-17
1.88857e-08
-5.96973e-18
4.12175e-17
2.29799e-08
-7.17619e-18
2.95116e-17
2.73861e-08
-8.42916e-18
1.54959e-17
3.14534e-08
-9.52433e-18
1.15323e-18
3.36367e-08
-9.95835e-18
-1.02333e-17
3.05588e-08
-9.02444e-18
1.51602e-08
-4.35353e-18
-6.75038e-16
-3.99915e-17
1.53324e-08
2.48858e-17
-6.13604e-16
-4.8046e-17
1.88857e-08
2.99935e-17
-5.17609e-16
-5.58982e-17
2.29799e-08
3.55912e-17
-4.02044e-16
-6.25849e-17
2.73861e-08
4.11218e-17
-2.78141e-16
-6.67391e-17
3.14534e-08
4.55535e-17
-1.42449e-16
-6.47741e-17
3.36367e-08
4.70436e-17
-3.46055e-17
-5.07204e-17
3.05588e-08
4.15039e-17
-1.84721e-17
1.51602e-08
2.02451e-17
-8.29252e-16
-6.23883e-17
3.68832e-08
-7.92918e-16
-7.52844e-17
4.50851e-08
-7.1048e-16
-8.93764e-17
5.4389e-08
-6.03064e-16
-1.03385e-16
6.42239e-08
-4.5496e-16
-1.14757e-16
7.30867e-08
-2.79553e-16
-1.18127e-16
7.75291e-08
-1.04732e-16
-1.03893e-16
7.00874e-08
-5.07372e-17
3.50151e-08
-8.73894e-16
-7.52413e-17
5.12559e-08
-8.54548e-16
-9.13273e-17
6.2712e-08
-7.78555e-16
-1.09261e-16
7.5734e-08
-6.69603e-16
-1.27693e-16
8.9543e-08
-5.08571e-16
-1.43325e-16
1.02066e-07
-3.16127e-16
-1.49274e-16
1.08511e-07
-1.13462e-16
-1.31579e-16
9.84233e-08
-6.19598e-17
4.95107e-08
-7.73365e-16
-6.18246e-17
5.12559e-08
-7.62756e-16
-7.47009e-17
6.2712e-08
-7.01643e-16
-8.9183e-17
7.5734e-08
-6.04524e-16
-1.04263e-16
8.9543e-08
-4.64356e-16
-1.16722e-16
1.02066e-07
-2.90268e-16
-1.21078e-16
1.08511e-07
-9.81361e-17
-1.04358e-16
9.84233e-08
-4.70888e-17
4.95107e-08
-5.69102e-16
-2.67575e-17
3.68832e-08
-5.57812e-16
-3.19486e-17
4.50851e-08
-5.06749e-16
-3.81212e-17
5.4389e-08
-4.27698e-16
-4.49271e-17
6.42239e-08
-3.27276e-16
-5.08991e-17
7.30867e-08
-1.94544e-16
-5.37889e-17
7.75291e-08
-6.36948e-17
-4.769e-17
7.00874e-08
-2.35853e-17
3.50151e-08
-3.38365e-16
1.53324e-08
-3.51776e-18
-3.27891e-16
1.88857e-08
-4.30568e-18
-2.87942e-16
2.29799e-08
-5.24976e-18
-2.36166e-16
2.73861e-08
-6.36111e-18
-1.72729e-16
3.14534e-08
-7.36364e-18
-8.71274e-17
3.36367e-08
-7.648e-18
-2.19948e-17
3.05588e-08
-6.12173e-18
1.51602e-08
-2.06614e-18
5.50304e-16
-1.42977e-18
1.53324e-08
-1.90971e-17
4.90779e-16
-1.44911e-18
1.88857e-08
-2.38292e-17
4.13968e-16
-1.26343e-18
2.29799e-08
-2.94277e-17
3.33162e-16
7.7634e-20
2.73861e-08
-3.57774e-17
2.34421e-16
2.92192e-18
3.14534e-08
-4.23883e-17
1.042e-16
6.78917e-18
3.36367e-08
-4.76104e-17
-1.46773e-18
9.94997e-18
3.05588e-08
-4.6832e-17
7.38374e-18
1.51602e-08
-2.67932e-17
2.78337e-16
-3.38874e-17
3.68832e-08
2.47116e-16
-4.12624e-17
4.50851e-08
2.1682e-16
-4.86003e-17
5.4389e-08
1.8294e-16
-5.4389e-17
6.42239e-08
1.4444e-16
-5.56547e-17
7.30867e-08
6.75642e-17
-4.88301e-17
7.75291e-08
2.5089e-18
-2.8438e-17
7.00874e-08
1.07778e-19
3.50151e-08
1.41408e-16
-4.93141e-17
5.12559e-08
1.15691e-16
-5.88095e-17
6.2712e-08
9.32055e-17
-6.84108e-17
7.5734e-08
7.47708e-17
-7.61425e-17
8.9543e-08
4.99397e-17
-7.90447e-17
1.02066e-07
2.19094e-18
-7.11456e-17
1.08511e-07
-3.2235e-17
-4.65081e-17
9.84233e-08
-7.22091e-18
4.95107e-08
8.61891e-17
-4.51636e-17
5.12559e-08
7.01708e-17
-5.35671e-17
6.2712e-08
5.66497e-17
-6.181e-17
7.5734e-08
4.02885e-17
-6.87453e-17
8.9543e-08
2.36013e-17
-7.11281e-17
1.02066e-07
-1.29965e-17
-6.46729e-17
1.08511e-07
-3.39105e-17
-4.38602e-17
9.84233e-08
-8.26483e-18
4.95107e-08
1.18463e-16
-2.8416e-17
3.68832e-08
1.02372e-16
-3.40956e-17
4.50851e-08
7.49135e-17
-4.02217e-17
5.4389e-08
5.36465e-17
-4.59867e-17
6.42239e-08
2.29092e-17
-5.00797e-17
7.30867e-08
-6.75374e-18
-4.96657e-17
7.75291e-08
-2.40664e-17
-3.9572e-17
7.00874e-08
-1.45826e-17
3.50151e-08
1.46838e-16
1.53324e-08
-1.26696e-17
1.28183e-16
1.88857e-08
-1.55957e-17
1.09121e-16
2.29799e-08
-1.89219e-17
8.22202e-17
2.73861e-08
-2.23734e-17
5.5945e-17
3.14534e-08
-2.53219e-17
2.55016e-17
3.36367e-08
-2.64716e-17
8.72909e-18
3.05588e-08
-2.33263e-17
1.51602e-08
-1.0943e-17
2.86341e-16
3.22371e-17
1.53324e-08
-1.04504e-17
2.81142e-16
4.13455e-17
1.88857e-08
-1.27835e-17
2.61835e-16
5.2344e-17
2.29799e-08
-1.53159e-17
2.31646e-16
6.48051e-17
2.73861e-08
-1.76715e-17
1.83242e-16
7.72507e-17
3.14534e-08
-1.90439e-17
1.30002e-16
8.64736e-17
3.36367e-08
-1.80736e-17
6.32331e-17
8.30036e-17
3.05588e-08
-1.28387e-17
4.52497e-17
1.51602e-08
-2.82827e-18
4.73493e-16
5.1926e-17
3.68832e-08
4.75411e-16
6.82793e-17
4.50851e-08
4.72107e-16
8.93158e-17
5.4389e-08
4.34316e-16
1.15175e-16
6.42239e-08
3.75876e-16
1.44981e-16
7.30867e-08
2.86312e-16
1.72134e-16
7.75291e-08
1.37607e-16
1.75979e-16
7.00874e-08
1.0287e-16
3.50151e-08
4.15226e-16
5.35796e-17
5.12559e-08
4.26558e-16
7.0881e-17
6.2712e-08
4.35009e-16
9.34575e-17
7.5734e-08
4.17025e-16
1.22119e-16
8.9543e-08
3.58088e-16
1.55242e-16
1.02066e-07
2.7253e-16
1.87612e-16
1.08511e-07
1.32128e-16
1.95144e-16
9.84233e-08
1.14833e-16
4.95107e-08
2.43776e-16
4.48292e-17
5.12559e-08
2.4115e-16
5.85091e-17
6.2712e-08
2.51366e-16
7.67127e-17
7.5734e-08
2.29908e-16
9.92767e-17
8.9543e-08
2.3538e-16
1.26952e-16
1.02066e-07
1.86919e-16
1.51724e-16
1.08511e-07
9.88784e-17
1.55412e-16
9.84233e-08
8.93396e-17
4.95107e-08
7.57048e-17
2.8475e-17
3.68832e-08
9.88577e-17
3.63857e-17
4.50851e-08
9.83694e-17
4.63865e-17
5.4389e-08
1.21385e-16
5.91308e-17
6.42239e-08
9.39916e-17
7.29234e-17
7.30867e-08
8.49488e-17
8.58328e-17
7.75291e-08
4.33375e-17
8.60811e-17
7.00874e-08
4.80295e-17
3.50151e-08
-2.09115e-17
1.53324e-08
9.77081e-18
-5.61312e-18
1.88857e-08
1.2488e-17
9.65091e-18
2.29799e-08
1.5886e-17
8.04824e-18
2.73861e-08
1.9938e-17
2.74076e-17
3.14534e-08
2.45204e-17
1.32593e-17
3.36367e-08
2.80433e-17
4.3825e-18
3.05588e-08
2.75616e-17
1.51602e-08
1.56496e-17
-8.47848e-16
-5.84003e-17
1.53324e-08
4.05368e-17
-7.91548e-16
-7.28451e-17
1.88857e-08
5.00697e-17
-6.92192e-16
-8.97345e-17
2.29799e-08
6.10819e-17
-5.64134e-16
-1.08428e-16
2.73861e-08
7.30295e-17
-4.20094e-16
-1.27834e-16
3.14534e-08
8.42171e-17
-2.36223e-16
-1.41983e-16
3.36367e-08
9.08987e-17
-7.17892e-17
-1.36051e-16
3.05588e-08
8.35204e-17
-7.40714e-17
1.51602e-08
4.27239e-17
-7.74517e-16
-4.98316e-17
3.68832e-08
-7.79337e-16
-6.30624e-17
4.50851e-08
-7.32032e-16
-7.95021e-17
5.4389e-08
-6.59176e-16
-9.97183e-17
6.42239e-08
-5.3583e-16
-1.23971e-16
7.30867e-08
-3.47772e-16
-1.49025e-16
7.75291e-08
-1.39791e-16
-1.60347e-16
7.00874e-08
-1.04851e-16
3.50151e-08
-6.81095e-16
-2.78869e-17
5.12559e-08
-6.90717e-16
-3.55105e-17
6.2712e-08
-6.48895e-16
-4.55247e-17
7.5734e-08
-5.96378e-16
-5.8487e-17
8.9543e-08
-4.79735e-16
-7.50086e-17
1.02066e-07
-3.19404e-16
-9.55351e-17
1.08511e-07
-1.22537e-16
-1.09674e-16
9.84233e-08
-7.71514e-17
4.95107e-08
-6.44544e-16
2.65124e-18
5.12559e-08
-6.54583e-16
2.87912e-18
6.2712e-08
-6.00688e-16
2.5588e-18
7.5734e-08
-5.39742e-16
9.93666e-19
8.9543e-08
-4.31738e-16
-2.69156e-18
1.02066e-07
-2.69621e-16
-1.00805e-17
1.08511e-07
-9.59888e-17
-2.14181e-17
9.84233e-08
-2.19991e-17
4.95107e-08
-6.62584e-16
2.35769e-17
3.68832e-08
-6.40022e-16
2.89678e-17
4.50851e-08
-5.63933e-16
3.48645e-17
5.4389e-08
-4.74058e-16
4.04707e-17
6.42239e-08
-3.53331e-16
4.50356e-17
7.30867e-08
-2.0447e-16
4.54343e-17
7.75291e-08
-4.83685e-17
3.7681e-17
7.00874e-08
1.59891e-17
3.50151e-08
-5.69999e-16
1.53324e-08
2.30697e-17
-5.3398e-16
1.88857e-08
2.82201e-17
-4.58774e-16
2.29799e-08
3.40617e-17
-3.72038e-16
2.73861e-08
4.01679e-17
-2.62727e-16
3.14534e-08
4.5497e-17
-1.28235e-16
3.36367e-08
4.77655e-17
-1.44567e-17
3.05588e-08
4.24157e-17
1.51602e-08
2.02431e-17
2.9708e-16
-1.81124e-17
1.53324e-08
-5.75957e-19
2.88981e-16
-2.14247e-17
1.88857e-08
-1.27402e-18
2.50279e-16
-2.54118e-17
2.29799e-08
-2.34617e-18
2.09849e-16
-2.91061e-17
2.73861e-08
-4.03931e-18
1.5699e-16
-3.06727e-17
3.14534e-08
-6.83588e-18
8.38264e-17
-2.80537e-17
3.36367e-08
-1.11539e-17
2.22381e-17
-1.8351e-17
3.05588e-08
-1.59596e-17
-2.99701e-18
1.51602e-08
-1.37729e-17
7.92546e-17
-3.8174e-17
3.68832e-08
1.18336e-16
-4.69279e-17
4.50851e-08
1.42999e-16
-5.63851e-17
5.4389e-08
1.53993e-16
-6.54635e-17
6.42239e-08
1.52967e-16
-7.05509e-17
7.30867e-08
1.42188e-16
-6.51878e-17
7.75291e-08
8.1881e-17
-4.17284e-17
7.00874e-08
8.72094e-19
3.50151e-08
6.63147e-17
-3.2549e-17
5.12559e-08
1.07113e-16
-4.06722e-17
6.2712e-08
1.25037e-16
-5.0244e-17
7.5734e-08
1.37706e-16
-6.0412e-17
8.9543e-08
1.34947e-16
-6.88132e-17
1.02066e-07
1.23899e-16
-7.02765e-17
1.08511e-07
8.26145e-17
-5.56284e-17
9.84233e-08
-1.64609e-17
4.95107e-08
1.47651e-17
-1.90916e-17
5.12559e-08
5.14124e-17
-2.51773e-17
6.2712e-08
8.1851e-17
-3.25994e-17
7.5734e-08
1.04227e-16
-4.08335e-17
8.9543e-08
1.0865e-16
-4.915e-17
1.02066e-07
1.15362e-16
-5.42507e-17
1.08511e-07
9.19601e-17
-4.93231e-17
9.84233e-08
-2.16879e-17
4.95107e-08
-6.23539e-18
-1.13576e-17
3.68832e-08
3.17381e-17
-1.50648e-17
4.50851e-08
6.32204e-17
-1.96561e-17
5.4389e-08
8.51816e-17
-2.48497e-17
6.42239e-08
9.19606e-17
-3.02843e-17
7.30867e-08
1.10141e-16
-3.47259e-17
7.75291e-08
8.02505e-17
-3.36471e-17
7.00874e-08
-1.7376e-17
3.50151e-08
-8.74303e-18
1.53324e-08
-3.82052e-18
7.35632e-18
1.88857e-08
-5.24987e-18
2.25448e-17
2.29799e-08
-7.14754e-18
3.31605e-17
2.73861e-08
-9.6303e-18
3.84845e-17
3.14534e-08
-1.26158e-17
5.37729e-17
3.36367e-08
-1.55532e-17
5.18303e-17
3.05588e-08
-1.65239e-17
1.51602e-08
-1.02795e-17
3.81858e-17
6.36651e-17
1.53324e-08
-2.51906e-17
4.06924e-17
8.11901e-17
1.88857e-08
-3.20032e-17
7.14582e-17
1.03658e-16
2.29799e-08
-4.03975e-17
8.7028e-17
1.30501e-16
2.73861e-08
-5.01671e-17
1.01588e-16
1.59148e-16
3.14534e-08
-5.9898e-17
1.3505e-16
1.83164e-16
3.36367e-08
-6.5642e-17
1.22259e-16
1.8158e-16
3.05588e-08
-5.92254e-17
1.03248e-16
1.51602e-08
-2.74095e-17
2.12554e-16
8.0785e-17
3.68832e-08
2.10948e-16
1.04948e-16
4.50851e-08
2.22899e-16
1.35394e-16
5.4389e-08
2.20027e-16
1.72578e-16
6.42239e-08
2.11556e-16
2.1388e-16
7.30867e-08
2.19457e-16
2.4948e-16
7.75291e-08
1.63233e-16
2.47021e-16
7.00874e-08
1.35467e-16
3.50151e-08
1.02722e-17
6.71112e-17
5.12559e-08
2.69717e-17
8.57823e-17
6.2712e-08
7.42551e-17
1.09867e-16
7.5734e-08
1.12714e-16
1.39801e-16
8.9543e-08
1.50879e-16
1.74676e-16
1.02066e-07
2.08124e-16
2.0751e-16
1.08511e-07
1.77503e-16
2.14081e-16
9.84233e-08
1.26991e-16
4.95107e-08
-1.33026e-16
4.99444e-17
5.12559e-08
-1.16567e-16
6.21669e-17
6.2712e-08
-6.67976e-17
7.70484e-17
7.5734e-08
-2.22335e-17
9.47528e-17
8.9543e-08
3.45675e-17
1.14562e-16
1.02066e-07
1.17311e-16
1.31584e-16
1.08511e-07
1.33831e-16
1.3208e-16
9.84233e-08
7.49714e-17
4.95107e-08
-2.93814e-16
2.80663e-17
3.68832e-08
-2.62449e-16
3.47308e-17
4.50851e-08
-1.95638e-16
4.26778e-17
5.4389e-08
-1.34806e-16
5.18858e-17
6.42239e-08
-6.01939e-17
6.18261e-17
7.30867e-08
4.75255e-17
6.95987e-17
7.75291e-08
9.74276e-17
6.84463e-17
7.00874e-08
3.83515e-17
3.50151e-08
-3.69773e-16
1.53324e-08
1.17838e-17
-3.38292e-16
1.88857e-08
1.44211e-17
-2.77845e-16
2.29799e-08
1.74158e-17
-2.20049e-16
2.73861e-08
2.05647e-17
-1.4411e-16
3.14534e-08
2.34969e-17
-4.13661e-17
3.36367e-08
2.52543e-17
3.62209e-17
3.05588e-08
2.33613e-17
1.51602e-08
1.21857e-17
2.71838e-16
6.6756e-18
1.53324e-08
-7.35324e-18
2.37249e-16
6.40782e-18
1.88857e-08
-8.44151e-18
1.75789e-16
3.89341e-18
2.29799e-08
-9.24053e-18
1.13471e-16
-1.59713e-18
2.73861e-08
-9.3151e-18
4.78099e-17
-1.12533e-17
3.14534e-08
-8.21894e-18
-7.51302e-18
-2.56489e-17
3.36367e-08
-5.68818e-18
-2.77575e-17
-4.10267e-17
3.05588e-08
-2.2098e-18
-3.68439e-17
1.51602e-08
8.54075e-19
2.35831e-16
1.05355e-17
3.68832e-08
2.13172e-16
1.04326e-17
4.50851e-08
1.73016e-16
8.5064e-18
5.4389e-08
1.23786e-16
3.38114e-18
6.42239e-08
6.28983e-17
-6.79352e-18
7.30867e-08
2.27125e-17
-2.37114e-17
7.75291e-08
-6.4663e-18
-4.34797e-17
7.00874e-08
-3.84152e-17
3.50151e-08
2.17257e-16
1.41796e-17
5.12559e-08
2.0657e-16
1.55414e-17
6.2712e-08
1.75457e-16
1.56871e-17
7.5734e-08
1.29695e-16
1.3403e-17
8.9543e-08
6.72507e-17
6.4359e-18
1.02066e-07
2.45417e-17
-7.07244e-18
1.08511e-07
-2.09325e-18
-2.61973e-17
9.84233e-08
-3.20674e-17
4.95107e-08
1.26977e-16
1.15832e-17
5.12559e-08
1.26342e-16
1.22628e-17
6.2712e-08
1.0774e-16
1.22602e-17
7.5734e-08
8.64954e-17
1.07322e-17
8.9543e-08
5.62441e-17
6.42918e-18
1.02066e-07
3.72064e-17
-2.98035e-18
1.08511e-07
1.31551e-17
-1.51256e-17
9.84233e-08
-1.86216e-17
4.95107e-08
3.92507e-17
4.28737e-18
3.68832e-08
4.56722e-17
4.28549e-18
4.50851e-08
4.49151e-17
4.1626e-18
5.4389e-08
3.52275e-17
3.66223e-18
6.42239e-08
2.15284e-17
2.36965e-18
7.30867e-08
2.06496e-17
-1.78899e-20
7.75291e-08
2.43019e-17
-2.93753e-18
7.00874e-08
-3.46304e-18
3.50151e-08
-3.98623e-17
1.53324e-08
2.57544e-18
-3.38257e-17
1.88857e-08
2.94454e-18
-2.82174e-17
2.29799e-08
3.23223e-18
-2.37396e-17
2.73861e-08
3.33563e-18
-1.75955e-17
3.14534e-08
3.03703e-18
6.40069e-19
3.36367e-08
2.13473e-18
1.53013e-17
3.05588e-08
3.66082e-19
1.51602e-08
-1.20831e-18
-5.07619e-16
1.53328e-17
1.53324e-08
2.9897e-18
-4.67067e-16
1.88786e-17
1.88857e-08
3.55547e-18
-3.97096e-16
2.36047e-17
2.29799e-08
4.10447e-18
-3.11767e-16
2.90843e-17
2.73861e-08
4.51686e-18
-2.18721e-16
3.44808e-17
3.14534e-08
4.87635e-18
-7.88734e-17
3.94293e-17
3.36367e-08
5.55215e-18
2.00192e-17
3.95531e-17
3.05588e-08
6.55015e-18
2.41088e-17
1.51602e-08
5.22675e-18
-4.41779e-16
3.14075e-17
3.68832e-08
-4.28994e-16
3.90004e-17
4.50851e-08
-3.87281e-16
4.76459e-17
5.4389e-08
-3.27578e-16
5.68886e-17
6.42239e-08
-2.44614e-16
6.50264e-17
7.30867e-08
-1.12805e-16
6.94528e-17
7.75291e-08
-5.64586e-18
6.11414e-17
7.00874e-08
2.91118e-17
3.50151e-08
-5.30416e-16
2.77129e-17
5.12559e-08
-5.12831e-16
3.3529e-17
6.2712e-08
-4.56384e-16
4.00457e-17
7.5734e-08
-3.79645e-16
4.68548e-17
8.9543e-08
-2.70293e-16
5.27446e-17
1.02066e-07
-1.23354e-16
5.56177e-17
1.08511e-07
5.49234e-18
5.22354e-17
9.84233e-08
2.83826e-17
4.95107e-08
-5.51848e-16
1.93731e-17
5.12559e-08
-5.34438e-16
2.30129e-17
6.2712e-08
-4.72836e-16
2.67415e-17
7.5734e-08
-3.98892e-16
3.02094e-17
8.9543e-08
-2.94206e-16
3.30345e-17
1.02066e-07
-1.36819e-16
3.41349e-17
1.08511e-07
-2.84141e-18
3.0251e-17
9.84233e-08
1.61937e-17
4.95107e-08
-5.37285e-16
1.13031e-17
3.68832e-08
-5.02719e-16
1.3851e-17
4.50851e-08
-4.38012e-16
1.65615e-17
5.4389e-08
-3.59644e-16
1.93606e-17
6.42239e-08
-2.54663e-16
2.20186e-17
7.30867e-08
-1.11132e-16
2.34692e-17
7.75291e-08
3.79283e-19
2.1421e-17
7.00874e-08
1.16058e-17
3.50151e-08
-4.23399e-16
1.53324e-08
6.76823e-18
-3.92233e-16
1.88857e-08
8.15417e-18
-3.40625e-16
2.29799e-08
9.61749e-18
-2.79809e-16
2.73861e-08
1.09818e-17
-1.97212e-16
3.14534e-08
1.1984e-17
-9.07028e-17
3.36367e-08
1.20932e-17
-6.05721e-18
3.05588e-08
1.03748e-17
1.51602e-08
5.07497e-18
6.89332e-17
-3.56338e-17
1.53324e-08
1.11689e-17
5.21161e-17
-4.57747e-17
1.88857e-08
1.4227e-17
1.632e-17
-5.94206e-17
2.29799e-08
1.80363e-17
-1.39743e-17
-7.61416e-17
2.73861e-08
2.25605e-17
-3.97642e-17
-9.48371e-17
3.14534e-08
2.70188e-17
-7.66267e-17
-1.11597e-16
3.36367e-08
2.94287e-17
-7.03099e-17
-1.13946e-16
3.05588e-08
2.57141e-17
-6.75963e-17
1.51602e-08
1.08826e-17
-1.44715e-16
-4.8508e-17
3.68832e-08
-1.39524e-16
-6.36171e-17
4.50851e-08
-1.41654e-16
-8.29431e-17
5.4389e-08
-1.37501e-16
-1.06626e-16
6.42239e-08
-1.27474e-16
-1.33043e-16
7.30867e-08
-1.20854e-16
-1.55816e-16
7.75291e-08
-7.54172e-17
-1.54766e-16
7.00874e-08
-8.46838e-17
3.50151e-08
-9.31844e-17
-3.98307e-17
5.12559e-08
-9.26167e-17
-5.1931e-17
6.2712e-08
-1.05609e-16
-6.78144e-17
7.5734e-08
-1.17437e-16
-8.76934e-17
8.9543e-08
-1.22059e-16
-1.10916e-16
1.02066e-07
-1.21915e-16
-1.32221e-16
1.08511e-07
-8.10805e-17
-1.36418e-16
9.84233e-08
-8.02872e-17
4.95107e-08
-6.26198e-17
-2.8967e-17
5.12559e-08
-6.47197e-17
-3.74977e-17
6.2712e-08
-7.30985e-17
-4.80998e-17
7.5734e-08
-8.12682e-17
-6.10569e-17
8.9543e-08
-8.4843e-17
-7.54104e-17
1.02066e-07
-8.12015e-17
-8.79752e-17
1.08511e-07
-5.55481e-17
-8.831e-17
9.84233e-08
-5.02172e-17
4.95107e-08
9.22958e-18
-1.60228e-17
3.68832e-08
4.69375e-18
-2.04227e-17
4.50851e-08
-5.0913e-18
-2.56565e-17
5.4389e-08
-1.40749e-17
-3.1662e-17
6.42239e-08
-3.1408e-17
-3.80903e-17
7.30867e-08
-4.15453e-17
-4.28238e-17
7.75291e-08
-3.08899e-17
-4.1281e-17
7.00874e-08
-2.2126e-17
3.50151e-08
5.71264e-17
1.53324e-08
-4.3996e-18
4.92047e-17
1.88857e-08
-5.57756e-18
3.88889e-17
2.29799e-08
-7.00977e-18
2.58415e-17
2.73861e-08
-8.67261e-18
1.45014e-17
3.14534e-08
-1.04374e-17
-1.61286e-18
3.36367e-08
-1.18379e-17
-8.52744e-18
3.05588e-08
-1.16401e-17
1.51602e-08
-6.5681e-18
-1.75634e-16
2.95934e-17
1.53324e-08
-1.13675e-17
-1.55585e-16
3.77931e-17
1.88857e-08
-1.46762e-17
-1.12351e-16
4.88883e-17
2.29799e-08
-1.88977e-17
-7.15795e-17
6.27066e-17
2.73861e-08
-2.40925e-17
-2.77266e-17
7.84114e-17
3.14534e-08
-2.96207e-17
2.20239e-17
9.32927e-17
3.36367e-08
-3.35928e-17
3.95484e-17
9.67332e-17
3.05588e-08
-3.13974e-17
5.91415e-17
1.51602e-08
-1.5456e-17
-2.00123e-16
3.29802e-17
3.68832e-08
-1.91048e-16
4.26948e-17
4.50851e-08
-1.64737e-16
5.52262e-17
5.4389e-08
-1.30027e-16
7.08807e-17
6.42239e-08
-8.29905e-17
8.9118e-17
7.30867e-08
-2.8291e-17
1.06544e-16
7.75291e-08
9.5376e-18
1.10671e-16
7.00874e-08
6.60194e-17
3.50151e-08
-3.47046e-16
1.95595e-17
5.12559e-08
-3.29754e-16
2.50427e-17
6.2712e-08
-2.9059e-16
3.23378e-17
7.5734e-08
-2.3186e-16
4.20785e-17
8.9543e-08
-1.52625e-16
5.45529e-17
1.02066e-07
-6.09654e-17
6.89716e-17
1.08511e-07
-5.70874e-19
7.78183e-17
9.84233e-08
5.28029e-17
4.95107e-08
-3.77194e-16
8.55921e-18
5.12559e-08
-3.59463e-16
1.10673e-17
6.2712e-08
-3.24381e-16
1.42662e-17
7.5734e-08
-2.70112e-16
1.86056e-17
8.9543e-08
-1.90659e-16
2.46249e-17
1.02066e-07
-9.49907e-17
3.15149e-17
1.08511e-07
-1.42933e-17
3.71458e-17
9.84233e-08
2.65319e-17
4.95107e-08
-3.33858e-16
4.65335e-18
3.68832e-08
-3.17724e-16
6.14552e-18
4.50851e-08
-2.76972e-16
7.78111e-18
5.4389e-08
-2.27681e-16
9.64389e-18
6.42239e-08
-1.6109e-16
1.18604e-17
7.30867e-08
-8.23823e-17
1.40815e-17
7.75291e-08
-9.07996e-18
1.48029e-17
7.00874e-08
8.71009e-18
3.50151e-08
-2.32709e-16
1.53324e-08
2.5379e-18
-2.21356e-16
1.88857e-08
3.11087e-18
-1.88238e-16
2.29799e-08
3.72599e-18
-1.49256e-16
2.73861e-08
4.27092e-18
-1.0564e-16
3.14534e-08
4.70753e-18
-5.0747e-17
3.36367e-08
5.0621e-18
-7.7474e-18
3.05588e-08
5.0188e-18
1.51602e-08
3.06184e-18
2.49229e-16
-2.88065e-17
1.53324e-08
4.18307e-18
2.18167e-16
-3.74573e-17
1.88857e-08
5.78049e-18
1.59474e-16
-4.94957e-17
2.29799e-08
8.06302e-18
1.05484e-16
-6.48578e-17
2.73861e-08
1.12805e-17
3.94063e-17
-8.27469e-17
3.14534e-08
1.51131e-17
-4.18611e-17
-1.01152e-16
3.36367e-08
1.83609e-17
-7.56729e-17
-1.07752e-16
3.05588e-08
1.79699e-17
-6.85827e-17
1.51602e-08
9.0263e-18
8.70239e-17
-4.7236e-17
3.68832e-08
7.75498e-17
-6.20422e-17
4.50851e-08
4.52506e-17
-8.1113e-17
5.4389e-08
1.85241e-17
-1.04956e-16
6.42239e-08
-2.00342e-17
-1.32185e-16
7.30867e-08
-7.41328e-17
-1.58298e-16
7.75291e-08
-8.7104e-17
-1.63196e-16
7.00874e-08
-9.49333e-17
3.50151e-08
1.17007e-16
-4.56958e-17
5.12559e-08
9.89442e-17
-5.88209e-17
6.2712e-08
5.71223e-17
-7.58115e-17
7.5734e-08
1.68936e-17
-9.70194e-17
8.9543e-08
-3.12326e-17
-1.21818e-16
1.02066e-07
-9.41784e-17
-1.45628e-16
1.08511e-07
-1.08731e-16
-1.53189e-16
9.84233e-08
-9.37217e-17
4.95107e-08
1.31508e-16
-3.77239e-17
5.12559e-08
1.18217e-16
-4.76954e-17
6.2712e-08
8.71105e-17
-5.98159e-17
7.5734e-08
5.2328e-17
-7.43114e-17
8.9543e-08
7.06286e-18
-9.01418e-17
1.02066e-07
-4.9447e-17
-1.04097e-16
1.08511e-07
-7.57794e-17
-1.03715e-16
9.84233e-08
-5.93879e-17
4.95107e-08
2.12437e-16
-2.21428e-17
3.68832e-08
1.90661e-16
-2.78306e-17
4.50851e-08
1.53642e-16
-3.45701e-17
5.4389e-08
1.17747e-16
-4.2263e-17
6.42239e-08
6.63891e-17
-5.05356e-17
7.30867e-08
-5.12359e-19
-5.67322e-17
7.75291e-08
-4.3421e-17
-5.50239e-17
7.00874e-08
-2.99523e-17
3.50151e-08
2.24766e-16
1.53324e-08
-8.41243e-18
2.04928e-16
1.88857e-08
-1.04212e-17
1.73305e-16
2.29799e-08
-1.27838e-17
1.36534e-16
2.73861e-08
-1.54e-17
9.2331e-17
3.14534e-08
-1.79201e-17
3.63282e-17
3.36367e-08
-1.95541e-17
-8.161e-18
3.05588e-08
-1.82205e-17
1.51602e-08
-9.47704e-18
-3.3998e-16
-1.66191e-17
1.53324e-08
1.13427e-17
-3.06567e-16
-1.99618e-17
1.88857e-08
1.38028e-17
-2.53801e-16
-2.28423e-17
2.29799e-08
1.64938e-17
-1.89386e-16
-2.4843e-17
2.73861e-08
1.91686e-17
-1.22045e-16
-2.52838e-17
3.14534e-08
2.14004e-17
-5.62835e-17
-2.20213e-17
3.36367e-08
2.245e-17
-8.57657e-18
-1.3558e-17
3.05588e-08
2.05167e-17
1.85925e-19
1.51602e-08
1.07621e-17
-3.3846e-16
-2.53671e-17
3.68832e-08
-3.29029e-16
-3.08243e-17
4.50851e-08
-2.96121e-16
-3.6719e-17
5.4389e-08
-2.55424e-16
-4.24814e-17
6.42239e-08
-1.92339e-16
-4.65363e-17
7.30867e-08
-1.2171e-16
-4.54579e-17
7.75291e-08
-5.61714e-17
-3.58917e-17
7.00874e-08
-1.22991e-17
3.50151e-08
-3.30823e-16
-3.4777e-17
5.12559e-08
-3.32376e-16
-4.27506e-17
6.2712e-08
-3.06367e-16
-5.18994e-17
7.5734e-08
-2.67553e-16
-6.12035e-17
8.9543e-08
-1.96246e-16
-6.8846e-17
1.02066e-07
-1.31058e-16
-7.07293e-17
1.08511e-07
-6.64025e-17
-5.78256e-17
9.84233e-08
-2.13587e-17
4.95107e-08
-2.67366e-16
-3.36773e-17
5.12559e-08
-2.75573e-16
-4.10146e-17
6.2712e-08
-2.51906e-16
-4.93339e-17
7.5734e-08
-2.25151e-16
-5.80535e-17
8.9543e-08
-1.71873e-16
-6.47429e-17
1.02066e-07
-1.10206e-16
-6.62601e-17
1.08511e-07
-4.85783e-17
-5.47311e-17
9.84233e-08
-2.06726e-17
4.95107e-08
-1.53723e-16
-1.9726e-17
3.68832e-08
-1.62946e-16
-2.37932e-17
4.50851e-08
-1.50674e-16
-2.8499e-17
5.4389e-08
-1.30522e-16
-3.36127e-17
6.42239e-08
-1.00026e-16
-3.79545e-17
7.30867e-08
-7.83511e-17
-3.95901e-17
7.75291e-08
-3.16663e-17
-3.41619e-17
7.00874e-08
-1.55025e-17
3.50151e-08
-4.02913e-17
1.53324e-08
-7.81846e-18
-4.55028e-17
1.88857e-08
-9.5826e-18
-4.07248e-17
2.29799e-08
-1.15749e-17
-3.17141e-17
2.73861e-08
-1.3674e-17
-2.0486e-17
3.14534e-08
-1.53819e-17
-1.20165e-17
3.36367e-08
-1.5784e-17
-4.08398e-18
3.05588e-08
-1.31642e-17
1.51602e-08
-5.22864e-18
3.19239e-16
-5.77137e-17
1.53324e-08
1.75381e-17
2.98312e-16
-7.17003e-17
1.88857e-08
2.19496e-17
2.39222e-16
-8.90384e-17
2.29799e-08
2.72765e-17
1.79839e-16
-1.08654e-16
2.73861e-08
3.33135e-17
1.04924e-16
-1.27665e-16
3.14534e-08
3.88822e-17
-6.42701e-18
-1.40814e-16
3.36367e-08
4.11763e-17
-7.14219e-17
-1.33073e-16
3.05588e-08
3.50458e-17
-7.14044e-17
1.51602e-08
1.40521e-17
1.40364e-16
-8.75667e-17
3.68832e-08
1.3936e-16
-1.10027e-16
4.50851e-08
1.04435e-16
-1.36671e-16
5.4389e-08
8.17022e-17
-1.66132e-16
6.42239e-08
3.96065e-17
-1.93782e-16
7.30867e-08
-3.48314e-17
-2.09787e-16
7.75291e-08
-8.52058e-17
-1.89319e-16
7.00874e-08
-8.86286e-17
3.50151e-08
2.64508e-16
-8.13037e-17
5.12559e-08
2.47145e-16
-1.00817e-16
6.2712e-08
1.91653e-16
-1.23946e-16
7.5734e-08
1.43635e-16
-1.49004e-16
8.9543e-08
6.03039e-17
-1.72701e-16
1.02066e-07
-4.20055e-17
-1.8563e-16
1.08511e-07
-9.53781e-17
-1.69559e-16
9.84233e-08
-8.32393e-17
4.95107e-08
3.23659e-16
-5.89307e-17
5.12559e-08
2.99161e-16
-7.2222e-17
6.2712e-08
2.53624e-16
-8.69498e-17
7.5734e-08
2.01078e-16
-1.0228e-16
8.9543e-08
1.18433e-16
-1.15494e-16
1.02066e-07
1.5426e-17
-1.20157e-16
1.08511e-07
-5.62537e-17
-1.04988e-16
9.84233e-08
-4.68573e-17
4.95107e-08
3.7417e-16
-2.67341e-17
3.68832e-08
3.45625e-16
-3.26983e-17
4.50851e-08
2.86951e-16
-3.92995e-17
5.4389e-08
2.2443e-16
-4.59659e-17
6.42239e-08
1.38489e-16
-5.16772e-17
7.30867e-08
2.50893e-17
-5.32696e-17
7.75291e-08
-4.36585e-17
-4.64077e-17
7.00874e-08
-2.14238e-17
3.50151e-08
3.04808e-16
1.53324e-08
-7.9174e-18
2.80239e-16
1.88857e-08
-9.49789e-18
2.34887e-16
2.29799e-08
-1.11578e-17
1.86911e-16
2.73861e-08
-1.26282e-17
1.26178e-16
3.14534e-08
-1.34711e-17
5.02355e-17
3.36367e-08
-1.29708e-17
-6.77407e-18
3.05588e-08
-1.00171e-17
1.51602e-08
-3.62618e-18
1.70679e-17
4.43251e-17
1.53324e-08
-1.30112e-17
4.76988e-17
5.89629e-17
1.88857e-08
-1.74435e-17
7.19517e-17
7.87823e-17
2.29799e-08
-2.31892e-17
7.82149e-17
1.03518e-16
2.73861e-08
-3.0349e-17
1.03137e-16
1.33536e-16
3.14534e-08
-3.81324e-17
1.44425e-16
1.64123e-16
3.36367e-08
-4.44156e-17
1.17222e-16
1.74407e-16
3.05588e-08
-4.30817e-17
1.0797e-16
1.51602e-08
-2.22232e-17
1.99404e-16
6.66429e-17
3.68832e-08
2.57293e-16
8.99418e-17
4.50851e-08
2.83128e-16
1.20602e-16
5.4389e-08
3.00683e-16
1.60684e-16
6.42239e-08
2.91201e-16
2.09402e-16
7.30867e-08
2.54106e-16
2.5862e-16
7.75291e-08
1.53617e-16
2.76408e-16
7.00874e-08
1.69961e-16
3.50151e-08
6.03699e-17
7.09587e-17
5.12559e-08
7.91456e-17
9.41193e-17
6.2712e-08
1.35168e-16
1.25298e-16
7.5734e-08
1.71459e-16
1.66088e-16
8.9543e-08
1.91045e-16
2.16348e-16
1.02066e-07
2.13825e-16
2.69392e-16
1.08511e-07
1.49562e-16
2.92742e-16
9.84233e-08
1.85755e-16
4.95107e-08
-4.58143e-17
6.8891e-17
5.12559e-08
-2.87518e-17
8.94052e-17
6.2712e-08
4.51639e-18
1.15827e-16
7.5734e-08
3.25782e-17
1.48788e-16
8.9543e-08
6.52381e-17
1.87385e-16
1.02066e-07
9.23301e-17
2.23851e-16
1.08511e-07
8.58043e-17
2.31135e-16
9.84233e-08
1.37419e-16
4.95107e-08
-2.18344e-16
5.05789e-17
3.68832e-08
-1.95947e-16
6.39656e-17
4.50851e-08
-1.56991e-16
8.05851e-17
5.4389e-08
-1.2058e-16
1.00117e-16
6.42239e-08
-6.73415e-17
1.21238e-16
7.30867e-08
-1.08485e-17
1.38111e-16
7.75291e-08
3.61141e-17
1.35629e-16
7.00874e-08
7.52049e-17
3.50151e-08
-2.84512e-16
1.53324e-08
2.30705e-17
-2.58335e-16
1.88857e-08
2.88427e-17
-2.19962e-16
2.29799e-08
3.56892e-17
-1.76026e-16
2.73861e-08
4.34162e-17
-1.21816e-16
3.14534e-08
5.09496e-17
-5.82911e-17
3.36367e-08
5.58203e-17
-3.66915e-18
3.05588e-08
5.16675e-17
1.51602e-08
2.63346e-17
9.43536e-16
5.59138e-17
1.53324e-08
-2.80855e-17
8.82188e-16
6.93102e-17
1.88857e-08
-3.41845e-17
7.66438e-16
8.34608e-17
2.29799e-08
-4.09282e-17
6.13709e-16
9.71148e-17
2.73861e-08
-4.77826e-17
4.42751e-16
1.08499e-16
3.14534e-08
-5.35536e-17
2.45044e-16
1.11027e-16
3.36367e-08
-5.59207e-17
7.28998e-17
9.47935e-17
3.05588e-08
-4.98579e-17
4.08324e-17
1.51602e-08
-2.43131e-17
1.00799e-15
8.47708e-17
3.68832e-08
1.00102e-15
1.05548e-16
4.50851e-08
9.23414e-16
1.2945e-16
5.4389e-08
8.07365e-16
1.55201e-16
6.42239e-08
6.24866e-16
1.78964e-16
7.30867e-08
4.11114e-16
1.91159e-16
7.75291e-08
1.70234e-16
1.7101e-16
7.00874e-08
8.16061e-17
3.50151e-08
8.39949e-16
9.72668e-17
5.12559e-08
8.52486e-16
1.20527e-16
6.2712e-08
8.07193e-16
1.47482e-16
7.5734e-08
7.18031e-16
1.76509e-16
8.9543e-08
5.70701e-16
2.03097e-16
1.02066e-07
3.82964e-16
2.1582e-16
1.08511e-07
1.74104e-16
1.90617e-16
9.84233e-08
8.57558e-17
4.95107e-08
5.42178e-16
8.29705e-17
5.12559e-08
5.65596e-16
1.01104e-16
6.2712e-08
5.45486e-16
1.21431e-16
7.5734e-08
4.9913e-16
1.42475e-16
8.9543e-08
4.04812e-16
1.59548e-16
1.02066e-07
2.92483e-16
1.63503e-16
1.08511e-07
1.49569e-16
1.36711e-16
9.84233e-08
5.38095e-17
4.95107e-08
2.22636e-16
4.48757e-17
3.68832e-08
2.48312e-16
5.38792e-17
4.50851e-08
2.57458e-16
6.39974e-17
5.4389e-08
2.49374e-16
7.43046e-17
6.42239e-08
2.23413e-16
8.21801e-17
7.30867e-08
1.7523e-16
8.27619e-17
7.75291e-08
9.50962e-17
6.83615e-17
7.00874e-08
2.83075e-17
3.50151e-08
1.55483e-17
1.53324e-08
1.50411e-17
3.56074e-17
1.88857e-08
1.81123e-17
4.79722e-17
2.29799e-08
2.14149e-17
5.0421e-17
2.73861e-08
2.45349e-17
4.99592e-17
3.14534e-08
2.65762e-17
4.95369e-17
3.36367e-08
2.59334e-17
2.87791e-17
3.05588e-08
2.0008e-17
1.51602e-08
6.86807e-18
8.53794e-17
6.68295e-17
1.53324e-08
-2.31294e-17
7.81237e-17
8.26637e-17
1.88857e-08
-2.86001e-17
7.18173e-17
1.01564e-16
2.29799e-08
-3.49443e-17
6.07593e-17
1.21845e-16
2.73861e-08
-4.16686e-17
4.65972e-17
1.40358e-16
3.14534e-08
-4.73546e-17
4.89889e-17
1.49951e-16
3.36367e-08
-4.8782e-17
3.44738e-17
1.35492e-16
3.05588e-08
-4.03879e-17
6.72678e-17
1.51602e-08
-1.56828e-17
3.91326e-16
9.83539e-17
3.68832e-08
3.46721e-16
1.22287e-16
4.50851e-08
2.77103e-16
1.49523e-16
5.4389e-08
1.99759e-16
1.77926e-16
6.42239e-08
1.0628e-16
2.01829e-16
7.30867e-08
3.04576e-17
2.0862e-16
7.75291e-08
-1.51785e-17
1.75544e-16
7.00874e-08
7.0499e-17
3.50151e-08
3.73207e-16
8.30811e-17
5.12559e-08
3.33847e-16
1.02449e-16
6.2712e-08
2.73459e-16
1.24579e-16
7.5734e-08
2.00732e-16
1.47107e-16
8.9543e-08
1.21446e-16
1.65087e-16
1.02066e-07
3.37699e-17
1.67762e-16
1.08511e-07
-2.24255e-17
1.38334e-16
9.84233e-08
5.40314e-17
4.95107e-08
3.99326e-16
4.24946e-17
5.12559e-08
3.61761e-16
5.16445e-17
6.2712e-08
2.94975e-16
6.15241e-17
7.5734e-08
2.16772e-16
7.05793e-17
8.9543e-08
1.22365e-16
7.56723e-17
1.02066e-07
1.71229e-17
7.19936e-17
1.08511e-07
-5.03252e-17
5.17513e-17
9.84233e-08
1.507e-17
4.95107e-08
4.5797e-16
-2.28749e-18
3.68832e-08
4.17681e-16
-3.99129e-18
4.50851e-08
3.45376e-16
-6.36718e-18
5.4389e-08
2.60899e-16
-9.80343e-18
6.42239e-08
1.65512e-16
-1.49946e-17
7.30867e-08
4.7987e-17
-2.11866e-17
7.75291e-08
-3.41028e-17
-2.52969e-17
7.00874e-08
-1.71035e-17
3.50151e-08
4.97305e-16
1.53324e-08
-1.56091e-17
4.58989e-16
1.88857e-08
-1.96634e-17
3.89391e-16
2.29799e-08
-2.45051e-17
3.09282e-16
2.73861e-08
-3.00215e-17
2.1176e-16
3.14534e-08
-3.5582e-17
9.16754e-17
3.36367e-08
-3.9549e-17
-1.2409e-18
3.05588e-08
-3.77035e-17
1.51602e-08
-2.01951e-17
6.31281e-17
-2.92101e-17
1.53324e-08
6.26889e-18
4.72149e-17
-3.97794e-17
1.88857e-08
8.86432e-18
8.57478e-18
-5.50686e-17
2.29799e-08
1.24766e-17
-2.4033e-17
-7.55432e-17
2.73861e-08
1.73839e-17
-5.31619e-17
-1.00748e-16
3.14534e-08
2.33396e-17
-7.05085e-17
-1.26911e-16
3.36367e-08
2.87922e-17
-5.63745e-17
-1.37845e-16
3.05588e-08
2.9536e-17
-8.67041e-17
1.51602e-08
1.64007e-17
-1.28087e-17
-3.83132e-17
3.68832e-08
-1.23865e-17
-5.42872e-17
4.50851e-08
-2.31294e-17
-7.66077e-17
5.4389e-08
-2.87138e-17
-1.07023e-16
6.42239e-08
-3.19743e-17
-1.45124e-16
7.30867e-08
-2.62961e-17
-1.84486e-16
7.75291e-08
-2.86109e-18
-2.00671e-16
7.00874e-08
-1.21846e-16
3.50151e-08
5.72261e-17
-3.23732e-17
5.12559e-08
6.8322e-17
-4.66941e-17
6.2712e-08
6.26744e-17
-6.73306e-17
7.5734e-08
6.4608e-17
-9.56926e-17
8.9543e-08
5.40013e-17
-1.32779e-16
1.02066e-07
4.40341e-17
-1.73306e-16
1.08511e-07
4.19109e-17
-1.92929e-16
9.84233e-08
-1.23422e-16
4.95107e-08
5.43359e-17
-2.81154e-17
5.12559e-08
8.0158e-17
-3.96872e-17
6.2712e-08
1.03062e-16
-5.56171e-17
7.5734e-08
1.16946e-16
-7.67307e-17
8.9543e-08
1.17544e-16
-1.02387e-16
1.02066e-07
1.27535e-16
-1.28821e-16
1.08511e-07
9.05151e-17
-1.3767e-16
9.84233e-08
-8.41835e-17
4.95107e-08
2.7213e-17
-1.92586e-17
3.68832e-08
5.44687e-17
-2.50929e-17
4.50851e-08
7.80654e-17
-3.25831e-17
5.4389e-08
9.60534e-17
-4.13859e-17
6.42239e-08
1.03821e-16
-5.08553e-17
7.30867e-08
1.10127e-16
-5.81155e-17
7.75291e-08
7.6985e-17
-5.64039e-17
7.00874e-08
-2.99669e-17
3.50151e-08
-1.0292e-16
1.53324e-08
-4.85612e-18
-8.88204e-17
1.88857e-08
-5.96532e-18
-6.66704e-17
2.29799e-08
-7.2074e-18
-5.02105e-17
2.73861e-08
-8.45066e-18
-2.41877e-17
3.14534e-08
-9.31045e-18
7.58707e-18
3.36367e-08
-9.14117e-18
2.41488e-17
3.05588e-08
-7.02387e-18
1.51602e-08
-2.20118e-18
-4.58054e-16
-1.05522e-17
1.53324e-08
1.45524e-17
-4.19026e-16
-1.25667e-17
1.88857e-08
1.77593e-17
-3.53076e-16
-1.40646e-17
2.29799e-08
2.13119e-17
-2.75569e-16
-1.47068e-17
2.73861e-08
2.49119e-17
-1.90203e-16
-1.41702e-17
3.14534e-08
2.8007e-17
-8.18542e-17
-1.05936e-17
3.36367e-08
2.96866e-17
-5.79926e-18
-3.27393e-18
3.05588e-08
2.73145e-17
5.49959e-18
1.51602e-08
1.44502e-17
-3.19246e-16
-8.01104e-18
3.68832e-08
-3.22356e-16
-9.4327e-18
4.50851e-08
-3.02055e-16
-1.09604e-17
5.4389e-08
-2.73637e-16
-1.21263e-17
6.42239e-08
-2.22083e-16
-1.24032e-17
7.30867e-08
-1.55059e-16
-1.02913e-17
7.75291e-08
-6.2334e-17
-4.98129e-18
7.00874e-08
1.36817e-18
3.50151e-08
-1.91356e-16
-1.58961e-17
5.12559e-08
-2.13233e-16
-1.92313e-17
6.2712e-08
-2.19144e-16
-2.27603e-17
7.5734e-08
-2.15305e-16
-2.59743e-17
8.9543e-08
-1.92543e-16
-2.77424e-17
1.02066e-07
-1.57849e-16
-2.50956e-17
1.08511e-07
-8.13527e-17
-1.51174e-17
9.84233e-08
-8.05502e-20
4.95107e-08
-9.81404e-18
-2.32023e-17
5.12559e-08
-3.16411e-17
-2.74842e-17
6.2712e-08
-5.74551e-17
-3.17524e-17
7.5734e-08
-7.80878e-17
-3.53531e-17
8.9543e-08
-9.18945e-17
-3.70409e-17
1.02066e-07
-1.12355e-16
-3.37852e-17
1.08511e-07
-9.21068e-17
-2.26293e-17
9.84233e-08
-2.04024e-18
4.95107e-08
1.88086e-16
-2.49886e-17
3.68832e-08
1.5072e-16
-3.01168e-17
4.50851e-08
1.00747e-16
-3.54891e-17
5.4389e-08
4.23589e-17
-4.06609e-17
6.42239e-08
-9.78279e-18
-4.41997e-17
7.30867e-08
-6.09698e-17
-4.36671e-17
7.75291e-08
-6.71254e-17
-3.49882e-17
7.00874e-08
-1.296e-17
3.50151e-08
2.93988e-16
1.53324e-08
-1.64529e-17
2.60185e-16
1.88857e-08
-2.01375e-17
2.12267e-16
2.29799e-08
-2.42724e-17
1.60991e-16
2.73861e-08
-2.85742e-17
9.83057e-17
3.14534e-08
-3.23359e-17
2.99112e-17
3.36367e-08
-3.39649e-17
-1.30346e-17
3.05588e-08
-3.01704e-17
1.51602e-08
-1.46027e-17
-2.2628e-16
-8.24318e-17
1.53324e-08
3.22419e-17
-2.06328e-16
-1.0352e-16
1.88857e-08
4.02142e-17
-2.01052e-16
-1.29767e-16
2.29799e-08
4.96625e-17
-1.76814e-16
-1.59911e-16
2.73861e-08
6.01286e-17
-1.48706e-16
-1.90908e-16
3.14534e-08
6.98023e-17
-1.28634e-16
-2.13677e-16
3.36367e-08
7.45868e-17
-7.83485e-17
-2.05537e-16
3.05588e-08
6.5707e-17
-1.12079e-16
1.51602e-08
2.96084e-17
-5.37233e-16
-1.12736e-16
3.68832e-08
-4.92338e-16
-1.43353e-16
4.50851e-08
-4.31056e-16
-1.80659e-16
5.4389e-08
-3.58011e-16
-2.23913e-16
6.42239e-08
-2.58939e-16
-2.68588e-16
7.30867e-08
-1.55044e-16
-3.01595e-16
7.75291e-08
-5.01363e-17
-2.87324e-16
7.00874e-08
-1.49969e-16
3.50151e-08
-4.20338e-16
-9.67976e-17
5.12559e-08
-3.82052e-16
-1.22715e-16
6.2712e-08
-3.31435e-16
-1.54805e-16
7.5734e-08
-2.73933e-16
-1.92569e-16
8.9543e-08
-2.04137e-16
-2.32635e-16
1.02066e-07
-1.15548e-16
-2.63152e-16
1.08511e-07
-3.1899e-17
-2.57175e-16
9.84233e-08
-1.41271e-16
4.95107e-08
-3.52128e-16
-6.2041e-17
5.12559e-08
-3.13513e-16
-7.83061e-17
6.2712e-08
-2.60988e-16
-9.79984e-17
7.5734e-08
-1.97396e-16
-1.20582e-16
8.9543e-08
-1.32507e-16
-1.43344e-16
1.02066e-07
-3.87975e-17
-1.5915e-16
1.08511e-07
1.61535e-17
-1.50908e-16
9.84233e-08
-8.05496e-17
4.95107e-08
-3.00622e-16
-2.31264e-17
3.68832e-08
-2.67709e-16
-2.84153e-17
4.50851e-08
-2.19326e-16
-3.45691e-17
5.4389e-08
-1.58137e-16
-4.10533e-17
6.42239e-08
-1.03627e-16
-4.67279e-17
7.30867e-08
-2.97764e-17
-4.91603e-17
7.75291e-08
2.52805e-17
-4.29844e-17
7.00874e-08
-2.00637e-17
3.50151e-08
-3.31389e-16
1.53324e-08
8.24411e-19
-3.06952e-16
1.88857e-08
1.27863e-18
-2.62272e-16
2.29799e-08
1.91531e-18
-2.11064e-16
2.73861e-08
2.84214e-18
-1.49896e-16
3.14534e-08
4.14541e-18
-6.38111e-17
3.36367e-08
5.72966e-18
-8.02593e-19
3.05588e-08
6.78898e-18
1.51602e-08
4.84865e-18
-1.67637e-16
1.2866e-17
1.53324e-08
-3.94089e-18
-1.46376e-16
1.86907e-17
1.88857e-08
-5.99903e-18
-1.05634e-16
2.77979e-17
2.29799e-08
-8.99644e-18
-6.49518e-17
4.09707e-17
2.73861e-08
-1.32417e-17
-2.14374e-17
5.84469e-17
3.14534e-08
-1.86522e-17
1.01336e-17
7.81888e-17
3.36367e-08
-2.39641e-17
2.40925e-17
9.08097e-17
3.05588e-08
-2.54694e-17
6.18238e-17
1.51602e-08
-1.48372e-17
-1.975e-16
3.14012e-18
3.68832e-08
-1.91297e-16
8.59075e-18
4.50851e-08
-1.70703e-16
1.75639e-17
5.4389e-08
-1.43781e-16
3.17762e-17
6.42239e-08
-1.02102e-16
5.25584e-17
7.30867e-08
-7.34966e-17
7.86663e-17
7.75291e-08
-3.89245e-17
9.82782e-17
7.00874e-08
6.87735e-17
3.50151e-08
-2.36333e-16
-1.24504e-17
5.12559e-08
-2.41629e-16
-1.08368e-17
6.2712e-08
-2.31497e-16
-6.17551e-18
7.5734e-08
-2.12904e-16
3.34369e-18
8.9543e-08
-1.75415e-16
2.01522e-17
1.02066e-07
-1.44175e-16
4.46839e-17
1.08511e-07
-7.95385e-17
7.13132e-17
9.84233e-08
6.03275e-17
4.95107e-08
-1.09864e-16
-1.86965e-17
5.12559e-08
-1.27709e-16
-1.92181e-17
6.2712e-08
-1.41087e-16
-1.77232e-17
7.5734e-08
-1.48356e-16
-1.31466e-17
8.9543e-08
-1.43411e-16
-3.88514e-18
1.02066e-07
-1.37143e-16
1.17425e-17
1.08511e-07
-1.07036e-16
2.98779e-17
9.84233e-08
3.05336e-17
4.95107e-08
7.78421e-17
-1.92895e-17
3.68832e-08
4.37256e-17
-2.23824e-17
4.50851e-08
3.46966e-18
-2.51796e-17
5.4389e-08
-3.39494e-17
-2.72131e-17
6.42239e-08
-6.31404e-17
-2.75911e-17
7.30867e-08
-8.80673e-17
-2.44274e-17
7.75291e-08
-8.07057e-17
-1.65247e-17
7.00874e-08
-3.95111e-18
3.50151e-08
2.42396e-16
1.53324e-08
-1.44247e-17
2.11556e-16
1.88857e-08
-1.76956e-17
1.67657e-16
2.29799e-08
-2.14164e-17
1.22743e-16
2.73861e-08
-2.53599e-17
7.09606e-17
3.14534e-08
-2.89232e-17
4.44499e-18
3.36367e-08
-3.07436e-17
-3.38733e-17
3.05588e-08
-2.80543e-17
1.51602e-08
-1.41005e-17
1.16074e-16
-4.17534e-17
1.53324e-08
7.16151e-18
9.98439e-17
-5.29256e-17
1.88857e-08
9.2568e-18
5.97372e-17
-6.72446e-17
2.29799e-08
1.19652e-17
3.29129e-17
-8.42056e-17
2.73861e-08
1.5335e-17
-1.38204e-18
-1.02666e-16
3.14534e-08
1.89025e-17
-6.4699e-17
-1.19267e-16
3.36367e-08
2.1296e-17
-7.57704e-17
-1.20372e-16
3.05588e-08
1.96556e-17
-7.18874e-17
1.51602e-08
9.06787e-18
-1.45981e-16
-7.04964e-17
3.68832e-08
-1.33567e-16
-8.94304e-17
4.50851e-08
-1.25463e-16
-1.12279e-16
5.4389e-08
-1.11135e-16
-1.38904e-16
6.42239e-08
-9.06793e-17
-1.66814e-16
7.30867e-08
-8.10109e-17
-1.89173e-16
7.75291e-08
-6.26946e-17
-1.84839e-16
7.00874e-08
-1.02294e-16
3.50151e-08
-1.52263e-16
-6.90174e-17
5.12559e-08
-1.32296e-16
-8.60973e-17
6.2712e-08
-1.23629e-16
-1.06866e-16
7.5734e-08
-1.01443e-16
-1.3078e-16
8.9543e-08
-8.02204e-17
-1.55982e-16
1.02066e-07
-7.25897e-17
-1.7684e-16
1.08511e-07
-4.82055e-17
-1.74948e-16
9.84233e-08
-1.00815e-16
4.95107e-08
-1.43569e-16
-5.19741e-17
5.12559e-08
-1.3162e-16
-6.42258e-17
6.2712e-08
-1.08179e-16
-7.87717e-17
7.5734e-08
-8.31202e-17
-9.51946e-17
8.9543e-08
-5.55946e-17
-1.11679e-16
1.02066e-07
-3.01634e-17
-1.23764e-16
1.08511e-07
-2.46791e-17
-1.19039e-16
9.84233e-08
-6.4736e-17
4.95107e-08
-9.57923e-17
-2.49391e-17
3.68832e-08
-9.01208e-17
-3.03728e-17
4.50851e-08
-7.23214e-17
-3.67674e-17
5.4389e-08
-5.49809e-17
-4.38001e-17
6.42239e-08
-3.33121e-17
-5.0457e-17
7.30867e-08
-1.32852e-17
-5.43578e-17
7.75291e-08
-4.2782e-18
-4.99875e-17
7.00874e-08
-2.54949e-17
3.50151e-08
-7.62306e-17
1.53324e-08
-5.86149e-18
-7.35232e-17
1.88857e-08
-6.99123e-18
-6.65339e-17
2.29799e-08
-8.16471e-18
-5.16066e-17
2.73861e-08
-9.24411e-18
-4.07381e-17
3.14534e-08
-9.90628e-18
-1.42221e-17
3.36367e-08
-9.53033e-18
-6.53875e-18
3.05588e-08
-7.31209e-18
1.51602e-08
-2.57041e-18
-2.38592e-16
-2.43142e-18
1.53324e-08
2.56406e-18
-2.23471e-16
-1.73709e-18
1.88857e-08
2.66641e-18
-1.85882e-16
7.61069e-19
2.29799e-08
2.56233e-18
-1.37412e-16
5.44476e-18
2.73861e-08
2.11468e-18
-9.46857e-17
1.23362e-17
3.14534e-08
1.35012e-18
-6.47882e-17
2.11081e-17
3.36367e-08
6.04712e-19
-3.6429e-17
2.81288e-17
3.05588e-08
4.04903e-19
2.16175e-17
1.51602e-08
6.77159e-19
-2.20786e-16
-1.17047e-17
3.68832e-08
-2.3896e-16
-1.17925e-17
4.50851e-08
-2.45222e-16
-1.04539e-17
5.4389e-08
-2.26831e-16
-6.68544e-18
6.42239e-08
-2.04214e-16
6.01837e-21
7.30867e-08
-1.94816e-16
9.21224e-18
7.75291e-08
-1.41822e-16
1.84877e-17
7.00874e-08
1.56297e-17
3.50151e-08
-1.78107e-16
-2.75293e-17
5.12559e-08
-2.17934e-16
-3.0239e-17
6.2712e-08
-2.415e-16
-3.14087e-17
7.5734e-08
-2.4388e-16
-3.01111e-17
8.9543e-08
-2.36933e-16
-2.47237e-17
1.02066e-07
-2.37707e-16
-1.41134e-17
1.08511e-07
-1.87211e-16
7.82396e-19
9.84233e-08
1.17974e-17
4.95107e-08
1.28462e-18
-3.70418e-17
5.12559e-08
-4.1894e-17
-4.15912e-17
6.2712e-08
-9.58862e-17
-4.51559e-17
7.5734e-08
-1.31057e-16
-4.68914e-17
8.9543e-08
-1.61256e-16
-4.54262e-17
1.02066e-07
-2.1144e-16
-3.75968e-17
1.08511e-07
-1.93337e-16
-2.26221e-17
9.84233e-08
-5.13607e-19
4.95107e-08
2.80623e-16
-3.22514e-17
3.68832e-08
2.1594e-16
-3.83913e-17
4.50851e-08
1.28503e-16
-4.50736e-17
5.4389e-08
5.62443e-17
-5.20029e-17
6.42239e-08
-1.74184e-17
-5.81994e-17
7.30867e-08
-1.22863e-16
-5.97768e-17
7.75291e-08
-1.44825e-16
-5.26177e-17
7.00874e-08
-2.46537e-17
3.50151e-08
5.08571e-16
1.53324e-08
-2.15645e-17
4.50642e-16
1.88857e-08
-2.6426e-17
3.66461e-16
2.29799e-08
-3.19534e-17
2.84414e-16
2.73861e-08
-3.77749e-17
1.84718e-16
3.14534e-08
-4.29251e-17
4.29066e-17
3.36367e-08
-4.52315e-17
-4.51047e-17
3.05588e-08
-4.03028e-17
1.51602e-08
-1.95417e-17
1.88425e-16
-9.63251e-17
1.53324e-08
2.8679e-17
1.72206e-16
-1.19591e-16
1.88857e-08
3.58129e-17
1.34853e-16
-1.47322e-16
2.29799e-08
4.42612e-17
1.05224e-16
-1.7746e-16
2.73861e-08
5.36097e-17
6.26906e-17
-2.05971e-16
3.14534e-08
6.20569e-17
-2.58318e-17
-2.23934e-16
3.36367e-08
6.57152e-17
-7.67038e-17
-2.07506e-16
3.05588e-08
5.69166e-17
-1.06976e-16
1.51602e-08
2.43616e-17
5.59429e-17
-1.51262e-16
3.68832e-08
4.81248e-17
-1.89246e-16
4.50851e-08
3.80972e-17
-2.33499e-16
5.4389e-08
3.61313e-17
-2.8205e-16
6.42239e-08
3.36743e-17
-3.27911e-16
7.30867e-08
-2.24061e-18
-3.5439e-16
7.75291e-08
-4.03535e-17
-3.23399e-16
7.00874e-08
-1.5745e-16
3.50151e-08
2.87755e-16
-1.50853e-16
5.12559e-08
2.79418e-16
-1.87416e-16
6.2712e-08
2.49758e-16
-2.30571e-16
7.5734e-08
2.20669e-16
-2.78229e-16
8.9543e-08
1.75991e-16
-3.24565e-16
1.02066e-07
7.29827e-17
-3.54259e-16
1.08511e-07
-9.24095e-18
-3.30105e-16
9.84233e-08
-1.69983e-16
4.95107e-08
4.13673e-16
-1.14061e-16
5.12559e-08
4.19291e-16
-1.41105e-16
6.2712e-08
4.03665e-16
-1.72372e-16
7.5734e-08
3.76701e-16
-2.06094e-16
8.9543e-08
3.16175e-16
-2.37531e-16
1.02066e-07
1.98563e-16
-2.5508e-16
1.08511e-07
7.22085e-17
-2.31902e-16
9.84233e-08
-1.14934e-16
4.95107e-08
4.88471e-16
-6.22201e-17
3.68832e-08
4.72235e-16
-7.63719e-17
4.50851e-08
4.34513e-16
-9.26142e-17
5.4389e-08
3.89118e-16
-1.0971e-16
6.42239e-08
3.04874e-16
-1.24979e-16
7.30867e-08
1.88196e-16
-1.32068e-16
7.75291e-08
7.01628e-17
-1.17353e-16
7.00874e-08
-5.64184e-17
3.50151e-08
3.19622e-16
1.53324e-08
-2.28199e-17
2.94965e-16
1.88857e-08
-2.77184e-17
2.66298e-16
2.29799e-08
-3.31428e-17
2.2563e-16
2.73861e-08
-3.85481e-17
1.75688e-16
3.14534e-08
-4.27177e-17
1.11294e-16
3.36367e-08
-4.33534e-17
4.78231e-17
3.05588e-08
-3.62693e-17
1.51602e-08
-1.53025e-17
1.41883e-15
1.51381e-16
1.53324e-08
-7.51886e-17
1.33705e-15
1.91807e-16
1.88857e-08
-9.35872e-17
1.19776e-15
2.41156e-16
2.29799e-08
-1.15317e-16
1.02149e-15
2.99319e-16
2.73861e-08
-1.39485e-16
7.75049e-16
3.60974e-16
3.14534e-08
-1.62842e-16
4.81777e-16
4.11288e-16
3.36367e-08
-1.77051e-16
1.73931e-16
4.04939e-16
3.05588e-08
-1.6284e-16
2.27916e-16
1.51602e-08
-8.18256e-17
1.66176e-15
1.96858e-16
3.68832e-08
1.57379e-15
2.53143e-16
4.50851e-08
1.48924e-15
3.25167e-16
5.4389e-08
1.27713e-15
4.1309e-16
6.42239e-08
1.04345e-15
5.17047e-16
7.30867e-08
6.52173e-16
6.11717e-16
7.75291e-08
2.36036e-16
6.29412e-16
7.00874e-08
3.73656e-16
3.50151e-08
1.27778e-15
1.82423e-16
5.12559e-08
1.26114e-15
2.35956e-16
6.2712e-08
1.17917e-15
3.04553e-16
7.5734e-08
1.09883e-15
3.92022e-16
8.9543e-08
8.49167e-16
4.93119e-16
1.02066e-07
5.1583e-16
5.96956e-16
1.08511e-07
1.56741e-16
6.29011e-16
9.84233e-08
3.80921e-16
4.95107e-08
8.4157e-16
1.3013e-16
5.12559e-08
7.97439e-16
1.68389e-16
6.2712e-08
7.66138e-16
2.17282e-16
7.5734e-08
6.6041e-16
2.7743e-16
8.9543e-08
5.7357e-16
3.49805e-16
1.02066e-07
2.83618e-16
4.1705e-16
1.08511e-07
1.83513e-17
4.32821e-16
9.84233e-08
2.60118e-16
4.95107e-08
5.49608e-16
6.57402e-17
3.68832e-08
4.98079e-16
8.37094e-17
4.50851e-08
4.51909e-16
1.05462e-16
5.4389e-08
4.10005e-16
1.31123e-16
6.42239e-08
2.87899e-16
1.58523e-16
7.30867e-08
8.50744e-17
1.83334e-16
7.75291e-08
-6.32181e-17
1.81834e-16
7.00874e-08
1.00484e-16
3.50151e-08
3.0719e-16
1.53324e-08
1.34306e-17
2.89879e-16
1.88857e-08
1.73471e-17
2.85921e-16
2.29799e-08
2.21997e-17
2.47493e-16
2.73861e-08
2.7965e-17
2.17153e-16
3.14534e-08
3.43682e-17
6.43014e-17
3.36367e-08
3.95873e-17
-4.23617e-17
3.05588e-08
3.9474e-17
1.51602e-08
2.25931e-17
-8.29811e-16
-3.75494e-17
1.53324e-08
3.4549e-17
-7.78002e-16
-4.85819e-17
1.88857e-08
4.35776e-17
-6.87191e-16
-6.25887e-17
2.29799e-08
5.46183e-17
-5.7694e-16
-8.06744e-17
2.73861e-08
6.76595e-17
-4.38051e-16
-1.03855e-16
3.14534e-08
8.18618e-17
-2.59027e-16
-1.29632e-16
3.36367e-08
9.39466e-17
-7.93136e-17
-1.43769e-16
3.05588e-08
9.37341e-17
-9.53236e-17
1.51602e-08
5.40865e-17
-5.64515e-16
-1.50386e-17
3.68832e-08
-5.68461e-16
-2.10263e-17
4.50851e-08
-5.4121e-16
-3.04983e-17
5.4389e-08
-4.92525e-16
-4.62891e-17
6.42239e-08
-4.19952e-16
-7.33585e-17
7.30867e-08
-2.97204e-16
-1.154e-16
7.75291e-08
-1.33272e-16
-1.62667e-16
7.00874e-08
-1.40245e-16
3.50151e-08
-3.92044e-16
-2.78782e-18
5.12559e-08
-4.02942e-16
-5.54186e-18
6.2712e-08
-3.86544e-16
-1.12082e-17
7.5734e-08
-3.50426e-16
-2.27029e-17
8.9543e-08
-2.91149e-16
-4.53947e-17
1.02066e-07
-2.0558e-16
-8.52672e-17
1.08511e-07
-9.97057e-17
-1.36825e-16
9.84233e-08
-1.29043e-16
4.95107e-08
-3.14755e-16
7.76276e-18
5.12559e-08
-3.22086e-16
7.91645e-18
6.2712e-08
-2.92707e-16
6.20844e-18
7.5734e-08
-2.5743e-16
7.0799e-19
8.9543e-08
-2.00573e-16
-1.16125e-17
1.02066e-07
-1.25649e-16
-3.58765e-17
1.08511e-07
-4.88815e-17
-6.78576e-17
9.84233e-08
-6.99432e-17
4.95107e-08
-3.42172e-16
1.60343e-17
3.68832e-08
-3.21968e-16
1.91423e-17
4.50851e-08
-2.73431e-16
2.19666e-17
5.4389e-08
-2.11486e-16
2.33465e-17
6.42239e-08
-1.41855e-16
2.21632e-17
7.30867e-08
-5.70232e-17
1.62344e-17
7.75291e-08
-7.40993e-18
4.06923e-18
7.00874e-08
-7.59419e-18
3.50151e-08
-3.47864e-16
1.53324e-08
1.41047e-17
-3.23814e-16
1.88857e-08
1.73214e-17
-2.74891e-16
2.29799e-08
2.09723e-17
-2.1654e-16
2.73861e-08
2.47817e-17
-1.48789e-16
3.14534e-08
2.80683e-17
-7.06937e-17
3.36367e-08
2.93131e-17
-1.20642e-17
3.05588e-08
2.56646e-17
1.51602e-08
1.19806e-17
2.11716e-16
3.6643e-17
1.53324e-08
-2.73264e-17
1.69832e-16
4.31433e-17
1.88857e-08
-3.37054e-17
1.11859e-16
4.98586e-17
2.29799e-08
-4.11005e-17
6.77817e-17
5.64652e-17
2.73861e-08
-4.91578e-17
1.75542e-17
6.20006e-17
3.14534e-08
-5.71241e-17
-6.35894e-17
6.28847e-17
3.36367e-08
-6.28197e-17
-9.6732e-17
5.43412e-17
3.05588e-08
-6.03929e-17
2.55424e-17
1.51602e-08
-3.36301e-17
-2.41847e-16
4.55966e-17
3.68832e-08
-2.53025e-16
5.2643e-17
4.50851e-08
-2.83149e-16
5.95578e-17
5.4389e-08
-2.67294e-16
6.59502e-17
6.42239e-08
-2.49121e-16
7.07018e-17
7.30867e-08
-2.58724e-16
7.19646e-17
7.75291e-08
-1.93837e-16
6.8871e-17
7.00874e-08
4.25779e-17
3.50151e-08
-5.09302e-16
5.856e-17
5.12559e-08
-5.19374e-16
7.10079e-17
6.2712e-08
-5.26056e-16
8.48856e-17
7.5734e-08
-4.93766e-16
9.96073e-17
8.9543e-08
-4.39585e-16
1.13385e-16
1.02066e-07
-4.01398e-16
1.23815e-16
1.08511e-07
-2.70155e-16
1.21975e-16
9.84233e-08
7.55839e-17
4.95107e-08
-7.05774e-16
5.46449e-17
5.12559e-08
-7.19053e-16
6.94039e-17
6.2712e-08
-7.04736e-16
8.68925e-17
7.5734e-08
-6.55291e-16
1.06345e-16
8.9543e-08
-5.66237e-16
1.26279e-16
1.02066e-07
-4.74451e-16
1.42607e-16
1.08511e-07
-3.05689e-16
1.40977e-16
9.84233e-08
8.5892e-17
4.95107e-08
-6.93607e-16
3.99752e-17
3.68832e-08
-6.93437e-16
5.04353e-17
4.50851e-08
-6.81909e-16
6.2338e-17
5.4389e-08
-6.20534e-16
7.47359e-17
6.42239e-08
-5.28009e-16
8.62728e-17
7.30867e-08
-4.35768e-16
9.3654e-17
7.75291e-08
-2.65858e-16
8.69366e-17
7.00874e-08
4.58689e-17
3.50151e-08
-3.03376e-16
1.53324e-08
1.81431e-17
-2.99061e-16
1.88857e-08
2.24038e-17
-2.91776e-16
2.29799e-08
2.73267e-17
-2.55954e-16
2.73861e-08
3.26152e-17
-2.15483e-16
3.14534e-08
3.73747e-17
-1.99229e-16
3.36367e-08
3.96638e-17
-1.32943e-16
3.05588e-08
3.52802e-17
1.51602e-08
1.66856e-17
-6.62733e-16
-5.27104e-17
1.53324e-08
3.04043e-17
-6.1459e-16
-6.65737e-17
1.88857e-08
3.76151e-17
-5.3269e-16
-8.28179e-17
2.29799e-08
4.60978e-17
-4.28176e-16
-1.01083e-16
2.73861e-08
5.56913e-17
-3.10579e-16
-1.2044e-16
3.14534e-08
6.53794e-17
-1.99146e-16
-1.35824e-16
3.36367e-08
7.22601e-17
-8.71958e-17
-1.32243e-16
3.05588e-08
6.88562e-17
-7.40666e-17
1.51602e-08
3.72531e-17
-7.34476e-16
-5.39949e-17
3.68832e-08
-7.15062e-16
-7.04911e-17
4.50851e-08
-6.52563e-16
-9.14327e-17
5.4389e-08
-5.59269e-16
-1.17315e-16
6.42239e-08
-4.28883e-16
-1.47569e-16
7.30867e-08
-3.03651e-16
-1.76599e-16
7.75291e-08
-1.63398e-16
-1.84453e-16
7.00874e-08
-1.13035e-16
3.50151e-08
-6.95267e-16
-3.01753e-17
5.12559e-08
-6.70722e-16
-4.08273e-17
6.2712e-08
-6.16962e-16
-5.55517e-17
7.5734e-08
-5.30524e-16
-7.52437e-17
8.9543e-08
-4.03829e-16
-1.00387e-16
1.02066e-07
-2.97135e-16
-1.28225e-16
1.08511e-07
-1.67479e-16
-1.45096e-16
9.84233e-08
-9.6004e-17
4.95107e-08
-6.34846e-16
-1.28079e-18
5.12559e-08
-6.04983e-16
-3.14075e-18
6.2712e-08
-5.3904e-16
-6.86374e-18
7.5734e-08
-4.44543e-16
-1.39081e-17
8.9543e-08
-3.27254e-16
-2.56936e-17
1.02066e-07
-2.27147e-16
-4.27979e-17
1.08511e-07
-1.17604e-16
-5.89026e-17
9.84233e-08
-4.66728e-17
4.95107e-08
-5.33827e-16
1.86411e-17
3.68832e-08
-4.97284e-16
2.19208e-17
4.50851e-08
-4.33102e-16
2.44473e-17
5.4389e-08
-3.41267e-16
2.48567e-17
6.42239e-08
-2.38909e-16
2.18296e-17
7.30867e-08
-1.62044e-16
1.4253e-17
7.75291e-08
-8.72817e-17
1.21158e-18
7.00874e-08
-9.92857e-18
3.50151e-08
-2.39578e-16
1.53324e-08
1.73031e-17
-2.15409e-16
1.88857e-08
2.07327e-17
-1.7626e-16
2.29799e-08
2.43732e-17
-1.2288e-16
2.73861e-08
2.77475e-17
-7.86704e-17
3.14534e-08
2.99376e-17
-5.47794e-17
3.36367e-08
2.96212e-17
-3.33152e-17
3.05588e-08
2.42807e-17
1.51602e-08
1.00659e-17
4.61757e-16
-2.43695e-17
1.53324e-08
-5.86874e-18
4.30943e-16
-3.02668e-17
1.88857e-08
-7.30519e-18
3.65736e-16
-3.73163e-17
2.29799e-08
-8.97416e-18
3.02434e-16
-4.45562e-17
2.73861e-08
-1.08678e-17
2.08334e-16
-5.03857e-17
3.14534e-08
-1.32327e-17
6.08508e-17
-5.29653e-17
3.36367e-08
-1.60232e-17
-5.4355e-17
-4.62282e-17
3.05588e-08
-1.84926e-17
-2.12048e-17
1.51602e-08
-1.33434e-17
3.16494e-16
-5.38707e-17
3.68832e-08
3.27826e-16
-6.83923e-17
4.50851e-08
3.06349e-16
-8.52519e-17
5.4389e-08
2.91062e-16
-1.03364e-16
6.42239e-08
2.42705e-16
-1.19302e-16
7.30867e-08
1.04847e-16
-1.25394e-16
7.75291e-08
-2.70425e-17
-1.04841e-16
7.00874e-08
-3.77785e-17
3.50151e-08
3.81009e-16
-5.24413e-17
5.12559e-08
3.91353e-16
-6.68728e-17
6.2712e-08
3.62691e-16
-8.48045e-17
7.5734e-08
3.39258e-16
-1.05682e-16
8.9543e-08
2.7788e-16
-1.26896e-16
1.02066e-07
1.21701e-16
-1.40823e-16
1.08511e-07
-1.68723e-17
-1.29926e-16
9.84233e-08
-6.13925e-17
4.95107e-08
3.93511e-16
-4.43023e-17
5.12559e-08
4.02082e-16
-5.66304e-17
6.2712e-08
3.81667e-16
-7.20547e-17
7.5734e-08
3.61139e-16
-9.058e-17
8.9543e-08
3.01086e-16
-1.10638e-16
1.02066e-07
1.55155e-16
-1.25574e-16
1.08511e-07
6.57505e-18
-1.21013e-16
9.84233e-08
-6.07575e-17
4.95107e-08
4.67233e-16
-3.17936e-17
3.68832e-08
4.58514e-16
-4.06326e-17
4.50851e-08
4.14162e-16
-5.18692e-17
5.4389e-08
3.76082e-16
-6.5558e-17
6.42239e-08
2.99062e-16
-8.09055e-17
7.30867e-08
1.47122e-16
-9.31983e-17
7.75291e-08
5.3328e-18
-9.20356e-17
7.00874e-08
-5.11768e-17
3.50151e-08
5.11779e-16
1.53324e-08
-1.86699e-17
4.82416e-16
1.88857e-08
-2.35287e-17
4.28242e-16
2.29799e-08
-2.9372e-17
3.69329e-16
2.73861e-08
-3.60739e-17
2.79559e-16
3.14534e-08
-4.28754e-17
1.45492e-16
3.36367e-08
-4.75221e-17
1.86907e-17
3.05588e-08
-4.48594e-17
1.51602e-08
-2.35607e-17
-4.22727e-17
-2.71123e-17
1.53324e-08
1.45178e-17
-2.90947e-17
-3.22948e-17
1.88857e-08
1.76001e-17
-8.45135e-18
-3.72016e-17
2.29799e-08
2.10391e-17
1.79119e-17
-4.08626e-17
2.73861e-08
2.4605e-17
2.32032e-17
-4.23766e-17
3.14534e-08
2.76295e-17
1.19683e-17
-3.97853e-17
3.36367e-08
2.90076e-17
-1.30092e-17
-2.99348e-17
3.05588e-08
2.59376e-17
-9.77901e-18
1.51602e-08
1.27974e-17
5.48938e-18
-3.46849e-17
3.68832e-08
-4.09937e-18
-4.17734e-17
4.50851e-08
-9.09338e-18
-4.91135e-17
5.4389e-08
-7.03731e-18
-5.54665e-17
6.42239e-08
-6.45676e-18
-5.8795e-17
7.30867e-08
-4.17325e-17
-5.68118e-17
7.75291e-08
-5.65945e-17
-4.33024e-17
7.00874e-08
-1.77236e-17
3.50151e-08
6.41043e-17
-2.54007e-17
5.12559e-08
4.29558e-17
-3.01385e-17
6.2712e-08
2.81917e-17
-3.46718e-17
7.5734e-08
1.70722e-17
-3.78655e-17
8.9543e-08
1.98737e-18
-3.76528e-17
1.02066e-07
-5.70626e-17
-3.06086e-17
1.08511e-07
-8.59093e-17
-1.63364e-17
9.84233e-08
3.26031e-18
4.95107e-08
9.65217e-17
-9.62721e-18
5.12559e-08
6.38596e-17
-9.94135e-18
6.2712e-08
4.52381e-17
-9.38781e-18
7.5734e-08
2.93212e-17
-7.33757e-18
8.9543e-08
9.93072e-18
-2.31139e-18
1.02066e-07
-5.75046e-17
7.0734e-18
1.08511e-07
-7.53614e-17
1.89429e-17
9.84233e-08
2.23585e-17
4.95107e-08
1.49689e-16
6.78339e-18
3.68832e-08
1.1433e-16
8.91364e-18
4.50851e-08
8.31179e-17
1.14366e-17
5.4389e-08
6.08603e-17
1.40439e-17
6.42239e-08
2.60022e-17
1.69202e-17
7.30867e-08
-3.99531e-17
2.02156e-17
7.75291e-08
-5.88785e-17
2.09706e-17
7.00874e-08
1.20218e-17
3.50151e-08
1.90761e-16
1.53324e-08
5.13753e-18
1.69629e-16
1.88857e-08
6.47881e-18
1.48452e-16
2.29799e-08
8.15318e-18
1.28487e-16
2.73861e-08
1.01553e-17
9.42745e-17
3.14534e-08
1.24281e-17
3.39328e-17
3.36367e-08
1.45885e-17
-1.06008e-17
3.05588e-08
1.51769e-17
1.51602e-08
9.24428e-18
4.6867e-16
-2.45521e-19
1.53324e-08
-1.47334e-17
4.26967e-16
-2.14723e-19
1.88857e-08
-1.81899e-17
3.52875e-16
-7.11308e-20
2.29799e-08
-2.21578e-17
2.79577e-16
6.49816e-19
2.73861e-08
-2.64372e-17
1.93243e-16
2.49795e-18
3.14534e-08
-3.05931e-17
4.07846e-17
3.62095e-18
3.36367e-08
-3.36124e-17
-6.39796e-17
4.01447e-18
3.05588e-08
-3.24461e-17
1.932e-18
1.51602e-08
-1.82976e-17
3.51499e-16
-2.00097e-17
3.68832e-08
3.45142e-16
-2.47952e-17
4.50851e-08
3.04253e-16
-2.95846e-17
5.4389e-08
2.67737e-16
-3.36287e-17
6.42239e-08
2.04571e-16
-3.5276e-17
7.30867e-08
6.20769e-17
-3.25439e-17
7.75291e-08
-5.6244e-17
-2.27282e-17
7.00874e-08
-2.89468e-18
3.50151e-08
3.67501e-16
-2.31793e-17
5.12559e-08
3.59933e-16
-2.82501e-17
6.2712e-08
3.12457e-16
-3.39573e-17
7.5734e-08
2.84844e-16
-3.95151e-17
8.9543e-08
2.18873e-16
-4.43116e-17
1.02066e-07
5.47288e-17
-4.60126e-17
1.08511e-07
-6.3616e-17
-4.02305e-17
9.84233e-08
-1.79902e-17
4.95107e-08
3.33954e-16
-2.06134e-17
5.12559e-08
3.29334e-16
-2.4909e-17
6.2712e-08
2.94638e-16
-2.97933e-17
7.5734e-08
2.63297e-16
-3.5139e-17
8.9543e-08
2.04231e-16
-4.03133e-17
1.02066e-07
6.92531e-17
-4.30507e-17
1.08511e-07
-3.95365e-17
-3.99039e-17
9.84233e-08
-2.01354e-17
4.95107e-08
3.43989e-16
-1.36761e-17
3.68832e-08
3.27114e-16
-1.69488e-17
4.50851e-08
2.82044e-16
-2.11229e-17
5.4389e-08
2.47479e-16
-2.61958e-17
6.42239e-08
1.86731e-16
-3.2265e-17
7.30867e-08
7.02759e-17
-3.69009e-17
7.75291e-08
-2.76059e-17
-3.73292e-17
7.00874e-08
-2.2108e-17
3.50151e-08
3.65064e-16
1.53324e-08
-9.67268e-18
3.40702e-16
1.88857e-08
-1.19369e-17
2.92558e-16
2.29799e-08
-1.45432e-17
2.49468e-16
2.73861e-08
-1.74023e-17
1.81866e-16
3.14534e-08
-2.01458e-17
7.28409e-17
3.36367e-08
-2.17532e-17
-6.99317e-18
3.05588e-08
-2.01356e-17
1.51602e-08
-1.05613e-17
1.0414e-16
-6.64285e-18
1.53324e-08
4.15112e-18
1.07e-16
-7.40552e-18
1.88857e-08
4.8837e-18
1.07238e-16
-7.64384e-18
2.29799e-08
5.73622e-18
1.05218e-16
-7.12273e-18
2.73861e-08
6.76764e-18
8.7525e-17
-5.98865e-18
3.14534e-08
8.00025e-18
4.72823e-17
-4.541e-18
3.36367e-08
9.36488e-18
8.8044e-18
-2.60499e-18
3.05588e-08
1.00063e-17
-5.95281e-19
1.51602e-08
6.37585e-18
1.86002e-16
-6.93679e-18
3.68832e-08
1.59579e-16
-7.76284e-18
4.50851e-08
1.33804e-16
-8.29148e-18
5.4389e-08
1.1124e-16
-8.18069e-18
6.42239e-08
7.15722e-17
-7.84657e-18
7.30867e-08
-2.87839e-18
-6.96005e-18
7.75291e-08
-5.29511e-17
-6.29779e-18
7.00874e-08
-5.30264e-18
3.50151e-08
1.94999e-16
-1.62311e-18
5.12559e-08
1.74603e-16
-6.764e-19
6.2712e-08
1.39448e-16
1.0711e-18
7.5734e-08
1.1022e-16
4.07184e-18
8.9543e-08
7.46425e-17
8.38586e-18
1.02066e-07
-1.99559e-17
1.33588e-17
1.08511e-07
-7.83771e-17
1.83401e-17
9.84233e-08
1.33747e-17
4.95107e-08
2.02675e-16
5.49165e-18
5.12559e-08
1.70142e-16
8.81221e-18
6.2712e-08
1.37626e-16
1.33578e-17
7.5734e-08
1.01398e-16
1.92669e-17
8.9543e-08
6.47489e-17
2.65834e-17
1.02066e-07
-2.32842e-17
3.36385e-17
1.08511e-07
-7.77035e-17
3.66427e-17
9.84233e-08
2.48406e-17
4.95107e-08
2.00163e-16
1.25222e-17
3.68832e-08
1.67428e-16
1.59894e-17
4.50851e-08
1.39966e-16
1.99606e-17
5.4389e-08
1.0941e-16
2.38288e-17
6.42239e-08
6.64098e-17
2.74931e-17
7.30867e-08
-7.96793e-18
2.99285e-17
7.75291e-08
-5.18666e-17
2.70242e-17
7.00874e-08
1.28717e-17
3.50151e-08
2.55129e-16
1.53324e-08
5.45958e-18
2.33546e-16
1.88857e-08
6.9108e-18
2.05358e-16
2.29799e-08
8.6909e-18
1.7911e-16
2.73861e-08
1.07906e-17
1.31291e-16
3.14534e-08
1.29419e-17
4.65424e-17
3.36367e-08
1.47277e-17
-9.84093e-18
3.05588e-08
1.44931e-17
1.51602e-08
8.01843e-18
1.46874e-16
-2.47861e-17
1.53324e-08
-1.59373e-18
1.23013e-16
-3.16923e-17
1.88857e-08
-1.66449e-18
8.03779e-17
-4.00363e-17
2.29799e-08
-1.55874e-18
5.3734e-17
-4.93564e-17
2.73861e-08
-1.22876e-18
8.91915e-18
-5.88469e-17
3.14534e-08
-8.46226e-19
-9.21416e-17
-6.73788e-17
3.36367e-08
-9.38008e-19
-1.414e-16
-6.74312e-17
3.05588e-08
-2.3444e-18
-3.91109e-17
1.51602e-08
-3.18114e-18
-7.48904e-18
-4.50181e-17
3.68832e-08
-2.38806e-18
-5.73972e-17
4.50851e-08
-2.29832e-17
-7.18549e-17
5.4389e-08
-1.42779e-17
-8.82635e-17
6.42239e-08
-2.2531e-17
-1.0473e-16
7.30867e-08
-1.02176e-16
-1.16515e-16
7.75291e-08
-1.51257e-16
-1.08926e-16
7.00874e-08
-5.3035e-17
3.50151e-08
7.36228e-17
-4.04737e-17
5.12559e-08
7.58792e-17
-5.04501e-17
6.2712e-08
4.57515e-17
-6.27873e-17
7.5734e-08
3.54013e-17
-7.72898e-17
8.9543e-08
7.59384e-18
-9.29548e-17
1.02066e-07
-9.79793e-17
-1.06693e-16
1.08511e-07
-1.50247e-16
-1.05879e-16
9.84233e-08
-5.89862e-17
4.95107e-08
1.03484e-16
-3.08914e-17
5.12559e-08
9.69873e-17
-3.75309e-17
6.2712e-08
7.1686e-17
-4.55207e-17
7.5734e-08
6.51587e-17
-5.4975e-17
8.9543e-08
4.48789e-17
-6.54197e-17
1.02066e-07
-5.12829e-17
-7.37742e-17
1.08511e-07
-1.04855e-16
-7.34172e-17
9.84233e-08
-4.03592e-17
4.95107e-08
1.82878e-16
-1.59928e-17
3.68832e-08
1.62885e-16
-1.96488e-17
4.50851e-08
1.24821e-16
-2.44224e-17
5.4389e-08
1.0486e-16
-3.06445e-17
6.42239e-08
6.45834e-17
-3.81431e-17
7.30867e-08
-3.5885e-17
-4.417e-17
7.75291e-08
-8.83165e-17
-4.50711e-17
7.00874e-08
-2.74105e-17
3.50151e-08
3.11283e-16
1.53324e-08
-8.46829e-18
2.8103e-16
1.88857e-08
-1.04046e-17
2.36054e-16
2.29799e-08
-1.25982e-17
1.95476e-16
2.73861e-08
-1.49912e-17
1.36742e-16
3.14534e-08
-1.72707e-17
3.33034e-17
3.36367e-08
-1.861e-17
-4.2394e-17
3.05588e-08
-1.69635e-17
1.51602e-08
-8.60849e-18
4.17185e-16
-1.32927e-17
1.53324e-08
4.82227e-20
3.90531e-16
-1.58397e-17
1.88857e-08
-5.61522e-20
3.46302e-16
-1.79755e-17
2.29799e-08
-1.85442e-19
2.97987e-16
-1.89781e-17
2.73861e-08
-3.4825e-19
2.11951e-16
-1.81572e-17
3.14534e-08
-7.3076e-19
8.03249e-17
-1.51463e-17
3.36367e-08
-1.37568e-18
-2.98825e-17
-8.77599e-18
3.05588e-08
-2.49487e-18
-9.33765e-19
1.51602e-08
-2.64526e-18
4.16901e-16
-2.58362e-17
3.68832e-08
3.72866e-16
-3.20727e-17
4.50851e-08
3.05902e-16
-3.89347e-17
5.4389e-08
2.42341e-16
-4.53622e-17
6.42239e-08
1.4738e-16
-4.97634e-17
7.30867e-08
-1.76351e-17
-4.94988e-17
7.75291e-08
-1.25184e-16
-3.85155e-17
7.00874e-08
-1.52661e-17
3.50151e-08
4.49916e-16
-1.99553e-17
5.12559e-08
3.86795e-16
-2.33551e-17
6.2712e-08
3.13831e-16
-2.65414e-17
7.5734e-08
2.34166e-16
-2.88349e-17
8.9543e-08
1.23015e-16
-2.84668e-17
1.02066e-07
-7.23247e-17
-2.37584e-17
1.08511e-07
-1.72476e-16
-1.24418e-17
9.84233e-08
1.99325e-18
4.95107e-08
4.70953e-16
-1.00637e-17
5.12559e-08
4.10775e-16
-9.60301e-18
6.2712e-08
3.18131e-16
-7.84397e-18
7.5734e-08
2.32324e-16
-4.69427e-18
8.9543e-08
1.13768e-16
2.73145e-19
1.02066e-07
-7.15662e-17
8.5961e-18
1.08511e-07
-1.71614e-16
1.79994e-17
9.84233e-08
2.00964e-17
4.95107e-08
5.40063e-16
4.8271e-18
3.68832e-08
4.65171e-16
6.38857e-18
4.50851e-08
3.57212e-16
7.9085e-18
5.4389e-08
2.63821e-16
8.89325e-18
6.42239e-08
1.40517e-16
8.97343e-18
7.30867e-08
-3.91954e-17
8.58323e-18
7.75291e-08
-1.36271e-16
5.46546e-18
7.00874e-08
-2.00254e-19
3.50151e-08
5.95012e-16
1.53324e-08
1.02248e-18
5.42522e-16
1.88857e-08
1.38933e-18
4.63465e-16
2.29799e-08
1.90171e-18
3.84966e-16
2.73861e-08
2.616e-18
2.70475e-16
3.14534e-08
3.64162e-18
1.01182e-16
3.36367e-08
5.04828e-18
-2.79343e-17
3.05588e-08
6.29949e-18
1.51602e-08
4.64697e-18
-4.10149e-16
-1.5759e-17
1.53324e-08
-3.13629e-18
-3.86384e-16
-2.06401e-17
1.88857e-08
-3.53682e-18
-3.7731e-16
-2.56568e-17
2.29799e-08
-3.86626e-18
-3.23651e-16
-3.07196e-17
2.73861e-08
-3.96361e-18
-2.65081e-16
-3.49435e-17
3.14534e-08
-3.84203e-18
-2.79636e-16
-3.94634e-17
3.36367e-08
-3.74874e-18
-2.43566e-16
-3.95217e-17
3.05588e-08
-3.68587e-18
-2.28298e-17
1.51602e-08
-2.31072e-18
-6.99685e-16
-3.20625e-17
3.68832e-08
-6.28036e-16
-4.04633e-17
4.50851e-08
-5.66476e-16
-4.90269e-17
5.4389e-08
-4.43922e-16
-5.74507e-17
6.42239e-08
-3.13796e-16
-6.43297e-17
7.30867e-08
-2.98945e-16
-6.74682e-17
7.75291e-08
-2.58226e-16
-5.70543e-17
7.00874e-08
-2.35906e-17
3.50151e-08
-6.70386e-16
-2.7234e-17
5.12559e-08
-5.98393e-16
-3.343e-17
6.2712e-08
-5.41727e-16
-4.06178e-17
7.5734e-08
-4.04663e-16
-4.8264e-17
8.9543e-08
-2.71134e-16
-5.57444e-17
1.02066e-07
-2.54824e-16
-6.19118e-17
1.08511e-07
-2.24045e-16
-5.97254e-17
9.84233e-08
-3.31176e-17
4.95107e-08
-6.41857e-16
-1.90639e-17
5.12559e-08
-5.70609e-16
-2.22948e-17
6.2712e-08
-5.08377e-16
-2.62988e-17
7.5734e-08
-3.7503e-16
-3.11985e-17
8.9543e-08
-2.45711e-16
-3.64553e-17
1.02066e-07
-2.15355e-16
-4.02751e-17
1.08511e-07
-1.91064e-16
-4.11853e-17
9.84233e-08
-2.39074e-17
4.95107e-08
-4.98563e-16
-8.74966e-18
3.68832e-08
-4.52208e-16
-1.00115e-17
4.50851e-08
-4.26568e-16
-1.23418e-17
5.4389e-08
-3.25836e-16
-1.57065e-17
6.42239e-08
-2.33211e-16
-2.05214e-17
7.30867e-08
-2.33615e-16
-2.37404e-17
7.75291e-08
-1.97988e-16
-2.53709e-17
7.00874e-08
-1.65523e-17
3.50151e-08
-1.19399e-16
1.53324e-08
-7.16796e-18
-1.07813e-16
1.88857e-08
-8.82224e-18
-1.19079e-16
2.29799e-08
-1.06238e-17
-9.17045e-17
2.73861e-08
-1.24157e-17
-8.29392e-17
3.14534e-08
-1.38179e-17
-1.32458e-16
3.36367e-08
-1.40615e-17
-1.44341e-16
3.05588e-08
-1.14548e-17
1.51602e-08
-4.65294e-18
2.49066e-15
-2.80715e-17
1.53324e-08
-2.51691e-17
2.28728e-15
-3.40235e-17
1.88857e-08
-3.14502e-17
2.01887e-15
-3.96329e-17
2.29799e-08
-3.833e-17
1.5439e-15
-4.55592e-17
2.73861e-08
-4.55926e-17
1.17105e-15
-4.28414e-17
3.14534e-08
-5.12448e-17
4.74491e-16
-4.15309e-17
3.36367e-08
-5.51945e-17
-6.35195e-17
-3.11778e-17
3.05588e-08
-5.19812e-17
-7.67196e-18
1.51602e-08
-2.76758e-17
2.6952e-15
-8.43453e-17
3.68832e-08
2.48794e-15
-1.0842e-16
4.50851e-08
2.11303e-15
-1.39917e-16
5.4389e-08
1.83337e-15
-1.7388e-16
6.42239e-08
1.10001e-15
-2.15454e-16
7.30867e-08
2.69543e-16
-2.39972e-16
7.75291e-08
-2.84501e-16
-2.19664e-16
7.00874e-08
-1.06414e-16
3.50151e-08
2.78118e-15
-7.07169e-17
5.12559e-08
2.43081e-15
-9.03109e-17
6.2712e-08
2.05789e-15
-1.13109e-16
7.5734e-08
1.53834e-15
-1.40246e-16
8.9543e-08
1.00152e-15
-1.66793e-16
1.02066e-07
2.2487e-16
-1.83824e-16
1.08511e-07
-3.24603e-16
-1.64161e-16
9.84233e-08
-6.95266e-17
4.95107e-08
2.71623e-15
-5.22129e-17
5.12559e-08
2.3773e-15
-6.48015e-17
6.2712e-08
1.95004e-15
-7.95805e-17
7.5734e-08
1.42553e-15
-9.73603e-17
8.9543e-08
8.42047e-16
-1.17202e-16
1.02066e-07
1.05951e-16
-1.32752e-16
1.08511e-07
-3.74554e-16
-1.28152e-16
9.84233e-08
-6.62942e-17
4.95107e-08
2.38127e-15
-1.70788e-17
3.68832e-08
2.09857e-15
-2.3838e-17
4.50851e-08
1.71901e-15
-3.31443e-17
5.4389e-08
1.2723e-15
-4.66188e-17
6.42239e-08
7.68643e-16
-6.48663e-17
7.30867e-08
1.44493e-16
-8.32928e-17
7.75291e-08
-2.86018e-16
-9.4476e-17
7.00874e-08
-6.42475e-17
3.50151e-08
1.63575e-15
1.53324e-08
-9.47594e-18
1.48038e-15
1.88857e-08
-1.18743e-17
1.2408e-15
2.29799e-08
-1.45675e-17
9.79482e-16
2.73861e-08
-1.73123e-17
6.48618e-16
3.14534e-08
-1.96179e-17
2.09736e-16
3.36367e-08
-2.04154e-17
-1.12977e-16
3.05588e-08
-1.7458e-17
1.51602e-08
-7.79134e-18
2.02817e-15
1.13081e-16
-7.68321e-18
2.05764e-15
1.5455e-16
-9.47487e-18
1.90417e-15
2.04465e-16
-1.18038e-17
1.47858e-15
2.58821e-16
-1.4811e-17
1.29335e-15
3.21904e-16
-1.7097e-17
1.05218e-15
3.89437e-16
-1.81598e-17
5.84848e-16
4.11381e-16
-1.45909e-17
2.6103e-16
-2.91176e-18
4.78612e-15
1.6958e-16
4.72337e-15
2.32577e-16
4.45782e-15
3.13162e-16
3.65134e-15
4.11106e-16
3.1733e-15
5.30427e-16
2.4971e-15
6.50932e-16
1.33747e-15
6.93771e-16
4.37955e-16
5.7576e-15
1.12185e-16
5.59677e-15
1.46421e-16
5.22688e-15
1.89967e-16
4.34619e-15
2.45991e-16
3.80529e-15
3.10163e-16
3.08812e-15
3.7154e-16
1.74975e-15
3.84394e-16
2.23141e-16
5.84929e-15
8.11508e-17
5.66554e-15
9.00664e-17
5.35068e-15
1.02843e-16
4.4241e-15
1.19856e-16
3.91312e-15
1.3447e-16
3.18222e-15
1.33768e-16
1.79976e-15
1.00902e-16
1.23697e-17
4.56355e-15
2.15887e-17
4.54121e-15
1.86354e-17
4.29641e-15
2.07157e-17
3.55784e-15
3.13367e-17
3.12269e-15
4.41644e-17
2.45569e-15
4.95615e-17
1.32572e-15
4.53273e-17
1.88231e-17
2.12063e-15
-3.13874e-18
2.18839e-15
-3.12326e-18
1.98623e-15
-2.83027e-18
1.58626e-15
-2.23143e-18
1.30259e-15
-1.88537e-18
9.15083e-16
-3.1813e-18
4.26988e-16
-7.48545e-18
-9.31832e-18
-2.11483e-07
3.95659e-09
1.84503e-08
-2.12447e-07
4.714e-09
2.30766e-08
-2.11833e-07
5.56757e-09
2.86564e-08
-2.07758e-07
6.40876e-09
3.50636e-08
-1.96529e-07
7.09415e-09
4.16982e-08
-1.70845e-07
7.35276e-09
4.67744e-08
-1.15991e-07
6.68666e-09
4.56728e-08
3.57306e-09
2.60877e-08
-2.52517e-07
4.07706e-09
3.92003e-08
-2.56843e-07
5.01636e-09
4.89524e-08
-2.60334e-07
6.08469e-09
6.0785e-08
-2.60894e-07
7.20802e-09
7.45235e-08
-2.53859e-07
8.20765e-09
8.912e-08
-2.28916e-07
8.699e-09
1.01158e-07
-1.62892e-07
7.84936e-09
1.0118e-07
3.75204e-09
6.14509e-08
-2.73825e-07
1.9366e-18
5.11527e-08
-2.78589e-07
1.92539e-18
6.41322e-08
-2.82734e-07
1.81532e-18
8.00559e-08
-2.84216e-07
1.63664e-18
9.88199e-08
-2.78247e-07
1.50877e-18
1.1924e-07
-2.53649e-07
9.11097e-19
1.37002e-07
-1.83865e-07
1.42137e-18
1.39449e-07
7.85453e-19
8.75184e-08
-2.73825e-07
-4.07706e-09
5.11527e-08
-2.78589e-07
-5.01636e-09
6.41322e-08
-2.82734e-07
-6.08469e-09
8.00559e-08
-2.84216e-07
-7.20802e-09
9.88199e-08
-2.78247e-07
-8.20765e-09
1.1924e-07
-2.53649e-07
-8.699e-09
1.37002e-07
-1.83865e-07
-7.84936e-09
1.39449e-07
-3.75204e-09
8.75184e-08
-2.52517e-07
-3.95659e-09
3.92003e-08
-2.56843e-07
-4.714e-09
4.89524e-08
-2.60334e-07
-5.56757e-09
6.0785e-08
-2.60894e-07
-6.40876e-09
7.45235e-08
-2.53859e-07
-7.09415e-09
8.912e-08
-2.28916e-07
-7.35276e-09
1.01158e-07
-1.62892e-07
-6.68666e-09
1.0118e-07
-3.57306e-09
6.14509e-08
-2.11483e-07
1.84503e-08
-1.13519e-18
-2.12447e-07
2.30766e-08
-1.43379e-18
-2.11833e-07
2.86564e-08
-1.79446e-18
-2.07758e-07
3.50636e-08
-2.19124e-18
-1.96529e-07
4.16982e-08
-2.59399e-18
-1.70845e-07
4.67744e-08
-2.85436e-18
-1.15991e-07
4.56728e-08
-2.75624e-18
2.60877e-08
-1.52404e-18
-3.27004e-08
9.86793e-10
1.76012e-08
-3.25328e-08
1.12176e-09
2.17871e-08
-3.1704e-08
1.17497e-09
2.66526e-08
-2.97057e-08
1.10862e-09
3.19566e-08
-2.57906e-08
8.41685e-10
3.69415e-08
-1.90663e-08
3.06464e-10
3.97437e-08
-9.14461e-09
-4.40287e-10
3.61914e-08
-8.77381e-10
1.78205e-08
-5.8751e-08
1.17535e-09
4.02625e-08
-5.96875e-08
1.32859e-09
4.96822e-08
-5.97041e-08
1.40502e-09
6.05716e-08
-5.78249e-08
1.35223e-09
7.24006e-08
-5.24213e-08
1.07017e-09
8.34879e-08
-4.10899e-08
4.54361e-10
8.96787e-08
-2.14562e-08
-4.689e-10
8.15747e-08
-1.10832e-09
4.02257e-08
-7.2915e-08
-4.40026e-18
5.42175e-08
-7.46216e-08
-5.51224e-18
6.71674e-08
-7.54308e-08
-7.75924e-18
8.22701e-08
-7.41407e-08
-9.50988e-18
9.8882e-08
-6.85956e-08
-1.35838e-17
1.14765e-07
-5.53091e-08
-1.58951e-17
1.2417e-07
-3.00839e-08
-1.73653e-17
1.13755e-07
-1.28343e-17
5.63261e-08
-7.2915e-08
-1.17535e-09
5.42175e-08
-7.46216e-08
-1.32859e-09
6.71674e-08
-7.54308e-08
-1.40502e-09
8.22701e-08
-7.41407e-08
-1.35223e-09
9.8882e-08
-6.85956e-08
-1.07017e-09
1.14765e-07
-5.53091e-08
-4.54361e-10
1.2417e-07
-3.00839e-08
4.689e-10
1.13755e-07
1.10832e-09
5.63261e-08
-5.8751e-08
-9.86793e-10
4.02625e-08
-5.96875e-08
-1.12176e-09
4.96822e-08
-5.97041e-08
-1.17497e-09
6.05716e-08
-5.78249e-08
-1.10862e-09
7.24006e-08
-5.24213e-08
-8.41685e-10
8.34879e-08
-4.10899e-08
-3.06464e-10
8.96787e-08
-2.14562e-08
4.40287e-10
8.15747e-08
8.77381e-10
4.02257e-08
-3.27004e-08
1.76012e-08
-5.10785e-18
-3.25328e-08
2.17871e-08
-6.26067e-18
-3.1704e-08
2.66526e-08
-7.26939e-18
-2.97057e-08
3.19566e-08
-8.48235e-18
-2.57906e-08
3.69415e-08
-9.12085e-18
-1.90663e-08
3.97437e-08
-9.98479e-18
-9.14461e-09
3.61914e-08
-1.02002e-17
1.78205e-08
-5.99776e-18
-1.97726e-08
4.42497e-10
1.60666e-08
-1.82763e-08
4.94423e-10
1.97965e-08
-1.62505e-08
5.31957e-10
2.40949e-08
-1.35482e-08
5.3646e-10
2.87178e-08
-1.00719e-08
4.89387e-10
3.29758e-08
-5.94713e-09
3.77248e-10
3.52417e-08
-1.94677e-09
2.04796e-10
3.19862e-08
1.91211e-11
1.58546e-08
-3.9225e-08
5.25021e-10
3.819e-08
-3.64187e-08
5.84831e-10
4.67855e-08
-3.25212e-08
6.2496e-10
5.6581e-08
-2.71882e-08
6.22176e-10
6.69819e-08
-2.01624e-08
5.55538e-10
7.63959e-08
-1.16791e-08
4.18474e-10
8.11541e-08
-3.52591e-09
2.45046e-10
7.33813e-08
8.65061e-11
3.66324e-08
-5.00034e-08
-9.94932e-18
5.24693e-08
-4.67052e-08
-1.21667e-17
6.4454e-08
-4.20074e-08
-1.49287e-17
7.81972e-08
-3.54136e-08
-1.82251e-17
9.29104e-08
-2.64956e-08
-2.18965e-17
1.06402e-07
-1.54355e-08
-2.50168e-17
1.13528e-07
-4.56941e-09
-2.48914e-17
1.03134e-07
-1.48657e-17
5.18432e-08
-5.00034e-08
-5.25021e-10
5.24693e-08
-4.67052e-08
-5.84831e-10
6.4454e-08
-4.20074e-08
-6.2496e-10
7.81972e-08
-3.54136e-08
-6.22176e-10
9.29104e-08
-2.64956e-08
-5.55539e-10
1.06402e-07
-1.54355e-08
-4.18474e-10
1.13528e-07
-4.56941e-09
-2.45046e-10
1.03134e-07
-8.65062e-11
5.18432e-08
-3.9225e-08
-4.42497e-10
3.819e-08
-3.64187e-08
-4.94423e-10
4.67855e-08
-3.25212e-08
-5.31957e-10
5.6581e-08
-2.71882e-08
-5.3646e-10
6.69819e-08
-2.01624e-08
-4.89387e-10
7.63959e-08
-1.16791e-08
-3.77248e-10
8.11541e-08
-3.52591e-09
-2.04796e-10
7.33813e-08
-1.91211e-11
3.66324e-08
-1.97726e-08
1.60666e-08
-3.97694e-18
-1.82763e-08
1.97965e-08
-4.52731e-18
-1.62505e-08
2.40949e-08
-5.13027e-18
-1.35482e-08
2.87178e-08
-5.62706e-18
-1.00719e-08
3.29758e-08
-6.10835e-18
-5.94713e-09
3.52417e-08
-6.07506e-18
-1.94677e-09
3.19862e-08
-4.70165e-18
1.58546e-08
-1.57911e-18
-1.61075e-09
1.55206e-10
1.57558e-08
-1.41471e-09
1.8067e-10
1.94198e-08
-1.16891e-09
2.00338e-10
2.36487e-08
-8.74655e-10
2.12082e-10
2.82115e-08
-5.50522e-10
2.09171e-10
3.24425e-08
-2.45199e-10
1.83819e-10
3.47526e-08
-3.70605e-11
1.29907e-10
3.16482e-08
4.73557e-11
1.57702e-08
-7.42558e-09
2.15534e-10
3.75613e-08
-6.66934e-09
2.39712e-10
4.59702e-08
-5.67897e-09
2.52035e-10
5.55389e-08
-4.42944e-09
2.47083e-10
6.56974e-08
-2.96257e-09
2.16986e-10
7.49212e-08
-1.46498e-09
1.56999e-10
7.96834e-08
-3.21458e-10
7.16806e-11
7.2296e-08
-5.55906e-12
3.63638e-08
-1.19843e-08
-3.51773e-17
5.18347e-08
-1.08307e-08
-4.30619e-17
6.35401e-08
-9.2876e-09
-5.21277e-17
7.69062e-08
-7.29383e-09
-6.23109e-17
9.11637e-08
-4.89333e-09
-7.21927e-17
1.04219e-07
-2.3867e-09
-7.94228e-17
1.11179e-07
-4.70366e-10
-7.43852e-17
1.0129e-07
-3.81088e-17
5.13673e-08
-1.19843e-08
-2.15534e-10
5.18347e-08
-1.08307e-08
-2.39712e-10
6.35401e-08
-9.2876e-09
-2.52035e-10
7.69062e-08
-7.29383e-09
-2.47083e-10
9.11637e-08
-4.89333e-09
-2.16986e-10
1.04219e-07
-2.3867e-09
-1.56999e-10
1.11179e-07
-4.70366e-10
-7.16807e-11
1.0129e-07
5.55898e-12
5.13673e-08
-7.42558e-09
-1.55206e-10
3.75613e-08
-6.66934e-09
-1.8067e-10
4.59702e-08
-5.67897e-09
-2.00338e-10
5.55389e-08
-4.42944e-09
-2.12082e-10
6.56974e-08
-2.96257e-09
-2.09171e-10
7.49212e-08
-1.46498e-09
-1.8382e-10
7.96834e-08
-3.21458e-10
-1.29908e-10
7.2296e-08
-4.73557e-11
3.63638e-08
-1.61075e-09
1.57558e-08
-2.59933e-17
-1.41471e-09
1.94198e-08
-3.2736e-17
-1.16891e-09
2.36487e-08
-4.05976e-17
-8.74655e-10
2.82115e-08
-4.88605e-17
-5.50522e-10
3.24425e-08
-5.67389e-17
-2.45199e-10
3.47526e-08
-5.95333e-17
-3.70605e-11
3.16482e-08
-5.24477e-17
1.57702e-08
-2.5833e-17
-1.07026e-09
8.99592e-11
1.56138e-08
-1.00066e-09
1.07714e-10
1.92425e-08
-9.06859e-10
1.26252e-10
2.34287e-08
-7.81568e-10
1.44073e-10
2.79421e-08
-6.17077e-10
1.5727e-10
3.21207e-08
-4.09025e-10
1.5843e-10
3.43861e-08
-1.7093e-10
1.34763e-10
3.12753e-08
6.22347e-11
1.5537e-08
-3.59719e-09
1.32931e-10
3.73214e-08
-3.33668e-09
1.54594e-10
4.56628e-08
-2.99287e-09
1.74603e-10
5.51468e-08
-2.54659e-09
1.8991e-10
6.52053e-08
-1.98347e-09
1.94901e-10
7.43205e-08
-1.30477e-09
1.80912e-10
7.89822e-08
-5.54688e-10
1.35251e-10
7.15454e-08
4.39877e-11
3.58274e-08
-5.76552e-09
-3.55955e-17
5.16216e-08
-5.30982e-09
-4.29086e-17
6.3239e-08
-4.71386e-09
-5.06307e-17
7.64848e-08
-3.95205e-09
-5.79133e-17
9.05918e-08
-3.01586e-09
-6.25069e-17
1.03478e-07
-1.9346e-09
-6.02296e-17
1.10278e-07
-8.04456e-10
-4.39744e-17
1.00295e-07
-1.01844e-17
5.06068e-08
-5.76552e-09
-1.32931e-10
5.16216e-08
-5.30982e-09
-1.54594e-10
6.3239e-08
-4.71386e-09
-1.74603e-10
7.64848e-08
-3.95205e-09
-1.8991e-10
9.05918e-08
-3.01586e-09
-1.94901e-10
1.03478e-07
-1.9346e-09
-1.80912e-10
1.10278e-07
-8.04456e-10
-1.35251e-10
1.00295e-07
-4.39878e-11
5.06068e-08
-3.59719e-09
-8.99593e-11
3.73214e-08
-3.33668e-09
-1.07714e-10
4.56628e-08
-2.99287e-09
-1.26252e-10
5.51468e-08
-2.54659e-09
-1.44073e-10
6.52053e-08
-1.98347e-09
-1.5727e-10
7.43205e-08
-1.30477e-09
-1.5843e-10
7.89822e-08
-5.54688e-10
-1.34763e-10
7.15454e-08
-6.22347e-11
3.58274e-08
-1.07026e-09
1.56138e-08
-5.12224e-17
-1.00066e-09
1.92425e-08
-6.41672e-17
-9.06859e-10
2.34287e-08
-7.93117e-17
-7.81568e-10
2.79421e-08
-9.63346e-17
-6.17078e-10
3.21207e-08
-1.09638e-16
-4.09026e-10
3.43861e-08
-1.18361e-16
-1.7093e-10
3.12753e-08
-1.06735e-16
1.5537e-08
-5.09855e-17
-1.15369e-09
5.64294e-11
1.54957e-08
-1.07029e-09
6.66235e-11
1.90925e-08
-9.5775e-10
7.65774e-11
2.32396e-08
-8.07624e-10
8.48687e-11
2.77071e-08
-6.13107e-10
8.87286e-11
3.18375e-08
-3.77337e-10
8.37788e-11
3.40665e-08
-1.35494e-10
6.39781e-11
3.09695e-08
2.31857e-11
1.53783e-08
-2.81379e-09
8.14132e-11
3.71373e-08
-2.60116e-09
9.50957e-11
4.54217e-08
-2.31894e-09
1.08192e-10
5.48329e-08
-1.94849e-09
1.18394e-10
6.48013e-08
-1.47507e-09
1.21787e-10
7.3814e-08
-9.06421e-10
1.12426e-10
7.83849e-08
-3.25304e-10
8.27583e-11
7.09455e-08
2.67896e-11
3.54985e-08
-4.0842e-09
1.30401e-17
5.14634e-08
-3.76618e-09
1.99643e-17
6.30161e-08
-3.34756e-09
2.98674e-17
7.61744e-08
-2.80327e-09
4.33607e-17
9.01659e-08
-2.11461e-09
6.02537e-17
1.02911e-07
-1.29442e-09
7.80804e-17
1.09571e-07
-4.60792e-10
8.75078e-17
9.95438e-08
5.34638e-17
5.01728e-08
-4.0842e-09
-8.14131e-11
5.14634e-08
-3.76618e-09
-9.50956e-11
6.30161e-08
-3.34756e-09
-1.08192e-10
7.61744e-08
-2.80327e-09
-1.18394e-10
9.01659e-08
-2.11461e-09
-1.21787e-10
1.02911e-07
-1.29442e-09
-1.12426e-10
1.09571e-07
-4.60793e-10
-8.27582e-11
9.95438e-08
-2.67895e-11
5.01728e-08
-2.81379e-09
-5.64294e-11
3.71373e-08
-2.60116e-09
-6.66235e-11
4.54217e-08
-2.31894e-09
-7.65774e-11
5.48329e-08
-1.94849e-09
-8.48686e-11
6.48013e-08
-1.47507e-09
-8.87286e-11
7.3814e-08
-9.06421e-10
-8.37787e-11
7.83849e-08
-3.25304e-10
-6.39781e-11
7.09455e-08
-2.31857e-11
3.54985e-08
-1.15369e-09
1.54957e-08
-1.45349e-17
-1.07029e-09
1.90925e-08
-1.65337e-17
-9.5775e-10
2.32396e-08
-1.92295e-17
-8.07624e-10
2.77071e-08
-2.19027e-17
-6.13107e-10
3.18375e-08
-2.67422e-17
-3.77337e-10
3.40665e-08
-2.59011e-17
-1.35495e-10
3.09695e-08
-1.92133e-17
1.53783e-08
-7.73917e-18
-5.75167e-10
3.15262e-11
1.54337e-08
-5.33786e-10
3.6926e-11
1.90142e-08
-4.77557e-10
4.18067e-11
2.31415e-08
-4.0234e-10
4.54101e-11
2.75865e-08
-3.05082e-10
4.61929e-11
3.1694e-08
-1.87948e-10
4.2e-11
3.39074e-08
-6.81537e-11
3.041e-11
3.08193e-08
1.0046e-11
1.53001e-08
-1.50812e-09
4.65475e-11
3.70387e-08
-1.39502e-09
5.37483e-11
4.52918e-08
-1.24297e-09
6.00747e-11
5.46626e-08
-1.0418e-09
6.41899e-11
6.45813e-08
-7.84742e-10
6.38969e-11
7.35393e-08
-4.79281e-10
5.62969e-11
7.80651e-08
-1.71919e-10
3.85692e-11
7.063e-08
1.06135e-11
3.5326e-08
-2.22468e-09
-1.83245e-17
5.1382e-08
-2.0532e-09
-2.19332e-17
6.28984e-08
-1.8246e-09
-2.61497e-17
7.60059e-08
-1.52443e-09
-3.11899e-17
8.993e-08
-1.14344e-09
-3.70564e-17
1.02594e-07
-6.93603e-10
-4.25018e-17
1.09177e-07
-2.45134e-10
-4.23094e-17
9.91339e-08
-2.42193e-17
4.99383e-08
-2.22468e-09
-4.65475e-11
5.1382e-08
-2.0532e-09
-5.37483e-11
6.28984e-08
-1.8246e-09
-6.00747e-11
7.60059e-08
-1.52443e-09
-6.41899e-11
8.993e-08
-1.14344e-09
-6.38969e-11
1.02594e-07
-6.93603e-10
-5.6297e-11
1.09177e-07
-2.45134e-10
-3.85693e-11
9.91339e-08
-1.06136e-11
4.99383e-08
-1.50812e-09
-3.15262e-11
3.70387e-08
-1.39502e-09
-3.6926e-11
4.52918e-08
-1.24297e-09
-4.18068e-11
5.46626e-08
-1.0418e-09
-4.54101e-11
6.45813e-08
-7.84742e-10
-4.6193e-11
7.35393e-08
-4.79281e-10
-4.20001e-11
7.80651e-08
-1.71919e-10
-3.04101e-11
7.063e-08
-1.0046e-11
3.5326e-08
-5.75167e-10
1.54337e-08
-2.51201e-17
-5.33786e-10
1.90142e-08
-3.16102e-17
-4.77558e-10
2.31415e-08
-3.89692e-17
-4.0234e-10
2.75865e-08
-4.74993e-17
-3.05082e-10
3.1694e-08
-5.1447e-17
-1.87948e-10
3.39074e-08
-5.6275e-17
-6.81538e-11
3.08193e-08
-5.14533e-17
1.53001e-08
-2.30359e-17
-3.74861e-10
1.91733e-11
1.53956e-08
-3.48977e-10
2.24061e-11
1.89659e-08
-3.13555e-10
2.53372e-11
2.30808e-08
-2.65764e-10
2.74928e-11
2.75112e-08
-2.03294e-10
2.79606e-11
3.16036e-08
-1.26935e-10
2.54681e-11
3.38056e-08
-4.71601e-11
1.8562e-11
3.07209e-08
6.20946e-12
1.52467e-08
-9.60582e-10
2.80865e-11
3.69799e-08
-8.92484e-10
3.23062e-11
4.52138e-08
-7.9993e-10
3.59315e-11
5.45595e-08
-6.7601e-10
3.81349e-11
6.44468e-08
-5.15459e-10
3.76225e-11
7.33691e-08
-3.21115e-10
3.27597e-11
7.78635e-08
-1.19719e-10
2.20416e-11
7.04251e-08
5.57551e-12
3.52069e-08
-1.39966e-09
5.22565e-17
5.13346e-08
-1.29736e-09
6.92999e-17
6.28284e-08
-1.15946e-09
9.09124e-17
7.59039e-08
-9.76292e-10
1.16888e-16
8.97849e-08
-7.4093e-10
1.45407e-16
1.02396e-07
-4.58604e-10
1.7052e-16
1.08928e-07
-1.6924e-10
1.71582e-16
9.88666e-08
9.94883e-17
4.97746e-08
-1.39966e-09
-2.80864e-11
5.13346e-08
-1.29736e-09
-3.23061e-11
6.28284e-08
-1.15946e-09
-3.59313e-11
7.59039e-08
-9.76292e-10
-3.81347e-11
8.97849e-08
-7.4093e-10
-3.76223e-11
1.02396e-07
-4.58604e-10
-3.27594e-11
1.08928e-07
-1.6924e-10
-2.20413e-11
9.88666e-08
-5.57536e-12
4.97746e-08
-9.60582e-10
-1.91732e-11
3.69799e-08
-8.92484e-10
-2.24061e-11
4.52138e-08
-7.9993e-10
-2.53371e-11
5.45595e-08
-6.7601e-10
-2.74927e-11
6.44468e-08
-5.15459e-10
-2.79604e-11
7.33691e-08
-3.21115e-10
-2.54679e-11
7.78635e-08
-1.19719e-10
-1.85618e-11
7.04251e-08
-6.20936e-12
3.52069e-08
-3.74861e-10
1.53956e-08
3.62092e-18
-3.48977e-10
1.89659e-08
6.21392e-18
-3.13555e-10
2.30808e-08
8.74838e-18
-2.65764e-10
2.75112e-08
1.17853e-17
-2.03294e-10
3.16036e-08
1.05655e-17
-1.26935e-10
3.38056e-08
1.27687e-17
-4.71602e-11
3.07209e-08
1.27474e-17
1.52467e-08
4.13181e-18
-2.4204e-10
1.19347e-11
1.53712e-08
-2.25039e-10
1.39581e-11
1.89349e-08
-2.01848e-10
1.57987e-11
2.30418e-08
-1.70658e-10
1.71608e-11
2.74629e-08
-1.30035e-10
1.74758e-11
3.15455e-08
-8.06316e-11
1.59472e-11
3.37402e-08
-2.95252e-11
1.1653e-11
3.06582e-08
3.92336e-12
1.52133e-08
-6.145e-10
1.72027e-11
3.69426e-08
-5.70615e-10
1.98011e-11
4.51641e-08
-5.10982e-10
2.20426e-11
5.44936e-08
-4.31144e-10
2.34204e-11
6.43607e-08
-3.27729e-10
2.3144e-11
7.326e-08
-2.02761e-10
2.02137e-11
7.77342e-08
-7.42845e-11
1.36981e-11
7.02946e-08
3.58691e-12
3.5133e-08
-8.90514e-10
3.39054e-17
5.13041e-08
-8.2573e-10
4.30941e-17
6.27834e-08
-7.38114e-10
5.33724e-17
7.58383e-08
-6.21349e-10
6.32893e-17
8.96916e-08
-4.70811e-10
6.99243e-17
1.02268e-07
-2.89858e-10
6.91154e-17
1.08767e-07
-1.05154e-10
5.24504e-17
9.86956e-08
1.87483e-17
4.9673e-08
-8.90514e-10
-1.72027e-11
5.13041e-08
-8.2573e-10
-1.9801e-11
6.27834e-08
-7.38114e-10
-2.20425e-11
7.58383e-08
-6.21349e-10
-2.34202e-11
8.96916e-08
-4.70811e-10
-2.31439e-11
1.02268e-07
-2.89858e-10
-2.02136e-11
1.08767e-07
-1.05154e-10
-1.3698e-11
9.86956e-08
-3.58691e-12
4.9673e-08
-6.14501e-10
-1.19347e-11
3.69426e-08
-5.70615e-10
-1.39581e-11
4.51641e-08
-5.10982e-10
-1.57987e-11
5.44936e-08
-4.31144e-10
-1.71608e-11
6.43607e-08
-3.27729e-10
-1.74758e-11
7.326e-08
-2.02761e-10
-1.59471e-11
7.77342e-08
-7.42845e-11
-1.1653e-11
7.02946e-08
-3.92333e-12
3.5133e-08
-2.4204e-10
1.53712e-08
-1.68855e-17
-2.25039e-10
1.89349e-08
-2.14119e-17
-2.01849e-10
2.30418e-08
-2.64589e-17
-1.70659e-10
2.74629e-08
-3.24329e-17
-1.30035e-10
3.15455e-08
-3.4098e-17
-8.06318e-11
3.37402e-08
-3.81035e-17
-2.95254e-11
3.06582e-08
-3.63443e-17
1.52133e-08
-1.68163e-17
-1.44685e-10
7.34457e-12
1.53563e-08
-1.34501e-10
8.60595e-12
1.89161e-08
-1.20617e-10
9.76098e-12
2.30181e-08
-1.01959e-10
1.06324e-11
2.74336e-08
-7.76794e-11
1.08693e-11
3.15104e-08
-4.81814e-11
9.97287e-12
3.37008e-08
-1.76688e-11
7.3528e-12
3.06203e-08
2.53766e-12
1.51931e-08
-3.73262e-10
1.05403e-11
3.69199e-08
-3.46573e-10
1.21492e-11
4.51338e-08
-3.10298e-10
1.35459e-11
5.44535e-08
-2.61738e-10
1.44253e-11
6.43083e-08
-1.98881e-10
1.4302e-11
7.31937e-08
-1.23025e-10
1.25523e-11
7.76558e-08
-4.51207e-11
8.57409e-12
7.02155e-08
2.30455e-12
3.50881e-08
-5.43724e-10
7.1508e-17
5.12857e-08
-5.04226e-10
9.07124e-17
6.2756e-08
-4.50738e-10
1.12883e-16
7.57984e-08
-3.79388e-10
1.365e-16
8.96347e-08
-2.87375e-10
1.57599e-16
1.02191e-07
-1.76848e-10
1.68783e-16
1.08669e-07
-6.41748e-11
1.52751e-16
9.85915e-08
7.8378e-17
4.96112e-08
-5.43724e-10
-1.05402e-11
5.12857e-08
-5.04226e-10
-1.2149e-11
6.2756e-08
-4.50738e-10
-1.35457e-11
7.57984e-08
-3.79388e-10
-1.44251e-11
8.96347e-08
-2.87375e-10
-1.43017e-11
1.02191e-07
-1.76848e-10
-1.2552e-11
1.08669e-07
-6.41749e-11
-8.57382e-12
9.85915e-08
-2.30443e-12
4.96112e-08
-3.73262e-10
-7.34446e-12
3.69199e-08
-3.46574e-10
-8.60581e-12
4.51338e-08
-3.10299e-10
-9.76081e-12
5.44535e-08
-2.61738e-10
-1.06322e-11
6.43083e-08
-1.98881e-10
-1.08691e-11
7.31937e-08
-1.23025e-10
-9.97261e-12
7.76558e-08
-4.51208e-11
-7.35257e-12
7.02155e-08
-2.53755e-12
3.50881e-08
-1.44685e-10
1.53563e-08
7.46165e-19
-1.34501e-10
1.89161e-08
2.46799e-18
-1.20618e-10
2.30181e-08
4.05283e-18
-1.01959e-10
2.74336e-08
6.06817e-18
-7.76796e-11
3.15104e-08
3.80802e-18
-4.81816e-11
3.37008e-08
5.41899e-18
-1.76688e-11
3.06203e-08
6.05646e-18
1.51931e-08
1.30054e-18
-8.93708e-11
4.54478e-12
1.53472e-08
-8.30989e-11
5.33006e-12
1.89045e-08
-7.45467e-11
6.0539e-12
2.30035e-08
-6.30489e-11
6.6069e-12
2.74155e-08
-4.80758e-11
6.77164e-12
3.14886e-08
-2.98598e-11
6.23565e-12
3.36763e-08
-1.09768e-11
4.62226e-12
3.05968e-08
1.61285e-12
1.51805e-08
-2.30452e-10
6.5046e-12
3.69059e-08
-2.14028e-10
7.50624e-12
4.51152e-08
-1.91701e-10
8.38295e-12
5.44289e-08
-1.61803e-10
8.9472e-12
6.42761e-08
-1.23077e-10
8.8981e-12
7.31528e-08
-7.6277e-11
7.84311e-12
7.76074e-08
-2.80816e-11
5.39146e-12
7.01665e-08
1.46994e-12
3.50601e-08
-3.35715e-10
4.45722e-17
5.12743e-08
-3.114e-10
5.66953e-17
6.27392e-08
-2.78467e-10
7.01051e-17
7.57738e-08
-2.34525e-10
8.28922e-17
8.95997e-08
-1.77825e-10
9.16987e-17
1.02143e-07
-1.09639e-10
9.04821e-17
1.08609e-07
-3.99506e-11
7.23094e-17
9.85272e-08
2.8608e-17
4.95727e-08
-3.35715e-10
-6.50452e-12
5.12743e-08
-3.114e-10
-7.50614e-12
6.27392e-08
-2.78467e-10
-8.38283e-12
7.57738e-08
-2.34525e-10
-8.94707e-12
8.95997e-08
-1.77825e-10
-8.89795e-12
1.02143e-07
-1.09639e-10
-7.84297e-12
1.08609e-07
-3.99507e-11
-5.39136e-12
9.85272e-08
-1.46993e-12
4.95727e-08
-2.30452e-10
-4.54475e-12
3.69059e-08
-2.14028e-10
-5.33003e-12
4.51152e-08
-1.91701e-10
-6.05386e-12
5.44289e-08
-1.61803e-10
-6.60686e-12
6.42761e-08
-1.23077e-10
-6.7716e-12
7.31528e-08
-7.6277e-11
-6.23561e-12
7.76074e-08
-2.80816e-11
-4.62223e-12
7.01665e-08
-1.61284e-12
3.50601e-08
-8.93709e-11
1.53472e-08
-1.66403e-17
-8.3099e-11
1.89045e-08
-2.10676e-17
-7.45468e-11
2.30035e-08
-2.58857e-17
-6.3049e-11
2.74155e-08
-3.12183e-17
-4.80759e-11
3.14886e-08
-3.18744e-17
-2.986e-11
3.36763e-08
-3.41963e-17
-1.09769e-11
3.05968e-08
-3.08103e-17
1.51805e-08
-1.27269e-17
-5.53504e-11
2.81004e-12
1.53415e-08
-5.14593e-11
3.29592e-12
1.88973e-08
-4.61554e-11
3.74399e-12
2.29945e-08
-3.90269e-11
4.08651e-12
2.74042e-08
-2.97472e-11
4.18889e-12
3.14752e-08
-1.84634e-11
3.85754e-12
3.36612e-08
-6.77757e-12
2.85903e-12
3.05823e-08
9.96811e-13
1.51727e-08
-1.42515e-10
4.0169e-12
3.68972e-08
-1.32338e-10
4.63699e-12
4.51037e-08
-1.18511e-10
5.18091e-12
5.44136e-08
-1.00002e-10
5.5328e-12
6.42561e-08
-7.60366e-11
5.50639e-12
7.31275e-08
-4.70872e-11
4.85791e-12
7.75774e-08
-1.73037e-11
3.3436e-12
7.01363e-08
9.15265e-13
3.50429e-08
-2.07515e-10
1.21409e-16
5.12673e-08
-1.92462e-10
1.54562e-16
6.27288e-08
-1.72081e-10
1.94139e-16
7.57586e-08
-1.44896e-10
2.37835e-16
8.9578e-08
-1.09828e-10
2.8012e-16
1.02113e-07
-6.76679e-11
3.06904e-16
1.08571e-07
-2.46115e-11
2.86526e-16
9.84875e-08
1.47536e-16
4.9549e-08
-2.07515e-10
-4.01668e-12
5.12673e-08
-1.92462e-10
-4.63671e-12
6.27288e-08
-1.72081e-10
-5.18056e-12
7.57586e-08
-1.44896e-10
-5.53237e-12
8.9578e-08
-1.09828e-10
-5.5059e-12
1.02113e-07
-6.76679e-11
-4.85738e-12
1.08571e-07
-2.46115e-11
-3.34312e-12
9.84875e-08
-9.15036e-13
4.9549e-08
-1.42515e-10
-2.80989e-12
3.68972e-08
-1.32338e-10
-3.29572e-12
4.51037e-08
-1.18511e-10
-3.74375e-12
5.44136e-08
-1.00002e-10
-4.08622e-12
6.42561e-08
-7.60367e-11
-4.18855e-12
7.31275e-08
-4.70873e-11
-3.85717e-12
7.75774e-08
-1.73038e-11
-2.85869e-12
7.01363e-08
-9.96646e-13
3.50429e-08
-5.53506e-11
1.53415e-08
3.42957e-17
-5.14595e-11
1.88973e-08
4.40229e-17
-4.61555e-11
2.29945e-08
5.50676e-17
-3.9027e-11
2.74042e-08
6.72595e-17
-2.97474e-11
3.14752e-08
7.45006e-17
-1.84635e-11
3.36612e-08
8.13662e-17
-6.77769e-12
3.05823e-08
7.5264e-17
1.51727e-08
3.56464e-17
-3.40778e-11
1.73398e-12
1.5338e-08
-3.16824e-11
2.03363e-12
1.88929e-08
-2.84171e-11
2.30975e-12
2.29889e-08
-2.40283e-11
2.52056e-12
2.73973e-08
-1.83153e-11
2.58301e-12
3.14669e-08
-1.13685e-11
2.37779e-12
3.36518e-08
-4.17406e-12
1.76134e-12
3.05733e-08
6.13491e-13
1.51679e-08
-8.78181e-11
2.47983e-12
3.68919e-08
-8.15446e-11
2.86235e-12
4.50966e-08
-7.30209e-11
3.19761e-12
5.44042e-08
-6.16129e-11
3.41405e-12
6.42438e-08
-4.68443e-11
3.3967e-12
7.3112e-08
-2.90082e-11
2.99526e-12
7.7559e-08
-1.06611e-11
2.05996e-12
7.01176e-08
5.62715e-13
3.50323e-08
-1.27922e-10
5.96994e-17
5.12629e-08
-1.18635e-10
7.39535e-17
6.27224e-08
-1.06063e-10
8.86821e-17
7.57492e-08
-8.9298e-11
1.00665e-16
8.95647e-08
-6.76775e-11
1.04647e-16
1.02095e-07
-4.16933e-11
9.25896e-17
1.08548e-07
-1.51645e-11
5.65086e-17
9.8463e-08
5.79203e-18
4.95344e-08
-1.27922e-10
-2.47972e-12
5.12629e-08
-1.18635e-10
-2.86222e-12
6.27224e-08
-1.06063e-10
-3.19745e-12
7.57492e-08
-8.92979e-11
-3.41387e-12
8.95647e-08
-6.76775e-11
-3.39652e-12
1.02095e-07
-4.16934e-11
-2.99511e-12
1.08548e-07
-1.51646e-11
-2.05988e-12
9.8463e-08
-5.62732e-13
4.95344e-08
-8.78184e-11
-1.73394e-12
3.68919e-08
-8.15448e-11
-2.03357e-12
4.50966e-08
-7.3021e-11
-2.30969e-12
5.44042e-08
-6.1613e-11
-2.52049e-12
6.42438e-08
-4.68444e-11
-2.58293e-12
7.3112e-08
-2.90082e-11
-2.37772e-12
7.7559e-08
-1.06611e-11
-1.76129e-12
7.01176e-08
-6.1347e-13
3.50323e-08
-3.4078e-11
1.5338e-08
-3.21708e-17
-3.16825e-11
1.88929e-08
-4.1129e-17
-2.84172e-11
2.29889e-08
-5.15286e-17
-2.40284e-11
2.73973e-08
-6.38136e-17
-1.83154e-11
3.14669e-08
-7.18801e-17
-1.13687e-11
3.36518e-08
-8.05761e-17
-4.17417e-12
3.05733e-08
-7.66163e-17
1.51679e-08
-3.81572e-17
-2.10703e-11
1.07121e-12
1.53359e-08
-1.95899e-11
1.2562e-12
1.88902e-08
-1.75717e-11
1.4266e-12
2.29855e-08
-1.48588e-11
1.55657e-12
2.73931e-08
-1.1327e-11
1.59484e-12
3.14617e-08
-7.03181e-12
1.46778e-12
3.36461e-08
-2.58245e-12
1.08688e-12
3.05678e-08
3.78237e-13
1.5165e-08
-5.4273e-11
1.53265e-12
3.68886e-08
-5.03967e-11
1.76888e-12
4.50922e-08
-4.51302e-11
1.97582e-12
5.43984e-08
-3.80816e-11
2.10922e-12
6.42362e-08
-2.89561e-11
2.09806e-12
7.31023e-08
-1.7934e-11
1.8496e-12
7.75476e-08
-6.59342e-12
1.27159e-12
7.01061e-08
3.47014e-13
3.50257e-08
-7.90556e-11
1.17691e-16
5.12602e-08
-7.33158e-11
1.48339e-16
6.27184e-08
-6.55467e-11
1.83866e-16
7.57435e-08
-5.51872e-11
2.21467e-16
8.95564e-08
-4.18284e-11
2.55406e-16
1.02084e-07
-2.5773e-11
2.72366e-16
1.08534e-07
-9.37789e-12
2.45925e-16
9.84479e-08
1.23035e-16
4.95254e-08
-7.90556e-11
-1.53243e-12
5.12602e-08
-7.33158e-11
-1.76861e-12
6.27184e-08
-6.55468e-11
-1.97549e-12
7.57435e-08
-5.51872e-11
-2.10882e-12
8.95564e-08
-4.18284e-11
-2.0976e-12
1.02084e-07
-2.5773e-11
-1.84912e-12
1.08534e-07
-9.37794e-12
-1.27117e-12
9.84479e-08
-3.46819e-13
4.95254e-08
-5.42731e-11
-1.07107e-12
3.68886e-08
-5.03968e-11
-1.25601e-12
4.50922e-08
-4.51304e-11
-1.42637e-12
5.43984e-08
-3.80817e-11
-1.5563e-12
6.42362e-08
-2.89562e-11
-1.59452e-12
7.31023e-08
-1.79341e-11
-1.46743e-12
7.75476e-08
-6.59351e-12
-1.08657e-12
7.01061e-08
-3.78091e-13
3.50257e-08
-2.10705e-11
1.53359e-08
2.77127e-17
-1.95901e-11
1.88902e-08
3.61186e-17
-1.75718e-11
2.29855e-08
4.57111e-17
-1.48589e-11
2.73931e-08
5.66975e-17
-1.13271e-11
3.14617e-08
6.29247e-17
-7.0319e-12
3.36461e-08
7.05595e-17
-2.58255e-12
3.05678e-08
6.73112e-17
1.5165e-08
3.31273e-17
-1.30356e-11
6.62335e-13
1.53345e-08
-1.21196e-11
7.76669e-13
1.88885e-08
-1.08708e-11
8.81956e-13
2.29833e-08
-9.19221e-12
9.62217e-13
2.73904e-08
-7.00695e-12
9.85744e-13
3.14586e-08
-4.34956e-12
9.07052e-13
3.36425e-08
-1.59711e-12
6.71491e-13
3.05644e-08
2.33543e-13
1.51631e-08
-3.35714e-11
9.47859e-13
3.68866e-08
-3.1173e-11
1.09389e-12
4.50895e-08
-2.79147e-11
1.22178e-12
5.43948e-08
-2.3554e-11
1.30415e-12
6.42315e-08
-1.79087e-11
1.29711e-12
7.30964e-08
-1.10906e-11
1.14336e-12
7.75405e-08
-4.07653e-12
7.85971e-13
7.0099e-08
2.14512e-13
3.50217e-08
-4.8902e-11
4.68789e-17
5.12586e-08
-4.53505e-11
5.71063e-17
6.2716e-08
-4.05438e-11
6.65348e-17
7.57399e-08
-3.41347e-11
7.19949e-17
8.95513e-08
-2.58707e-11
6.87821e-17
1.02077e-07
-1.59391e-11
5.10638e-17
1.08525e-07
-5.79845e-12
1.75693e-17
9.84385e-08
-1.36256e-17
4.95198e-08
-4.8902e-11
-9.47777e-13
5.12586e-08
-4.53505e-11
-1.09379e-12
6.2716e-08
-4.05438e-11
-1.22166e-12
7.57399e-08
-3.41347e-11
-1.30403e-12
8.95513e-08
-2.58707e-11
-1.29699e-12
1.02077e-07
-1.59391e-11
-1.14328e-12
1.08525e-07
-5.79848e-12
-7.85954e-13
9.84385e-08
-2.14558e-13
4.95198e-08
-3.35716e-11
-6.62308e-13
3.68866e-08
-3.11732e-11
-7.76636e-13
4.50895e-08
-2.79148e-11
-8.81918e-13
5.43948e-08
-2.3554e-11
-9.62177e-13
6.42315e-08
-1.79087e-11
-9.85709e-13
7.30964e-08
-1.10906e-11
-9.07029e-13
7.75405e-08
-4.07653e-12
-6.71484e-13
7.0099e-08
-2.33545e-13
3.50217e-08
-1.30357e-11
1.53346e-08
-3.2861e-17
-1.21197e-11
1.88885e-08
-4.17753e-17
-1.08708e-11
2.29833e-08
-5.19051e-17
-9.1923e-12
2.73904e-08
-6.36014e-17
-7.00704e-12
3.14586e-08
-7.05007e-17
-4.3497e-12
3.36425e-08
-7.82884e-17
-1.59721e-12
3.05644e-08
-7.43505e-17
1.51631e-08
-3.68408e-17
-8.06199e-12
4.09768e-13
1.53337e-08
-7.49543e-12
4.80504e-13
1.88874e-08
-6.72308e-12
5.45641e-13
2.2982e-08
-5.68495e-12
5.95296e-13
2.73888e-08
-4.33346e-12
6.09856e-13
3.14566e-08
-2.69e-12
5.61183e-13
3.36403e-08
-9.87772e-13
4.15466e-13
3.05622e-08
1.44527e-13
1.5162e-08
-2.07669e-11
5.86552e-13
3.68853e-08
-1.92832e-11
6.76916e-13
4.50878e-08
-1.72675e-11
7.56053e-13
5.43926e-08
-1.45699e-11
8.0703e-13
6.42286e-08
-1.10777e-11
8.02688e-13
7.30927e-08
-6.86024e-12
7.07591e-13
7.75362e-08
-2.52163e-12
4.86501e-13
7.00945e-08
1.32888e-13
3.50192e-08
-3.02543e-11
1.13129e-16
5.12576e-08
-2.80568e-11
1.42502e-16
6.27145e-08
-2.50827e-11
1.7635e-16
7.57377e-08
-2.11174e-11
2.12231e-16
8.95482e-08
-1.60046e-11
2.4494e-16
1.02073e-07
-9.86045e-12
2.61679e-16
1.0852e-07
-3.58719e-12
2.38795e-16
9.84327e-08
1.20615e-16
4.95163e-08
-3.02543e-11
-5.86347e-13
5.12576e-08
-2.80568e-11
-6.76659e-13
6.27145e-08
-2.50827e-11
-7.55735e-13
7.57377e-08
-2.11174e-11
-8.06649e-13
8.95482e-08
-1.60047e-11
-8.02252e-13
1.02073e-07
-9.86051e-12
-7.0713e-13
1.0852e-07
-3.58725e-12
-4.86092e-13
9.84327e-08
-1.32694e-13
4.95163e-08
-2.0767e-11
-4.09625e-13
3.68853e-08
-1.92833e-11
-4.80325e-13
4.50878e-08
-1.72676e-11
-5.4542e-13
5.43926e-08
-1.45699e-11
-5.9503e-13
6.42286e-08
-1.10778e-11
-6.09547e-13
7.30927e-08
-6.86034e-12
-5.60853e-13
7.75362e-08
-2.52172e-12
-4.15172e-13
7.00945e-08
-1.44389e-13
3.50192e-08
-8.06212e-12
1.53337e-08
2.7392e-17
-7.49554e-12
1.88874e-08
3.58465e-17
-6.72316e-12
2.2982e-08
4.55082e-17
-5.685e-12
2.73888e-08
5.67278e-17
-4.33354e-12
3.14566e-08
6.29863e-17
-2.69007e-12
3.36403e-08
7.10865e-17
-9.87852e-13
3.05622e-08
6.80828e-17
1.5162e-08
3.35304e-17
-4.99006e-12
2.53621e-13
1.53332e-08
-4.63938e-12
2.97404e-13
1.88868e-08
-4.16133e-12
3.37722e-13
2.29812e-08
-3.51878e-12
3.68459e-13
2.73878e-08
-2.68227e-12
3.77474e-13
3.14554e-08
-1.66505e-12
3.47352e-13
3.36389e-08
-6.11414e-13
2.57162e-13
3.05609e-08
8.94585e-14
1.51613e-08
-1.28543e-11
3.63053e-13
3.68845e-08
-1.19359e-11
4.18984e-13
4.50868e-08
-1.06882e-11
4.67965e-13
5.43912e-08
-9.01846e-12
4.99517e-13
6.42268e-08
-6.85693e-12
4.96827e-13
7.30904e-08
-4.24643e-12
4.37961e-13
7.75335e-08
-1.56092e-12
3.01109e-13
7.00918e-08
8.22361e-14
3.50176e-08
-1.87275e-11
1.37025e-17
5.12569e-08
-1.73672e-11
1.48726e-17
6.27135e-08
-1.55263e-11
1.30965e-17
7.57363e-08
-1.30717e-11
5.50236e-18
8.95462e-08
-9.90696e-12
-1.12344e-17
1.0207e-07
-6.10376e-12
-3.99424e-17
1.08516e-07
-2.22059e-12
-7.08824e-17
9.84292e-08
-6.3571e-17
4.95142e-08
-1.87275e-11
-3.63034e-13
5.12569e-08
-1.73672e-11
-4.18964e-13
6.27135e-08
-1.55262e-11
-4.6795e-13
7.57363e-08
-1.30717e-11
-4.99516e-13
8.95462e-08
-9.90692e-12
-4.96857e-13
1.0207e-07
-6.10372e-12
-4.38042e-13
1.08516e-07
-2.2206e-12
-3.01246e-13
9.84292e-08
-8.23617e-14
4.95142e-08
-1.28543e-11
-2.53639e-13
3.68845e-08
-1.19359e-11
-2.97427e-13
4.50868e-08
-1.06882e-11
-3.37754e-13
5.43912e-08
-9.01838e-12
-3.68505e-13
6.42268e-08
-6.85685e-12
-3.77541e-13
7.30904e-08
-4.24635e-12
-3.47441e-13
7.75335e-08
-1.56088e-12
-2.57261e-13
7.00918e-08
-8.95168e-14
3.50176e-08
-4.98991e-12
1.53332e-08
-3.60073e-17
-4.63925e-12
1.88868e-08
-4.55331e-17
-4.16122e-12
2.29812e-08
-5.62688e-17
-3.5187e-12
2.73878e-08
-6.8511e-17
-2.68221e-12
3.14554e-08
-7.5604e-17
-1.66508e-12
3.36389e-08
-8.3485e-17
-6.1145e-13
3.05609e-08
-7.90011e-17
1.51613e-08
-3.90641e-17
-3.08904e-12
1.57036e-13
1.53329e-08
-2.87195e-12
1.84148e-13
1.88864e-08
-2.57601e-12
2.09117e-13
2.29807e-08
-2.17824e-12
2.28156e-13
2.73872e-08
-1.66041e-12
2.3375e-13
3.14546e-08
-1.03073e-12
2.15112e-13
3.36381e-08
-3.78499e-13
1.59279e-13
3.05601e-08
5.54274e-14
1.51609e-08
-7.95784e-12
2.24824e-13
3.6884e-08
-7.38925e-12
2.59468e-13
4.50861e-08
-6.61681e-12
2.89813e-13
5.43903e-08
-5.5831e-12
3.09372e-13
6.42257e-08
-4.24493e-12
3.07736e-13
7.3089e-08
-2.62884e-12
2.7132e-13
7.75318e-08
-9.66337e-13
1.866e-13
7.00901e-08
5.10245e-14
3.50167e-08
-1.15942e-11
8.10454e-17
5.12565e-08
-1.0752e-11
1.0266e-16
6.27129e-08
-9.61227e-12
1.27815e-16
7.57354e-08
-8.09266e-12
1.54955e-16
8.9545e-08
-6.13335e-12
1.8094e-16
1.02068e-07
-3.77882e-12
1.97623e-16
1.08514e-07
-1.37479e-12
1.86072e-16
9.84269e-08
1.0087e-16
4.95129e-08
-1.15942e-11
-2.24678e-13
5.12565e-08
-1.0752e-11
-2.59282e-13
6.27129e-08
-9.61226e-12
-2.89583e-13
7.57354e-08
-8.09266e-12
-3.09093e-13
8.9545e-08
-6.13337e-12
-3.07411e-13
1.02068e-07
-3.77885e-12
-2.70967e-13
1.08514e-07
-1.37483e-12
-1.86273e-13
9.84269e-08
-5.08528e-14
4.95129e-08
-7.95781e-12
-1.56929e-13
3.6884e-08
-7.38923e-12
-1.84013e-13
4.50861e-08
-6.61682e-12
-2.08949e-13
5.43903e-08
-5.58312e-12
-2.27952e-13
6.42257e-08
-4.24499e-12
-2.3351e-13
7.3089e-08
-2.62894e-12
-2.14852e-13
7.75318e-08
-9.66418e-13
-1.59041e-13
7.00901e-08
-5.53126e-14
3.50167e-08
-3.08907e-12
1.53329e-08
3.44612e-17
-2.87196e-12
1.88864e-08
4.47338e-17
-2.57601e-12
2.29807e-08
5.65843e-17
-2.17823e-12
2.73872e-08
7.03958e-17
-1.66043e-12
3.14546e-08
7.92e-17
-1.03072e-12
3.36381e-08
8.91172e-17
-3.78539e-13
3.05601e-08
8.52853e-17
1.51609e-08
4.22945e-17
-1.91271e-12
9.72516e-14
1.53327e-08
-1.7783e-12
1.14043e-13
1.88861e-08
-1.59505e-12
1.29507e-13
2.29804e-08
-1.34875e-12
1.413e-13
2.73868e-08
-1.0281e-12
1.44766e-13
3.14542e-08
-6.38197e-13
1.33224e-13
3.36376e-08
-2.34345e-13
9.86447e-14
3.05596e-08
3.4325e-14
1.51606e-08
-4.92753e-12
1.3921e-13
3.68837e-08
-4.57545e-12
1.60661e-13
4.50857e-08
-4.09714e-12
1.79449e-13
5.43898e-08
-3.45704e-12
1.91557e-13
6.4225e-08
-2.62843e-12
1.90537e-13
7.30881e-08
-1.62773e-12
1.67977e-13
7.75308e-08
-5.98307e-13
1.15506e-13
7.00891e-08
3.15609e-14
3.50161e-08
-7.17925e-12
2.57139e-17
5.12563e-08
-6.65775e-12
3.07695e-17
6.27126e-08
-5.95198e-12
3.46756e-17
7.57349e-08
-5.011e-12
3.54865e-17
8.95442e-08
-3.79775e-12
3.00852e-17
1.02067e-07
-2.33978e-12
1.56667e-17
1.08513e-07
-8.51208e-13
-7.56672e-18
9.84256e-08
-2.22377e-17
4.9512e-08
-7.17925e-12
-1.39167e-13
5.12563e-08
-6.65775e-12
-1.60609e-13
6.27126e-08
-5.95198e-12
-1.7939e-13
7.57349e-08
-5.011e-12
-1.91497e-13
8.95442e-08
-3.79774e-12
-1.90487e-13
1.02067e-07
-2.33977e-12
-1.67952e-13
1.08513e-07
-8.51216e-13
-1.15524e-13
9.84256e-08
-3.16061e-14
4.9512e-08
-4.92767e-12
-9.72429e-14
3.68837e-08
-4.57556e-12
-1.14033e-13
4.50857e-08
-4.0972e-12
-1.29498e-13
5.43898e-08
-3.45707e-12
-1.41294e-13
6.4225e-08
-2.62842e-12
-1.44768e-13
7.30881e-08
-1.6277e-12
-1.33237e-13
7.75308e-08
-5.98286e-13
-9.86677e-14
7.00891e-08
-3.434e-14
3.50161e-08
-1.9127e-12
1.53327e-08
-2.11052e-17
-1.77827e-12
1.88861e-08
-2.71904e-17
-1.59503e-12
2.29804e-08
-3.39856e-17
-1.34874e-12
2.73868e-08
-4.21342e-17
-1.02808e-12
3.14542e-08
-4.55903e-17
-6.38234e-13
3.36376e-08
-5.21202e-17
-2.34364e-13
3.05596e-08
-5.1444e-17
1.51606e-08
-2.60603e-17
-1.18422e-12
6.0227e-14
1.53326e-08
-1.101e-12
7.06263e-14
1.8886e-08
-9.87556e-13
8.02042e-14
2.29802e-08
-8.35073e-13
8.75087e-14
2.73865e-08
-6.36557e-13
8.9657e-14
3.14539e-08
-3.95172e-13
8.25116e-14
3.36373e-08
-1.45133e-13
6.10993e-14
3.05593e-08
2.12647e-14
1.51604e-08
-3.05092e-12
8.62441e-14
3.68835e-08
-2.83295e-12
9.95373e-14
4.50855e-08
-2.53682e-12
1.11184e-13
5.43895e-08
-2.14051e-12
1.18695e-13
6.42246e-08
-1.62749e-12
1.18079e-13
7.30876e-08
-1.00792e-12
1.04121e-13
7.75301e-08
-3.70531e-13
7.16285e-14
7.00884e-08
1.96018e-14
3.50157e-08
-4.44518e-12
9.08616e-17
5.12561e-08
-4.1223e-12
1.14446e-16
6.27123e-08
-3.68533e-12
1.42032e-16
7.57346e-08
-3.10272e-12
1.72296e-16
8.95438e-08
-2.35154e-12
2.0138e-16
1.02067e-07
-1.44885e-12
2.19743e-16
1.08512e-07
-5.27157e-13
2.05373e-16
9.84247e-08
1.06059e-16
4.95115e-08
-4.44519e-12
-8.60813e-14
5.12561e-08
-4.1223e-12
-9.93327e-14
6.27123e-08
-3.68533e-12
-1.1093e-13
7.57346e-08
-3.10273e-12
-1.18388e-13
8.95438e-08
-2.35156e-12
-1.1772e-13
1.02067e-07
-1.44888e-12
-1.03731e-13
1.08512e-07
-5.27184e-13
-7.12657e-14
9.84247e-08
-1.94145e-14
4.95115e-08
-3.0509e-12
-6.01076e-14
3.68835e-08
-2.83293e-12
-7.04773e-14
4.50855e-08
-2.53681e-12
-8.00204e-14
5.43895e-08
-2.14053e-12
-8.72867e-14
6.42246e-08
-1.62752e-12
-8.93982e-14
7.30876e-08
-1.00799e-12
-8.22338e-14
7.75301e-08
-3.70592e-13
-6.08501e-14
7.00884e-08
-2.11497e-14
3.50157e-08
-1.18418e-12
1.53326e-08
4.44771e-17
-1.10094e-12
1.8886e-08
5.67592e-17
-9.87475e-13
2.29802e-08
7.07796e-17
-8.34965e-13
2.73865e-08
8.67992e-17
-6.36486e-13
3.14539e-08
9.7079e-17
-3.95101e-13
3.36373e-08
1.07299e-16
-1.45125e-13
3.05593e-08
1.00461e-16
1.51604e-08
4.86713e-17
-7.33627e-13
3.7282e-14
1.53325e-08
-6.82081e-13
4.37171e-14
1.88859e-08
-6.11798e-13
4.96424e-14
2.29801e-08
-5.17325e-13
5.41587e-14
2.73864e-08
-3.94343e-13
5.54806e-14
3.14537e-08
-2.44807e-13
5.10477e-14
3.36371e-08
-8.99093e-14
3.77855e-14
3.05591e-08
1.31362e-14
1.51603e-08
-1.88983e-12
5.33807e-14
3.68834e-08
-1.75483e-12
6.16035e-14
4.50853e-08
-1.5714e-12
6.88039e-14
5.43893e-08
-1.32591e-12
7.34402e-14
6.42243e-08
-1.00811e-12
7.304e-14
7.30873e-08
-6.24322e-13
6.43775e-14
7.75297e-08
-2.29511e-13
4.42475e-14
7.0088e-08
1.20706e-14
3.50155e-08
-2.75327e-12
2.23501e-17
5.1256e-08
-2.55331e-12
2.56464e-17
6.27122e-08
-2.28266e-12
2.74484e-17
7.57344e-08
-1.9218e-12
2.6018e-17
8.95435e-08
-1.45651e-12
1.86428e-17
1.02066e-07
-8.97386e-13
2.49656e-18
1.08512e-07
-3.26504e-13
-2.02859e-17
9.84242e-08
-2.88996e-17
4.95112e-08
-2.75328e-12
-5.33476e-14
5.1256e-08
-2.5533e-12
-6.15655e-14
6.27122e-08
-2.28264e-12
-6.87636e-14
7.57344e-08
-1.92177e-12
-7.34032e-14
8.95435e-08
-1.45648e-12
-7.30156e-14
1.02066e-07
-8.97363e-13
-6.43793e-14
1.08512e-07
-3.2648e-13
-4.42854e-14
9.84242e-08
-1.21211e-14
4.95112e-08
-1.88983e-12
-3.7279e-14
3.68834e-08
-1.7548e-12
-4.3716e-14
4.50853e-08
-1.57135e-12
-4.96453e-14
5.43893e-08
-1.32583e-12
-5.41691e-14
6.42243e-08
-1.00803e-12
-5.55042e-14
7.30873e-08
-6.24242e-13
-5.10864e-14
7.75297e-08
-2.29461e-13
-3.78355e-14
7.0088e-08
-1.31702e-14
3.50155e-08
-7.33443e-13
1.53325e-08
-3.23623e-18
-6.81894e-13
1.88859e-08
-5.39175e-18
-6.11626e-13
2.29801e-08
-7.6313e-18
-5.17178e-13
2.73864e-08
-1.09758e-17
-3.94198e-13
3.14537e-08
-9.92084e-18
-2.44752e-13
3.36371e-08
-1.48225e-17
-8.9888e-14
3.05591e-08
-1.90007e-17
1.51603e-08
-1.06453e-17
-4.54125e-13
2.30938e-14
1.53325e-08
-4.22215e-13
2.70812e-14
1.88858e-08
-3.78703e-13
3.07539e-14
2.298e-08
-3.20217e-13
3.35556e-14
2.73863e-08
-2.44083e-13
3.43809e-14
3.14536e-08
-1.51517e-13
3.16437e-14
3.36369e-08
-5.56511e-14
2.34364e-14
3.0559e-08
8.16176e-15
1.51603e-08
-1.17004e-12
3.31082e-14
3.68834e-08
-1.08647e-12
3.8214e-14
4.50852e-08
-9.72885e-13
4.26901e-14
5.43892e-08
-8.20893e-13
4.55824e-14
6.42242e-08
-6.24126e-13
4.53598e-14
7.3087e-08
-3.86511e-13
4.0019e-14
7.75295e-08
-1.4208e-13
2.75606e-14
7.00878e-08
7.57236e-15
3.50153e-08
-1.70471e-12
1.20069e-16
5.1256e-08
-1.58091e-12
1.50752e-16
6.27121e-08
-1.41332e-12
1.87396e-16
7.57342e-08
-1.18989e-12
2.29032e-16
8.95433e-08
-9.01816e-13
2.71929e-16
1.02066e-07
-5.55641e-13
3.03999e-16
1.08511e-07
-2.02172e-13
2.92231e-16
9.84239e-08
1.58045e-16
4.9511e-08
-1.70483e-12
-3.28955e-14
5.1256e-08
-1.58101e-12
-3.79469e-14
6.27121e-08
-1.41343e-12
-4.23578e-14
7.57342e-08
-1.18997e-12
-4.5176e-14
8.95433e-08
-9.01881e-13
-4.48783e-14
1.02066e-07
-5.55703e-13
-3.94829e-14
1.08511e-07
-2.02203e-13
-2.70464e-14
9.84239e-08
-7.29226e-15
4.9511e-08
-1.17019e-12
-2.29322e-14
3.68834e-08
-1.08661e-12
-2.68805e-14
4.50852e-08
-9.7304e-13
-3.0507e-14
5.43892e-08
-8.21052e-13
-3.32579e-14
6.42242e-08
-6.24278e-13
-3.40341e-14
7.3087e-08
-3.8666e-13
-3.12698e-14
7.75295e-08
-1.42187e-13
-2.30983e-14
7.00878e-08
-8.00269e-15
3.50153e-08
-4.54313e-13
1.53325e-08
7.48707e-17
-4.22356e-13
1.88858e-08
9.33273e-17
-3.78812e-13
2.298e-08
1.14008e-16
-3.2027e-13
2.73863e-08
1.36632e-16
-2.44137e-13
3.14536e-08
1.51769e-16
-1.51531e-13
3.36369e-08
1.63951e-16
-5.5684e-14
3.0559e-08
1.50669e-16
1.51603e-08
7.27248e-17
-2.80499e-13
1.43369e-14
1.53324e-08
-2.60748e-13
1.68149e-14
1.88858e-08
-2.33868e-13
1.9099e-14
2.29799e-08
-1.97744e-13
2.08429e-14
2.73862e-08
-1.50725e-13
2.13613e-14
3.14535e-08
-9.35686e-14
1.96676e-14
3.36369e-08
-3.43603e-14
1.4575e-14
3.05589e-08
5.08164e-15
1.51602e-08
-7.23543e-13
2.05318e-14
3.68833e-08
-6.71758e-13
2.36984e-14
4.50852e-08
-6.01507e-13
2.64732e-14
5.43891e-08
-5.07488e-13
2.8263e-14
6.42241e-08
-3.85838e-13
2.81157e-14
7.30869e-08
-2.38936e-13
2.47881e-14
7.75293e-08
-8.7833e-14
1.70417e-14
7.00876e-08
4.64912e-15
3.50152e-08
-1.05465e-12
9.85158e-17
5.12559e-08
-9.77934e-13
1.15627e-16
6.27121e-08
-8.74212e-13
1.31352e-16
7.57342e-08
-7.3594e-13
1.4095e-16
8.95432e-08
-5.57703e-13
1.36943e-16
1.02066e-07
-3.43572e-13
1.08071e-16
1.08511e-07
-1.24975e-13
4.51807e-17
9.84237e-08
-2.34882e-17
4.95109e-08
-1.05478e-12
-2.03516e-14
5.12559e-08
-9.78054e-13
-2.34857e-14
6.27121e-08
-8.74322e-13
-2.62306e-14
7.57342e-08
-7.36025e-13
-2.79998e-14
8.95432e-08
-5.57757e-13
-2.78563e-14
1.02066e-07
-3.43595e-13
-2.45766e-14
1.08511e-07
-1.24976e-13
-1.69417e-14
9.84237e-08
-4.68301e-15
4.95109e-08
-7.23835e-13
-1.41837e-14
3.68833e-08
-6.71999e-13
-1.66307e-14
4.50852e-08
-6.01667e-13
-1.88818e-14
5.43891e-08
-5.07582e-13
-2.05958e-14
6.42241e-08
-3.85845e-13
-2.10956e-14
7.30869e-08
-2.38898e-13
-1.94149e-14
7.75293e-08
-8.77973e-14
-1.43943e-14
7.00876e-08
-5.0443e-15
3.50152e-08
-2.80667e-13
1.53324e-08
5.48098e-17
-2.60812e-13
1.88858e-08
6.85406e-17
-2.33856e-13
2.29799e-08
8.40932e-17
-1.97616e-13
2.73862e-08
1.00087e-16
-1.50566e-13
3.14535e-08
1.09283e-16
-9.34227e-14
3.36369e-08
1.10217e-16
-3.4326e-14
3.05589e-08
8.75465e-17
1.51602e-08
2.99469e-17
-1.74193e-13
8.7542e-15
1.53324e-08
-1.61925e-13
1.02572e-14
1.88858e-08
-1.45246e-13
1.1633e-14
2.29799e-08
-1.22772e-13
1.267e-14
2.73862e-08
-9.36054e-14
1.29452e-14
3.14535e-08
-5.80775e-14
1.18653e-14
3.36368e-08
-2.12981e-14
8.72685e-15
3.05589e-08
2.98809e-15
1.51602e-08
-4.48427e-13
1.24919e-14
3.68833e-08
-4.16423e-13
1.43937e-14
4.50851e-08
-3.72867e-13
1.60406e-14
5.4389e-08
-3.14662e-13
1.70635e-14
6.4224e-08
-2.3918e-13
1.68859e-14
7.30868e-08
-1.48062e-13
1.47561e-14
7.75292e-08
-5.43453e-14
9.98136e-15
7.00875e-08
2.57862e-15
3.50152e-08
-6.53114e-13
-2.38748e-16
5.12559e-08
-6.0564e-13
-3.07797e-16
6.2712e-08
-5.41474e-13
-3.98304e-16
7.57341e-08
-4.55798e-13
-5.08724e-16
8.95431e-08
-3.45461e-13
-6.41661e-16
1.02066e-07
-2.12692e-13
-7.56346e-16
1.08511e-07
-7.72393e-14
-7.67687e-16
9.84235e-08
-4.34395e-16
4.95108e-08
-6.52796e-13
-1.29366e-14
5.12559e-08
-6.05433e-13
-1.49661e-14
6.2712e-08
-5.41192e-13
-1.67735e-14
7.57341e-08
-4.55696e-13
-1.79985e-14
8.95431e-08
-3.45233e-13
-1.80411e-14
1.02066e-07
-2.1252e-13
-1.61081e-14
1.08511e-07
-7.71257e-14
-1.13253e-14
9.84235e-08
-3.31353e-15
4.95108e-08
-4.47649e-13
-9.06746e-15
3.68833e-08
-4.15657e-13
-1.06515e-14
4.50851e-08
-3.7227e-13
-1.21287e-14
5.4389e-08
-3.14084e-13
-1.32852e-14
6.4224e-08
-2.38794e-13
-1.3692e-14
7.30868e-08
-1.47686e-13
-1.27168e-14
7.75292e-08
-5.40895e-14
-9.55006e-15
7.00875e-08
-3.42423e-15
3.50152e-08
-1.73987e-13
1.53324e-08
-9.55917e-17
-1.61912e-13
1.88858e-08
-1.18694e-16
-1.45348e-13
2.29799e-08
-1.45255e-16
-1.22994e-13
2.73862e-08
-1.72653e-16
-9.37764e-14
3.14535e-08
-1.97751e-16
-5.79827e-14
3.36368e-08
-2.10919e-16
-2.10822e-14
3.05589e-08
-1.92566e-16
1.51602e-08
-9.9118e-17
-1.07669e-13
5.47481e-15
1.53324e-08
-1.0009e-13
6.42139e-15
1.88857e-08
-8.97651e-14
7.29403e-15
2.29799e-08
-7.5897e-14
7.96187e-15
2.73862e-08
-5.78406e-14
8.16383e-15
3.14535e-08
-3.58698e-14
7.52599e-15
3.36368e-08
-1.31365e-14
5.59293e-15
3.05588e-08
1.96649e-15
1.51602e-08
-2.77512e-13
7.82037e-15
3.68833e-08
-2.57664e-13
9.02681e-15
4.50851e-08
-2.30694e-13
1.00855e-14
5.4389e-08
-1.94638e-13
1.07732e-14
6.4224e-08
-1.47948e-13
1.0732e-14
7.30868e-08
-9.15436e-14
9.4945e-15
7.75292e-08
-3.35688e-14
6.58614e-15
7.00875e-08
1.8674e-15
3.50151e-08
-4.04372e-13
-2.47199e-17
5.12559e-08
-3.74978e-13
-2.66004e-17
6.2712e-08
-3.35192e-13
-2.48449e-17
7.57341e-08
-2.8218e-13
-1.46319e-17
8.95431e-08
-2.13833e-13
1.2138e-17
1.02066e-07
-1.31661e-13
6.53845e-17
1.08511e-07
-4.78024e-14
1.409e-16
9.84235e-08
1.47726e-16
4.95108e-08
-4.0443e-13
-7.84147e-15
5.12559e-08
-3.75053e-13
-9.04521e-15
6.2712e-08
-3.35275e-13
-1.00935e-14
7.57341e-08
-2.82282e-13
-1.0755e-14
8.95431e-08
-2.13934e-13
-1.06598e-14
1.02066e-07
-1.31746e-13
-9.32951e-15
1.08511e-07
-4.78488e-14
-6.30749e-15
9.84235e-08
-1.60748e-15
4.95108e-08
-2.77798e-13
-5.43843e-15
3.68833e-08
-2.57955e-13
-6.36967e-15
4.50851e-08
-2.30991e-13
-7.2194e-15
5.4389e-08
-1.94927e-13
-7.85211e-15
6.4224e-08
-1.48222e-13
-8.0041e-15
7.30868e-08
-9.17557e-14
-7.30546e-15
7.75292e-08
-3.36646e-14
-5.33031e-15
7.00875e-08
-1.78624e-15
3.50151e-08
-1.08412e-13
1.53324e-08
3.75051e-17
-1.00774e-13
1.88857e-08
4.98979e-17
-9.03605e-14
2.29799e-08
6.72129e-17
-7.64036e-14
2.73862e-08
8.73214e-17
-5.82219e-14
3.14535e-08
1.09242e-16
-3.61018e-14
3.36368e-08
1.26808e-16
-1.32251e-14
3.05588e-08
1.23092e-16
1.51602e-08
6.68452e-17
-6.69388e-14
3.3899e-15
1.53324e-08
-6.22266e-14
3.97546e-15
1.88857e-08
-5.58074e-14
4.51462e-15
2.29799e-08
-4.71886e-14
4.92558e-15
2.73862e-08
-3.59655e-14
5.04616e-15
3.14534e-08
-2.23107e-14
4.64319e-15
3.36368e-08
-8.17506e-15
3.43682e-15
3.05588e-08
1.1945e-15
1.51602e-08
-1.72185e-13
4.86268e-15
3.68833e-08
-1.59871e-13
5.61449e-15
4.50851e-08
-1.43149e-13
6.27482e-15
5.4389e-08
-1.20784e-13
6.70351e-15
6.42239e-08
-9.18351e-14
6.67546e-15
7.30868e-08
-5.68484e-14
5.89499e-15
7.75291e-08
-2.08564e-14
4.06317e-15
7.00874e-08
1.11439e-15
3.50151e-08
-2.50824e-13
1.24355e-17
5.12559e-08
-2.32598e-13
1.85071e-17
6.2712e-08
-2.07935e-13
2.7024e-17
7.57341e-08
-1.7507e-13
3.80599e-17
8.95431e-08
-1.32684e-13
5.092e-17
1.02066e-07
-8.1715e-14
6.06061e-17
1.08511e-07
-2.96865e-14
5.62885e-17
9.84234e-08
2.01171e-17
4.95108e-08
-2.50892e-13
-4.83455e-15
5.12559e-08
-2.3267e-13
-5.57556e-15
6.2712e-08
-2.0801e-13
-6.22179e-15
7.57341e-08
-1.75143e-13
-6.63354e-15
8.95431e-08
-1.32753e-13
-6.58847e-15
1.02066e-07
-8.17573e-14
-5.79822e-15
1.08511e-07
-2.97058e-14
-3.98164e-15
9.84234e-08
-1.09026e-15
4.95108e-08
-1.72378e-13
-3.35842e-15
3.68833e-08
-1.60065e-13
-3.93619e-15
4.50851e-08
-1.43338e-13
-4.467e-15
5.4389e-08
-1.20952e-13
-4.87079e-15
6.42239e-08
-9.19587e-14
-4.98776e-15
7.30868e-08
-5.69314e-14
-4.59074e-15
7.75291e-08
-2.08821e-14
-3.40207e-15
7.00874e-08
-1.18918e-15
3.50151e-08
-6.72712e-14
1.53324e-08
2.50101e-17
-6.25459e-14
1.88857e-08
2.96508e-17
-5.60974e-14
2.29799e-08
3.22105e-17
-4.74318e-14
2.73862e-08
3.33468e-17
-3.61725e-14
3.14534e-08
2.97317e-17
-2.23964e-14
3.36368e-08
2.64975e-17
-8.18317e-15
3.05588e-08
2.29709e-17
1.51602e-08
1.10267e-17
-4.16848e-14
2.108e-15
1.53324e-08
-3.87576e-14
2.47208e-15
1.88857e-08
-3.47569e-14
2.80786e-15
2.29799e-08
-2.93848e-14
3.06461e-15
2.73862e-08
-2.23911e-14
3.14115e-15
3.14534e-08
-1.38662e-14
2.89321e-15
3.36367e-08
-5.06367e-15
2.14504e-15
3.05588e-08
7.47961e-16
1.51602e-08
-1.07094e-13
2.99803e-15
3.68833e-08
-9.94529e-14
3.45964e-15
4.50851e-08
-8.90464e-14
3.86365e-15
5.4389e-08
-7.51291e-14
4.12342e-15
6.42239e-08
-5.71017e-14
4.09971e-15
7.30867e-08
-3.53143e-14
3.6111e-15
7.75291e-08
-1.29297e-14
2.47843e-15
7.00874e-08
6.72176e-16
3.50151e-08
-1.55905e-13
-3.78353e-17
5.12559e-08
-1.44598e-13
-4.65859e-17
6.2712e-08
-1.29272e-13
-5.6728e-17
7.57341e-08
-1.08835e-13
-6.81005e-17
8.9543e-08
-8.24703e-14
-7.94894e-17
1.02066e-07
-5.07654e-14
-8.70904e-17
1.08511e-07
-1.84075e-14
-8.13883e-17
9.84234e-08
-4.07165e-17
4.95107e-08
-1.55912e-13
-3.06629e-15
5.12559e-08
-1.44614e-13
-3.54369e-15
6.2712e-08
-1.29284e-13
-3.96663e-15
7.57341e-08
-1.08842e-13
-4.24744e-15
8.9543e-08
-8.24691e-14
-4.24482e-15
1.02066e-07
-5.07565e-14
-3.77081e-15
1.08511e-07
-1.84042e-14
-2.62722e-15
9.84234e-08
-7.51427e-16
4.95107e-08
-1.0724e-13
-2.17536e-15
3.68833e-08
-9.95783e-14
-2.55565e-15
4.50851e-08
-8.91384e-14
-2.91029e-15
5.4389e-08
-7.51878e-14
-3.18763e-15
6.42239e-08
-5.71272e-14
-3.28397e-15
7.30867e-08
-3.53003e-14
-3.04377e-15
7.75291e-08
-1.29132e-14
-2.27196e-15
7.00874e-08
-7.94885e-16
3.50151e-08
-4.17154e-14
1.53324e-08
-3.78857e-17
-3.88134e-14
1.88857e-08
-4.84019e-17
-3.4833e-14
2.29799e-08
-6.05872e-17
-2.94929e-14
2.73862e-08
-7.48623e-17
-2.24808e-14
3.14534e-08
-8.44564e-17
-1.39756e-14
3.36367e-08
-9.39773e-17
-5.09882e-15
3.05588e-08
-8.80702e-17
1.51602e-08
-4.28347e-17
-2.50391e-14
1.36408e-15
1.53324e-08
-2.32902e-14
1.60345e-15
1.88857e-08
-2.09156e-14
1.82727e-15
2.29799e-08
-1.77038e-14
2.00326e-15
2.73861e-08
-1.35277e-14
2.06679e-15
3.14534e-08
-8.44602e-15
1.92148e-15
3.36367e-08
-3.14282e-15
1.44645e-15
3.05588e-08
5.22404e-16
1.51602e-08
-6.54485e-14
1.95015e-15
3.68833e-08
-6.07777e-14
2.2587e-15
4.50851e-08
-5.44648e-14
2.5355e-15
5.4389e-08
-4.59883e-14
2.72642e-15
6.42239e-08
-3.50108e-14
2.74206e-15
7.30867e-08
-2.17543e-14
2.46099e-15
7.75291e-08
-8.07391e-15
1.74903e-15
7.00874e-08
5.29353e-16
3.50151e-08
-9.58004e-14
8.66509e-17
5.12559e-08
-8.88514e-14
1.10412e-16
6.2712e-08
-7.94684e-14
1.4013e-16
7.57341e-08
-6.6943e-14
1.75742e-16
8.9543e-08
-5.07803e-14
2.15203e-16
1.02066e-07
-3.13728e-14
2.49329e-16
1.08511e-07
-1.15105e-14
2.49706e-16
9.84234e-08
1.41179e-16
4.95107e-08
-9.59312e-14
-1.79094e-15
5.12559e-08
-8.89701e-14
-2.05713e-15
6.2712e-08
-7.95922e-14
-2.28135e-15
7.57341e-08
-6.70505e-14
-2.40947e-15
8.9543e-08
-5.08786e-14
-2.35745e-15
1.02066e-07
-3.14598e-14
-2.01991e-15
1.08511e-07
-1.1551e-14
-1.31296e-15
9.84234e-08
-2.83633e-16
4.95107e-08
-6.57836e-14
-1.24348e-15
3.68833e-08
-6.11065e-14
-1.4525e-15
4.50851e-08
-5.47861e-14
-1.63941e-15
5.4389e-08
-4.62874e-14
-1.77287e-15
6.42239e-08
-3.52606e-14
-1.79233e-15
7.30867e-08
-2.19625e-14
-1.61777e-15
7.75291e-08
-8.17845e-15
-1.16231e-15
7.00874e-08
-3.80829e-16
3.50151e-08
-2.54561e-14
1.53324e-08
2.87578e-17
-2.36587e-14
1.88857e-08
3.74642e-17
-2.12337e-14
2.29799e-08
4.74493e-17
-1.79478e-14
2.73862e-08
5.92465e-17
-1.37139e-14
3.14534e-08
6.65237e-17
-8.53313e-15
3.36367e-08
7.49556e-17
-3.19069e-15
3.05588e-08
7.16164e-17
1.51602e-08
3.51742e-17
-1.65278e-14
7.27773e-16
1.53324e-08
-1.5354e-14
8.4578e-16
1.88857e-08
-1.37539e-14
9.4814e-16
2.29799e-08
-1.16011e-14
1.01619e-15
2.73861e-08
-8.8432e-15
1.01227e-15
3.14534e-08
-5.53774e-15
8.8937e-16
3.36367e-08
-2.08342e-15
6.05421e-16
3.05588e-08
1.65593e-16
1.51602e-08
-4.17975e-14
1.06972e-15
3.68832e-08
-3.8858e-14
1.22166e-15
4.50851e-08
-3.48163e-14
1.34444e-15
5.4389e-08
-2.93956e-14
1.40412e-15
6.42239e-08
-2.23703e-14
1.34831e-15
7.30867e-08
-1.39292e-14
1.11631e-15
7.75291e-08
-5.19402e-15
6.7107e-16
7.00874e-08
9.01157e-17
3.50151e-08
-6.04554e-14
-7.06512e-17
5.12559e-08
-5.61099e-14
-9.11364e-17
6.2712e-08
-5.01714e-14
-1.17656e-16
7.57341e-08
-4.22557e-14
-1.50861e-16
8.9543e-08
-3.20507e-14
-1.91256e-16
1.02066e-07
-1.98138e-14
-2.31201e-16
1.08511e-07
-7.29573e-15
-2.47051e-16
9.84234e-08
-1.55836e-16
4.95107e-08
-6.03572e-14
-1.21764e-15
5.12559e-08
-5.60114e-14
-1.41162e-15
6.2712e-08
-5.00616e-14
-1.58813e-15
7.57341e-08
-4.21638e-14
-1.71389e-15
8.9543e-08
-3.19332e-14
-1.73464e-15
1.02066e-07
-1.9747e-14
-1.57322e-15
1.08511e-07
-7.25782e-15
-1.14241e-15
9.84234e-08
-3.70156e-16
4.95107e-08
-4.13804e-14
-8.45516e-16
3.68832e-08
-3.84565e-14
-9.95496e-16
4.50851e-08
-3.44079e-14
-1.13803e-15
5.4389e-08
-2.90569e-14
-1.25514e-15
6.42239e-08
-2.20567e-14
-1.30499e-15
7.30867e-08
-1.37215e-14
-1.22695e-15
7.75291e-08
-5.11305e-15
-9.42309e-16
7.00874e-08
-3.5726e-16
3.50151e-08
-1.62119e-14
1.53324e-08
-1.55983e-17
-1.50444e-14
1.88857e-08
-2.05687e-17
-1.35131e-14
2.29799e-08
-2.70227e-17
-1.13401e-14
2.73861e-08
-3.28444e-17
-8.61713e-15
3.14534e-08
-3.74156e-17
-5.37334e-15
3.36367e-08
-4.09498e-17
-2.00053e-15
3.05588e-08
-3.84635e-17
1.51602e-08
-1.97607e-17
-9.69641e-15
5.13261e-16
1.53324e-08
-9.00972e-15
6.04242e-16
1.88857e-08
-8.07141e-15
6.90793e-16
2.29799e-08
-6.80442e-15
7.62249e-16
2.73861e-08
-5.16354e-15
7.9513e-16
3.14534e-08
-3.20199e-15
7.54011e-16
3.36367e-08
-1.17857e-15
5.89893e-16
3.05588e-08
2.34909e-16
1.51602e-08
-2.53288e-14
7.50695e-16
3.68832e-08
-2.35147e-14
8.71349e-16
4.50851e-08
-2.10286e-14
9.82526e-16
5.4389e-08
-1.77207e-14
1.06513e-15
6.42239e-08
-1.34318e-14
1.08824e-15
7.30867e-08
-8.29345e-15
1.00738e-15
7.75291e-08
-3.04344e-15
7.64349e-16
7.00874e-08
2.83667e-16
3.50151e-08
-3.70165e-14
6.52329e-17
5.12559e-08
-3.43381e-14
8.35382e-17
6.2712e-08
-3.0688e-14
1.07552e-16
7.5734e-08
-2.58123e-14
1.39262e-16
8.9543e-08
-1.95288e-14
1.79399e-16
1.02066e-07
-1.20159e-14
2.24626e-16
1.08511e-07
-4.36375e-15
2.50247e-16
9.84233e-08
1.67354e-16
4.95107e-08
-3.71735e-14
-6.24052e-16
5.12559e-08
-3.44845e-14
-7.08642e-16
6.2712e-08
-3.08241e-14
-7.72605e-16
7.57341e-08
-2.59361e-14
-7.94409e-16
8.9543e-08
-1.96322e-14
-7.42019e-16
1.02066e-07
-1.20897e-14
-5.81021e-16
1.08511e-07
-4.40505e-15
-2.99649e-16
9.84233e-08
1.51055e-17
4.95107e-08
-2.58012e-14
-4.1085e-16
3.68832e-08
-2.39644e-14
-4.73463e-16
4.50851e-08
-2.14538e-14
-5.23386e-16
5.4389e-08
-1.8087e-14
-5.48491e-16
6.42239e-08
-1.37454e-14
-5.27092e-16
7.30867e-08
-8.51186e-15
-4.35136e-16
7.75291e-08
-3.13557e-15
-2.61672e-16
7.00874e-08
-4.16506e-17
3.50151e-08
-1.02221e-14
1.53324e-08
5.05439e-17
-9.49194e-15
1.88857e-08
6.4814e-17
-8.49495e-15
2.29799e-08
8.45407e-17
-7.17111e-15
2.73861e-08
1.07116e-16
-5.46005e-15
3.14534e-08
1.29662e-16
-3.39199e-15
3.36367e-08
1.46413e-16
-1.27162e-15
3.05588e-08
1.35487e-16
1.51602e-08
6.52847e-17
-5.9043e-15
3.40313e-16
1.53324e-08
-5.51005e-15
4.00534e-16
1.88857e-08
-4.94637e-15
4.57631e-16
2.29799e-08
-4.18477e-15
5.04244e-16
2.73861e-08
-3.19141e-15
5.2365e-16
3.14534e-08
-1.97951e-15
4.90769e-16
3.36367e-08
-7.23656e-16
3.73128e-16
3.05588e-08
1.35895e-16
1.51602e-08
-1.54665e-14
5.24422e-16
3.68832e-08
-1.43945e-14
6.10925e-16
4.50851e-08
-1.2892e-14
6.91993e-16
5.4389e-08
-1.08839e-14
7.53991e-16
6.42239e-08
-8.27027e-15
7.72638e-16
7.30867e-08
-5.10993e-15
7.11789e-16
7.75291e-08
-1.87239e-15
5.25318e-16
7.00874e-08
1.71626e-16
3.50151e-08
-2.27295e-14
1.41493e-16
5.12559e-08
-2.11236e-14
1.74417e-16
6.2712e-08
-1.88953e-14
2.11922e-16
7.5734e-08
-1.59164e-14
2.52313e-16
8.9543e-08
-1.20615e-14
2.87935e-16
1.02066e-07
-7.43474e-15
3.02408e-16
1.08511e-07
-2.70167e-15
2.63076e-16
9.84233e-08
1.13211e-16
4.95107e-08
-2.30183e-14
-2.58101e-16
5.12559e-08
-2.13956e-14
-2.83094e-16
6.2712e-08
-1.91268e-14
-2.93129e-16
7.5734e-08
-1.61079e-14
-2.79878e-16
8.9543e-08
-1.21929e-14
-2.31853e-16
1.02066e-07
-7.48475e-15
-1.45049e-16
1.08511e-07
-2.70288e-15
-3.2127e-17
9.84233e-08
5.03745e-17
4.95107e-08
-1.59089e-14
-8.33981e-17
3.68832e-08
-1.48199e-14
-8.56465e-17
4.50851e-08
-1.32742e-14
-7.82593e-17
5.4389e-08
-1.12038e-14
-5.94238e-17
6.42239e-08
-8.52921e-15
-2.69523e-17
7.30867e-08
-5.28365e-15
1.33791e-17
7.75291e-08
-1.9438e-15
3.54888e-17
7.00874e-08
9.15818e-18
3.50151e-08
-6.57702e-15
1.53324e-08
1.19782e-16
-6.03272e-15
1.88857e-08
1.47381e-16
-5.32333e-15
2.29799e-08
1.75451e-16
-4.37476e-15
2.73861e-08
2.00621e-16
-3.21073e-15
3.14534e-08
2.17822e-16
-1.92028e-15
3.36367e-08
2.15855e-16
-6.80499e-16
3.05588e-08
1.83575e-16
1.51602e-08
8.91588e-17
-3.90447e-15
1.42185e-16
1.53324e-08
-3.61547e-15
1.6242e-16
1.88857e-08
-3.23959e-15
1.77043e-16
2.29799e-08
-2.73062e-15
1.81785e-16
2.73861e-08
-2.07913e-15
1.69195e-16
3.14534e-08
-1.2894e-15
1.31676e-16
3.36367e-08
-4.76259e-16
6.76963e-17
3.05588e-08
-1.3177e-18
1.51602e-08
-9.71798e-15
2.34556e-16
3.68832e-08
-9.0058e-15
2.63556e-16
4.50851e-08
-8.03994e-15
2.82874e-16
5.4389e-08
-6.76991e-15
2.83328e-16
6.42239e-08
-5.12826e-15
2.52379e-16
7.30867e-08
-3.15142e-15
1.77642e-16
7.75291e-08
-1.14309e-15
6.10182e-17
7.00874e-08
-4.1632e-17
3.50151e-08
-1.39097e-14
-9.64343e-18
5.12559e-08
-1.28627e-14
-1.81231e-17
6.2712e-08
-1.14684e-14
-3.22685e-17
7.5734e-08
-9.62235e-15
-5.5714e-17
8.9543e-08
-7.2712e-15
-9.17819e-17
1.02066e-07
-4.46669e-15
-1.40799e-16
1.08511e-07
-1.60578e-15
-1.83123e-16
9.84233e-08
-1.37132e-16
4.95107e-08
-1.37779e-14
-2.73679e-16
5.12559e-08
-1.27261e-14
-3.2319e-16
6.2712e-08
-1.13475e-14
-3.74278e-16
7.5734e-08
-9.50234e-15
-4.22837e-16
8.9543e-08
-7.17666e-15
-4.62043e-16
1.02066e-07
-4.40024e-15
-4.7426e-16
1.08511e-07
-1.59056e-15
-4.22012e-16
9.84233e-08
-2.10495e-16
4.95107e-08
-9.16783e-15
-1.99943e-16
3.68832e-08
-8.4767e-15
-2.40278e-16
4.50851e-08
-7.55294e-15
-2.82717e-16
5.4389e-08
-6.33991e-15
-3.25462e-16
6.42239e-08
-4.77534e-15
-3.6199e-16
7.30867e-08
-2.93207e-15
-3.77327e-16
7.75291e-08
-1.07131e-15
-3.39352e-16
7.00874e-08
-1.72552e-16
3.50151e-08
-3.05329e-15
1.53324e-08
-8.71369e-18
-2.81184e-15
1.88857e-08
-1.1626e-17
-2.50914e-15
2.29799e-08
-1.56211e-17
-2.10252e-15
2.73861e-08
-2.12224e-17
-1.58259e-15
3.14534e-08
-2.91447e-17
-9.97311e-16
3.36367e-08
-3.93968e-17
-3.83813e-16
3.05588e-08
-4.79766e-17
1.51602e-08
-3.5715e-17
-2.06409e-15
1.15387e-16
1.53324e-08
-1.91327e-15
1.35645e-16
1.88857e-08
-1.71792e-15
1.54686e-16
2.29799e-08
-1.4467e-15
1.69781e-16
2.73861e-08
-1.10271e-15
1.75927e-16
3.14534e-08
-6.90603e-16
1.65309e-16
3.36367e-08
-2.65242e-16
1.276e-16
3.05588e-08
5.02009e-17
1.51602e-08
-5.64333e-15
1.34134e-16
3.68832e-08
-5.2204e-15
1.50455e-16
4.50851e-08
-4.67685e-15
1.61081e-16
5.4389e-08
-3.93887e-15
1.60954e-16
6.42239e-08
-2.99744e-15
1.43791e-16
7.30867e-08
-1.86816e-15
1.04176e-16
7.75291e-08
-7.04824e-16
4.52292e-17
7.00874e-08
-1.11847e-17
3.50151e-08
-8.25395e-15
-6.88848e-17
5.12559e-08
-7.64437e-15
-9.02811e-17
6.2712e-08
-6.84259e-15
-1.1818e-16
7.5734e-08
-5.76069e-15
-1.53243e-16
8.9543e-08
-4.35299e-15
-1.93351e-16
1.02066e-07
-2.7e-15
-2.28888e-16
1.08511e-07
-1.00459e-15
-2.30656e-16
9.84233e-08
-1.27133e-16
4.95107e-08
-8.09332e-15
-2.59141e-16
5.12559e-08
-7.49096e-15
-3.12597e-16
6.2712e-08
-6.68965e-15
-3.70526e-16
7.5734e-08
-5.6254e-15
-4.28474e-16
8.9543e-08
-4.24956e-15
-4.75325e-16
1.02066e-07
-2.61937e-15
-4.88531e-16
1.08511e-07
-9.67352e-16
-4.2229e-16
9.84233e-08
-1.9263e-16
4.95107e-08
-5.20633e-15
-1.93554e-16
3.68832e-08
-4.80852e-15
-2.34285e-16
4.50851e-08
-4.29583e-15
-2.78227e-16
5.4389e-08
-3.60279e-15
-3.21904e-16
6.42239e-08
-2.73376e-15
-3.56776e-16
7.30867e-08
-1.69918e-15
-3.64911e-16
7.75291e-08
-6.35967e-16
-3.1342e-16
7.00874e-08
-1.43658e-16
3.50151e-08
-1.7057e-15
1.53324e-08
-3.40417e-17
-1.58959e-15
1.88857e-08
-4.21191e-17
-1.43027e-15
2.29799e-08
-5.14713e-17
-1.21397e-15
2.73861e-08
-6.15608e-17
-9.3388e-16
3.14534e-08
-7.07042e-17
-5.88221e-16
3.36367e-08
-7.50693e-17
-2.26769e-16
3.05588e-08
-6.67419e-17
1.51602e-08
-3.15306e-17
-1.77118e-15
-2.85997e-17
1.53324e-08
-1.62124e-15
-4.02449e-17
1.88857e-08
-1.46233e-15
-5.70768e-17
2.29799e-08
-1.16183e-15
-7.74903e-17
2.73861e-08
-9.39794e-16
-1.05234e-16
3.14534e-08
-6.11074e-16
-1.30634e-16
3.36367e-08
-2.65486e-16
-1.38052e-16
3.05588e-08
-8.23126e-17
1.51602e-08
-4.07496e-15
-7.24706e-17
3.68832e-08
-3.85978e-15
-1.01518e-16
4.50851e-08
-3.44604e-15
-1.40574e-16
5.4389e-08
-2.97948e-15
-1.93267e-16
6.42239e-08
-2.2199e-15
-2.5166e-16
7.30867e-08
-1.43822e-15
-3.12934e-16
7.75291e-08
-5.90834e-16
-3.26899e-16
7.00874e-08
-1.89519e-16
3.50151e-08
-5.57432e-15
-2.25621e-16
5.12559e-08
-5.17844e-15
-2.82228e-16
6.2712e-08
-4.685e-15
-3.51376e-16
7.5734e-08
-3.87611e-15
-4.27502e-16
8.9543e-08
-3.02373e-15
-5.09819e-16
1.02066e-07
-1.88552e-15
-5.58719e-16
1.08511e-07
-7.11661e-16
-5.16963e-16
9.84233e-08
-2.56473e-16
4.95107e-08
-5.26885e-15
-3.39308e-16
5.12559e-08
-5.01101e-15
-4.13288e-16
6.2712e-08
-4.47392e-15
-4.95634e-16
7.5734e-08
-3.88358e-15
-5.84585e-16
8.9543e-08
-2.89342e-15
-6.58249e-16
1.02066e-07
-1.79669e-15
-6.89111e-16
1.08511e-07
-6.58883e-16
-5.97483e-16
9.84233e-08
-2.62995e-16
4.95107e-08
-3.43781e-15
-2.38211e-16
3.68832e-08
-3.23772e-15
-2.88467e-16
4.50851e-08
-2.99944e-15
-3.45019e-16
5.4389e-08
-2.5272e-15
-4.04136e-16
6.42239e-08
-2.00295e-15
-4.5697e-16
7.30867e-08
-1.21775e-15
-4.78377e-16
7.75291e-08
-4.03087e-16
-4.12681e-16
7.00874e-08
-1.79603e-16
3.50151e-08
-1.705e-15
1.53324e-08
-6.1603e-17
-1.77644e-15
1.88857e-08
-7.52053e-17
-1.71494e-15
2.29799e-08
-8.98645e-17
-1.57904e-15
2.73861e-08
-1.03274e-16
-1.24996e-15
3.14534e-08
-1.1315e-16
-6.4672e-16
3.36367e-08
-1.13389e-16
-1.19072e-16
3.05588e-08
-9.53378e-17
1.51602e-08
-4.34531e-17
-7.36417e-16
6.78801e-17
1.53324e-08
-6.81111e-16
8.39059e-17
1.88857e-08
-5.98482e-16
1.02784e-16
2.29799e-08
-4.91117e-16
1.2467e-16
2.73861e-08
-3.56438e-16
1.47636e-16
3.14534e-08
-1.90344e-16
1.66526e-16
3.36367e-08
-4.28845e-17
1.63787e-16
3.05588e-08
9.36882e-17
1.51602e-08
-2.17359e-15
8.287e-17
3.68832e-08
-2.00575e-15
1.03949e-16
4.50851e-08
-1.75616e-15
1.30543e-16
5.4389e-08
-1.44187e-15
1.64043e-16
6.42239e-08
-1.05015e-15
2.04659e-16
7.30867e-08
-5.85583e-16
2.47655e-16
7.75291e-08
-1.59082e-16
2.68194e-16
7.00874e-08
1.72141e-16
3.50151e-08
-3.29305e-15
2.5559e-17
5.12559e-08
-3.04699e-15
4.03927e-17
6.2712e-08
-2.69359e-15
6.405e-17
7.5734e-08
-2.23466e-15
1.01215e-16
8.9543e-08
-1.64554e-15
1.56997e-16
1.02066e-07
-9.37601e-16
2.30878e-16
1.08511e-07
-2.84413e-16
2.93512e-16
9.84233e-08
2.16909e-16
4.95107e-08
-3.4049e-15
-1.32153e-17
5.12559e-08
-3.17051e-15
-2.51275e-18
6.2712e-08
-2.82546e-15
1.87526e-17
7.5734e-08
-2.37144e-15
5.62058e-17
8.9543e-08
-1.77536e-15
1.15882e-16
1.02066e-07
-1.05561e-15
1.96539e-16
1.08511e-07
-3.30946e-16
2.67114e-16
9.84233e-08
2.03828e-16
4.95107e-08
-2.61458e-15
3.07152e-17
3.68832e-08
-2.45238e-15
4.60464e-17
4.50851e-08
-2.20605e-15
6.92624e-17
5.4389e-08
-1.87392e-15
1.02963e-16
6.42239e-08
-1.42972e-15
1.47814e-16
7.30867e-08
-8.65684e-16
1.96475e-16
7.75291e-08
-2.92219e-16
2.19251e-16
7.00874e-08
1.35612e-16
3.50151e-08
-1.44537e-15
1.53324e-08
4.7192e-17
-1.32311e-15
1.88857e-08
6.0874e-17
-1.163e-15
2.29799e-08
7.85581e-17
-9.62713e-16
2.73861e-08
9.79368e-17
-7.12357e-16
3.14534e-08
1.17189e-16
-4.19583e-16
3.36367e-08
1.29863e-16
-1.47322e-16
3.05588e-08
1.20742e-16
1.51602e-08
6.19662e-17
-2.77762e-16
5.25847e-17
1.53324e-08
-2.58641e-16
6.39598e-17
1.88857e-08
-2.40693e-16
7.61928e-17
2.29799e-08
-2.14004e-16
8.78436e-17
2.73861e-08
-1.75486e-16
9.63975e-17
3.14534e-08
-1.28352e-16
9.62173e-17
3.36367e-08
-6.35762e-17
7.80039e-17
3.05588e-08
3.11844e-17
1.51602e-08
-1.00181e-15
6.9395e-17
3.68832e-08
-9.20606e-16
8.50008e-17
4.50851e-08
-8.35408e-16
1.02122e-16
5.4389e-08
-7.01798e-16
1.1898e-16
6.42239e-08
-5.52559e-16
1.30833e-16
7.30867e-08
-3.74695e-16
1.2987e-16
7.75291e-08
-1.61025e-16
9.98394e-17
7.00874e-08
2.94256e-17
3.50151e-08
-1.6973e-15
2.38536e-17
5.12559e-08
-1.55956e-15
3.2269e-17
6.2712e-08
-1.39464e-15
4.31618e-17
7.5734e-08
-1.17572e-15
5.55402e-17
8.9543e-08
-8.93517e-16
6.65087e-17
1.02066e-07
-5.65741e-16
6.84402e-17
1.08511e-07
-2.30802e-16
4.77669e-17
9.84233e-08
3.71531e-18
4.95107e-08
-1.77386e-15
-2.54503e-17
5.12559e-08
-1.63408e-15
-2.71253e-17
6.2712e-08
-1.47936e-15
-2.75083e-17
7.5734e-08
-1.25474e-15
-2.67986e-17
8.9543e-08
-9.51625e-16
-2.64502e-17
1.02066e-07
-6.18545e-16
-2.91867e-17
1.08511e-07
-2.39119e-16
-3.68969e-17
9.84233e-08
-3.39764e-17
4.95107e-08
-1.19256e-15
-1.77215e-17
3.68832e-08
-1.10384e-15
-2.13438e-17
4.50851e-08
-1.00646e-15
-2.59e-17
5.4389e-08
-8.55707e-16
-3.23427e-17
6.42239e-08
-6.58955e-16
-4.18604e-17
7.30867e-08
-4.26216e-16
-5.47151e-17
7.75291e-08
-1.77887e-16
-6.37124e-17
7.00874e-08
-4.54939e-17
3.50151e-08
-4.5223e-16
1.53324e-08
1.26605e-18
-4.26002e-16
1.88857e-08
2.19007e-19
-3.9369e-16
2.29799e-08
-3.15016e-18
-3.41633e-16
2.73861e-08
-8.25239e-18
-2.85687e-16
3.14534e-08
-1.65951e-17
-1.67507e-16
3.36367e-08
-2.28112e-17
-6.47021e-17
3.05588e-08
-2.2757e-17
1.51602e-08
-1.21252e-17
-5.0909e-16
-1.25996e-17
1.53324e-08
-4.78721e-16
-1.71409e-17
1.88857e-08
-4.39456e-16
-2.36615e-17
2.29799e-08
-3.82437e-16
-3.20912e-17
2.73861e-08
-3.05424e-16
-4.25483e-17
3.14534e-08
-2.12608e-16
-5.30004e-17
3.36367e-08
-1.01058e-16
-5.67729e-17
3.05588e-08
-3.39251e-17
1.51602e-08
-1.03912e-15
-9.36225e-18
3.68832e-08
-9.9339e-16
-1.47e-17
4.50851e-08
-9.15441e-16
-2.26644e-17
5.4389e-08
-8.06171e-16
-3.40286e-17
6.42239e-08
-6.48671e-16
-4.89972e-17
7.30867e-08
-4.5438e-16
-6.58165e-17
7.75291e-08
-2.02335e-16
-7.32888e-17
7.00874e-08
-4.60059e-17
3.50151e-08
-1.43368e-15
-3.59123e-17
5.12559e-08
-1.36528e-15
-4.4863e-17
6.2712e-08
-1.26656e-15
-5.59157e-17
7.5734e-08
-1.10589e-15
-6.86711e-17
8.9543e-08
-8.86292e-16
-8.22683e-17
1.02066e-07
-6.01823e-16
-9.23124e-17
1.08511e-07
-2.74881e-16
-8.85319e-17
9.84233e-08
-4.46962e-17
4.95107e-08
-1.46997e-15
-5.75905e-17
5.12559e-08
-1.40609e-15
-6.88128e-17
6.2712e-08
-1.27976e-15
-8.06281e-17
7.5734e-08
-1.11602e-15
-9.24155e-17
8.9543e-08
-8.69175e-16
-1.0046e-16
1.02066e-07
-5.8131e-16
-9.97837e-17
1.08511e-07
-2.53358e-16
-7.9016e-17
9.84233e-08
-2.75817e-17
4.95107e-08
-1.17515e-15
-5.92416e-17
3.68832e-08
-1.11585e-15
-7.23773e-17
4.50851e-08
-1.01621e-15
-8.69996e-17
5.4389e-08
-8.66508e-16
-1.02453e-16
6.42239e-08
-6.81279e-16
-1.15652e-16
7.30867e-08
-4.41011e-16
-1.16528e-16
7.75291e-08
-1.80788e-16
-9.07674e-17
7.00874e-08
-2.42619e-17
3.50151e-08
-5.42148e-16
1.53324e-08
-1.85177e-17
-5.37025e-16
1.88857e-08
-2.42956e-17
-5.16633e-16
2.29799e-08
-3.0853e-17
-4.77707e-16
2.73861e-08
-3.84525e-17
-3.9253e-16
3.14534e-08
-4.14909e-17
-3.08722e-16
3.36367e-08
-4.53524e-17
-1.26994e-16
3.05588e-08
-4.07368e-17
1.51602e-08
-1.71728e-17
1.68244e-16
4.96604e-17
1.53324e-08
1.87241e-16
6.26464e-17
1.88857e-08
1.8261e-16
7.84334e-17
2.29799e-08
1.69709e-16
9.6467e-17
2.73861e-08
1.42545e-16
1.16057e-16
3.14534e-08
1.09818e-16
1.32215e-16
3.36367e-08
5.86778e-17
1.32567e-16
3.05588e-08
7.79633e-17
1.51602e-08
-7.68121e-17
8.10314e-17
3.68832e-08
1.54342e-18
1.03107e-16
4.50851e-08
4.47031e-17
1.30356e-16
5.4389e-08
9.01807e-17
1.63039e-16
6.42239e-08
9.79566e-17
1.99645e-16
7.30867e-08
1.18312e-16
2.33284e-16
7.75291e-08
8.67427e-17
2.38541e-16
7.00874e-08
1.41709e-16
3.50151e-08
-4.05766e-16
9.39338e-17
5.12559e-08
-2.84795e-16
1.20659e-16
6.2712e-08
-1.8531e-16
1.55073e-16
7.5734e-08
-8.46154e-17
1.97688e-16
8.9543e-08
-6.62821e-18
2.47506e-16
1.02066e-07
8.0046e-17
2.94122e-16
1.08511e-07
9.68651e-17
3.06947e-16
9.84233e-08
1.84691e-16
4.95107e-08
-5.68372e-16
8.89696e-17
5.12559e-08
-4.50144e-16
1.14377e-16
6.2712e-08
-3.62006e-16
1.47225e-16
7.5734e-08
-2.56891e-16
1.88459e-16
8.9543e-08
-1.66824e-16
2.35419e-16
1.02066e-07
-4.45596e-17
2.78532e-16
1.08511e-07
2.57788e-17
2.82951e-16
9.84233e-08
1.62929e-16
4.95107e-08
-5.25987e-16
7.20985e-17
3.68832e-08
-4.42866e-16
9.1358e-17
4.50851e-08
-3.77269e-16
1.15809e-16
5.4389e-08
-3.04569e-16
1.4545e-16
6.42239e-08
-2.17325e-16
1.78467e-16
7.30867e-08
-1.28648e-16
2.02892e-16
7.75291e-08
-3.02193e-17
1.95344e-16
7.00874e-08
9.98747e-17
3.50151e-08
-4.09741e-16
1.53324e-08
2.99061e-17
-3.36389e-16
1.88857e-08
3.75989e-17
-2.8682e-16
2.29799e-08
4.57468e-17
-2.12029e-16
2.73861e-08
5.4302e-17
-1.91822e-16
3.14534e-08
5.70002e-17
-9.42647e-17
3.36367e-08
6.2029e-17
-5.61347e-17
3.05588e-08
5.9024e-17
1.51602e-08
2.9113e-17
7.07629e-16
8.69365e-17
1.53324e-08
6.49934e-16
1.07126e-16
1.88857e-08
5.6614e-16
1.30197e-16
2.29799e-08
4.51721e-16
1.54042e-16
2.73861e-08
3.23737e-16
1.75292e-16
3.14534e-08
1.85747e-16
1.84569e-16
3.36367e-08
5.95823e-17
1.63943e-16
3.05588e-08
7.8272e-17
1.51602e-08
8.4135e-16
1.17705e-16
3.68832e-08
7.87989e-16
1.44847e-16
4.50851e-08
6.67645e-16
1.75025e-16
5.4389e-08
5.31769e-16
2.05708e-16
6.42239e-08
3.5073e-16
2.30408e-16
7.30867e-08
1.66414e-16
2.3588e-16
7.75291e-08
2.43376e-17
1.95372e-16
7.00874e-08
7.64919e-17
3.50151e-08
6.03309e-16
1.10901e-16
5.12559e-08
5.77296e-16
1.35368e-16
6.2712e-08
4.93698e-16
1.6255e-16
7.5734e-08
3.77073e-16
1.89305e-16
8.9543e-08
2.54773e-16
2.09378e-16
1.02066e-07
1.14835e-16
2.07049e-16
1.08511e-07
6.63971e-18
1.60192e-16
9.84233e-08
4.99943e-17
4.95107e-08
4.7647e-16
9.08106e-17
5.12559e-08
4.63463e-16
1.0976e-16
6.2712e-08
3.93062e-16
1.30287e-16
7.5734e-08
3.1118e-16
1.49943e-16
8.9543e-08
2.02294e-16
1.61435e-16
1.02066e-07
8.35121e-17
1.52333e-16
1.08511e-07
-8.90559e-18
1.02706e-16
9.84233e-08
1.61949e-17
4.95107e-08
5.14578e-16
7.99177e-17
3.68832e-08
5.07654e-16
9.72198e-17
4.50851e-08
4.57698e-16
1.1688e-16
5.4389e-08
3.74494e-16
1.37042e-16
6.42239e-08
2.78311e-16
1.52659e-16
7.30867e-08
1.34193e-16
1.50642e-16
7.75291e-08
9.25144e-18
1.09983e-16
7.00874e-08
1.96216e-17
3.50151e-08
4.53789e-16
1.53324e-08
3.40981e-17
4.97288e-16
1.88857e-08
4.39146e-17
4.76534e-16
2.29799e-08
5.54491e-17
4.69148e-16
2.73861e-08
6.81161e-17
3.74022e-16
3.14534e-08
7.62412e-17
2.35181e-16
3.36367e-08
7.99046e-17
3.48736e-17
3.05588e-08
6.69301e-17
1.51602e-08
2.59297e-17
-9.95975e-16
-5.03482e-17
1.53324e-08
-9.58274e-16
-6.66035e-17
1.88857e-08
-9.0063e-16
-8.87252e-17
2.29799e-08
-7.74327e-16
-1.16736e-16
2.73861e-08
-6.37542e-16
-1.51336e-16
3.14534e-08
-3.01857e-16
-1.81164e-16
3.36367e-08
-6.27796e-18
-1.89002e-16
3.05588e-08
-1.1454e-16
1.51602e-08
-1.20772e-15
-8.32245e-17
3.68832e-08
-1.17926e-15
-1.10345e-16
4.50851e-08
-1.08511e-15
-1.46486e-16
5.4389e-08
-9.9104e-16
-1.94537e-16
6.42239e-08
-7.24876e-16
-2.50693e-16
7.30867e-08
-3.161e-16
-3.10311e-16
7.75291e-08
5.29362e-17
-3.29184e-16
7.00874e-08
-1.96988e-16
3.50151e-08
-1.13196e-15
-1.20685e-16
5.12559e-08
-1.12662e-15
-1.59042e-16
6.2712e-08
-1.08042e-15
-2.10806e-16
7.5734e-08
-9.34129e-16
-2.77412e-16
8.9543e-08
-7.86276e-16
-3.62561e-16
1.02066e-07
-2.84125e-16
-4.42433e-16
1.08511e-07
1.10797e-16
-4.67913e-16
9.84233e-08
-2.81346e-16
4.95107e-08
-1.11805e-15
-1.48122e-16
5.12559e-08
-1.11058e-15
-1.93704e-16
6.2712e-08
-1.00604e-15
-2.52763e-16
7.5734e-08
-9.24062e-16
-3.29035e-16
8.9543e-08
-6.1887e-16
-4.16047e-16
1.02066e-07
-1.50205e-16
-5.00081e-16
1.08511e-07
1.8818e-16
-5.03481e-16
9.84233e-08
-2.73569e-16
4.95107e-08
-8.11352e-16
-1.23319e-16
3.68832e-08
-8.23568e-16
-1.55214e-16
4.50851e-08
-8.21052e-16
-1.95006e-16
5.4389e-08
-7.44728e-16
-2.44084e-16
6.42239e-08
-6.40399e-16
-3.01223e-16
7.30867e-08
-1.7957e-16
-3.55593e-16
7.75291e-08
1.69604e-16
-3.50428e-16
7.00874e-08
-1.84707e-16
3.50151e-08
-1.44036e-15
1.53324e-08
-2.71922e-17
-1.48909e-15
1.88857e-08
-3.2899e-17
-1.48981e-15
2.29799e-08
-3.97904e-17
-1.37284e-15
2.73861e-08
-4.74522e-17
-1.11383e-15
3.14534e-08
-5.64648e-17
-3.8588e-16
3.36367e-08
-6.08045e-17
1.26613e-16
3.05588e-08
-5.60081e-17
1.51602e-08
-3.08867e-17
-5.30913e-16
-5.21364e-18
1.53324e-08
-5.01025e-16
-6.56401e-18
1.88857e-08
-4.40314e-16
-8.25175e-18
2.29799e-08
-3.72958e-16
-9.75445e-18
2.73861e-08
-2.7276e-16
-1.05537e-17
3.14534e-08
-1.26891e-16
-8.55893e-18
3.36367e-08
-4.37499e-19
-3.04352e-18
3.05588e-08
3.00262e-18
1.51602e-08
-7.91737e-16
-2.3725e-17
3.68832e-08
-7.49419e-16
-2.84719e-17
4.50851e-08
-6.62218e-16
-3.31258e-17
5.4389e-08
-5.63411e-16
-3.62965e-17
6.42239e-08
-4.27017e-16
-3.47228e-17
7.30867e-08
-2.0553e-16
-2.25688e-17
7.75291e-08
-1.72309e-17
2.7913e-18
7.00874e-08
2.68148e-17
3.50151e-08
-8.90164e-16
-4.48017e-17
5.12559e-08
-8.47783e-16
-5.37483e-17
6.2712e-08
-7.62151e-16
-6.2138e-17
7.5734e-08
-6.60907e-16
-6.70908e-17
8.9543e-08
-5.0544e-16
-6.24939e-17
1.02066e-07
-2.62351e-16
-3.90793e-17
1.08511e-07
-3.73676e-17
1.08707e-17
9.84233e-08
5.39427e-17
4.95107e-08
-8.63512e-16
-5.69749e-17
5.12559e-08
-8.37634e-16
-6.75594e-17
6.2712e-08
-7.58037e-16
-7.74793e-17
7.5734e-08
-6.6761e-16
-8.32227e-17
8.9543e-08
-5.30683e-16
-7.77707e-17
1.02066e-07
-2.95549e-16
-5.08993e-17
1.08511e-07
-5.20344e-17
2.91327e-18
9.84233e-08
4.75835e-17
4.95107e-08
-8.97408e-16
-6.90721e-17
3.68832e-08
-8.587e-16
-8.24952e-17
4.50851e-08
-7.72574e-16
-9.54894e-17
5.4389e-08
-6.76627e-16
-1.05286e-16
6.42239e-08
-5.31694e-16
-1.06572e-16
7.30867e-08
-2.92548e-16
-8.76725e-17
7.75291e-08
-4.62105e-17
-3.69835e-17
7.00874e-08
2.87286e-17
3.50151e-08
-7.41653e-16
1.53324e-08
-2.91545e-17
-7.409e-16
1.88857e-08
-3.67688e-17
-7.08302e-16
2.29799e-08
-4.49715e-17
-6.79148e-16
2.73861e-08
-5.37395e-17
-5.55996e-16
3.14534e-08
-5.6109e-17
-3.89069e-16
3.36367e-08
-5.80479e-17
-1.18829e-16
3.05588e-08
-4.92144e-17
1.51602e-08
-1.88232e-17
-2.88274e-16
5.99428e-18
1.53324e-08
-2.61369e-16
7.97582e-18
1.88857e-08
-2.30676e-16
1.02249e-17
2.29799e-08
-1.97459e-16
1.25368e-17
2.73861e-08
-1.50085e-16
1.46552e-17
3.14534e-08
-8.21896e-17
1.58803e-17
3.36367e-08
-2.00612e-17
1.43556e-17
3.05588e-08
6.09319e-18
1.51602e-08
-4.32705e-16
1.56157e-17
3.68832e-08
-3.90708e-16
2.17497e-17
4.50851e-08
-3.41179e-16
2.99385e-17
5.4389e-08
-2.92825e-16
4.06425e-17
6.42239e-08
-2.20276e-16
5.35683e-17
7.30867e-08
-1.15888e-16
6.58838e-17
7.75291e-08
-2.51767e-17
6.85725e-17
7.00874e-08
3.81314e-17
3.50151e-08
-5.05574e-16
2.29548e-17
5.12559e-08
-4.61968e-16
3.27767e-17
6.2712e-08
-4.10374e-16
4.67914e-17
7.5734e-08
-3.54164e-16
6.59227e-17
8.9543e-08
-2.7931e-16
9.04116e-17
1.02066e-07
-1.59453e-16
1.16033e-16
1.08511e-07
-4.00415e-17
1.25209e-16
9.84233e-08
7.08474e-17
4.95107e-08
-4.98618e-16
2.99201e-17
5.12559e-08
-4.55916e-16
4.15176e-17
6.2712e-08
-4.12574e-16
5.81201e-17
7.5734e-08
-3.6043e-16
8.09928e-17
8.9543e-08
-2.84811e-16
1.09461e-16
1.02066e-07
-1.75961e-16
1.37967e-16
1.08511e-07
-5.30652e-17
1.45411e-16
9.84233e-08
8.38382e-17
4.95107e-08
-4.10813e-16
3.19532e-17
3.68832e-08
-3.8573e-16
4.28199e-17
4.50851e-08
-3.59435e-16
5.79033e-17
5.4389e-08
-3.3179e-16
7.77397e-17
6.42239e-08
-2.68258e-16
1.01826e-16
7.30867e-08
-1.8567e-16
1.21464e-16
7.75291e-08
-6.38885e-17
1.21722e-16
7.00874e-08
6.36882e-17
3.50151e-08
-3.6292e-16
1.53324e-08
1.85302e-17
-3.30356e-16
1.88857e-08
2.46498e-17
-2.96122e-16
2.29799e-08
3.12157e-17
-2.47611e-16
2.73861e-08
3.87563e-17
-2.15877e-16
3.14534e-08
4.1065e-17
-9.7949e-17
3.36367e-08
4.67106e-17
-3.48666e-17
3.05588e-08
4.57691e-17
1.51602e-08
2.19605e-17
-4.87905e-16
8.38023e-18
1.53324e-08
-4.60466e-16
9.59668e-18
1.88857e-08
-4.10023e-16
1.05159e-17
2.29799e-08
-3.49784e-16
1.08259e-17
2.73861e-08
-2.64142e-16
9.70196e-18
3.14534e-08
-1.42995e-16
6.54071e-18
3.36367e-08
-2.58336e-17
8.39897e-19
3.05588e-08
-4.78554e-18
1.51602e-08
-8.14318e-16
1.22065e-17
3.68832e-08
-7.70969e-16
1.48767e-17
4.50851e-08
-6.87662e-16
1.7719e-17
5.4389e-08
-5.79146e-16
2.02582e-17
6.42239e-08
-4.38408e-16
2.11316e-17
7.30867e-08
-2.43886e-16
1.86756e-17
7.75291e-08
-4.75449e-17
1.0537e-17
7.00874e-08
-9.28894e-19
3.50151e-08
-1.02486e-15
1.51516e-17
5.12559e-08
-9.66017e-16
1.93197e-17
6.2712e-08
-8.56769e-16
2.44383e-17
7.5734e-08
-7.2445e-16
3.0066e-17
8.9543e-08
-5.4001e-16
3.52278e-17
1.02066e-07
-2.92044e-16
3.67108e-17
1.08511e-07
-5.61941e-17
3.05062e-17
9.84233e-08
1.06965e-17
4.95107e-08
-1.09401e-15
1.61131e-17
5.12559e-08
-1.0398e-15
2.10538e-17
6.2712e-08
-9.1998e-16
2.68019e-17
7.5734e-08
-7.76579e-16
3.31748e-17
8.9543e-08
-5.84734e-16
3.93552e-17
1.02066e-07
-3.14134e-16
4.20496e-17
1.08511e-07
-6.64832e-17
3.68527e-17
9.84233e-08
1.27924e-17
4.95107e-08
-1.11421e-15
-4.92718e-18
3.68832e-08
-1.03464e-15
-5.66385e-18
4.50851e-08
-8.98993e-16
-6.27857e-18
5.4389e-08
-7.39749e-16
-6.76229e-18
6.42239e-08
-5.32172e-16
-7.04547e-18
7.30867e-08
-2.70149e-16
-3.63269e-18
7.75291e-08
-3.93073e-17
4.16324e-18
7.00874e-08
1.32333e-17
3.50151e-08
-6.88806e-16
1.53324e-08
-4.11019e-19
-6.47743e-16
1.88857e-08
-1.50555e-18
-5.86689e-16
2.29799e-08
-2.22972e-18
-5.14313e-16
2.73861e-08
-3.45545e-18
-3.71805e-16
3.14534e-08
3.2568e-19
-2.58978e-16
3.36367e-08
-1.9053e-18
-7.703e-17
3.05588e-08
-5.38705e-18
1.51602e-08
-3.19957e-18
-1.18079e-16
3.08876e-18
1.53324e-08
-1.05807e-16
3.84309e-18
1.88857e-08
-9.22095e-17
4.42905e-18
2.29799e-08
-7.5103e-17
4.85644e-18
2.73861e-08
-5.63686e-17
4.76262e-18
3.14534e-08
-3.47029e-17
4.05718e-18
3.36367e-08
-8.9517e-18
2.87241e-18
3.05588e-08
8.26253e-19
1.51602e-08
-2.40116e-16
2.19846e-17
3.68832e-08
-2.17841e-16
2.75344e-17
4.50851e-08
-1.91391e-16
3.40488e-17
5.4389e-08
-1.5768e-16
4.14287e-17
6.42239e-08
-1.18414e-16
4.85802e-17
7.30867e-08
-6.91321e-17
5.25188e-17
7.75291e-08
-1.81642e-17
4.87519e-17
7.00874e-08
2.54965e-17
3.50151e-08
-2.85571e-16
4.34995e-17
5.12559e-08
-2.57229e-16
5.54243e-17
6.2712e-08
-2.25293e-16
6.9985e-17
7.5734e-08
-1.8747e-16
8.66619e-17
8.9543e-08
-1.49498e-16
1.04041e-16
1.02066e-07
-9.32699e-17
1.15996e-16
1.08511e-07
-3.14859e-17
1.091e-16
9.84233e-08
5.59889e-17
4.95107e-08
-2.62129e-16
5.60965e-17
5.12559e-08
-2.28558e-16
7.09909e-17
6.2712e-08
-2.03113e-16
8.95558e-17
7.5734e-08
-1.64587e-16
1.11286e-16
8.9543e-08
-1.36541e-16
1.33242e-16
1.02066e-07
-9.6616e-17
1.49585e-16
1.08511e-07
-4.22163e-17
1.41329e-16
9.84233e-08
7.44348e-17
4.95107e-08
-8.27859e-17
5.89717e-17
3.68832e-08
-7.4186e-17
7.39835e-17
4.50851e-08
-7.10869e-17
9.2404e-17
5.4389e-08
-7.52004e-17
1.13407e-16
6.42239e-08
-6.68278e-17
1.35209e-16
7.30867e-08
-7.26036e-17
1.466e-16
7.75291e-08
-4.68902e-17
1.30322e-16
7.00874e-08
5.53222e-17
3.50151e-08
1.7767e-17
1.53324e-08
2.86038e-17
4.40166e-17
1.88857e-08
3.67522e-17
5.97269e-17
2.29799e-08
4.54905e-17
8.76786e-17
2.73861e-08
5.5027e-17
5.88205e-17
3.14534e-08
5.79096e-17
6.95485e-17
3.36367e-08
6.24481e-17
1.30317e-17
3.05588e-08
5.68915e-17
1.51602e-08
2.47302e-17
-4.10064e-16
-4.14187e-20
1.53324e-08
-3.94263e-16
-1.11818e-18
1.88857e-08
-3.55959e-16
-2.90803e-18
2.29799e-08
-3.02053e-16
-5.17574e-18
2.73861e-08
-2.31163e-16
-8.59033e-18
3.14534e-08
-1.38714e-16
-1.29563e-17
3.36367e-08
-4.71684e-17
-1.71591e-17
3.05588e-08
-1.34242e-17
1.51602e-08
-7.342e-16
9.82646e-18
3.68832e-08
-7.11957e-16
1.0439e-17
4.50851e-08
-6.43124e-16
1.04688e-17
5.4389e-08
-5.48598e-16
9.24978e-18
6.42239e-08
-4.13969e-16
6.01734e-18
7.30867e-08
-2.49212e-16
2.45501e-19
7.75291e-08
-8.57699e-17
-8.03033e-18
7.00874e-08
-1.02947e-17
3.50151e-08
-8.93773e-16
2.74408e-17
5.12559e-08
-8.58158e-16
3.27724e-17
6.2712e-08
-7.75643e-16
3.83582e-17
7.5734e-08
-6.64024e-16
4.33786e-17
8.9543e-08
-5.09529e-16
4.61884e-17
1.02066e-07
-3.08941e-16
4.35266e-17
1.08511e-07
-9.71789e-17
3.22461e-17
9.84233e-08
9.20133e-18
4.95107e-08
-9.59713e-16
4.00209e-17
5.12559e-08
-9.24244e-16
4.97206e-17
6.2712e-08
-8.35457e-16
6.0326e-17
7.5734e-08
-7.06939e-16
7.11301e-17
8.9543e-08
-5.36243e-16
7.98701e-17
1.02066e-07
-3.18909e-16
8.18559e-17
1.08511e-07
-1.10548e-16
6.85538e-17
9.84233e-08
2.68837e-17
4.95107e-08
-8.93712e-16
3.70598e-17
3.68832e-08
-8.47429e-16
4.575e-17
4.50851e-08
-7.43083e-16
5.55703e-17
5.4389e-08
-6.16967e-16
6.55885e-17
6.42239e-08
-4.56701e-16
7.38502e-17
7.30867e-08
-2.60803e-16
7.86213e-17
7.75291e-08
-8.34633e-17
6.91373e-17
7.00874e-08
3.29184e-17
3.50151e-08
-4.95043e-16
1.53324e-08
1.97156e-17
-4.4619e-16
1.88857e-08
2.37671e-17
-3.8707e-16
2.29799e-08
2.88695e-17
-3.14937e-16
2.73861e-08
3.34817e-17
-2.04176e-16
3.14534e-08
4.15434e-17
-1.61661e-16
3.36367e-08
4.10179e-17
-7.20985e-17
3.05588e-08
3.24838e-17
1.51602e-08
1.56243e-17
-3.27154e-16
-1.37027e-17
1.53324e-08
-3.09672e-16
-1.77838e-17
1.88857e-08
-2.70749e-16
-2.27899e-17
2.29799e-08
-2.22237e-16
-2.81486e-17
2.73861e-08
-1.58616e-16
-3.36026e-17
3.14534e-08
-7.91064e-17
-3.71805e-17
3.36367e-08
-8.65127e-18
-3.46725e-17
3.05588e-08
-1.70612e-17
1.51602e-08
-5.34548e-16
1.61224e-17
3.68832e-08
-5.28783e-16
1.83374e-17
4.50851e-08
-4.66379e-16
2.06351e-17
5.4389e-08
-3.99519e-16
2.27332e-17
6.42239e-08
-2.84955e-16
2.45904e-17
7.30867e-08
-1.41578e-16
2.36147e-17
7.75291e-08
-1.27593e-17
1.92813e-17
7.00874e-08
8.87894e-18
3.50151e-08
-5.66353e-16
7.47436e-17
5.12559e-08
-5.45757e-16
9.2674e-17
6.2712e-08
-4.72242e-16
1.13245e-16
7.5734e-08
-3.80336e-16
1.34993e-16
8.9543e-08
-2.75028e-16
1.54267e-16
1.02066e-07
-1.2428e-16
1.62304e-16
1.08511e-07
-8.17525e-18
1.40035e-16
9.84233e-08
6.06101e-17
4.95107e-08
-5.25384e-16
1.21907e-16
5.12559e-08
-4.98779e-16
1.52329e-16
6.2712e-08
-4.31828e-16
1.88172e-16
7.5734e-08
-3.43753e-16
2.26975e-16
8.9543e-08
-2.42319e-16
2.61701e-16
1.02066e-07
-1.21081e-16
2.77525e-16
1.08511e-07
-1.28823e-17
2.43071e-16
9.84233e-08
1.12872e-16
4.95107e-08
-1.66717e-16
1.58101e-16
3.68832e-08
-1.85021e-16
1.95386e-16
4.50851e-08
-1.658e-16
2.38382e-16
5.4389e-08
-1.57981e-16
2.84042e-16
6.42239e-08
-1.22473e-16
3.24788e-16
7.30867e-08
-8.70708e-17
3.3844e-16
7.75291e-08
-3.75167e-17
2.80662e-16
7.00874e-08
9.99658e-17
3.50151e-08
4.90411e-17
1.53324e-08
7.9309e-17
1.31047e-16
1.88857e-08
9.93874e-17
1.94457e-16
2.29799e-08
1.22474e-16
2.79046e-16
2.73861e-08
1.47505e-16
2.97032e-16
3.14534e-08
1.65745e-16
2.48698e-16
3.36367e-08
1.75298e-16
8.60508e-17
3.05588e-08
1.54384e-16
1.51602e-08
7.11492e-17
3.31621e-16
-1.52925e-18
1.53324e-08
3.32148e-16
-1.26193e-18
1.88857e-08
3.15419e-16
-6.6175e-19
2.29799e-08
2.9292e-16
2.35841e-19
2.73861e-08
2.29687e-16
1.3816e-18
3.14534e-08
1.36624e-16
3.36052e-18
3.36367e-08
4.55523e-17
5.9478e-18
3.05588e-08
6.17796e-18
1.51602e-08
2.35032e-16
-3.54278e-17
3.68832e-08
2.58401e-16
-4.49958e-17
4.50851e-08
2.62936e-16
-5.71324e-17
5.4389e-08
2.53442e-16
-7.20491e-17
6.42239e-08
2.33116e-16
-8.84981e-17
7.30867e-08
1.49869e-16
-1.02508e-16
7.75291e-08
6.08682e-17
-1.00207e-16
7.00874e-08
-5.2992e-17
3.50151e-08
1.80947e-16
-7.31338e-17
5.12559e-08
2.02292e-16
-9.57669e-17
6.2712e-08
2.1475e-16
-1.25456e-16
7.5734e-08
2.11191e-16
-1.63694e-16
8.9543e-08
1.95205e-16
-2.09342e-16
1.02066e-07
1.42589e-16
-2.53207e-16
1.08511e-07
6.94209e-17
-2.62492e-16
9.84233e-08
-1.52381e-16
4.95107e-08
2.09581e-16
-1.02362e-16
5.12559e-08
2.34352e-16
-1.33433e-16
6.2712e-08
2.40757e-16
-1.74525e-16
7.5734e-08
2.34189e-16
-2.27426e-16
8.9543e-08
2.22715e-16
-2.90475e-16
1.02066e-07
1.6472e-16
-3.51991e-16
1.08511e-07
9.67686e-17
-3.62064e-16
9.84233e-08
-2.09079e-16
4.95107e-08
2.55197e-16
-1.1357e-16
3.68832e-08
2.51905e-16
-1.44083e-16
4.50851e-08
2.35403e-16
-1.81819e-16
5.4389e-08
2.21476e-16
-2.2619e-16
6.42239e-08
1.8354e-16
-2.77718e-16
7.30867e-08
2.01868e-16
-3.1861e-16
7.75291e-08
1.42765e-16
-3.06104e-16
7.00874e-08
-1.55704e-16
3.50151e-08
2.57278e-16
1.53324e-08
-5.78277e-17
2.0322e-16
1.88857e-08
-7.27962e-17
1.12331e-16
2.29799e-08
-9.01134e-17
-3.16004e-17
2.73861e-08
-1.0966e-16
-8.14278e-18
3.14534e-08
-1.25144e-16
1.95208e-17
3.36367e-08
-1.37652e-16
6.39686e-17
3.05588e-08
-1.29644e-16
1.51602e-08
-6.69369e-17
2.02924e-16
6.31898e-17
1.53324e-08
1.68133e-16
7.80446e-17
1.88857e-08
1.44077e-16
9.56177e-17
2.29799e-08
1.08989e-16
1.15456e-16
2.73861e-08
8.13863e-17
1.34937e-16
3.14534e-08
5.81674e-17
1.47789e-16
3.36367e-08
3.51409e-17
1.37595e-16
3.05588e-08
7.09395e-17
1.51602e-08
1.50726e-16
1.11521e-16
3.68832e-08
1.04729e-16
1.39516e-16
4.50851e-08
9.21964e-17
1.73491e-16
5.4389e-08
6.04988e-17
2.13732e-16
6.42239e-08
4.135e-17
2.57206e-16
7.30867e-08
3.60212e-17
2.94085e-16
7.75291e-08
2.57488e-17
2.92521e-16
7.00874e-08
1.66363e-16
3.50151e-08
-9.47046e-17
1.5941e-16
5.12559e-08
-1.29758e-16
2.00533e-16
6.2712e-08
-1.27597e-16
2.51346e-16
7.5734e-08
-1.26745e-16
3.12713e-16
8.9543e-08
-1.08895e-16
3.81792e-16
1.02066e-07
-6.49496e-17
4.46057e-16
1.08511e-07
-1.81434e-17
4.57199e-16
9.84233e-08
2.74545e-16
4.95107e-08
-4.30241e-16
2.00976e-16
5.12559e-08
-4.52076e-16
2.53357e-16
6.2712e-08
-4.29595e-16
3.17806e-16
7.5734e-08
-4.02546e-16
3.94508e-16
8.9543e-08
-3.30312e-16
4.7866e-16
1.02066e-07
-2.13804e-16
5.50998e-16
1.08511e-07
-7.84042e-17
5.5142e-16
9.84233e-08
3.19901e-16
4.95107e-08
-7.99833e-16
2.23647e-16
3.68832e-08
-7.94514e-16
2.79276e-16
4.50851e-08
-7.36253e-16
3.46079e-16
5.4389e-08
-6.62421e-16
4.22266e-16
6.42239e-08
-5.45158e-16
5.00699e-16
7.30867e-08
-3.65711e-16
5.54553e-16
7.75291e-08
-1.45583e-16
5.20018e-16
7.00874e-08
2.62128e-16
3.50151e-08
-1.14198e-15
1.53324e-08
1.32575e-16
-1.01927e-15
1.88857e-08
1.66723e-16
-8.58588e-16
2.29799e-08
2.07153e-16
-6.5789e-16
2.73861e-08
2.52952e-16
-4.5724e-16
3.14534e-08
2.94328e-16
-2.20303e-16
3.36367e-08
3.22772e-16
-7.3851e-17
3.05588e-08
2.99408e-16
1.51602e-08
1.51018e-16
-1.56123e-16
5.85715e-18
1.53324e-08
-1.41484e-16
5.69393e-18
1.88857e-08
-1.17054e-16
4.41725e-18
2.29799e-08
-9.33954e-17
1.23059e-18
2.73861e-08
-6.1639e-17
-5.1079e-18
3.14534e-08
-9.32644e-18
-1.41189e-17
3.36367e-08
2.78491e-17
-2.39926e-17
3.05588e-08
-2.10976e-17
1.51602e-08
-1.16155e-16
2.9328e-17
3.68832e-08
-9.66486e-17
3.35364e-17
4.50851e-08
-6.54992e-17
3.64115e-17
5.4389e-08
-4.73355e-17
3.55796e-17
6.42239e-08
-7.43437e-18
2.77856e-17
7.30867e-08
3.82635e-17
8.19789e-18
7.75291e-08
6.56153e-17
-2.35983e-17
7.00874e-08
-3.98044e-17
3.50151e-08
-1.30243e-16
4.94489e-17
5.12559e-08
-9.60541e-17
5.6644e-17
6.2712e-08
-4.86755e-17
6.19395e-17
7.5734e-08
-7.28139e-18
6.14762e-17
8.9543e-08
3.05202e-17
4.95094e-17
1.02066e-07
8.43735e-17
1.76817e-17
1.08511e-07
8.74355e-17
-3.63547e-17
9.84233e-08
-6.58813e-17
4.95107e-08
-1.68991e-16
4.78596e-17
5.12559e-08
-1.16435e-16
5.29719e-17
6.2712e-08
-6.55742e-17
5.41796e-17
7.5734e-08
-1.13015e-17
4.77638e-17
8.9543e-08
2.94309e-17
2.65553e-17
1.02066e-07
8.4994e-17
-1.65796e-17
1.08511e-07
9.6999e-17
-7.69713e-17
9.84233e-08
-9.59836e-17
4.95107e-08
-1.68744e-16
1.68774e-17
3.68832e-08
-1.05826e-16
1.61569e-17
4.50851e-08
-3.01243e-17
1.22185e-17
5.4389e-08
2.97193e-17
2.43607e-18
6.42239e-08
9.27924e-17
-1.65848e-17
7.30867e-08
1.31321e-16
-4.76464e-17
7.75291e-08
1.19067e-16
-8.22955e-17
7.00874e-08
-7.41635e-17
3.50151e-08
9.46309e-17
1.53324e-08
1.84334e-18
1.22604e-16
1.88857e-08
5.39575e-19
1.44061e-16
2.29799e-08
-1.94955e-18
1.53627e-16
2.73861e-08
-6.54258e-18
1.54134e-16
3.14534e-08
-1.45705e-17
1.28995e-16
3.36367e-08
-2.68686e-17
7.13073e-17
3.05588e-08
-4.07282e-17
1.51602e-08
-3.53096e-17
3.41507e-17
1.22301e-17
1.53324e-08
2.80899e-17
1.42085e-17
1.88857e-08
2.82919e-17
1.60518e-17
2.29799e-08
2.42183e-17
1.73635e-17
2.73861e-08
2.68031e-17
1.74773e-17
3.14534e-08
4.69512e-17
1.65627e-17
3.36367e-08
5.26861e-17
1.3253e-17
3.05588e-08
5.46588e-18
1.51602e-08
6.48253e-17
-4.74669e-18
3.68832e-08
6.49205e-17
-8.02783e-18
4.50851e-08
7.59978e-17
-1.31268e-17
5.4389e-08
7.99489e-17
-2.0579e-17
6.42239e-08
9.10535e-17
-3.04609e-17
7.30867e-08
1.13198e-16
-4.09916e-17
7.75291e-08
1.01405e-16
-4.55272e-17
7.00874e-08
-2.50064e-17
3.50151e-08
1.044e-16
-2.29363e-17
5.12559e-08
1.14692e-16
-3.29081e-17
6.2712e-08
1.38192e-16
-4.70121e-17
7.5734e-08
1.53054e-16
-6.61525e-17
8.9543e-08
1.67986e-16
-8.99426e-17
1.02066e-07
1.9286e-16
-1.13367e-16
1.08511e-07
1.58882e-16
-1.19105e-16
9.84233e-08
-6.54615e-17
4.95107e-08
1.80362e-16
-4.21999e-17
5.12559e-08
1.94689e-16
-5.75188e-17
6.2712e-08
2.2495e-16
-7.81629e-17
7.5734e-08
2.37561e-16
-1.04618e-16
8.9543e-08
2.4611e-16
-1.35219e-16
1.02066e-07
2.47968e-16
-1.62452e-16
1.08511e-07
1.86202e-16
-1.62876e-16
9.84233e-08
-8.74435e-17
4.95107e-08
3.04981e-16
-4.80237e-17
3.68832e-08
3.11245e-16
-6.12634e-17
4.50851e-08
3.28156e-16
-7.79156e-17
5.4389e-08
3.22736e-16
-9.74147e-17
6.42239e-08
3.00045e-16
-1.17589e-16
7.30867e-08
2.71432e-16
-1.32301e-16
7.75291e-08
1.73257e-16
-1.25282e-16
7.00874e-08
-6.4165e-17
3.50151e-08
2.48118e-16
1.53324e-08
-2.87643e-17
2.32511e-16
1.88857e-08
-3.59136e-17
2.23778e-16
2.29799e-08
-4.44167e-17
1.98595e-16
2.73861e-08
-5.39939e-17
1.66529e-16
3.14534e-08
-6.32621e-17
1.46104e-16
3.36367e-08
-6.85466e-17
9.24386e-17
3.05588e-08
-6.19449e-17
1.51602e-08
-2.97661e-17
2.31017e-17
1.29248e-17
1.53324e-08
1.64837e-17
1.57375e-17
1.88857e-08
8.89777e-18
1.87669e-17
2.29799e-08
3.8964e-18
2.17587e-17
2.73861e-08
-8.75882e-19
2.39086e-17
3.14534e-08
6.48508e-18
2.46447e-17
3.36367e-08
1.75155e-17
2.16993e-17
3.05588e-08
1.03475e-17
1.51602e-08
1.14672e-16
2.34483e-17
3.68832e-08
1.00909e-16
2.90512e-17
4.50851e-08
8.28854e-17
3.55155e-17
5.4389e-08
5.82793e-17
4.27648e-17
6.42239e-08
3.40678e-17
5.01971e-17
7.30867e-08
2.93252e-17
5.62586e-17
7.75291e-08
2.8149e-17
5.40855e-17
7.00874e-08
2.99323e-17
3.50151e-08
1.41052e-16
2.66501e-17
5.12559e-08
1.31618e-16
3.30545e-17
6.2712e-08
1.21465e-16
4.12226e-17
7.5734e-08
9.3887e-17
5.0803e-17
8.9543e-08
5.91478e-17
6.26592e-17
1.02066e-07
3.77926e-17
7.51403e-17
1.08511e-07
2.88225e-17
8.17667e-17
9.84233e-08
5.16941e-17
4.95107e-08
1.69732e-16
2.21605e-17
5.12559e-08
1.65983e-16
2.79576e-17
6.2712e-08
1.33391e-16
3.53989e-17
7.5734e-08
1.00879e-16
4.51555e-17
8.9543e-08
5.24373e-17
5.70175e-17
1.02066e-07
1.59887e-17
7.06431e-17
1.08511e-07
2.83619e-18
7.76689e-17
9.84233e-08
5.00664e-17
4.95107e-08
1.31533e-16
1.37009e-17
3.68832e-08
1.14929e-16
1.75694e-17
4.50851e-08
8.895e-17
2.3161e-17
5.4389e-08
4.36268e-17
3.08616e-17
6.42239e-08
1.14401e-17
4.06414e-17
7.30867e-08
-1.17565e-17
5.15014e-17
7.75291e-08
-2.02723e-17
5.7223e-17
7.00874e-08
3.72434e-17
3.50151e-08
3.00002e-17
1.53324e-08
5.86875e-18
2.64844e-17
1.88857e-08
7.717e-18
9.8634e-18
2.29799e-08
1.01984e-17
-8.11676e-18
2.73861e-08
1.3449e-17
-2.48709e-17
3.14534e-08
1.73817e-17
-2.92654e-17
3.36367e-08
2.11589e-17
-2.29821e-17
3.05588e-08
2.20921e-17
1.51602e-08
1.31887e-17
-1.71024e-16
9.45512e-18
1.53324e-08
-1.68438e-16
1.06191e-17
1.88857e-08
-1.56498e-16
1.14977e-17
2.29799e-08
-1.40045e-16
1.15519e-17
2.73861e-08
-1.10818e-16
1.001e-17
3.14534e-08
-6.43158e-17
6.14011e-18
3.36367e-08
-1.0894e-17
2.70504e-19
3.05588e-08
-5.02622e-18
1.51602e-08
-2.62236e-16
4.3008e-19
3.68832e-08
-2.53672e-16
-7.48159e-19
4.50851e-08
-2.29689e-16
-2.84558e-18
5.4389e-08
-2.01581e-16
-6.40031e-18
6.42239e-08
-1.51254e-16
-1.22821e-17
7.30867e-08
-7.97962e-17
-1.99087e-17
7.75291e-08
-9.09243e-18
-2.75057e-17
7.00874e-08
-2.09177e-17
3.50151e-08
-2.97075e-16
-1.06342e-17
5.12559e-08
-2.90418e-16
-1.44984e-17
6.2712e-08
-2.60684e-16
-1.98381e-17
7.5734e-08
-2.20372e-16
-2.71581e-17
8.9543e-08
-1.53403e-16
-3.61556e-17
1.02066e-07
-7.18767e-17
-4.65413e-17
1.08511e-07
3.55436e-18
-5.20925e-17
9.84233e-08
-3.53153e-17
4.95107e-08
-2.57609e-16
-1.90676e-17
5.12559e-08
-2.49044e-16
-2.43325e-17
6.2712e-08
-2.18221e-16
-3.11225e-17
7.5734e-08
-1.75382e-16
-3.94072e-17
8.9543e-08
-1.24136e-16
-4.90051e-17
1.02066e-07
-4.27639e-17
-5.79418e-17
1.08511e-07
1.55555e-17
-6.09836e-17
9.84233e-08
-3.87052e-17
4.95107e-08
-1.84033e-16
-1.66185e-17
3.68832e-08
-1.75817e-16
-2.02874e-17
4.50851e-08
-1.49436e-16
-2.47933e-17
5.4389e-08
-1.18608e-16
-2.98924e-17
6.42239e-08
-7.57626e-17
-3.518e-17
7.30867e-08
-1.07573e-17
-3.91647e-17
7.75291e-08
2.48584e-17
-3.8531e-17
7.00874e-08
-2.21263e-17
3.50151e-08
-1.1129e-16
1.53324e-08
-8.4385e-18
-1.05832e-16
1.88857e-08
-1.03615e-17
-9.15238e-17
2.29799e-08
-1.26263e-17
-7.48799e-17
2.73861e-08
-1.52256e-17
-4.94471e-17
3.14534e-08
-1.77661e-17
-1.61801e-17
3.36367e-08
-1.94217e-17
8.22501e-18
3.05588e-08
-1.8088e-17
1.51602e-08
-9.3182e-18
-1.05561e-16
4.75117e-18
1.53324e-08
-1.00022e-16
5.60403e-18
1.88857e-08
-9.33798e-17
6.34194e-18
2.29799e-08
-8.31938e-17
6.95413e-18
2.73861e-08
-6.83732e-17
7.07552e-18
3.14534e-08
-4.02356e-17
6.63628e-18
3.36367e-08
-1.40958e-17
5.17796e-18
3.05588e-08
2.22384e-18
1.51602e-08
-1.07792e-16
2.55135e-17
3.68832e-08
-1.11203e-16
3.16784e-17
4.50851e-08
-1.09507e-16
3.88619e-17
5.4389e-08
-1.07777e-16
4.69699e-17
6.42239e-08
-9.29977e-17
5.51262e-17
7.30867e-08
-6.98145e-17
6.13271e-17
7.75291e-08
-3.17061e-17
5.81495e-17
7.00874e-08
3.08913e-17
3.50151e-08
-1.10191e-16
4.37906e-17
5.12559e-08
-1.11048e-16
5.56337e-17
6.2712e-08
-1.09327e-16
7.03859e-17
7.5734e-08
-1.00686e-16
8.78732e-17
8.9543e-08
-9.19472e-17
1.06846e-16
1.02066e-07
-7.44339e-17
1.22047e-16
1.08511e-07
-5.05299e-17
1.2093e-16
9.84233e-08
6.87837e-17
4.95107e-08
-1.02347e-16
4.99443e-17
5.12559e-08
-9.96196e-17
6.40082e-17
6.2712e-08
-1.07378e-16
8.15953e-17
7.5734e-08
-1.08004e-16
1.02398e-16
8.9543e-08
-1.19617e-16
1.24459e-16
1.02066e-07
-1.12333e-16
1.42451e-16
1.08511e-07
-7.70676e-17
1.39481e-16
9.84233e-08
7.74429e-17
4.95107e-08
-1.15068e-16
3.88224e-17
3.68832e-08
-1.18047e-16
4.85952e-17
4.50851e-08
-1.32505e-16
6.08167e-17
5.4389e-08
-1.37413e-16
7.50367e-17
6.42239e-08
-1.33583e-16
8.94779e-17
7.30867e-08
-1.21974e-16
1.00402e-16
7.75291e-08
-8.33196e-17
9.66247e-17
7.00874e-08
5.29027e-17
3.50151e-08
-4.14946e-17
1.53324e-08
1.89311e-17
-3.54545e-17
1.88857e-08
2.35534e-17
-4.48582e-17
2.29799e-08
2.90336e-17
-5.22526e-17
2.73861e-08
3.51239e-17
-5.20661e-17
3.14534e-08
4.10845e-17
-6.78225e-17
3.36367e-08
4.46815e-17
-5.40595e-17
3.05588e-08
4.12184e-17
1.51602e-08
2.07354e-17
-1.1166e-16
-2.71874e-18
1.53324e-08
-1.05956e-16
-4.17279e-18
1.88857e-08
-9.89858e-17
-6.29654e-18
2.29799e-08
-8.48302e-17
-9.20852e-18
2.73861e-08
-6.27069e-17
-1.31939e-17
3.14534e-08
-4.29098e-17
-1.78695e-17
3.36367e-08
-1.91071e-17
-2.06592e-17
3.05588e-08
-1.42581e-17
1.51602e-08
-2.24774e-16
-1.53966e-17
3.68832e-08
-2.14491e-16
-2.06898e-17
4.50851e-08
-1.94556e-16
-2.78328e-17
5.4389e-08
-1.6441e-16
-3.73112e-17
6.42239e-08
-1.22937e-16
-4.9254e-17
7.30867e-08
-7.66375e-17
-6.1307e-17
7.75291e-08
-2.23966e-17
-6.73844e-17
7.00874e-08
-4.31711e-17
3.50151e-08
-2.39102e-16
-2.46365e-17
5.12559e-08
-2.28584e-16
-3.24033e-17
6.2712e-08
-2.07043e-16
-4.29848e-17
7.5734e-08
-1.75357e-16
-5.70532e-17
8.9543e-08
-1.2237e-16
-7.47845e-17
1.02066e-07
-6.28603e-17
-9.43393e-17
1.08511e-07
-7.32318e-18
-1.05682e-16
9.84233e-08
-6.94046e-17
4.95107e-08
-1.73981e-16
-3.02235e-17
5.12559e-08
-1.65589e-16
-3.89785e-17
6.2712e-08
-1.4732e-16
-5.0386e-17
7.5734e-08
-1.07028e-16
-6.518e-17
8.9543e-08
-6.72956e-17
-8.33217e-17
1.02066e-07
-1.37717e-17
-1.01797e-16
1.08511e-07
1.79e-17
-1.09431e-16
9.84233e-08
-6.90726e-17
4.95107e-08
-4.87972e-17
-2.62941e-17
3.68832e-08
-4.16942e-17
-3.30694e-17
4.50851e-08
-2.67961e-17
-4.18391e-17
5.4389e-08
-4.83698e-18
-5.26407e-17
6.42239e-08
1.27078e-17
-6.49155e-17
7.30867e-08
3.24492e-17
-7.59056e-17
7.75291e-08
2.92968e-17
-7.74507e-17
7.00874e-08
-4.61422e-17
3.50151e-08
9.26726e-17
1.53324e-08
-1.44062e-17
8.311e-17
1.88857e-08
-1.80774e-17
8.14553e-17
2.29799e-08
-2.25016e-17
7.72991e-17
2.73861e-08
-2.76629e-17
7.06063e-17
3.14534e-08
-3.30263e-17
5.63809e-17
3.36367e-08
-3.70161e-17
3.07215e-17
3.05588e-08
-3.55595e-17
1.51602e-08
-1.90943e-17
-5.7668e-17
-6.91937e-18
1.53324e-08
-5.53356e-17
-8.53873e-18
1.88857e-08
-5.18191e-17
-1.05098e-17
2.29799e-08
-4.1799e-17
-1.25317e-17
2.73861e-08
-3.82342e-17
-1.43129e-17
3.14534e-08
-3.05518e-17
-1.5202e-17
3.36367e-08
-1.76452e-17
-1.35781e-17
3.05588e-08
-6.32844e-18
1.51602e-08
-6.88208e-17
9.70664e-18
3.68832e-08
-7.28444e-17
1.22571e-17
4.50851e-08
-7.35181e-17
1.53851e-17
5.4389e-08
-7.05173e-17
1.94406e-17
6.42239e-08
-6.92594e-17
2.41403e-17
7.30867e-08
-6.40941e-17
2.98624e-17
7.75291e-08
-4.9155e-17
3.28568e-17
7.00874e-08
2.19581e-17
3.50151e-08
-4.01634e-17
3.01178e-17
5.12559e-08
-4.65136e-17
3.87803e-17
6.2712e-08
-4.73678e-17
4.99068e-17
7.5734e-08
-4.91749e-17
6.35085e-17
8.9543e-08
-5.67526e-17
7.96779e-17
1.02066e-07
-6.33093e-17
9.48685e-17
1.08511e-07
-6.56049e-17
9.90266e-17
9.84233e-08
6.22221e-17
4.95107e-08
-1.88371e-17
4.07849e-17
5.12559e-08
-1.43393e-17
5.28475e-17
6.2712e-08
-3.30114e-17
6.81511e-17
7.5734e-08
-3.93842e-17
8.68374e-17
8.9543e-08
-6.88554e-17
1.0754e-16
1.02066e-07
-9.40911e-17
1.26744e-16
1.08511e-07
-8.84953e-17
1.28758e-16
9.84233e-08
7.71828e-17
4.95107e-08
-1.07699e-17
3.48894e-17
3.68832e-08
-2.5587e-17
4.38305e-17
4.50851e-08
-5.06815e-17
5.51384e-17
5.4389e-08
-7.63057e-17
6.83269e-17
6.42239e-08
-8.96128e-17
8.22774e-17
7.30867e-08
-1.17512e-16
9.34481e-17
7.75291e-08
-9.72029e-17
9.16424e-17
7.00874e-08
5.18055e-17
3.50151e-08
2.9945e-17
1.53324e-08
1.78611e-17
2.52824e-17
1.88857e-08
2.23196e-17
6.08752e-18
2.29799e-08
2.77025e-17
-8.00881e-18
2.73861e-08
3.38942e-17
-2.88675e-17
3.14534e-08
4.02068e-17
-6.05432e-17
3.36367e-08
4.47275e-17
-5.96734e-17
3.05588e-08
4.2331e-17
1.51602e-08
2.22777e-17
-2.6819e-16
-1.81944e-17
1.53324e-08
-2.52432e-16
-2.30934e-17
1.88857e-08
-2.23116e-16
-2.90564e-17
2.29799e-08
-1.8304e-16
-3.56347e-17
2.73861e-08
-1.35108e-16
-4.26974e-17
3.14534e-08
-8.15818e-17
-4.76775e-17
3.36367e-08
-2.69964e-17
-4.66282e-17
3.05588e-08
-2.61658e-17
1.51602e-08
-4.40065e-16
-2.40811e-17
3.68832e-08
-4.22329e-16
-3.11607e-17
4.50851e-08
-3.70785e-16
-3.98405e-17
5.4389e-08
-3.1739e-16
-5.03555e-17
6.42239e-08
-2.21155e-16
-6.20253e-17
7.30867e-08
-1.31811e-16
-7.26598e-17
7.75291e-08
-3.47073e-17
-7.32629e-17
7.00874e-08
-4.38762e-17
3.50151e-08
-4.51808e-16
-1.87824e-17
5.12559e-08
-4.34362e-16
-2.42157e-17
6.2712e-08
-3.95103e-16
-3.16322e-17
7.5734e-08
-3.26389e-16
-4.12084e-17
8.9543e-08
-2.44114e-16
-5.34596e-17
1.02066e-07
-1.38908e-16
-6.68955e-17
1.08511e-07
-4.66842e-17
-7.48079e-17
9.84233e-08
-5.1337e-17
4.95107e-08
-4.04211e-16
-1.15755e-17
5.12559e-08
-3.91155e-16
-1.46298e-17
6.2712e-08
-3.42688e-16
-1.89317e-17
7.5734e-08
-2.74572e-16
-2.51491e-17
8.9543e-08
-1.90217e-16
-3.34576e-17
1.02066e-07
-1.03492e-16
-4.38563e-17
1.08511e-07
-2.74525e-17
-5.0333e-17
9.84233e-08
-3.58782e-17
4.95107e-08
-2.68969e-16
-3.89175e-18
3.68832e-08
-2.591e-16
-5.01179e-18
4.50851e-08
-2.23953e-16
-6.94618e-18
5.4389e-08
-1.76459e-16
-1.03438e-17
6.42239e-08
-1.14744e-16
-1.53877e-17
7.30867e-08
-5.18013e-17
-2.17668e-17
7.75291e-08
-1.71954e-17
-2.69112e-17
7.00874e-08
-1.99936e-17
3.50151e-08
-8.80183e-17
1.53324e-08
-1.05934e-19
-8.65293e-17
1.88857e-08
-3.51274e-19
-7.26375e-17
2.29799e-08
-8.05987e-19
-4.92141e-17
2.73861e-08
-1.67594e-18
-2.68011e-17
3.14534e-08
-3.08215e-18
-1.00646e-17
3.36367e-08
-4.89577e-18
-1.0834e-18
3.05588e-08
-6.36655e-18
1.51602e-08
-4.65621e-18
2.68934e-17
-6.45568e-18
1.53324e-08
2.62098e-17
-7.07642e-18
1.88857e-08
2.57186e-17
-7.30615e-18
2.29799e-08
2.26444e-17
-6.53077e-18
2.73861e-08
2.09636e-17
-4.01133e-18
3.14534e-08
6.26113e-18
4.99501e-19
3.36367e-08
-9.31787e-18
6.77874e-18
3.05588e-08
8.7884e-18
1.51602e-08
-6.84226e-18
1.03274e-17
3.68832e-08
-1.4925e-18
1.39064e-17
4.50851e-08
9.04395e-19
1.89097e-17
5.4389e-08
3.37033e-18
2.59613e-17
6.42239e-08
2.96571e-18
3.55948e-17
7.30867e-08
-1.50818e-17
4.6647e-17
7.75291e-08
-2.78778e-17
5.47506e-17
7.00874e-08
3.78713e-17
3.50151e-08
-1.97417e-18
3.29732e-17
5.12559e-08
5.44661e-18
4.2636e-17
6.2712e-08
1.87975e-18
5.50946e-17
7.5734e-08
2.80036e-18
7.03652e-17
8.9543e-08
-5.89543e-18
8.8544e-17
1.02066e-07
-3.65972e-17
1.06129e-16
1.08511e-07
-4.74588e-17
1.10696e-16
9.84233e-08
6.7951e-17
4.95107e-08
3.88325e-19
4.62295e-17
5.12559e-08
2.32717e-18
5.91858e-17
6.2712e-08
-7.03482e-18
7.53021e-17
7.5734e-08
-2.91643e-18
9.44549e-17
8.9543e-08
-3.52971e-17
1.14658e-16
1.02066e-07
-6.65688e-17
1.3119e-16
1.08511e-07
-7.15562e-17
1.29994e-16
9.84233e-08
7.33725e-17
4.95107e-08
-2.23782e-17
3.87488e-17
3.68832e-08
-2.6782e-17
4.79078e-17
4.50851e-08
-3.36689e-17
5.91547e-17
5.4389e-08
-4.89882e-17
7.17002e-17
6.42239e-08
-5.65482e-17
8.39197e-17
7.30867e-08
-8.18821e-17
9.26334e-17
7.75291e-08
-7.81164e-17
8.73189e-17
7.00874e-08
4.69212e-17
3.50151e-08
4.60987e-17
1.53324e-08
2.04785e-17
4.99563e-17
1.88857e-08
2.52759e-17
3.65827e-17
2.29799e-08
3.08682e-17
2.84111e-17
2.73861e-08
3.7034e-17
8.50056e-18
3.14534e-08
4.28201e-17
-2.71524e-17
3.36367e-08
4.59367e-17
-4.1717e-17
3.05588e-08
4.13374e-17
1.51602e-08
1.99774e-17
4.62573e-16
3.62028e-17
1.53324e-08
4.34658e-16
4.56595e-17
1.88857e-08
3.94225e-16
5.73826e-17
2.29799e-08
3.383e-16
7.0862e-17
2.73861e-08
2.68529e-16
8.50373e-17
3.14534e-08
1.73322e-16
9.52738e-17
3.36367e-08
7.29578e-17
9.2431e-17
3.05588e-08
5.05008e-17
1.51602e-08
5.38216e-16
3.34951e-17
3.68832e-08
5.23058e-16
4.21578e-17
4.50851e-08
4.7971e-16
5.23033e-17
5.4389e-08
4.23349e-16
6.37299e-17
6.42239e-08
3.35056e-16
7.47355e-17
7.30867e-08
2.18007e-16
8.14316e-17
7.75291e-08
8.85743e-17
7.40576e-17
7.00874e-08
3.534e-17
3.50151e-08
4.53821e-16
2.17758e-17
5.12559e-08
4.42719e-16
2.55604e-17
6.2712e-08
4.23636e-16
2.92399e-17
7.5734e-08
3.75152e-16
3.2053e-17
8.9543e-08
3.21423e-16
3.23101e-17
1.02066e-07
2.29016e-16
2.77215e-17
1.08511e-07
1.09563e-16
1.43978e-17
9.84233e-08
-2.35485e-18
4.95107e-08
3.83341e-16
8.98075e-18
5.12559e-08
3.81011e-16
8.35571e-18
6.2712e-08
3.67824e-16
6.02071e-18
7.5734e-08
3.31925e-16
9.04517e-19
8.9543e-08
2.96121e-16
-8.30553e-18
1.02066e-07
2.19713e-16
-2.32072e-17
1.08511e-07
1.10371e-16
-3.93376e-17
9.84233e-08
-3.56562e-17
4.95107e-08
3.05496e-16
1.87843e-18
3.68832e-08
3.17729e-16
2.27788e-19
4.50851e-08
3.1456e-16
-3.22072e-18
5.4389e-08
3.07633e-16
-9.04478e-18
6.42239e-08
2.66437e-16
-1.82412e-17
7.30867e-08
2.04379e-16
-3.05461e-17
7.75291e-08
1.01624e-16
-4.21509e-17
7.00874e-08
-3.39778e-17
3.50151e-08
2.27609e-16
1.53324e-08
-2.35712e-18
2.28875e-16
1.88857e-08
-3.60205e-18
2.27221e-16
2.29799e-08
-5.5125e-18
2.14881e-16
2.73861e-08
-8.41028e-18
1.87468e-16
3.14534e-08
-1.23548e-17
1.36503e-16
3.36367e-08
-1.65384e-17
6.39388e-17
3.05588e-08
-1.83866e-17
1.51602e-08
-1.15678e-17
4.90573e-16
2.3531e-17
1.53324e-08
4.62663e-16
2.91532e-17
1.88857e-08
4.10446e-16
3.54086e-17
2.29799e-08
3.42573e-16
4.12579e-17
2.73861e-08
2.50904e-16
4.55424e-17
3.14534e-08
1.5374e-16
4.56197e-17
3.36367e-08
5.6029e-17
3.75528e-17
3.05588e-08
1.58117e-17
1.51602e-08
8.61925e-16
1.79037e-17
3.68832e-08
8.34115e-16
2.21873e-17
4.50851e-08
7.47135e-16
2.6489e-17
5.4389e-08
6.36647e-16
2.99502e-17
6.42239e-08
4.77848e-16
3.09489e-17
7.30867e-08
2.96305e-16
2.73881e-17
7.75291e-08
1.02041e-16
1.58144e-17
7.00874e-08
1.16677e-18
3.50151e-08
9.71264e-16
-2.98394e-18
5.12559e-08
9.54807e-16
-5.34831e-18
6.2712e-08
8.77138e-16
-9.07115e-18
7.5734e-08
7.60518e-16
-1.49493e-17
8.9543e-08
6.04288e-16
-2.33753e-17
1.02066e-07
3.87383e-16
-3.4412e-17
1.08511e-07
1.6003e-16
-4.14297e-17
9.84233e-08
-2.91801e-17
4.95107e-08
1.02355e-15
-2.65594e-17
5.12559e-08
1.00246e-15
-3.60867e-17
6.2712e-08
9.14738e-16
-4.83151e-17
7.5734e-08
7.92806e-16
-6.33477e-17
8.9543e-08
6.1898e-16
-8.07075e-17
1.02066e-07
3.9374e-16
-9.65484e-17
1.08511e-07
1.48059e-16
-9.75538e-17
9.84233e-08
-5.56741e-17
4.95107e-08
9.70397e-16
-3.84614e-17
3.68832e-08
9.45714e-16
-4.93124e-17
4.50851e-08
8.58667e-16
-6.24366e-17
5.4389e-08
7.39109e-16
-7.70848e-17
6.42239e-08
5.67484e-16
-9.22319e-17
7.30867e-08
3.57983e-16
-1.03365e-16
7.75291e-08
1.30588e-16
-9.8693e-17
7.00874e-08
-5.23795e-17
3.50151e-08
6.62432e-16
1.53324e-08
-2.79798e-17
6.2758e-16
1.88857e-08
-3.4793e-17
5.6009e-16
2.29799e-08
-4.27543e-17
4.67193e-16
2.73861e-08
-5.15172e-17
3.49183e-16
3.14534e-08
-5.97408e-17
2.074e-16
3.36367e-08
-6.43295e-17
6.78227e-17
3.05588e-08
-5.82827e-17
1.51602e-08
-2.85258e-17
-5.18882e-17
-3.78312e-17
1.53324e-08
-5.06822e-17
-4.78521e-17
1.88857e-08
-5.51069e-17
-6.02303e-17
2.29799e-08
-5.79485e-17
-7.46879e-17
2.73861e-08
-5.27145e-17
-8.96687e-17
3.14534e-08
-5.05789e-17
-1.01053e-16
3.36367e-08
-3.41626e-17
-9.64294e-17
3.05588e-08
-5.09768e-17
1.51602e-08
6.97224e-17
-5.0114e-17
3.68832e-08
3.57344e-17
-6.45839e-17
4.50851e-08
-1.3568e-18
-8.26895e-17
5.4389e-08
-3.6304e-17
-1.04581e-16
6.42239e-08
-6.29131e-17
-1.28388e-16
7.30867e-08
-6.95287e-17
-1.47698e-16
7.75291e-08
-4.64049e-17
-1.46362e-16
7.00874e-08
-8.10202e-17
3.50151e-08
1.93509e-16
-5.87671e-17
5.12559e-08
1.56565e-16
-7.47451e-17
6.2712e-08
1.06576e-16
-9.47058e-17
7.5734e-08
6.37944e-17
-1.18029e-16
8.9543e-08
2.03607e-17
-1.42813e-16
1.02066e-07
-2.09613e-17
-1.61744e-16
1.08511e-07
-2.03353e-17
-1.56552e-16
9.84233e-08
-8.28624e-17
4.95107e-08
2.84218e-16
-5.58207e-17
5.12559e-08
2.39601e-16
-7.00046e-17
6.2712e-08
1.98696e-16
-8.68115e-17
7.5734e-08
1.46617e-16
-1.05504e-16
8.9543e-08
8.75721e-17
-1.23202e-16
1.02066e-07
3.72756e-17
-1.33305e-16
1.08511e-07
3.98833e-18
-1.20122e-16
9.84233e-08
-5.72155e-17
4.95107e-08
3.11292e-16
-3.52416e-17
3.68832e-08
2.66864e-16
-4.30845e-17
4.50851e-08
2.23203e-16
-5.1959e-17
5.4389e-08
1.66117e-16
-6.1125e-17
6.42239e-08
1.00144e-16
-6.87004e-17
7.30867e-08
5.25762e-17
-7.08027e-17
7.75291e-08
9.89278e-18
-6.046e-17
7.00874e-08
-2.67723e-17
3.50151e-08
1.43559e-16
1.53324e-08
-1.40544e-17
1.15916e-16
1.88857e-08
-1.68048e-17
9.32877e-17
2.29799e-08
-1.9712e-17
6.33426e-17
2.73861e-08
-2.23713e-17
3.63876e-17
3.14534e-08
-2.39194e-17
2.37188e-17
3.36367e-08
-2.28847e-17
1.05473e-17
3.05588e-08
-1.73647e-17
1.51602e-08
-5.48924e-18
-2.70803e-16
-6.36615e-19
1.53324e-08
-2.46142e-16
-1.03231e-19
1.88857e-08
-2.06446e-16
1.17315e-18
2.29799e-08
-1.64414e-16
3.29924e-18
2.73861e-08
-1.0901e-16
6.6762e-18
3.14534e-08
-3.74601e-17
1.18522e-17
3.36367e-08
1.11325e-17
1.63922e-17
3.05588e-08
1.30574e-17
1.51602e-08
-2.19895e-16
-2.47158e-19
3.68832e-08
-1.78294e-16
2.41514e-18
4.50851e-08
-1.32173e-16
7.0778e-18
5.4389e-08
-8.40284e-17
1.45294e-17
6.42239e-08
-3.60331e-17
2.57142e-17
7.30867e-08
2.28933e-17
4.08448e-17
7.75291e-08
4.70282e-17
5.34663e-17
7.00874e-08
4.07311e-17
3.50151e-08
-8.81957e-17
-9.56922e-19
5.12559e-08
-5.35462e-17
2.14279e-18
6.2712e-08
-1.39921e-17
7.85652e-18
7.5734e-08
1.42164e-17
1.72365e-17
8.9543e-08
4.78248e-17
3.19003e-17
1.02066e-07
6.34679e-17
5.0897e-17
1.08511e-07
6.89592e-17
6.84328e-17
9.84233e-08
5.22072e-17
4.95107e-08
2.95969e-17
-4.735e-18
5.12559e-08
5.84834e-17
-3.31219e-18
6.2712e-08
6.18316e-17
1.39606e-20
7.5734e-08
7.67437e-17
6.5127e-18
8.9543e-08
5.91355e-17
1.68801e-17
1.02066e-07
6.12304e-17
3.18126e-17
1.08511e-07
4.29669e-17
4.57809e-17
9.84233e-08
3.42884e-17
4.95107e-08
5.78954e-17
-1.42392e-17
3.68832e-08
6.73991e-17
-1.60007e-17
4.50851e-08
5.86556e-17
-1.65838e-17
5.4389e-08
4.3614e-17
-1.49017e-17
6.42239e-08
3.22439e-17
-1.00734e-17
7.30867e-08
2.07914e-17
-1.04152e-18
7.75291e-08
7.45384e-18
1.10655e-17
7.00874e-08
1.61624e-17
3.50151e-08
7.28016e-18
1.53324e-08
-1.03448e-17
3.32289e-18
1.88857e-08
-1.21506e-17
-1.07495e-17
2.29799e-08
-1.38255e-17
-2.89455e-17
2.73861e-08
-1.49606e-17
-3.62651e-17
3.14534e-08
-1.50972e-17
-3.49048e-17
3.36367e-08
-1.38269e-17
-2.07125e-17
3.05588e-08
-1.05432e-17
1.51602e-08
-4.26627e-18
-2.76079e-16
-3.09726e-17
1.53324e-08
-2.56953e-16
-3.85365e-17
1.88857e-08
-2.27991e-16
-4.75649e-17
2.29799e-08
-1.92473e-16
-5.73958e-17
2.73861e-08
-1.45082e-16
-6.71794e-17
3.14534e-08
-8.91297e-17
-7.34366e-17
3.36367e-08
-2.80836e-17
-6.87971e-17
3.05588e-08
-3.59311e-17
1.51602e-08
-4.05584e-16
-3.207e-17
3.68832e-08
-4.01589e-16
-4.01785e-17
4.50851e-08
-3.69376e-16
-4.9653e-17
5.4389e-08
-3.35226e-16
-6.00973e-17
6.42239e-08
-2.68166e-16
-7.05278e-17
7.30867e-08
-1.69491e-16
-7.78457e-17
7.75291e-08
-6.25693e-17
-7.40285e-17
7.00874e-08
-4.14132e-17
3.50151e-08
-3.95121e-16
-2.34398e-17
5.12559e-08
-3.91157e-16
-2.80781e-17
6.2712e-08
-3.67183e-16
-3.30894e-17
7.5734e-08
-3.24636e-16
-3.79207e-17
8.9543e-08
-2.65763e-16
-4.16467e-17
1.02066e-07
-1.64184e-16
-4.28517e-17
1.08511e-07
-6.22709e-17
-3.97406e-17
9.84233e-08
-2.26775e-17
4.95107e-08
-3.54037e-16
-7.84317e-18
5.12559e-08
-3.54773e-16
-7.94422e-18
6.2712e-08
-3.26134e-16
-7.11483e-18
7.5734e-08
-2.92374e-16
-4.93197e-18
8.9543e-08
-2.34839e-16
-7.39344e-19
1.02066e-07
-1.41355e-16
5.16516e-18
1.08511e-07
-4.71041e-17
1.06506e-17
9.84233e-08
8.35108e-18
4.95107e-08
-3.49204e-16
5.09194e-18
3.68832e-08
-3.42552e-16
7.63821e-18
4.50851e-08
-3.17491e-16
1.13338e-17
5.4389e-08
-2.76401e-16
1.64108e-17
6.42239e-08
-2.12115e-16
2.30678e-17
7.30867e-08
-1.2052e-16
3.00045e-17
7.75291e-08
-3.49133e-17
3.3669e-17
7.00874e-08
2.1836e-17
3.50151e-08
-3.07434e-16
1.53324e-08
7.73459e-18
-2.97098e-16
1.88857e-08
9.92971e-18
-2.63697e-16
2.29799e-08
1.26559e-17
-2.24905e-16
2.73861e-08
1.59159e-17
-1.73845e-16
3.14534e-08
1.94558e-17
-9.57216e-17
3.36367e-08
2.23746e-17
-2.51337e-17
3.05588e-08
2.21797e-17
1.51602e-08
1.24282e-17
-3.0283e-16
2.17592e-17
1.53324e-08
-2.78572e-16
2.77477e-17
1.88857e-08
-2.32114e-16
3.55542e-17
2.29799e-08
-1.82097e-16
4.51654e-17
2.73861e-08
-1.19601e-16
5.57392e-17
3.14534e-08
-4.01582e-17
6.50397e-17
3.36367e-08
1.68143e-17
6.51068e-17
3.05588e-08
3.72174e-17
1.51602e-08
-3.92417e-16
4.87481e-17
3.68832e-08
-3.48381e-16
6.35916e-17
4.50851e-08
-2.78148e-16
8.26976e-17
5.4389e-08
-2.04759e-16
1.06329e-16
6.42239e-08
-1.27087e-16
1.33469e-16
7.30867e-08
-2.78359e-17
1.57611e-16
7.75291e-08
3.06066e-17
1.60038e-16
7.00874e-08
9.22254e-17
3.50151e-08
-4.12504e-16
7.33972e-17
5.12559e-08
-3.70316e-16
9.52205e-17
6.2712e-08
-3.00935e-16
1.23418e-16
7.5734e-08
-2.30043e-16
1.57842e-16
8.9543e-08
-1.44528e-16
1.96778e-16
1.02066e-07
-4.99309e-17
2.30649e-16
1.08511e-07
2.26861e-17
2.32205e-16
9.84233e-08
1.31148e-16
4.95107e-08
-4.13088e-16
8.05247e-17
5.12559e-08
-3.69494e-16
1.03467e-16
6.2712e-08
-3.19743e-16
1.32098e-16
7.5734e-08
-2.53117e-16
1.66352e-16
8.9543e-08
-1.87865e-16
2.02442e-16
1.02066e-07
-1.11431e-16
2.3144e-16
1.08511e-07
-3.23158e-17
2.25161e-16
9.84233e-08
1.20997e-16
4.95107e-08
-4.14583e-16
5.79708e-17
3.68832e-08
-3.84931e-16
7.26123e-17
4.50851e-08
-3.44549e-16
9.06155e-17
5.4389e-08
-2.97104e-16
1.11241e-16
6.42239e-08
-2.16992e-16
1.32167e-16
7.30867e-08
-1.44142e-16
1.46626e-16
7.75291e-08
-5.8425e-17
1.38127e-16
7.00874e-08
7.24765e-17
3.50151e-08
-2.29078e-16
1.53324e-08
2.44365e-17
-2.01228e-16
1.88857e-08
3.00899e-17
-1.78546e-16
2.29799e-08
3.65793e-17
-1.47124e-16
2.73861e-08
4.35002e-17
-1.12587e-16
3.14534e-08
4.97264e-17
-8.47535e-17
3.36367e-08
5.25875e-17
-4.57008e-17
3.05588e-08
4.66724e-17
1.51602e-08
2.20638e-17
-2.6494e-16
-2.82197e-17
1.53324e-08
-2.51559e-16
-3.57719e-17
1.88857e-08
-2.30512e-16
-4.51093e-17
2.29799e-08
-1.96785e-16
-5.58369e-17
2.73861e-08
-1.5675e-16
-6.7379e-17
3.14534e-08
-1.08623e-16
-7.69077e-17
3.36367e-08
-5.10467e-17
-7.59237e-17
3.05588e-08
-4.27256e-17
1.51602e-08
-4.01485e-16
-2.61646e-17
3.68832e-08
-4.03497e-16
-3.48674e-17
4.50851e-08
-3.81445e-16
-4.6319e-17
5.4389e-08
-3.45638e-16
-6.09365e-17
6.42239e-08
-2.77225e-16
-7.92326e-17
7.30867e-08
-1.90458e-16
-9.9202e-17
7.75291e-08
-8.98551e-17
-1.10234e-16
7.00874e-08
-7.33554e-17
3.50151e-08
-4.36968e-16
-1.66819e-17
5.12559e-08
-4.36991e-16
-2.29425e-17
6.2712e-08
-4.05389e-16
-3.1991e-17
7.5734e-08
-3.60051e-16
-4.50598e-17
8.9543e-08
-2.97016e-16
-6.36167e-17
1.02066e-07
-2.07216e-16
-8.73312e-17
1.08511e-07
-9.20373e-17
-1.06979e-16
9.84233e-08
-7.90881e-17
4.95107e-08
-3.93163e-16
-8.75309e-18
5.12559e-08
-3.91234e-16
-1.26687e-17
6.2712e-08
-3.54538e-16
-1.87473e-17
7.5734e-08
-3.02683e-16
-2.84305e-17
8.9543e-08
-2.31964e-16
-4.30628e-17
1.02066e-07
-1.4991e-16
-6.27817e-17
1.08511e-07
-5.67297e-17
-8.0236e-17
9.84233e-08
-6.04735e-17
4.95107e-08
-2.71151e-16
-4.93945e-18
3.68832e-08
-2.62562e-16
-7.31509e-18
4.50851e-08
-2.31648e-16
-1.11421e-17
5.4389e-08
-1.84522e-16
-1.73751e-17
6.42239e-08
-1.30067e-16
-2.64299e-17
7.30867e-08
-8.06401e-17
-3.78454e-17
7.75291e-08
-2.05903e-17
-4.66109e-17
7.00874e-08
-3.3411e-17
3.50151e-08
-5.29567e-17
1.53324e-08
-6.19647e-19
-5.20924e-17
1.88857e-08
-1.28343e-18
-4.16151e-17
2.29799e-08
-2.34518e-18
-2.71644e-17
2.73861e-08
-4.02909e-18
-1.37732e-17
3.14534e-08
-6.50329e-18
-1.38619e-18
3.36367e-08
-9.50887e-18
-3.95814e-19
3.05588e-08
-1.17547e-17
1.51602e-08
-8.46498e-18
-2.63444e-16
-2.6991e-18
1.53324e-08
-2.3866e-16
-2.75132e-18
1.88857e-08
-2.06204e-16
-2.26263e-18
2.29799e-08
-1.61375e-16
-8.13945e-19
2.73861e-08
-1.13623e-16
1.70876e-18
3.14534e-08
-6.41419e-17
5.5755e-18
3.36367e-08
-2.21289e-17
9.60007e-18
3.05588e-08
8.49392e-18
1.51602e-08
-3.4744e-16
3.8511e-18
3.68832e-08
-3.121e-16
6.06677e-18
4.50851e-08
-2.66276e-16
9.57174e-18
5.4389e-08
-2.03387e-16
1.47355e-17
6.42239e-08
-1.41434e-16
2.20307e-17
7.30867e-08
-7.61858e-17
3.08069e-17
7.75291e-08
-2.92881e-17
3.78803e-17
7.00874e-08
2.82999e-17
3.50151e-08
-3.1467e-16
1.01912e-17
5.12559e-08
-2.83152e-16
1.41103e-17
6.2712e-08
-2.47424e-16
1.95977e-17
7.5734e-08
-1.95299e-16
2.69957e-17
8.9543e-08
-1.44491e-16
3.60324e-17
1.02066e-07
-8.11099e-17
4.64883e-17
1.08511e-07
-4.26796e-17
5.24456e-17
9.84233e-08
3.59515e-17
4.95107e-08
-2.03836e-16
6.32896e-18
5.12559e-08
-1.70654e-16
8.93437e-18
6.2712e-08
-1.5292e-16
1.27143e-17
7.5734e-08
-1.24665e-16
1.78939e-17
8.9543e-08
-9.20588e-17
2.42353e-17
1.02066e-07
-8.60015e-17
3.17436e-17
1.08511e-07
-5.48788e-17
3.8425e-17
9.84233e-08
2.81436e-17
4.95107e-08
-3.40288e-17
-9.23638e-18
3.68832e-08
-2.8185e-17
-1.1188e-17
4.50851e-08
-4.08179e-17
-1.29501e-17
5.4389e-08
-4.97787e-17
-1.42396e-17
6.42239e-08
-5.17375e-17
-1.4515e-17
7.30867e-08
-6.61459e-17
-1.22182e-17
7.75291e-08
-6.36253e-17
-6.10478e-18
7.00874e-08
2.67611e-18
3.50151e-08
1.48438e-16
1.53324e-08
-8.87002e-18
1.35566e-16
1.88857e-08
-1.09755e-17
1.05376e-16
2.29799e-08
-1.32811e-17
7.34282e-17
2.73861e-08
-1.55499e-17
4.12569e-17
3.14534e-08
-1.73763e-17
-8.96385e-18
3.36367e-08
-1.8204e-17
-3.44877e-17
3.05588e-08
-1.64436e-17
1.51602e-08
-8.51121e-18
-2.1205e-16
-4.42093e-17
1.53324e-08
-2.06618e-16
-5.51436e-17
1.88857e-08
-1.96722e-16
-6.80429e-17
2.29799e-08
-1.69749e-16
-8.17012e-17
2.73861e-08
-1.4289e-16
-9.46543e-17
3.14534e-08
-1.25399e-16
-1.02765e-16
3.36367e-08
-8.40028e-17
-9.48565e-17
3.05588e-08
-4.89752e-17
1.51602e-08
-3.91507e-16
-4.23681e-17
3.68832e-08
-4.08193e-16
-5.4377e-17
4.50851e-08
-3.92329e-16
-6.87668e-17
5.4389e-08
-3.64886e-16
-8.51909e-17
6.42239e-08
-3.03311e-16
-1.01841e-16
7.30867e-08
-2.45654e-16
-1.14415e-16
7.75291e-08
-1.52863e-16
-1.12109e-16
7.00874e-08
-6.18357e-17
3.50151e-08
-3.95525e-16
-2.8488e-17
5.12559e-08
-4.15591e-16
-3.56642e-17
6.2712e-08
-4.10489e-16
-4.44184e-17
7.5734e-08
-3.8237e-16
-5.4421e-17
8.9543e-08
-3.33148e-16
-6.48388e-17
1.02066e-07
-2.81973e-16
-7.38675e-17
1.08511e-07
-1.74916e-16
-7.38481e-17
9.84233e-08
-4.4356e-17
4.95107e-08
-3.41885e-16
-1.24258e-17
5.12559e-08
-3.59309e-16
-1.39015e-17
6.2712e-08
-3.5237e-16
-1.50727e-17
7.5734e-08
-3.20542e-16
-1.61873e-17
8.9543e-08
-2.78873e-16
-1.64545e-17
1.02066e-07
-2.33029e-16
-1.55634e-17
1.08511e-07
-1.50546e-16
-1.27921e-17
9.84233e-08
-4.508e-18
4.95107e-08
-2.05778e-16
3.29038e-18
3.68832e-08
-2.36419e-16
4.71097e-18
4.50851e-08
-2.43514e-16
6.52834e-18
5.4389e-08
-2.25503e-16
8.18155e-18
6.42239e-08
-2.01858e-16
9.79634e-18
7.30867e-08
-1.82728e-16
1.10422e-17
7.75291e-08
-1.15101e-16
1.05965e-17
7.00874e-08
5.39113e-18
3.50151e-08
-1.10293e-17
1.53324e-08
6.81908e-18
-2.57569e-17
1.88857e-08
8.55176e-18
-3.69301e-17
2.29799e-08
1.06585e-17
-3.58368e-17
2.73861e-08
1.31115e-17
-4.1867e-17
3.14534e-08
1.57062e-17
-4.92046e-17
3.36367e-08
1.77969e-17
-4.5603e-17
3.05588e-08
1.72834e-17
1.51602e-08
9.71894e-18
-4.60886e-16
-2.9421e-17
1.53324e-08
-4.13459e-16
-3.5571e-17
1.88857e-08
-3.4165e-16
-4.19097e-17
2.29799e-08
-2.60347e-16
-4.7489e-17
2.73861e-08
-1.70073e-16
-5.09006e-17
3.14534e-08
-6.76943e-17
-4.90558e-17
3.36367e-08
1.18642e-17
-3.79094e-17
3.05588e-08
-1.32729e-17
1.51602e-08
-6.07989e-16
-1.15487e-17
3.68832e-08
-5.43015e-16
-1.25903e-17
4.50851e-08
-4.39071e-16
-1.24261e-17
5.4389e-08
-3.25358e-16
-1.03473e-17
6.42239e-08
-1.92273e-16
-5.42463e-18
7.30867e-08
-5.97749e-17
2.49306e-18
7.75291e-08
2.83023e-17
1.22357e-17
7.00874e-08
1.3632e-17
3.50151e-08
-5.29796e-16
2.80057e-17
5.12559e-08
-4.55522e-16
3.70613e-17
6.2712e-08
-3.47453e-16
4.91277e-17
7.5734e-08
-2.33008e-16
6.33836e-17
8.9543e-08
-1.13734e-16
7.92088e-17
1.02066e-07
-7.24436e-18
9.08449e-17
1.08511e-07
5.07132e-17
8.7457e-17
9.84233e-08
4.49222e-17
4.95107e-08
-3.99282e-16
5.02169e-17
5.12559e-08
-3.18016e-16
6.43528e-17
6.2712e-08
-2.48445e-16
8.08795e-17
7.5734e-08
-1.52239e-16
9.92774e-17
8.9543e-08
-8.61078e-17
1.14696e-16
1.02066e-07
-1.93009e-17
1.21988e-16
1.08511e-07
1.84662e-17
1.05126e-16
9.84233e-08
4.40341e-17
4.95107e-08
-2.46466e-16
4.12082e-17
3.68832e-08
-2.16512e-16
5.05583e-17
4.50851e-08
-1.72889e-16
6.13821e-17
5.4389e-08
-1.37623e-16
7.21403e-17
6.42239e-08
-6.95159e-17
8.0622e-17
7.30867e-08
-3.6408e-17
8.15729e-17
7.75291e-08
-1.3361e-17
6.69362e-17
7.00874e-08
2.63141e-17
3.50151e-08
6.01966e-17
1.53324e-08
1.82753e-17
7.76882e-17
1.88857e-08
2.21671e-17
7.0397e-17
2.29799e-08
2.64735e-17
7.22251e-17
2.73861e-08
3.07092e-17
5.76148e-17
3.14534e-08
3.37683e-17
1.85686e-17
3.36367e-08
3.35884e-17
-1.61108e-17
3.05588e-08
2.66482e-17
1.51602e-08
9.70513e-18
8.35774e-16
-2.96997e-17
1.53324e-08
7.95462e-16
-3.56208e-17
1.88857e-08
7.51822e-16
-4.15289e-17
2.29799e-08
6.65986e-16
-4.63909e-17
2.73861e-08
5.27085e-16
-4.98844e-17
3.14534e-08
2.61662e-16
-5.03983e-17
3.36367e-08
2.15963e-17
-4.22712e-17
3.05588e-08
-1.67991e-17
1.51602e-08
7.77613e-16
-1.11818e-16
3.68832e-08
7.45596e-16
-1.39916e-16
4.50851e-08
7.23432e-16
-1.73377e-16
5.4389e-08
6.64378e-16
-2.11248e-16
6.42239e-08
5.55297e-16
-2.51493e-16
7.30867e-08
2.76834e-16
-2.81358e-16
7.75291e-08
2.06848e-17
-2.68578e-16
7.00874e-08
-1.40677e-16
3.50151e-08
8.84929e-16
-1.98944e-16
5.12559e-08
8.24872e-16
-2.521e-16
6.2712e-08
7.81937e-16
-3.18161e-16
7.5734e-08
6.67148e-16
-3.98147e-16
8.9543e-08
5.59926e-16
-4.848e-16
1.02066e-07
2.67421e-16
-5.60299e-16
1.08511e-07
1.27811e-17
-5.55049e-16
9.84233e-08
-3.0705e-16
4.95107e-08
9.67203e-16
-2.50534e-16
5.12559e-08
9.09318e-16
-3.16857e-16
6.2712e-08
8.49731e-16
-3.99102e-16
7.5734e-08
7.71834e-16
-4.97464e-16
8.9543e-08
6.09363e-16
-6.06215e-16
1.02066e-07
3.69892e-16
-6.92356e-16
1.08511e-07
1.20402e-16
-6.70461e-16
9.84233e-08
-3.5645e-16
4.95107e-08
1.09679e-15
-2.35242e-16
3.68832e-08
9.78853e-16
-2.94023e-16
4.50851e-08
8.60028e-16
-3.64556e-16
5.4389e-08
6.83476e-16
-4.44887e-16
6.42239e-08
5.43797e-16
-5.29445e-16
7.30867e-08
3.90661e-16
-5.88564e-16
7.75291e-08
1.84695e-16
-5.48112e-16
7.00874e-08
-2.69493e-16
3.50151e-08
8.6031e-16
1.53324e-08
-1.17809e-16
7.08939e-16
1.88857e-08
-1.47169e-16
5.0467e-16
2.29799e-08
-1.81348e-16
2.54502e-16
2.73861e-08
-2.19278e-16
1.6831e-16
3.14534e-08
-2.51286e-16
1.36311e-16
3.36367e-08
-2.71532e-16
1.20775e-16
3.05588e-08
-2.47295e-16
1.51602e-08
-1.20835e-16
1.21596e-16
3.14324e-17
1.53324e-08
1.00383e-16
4.0017e-17
1.88857e-08
8.51862e-17
5.09875e-17
2.29799e-08
7.17947e-17
6.48572e-17
2.73861e-08
4.99012e-17
8.04972e-17
3.14534e-08
2.95854e-17
9.43755e-17
3.36367e-08
9.20141e-18
9.5762e-17
3.05588e-08
5.53343e-17
1.51602e-08
8.69183e-17
4.01247e-17
3.68832e-08
7.64116e-17
5.43549e-17
4.50851e-08
7.96268e-17
7.44099e-17
5.4389e-08
8.0537e-17
1.02551e-16
6.42239e-08
7.72917e-17
1.40209e-16
7.30867e-08
6.58681e-17
1.84276e-16
7.75291e-08
3.33541e-17
2.12621e-16
7.00874e-08
1.44636e-16
3.50151e-08
-4.63678e-18
4.81056e-17
5.12559e-08
2.86656e-19
6.74551e-17
6.2712e-08
1.94481e-17
9.57883e-17
7.5734e-08
3.5856e-17
1.37147e-16
8.9543e-08
5.04997e-17
1.95635e-16
1.02066e-07
5.03092e-17
2.70253e-16
1.08511e-07
1.81162e-17
3.28847e-16
9.84233e-08
2.37431e-16
4.95107e-08
-1.4467e-16
6.03128e-17
5.12559e-08
-1.47612e-16
8.35765e-17
6.2712e-08
-1.43089e-16
1.17184e-16
7.5734e-08
-1.21373e-16
1.65061e-16
8.9543e-08
-1.08445e-16
2.30552e-16
1.02066e-07
-9.09313e-17
3.10563e-16
1.08511e-07
-5.53123e-17
3.67534e-16
9.84233e-08
2.59742e-16
4.95107e-08
-2.8861e-16
7.21119e-17
3.68832e-08
-3.20847e-16
9.51643e-17
4.50851e-08
-3.39019e-16
1.2616e-16
5.4389e-08
-3.47265e-16
1.66425e-16
6.42239e-08
-3.25975e-16
2.16668e-16
7.30867e-08
-2.77106e-16
2.66651e-16
7.75291e-08
-1.48742e-16
2.84885e-16
7.00874e-08
1.73746e-16
3.50151e-08
-5.29457e-16
1.53324e-08
4.21621e-17
-5.08393e-16
1.88857e-08
5.49601e-17
-4.70047e-16
2.29799e-08
7.02009e-17
-4.04725e-16
2.73861e-08
8.87633e-17
-3.54505e-16
3.14534e-08
1.04669e-16
-2.16113e-16
3.36367e-08
1.23236e-16
-1.05527e-16
3.05588e-08
1.26134e-16
1.51602e-08
7.15024e-17
3.01824e-16
3.70011e-17
1.53324e-08
2.56423e-16
4.5963e-17
1.88857e-08
1.98717e-16
5.7031e-17
2.29799e-08
1.482e-16
6.99222e-17
2.73861e-08
8.48402e-17
8.30813e-17
3.14534e-08
-1.68753e-17
9.0308e-17
3.36367e-08
-7.98545e-17
8.2994e-17
3.05588e-08
4.02109e-17
1.51602e-08
2.69628e-16
5.62423e-17
3.68832e-08
1.94902e-16
7.08605e-17
4.50851e-08
1.00582e-16
8.88119e-17
5.4389e-08
3.64003e-17
1.09761e-16
6.42239e-08
-5.1832e-17
1.30611e-16
7.30867e-08
-1.78335e-16
1.42662e-16
7.75291e-08
-2.10657e-16
1.28082e-16
7.00874e-08
5.42495e-17
3.50151e-08
1.21649e-16
4.56288e-17
5.12559e-08
4.50711e-17
6.07574e-17
6.2712e-08
-5.98324e-17
8.05098e-17
7.5734e-08
-1.35128e-16
1.0477e-16
8.9543e-08
-2.01391e-16
1.30922e-16
1.02066e-07
-3.12785e-16
1.49108e-16
1.08511e-07
-3.04996e-16
1.36292e-16
9.84233e-08
5.82719e-17
4.95107e-08
4.74133e-17
2.09853e-17
5.12559e-08
-3.20888e-17
3.16007e-17
6.2712e-08
-1.34569e-16
4.62652e-17
7.5734e-08
-2.03953e-16
6.46188e-17
8.9543e-08
-2.62157e-16
8.48484e-17
1.02066e-07
-3.67037e-16
1.00348e-16
1.08511e-07
-3.26837e-16
9.22659e-17
9.84233e-08
3.91774e-17
4.95107e-08
1.06572e-16
-5.23243e-18
3.68832e-08
3.44887e-17
-5.19894e-18
4.50851e-08
-7.05687e-17
-4.68896e-18
5.4389e-08
-1.34592e-16
-4.029e-18
6.42239e-08
-1.89103e-16
-4.53399e-18
7.30867e-08
-2.90009e-16
-3.7448e-18
7.75291e-08
-2.66405e-16
-5.21932e-18
7.00874e-08
-5.39561e-18
3.50151e-08
4.11825e-16
1.53324e-08
-1.33578e-17
3.59047e-16
1.88857e-08
-1.69188e-17
2.7e-16
2.29799e-08
-2.03177e-17
1.90718e-16
2.73861e-08
-2.42069e-17
1.25472e-16
3.14534e-08
-2.33627e-17
-6.1653e-17
3.36367e-08
-2.70217e-17
-1.25009e-16
3.05588e-08
-2.82936e-17
1.51602e-08
-1.44487e-17
3.51587e-16
5.64977e-17
1.53324e-08
3.13864e-16
6.87849e-17
1.88857e-08
2.64668e-16
8.2908e-17
2.29799e-08
2.13954e-16
9.8113e-17
2.73861e-08
1.51864e-16
1.11862e-16
3.14534e-08
5.78708e-17
1.18e-16
3.36367e-08
-1.97602e-17
1.04609e-16
3.05588e-08
5.00414e-17
1.51602e-08
3.66774e-16
1.30358e-16
3.68832e-08
3.12894e-16
1.59908e-16
4.50851e-08
2.55898e-16
1.94211e-16
5.4389e-08
2.00424e-16
2.31737e-16
6.42239e-08
1.32785e-16
2.67343e-16
7.30867e-08
1.22859e-17
2.87077e-16
7.75291e-08
-6.32579e-17
2.64025e-16
7.00874e-08
1.32481e-16
3.50151e-08
1.68893e-16
2.00293e-16
5.12559e-08
1.18176e-16
2.48638e-16
6.2712e-08
7.30866e-17
3.05694e-16
7.5734e-08
4.55471e-17
3.69458e-16
8.9543e-08
4.96303e-18
4.31684e-16
1.02066e-07
-7.0116e-17
4.71589e-16
1.08511e-07
-1.10233e-16
4.39551e-16
9.84233e-08
2.25839e-16
4.95107e-08
-2.33148e-16
2.46138e-16
5.12559e-08
-2.52918e-16
3.07009e-16
6.2712e-08
-2.60711e-16
3.79112e-16
7.5734e-08
-2.46718e-16
4.59346e-16
8.9543e-08
-2.11966e-16
5.37347e-16
1.02066e-07
-2.08694e-16
5.85552e-16
1.08511e-07
-1.56833e-16
5.40752e-16
9.84233e-08
2.76014e-16
4.95107e-08
-6.14813e-16
2.62825e-16
3.68832e-08
-5.99696e-16
3.2517e-16
4.50851e-08
-5.59037e-16
3.97446e-16
5.4389e-08
-4.87329e-16
4.75505e-16
6.42239e-08
-3.9429e-16
5.48361e-16
7.30867e-08
-3.17281e-16
5.84607e-16
7.75291e-08
-1.92921e-16
5.16865e-16
7.00874e-08
2.30664e-16
3.50151e-08
-8.32225e-16
1.53324e-08
1.46961e-16
-7.05165e-16
1.88857e-08
1.8391e-16
-5.57936e-16
2.29799e-08
2.27408e-16
-3.67293e-16
2.73861e-08
2.76254e-16
-2.21287e-16
3.14534e-08
3.18465e-16
-9.98711e-17
3.36367e-08
3.45008e-16
-8.64436e-17
3.05588e-08
3.12702e-16
1.51602e-08
1.50156e-16
-6.87947e-17
-3.18904e-17
1.53324e-08
-5.40432e-17
-4.12822e-17
1.88857e-08
-4.65417e-17
-5.31493e-17
2.29799e-08
-2.92538e-17
-6.74109e-17
2.73861e-08
-1.64615e-17
-8.34951e-17
3.14534e-08
-3.28341e-17
-9.81626e-17
3.36367e-08
-3.54528e-17
-9.9771e-17
3.05588e-08
-5.75828e-17
1.51602e-08
6.21639e-17
-1.32325e-17
3.68832e-08
6.58937e-17
-2.17479e-17
4.50851e-08
6.17883e-17
-3.46517e-17
5.4389e-08
6.13407e-17
-5.3905e-17
6.42239e-08
5.55545e-17
-8.10931e-17
7.30867e-08
4.27174e-18
-1.15909e-16
7.75291e-08
-3.33638e-17
-1.41189e-16
7.00874e-08
-1.00389e-16
3.50151e-08
2.10413e-16
1.45085e-17
5.12559e-08
2.13652e-16
1.09417e-17
6.2712e-08
1.98764e-16
1.90515e-18
7.5734e-08
1.91199e-16
-1.67339e-17
8.9543e-08
1.61654e-16
-4.99943e-17
1.02066e-07
7.8586e-17
-1.00805e-16
1.08511e-07
-8.63439e-18
-1.55944e-16
9.84233e-08
-1.30988e-16
4.95107e-08
2.80968e-16
1.47359e-17
5.12559e-08
3.01472e-16
1.0596e-17
6.2712e-08
2.92658e-16
1.74903e-19
7.5734e-08
2.93365e-16
-2.11855e-17
8.9543e-08
2.54694e-16
-5.96674e-17
1.02066e-07
1.36676e-16
-1.17485e-16
1.08511e-07
1.68568e-17
-1.76567e-16
9.84233e-08
-1.44275e-16
4.95107e-08
4.49823e-16
-1.26587e-17
3.68832e-08
4.56775e-16
-2.14411e-17
4.50851e-08
4.33549e-16
-3.58121e-17
5.4389e-08
4.09311e-16
-5.87651e-17
6.42239e-08
3.48642e-16
-9.32241e-17
7.30867e-08
2.08491e-16
-1.3662e-16
7.75291e-08
4.08163e-17
-1.70731e-16
7.00874e-08
-1.23187e-16
3.50151e-08
7.2529e-16
1.53324e-08
-1.48772e-17
6.95152e-16
1.88857e-08
-2.00272e-17
6.36413e-16
2.29799e-08
-2.69201e-17
5.62644e-16
2.73861e-08
-3.62112e-17
4.46439e-16
3.14534e-08
-4.85763e-17
2.494e-16
3.36367e-08
-6.31555e-17
6.17306e-17
3.05588e-08
-7.34334e-17
1.51602e-08
-5.14461e-17
3.80859e-16
5.96806e-18
1.53324e-08
3.48125e-16
7.39136e-18
1.88857e-08
3.0002e-16
9.40979e-18
2.29799e-08
2.5007e-16
1.25822e-17
2.73861e-08
1.82376e-16
1.72357e-17
3.14534e-08
7.10333e-17
2.21108e-17
3.36367e-08
-2.12456e-17
2.61992e-17
3.05588e-08
1.8447e-17
1.51602e-08
4.24726e-16
1.78051e-17
3.68832e-08
3.75069e-16
1.97091e-17
4.50851e-08
3.13043e-16
2.14227e-17
5.4389e-08
2.51761e-16
2.32197e-17
6.42239e-08
1.68343e-16
2.54409e-17
7.30867e-08
3.55438e-17
2.84626e-17
7.75291e-08
-6.56301e-17
3.28318e-17
7.00874e-08
2.37584e-17
3.50151e-08
4.63694e-16
2.96751e-17
5.12559e-08
4.08668e-16
3.35439e-17
6.2712e-08
3.3734e-16
3.68009e-17
7.5734e-08
2.61519e-16
3.87625e-17
8.9543e-08
1.68785e-16
3.90078e-17
1.02066e-07
-2.19966e-18
3.87845e-17
1.08511e-07
-1.10148e-16
3.75678e-17
9.84233e-08
2.75213e-17
4.95107e-08
4.60819e-16
2.53935e-17
5.12559e-08
4.12709e-16
2.93552e-17
6.2712e-08
3.42211e-16
3.28246e-17
7.5734e-08
2.72125e-16
3.48088e-17
8.9543e-08
1.6977e-16
3.50561e-17
1.02066e-07
-4.34323e-18
3.42034e-17
1.08511e-07
-1.17642e-16
3.46616e-17
9.84233e-08
2.76571e-17
4.95107e-08
4.69593e-16
1.94646e-17
3.68832e-08
4.15727e-16
2.23652e-17
4.50851e-08
3.39648e-16
2.47703e-17
5.4389e-08
2.67385e-16
2.5643e-17
6.42239e-08
1.65749e-16
2.45674e-17
7.30867e-08
2.56588e-18
2.2374e-17
7.75291e-08
-9.96012e-17
1.82708e-17
7.00874e-08
9.25765e-18
3.50151e-08
3.97339e-16
1.53324e-08
1.03917e-17
3.64608e-16
1.88857e-08
1.26353e-17
3.09045e-16
2.29799e-08
1.51553e-17
2.56201e-16
2.73861e-08
1.78735e-17
1.75352e-16
3.14534e-08
2.06221e-17
4.07446e-17
3.36367e-08
2.28256e-17
-5.03619e-17
3.05588e-08
2.25582e-17
1.51602e-08
1.32609e-17
5.51909e-17
-2.07694e-17
1.53324e-08
6.04881e-17
-2.57365e-17
1.88857e-08
5.39066e-17
-3.13096e-17
2.29799e-08
5.45706e-17
-3.70793e-17
2.73861e-08
4.63131e-17
-4.20128e-17
3.14534e-08
4.86407e-18
-4.49815e-17
3.36367e-08
-2.48796e-17
-4.10762e-17
3.05588e-08
-2.08226e-17
1.51602e-08
1.42736e-16
-1.55042e-17
3.68832e-08
1.42875e-16
-2.05178e-17
4.50851e-08
1.22031e-16
-2.67957e-17
5.4389e-08
1.22899e-16
-3.39721e-17
6.42239e-08
9.41744e-17
-4.20731e-17
7.30867e-08
3.0245e-17
-4.92129e-17
7.75291e-08
-3.35704e-17
-4.88798e-17
7.00874e-08
-2.97601e-17
3.50151e-08
2.79923e-16
-4.35047e-18
5.12559e-08
2.75392e-16
-6.94593e-18
6.2712e-08
2.58745e-16
-1.068e-17
7.5734e-08
2.43357e-16
-1.6473e-17
8.9543e-08
2.02052e-16
-2.39243e-17
1.02066e-07
9.28373e-17
-3.30373e-17
1.08511e-07
-2.42603e-17
-4.1048e-17
9.84233e-08
-3.01836e-17
4.95107e-08
3.64434e-16
-5.62906e-18
5.12559e-08
3.69022e-16
-7.71456e-18
6.2712e-08
3.31637e-16
-1.1028e-17
7.5734e-08
3.10891e-16
-1.61105e-17
8.9543e-08
2.40295e-16
-2.40093e-17
1.02066e-07
9.66004e-17
-3.26556e-17
1.08511e-07
-3.28831e-17
-3.97197e-17
9.84233e-08
-2.8217e-17
4.95107e-08
4.44937e-16
-1.11669e-17
3.68832e-08
4.16778e-16
-1.47182e-17
4.50851e-08
3.55955e-16
-1.94367e-17
5.4389e-08
3.00931e-16
-2.58703e-17
6.42239e-08
2.2227e-16
-3.42269e-17
7.30867e-08
6.97955e-17
-4.22434e-17
7.75291e-08
-5.04519e-17
-4.55129e-17
7.00874e-08
-2.88069e-17
3.50151e-08
4.88429e-16
1.53324e-08
-9.42598e-18
4.56003e-16
1.88857e-08
-1.17588e-17
3.89252e-16
2.29799e-08
-1.45082e-17
3.21773e-16
2.73861e-08
-1.76203e-17
2.32967e-16
3.14534e-08
-2.08146e-17
8.80964e-17
3.36367e-08
-2.33862e-17
-2.47948e-17
3.05588e-08
-2.27613e-17
1.51602e-08
-1.28495e-17
4.41809e-16
3.78742e-18
1.53324e-08
4.08897e-16
5.19399e-18
1.88857e-08
3.59022e-16
7.33387e-18
2.29799e-08
3.06804e-16
1.05781e-17
2.73861e-08
2.25549e-16
1.50971e-17
3.14534e-08
9.85798e-17
1.94091e-17
3.36367e-08
-9.64159e-18
2.15628e-17
3.05588e-08
1.36723e-17
1.51602e-08
5.08419e-16
8.08637e-18
3.68832e-08
4.57368e-16
9.38495e-18
4.50851e-08
3.85857e-16
1.08616e-17
5.4389e-08
3.13833e-16
1.29923e-17
6.42239e-08
2.19098e-16
1.58988e-17
7.30867e-08
5.64947e-17
1.88606e-17
7.75291e-08
-6.96317e-17
2.03837e-17
7.00874e-08
1.31727e-17
3.50151e-08
5.47176e-16
1.12378e-17
5.12559e-08
4.91347e-16
1.33609e-17
6.2712e-08
4.10964e-16
1.57976e-17
7.5734e-08
3.30013e-16
1.83587e-17
8.9543e-08
2.25133e-16
2.12618e-17
1.02066e-07
3.07346e-17
2.36722e-17
1.08511e-07
-9.77904e-17
2.42987e-17
9.84233e-08
1.51214e-17
4.95107e-08
5.3851e-16
8.28046e-18
5.12559e-08
4.91385e-16
1.07802e-17
6.2712e-08
4.05423e-16
1.38362e-17
7.5734e-08
3.30689e-16
1.68821e-17
8.9543e-08
2.06828e-16
2.00068e-17
1.02066e-07
1.89913e-17
2.30527e-17
1.08511e-07
-1.08707e-16
2.32527e-17
9.84233e-08
1.55863e-17
4.95107e-08
4.91871e-16
8.91197e-18
3.68832e-08
4.37469e-16
1.06292e-17
4.50851e-08
3.53589e-16
1.22347e-17
5.4389e-08
2.77553e-16
1.30856e-17
6.42239e-08
1.77357e-16
1.25451e-17
7.30867e-08
6.80046e-18
1.12375e-17
7.75291e-08
-1.02129e-16
7.91739e-18
7.00874e-08
2.47489e-18
3.50151e-08
4.34734e-16
1.53324e-08
3.2158e-18
3.98884e-16
1.88857e-08
3.95686e-18
3.38333e-16
2.29799e-08
4.84016e-18
2.80394e-16
2.73861e-08
5.83868e-18
1.97307e-16
3.14534e-08
6.91078e-18
5.85451e-17
3.36367e-08
7.76665e-18
-4.28983e-17
3.05588e-08
7.65019e-18
1.51602e-08
4.56089e-18
6.9216e-17
-1.43935e-17
1.53324e-08
6.94975e-17
-1.76694e-17
1.88857e-08
5.98615e-17
-2.1221e-17
2.29799e-08
5.87297e-17
-2.44807e-17
2.73861e-08
4.51455e-17
-2.68859e-17
3.14534e-08
-7.59548e-18
-2.84928e-17
3.36367e-08
-4.87163e-17
-2.49672e-17
3.05588e-08
-1.24158e-17
1.51602e-08
1.24264e-16
1.68375e-18
3.68832e-08
1.13653e-16
1.61491e-18
4.50851e-08
9.92192e-17
1.36878e-18
5.4389e-08
9.10997e-17
1.21822e-18
6.42239e-08
7.04431e-17
8.71077e-19
7.30867e-08
-9.5903e-18
-7.16284e-19
7.75291e-08
-6.80995e-17
-2.17673e-18
7.00874e-08
-4.28928e-18
3.50151e-08
1.9036e-16
2.38761e-17
5.12559e-08
1.80141e-16
3.00635e-17
6.2712e-08
1.64009e-16
3.7481e-17
7.5734e-08
1.48304e-16
4.51857e-17
8.9543e-08
1.25199e-16
5.24189e-17
1.02066e-07
8.20833e-18
5.57666e-17
1.08511e-07
-7.55509e-17
4.77038e-17
9.84233e-08
1.88206e-17
4.95107e-08
2.05438e-16
2.98693e-17
5.12559e-08
2.10137e-16
3.87108e-17
6.2712e-08
1.76744e-16
4.89996e-17
7.5734e-08
1.64726e-16
5.97525e-17
8.9543e-08
1.09201e-16
6.84346e-17
1.02066e-07
-2.42744e-17
7.25159e-17
1.08511e-07
-1.10035e-16
6.21892e-17
9.84233e-08
2.73469e-17
4.95107e-08
2.1155e-16
2.52338e-17
3.68832e-08
1.82056e-16
3.10063e-17
4.50851e-08
1.27293e-16
3.70426e-17
5.4389e-08
8.97502e-17
4.19186e-17
6.42239e-08
4.66942e-17
4.3797e-17
7.30867e-08
-7.87488e-17
4.14419e-17
7.75291e-08
-1.48597e-16
2.96217e-17
7.00874e-08
6.7607e-18
3.50151e-08
2.99376e-16
1.53324e-08
8.99823e-18
2.78228e-16
1.88857e-08
1.093e-17
2.24127e-16
2.29799e-08
1.30429e-17
1.8716e-16
2.73861e-08
1.50856e-17
1.18119e-16
3.14534e-08
1.65735e-17
-2.25167e-17
3.36367e-08
1.65389e-17
-1.09385e-16
3.05588e-08
1.32909e-17
1.51602e-08
5.12022e-18
7.06253e-16
-9.85843e-18
1.53324e-08
6.46648e-16
-1.14869e-17
1.88857e-08
5.61986e-16
-1.30737e-17
2.29799e-08
4.71188e-16
-1.35348e-17
2.73861e-08
3.33266e-16
-1.2523e-17
3.14534e-08
1.31264e-16
-1.01556e-17
3.36367e-08
-3.45633e-17
-5.30991e-18
3.05588e-08
3.88789e-19
1.51602e-08
8.58209e-16
-7.74757e-18
3.68832e-08
7.69689e-16
-1.09421e-17
4.50851e-08
6.59413e-16
-1.50646e-17
5.4389e-08
5.22329e-16
-2.01632e-17
6.42239e-08
3.56122e-16
-2.51745e-17
7.30867e-08
8.61408e-17
-3.03091e-17
7.75291e-08
-1.00344e-16
-3.03676e-17
7.00874e-08
-1.73372e-17
3.50151e-08
9.69284e-16
-9.37074e-18
5.12559e-08
8.66019e-16
-1.26645e-17
6.2712e-08
7.11639e-16
-1.77111e-17
7.5734e-08
5.56006e-16
-2.5031e-17
8.9543e-08
3.4285e-16
-3.54434e-17
1.02066e-07
2.85502e-17
-4.74132e-17
1.08511e-07
-1.63539e-16
-5.56247e-17
9.84233e-08
-3.89889e-17
4.95107e-08
9.69542e-16
-1.53088e-17
5.12559e-08
8.715e-16
-1.90406e-17
6.2712e-08
7.27808e-16
-2.38871e-17
7.5734e-08
5.68574e-16
-3.13824e-17
8.9543e-08
3.72182e-16
-4.16953e-17
1.02066e-07
5.78958e-17
-5.32744e-17
1.08511e-07
-1.53926e-16
-6.01626e-17
9.84233e-08
-3.63221e-17
4.95107e-08
9.48788e-16
-7.42225e-18
3.68832e-08
8.48096e-16
-1.05638e-17
4.50851e-08
6.98985e-16
-1.5443e-17
5.4389e-08
5.53469e-16
-2.33877e-17
6.42239e-08
3.60163e-16
-3.52003e-17
7.30867e-08
7.02478e-17
-4.80998e-17
7.75291e-08
-1.21935e-16
-5.70366e-17
7.00874e-08
-3.9728e-17
3.50151e-08
8.76563e-16
1.53324e-08
-2.25421e-18
8.0322e-16
1.88857e-08
-2.93109e-18
6.92873e-16
2.29799e-08
-3.85896e-18
5.77169e-16
2.73861e-08
-5.08891e-18
4.1333e-16
3.14534e-08
-6.70556e-18
1.72969e-16
3.36367e-08
-8.39077e-18
-2.17926e-17
3.05588e-08
-9.18228e-18
1.51602e-08
-5.9141e-18
-2.56493e-16
-2.03027e-17
1.53324e-08
-2.24822e-16
-2.53162e-17
1.88857e-08
-2.01941e-16
-3.01839e-17
2.29799e-08
-1.48028e-16
-3.42517e-17
2.73861e-08
-1.1014e-16
-3.64985e-17
3.14534e-08
-1.2652e-16
-3.60983e-17
3.36367e-08
-1.26132e-16
-2.94745e-17
3.05588e-08
-1.22016e-17
1.51602e-08
-3.3579e-16
-1.07213e-17
3.68832e-08
-2.77724e-16
-1.36023e-17
4.50851e-08
-2.24323e-16
-1.57779e-17
5.4389e-08
-1.26504e-16
-1.67376e-17
6.42239e-08
-3.60645e-17
-1.54128e-17
7.30867e-08
-5.26614e-17
-1.1263e-17
7.75291e-08
-8.38139e-17
-4.20104e-19
7.00874e-08
7.91251e-18
3.50151e-08
-2.86802e-16
1.20034e-17
5.12559e-08
-2.26643e-16
1.62867e-17
6.2712e-08
-1.81693e-16
2.15393e-17
7.5734e-08
-8.40133e-17
2.8232e-17
8.9543e-08
2.18758e-18
3.61423e-17
1.02066e-07
-2.88461e-17
4.47554e-17
1.08511e-07
-7.77332e-17
4.71396e-17
9.84233e-08
2.85308e-17
4.95107e-08
-3.01316e-16
2.74648e-17
5.12559e-08
-2.34939e-16
3.66266e-17
6.2712e-08
-1.87769e-16
4.82014e-17
7.5734e-08
-8.75186e-17
6.1608e-17
8.9543e-08
-3.08553e-20
7.62333e-17
1.02066e-07
-4.81614e-17
8.98489e-17
1.08511e-07
-9.46617e-17
9.28483e-17
9.84233e-08
5.79734e-17
4.95107e-08
-2.62652e-16
3.12375e-17
3.68832e-08
-2.49506e-16
3.90955e-17
4.50851e-08
-2.61508e-16
4.75148e-17
5.4389e-08
-2.15063e-16
5.57508e-17
6.42239e-08
-1.6577e-16
6.17983e-17
7.30867e-08
-2.16564e-16
6.50626e-17
7.75291e-08
-2.09112e-16
5.67015e-17
7.00874e-08
2.56281e-17
3.50151e-08
-4.37116e-17
1.53324e-08
1.72689e-17
-4.00816e-17
1.88857e-08
2.1204e-17
-5.17959e-17
2.29799e-08
2.57345e-17
-3.68305e-17
2.73861e-08
3.06462e-17
-3.08297e-17
3.14534e-08
3.54571e-17
-9.73447e-17
3.36367e-08
3.84779e-17
-1.26692e-16
3.05588e-08
3.64976e-17
1.51602e-08
2.01469e-17
1.33876e-15
-1.5602e-17
1.53324e-08
1.20882e-15
-1.65829e-17
1.88857e-08
1.0118e-15
-1.59212e-17
2.29799e-08
7.95269e-16
-1.10959e-17
2.73861e-08
5.22809e-16
-5.54473e-19
3.14534e-08
1.53407e-16
1.51676e-17
3.36367e-08
-1.26698e-16
3.3115e-17
3.05588e-08
3.31548e-17
1.51602e-08
2.2543e-15
2.72848e-17
3.68832e-08
1.99091e-15
3.42649e-17
4.50851e-08
1.65738e-15
4.42561e-17
5.4389e-08
1.24113e-15
5.80218e-17
6.42239e-08
7.78413e-16
7.70573e-17
7.30867e-08
1.75051e-16
9.57959e-17
7.75291e-08
-2.53548e-16
1.01996e-16
7.00874e-08
6.05517e-17
3.50151e-08
2.84333e-15
6.88902e-17
5.12559e-08
2.51146e-15
8.95356e-17
6.2712e-08
2.05562e-15
1.1303e-16
7.5734e-08
1.53386e-15
1.41066e-16
8.9543e-08
9.17135e-16
1.66918e-16
1.02066e-07
1.48596e-16
1.82081e-16
1.08511e-07
-3.61377e-16
1.58286e-16
9.84233e-08
5.80767e-17
4.95107e-08
2.89011e-15
9.23008e-17
5.12559e-08
2.55669e-15
1.18503e-16
6.2712e-08
2.20171e-15
1.53539e-16
7.5734e-08
1.66638e-15
1.91549e-16
8.9543e-08
1.10652e-15
2.32167e-16
1.02066e-07
3.15714e-16
2.5935e-16
1.08511e-07
-2.86088e-16
2.44332e-16
9.84233e-08
1.33015e-16
4.95107e-08
2.86814e-15
5.59186e-17
3.68832e-08
2.51857e-15
6.67282e-17
4.50851e-08
2.01646e-15
7.6986e-17
5.4389e-08
1.53459e-15
8.29566e-17
6.42239e-08
8.80909e-16
7.99264e-17
7.30867e-08
8.95281e-17
6.58386e-17
7.75291e-08
-3.90924e-16
3.28734e-17
7.00874e-08
-9.17969e-18
3.50151e-08
2.07638e-15
1.53324e-08
1.15271e-17
1.87781e-15
1.88857e-08
1.33068e-17
1.60946e-15
2.29799e-08
1.49615e-17
1.30869e-15
2.73861e-08
1.61753e-17
8.92085e-16
3.14534e-08
1.64391e-17
3.20914e-16
3.36367e-08
1.49723e-17
-1.09459e-16
3.05588e-08
1.08166e-17
1.51602e-08
3.37611e-18
1.8397e-15
-4.31462e-17
1.98077e-15
-4.91281e-17
1.83695e-15
-5.82053e-17
1.53227e-15
-7.825e-17
1.26669e-15
-9.74657e-17
8.82375e-16
-1.06954e-16
4.10246e-16
-8.87777e-17
-2.29872e-17
3.11683e-15
-1.61303e-16
3.402e-15
-1.97926e-16
3.11114e-15
-2.52488e-16
2.66864e-15
-3.22119e-16
2.19559e-15
-4.10164e-16
1.70597e-15
-4.80024e-16
9.45376e-16
-4.7847e-16
-2.64066e-16
3.27637e-15
-1.25128e-16
3.6483e-15
-1.70981e-16
3.8203e-15
-2.24485e-16
3.28312e-15
-2.94484e-16
3.25786e-15
-3.70269e-16
3.02041e-15
-4.36752e-16
1.93788e-15
-4.26299e-16
-2.08373e-16
3.53629e-15
-3.98911e-17
3.90803e-15
-7.70546e-17
3.76507e-15
-1.31202e-16
3.13863e-15
-1.95392e-16
2.907e-15
-2.85316e-16
2.65096e-15
-3.90667e-16
1.70694e-15
-4.70427e-16
-3.58589e-16
1.84053e-15
5.84726e-18
2.43162e-15
-5.91957e-18
2.65223e-15
-1.59517e-17
2.26153e-15
-1.503e-17
2.39557e-15
-1.09989e-17
2.30323e-15
-1.5657e-17
1.49157e-15
-2.35725e-17
-2.79984e-17
-1.36093e-16
4.7374e-18
3.24088e-16
3.86885e-18
3.80969e-16
2.49493e-18
2.68112e-16
3.19728e-19
3.56661e-16
-2.01502e-18
3.92179e-16
-5.20267e-18
2.68999e-16
-7.68419e-18
-4.2322e-18
3.95659e-09
-2.11483e-07
1.84503e-08
1.13203e-18
4.07706e-09
-2.52517e-07
3.92003e-08
9.14833e-18
-2.73825e-07
5.11527e-08
-4.07706e-09
-2.73825e-07
5.11527e-08
-3.95659e-09
-2.52517e-07
3.92003e-08
-2.11483e-07
1.84503e-08
4.714e-09
-2.12447e-07
2.30766e-08
1.4753e-18
5.01636e-09
-2.56843e-07
4.89524e-08
1.1545e-17
-2.78589e-07
6.41322e-08
-5.01636e-09
-2.78589e-07
6.41322e-08
-4.714e-09
-2.56843e-07
4.89524e-08
-2.12447e-07
2.30766e-08
5.56757e-09
-2.11833e-07
2.86564e-08
1.91756e-18
6.08469e-09
-2.60334e-07
6.0785e-08
1.44803e-17
-2.82734e-07
8.00559e-08
-6.08469e-09
-2.82734e-07
8.00559e-08
-5.56757e-09
-2.60334e-07
6.0785e-08
-2.11833e-07
2.86564e-08
6.40876e-09
-2.07758e-07
3.50636e-08
2.46718e-18
7.20802e-09
-2.60894e-07
7.45235e-08
1.80469e-17
-2.84216e-07
9.88199e-08
-7.20802e-09
-2.84216e-07
9.88199e-08
-6.40876e-09
-2.60894e-07
7.45235e-08
-2.07758e-07
3.50636e-08
7.09415e-09
-1.96529e-07
4.16982e-08
3.05107e-18
8.20765e-09
-2.53859e-07
8.912e-08
2.22867e-17
-2.78247e-07
1.1924e-07
-8.20765e-09
-2.78247e-07
1.1924e-07
-7.09415e-09
-2.53859e-07
8.912e-08
-1.96529e-07
4.16982e-08
7.35276e-09
-1.70845e-07
4.67744e-08
3.50938e-18
8.699e-09
-2.28916e-07
1.01158e-07
2.54086e-17
-2.53649e-07
1.37002e-07
-8.699e-09
-2.53649e-07
1.37002e-07
-7.35276e-09
-2.28916e-07
1.01158e-07
-1.70845e-07
4.67744e-08
6.68666e-09
-1.15991e-07
4.56728e-08
3.40652e-18
7.84936e-09
-1.62892e-07
1.0118e-07
2.70582e-17
-1.83865e-07
1.39449e-07
-7.84936e-09
-1.83865e-07
1.39449e-07
-6.68666e-09
-1.62892e-07
1.0118e-07
-1.15991e-07
4.56728e-08
3.57306e-09
2.60877e-08
1.98458e-18
3.75204e-09
6.14509e-08
1.70176e-17
8.75184e-08
-3.75204e-09
8.75184e-08
-3.57306e-09
6.14509e-08
2.60877e-08
9.86793e-10
-3.27004e-08
1.76012e-08
-6.45085e-18
1.17535e-09
-5.8751e-08
4.02625e-08
3.11641e-17
-7.2915e-08
5.42175e-08
-1.17535e-09
-7.2915e-08
5.42175e-08
-9.86793e-10
-5.8751e-08
4.02625e-08
-3.27004e-08
1.76012e-08
1.12176e-09
-3.25328e-08
2.17871e-08
-8.47233e-18
1.32859e-09
-5.96875e-08
4.96822e-08
3.97803e-17
-7.46216e-08
6.71674e-08
-1.32859e-09
-7.46216e-08
6.71674e-08
-1.12176e-09
-5.96875e-08
4.96822e-08
-3.25328e-08
2.17871e-08
1.17497e-09
-3.1704e-08
2.66526e-08
-1.1254e-17
1.40502e-09
-5.97041e-08
6.05716e-08
5.07544e-17
-7.54308e-08
8.22701e-08
-1.40502e-09
-7.54308e-08
8.22701e-08
-1.17497e-09
-5.97041e-08
6.05716e-08
-3.1704e-08
2.66526e-08
1.10862e-09
-2.97057e-08
3.19566e-08
-1.43242e-17
1.35223e-09
-5.78249e-08
7.24006e-08
6.38768e-17
-7.41407e-08
9.8882e-08
-1.35223e-09
-7.41407e-08
9.8882e-08
-1.10862e-09
-5.78249e-08
7.24006e-08
-2.97057e-08
3.19566e-08
8.41685e-10
-2.57906e-08
3.69415e-08
-1.7071e-17
1.07017e-09
-5.24213e-08
8.34879e-08
7.78516e-17
-6.85956e-08
1.14765e-07
-1.07017e-09
-6.85956e-08
1.14765e-07
-8.41685e-10
-5.24213e-08
8.34879e-08
-2.57906e-08
3.69415e-08
3.06464e-10
-1.90663e-08
3.97437e-08
-1.88134e-17
4.54361e-10
-4.10899e-08
8.96787e-08
8.94595e-17
-5.53091e-08
1.2417e-07
-4.54361e-10
-5.53091e-08
1.2417e-07
-3.06464e-10
-4.10899e-08
8.96787e-08
-1.90663e-08
3.97437e-08
-4.40287e-10
-9.14461e-09
3.61914e-08
-1.72627e-17
-4.689e-10
-2.14562e-08
8.15747e-08
8.79584e-17
-3.00839e-08
1.13755e-07
4.689e-10
-3.00839e-08
1.13755e-07
4.40287e-10
-2.14562e-08
8.15747e-08
-9.14461e-09
3.61914e-08
-8.77381e-10
1.78205e-08
-9.09876e-18
-1.10832e-09
4.02257e-08
4.88597e-17
5.63261e-08
1.10832e-09
5.63261e-08
8.77381e-10
4.02257e-08
1.78205e-08
4.42497e-10
-1.97726e-08
1.60666e-08
-1.98814e-17
5.25021e-10
-3.9225e-08
3.819e-08
5.24994e-17
-5.00034e-08
5.24693e-08
-5.25021e-10
-5.00034e-08
5.24693e-08
-4.42497e-10
-3.9225e-08
3.819e-08
-1.97726e-08
1.60666e-08
4.94423e-10
-1.82763e-08
1.97965e-08
-2.43905e-17
5.84831e-10
-3.64187e-08
4.67855e-08
6.50682e-17
-4.67052e-08
6.4454e-08
-5.84831e-10
-4.67052e-08
6.4454e-08
-4.94423e-10
-3.64187e-08
4.67855e-08
-1.82763e-08
1.97965e-08
5.31957e-10
-1.62505e-08
2.40949e-08
-2.97697e-17
6.2496e-10
-3.25212e-08
5.6581e-08
7.95918e-17
-4.20074e-08
7.81972e-08
-6.2496e-10
-4.20074e-08
7.81972e-08
-5.31957e-10
-3.25212e-08
5.6581e-08
-1.62505e-08
2.40949e-08
5.3646e-10
-1.35482e-08
2.87178e-08
-3.58619e-17
6.22176e-10
-2.71882e-08
6.69819e-08
9.52425e-17
-3.54136e-08
9.29104e-08
-6.22176e-10
-3.54136e-08
9.29104e-08
-5.3646e-10
-2.71882e-08
6.69819e-08
-1.35482e-08
2.87178e-08
4.89387e-10
-1.00719e-08
3.29758e-08
-4.16678e-17
5.55539e-10
-2.01624e-08
7.63959e-08
1.09413e-16
-2.64956e-08
1.06402e-07
-5.55538e-10
-2.64956e-08
1.06402e-07
-4.89387e-10
-2.01624e-08
7.63959e-08
-1.00719e-08
3.29758e-08
3.77248e-10
-5.94713e-09
3.52417e-08
-4.48262e-17
4.18474e-10
-1.16791e-08
8.11541e-08
1.16252e-16
-1.54355e-08
1.13528e-07
-4.18474e-10
-1.54355e-08
1.13528e-07
-3.77248e-10
-1.16791e-08
8.11541e-08
-5.94713e-09
3.52417e-08
2.04796e-10
-1.94677e-09
3.19862e-08
-4.01399e-17
2.45046e-10
-3.52591e-09
7.33813e-08
1.02103e-16
-4.56941e-09
1.03134e-07
-2.45046e-10
-4.56941e-09
1.03134e-07
-2.04796e-10
-3.52591e-09
7.33813e-08
-1.94677e-09
3.19862e-08
1.91211e-11
1.58546e-08
-1.95379e-17
8.65062e-11
3.66324e-08
4.59154e-17
5.18432e-08
-8.65061e-11
5.18432e-08
-1.91211e-11
3.66324e-08
1.58546e-08
1.55206e-10
-1.61075e-09
1.57558e-08
-2.97123e-17
2.15534e-10
-7.42558e-09
3.75613e-08
2.06011e-17
-1.19843e-08
5.18347e-08
-2.15534e-10
-1.19843e-08
5.18347e-08
-1.55206e-10
-7.42558e-09
3.75613e-08
-1.61075e-09
1.57558e-08
1.8067e-10
-1.41471e-09
1.94198e-08
-3.68637e-17
2.39712e-10
-6.66934e-09
4.59702e-08
2.19095e-17
-1.08307e-08
6.35401e-08
-2.39712e-10
-1.08307e-08
6.35401e-08
-1.8067e-10
-6.66934e-09
4.59702e-08
-1.41471e-09
1.94198e-08
2.00338e-10
-1.16891e-09
2.36487e-08
-4.48787e-17
2.52035e-10
-5.67897e-09
5.55389e-08
2.08252e-17
-9.2876e-09
7.69062e-08
-2.52035e-10
-9.2876e-09
7.69062e-08
-2.00338e-10
-5.67897e-09
5.55389e-08
-1.16891e-09
2.36487e-08
2.12082e-10
-8.74655e-10
2.82115e-08
-5.31273e-17
2.47083e-10
-4.42944e-09
6.56974e-08
1.55849e-17
-7.29383e-09
9.11637e-08
-2.47083e-10
-7.29383e-09
9.11637e-08
-2.12082e-10
-4.42944e-09
6.56974e-08
-8.74656e-10
2.82115e-08
2.09171e-10
-5.50522e-10
3.24425e-08
-5.84242e-17
2.16986e-10
-2.96257e-09
7.49212e-08
4.07911e-18
-4.89333e-09
1.04219e-07
-2.16986e-10
-4.89333e-09
1.04219e-07
-2.09171e-10
-2.96257e-09
7.49212e-08
-5.50523e-10
3.24425e-08
1.8382e-10
-2.45199e-10
3.47526e-08
-6.03198e-17
1.56999e-10
-1.46498e-09
7.96834e-08
-1.47906e-17
-2.3867e-09
1.11179e-07
-1.56999e-10
-2.3867e-09
1.11179e-07
-1.8382e-10
-1.46498e-09
7.96834e-08
-2.45199e-10
3.47526e-08
1.29907e-10
-3.70606e-11
3.16482e-08
-5.1441e-17
7.16806e-11
-3.21458e-10
7.2296e-08
-3.68709e-17
-4.70366e-10
1.0129e-07
-7.16807e-11
-4.70366e-10
1.0129e-07
-1.29907e-10
-3.21458e-10
7.2296e-08
-3.70605e-11
3.16482e-08
4.73557e-11
1.57702e-08
-2.28978e-17
-5.55903e-12
3.63638e-08
-3.79931e-17
5.13673e-08
5.559e-12
5.13673e-08
-4.73557e-11
3.63638e-08
1.57702e-08
8.99592e-11
-1.07026e-09
1.56138e-08
4.28105e-18
1.32931e-10
-3.5972e-09
3.73214e-08
2.96462e-17
-5.76552e-09
5.16216e-08
-1.32931e-10
-5.76552e-09
5.16216e-08
-8.99592e-11
-3.5972e-09
3.73214e-08
-1.07026e-09
1.56138e-08
1.07714e-10
-1.00066e-09
1.92425e-08
5.38034e-18
1.54594e-10
-3.33668e-09
4.56628e-08
3.55361e-17
-5.30982e-09
6.3239e-08
-1.54594e-10
-5.30982e-09
6.3239e-08
-1.07714e-10
-3.33668e-09
4.56628e-08
-1.00066e-09
1.92425e-08
1.26252e-10
-9.0686e-10
2.34287e-08
6.22822e-18
1.74603e-10
-2.99287e-09
5.51468e-08
4.07888e-17
-4.71386e-09
7.64848e-08
-1.74603e-10
-4.71386e-09
7.64848e-08
-1.26252e-10
-2.99287e-09
5.51468e-08
-9.06862e-10
2.34287e-08
1.44073e-10
-7.81569e-10
2.79421e-08
6.80264e-18
1.8991e-10
-2.54659e-09
6.52053e-08
4.4181e-17
-3.95205e-09
9.05918e-08
-1.8991e-10
-3.95205e-09
9.05918e-08
-1.44073e-10
-2.54659e-09
6.52053e-08
-7.81571e-10
2.79421e-08
1.5727e-10
-6.17078e-10
3.21207e-08
5.90052e-18
1.94901e-10
-1.98347e-09
7.43205e-08
4.49579e-17
-3.01586e-09
1.03478e-07
-1.94901e-10
-3.01586e-09
1.03478e-07
-1.5727e-10
-1.98347e-09
7.43205e-08
-6.1708e-10
3.21207e-08
1.5843e-10
-4.09026e-10
3.43861e-08
8.30164e-18
1.80912e-10
-1.30477e-09
7.89822e-08
4.16328e-17
-1.9346e-09
1.10278e-07
-1.80912e-10
-1.9346e-09
1.10278e-07
-1.5843e-10
-1.30477e-09
7.89822e-08
-4.09026e-10
3.43861e-08
1.34763e-10
-1.7093e-10
3.12753e-08
1.34043e-17
1.35251e-10
-5.54688e-10
7.15454e-08
3.42685e-17
-8.04456e-10
1.00295e-07
-1.35251e-10
-8.04456e-10
1.00295e-07
-1.34763e-10
-5.54688e-10
7.15454e-08
-1.7093e-10
3.12753e-08
6.22347e-11
1.5537e-08
1.21363e-17
4.39877e-11
3.58274e-08
1.82095e-17
5.06068e-08
-4.39877e-11
5.06068e-08
-6.22347e-11
3.58274e-08
1.5537e-08
5.64294e-11
-1.15369e-09
1.54957e-08
-2.19638e-17
8.14132e-11
-2.81379e-09
3.71373e-08
8.60343e-17
-4.0842e-09
5.14634e-08
-8.14131e-11
-4.0842e-09
5.14634e-08
-5.64293e-11
-2.81379e-09
3.71373e-08
-1.15369e-09
1.54957e-08
6.66236e-11
-1.07029e-09
1.90925e-08
-2.89799e-17
9.50957e-11
-2.60116e-09
4.54217e-08
1.07738e-16
-3.76618e-09
6.30161e-08
-9.50955e-11
-3.76618e-09
6.30161e-08
-6.66234e-11
-2.60116e-09
4.54217e-08
-1.07029e-09
1.90925e-08
7.65775e-11
-9.57751e-10
2.32396e-08
-3.71381e-17
1.08192e-10
-2.31895e-09
5.48329e-08
1.33865e-16
-3.34756e-09
7.61744e-08
-1.08192e-10
-3.34756e-09
7.61744e-08
-7.65773e-11
-2.31895e-09
5.48329e-08
-9.5775e-10
2.32396e-08
8.48688e-11
-8.07624e-10
2.77071e-08
-4.66759e-17
1.18394e-10
-1.94849e-09
6.48013e-08
1.63276e-16
-2.80327e-09
9.01659e-08
-1.18393e-10
-2.80327e-09
9.01659e-08
-8.48685e-11
-1.94849e-09
6.48013e-08
-8.07624e-10
2.77071e-08
8.87288e-11
-6.13107e-10
3.18375e-08
-5.21793e-17
1.21787e-10
-1.47508e-09
7.3814e-08
1.92408e-16
-2.11461e-09
1.02911e-07
-1.21787e-10
-2.11461e-09
1.02911e-07
-8.87284e-11
-1.47508e-09
7.3814e-08
-6.13107e-10
3.18375e-08
8.37789e-11
-3.77338e-10
3.40665e-08
-5.69746e-17
1.12427e-10
-9.06421e-10
7.83849e-08
2.10697e-16
-1.29442e-09
1.09571e-07
-1.12426e-10
-1.29442e-09
1.09571e-07
-8.37786e-11
-9.06421e-10
7.83849e-08
-3.77337e-10
3.40665e-08
6.39783e-11
-1.35495e-10
3.09695e-08
-5.02459e-17
8.27584e-11
-3.25304e-10
7.09455e-08
1.93746e-16
-4.60793e-10
9.95438e-08
-8.2758e-11
-4.60793e-10
9.95438e-08
-6.39779e-11
-3.25304e-10
7.09455e-08
-1.35495e-10
3.09695e-08
2.31858e-11
1.53783e-08
-2.0333e-17
2.67896e-11
3.54985e-08
9.6412e-17
5.01728e-08
-2.67894e-11
5.01728e-08
-2.31856e-11
3.54985e-08
1.53783e-08
3.15261e-11
-5.75167e-10
1.54337e-08
4.43577e-18
4.65474e-11
-1.50812e-09
3.70387e-08
-2.68979e-17
-2.22468e-09
5.1382e-08
-4.65475e-11
-2.22468e-09
5.1382e-08
-3.15262e-11
-1.50812e-09
3.70387e-08
-5.75169e-10
1.54337e-08
3.69259e-11
-5.33786e-10
1.90142e-08
6.60345e-18
5.37483e-11
-1.39502e-09
4.52918e-08
-3.74167e-17
-2.0532e-09
6.28984e-08
-5.37484e-11
-2.0532e-09
6.28984e-08
-3.6926e-11
-1.39502e-09
4.52918e-08
-5.33788e-10
1.90142e-08
4.18067e-11
-4.77557e-10
2.31415e-08
9.0701e-18
6.00746e-11
-1.24297e-09
5.46626e-08
-5.40997e-17
-1.8246e-09
7.60059e-08
-6.00748e-11
-1.8246e-09
7.60059e-08
-4.18068e-11
-1.24297e-09
5.46626e-08
-4.7756e-10
2.31415e-08
4.541e-11
-4.0234e-10
2.75865e-08
1.24206e-17
6.41898e-11
-1.0418e-09
6.45813e-08
-7.91415e-17
-1.52443e-09
8.993e-08
-6.419e-11
-1.52443e-09
8.993e-08
-4.54101e-11
-1.0418e-09
6.45813e-08
-4.02341e-10
2.75865e-08
4.61928e-11
-3.05082e-10
3.1694e-08
1.25639e-17
6.38968e-11
-7.84742e-10
7.35393e-08
-1.13938e-16
-1.14344e-09
1.02594e-07
-6.38971e-11
-1.14344e-09
1.02594e-07
-4.61931e-11
-7.84742e-10
7.35393e-08
-3.05084e-10
3.1694e-08
4.19999e-11
-1.87948e-10
3.39074e-08
1.64396e-17
5.62968e-11
-4.79281e-10
7.80651e-08
-1.55054e-16
-6.93604e-10
1.09177e-07
-5.62971e-11
-6.93604e-10
1.09177e-07
-4.20002e-11
-4.79281e-10
7.80651e-08
-1.87949e-10
3.39074e-08
3.04099e-11
-6.81538e-11
3.08193e-08
1.81747e-17
3.85691e-11
-1.71919e-10
7.063e-08
-1.80221e-16
-2.45135e-10
9.91339e-08
-3.85695e-11
-2.45135e-10
9.91339e-08
-3.04102e-11
-1.71919e-10
7.063e-08
-6.81537e-11
3.08193e-08
1.00459e-11
1.53001e-08
8.63908e-18
1.06135e-11
3.5326e-08
-1.21164e-16
4.99383e-08
-1.06137e-11
4.99383e-08
-1.00461e-11
3.5326e-08
1.53001e-08
1.91734e-11
-3.74861e-10
1.53956e-08
-4.83349e-17
2.80865e-11
-9.60582e-10
3.69799e-08
1.27941e-16
-1.39966e-09
5.13346e-08
-2.80863e-11
-1.39966e-09
5.13346e-08
-1.91732e-11
-9.60583e-10
3.69799e-08
-3.7486e-10
1.53956e-08
2.24062e-11
-3.48977e-10
1.89659e-08
-6.19672e-17
3.23063e-11
-8.92485e-10
4.52138e-08
1.63131e-16
-1.29736e-09
6.28284e-08
-3.23059e-11
-1.29736e-09
6.28284e-08
-2.2406e-11
-8.92485e-10
4.52138e-08
-3.48976e-10
1.89659e-08
2.53373e-11
-3.13555e-10
2.30808e-08
-7.7718e-17
3.59316e-11
-7.99931e-10
5.45595e-08
2.07435e-16
-1.15946e-09
7.59039e-08
-3.59312e-11
-1.15946e-09
7.59039e-08
-2.5337e-11
-7.99931e-10
5.45595e-08
-3.13554e-10
2.30808e-08
2.7493e-11
-2.65765e-10
2.75112e-08
-9.54606e-17
3.81351e-11
-6.76011e-10
6.44468e-08
2.60533e-16
-9.76293e-10
8.97849e-08
-3.81346e-11
-9.76293e-10
8.97849e-08
-2.74926e-11
-6.76011e-10
6.44468e-08
-2.65764e-10
2.75112e-08
2.79608e-11
-2.03295e-10
3.16036e-08
-1.08108e-16
3.76227e-11
-5.1546e-10
7.33691e-08
3.19646e-16
-7.4093e-10
1.02396e-07
-3.7622e-11
-7.4093e-10
1.02396e-07
-2.79603e-11
-5.1546e-10
7.33691e-08
-2.03293e-10
3.16036e-08
2.54683e-11
-1.26936e-10
3.38056e-08
-1.17537e-16
3.27599e-11
-3.21115e-10
7.78635e-08
3.71395e-16
-4.58604e-10
1.08928e-07
-3.27591e-11
-4.58604e-10
1.08928e-07
-2.54677e-11
-3.21115e-10
7.78635e-08
-1.26935e-10
3.38056e-08
1.85622e-11
-4.71602e-11
3.07209e-08
-1.06357e-16
2.20418e-11
-1.19719e-10
7.04251e-08
3.74054e-16
-1.6924e-10
9.88666e-08
-2.2041e-11
-1.6924e-10
9.88666e-08
-1.85615e-11
-1.19719e-10
7.04251e-08
-4.71603e-11
3.07209e-08
6.20956e-12
1.52467e-08
-4.87173e-17
5.57562e-12
3.52069e-08
2.17387e-16
4.97746e-08
-5.57523e-12
4.97746e-08
-6.20922e-12
3.52069e-08
1.52467e-08
1.19347e-11
-2.42039e-10
1.53712e-08
-1.53527e-17
1.72027e-11
-6.145e-10
3.69426e-08
7.05862e-18
-8.90514e-10
5.13041e-08
-1.72027e-11
-8.90514e-10
5.13041e-08
-1.19347e-11
-6.14501e-10
3.69426e-08
-2.42042e-10
1.53712e-08
1.39581e-11
-2.25039e-10
1.89349e-08
-1.72813e-17
1.98011e-11
-5.70615e-10
4.51641e-08
5.23907e-18
-8.2573e-10
6.27834e-08
-1.98011e-11
-8.2573e-10
6.27834e-08
-1.39581e-11
-5.70615e-10
4.51641e-08
-2.25041e-10
1.89349e-08
1.57986e-11
-2.01848e-10
2.30418e-08
-1.90853e-17
2.20426e-11
-5.10982e-10
5.44936e-08
-1.52805e-18
-7.38114e-10
7.58383e-08
-2.20426e-11
-7.38114e-10
7.58383e-08
-1.57987e-11
-5.10982e-10
5.44936e-08
-2.0185e-10
2.30418e-08
1.71607e-11
-1.70658e-10
2.74629e-08
-1.96942e-17
2.34203e-11
-4.31144e-10
6.43607e-08
-1.64419e-17
-6.21349e-10
8.96916e-08
-2.34204e-11
-6.2135e-10
8.96916e-08
-1.71608e-11
-4.31144e-10
6.43607e-08
-1.7066e-10
2.74629e-08
1.74757e-11
-1.30034e-10
3.15455e-08
-2.26699e-17
2.31439e-11
-3.27729e-10
7.326e-08
-4.35328e-17
-4.70812e-10
1.02268e-07
-2.3144e-11
-4.70812e-10
1.02268e-07
-1.74759e-11
-3.27729e-10
7.326e-08
-1.30036e-10
3.15455e-08
1.5947e-11
-8.06316e-11
3.37402e-08
-1.85647e-17
2.02136e-11
-2.02761e-10
7.77342e-08
-8.40163e-17
-2.89858e-10
1.08767e-07
-2.02138e-11
-2.89858e-10
1.08767e-07
-1.59473e-11
-2.02762e-10
7.77342e-08
-8.06322e-11
3.37402e-08
1.16529e-11
-2.95253e-11
3.06582e-08
-1.0487e-17
1.36979e-11
-7.42846e-11
7.02946e-08
-1.23782e-16
-1.05154e-10
9.86956e-08
-1.36983e-11
-1.05154e-10
9.86956e-08
-1.16532e-11
-7.42847e-11
7.02946e-08
-2.95252e-11
3.06582e-08
3.92327e-12
1.52133e-08
-3.36911e-18
3.58682e-12
3.5133e-08
-1.02615e-16
4.9673e-08
-3.58702e-12
4.9673e-08
-3.92346e-12
3.5133e-08
1.52133e-08
7.3446e-12
-1.44685e-10
1.53563e-08
-6.35496e-17
1.05404e-11
-3.73263e-10
3.69199e-08
1.80892e-16
-5.43725e-10
5.12857e-08
-1.054e-11
-5.43725e-10
5.12857e-08
-7.34437e-12
-3.73263e-10
3.69199e-08
-1.44684e-10
1.53563e-08
8.606e-12
-1.34501e-10
1.89161e-08
-7.92939e-17
1.21493e-11
-3.46574e-10
4.51338e-08
2.28716e-16
-5.04227e-10
6.2756e-08
-1.21488e-11
-5.04227e-10
6.2756e-08
-8.60571e-12
-3.46575e-10
4.51338e-08
-1.345e-10
1.89161e-08
9.76103e-12
-1.20618e-10
2.30181e-08
-9.63986e-17
1.3546e-11
-3.10299e-10
5.44535e-08
2.87057e-16
-4.50739e-10
7.57984e-08
-1.35455e-11
-4.50739e-10
7.57984e-08
-9.76067e-12
-3.10299e-10
5.44535e-08
-1.20616e-10
2.30181e-08
1.06325e-11
-1.01959e-10
2.74336e-08
-1.14104e-16
1.44254e-11
-2.61738e-10
6.43083e-08
3.54006e-16
-3.79389e-10
8.96347e-08
-1.44248e-11
-3.79389e-10
8.96347e-08
-1.0632e-11
-2.61739e-10
6.43083e-08
-1.01958e-10
2.74336e-08
1.08694e-11
-7.76796e-11
3.15104e-08
-1.24608e-16
1.43021e-11
-1.98882e-10
7.31937e-08
4.25014e-16
-2.87375e-10
1.02191e-07
-1.43013e-11
-2.87375e-10
1.02191e-07
-1.08688e-11
-1.98882e-10
7.31937e-08
-7.76785e-11
3.15104e-08
9.97292e-12
-4.81816e-11
3.37008e-08
-1.30052e-16
1.25524e-11
-1.23025e-10
7.76558e-08
4.80014e-16
-1.76848e-10
1.08669e-07
-1.25515e-11
-1.76849e-10
1.08669e-07
-9.97229e-12
-1.23025e-10
7.76558e-08
-4.81813e-11
3.37008e-08
7.35283e-12
-1.76688e-11
3.06203e-08
-1.13772e-16
8.57421e-12
-4.51207e-11
7.02155e-08
4.68861e-16
-6.41749e-11
9.85915e-08
-8.57337e-12
-6.4175e-11
9.85915e-08
-7.35222e-12
-4.51208e-11
7.02155e-08
-1.7669e-11
3.06203e-08
2.53766e-12
1.51931e-08
-5.10588e-17
2.30463e-12
3.50881e-08
2.63004e-16
4.96112e-08
-2.3042e-12
4.96112e-08
-2.53734e-12
3.50881e-08
1.51931e-08
4.54468e-12
-8.9371e-11
1.53472e-08
3.58913e-17
6.5045e-12
-2.30452e-10
3.69059e-08
-4.36845e-17
-3.35715e-10
5.12743e-08
-6.5046e-12
-3.35715e-10
5.12743e-08
-4.54478e-12
-2.30452e-10
3.69059e-08
-8.93724e-11
1.53472e-08
5.32994e-12
-8.30991e-11
1.89045e-08
4.56372e-17
7.50611e-12
-2.14028e-10
4.51152e-08
-6.01992e-17
-3.11401e-10
6.27392e-08
-7.50626e-12
-3.11401e-10
6.27392e-08
-5.33006e-12
-2.14028e-10
4.51152e-08
-8.31006e-11
1.89045e-08
6.05375e-12
-7.45469e-11
2.30035e-08
5.73918e-17
8.38279e-12
-1.91701e-10
5.44289e-08
-8.57796e-17
-2.78468e-10
7.57738e-08
-8.38299e-12
-2.78468e-10
7.57738e-08
-6.05391e-12
-1.91701e-10
5.44289e-08
-7.45485e-11
2.30035e-08
6.60672e-12
-6.3049e-11
2.74155e-08
7.16382e-17
8.94699e-12
-1.61803e-10
6.42761e-08
-1.24784e-16
-2.34525e-10
8.95997e-08
-8.94728e-12
-2.34525e-10
8.95997e-08
-6.60695e-12
-1.61803e-10
6.42761e-08
-6.30501e-11
2.74155e-08
6.77142e-12
-4.80759e-11
3.14886e-08
8.27434e-17
8.89783e-12
-1.23078e-10
7.31528e-08
-1.80793e-16
-1.77825e-10
1.02143e-07
-8.89823e-12
-1.77825e-10
1.02143e-07
-6.77173e-12
-1.23077e-10
7.31528e-08
-4.80772e-11
3.14886e-08
6.2354e-12
-2.98598e-11
3.36763e-08
9.60188e-17
7.84279e-12
-7.62772e-11
7.76074e-08
-2.51315e-16
-1.09639e-10
1.08609e-07
-7.84332e-12
-1.09639e-10
1.08609e-07
-6.23582e-12
-7.62773e-11
7.76074e-08
-2.98603e-11
3.36763e-08
4.62203e-12
-1.09768e-11
3.05968e-08
9.65882e-17
5.39114e-12
-2.80817e-11
7.01665e-08
-3.02636e-16
-3.99508e-11
9.85272e-08
-5.39175e-12
-3.99508e-11
9.85272e-08
-4.62249e-12
-2.80817e-11
7.01665e-08
-1.09767e-11
3.05968e-08
1.61274e-12
1.51805e-08
5.30078e-17
1.46976e-12
3.50601e-08
-2.1398e-16
4.95727e-08
-1.47015e-12
4.95727e-08
-1.61302e-12
3.50601e-08
1.51805e-08
2.81004e-12
-5.53502e-11
1.53415e-08
-2.53822e-17
4.01686e-12
-1.42515e-10
3.68972e-08
8.02726e-17
-2.07515e-10
5.12673e-08
-4.01671e-12
-2.07515e-10
5.12673e-08
-2.80995e-12
-1.42514e-10
3.68972e-08
-5.53485e-11
1.53415e-08
3.29592e-12
-5.14591e-11
1.88973e-08
-3.31135e-17
4.63695e-12
-1.32338e-10
4.51037e-08
1.04979e-16
-1.92462e-10
6.27288e-08
-4.63674e-12
-1.92462e-10
6.27288e-08
-3.29579e-12
-1.32338e-10
4.51037e-08
-5.14573e-11
1.88973e-08
3.74399e-12
-4.61552e-11
2.29945e-08
-4.1425e-17
5.18086e-12
-1.18511e-10
5.44136e-08
1.36576e-16
-1.72081e-10
7.57586e-08
-5.18059e-12
-1.72081e-10
7.57586e-08
-3.74382e-12
-1.1851e-10
5.44136e-08
-4.61534e-11
2.29945e-08
4.08652e-12
-3.90268e-11
2.74042e-08
-5.04883e-17
5.53275e-12
-1.00002e-10
6.42561e-08
1.75287e-16
-1.44896e-10
8.9578e-08
-5.5324e-12
-1.44895e-10
8.9578e-08
-4.08629e-12
-1.00002e-10
6.42561e-08
-3.90255e-11
2.74042e-08
4.1889e-12
-2.97471e-11
3.14752e-08
-5.4777e-17
5.50634e-12
-7.60366e-11
7.31275e-08
2.19715e-16
-1.09828e-10
1.02113e-07
-5.5059e-12
-1.09828e-10
1.02113e-07
-4.18861e-12
-7.60364e-11
7.31275e-08
-2.97458e-11
3.14752e-08
3.85756e-12
-1.84634e-11
3.36612e-08
-5.99751e-17
4.85788e-12
-4.70872e-11
7.75774e-08
2.63441e-16
-6.76679e-11
1.08571e-07
-4.85736e-12
-6.76679e-11
1.08571e-07
-3.8572e-12
-4.7087e-11
7.75774e-08
-1.84629e-11
3.36612e-08
2.85905e-12
-6.77758e-12
3.05823e-08
-5.64336e-17
3.34359e-12
-1.73037e-11
7.01363e-08
2.78337e-16
-2.46115e-11
9.84875e-08
-3.34307e-12
-2.46115e-11
9.84875e-08
-2.85866e-12
-1.73036e-11
7.01363e-08
-6.77774e-12
3.05823e-08
9.96822e-13
1.51727e-08
-2.77864e-17
9.15288e-13
3.50429e-08
1.77888e-16
4.9549e-08
-9.14997e-13
4.9549e-08
-9.96597e-13
3.50429e-08
1.51727e-08
1.73394e-12
-3.40778e-11
1.5338e-08
-1.25755e-17
2.4798e-12
-8.78181e-11
3.68919e-08
4.5478e-17
-1.27922e-10
5.12629e-08
-2.47974e-12
-1.27923e-10
5.12629e-08
-1.73391e-12
-8.78184e-11
3.68919e-08
-3.408e-11
1.5338e-08
2.03357e-12
-3.16823e-11
1.88929e-08
-1.56461e-17
2.86232e-12
-8.15446e-11
4.50966e-08
5.74018e-17
-1.18635e-10
6.27224e-08
-2.86224e-12
-1.18635e-10
6.27224e-08
-2.03354e-12
-8.15449e-11
4.50966e-08
-3.16846e-11
1.88929e-08
2.30968e-12
-2.84169e-11
2.29889e-08
-1.95065e-17
3.19757e-12
-7.30209e-11
5.44042e-08
6.94277e-17
-1.06063e-10
7.57492e-08
-3.19748e-12
-1.06064e-10
7.57492e-08
-2.30965e-12
-7.30212e-11
5.44042e-08
-2.84193e-11
2.29889e-08
2.52048e-12
-2.40282e-11
2.73973e-08
-2.36563e-17
3.41401e-12
-6.16129e-11
6.42438e-08
7.94354e-17
-8.9298e-11
8.95647e-08
-3.41392e-12
-8.92981e-11
8.95647e-08
-2.52046e-12
-6.16133e-11
6.42438e-08
-2.403e-11
2.73973e-08
2.58292e-12
-1.83151e-11
3.14669e-08
-3.15244e-17
3.39665e-12
-4.68443e-11
7.3112e-08
8.28449e-17
-6.76776e-11
1.02095e-07
-3.39658e-12
-6.76777e-11
1.02095e-07
-2.58292e-12
-4.68446e-11
7.3112e-08
-1.8317e-11
3.14669e-08
2.3777e-12
-1.13684e-11
3.36518e-08
-3.1912e-17
2.99522e-12
-2.90082e-11
7.7559e-08
7.29516e-17
-4.16934e-11
1.08548e-07
-2.99518e-12
-4.16934e-11
1.08548e-07
-2.37775e-12
-2.90085e-11
7.7559e-08
-1.13693e-11
3.36518e-08
1.76126e-12
-4.17402e-12
3.05733e-08
-2.43076e-17
2.05993e-12
-1.06611e-11
7.01176e-08
4.51357e-17
-1.51646e-11
9.8463e-08
-2.05994e-12
-1.51646e-11
9.8463e-08
-1.76136e-12
-1.06613e-11
7.01176e-08
-4.17406e-12
3.05733e-08
6.13468e-13
1.51679e-08
-9.96861e-18
5.62712e-13
3.50323e-08
1.92931e-18
4.95344e-08
-5.62738e-13
4.95344e-08
-6.13531e-13
3.50323e-08
1.51679e-08
1.07128e-12
-2.10699e-11
1.53359e-08
-6.27764e-17
1.5327e-12
-5.42728e-11
3.68886e-08
1.55461e-16
-7.90554e-11
5.12602e-08
-1.5324e-12
-7.90553e-11
5.12602e-08
-1.07108e-12
-5.4273e-11
3.68886e-08
-2.10685e-11
1.53359e-08
1.25628e-12
-1.95895e-11
1.88902e-08
-7.89216e-17
1.76895e-12
-5.03965e-11
4.50922e-08
1.984e-16
-7.33156e-11
6.27184e-08
-1.76857e-12
-7.33155e-11
6.27184e-08
-1.25603e-12
-5.03966e-11
4.50922e-08
-1.9588e-11
1.88902e-08
1.4267e-12
-1.75714e-11
2.29855e-08
-9.68367e-17
1.97591e-12
-4.513e-11
5.43984e-08
2.50733e-16
-6.55466e-11
7.57435e-08
-1.97543e-12
-6.55466e-11
7.57435e-08
-1.42639e-12
-4.51301e-11
5.43984e-08
-1.75697e-11
2.29855e-08
1.5567e-12
-1.48586e-11
2.73931e-08
-1.15892e-16
2.10933e-12
-3.80814e-11
6.42362e-08
3.10569e-16
-5.5187e-11
8.95564e-08
-2.10873e-12
-5.5187e-11
8.95564e-08
-1.55631e-12
-3.80814e-11
6.42362e-08
-1.48575e-11
2.73931e-08
1.59498e-12
-1.13268e-11
3.14617e-08
-1.28167e-16
2.09819e-12
-2.8956e-11
7.31023e-08
3.7102e-16
-4.18283e-11
1.02084e-07
-2.09748e-12
-4.18283e-11
1.02084e-07
-1.59452e-12
-2.8956e-11
7.31023e-08
-1.13255e-11
3.14617e-08
1.46794e-12
-7.03176e-12
3.36461e-08
-1.35583e-16
1.84976e-12
-1.79339e-11
7.75476e-08
4.14862e-16
-2.57729e-11
1.08534e-07
-1.84897e-12
-2.5773e-11
1.08534e-07
-1.46739e-12
-1.79338e-11
7.75476e-08
-7.03134e-12
3.36461e-08
1.08702e-12
-2.58244e-12
3.05678e-08
-1.20261e-16
1.27175e-12
-6.59339e-12
7.01061e-08
3.95008e-16
-9.37789e-12
9.84479e-08
-1.27102e-12
-9.37796e-12
9.84479e-08
-1.08648e-12
-6.59339e-12
7.01061e-08
-2.58262e-12
3.05678e-08
3.783e-13
1.5165e-08
-5.50252e-17
3.47101e-13
3.50257e-08
2.11212e-16
4.95254e-08
-3.46751e-13
4.95254e-08
-3.7802e-13
3.50257e-08
1.5165e-08
6.62308e-13
-1.30356e-11
1.53345e-08
-1.60332e-17
9.47855e-13
-3.35712e-11
3.68866e-08
5.35056e-17
-4.8902e-11
5.12586e-08
-9.4778e-13
-4.89022e-11
5.12586e-08
-6.62272e-13
-3.35717e-11
3.68866e-08
-1.30377e-11
1.53346e-08
7.76635e-13
-1.21195e-11
1.88885e-08
-1.88914e-17
1.09389e-12
-3.11729e-11
4.50895e-08
6.37586e-17
-4.53505e-11
6.2716e-08
-1.0938e-12
-4.53507e-11
6.2716e-08
-7.76595e-13
-3.11733e-11
4.50895e-08
-1.21217e-11
1.88885e-08
8.81912e-13
-1.08707e-11
2.29833e-08
-2.2221e-17
1.22177e-12
-2.79146e-11
5.43948e-08
7.1349e-17
-4.05438e-11
7.57399e-08
-1.22168e-12
-4.05439e-11
7.57399e-08
-8.81873e-13
-2.7915e-11
5.43948e-08
-1.0873e-11
2.29833e-08
9.6216e-13
-9.19212e-12
2.73904e-08
-2.51033e-17
1.30414e-12
-2.35539e-11
6.42315e-08
7.24801e-17
-3.41347e-11
8.95513e-08
-1.30406e-12
-3.41348e-11
8.95513e-08
-9.62143e-13
-2.35543e-11
6.42315e-08
-9.19379e-12
2.73904e-08
9.85673e-13
-7.00689e-12
3.14586e-08
-3.10977e-17
1.29708e-12
-1.79086e-11
7.30964e-08
6.11406e-17
-2.58707e-11
1.02077e-07
-1.29705e-12
-2.58708e-11
1.02077e-07
-9.85688e-13
-1.79089e-11
7.30964e-08
-7.00863e-12
3.14586e-08
9.06973e-13
-4.34949e-12
3.36425e-08
-2.83607e-17
1.14333e-12
-1.10906e-11
7.75405e-08
3.04749e-17
-1.59391e-11
1.08525e-07
-1.14335e-12
-1.59391e-11
1.08525e-07
-9.07055e-13
-1.10909e-11
7.75405e-08
-4.35024e-12
3.36425e-08
6.71419e-13
-1.59709e-12
3.05644e-08
-1.79483e-17
7.85933e-13
-4.07653e-12
7.0099e-08
-1.68766e-17
-5.79846e-12
9.84385e-08
-7.86036e-13
-5.79846e-12
9.84385e-08
-6.71559e-13
-4.07663e-12
7.0099e-08
-1.5971e-12
3.05644e-08
2.33513e-13
1.51631e-08
-4.76855e-18
2.14487e-13
3.50217e-08
-4.48811e-17
4.95198e-08
-2.14586e-13
4.95198e-08
-2.33614e-13
3.50217e-08
1.51631e-08
4.09851e-13
-8.06156e-12
1.53337e-08
-7.34548e-17
5.8663e-13
-2.07666e-11
3.68853e-08
1.76348e-16
-3.0254e-11
5.12576e-08
-5.86295e-13
-3.0254e-11
5.12576e-08
-4.09634e-13
-2.07669e-11
3.68853e-08
-8.06009e-12
1.53337e-08
4.80607e-13
-7.49505e-12
1.88874e-08
-9.17065e-17
6.77014e-13
-1.92829e-11
4.50878e-08
2.22427e-16
-2.80565e-11
6.27145e-08
-6.7659e-13
-2.80565e-11
6.27145e-08
-4.80335e-13
-1.92831e-11
4.50878e-08
-7.49343e-12
1.88874e-08
5.45767e-13
-6.72276e-12
2.2982e-08
-1.12002e-16
7.56175e-13
-1.72672e-11
5.43926e-08
2.77758e-16
-2.50825e-11
7.57377e-08
-7.55643e-13
-2.50825e-11
7.57377e-08
-5.45428e-13
-1.72673e-11
5.43926e-08
-6.72095e-12
2.2982e-08
5.95449e-13
-5.68471e-12
2.73888e-08
-1.33623e-16
8.07179e-13
-1.45696e-11
6.42286e-08
3.39922e-16
-2.11172e-11
8.95482e-08
-8.06526e-13
-2.11172e-11
8.95482e-08
-5.95022e-13
-1.45696e-11
6.42286e-08
-5.68346e-12
2.73888e-08
6.10035e-13
-4.33329e-12
3.14566e-08
-1.47851e-16
8.02866e-13
-1.10775e-11
7.30927e-08
4.02342e-16
-1.60045e-11
1.02073e-07
-8.0209e-13
-1.60045e-11
1.02073e-07
-6.09522e-13
-1.10776e-11
7.30927e-08
-4.33185e-12
3.14566e-08
5.61375e-13
-2.68996e-12
3.36403e-08
-1.56384e-16
7.07791e-13
-6.86008e-12
7.75362e-08
4.46569e-16
-9.86034e-12
1.0852e-07
-7.06937e-13
-9.86043e-12
1.0852e-07
-5.60779e-13
-6.86002e-12
7.75362e-08
-2.68947e-12
3.36403e-08
4.15639e-13
-9.87766e-13
3.05622e-08
-1.39264e-16
4.86695e-13
-2.52157e-12
7.00945e-08
4.25211e-16
-3.58714e-12
9.84327e-08
-4.85899e-13
-3.58722e-12
9.84327e-08
-4.15056e-13
-2.52159e-12
7.00945e-08
-9.87926e-13
3.05622e-08
1.44605e-13
1.5162e-08
-6.42343e-17
1.32995e-13
3.50192e-08
2.29938e-16
4.95163e-08
-1.32605e-13
4.95163e-08
-1.44301e-13
3.50192e-08
1.5162e-08
2.53601e-13
-4.99026e-12
1.53332e-08
-4.68108e-20
3.63068e-13
-1.28544e-11
3.68845e-08
4.51944e-17
-1.87277e-11
5.12569e-08
-3.63012e-13
-1.87278e-11
5.12569e-08
-2.53587e-13
-1.28546e-11
3.68845e-08
-4.99203e-12
1.53332e-08
2.97376e-13
-4.63956e-12
1.88868e-08
1.53749e-18
4.19e-13
-1.1936e-11
4.50868e-08
5.13003e-17
-1.73674e-11
6.27135e-08
-4.18943e-13
-1.73675e-11
6.27135e-08
-2.97366e-13
-1.19362e-11
4.50868e-08
-4.64138e-12
1.88868e-08
3.37684e-13
-4.16147e-12
2.29812e-08
3.34892e-18
4.67981e-13
-1.06883e-11
5.43912e-08
5.30177e-17
-1.55264e-11
7.57363e-08
-4.67932e-13
-1.55265e-11
7.57363e-08
-3.37685e-13
-1.06885e-11
5.43912e-08
-4.1634e-12
2.29812e-08
3.68409e-13
-3.51886e-12
2.73878e-08
6.3378e-18
4.99529e-13
-9.0185e-12
6.42268e-08
4.60154e-17
-1.30718e-11
8.95462e-08
-4.99508e-13
-1.30719e-11
8.95462e-08
-3.68443e-13
-9.01876e-12
6.42268e-08
-3.5202e-12
2.73878e-08
3.7741e-13
-2.68234e-12
3.14554e-08
5.78662e-18
4.96833e-13
-6.85697e-12
7.30904e-08
2.39438e-17
-9.90703e-12
1.0207e-07
-4.96868e-13
-9.90707e-12
1.0207e-07
-3.77488e-13
-6.85711e-12
7.30904e-08
-2.68382e-12
3.14554e-08
3.47278e-13
-1.66503e-12
3.36389e-08
1.26724e-17
4.37956e-13
-4.24645e-12
7.75335e-08
-1.8485e-17
-6.10376e-12
1.08516e-07
-4.38071e-13
-6.10376e-12
1.08516e-07
-3.47434e-13
-4.24667e-12
7.75335e-08
-1.66563e-12
3.36389e-08
2.57092e-13
-6.114e-13
3.05609e-08
2.09174e-17
3.0109e-13
-1.56091e-12
7.00918e-08
-7.33659e-17
-2.22058e-12
9.84292e-08
-3.01292e-13
-2.22057e-12
9.84292e-08
-2.57307e-13
-1.56099e-12
7.00918e-08
-6.11357e-13
3.05609e-08
8.94275e-14
1.51613e-08
1.56201e-17
8.22144e-14
3.50176e-08
-8.44428e-17
4.95142e-08
-8.23775e-14
4.95142e-08
-8.9573e-14
3.50176e-08
1.51613e-08
1.57097e-13
-3.08881e-12
1.53329e-08
-4.37611e-17
2.24873e-13
-7.95769e-12
3.6884e-08
1.11427e-16
-1.1594e-11
5.12565e-08
-2.24658e-13
-1.15939e-11
5.12565e-08
-1.56963e-13
-7.9576e-12
3.6884e-08
-3.0868e-12
1.53329e-08
1.84224e-13
-2.87174e-12
1.88864e-08
-5.47418e-17
2.59528e-13
-7.3891e-12
4.50861e-08
1.39334e-16
-1.07518e-11
6.27129e-08
-2.59255e-13
-1.07517e-11
6.27129e-08
-1.84055e-13
-7.38897e-12
4.50861e-08
-2.86963e-12
1.88864e-08
2.09209e-13
-2.57584e-12
2.29807e-08
-6.66289e-17
2.89885e-13
-6.61668e-12
5.43903e-08
1.7219e-16
-9.6121e-12
7.57354e-08
-2.89545e-13
-9.61199e-12
7.57354e-08
-2.08998e-13
-6.61649e-12
5.43903e-08
-2.57359e-12
2.29807e-08
2.28266e-13
-2.17813e-12
2.73872e-08
-7.92834e-17
3.09457e-13
-5.58297e-12
6.42257e-08
2.08174e-16
-8.0925e-12
8.9545e-08
-3.09041e-13
-8.09243e-12
8.9545e-08
-2.27995e-13
-5.58272e-12
6.42257e-08
-2.17651e-12
2.73872e-08
2.33877e-13
-1.66032e-12
3.14546e-08
-8.53038e-17
3.07833e-13
-4.24484e-12
7.3089e-08
2.42563e-16
-6.13323e-12
1.02068e-07
-3.07339e-13
-6.13319e-12
1.02068e-07
-2.33547e-13
-4.24466e-12
7.3089e-08
-1.65859e-12
3.14546e-08
2.15246e-13
-1.03073e-12
3.36381e-08
-9.06948e-17
2.71422e-13
-2.62879e-12
7.75318e-08
2.6535e-16
-3.77875e-12
1.08514e-07
-2.70884e-13
-3.77876e-12
1.08514e-07
-2.14847e-13
-2.62856e-12
7.75318e-08
-1.03006e-12
3.36381e-08
1.59395e-13
-3.7851e-13
3.05601e-08
-8.21885e-17
1.86692e-13
-9.66313e-13
7.00901e-08
2.48694e-16
-1.37477e-12
9.84269e-08
-1.86196e-13
-1.37481e-12
9.84269e-08
-1.58994e-13
-9.6626e-13
7.00901e-08
-3.78608e-13
3.05601e-08
5.54746e-14
1.51609e-08
-3.84214e-17
5.10686e-14
3.50167e-08
1.33294e-16
4.95129e-08
-5.08361e-14
4.95129e-08
-5.52646e-14
3.50167e-08
1.51609e-08
9.71897e-14
-1.91282e-12
1.53327e-08
1.2258e-17
1.39159e-13
-4.92748e-12
3.68837e-08
-2.02322e-17
-7.17919e-12
5.12563e-08
-1.39217e-13
-7.17926e-12
5.12563e-08
-9.72453e-14
-4.92752e-12
3.68837e-08
-1.91427e-12
1.53327e-08
1.13964e-13
-1.77837e-12
1.88861e-08
1.66052e-17
1.60593e-13
-4.57542e-12
4.50857e-08
-3.04675e-17
-6.6577e-12
6.27126e-08
-1.60678e-13
-6.65775e-12
6.27126e-08
-1.14039e-13
-4.57543e-12
4.50857e-08
-1.77989e-12
1.88861e-08
1.29408e-13
-1.59509e-12
2.29804e-08
2.12931e-17
1.79361e-13
-4.09712e-12
5.43898e-08
-4.73563e-17
-5.95193e-12
7.57349e-08
-1.79485e-13
-5.95197e-12
7.57349e-08
-1.29511e-13
-4.09716e-12
5.43898e-08
-1.59677e-12
2.29804e-08
1.41176e-13
-1.34874e-12
2.73868e-08
2.69994e-17
1.91443e-13
-3.45703e-12
6.4225e-08
-7.38426e-17
-5.01096e-12
8.95442e-08
-1.91625e-13
-5.01097e-12
8.95442e-08
-1.41329e-13
-3.4571e-12
6.4225e-08
-1.34985e-12
2.73868e-08
1.44616e-13
-1.0281e-12
3.14542e-08
2.77934e-17
1.90394e-13
-2.62843e-12
7.30881e-08
-1.11799e-16
-3.79772e-12
1.02067e-07
-1.90657e-13
-3.79771e-12
1.02067e-07
-1.44825e-13
-2.62844e-12
7.30881e-08
-1.02944e-12
3.14542e-08
1.33058e-13
-6.38142e-13
3.36376e-08
3.38662e-17
1.67807e-13
-1.62775e-12
7.75308e-08
-1.59504e-16
-2.33976e-12
1.08513e-07
-1.68155e-13
-2.33972e-12
1.08513e-07
-1.33347e-13
-1.62787e-12
7.75308e-08
-6.38675e-13
3.36376e-08
9.8492e-14
-2.34325e-13
3.05596e-08
3.6499e-17
1.15334e-13
-5.98319e-13
7.00891e-08
-1.92332e-16
-8.51187e-13
9.84256e-08
-1.15729e-13
-8.51167e-13
9.84256e-08
-9.88166e-14
-5.98354e-13
7.00891e-08
-2.34256e-13
3.05596e-08
3.42551e-14
1.51606e-08
1.9987e-17
3.14617e-14
3.50161e-08
-1.35298e-16
4.9512e-08
-3.17041e-14
4.9512e-08
-3.44459e-14
3.50161e-08
1.51606e-08
6.02598e-14
-1.18386e-12
1.53326e-08
-3.14921e-17
8.62469e-14
-3.05061e-12
3.68835e-08
6.49971e-17
-4.44479e-12
5.12561e-08
-8.61124e-14
-4.44458e-12
5.12561e-08
-6.01773e-14
-3.05033e-12
3.68835e-08
-1.18154e-12
1.53326e-08
7.06675e-14
-1.10066e-12
1.8886e-08
-3.95187e-17
9.9541e-14
-2.83264e-12
4.50855e-08
8.2882e-17
-4.12191e-12
6.27123e-08
-9.93664e-14
-4.12172e-12
6.27123e-08
-7.05619e-14
-2.83233e-12
4.50855e-08
-1.09827e-12
1.8886e-08
8.02558e-14
-9.87261e-13
2.29802e-08
-4.80652e-17
1.11189e-13
-2.53654e-12
5.43895e-08
1.05224e-16
-3.68498e-12
7.57346e-08
-1.10964e-13
-3.68482e-12
7.57346e-08
-8.01195e-14
-2.5362e-12
5.43895e-08
-9.84749e-13
2.29802e-08
8.75722e-14
-8.34835e-13
2.73865e-08
-5.73946e-17
1.18703e-13
-2.14027e-12
6.42246e-08
1.31923e-16
-3.10242e-12
8.95438e-08
-1.18417e-13
-3.1023e-12
8.95438e-08
-8.73853e-14
-2.13988e-12
6.42246e-08
-8.33017e-13
2.73865e-08
8.97339e-14
-6.36364e-13
3.14539e-08
-6.06677e-17
1.18091e-13
-1.6273e-12
7.30876e-08
1.61093e-16
-2.35131e-12
1.02067e-07
-1.17735e-13
-2.35123e-12
1.02067e-07
-8.9495e-14
-1.62703e-12
7.30876e-08
-6.34464e-13
3.14539e-08
8.25965e-14
-3.95109e-13
3.36373e-08
-6.55169e-17
1.04139e-13
-1.00781e-12
7.75301e-08
1.8682e-16
-1.44872e-12
1.08512e-07
-1.03732e-13
-1.44871e-12
1.08512e-07
-8.22855e-14
-1.00751e-12
7.75301e-08
-3.94354e-13
3.36373e-08
6.11779e-14
-1.45124e-13
3.05593e-08
-6.10613e-17
7.16511e-14
-3.705e-13
7.00884e-08
1.8872e-16
-5.2713e-13
9.84247e-08
-7.12555e-14
-5.2715e-13
9.84247e-08
-6.08448e-14
-3.70423e-13
7.00884e-08
-1.45198e-13
3.05593e-08
2.13012e-14
1.51604e-08
-2.89379e-17
1.962e-14
3.50157e-08
1.1214e-16
4.95115e-08
-1.94242e-14
4.95115e-08
-2.11157e-14
3.50157e-08
1.51604e-08
3.71906e-14
-7.33714e-13
1.53325e-08
4.28148e-17
5.32792e-14
-1.88953e-12
3.68834e-08
-9.4733e-17
-2.75289e-12
5.1256e-08
-5.34713e-14
-2.75276e-12
5.1256e-08
-3.73413e-14
-1.8891e-12
3.68834e-08
-7.34363e-13
1.53325e-08
4.36032e-14
-6.82118e-13
1.88859e-08
5.44496e-17
6.14762e-14
-1.75456e-12
4.50853e-08
-1.22005e-16
-2.55296e-12
6.27122e-08
-6.1724e-14
-2.55282e-12
6.27122e-08
-4.37945e-14
-1.75414e-12
4.50853e-08
-6.82917e-13
1.88859e-08
4.95023e-14
-6.11793e-13
2.29801e-08
6.75439e-17
6.86447e-14
-1.57118e-12
5.43893e-08
-1.57939e-16
-2.28236e-12
7.57344e-08
-6.8965e-14
-2.28222e-12
7.57344e-08
-4.97451e-14
-1.57083e-12
5.43893e-08
-6.12833e-13
2.29801e-08
5.39891e-14
-5.17267e-13
2.73864e-08
8.23571e-17
7.32439e-14
-1.32574e-12
6.42243e-08
-2.04124e-16
-1.92155e-12
8.95435e-08
-7.3656e-14
-1.92142e-12
8.95435e-08
-5.43068e-14
-1.32548e-12
6.42243e-08
-5.17806e-13
2.73864e-08
5.52821e-14
-3.94282e-13
3.14537e-08
9.11382e-17
7.28044e-14
-1.00802e-12
7.30873e-08
-2.59966e-16
-1.45634e-12
1.02066e-07
-7.33269e-14
-1.45621e-12
1.02066e-07
-5.56748e-14
-1.00775e-12
7.30873e-08
-3.95256e-13
3.14537e-08
5.08341e-14
-2.44719e-13
3.36371e-08
1.01027e-16
6.41108e-14
-6.24314e-13
7.75297e-08
-3.16612e-16
-8.973e-13
1.08512e-07
-6.47311e-14
-8.97194e-13
1.08512e-07
-5.13119e-14
-6.24267e-13
7.75297e-08
-2.45077e-13
3.36371e-08
3.75961e-14
-8.98838e-14
3.05591e-08
9.58927e-17
4.39869e-14
-2.29544e-13
7.0088e-08
-3.35848e-16
-3.26495e-13
9.84242e-08
-4.46307e-14
-3.26435e-13
9.84242e-08
-3.8086e-14
-2.29514e-13
7.0088e-08
-8.97888e-14
3.05591e-08
1.30553e-14
1.51603e-08
4.7754e-17
1.19236e-14
3.50155e-08
-2.08285e-16
4.95112e-08
-1.22946e-14
4.95112e-08
-1.33234e-14
3.50155e-08
1.51603e-08
2.3045e-14
-4.53706e-13
1.53325e-08
1.37295e-17
3.29947e-14
-1.16925e-12
3.68834e-08
-4.93609e-17
-1.70368e-12
5.1256e-08
-3.30644e-14
-1.70324e-12
5.1256e-08
-2.31111e-14
-1.16848e-12
3.68834e-08
-4.50677e-13
1.53325e-08
2.70227e-14
-4.21799e-13
1.88858e-08
1.652e-17
3.80749e-14
-1.08574e-12
4.50852e-08
-5.69964e-17
-1.57994e-12
6.27121e-08
-3.81486e-14
-1.57953e-12
6.27121e-08
-2.70976e-14
-1.08496e-12
4.50852e-08
-4.18814e-13
1.88858e-08
3.06854e-14
-3.78334e-13
2.298e-08
2.00938e-17
4.25216e-14
-9.72298e-13
5.43892e-08
-6.22539e-17
-1.4125e-12
7.57342e-08
-4.25934e-14
-1.41214e-12
7.57342e-08
-3.07639e-14
-9.71525e-13
5.43892e-08
-3.75358e-13
2.298e-08
3.34778e-14
-3.19907e-13
2.73863e-08
2.32368e-17
4.53835e-14
-8.20433e-13
6.42242e-08
-6.26072e-17
-1.18922e-12
8.95433e-08
-4.54421e-14
-1.18893e-12
8.95433e-08
-3.35383e-14
-8.19674e-13
6.42242e-08
-3.17822e-13
2.73863e-08
3.42989e-14
-2.43825e-13
3.14536e-08
2.95498e-17
4.51341e-14
-6.23833e-13
7.3087e-08
-5.38389e-17
-9.01328e-13
1.02066e-07
-4.51592e-14
-9.01133e-13
1.02066e-07
-3.43333e-14
-6.23295e-13
7.3087e-08
-2.41729e-13
3.14536e-08
3.15648e-14
-1.51449e-13
3.36369e-08
2.75965e-17
3.97829e-14
-3.86454e-13
7.75295e-08
-2.92711e-17
-5.55421e-13
1.08511e-07
-3.97625e-14
-5.55362e-13
1.08511e-07
-3.15253e-14
-3.85971e-13
7.75295e-08
-1.50648e-13
3.36369e-08
2.33778e-14
-5.56967e-14
3.0559e-08
1.83012e-17
2.73539e-14
-1.42165e-13
7.00878e-08
8.54301e-18
-2.02193e-13
9.84239e-08
-2.72797e-14
-2.02186e-13
9.84239e-08
-2.32622e-14
-1.42014e-13
7.00878e-08
-5.57833e-14
3.0559e-08
8.14434e-15
1.51603e-08
6.3206e-18
7.47513e-15
3.50153e-08
4.11419e-17
4.9511e-08
-7.417e-15
4.9511e-08
-8.03846e-15
3.50153e-08
1.51603e-08
1.41444e-14
-2.8079e-13
1.53324e-08
8.47606e-17
2.03684e-14
-7.23462e-13
3.68833e-08
-3.63733e-17
-1.05441e-12
5.12559e-08
-2.04098e-14
-1.05395e-12
5.12559e-08
-1.42649e-14
-7.23045e-13
3.68833e-08
-2.77381e-13
1.53324e-08
1.65789e-14
-2.60943e-13
1.88858e-08
1.06672e-16
2.35021e-14
-6.71735e-13
4.50852e-08
-3.8761e-17
-9.77753e-13
6.27121e-08
-2.35372e-14
-9.77295e-13
6.27121e-08
-1.67209e-14
-6.71166e-13
4.50852e-08
-2.57495e-13
1.88858e-08
1.8815e-14
-2.33966e-13
2.29799e-08
1.32179e-16
2.62429e-14
-6.01513e-13
5.43891e-08
-3.61817e-17
-8.7404e-13
7.57342e-08
-2.62605e-14
-8.73619e-13
7.57342e-08
-1.89748e-14
-6.0088e-13
5.43891e-08
-2.30548e-13
2.29799e-08
2.05108e-14
-1.97718e-13
2.73862e-08
1.6001e-16
2.80042e-14
-5.07514e-13
6.42241e-08
-2.52983e-17
-7.35785e-13
8.95432e-08
-2.79869e-14
-7.35416e-13
8.95432e-08
-2.06709e-14
-5.06745e-13
6.42241e-08
-1.94879e-13
2.73862e-08
2.09911e-14
-1.50628e-13
3.14535e-08
1.81397e-16
2.78446e-14
-3.85868e-13
7.30869e-08
-2.24395e-18
-5.57574e-13
1.02066e-07
-2.77675e-14
-5.57303e-13
1.02066e-07
-2.11301e-14
-3.85176e-13
7.30869e-08
-1.48254e-13
3.14535e-08
1.92941e-14
-9.34583e-14
3.36369e-08
1.93804e-16
2.45387e-14
-2.38983e-13
7.75293e-08
3.24007e-17
-3.43469e-13
1.08511e-07
-2.43926e-14
-3.43352e-13
1.08511e-07
-1.93563e-14
-2.38446e-13
7.75293e-08
-9.26353e-14
3.36369e-08
1.4277e-14
-3.43593e-14
3.05589e-08
1.72982e-16
1.68693e-14
-8.78807e-14
7.00876e-08
6.46827e-17
-1.24925e-13
9.84237e-08
-1.66937e-14
-1.2494e-13
9.84237e-08
-1.42437e-14
-8.77331e-14
7.00876e-08
-3.45008e-14
3.05589e-08
4.98565e-15
1.51602e-08
8.16753e-17
4.60589e-15
3.50152e-08
5.3168e-17
4.95109e-08
-4.53422e-15
4.95109e-08
-4.90542e-15
3.50152e-08
1.51602e-08
9.02189e-15
-1.7605e-13
1.53324e-08
-2.54789e-17
1.28747e-14
-4.49382e-13
3.68833e-08
1.80236e-16
-6.54591e-13
5.12559e-08
-1.25421e-14
-6.54844e-13
5.12559e-08
-8.74866e-15
-4.50427e-13
3.68833e-08
-1.7766e-13
1.53324e-08
1.05988e-14
-1.63708e-13
1.88858e-08
-3.37788e-17
1.48893e-14
-4.17223e-13
4.50851e-08
2.30075e-16
-6.06989e-13
6.2712e-08
-1.44668e-14
-6.07274e-13
6.2712e-08
-1.02541e-14
-4.18269e-13
4.50851e-08
-1.65394e-13
1.88858e-08
1.20691e-14
-1.46909e-13
2.29799e-08
-4.40624e-17
1.66792e-14
-3.73518e-13
5.4389e-08
2.91713e-16
-5.42515e-13
7.57341e-08
-1.61468e-14
-5.42826e-13
7.57341e-08
-1.16422e-14
-3.74608e-13
5.4389e-08
-1.48299e-13
2.29799e-08
1.32178e-14
-1.24408e-13
2.73862e-08
-5.70837e-17
1.78805e-14
-3.15087e-13
6.4224e-08
3.64487e-16
-4.56644e-13
8.95431e-08
-1.7221e-14
-4.56965e-13
8.95431e-08
-1.2701e-14
-3.16129e-13
6.4224e-08
-1.25479e-13
2.73862e-08
1.36251e-14
-9.46498e-14
3.14535e-08
-6.61911e-17
1.78985e-14
-2.39497e-13
7.30868e-08
4.42525e-16
-3.45924e-13
1.02066e-07
-1.71079e-14
-3.4625e-13
1.02066e-07
-1.30162e-14
-2.40335e-13
7.30868e-08
-9.543e-14
3.14535e-08
1.26556e-14
-5.84301e-14
3.36368e-08
-7.81569e-17
1.59401e-14
-1.48062e-13
7.75292e-08
5.05051e-16
-2.12854e-13
1.08511e-07
-1.50499e-14
-2.13115e-13
1.08511e-07
-1.19903e-14
-1.48644e-13
7.75292e-08
-5.87878e-14
3.36368e-08
9.50004e-15
-2.11068e-14
3.05589e-08
-7.81174e-17
1.11504e-14
-5.41686e-14
7.00875e-08
4.94916e-16
-7.71817e-14
9.84235e-08
-1.02946e-14
-7.73354e-14
9.84235e-08
-8.88562e-15
-5.44327e-14
7.00875e-08
-2.12234e-14
3.05589e-08
3.39784e-15
1.51602e-08
-4.15132e-17
3.20735e-15
3.50152e-08
2.72345e-16
4.95108e-08
-2.7509e-15
4.95108e-08
-3.09686e-15
3.50152e-08
1.51602e-08
5.51041e-15
-1.07829e-13
1.53324e-08
-8.34799e-18
7.8991e-15
-2.77527e-13
3.68833e-08
6.86658e-17
-4.04366e-13
5.12559e-08
-7.79206e-15
-4.04285e-13
5.12559e-08
-5.48949e-15
-2.77397e-13
3.68833e-08
-1.06447e-13
1.53324e-08
6.45916e-15
-1.00278e-13
1.88857e-08
-8.20701e-18
9.11704e-15
-2.57673e-13
4.50851e-08
8.16774e-17
-3.74941e-13
6.2712e-08
-8.99146e-15
-3.74846e-13
6.2712e-08
-6.44357e-15
-2.57479e-13
4.50851e-08
-9.84917e-14
1.88857e-08
7.32913e-15
-8.99794e-14
2.29799e-08
-8.6913e-18
1.01828e-14
-2.30727e-13
5.4389e-08
9.4286e-17
-3.35151e-13
7.57341e-08
-1.00396e-14
-3.35054e-13
7.57341e-08
-7.32094e-15
-2.30462e-13
5.4389e-08
-8.82776e-14
2.29799e-08
7.98553e-15
-7.61275e-14
2.73862e-08
-8.85247e-18
1.08657e-14
-1.94695e-13
6.4224e-08
1.02829e-16
-2.82152e-13
8.95431e-08
-1.07091e-14
-2.82044e-13
8.95431e-08
-7.98935e-15
-1.94383e-13
6.4224e-08
-7.42605e-14
2.73862e-08
8.16149e-15
-5.81053e-14
3.14535e-08
-1.34197e-17
1.07955e-14
-1.48044e-13
7.30868e-08
1.01007e-16
-2.13828e-13
1.02066e-07
-1.06416e-14
-2.13737e-13
1.02066e-07
-8.17904e-15
-1.4769e-13
7.30868e-08
-5.66498e-14
3.14535e-08
7.48111e-15
-3.6045e-14
3.36368e-08
-1.17925e-17
9.48931e-15
-9.16533e-14
7.75292e-08
7.58894e-17
-1.31693e-13
1.08511e-07
-9.37092e-15
-1.31636e-13
1.08511e-07
-7.51059e-15
-9.14132e-14
7.75292e-08
-3.54395e-14
3.36368e-08
5.49323e-15
-1.32165e-14
3.05588e-08
-7.26498e-18
6.47225e-15
-3.36285e-14
7.00875e-08
1.86183e-17
-4.78511e-14
9.84235e-08
-6.44644e-15
-4.78485e-14
9.84235e-08
-5.55213e-15
-3.35869e-14
7.00875e-08
-1.32227e-14
3.05588e-08
1.86468e-15
1.51602e-08
-4.63395e-18
1.70625e-15
3.50151e-08
-4.28306e-17
4.95108e-08
-1.78308e-15
4.95108e-08
-1.93009e-15
3.50151e-08
1.51602e-08
3.45026e-15
-6.65117e-14
1.53324e-08
-3.75693e-17
4.86511e-15
-1.71822e-13
3.68833e-08
-3.89695e-17
-2.50325e-13
5.12559e-08
-4.90934e-15
-2.50269e-13
5.12559e-08
-3.43844e-15
-1.71725e-13
3.68833e-08
-6.65417e-14
1.53324e-08
4.04796e-15
-6.1857e-14
1.88857e-08
-4.68904e-17
5.60961e-15
-1.59536e-13
4.50851e-08
-5.67085e-17
-2.32144e-13
6.2712e-08
-5.67566e-15
-2.32068e-13
6.2712e-08
-4.03352e-15
-1.59462e-13
4.50851e-08
-6.21681e-14
1.88857e-08
4.59976e-15
-5.552e-14
2.29799e-08
-5.68193e-17
6.25689e-15
-1.42892e-13
5.4389e-08
-8.23052e-17
-2.07576e-13
7.57341e-08
-6.35613e-15
-2.07495e-13
7.57341e-08
-4.58345e-15
-1.4281e-13
5.4389e-08
-5.58672e-14
2.29799e-08
5.02199e-15
-4.69979e-14
2.73862e-08
-6.74195e-17
6.66471e-15
-1.20594e-13
6.42239e-08
-1.18384e-16
-1.74801e-13
8.95431e-08
-6.81372e-15
-1.74708e-13
8.95431e-08
-5.00184e-15
-1.20518e-13
6.42239e-08
-4.78571e-14
2.73862e-08
5.15026e-15
-3.58349e-14
3.14534e-08
-7.11159e-17
6.60636e-15
-9.17244e-14
7.30868e-08
-1.65504e-16
-1.32529e-13
1.02066e-07
-6.82357e-15
-1.32442e-13
1.02066e-07
-5.14223e-15
-9.17379e-14
7.30868e-08
-3.63302e-14
3.14534e-08
4.74263e-15
-2.23264e-14
3.36368e-08
-7.61591e-17
5.78976e-15
-5.68573e-14
7.75291e-08
-2.16284e-16
-8.17055e-14
1.08511e-07
-6.08915e-15
-8.16469e-14
1.08511e-07
-4.75683e-15
-5.67508e-14
7.75291e-08
-2.24355e-14
3.36368e-08
3.5109e-15
-8.22622e-15
3.05588e-08
-6.99054e-17
3.93894e-15
-2.09299e-14
7.00874e-08
-2.41296e-16
-2.97608e-14
9.84234e-08
-4.27493e-15
-2.97165e-14
9.84234e-08
-3.54102e-15
-2.08088e-14
7.00874e-08
-8.14048e-15
3.05588e-08
1.21503e-15
1.51602e-08
-3.23472e-17
1.04073e-15
3.50151e-08
-1.49123e-16
4.95108e-08
-1.247e-15
4.95108e-08
-1.24251e-15
3.50151e-08
1.51602e-08
2.04931e-15
-4.17777e-14
1.53324e-08
2.77087e-17
2.95239e-15
-1.07035e-13
3.68833e-08
-6.98346e-17
-1.55833e-13
5.12559e-08
-3.10565e-15
-1.56036e-13
5.12559e-08
-2.15001e-15
-1.07232e-13
3.68833e-08
-4.41605e-14
1.53324e-08
2.39718e-15
-3.88224e-14
1.88857e-08
3.59933e-17
3.39911e-15
-9.93884e-14
4.50851e-08
-9.11003e-17
-1.44514e-13
6.2712e-08
-3.60087e-15
-1.44717e-13
6.2712e-08
-2.52757e-15
-9.96422e-14
4.50851e-08
-4.12796e-14
1.88857e-08
2.71254e-15
-3.47919e-14
2.29799e-08
4.48381e-17
3.78394e-15
-8.89853e-14
5.4389e-08
-1.18799e-16
-1.29187e-13
7.57341e-08
-4.04783e-15
-1.29369e-13
7.57341e-08
-2.88207e-15
-8.93143e-14
5.4389e-08
-3.73956e-14
2.29799e-08
2.94508e-15
-2.93783e-14
2.73862e-08
5.46051e-17
4.02017e-15
-7.5076e-14
6.42239e-08
-1.52418e-16
-1.0875e-13
8.9543e-08
-4.35996e-15
-1.08911e-13
8.9543e-08
-3.17392e-15
-7.54896e-14
6.42239e-08
-3.13832e-14
2.73862e-08
2.99539e-15
-2.23973e-14
3.14534e-08
5.81599e-17
3.97136e-15
-5.70686e-14
7.30867e-08
-1.87656e-16
-8.23993e-14
1.02066e-07
-4.39465e-15
-8.25265e-14
1.02066e-07
-3.28687e-15
-5.743e-14
7.30867e-08
-2.43973e-14
3.14534e-08
2.7302e-15
-1.38284e-14
3.36367e-08
6.45068e-17
3.46547e-15
-3.5295e-14
7.75291e-08
-2.12337e-16
-5.07107e-14
1.08511e-07
-3.94015e-15
-5.07721e-14
1.08511e-07
-3.09761e-15
-3.57103e-14
7.75291e-08
-1.46535e-14
3.36367e-08
1.99437e-15
-5.05469e-15
3.05588e-08
6.21819e-17
2.34341e-15
-1.29354e-14
7.00874e-08
-1.95127e-16
-1.83994e-14
9.84234e-08
-2.77333e-15
-1.84035e-14
9.84234e-08
-2.36899e-15
-1.30939e-14
7.00874e-08
-5.0048e-15
3.05588e-08
6.78562e-16
1.51602e-08
3.08588e-17
6.08094e-16
3.50151e-08
-8.95779e-17
4.95107e-08
-7.80411e-16
4.95107e-08
-8.70394e-16
3.50151e-08
1.51602e-08
1.32545e-15
-2.545e-14
1.53324e-08
-1.44834e-17
1.88842e-15
-6.58276e-14
3.68833e-08
2.34339e-17
-9.59388e-14
5.12559e-08
-1.82527e-15
-9.57835e-14
5.12559e-08
-1.27997e-15
-6.56404e-14
3.68833e-08
-2.3428e-14
1.53324e-08
1.55561e-15
-2.36648e-14
1.88857e-08
-1.80177e-17
2.18152e-15
-6.11464e-14
4.50851e-08
3.10508e-17
-8.89891e-14
6.2712e-08
-2.09629e-15
-8.88506e-14
6.2712e-08
-1.49655e-15
-6.09361e-14
4.50851e-08
-2.15763e-14
1.88857e-08
1.76901e-15
-2.12432e-14
2.29799e-08
-2.14103e-17
2.44028e-15
-5.47917e-14
5.4389e-08
4.2251e-17
-7.96039e-14
7.57341e-08
-2.32444e-15
-7.94883e-14
7.57341e-08
-1.69011e-15
-5.45373e-14
5.4389e-08
-1.90129e-14
2.29799e-08
1.93381e-15
-1.79802e-14
2.73861e-08
-2.54635e-17
2.61079e-15
-4.6257e-14
6.42239e-08
5.77366e-17
-6.70567e-14
8.9543e-08
-2.45394e-15
-6.69718e-14
8.9543e-08
-1.81699e-15
-4.59567e-14
6.42239e-08
-1.63491e-14
2.73862e-08
1.98751e-15
-1.36883e-14
3.14534e-08
-2.44557e-17
2.60555e-15
-3.52064e-14
7.30867e-08
7.80705e-17
-5.08722e-14
1.02066e-07
-2.39626e-15
-5.08228e-14
1.02066e-07
-1.82853e-15
-3.49704e-14
7.30867e-08
-1.19981e-14
3.14534e-08
1.83517e-15
-8.57159e-15
3.36367e-08
-2.83833e-17
2.30946e-15
-2.18853e-14
7.75291e-08
9.87936e-17
-3.14294e-14
1.08511e-07
-2.05608e-15
-3.14324e-14
1.08511e-07
-1.6105e-15
-2.15796e-14
7.75291e-08
-7.90773e-15
3.36367e-08
1.36562e-15
-3.18772e-15
3.05588e-08
-2.96467e-17
1.60264e-15
-8.104e-15
7.00874e-08
1.05337e-16
-1.15188e-14
9.84234e-08
-1.34588e-15
-1.15324e-14
9.84234e-08
-1.11091e-15
-7.99958e-15
7.00874e-08
-3.25489e-15
3.05588e-08
4.77993e-16
1.51602e-08
-1.45721e-17
4.48775e-16
3.50151e-08
6.25087e-17
4.95107e-08
-3.2663e-16
4.95107e-08
-3.29006e-16
3.50151e-08
1.51602e-08
5.23654e-16
-1.56379e-14
1.53324e-08
1.11804e-16
8.38862e-16
-4.19658e-14
3.68832e-08
-2.864e-16
-6.06221e-14
5.12559e-08
-1.35097e-15
-6.06143e-14
5.12559e-08
-8.37918e-16
-4.28418e-14
3.68832e-08
-1.70472e-14
1.53324e-08
5.91203e-16
-1.4385e-14
1.88857e-08
1.39152e-16
9.30387e-16
-3.8979e-14
4.50851e-08
-3.66563e-16
-5.62939e-14
6.2712e-08
-1.58262e-15
-5.63688e-14
6.2712e-08
-9.80834e-16
-3.99548e-14
4.50851e-08
-1.60497e-14
1.88857e-08
6.32327e-16
-1.27311e-14
2.29799e-08
1.70822e-16
9.79427e-16
-3.49025e-14
5.4389e-08
-4.6827e-16
-5.04038e-14
7.57341e-08
-1.80788e-15
-5.05118e-14
7.57341e-08
-1.11823e-15
-3.59222e-14
5.4389e-08
-1.41783e-14
2.29799e-08
6.31909e-16
-1.0453e-14
2.73861e-08
2.06354e-16
9.52635e-16
-2.94365e-14
6.42239e-08
-5.92458e-16
-4.24957e-14
8.9543e-08
-1.99364e-15
-4.26543e-14
8.9543e-08
-1.22961e-15
-3.06542e-14
6.42239e-08
-1.19018e-14
2.73861e-08
5.52506e-16
-8.04639e-15
3.14534e-08
2.34682e-16
8.08095e-16
-2.23594e-14
7.30867e-08
-7.30173e-16
-3.2273e-14
1.02066e-07
-2.09616e-15
-3.25368e-14
1.02066e-07
-1.26548e-15
-2.29886e-14
7.30867e-08
-8.99965e-15
3.14534e-08
3.78675e-16
-5.17025e-15
3.36367e-08
2.54161e-16
5.17377e-16
-1.39349e-14
7.75291e-08
-8.50819e-16
-1.99843e-14
1.08511e-07
-1.99928e-15
-2.00605e-14
1.08511e-07
-1.18311e-15
-1.39453e-14
7.75291e-08
-5.53659e-15
3.36367e-08
1.39735e-16
-2.1205e-15
3.05588e-08
2.3175e-16
1.24615e-16
-5.2087e-15
7.00874e-08
-8.36381e-16
-7.33657e-15
9.84234e-08
-1.57172e-15
-7.29362e-15
9.84234e-08
-9.06515e-16
-4.92038e-15
7.00874e-08
-1.98968e-15
3.05588e-08
-4.70276e-17
1.51602e-08
1.12344e-16
-1.64147e-16
3.50151e-08
-4.48141e-16
4.95107e-08
-6.20726e-16
4.95107e-08
-3.48388e-16
3.50151e-08
1.51602e-08
5.91417e-16
-8.18881e-15
1.53324e-08
-6.33232e-17
7.98829e-16
-2.40885e-14
3.68832e-08
7.44735e-17
-3.58247e-14
5.12559e-08
-6.89926e-16
-3.59027e-14
5.12559e-08
-5.5194e-16
-2.3453e-14
3.68832e-08
-8.156e-15
1.53324e-08
7.05764e-16
-7.60107e-15
1.88857e-08
-7.92469e-17
9.40492e-16
-2.22985e-14
4.50851e-08
1.07553e-16
-3.31803e-14
6.2712e-08
-7.83852e-16
-3.31913e-14
6.2712e-08
-6.55674e-16
-2.16521e-14
4.50851e-08
-7.0923e-15
1.88857e-08
8.22354e-16
-6.82957e-15
2.29799e-08
-9.82829e-17
1.08334e-15
-1.99233e-14
5.4389e-08
1.57627e-16
-2.96331e-14
7.57341e-08
-8.52055e-16
-2.96151e-14
7.57341e-08
-7.53928e-16
-1.91712e-14
5.4389e-08
-6.39605e-15
2.29799e-08
9.31845e-16
-5.77163e-15
2.73861e-08
-1.20121e-16
1.21346e-15
-1.67327e-14
6.42239e-08
2.33318e-16
-2.48998e-14
8.9543e-08
-8.6441e-16
-2.48048e-14
8.9543e-08
-8.34679e-16
-1.58607e-14
6.42239e-08
-5.09482e-15
2.73861e-08
1.01121e-15
-4.39218e-15
3.14534e-08
-1.4312e-16
1.30422e-15
-1.26582e-14
7.30867e-08
3.4304e-16
-1.88399e-14
1.02066e-07
-7.685e-16
-1.86185e-14
1.02066e-07
-8.73536e-16
-1.2276e-14
7.30867e-08
-3.76931e-15
3.14534e-08
1.01565e-15
-2.77267e-15
3.36367e-08
-1.61775e-16
1.30719e-15
-7.8413e-15
7.75291e-08
4.86013e-16
-1.1631e-14
1.08511e-07
-5.39662e-16
-1.15744e-14
1.08511e-07
-8.09095e-16
-8.04325e-15
7.75291e-08
-2.60081e-15
3.36367e-08
8.65725e-16
-1.08315e-15
3.05588e-08
-1.59706e-16
1.12935e-15
-2.91925e-15
7.00874e-08
5.87021e-16
-4.29853e-15
9.84233e-08
-1.83199e-16
-4.35302e-15
9.84233e-08
-6.09245e-16
-3.3421e-15
7.00874e-08
-1.18925e-15
3.05588e-08
4.04192e-16
1.51602e-08
-9.15648e-17
5.42362e-16
3.50151e-08
4.02074e-16
4.95107e-08
1.40973e-16
4.95107e-08
-2.24796e-16
3.50151e-08
1.51602e-08
3.71986e-16
-5.5523e-15
1.53324e-08
-2.10967e-17
5.594e-16
-1.46209e-14
3.68832e-08
1.28431e-16
-2.17023e-14
5.12559e-08
-2.81306e-16
-2.12264e-14
5.12559e-08
-2.69161e-16
-1.41165e-14
3.68832e-08
-2.63501e-16
1.53324e-08
4.40816e-16
-5.17991e-15
1.88857e-08
-2.52299e-17
6.60483e-16
-1.36088e-14
4.50851e-08
1.69363e-16
-2.01247e-14
6.2712e-08
-2.88656e-16
-1.96898e-14
6.2712e-08
-2.9766e-16
-1.29167e-14
4.50851e-08
-2.81164e-16
1.88857e-08
5.0867e-16
-4.66332e-15
2.29799e-08
-2.95018e-17
7.60285e-16
-1.22331e-14
5.4389e-08
2.24288e-16
-1.80054e-14
7.5734e-08
-2.67735e-16
-1.76346e-14
7.5734e-08
-3.03168e-16
-1.14588e-14
5.4389e-08
-1.71185e-16
2.29799e-08
5.66642e-16
-3.95091e-15
2.73861e-08
-3.30233e-17
8.4456e-16
-1.03621e-14
6.42239e-08
2.93e-16
-1.51653e-14
8.9543e-08
-2.04864e-16
-1.48698e-14
8.9543e-08
-2.75089e-16
-9.44777e-15
6.42239e-08
-2.14451e-16
2.73861e-08
5.95741e-16
-3.02876e-15
3.14534e-08
-3.40782e-17
8.84913e-16
-7.93083e-15
7.30867e-08
3.6812e-16
-1.15096e-14
1.02066e-07
-9.02016e-17
-1.13188e-14
1.02066e-07
-1.86835e-16
-6.97118e-15
7.30867e-08
-6.50869e-16
3.14534e-08
5.6507e-16
-1.91795e-15
3.36367e-08
-2.99559e-17
8.33848e-16
-5.01136e-15
7.75291e-08
4.21822e-16
-7.17372e-15
1.08511e-07
6.26266e-17
-7.10544e-15
1.08511e-07
-3.49191e-17
-4.2974e-15
7.75291e-08
-1.15298e-15
3.36367e-08
4.32696e-16
-7.39864e-16
3.05588e-08
-1.76087e-17
6.21819e-16
-1.93837e-15
7.00874e-08
3.89796e-16
-2.71087e-15
9.84233e-08
1.67583e-16
-2.74826e-15
9.84233e-08
1.37181e-16
-1.67505e-15
7.00874e-08
-1.02153e-15
3.05588e-08
1.56822e-16
1.51602e-08
3.33589e-19
1.91933e-16
3.50151e-08
1.73454e-16
4.95107e-08
9.20733e-17
4.95107e-08
1.87818e-16
3.50151e-08
1.51602e-08
1.42892e-16
-4.25841e-15
1.53324e-08
3.3681e-17
2.37038e-16
-9.76313e-15
3.68832e-08
-2.18681e-17
-1.3897e-14
5.12559e-08
-2.73067e-16
-1.36448e-14
5.12559e-08
-1.78646e-16
-9.31055e-15
3.68832e-08
-3.42159e-15
1.53324e-08
1.63014e-16
-3.95633e-15
1.88857e-08
4.1899e-17
2.66946e-16
-9.09423e-15
4.50851e-08
-3.11091e-17
-1.29023e-14
6.2712e-08
-3.17427e-16
-1.26397e-14
6.2712e-08
-2.10083e-16
-8.62533e-15
4.50851e-08
-3.15395e-15
1.88857e-08
1.77823e-16
-3.52948e-15
2.29799e-08
5.1563e-17
2.86869e-16
-8.16665e-15
5.4389e-08
-4.49551e-17
-1.15446e-14
7.5734e-08
-3.59109e-16
-1.13065e-14
7.5734e-08
-2.4049e-16
-7.72599e-15
5.4389e-08
-2.8131e-15
2.29799e-08
1.82542e-16
-2.96429e-15
2.73861e-08
6.24371e-17
2.87049e-16
-6.91216e-15
6.42239e-08
-6.70557e-17
-9.7392e-15
8.9543e-08
-3.93035e-16
-9.50838e-15
8.9543e-08
-2.66209e-16
-6.50176e-15
6.42239e-08
-2.34672e-15
2.73861e-08
1.68845e-16
-2.24365e-15
3.14534e-08
7.33273e-17
2.52309e-16
-5.28292e-15
7.30867e-08
-1.00821e-16
-7.38739e-15
1.02066e-07
-4.11685e-16
-7.21861e-15
1.02066e-07
-2.80792e-16
-4.93921e-15
7.30867e-08
-1.76757e-15
3.14534e-08
1.28292e-16
-1.37375e-15
3.36367e-08
8.09156e-17
1.68144e-16
-3.29935e-15
7.75291e-08
-1.4883e-16
-4.59608e-15
1.08511e-07
-4.03864e-16
-4.48969e-15
1.08511e-07
-2.73526e-16
-3.07668e-15
7.75291e-08
-1.09566e-15
3.36367e-08
5.98981e-17
-4.94934e-16
3.05588e-08
7.64864e-17
3.64657e-17
-1.24506e-15
7.00874e-08
-1.93413e-16
-1.72353e-15
9.84233e-08
-3.47343e-16
-1.69404e-15
9.84233e-08
-2.30581e-16
-1.18428e-15
7.00874e-08
-4.1849e-16
3.05588e-08
-9.00876e-18
1.51602e-08
4.08605e-17
-7.05525e-17
3.50151e-08
-1.47256e-16
4.95107e-08
-1.71443e-16
4.95107e-08
-1.15361e-16
3.50151e-08
1.51602e-08
8.85557e-17
-2.23396e-15
1.53324e-08
9.3098e-18
1.32034e-16
-6.07075e-15
3.68832e-08
-1.38442e-17
-8.77325e-15
5.12559e-08
-1.48938e-16
-8.87969e-15
5.12559e-08
-7.44407e-17
-6.38186e-15
3.68832e-08
-2.83501e-15
1.53324e-08
1.01219e-16
-2.07161e-15
1.88857e-08
1.167e-17
1.46243e-16
-5.60764e-15
4.50851e-08
-2.0827e-17
-8.10966e-15
6.2712e-08
-1.72756e-16
-8.22321e-15
6.2712e-08
-8.52444e-17
-5.91418e-15
4.50851e-08
-2.6224e-15
1.88857e-08
1.10495e-16
-1.86038e-15
2.29799e-08
1.44591e-17
1.5468e-16
-4.99442e-15
5.4389e-08
-3.07355e-17
-7.23023e-15
7.5734e-08
-1.94348e-16
-7.31603e-15
7.5734e-08
-9.32453e-17
-5.25309e-15
5.4389e-08
-2.32829e-15
2.29799e-08
1.14391e-16
-1.57697e-15
2.73861e-08
1.74147e-17
1.53082e-16
-4.18657e-15
6.42239e-08
-4.29258e-17
-6.05721e-15
8.9543e-08
-2.08895e-16
-6.12994e-15
8.9543e-08
-9.65265e-17
-4.40253e-15
6.42239e-08
-1.94469e-15
2.73861e-08
1.09406e-16
-1.19621e-15
3.14534e-08
1.96626e-17
1.37443e-16
-3.14544e-15
7.30867e-08
-5.56282e-17
-4.56276e-15
1.02066e-07
-2.08544e-16
-4.60761e-15
1.02066e-07
-9.06954e-17
-3.31551e-15
7.30867e-08
-1.45866e-15
3.14534e-08
9.14747e-17
-7.51417e-16
3.36367e-08
1.92029e-17
1.05465e-16
-1.9152e-15
7.75291e-08
-6.26122e-17
-2.78432e-15
1.08511e-07
-1.82217e-16
-2.79626e-15
1.08511e-07
-7.12437e-17
-1.99946e-15
7.75291e-08
-8.77938e-16
3.36367e-08
5.83054e-17
-2.82626e-16
3.05588e-08
1.31448e-17
6.24092e-17
-6.82713e-16
7.00874e-08
-5.21057e-17
-9.84038e-16
9.84233e-08
-1.17194e-16
-9.77287e-16
9.84233e-08
-3.67623e-17
-7.01915e-16
7.00874e-08
-2.94589e-16
3.05588e-08
1.38096e-17
1.51602e-08
1.74891e-18
1.77932e-17
3.50151e-08
-1.3061e-17
4.95107e-08
-1.91052e-17
4.95107e-08
1.93646e-18
3.50151e-08
1.51602e-08
1.66911e-16
-2.86356e-15
1.53324e-08
-1.56022e-17
1.89005e-16
-4.60509e-15
3.68832e-08
5.81931e-17
-6.4062e-15
5.12559e-08
-8.65411e-17
-6.62352e-15
5.12559e-08
-4.49143e-17
-5.07774e-15
3.68832e-08
-4.24657e-15
1.53324e-08
2.06754e-16
-2.63172e-15
1.88857e-08
-2.18057e-17
2.292e-16
-4.32435e-15
4.50851e-08
7.19805e-17
-5.96571e-15
6.2712e-08
-1.04589e-16
-6.19231e-15
6.2712e-08
-5.43938e-17
-4.73678e-15
4.50851e-08
-4.14698e-15
1.88857e-08
2.5263e-16
-2.43452e-15
2.29799e-08
-3.02907e-17
2.73662e-16
-3.85896e-15
5.4389e-08
8.79473e-17
-5.31876e-15
7.5734e-08
-1.23212e-16
-5.52786e-15
7.5734e-08
-7.01634e-17
-4.33321e-15
5.4389e-08
-3.69818e-15
2.29799e-08
3.01692e-16
-2.14311e-15
2.73861e-08
-4.07623e-17
3.19603e-16
-3.26839e-15
6.42239e-08
1.0647e-16
-4.47968e-15
8.9543e-08
-1.42976e-16
-4.67589e-15
8.9543e-08
-9.09613e-17
-3.70092e-15
6.42239e-08
-3.22538e-15
2.73861e-08
3.52176e-16
-1.52339e-15
3.14534e-08
-4.76909e-17
3.58966e-16
-2.46315e-15
7.30867e-08
1.25821e-16
-3.35889e-15
1.02066e-07
-1.56538e-16
-3.51827e-15
1.02066e-07
-1.2022e-16
-2.875e-15
7.30867e-08
-2.27204e-15
3.14534e-08
3.81054e-16
-7.57002e-16
3.36367e-08
-5.5055e-17
3.72844e-16
-1.4287e-15
7.75291e-08
1.42569e-16
-1.99595e-15
1.08511e-07
-1.52434e-16
-2.11608e-15
1.08511e-07
-1.51128e-16
-1.74827e-15
7.75291e-08
-1.06496e-15
3.36367e-08
3.38259e-16
-5.8702e-17
3.05588e-08
-5.09633e-17
3.17419e-16
-4.14399e-16
7.00874e-08
1.42417e-16
-6.52011e-16
9.84233e-08
-1.03157e-16
-7.00079e-16
9.84233e-08
-1.53224e-16
-5.65178e-16
7.00874e-08
-1.17111e-16
3.05588e-08
1.48847e-16
1.51602e-08
-2.24144e-17
1.31167e-16
3.50151e-08
8.28484e-17
4.95107e-08
-3.66573e-18
4.95107e-08
-8.36938e-17
3.50151e-08
1.51602e-08
7.61702e-17
-1.02325e-15
1.53324e-08
-2.9751e-18
1.24128e-16
-1.98622e-15
3.68832e-08
6.12062e-17
-2.99405e-15
5.12559e-08
-2.27356e-17
-2.80802e-15
5.12559e-08
-6.14208e-17
-1.68927e-15
3.68832e-08
8.4807e-16
1.53324e-08
9.19409e-17
-9.50217e-16
1.88857e-08
-3.54179e-18
1.51551e-16
-1.82761e-15
4.50851e-08
7.82736e-17
-2.7304e-15
6.2712e-08
-2.03532e-17
-2.54567e-15
6.2712e-08
-7.55583e-17
-1.48688e-15
4.50851e-08
1.15052e-15
1.88857e-08
1.08485e-16
-8.19551e-16
2.29799e-08
-5.27869e-18
1.80772e-16
-1.61288e-15
5.4389e-08
1.00078e-16
-2.3892e-15
7.5734e-08
-1.22736e-17
-2.24884e-15
7.5734e-08
-8.60415e-17
-1.2676e-15
5.4389e-08
1.05101e-15
2.29799e-08
1.23386e-16
-6.68533e-16
2.73861e-08
-7.85171e-18
2.08647e-16
-1.33989e-15
6.42239e-08
1.25284e-16
-1.95961e-15
8.9543e-08
5.44118e-18
-1.84899e-15
8.9543e-08
-9.06042e-17
-1.02091e-15
6.42239e-08
1.13679e-15
2.73861e-08
1.31656e-16
-4.96598e-16
3.14534e-08
-1.48547e-17
2.27169e-16
-1.00389e-15
7.30867e-08
1.51447e-16
-1.43684e-15
1.02066e-07
3.24937e-17
-1.38506e-15
1.02066e-07
-8.06704e-17
-6.95653e-16
7.30867e-08
7.70873e-16
3.14534e-08
1.28768e-16
-2.15461e-16
3.36367e-08
-1.70739e-17
2.23046e-16
-5.90488e-16
7.75291e-08
1.68435e-16
-8.38726e-16
1.08511e-07
6.65532e-17
-8.49204e-16
1.08511e-07
-5.02758e-17
-4.36818e-16
7.75291e-08
1.70017e-16
3.36367e-08
1.01943e-16
-9.82032e-18
3.05588e-08
-1.45775e-17
1.71098e-16
-1.78603e-16
7.00874e-08
1.54604e-16
-2.67834e-16
9.84233e-08
8.25148e-17
-3.19789e-16
9.84233e-08
-1.53209e-17
-2.08535e-16
7.00874e-08
-1.83354e-16
3.05588e-08
4.01324e-17
1.51602e-08
-7.74779e-18
5.20489e-17
3.50151e-08
7.16627e-17
4.95107e-08
4.04721e-17
4.95107e-08
9.68636e-18
3.50151e-08
1.51602e-08
1.09334e-16
-5.37699e-16
1.53324e-08
-3.94158e-17
1.0417e-16
-1.21355e-15
3.68832e-08
3.70279e-17
-1.89556e-15
5.12559e-08
-9.15813e-18
-1.88508e-15
5.12559e-08
-1.15175e-17
-1.39323e-15
3.68832e-08
-4.64149e-16
1.53324e-08
1.34032e-16
-4.99209e-16
1.88857e-08
-5.00063e-17
1.24713e-16
-1.13841e-15
4.50851e-08
4.22245e-17
-1.75627e-15
6.2712e-08
-9.27351e-18
-1.73025e-15
6.2712e-08
-1.01949e-17
-1.30558e-15
4.50851e-08
-6.60253e-16
1.88857e-08
1.61694e-16
-4.50464e-16
2.29799e-08
-6.20712e-17
1.44923e-16
-1.03806e-15
5.4389e-08
4.58973e-17
-1.57511e-15
7.5734e-08
-1.03438e-17
-1.53822e-15
7.5734e-08
-6.99974e-18
-1.16266e-15
5.4389e-08
-6.73905e-16
2.29799e-08
1.89455e-16
-3.86945e-16
2.73861e-08
-7.5486e-17
1.61212e-16
-9.04977e-16
6.42239e-08
4.5153e-17
-1.32961e-15
8.9543e-08
-1.47361e-17
-1.27345e-15
8.9543e-08
2.92376e-19
-9.78829e-16
6.42239e-08
-9.96253e-16
2.73861e-08
2.11577e-16
-2.86162e-16
3.14534e-08
-8.34279e-17
1.66097e-16
-7.03011e-16
7.30867e-08
3.60595e-17
-1.00373e-15
1.02066e-07
-2.40426e-17
-9.62723e-16
1.02066e-07
1.95091e-19
-7.86851e-16
7.30867e-08
-6.61607e-16
3.14534e-08
2.14733e-16
-1.96417e-16
3.36367e-08
-8.97896e-17
1.48342e-16
-4.46181e-16
7.75291e-08
1.30038e-17
-6.12311e-16
1.08511e-07
-4.33173e-17
-5.84677e-16
1.08511e-07
-9.42657e-19
-4.16222e-16
7.75291e-08
-3.38788e-16
3.36367e-08
1.77311e-16
-4.46249e-17
3.05588e-08
-8.04424e-17
9.46935e-17
-1.64006e-16
7.00874e-08
-2.27411e-17
-2.18167e-16
9.84233e-08
-6.11892e-17
-1.92715e-16
9.84233e-08
3.57798e-18
-1.00859e-16
7.00874e-08
-6.62848e-17
3.05588e-08
6.87312e-17
1.51602e-08
-3.55834e-17
1.08222e-17
3.50151e-08
-3.93004e-17
4.95107e-08
-4.99077e-17
4.95107e-08
6.42617e-18
3.50151e-08
1.51602e-08
-1.05236e-16
-1.58662e-16
1.53324e-08
4.0807e-17
-1.30274e-16
-8.09071e-16
3.68832e-08
-1.56492e-16
-1.0529e-15
5.12559e-08
-1.91352e-16
-1.1451e-15
5.12559e-08
-1.06926e-16
-6.00994e-16
3.68832e-08
-2.37371e-15
1.53324e-08
-1.36162e-16
-1.64707e-16
1.88857e-08
5.32761e-17
-1.71887e-16
-7.68528e-16
4.50851e-08
-2.02174e-16
-1.01505e-15
6.2712e-08
-2.46462e-16
-1.08946e-15
6.2712e-08
-1.36399e-16
-6.41227e-16
4.50851e-08
-2.4506e-15
1.88857e-08
-1.7673e-16
-1.88401e-16
2.29799e-08
6.81444e-17
-2.25979e-16
-7.30305e-16
5.4389e-08
-2.61627e-16
-9.68203e-16
7.5734e-08
-3.15909e-16
-1.01668e-15
7.5734e-08
-1.74926e-16
-6.99785e-16
5.4389e-08
-2.57405e-15
2.29799e-08
-2.26602e-16
-1.81127e-16
2.73861e-08
8.59218e-17
-2.9339e-16
-6.52225e-16
6.42239e-08
-3.35591e-16
-8.76587e-16
8.9543e-08
-4.00741e-16
-9.01104e-16
8.9543e-08
-2.32833e-16
-7.47297e-16
6.42239e-08
-2.01781e-15
2.73861e-08
-2.82347e-16
-1.9734e-16
3.14534e-08
9.95308e-17
-3.69687e-16
-5.42705e-16
7.30867e-08
-4.19565e-16
-7.35675e-16
1.02066e-07
-4.95995e-16
-7.29016e-16
1.02066e-07
-2.95874e-16
-6.60096e-16
7.30867e-08
-1.98858e-15
3.14534e-08
-3.28463e-16
-1.79956e-16
3.36367e-08
1.11924e-16
-4.35227e-16
-4.17333e-16
7.75291e-08
-4.92489e-16
-5.49365e-16
1.08511e-07
-5.65169e-16
-4.98906e-16
1.08511e-07
-3.76227e-16
-6.21116e-16
7.75291e-08
-8.20321e-16
3.36367e-08
-3.23676e-16
-1.56234e-16
3.05588e-08
1.04694e-16
-4.30938e-16
-2.251e-16
7.00874e-08
-4.90884e-16
-2.89135e-16
9.84233e-08
-5.35823e-16
-2.31943e-16
9.84233e-08
-3.95909e-16
-2.8061e-16
7.00874e-08
7.41173e-18
3.05588e-08
-1.74216e-16
1.51602e-08
4.96034e-17
-2.32115e-16
3.50151e-08
-2.70007e-16
4.95107e-08
-2.48829e-16
4.95107e-08
-2.22657e-16
3.50151e-08
1.51602e-08
5.81877e-17
-3.98357e-16
1.53324e-08
-3.32706e-18
8.33073e-17
-2.83238e-16
3.68832e-08
6.79575e-17
-4.16058e-16
5.12559e-08
6.51134e-17
-1.88726e-16
5.12559e-08
2.50304e-17
-4.00341e-17
3.68832e-08
1.36254e-15
1.53324e-08
7.78336e-17
-2.95147e-16
1.88857e-08
-6.13308e-18
1.13192e-16
-2.49677e-16
4.50851e-08
9.45561e-17
-3.27277e-16
6.2712e-08
9.24742e-17
-1.10656e-16
6.2712e-08
3.60484e-17
6.60247e-17
4.50851e-08
1.4473e-15
1.88857e-08
1.0558e-16
-1.77388e-16
2.29799e-08
-1.00634e-17
1.53689e-16
-1.84796e-16
5.4389e-08
1.34091e-16
-2.37169e-16
7.5734e-08
1.3256e-16
-6.37473e-17
7.5734e-08
5.51173e-17
1.10001e-16
5.4389e-08
1.45866e-15
2.29799e-08
1.42001e-16
-5.60682e-17
2.73861e-08
-1.65561e-17
2.07341e-16
-1.3334e-16
6.42239e-08
1.9102e-16
-1.41928e-16
8.9543e-08
1.89013e-16
-1.2008e-17
8.9543e-08
9.57158e-17
1.91764e-16
6.42239e-08
7.99961e-16
2.73861e-08
1.86274e-16
4.32007e-17
3.14534e-08
-2.12893e-17
2.75532e-16
-4.93326e-17
7.30867e-08
2.69508e-16
-2.88318e-17
1.02066e-07
2.67273e-16
1.43811e-17
1.02066e-07
1.38695e-16
7.01319e-17
7.30867e-08
1.03121e-15
3.14534e-08
2.32296e-16
1.01766e-16
3.36367e-08
-2.95154e-17
3.48692e-16
5.79537e-17
7.75291e-08
3.63982e-16
8.75847e-17
1.08511e-07
3.4844e-16
2.86654e-17
1.08511e-07
2.10164e-16
1.37417e-16
7.75291e-08
2.68154e-16
3.36367e-08
2.55095e-16
1.17183e-16
3.05588e-08
-3.18021e-17
3.82529e-16
8.42921e-17
7.00874e-08
4.27349e-16
1.10373e-16
9.84233e-08
3.94253e-16
3.48479e-17
9.84233e-08
2.58912e-16
2.21629e-17
7.00874e-08
-1.87374e-16
3.05588e-08
1.65879e-16
1.51602e-08
-1.52213e-17
2.4088e-16
3.50151e-08
2.93971e-16
4.95107e-08
2.42687e-16
4.95107e-08
1.72352e-16
3.50151e-08
1.51602e-08
-9.3763e-18
-4.69269e-16
1.53324e-08
5.19156e-17
1.22953e-16
3.88752e-16
3.68832e-08
1.62592e-16
6.43322e-17
5.12559e-08
1.91135e-16
3.45412e-16
5.12559e-08
9.08644e-17
2.77752e-16
3.68832e-08
3.04363e-15
1.53324e-08
-8.37248e-18
-3.38315e-16
1.88857e-08
6.54092e-17
1.60499e-16
3.49799e-16
4.50851e-08
2.10981e-16
1.01631e-16
6.2712e-08
2.50515e-16
3.58092e-16
6.2712e-08
1.17385e-16
4.07151e-16
4.50851e-08
3.17448e-15
1.88857e-08
-4.02125e-18
-1.87689e-16
2.29799e-08
8.05214e-17
2.06979e-16
3.008e-16
5.4389e-08
2.7339e-16
1.2112e-16
7.5734e-08
3.27876e-16
3.65048e-16
7.5734e-08
1.52983e-16
4.59281e-16
5.4389e-08
3.25224e-15
2.29799e-08
3.4939e-18
-1.68762e-17
2.73861e-08
9.60571e-17
2.61646e-16
2.23487e-16
6.42239e-08
3.50216e-16
1.35813e-16
8.9543e-08
4.22911e-16
3.2935e-16
8.9543e-08
2.06558e-16
5.74142e-16
6.42239e-08
2.80361e-15
2.73861e-08
1.45701e-17
8.28791e-17
3.14534e-08
1.0577e-16
3.18692e-16
1.35659e-16
7.30867e-08
4.33877e-16
1.27788e-16
1.02066e-07
5.29578e-16
2.55981e-16
1.02066e-07
2.71068e-16
5.31858e-16
7.30867e-08
2.4005e-15
3.14534e-08
3.50749e-17
2.06954e-16
3.36367e-08
1.11964e-16
3.58686e-16
9.32261e-17
7.75291e-08
4.98669e-16
1.41839e-16
1.08511e-07
6.05453e-16
1.58005e-16
1.08511e-07
3.51541e-16
4.1355e-16
7.75291e-08
9.09247e-16
3.36367e-08
6.51347e-17
1.54671e-16
3.05588e-08
1.01709e-16
3.32948e-16
6.13286e-17
7.00874e-08
4.75035e-16
1.15809e-16
9.84233e-08
5.56083e-16
5.19432e-17
9.84233e-08
3.63682e-16
8.25611e-17
7.00874e-08
-1.31406e-16
3.05588e-08
7.36519e-17
1.51602e-08
5.10751e-17
1.51704e-16
3.50151e-08
2.35728e-16
4.95107e-08
2.28794e-16
4.95107e-08
1.89968e-16
3.50151e-08
1.51602e-08
1.06296e-16
-2.97309e-15
1.53324e-08
-2.10895e-18
1.42741e-16
-2.19427e-15
3.68832e-08
9.2845e-17
-2.02293e-15
5.12559e-08
1.48432e-17
-1.96412e-15
5.12559e-08
-2.18706e-17
-1.73243e-15
3.68832e-08
-2.47374e-15
1.53324e-08
1.33022e-16
-2.86658e-15
1.88857e-08
-2.9081e-18
1.81205e-16
-2.04256e-15
4.50851e-08
1.13661e-16
-1.918e-15
6.2712e-08
9.22917e-18
-1.8405e-15
6.2712e-08
-3.24062e-17
-1.66461e-15
4.50851e-08
-2.41918e-15
1.88857e-08
1.65795e-16
-2.72245e-15
2.29799e-08
-3.8937e-18
2.29378e-16
-1.75038e-15
5.4389e-08
1.34093e-16
-1.69669e-15
7.5734e-08
-4.02787e-18
-1.59696e-15
7.5734e-08
-4.88078e-17
-1.46323e-15
5.4389e-08
-2.35128e-15
2.29799e-08
2.03562e-16
-2.49662e-15
2.73861e-08
-5.42415e-18
2.8406e-16
-1.44747e-15
6.42239e-08
1.49658e-16
-1.42059e-15
8.9543e-08
-3.03525e-17
-1.31313e-15
8.9543e-08
-7.26308e-17
-1.28209e-15
6.42239e-08
-2.3108e-15
2.73861e-08
2.47847e-16
-1.81061e-15
3.14534e-08
-2.88549e-18
3.36073e-16
-1.03679e-15
7.30867e-08
1.49969e-16
-1.02981e-15
1.02066e-07
-7.599e-17
-9.11852e-16
1.02066e-07
-1.17955e-16
-1.01675e-15
7.30867e-08
-1.62241e-15
3.14534e-08
2.79712e-16
-8.48527e-16
3.36367e-08
-5.00008e-18
3.62293e-16
-3.90045e-16
7.75291e-08
1.19832e-16
-4.6098e-16
1.08511e-07
-1.4254e-16
-3.71056e-16
1.08511e-07
-1.7863e-16
-4.76462e-16
7.75291e-08
-5.83774e-16
3.36367e-08
2.50219e-16
-8.30773e-18
3.05588e-08
-7.13766e-18
3.10006e-16
1.12924e-16
7.00874e-08
4.54748e-17
2.02661e-17
9.84233e-08
-1.92857e-16
4.79265e-17
9.84233e-08
-2.10219e-16
5.1128e-18
7.00874e-08
1.30364e-16
3.05588e-08
1.00006e-16
1.51602e-08
-4.53008e-18
1.2402e-16
3.50151e-08
-4.07301e-17
4.95107e-08
-1.33808e-16
4.95107e-08
-1.35903e-16
3.50151e-08
1.51602e-08
-4.41998e-17
-7.2544e-16
1.53324e-08
2.84064e-17
-7.16988e-17
-1.09666e-15
3.68832e-08
-1.00807e-16
-8.43877e-16
5.12559e-08
-1.54475e-16
-8.79043e-16
5.12559e-08
-9.37809e-17
-5.01872e-16
3.68832e-08
-3.1001e-15
1.53324e-08
-5.8396e-17
-6.72407e-16
1.88857e-08
3.62611e-17
-9.48181e-17
-1.03909e-15
4.50851e-08
-1.33403e-16
-8.15192e-16
6.2712e-08
-2.05747e-16
-8.44426e-16
6.2712e-08
-1.22121e-16
-5.59343e-16
4.50851e-08
-3.1505e-15
1.88857e-08
-7.88837e-17
-6.07787e-16
2.29799e-08
4.48951e-17
-1.26366e-16
-9.35844e-16
5.4389e-08
-1.78293e-16
-7.54797e-16
7.5734e-08
-2.73059e-16
-7.80418e-16
7.5734e-08
-1.59852e-16
-6.13675e-16
5.4389e-08
-3.22654e-15
2.29799e-08
-1.06623e-16
-5.29309e-16
2.73861e-08
5.48064e-17
-1.68981e-16
-8.13809e-16
6.42239e-08
-2.38022e-16
-6.89361e-16
8.9543e-08
-3.57817e-16
-6.94093e-16
8.9543e-08
-2.18665e-16
-6.95001e-16
6.42239e-08
-2.52362e-15
2.73861e-08
-1.42464e-16
-4.55842e-16
3.14534e-08
6.01034e-17
-2.22695e-16
-6.40884e-16
7.30867e-08
-3.1169e-16
-5.69675e-16
1.02066e-07
-4.5635e-16
-5.43499e-16
1.02066e-07
-2.81646e-16
-6.05661e-16
7.30867e-08
-2.40713e-15
3.14534e-08
-1.78051e-16
-2.51284e-16
3.36367e-08
6.62481e-17
-2.7922e-16
-3.68698e-16
7.75291e-08
-3.85454e-16
-3.53735e-16
1.08511e-07
-5.29529e-16
-3.01308e-16
1.08511e-07
-3.6411e-16
-5.43251e-16
7.75291e-08
-9.50595e-16
3.36367e-08
-1.93428e-16
-7.92541e-17
3.05588e-08
6.20187e-17
-3.03879e-16
-9.55125e-17
7.00874e-08
-4.06844e-16
-1.1225e-16
9.84233e-08
-5.03122e-16
-6.74359e-17
9.84233e-08
-3.81153e-16
-1.76141e-16
7.00874e-08
7.18661e-17
3.05588e-08
-1.20875e-16
1.51602e-08
2.88526e-17
-1.88997e-16
3.50151e-08
-2.42075e-16
4.95107e-08
-2.24021e-16
4.95107e-08
-2.03786e-16
3.50151e-08
1.51602e-08
4.97287e-17
-7.3615e-16
1.53324e-08
-1.82018e-17
2.37021e-17
-7.2105e-16
3.68832e-08
6.43729e-18
-6.9199e-16
5.12559e-08
2.50526e-17
-5.39957e-16
5.12559e-08
2.02276e-17
-5.09912e-16
3.68832e-08
1.1614e-15
1.53324e-08
6.22199e-17
-7.22313e-16
1.88857e-08
-2.34758e-17
3.03908e-17
-6.66902e-16
4.50851e-08
8.76534e-18
-6.38974e-16
6.2712e-08
3.61235e-17
-4.82041e-16
6.2712e-08
2.82674e-17
-4.36224e-16
4.50851e-08
1.25298e-15
1.88857e-08
7.80172e-17
-6.52776e-16
2.29799e-08
-2.96038e-17
3.91223e-17
-5.96341e-16
5.4389e-08
1.33104e-17
-5.66225e-16
7.5734e-08
5.27211e-17
-4.18767e-16
7.5734e-08
4.20995e-17
-3.095e-16
5.4389e-08
1.39149e-15
2.29799e-08
9.65113e-17
-5.71928e-16
2.73861e-08
-3.73363e-17
5.03292e-17
-5.11859e-16
6.42239e-08
2.20158e-17
-4.75036e-16
8.9543e-08
7.76139e-17
-3.46914e-16
8.9543e-08
7.48549e-17
-1.8925e-16
6.42239e-08
7.74201e-16
2.73861e-08
1.16205e-16
-4.04636e-16
3.14534e-08
-4.07787e-17
6.42502e-17
-3.80731e-16
7.30867e-08
3.75558e-17
-3.51319e-16
1.02066e-07
1.14917e-16
-2.67473e-16
1.02066e-07
1.08721e-16
-1.78653e-16
7.30867e-08
1.08917e-15
3.14534e-08
1.29415e-16
-2.42202e-16
3.36367e-08
-4.78446e-17
7.90886e-17
-2.00671e-16
7.75291e-08
6.22879e-17
-1.79424e-16
1.08511e-07
1.5184e-16
-1.45004e-16
1.08511e-07
1.70061e-16
6.48902e-17
7.75291e-08
3.55536e-16
3.36367e-08
1.19533e-16
-3.81936e-17
3.05588e-08
-4.84488e-17
8.61589e-17
-3.48398e-17
7.00874e-08
8.89014e-17
-2.45892e-17
9.84233e-08
1.75971e-16
-4.18362e-18
9.84233e-08
2.10972e-16
6.50418e-17
7.00874e-08
-1.00036e-16
3.05588e-08
5.46739e-17
1.51602e-08
-2.54296e-17
5.66884e-17
3.50151e-08
7.58835e-17
4.95107e-08
1.02587e-16
4.95107e-08
1.37219e-16
3.50151e-08
1.51602e-08
-6.81561e-17
2.81066e-16
1.53324e-08
1.98421e-17
-1.02069e-16
-3.14793e-16
3.68832e-08
-1.23354e-16
-2.88629e-16
5.12559e-08
-1.50905e-16
-2.78404e-16
5.12559e-08
-9.82576e-17
3.35439e-17
3.68832e-08
-1.66603e-15
1.53324e-08
-8.66518e-17
2.88534e-16
1.88857e-08
2.59408e-17
-1.29626e-16
-2.93805e-16
4.50851e-08
-1.55707e-16
-2.90469e-16
6.2712e-08
-1.94404e-16
-2.79333e-16
6.2712e-08
-1.25248e-16
-1.52097e-17
4.50851e-08
-1.72865e-15
1.88857e-08
-1.11355e-16
2.50691e-16
2.29799e-08
3.29214e-17
-1.6372e-16
-2.60326e-16
5.4389e-08
-1.96507e-16
-2.91827e-16
7.5734e-08
-2.48972e-16
-2.72674e-16
7.5734e-08
-1.60665e-16
-1.0847e-16
5.4389e-08
-1.84932e-15
2.29799e-08
-1.41803e-16
2.14753e-16
2.73861e-08
4.15949e-17
-2.04634e-16
-2.15772e-16
6.42239e-08
-2.45853e-16
-2.72006e-16
8.9543e-08
-3.1517e-16
-2.65537e-16
8.9543e-08
-2.16607e-16
-2.02814e-16
6.42239e-08
-1.18362e-15
2.73861e-08
-1.76638e-16
1.14617e-16
3.14534e-08
4.56277e-17
-2.48508e-16
-1.66903e-16
7.30867e-08
-3.00643e-16
-2.45119e-16
1.02066e-07
-3.90516e-16
-2.09969e-16
1.02066e-07
-2.71451e-16
-1.52388e-16
7.30867e-08
-1.43168e-15
3.14534e-08
-2.04745e-16
4.61829e-17
3.36367e-08
5.17479e-17
-2.83705e-16
-1.27089e-16
7.75291e-08
-3.47483e-16
-1.79894e-16
1.08511e-07
-4.45113e-16
-1.42024e-16
1.08511e-07
-3.45204e-16
-2.85294e-16
7.75291e-08
-5.25233e-16
3.36367e-08
-2.00767e-16
-3.80059e-17
3.05588e-08
4.86871e-17
-2.74416e-16
-6.67475e-17
7.00874e-08
-3.46854e-16
-9.89551e-17
9.84233e-08
-4.33298e-16
-6.07465e-17
9.84233e-08
-3.69177e-16
-1.39069e-16
7.00874e-08
7.68136e-17
3.05588e-08
-1.06514e-16
1.51602e-08
2.16025e-17
-1.46609e-16
3.50151e-08
-1.98643e-16
4.95107e-08
-2.18934e-16
4.95107e-08
-2.14893e-16
3.50151e-08
1.51602e-08
4.56078e-17
-2.90308e-16
1.53324e-08
-1.94387e-17
4.13686e-17
-2.80447e-16
3.68832e-08
4.71309e-17
-2.578e-16
5.12559e-08
7.49399e-17
-7.33481e-17
5.12559e-08
4.52578e-17
-5.06432e-17
3.68832e-08
2.1836e-15
1.53324e-08
5.74112e-17
-3.12544e-16
1.88857e-08
-2.42601e-17
5.52573e-17
-2.61104e-16
4.50851e-08
6.54042e-17
-2.31385e-16
6.2712e-08
1.04642e-16
-6.35693e-17
6.2712e-08
6.15755e-17
1.11822e-17
4.50851e-08
2.26603e-15
1.88857e-08
7.26357e-17
-2.98994e-16
2.29799e-08
-2.9598e-17
7.4418e-17
-2.20278e-16
5.4389e-08
9.18478e-17
-1.98198e-16
7.5734e-08
1.46641e-16
-4.66129e-17
7.5734e-08
8.66498e-17
8.37792e-17
5.4389e-08
2.37771e-15
2.29799e-08
9.14946e-17
-2.7303e-16
2.73861e-08
-3.59013e-17
9.9842e-17
-1.82317e-16
6.42239e-08
1.29299e-16
-1.57926e-16
8.9543e-08
2.03903e-16
-3.29009e-17
8.9543e-08
1.35382e-16
1.83783e-16
6.42239e-08
1.63926e-15
2.73861e-08
1.12444e-16
-1.90135e-16
3.14534e-08
-3.778e-17
1.31989e-16
-1.22034e-16
7.30867e-08
1.79122e-16
-1.10851e-16
1.02066e-07
2.79761e-16
-3.11183e-17
1.02066e-07
1.89184e-16
1.16316e-16
7.30867e-08
1.78543e-15
3.14534e-08
1.27757e-16
-1.33014e-16
3.36367e-08
-4.27107e-17
1.65899e-16
-4.66652e-17
7.75291e-08
2.36386e-16
-4.42725e-17
1.08511e-07
3.49874e-16
-5.10181e-17
1.08511e-07
2.75212e-16
2.04001e-16
7.75291e-08
6.16812e-16
3.36367e-08
1.21437e-16
-3.00731e-17
3.05588e-08
-4.25885e-17
1.81048e-16
4.61313e-18
7.00874e-08
2.68377e-16
-1.85505e-18
9.84233e-08
3.73186e-16
-3.30651e-17
9.84233e-08
3.23441e-16
5.1392e-17
7.00874e-08
-1.411e-16
3.05588e-08
5.81266e-17
1.51602e-08
-2.23408e-17
1.15371e-16
3.50151e-08
1.77501e-16
4.95107e-08
2.0473e-16
4.95107e-08
2.0278e-16
3.50151e-08
1.51602e-08
-9.3926e-17
2.65798e-16
1.53324e-08
3.44505e-17
-1.03716e-16
-3.81694e-16
3.68832e-08
-8.79071e-17
-3.41407e-16
5.12559e-08
-7.5234e-17
-2.17622e-16
5.12559e-08
-5.29594e-17
1.36324e-16
3.68832e-08
-8.49145e-17
1.53324e-08
-1.18966e-16
2.67631e-16
1.88857e-08
4.43395e-17
-1.31722e-16
-3.75226e-16
4.50851e-08
-1.08912e-16
-3.60279e-16
6.2712e-08
-9.30801e-17
-2.27269e-16
6.2712e-08
-6.55325e-17
1.43071e-16
4.50851e-08
-1.41208e-16
1.88857e-08
-1.51392e-16
2.27353e-16
2.29799e-08
5.61048e-17
-1.66097e-16
-3.42016e-16
5.4389e-08
-1.3445e-16
-3.5441e-16
7.5734e-08
-1.14251e-16
-2.17254e-16
7.5734e-08
-8.04849e-17
1.01548e-16
5.4389e-08
-3.208e-16
2.29799e-08
-1.9017e-16
2.00703e-16
2.73861e-08
7.03346e-17
-2.06627e-16
-2.93579e-16
6.42239e-08
-1.64435e-16
-3.30983e-16
8.9543e-08
-1.38586e-16
-1.92003e-16
8.9543e-08
-1.08197e-16
6.52424e-17
6.42239e-08
1.64643e-16
2.73861e-08
-2.3277e-16
1.11044e-16
3.14534e-08
8.02581e-17
-2.50285e-16
-2.3057e-16
7.30867e-08
-1.97108e-16
-2.82287e-16
1.02066e-07
-1.66972e-16
-1.61742e-16
1.02066e-07
-1.26492e-16
1.19597e-16
7.30867e-08
-4.04436e-16
3.14534e-08
-2.65903e-16
2.4898e-17
3.36367e-08
8.94425e-17
-2.849e-16
-1.67401e-16
7.75291e-08
-2.27491e-16
-2.21113e-16
1.08511e-07
-1.86062e-16
-1.1739e-16
1.08511e-07
-1.57722e-16
-9.417e-17
7.75291e-08
-1.75858e-16
3.36367e-08
-2.56087e-16
-6.69871e-17
3.05588e-08
8.25363e-17
-2.76989e-16
-9.75689e-17
7.00874e-08
-2.32331e-16
-1.12805e-16
9.84233e-08
-1.93825e-16
-8.44164e-17
9.84233e-08
-1.71097e-16
-1.00316e-16
7.00874e-08
-2.04779e-17
3.05588e-08
-1.33341e-16
1.51602e-08
3.77169e-17
-1.49804e-16
3.50151e-08
-1.45454e-16
4.95107e-08
-1.16704e-16
4.95107e-08
-1.01536e-16
3.50151e-08
1.51602e-08
7.40281e-17
-4.63065e-17
1.53324e-08
-3.87021e-17
9.06508e-17
-3.14237e-17
3.68832e-08
1.20964e-16
-4.33901e-18
5.12559e-08
1.78458e-16
5.02693e-16
5.12559e-08
8.54273e-17
6.25358e-16
3.68832e-08
4.93351e-15
1.53324e-08
9.27109e-17
-1.10339e-16
1.88857e-08
-4.85297e-17
1.17571e-16
-4.52357e-17
4.50851e-08
1.61146e-16
-9.64457e-19
6.2712e-08
2.43293e-16
4.86118e-16
6.2712e-08
1.17156e-16
7.62797e-16
4.50851e-08
4.9813e-15
1.88857e-08
1.16538e-16
-1.27114e-16
2.29799e-08
-6.00117e-17
1.52907e-16
-2.14e-17
5.4389e-08
2.16208e-16
3.54846e-17
7.5734e-08
3.31769e-16
4.7974e-16
7.5734e-08
1.63802e-16
8.42763e-16
5.4389e-08
5.05425e-15
2.29799e-08
1.46052e-16
-1.36134e-16
2.73861e-08
-7.32094e-17
1.97866e-16
-3.22043e-18
6.42239e-08
2.88909e-16
6.4099e-17
8.9543e-08
4.48111e-16
4.46531e-16
8.9543e-08
2.39345e-16
9.886e-16
6.42239e-08
4.34223e-15
2.73861e-08
1.78811e-16
-9.49296e-17
3.14534e-08
-8.25614e-17
2.50765e-16
2.84783e-17
7.30867e-08
3.77781e-16
9.09629e-17
1.02066e-07
5.912e-16
3.58747e-16
1.02066e-07
3.40913e-16
9.29378e-16
7.30867e-08
3.70079e-15
3.14534e-08
2.03707e-16
-7.94238e-17
3.36367e-08
-9.19771e-17
2.99571e-16
5.23782e-17
7.75291e-08
4.64012e-16
8.7766e-17
1.08511e-07
7.17694e-16
2.20424e-16
1.08511e-07
4.82805e-16
7.35163e-16
7.75291e-08
1.41604e-15
3.36367e-08
1.96022e-16
-6.93259e-18
3.05588e-08
-8.84297e-17
3.07486e-16
4.77953e-17
7.00874e-08
4.8659e-16
6.25035e-17
9.84233e-08
7.10591e-16
4.11395e-17
9.84233e-08
5.4635e-16
2.01733e-16
7.00874e-08
-1.54444e-16
3.05588e-08
9.90479e-17
1.51602e-08
-4.66215e-17
1.78984e-16
3.50151e-08
2.85739e-16
4.95107e-08
3.42455e-16
4.95107e-08
3.31751e-16
3.50151e-08
1.51602e-08
-9.45148e-17
4.26255e-16
1.53324e-08
2.84106e-17
-1.25675e-16
-3.82836e-16
3.68832e-08
-9.11447e-17
-7.98088e-16
5.12559e-08
-2.46105e-17
-1.94461e-15
5.12559e-08
9.37548e-18
-1.1376e-15
3.68832e-08
-2.87315e-15
1.53324e-08
-1.20919e-16
4.37504e-16
1.88857e-08
3.70789e-17
-1.65769e-16
-3.11508e-16
4.50851e-08
-1.2306e-16
-7.85025e-16
6.2712e-08
-3.72019e-17
-1.96058e-15
6.2712e-08
7.81908e-18
-1.18455e-15
4.50851e-08
-2.87329e-15
1.88857e-08
-1.56703e-16
3.88969e-16
2.29799e-08
4.77733e-17
-2.18856e-16
-2.38738e-16
5.4389e-08
-1.71092e-16
-7.80006e-16
7.5734e-08
-5.54971e-17
-1.84083e-15
7.5734e-08
1.69535e-18
-1.19794e-15
5.4389e-08
-2.95331e-15
2.29799e-08
-2.0221e-16
3.24411e-16
2.73861e-08
6.08038e-17
-2.88553e-16
-1.6246e-16
6.42239e-08
-2.38536e-16
-7.51123e-16
8.9543e-08
-8.42555e-17
-1.9486e-15
8.9543e-08
-1.99291e-17
-1.18792e-15
6.42239e-08
-2.423e-15
2.73861e-08
-2.54444e-16
2.29287e-16
3.14534e-08
7.04663e-17
-3.714e-16
-1.0217e-16
7.30867e-08
-3.45985e-16
-7.51036e-16
1.02066e-07
-1.15746e-16
-1.0645e-15
1.02066e-07
-5.6694e-17
-1.0409e-15
7.30867e-08
-2.15355e-15
3.14534e-08
-2.99105e-16
1.29305e-16
3.36367e-08
7.99224e-17
-4.52585e-16
-4.43662e-17
7.75291e-08
-4.48406e-16
-3.88374e-16
1.08511e-07
-1.66907e-16
-2.22892e-16
1.08511e-07
-1.31111e-16
-6.67145e-16
7.75291e-08
-7.99159e-16
3.36367e-08
-2.98435e-16
8.55553e-18
3.05588e-08
7.55762e-17
-4.59308e-16
2.11681e-17
7.00874e-08
-4.99337e-16
-3.54315e-17
9.84233e-08
-1.99521e-16
2.57015e-16
9.84233e-08
-1.95944e-16
-1.21504e-16
7.00874e-08
1.1377e-16
3.05588e-08
-1.61593e-16
1.51602e-08
3.67128e-17
-2.49448e-16
3.50151e-08
-3.29679e-16
4.95107e-08
-1.15284e-16
4.95107e-08
-1.52867e-16
3.50151e-08
1.51602e-08
1.64416e-16
1.39422e-15
1.53324e-08
-9.30636e-17
1.63866e-16
1.87368e-15
3.68832e-08
1.11376e-16
2.14633e-15
5.12559e-08
9.45296e-18
2.98315e-15
5.12559e-08
-1.03105e-16
3.32492e-15
3.68832e-08
4.88303e-15
1.53324e-08
2.07151e-16
1.23316e-15
1.88857e-08
-1.15727e-16
2.12773e-16
1.75018e-15
4.50851e-08
1.49308e-16
2.10385e-15
6.2712e-08
1.81602e-17
2.96479e-15
6.2712e-08
-1.28288e-16
3.35495e-15
4.50851e-08
4.79831e-15
1.88857e-08
2.59884e-16
1.04421e-15
2.29799e-08
-1.42157e-16
2.76833e-16
1.54868e-15
5.4389e-08
2.03159e-16
1.9275e-15
7.5734e-08
3.23616e-17
2.8883e-15
7.5734e-08
-1.56569e-16
3.31486e-15
5.4389e-08
4.72683e-15
2.29799e-08
3.22417e-16
8.30178e-16
2.73861e-08
-1.71486e-16
3.58969e-16
1.29099e-15
6.42239e-08
2.80306e-16
1.71089e-15
8.9543e-08
5.53004e-17
2.87027e-15
8.9543e-08
-1.77472e-16
3.13833e-15
6.42239e-08
3.94591e-15
2.73861e-08
3.8973e-16
5.94116e-16
3.14534e-08
-1.96088e-16
4.56958e-16
9.56438e-16
7.30867e-08
3.96862e-16
1.46317e-15
1.02066e-07
8.50552e-17
1.95269e-15
1.02066e-07
-1.90187e-16
2.53095e-15
7.30867e-08
3.3602e-15
3.14534e-08
4.39684e-16
2.71788e-16
3.36367e-08
-2.13716e-16
5.5681e-16
5.30502e-16
7.75291e-08
5.10388e-16
7.41756e-16
1.08511e-07
1.29482e-16
7.0225e-16
1.08511e-07
-1.57544e-16
1.27436e-15
7.75291e-08
1.4286e-15
3.36367e-08
4.22025e-16
4.04535e-17
3.05588e-08
-1.99302e-16
5.77291e-16
9.65217e-17
7.00874e-08
5.55033e-16
4.62893e-17
9.84233e-08
1.43002e-16
-2.23809e-16
9.84233e-08
-9.59034e-17
7.46145e-17
7.00874e-08
3.40717e-18
3.05588e-08
2.20332e-16
1.51602e-08
-1.02119e-16
3.35336e-16
3.50151e-08
3.45371e-16
4.95107e-08
6.33907e-17
4.95107e-08
-1.6914e-17
3.50151e-08
1.51602e-08
-7.91758e-17
1.39335e-15
1.53324e-08
6.25986e-18
-1.14384e-16
9.33453e-16
3.68832e-08
-1.01426e-16
9.36014e-16
5.12559e-08
-7.32939e-17
8.86799e-16
5.12559e-08
-2.57966e-17
6.16075e-16
3.68832e-08
9.49003e-17
1.53324e-08
-1.05256e-16
1.30963e-15
1.88857e-08
1.15658e-17
-1.53574e-16
8.79351e-16
4.50851e-08
-1.3377e-16
9.29607e-16
6.2712e-08
-9.37218e-17
8.93153e-16
6.2712e-08
-3.08661e-17
6.04049e-16
4.50851e-08
9.41451e-17
1.88857e-08
-1.42733e-16
1.09527e-15
2.29799e-08
1.93847e-17
-2.06173e-16
7.4467e-16
5.4389e-08
-1.7732e-16
8.3908e-16
7.5734e-08
-1.19207e-16
8.70477e-16
7.5734e-08
-3.66897e-17
5.74584e-16
5.4389e-08
9.22923e-17
2.29799e-08
-1.92972e-16
8.6243e-16
2.73861e-08
3.11745e-17
-2.7476e-16
5.90884e-16
6.42239e-08
-2.33463e-16
7.46354e-16
8.9543e-08
-1.49581e-16
8.22636e-16
8.9543e-08
-4.2076e-17
5.38221e-16
6.42239e-08
9.30361e-17
2.73861e-08
-2.53991e-16
5.5843e-16
3.14534e-08
4.25746e-17
-3.56203e-16
4.12316e-16
7.30867e-08
-3.02822e-16
5.6678e-16
1.02066e-07
-1.82832e-16
7.093e-16
1.02066e-07
-4.53353e-17
4.54574e-16
7.30867e-08
8.50551e-17
3.14534e-08
-3.13931e-16
2.06233e-16
3.36367e-08
5.75631e-17
-4.38023e-16
1.62185e-16
7.75291e-08
-3.75251e-16
3.31013e-16
1.08511e-07
-2.12081e-16
4.9865e-16
1.08511e-07
-4.37919e-17
3.278e-16
7.75291e-08
7.85423e-17
3.36367e-08
-3.31414e-16
-6.69204e-17
3.05588e-08
6.27661e-17
-4.64681e-16
-2.35147e-17
7.00874e-08
-4.09577e-16
8.60646e-17
9.84233e-08
-2.15977e-16
2.08297e-16
9.84233e-08
-3.48906e-17
1.42942e-16
7.00874e-08
4.56211e-17
3.05588e-08
-1.96363e-16
1.51602e-08
3.5218e-17
-2.81146e-16
3.50151e-08
-2.67389e-16
4.95107e-08
-1.31248e-16
4.95107e-08
-1.71113e-17
3.50151e-08
1.51602e-08
1.00925e-16
-5.91814e-16
1.53324e-08
-3.51858e-17
1.188e-16
-2.40994e-16
3.68832e-08
1.06296e-16
-2.33174e-16
5.12559e-08
9.08345e-17
-3.20936e-16
5.12559e-08
6.2226e-17
-5.6202e-16
3.68832e-08
-6.60849e-16
1.53324e-08
1.27874e-16
-5.63967e-16
1.88857e-08
-4.48166e-17
1.53901e-16
-1.87477e-16
4.50851e-08
1.37301e-16
-2.00556e-16
6.2712e-08
1.16183e-16
-2.95706e-16
6.2712e-08
7.89378e-17
-5.16675e-16
4.50851e-08
-6.06376e-16
1.88857e-08
1.62684e-16
-4.79938e-16
2.29799e-08
-5.63035e-17
1.99266e-16
-1.07036e-16
5.4389e-08
1.77186e-16
-1.4316e-16
7.5734e-08
1.4822e-16
-2.36961e-16
7.5734e-08
9.97842e-17
-4.43068e-16
5.4389e-08
-5.26043e-16
2.29799e-08
2.04723e-16
-3.99644e-16
2.73861e-08
-7.01109e-17
2.55505e-16
-3.03421e-17
6.42239e-08
2.27467e-16
-7.60577e-17
8.9543e-08
1.88018e-16
-1.8385e-16
8.9543e-08
1.24886e-16
-3.61915e-16
6.42239e-08
-4.36802e-16
2.73861e-08
2.51267e-16
-2.47068e-16
3.14534e-08
-8.00945e-17
3.20264e-16
5.41764e-17
7.30867e-08
2.87492e-16
-7.9153e-18
1.02066e-07
2.34752e-16
-1.10109e-16
1.02066e-07
1.5259e-16
-2.54472e-16
7.30867e-08
-3.17606e-16
3.14534e-08
2.90045e-16
-7.77002e-17
3.36367e-08
-8.84869e-17
3.82176e-16
1.49002e-16
7.75291e-08
3.4939e-16
9.2118e-17
1.08511e-07
2.79133e-16
-6.1607e-18
1.08511e-07
1.7564e-16
-1.1441e-16
7.75291e-08
-1.64374e-16
3.36367e-08
2.85793e-16
7.52971e-17
3.05588e-08
-8.08686e-17
3.98208e-16
1.60274e-16
7.00874e-08
3.74352e-16
1.21611e-16
9.84233e-08
2.91182e-16
5.30916e-17
9.84233e-08
1.75063e-16
2.35284e-18
7.00874e-08
-3.06559e-17
3.05588e-08
1.57022e-16
1.51602e-08
-3.69378e-17
2.44351e-16
3.50151e-08
2.37628e-16
4.95107e-08
1.77315e-16
4.95107e-08
1.00383e-16
3.50151e-08
1.51602e-08
-3.72972e-17
9.60979e-16
1.53324e-08
1.82244e-18
-4.657e-17
7.0078e-16
3.68832e-08
-3.29888e-17
6.25582e-16
5.12559e-08
-1.85338e-17
4.81041e-16
5.12559e-08
-1.06591e-17
3.54942e-16
3.68832e-08
1.96212e-16
1.53324e-08
-5.02524e-17
9.08614e-16
1.88857e-08
4.60484e-18
-6.42648e-17
6.50854e-16
4.50851e-08
-4.58667e-17
5.98303e-16
6.2712e-08
-2.62007e-17
4.62219e-16
6.2712e-08
-1.4762e-17
3.45769e-16
4.50851e-08
1.93511e-16
1.88857e-08
-7.01296e-17
7.65571e-16
2.29799e-08
8.44399e-18
-8.92742e-17
5.36725e-16
5.4389e-08
-6.42126e-17
5.02196e-16
7.5734e-08
-3.6939e-17
4.01212e-16
7.5734e-08
-2.02588e-17
3.05403e-16
5.4389e-08
1.74584e-16
2.29799e-08
-9.77769e-17
6.07615e-16
2.73861e-08
1.42604e-17
-1.23432e-16
3.98576e-16
6.42239e-08
-8.97143e-17
3.86995e-16
8.9543e-08
-5.20085e-17
3.21684e-16
8.9543e-08
-2.73962e-17
2.5454e-16
6.42239e-08
1.48027e-16
2.73861e-08
-1.32843e-16
3.83097e-16
3.14534e-08
1.72888e-17
-1.66383e-16
2.36656e-16
7.30867e-08
-1.23674e-16
2.27205e-16
1.02066e-07
-7.26689e-17
2.07903e-16
1.02066e-07
-3.67777e-17
1.82952e-16
7.30867e-08
1.10351e-16
3.14534e-08
-1.68312e-16
1.52899e-16
3.36367e-08
2.41157e-17
-2.12524e-16
5.34487e-17
7.75291e-08
-1.63681e-16
6.29839e-17
1.08511e-07
-9.7887e-17
8.26586e-17
1.08511e-07
-4.73911e-17
1.07696e-16
7.75291e-08
6.87136e-17
3.36367e-08
-1.80827e-16
-3.77191e-17
3.05588e-08
2.63036e-17
-2.34171e-16
-6.27936e-17
7.00874e-08
-1.91781e-16
-3.98171e-17
9.84233e-08
-1.17238e-16
-9.04026e-18
9.84233e-08
-5.42731e-17
2.76885e-17
7.00874e-08
2.69236e-17
3.05588e-08
-1.09143e-16
1.51602e-08
1.26337e-17
-1.49777e-16
3.50151e-08
-1.34595e-16
4.95107e-08
-8.34263e-17
4.95107e-08
-3.61771e-17
3.50151e-08
1.51602e-08
7.32888e-17
-8.91901e-16
1.53324e-08
-1.88072e-17
8.9072e-17
-5.89603e-16
3.68832e-08
7.3737e-17
-5.17618e-16
5.12559e-08
4.98021e-17
-5.03295e-16
5.12559e-08
2.36188e-17
-4.80931e-16
3.68832e-08
-3.56345e-16
1.53324e-08
9.26331e-17
-8.4578e-16
1.88857e-08
-2.4302e-17
1.14787e-16
-5.40953e-16
4.50851e-08
9.42771e-17
-4.85363e-16
6.2712e-08
6.26093e-17
-4.67396e-16
6.2712e-08
2.96127e-17
-4.40355e-16
4.50851e-08
-3.2886e-16
1.88857e-08
1.17855e-16
-7.38274e-16
2.29799e-08
-3.0762e-17
1.47591e-16
-4.59123e-16
5.4389e-08
1.19969e-16
-4.30684e-16
7.5734e-08
7.83182e-17
-4.12581e-16
7.5734e-08
3.69534e-17
-3.8982e-16
5.4389e-08
-2.89236e-16
2.29799e-08
1.48109e-16
-6.21328e-16
2.73861e-08
-3.87411e-17
1.87263e-16
-3.64592e-16
6.42239e-08
1.51205e-16
-3.58503e-16
8.9543e-08
9.69762e-17
-3.52736e-16
8.9543e-08
4.56979e-17
-3.22826e-16
6.42239e-08
-2.39516e-16
2.73861e-08
1.80894e-16
-4.25405e-16
3.14534e-08
-4.24926e-17
2.30648e-16
-2.46993e-16
7.30867e-08
1.86215e-16
-2.48328e-16
1.02066e-07
1.1785e-16
-2.6136e-16
1.02066e-07
5.53089e-17
-2.39385e-16
7.30867e-08
-1.7578e-16
3.14534e-08
2.06022e-16
-2.13389e-16
3.36367e-08
-4.75443e-17
2.67837e-16
-8.92276e-17
7.75291e-08
2.17633e-16
-1.10013e-16
1.08511e-07
1.36924e-16
-1.43379e-16
1.08511e-07
6.3576e-17
-1.32771e-16
7.75291e-08
-9.795e-17
3.36367e-08
1.98083e-16
-5.12123e-18
3.05588e-08
-4.35771e-17
2.66581e-16
2.0978e-17
7.00874e-08
2.22487e-16
-8.45145e-18
9.84233e-08
1.39712e-16
-2.00849e-17
9.84233e-08
6.4258e-17
-3.10845e-17
7.00874e-08
-2.78821e-17
3.05588e-08
1.03356e-16
1.51602e-08
-1.83242e-17
1.5191e-16
3.50151e-08
1.33207e-16
4.95107e-08
8.2629e-17
4.95107e-08
3.8104e-17
3.50151e-08
1.51602e-08
-6.83225e-17
9.94318e-16
1.53324e-08
1.51938e-17
-9.17122e-17
7.01482e-16
3.68832e-08
-8.33512e-17
6.95713e-16
5.12559e-08
-6.79502e-17
6.80512e-16
5.12559e-08
-4.1586e-17
6.77411e-16
3.68832e-08
5.56595e-16
1.53324e-08
-8.8329e-17
9.45065e-16
1.88857e-08
2.1051e-17
-1.20984e-16
6.37e-16
4.50851e-08
-1.09114e-16
6.45983e-16
6.2712e-08
-8.73461e-17
6.38735e-16
6.2712e-08
-5.27971e-17
6.29383e-16
4.50851e-08
5.18384e-16
1.88857e-08
-1.15943e-16
8.05591e-16
2.29799e-08
2.8312e-17
-1.59787e-16
5.07704e-16
5.4389e-08
-1.42659e-16
5.3601e-16
7.5734e-08
-1.11685e-16
5.45107e-16
7.5734e-08
-6.64047e-17
5.39822e-16
5.4389e-08
4.50042e-16
2.29799e-08
-1.51155e-16
6.58973e-16
2.73861e-08
3.78327e-17
-2.08863e-16
3.66885e-16
6.42239e-08
-1.851e-16
4.10574e-16
8.9543e-08
-1.41375e-16
4.3716e-16
8.9543e-08
-8.23733e-17
4.35431e-16
6.42239e-08
3.69796e-16
2.73861e-08
-1.91924e-16
4.23103e-16
3.14534e-08
4.36637e-17
-2.65347e-16
2.10009e-16
7.30867e-08
-2.34834e-16
2.44616e-16
1.02066e-07
-1.75525e-16
2.7923e-16
1.02066e-07
-9.9488e-17
2.99201e-16
7.30867e-08
2.63672e-16
3.14534e-08
-2.2763e-16
1.6259e-16
3.36367e-08
5.11325e-17
-3.17939e-16
4.34075e-18
7.75291e-08
-2.83275e-16
3.42913e-17
1.08511e-07
-2.06522e-16
9.54977e-17
1.08511e-07
-1.13494e-16
1.26693e-16
7.75291e-08
1.32856e-16
3.36367e-08
-2.28246e-16
-6.89773e-17
3.05588e-08
4.84249e-17
-3.26023e-16
-1.20581e-16
7.00874e-08
-2.96643e-16
-9.10155e-17
9.84233e-08
-2.10639e-16
-3.61403e-17
9.84233e-08
-1.1179e-16
-5.84432e-18
7.00874e-08
2.14237e-17
3.05588e-08
-1.25434e-16
1.51602e-08
2.09086e-17
-1.89008e-16
3.50151e-08
-1.79255e-16
4.95107e-08
-1.23674e-16
4.95107e-08
-6.33195e-17
3.50151e-08
1.51602e-08
6.93748e-17
-7.39156e-16
1.53324e-08
-2.03435e-17
8.05331e-17
-5.04686e-16
3.68832e-08
6.63751e-17
-4.73782e-16
5.12559e-08
4.78017e-17
-4.54947e-16
5.12559e-08
3.02091e-17
-4.53962e-16
3.68832e-08
-3.58333e-16
1.53324e-08
8.84491e-17
-7.01266e-16
1.88857e-08
-2.64777e-17
1.05184e-16
-4.55085e-16
4.50851e-08
8.64234e-17
-4.39957e-16
6.2712e-08
6.18915e-17
-4.26434e-16
6.2712e-08
3.85811e-17
-4.23258e-16
4.50851e-08
-3.3264e-16
1.88857e-08
1.14035e-16
-6.01534e-16
2.29799e-08
-3.38682e-17
1.37607e-16
-3.66542e-16
5.4389e-08
1.12715e-16
-3.7439e-16
7.5734e-08
7.99926e-17
-3.81672e-16
7.5734e-08
4.90411e-17
-3.7667e-16
5.4389e-08
-2.91936e-16
2.29799e-08
1.45732e-16
-4.97175e-16
2.73861e-08
-4.31763e-17
1.7843e-16
-2.70028e-16
6.42239e-08
1.4619e-16
-2.96982e-16
8.9543e-08
1.03048e-16
-3.11976e-16
8.9543e-08
6.16877e-17
-3.13854e-16
6.42239e-08
-2.40508e-16
2.73861e-08
1.81734e-16
-3.21473e-16
3.14534e-08
-4.86685e-17
2.2572e-16
-1.64241e-16
7.30867e-08
1.87127e-16
-1.89549e-16
1.02066e-07
1.31155e-16
-2.15052e-16
1.02066e-07
7.59549e-17
-2.39978e-16
7.30867e-08
-1.76144e-16
3.14534e-08
2.11813e-16
-1.48176e-16
3.36367e-08
-5.55378e-17
2.70666e-16
-3.58765e-17
7.75291e-08
2.2937e-16
-7.07472e-17
1.08511e-07
1.59137e-16
-1.11029e-16
1.08511e-07
8.90597e-17
-1.38495e-16
7.75291e-08
-1.05055e-16
3.36367e-08
2.09155e-16
1.47673e-17
3.05588e-08
-5.26057e-17
2.80763e-16
4.58767e-17
7.00874e-08
2.47197e-16
1.14708e-17
9.84233e-08
1.70672e-16
-2.16631e-17
9.84233e-08
9.09287e-17
-3.86366e-17
7.00874e-08
-3.82351e-17
3.05588e-08
1.13915e-16
1.51602e-08
-2.41103e-17
1.67751e-16
3.50151e-08
1.57118e-16
4.95107e-08
1.06963e-16
4.95107e-08
5.41346e-17
3.50151e-08
1.51602e-08
-7.58597e-17
1.0951e-15
1.53324e-08
1.58368e-17
-1.014e-16
7.67707e-16
3.68832e-08
-9.03314e-17
7.37567e-16
5.12559e-08
-7.08711e-17
7.07832e-16
5.12559e-08
-4.09019e-17
7.08063e-16
3.68832e-08
5.92441e-16
1.53324e-08
-9.7788e-17
1.03596e-15
1.88857e-08
2.1834e-17
-1.33201e-16
7.02662e-16
4.50851e-08
-1.1753e-16
6.81388e-16
6.2712e-08
-9.05187e-17
6.676e-16
6.2712e-08
-5.19672e-17
6.56603e-16
4.50851e-08
5.49728e-16
1.88857e-08
-1.27762e-16
8.87977e-16
2.29799e-08
2.93715e-17
-1.75112e-16
5.7585e-16
5.4389e-08
-1.5277e-16
5.76092e-16
7.5734e-08
-1.15233e-16
5.72757e-16
7.5734e-08
-6.56499e-17
5.62394e-16
5.4389e-08
4.7779e-16
2.29799e-08
-1.65608e-16
7.31497e-16
2.73861e-08
3.92873e-17
-2.27811e-16
4.31744e-16
6.42239e-08
-1.97305e-16
4.51173e-16
8.9543e-08
-1.45587e-16
4.64742e-16
8.9543e-08
-8.21498e-17
4.59352e-16
6.42239e-08
3.9923e-16
2.73861e-08
-2.09177e-16
4.87287e-16
3.14534e-08
4.57538e-17
-2.8841e-16
2.63041e-16
7.30867e-08
-2.49823e-16
2.81785e-16
1.02066e-07
-1.80817e-16
3.12196e-16
1.02066e-07
-1.00771e-16
3.23421e-16
7.30867e-08
2.89937e-16
3.14534e-08
-2.47625e-16
2.01527e-16
3.36367e-08
5.37066e-17
-3.45191e-16
2.65646e-17
7.75291e-08
-3.01576e-16
5.89087e-17
1.08511e-07
-2.13938e-16
1.07146e-16
1.08511e-07
-1.16854e-16
1.4214e-16
7.75291e-08
1.47061e-16
3.36367e-08
-2.48908e-16
-5.8065e-17
3.05588e-08
5.1135e-17
-3.54003e-16
-1.1016e-16
7.00874e-08
-3.17654e-16
-8.48453e-17
9.84233e-08
-2.22193e-16
-4.51517e-17
9.84233e-08
-1.18653e-16
-9.57044e-18
7.00874e-08
2.22168e-17
3.05588e-08
-1.37404e-16
1.51602e-08
2.26112e-17
-2.07645e-16
3.50151e-08
-1.94951e-16
4.95107e-08
-1.33262e-16
4.95107e-08
-6.98762e-17
3.50151e-08
1.51602e-08
2.89567e-17
-6.38031e-16
1.53324e-08
-4.84787e-18
2.04325e-17
-3.92057e-16
3.68832e-08
5.15565e-18
-2.93236e-16
5.12559e-08
-3.70554e-18
-2.1106e-16
5.12559e-08
-2.16948e-18
-1.32786e-16
3.68832e-08
-5.66229e-17
1.53324e-08
3.80727e-17
-6.07808e-16
1.88857e-08
-7.0019e-18
2.89462e-17
-3.64363e-16
4.50851e-08
9.15947e-18
-2.86644e-16
6.2712e-08
-2.55138e-18
-2.03782e-16
6.2712e-08
-1.79259e-18
-1.32265e-16
4.50851e-08
-5.8503e-17
1.88857e-08
5.15138e-17
-5.23916e-16
2.29799e-08
-9.70728e-18
4.14434e-17
-3.05177e-16
5.4389e-08
1.5649e-17
-2.49441e-16
7.5734e-08
2.17963e-20
-1.87105e-16
7.5734e-08
-9.74527e-19
-1.2758e-16
5.4389e-08
-5.60815e-17
2.29799e-08
6.96404e-17
-4.31213e-16
2.73861e-08
-1.3497e-17
5.91843e-17
-2.33598e-16
6.42239e-08
2.56923e-17
-2.01879e-16
8.9543e-08
4.88419e-18
-1.57852e-16
8.9543e-08
5.11036e-19
-1.07784e-16
6.42239e-08
-4.9733e-17
2.73861e-08
9.20703e-17
-2.76729e-16
3.14534e-08
-1.40045e-17
8.23803e-17
-1.40496e-16
7.30867e-08
4.1087e-17
-1.36713e-16
1.02066e-07
1.32801e-17
-1.13302e-16
1.02066e-07
3.33405e-18
-8.6011e-17
7.30867e-08
-3.99901e-17
3.14534e-08
1.127e-16
-1.51779e-16
3.36367e-08
-1.7746e-17
1.08314e-16
-6.43402e-17
7.75291e-08
6.27202e-17
-7.80445e-17
1.08511e-07
2.65277e-17
-7.73707e-17
1.08511e-07
7.84649e-18
-6.52312e-17
7.75291e-08
-3.44329e-17
3.36367e-08
1.16401e-16
-1.70845e-17
3.05588e-08
-1.86684e-17
1.23831e-16
-8.85635e-18
7.00874e-08
8.30551e-17
-2.62357e-17
9.84233e-08
4.17902e-17
-3.80401e-17
9.84233e-08
1.36648e-17
-4.10939e-17
7.00874e-08
-2.34037e-17
3.05588e-08
6.56884e-17
1.51602e-08
-8.56602e-18
8.41048e-17
3.50151e-08
6.59044e-17
4.95107e-08
3.78582e-17
4.95107e-08
1.23173e-17
3.50151e-08
1.51602e-08
-1.02599e-16
1.46207e-15
1.53324e-08
1.90074e-17
-1.53008e-16
1.05762e-15
3.68832e-08
-1.46879e-16
1.03806e-15
5.12559e-08
-1.14185e-16
9.77296e-16
5.12559e-08
-5.83017e-17
9.22741e-16
3.68832e-08
6.74407e-16
1.53324e-08
-1.30047e-16
1.37909e-15
1.88857e-08
2.56872e-17
-1.96963e-16
9.83386e-16
4.50851e-08
-1.87471e-16
9.72852e-16
6.2712e-08
-1.44091e-16
9.16625e-16
6.2712e-08
-7.32278e-17
8.61832e-16
4.50851e-08
6.23566e-16
1.88857e-08
-1.66236e-16
1.18953e-15
2.29799e-08
3.41017e-17
-2.5239e-16
8.23043e-16
5.4389e-08
-2.3828e-16
8.25317e-16
7.5734e-08
-1.80295e-16
8.05497e-16
7.5734e-08
-9.1383e-17
7.5162e-16
5.4389e-08
5.45997e-16
2.29799e-08
-2.1012e-16
9.779e-16
2.73861e-08
4.47936e-17
-3.18565e-16
6.52642e-16
6.42239e-08
-2.98519e-16
6.66759e-16
8.9543e-08
-2.22595e-16
6.63677e-16
8.9543e-08
-1.12372e-16
6.2398e-16
6.42239e-08
4.59252e-16
2.73861e-08
-2.57235e-16
6.7523e-16
3.14534e-08
5.18195e-17
-3.88642e-16
4.35141e-16
7.30867e-08
-3.63742e-16
4.40691e-16
1.02066e-07
-2.67094e-16
4.70086e-16
1.02066e-07
-1.34442e-16
4.48831e-16
7.30867e-08
3.37683e-16
3.14534e-08
-2.94088e-16
2.91999e-16
3.36367e-08
5.77191e-17
-4.43875e-16
1.33236e-16
7.75291e-08
-4.171e-16
1.41266e-16
1.08511e-07
-3.01341e-16
2.04151e-16
1.08511e-07
-1.50905e-16
2.16967e-16
7.75291e-08
1.84493e-16
3.36367e-08
-2.83995e-16
-4.44103e-17
3.05588e-08
4.97814e-17
-4.29508e-16
-7.84859e-17
7.00874e-08
-4.11153e-16
-6.29428e-17
9.84233e-08
-2.92239e-16
-1.20095e-17
9.84233e-08
-1.46647e-16
2.24375e-17
7.00874e-08
4.5167e-17
3.05588e-08
-1.48366e-16
1.51602e-08
1.75467e-17
-2.2937e-16
3.50151e-08
-2.28547e-16
4.95107e-08
-1.57637e-16
4.95107e-08
-8.11939e-17
3.50151e-08
1.51602e-08
1.17205e-16
1.4412e-15
1.53324e-08
-8.39408e-17
8.03311e-17
1.27588e-15
3.68832e-08
5.97773e-17
1.07532e-15
5.12559e-08
4.09488e-17
7.75063e-16
5.12559e-08
1.91452e-17
4.93026e-16
3.68832e-08
2.32533e-16
1.53324e-08
1.45995e-16
1.27002e-15
1.88857e-08
-1.04081e-16
1.02337e-16
1.16952e-15
4.50851e-08
7.9083e-17
1.08127e-15
6.2712e-08
5.48731e-17
7.71219e-16
6.2712e-08
2.54676e-17
4.74037e-16
4.50851e-08
2.20885e-16
1.88857e-08
1.8031e-16
1.08978e-15
2.29799e-08
-1.27123e-16
1.32469e-16
1.10127e-15
5.4389e-08
1.05426e-16
1.00598e-15
7.5734e-08
7.41965e-17
7.11414e-16
7.5734e-08
3.42079e-17
4.09789e-16
5.4389e-08
1.83895e-16
2.29799e-08
2.21507e-16
8.75602e-16
2.73861e-08
-1.52262e-16
1.71431e-16
9.45847e-16
6.42239e-08
1.41896e-16
9.0938e-16
8.9543e-08
1.00956e-16
6.34053e-16
8.9543e-08
4.63814e-17
3.34615e-16
6.42239e-08
1.40406e-16
2.73861e-08
2.64438e-16
6.20703e-16
3.14534e-08
-1.72608e-16
2.21962e-16
7.82675e-16
7.30867e-08
1.9076e-16
7.40478e-16
1.02066e-07
1.36121e-16
5.00144e-16
1.02066e-07
6.18127e-17
2.41184e-16
7.30867e-08
9.43521e-17
3.14534e-08
2.9568e-16
2.88848e-16
3.36367e-08
-1.8596e-16
2.78092e-16
5.03874e-16
7.75291e-08
2.49672e-16
4.54748e-16
1.08511e-07
1.77806e-16
2.98048e-16
1.08511e-07
7.87546e-17
1.14903e-16
7.75291e-08
2.97168e-17
3.36367e-08
2.82013e-16
5.47346e-17
3.05588e-08
-1.70767e-16
3.10547e-16
1.78107e-16
7.00874e-08
2.92554e-16
1.60321e-16
9.84233e-08
2.05729e-16
8.94417e-17
9.84233e-08
8.82449e-17
9.91477e-18
7.00874e-08
-1.51358e-17
3.05588e-08
1.46001e-16
1.51602e-08
-8.58529e-17
2.11347e-16
3.50151e-08
2.05265e-16
4.95107e-08
1.42737e-16
4.95107e-08
5.81982e-17
3.50151e-08
1.51602e-08
-5.1756e-18
-3.25015e-17
1.53324e-08
2.75388e-17
6.52203e-17
4.92485e-16
3.68832e-08
9.83639e-17
4.68801e-16
5.12559e-08
1.01695e-16
2.99227e-16
5.12559e-08
6.90331e-17
-6.32971e-17
3.68832e-08
-2.6175e-16
1.53324e-08
-6.80245e-18
1.30136e-17
1.88857e-08
3.62511e-17
8.40879e-17
4.97875e-16
4.50851e-08
1.25442e-16
4.84354e-16
6.2712e-08
1.28159e-16
3.15967e-16
6.2712e-08
8.59583e-17
-3.67015e-17
4.50851e-08
-2.22095e-16
1.88857e-08
-9.26852e-18
6.54391e-17
2.29799e-08
4.66395e-17
1.0638e-16
4.8544e-16
5.4389e-08
1.5896e-16
4.90712e-16
7.5734e-08
1.59743e-16
3.12728e-16
7.5734e-08
1.06454e-16
-1.00825e-18
5.4389e-08
-1.87681e-16
2.29799e-08
-1.39569e-17
1.12864e-16
2.73861e-08
5.85515e-17
1.30695e-16
4.35872e-16
6.42239e-08
1.97634e-16
4.62913e-16
8.9543e-08
1.95906e-16
2.9425e-16
8.9543e-08
1.29634e-16
2.35051e-17
6.42239e-08
-1.47903e-16
2.73861e-08
-2.2071e-17
1.12579e-16
3.14534e-08
6.74365e-17
1.52737e-16
3.53155e-16
7.30867e-08
2.36741e-16
3.98226e-16
1.02066e-07
2.31483e-16
2.44622e-16
1.02066e-07
1.52716e-16
4.49295e-17
7.30867e-08
-1.04106e-16
3.14534e-08
-2.94539e-17
1.67159e-16
3.36367e-08
7.84567e-17
1.6331e-16
2.63851e-16
7.75291e-08
2.62579e-16
3.16472e-16
1.08511e-07
2.53564e-16
2.07857e-16
1.08511e-07
1.67419e-16
7.60075e-17
7.75291e-08
-5.28531e-17
3.36367e-08
-3.05171e-17
1.18133e-16
3.05588e-08
8.08925e-17
1.41657e-16
1.39887e-16
7.00874e-08
2.42877e-16
1.83262e-16
9.84233e-08
2.31767e-16
1.21746e-16
9.84233e-08
1.55065e-16
6.21372e-17
7.00874e-08
-8.46855e-18
3.05588e-08
-1.19781e-17
1.51602e-08
4.7605e-17
5.81659e-17
3.50151e-08
1.16719e-16
4.95107e-08
1.07911e-16
4.95107e-08
7.86957e-17
3.50151e-08
1.51602e-08
6.54803e-17
1.68529e-16
1.53324e-08
-3.98935e-17
6.13768e-17
-1.43759e-16
3.68832e-08
6.91193e-17
-1.44386e-16
5.12559e-08
5.95894e-17
-2.72415e-16
5.12559e-08
3.37468e-17
-3.63668e-16
3.68832e-08
-2.87857e-16
1.53324e-08
7.90558e-17
1.27151e-16
1.88857e-08
-4.96808e-17
7.26699e-17
-1.41989e-16
4.50851e-08
8.30702e-17
-1.54706e-16
6.2712e-08
7.15374e-17
-2.66034e-16
6.2712e-08
4.05718e-17
-3.39472e-16
4.50851e-08
-2.64081e-16
1.88857e-08
9.32025e-17
6.21808e-17
2.29799e-08
-6.05547e-17
8.4243e-17
-1.33929e-16
5.4389e-08
9.73464e-17
-1.52227e-16
7.5734e-08
8.39234e-17
-2.40822e-16
7.5734e-08
4.78797e-17
-2.90362e-16
5.4389e-08
-2.23799e-16
2.29799e-08
1.06774e-16
-3.28141e-18
2.73861e-08
-7.24341e-17
9.40005e-17
-1.23369e-16
6.42239e-08
1.09605e-16
-1.58563e-16
8.9543e-08
9.49012e-17
-2.12677e-16
8.9543e-08
5.44552e-17
-2.41205e-16
6.42239e-08
-1.82499e-16
2.73861e-08
1.16901e-16
-4.37214e-17
3.14534e-08
-7.95771e-17
9.74907e-17
-1.02305e-16
7.30867e-08
1.14624e-16
-1.5081e-16
1.02066e-07
1.00285e-16
-1.69878e-16
1.02066e-07
5.86287e-17
-1.72054e-16
7.30867e-08
-1.24718e-16
3.14534e-08
1.13848e-16
-1.08718e-16
3.36367e-08
-8.64511e-17
8.90339e-17
-6.31797e-17
7.75291e-08
1.04937e-16
-1.05425e-16
1.08511e-07
9.36411e-17
-1.0071e-16
1.08511e-07
5.64548e-17
-8.73953e-17
7.75291e-08
-5.94568e-17
3.36367e-08
8.53457e-17
-6.39619e-17
3.05588e-08
-8.15104e-17
6.19046e-17
-1.31192e-17
7.00874e-08
6.8972e-17
-4.51273e-17
9.84233e-08
6.70185e-17
-3.25677e-17
9.84233e-08
4.38619e-17
-1.47274e-17
7.00874e-08
-5.31793e-18
3.05588e-08
2.04392e-17
1.51602e-08
-4.23291e-17
1.69015e-17
3.50151e-08
1.14016e-17
4.95107e-08
1.61952e-17
4.95107e-08
1.61596e-17
3.50151e-08
1.51602e-08
-7.37822e-17
-5.94308e-16
1.53324e-08
4.86133e-17
-5.48447e-17
-4.29583e-16
3.68832e-08
-3.44658e-17
-4.29877e-16
5.12559e-08
-1.09813e-17
-4.06565e-16
5.12559e-08
7.17734e-18
-4.40394e-16
3.68832e-08
-4.23184e-16
1.53324e-08
-9.32852e-17
-5.15379e-16
1.88857e-08
6.15826e-17
-7.14873e-17
-4.00486e-16
4.50851e-08
-4.82667e-17
-3.91582e-16
6.2712e-08
-1.85701e-17
-3.68137e-16
6.2712e-08
7.02845e-18
-3.77804e-16
4.50851e-08
-3.75164e-16
1.88857e-08
-1.17201e-16
-4.12689e-16
2.29799e-08
7.6325e-17
-9.35746e-17
-3.54072e-16
5.4389e-08
-6.74998e-17
-3.32001e-16
7.5734e-08
-3.03642e-17
-2.94047e-16
7.5734e-08
5.56877e-18
-2.82087e-16
5.4389e-08
-3.02062e-16
2.29799e-08
-1.45497e-16
-2.95473e-16
2.73861e-08
9.24964e-17
-1.22053e-16
-2.99163e-16
6.42239e-08
-9.33839e-17
-2.60691e-16
8.9543e-08
-4.71758e-17
-2.18791e-16
8.9543e-08
2.35411e-18
-1.90738e-16
6.42239e-08
-2.2648e-16
2.73861e-08
-1.75857e-16
-2.03094e-16
3.14534e-08
1.03501e-16
-1.55675e-16
-2.26229e-16
7.30867e-08
-1.26037e-16
-1.70211e-16
1.02066e-07
-6.95539e-17
-1.17117e-16
1.02066e-07
-2.8256e-18
-9.24419e-17
7.30867e-08
-1.45161e-16
3.14534e-08
-1.95774e-16
-3.21825e-17
3.36367e-08
1.13581e-16
-1.87637e-16
-1.11553e-16
7.75291e-08
-1.60008e-16
-4.23235e-17
1.08511e-07
-9.52738e-17
2.85911e-18
1.08511e-07
-1.08618e-17
3.81048e-17
7.75291e-08
-3.64004e-17
3.36367e-08
-1.81802e-16
2.92493e-17
3.05588e-08
1.07602e-16
-1.9362e-16
-5.08675e-19
7.00874e-08
-1.73749e-16
5.47369e-17
9.84233e-08
-1.10109e-16
8.19004e-17
9.84233e-08
-1.86267e-17
9.51287e-17
7.00874e-08
3.33581e-17
3.05588e-08
-8.51763e-17
1.51602e-08
5.56596e-17
-1.1408e-16
3.50151e-08
-1.05903e-16
4.95107e-08
-7.17194e-17
4.95107e-08
-1.66057e-17
3.50151e-08
1.51602e-08
2.12229e-17
1.74197e-16
1.53324e-08
-2.47728e-17
-2.06813e-17
-2.97194e-16
3.68832e-08
-3.09376e-17
-2.83468e-16
5.12559e-08
-3.19545e-17
-2.95204e-16
5.12559e-08
-2.18328e-17
-1.84082e-16
3.68832e-08
-6.17694e-17
1.53324e-08
2.56333e-17
1.39707e-16
1.88857e-08
-3.12784e-17
-2.81462e-17
-2.80992e-16
4.50851e-08
-4.08919e-17
-2.8484e-16
6.2712e-08
-4.17466e-17
-2.9235e-16
6.2712e-08
-2.7765e-17
-1.79461e-16
4.50851e-08
-6.56418e-17
1.88857e-08
3.00194e-17
7.9461e-17
2.29799e-08
-3.84296e-17
-3.72665e-17
-2.58677e-16
5.4389e-08
-5.37563e-17
-2.75408e-16
7.5734e-08
-5.39545e-17
-2.72713e-16
7.5734e-08
-3.51377e-17
-1.64447e-16
5.4389e-08
-5.57314e-17
2.29799e-08
3.45896e-17
2.11456e-17
2.73861e-08
-4.65039e-17
-4.76217e-17
-2.20575e-16
6.42239e-08
-6.91302e-17
-2.53642e-16
8.9543e-08
-6.83602e-17
-2.42606e-16
8.9543e-08
-4.38555e-17
-1.45749e-16
6.42239e-08
-5.24977e-17
2.73861e-08
3.92124e-17
-6.75638e-18
3.14534e-08
-5.03032e-17
-5.68736e-17
-1.63465e-16
7.30867e-08
-8.49615e-17
-2.19686e-16
1.02066e-07
-8.29742e-17
-1.9663e-16
1.02066e-07
-5.28053e-17
-1.19463e-16
7.30867e-08
-3.81968e-17
3.14534e-08
3.88455e-17
-9.05223e-17
3.36367e-08
-5.70282e-17
-6.11116e-17
-1.04946e-16
7.75291e-08
-9.50727e-17
-1.52463e-16
1.08511e-07
-9.25948e-17
-1.24845e-16
1.08511e-07
-5.93735e-17
-7.00974e-17
7.75291e-08
-1.45095e-17
3.36367e-08
2.85323e-17
-6.94885e-17
3.05588e-08
-5.78528e-17
-4.93972e-17
-3.92869e-17
7.00874e-08
-8.55789e-17
-7.90441e-17
9.84233e-08
-8.37753e-17
-5.30469e-17
9.84233e-08
-5.64924e-17
-2.06773e-17
7.00874e-08
4.06873e-18
3.05588e-08
3.18528e-18
1.51602e-08
-3.28591e-17
-1.38028e-17
3.50151e-08
-3.82821e-17
4.95107e-08
-3.76175e-17
4.95107e-08
-2.92424e-17
3.50151e-08
1.51602e-08
-7.36118e-17
-2.48827e-16
1.53324e-08
4.74242e-17
-6.23459e-17
1.943e-17
3.68832e-08
-5.98194e-17
1.26984e-16
5.12559e-08
-5.34343e-17
3.28069e-16
5.12559e-08
-4.12198e-17
5.29817e-16
3.68832e-08
5.66151e-16
1.53324e-08
-9.0367e-17
-1.91161e-16
1.88857e-08
5.97462e-17
-7.53373e-17
2.33258e-17
4.50851e-08
-7.25416e-17
1.23786e-16
6.2712e-08
-6.48777e-17
3.14218e-16
6.2712e-08
-5.06799e-17
4.95889e-16
4.50851e-08
5.2646e-16
1.88857e-08
-1.09411e-16
-1.22852e-16
2.29799e-08
7.36208e-17
-9.01205e-17
1.70082e-17
5.4389e-08
-8.64825e-17
1.09804e-16
7.5734e-08
-7.73419e-17
2.74772e-16
7.5734e-08
-6.12545e-17
4.23526e-16
5.4389e-08
4.50916e-16
2.29799e-08
-1.29923e-16
-4.69524e-17
2.73861e-08
8.86978e-17
-1.05709e-16
6.69309e-18
6.42239e-08
-1.00952e-16
9.17289e-17
8.9543e-08
-8.99091e-17
2.33843e-16
8.9543e-08
-7.23137e-17
3.40602e-16
6.42239e-08
3.68909e-16
2.73861e-08
-1.49185e-16
-1.02364e-17
3.14534e-08
9.80649e-17
-1.19471e-16
-5.44395e-18
7.30867e-08
-1.1296e-16
7.01015e-17
1.02066e-07
-1.00947e-16
1.69194e-16
1.02066e-07
-8.22411e-17
2.41649e-16
7.30867e-08
2.60515e-16
3.14534e-08
-1.55724e-16
5.80983e-17
3.36367e-08
1.06413e-16
-1.24565e-16
-2.73016e-17
7.75291e-08
-1.17484e-16
1.46722e-17
1.08511e-07
-1.04426e-16
7.074e-17
1.08511e-07
-8.69827e-17
1.11588e-16
7.75291e-08
1.28901e-16
3.36367e-08
-1.32095e-16
3.02687e-17
3.05588e-08
9.91364e-17
-1.10799e-16
-3.46116e-17
7.00874e-08
-1.03233e-16
-1.35775e-17
9.84233e-08
-9.1898e-17
-4.41158e-18
9.84233e-08
-7.84694e-17
6.7241e-18
7.00874e-08
1.75263e-17
3.05588e-08
-5.02683e-17
1.51602e-08
4.94254e-17
-5.5148e-17
3.50151e-08
-4.85159e-17
4.95107e-08
-4.26851e-17
4.95107e-08
-3.90563e-17
3.50151e-08
1.51602e-08
2.67949e-17
3.53753e-16
1.53324e-08
-3.03084e-17
-1.4725e-17
-8.69789e-17
3.68832e-08
-2.78439e-17
-1.13419e-16
5.12559e-08
-2.6905e-17
-1.30233e-16
5.12559e-08
-9.87835e-18
-4.72408e-17
3.68832e-08
-5.74041e-17
1.53324e-08
3.30962e-17
3.03949e-16
1.88857e-08
-3.81969e-17
-1.90072e-17
-9.06343e-17
4.50851e-08
-3.37617e-17
-1.29303e-16
6.2712e-08
-3.17297e-17
-1.37663e-16
6.2712e-08
-1.10665e-17
-6.45291e-17
4.50851e-08
-6.54615e-17
1.88857e-08
4.01065e-17
2.26019e-16
2.29799e-08
-4.70007e-17
-2.36031e-17
-9.51504e-17
5.4389e-08
-4.03869e-17
-1.38338e-16
7.5734e-08
-3.6502e-17
-1.3853e-16
7.5734e-08
-1.21031e-17
-7.43694e-17
5.4389e-08
-6.44831e-17
2.29799e-08
4.81675e-17
1.48911e-16
2.73861e-08
-5.69135e-17
-2.76609e-17
-9.0001e-17
6.42239e-08
-4.66419e-17
-1.31814e-16
8.9543e-08
-4.03396e-17
-1.27342e-16
8.9543e-08
-1.2571e-17
-7.77296e-17
6.42239e-08
-6.09858e-17
2.73861e-08
5.65673e-17
8.74341e-17
3.14534e-08
-6.2536e-17
-2.97684e-17
-6.98284e-17
7.30867e-08
-5.12181e-17
-1.23041e-16
1.02066e-07
-4.17242e-17
-1.11868e-16
1.02066e-07
-1.15725e-17
-7.95737e-17
7.30867e-08
-5.26952e-17
3.14534e-08
5.92316e-17
-4.40995e-17
3.36367e-08
-7.02956e-17
-2.84918e-17
-6.84273e-17
7.75291e-08
-5.11746e-17
-1.09149e-16
1.08511e-07
-3.80392e-17
-9.83374e-17
1.08511e-07
-8.24247e-18
-7.13676e-17
7.75291e-08
-3.87323e-17
3.36367e-08
4.82906e-17
-7.27783e-17
3.05588e-08
-6.96684e-17
-1.89742e-17
-5.75188e-17
7.00874e-08
-4.21379e-17
-8.86507e-17
9.84233e-08
-2.64106e-17
-6.11397e-17
9.84233e-08
-2.15383e-18
-4.81704e-17
7.00874e-08
-2.18737e-17
3.05588e-08
1.31872e-17
1.51602e-08
-3.82256e-17
-2.03426e-18
3.50151e-08
-1.72944e-17
4.95107e-08
-5.30704e-18
4.95107e-08
2.70009e-18
3.50151e-08
1.51602e-08
-9.29616e-17
-3.42672e-16
1.53324e-08
5.31164e-17
-8.84024e-17
-2.04886e-16
3.68832e-08
-7.79845e-17
-2.51481e-16
5.12559e-08
-4.69907e-17
-2.09763e-16
5.12559e-08
-4.93772e-18
-2.17998e-16
3.68832e-08
-2.2992e-16
1.53324e-08
-1.15155e-16
-2.81934e-16
1.88857e-08
6.67928e-17
-1.09791e-16
-2.06143e-16
4.50851e-08
-9.73016e-17
-2.42933e-16
6.2712e-08
-5.81468e-17
-2.07342e-16
6.2712e-08
-5.95205e-18
-2.0816e-16
4.50851e-08
-2.09802e-16
1.88857e-08
-1.40967e-16
-2.02986e-16
2.29799e-08
8.22932e-17
-1.35404e-16
-1.98782e-16
5.4389e-08
-1.20157e-16
-2.26141e-16
7.5734e-08
-7.14723e-17
-1.86706e-16
7.5734e-08
-7.51157e-18
-1.81231e-16
5.4389e-08
-1.72825e-16
2.29799e-08
-1.69515e-16
-1.15046e-16
2.73861e-08
9.93514e-17
-1.64324e-16
-1.79751e-16
6.42239e-08
-1.45732e-16
-1.9009e-16
8.9543e-08
-8.64447e-17
-1.62655e-16
8.9543e-08
-9.79883e-18
-1.40445e-16
6.42239e-08
-1.32681e-16
2.73861e-08
-1.97286e-16
-5.91542e-17
3.14534e-08
1.10898e-16
-1.93071e-16
-1.53726e-16
7.30867e-08
-1.71355e-16
-1.49155e-16
1.02066e-07
-1.01415e-16
-1.19211e-16
1.02066e-07
-1.25139e-17
-9.94527e-17
7.30867e-08
-8.8232e-17
3.14534e-08
-2.11054e-16
2.65363e-17
3.36367e-08
1.20979e-16
-2.12659e-16
-1.25644e-16
7.75291e-08
-1.88511e-16
-1.05764e-16
1.08511e-07
-1.11829e-16
-7.20841e-17
1.08511e-07
-1.57326e-17
-4.63879e-17
7.75291e-08
-3.40827e-17
3.36367e-08
-1.86428e-16
1.97579e-17
3.05588e-08
1.12978e-16
-2.00749e-16
-7.35741e-17
7.00874e-08
-1.76441e-16
-5.37318e-17
9.84233e-08
-1.06144e-16
-2.72064e-17
9.84233e-08
-1.74705e-17
-6.02395e-18
7.00874e-08
4.34567e-20
3.05588e-08
-8.04438e-17
1.51602e-08
5.68215e-17
-1.06788e-16
3.50151e-08
-9.06899e-17
4.95107e-08
-5.58435e-17
4.95107e-08
-1.28998e-17
3.50151e-08
1.51602e-08
1.33193e-17
4.232e-16
1.53324e-08
-2.39759e-17
-3.07637e-17
1.65461e-17
3.68832e-08
-4.55895e-17
-2.51896e-19
5.12559e-08
-4.49912e-17
-2.58858e-17
5.12559e-08
-2.36675e-17
8.7918e-17
3.68832e-08
2.16223e-16
1.53324e-08
1.69728e-17
3.68393e-16
1.88857e-08
-3.04655e-17
-3.87929e-17
-9.61089e-18
4.50851e-08
-5.56715e-17
-4.27358e-17
6.2712e-08
-5.43122e-17
-6.8233e-17
6.2712e-08
-2.91494e-17
4.07582e-17
4.50851e-08
1.8514e-16
1.88857e-08
2.13746e-17
2.82253e-16
2.29799e-08
-3.77163e-17
-4.73912e-17
-3.82423e-17
5.4389e-08
-6.71536e-17
-8.72364e-17
7.5734e-08
-6.44344e-17
-1.1091e-16
7.5734e-08
-3.5779e-17
-6.45984e-18
5.4389e-08
1.48777e-16
2.29799e-08
2.73091e-17
1.96056e-16
2.73861e-08
-4.58072e-17
-5.5319e-17
-4.88413e-17
6.42239e-08
-7.8514e-17
-1.1559e-16
8.9543e-08
-7.48527e-17
-1.39367e-16
8.9543e-08
-4.39266e-17
-3.6626e-17
6.42239e-08
1.16331e-16
2.73861e-08
3.48564e-17
1.2947e-16
3.14534e-08
-4.98441e-17
-6.01788e-17
-6.38639e-17
7.30867e-08
-8.73338e-17
-1.40916e-16
1.02066e-07
-8.33639e-17
-1.51649e-16
1.02066e-07
-5.27244e-17
-7.36723e-17
7.30867e-08
7.96719e-17
3.14534e-08
3.86618e-17
-3.6571e-17
3.36367e-08
-5.66379e-17
-5.8122e-17
-1.18095e-16
7.75291e-08
-8.79472e-17
-1.85993e-16
1.08511e-07
-8.47389e-17
-1.84657e-16
1.08511e-07
-5.93519e-17
-1.21671e-16
7.75291e-08
1.3365e-17
3.36367e-08
3.35386e-17
-8.96519e-17
3.05588e-08
-5.73405e-17
-4.15277e-17
-1.18944e-16
7.00874e-08
-7.05819e-17
-1.79039e-16
9.84233e-08
-7.02201e-17
-1.56423e-16
9.84233e-08
-5.7281e-17
-1.14583e-16
7.00874e-08
-2.32904e-17
3.05588e-08
9.77023e-18
1.51602e-08
-3.24487e-17
-7.49498e-18
3.50151e-08
-2.63438e-17
4.95107e-08
-2.47847e-17
4.95107e-08
-3.09154e-17
3.50151e-08
1.51602e-08
-1.28236e-16
-2.61602e-16
1.53324e-08
7.68897e-17
-1.20761e-16
2.15754e-16
3.68832e-08
-1.06241e-16
4.44304e-16
5.12559e-08
-7.6977e-17
6.47816e-16
5.12559e-08
-4.17486e-17
7.47371e-16
3.68832e-08
6.38573e-16
1.53324e-08
-1.56809e-16
-1.9458e-16
1.88857e-08
9.6094e-17
-1.46528e-16
1.98058e-16
4.50851e-08
-1.28311e-16
4.2521e-16
6.2712e-08
-9.23158e-17
6.28676e-16
6.2712e-08
-5.09479e-17
7.03643e-16
4.50851e-08
6.00676e-16
1.88857e-08
-1.88763e-16
-1.07207e-16
2.29799e-08
1.18123e-16
-1.75068e-16
1.7374e-16
5.4389e-08
-1.51888e-16
3.82259e-16
7.5734e-08
-1.08421e-16
5.59573e-16
7.5734e-08
-6.13893e-17
6.02667e-16
5.4389e-08
5.19486e-16
2.29799e-08
-2.22111e-16
-1.01776e-17
2.73861e-08
1.42361e-16
-2.03631e-16
1.52675e-16
6.42239e-08
-1.74824e-16
3.34533e-16
8.9543e-08
-1.23843e-16
4.83253e-16
8.9543e-08
-7.22349e-17
4.9503e-16
6.42239e-08
4.36547e-16
2.73861e-08
-2.51758e-16
3.74923e-17
3.14534e-08
1.60956e-16
-2.26328e-16
1.13372e-16
7.30867e-08
-1.9171e-16
2.5461e-16
1.02066e-07
-1.35234e-16
3.67592e-16
1.02066e-07
-8.23894e-17
3.52637e-16
7.30867e-08
3.16292e-16
3.14534e-08
-2.61916e-16
8.76241e-17
3.36367e-08
1.74701e-16
-2.30871e-16
3.53826e-17
7.75291e-08
-1.91213e-16
1.32771e-16
1.08511e-07
-1.35645e-16
1.79049e-16
1.08511e-07
-8.72095e-17
1.54978e-16
7.75291e-08
1.52847e-16
3.36367e-08
-2.23537e-16
3.65868e-17
3.05588e-08
1.61848e-16
-1.9464e-16
-3.14003e-17
7.00874e-08
-1.57423e-16
4.84653e-19
9.84233e-08
-1.13032e-16
1.17608e-17
9.84233e-08
-7.99973e-17
-1.12101e-17
7.00874e-08
1.8346e-17
3.05588e-08
-9.09484e-17
1.51602e-08
8.15485e-17
-8.44404e-17
3.50151e-08
-6.35764e-17
4.95107e-08
-4.76706e-17
4.95107e-08
-4.19852e-17
3.50151e-08
1.51602e-08
3.07019e-17
-1.35505e-15
1.53324e-08
1.75081e-17
1.68502e-16
-2.52642e-15
3.68832e-08
2.01798e-16
-1.0905e-15
5.12559e-08
1.15452e-16
-1.45563e-15
5.12559e-08
8.95757e-17
-1.4295e-15
3.68832e-08
-4.35216e-15
1.53324e-08
4.04482e-17
-1.28247e-15
1.88857e-08
2.03777e-17
2.25111e-16
-2.39147e-15
4.50851e-08
2.66391e-16
-1.09759e-15
6.2712e-08
1.42285e-16
-1.38646e-15
6.2712e-08
1.07751e-16
-1.45241e-15
4.50851e-08
-4.33042e-15
1.88857e-08
5.32744e-17
-1.1202e-15
2.29799e-08
2.39485e-17
3.03507e-16
-2.16443e-15
5.4389e-08
3.49052e-16
-1.03584e-15
7.5734e-08
1.74247e-16
-1.22954e-15
7.5734e-08
1.25302e-16
-1.43269e-15
5.4389e-08
-4.34721e-15
2.29799e-08
6.83248e-17
-9.58014e-16
2.73861e-08
2.6871e-17
4.0515e-16
-2.15082e-15
6.42239e-08
4.53879e-16
-9.35464e-16
8.9543e-08
2.09412e-16
-1.03283e-15
8.9543e-08
1.29938e-16
-1.40322e-15
6.42239e-08
-3.66461e-15
2.73861e-08
7.89133e-17
-7.52216e-16
3.14534e-08
3.17601e-17
5.48506e-16
-1.13224e-15
7.30867e-08
5.74794e-16
-7.91531e-16
1.02066e-07
2.44323e-16
-7.30769e-16
1.02066e-07
1.21273e-16
-1.19082e-15
7.30867e-08
-3.14369e-15
3.14534e-08
9.8714e-17
-3.38464e-16
3.36367e-08
2.96055e-17
6.86758e-16
-9.79339e-17
7.75291e-08
6.8812e-16
-3.19716e-16
1.08511e-07
2.81178e-16
-3.36717e-16
1.08511e-07
6.9624e-17
-8.73217e-16
7.75291e-08
-1.28812e-15
3.36367e-08
1.04098e-16
5.99124e-17
3.05588e-08
2.03826e-17
7.35506e-16
4.52231e-16
7.00874e-08
6.92827e-16
3.78467e-17
9.84233e-08
3.05008e-16
3.8774e-18
9.84233e-08
1.83269e-17
-2.71519e-16
7.00874e-08
3.59554e-17
3.05588e-08
5.7779e-17
1.51602e-08
5.66378e-18
4.57676e-16
3.50151e-08
3.77591e-16
4.95107e-08
2.30492e-16
4.95107e-08
-4.06535e-18
3.50151e-08
1.51602e-08
-6.44691e-17
-7.79716e-16
1.53324e-08
4.50707e-17
-1.26813e-17
-5.88604e-16
3.68832e-08
4.85215e-17
-6.75401e-16
5.12559e-08
5.10846e-17
-4.24852e-17
5.12559e-08
-4.21622e-18
2.6961e-16
3.68832e-08
1.67767e-15
1.53324e-08
-8.00541e-17
-7.07933e-16
1.88857e-08
5.62085e-17
-1.49748e-17
-6.3149e-16
4.50851e-08
6.44164e-17
-6.7459e-16
6.2712e-08
6.8195e-17
-1.09889e-16
6.2712e-08
-5.30203e-18
2.67467e-16
4.50851e-08
1.70973e-15
1.88857e-08
-9.73136e-17
-5.72934e-16
2.29799e-08
6.78542e-17
-1.95391e-17
-5.85127e-16
5.4389e-08
8.43181e-17
-6.73061e-16
7.5734e-08
9.01928e-17
-1.58805e-16
7.5734e-08
-4.87656e-18
2.70881e-16
5.4389e-08
1.76659e-15
2.29799e-08
-1.14962e-16
-4.14253e-16
2.73861e-08
7.88865e-17
-2.80712e-17
-2.63781e-16
6.42239e-08
1.0424e-16
-9.49362e-16
8.9543e-08
1.15923e-16
-2.20676e-16
8.9543e-08
7.61381e-18
2.76833e-16
6.42239e-08
1.12349e-15
2.73861e-08
-1.26439e-16
-2.07012e-16
3.14534e-08
8.26298e-17
-7.23433e-17
-6.40885e-16
7.30867e-08
1.33031e-16
-3.78491e-16
1.02066e-07
1.42668e-16
-2.73188e-16
1.02066e-07
1.42319e-17
1.54666e-16
7.30867e-08
1.31281e-15
3.14534e-08
-1.38854e-16
-4.24881e-17
3.36367e-08
8.32788e-17
-1.06356e-16
-4.09368e-16
7.75291e-08
1.23515e-16
-1.21687e-16
1.08511e-07
1.50658e-16
-1.51043e-16
1.08511e-07
4.167e-17
2.00156e-16
7.75291e-08
5.01476e-16
3.36367e-08
-1.21365e-16
4.01744e-17
3.05588e-08
7.09929e-17
-1.55157e-16
-1.56149e-16
7.00874e-08
7.30735e-17
7.57167e-17
9.84233e-08
1.17752e-16
-2.23124e-17
9.84233e-08
5.92695e-17
5.98581e-17
7.00874e-08
-5.38781e-17
3.05588e-08
-4.90414e-17
1.51602e-08
3.00806e-17
-1.51457e-16
3.50151e-08
-5.26275e-18
4.95107e-08
1.56132e-17
4.95107e-08
3.50188e-17
3.50151e-08
1.51602e-08
1.11502e-16
1.7981e-15
1.53324e-08
-9.0043e-17
6.59293e-17
8.06473e-16
3.68832e-08
2.53278e-17
6.27918e-16
5.12559e-08
-5.79045e-18
-1.44123e-17
5.12559e-08
1.05502e-18
2.39839e-17
3.68832e-08
-4.58183e-16
1.53324e-08
1.37248e-16
1.65172e-15
1.88857e-08
-1.12134e-16
7.73414e-17
7.87269e-16
4.50851e-08
2.50817e-17
5.7879e-16
6.2712e-08
-1.16264e-17
-1.29338e-17
6.2712e-08
-2.05811e-19
-3.33487e-17
4.50851e-08
-5.28788e-16
1.88857e-08
1.65779e-16
1.40024e-15
2.29799e-08
-1.3725e-16
8.93154e-17
7.11887e-16
5.4389e-08
2.13264e-17
5.93418e-16
7.5734e-08
-2.22606e-17
-3.88331e-17
7.5734e-08
-3.84861e-18
-9.82135e-17
5.4389e-08
-6.67534e-16
2.29799e-08
1.96795e-16
1.12015e-15
2.73861e-08
-1.64488e-16
1.03121e-16
6.52535e-16
6.42239e-08
1.1327e-17
8.81332e-16
8.9543e-08
-3.95945e-17
-3.41463e-16
8.9543e-08
-2.15695e-17
-1.68122e-16
6.42239e-08
-1.37916e-16
2.73861e-08
2.25956e-16
7.90982e-16
3.14534e-08
-1.86174e-16
1.30235e-16
6.49939e-16
7.30867e-08
-3.77853e-17
1.90211e-16
1.02066e-07
-5.68854e-17
6.00487e-17
1.02066e-07
-3.39867e-17
-1.2943e-16
7.30867e-08
-6.09289e-16
3.14534e-08
2.40481e-16
3.12553e-16
3.36367e-08
-2.02425e-16
1.31591e-16
2.42284e-16
7.75291e-08
-6.15618e-17
-1.09176e-16
1.08511e-07
-8.62215e-17
-7.84411e-17
1.08511e-07
-6.53234e-17
-2.46991e-16
7.75291e-08
-2.62759e-16
3.36367e-08
2.09945e-16
-1.27613e-17
3.05588e-08
-1.89589e-16
1.316e-16
-4.12382e-17
7.00874e-08
-7.73196e-17
-2.77166e-16
9.84233e-08
-1.00366e-16
-1.50717e-16
9.84233e-08
-9.25173e-17
-1.71453e-16
7.00874e-08
-3.00835e-17
3.05588e-08
8.98202e-17
1.51602e-08
-9.79027e-17
9.13789e-17
3.50151e-08
-5.25898e-17
4.95107e-08
-4.60317e-17
4.95107e-08
-6.38182e-17
3.50151e-08
1.51602e-08
1.01691e-17
1.39485e-15
1.53324e-08
-1.78154e-17
8.32445e-17
1.77189e-15
3.68832e-08
1.0043e-16
2.26839e-15
5.12559e-08
2.52595e-17
3.4122e-15
5.12559e-08
-9.29038e-17
3.74641e-15
3.68832e-08
5.91447e-15
1.53324e-08
9.07029e-18
1.25047e-15
1.88857e-08
-1.84163e-17
1.05369e-16
1.65379e-15
4.50851e-08
1.34908e-16
2.25838e-15
6.2712e-08
4.21455e-17
3.41678e-15
6.2712e-08
-1.13547e-16
3.78804e-15
4.50851e-08
5.82196e-15
1.88857e-08
5.81484e-18
1.06085e-15
2.29799e-08
-1.81246e-17
1.34204e-16
1.47636e-15
5.4389e-08
1.8379e-16
2.12187e-15
7.5734e-08
6.71928e-17
3.33196e-15
7.5734e-08
-1.3682e-16
3.76364e-15
5.4389e-08
5.7546e-15
2.29799e-08
2.65693e-19
8.59714e-16
2.73861e-08
-1.53255e-17
1.70575e-16
1.2742e-15
6.42239e-08
2.52574e-16
1.9775e-15
8.9543e-08
1.04534e-16
3.35908e-15
8.9543e-08
-1.50384e-16
3.58408e-15
6.42239e-08
4.83555e-15
2.73861e-08
-8.04886e-18
6.03151e-16
3.14534e-08
-1.37392e-17
2.12768e-16
9.60678e-16
7.30867e-08
3.55822e-16
1.73931e-15
1.02066e-07
1.49724e-16
2.36322e-15
1.02066e-07
-1.54847e-16
2.93034e-15
7.30867e-08
4.13385e-15
3.14534e-08
-1.92705e-17
2.99942e-16
3.36367e-08
-4.52523e-18
2.54725e-16
5.20183e-16
7.75291e-08
4.46599e-16
9.16108e-16
1.08511e-07
2.06519e-16
9.39015e-16
1.08511e-07
-1.08884e-16
1.42407e-15
7.75291e-08
1.67375e-15
3.36367e-08
-2.77283e-17
-1.04915e-17
3.05588e-08
6.27212e-18
2.50475e-16
6.96474e-17
7.00874e-08
4.61941e-16
9.79119e-17
9.84233e-08
2.04967e-16
-2.0201e-16
9.84233e-08
-4.88057e-17
-1.91994e-17
7.00874e-08
-1.17896e-16
3.05588e-08
-1.69649e-17
1.51602e-08
8.31846e-18
1.26408e-16
3.50151e-08
2.58374e-16
4.95107e-08
7.02986e-17
4.95107e-08
-1.71354e-18
3.50151e-08
1.51602e-08
-4.06668e-17
3.82929e-16
1.53324e-08
6.16547e-18
-6.15266e-17
2.17088e-16
3.68832e-08
-4.85967e-17
5.1389e-16
5.12559e-08
-3.13687e-17
6.69663e-16
5.12559e-08
6.32777e-18
5.08164e-16
3.68832e-08
1.74485e-16
1.53324e-08
-5.36551e-17
3.49707e-16
1.88857e-08
8.71068e-18
-8.40684e-17
1.99589e-16
4.50851e-08
-6.59295e-17
4.77581e-16
6.2712e-08
-4.04263e-17
6.49974e-16
6.2712e-08
8.45975e-18
4.84192e-16
4.50851e-08
1.71159e-16
1.88857e-08
-7.1425e-17
2.79327e-16
2.29799e-08
1.27532e-17
-1.14483e-16
1.60137e-16
5.4389e-08
-9.12403e-17
4.10257e-16
7.5734e-08
-5.25119e-17
6.16654e-16
7.5734e-08
1.02186e-17
4.46745e-16
5.4389e-08
1.65397e-16
2.29799e-08
-9.45079e-17
2.07967e-16
2.73861e-08
1.83461e-17
-1.54994e-16
1.30924e-16
6.42239e-08
-1.27003e-16
3.54564e-16
8.9543e-08
-6.88764e-17
5.8399e-16
8.9543e-08
1.1562e-17
4.16877e-16
6.42239e-08
1.63494e-16
2.73861e-08
-1.21361e-16
1.5627e-16
3.14534e-08
2.90897e-17
-2.05472e-16
9.68838e-17
7.30867e-08
-1.76262e-16
2.69263e-16
1.02066e-07
-9.00861e-17
5.128e-16
1.02066e-07
1.20505e-17
3.51878e-16
7.30867e-08
1.48421e-16
3.14534e-08
-1.50571e-16
9.51054e-18
3.36367e-08
3.55251e-17
-2.59635e-16
2.98898e-18
7.75291e-08
-2.36798e-16
9.93435e-17
1.08511e-07
-1.16153e-16
3.27898e-16
1.08511e-07
1.15085e-17
2.03295e-16
7.75291e-08
8.79491e-17
3.36367e-08
-1.62757e-16
-4.32768e-17
3.05588e-08
3.5987e-17
-2.84118e-16
-7.05572e-17
7.00874e-08
-2.84399e-16
-3.78407e-17
9.84233e-08
-1.37342e-16
8.70058e-17
9.84233e-08
6.34242e-18
4.65039e-17
7.00874e-08
1.97062e-17
3.05588e-08
-1.05089e-16
1.51602e-08
2.25872e-17
-1.78105e-16
3.50151e-08
-2.07382e-16
4.95107e-08
-9.88909e-17
4.95107e-08
-6.12755e-18
3.50151e-08
1.51602e-08
-7.9207e-17
4.87525e-16
1.53324e-08
3.51293e-17
-8.36312e-17
8.16014e-16
3.68832e-08
-8.3887e-17
9.30619e-16
5.12559e-08
-6.67114e-17
1.02613e-15
5.12559e-08
-3.02747e-17
9.49494e-16
3.68832e-08
7.24028e-16
1.53324e-08
-9.71926e-17
4.84321e-16
1.88857e-08
4.4381e-17
-1.04797e-16
7.29988e-16
4.50851e-08
-1.05757e-16
8.27277e-16
6.2712e-08
-8.23092e-17
9.08692e-16
6.2712e-08
-3.78091e-17
8.45957e-16
4.50851e-08
6.51943e-16
1.88857e-08
-1.17423e-16
4.62309e-16
2.29799e-08
5.49076e-17
-1.305e-16
5.88432e-16
5.4389e-08
-1.32141e-16
6.58172e-16
7.5734e-08
-1.00699e-16
7.33979e-16
7.5734e-08
-4.71675e-17
6.78923e-16
5.4389e-08
5.49357e-16
2.29799e-08
-1.38629e-16
4.3691e-16
2.73861e-08
6.65641e-17
-1.59037e-16
4.54497e-16
6.42239e-08
-1.62286e-16
4.92294e-16
8.9543e-08
-1.21663e-16
5.51939e-16
8.9543e-08
-5.86723e-17
5.16851e-16
6.42239e-08
4.42272e-16
2.73861e-08
-1.5664e-16
3.50582e-16
3.14534e-08
7.34075e-17
-1.85886e-16
2.77252e-16
7.30867e-08
-1.92055e-16
2.96682e-16
1.02066e-07
-1.42316e-16
3.27789e-16
1.02066e-07
-7.18105e-17
3.10535e-16
7.30867e-08
2.9674e-16
3.14534e-08
-1.60586e-16
2.16272e-16
3.36367e-08
7.88176e-17
-1.99145e-16
1.38121e-17
7.75291e-08
-2.0888e-16
-9.58886e-18
1.08511e-07
-1.54535e-16
8.75329e-18
1.08511e-07
-8.16575e-17
3.20598e-17
7.75291e-08
9.35464e-17
3.36367e-08
-1.29906e-16
2.43482e-17
3.05588e-08
7.07662e-17
-1.7514e-16
-1.45029e-16
7.00874e-08
-1.8626e-16
-1.93838e-16
9.84233e-08
-1.39385e-16
-1.9332e-16
9.84233e-08
-8.15141e-17
-1.46351e-16
7.00874e-08
-4.44403e-17
3.05588e-08
-4.28778e-17
1.51602e-08
3.24378e-17
-7.85252e-17
3.50151e-08
-8.1355e-17
4.95107e-08
-6.10286e-17
4.95107e-08
-4.53141e-17
3.50151e-08
1.51602e-08
-1.21076e-17
6.536e-16
1.53324e-08
-7.02923e-18
-3.69999e-17
4.95002e-16
3.68832e-08
-3.64913e-17
5.87928e-16
5.12559e-08
-2.14648e-17
5.01768e-16
5.12559e-08
6.75534e-18
3.48792e-16
3.68832e-08
1.67161e-16
1.53324e-08
-1.359e-17
6.21342e-16
1.88857e-08
-9.11162e-18
-4.54115e-17
4.92371e-16
4.50851e-08
-4.43509e-17
5.57336e-16
6.2712e-08
-2.53989e-17
4.69625e-16
6.2712e-08
8.50923e-18
3.29349e-16
4.50851e-08
1.63954e-16
1.88857e-08
-1.52146e-17
5.44569e-16
2.29799e-08
-1.14439e-17
-5.43807e-17
4.40772e-16
5.4389e-08
-5.31177e-17
4.75346e-16
7.5734e-08
-2.92092e-17
4.08929e-16
7.5734e-08
1.01946e-17
2.7863e-16
5.4389e-08
1.43602e-16
2.29799e-08
-1.66047e-17
4.59749e-16
2.73861e-08
-1.42082e-17
-6.26128e-17
3.94813e-16
6.42239e-08
-6.11621e-17
4.00939e-16
8.9543e-08
-3.22451e-17
3.49439e-16
8.9543e-08
1.17149e-17
2.36828e-16
6.42239e-08
1.30652e-16
2.73861e-08
-1.64089e-17
3.62316e-16
3.14534e-08
-1.38677e-17
-6.71032e-17
3.14746e-16
7.30867e-08
-6.56788e-17
2.89329e-16
1.02066e-07
-3.27497e-17
2.58757e-16
1.02066e-07
1.29273e-17
1.60851e-16
7.30867e-08
8.79689e-17
3.14534e-08
-1.73578e-17
1.59317e-16
3.36367e-08
-1.62329e-17
-6.3048e-17
1.2921e-16
7.75291e-08
-6.18222e-17
9.4022e-17
1.08511e-07
-2.81318e-17
8.74891e-17
1.08511e-07
1.37591e-17
3.85639e-17
7.75291e-08
2.3621e-17
3.36367e-08
-1.78828e-17
2.24964e-17
3.05588e-08
-1.61815e-17
-4.17866e-17
-3.32085e-17
7.00874e-08
-4.26082e-17
-6.78209e-17
9.84233e-08
-1.45425e-17
-4.35296e-17
9.84233e-08
1.17884e-17
-4.9665e-17
7.00874e-08
-2.43794e-17
3.05588e-08
-1.57545e-17
1.51602e-08
-6.37417e-18
-4.39438e-18
3.50151e-08
-7.69651e-18
4.95107e-08
3.94299e-18
4.95107e-08
5.07743e-18
3.50151e-08
1.51602e-08
-7.70199e-17
3.63586e-16
1.53324e-08
3.53595e-17
-6.7617e-17
6.90775e-16
3.68832e-08
-5.33953e-17
7.04325e-16
5.12559e-08
-3.26241e-17
7.09305e-16
5.12559e-08
-9.83152e-18
6.24177e-16
3.68832e-08
5.12953e-16
1.53324e-08
-9.42026e-17
3.72125e-16
1.88857e-08
4.44653e-17
-8.2855e-17
6.20793e-16
4.50851e-08
-6.49238e-17
6.35319e-16
6.2712e-08
-3.84423e-17
6.39026e-16
6.2712e-08
-1.22532e-17
5.50718e-16
4.50851e-08
4.66673e-16
1.88857e-08
-1.13429e-16
3.65479e-16
2.29799e-08
5.50488e-17
-1.00788e-16
5.0519e-16
5.4389e-08
-7.78002e-17
5.2468e-16
7.5734e-08
-4.48891e-17
5.18169e-16
7.5734e-08
-1.57019e-17
4.41277e-16
5.4389e-08
3.91493e-16
2.29799e-08
-1.33844e-16
3.54258e-16
2.73861e-08
6.69849e-17
-1.20032e-16
3.96208e-16
6.42239e-08
-9.12448e-17
4.13162e-16
8.9543e-08
-5.17598e-17
4.02677e-16
8.9543e-08
-2.06394e-17
3.44686e-16
6.42239e-08
3.23393e-16
2.73861e-08
-1.51819e-16
2.92612e-16
3.14534e-08
7.52324e-17
-1.38091e-16
2.45765e-16
7.30867e-08
-1.03306e-16
2.71586e-16
1.02066e-07
-5.82931e-17
2.59848e-16
1.02066e-07
-2.74147e-17
2.07355e-16
7.30867e-08
2.21376e-16
3.14534e-08
-1.57666e-16
1.8333e-16
3.36367e-08
8.1905e-17
-1.48369e-16
2.81585e-17
7.75291e-08
-1.08952e-16
3.95251e-17
1.08511e-07
-6.15829e-17
2.99676e-17
1.08511e-07
-3.38769e-17
1.0705e-17
7.75291e-08
7.1061e-17
3.36367e-08
-1.31717e-16
1.30076e-17
3.05588e-08
7.52633e-17
-1.36408e-16
-1.19549e-16
7.00874e-08
-9.62359e-17
-1.17248e-16
9.84233e-08
-5.72971e-17
-1.18801e-16
9.84233e-08
-3.76748e-17
-1.01716e-16
7.00874e-08
-3.26353e-17
3.05588e-08
-4.85882e-17
1.51602e-08
3.67087e-17
-7.1301e-17
3.50151e-08
-4.55747e-17
4.95107e-08
-2.70067e-17
4.95107e-08
-2.51832e-17
3.50151e-08
1.51602e-08
-4.54537e-17
6.32224e-16
1.53324e-08
1.10854e-17
-5.54228e-17
4.91474e-16
3.68832e-08
-4.53577e-17
5.7769e-16
5.12559e-08
-3.57625e-17
5.59763e-16
5.12559e-08
-1.67962e-17
5.70201e-16
3.68832e-08
5.30674e-16
1.53324e-08
-5.50062e-17
6.08459e-16
1.88857e-08
1.34918e-17
-6.84254e-17
4.65972e-16
4.50851e-08
-5.43637e-17
5.29756e-16
6.2712e-08
-4.18411e-17
5.16439e-16
6.2712e-08
-2.05429e-17
5.03854e-16
4.50851e-08
4.80495e-16
1.88857e-08
-6.61183e-17
5.43997e-16
2.29799e-08
1.61963e-17
-8.32333e-17
3.86636e-16
5.4389e-08
-6.46148e-17
4.24076e-16
7.5734e-08
-4.84694e-17
4.07146e-16
7.5734e-08
-2.54558e-17
3.79479e-16
5.4389e-08
3.80865e-16
2.29799e-08
-7.82329e-17
4.77402e-16
2.73861e-08
1.91178e-17
-9.90285e-17
3.28298e-16
6.42239e-08
-7.54632e-17
3.39693e-16
8.9543e-08
-5.57947e-17
3.18734e-16
8.9543e-08
-3.20589e-17
2.83328e-16
6.42239e-08
3.04093e-16
2.73861e-08
-8.86604e-17
3.97464e-16
3.14534e-08
2.3727e-17
-1.12785e-16
2.29243e-16
7.30867e-08
-8.5435e-17
2.06801e-16
1.02066e-07
-6.28698e-17
2.01788e-16
1.02066e-07
-4.02648e-17
1.49341e-16
7.30867e-08
1.79888e-16
3.14534e-08
-9.62028e-17
1.92834e-16
3.36367e-08
2.47237e-17
-1.1887e-16
1.64524e-17
7.75291e-08
-8.98666e-17
-3.33915e-17
1.08511e-07
-6.60473e-17
-5.06362e-17
1.08511e-07
-4.69114e-17
-8.45372e-17
7.75291e-08
-4.67086e-18
3.36367e-08
-8.97166e-17
3.15001e-17
3.05588e-08
2.25009e-17
-1.02931e-16
-1.37393e-16
7.00874e-08
-7.94158e-17
-1.96655e-16
9.84233e-08
-5.97472e-17
-1.99587e-16
9.84233e-08
-4.83924e-17
-2.07864e-16
7.00874e-08
-1.20043e-16
3.05588e-08
-4.92865e-17
1.51602e-08
1.42809e-17
-4.29902e-17
3.50151e-08
-3.91241e-17
4.95107e-08
-2.74044e-17
4.95107e-08
-3.00204e-17
3.50151e-08
1.51602e-08
-1.17584e-16
5.95521e-16
1.53324e-08
4.84892e-17
-1.15108e-16
9.08435e-16
3.68832e-08
-9.37887e-17
9.55333e-16
5.12559e-08
-5.9151e-17
9.75e-16
5.12559e-08
-1.37216e-17
9.30213e-16
3.68832e-08
7.66555e-16
1.53324e-08
-1.44197e-16
5.84191e-16
1.88857e-08
6.06619e-17
-1.42805e-16
8.01614e-16
4.50851e-08
-1.15593e-16
8.46092e-16
6.2712e-08
-7.10756e-17
8.61294e-16
6.2712e-08
-1.74132e-17
8.15352e-16
4.50851e-08
6.97183e-16
1.88857e-08
-1.74258e-16
5.53933e-16
2.29799e-08
7.53384e-17
-1.75573e-16
6.58094e-16
5.4389e-08
-1.40993e-16
6.88077e-16
7.5734e-08
-8.43789e-17
6.94713e-16
7.5734e-08
-2.23783e-17
6.57024e-16
5.4389e-08
5.96556e-16
2.29799e-08
-2.05619e-16
5.16784e-16
2.73861e-08
9.21048e-17
-2.11338e-16
5.03451e-16
6.42239e-08
-1.68934e-16
5.27829e-16
8.9543e-08
-9.93196e-17
5.27337e-16
8.9543e-08
-2.93242e-17
5.04443e-16
6.42239e-08
4.8878e-16
2.73861e-08
-2.32601e-16
4.27572e-16
3.14534e-08
1.06256e-16
-2.44756e-16
3.1281e-16
7.30867e-08
-1.95641e-16
3.1938e-16
1.02066e-07
-1.13671e-16
3.08945e-16
1.02066e-07
-3.84057e-17
3.05071e-16
7.30867e-08
3.43021e-16
3.14534e-08
-2.41727e-16
2.24638e-16
3.36367e-08
1.14056e-16
-2.63746e-16
2.5713e-17
7.75291e-08
-2.12265e-16
5.43903e-18
1.08511e-07
-1.2125e-16
6.84912e-18
1.08511e-07
-4.68239e-17
2.56455e-17
7.75291e-08
1.32003e-16
3.36367e-08
-2.02477e-16
-1.75731e-17
3.05588e-08
1.00148e-16
-2.40776e-16
-1.64686e-16
7.00874e-08
-1.94875e-16
-1.97954e-16
9.84233e-08
-1.10625e-16
-1.85802e-16
9.84233e-08
-5.07533e-17
-1.42784e-16
7.00874e-08
-3.13179e-17
3.05588e-08
-7.68575e-17
1.51602e-08
4.53216e-17
-1.21334e-16
3.50151e-08
-9.6584e-17
4.95107e-08
-5.18954e-17
4.95107e-08
-3.30694e-17
3.50151e-08
1.51602e-08
-7.04546e-17
5.58084e-16
1.53324e-08
2.54038e-17
-7.17495e-17
3.88848e-16
3.68832e-08
-5.42595e-17
3.71511e-16
5.12559e-08
-3.66318e-17
4.05163e-16
5.12559e-08
-2.48871e-17
5.15337e-16
3.68832e-08
6.55991e-16
1.53324e-08
-8.54788e-17
5.58911e-16
1.88857e-08
3.17365e-17
-8.72302e-17
3.81722e-16
4.50851e-08
-6.3589e-17
3.55695e-16
6.2712e-08
-4.10499e-17
3.77827e-16
6.2712e-08
-2.96107e-17
4.66556e-16
4.50851e-08
6.00223e-16
1.88857e-08
-1.02168e-16
5.41705e-16
2.29799e-08
3.80208e-17
-1.03564e-16
3.58291e-16
5.4389e-08
-7.28235e-17
3.25846e-16
7.5734e-08
-4.42508e-17
3.47227e-16
7.5734e-08
-3.52034e-17
3.91943e-16
5.4389e-08
5.16066e-16
2.29799e-08
-1.18723e-16
5.30122e-16
2.73861e-08
4.4626e-17
-1.18273e-16
3.45606e-16
6.42239e-08
-7.98397e-17
3.11415e-16
8.9543e-08
-4.58011e-17
3.30338e-16
8.9543e-08
-4.22513e-17
3.42474e-16
6.42239e-08
4.3984e-16
2.73861e-08
-1.31716e-16
4.74815e-16
3.14534e-08
4.90194e-17
-1.26693e-16
3.06987e-16
7.30867e-08
-8.13813e-17
2.78103e-16
1.02066e-07
-4.3258e-17
3.04634e-16
1.02066e-07
-4.97641e-17
2.52673e-16
7.30867e-08
3.09602e-16
3.14534e-08
-1.34784e-16
2.97891e-16
3.36367e-08
5.10271e-17
-1.20878e-16
1.14725e-16
7.75291e-08
-7.18201e-17
1.02871e-16
1.08511e-07
-3.45054e-17
1.31508e-16
1.08511e-07
-5.41044e-17
5.95556e-17
7.75291e-08
1.08062e-16
3.36367e-08
-1.12935e-16
8.60027e-17
3.05588e-08
4.6407e-17
-8.51674e-17
-6.86921e-17
7.00874e-08
-4.40054e-17
-6.44432e-17
9.84233e-08
-1.81042e-17
-3.02359e-17
9.84233e-08
-5.17981e-17
-6.97588e-17
7.00874e-08
-4.25429e-17
3.05588e-08
-4.66636e-17
1.51602e-08
2.52193e-17
-1.74728e-17
3.50151e-08
-2.59586e-18
4.95107e-08
5.62872e-18
4.95107e-08
-2.85801e-17
3.50151e-08
1.51602e-08
-9.79201e-17
2.53883e-15
1.53324e-08
1.58957e-17
-1.04274e-16
3.63231e-15
3.68832e-08
-8.23435e-17
3.93176e-15
5.12559e-08
-5.70645e-17
3.89553e-15
5.12559e-08
-1.74607e-17
3.50615e-15
3.68832e-08
2.38592e-15
1.53324e-08
-1.17099e-16
2.35859e-15
1.88857e-08
2.07312e-17
-1.27593e-16
3.38921e-15
4.50851e-08
-9.9478e-17
3.43021e-15
6.2712e-08
-6.63366e-17
3.40292e-15
6.2712e-08
-2.27036e-17
3.05086e-15
4.50851e-08
2.12598e-15
1.88857e-08
-1.35501e-16
2.08495e-15
2.29799e-08
2.82544e-17
-1.56049e-16
2.87325e-15
5.4389e-08
-1.17998e-16
2.91468e-15
7.5734e-08
-7.47903e-17
2.8503e-15
7.5734e-08
-2.99573e-17
2.51119e-15
5.4389e-08
1.80242e-15
2.29799e-08
-1.52336e-16
1.68505e-15
2.73861e-08
3.85129e-17
-1.82938e-16
2.33624e-15
6.42239e-08
-1.3711e-16
2.22428e-15
8.9543e-08
-8.40033e-17
2.15848e-15
8.9543e-08
-4.20942e-17
1.90486e-15
6.42239e-08
1.43359e-15
2.73861e-08
-1.56377e-16
1.32078e-15
3.14534e-08
5.16381e-17
-2.05325e-16
1.55795e-15
7.30867e-08
-1.5143e-16
1.45784e-15
1.02066e-07
-9.15378e-17
1.38268e-15
1.02066e-07
-5.92444e-17
1.18615e-15
7.30867e-08
9.66956e-16
3.14534e-08
-1.44008e-16
5.75633e-16
3.36367e-08
5.52455e-17
-2.08208e-16
5.06333e-16
7.75291e-08
-1.52651e-16
4.19751e-16
1.08511e-07
-9.27552e-17
3.81846e-16
1.08511e-07
-7.7696e-17
3.0859e-16
7.75291e-08
3.71814e-16
3.36367e-08
-9.29682e-17
-8.2352e-17
3.05588e-08
4.01621e-17
-1.66581e-16
-2.5736e-16
7.00874e-08
-1.23696e-16
-3.22483e-16
9.84233e-08
-7.97806e-17
-3.29663e-16
9.84233e-08
-9.04543e-17
-2.81139e-16
7.00874e-08
-7.51653e-17
3.05588e-08
-1.92373e-18
1.51602e-08
9.88696e-18
-6.24549e-17
3.50151e-08
-4.59818e-17
4.95107e-08
-2.98244e-17
4.95107e-08
-6.40295e-17
3.50151e-08
1.51602e-08
2.02543e-16
-3.18736e-16
-5.61605e-17
1.77803e-16
1.42396e-15
1.46123e-16
2.44414e-15
1.70317e-16
2.55994e-15
6.47008e-17
1.14522e-15
-2.50423e-16
2.61537e-16
-6.42406e-17
-6.82268e-17
2.43324e-16
1.84176e-15
1.88026e-16
2.75288e-15
1.98771e-16
2.83857e-15
7.72258e-17
1.60923e-15
1.06515e-16
3.31637e-16
-1.80113e-16
-8.04273e-17
3.29203e-16
1.88645e-15
2.40827e-16
2.71773e-15
2.34317e-16
2.87934e-15
1.0099e-16
1.7595e-15
7.62767e-17
4.05556e-16
-3.91458e-16
-9.38543e-17
4.32918e-16
1.56677e-15
3.08407e-16
2.27896e-15
2.81726e-16
2.39201e-15
1.44293e-16
1.51164e-15
2.37118e-17
4.84834e-16
-4.49634e-16
-1.05193e-16
5.57914e-16
1.55409e-15
3.84822e-16
2.24232e-15
3.31901e-16
2.41837e-15
2.01499e-16
1.63381e-15
2.7677e-17
5.51995e-16
-4.84981e-16
-1.10699e-16
6.84617e-16
1.39616e-15
4.56936e-16
2.09393e-15
3.62319e-16
2.26562e-15
2.56292e-16
1.52577e-15
-2.33965e-17
5.39966e-16
-4.13193e-16
-1.04217e-16
7.33395e-16
8.00661e-16
4.65134e-16
1.32437e-15
3.20868e-16
1.40751e-15
2.77457e-16
9.12506e-16
-5.68226e-17
3.05537e-16
-6.28835e-17
4.73596e-16
2.60873e-16
1.18536e-16
1.70551e-16
3.95659e-09
-2.11483e-07
1.84503e-08
4.07706e-09
-2.52517e-07
3.92003e-08
5.47366e-18
-2.73825e-07
5.11527e-08
-4.07706e-09
-2.73825e-07
5.11527e-08
-3.95659e-09
-2.52517e-07
3.92003e-08
-2.11483e-07
1.84503e-08
4.714e-09
-2.12447e-07
2.30766e-08
5.01636e-09
-2.56843e-07
4.89524e-08
6.53281e-18
-2.78589e-07
6.41322e-08
-5.01636e-09
-2.78589e-07
6.41322e-08
-4.714e-09
-2.56843e-07
4.89524e-08
-2.12447e-07
2.30766e-08
5.56757e-09
-2.11833e-07
2.86564e-08
6.08469e-09
-2.60334e-07
6.0785e-08
7.62112e-18
-2.82734e-07
8.00559e-08
-6.08469e-09
-2.82734e-07
8.00559e-08
-5.56757e-09
-2.60334e-07
6.0785e-08
-2.11833e-07
2.86564e-08
6.40876e-09
-2.07758e-07
3.50636e-08
7.20802e-09
-2.60894e-07
7.45235e-08
8.58954e-18
-2.84216e-07
9.88199e-08
-7.20802e-09
-2.84216e-07
9.88199e-08
-6.40876e-09
-2.60894e-07
7.45235e-08
-2.07758e-07
3.50636e-08
7.09415e-09
-1.96529e-07
4.16982e-08
8.20765e-09
-2.53859e-07
8.912e-08
8.88698e-18
-2.78247e-07
1.1924e-07
-8.20765e-09
-2.78247e-07
1.1924e-07
-7.09415e-09
-2.53859e-07
8.912e-08
-1.96529e-07
4.16982e-08
7.35276e-09
-1.70845e-07
4.67744e-08
8.699e-09
-2.28916e-07
1.01158e-07
7.64937e-18
-2.53649e-07
1.37002e-07
-8.699e-09
-2.53649e-07
1.37002e-07
-7.35276e-09
-2.28916e-07
1.01158e-07
-1.70845e-07
4.67744e-08
6.68666e-09
-1.15991e-07
4.56728e-08
7.84936e-09
-1.62892e-07
1.0118e-07
4.62033e-18
-1.83865e-07
1.39449e-07
-7.84936e-09
-1.83865e-07
1.39449e-07
-6.68666e-09
-1.62892e-07
1.0118e-07
-1.15991e-07
4.56728e-08
3.57306e-09
2.60877e-08
3.75204e-09
6.14509e-08
-7.8455e-19
8.75184e-08
-3.75204e-09
8.75184e-08
-3.57306e-09
6.14509e-08
2.60877e-08
9.86793e-10
-3.27004e-08
1.76012e-08
1.17535e-09
-5.8751e-08
4.02625e-08
-4.55533e-17
-7.2915e-08
5.42175e-08
-1.17535e-09
-7.2915e-08
5.42175e-08
-9.86793e-10
-5.8751e-08
4.02625e-08
-3.27004e-08
1.76012e-08
1.12176e-09
-3.25328e-08
2.17871e-08
1.32859e-09
-5.96875e-08
4.96822e-08
-5.95185e-17
-7.46216e-08
6.71674e-08
-1.32859e-09
-7.46216e-08
6.71674e-08
-1.12176e-09
-5.96875e-08
4.96822e-08
-3.25328e-08
2.17871e-08
1.17497e-09
-3.1704e-08
2.66526e-08
1.40502e-09
-5.97041e-08
6.05716e-08
-7.80743e-17
-7.54308e-08
8.22701e-08
-1.40502e-09
-7.54308e-08
8.22701e-08
-1.17497e-09
-5.97041e-08
6.05716e-08
-3.1704e-08
2.66526e-08
1.10862e-09
-2.97057e-08
3.19566e-08
1.35223e-09
-5.78249e-08
7.24006e-08
-1.01774e-16
-7.41407e-08
9.8882e-08
-1.35223e-09
-7.41407e-08
9.8882e-08
-1.10862e-09
-5.78249e-08
7.24006e-08
-2.97057e-08
3.19566e-08
8.41685e-10
-2.57906e-08
3.69415e-08
1.07017e-09
-5.24213e-08
8.34879e-08
-1.29917e-16
-6.85956e-08
1.14765e-07
-1.07017e-09
-6.85956e-08
1.14765e-07
-8.41685e-10
-5.24213e-08
8.34879e-08
-2.57906e-08
3.69415e-08
3.06464e-10
-1.90663e-08
3.97437e-08
4.54361e-10
-4.10899e-08
8.96787e-08
-1.55252e-16
-5.53091e-08
1.2417e-07
-4.54361e-10
-5.53091e-08
1.2417e-07
-3.06464e-10
-4.10899e-08
8.96787e-08
-1.90663e-08
3.97437e-08
-4.40287e-10
-9.14461e-09
3.61914e-08
-4.689e-10
-2.14562e-08
8.15747e-08
-1.60714e-16
-3.00839e-08
1.13755e-07
4.689e-10
-3.00839e-08
1.13755e-07
4.40287e-10
-2.14562e-08
8.15747e-08
-9.14461e-09
3.61914e-08
-8.77381e-10
1.78205e-08
-1.10832e-09
4.02257e-08
-9.35741e-17
5.63261e-08
1.10832e-09
5.63261e-08
8.77381e-10
4.02257e-08
1.78205e-08
4.42497e-10
-1.97726e-08
1.60666e-08
5.25021e-10
-3.9225e-08
3.819e-08
-3.93325e-17
-5.00034e-08
5.24693e-08
-5.25021e-10
-5.00034e-08
5.24693e-08
-4.42497e-10
-3.9225e-08
3.819e-08
-1.97726e-08
1.60666e-08
4.94423e-10
-1.82763e-08
1.97965e-08
5.84831e-10
-3.64187e-08
4.67855e-08
-4.97298e-17
-4.67052e-08
6.4454e-08
-5.84831e-10
-4.67052e-08
6.4454e-08
-4.94423e-10
-3.64187e-08
4.67855e-08
-1.82763e-08
1.97965e-08
5.31957e-10
-1.62505e-08
2.40949e-08
6.2496e-10
-3.25212e-08
5.6581e-08
-6.27748e-17
-4.20074e-08
7.81972e-08
-6.2496e-10
-4.20074e-08
7.81972e-08
-5.31957e-10
-3.25212e-08
5.6581e-08
-1.62505e-08
2.40949e-08
5.3646e-10
-1.35482e-08
2.87178e-08
6.22176e-10
-2.71882e-08
6.69819e-08
-7.78618e-17
-3.54136e-08
9.29104e-08
-6.22176e-10
-3.54136e-08
9.29104e-08
-5.3646e-10
-2.71882e-08
6.69819e-08
-1.35482e-08
2.87178e-08
4.89387e-10
-1.00719e-08
3.29758e-08
5.55538e-10
-2.01624e-08
7.63959e-08
-9.31329e-17
-2.64956e-08
1.06402e-07
-5.55539e-10
-2.64956e-08
1.06402e-07
-4.89387e-10
-2.01624e-08
7.63959e-08
-1.00719e-08
3.29758e-08
3.77248e-10
-5.94713e-09
3.52417e-08
4.18474e-10
-1.16791e-08
8.11541e-08
-1.02379e-16
-1.54355e-08
1.13528e-07
-4.18474e-10
-1.54355e-08
1.13528e-07
-3.77248e-10
-1.16791e-08
8.11541e-08
-5.94713e-09
3.52417e-08
2.04795e-10
-1.94677e-09
3.19862e-08
2.45046e-10
-3.52591e-09
7.33813e-08
-9.11947e-17
-4.56941e-09
1.03134e-07
-2.45046e-10
-4.56941e-09
1.03134e-07
-2.04796e-10
-3.52591e-09
7.33813e-08
-1.94677e-09
3.19862e-08
1.91211e-11
1.58546e-08
8.65061e-11
3.66324e-08
-4.00629e-17
5.18432e-08
-8.65062e-11
5.18432e-08
-1.91211e-11
3.66324e-08
1.58546e-08
1.55206e-10
-1.61075e-09
1.57558e-08
2.15534e-10
-7.42558e-09
3.75613e-08
-6.27673e-17
-1.19843e-08
5.18347e-08
-2.15534e-10
-1.19843e-08
5.18347e-08
-1.55206e-10
-7.42558e-09
3.75613e-08
-1.61075e-09
1.57558e-08
1.8067e-10
-1.41471e-09
1.94198e-08
2.39712e-10
-6.66934e-09
4.59702e-08
-7.92519e-17
-1.08307e-08
6.35401e-08
-2.39712e-10
-1.08307e-08
6.35401e-08
-1.8067e-10
-6.66934e-09
4.59702e-08
-1.41471e-09
1.94198e-08
2.00338e-10
-1.16891e-09
2.36487e-08
2.52035e-10
-5.67897e-09
5.55389e-08
-1.0054e-16
-9.2876e-09
7.69062e-08
-2.52035e-10
-9.2876e-09
7.69062e-08
-2.00338e-10
-5.67897e-09
5.55389e-08
-1.16892e-09
2.36487e-08
2.12082e-10
-8.74655e-10
2.82115e-08
2.47083e-10
-4.42944e-09
6.56974e-08
-1.2646e-16
-7.29383e-09
9.11637e-08
-2.47083e-10
-7.29383e-09
9.11637e-08
-2.12082e-10
-4.42944e-09
6.56974e-08
-8.74657e-10
2.82115e-08
2.09171e-10
-5.50522e-10
3.24425e-08
2.16986e-10
-2.96257e-09
7.49212e-08
-1.55146e-16
-4.89333e-09
1.04219e-07
-2.16986e-10
-4.89333e-09
1.04219e-07
-2.09171e-10
-2.96257e-09
7.49212e-08
-5.50523e-10
3.24425e-08
1.83819e-10
-2.45198e-10
3.47526e-08
1.56999e-10
-1.46498e-09
7.96834e-08
-1.7832e-16
-2.3867e-09
1.11179e-07
-1.57e-10
-2.3867e-09
1.11179e-07
-1.8382e-10
-1.46498e-09
7.96834e-08
-2.45199e-10
3.47526e-08
1.29907e-10
-3.70605e-11
3.16482e-08
7.16805e-11
-3.21458e-10
7.2296e-08
-1.72817e-16
-4.70366e-10
1.0129e-07
-7.16809e-11
-4.70366e-10
1.0129e-07
-1.29908e-10
-3.21458e-10
7.2296e-08
-3.70605e-11
3.16482e-08
4.73557e-11
1.57702e-08
-5.55907e-12
3.63638e-08
-9.14605e-17
5.13673e-08
5.55891e-12
5.13673e-08
-4.73558e-11
3.63638e-08
1.57702e-08
8.99592e-11
-1.07026e-09
1.56138e-08
1.32931e-10
-3.59719e-09
3.73214e-08
-2.67612e-17
-5.76552e-09
5.16216e-08
-1.32931e-10
-5.76552e-09
5.16216e-08
-8.99592e-11
-3.59719e-09
3.73214e-08
-1.07026e-09
1.56138e-08
1.07714e-10
-1.00066e-09
1.92425e-08
1.54594e-10
-3.33668e-09
4.56628e-08
-3.22073e-17
-5.30982e-09
6.3239e-08
-1.54594e-10
-5.30982e-09
6.3239e-08
-1.07714e-10
-3.33668e-09
4.56628e-08
-1.00066e-09
1.92425e-08
1.26252e-10
-9.06859e-10
2.34287e-08
1.74603e-10
-2.99287e-09
5.51468e-08
-3.783e-17
-4.71386e-09
7.64848e-08
-1.74603e-10
-4.71386e-09
7.64848e-08
-1.26252e-10
-2.99287e-09
5.51468e-08
-9.0686e-10
2.34287e-08
1.44073e-10
-7.81568e-10
2.79421e-08
1.8991e-10
-2.54659e-09
6.52053e-08
-4.25665e-17
-3.95205e-09
9.05918e-08
-1.8991e-10
-3.95205e-09
9.05918e-08
-1.44073e-10
-2.54659e-09
6.52053e-08
-7.81569e-10
2.79421e-08
1.5727e-10
-6.17077e-10
3.21207e-08
1.94901e-10
-1.98347e-09
7.43205e-08
-4.44643e-17
-3.01586e-09
1.03478e-07
-1.94901e-10
-3.01586e-09
1.03478e-07
-1.5727e-10
-1.98347e-09
7.43205e-08
-6.17078e-10
3.21207e-08
1.5843e-10
-4.09025e-10
3.43861e-08
1.80911e-10
-1.30477e-09
7.89822e-08
-3.85547e-17
-1.9346e-09
1.10278e-07
-1.80912e-10
-1.9346e-09
1.10278e-07
-1.5843e-10
-1.30477e-09
7.89822e-08
-4.09026e-10
3.43861e-08
1.34763e-10
-1.7093e-10
3.12753e-08
1.35251e-10
-5.54688e-10
7.15454e-08
-2.09245e-17
-8.04456e-10
1.00295e-07
-1.35251e-10
-8.04456e-10
1.00295e-07
-1.34763e-10
-5.54688e-10
7.15454e-08
-1.7093e-10
3.12753e-08
6.22346e-11
1.5537e-08
4.39877e-11
3.58274e-08
5.64679e-18
5.06068e-08
-4.39877e-11
5.06068e-08
-6.22346e-11
3.58274e-08
1.5537e-08
5.64294e-11
-1.15369e-09
1.54957e-08
8.14132e-11
-2.81379e-09
3.71373e-08
-1.74603e-17
-4.0842e-09
5.14634e-08
-8.14132e-11
-4.0842e-09
5.14634e-08
-5.64294e-11
-2.81379e-09
3.71373e-08
-1.15369e-09
1.54957e-08
6.66235e-11
-1.07029e-09
1.90925e-08
9.50956e-11
-2.60116e-09
4.54217e-08
-2.02167e-17
-3.76618e-09
6.30161e-08
-9.50957e-11
-3.76618e-09
6.30161e-08
-6.66236e-11
-2.60116e-09
4.54217e-08
-1.07029e-09
1.90925e-08
7.65774e-11
-9.5775e-10
2.32396e-08
1.08192e-10
-2.31894e-09
5.48329e-08
-2.43256e-17
-3.34756e-09
7.61744e-08
-1.08192e-10
-3.34756e-09
7.61744e-08
-7.65774e-11
-2.31894e-09
5.48329e-08
-9.57753e-10
2.32396e-08
8.48687e-11
-8.07624e-10
2.77071e-08
1.18394e-10
-1.94849e-09
6.48013e-08
-2.99681e-17
-2.80327e-09
9.01659e-08
-1.18394e-10
-2.80327e-09
9.01659e-08
-8.48687e-11
-1.94849e-09
6.48013e-08
-8.07626e-10
2.77071e-08
8.87286e-11
-6.13107e-10
3.18375e-08
1.21787e-10
-1.47507e-09
7.3814e-08
-3.70795e-17
-2.11461e-09
1.02911e-07
-1.21787e-10
-2.11461e-09
1.02911e-07
-8.87288e-11
-1.47507e-09
7.3814e-08
-6.13109e-10
3.18375e-08
8.37788e-11
-3.77337e-10
3.40665e-08
1.12426e-10
-9.06421e-10
7.83849e-08
-4.28558e-17
-1.29442e-09
1.09571e-07
-1.12427e-10
-1.29442e-09
1.09571e-07
-8.3779e-11
-9.06421e-10
7.83849e-08
-3.77338e-10
3.40665e-08
6.39781e-11
-1.35495e-10
3.09695e-08
8.27583e-11
-3.25304e-10
7.09455e-08
-4.02773e-17
-4.60793e-10
9.95438e-08
-8.27585e-11
-4.60793e-10
9.95438e-08
-6.39783e-11
-3.25304e-10
7.09455e-08
-1.35494e-10
3.09695e-08
2.31857e-11
1.53783e-08
2.67896e-11
3.54985e-08
-2.28986e-17
5.01728e-08
-2.67896e-11
5.01728e-08
-2.31859e-11
3.54985e-08
1.53783e-08
3.15262e-11
-5.75166e-10
1.54337e-08
4.65475e-11
-1.50812e-09
3.70387e-08
2.86737e-17
-2.22468e-09
5.1382e-08
-4.65474e-11
-2.22468e-09
5.1382e-08
-3.15261e-11
-1.50812e-09
3.70387e-08
-5.75166e-10
1.54337e-08
3.6926e-11
-5.33785e-10
1.90142e-08
5.37483e-11
-1.39502e-09
4.52918e-08
3.8256e-17
-2.0532e-09
6.28984e-08
-5.37482e-11
-2.0532e-09
6.28984e-08
-3.69259e-11
-1.39502e-09
4.52918e-08
-5.33785e-10
1.90142e-08
4.18067e-11
-4.77557e-10
2.31415e-08
6.00747e-11
-1.24297e-09
5.46626e-08
5.11407e-17
-1.8246e-09
7.60059e-08
-6.00746e-11
-1.8246e-09
7.60059e-08
-4.18066e-11
-1.24297e-09
5.46626e-08
-4.77556e-10
2.31415e-08
4.54101e-11
-4.0234e-10
2.75865e-08
6.41899e-11
-1.0418e-09
6.45813e-08
6.7571e-17
-1.52443e-09
8.993e-08
-6.41898e-11
-1.52443e-09
8.993e-08
-4.54099e-11
-1.0418e-09
6.45813e-08
-4.02339e-10
2.75865e-08
4.6193e-11
-3.05082e-10
3.1694e-08
6.38969e-11
-7.84742e-10
7.35393e-08
8.66675e-17
-1.14344e-09
1.02594e-07
-6.38967e-11
-1.14344e-09
1.02594e-07
-4.61928e-11
-7.84742e-10
7.35393e-08
-3.05081e-10
3.1694e-08
4.2e-11
-1.87948e-10
3.39074e-08
5.6297e-11
-4.79281e-10
7.80651e-08
1.05532e-16
-6.93603e-10
1.09177e-07
-5.62967e-11
-6.93603e-10
1.09177e-07
-4.19998e-11
-4.79281e-10
7.80651e-08
-1.87948e-10
3.39074e-08
3.041e-11
-6.81538e-11
3.08193e-08
3.85693e-11
-1.71919e-10
7.063e-08
1.11575e-16
-2.45134e-10
9.91339e-08
-3.85691e-11
-2.45134e-10
9.91339e-08
-3.04098e-11
-1.71919e-10
7.063e-08
-6.81539e-11
3.08193e-08
1.0046e-11
1.53001e-08
1.06136e-11
3.5326e-08
6.90664e-17
4.99383e-08
-1.06135e-11
4.99383e-08
-1.00459e-11
3.5326e-08
1.53001e-08
1.91733e-11
-3.74862e-10
1.53956e-08
2.80864e-11
-9.60583e-10
3.69799e-08
2.20364e-17
-1.39966e-09
5.13346e-08
-2.80864e-11
-1.39966e-09
5.13346e-08
-1.91732e-11
-9.60583e-10
3.69799e-08
-3.74864e-10
1.53956e-08
2.24061e-11
-3.48977e-10
1.89659e-08
3.23061e-11
-8.92485e-10
4.52138e-08
2.90057e-17
-1.29736e-09
6.28284e-08
-3.23061e-11
-1.29737e-09
6.28284e-08
-2.24061e-11
-8.92485e-10
4.52138e-08
-3.4898e-10
1.89659e-08
2.53371e-11
-3.13556e-10
2.30808e-08
3.59314e-11
-7.99931e-10
5.45595e-08
3.58281e-17
-1.15946e-09
7.59039e-08
-3.59314e-11
-1.15946e-09
7.59039e-08
-2.53371e-11
-7.99932e-10
5.45595e-08
-3.13558e-10
2.30808e-08
2.74928e-11
-2.65765e-10
2.75112e-08
3.81348e-11
-6.76011e-10
6.44468e-08
4.11541e-17
-9.76293e-10
8.97849e-08
-3.81348e-11
-9.76293e-10
8.97849e-08
-2.74928e-11
-6.76012e-10
6.44468e-08
-2.65766e-10
2.75112e-08
2.79605e-11
-2.03295e-10
3.16036e-08
3.76224e-11
-5.1546e-10
7.33691e-08
4.2557e-17
-7.4093e-10
1.02396e-07
-3.76224e-11
-7.4093e-10
1.02396e-07
-2.79605e-11
-5.1546e-10
7.33691e-08
-2.03296e-10
3.16036e-08
2.54679e-11
-1.26936e-10
3.38056e-08
3.27595e-11
-3.21115e-10
7.78635e-08
3.77914e-17
-4.58604e-10
1.08928e-07
-3.27595e-11
-4.58604e-10
1.08928e-07
-2.5468e-11
-3.21115e-10
7.78635e-08
-1.26936e-10
3.38056e-08
1.85618e-11
-4.71603e-11
3.07209e-08
2.20414e-11
-1.19719e-10
7.04251e-08
2.41049e-17
-1.6924e-10
9.88666e-08
-2.20415e-11
-1.6924e-10
9.88666e-08
-1.8562e-11
-1.19719e-10
7.04251e-08
-4.71602e-11
3.07209e-08
6.20938e-12
1.52467e-08
5.57543e-12
3.52069e-08
2.23636e-18
4.97746e-08
-5.57544e-12
4.97746e-08
-6.20947e-12
3.52069e-08
1.52467e-08
1.19347e-11
-2.4204e-10
1.53712e-08
1.72027e-11
-6.14501e-10
3.69426e-08
9.6252e-17
-8.90515e-10
5.13041e-08
-1.72025e-11
-8.90515e-10
5.13041e-08
-1.19346e-11
-6.14501e-10
3.69426e-08
-2.42039e-10
1.53712e-08
1.39581e-11
-2.25039e-10
1.89349e-08
1.98011e-11
-5.70615e-10
4.51641e-08
1.22884e-16
-8.2573e-10
6.27834e-08
-1.98009e-11
-8.2573e-10
6.27834e-08
-1.39579e-11
-5.70615e-10
4.51641e-08
-2.25038e-10
1.89349e-08
1.57987e-11
-2.01848e-10
2.30418e-08
2.20427e-11
-5.10982e-10
5.44936e-08
1.56163e-16
-7.38114e-10
7.58383e-08
-2.20423e-11
-7.38114e-10
7.58383e-08
-1.57984e-11
-5.10982e-10
5.44936e-08
-2.01847e-10
2.30418e-08
1.71608e-11
-1.70658e-10
2.74629e-08
2.34204e-11
-4.31144e-10
6.43607e-08
1.95408e-16
-6.2135e-10
8.96916e-08
-2.342e-11
-6.2135e-10
8.96916e-08
-1.71605e-11
-4.31144e-10
6.43607e-08
-1.70658e-10
2.74629e-08
1.74758e-11
-1.30035e-10
3.15455e-08
2.3144e-11
-3.27729e-10
7.326e-08
2.36939e-16
-4.70812e-10
1.02268e-07
-2.31435e-11
-4.70812e-10
1.02268e-07
-1.74754e-11
-3.27729e-10
7.326e-08
-1.30034e-10
3.15455e-08
1.59471e-11
-8.06316e-11
3.37402e-08
2.02138e-11
-2.02761e-10
7.77342e-08
2.70041e-16
-2.89858e-10
1.08767e-07
-2.02132e-11
-2.89858e-10
1.08767e-07
-1.59467e-11
-2.02761e-10
7.77342e-08
-8.06313e-11
3.37402e-08
1.1653e-11
-2.95253e-11
3.06582e-08
1.36982e-11
-7.42845e-11
7.02946e-08
2.6456e-16
-1.05154e-10
9.86956e-08
-1.36976e-11
-1.05154e-10
9.86956e-08
-1.16526e-11
-7.42845e-11
7.02946e-08
-2.95254e-11
3.06582e-08
3.92334e-12
1.52133e-08
3.58696e-12
3.5133e-08
1.48304e-16
4.9673e-08
-3.58671e-12
4.9673e-08
-3.92311e-12
3.5133e-08
1.52133e-08
7.34449e-12
-1.44686e-10
1.53563e-08
1.05403e-11
-3.73263e-10
3.69199e-08
6.56368e-17
-5.43726e-10
5.12857e-08
-1.05402e-11
-5.43726e-10
5.12857e-08
-7.34443e-12
-3.73263e-10
3.69199e-08
-1.44688e-10
1.53563e-08
8.60586e-12
-1.34502e-10
1.89161e-08
1.21491e-11
-3.46575e-10
4.51338e-08
8.17043e-17
-5.04227e-10
6.2756e-08
-1.2149e-11
-5.04227e-10
6.2756e-08
-8.60579e-12
-3.46575e-10
4.51338e-08
-1.34504e-10
1.89161e-08
9.76086e-12
-1.20618e-10
2.30181e-08
1.35458e-11
-3.103e-10
5.44535e-08
9.78323e-17
-4.50739e-10
7.57984e-08
-1.35457e-11
-4.50739e-10
7.57984e-08
-9.76078e-12
-3.103e-10
5.44535e-08
-1.2062e-10
2.30181e-08
1.06323e-11
-1.01959e-10
2.74336e-08
1.44252e-11
-2.61739e-10
6.43083e-08
1.11175e-16
-3.79389e-10
8.96347e-08
-1.44251e-11
-3.79389e-10
8.96347e-08
-1.06322e-11
-2.61739e-10
6.43083e-08
-1.01961e-10
2.74336e-08
1.08691e-11
-7.768e-11
3.15104e-08
1.43019e-11
-1.98882e-10
7.31937e-08
1.16142e-16
-2.87376e-10
1.02191e-07
-1.43018e-11
-2.87376e-10
1.02191e-07
-1.08691e-11
-1.98882e-10
7.31937e-08
-7.76815e-11
3.15104e-08
9.97269e-12
-4.81817e-11
3.37008e-08
1.25521e-11
-1.23025e-10
7.76558e-08
1.04344e-16
-1.76849e-10
1.08669e-07
-1.25521e-11
-1.76849e-10
1.08669e-07
-9.97269e-12
-1.23025e-10
7.76558e-08
-4.81824e-11
3.37008e-08
7.35263e-12
-1.76689e-11
3.06203e-08
8.57396e-12
-4.51207e-11
7.02155e-08
6.75338e-17
-6.41749e-11
9.85915e-08
-8.57393e-12
-6.41749e-11
9.85915e-08
-7.35269e-12
-4.51209e-11
7.02155e-08
-1.76688e-11
3.06203e-08
2.53757e-12
1.51931e-08
2.30449e-12
3.50881e-08
9.95919e-18
4.96112e-08
-2.30449e-12
4.96112e-08
-2.53764e-12
3.50881e-08
1.51931e-08
4.54483e-12
-8.93702e-11
1.53472e-08
6.50465e-12
-2.30451e-10
3.69059e-08
9.73356e-17
-3.35714e-10
5.12743e-08
-6.50446e-12
-3.35714e-10
5.12743e-08
-4.54471e-12
-2.30451e-10
3.69059e-08
-8.93686e-11
1.53472e-08
5.33012e-12
-8.30983e-11
1.89045e-08
7.50631e-12
-2.14027e-10
4.51152e-08
1.22974e-16
-3.114e-10
6.27392e-08
-7.50606e-12
-3.114e-10
6.27392e-08
-5.32997e-12
-2.14027e-10
4.51152e-08
-8.30966e-11
1.89045e-08
6.05398e-12
-7.45462e-11
2.30035e-08
8.38304e-12
-1.917e-10
5.44289e-08
1.5366e-16
-2.78467e-10
7.57738e-08
-8.38272e-12
-2.78467e-10
7.57738e-08
-6.05378e-12
-1.917e-10
5.44289e-08
-7.45444e-11
2.30035e-08
6.607e-12
-6.30484e-11
2.74155e-08
8.94732e-12
-1.61803e-10
6.42761e-08
1.87278e-16
-2.34524e-10
8.95997e-08
-8.94693e-12
-2.34524e-10
8.95997e-08
-6.60675e-12
-1.61803e-10
6.42761e-08
-6.30471e-11
2.74155e-08
6.77176e-12
-4.80755e-11
3.14886e-08
8.89824e-12
-1.23077e-10
7.31528e-08
2.19253e-16
-1.77825e-10
1.02143e-07
-8.89778e-12
-1.77825e-10
1.02143e-07
-6.77145e-12
-1.23077e-10
7.31528e-08
-4.80741e-11
3.14886e-08
6.23579e-12
-2.98596e-11
3.36763e-08
7.84327e-12
-7.62768e-11
7.76074e-08
2.38093e-16
-1.09639e-10
1.08609e-07
-7.84277e-12
-1.09639e-10
1.08609e-07
-6.23541e-12
-7.62766e-11
7.76074e-08
-2.98592e-11
3.36763e-08
4.6224e-12
-1.09767e-11
3.05968e-08
5.39163e-12
-2.80815e-11
7.01665e-08
2.18864e-16
-3.99506e-11
9.85272e-08
-5.39119e-12
-3.99507e-11
9.85272e-08
-4.62202e-12
-2.80815e-11
7.01665e-08
-1.09769e-11
3.05968e-08
1.61293e-12
1.51805e-08
1.47005e-12
3.50601e-08
1.12935e-16
4.95727e-08
-1.46986e-12
4.95727e-08
-1.61272e-12
3.50601e-08
1.51805e-08
2.81005e-12
-5.53495e-11
1.53415e-08
4.01689e-12
-1.42513e-10
3.68972e-08
5.07603e-17
-2.07514e-10
5.12673e-08
-4.01682e-12
-2.07514e-10
5.12673e-08
-2.81001e-12
-1.42514e-10
3.68972e-08
-5.53516e-11
1.53415e-08
3.29593e-12
-5.14585e-11
1.88973e-08
4.63697e-12
-1.32337e-10
4.51037e-08
6.20924e-17
-1.92461e-10
6.27288e-08
-4.63689e-12
-1.92461e-10
6.27288e-08
-3.29587e-12
-1.32337e-10
4.51037e-08
-5.14605e-11
1.88973e-08
3.744e-12
-4.61546e-11
2.29945e-08
5.18089e-12
-1.1851e-10
5.44136e-08
7.1974e-17
-1.7208e-10
7.57586e-08
-5.1808e-12
-1.7208e-10
7.57586e-08
-3.74394e-12
-1.1851e-10
5.44136e-08
-4.61567e-11
2.29945e-08
4.08652e-12
-3.90262e-11
2.74042e-08
5.53277e-12
-1.00001e-10
6.42561e-08
7.69244e-17
-1.44895e-10
8.9578e-08
-5.53268e-12
-1.44895e-10
8.9578e-08
-4.08648e-12
-1.00001e-10
6.42561e-08
-3.90278e-11
2.74042e-08
4.1889e-12
-2.97468e-11
3.14752e-08
5.50634e-12
-7.60359e-11
7.31275e-08
7.24595e-17
-1.09827e-10
1.02113e-07
-5.50628e-12
-1.09827e-10
1.02113e-07
-4.18887e-12
-7.60363e-11
7.31275e-08
-2.97483e-11
3.14752e-08
3.85755e-12
-1.84632e-11
3.36612e-08
4.85785e-12
-4.70868e-11
7.75774e-08
5.28183e-17
-6.76675e-11
1.08571e-07
-4.85783e-12
-6.76676e-11
1.08571e-07
-3.85758e-12
-4.70872e-11
7.75774e-08
-1.84638e-11
3.36612e-08
2.85903e-12
-6.77755e-12
3.05823e-08
3.34352e-12
-1.73036e-11
7.01363e-08
1.91294e-17
-2.46115e-11
9.84875e-08
-3.34356e-12
-2.46115e-11
9.84875e-08
-2.85911e-12
-1.73038e-11
7.01363e-08
-6.77755e-12
3.05823e-08
9.96809e-13
1.51727e-08
9.15216e-13
3.50429e-08
-1.23779e-17
4.9549e-08
-9.15257e-13
4.9549e-08
-9.96878e-13
3.50429e-08
1.51727e-08
1.73393e-12
-3.40786e-11
1.5338e-08
2.47982e-12
-8.7819e-11
3.68919e-08
1.28001e-16
-1.27923e-10
5.12629e-08
-2.47957e-12
-1.27923e-10
5.12629e-08
-1.73378e-12
-8.7819e-11
3.68919e-08
-3.40769e-11
1.5338e-08
2.03356e-12
-3.16832e-11
1.88929e-08
2.86233e-12
-8.15454e-11
4.50966e-08
1.63296e-16
-1.18636e-10
6.27224e-08
-2.86201e-12
-1.18636e-10
6.27224e-08
-2.03337e-12
-8.15453e-11
4.50966e-08
-3.16813e-11
1.88929e-08
2.30966e-12
-2.84177e-11
2.29889e-08
3.19759e-12
-7.30216e-11
5.44042e-08
2.06631e-16
-1.06064e-10
7.57492e-08
-3.19718e-12
-1.06064e-10
7.57492e-08
-2.30942e-12
-7.30214e-11
5.44042e-08
-2.84158e-11
2.29889e-08
2.52044e-12
-2.40289e-11
2.73973e-08
3.41403e-12
-6.16135e-11
6.42438e-08
2.56699e-16
-8.92983e-11
8.95647e-08
-3.41352e-12
-8.92982e-11
8.95647e-08
-2.52014e-12
-6.16132e-11
6.42438e-08
-2.40275e-11
2.73973e-08
2.58286e-12
-1.83157e-11
3.14669e-08
3.39667e-12
-4.68447e-11
7.3112e-08
3.08681e-16
-6.76777e-11
1.02095e-07
-3.39606e-12
-6.76777e-11
1.02095e-07
-2.58249e-12
-4.68445e-11
7.3112e-08
-1.83143e-11
3.14669e-08
2.37762e-12
-1.13688e-11
3.36518e-08
2.99524e-12
-2.90083e-11
7.7559e-08
3.47104e-16
-4.16933e-11
1.08548e-07
-2.99457e-12
-4.16933e-11
1.08548e-07
-2.37718e-12
-2.9008e-11
7.7559e-08
-1.13684e-11
3.36518e-08
1.76117e-12
-4.17417e-12
3.05733e-08
2.05995e-12
-1.06611e-11
7.01176e-08
3.34543e-16
-1.51644e-11
9.8463e-08
-2.05933e-12
-1.51645e-11
9.8463e-08
-1.76072e-12
-1.0661e-11
7.01176e-08
-4.17434e-12
3.05733e-08
6.13399e-13
1.51679e-08
5.6273e-13
3.50323e-08
1.82137e-16
4.95344e-08
-5.62442e-13
4.95344e-08
-6.1315e-13
3.50323e-08
1.51679e-08
1.07115e-12
-2.10708e-11
1.53359e-08
1.53258e-12
-5.42736e-11
3.68886e-08
6.47609e-17
-7.90561e-11
5.12602e-08
-1.53249e-12
-7.90562e-11
5.12602e-08
-1.0711e-12
-5.42738e-11
3.68886e-08
-2.10728e-11
1.53359e-08
1.25612e-12
-1.95903e-11
1.88902e-08
1.7688e-12
-5.03973e-11
4.50922e-08
7.95002e-17
-7.33163e-11
6.27184e-08
-1.76869e-12
-7.33164e-11
6.27184e-08
-1.25606e-12
-5.03974e-11
4.50922e-08
-1.95923e-11
1.88902e-08
1.4265e-12
-1.7572e-11
2.29855e-08
1.97571e-12
-4.51307e-11
5.43984e-08
9.3066e-17
-6.55472e-11
7.57435e-08
-1.9756e-12
-6.55473e-11
7.57435e-08
-1.42644e-12
-4.5131e-11
5.43984e-08
-1.75741e-11
2.29855e-08
1.55645e-12
-1.48591e-11
2.73931e-08
2.10909e-12
-3.8082e-11
6.42362e-08
1.01671e-16
-5.51876e-11
8.95564e-08
-2.10897e-12
-5.51877e-11
8.95564e-08
-1.55641e-12
-3.80823e-11
6.42362e-08
-1.48606e-11
2.73931e-08
1.5947e-12
-1.13272e-11
3.14617e-08
2.0979e-12
-2.89564e-11
7.31023e-08
9.90708e-17
-4.18288e-11
1.02084e-07
-2.09781e-12
-4.18288e-11
1.02084e-07
-1.59468e-12
-2.89566e-11
7.31023e-08
-1.13288e-11
3.14617e-08
1.46763e-12
-7.03196e-12
3.36461e-08
1.84942e-12
-1.79342e-11
7.75476e-08
7.66636e-17
-2.57732e-11
1.08534e-07
-1.84938e-12
-2.57733e-11
1.08534e-07
-1.46767e-12
-1.79345e-11
7.75476e-08
-7.0326e-12
3.36461e-08
1.08674e-12
-2.58254e-12
3.05678e-08
1.27143e-12
-6.59351e-12
7.01061e-08
3.17933e-17
-9.37803e-12
9.84479e-08
-1.27145e-12
-9.37804e-12
9.84479e-08
-1.08685e-12
-6.59364e-12
7.01061e-08
-2.5825e-12
3.05678e-08
3.78172e-13
1.5165e-08
3.46929e-13
3.50257e-08
-1.74518e-17
4.95254e-08
-3.46977e-13
4.95254e-08
-3.78261e-13
3.50257e-08
1.5165e-08
6.6227e-13
-1.30367e-11
1.53345e-08
9.47833e-13
-3.3573e-11
3.68866e-08
1.17047e-16
-4.89036e-11
5.12586e-08
-9.47604e-13
-4.89034e-11
5.12586e-08
-6.62136e-13
-3.3573e-11
3.68866e-08
-1.30349e-11
1.53345e-08
7.76586e-13
-1.21206e-11
1.88885e-08
1.09386e-12
-3.11745e-11
4.50895e-08
1.48303e-16
-4.5352e-11
6.2716e-08
-1.09357e-12
-4.53518e-11
6.2716e-08
-7.76416e-13
-3.11744e-11
4.50895e-08
-1.21187e-11
1.88885e-08
8.81851e-13
-1.08717e-11
2.29833e-08
1.22174e-12
-2.7916e-11
5.43948e-08
1.86119e-16
-4.05451e-11
7.57399e-08
-1.22137e-12
-4.05449e-11
7.57399e-08
-8.81637e-13
-2.79157e-11
5.43948e-08
-1.08697e-11
2.29833e-08
9.62088e-13
-9.193e-12
2.73904e-08
1.30411e-12
-2.3555e-11
6.42315e-08
2.28765e-16
-3.41358e-11
8.95513e-08
-1.30365e-12
-3.41356e-11
8.95513e-08
-9.6181e-13
-2.35547e-11
6.42315e-08
-9.19161e-12
2.73904e-08
9.85592e-13
-7.00755e-12
3.14586e-08
1.29707e-12
-1.79095e-11
7.30964e-08
2.71508e-16
-2.58714e-11
1.02077e-07
-1.29652e-12
-2.58713e-11
1.02077e-07
-9.85254e-13
-1.79092e-11
7.30964e-08
-7.00607e-12
3.14586e-08
9.06886e-13
-4.34992e-12
3.36425e-08
1.14333e-12
-1.1091e-11
7.75405e-08
3.01315e-16
-1.59394e-11
1.08525e-07
-1.14273e-12
-1.59394e-11
1.08525e-07
-9.06478e-13
-1.10907e-11
7.75405e-08
-4.34943e-12
3.36425e-08
6.71336e-13
-1.59724e-12
3.05644e-08
7.85963e-13
-4.07657e-12
7.0099e-08
2.84908e-16
-5.79846e-12
9.84385e-08
-7.85423e-13
-5.79848e-12
9.84385e-08
-6.70923e-13
-4.07646e-12
7.0099e-08
-1.59739e-12
3.05644e-08
2.33462e-13
1.51631e-08
2.14532e-13
3.50217e-08
1.53197e-16
4.95198e-08
-2.14288e-13
4.95198e-08
-2.33234e-13
3.50217e-08
1.51631e-08
4.09675e-13
-8.06296e-12
1.53337e-08
5.8646e-13
-2.07684e-11
3.68853e-08
6.0344e-17
-3.02558e-11
5.12576e-08
-5.8638e-13
-3.02559e-11
5.12576e-08
-4.09638e-13
-2.07685e-11
3.68853e-08
-8.06489e-12
1.53337e-08
4.80389e-13
-7.49633e-12
1.88874e-08
6.76799e-13
-1.92846e-11
4.50878e-08
7.3593e-17
-2.80582e-11
6.27145e-08
-6.76708e-13
-2.80583e-11
6.27145e-08
-4.80346e-13
-1.92846e-11
4.50878e-08
-7.4983e-12
1.88874e-08
5.45499e-13
-6.72387e-12
2.2982e-08
7.55907e-13
-1.72687e-11
5.43926e-08
8.52192e-17
-2.5084e-11
7.57377e-08
-7.55808e-13
-2.50841e-11
7.57377e-08
-5.45456e-13
-1.72688e-11
5.43926e-08
-6.72593e-12
2.2982e-08
5.95125e-13
-5.6856e-12
2.73888e-08
8.06851e-13
-1.45709e-11
6.42286e-08
9.19718e-17
-2.11185e-11
8.95482e-08
-8.06758e-13
-2.11186e-11
8.95482e-08
-5.95102e-13
-1.4571e-11
6.42286e-08
-5.68704e-12
2.73888e-08
6.09658e-13
-4.33395e-12
3.14566e-08
8.02477e-13
-1.10785e-11
7.30927e-08
8.7796e-17
-1.60055e-11
1.02073e-07
-8.02411e-13
-1.60055e-11
1.02073e-07
-6.09662e-13
-1.10786e-11
7.30927e-08
-4.33552e-12
3.14566e-08
5.60971e-13
-2.69031e-12
3.36403e-08
7.07358e-13
-6.86063e-12
7.75362e-08
6.54697e-17
-9.86093e-12
1.0852e-07
-7.07339e-13
-9.86092e-12
1.0852e-07
-5.61041e-13
-6.86091e-12
7.75362e-08
-2.69091e-12
3.36403e-08
4.15274e-13
-9.87884e-13
3.05622e-08
4.86284e-13
-2.52174e-12
7.00945e-08
2.35951e-17
-3.58733e-12
9.84327e-08
-4.86328e-13
-3.58733e-12
9.84327e-08
-4.15405e-13
-2.52187e-12
7.00945e-08
-9.8784e-13
3.05622e-08
1.44431e-13
1.5162e-08
1.32779e-13
3.50192e-08
-2.0322e-17
4.95163e-08
-1.32831e-13
4.95163e-08
-1.44536e-13
3.50192e-08
1.5162e-08
2.53562e-13
-4.99129e-12
1.53332e-08
3.63026e-13
-1.28563e-11
3.68845e-08
7.99644e-17
-1.87297e-11
5.12569e-08
-3.62864e-13
-1.87294e-11
5.12569e-08
-2.53478e-13
-1.28561e-11
3.68845e-08
-4.98907e-12
1.53332e-08
2.97329e-13
-4.64054e-12
1.88868e-08
4.18951e-13
-1.19378e-11
4.50868e-08
1.0113e-16
-1.73692e-11
6.27135e-08
-4.18742e-13
-1.7369e-11
6.27135e-08
-2.97222e-13
-1.19374e-11
4.50868e-08
-4.63824e-12
1.88868e-08
3.3763e-13
-4.16236e-12
2.29812e-08
4.67928e-13
-1.06898e-11
5.43912e-08
1.26706e-16
-1.5528e-11
7.57363e-08
-4.67664e-13
-1.55278e-11
7.57363e-08
-3.37492e-13
-1.06894e-11
5.43912e-08
-4.16e-12
2.29812e-08
3.68348e-13
-3.51964e-12
2.73878e-08
4.99478e-13
-9.01978e-12
6.42268e-08
1.55162e-16
-1.30732e-11
8.95462e-08
-4.99151e-13
-1.3073e-11
8.95462e-08
-3.68162e-13
-9.01927e-12
6.42268e-08
-3.51799e-12
2.73878e-08
3.77348e-13
-2.68293e-12
3.14554e-08
4.96794e-13
-6.85787e-12
7.30904e-08
1.82732e-16
-9.90796e-12
1.0207e-07
-4.96403e-13
-9.90784e-12
1.0207e-07
-3.77115e-13
-6.85746e-12
7.30904e-08
-2.68118e-12
3.14554e-08
3.4722e-13
-1.66541e-12
3.36389e-08
4.37945e-13
-4.24688e-12
7.75335e-08
2.00862e-16
-6.10422e-12
1.08516e-07
-4.37522e-13
-6.10417e-12
1.08516e-07
-3.46923e-13
-4.24647e-12
7.75335e-08
-1.66479e-12
3.36389e-08
2.57046e-13
-6.1152e-13
3.05609e-08
3.01121e-13
-1.56097e-12
7.00918e-08
1.86257e-16
-2.22064e-12
9.84292e-08
-3.00744e-13
-2.22065e-12
9.84292e-08
-2.56732e-13
-1.56082e-12
7.00918e-08
-6.11644e-13
3.05609e-08
8.94037e-14
1.51613e-08
8.22694e-14
3.50176e-08
9.67247e-17
4.95142e-08
-8.21131e-14
4.95142e-08
-8.92246e-14
3.50176e-08
1.51613e-08
1.56996e-13
-3.08947e-12
1.53329e-08
2.24771e-13
-7.95869e-12
3.6884e-08
2.27814e-17
-1.15953e-11
5.12565e-08
-2.24756e-13
-1.15954e-11
5.12565e-08
-1.56998e-13
-7.95869e-12
3.6884e-08
-3.09117e-12
1.53329e-08
1.841e-13
-2.87233e-12
1.88864e-08
2.59402e-13
-7.39003e-12
4.50861e-08
2.70603e-17
-1.0753e-11
6.27129e-08
-2.5939e-13
-1.07531e-11
6.27129e-08
-1.84105e-13
-7.39005e-12
4.50861e-08
-2.8741e-12
1.88864e-08
2.09061e-13
-2.57633e-12
2.29807e-08
2.89733e-13
-6.61751e-12
5.43903e-08
2.86738e-17
-9.61321e-12
7.57354e-08
-2.8973e-13
-9.61326e-12
7.57354e-08
-2.09074e-13
-6.61761e-12
5.43903e-08
-2.57821e-12
2.29807e-08
2.28093e-13
-2.17849e-12
2.73872e-08
3.09276e-13
-5.58367e-12
6.42257e-08
2.53394e-17
-8.09347e-12
8.9545e-08
-3.09293e-13
-8.09351e-12
8.9545e-08
-2.28133e-13
-5.58385e-12
6.42257e-08
-2.17974e-12
2.73872e-08
2.33681e-13
-1.66059e-12
3.14546e-08
3.07626e-13
-4.24536e-12
7.3089e-08
1.34072e-17
-6.13399e-12
1.02068e-07
-3.0768e-13
-6.13401e-12
1.02068e-07
-2.33752e-13
-4.2455e-12
7.3089e-08
-1.66204e-12
3.14546e-08
2.15046e-13
-1.03082e-12
3.36381e-08
2.71201e-13
-2.62912e-12
7.75318e-08
-9.65168e-18
-3.77923e-12
1.08514e-07
-2.71298e-13
-3.77924e-12
1.08514e-07
-2.15177e-13
-2.62939e-12
7.75318e-08
-1.03139e-12
3.36381e-08
1.59226e-13
-3.78537e-13
3.05601e-08
1.86491e-13
-9.6644e-13
7.00901e-08
-3.76077e-17
-1.37497e-12
9.84269e-08
-1.86626e-13
-1.37497e-12
9.84269e-08
-1.59403e-13
-9.66573e-13
7.00901e-08
-3.78498e-13
3.05601e-08
5.54077e-14
1.51609e-08
5.09686e-14
3.50167e-08
-4.28648e-17
4.95129e-08
-5.10511e-14
4.95129e-08
-5.55261e-14
3.50167e-08
1.51609e-08
9.72364e-14
-1.91346e-12
1.53327e-08
1.39223e-13
-4.92881e-12
3.68837e-08
9.67945e-17
-7.1807e-12
5.12563e-08
-1.39026e-13
-7.18051e-12
5.12563e-08
-9.7121e-14
-4.92875e-12
3.68837e-08
-1.91125e-12
1.53327e-08
1.14023e-13
-1.77901e-12
1.88861e-08
1.60678e-13
-4.57665e-12
4.50857e-08
1.23551e-16
-6.65911e-12
6.27126e-08
-1.60423e-13
-6.65893e-12
6.27126e-08
-1.13876e-13
-4.57649e-12
4.50857e-08
-1.7767e-12
1.88861e-08
1.29483e-13
-1.59569e-12
2.29804e-08
1.79474e-13
-4.09818e-12
5.43898e-08
1.57015e-16
-5.95314e-12
7.57349e-08
-1.79148e-13
-5.95298e-12
7.57349e-08
-1.29294e-13
-4.09791e-12
5.43898e-08
-1.59329e-12
2.29804e-08
1.4127e-13
-1.34929e-12
2.73868e-08
1.91594e-13
-3.45789e-12
6.4225e-08
1.96803e-16
-5.01193e-12
8.95442e-08
-1.91183e-13
-5.0118e-12
8.95442e-08
-1.41019e-13
-3.45751e-12
6.4225e-08
-1.34762e-12
2.73868e-08
1.44732e-13
-1.02851e-12
3.14542e-08
1.90591e-13
-2.62902e-12
7.30881e-08
2.39733e-16
-3.79839e-12
1.02067e-07
-1.90088e-13
-3.7983e-12
1.02067e-07
-1.44418e-13
-2.62873e-12
7.30881e-08
-1.02672e-12
3.14542e-08
1.33189e-13
-6.38418e-13
3.36376e-08
1.68052e-13
-1.62801e-12
7.75308e-08
2.74424e-16
-2.34006e-12
1.08513e-07
-1.67486e-13
-2.34005e-12
1.08513e-07
-1.32795e-13
-1.62767e-12
7.75308e-08
-6.37782e-13
3.36376e-08
9.86137e-14
-2.34399e-13
3.05596e-08
1.15596e-13
-5.98333e-13
7.00891e-08
2.70214e-16
-8.51223e-13
9.84256e-08
-1.1506e-13
-8.51248e-13
9.84256e-08
-9.81993e-14
-5.98229e-13
7.00891e-08
-2.3453e-13
3.05596e-08
3.43089e-14
1.51606e-08
3.16249e-14
3.50161e-08
1.51591e-16
4.9512e-08
-3.13695e-14
4.9512e-08
-3.40736e-14
3.50161e-08
1.51606e-08
6.02057e-14
-1.18449e-12
1.53326e-08
8.62101e-14
-3.05147e-12
3.68835e-08
3.85763e-17
-4.44591e-12
5.12561e-08
-8.61676e-14
-4.44597e-12
5.12561e-08
-6.01973e-14
-3.0514e-12
3.68835e-08
-1.18574e-12
1.53326e-08
7.06004e-14
-1.10124e-12
1.8886e-08
9.94946e-14
-2.83345e-12
4.50855e-08
4.6598e-17
-4.12299e-12
6.27123e-08
-9.94478e-14
-4.12303e-12
6.27123e-08
-7.05936e-14
-2.83339e-12
4.50855e-08
-1.10254e-12
1.8886e-08
8.01737e-14
-9.87766e-13
2.29802e-08
1.11131e-13
-2.53728e-12
5.43895e-08
5.31845e-17
-3.68598e-12
7.57346e-08
-1.11084e-13
-3.686e-12
7.57346e-08
-8.01729e-14
-2.53729e-12
5.43895e-08
-9.89195e-13
2.29802e-08
8.74739e-14
-8.35239e-13
2.73865e-08
1.1863e-13
-2.14091e-12
6.42246e-08
5.60718e-17
-3.10329e-12
8.95438e-08
-1.18592e-13
-3.10329e-12
8.95438e-08
-8.74972e-14
-2.14097e-12
6.42246e-08
-8.36037e-13
2.73865e-08
8.96192e-14
-6.36677e-13
3.14539e-08
1.18001e-13
-1.62779e-12
7.30876e-08
5.07796e-17
-2.35199e-12
1.02067e-07
-1.17988e-13
-2.35198e-12
1.02067e-07
-8.96686e-14
-1.62782e-12
7.30876e-08
-6.37798e-13
3.14539e-08
8.24743e-14
-3.95237e-13
3.36373e-08
1.04032e-13
-1.00811e-12
7.75301e-08
3.19984e-17
-1.44916e-12
1.08512e-07
-1.04055e-13
-1.44912e-12
1.08512e-07
-8.25805e-14
-1.00831e-12
7.75301e-08
-3.95641e-13
3.36373e-08
6.10693e-14
-1.45155e-13
3.05593e-08
7.15377e-14
-3.70622e-13
7.00884e-08
-1.49501e-18
-5.27302e-13
9.84247e-08
-7.16076e-14
-5.27279e-13
9.84247e-08
-6.12226e-14
-3.70724e-13
7.00884e-08
-1.45087e-13
3.05593e-08
2.12534e-14
1.51604e-08
1.95476e-14
3.50157e-08
-2.79554e-17
4.95115e-08
-1.96079e-14
4.95115e-08
-2.13627e-14
3.50157e-08
1.51604e-08
3.73163e-14
-7.33737e-13
1.53325e-08
5.34297e-14
-1.89022e-12
3.68834e-08
8.74493e-17
-2.75389e-12
5.1256e-08
-5.32495e-14
-2.75366e-12
5.1256e-08
-3.72192e-14
-1.89009e-12
3.68834e-08
-7.30984e-13
1.53325e-08
4.37596e-14
-6.82192e-13
1.88859e-08
6.16668e-14
-1.75518e-12
4.50853e-08
1.10687e-16
-2.55387e-12
6.27122e-08
-6.14337e-14
-2.55365e-12
6.27122e-08
-4.36353e-14
-1.75495e-12
4.50853e-08
-6.79363e-13
1.88859e-08
4.9695e-14
-6.11901e-13
2.29801e-08
6.88856e-14
-1.57171e-12
5.43893e-08
1.40096e-16
-2.28314e-12
7.57344e-08
-6.85868e-14
-2.28294e-12
7.57344e-08
-4.95341e-14
-1.57136e-12
5.43893e-08
-6.08977e-13
2.29801e-08
5.42229e-14
-5.17417e-13
2.73864e-08
7.35452e-14
-1.32616e-12
6.42243e-08
1.752e-16
-1.92217e-12
8.95435e-08
-7.31675e-14
-1.922e-12
8.95435e-08
-5.40029e-14
-1.32569e-12
6.42243e-08
-5.15276e-13
2.73864e-08
5.5557e-14
-3.94411e-13
3.14537e-08
7.31718e-14
-1.00829e-12
7.30873e-08
2.13517e-16
-1.45676e-12
1.02066e-07
-7.27062e-14
-1.45665e-12
1.02066e-07
-5.52757e-14
-1.0079e-12
7.30873e-08
-3.92219e-13
3.14537e-08
5.11334e-14
-2.44831e-13
3.36371e-08
6.45342e-14
-6.24414e-13
7.75297e-08
2.45336e-16
-8.97502e-13
1.08512e-07
-6.40078e-14
-8.97472e-13
1.08512e-07
-5.07651e-14
-6.23991e-13
7.75297e-08
-2.44048e-13
3.36371e-08
3.78683e-14
-8.99055e-14
3.05591e-08
4.44093e-14
-2.29528e-13
7.0088e-08
2.41541e-16
-3.26518e-13
9.84242e-08
-4.39117e-14
-3.26537e-13
9.84242e-08
-3.74697e-14
-2.2939e-13
7.0088e-08
-9.00613e-14
3.05591e-08
1.3181e-14
1.51603e-08
1.2166e-14
3.50155e-08
1.36168e-16
4.95112e-08
-1.19369e-14
4.95112e-08
-1.29514e-14
3.50155e-08
1.51603e-08
2.31405e-14
-4.5366e-13
1.53325e-08
3.31387e-14
-1.1694e-12
3.68834e-08
8.09192e-17
-1.70423e-12
5.1256e-08
-3.30088e-14
-1.70418e-12
5.1256e-08
-2.30903e-14
-1.16931e-12
3.68834e-08
-4.53447e-13
1.53325e-08
2.71398e-14
-4.21788e-13
1.88858e-08
3.82528e-14
-1.08588e-12
4.50852e-08
1.01356e-16
-1.58048e-12
6.27121e-08
-3.80907e-14
-1.58043e-12
6.27121e-08
-2.70779e-14
-1.08577e-12
4.50852e-08
-4.21638e-13
1.88858e-08
3.08276e-14
-3.78335e-13
2.298e-08
4.27385e-14
-9.72432e-13
5.43892e-08
1.25179e-16
-1.41302e-12
7.57342e-08
-4.25392e-14
-1.41297e-12
7.57342e-08
-3.07524e-14
-9.72355e-13
5.43892e-08
-3.78325e-13
2.298e-08
3.36464e-14
-3.19916e-13
2.73863e-08
4.5641e-14
-8.20559e-13
6.42242e-08
1.50659e-16
-1.18968e-12
8.95433e-08
-4.54021e-14
-1.18964e-12
8.95433e-08
-3.35673e-14
-8.20493e-13
6.42242e-08
-3.19467e-13
2.73863e-08
3.44892e-14
-2.43873e-13
3.14536e-08
4.54264e-14
-6.23938e-13
7.3087e-08
1.74182e-16
-9.01707e-13
1.02066e-07
-4.51543e-14
-9.01688e-13
1.02066e-07
-3.43977e-14
-6.23815e-13
7.3087e-08
-2.4402e-13
3.14536e-08
3.17639e-14
-1.51422e-13
3.36369e-08
4.00864e-14
-3.86523e-13
7.75295e-08
1.84543e-16
-5.55701e-13
1.08511e-07
-3.97975e-14
-5.5569e-13
1.08511e-07
-3.16815e-14
-3.86593e-13
7.75295e-08
-1.51536e-13
3.36369e-08
2.35503e-14
-5.56495e-14
3.0559e-08
2.76122e-14
-1.422e-13
7.00878e-08
1.61129e-16
-2.02323e-13
9.84239e-08
-2.73698e-14
-2.02348e-13
9.84239e-08
-2.34983e-14
-1.42303e-13
7.00878e-08
-5.57312e-14
3.0559e-08
8.22237e-15
1.51603e-08
7.584e-15
3.50153e-08
7.08558e-17
4.9511e-08
-7.48739e-15
4.9511e-08
-8.21159e-15
3.50153e-08
1.51603e-08
1.4379e-14
-2.80629e-13
1.53324e-08
2.05943e-14
-7.23414e-13
3.68833e-08
1.63007e-16
-1.05429e-12
5.12559e-08
-2.02784e-14
-1.05378e-12
5.12559e-08
-1.42319e-14
-7.22733e-13
3.68833e-08
-2.75916e-13
1.53324e-08
1.68655e-14
-2.60919e-13
1.88858e-08
2.3779e-14
-6.7169e-13
4.50852e-08
2.05335e-16
-9.77623e-13
6.27121e-08
-2.3375e-14
-9.77111e-13
6.27121e-08
-1.66802e-14
-6.70818e-13
4.50852e-08
-2.56086e-13
1.88858e-08
1.91585e-14
-2.34048e-13
2.29799e-08
2.65765e-14
-6.01467e-13
5.43891e-08
2.57335e-16
-8.73921e-13
7.57342e-08
-2.60636e-14
-8.7344e-13
7.57342e-08
-1.89243e-14
-6.00534e-13
5.43891e-08
-2.29168e-13
2.29799e-08
2.09108e-14
-1.97925e-13
2.73862e-08
2.83933e-14
-5.07473e-13
6.42241e-08
3.17037e-16
-7.35678e-13
8.95432e-08
-2.7754e-14
-7.35247e-13
8.95432e-08
-2.06064e-14
-5.06389e-13
6.42241e-08
-1.9373e-13
2.73862e-08
2.14336e-14
-1.50886e-13
3.14535e-08
2.82745e-14
-3.85833e-13
7.30869e-08
3.76716e-16
-5.57482e-13
1.02066e-07
-2.75035e-14
-5.57168e-13
1.02066e-07
-2.10491e-14
-3.84854e-13
7.30869e-08
-1.473e-13
3.14535e-08
1.9736e-14
-9.36715e-14
3.36368e-08
2.49662e-14
-2.38938e-13
7.75293e-08
4.12615e-16
-3.43428e-13
1.08511e-07
-2.41188e-14
-3.43301e-13
1.08511e-07
-1.9251e-14
-2.38251e-13
7.75293e-08
-9.23146e-14
3.36369e-08
1.4622e-14
-3.43974e-14
3.05589e-08
1.72078e-14
-8.7843e-14
7.00876e-08
3.69538e-16
-1.24953e-13
9.84237e-08
-1.64641e-14
-1.24976e-13
9.84237e-08
-1.41289e-14
-8.77224e-14
7.00876e-08
-3.45924e-14
3.05589e-08
5.08967e-15
1.51602e-08
4.73082e-15
3.50152e-08
1.68389e-16
4.95109e-08
-4.44641e-15
4.95109e-08
-4.83217e-15
3.50152e-08
1.51602e-08
8.6382e-15
-1.75595e-13
1.53324e-08
1.23917e-14
-4.49918e-13
3.68833e-08
-2.89427e-16
-6.54307e-13
5.12559e-08
-1.2965e-14
-6.54181e-13
5.12559e-08
-9.03572e-15
-4.49011e-13
3.68833e-08
-1.78207e-13
1.53324e-08
1.0113e-14
-1.632e-13
1.88858e-08
1.42669e-14
-4.17714e-13
4.50851e-08
-3.7586e-16
-6.0672e-13
6.2712e-08
-1.50129e-14
-6.0658e-13
6.2712e-08
-1.06187e-14
-4.16965e-13
4.50851e-08
-1.66004e-13
1.88858e-08
1.14548e-14
-1.46323e-13
2.29799e-08
1.58798e-14
-3.73967e-13
5.4389e-08
-4.90073e-16
-5.42331e-13
7.57341e-08
-1.68491e-14
-5.42162e-13
7.57341e-08
-1.20988e-14
-3.73372e-13
5.4389e-08
-1.49405e-13
2.29799e-08
1.24513e-14
-1.23678e-13
2.73862e-08
1.68627e-14
-3.1548e-13
6.4224e-08
-6.36403e-16
-4.56526e-13
8.95431e-08
-1.81129e-14
-4.56324e-13
8.95431e-08
-1.32752e-14
-3.15123e-13
6.4224e-08
-1.26279e-13
2.73862e-08
1.26858e-14
-9.42285e-14
3.14535e-08
1.66355e-14
-2.39793e-13
7.30868e-08
-8.11327e-16
-3.45916e-13
1.02066e-07
-1.82141e-14
-3.457e-13
1.02066e-07
-1.37141e-14
-2.39591e-13
7.30868e-08
-9.66072e-14
3.14535e-08
1.15739e-14
-5.84098e-14
3.36368e-08
1.44642e-14
-1.48355e-13
7.75292e-08
-9.82042e-16
-2.12963e-13
1.08511e-07
-1.6336e-14
-2.12733e-13
1.08511e-07
-1.28128e-14
-1.4832e-13
7.75292e-08
-5.90311e-14
3.36368e-08
8.44587e-15
-2.13658e-14
3.05589e-08
9.68292e-15
-5.43955e-14
7.00875e-08
-1.02979e-15
-7.73259e-14
9.84235e-08
-1.15736e-14
-7.71647e-14
9.84235e-08
-9.70206e-15
-5.42823e-14
7.00875e-08
-2.09306e-14
3.05589e-08
2.83586e-15
1.51602e-08
2.40286e-15
3.50152e-08
-6.19756e-16
4.95108e-08
-3.44106e-15
4.95108e-08
-3.53663e-15
3.50152e-08
1.51602e-08
5.43803e-15
-1.0755e-13
1.53324e-08
7.76746e-15
-2.77605e-13
3.68833e-08
-8.19043e-17
-4.04552e-13
5.12559e-08
-7.88024e-15
-4.0457e-13
5.12559e-08
-5.46802e-15
-2.77976e-13
3.68833e-08
-1.07531e-13
1.53324e-08
6.37969e-15
-9.99514e-14
1.88857e-08
8.96329e-15
-2.57725e-13
4.50851e-08
-9.85745e-17
-3.75118e-13
6.2712e-08
-9.09459e-15
-3.75158e-13
6.2712e-08
-6.40965e-15
-2.58098e-13
4.50851e-08
-9.98727e-14
1.88857e-08
7.24851e-15
-8.96212e-14
2.29799e-08
1.00104e-14
-2.30745e-13
5.4389e-08
-1.13925e-16
-3.35321e-13
7.57341e-08
-1.01558e-14
-3.35388e-13
7.57341e-08
-7.27077e-15
-2.31058e-13
5.4389e-08
-8.93893e-14
2.29799e-08
7.91555e-15
-7.57538e-14
2.73862e-08
1.06877e-14
-1.94669e-13
6.42239e-08
-1.22029e-16
-2.82301e-13
8.95431e-08
-1.08322e-14
-2.82392e-13
8.95431e-08
-7.90633e-15
-1.94941e-13
6.4224e-08
-7.6056e-14
2.73862e-08
8.12358e-15
-5.77203e-14
3.14535e-08
1.06418e-14
-1.47982e-13
7.30868e-08
-1.11228e-16
-2.13934e-13
1.02066e-07
-1.07492e-14
-2.14054e-13
1.02066e-07
-8.07065e-15
-1.48303e-13
7.30868e-08
-5.75192e-14
3.14535e-08
7.50142e-15
-3.57979e-14
3.36368e-08
9.4123e-15
-9.15903e-14
7.75292e-08
-6.18503e-17
-1.31758e-13
1.08511e-07
-9.43049e-15
-1.31877e-13
1.08511e-07
-7.36131e-15
-9.16794e-14
7.75292e-08
-3.58676e-14
3.36368e-08
5.59649e-15
-1.31188e-14
3.05588e-08
6.53448e-15
-3.36112e-14
7.00875e-08
3.72964e-17
-4.7867e-14
9.84235e-08
-6.3935e-15
-4.79162e-14
9.84235e-08
-5.35907e-15
-3.36249e-14
7.00875e-08
-1.32616e-14
3.05588e-08
1.99184e-15
1.51602e-08
1.86207e-15
3.50151e-08
1.16394e-16
4.95108e-08
-1.64612e-15
4.95108e-08
-1.78487e-15
3.50151e-08
1.51602e-08
3.44356e-15
-6.64341e-14
1.53324e-08
4.88939e-15
-1.71727e-13
3.68833e-08
-4.49633e-18
-2.50438e-13
5.12559e-08
-4.91007e-15
-2.50724e-13
5.12559e-08
-3.42361e-15
-1.72084e-13
3.68833e-08
-6.888e-14
1.53324e-08
4.04424e-15
-6.17679e-14
1.88857e-08
5.65132e-15
-1.5944e-13
4.50851e-08
-1.02507e-18
-2.32245e-13
6.2712e-08
-5.67517e-15
-2.32523e-13
6.2712e-08
-4.02045e-15
-1.59873e-13
4.50851e-08
-6.4218e-14
1.88857e-08
4.60232e-15
-5.54098e-14
2.29799e-08
6.32574e-15
-1.42774e-13
5.4389e-08
4.37064e-18
-2.07653e-13
7.57341e-08
-6.35132e-15
-2.07915e-13
7.57341e-08
-4.57669e-15
-1.43291e-13
5.4389e-08
-5.78906e-14
2.29799e-08
5.03568e-15
-4.68613e-14
2.73862e-08
6.77329e-15
-1.20466e-13
6.42239e-08
1.31575e-17
-1.7486e-13
8.95431e-08
-6.79808e-15
-1.75087e-13
8.95431e-08
-5.02373e-15
-1.2107e-13
6.42239e-08
-4.85263e-14
2.73862e-08
5.17987e-15
-3.57313e-14
3.14534e-08
6.76862e-15
-9.15979e-14
7.30868e-08
2.66862e-17
-1.32556e-13
1.02066e-07
-6.79063e-15
-1.32736e-13
1.02066e-07
-5.17883e-15
-9.20834e-14
7.30868e-08
-3.75305e-14
3.14534e-08
4.7948e-15
-2.21859e-14
3.36368e-08
6.01179e-15
-5.67468e-14
7.75291e-08
4.28841e-17
-8.17126e-14
1.08511e-07
-6.0144e-15
-8.18035e-14
1.08511e-07
-4.83743e-15
-5.72431e-14
7.75291e-08
-2.28794e-14
3.36368e-08
3.58146e-15
-8.16016e-15
3.05588e-08
4.18861e-15
-2.08758e-14
7.00874e-08
5.33173e-17
-2.97677e-14
9.84234e-08
-4.16533e-15
-2.97855e-14
9.84234e-08
-3.66654e-15
-2.10832e-14
7.00874e-08
-8.08238e-15
3.05588e-08
1.26899e-15
1.51602e-08
1.19069e-15
3.50151e-08
2.92896e-17
4.95108e-08
-1.14364e-15
4.95108e-08
-1.3371e-15
3.50151e-08
1.51602e-08
2.09123e-15
-4.17132e-14
1.53324e-08
3.01859e-15
-1.07135e-13
3.68833e-08
3.40995e-17
-1.5603e-13
5.12559e-08
-2.92966e-15
-1.55932e-13
5.12559e-08
-2.05255e-15
-1.07298e-13
3.68833e-08
-3.96509e-14
1.53324e-08
2.451e-15
-3.87794e-14
1.88857e-08
3.48572e-15
-9.94804e-14
4.50851e-08
4.62708e-17
-1.44673e-13
6.2712e-08
-3.36507e-15
-1.44599e-13
6.2712e-08
-2.39867e-15
-9.95487e-14
4.50851e-08
-3.66517e-14
1.88857e-08
2.78111e-15
-3.47761e-14
2.29799e-08
3.89622e-15
-8.9062e-14
5.4389e-08
6.39946e-17
-1.29285e-13
7.57341e-08
-3.7332e-15
-1.29225e-13
7.57341e-08
-2.7073e-15
-8.89971e-14
5.4389e-08
-3.25437e-14
2.29799e-08
3.03085e-15
-2.93988e-14
2.73862e-08
4.16346e-15
-7.51295e-14
6.42239e-08
8.83617e-17
-1.08801e-13
8.9543e-08
-3.94516e-15
-1.08767e-13
8.9543e-08
-2.91353e-15
-7.49321e-14
6.42239e-08
-2.792e-14
2.73862e-08
3.09956e-15
-2.24021e-14
3.14534e-08
4.14686e-15
-5.70992e-14
7.30867e-08
1.18717e-16
-8.24013e-14
1.02066e-07
-3.86031e-15
-8.23913e-14
1.02066e-07
-2.93645e-15
-5.69379e-14
7.30867e-08
-2.07319e-14
3.14534e-08
2.84408e-15
-1.38863e-14
3.36367e-08
3.66199e-15
-3.53052e-14
7.75291e-08
1.49199e-16
-5.06695e-14
1.08511e-07
-3.3228e-15
-5.07e-14
1.08511e-07
-2.60579e-15
-3.50027e-14
7.75291e-08
-1.32896e-14
3.36367e-08
2.09583e-15
-5.07587e-15
3.05588e-08
2.52305e-15
-1.29184e-14
7.00874e-08
1.59242e-16
-1.83376e-14
9.84234e-08
-2.18743e-15
-1.8365e-14
9.84234e-08
-1.81471e-15
-1.27863e-14
7.00874e-08
-5.18434e-15
3.05588e-08
7.21137e-16
1.51602e-08
6.91265e-16
3.50151e-08
9.66994e-17
4.95107e-08
-5.34962e-16
4.95107e-08
-5.44679e-16
3.50151e-08
1.51602e-08
1.38956e-15
-2.5465e-14
1.53324e-08
1.97558e-15
-6.60922e-14
3.68833e-08
1.00143e-16
-9.6574e-14
5.12559e-08
-1.80857e-15
-9.67421e-14
5.12559e-08
-1.28841e-15
-6.63873e-14
3.68833e-08
-2.63799e-14
1.53324e-08
1.63546e-15
-2.36925e-14
1.88857e-08
2.29123e-15
-6.13884e-14
4.50851e-08
1.26405e-16
-8.95913e-14
6.2712e-08
-2.08334e-15
-8.97474e-14
6.2712e-08
-1.51152e-15
-6.16734e-14
4.50851e-08
-2.46024e-14
1.88857e-08
1.86789e-15
-2.12624e-14
2.29799e-08
2.57724e-15
-5.49928e-14
5.4389e-08
1.57843e-16
-8.01437e-14
7.57341e-08
-2.32063e-15
-8.02921e-14
7.57341e-08
-1.71824e-15
-5.53059e-14
5.4389e-08
-2.22538e-14
2.29799e-08
2.0544e-15
-1.79871e-14
2.73861e-08
2.77886e-15
-4.64144e-14
6.42239e-08
1.93623e-16
-6.75195e-14
8.9543e-08
-2.46743e-15
-6.76419e-14
8.9543e-08
-1.88909e-15
-4.67417e-14
6.42239e-08
-1.83404e-14
2.73861e-08
2.12939e-15
-1.37172e-14
3.14534e-08
2.80554e-15
-3.53157e-14
7.30867e-08
2.2999e-16
-5.12228e-14
1.02066e-07
-2.44299e-15
-5.13267e-14
1.02066e-07
-1.94103e-15
-3.55058e-14
7.30867e-08
-1.45199e-14
3.14534e-08
1.99386e-15
-8.51599e-15
3.36367e-08
2.53208e-15
-2.19031e-14
7.75291e-08
2.54313e-16
-3.16293e-14
1.08511e-07
-2.13109e-15
-3.16944e-14
1.08511e-07
-1.81508e-15
-2.22104e-14
7.75291e-08
-8.87341e-15
3.36367e-08
1.51778e-15
-3.12285e-15
3.05588e-08
1.81532e-15
-8.08239e-15
7.00874e-08
2.38127e-16
-1.15713e-14
9.84234e-08
-1.44665e-15
-1.16143e-14
9.84234e-08
-1.38153e-15
-8.26646e-15
7.00874e-08
-3.16569e-15
3.05588e-08
5.61128e-16
1.51602e-08
5.62938e-16
3.50151e-08
1.1972e-16
4.95107e-08
-3.71978e-16
4.95107e-08
-5.07526e-16
3.50151e-08
1.51602e-08
8.73763e-16
-1.53778e-14
1.53324e-08
1.23975e-15
-4.01296e-14
3.68832e-08
6.88617e-17
-5.88009e-14
5.12559e-08
-1.09e-15
-5.8353e-14
5.12559e-08
-8.14179e-16
-3.9363e-14
3.68832e-08
-1.07404e-14
1.53324e-08
1.02719e-15
-1.43169e-14
1.88857e-08
1.43709e-15
-3.73049e-14
4.50851e-08
8.7641e-17
-5.4556e-14
6.2712e-08
-1.24015e-15
-5.41288e-14
6.2712e-08
-9.48031e-16
-3.64671e-14
4.50851e-08
-9.65557e-15
1.88857e-08
1.17121e-15
-1.2875e-14
2.29799e-08
1.61425e-15
-3.34895e-14
5.4389e-08
1.11814e-16
-4.88495e-14
7.57341e-08
-1.35705e-15
-4.84667e-14
7.57341e-08
-1.06427e-15
-3.26007e-14
5.4389e-08
-8.12597e-15
2.29799e-08
1.28428e-15
-1.09075e-14
2.73861e-08
1.73558e-15
-2.832e-14
6.42239e-08
1.40329e-16
-4.11844e-14
8.9543e-08
-1.40461e-15
-4.08662e-14
8.9543e-08
-1.12881e-15
-2.73513e-14
6.42239e-08
-6.90691e-15
2.73861e-08
1.32392e-15
-8.35055e-15
3.14534e-08
1.74182e-15
-2.16183e-14
7.30867e-08
1.69238e-16
-3.1301e-14
1.02066e-07
-1.32961e-15
-3.10705e-14
1.02066e-07
-1.10738e-15
-2.07352e-14
7.30867e-08
-4.81998e-15
3.14534e-08
1.22663e-15
-5.26163e-15
3.36367e-08
1.55087e-15
-1.35539e-14
7.75291e-08
1.85937e-16
-1.94707e-14
1.08511e-07
-1.09004e-15
-1.93613e-14
1.08511e-07
-9.17543e-16
-1.2815e-14
7.75291e-08
-3.85708e-15
3.36367e-08
9.14443e-16
-2.01343e-15
3.05588e-08
1.07511e-15
-5.14172e-15
7.00874e-08
1.63573e-16
-7.27177e-15
9.84234e-08
-6.74233e-16
-7.27235e-15
9.84234e-08
-5.7766e-16
-4.9086e-15
7.00874e-08
-2.09513e-15
3.05588e-08
3.196e-16
1.51602e-08
2.90599e-16
3.50151e-08
7.03562e-17
4.95107e-08
-1.62811e-16
4.95107e-08
-1.37397e-16
3.50151e-08
1.51602e-08
4.38072e-16
-1.04876e-14
1.53324e-08
6.98382e-16
-2.58499e-14
3.68832e-08
2.78008e-17
-3.73568e-14
5.12559e-08
-6.44913e-16
-3.73542e-14
5.12559e-08
-3.99611e-16
-2.59865e-14
3.68832e-08
-1.04088e-14
1.53324e-08
5.07818e-16
-9.72477e-15
1.88857e-08
8.00481e-16
-2.39911e-14
4.50851e-08
3.01364e-17
-3.46379e-14
6.2712e-08
-7.39559e-16
-3.46375e-14
6.2712e-08
-4.62349e-16
-2.4103e-14
4.50851e-08
-9.64146e-15
1.88857e-08
5.67382e-16
-8.68366e-15
2.29799e-08
8.85318e-16
-2.14524e-14
5.4389e-08
3.05267e-17
-3.0938e-14
7.5734e-08
-8.19291e-16
-3.09326e-14
7.5734e-08
-5.15625e-16
-2.15292e-14
5.4389e-08
-8.59985e-15
2.29799e-08
6.04915e-16
-7.30138e-15
2.73861e-08
9.31009e-16
-1.80629e-14
6.42239e-08
2.70651e-17
-2.60104e-14
8.9543e-08
-8.65256e-16
-2.60081e-14
8.9543e-08
-5.49255e-16
-1.81012e-14
6.42239e-08
-7.20779e-15
2.73861e-08
5.98366e-16
-5.52962e-15
3.14534e-08
9.03484e-16
-1.37009e-14
7.30867e-08
1.70642e-17
-1.96601e-14
1.02066e-07
-8.48714e-16
-1.96571e-14
1.02066e-07
-5.44183e-16
-1.36983e-14
7.30867e-08
-5.43029e-15
3.14534e-08
5.21021e-16
-3.39065e-15
3.36367e-08
7.62606e-16
-8.44409e-15
7.75291e-08
-2.25139e-18
-1.20743e-14
1.08511e-07
-7.36956e-16
-1.20624e-14
1.08511e-07
-4.77262e-16
-8.41989e-15
7.75291e-08
-3.31802e-15
3.36367e-08
3.51364e-16
-1.21587e-15
3.05588e-08
4.80301e-16
-3.07313e-15
7.00874e-08
-2.79425e-17
-4.3601e-15
9.84233e-08
-5.02194e-16
-4.35846e-15
9.84233e-08
-3.31325e-16
-3.06002e-15
7.00874e-08
-1.19622e-15
3.05588e-08
9.60665e-17
1.51602e-08
8.94867e-17
3.50151e-08
-3.34786e-17
4.95107e-08
-1.41147e-16
4.95107e-08
-1.08013e-16
3.50151e-08
1.51602e-08
3.24729e-16
-5.87801e-15
1.53324e-08
4.55212e-16
-1.58371e-14
3.68832e-08
3.86701e-17
-2.30638e-14
5.12559e-08
-3.9182e-16
-2.3145e-14
5.12559e-08
-2.71491e-16
-1.60063e-14
3.68832e-08
-6.2493e-15
1.53324e-08
3.79768e-16
-5.4936e-15
1.88857e-08
5.22128e-16
-1.4741e-14
4.50851e-08
4.45049e-17
-2.14078e-14
6.2712e-08
-4.49886e-16
-2.14756e-14
6.2712e-08
-3.17797e-16
-1.49124e-14
4.50851e-08
-5.81149e-15
1.88857e-08
4.29833e-16
-4.95194e-15
2.29799e-08
5.79629e-16
-1.31919e-14
5.4389e-08
4.92484e-17
-1.91318e-14
7.5734e-08
-4.99893e-16
-1.91868e-14
7.5734e-08
-3.60681e-16
-1.33553e-14
5.4389e-08
-5.19851e-15
2.29799e-08
4.6815e-16
-4.20736e-15
2.73861e-08
6.14389e-16
-1.11359e-14
6.42239e-08
5.15617e-17
-1.60872e-14
8.9543e-08
-5.31212e-16
-1.6123e-14
8.9543e-08
-3.95041e-16
-1.12864e-14
6.42239e-08
-4.37891e-15
2.73861e-08
4.78881e-16
-3.21774e-15
3.14534e-08
6.07161e-16
-8.44079e-15
7.30867e-08
4.99682e-17
-1.2191e-14
1.02066e-07
-5.27698e-16
-1.22098e-14
1.02066e-07
-4.08e-16
-8.56619e-15
7.30867e-08
-3.32367e-15
3.14534e-08
4.40296e-16
-2.01192e-15
3.36367e-08
5.31182e-16
-5.20256e-15
7.75291e-08
4.18708e-17
-7.51258e-15
1.08511e-07
-4.64136e-16
-7.5207e-15
1.08511e-07
-3.82531e-16
-5.30297e-15
7.75291e-08
-2.05771e-15
3.36367e-08
3.25243e-16
-7.54398e-16
3.05588e-08
3.6366e-16
-1.89921e-15
7.00874e-08
2.65718e-17
-2.73397e-15
9.84233e-08
-3.18255e-16
-2.74328e-15
9.84233e-08
-2.94084e-16
-1.95526e-15
7.00874e-08
-7.54577e-16
3.05588e-08
1.09857e-16
1.51602e-08
1.00888e-16
3.50151e-08
4.8722e-18
4.95107e-08
-8.20732e-17
4.95107e-08
-1.13085e-16
3.50151e-08
1.51602e-08
1.24766e-16
-3.90193e-15
1.53324e-08
1.99744e-16
-9.49184e-15
3.68832e-08
-8.95184e-17
-1.37655e-14
5.12559e-08
-3.60381e-16
-1.36039e-14
5.12559e-08
-2.55846e-16
-9.07426e-15
3.68832e-08
-3.14212e-15
1.53324e-08
1.42751e-16
-3.61002e-15
1.88857e-08
2.22531e-16
-8.83075e-15
4.50851e-08
-1.15509e-16
-1.28049e-14
6.2712e-08
-4.27878e-16
-1.26504e-14
6.2712e-08
-3.06038e-16
-8.3939e-15
4.50851e-08
-2.94043e-15
1.88857e-08
1.56906e-16
-3.20366e-15
2.29799e-08
2.35842e-16
-7.91961e-15
5.4389e-08
-1.48712e-16
-1.14697e-14
7.5734e-08
-4.96941e-16
-1.13005e-14
7.5734e-08
-3.58034e-16
-7.48718e-15
5.4389e-08
-2.63694e-15
2.29799e-08
1.63702e-16
-2.66864e-15
2.73861e-08
2.32016e-16
-6.67977e-15
6.42239e-08
-1.88891e-16
-9.68402e-15
8.9543e-08
-5.60641e-16
-9.52644e-15
8.9543e-08
-4.06983e-16
-6.25819e-15
6.42239e-08
-2.23469e-15
2.73861e-08
1.56601e-16
-2.00598e-15
3.14534e-08
2.002e-16
-5.08695e-15
7.30867e-08
-2.34648e-16
-7.33901e-15
1.02066e-07
-6.02373e-16
-7.19337e-15
1.02066e-07
-4.41791e-16
-4.73289e-15
7.30867e-08
-1.69432e-15
3.14534e-08
1.29455e-16
-1.22147e-15
3.36367e-08
1.3257e-16
-3.1579e-15
7.75291e-08
-2.75373e-16
-4.52221e-15
1.08511e-07
-5.97634e-16
-4.41038e-15
1.08511e-07
-4.41192e-16
-2.90302e-15
7.75291e-08
-1.04927e-15
3.36367e-08
8.12828e-17
-4.36728e-16
3.05588e-08
3.35893e-17
-1.17426e-15
7.00874e-08
-2.79807e-16
-1.64698e-15
9.84233e-08
-4.98863e-16
-1.5929e-15
9.84233e-08
-3.69018e-16
-1.04436e-15
7.00874e-08
-3.75581e-16
3.05588e-08
2.05098e-17
1.51602e-08
-4.64531e-17
3.50151e-08
-1.6275e-16
4.95107e-08
-2.19968e-16
4.95107e-08
-1.62997e-16
3.50151e-08
1.51602e-08
1.02364e-16
-2.09386e-15
1.53324e-08
1.19013e-16
-5.76535e-15
3.68832e-08
-5.88869e-17
-8.34872e-15
5.12559e-08
-2.23302e-16
-8.27011e-15
5.12559e-08
-1.47712e-16
-5.48977e-15
3.68832e-08
-2.02412e-15
1.53324e-08
1.19112e-16
-1.94708e-15
1.88857e-08
1.32585e-16
-5.3368e-15
4.50851e-08
-7.38223e-17
-7.69949e-15
6.2712e-08
-2.63491e-16
-7.62532e-15
6.2712e-08
-1.75964e-16
-5.10869e-15
4.50851e-08
-1.87121e-15
1.88857e-08
1.33325e-16
-1.759e-15
2.29799e-08
1.41197e-16
-4.75922e-15
5.4389e-08
-9.1961e-17
-6.85358e-15
7.5734e-08
-3.03263e-16
-6.77696e-15
7.5734e-08
-2.04678e-16
-4.57664e-15
5.4389e-08
-1.66925e-15
2.29799e-08
1.42798e-16
-1.49777e-15
2.73861e-08
1.40704e-16
-3.99307e-15
6.42239e-08
-1.12589e-16
-5.7199e-15
8.9543e-08
-3.37334e-16
-5.65016e-15
8.9543e-08
-2.30988e-16
-3.86593e-15
6.42239e-08
-1.39598e-15
2.73861e-08
1.42887e-16
-1.14792e-15
3.14534e-08
1.26584e-16
-3.00572e-15
7.30867e-08
-1.32521e-16
-4.29275e-15
1.02066e-07
-3.5595e-16
-4.24122e-15
1.02066e-07
-2.47567e-16
-2.9326e-15
7.30867e-08
-1.05366e-15
3.14534e-08
1.26688e-16
-7.27058e-16
3.36367e-08
9.42749e-17
-1.83819e-15
7.75291e-08
-1.44428e-16
-2.61457e-15
1.08511e-07
-3.40428e-16
-2.57786e-15
1.08511e-07
-2.43294e-16
-1.80243e-15
7.75291e-08
-6.3868e-16
3.36367e-08
8.67349e-17
-2.83459e-16
3.05588e-08
4.56312e-17
-6.57408e-16
7.00874e-08
-1.31717e-16
-9.25752e-16
9.84233e-08
-2.64301e-16
-9.09104e-16
9.84233e-08
-2.00134e-16
-6.57193e-16
7.00874e-08
-2.28542e-16
3.05588e-08
2.34212e-17
1.51602e-08
-1.39864e-18
3.50151e-08
-6.29042e-17
4.95107e-08
-9.48871e-17
4.95107e-08
-8.86799e-17
3.50151e-08
1.51602e-08
-6.54755e-17
-2.13918e-15
1.53324e-08
-1.04804e-16
-4.33074e-15
3.68832e-08
-2.55611e-16
-5.75238e-15
5.12559e-08
-3.8567e-16
-5.80737e-15
5.12559e-08
-2.38847e-16
-3.8463e-15
3.68832e-08
-4.60015e-15
1.53324e-08
-8.46853e-17
-1.95952e-15
1.88857e-08
-1.4071e-16
-4.02585e-15
4.50851e-08
-3.22069e-16
-5.35532e-15
6.2712e-08
-4.80779e-16
-5.41776e-15
6.2712e-08
-2.95651e-16
-3.72474e-15
4.50851e-08
-4.64089e-15
1.88857e-08
-1.09454e-16
-1.72913e-15
2.29799e-08
-1.88372e-16
-3.6111e-15
5.4389e-08
-4.04178e-16
-4.8146e-15
7.5734e-08
-5.94226e-16
-4.86994e-15
7.5734e-08
-3.63952e-16
-3.45379e-15
5.4389e-08
-4.60294e-15
2.29799e-08
-1.39452e-16
-1.42984e-15
2.73861e-08
-2.48944e-16
-3.04772e-15
6.42239e-08
-5.00993e-16
-4.07755e-15
8.9543e-08
-7.22566e-16
-4.12596e-15
8.9543e-08
-4.50801e-16
-3.12474e-15
6.42239e-08
-3.93446e-15
2.73861e-08
-1.72678e-16
-1.06797e-15
3.14534e-08
-3.19387e-16
-2.32929e-15
7.30867e-08
-6.03696e-16
-3.12807e-15
1.02066e-07
-8.52601e-16
-3.12573e-15
1.02066e-07
-5.42905e-16
-2.4825e-15
7.30867e-08
-3.28783e-15
3.14534e-08
-2.00439e-16
-6.57785e-16
3.36367e-08
-3.83402e-16
-1.46827e-15
7.75291e-08
-6.81964e-16
-1.95821e-15
1.08511e-07
-9.29146e-16
-1.89722e-15
1.08511e-07
-6.36559e-16
-1.61768e-15
7.75291e-08
-1.32353e-15
3.36367e-08
-1.97072e-16
-2.47849e-16
3.05588e-08
-3.91255e-16
-5.71792e-16
7.00874e-08
-6.56459e-16
-7.42033e-16
9.84233e-08
-8.35498e-16
-6.50848e-16
9.84233e-08
-6.17517e-16
-5.00451e-16
7.00874e-08
9.72002e-17
3.05588e-08
-1.06401e-16
1.51602e-08
-2.22686e-16
3.50151e-08
-3.47767e-16
4.95107e-08
-3.62805e-16
4.95107e-08
-3.13662e-16
3.50151e-08
1.51602e-08
3.39084e-17
-7.04988e-16
1.53324e-08
3.98291e-17
-2.1352e-15
3.68832e-08
-2.68549e-17
-3.30029e-15
5.12559e-08
-5.06904e-17
-3.39403e-15
5.12559e-08
-1.31976e-17
-2.71884e-15
3.68832e-08
-3.68032e-16
1.53324e-08
4.28867e-17
-6.43626e-16
1.88857e-08
5.09422e-17
-1.96829e-15
4.50851e-08
-2.51205e-17
-3.05387e-15
6.2712e-08
-4.73629e-17
-3.17117e-15
6.2712e-08
-7.65743e-18
-2.51941e-15
4.50851e-08
-2.482e-16
1.88857e-08
5.4402e-17
-5.62748e-16
2.29799e-08
6.61145e-17
-1.73089e-15
5.4389e-08
-1.58427e-17
-2.68678e-15
7.5734e-08
-3.37389e-17
-2.82686e-15
7.5734e-08
6.84716e-18
-2.17499e-15
5.4389e-08
-3.56906e-17
2.29799e-08
6.98468e-17
-4.56117e-16
2.73861e-08
8.80699e-17
-1.42845e-15
6.42239e-08
6.9418e-18
-2.22559e-15
8.9543e-08
-2.15479e-18
-2.37878e-15
8.9543e-08
4.20252e-17
-1.78291e-15
6.42239e-08
-3.48415e-16
2.73861e-08
8.93697e-17
-3.28961e-16
3.14534e-08
1.19637e-16
-1.04255e-15
7.30867e-08
5.13079e-17
-1.63615e-15
1.02066e-07
5.7484e-17
-1.77617e-15
1.02066e-07
8.85748e-17
-1.35706e-15
7.30867e-08
9.90017e-17
3.14534e-08
1.10896e-16
-1.90757e-16
3.36367e-08
1.60659e-16
-6.02498e-16
7.75291e-08
1.25205e-16
-9.34942e-16
1.08511e-07
1.41736e-16
-1.05472e-15
1.08511e-07
1.66747e-16
-6.63096e-16
7.75291e-08
-1.31811e-16
3.36367e-08
1.23016e-16
-6.50509e-17
3.05588e-08
1.95626e-16
-1.881e-16
7.00874e-08
2.10411e-16
-2.76972e-16
9.84233e-08
2.31838e-16
-3.18767e-16
9.84233e-08
2.34545e-16
-1.47259e-16
7.00874e-08
-1.71798e-16
3.05588e-08
8.25494e-17
1.51602e-08
1.41723e-16
3.50151e-08
1.93419e-16
4.95107e-08
1.8904e-16
4.95107e-08
1.76494e-16
3.50151e-08
1.51602e-08
3.97681e-17
-6.53484e-16
1.53324e-08
5.3899e-17
-1.66839e-15
3.68832e-08
2.40493e-17
-2.3722e-15
5.12559e-08
-3.29993e-17
-2.61832e-15
5.12559e-08
-2.65236e-17
-1.99758e-15
3.68832e-08
-2.73936e-15
1.53324e-08
4.82549e-17
-6.10142e-16
1.88857e-08
6.74031e-17
-1.53109e-15
4.50851e-08
3.52787e-17
-2.19518e-15
6.2712e-08
-3.86346e-17
-2.42053e-15
6.2712e-08
-3.2465e-17
-1.91304e-15
4.50851e-08
-2.72947e-15
1.88857e-08
5.72268e-17
-5.42778e-16
2.29799e-08
8.40646e-17
-1.3287e-15
5.4389e-08
5.05398e-17
-1.92406e-15
7.5734e-08
-4.38015e-17
-2.13763e-15
7.5734e-08
-4.07662e-17
-1.78545e-15
5.4389e-08
-2.71905e-15
2.29799e-08
6.60379e-17
-4.57903e-16
2.73861e-08
1.03459e-16
-1.08366e-15
6.42239e-08
7.04349e-17
-1.59086e-15
8.9543e-08
-4.81884e-17
-1.77967e-15
8.9543e-08
-6.18864e-17
-1.6012e-15
6.42239e-08
-2.01399e-15
2.73861e-08
7.24101e-17
-3.46581e-16
3.14534e-08
1.23092e-16
-7.80383e-16
7.30867e-08
9.37055e-17
-1.16719e-15
1.02066e-07
-5.30126e-17
-1.30279e-15
1.02066e-07
-8.11286e-17
-1.20937e-15
7.30867e-08
-1.95409e-15
3.14534e-08
7.2557e-17
-1.94839e-16
3.36367e-08
1.36111e-16
-4.19196e-16
7.75291e-08
1.14291e-16
-6.50601e-16
1.08511e-07
-4.68617e-17
-7.26404e-16
1.08511e-07
-1.23467e-16
-8.60806e-16
7.75291e-08
-8.14829e-16
3.36367e-08
5.78002e-17
-4.7455e-17
3.05588e-08
1.26883e-16
-9.29209e-17
7.00874e-08
1.13065e-16
-1.73604e-16
9.84233e-08
-3.05338e-17
-1.87027e-16
9.84233e-08
-1.46697e-16
-2.71457e-16
7.00874e-08
6.62354e-18
3.05588e-08
2.06152e-17
1.51602e-08
6.14382e-17
3.50151e-08
5.36272e-17
4.95107e-08
8.56163e-18
4.95107e-08
-8.95472e-17
3.50151e-08
1.51602e-08
5.11421e-17
1.62953e-16
1.53324e-08
7.79936e-17
-1.47981e-16
3.68832e-08
4.73317e-17
-6.51349e-16
5.12559e-08
3.28599e-17
-6.15988e-16
5.12559e-08
1.59588e-17
-2.96502e-16
3.68832e-08
2.22447e-15
1.53324e-08
6.35643e-17
1.41038e-16
1.88857e-08
9.68688e-17
-1.76999e-16
4.50851e-08
6.14589e-17
-6.43586e-16
6.2712e-08
4.96835e-17
-6.23728e-16
6.2712e-08
2.31698e-17
-2.49936e-16
4.50851e-08
2.28195e-15
1.88857e-08
7.8446e-17
1.11083e-16
2.29799e-08
1.18644e-16
-2.18798e-16
5.4389e-08
8.05942e-17
-6.39954e-16
7.5734e-08
7.43083e-17
-6.13685e-16
7.5734e-08
3.53588e-17
-1.76921e-16
5.4389e-08
2.395e-15
2.29799e-08
9.54051e-17
7.89195e-17
2.73861e-08
1.42753e-16
-2.46792e-16
6.42239e-08
1.0533e-16
-5.98616e-16
8.9543e-08
1.08603e-16
-5.81823e-16
8.9543e-08
6.40969e-17
-5.78254e-17
6.42239e-08
1.78275e-15
2.73861e-08
1.12707e-16
4.35201e-17
3.14534e-08
1.65786e-16
-2.63021e-16
7.30867e-08
1.33449e-16
-5.18618e-16
1.02066e-07
1.54149e-16
-5.11017e-16
1.02066e-07
9.63635e-17
-6.18882e-17
7.30867e-08
1.80587e-15
3.14534e-08
1.24638e-16
-1.16621e-17
3.36367e-08
1.78713e-16
-2.67186e-16
7.75291e-08
1.59011e-16
-4.17193e-16
1.08511e-07
1.9104e-16
-4.21837e-16
1.08511e-07
1.56465e-16
4.38498e-17
7.75291e-08
6.2461e-16
3.36367e-08
1.1955e-16
-4.32525e-17
3.05588e-08
1.62625e-16
-1.90749e-16
7.00874e-08
1.58974e-16
-2.45318e-16
9.84233e-08
1.90549e-16
-2.45327e-16
9.84233e-08
1.88256e-16
-4.94913e-17
7.00874e-08
-1.57171e-16
3.05588e-08
6.65283e-17
1.51602e-08
7.67475e-17
3.50151e-08
8.96228e-17
4.95107e-08
8.23523e-17
4.95107e-08
1.11225e-16
3.50151e-08
1.51602e-08
4.11214e-17
-1.9971e-17
1.53324e-08
6.81339e-17
-1.53628e-16
3.68832e-08
6.56476e-17
-3.37807e-16
5.12559e-08
2.73189e-17
-3.69984e-16
5.12559e-08
-1.8385e-17
-2.52588e-16
3.68832e-08
-6.58799e-16
1.53324e-08
4.97914e-17
-2.06011e-17
1.88857e-08
8.43758e-17
-1.08833e-16
4.50851e-08
8.33109e-17
-2.6598e-16
6.2712e-08
3.36852e-17
-2.83757e-16
6.2712e-08
-2.28954e-17
-1.82158e-16
4.50851e-08
-6.71173e-16
1.88857e-08
5.89099e-17
-2.05229e-17
2.29799e-08
1.03275e-16
-6.69631e-17
5.4389e-08
1.04913e-16
-1.83504e-16
7.5734e-08
4.1767e-17
-2.08672e-16
7.5734e-08
-2.73684e-17
-1.84222e-16
5.4389e-08
-8.12601e-16
2.29799e-08
6.75082e-17
-1.77169e-17
2.73861e-08
1.23687e-16
-1.89282e-17
6.42239e-08
1.29812e-16
-9.74772e-17
8.9543e-08
5.11905e-17
-1.19487e-16
8.9543e-08
-3.96132e-17
-1.63757e-16
6.42239e-08
-4.01538e-16
2.73861e-08
7.31949e-17
-1.74206e-17
3.14534e-08
1.42438e-16
1.34968e-17
7.30867e-08
1.55759e-16
-4.21416e-18
1.02066e-07
5.85354e-17
-5.10309e-17
1.02066e-07
-4.47246e-17
-7.01107e-17
7.30867e-08
-7.42265e-16
3.14534e-08
7.22009e-17
3.81063e-18
3.36367e-08
1.52137e-16
6.33835e-17
7.75291e-08
1.72808e-16
8.05647e-17
1.08511e-07
6.81729e-17
2.73134e-17
1.08511e-07
-6.24417e-17
-1.68935e-16
7.75291e-08
-3.46044e-16
3.36367e-08
5.78396e-17
1.8367e-17
3.05588e-08
1.36489e-16
6.90718e-17
7.00874e-08
1.63744e-16
8.47072e-17
9.84233e-08
6.07685e-17
2.80973e-17
9.84233e-08
-6.89976e-17
-9.81072e-17
7.00874e-08
-5.14675e-17
3.05588e-08
2.15418e-17
1.51602e-08
6.72577e-17
3.50151e-08
8.34561e-17
4.95107e-08
3.27534e-17
4.95107e-08
-3.55089e-17
3.50151e-08
1.51602e-08
-2.48037e-17
-3.91979e-16
1.53324e-08
4.0506e-17
-5.49136e-16
3.68832e-08
1.22399e-16
-5.79552e-16
5.12559e-08
1.97961e-16
-1.5991e-16
5.12559e-08
8.8016e-17
-2.21262e-16
3.68832e-08
3.45463e-15
1.53324e-08
-3.26278e-17
-3.48534e-16
1.88857e-08
4.86302e-17
-4.78109e-16
4.50851e-08
1.54924e-16
-4.67587e-16
6.2712e-08
2.58016e-16
-4.68815e-17
6.2712e-08
1.15678e-16
6.71763e-17
4.50851e-08
3.60488e-15
1.88857e-08
-4.39275e-17
-3.0342e-16
2.29799e-08
5.63615e-17
-3.82517e-16
5.4389e-08
1.96519e-16
-3.07909e-16
7.5734e-08
3.35983e-16
8.14273e-17
7.5734e-08
1.56711e-16
2.76419e-16
5.4389e-08
3.67887e-15
2.29799e-08
-5.86573e-17
-2.50837e-16
2.73861e-08
6.25984e-17
-3.02225e-16
6.42239e-08
2.46418e-16
-1.72434e-16
8.9543e-08
4.32361e-16
1.71488e-16
8.9543e-08
2.22933e-16
5.61589e-16
6.42239e-08
3.12916e-15
2.73861e-08
-7.63194e-17
-1.86431e-16
3.14534e-08
6.49457e-17
-1.99823e-16
7.30867e-08
2.9928e-16
-4.25894e-17
1.02066e-07
5.42649e-16
1.87266e-16
1.02066e-07
3.08588e-16
6.12129e-16
7.30867e-08
2.67403e-15
3.14534e-08
-9.2359e-17
-7.79819e-17
3.36367e-08
5.86235e-17
-2.75888e-17
7.75291e-08
3.36873e-16
1.27071e-16
1.08511e-07
6.22849e-16
2.08574e-16
1.08511e-07
4.25271e-16
5.74491e-16
7.75291e-08
9.07914e-16
3.36367e-08
-9.517e-17
1.77978e-17
3.05588e-08
3.75729e-17
1.02992e-16
7.00874e-08
3.13733e-16
1.89484e-16
9.84233e-08
5.71746e-16
1.30855e-16
9.84233e-08
4.73857e-16
2.03508e-16
7.00874e-08
-2.51868e-16
3.05588e-08
-5.47857e-17
1.51602e-08
2.73996e-18
3.50151e-08
1.50481e-16
4.95107e-08
2.28535e-16
4.95107e-08
2.8512e-16
3.50151e-08
1.51602e-08
-3.81933e-17
-6.2663e-16
1.53324e-08
-1.08251e-16
-1.1611e-15
3.68832e-08
-1.80658e-16
-1.29474e-15
5.12559e-08
-2.60336e-16
-1.45865e-15
5.12559e-08
-1.91356e-16
-1.16876e-15
3.68832e-08
-4.26961e-15
1.53324e-08
-4.81326e-17
-5.61048e-16
1.88857e-08
-1.39488e-16
-1.04098e-15
4.50851e-08
-2.36868e-16
-1.19402e-15
6.2712e-08
-3.45554e-16
-1.3561e-15
6.2712e-08
-2.47362e-16
-1.17418e-15
4.50851e-08
-4.32598e-15
1.88857e-08
-6.11573e-17
-4.79676e-16
2.29799e-08
-1.79498e-16
-8.82384e-16
5.4389e-08
-3.12739e-16
-1.06275e-15
7.5734e-08
-4.59031e-16
-1.18988e-15
7.5734e-08
-3.22274e-16
-1.10157e-15
5.4389e-08
-4.3843e-15
2.29799e-08
-7.71596e-17
-3.89608e-16
2.73861e-08
-2.29804e-16
-7.12415e-16
6.42239e-08
-4.1167e-16
-8.93377e-16
8.9543e-08
-6.05234e-16
-9.87154e-16
8.9543e-08
-4.28067e-16
-1.07506e-15
6.42239e-08
-3.71361e-15
2.73861e-08
-9.51213e-17
-2.75865e-16
3.14534e-08
-2.87787e-16
-4.91002e-16
7.30867e-08
-5.32462e-16
-6.74132e-16
1.02066e-07
-7.81927e-16
-7.02375e-16
1.02066e-07
-5.56103e-16
-8.77364e-16
7.30867e-08
-3.16104e-15
3.14534e-08
-1.08853e-16
-1.12538e-16
3.36367e-08
-3.40116e-16
-1.96785e-16
7.75291e-08
-6.52764e-16
-3.2081e-16
1.08511e-07
-9.42311e-16
-2.80677e-16
1.08511e-07
-7.08203e-16
-5.37004e-16
7.75291e-08
-1.09472e-15
3.36367e-08
-1.06805e-16
2.26201e-17
3.05588e-08
-3.44139e-16
3.40864e-17
7.00874e-08
-6.9057e-16
-8.43617e-18
9.84233e-08
-9.5477e-16
5.70061e-17
9.84233e-08
-7.47832e-16
-1.91043e-17
7.00874e-08
2.82762e-16
3.05588e-08
-5.99389e-17
1.51602e-08
-1.91882e-16
3.50151e-08
-4.17269e-16
4.95107e-08
-5.09384e-16
4.95107e-08
-4.30085e-16
3.50151e-08
1.51602e-08
6.41915e-17
2.238e-16
1.53324e-08
4.70305e-17
-7.81473e-17
3.68832e-08
1.23063e-17
-2.48381e-16
5.12559e-08
-2.06081e-17
-2.76908e-16
5.12559e-08
-4.06976e-17
-1.27204e-16
3.68832e-08
6.70857e-16
1.53324e-08
8.05635e-17
1.97712e-16
1.88857e-08
6.20469e-17
-6.49531e-17
4.50851e-08
2.00925e-17
-2.27607e-16
6.2712e-08
-2.03277e-17
-2.58196e-16
6.2712e-08
-4.73011e-17
-1.93079e-16
4.50851e-08
7.02806e-16
1.88857e-08
9.98285e-17
1.64336e-16
2.29799e-08
8.18023e-17
-5.33504e-17
5.4389e-08
3.28339e-17
-2.00156e-16
7.5734e-08
-1.49888e-17
-2.6012e-16
7.5734e-08
-5.09521e-17
-2.14618e-16
5.4389e-08
8.10247e-16
2.29799e-08
1.21553e-16
1.2345e-16
2.73861e-08
1.07589e-16
-4.52058e-17
6.42239e-08
5.35996e-17
-1.80762e-16
8.9543e-08
-2.82446e-19
-2.59484e-16
8.9543e-08
-3.90015e-17
-2.57231e-16
6.42239e-08
2.75398e-16
2.73861e-08
1.4352e-16
8.02831e-17
3.14534e-08
1.40675e-16
-3.17611e-17
7.30867e-08
8.714e-17
-1.57603e-16
1.02066e-07
3.20509e-17
-2.47984e-16
1.02066e-07
-2.32804e-17
-3.34203e-16
7.30867e-08
5.95358e-16
3.14534e-08
1.596e-16
5.86672e-17
3.36367e-08
1.7766e-16
-8.24e-19
7.75291e-08
1.38232e-16
-8.40226e-17
1.08511e-07
8.41021e-17
-1.84446e-16
1.08511e-07
2.43686e-17
-1.65425e-16
7.75291e-08
1.65925e-16
3.36367e-08
1.51963e-16
3.48479e-17
3.05588e-08
2.00739e-16
2.98811e-17
7.00874e-08
1.9425e-16
-1.39633e-17
9.84233e-08
1.59299e-16
-7.28543e-17
9.84233e-08
8.29701e-17
-8.29621e-17
7.00874e-08
-7.63572e-17
3.05588e-08
8.04053e-17
1.51602e-08
1.35351e-16
3.50151e-08
1.62183e-16
4.95107e-08
1.54357e-16
4.95107e-08
8.67897e-17
3.50151e-08
1.51602e-08
3.32484e-17
6.07375e-16
1.53324e-08
-2.58515e-18
8.25144e-16
3.68832e-08
-8.97692e-17
6.26388e-16
5.12559e-08
-1.57926e-16
2.93228e-16
5.12559e-08
-9.01947e-17
1.29683e-16
3.68832e-08
-2.14417e-15
1.53324e-08
4.26041e-17
5.80293e-16
1.88857e-08
-3.39108e-18
7.76303e-16
4.50851e-08
-1.15851e-16
5.89889e-16
6.2712e-08
-2.06176e-16
2.54979e-16
6.2712e-08
-1.16022e-16
9.08558e-17
4.50851e-08
-2.20187e-15
1.88857e-08
5.3473e-17
5.09944e-16
2.29799e-08
-5.83534e-18
6.37322e-16
5.4389e-08
-1.4943e-16
4.42689e-16
7.5734e-08
-2.6763e-16
1.466e-16
7.5734e-08
-1.49961e-16
3.17906e-19
5.4389e-08
-2.268e-15
2.29799e-08
6.46656e-17
4.19508e-16
2.73861e-08
-1.09197e-17
4.92378e-16
6.42239e-08
-1.90667e-16
3.02832e-16
8.9543e-08
-3.41255e-16
4.72653e-17
8.9543e-08
-2.03044e-16
-1.16775e-16
6.42239e-08
-1.59033e-15
2.73861e-08
7.48768e-17
3.01872e-16
3.14534e-08
-1.9616e-17
3.01163e-16
7.30867e-08
-2.37326e-16
1.42163e-16
1.02066e-07
-4.23842e-16
-4.27712e-17
1.02066e-07
-2.55025e-16
-1.02973e-16
7.30867e-08
-1.69213e-15
3.14534e-08
7.9026e-17
1.43112e-16
3.36367e-08
-3.28836e-17
7.01634e-17
7.75291e-08
-2.79449e-16
-4.5307e-17
1.08511e-07
-4.83397e-16
-1.11348e-16
1.08511e-07
-3.24272e-16
-2.35278e-16
7.75291e-08
-6.26666e-16
3.36367e-08
7.00606e-17
8.1152e-18
3.05588e-08
-4.81165e-17
-8.57356e-17
7.00874e-08
-2.82946e-16
-1.31779e-16
9.84233e-08
-4.68245e-16
-1.18323e-16
9.84233e-08
-3.41706e-16
-1.02855e-16
7.00874e-08
9.4788e-17
3.05588e-08
3.32841e-17
1.51602e-08
-4.18806e-17
3.50151e-08
-1.66605e-16
4.95107e-08
-2.34644e-16
4.95107e-08
-1.92065e-16
3.50151e-08
1.51602e-08
5.93343e-17
3.69592e-17
1.53324e-08
8.73653e-17
-3.30352e-17
3.68832e-08
9.75573e-17
-1.70206e-16
5.12559e-08
1.01427e-16
-1.27805e-16
5.12559e-08
5.09951e-17
-1.53267e-16
3.68832e-08
1.77264e-15
1.53324e-08
7.21161e-17
1.45291e-17
1.88857e-08
1.10401e-16
-3.89291e-17
4.50851e-08
1.28409e-16
-1.52807e-16
6.2712e-08
1.37998e-16
-1.21148e-16
6.2712e-08
6.88513e-17
-1.69584e-16
4.50851e-08
1.84435e-15
1.88857e-08
8.65717e-17
-2.62662e-18
2.29799e-08
1.3874e-16
-2.90777e-17
5.4389e-08
1.69374e-16
-1.10091e-16
7.5734e-08
1.88075e-16
-1.08097e-16
7.5734e-08
9.45801e-17
-1.37061e-16
5.4389e-08
1.98365e-15
2.29799e-08
1.01601e-16
-1.82375e-17
2.73861e-08
1.72199e-16
-2.17514e-17
6.42239e-08
2.2187e-16
-7.01618e-17
8.9543e-08
2.54408e-16
-9.90345e-17
8.9543e-08
1.40869e-16
-9.63265e-17
6.42239e-08
1.37272e-15
2.73861e-08
1.14345e-16
-2.23693e-17
3.14534e-08
2.07747e-16
-1.3864e-17
7.30867e-08
2.84833e-16
-2.5324e-17
1.02066e-07
3.37533e-16
-9.19896e-17
1.02066e-07
1.92026e-16
-1.17063e-16
7.30867e-08
1.52979e-15
3.14534e-08
1.18947e-16
-1.49103e-17
3.36367e-08
2.36436e-16
1.06823e-17
7.75291e-08
3.47924e-16
6.97855e-18
1.08511e-07
4.14951e-16
-8.51057e-17
1.08511e-07
2.68799e-16
3.53646e-17
7.75291e-08
5.35153e-16
3.36367e-08
1.03698e-16
-2.29468e-18
3.05588e-08
2.31112e-16
2.44237e-17
7.00874e-08
3.67894e-16
2.18936e-17
9.84233e-08
4.39335e-16
-4.13866e-17
9.84233e-08
3.05404e-16
-2.21577e-17
7.00874e-08
-1.10734e-16
3.05588e-08
4.72526e-17
1.51602e-08
1.29043e-16
3.50151e-08
2.28019e-16
4.95107e-08
2.51814e-16
4.95107e-08
1.84921e-16
3.50151e-08
1.51602e-08
4.44382e-18
4.70122e-16
1.53324e-08
-1.69795e-17
7.54635e-16
3.68832e-08
-7.51327e-17
6.87141e-16
5.12559e-08
-1.24104e-16
4.21642e-16
5.12559e-08
-6.56325e-17
2.67025e-16
3.68832e-08
-1.63948e-15
1.53324e-08
5.7381e-18
4.54849e-16
1.88857e-08
-2.418e-17
7.00561e-16
4.50851e-08
-1.00329e-16
6.25332e-16
6.2712e-08
-1.65606e-16
3.7143e-16
6.2712e-08
-8.70658e-17
2.39176e-16
4.50851e-08
-1.70536e-15
1.88857e-08
6.94893e-18
4.05938e-16
2.29799e-08
-3.53412e-17
5.79593e-16
5.4389e-08
-1.34921e-16
4.76425e-16
7.5734e-08
-2.20738e-16
2.66833e-16
7.5734e-08
-1.1738e-16
1.62968e-16
5.4389e-08
-1.77211e-15
2.29799e-08
7.38021e-18
3.45035e-16
2.73861e-08
-5.22399e-17
4.48687e-16
6.42239e-08
-1.80704e-16
3.39738e-16
8.9543e-08
-2.91046e-16
1.72653e-16
8.9543e-08
-1.67966e-16
6.20454e-17
6.42239e-08
-1.17698e-15
2.73861e-08
6.714e-18
2.58745e-16
3.14534e-08
-7.60208e-17
2.80818e-16
7.30867e-08
-2.38622e-16
1.70487e-16
1.02066e-07
-3.7674e-16
7.24811e-17
1.02066e-07
-2.22053e-16
5.86663e-17
7.30867e-08
-1.32313e-15
3.14534e-08
3.64863e-18
1.30924e-16
3.36367e-08
-1.05951e-16
6.03525e-17
7.75291e-08
-3.00737e-16
-3.91683e-17
1.08511e-07
-4.53152e-16
-3.95183e-17
1.08511e-07
-2.97791e-16
-1.11454e-16
7.75291e-08
-4.53011e-16
3.36367e-08
-2.92769e-19
9.52116e-18
3.05588e-08
-1.281e-16
-8.40627e-17
7.00874e-08
-3.30416e-16
-1.28765e-16
9.84233e-08
-4.70196e-16
-9.54544e-17
9.84233e-08
-3.3277e-16
-6.65566e-17
7.00874e-08
1.10866e-16
3.05588e-08
-2.03175e-18
1.51602e-08
-9.20549e-17
3.50151e-08
-2.12692e-16
4.95107e-08
-2.63732e-16
4.95107e-08
-2.03287e-16
3.50151e-08
1.51602e-08
5.30612e-17
2.0348e-16
1.53324e-08
7.07337e-17
2.57484e-16
3.68832e-08
7.1992e-17
2.18721e-16
5.12559e-08
7.21104e-17
3.26565e-16
5.12559e-08
2.96781e-17
3.38292e-16
3.68832e-08
2.3117e-15
1.53324e-08
6.48067e-17
1.74086e-16
1.88857e-08
8.88052e-17
2.34288e-16
4.50851e-08
9.42568e-17
2.09037e-16
6.2712e-08
1.00009e-16
3.04453e-16
6.2712e-08
4.15515e-17
2.78948e-16
4.50851e-08
2.36522e-15
1.88857e-08
7.8664e-17
1.435e-16
2.29799e-08
1.10937e-16
1.96676e-16
5.4389e-08
1.23863e-16
1.84192e-16
7.5734e-08
1.38709e-16
2.50798e-16
7.5734e-08
5.92392e-17
2.54273e-16
5.4389e-08
2.48182e-15
2.29799e-08
9.36569e-17
1.09596e-16
2.73861e-08
1.37034e-16
1.64546e-16
6.42239e-08
1.61766e-16
1.63657e-16
8.9543e-08
1.91174e-16
1.95765e-16
8.9543e-08
9.48941e-17
2.32774e-16
6.42239e-08
1.88368e-15
2.73861e-08
1.07703e-16
7.55044e-17
3.14534e-08
1.64919e-16
1.19581e-16
7.30867e-08
2.08057e-16
1.24791e-16
1.02066e-07
2.58663e-16
1.25163e-16
1.02066e-07
1.36914e-16
1.48921e-16
7.30867e-08
1.88742e-15
3.14534e-08
1.14821e-16
2.39431e-17
3.36367e-08
1.87236e-16
4.2414e-17
7.75291e-08
2.56148e-16
4.98351e-17
1.08511e-07
3.23198e-16
-5.56673e-18
1.08511e-07
2.06744e-16
1.55083e-16
7.75291e-08
7.08245e-16
3.36367e-08
1.04226e-16
-6.95986e-18
3.05588e-08
1.85436e-16
-1.9903e-17
7.00874e-08
2.75564e-16
-2.88146e-17
9.84233e-08
3.47736e-16
-7.47564e-17
9.84233e-08
2.44382e-16
-1.94269e-17
7.00874e-08
-8.93067e-17
3.05588e-08
5.00393e-17
1.51602e-08
1.04364e-16
3.50151e-08
1.7759e-16
4.95107e-08
2.01334e-16
4.95107e-08
1.51004e-16
3.50151e-08
1.51602e-08
-5.07792e-17
-1.16823e-16
1.53324e-08
-7.25057e-17
3.76948e-17
3.68832e-08
-9.85941e-17
5.74827e-17
5.12559e-08
-1.10074e-16
-1.61851e-16
5.12559e-08
-3.2686e-17
-2.86495e-16
3.68832e-08
-2.13212e-15
1.53324e-08
-6.4636e-17
-1.15869e-16
1.88857e-08
-9.5472e-17
-1.03107e-17
4.50851e-08
-1.29704e-16
-1.09936e-17
6.2712e-08
-1.46002e-16
-2.2171e-16
6.2712e-08
-4.44063e-17
-3.03541e-16
4.50851e-08
-2.20528e-15
1.88857e-08
-8.14614e-17
-1.02635e-16
2.29799e-08
-1.25268e-16
-4.32293e-17
5.4389e-08
-1.71152e-16
-5.84588e-17
7.5734e-08
-1.94077e-16
-2.2693e-16
7.5734e-08
-6.32585e-17
-3.06013e-16
5.4389e-08
-2.22792e-15
2.29799e-08
-1.00976e-16
-8.33797e-17
2.73861e-08
-1.62596e-16
-6.77246e-17
6.42239e-08
-2.24256e-16
-9.04959e-17
8.9543e-08
-2.56275e-16
-2.11677e-16
8.9543e-08
-1.0032e-16
-3.02503e-16
6.42239e-08
-1.65471e-15
2.73861e-08
-1.21805e-16
-5.90815e-17
3.14534e-08
-2.06394e-16
-7.241e-17
7.30867e-08
-2.88206e-16
-1.01643e-16
1.02066e-07
-3.31348e-16
-1.51735e-16
1.02066e-07
-1.43488e-16
-2.14677e-16
7.30867e-08
-1.61759e-15
3.14534e-08
-1.38403e-16
-4.24794e-17
3.36367e-08
-2.48378e-16
-8.55947e-17
7.75291e-08
-3.5188e-16
-1.04441e-16
1.08511e-07
-3.98213e-16
-7.55616e-17
1.08511e-07
-2.10855e-16
-2.19456e-16
7.75291e-08
-6.13336e-16
3.36367e-08
-1.35002e-16
-2.8798e-17
3.05588e-08
-2.60294e-16
-6.40143e-17
7.00874e-08
-3.73331e-16
-7.17488e-17
9.84233e-08
-4.09337e-16
-1.57834e-17
9.84233e-08
-2.49608e-16
-4.4982e-17
7.00874e-08
7.08538e-17
3.05588e-08
-7.4046e-17
1.51602e-08
-1.57076e-16
3.50151e-08
-2.28634e-16
4.95107e-08
-2.24606e-16
4.95107e-08
-1.59943e-16
3.50151e-08
1.51602e-08
-1.08792e-17
-4.34423e-17
1.53324e-08
1.06238e-17
2.99498e-17
3.68832e-08
5.43489e-17
2.02344e-16
5.12559e-08
9.41924e-17
4.06832e-16
5.12559e-08
5.10097e-17
4.0491e-16
3.68832e-08
2.27212e-15
1.53324e-08
-1.21949e-17
-2.19398e-17
1.88857e-08
1.72428e-17
8.33742e-17
4.50851e-08
7.48106e-17
2.67151e-16
6.2712e-08
1.27783e-16
4.54528e-16
6.2712e-08
6.73751e-17
4.26123e-16
4.50851e-08
2.381e-15
1.88857e-08
-1.29993e-17
2.19763e-18
2.29799e-08
2.78334e-17
1.46948e-16
5.4389e-08
1.03993e-16
3.35644e-16
7.5734e-08
1.74194e-16
4.85123e-16
7.5734e-08
9.1763e-17
4.72831e-16
5.4389e-08
2.47243e-15
2.29799e-08
-1.22865e-17
2.29061e-17
2.73861e-08
4.46513e-17
1.97711e-16
6.42239e-08
1.44504e-16
3.848e-16
8.9543e-08
2.36712e-16
4.90986e-16
8.9543e-08
1.35106e-16
4.93122e-16
6.42239e-08
1.9305e-15
2.73861e-08
-8.67803e-18
3.69927e-17
3.14534e-08
6.96465e-17
2.3403e-16
7.30867e-08
1.98033e-16
3.93241e-16
1.02066e-07
3.15672e-16
4.44169e-16
1.02066e-07
1.86198e-16
4.25621e-16
7.30867e-08
1.88259e-15
3.14534e-08
-9.92904e-20
6.31134e-17
3.36367e-08
1.0318e-16
2.55037e-16
7.75291e-08
2.60114e-16
3.81367e-16
1.08511e-07
3.90259e-16
3.56047e-16
1.08511e-07
2.6071e-16
4.43971e-16
7.75291e-08
7.96927e-16
3.36367e-08
1.25041e-17
5.68745e-17
3.05588e-08
1.33408e-16
1.91663e-16
7.00874e-08
2.98858e-16
2.5765e-16
9.84233e-08
4.1356e-16
2.15658e-16
9.84233e-08
2.95567e-16
2.05226e-16
7.00874e-08
1.93139e-17
3.05588e-08
1.74943e-17
1.51602e-08
1.03176e-16
3.50151e-08
2.02106e-16
4.95107e-08
2.36315e-16
4.95107e-08
1.79419e-16
3.50151e-08
1.51602e-08
7.51809e-17
5.60179e-16
1.53324e-08
7.69159e-17
5.69685e-16
3.68832e-08
5.68164e-17
3.26066e-16
5.12559e-08
3.22984e-17
-2.0292e-16
5.12559e-08
7.20022e-17
-6.30653e-16
3.68832e-08
-2.62074e-15
1.53324e-08
9.33466e-17
4.95657e-16
1.88857e-08
9.47718e-17
4.9124e-16
4.50851e-08
6.65254e-17
2.31812e-16
6.2712e-08
3.14933e-17
-2.74982e-16
6.2712e-08
8.43907e-17
-6.45155e-16
4.50851e-08
-2.64294e-15
1.88857e-08
1.14967e-16
4.25846e-16
2.29799e-08
1.15334e-16
3.86011e-16
5.4389e-08
7.53301e-17
1.18071e-16
7.5734e-08
2.55436e-17
-3.32869e-16
7.5734e-08
9.36494e-17
-6.61522e-16
5.4389e-08
-2.61441e-15
2.29799e-08
1.38987e-16
3.35913e-16
2.73861e-08
1.37443e-16
2.72708e-16
6.42239e-08
8.17902e-17
1.27569e-17
8.9543e-08
1.1444e-17
-3.66739e-16
8.9543e-08
8.80441e-17
-6.51846e-16
6.42239e-08
-2.00402e-15
2.73861e-08
1.62256e-16
2.39042e-16
3.14534e-08
1.57995e-16
1.52568e-16
7.30867e-08
8.2162e-17
-7.98037e-17
1.02066e-07
-1.50089e-17
-3.48216e-16
1.02066e-07
7.38166e-17
-5.40412e-16
7.30867e-08
-1.86424e-15
3.14534e-08
1.7635e-16
1.16517e-16
3.36367e-08
1.68072e-16
4.72383e-18
7.75291e-08
7.06225e-17
-1.69702e-16
1.08511e-07
-4.70933e-17
-2.78054e-16
1.08511e-07
2.40419e-17
-4.80172e-16
7.75291e-08
-7.89251e-16
3.36367e-08
1.62126e-16
1.57875e-17
3.05588e-08
1.48399e-16
-6.95247e-17
7.00874e-08
4.37873e-17
-1.53976e-16
9.84233e-08
-7.61969e-17
-1.66507e-16
9.84233e-08
-3.39404e-17
-2.06843e-16
7.00874e-08
-2.32534e-17
3.05588e-08
8.01238e-17
1.51602e-08
6.70445e-17
3.50151e-08
3.1102e-19
4.95107e-08
-4.87569e-17
4.95107e-08
-5.24629e-17
3.50151e-08
1.51602e-08
1.56065e-17
1.99156e-16
1.53324e-08
6.81988e-17
5.33531e-16
3.68832e-08
1.11995e-16
6.1839e-16
5.12559e-08
1.37595e-16
6.82935e-16
5.12559e-08
9.14263e-17
5.91983e-16
3.68832e-08
2.33563e-15
1.53324e-08
1.83004e-17
1.91534e-16
1.88857e-08
8.38604e-17
5.10882e-16
4.50851e-08
1.39951e-16
6.13025e-16
6.2712e-08
1.75105e-16
6.84573e-16
6.2712e-08
1.12451e-16
5.90711e-16
4.50851e-08
2.46079e-15
1.88857e-08
2.07099e-17
1.70609e-16
2.29799e-08
1.01412e-16
4.64506e-16
5.4389e-08
1.7387e-16
5.94748e-16
7.5734e-08
2.21893e-16
6.44088e-16
7.5734e-08
1.38773e-16
6.01401e-16
5.4389e-08
2.55573e-15
2.29799e-08
2.20793e-17
1.46384e-16
2.73861e-08
1.19526e-16
4.01576e-16
6.42239e-08
2.12057e-16
5.40462e-16
8.9543e-08
2.77643e-16
5.8094e-16
8.9543e-08
1.78341e-16
5.814e-16
6.42239e-08
2.05026e-15
2.73861e-08
2.13094e-17
1.14745e-16
3.14534e-08
1.34508e-16
3.14812e-16
7.30867e-08
2.50126e-16
4.60442e-16
1.02066e-07
3.37325e-16
4.58079e-16
1.02066e-07
2.17242e-16
4.77185e-16
7.30867e-08
1.97074e-15
3.14534e-08
1.65883e-17
7.55988e-17
3.36367e-08
1.38502e-16
2.15139e-16
7.75291e-08
2.75154e-16
3.33683e-16
1.08511e-07
3.75815e-16
2.98393e-16
1.08511e-07
2.66841e-16
4.28694e-16
7.75291e-08
8.48138e-16
3.36367e-08
8.30045e-18
3.18079e-17
3.05588e-08
1.17649e-16
9.53791e-17
7.00874e-08
2.54749e-16
1.59589e-16
9.84233e-08
3.52409e-16
1.30255e-16
9.84233e-08
2.66507e-16
1.49293e-16
7.00874e-08
2.15837e-17
3.05588e-08
-3.15038e-19
1.51602e-08
5.1017e-17
3.50151e-08
1.30778e-16
4.95107e-08
1.65138e-16
4.95107e-08
1.34899e-16
3.50151e-08
1.51602e-08
-5.43273e-17
-6.69293e-16
1.53324e-08
-7.62066e-17
-8.93464e-16
3.68832e-08
-6.27584e-17
-7.93793e-16
5.12559e-08
-5.86646e-17
-9.01164e-16
5.12559e-08
-2.64342e-17
-8.73517e-16
3.68832e-08
-2.53001e-15
1.53324e-08
-7.04441e-17
-6.32569e-16
1.88857e-08
-1.00666e-16
-8.31203e-16
4.50851e-08
-8.64529e-17
-7.46724e-16
6.2712e-08
-8.49494e-17
-8.34003e-16
6.2712e-08
-3.75635e-17
-7.73939e-16
4.50851e-08
-2.5382e-15
1.88857e-08
-9.1332e-17
-5.59204e-16
2.29799e-08
-1.32278e-16
-7.07424e-16
5.4389e-08
-1.19724e-16
-6.21452e-16
7.5734e-08
-1.22718e-16
-6.70562e-16
7.5734e-08
-5.45363e-17
-6.51848e-16
5.4389e-08
-2.60049e-15
2.29799e-08
-1.16802e-16
-4.73676e-16
2.73861e-08
-1.71853e-16
-5.65783e-16
6.42239e-08
-1.64605e-16
-4.8369e-16
8.9543e-08
-1.75297e-16
-4.94166e-16
8.9543e-08
-8.82293e-17
-5.27948e-16
6.42239e-08
-2.03033e-15
2.73861e-08
-1.45489e-16
-3.4821e-16
3.14534e-08
-2.18072e-16
-3.79776e-16
7.30867e-08
-2.21661e-16
-3.12104e-16
1.02066e-07
-2.43478e-16
-2.74512e-16
1.02066e-07
-1.29715e-16
-3.31745e-16
7.30867e-08
-1.91029e-15
3.14534e-08
-1.70166e-16
-1.75356e-16
3.36367e-08
-2.60329e-16
-1.22714e-16
7.75291e-08
-2.82181e-16
-6.00513e-17
1.08511e-07
-3.09693e-16
1.86444e-17
1.08511e-07
-1.97072e-16
-1.74312e-16
7.75291e-08
-7.04107e-16
3.36367e-08
-1.72265e-16
-1.6059e-17
3.05588e-08
-2.66702e-16
6.53696e-17
7.00874e-08
-3.09572e-16
1.19195e-16
9.84233e-08
-3.32435e-16
1.77446e-16
9.84233e-08
-2.31474e-16
7.71384e-17
7.00874e-08
1.171e-16
3.05588e-08
-1.00131e-16
1.51602e-08
-1.51849e-16
3.50151e-08
-1.95944e-16
4.95107e-08
-1.87131e-16
4.95107e-08
-1.40633e-16
3.50151e-08
1.51602e-08
-6.07987e-18
-6.65114e-17
1.53324e-08
2.91443e-17
-1.47508e-16
3.68832e-08
8.05859e-17
-1.52245e-16
5.12559e-08
1.22057e-16
-2.27798e-19
5.12559e-08
8.20472e-17
6.29947e-17
3.68832e-08
1.7652e-15
1.53324e-08
-6.82618e-18
-6.04504e-17
1.88857e-08
3.7516e-17
-1.42544e-16
4.50851e-08
1.03595e-16
-1.44362e-16
6.2712e-08
1.58625e-16
-3.38513e-18
6.2712e-08
1.03468e-16
7.24387e-17
4.50851e-08
1.88573e-15
1.88857e-08
-7.33638e-18
-4.98356e-17
2.29799e-08
4.86085e-17
-1.16747e-16
5.4389e-08
1.33748e-16
-1.12428e-16
7.5734e-08
2.06497e-16
1.37862e-17
7.5734e-08
1.32349e-16
1.11492e-16
5.4389e-08
1.97873e-15
2.29799e-08
-6.45726e-18
-3.65419e-17
2.73861e-08
6.3803e-17
-9.13581e-17
6.42239e-08
1.72362e-16
-8.54339e-17
8.9543e-08
2.6659e-16
4.72508e-18
8.9543e-08
1.78568e-16
1.46179e-16
6.42239e-08
1.44298e-15
2.73861e-08
-3.07189e-18
-1.68342e-17
3.14534e-08
8.4164e-17
-5.43372e-17
7.30867e-08
2.18924e-16
-5.18071e-17
1.02066e-07
3.37962e-16
-4.8191e-18
1.02066e-07
2.26341e-16
8.79462e-17
7.30867e-08
1.51264e-15
3.14534e-08
4.31743e-18
1.01714e-17
3.36367e-08
1.08481e-16
1.73497e-17
7.75291e-08
2.67741e-16
2.14167e-17
1.08511e-07
3.97136e-16
1.1044e-18
1.08511e-07
2.90905e-16
1.62462e-16
7.75291e-08
5.68702e-16
3.36367e-08
1.6264e-17
3.44496e-17
3.05588e-08
1.26096e-16
6.49423e-17
7.00874e-08
2.86145e-16
7.11169e-17
9.84233e-08
4.01715e-16
2.90121e-17
9.84233e-08
3.09154e-16
4.75012e-17
7.00874e-08
-6.69735e-17
3.05588e-08
2.01272e-17
1.51602e-08
8.73228e-17
3.50151e-08
1.80481e-16
4.95107e-08
2.15474e-16
4.95107e-08
1.74855e-16
3.50151e-08
1.51602e-08
-1.20763e-18
-3.15288e-16
1.53324e-08
-3.08947e-17
-6.52247e-16
3.68832e-08
-5.50611e-17
-7.78838e-16
5.12559e-08
-8.22011e-17
-9.0765e-16
5.12559e-08
-5.40099e-17
-7.98983e-16
3.68832e-08
-2.23415e-15
1.53324e-08
-2.30519e-18
-2.99643e-16
1.88857e-08
-4.06948e-17
-6.09783e-16
4.50851e-08
-7.41895e-17
-7.44343e-16
6.2712e-08
-1.12625e-16
-8.64874e-16
6.2712e-08
-7.11901e-17
-7.36015e-16
4.50851e-08
-2.2674e-15
1.88857e-08
-4.27085e-18
-2.70288e-16
2.29799e-08
-5.3524e-17
-5.41231e-16
5.4389e-08
-1.00782e-16
-6.73499e-16
7.5734e-08
-1.54716e-16
-7.67709e-16
7.5734e-08
-9.54392e-17
-6.66909e-16
5.4389e-08
-2.32919e-15
2.29799e-08
-7.28472e-18
-2.36648e-16
2.73861e-08
-6.99251e-17
-4.48875e-16
6.42239e-08
-1.36242e-16
-5.74834e-16
8.9543e-08
-2.10781e-16
-6.39941e-16
8.9543e-08
-1.37837e-16
-5.91445e-16
6.42239e-08
-1.72699e-15
2.73861e-08
-1.18323e-17
-1.79019e-16
3.14534e-08
-8.9985e-17
-3.3514e-16
7.30867e-08
-1.81249e-16
-4.41157e-16
1.02066e-07
-2.81812e-16
-4.65031e-16
1.02066e-07
-1.8474e-16
-4.02345e-16
7.30867e-08
-1.737e-15
3.14534e-08
-1.75775e-17
-1.01994e-16
3.36367e-08
-1.10377e-16
-1.7711e-16
7.75291e-08
-2.30064e-16
-2.3878e-16
1.08511e-07
-3.47071e-16
-2.1172e-16
1.08511e-07
-2.54207e-16
-3.06888e-16
7.75291e-08
-6.77835e-16
3.36367e-08
-2.32304e-17
-2.14725e-17
3.05588e-08
-1.18377e-16
-2.77506e-17
7.00874e-08
-2.54001e-16
-4.18607e-17
9.84233e-08
-3.67452e-16
-9.70276e-18
9.84233e-08
-2.8488e-16
-4.74456e-17
7.00874e-08
4.85957e-17
3.05588e-08
-1.90883e-17
1.51602e-08
-7.38966e-17
3.50151e-08
-1.65747e-16
4.95107e-08
-2.09268e-16
4.95107e-08
-1.70586e-16
3.50151e-08
1.51602e-08
3.22324e-17
3.30588e-16
1.53324e-08
6.93164e-17
4.42543e-16
3.68832e-08
8.8747e-17
3.6309e-16
5.12559e-08
1.02226e-16
4.88068e-16
5.12559e-08
6.17878e-17
5.07883e-16
3.68832e-08
2.30842e-15
1.53324e-08
4.09076e-17
3.0728e-16
1.88857e-08
8.82319e-17
4.02837e-16
4.50851e-08
1.14449e-16
3.35685e-16
6.2712e-08
1.35011e-16
4.49401e-16
6.2712e-08
7.88625e-17
4.70081e-16
4.50851e-08
2.38614e-15
1.88857e-08
5.17059e-17
2.70348e-16
2.29799e-08
1.11332e-16
3.39615e-16
5.4389e-08
1.47858e-16
2.85584e-16
7.5734e-08
1.78815e-16
3.75792e-16
7.5734e-08
1.0225e-16
4.29719e-16
5.4389e-08
2.47923e-15
2.29799e-08
6.44749e-17
2.25167e-16
2.73861e-08
1.38964e-16
2.63669e-16
6.42239e-08
1.89818e-16
2.26969e-16
8.9543e-08
2.34956e-16
2.80429e-16
8.9543e-08
1.4317e-16
3.88106e-16
6.42239e-08
1.86801e-15
2.73861e-08
7.83219e-17
1.61658e-16
3.14534e-08
1.69358e-16
1.70421e-16
7.30867e-08
2.38978e-16
1.45543e-16
1.02066e-07
3.03366e-16
1.60113e-16
1.02066e-07
1.86945e-16
2.43696e-16
7.30867e-08
1.86601e-15
3.14534e-08
8.97647e-17
8.6102e-17
3.36367e-08
1.9547e-16
7.08146e-17
7.75291e-08
2.87073e-16
4.20786e-17
1.08511e-07
3.62258e-16
4.81542e-18
1.08511e-07
2.52971e-16
1.96061e-16
7.75291e-08
7.08397e-16
3.36367e-08
9.04358e-17
2.18342e-17
3.05588e-08
1.95469e-16
-6.52576e-18
7.00874e-08
3.00265e-16
-2.61191e-17
9.84233e-08
3.71636e-16
-7.32816e-17
9.84233e-08
2.777e-16
-1.31121e-17
7.00874e-08
-8.87886e-17
3.05588e-08
5.32993e-17
1.51602e-08
1.09801e-16
3.50151e-08
1.84107e-16
4.95107e-08
2.01223e-16
4.95107e-08
1.59148e-16
3.50151e-08
1.51602e-08
-2.89322e-17
-4.76518e-16
1.53324e-08
-5.57351e-17
-7.52376e-16
3.68832e-08
-7.13991e-17
-7.96159e-16
5.12559e-08
-8.44959e-17
-8.8716e-16
5.12559e-08
-4.59399e-17
-7.96676e-16
3.68832e-08
-2.07397e-15
1.53324e-08
-3.80134e-17
-4.51948e-16
1.88857e-08
-7.34081e-17
-7.13768e-16
4.50851e-08
-9.46857e-17
-7.66843e-16
6.2712e-08
-1.13733e-16
-8.46122e-16
6.2712e-08
-5.99367e-17
-7.29875e-16
4.50851e-08
-2.11789e-15
1.88857e-08
-4.99315e-17
-4.0885e-16
2.29799e-08
-9.6388e-17
-6.37596e-16
5.4389e-08
-1.26401e-16
-6.89367e-16
7.5734e-08
-1.53727e-16
-7.39531e-16
7.5734e-08
-7.98497e-17
-6.50636e-16
5.4389e-08
-2.177e-15
2.29799e-08
-6.48995e-17
-3.49502e-16
2.73861e-08
-1.25811e-16
-5.35094e-16
6.42239e-08
-1.67999e-16
-5.78304e-16
8.9543e-08
-2.06339e-16
-6.0525e-16
8.9543e-08
-1.16658e-16
-5.59921e-16
6.42239e-08
-1.58742e-15
2.73861e-08
-8.28321e-17
-2.65576e-16
3.14534e-08
-1.6126e-16
-3.97181e-16
7.30867e-08
-2.19605e-16
-4.30252e-16
1.02066e-07
-2.72082e-16
-4.20521e-16
1.02066e-07
-1.5609e-16
-3.63441e-16
7.30867e-08
-1.62186e-15
3.14534e-08
-1.00229e-16
-1.61331e-16
3.36367e-08
-1.96911e-16
-2.21501e-16
7.75291e-08
-2.74838e-16
-2.38842e-16
1.08511e-07
-3.32113e-16
-1.83858e-16
1.08511e-07
-2.17262e-16
-2.74547e-16
7.75291e-08
-6.31546e-16
3.36367e-08
-1.06451e-16
-5.07095e-17
3.05588e-08
-2.10046e-16
-5.33935e-17
7.00874e-08
-2.99357e-16
-5.36635e-17
9.84233e-08
-3.49071e-16
2.60621e-18
9.84233e-08
-2.45281e-16
-3.72019e-17
7.00874e-08
5.24916e-17
3.05588e-08
-6.6427e-17
1.51602e-08
-1.28729e-16
3.50151e-08
-1.91474e-16
4.95107e-08
-1.99175e-16
4.95107e-08
-1.46883e-16
3.50151e-08
1.51602e-08
1.44733e-17
2.54091e-16
1.53324e-08
4.88131e-17
3.37501e-16
3.68832e-08
7.63373e-17
2.92575e-16
5.12559e-08
1.02791e-16
4.50364e-16
5.12559e-08
6.77865e-17
5.02743e-16
3.68832e-08
2.44757e-15
1.53324e-08
1.91905e-17
2.42719e-16
1.88857e-08
6.28441e-17
3.04149e-16
4.50851e-08
9.96047e-17
2.65064e-16
6.2712e-08
1.37049e-16
4.19434e-16
6.2712e-08
8.68894e-17
4.68924e-16
4.50851e-08
2.52262e-15
1.88857e-08
2.57396e-17
2.1706e-16
2.29799e-08
8.06468e-17
2.55163e-16
5.4389e-08
1.30681e-16
2.29061e-16
7.5734e-08
1.82981e-16
3.44968e-16
7.5734e-08
1.12895e-16
4.40505e-16
5.4389e-08
2.61599e-15
2.29799e-08
3.47374e-17
1.88446e-16
2.73861e-08
1.03319e-16
1.99306e-16
6.42239e-08
1.70361e-16
1.77715e-16
8.9543e-08
2.42281e-16
2.70197e-16
8.9543e-08
1.56638e-16
4.10211e-16
6.42239e-08
2.01328e-15
2.73861e-08
4.65717e-17
1.4592e-16
3.14534e-08
1.30512e-16
1.40507e-16
7.30867e-08
2.191e-16
1.12889e-16
1.02066e-07
3.14396e-16
1.51281e-16
1.02066e-07
2.04243e-16
2.79812e-16
7.30867e-08
1.9758e-15
3.14534e-08
5.97707e-17
8.04946e-17
3.36367e-08
1.58248e-16
4.66998e-17
7.75291e-08
2.68945e-16
2.85588e-17
1.08511e-07
3.77127e-16
7.98424e-18
1.08511e-07
2.73483e-16
2.30214e-16
7.75291e-08
7.67146e-16
3.36367e-08
6.89346e-17
1.60079e-17
3.05588e-08
1.68859e-16
-7.97999e-18
7.00874e-08
2.88952e-16
-2.48491e-17
9.84233e-08
3.86622e-16
-6.91974e-17
9.84233e-08
2.96908e-16
4.68574e-18
7.00874e-08
-7.46933e-17
3.05588e-08
4.8292e-17
1.51602e-08
1.04166e-16
3.50151e-08
1.83026e-16
4.95107e-08
2.07863e-16
4.95107e-08
1.68042e-16
3.50151e-08
1.51602e-08
1.16884e-17
1.07027e-16
1.53324e-08
-2.08594e-17
6.83936e-17
3.68832e-08
-6.55141e-17
-1.54894e-17
5.12559e-08
-1.05133e-16
-1.34176e-16
5.12559e-08
-7.00919e-17
-8.89839e-17
3.68832e-08
-1.45236e-15
1.53324e-08
1.42071e-17
9.63168e-17
1.88857e-08
-2.78421e-17
6.1777e-17
4.50851e-08
-8.66498e-17
-2.60578e-17
6.2712e-08
-1.39736e-16
-1.3902e-16
6.2712e-08
-9.06696e-17
-9.59854e-17
4.50851e-08
-1.54429e-15
1.88857e-08
1.70959e-17
8.14404e-17
2.29799e-08
-3.73157e-17
3.4301e-17
5.4389e-08
-1.15304e-16
-6.06906e-17
7.5734e-08
-1.86139e-16
-1.55072e-16
7.5734e-08
-1.19278e-16
-1.22437e-16
5.4389e-08
-1.61924e-15
2.29799e-08
1.98116e-17
6.569e-17
2.73861e-08
-5.03857e-17
1.24925e-17
6.42239e-08
-1.53025e-16
-7.53956e-17
8.9543e-08
-2.46128e-16
-1.50535e-16
8.9543e-08
-1.65717e-16
-1.48609e-16
6.42239e-08
-1.13992e-15
2.73861e-08
2.15204e-17
4.55661e-17
3.14534e-08
-6.7541e-17
-9.88604e-18
7.30867e-08
-2.00226e-16
-9.00576e-17
1.02066e-07
-3.19615e-16
-1.21117e-16
1.02066e-07
-2.16011e-16
-9.24083e-17
7.30867e-08
-1.23553e-15
3.14534e-08
2.03816e-17
9.83744e-18
3.36367e-08
-8.76182e-17
-5.30298e-17
7.75291e-08
-2.50606e-16
-1.19078e-16
1.08511e-07
-3.85028e-16
-9.65003e-17
1.08511e-07
-2.83562e-16
-1.7835e-16
7.75291e-08
-4.48708e-16
3.36367e-08
1.41801e-17
-1.82389e-17
3.05588e-08
-1.0012e-16
-7.11571e-17
7.00874e-08
-2.73228e-16
-9.44897e-17
9.84233e-08
-4.00304e-16
-5.81656e-17
9.84233e-08
-3.10737e-16
-6.5587e-17
7.00874e-08
6.58424e-17
3.05588e-08
1.77188e-18
1.51602e-08
-6.90536e-17
3.50151e-08
-1.75051e-16
4.95107e-08
-2.26031e-16
4.95107e-08
-1.86278e-16
3.50151e-08
1.51602e-08
4.43747e-17
7.84743e-16
1.53324e-08
8.26151e-17
1.28323e-15
3.68832e-08
8.88314e-17
1.30083e-15
5.12559e-08
9.5944e-17
1.41137e-15
5.12559e-08
6.50375e-17
1.25525e-15
3.68832e-08
2.93581e-15
1.53324e-08
5.68915e-17
7.4232e-16
1.88857e-08
1.05896e-16
1.19525e-15
4.50851e-08
1.15744e-16
1.22979e-15
6.2712e-08
1.29006e-16
1.32641e-15
6.2712e-08
8.34883e-17
1.14769e-15
4.50851e-08
2.99005e-15
1.88857e-08
7.27989e-17
6.56734e-16
2.29799e-08
1.34638e-16
1.0334e-15
5.4389e-08
1.51478e-16
1.06638e-15
7.5734e-08
1.74121e-16
1.12943e-15
7.5734e-08
1.08624e-16
1.01454e-15
5.4389e-08
3.06087e-15
2.29799e-08
9.1726e-17
5.56631e-16
2.73861e-08
1.69165e-16
8.46461e-16
6.42239e-08
1.97256e-16
8.72371e-16
8.9543e-08
2.34476e-16
8.97512e-16
8.9543e-08
1.5091e-16
8.59473e-16
6.42239e-08
2.4835e-15
2.73861e-08
1.12714e-16
4.13756e-16
3.14534e-08
2.07401e-16
5.90258e-16
7.30867e-08
2.52765e-16
6.19875e-16
1.02066e-07
3.09697e-16
6.05694e-16
1.02066e-07
2.01037e-16
6.19877e-16
7.30867e-08
2.28505e-15
3.14534e-08
1.30269e-16
2.17487e-16
3.36367e-08
2.41152e-16
2.54206e-16
7.75291e-08
3.09495e-16
2.69816e-16
1.08511e-07
3.80484e-16
2.02048e-16
1.08511e-07
2.7436e-16
3.72697e-16
7.75291e-08
9.05362e-16
3.36367e-08
1.31286e-16
3.72575e-17
3.05588e-08
2.4239e-16
-1.50519e-17
7.00874e-08
3.30568e-16
-2.57088e-17
9.84233e-08
3.99006e-16
-7.91469e-17
9.84233e-08
3.01337e-16
-2.66368e-18
7.00874e-08
-5.78594e-17
3.05588e-08
7.72082e-17
1.51602e-08
1.37246e-16
3.50151e-08
2.09458e-16
4.95107e-08
2.23879e-16
4.95107e-08
1.72747e-16
3.50151e-08
1.51602e-08
-1.59938e-17
-3.41497e-16
1.53324e-08
-2.80481e-18
-3.47197e-16
3.68832e-08
2.98092e-17
-1.87575e-16
5.12559e-08
3.37043e-17
-3.57744e-16
5.12559e-08
6.71772e-17
-4.52706e-16
3.68832e-08
-2.39864e-15
1.53324e-08
-2.23606e-17
-3.26238e-16
1.88857e-08
-6.74717e-18
-3.17442e-16
4.50851e-08
3.40399e-17
-1.64841e-16
6.2712e-08
3.4533e-17
-3.18851e-16
6.2712e-08
7.82784e-17
-4.34128e-16
4.50851e-08
-2.40302e-15
1.88857e-08
-3.16465e-17
-2.9307e-16
2.29799e-08
-1.25818e-17
-2.34421e-16
5.4389e-08
3.5682e-17
-1.05701e-16
7.5734e-08
3.12623e-17
-2.17539e-16
7.5734e-08
8.58088e-17
-4.20104e-16
5.4389e-08
-2.40713e-15
2.29799e-08
-4.40571e-17
-2.49338e-16
2.73861e-08
-2.20961e-17
-1.68705e-16
6.42239e-08
3.26112e-17
-4.45745e-17
8.9543e-08
1.94589e-17
-1.17921e-16
8.9543e-08
7.85281e-17
-3.98437e-16
6.42239e-08
-1.87503e-15
2.73861e-08
-6.05348e-17
-1.94362e-16
3.14534e-08
-3.6599e-17
-7.99965e-17
7.30867e-08
2.04078e-17
1.6115e-17
1.02066e-07
-6.16171e-18
2.81651e-18
1.02066e-07
5.89384e-17
-3.01542e-16
7.30867e-08
-1.70795e-15
3.14534e-08
-7.89483e-17
-1.02186e-16
3.36367e-08
-5.60568e-17
2.81655e-17
7.75291e-08
-5.70519e-18
9.45728e-17
1.08511e-07
-4.04137e-17
1.19433e-16
1.08511e-07
9.86974e-19
-2.54178e-16
7.75291e-08
-6.38633e-16
3.36367e-08
-9.01642e-17
-8.80208e-18
3.05588e-08
-7.32346e-17
7.8806e-17
7.00874e-08
-4.40582e-17
1.06843e-16
9.84233e-08
-7.2826e-17
1.43118e-16
9.84233e-08
-6.28921e-17
-4.97176e-17
7.00874e-08
8.01875e-17
3.05588e-08
-6.20038e-17
1.51602e-08
-5.3879e-17
3.50151e-08
-6.02689e-17
4.95107e-08
-4.77049e-17
4.95107e-08
-7.49937e-17
3.50151e-08
1.51602e-08
-4.38374e-17
5.17274e-18
1.53324e-08
-2.85131e-17
2.23678e-16
3.68832e-08
1.141e-17
4.54566e-16
5.12559e-08
6.48788e-17
6.23519e-16
5.12559e-08
3.10261e-17
4.0923e-16
3.68832e-08
2.0809e-15
1.53324e-08
-5.34029e-17
4.49415e-17
1.88857e-08
-3.56743e-17
2.69951e-16
4.50851e-08
1.22612e-17
5.06536e-16
6.2712e-08
8.13822e-17
6.7724e-16
6.2712e-08
3.77975e-17
5.45461e-16
4.50851e-08
2.22576e-15
1.88857e-08
-6.516e-17
6.5643e-17
2.29799e-08
-4.51796e-17
2.78527e-16
5.4389e-08
1.35872e-17
5.2421e-16
7.5734e-08
1.02234e-16
6.87043e-16
7.5734e-08
4.99994e-17
6.61329e-16
5.4389e-08
2.26122e-15
2.29799e-08
-7.85492e-17
8.11031e-17
2.73861e-08
-5.68752e-17
2.65469e-16
6.42239e-08
1.51186e-17
4.9859e-16
8.9543e-08
1.28168e-16
6.46971e-16
8.9543e-08
7.73252e-17
7.4044e-16
6.42239e-08
1.74118e-15
2.73861e-08
-9.12816e-17
7.48788e-17
3.14534e-08
-6.91086e-17
2.23378e-16
7.30867e-08
1.68453e-17
4.32692e-16
1.02066e-07
1.58459e-16
5.36592e-16
1.02066e-07
1.07736e-16
6.4731e-16
7.30867e-08
1.68222e-15
3.14534e-08
-9.77395e-17
6.80125e-17
3.36367e-08
-7.75569e-17
1.81639e-16
7.75291e-08
1.76436e-17
3.4026e-16
1.08511e-07
1.75394e-16
3.9712e-16
1.08511e-07
1.59081e-16
6.07667e-16
7.75291e-08
7.23869e-16
3.36367e-08
-8.70467e-17
4.78081e-17
3.05588e-08
-7.24854e-17
1.11709e-16
7.00874e-08
1.64844e-17
1.93839e-16
9.84233e-08
1.57396e-16
2.00836e-16
9.84233e-08
1.874e-16
2.99876e-16
7.00874e-08
3.36694e-17
3.05588e-08
-3.91101e-17
1.51602e-08
-3.44708e-17
3.50151e-08
1.18057e-17
4.95107e-08
5.64348e-17
4.95107e-08
1.19306e-16
3.50151e-08
1.51602e-08
-4.61357e-17
-6.30515e-16
1.53324e-08
-6.23444e-17
-9.84587e-16
3.68832e-08
-3.89986e-17
-8.63452e-16
5.12559e-08
-4.21531e-17
-8.50862e-16
5.12559e-08
-1.82333e-17
-4.95837e-16
3.68832e-08
-2.29709e-15
1.53324e-08
-5.78449e-17
-5.91878e-16
1.88857e-08
-7.88427e-17
-9.21903e-16
4.50851e-08
-4.98388e-17
-8.22419e-16
6.2712e-08
-5.91142e-17
-7.91523e-16
6.2712e-08
-2.70289e-17
-5.22761e-16
4.50851e-08
-2.32144e-15
1.88857e-08
-7.20224e-17
-5.28853e-16
2.29799e-08
-9.82979e-17
-8.04557e-16
5.4389e-08
-6.48479e-17
-7.26023e-16
7.5734e-08
-8.22588e-17
-6.83372e-16
7.5734e-08
-4.19269e-17
-5.67987e-16
5.4389e-08
-2.39265e-15
2.29799e-08
-8.78297e-17
-4.51584e-16
2.73861e-08
-1.19972e-16
-6.73724e-16
6.42239e-08
-8.47115e-17
-6.17387e-16
8.9543e-08
-1.14418e-16
-5.61638e-16
8.9543e-08
-7.37697e-17
-5.96742e-16
6.42239e-08
-1.82005e-15
2.73861e-08
-1.03611e-16
-3.44162e-16
3.14534e-08
-1.41477e-16
-4.93105e-16
7.30867e-08
-1.08605e-16
-4.64587e-16
1.02066e-07
-1.5627e-16
-4.07177e-16
1.02066e-07
-1.12755e-16
-5.15188e-16
7.30867e-08
-1.78152e-15
3.14534e-08
-1.13859e-16
-1.94593e-16
3.36367e-08
-1.55071e-16
-2.57945e-16
7.75291e-08
-1.3267e-16
-2.6188e-16
1.08511e-07
-1.90603e-16
-2.0062e-16
1.08511e-07
-1.79058e-16
-4.77765e-16
7.75291e-08
-6.87611e-16
3.36367e-08
-1.07499e-16
-4.85693e-17
3.05588e-08
-1.44262e-16
-3.9638e-17
7.00874e-08
-1.39116e-16
-4.73099e-17
9.84233e-08
-1.90362e-16
-2.44278e-17
9.84233e-08
-2.19936e-16
-1.84069e-16
7.00874e-08
5.32209e-17
3.05588e-08
-5.83401e-17
1.51602e-08
-7.09354e-17
3.50151e-08
-8.66481e-17
4.95107e-08
-8.2269e-17
4.95107e-08
-1.43467e-16
3.50151e-08
1.51602e-08
7.90901e-19
1.89976e-16
1.53324e-08
-5.91243e-18
7.51132e-17
3.68832e-08
-1.18219e-17
-4.74325e-17
5.12559e-08
1.57619e-17
1.35459e-16
5.12559e-08
-1.92801e-18
1.15975e-16
3.68832e-08
2.1825e-15
1.53324e-08
2.70048e-18
1.8966e-16
1.88857e-08
-5.35548e-18
7.95213e-17
4.50851e-08
-1.3972e-17
-2.95233e-17
6.2712e-08
2.3966e-17
1.39439e-16
6.2712e-08
1.32347e-19
2.15025e-16
4.50851e-08
2.26716e-15
1.88857e-08
5.8323e-18
1.76017e-16
2.29799e-08
-3.745e-18
8.26932e-17
5.4389e-08
-1.4364e-17
-1.13197e-17
7.5734e-08
3.62688e-17
1.34944e-16
7.5734e-08
7.68614e-18
3.32276e-16
5.4389e-08
2.31628e-15
2.29799e-08
1.09436e-17
1.59485e-16
2.73861e-08
3.58515e-20
7.57318e-17
6.42239e-08
-1.18391e-17
-7.04187e-18
8.9543e-08
5.50874e-17
1.19403e-16
8.9543e-08
3.27622e-17
4.36732e-16
6.42239e-08
1.69622e-15
2.73861e-08
1.88738e-17
1.33798e-16
3.14534e-08
7.00381e-18
6.36889e-17
7.30867e-08
-3.85587e-18
1.77986e-17
1.02066e-07
8.29667e-17
9.34019e-17
1.02066e-07
6.28926e-17
3.88524e-16
7.30867e-08
1.70298e-15
3.14534e-08
2.9433e-17
9.807e-17
3.36367e-08
1.91862e-17
5.82394e-17
7.75291e-08
1.04925e-17
4.62725e-17
1.08511e-07
1.0492e-16
7.00646e-17
1.08511e-07
1.23116e-16
4.37363e-16
7.75291e-08
6.72693e-16
3.36367e-08
3.96628e-17
4.70193e-17
3.05588e-08
3.25047e-17
4.17169e-17
7.00874e-08
2.77698e-17
5.76725e-17
9.84233e-08
1.06472e-16
5.46463e-17
9.84233e-08
1.68299e-16
2.15025e-16
7.00874e-08
-3.73322e-17
3.05588e-08
3.15808e-17
1.51602e-08
2.73487e-17
3.50151e-08
3.11547e-17
4.95107e-08
3.50182e-17
4.95107e-08
1.17192e-16
3.50151e-08
1.51602e-08
2.58459e-17
8.84412e-17
1.53324e-08
9.81733e-18
-7.4512e-17
3.68832e-08
-9.85528e-18
-1.41115e-16
5.12559e-08
-5.19541e-17
-2.37524e-16
5.12559e-08
-3.70051e-17
5.80981e-17
3.68832e-08
-1.69323e-15
1.53324e-08
3.23515e-17
7.32504e-17
1.88857e-08
1.32657e-17
-6.85361e-17
4.50851e-08
-1.10849e-17
-1.41146e-16
6.2712e-08
-6.89511e-17
-2.1869e-16
6.2712e-08
-4.93057e-17
-2.58984e-17
4.50851e-08
-1.7533e-15
1.88857e-08
4.00517e-17
5.37109e-17
2.29799e-08
1.81451e-17
-6.59673e-17
5.4389e-08
-1.34061e-17
-1.45084e-16
7.5734e-08
-9.07836e-17
-2.14008e-16
7.5734e-08
-6.80381e-17
-1.6231e-16
5.4389e-08
-1.85553e-15
2.29799e-08
4.87183e-17
3.4171e-17
2.73861e-08
2.44136e-17
-5.78625e-17
6.42239e-08
-1.7015e-17
-1.4265e-16
8.9543e-08
-1.19095e-16
-1.95995e-16
8.9543e-08
-1.04032e-16
-2.79983e-16
6.42239e-08
-1.29315e-15
2.73861e-08
5.69019e-17
1.76013e-17
3.14534e-08
3.16281e-17
-4.80873e-17
7.30867e-08
-2.20198e-17
-1.40322e-16
1.02066e-07
-1.54107e-16
-1.72223e-16
1.02066e-07
-1.43447e-16
-2.84295e-16
7.30867e-08
-1.41668e-15
3.14534e-08
6.11962e-17
5.9062e-19
3.36367e-08
3.75522e-17
-3.85107e-17
7.75291e-08
-2.84221e-17
-1.27344e-16
1.08511e-07
-1.77366e-16
-1.36583e-16
1.08511e-07
-2.06869e-16
-4.08673e-16
7.75291e-08
-5.21379e-16
3.36367e-08
5.47769e-17
-6.44916e-18
3.05588e-08
3.68352e-17
-2.4251e-17
7.00874e-08
-3.20827e-17
-7.86507e-17
9.84233e-08
-1.68254e-16
-7.73067e-17
9.84233e-08
-2.42034e-16
-2.27971e-16
7.00874e-08
6.69584e-17
3.05588e-08
2.49806e-17
1.51602e-08
1.97031e-17
3.50151e-08
-2.42548e-17
4.95107e-08
-6.43783e-17
4.95107e-08
-1.53226e-16
3.50151e-08
1.51602e-08
6.00208e-17
7.7898e-16
1.53324e-08
6.99689e-17
1.06302e-15
3.68832e-08
3.67906e-17
8.98761e-16
5.12559e-08
3.27704e-17
9.3243e-16
5.12559e-08
4.60533e-18
6.61303e-16
3.68832e-08
2.57162e-15
1.53324e-08
7.56231e-17
7.33752e-16
1.88857e-08
8.86466e-17
9.95668e-16
4.50851e-08
4.63471e-17
8.55456e-16
6.2712e-08
4.57267e-17
8.7125e-16
6.2712e-08
8.50721e-18
7.12709e-16
4.50851e-08
2.6346e-15
1.88857e-08
9.45829e-17
6.5073e-16
2.29799e-08
1.10535e-16
8.54658e-16
5.4389e-08
5.96195e-17
7.32724e-16
7.5734e-08
6.40188e-17
7.37797e-16
7.5734e-08
1.79551e-17
7.42582e-16
5.4389e-08
2.68151e-15
2.29799e-08
1.15825e-16
5.44777e-16
2.73861e-08
1.35088e-16
6.91969e-16
6.42239e-08
7.70917e-17
6.00802e-16
8.9543e-08
9.02549e-17
5.93182e-16
8.9543e-08
4.57553e-17
7.59238e-16
6.42239e-08
2.00399e-15
2.73861e-08
1.37386e-16
4.06734e-16
3.14534e-08
1.59462e-16
4.84336e-16
7.30867e-08
9.83952e-17
4.24298e-16
1.02066e-07
1.26384e-16
4.04751e-16
1.02066e-07
7.93527e-17
6.03324e-16
7.30867e-08
1.9675e-15
3.14534e-08
1.523e-16
2.22908e-16
3.36367e-08
1.75313e-16
2.18735e-16
7.75291e-08
1.19311e-16
1.83899e-16
1.08511e-07
1.55599e-16
1.4545e-16
1.08511e-07
1.4541e-16
4.9937e-16
7.75291e-08
7.61017e-16
3.36367e-08
1.45429e-16
5.21075e-17
3.05588e-08
1.621e-16
-8.57112e-19
7.00874e-08
1.24651e-16
-9.85089e-18
9.84233e-08
1.55537e-16
-3.6671e-17
9.84233e-08
1.91923e-16
1.6009e-16
7.00874e-08
-7.20573e-17
3.05588e-08
7.89294e-17
1.51602e-08
7.96405e-17
3.50151e-08
7.72341e-17
4.95107e-08
6.14484e-17
4.95107e-08
1.2982e-16
3.50151e-08
1.51602e-08
-2.59365e-18
-2.35781e-16
1.53324e-08
-8.68862e-19
-2.50002e-16
3.68832e-08
4.41215e-19
-1.91274e-16
5.12559e-08
-2.75744e-17
-2.71925e-16
5.12559e-08
-1.44538e-17
-4.87429e-17
3.68832e-08
-1.60251e-15
1.53324e-08
-5.48151e-18
-2.36835e-16
1.88857e-08
-3.65934e-18
-2.51479e-16
4.50851e-08
3.33481e-20
-1.90632e-16
6.2712e-08
-3.75882e-17
-2.53541e-16
6.2712e-08
-2.03675e-17
-1.23802e-16
4.50851e-08
-1.66166e-15
1.88857e-08
-9.97766e-18
-2.26393e-16
2.29799e-08
-8.00404e-18
-2.35257e-16
5.4389e-08
-2.42187e-18
-1.80197e-16
7.5734e-08
-5.11959e-17
-2.27333e-16
7.5734e-08
-3.12611e-17
-2.3519e-16
5.4389e-08
-1.7548e-15
2.29799e-08
-1.6842e-17
-2.04622e-16
2.73861e-08
-1.50537e-17
-2.05545e-16
6.42239e-08
-8.0048e-18
-1.58667e-16
8.9543e-08
-7.02465e-17
-1.87216e-16
8.9543e-08
-5.8222e-17
-3.27295e-16
6.42239e-08
-1.19115e-15
2.73861e-08
-2.68394e-17
-1.64865e-16
3.14534e-08
-2.59791e-17
-1.6191e-16
7.30867e-08
-1.82803e-17
-1.4091e-16
1.02066e-07
-9.65565e-17
-1.47135e-16
1.02066e-07
-8.772e-17
-2.91052e-16
7.30867e-08
-1.33615e-15
3.14534e-08
-3.97384e-17
-1.18589e-16
3.36367e-08
-4.19618e-17
-1.12097e-16
7.75291e-08
-3.43838e-17
-1.17213e-16
1.08511e-07
-1.15991e-16
-1.04427e-16
1.08511e-07
-1.4285e-16
-3.88168e-16
7.75291e-08
-4.99423e-16
3.36367e-08
-5.06637e-17
-5.35205e-17
3.05588e-08
-5.62839e-17
-6.13288e-17
7.00874e-08
-5.18225e-17
-7.51801e-17
9.84233e-08
-1.14115e-16
-7.16358e-17
9.84233e-08
-1.80532e-16
-2.12616e-16
7.00874e-08
5.50071e-17
3.05588e-08
-3.87789e-17
1.51602e-08
-4.28056e-17
3.50151e-08
-4.47034e-17
4.95107e-08
-4.18245e-17
4.95107e-08
-1.20566e-16
3.50151e-08
1.51602e-08
7.76448e-18
2.87125e-16
1.53324e-08
1.50272e-17
4.69964e-16
3.68832e-08
4.89832e-18
4.5323e-16
5.12559e-08
2.42042e-17
6.14753e-16
5.12559e-08
3.46385e-18
4.9256e-16
3.68832e-08
2.67226e-15
1.53324e-08
9.89378e-18
2.72154e-16
1.88857e-08
1.83605e-17
4.30408e-16
4.50851e-08
6.00369e-18
4.16792e-16
6.2712e-08
3.62228e-17
5.61634e-16
6.2712e-08
7.96174e-18
5.45585e-16
4.50851e-08
2.72363e-15
1.88857e-08
1.29741e-17
2.42165e-16
2.29799e-08
2.183e-17
3.5672e-16
5.4389e-08
8.86906e-18
3.47899e-16
7.5734e-08
5.35256e-17
4.76058e-16
7.5734e-08
1.80903e-17
6.06759e-16
5.4389e-08
2.77142e-15
2.29799e-08
1.70781e-17
2.05997e-16
2.73861e-08
2.56274e-17
2.81275e-16
6.42239e-08
1.41274e-17
2.7986e-16
8.9543e-08
7.85616e-17
3.83195e-16
8.9543e-08
4.62943e-17
6.55011e-16
6.42239e-08
2.0975e-15
2.73861e-08
2.24878e-17
1.59001e-16
3.14534e-08
2.91726e-17
1.83677e-16
7.30867e-08
2.2029e-17
1.94607e-16
1.02066e-07
1.13048e-16
2.73472e-16
1.02066e-07
8.0429e-17
5.45031e-16
7.30867e-08
2.04794e-15
3.14534e-08
2.84358e-17
7.74737e-17
3.36367e-08
3.21431e-17
5.02955e-17
7.75291e-08
3.26895e-17
6.4005e-17
1.08511e-07
1.39234e-16
9.30225e-17
1.08511e-07
1.46696e-16
4.97729e-16
7.75291e-08
7.96992e-16
3.36367e-08
3.31363e-17
2.19857e-18
3.05588e-08
3.02709e-17
-3.86111e-17
7.00874e-08
3.99659e-17
-3.38183e-17
9.84233e-08
1.3676e-16
-2.43904e-17
9.84233e-08
1.91621e-16
1.77608e-16
7.00874e-08
-6.75274e-17
3.05588e-08
2.41711e-17
1.51602e-08
1.4698e-17
3.50151e-08
3.08153e-17
4.95107e-08
4.76638e-17
4.95107e-08
1.26986e-16
3.50151e-08
1.51602e-08
1.2077e-18
-1.08284e-16
1.53324e-08
-7.16748e-18
-1.95613e-16
3.68832e-08
-1.4159e-17
-1.71096e-16
5.12559e-08
-4.27181e-17
-2.18884e-16
5.12559e-08
-2.3244e-17
6.01028e-17
3.68832e-08
-1.29735e-15
1.53324e-08
4.92673e-19
-1.18947e-16
1.88857e-08
-1.04301e-17
-2.14356e-16
4.50851e-08
-1.76304e-17
-1.98304e-16
6.2712e-08
-5.55606e-17
-2.3958e-16
6.2712e-08
-3.07804e-17
-4.4713e-17
4.50851e-08
-1.39122e-15
1.88857e-08
-1.45273e-19
-1.16145e-16
2.29799e-08
-1.42545e-17
-2.2409e-16
5.4389e-08
-2.31001e-17
-2.21106e-16
7.5734e-08
-7.22016e-17
-2.52517e-16
7.5734e-08
-4.40866e-17
-1.83718e-16
5.4389e-08
-1.47779e-15
2.29799e-08
-7.64733e-19
-1.0758e-16
2.73861e-08
-1.88883e-17
-2.0698e-16
6.42239e-08
-3.11651e-17
-2.16548e-16
8.9543e-08
-9.44851e-17
-2.38867e-16
8.9543e-08
-7.35949e-17
-2.92495e-16
6.42239e-08
-9.71114e-16
2.73861e-08
-1.65238e-18
-8.88844e-17
3.14534e-08
-2.42781e-17
-1.85045e-16
7.30867e-08
-4.19582e-17
-2.08099e-16
1.02066e-07
-1.23525e-16
-2.19919e-16
1.02066e-07
-1.05901e-16
-2.80337e-16
7.30867e-08
-1.13191e-15
3.14534e-08
-3.6899e-18
-8.10553e-17
3.36367e-08
-2.98043e-17
-1.65273e-16
7.75291e-08
-5.51731e-17
-2.14557e-16
1.08511e-07
-1.43278e-16
-2.02619e-16
1.08511e-07
-1.61455e-16
-4.03645e-16
7.75291e-08
-4.14273e-16
3.36367e-08
-6.7195e-18
-6.06812e-17
3.05588e-08
-3.22271e-17
-1.18945e-16
7.00874e-08
-6.33573e-17
-1.71878e-16
9.84233e-08
-1.38681e-16
-1.48315e-16
9.84233e-08
-1.9816e-16
-2.48746e-16
7.00874e-08
4.80143e-17
3.05588e-08
-6.99471e-18
1.51602e-08
-2.20839e-17
3.50151e-08
-4.35276e-17
4.95107e-08
-5.37922e-17
4.95107e-08
-1.31777e-16
3.50151e-08
1.51602e-08
3.96465e-17
1.07821e-15
1.53324e-08
3.14684e-17
1.7577e-15
3.68832e-08
-1.82495e-17
1.82272e-15
5.12559e-08
-2.88873e-17
1.97429e-15
5.12559e-08
-4.60373e-17
1.756e-15
3.68832e-08
3.55226e-15
1.53324e-08
5.07993e-17
1.00999e-15
1.88857e-08
3.98841e-17
1.62197e-15
4.50851e-08
-2.37003e-17
1.69783e-15
6.2712e-08
-3.17582e-17
1.82433e-15
6.2712e-08
-5.50675e-17
1.7189e-15
4.50851e-08
3.54102e-15
1.88857e-08
6.53354e-17
8.97919e-16
2.29799e-08
4.94749e-17
1.38573e-15
5.4389e-08
-2.91483e-17
1.45577e-15
7.5734e-08
-3.27124e-17
1.58073e-15
7.5734e-08
-6.20563e-17
1.62146e-15
5.4389e-08
3.51238e-15
2.29799e-08
8.27097e-17
7.56112e-16
2.73861e-08
5.98836e-17
1.12587e-15
6.42239e-08
-3.38655e-17
1.19078e-15
8.9543e-08
-2.93024e-17
1.29675e-15
8.9543e-08
-5.47865e-17
1.50229e-15
6.42239e-08
2.76957e-15
2.73861e-08
1.0206e-16
5.68505e-16
3.14534e-08
7.02523e-17
7.95337e-16
7.30867e-08
-3.69484e-17
8.64154e-16
1.02066e-07
-1.78441e-17
9.44197e-16
1.02066e-07
-4.2113e-17
1.17532e-15
7.30867e-08
2.52869e-15
3.14534e-08
1.18036e-16
2.97189e-16
3.36367e-08
7.51145e-17
3.42907e-16
7.75291e-08
-3.61773e-17
3.89041e-16
1.08511e-07
-9.43313e-18
4.27248e-16
1.08511e-07
6.50881e-18
8.23773e-16
7.75291e-08
1.0689e-15
3.36367e-08
1.18472e-16
4.5228e-17
3.05588e-08
6.67493e-17
-2.4761e-17
7.00874e-08
-3.02941e-17
2.19321e-18
9.84233e-08
-9.18134e-18
1.32904e-17
9.84233e-08
5.29735e-17
2.36959e-16
7.00874e-08
1.39299e-17
3.05588e-08
6.94801e-17
1.51602e-08
2.77236e-17
3.50151e-08
-1.08368e-17
4.95107e-08
-2.98542e-17
4.95107e-08
4.94528e-17
3.50151e-08
1.51602e-08
-1.35223e-16
-9.99927e-16
1.53324e-08
-1.50196e-16
-8.44236e-16
3.68832e-08
-1.21184e-16
-2.98581e-16
5.12559e-08
-1.13964e-16
-6.32155e-17
5.12559e-08
-9.65015e-17
2.34493e-16
3.68832e-08
-1.32445e-15
1.53324e-08
-1.68443e-16
-9.04699e-16
1.88857e-08
-1.87387e-16
-7.28305e-16
4.50851e-08
-1.49265e-16
-2.06021e-16
6.2712e-08
-1.43851e-16
4.14887e-17
6.2712e-08
-1.20021e-16
2.32716e-16
4.50851e-08
-1.38399e-15
1.88857e-08
-2.08532e-16
-7.82116e-16
2.29799e-08
-2.31017e-16
-5.76818e-16
5.4389e-08
-1.82885e-16
-8.5806e-17
7.5734e-08
-1.79207e-16
1.48253e-16
7.5734e-08
-1.48453e-16
1.74224e-16
5.4389e-08
-1.54204e-15
2.29799e-08
-2.53874e-16
-6.37302e-16
2.73861e-08
-2.79989e-16
-4.10961e-16
6.42239e-08
-2.21101e-16
3.04059e-17
8.9543e-08
-2.19683e-16
2.45924e-16
8.9543e-08
-1.89662e-16
1.0443e-16
6.42239e-08
-1.0919e-15
2.73861e-08
-3.00061e-16
-4.6544e-16
3.14534e-08
-3.28874e-16
-2.43937e-16
7.30867e-08
-2.59498e-16
1.11388e-16
1.02066e-07
-2.62558e-16
2.89412e-16
1.02066e-07
-2.28386e-16
1.13308e-16
7.30867e-08
-1.2387e-15
3.14534e-08
-3.32543e-16
-2.59943e-16
3.36367e-08
-3.61535e-16
-4.27011e-17
7.75291e-08
-2.86155e-16
2.02518e-16
1.08511e-07
-2.83496e-16
3.24515e-16
1.08511e-07
-2.78185e-16
-1.15168e-17
7.75291e-08
-3.85358e-16
3.36367e-08
-3.1676e-16
-6.47096e-17
3.05588e-08
-3.38775e-16
7.25034e-17
7.00874e-08
-2.70718e-16
1.69525e-16
9.84233e-08
-2.5266e-16
2.23296e-16
9.84233e-08
-2.78593e-16
4.01611e-17
7.00874e-08
1.66168e-16
3.05588e-08
-1.69637e-16
1.51602e-08
-1.72791e-16
3.50151e-08
-1.44854e-16
4.95107e-08
-9.97787e-17
4.95107e-08
-1.42896e-16
3.50151e-08
1.51602e-08
5.96224e-17
3.50712e-16
1.53324e-08
5.32861e-17
2.85673e-16
3.68832e-08
4.00192e-17
2.46342e-16
5.12559e-08
5.44366e-17
3.66797e-16
5.12559e-08
2.07606e-17
1.69892e-16
3.68832e-08
2.14091e-15
1.53324e-08
7.63941e-17
3.20152e-16
1.88857e-08
7.20682e-17
2.62927e-16
4.50851e-08
5.66358e-17
2.05123e-16
6.2712e-08
7.9482e-17
3.07663e-16
6.2712e-08
3.24097e-17
2.09092e-16
4.50851e-08
2.20578e-15
1.88857e-08
9.80059e-17
2.8519e-16
2.29799e-08
9.76672e-17
2.2621e-16
5.4389e-08
8.22467e-17
1.49164e-16
7.5734e-08
1.15789e-16
2.2043e-16
7.5734e-08
5.32307e-17
2.63147e-16
5.4389e-08
2.26338e-15
2.29799e-08
1.24791e-16
2.36597e-16
2.73861e-08
1.32163e-16
1.8924e-16
6.42239e-08
1.2001e-16
8.95404e-17
8.9543e-08
1.68076e-16
1.35216e-16
8.9543e-08
9.6503e-17
3.27044e-16
6.42239e-08
1.64734e-15
2.73861e-08
1.55707e-16
1.78655e-16
3.14534e-08
1.76069e-16
1.31276e-16
7.30867e-08
1.72469e-16
2.53217e-17
1.02066e-07
2.39738e-16
3.9389e-17
1.02066e-07
1.51359e-16
2.44601e-16
7.30867e-08
1.66038e-15
3.14534e-08
1.84492e-16
1.01387e-16
3.36367e-08
2.2396e-16
4.74984e-17
7.75291e-08
2.34938e-16
-5.94659e-17
1.08511e-07
3.10592e-16
-9.468e-17
1.08511e-07
2.40672e-16
2.50606e-16
7.75291e-08
5.6959e-16
3.36367e-08
1.89437e-16
2.65649e-17
3.05588e-08
2.4691e-16
-2.72634e-17
7.00874e-08
2.76414e-16
-9.6175e-17
9.84233e-08
3.37293e-16
-1.27787e-16
9.84233e-08
3.01024e-16
5.68724e-17
7.00874e-08
-1.29781e-16
3.05588e-08
1.10889e-16
1.51602e-08
1.57312e-16
3.50151e-08
1.88856e-16
4.95107e-08
1.8405e-16
4.95107e-08
2.03292e-16
3.50151e-08
1.51602e-08
-3.86412e-17
-7.71277e-16
1.53324e-08
-2.03088e-18
-1.06926e-15
3.68832e-08
5.37782e-17
-1.19887e-15
5.12559e-08
8.0726e-17
-1.37028e-15
5.12559e-08
9.98554e-17
-1.19285e-15
3.68832e-08
-2.29112e-15
1.53324e-08
-4.93545e-17
-7.27067e-16
1.88857e-08
-4.00883e-18
-1.03266e-15
4.50851e-08
6.97421e-17
-1.16103e-15
6.2712e-08
1.02187e-16
-1.30937e-15
6.2712e-08
1.23471e-16
-1.19427e-15
4.50851e-08
-2.2746e-15
1.88857e-08
-6.19987e-17
-6.49117e-16
2.29799e-08
-6.15655e-18
-9.34057e-16
5.4389e-08
8.89172e-17
-1.05385e-15
7.5734e-08
1.28366e-16
-1.17067e-15
7.5734e-08
1.48489e-16
-1.17595e-15
5.4389e-08
-2.25445e-15
2.29799e-08
-7.61245e-17
-5.43808e-16
2.73861e-08
-8.85154e-18
-8.06379e-16
6.42239e-08
1.11179e-16
-8.89309e-16
8.9543e-08
1.57008e-16
-9.90572e-16
8.9543e-08
1.63162e-16
-1.09808e-15
6.42239e-08
-1.59636e-15
2.73861e-08
-9.11807e-17
-4.07258e-16
3.14534e-08
-1.27135e-17
-6.19335e-16
7.30867e-08
1.327e-16
-7.02825e-16
1.02066e-07
1.8291e-16
-7.51579e-16
1.02066e-07
1.76025e-16
-8.57858e-16
7.30867e-08
-1.58557e-15
3.14534e-08
-1.03981e-16
-2.58743e-16
3.36367e-08
-1.99101e-17
-3.96216e-16
7.75291e-08
1.44959e-16
-4.49304e-16
1.08511e-07
2.04631e-16
-4.56762e-16
1.08511e-07
1.51789e-16
-6.97383e-16
7.75291e-08
-6.37039e-16
3.36367e-08
-1.03376e-16
-1.00037e-16
3.05588e-08
-2.96545e-17
-1.49936e-16
7.00874e-08
1.2903e-16
-1.7641e-16
9.84233e-08
1.97216e-16
-1.68079e-16
9.84233e-08
9.86479e-17
-2.86935e-16
7.00874e-08
3.08525e-17
3.05588e-08
-5.92963e-17
1.51602e-08
-2.99856e-17
3.50151e-08
5.24541e-17
4.95107e-08
1.23661e-16
4.95107e-08
2.46879e-17
3.50151e-08
1.51602e-08
6.67528e-17
2.86376e-16
1.53324e-08
1.13442e-16
1.11591e-16
3.68832e-08
1.51056e-16
-1.93298e-16
5.12559e-08
1.92112e-16
-2.94365e-16
5.12559e-08
1.5107e-16
-4.94867e-16
3.68832e-08
1.90946e-15
1.53324e-08
8.25208e-17
2.44439e-16
1.88857e-08
1.41015e-16
6.37313e-17
4.50851e-08
1.88346e-16
-2.27328e-16
6.2712e-08
2.44951e-16
-3.27401e-16
6.2712e-08
1.88337e-16
-4.04667e-16
4.50851e-08
2.02253e-15
1.88857e-08
1.02307e-16
2.11425e-16
2.29799e-08
1.74423e-16
3.65822e-17
5.4389e-08
2.34213e-16
-2.38619e-16
7.5734e-08
3.09256e-16
-3.25305e-16
7.5734e-08
2.3382e-16
-2.44095e-16
5.4389e-08
2.19819e-15
2.29799e-08
1.2602e-16
1.77468e-16
2.73861e-08
2.13082e-16
1.56723e-17
6.42239e-08
2.8764e-16
-2.1783e-16
8.9543e-08
3.84058e-16
-2.896e-16
8.9543e-08
2.95462e-16
-5.22582e-17
6.42239e-08
1.69451e-15
2.73861e-08
1.51394e-16
1.35182e-16
3.14534e-08
2.53325e-16
8.60836e-18
7.30867e-08
3.4313e-16
-1.74233e-16
1.02066e-07
4.63208e-16
-2.31112e-16
1.02066e-07
3.55247e-16
2.92747e-17
7.30867e-08
1.76645e-15
3.14534e-08
1.71712e-16
7.22068e-17
3.36367e-08
2.82668e-16
-3.69379e-17
7.75291e-08
3.82912e-16
-1.55935e-16
1.08511e-07
5.09646e-16
-2.00056e-16
1.08511e-07
4.23132e-16
1.83331e-16
7.75291e-08
6.34964e-16
3.36367e-08
1.68691e-16
5.8157e-18
3.05588e-08
2.71536e-16
-6.00849e-17
7.00874e-08
3.645e-16
-1.07348e-16
9.84233e-08
4.63268e-16
-1.26743e-16
9.84233e-08
4.16817e-16
6.77771e-17
7.00874e-08
-1.26124e-16
3.05588e-08
9.45618e-17
1.51602e-08
1.44524e-16
3.50151e-08
1.93409e-16
4.95107e-08
2.01407e-16
4.95107e-08
2.14643e-16
3.50151e-08
1.51602e-08
-1.1669e-17
1.69476e-16
1.53324e-08
4.03979e-18
4.67406e-16
3.68832e-08
8.60444e-18
5.69701e-16
5.12559e-08
-2.11847e-17
5.69794e-16
5.12559e-08
-3.67469e-17
9.11395e-16
3.68832e-08
-4.29018e-17
1.53324e-08
-1.48058e-17
1.677e-16
1.88857e-08
2.09156e-18
4.38995e-16
4.50851e-08
6.05104e-18
5.47529e-16
6.2712e-08
-3.44686e-17
5.78288e-16
6.2712e-08
-5.16898e-17
8.49964e-16
4.50851e-08
-1.41685e-16
1.88857e-08
-1.79995e-17
1.52021e-16
2.29799e-08
-1.5434e-18
3.80308e-16
5.4389e-08
-5.4846e-19
4.93962e-16
7.5734e-08
-5.432e-17
5.46079e-16
7.5734e-08
-7.46977e-17
7.2106e-16
5.4389e-08
-2.8551e-16
2.29799e-08
-2.14511e-17
1.3674e-16
2.73861e-08
-7.7594e-18
3.2516e-16
6.42239e-08
-1.39192e-17
4.46054e-16
8.9543e-08
-8.43063e-17
5.15388e-16
8.9543e-08
-1.15858e-16
5.81524e-16
6.42239e-08
5.5772e-17
2.73861e-08
-2.46839e-17
1.04528e-16
3.14534e-08
-1.83576e-17
2.42195e-16
7.30867e-08
-3.76977e-17
3.5586e-16
1.02066e-07
-1.28798e-16
4.29291e-16
1.02066e-07
-1.63614e-16
4.9324e-16
7.30867e-08
-2.64981e-16
3.14534e-08
-2.76574e-17
3.62705e-17
3.36367e-08
-3.53801e-17
8.46833e-17
7.75291e-08
-7.47513e-17
1.69285e-16
1.08511e-07
-1.74819e-16
2.78256e-16
1.08511e-07
-2.34072e-16
1.95295e-16
7.75291e-08
1.45259e-16
3.36367e-08
-2.70273e-17
-2.58155e-17
3.05588e-08
-5.42722e-17
-4.21066e-17
7.00874e-08
-1.1162e-16
1.39277e-18
9.84233e-08
-2.00822e-16
7.43811e-17
9.84233e-08
-2.76968e-16
6.46261e-17
7.00874e-08
2.98143e-16
3.05588e-08
-1.40164e-17
1.51602e-08
-4.75366e-17
3.50151e-08
-9.47322e-17
4.95107e-08
-1.11872e-16
4.95107e-08
-1.79366e-16
3.50151e-08
1.51602e-08
3.62888e-17
4.01738e-16
1.53324e-08
6.50408e-17
6.26285e-16
3.68832e-08
7.93529e-17
6.72786e-16
5.12559e-08
9.62503e-17
8.37802e-16
5.12559e-08
5.08194e-17
7.68353e-16
3.68832e-08
2.84922e-15
1.53324e-08
4.4935e-17
3.64098e-16
1.88857e-08
8.04277e-17
5.5743e-16
4.50851e-08
9.84748e-17
6.06258e-16
6.2712e-08
1.25913e-16
7.60511e-16
6.2712e-08
6.63249e-17
7.69704e-16
4.50851e-08
2.88063e-15
1.88857e-08
5.58433e-17
3.19559e-16
2.29799e-08
9.88408e-17
4.66313e-16
5.4389e-08
1.23022e-16
5.12027e-16
7.5734e-08
1.64601e-16
6.54168e-16
7.5734e-08
8.8519e-17
7.77208e-16
5.4389e-08
2.92838e-15
2.29799e-08
6.87443e-17
2.63422e-16
2.73861e-08
1.20126e-16
3.70232e-16
6.42239e-08
1.53622e-16
4.21145e-16
8.9543e-08
2.1462e-16
5.39714e-16
8.9543e-08
1.27606e-16
7.8382e-16
6.42239e-08
2.34495e-15
2.73861e-08
8.24807e-17
1.91495e-16
3.14534e-08
1.42884e-16
2.47462e-16
7.30867e-08
1.88638e-16
2.88779e-16
1.02066e-07
2.75823e-16
3.81053e-16
1.02066e-07
1.74925e-16
6.41053e-16
7.30867e-08
2.16139e-15
3.14534e-08
9.30967e-17
8.39639e-17
3.36367e-08
1.59876e-16
6.36635e-17
7.75291e-08
2.22336e-16
9.44158e-17
1.08511e-07
3.2666e-16
1.33849e-16
1.08511e-07
2.48958e-16
4.97697e-16
7.75291e-08
8.28927e-16
3.36367e-08
9.05494e-17
-5.78046e-18
3.05588e-08
1.54994e-16
-6.96921e-17
7.00874e-08
2.28094e-16
-6.42306e-17
9.84233e-08
3.25214e-16
-5.29843e-17
9.84233e-08
2.84252e-16
1.30574e-16
7.00874e-08
-8.7114e-17
3.05588e-08
4.98641e-17
1.51602e-08
8.44335e-17
3.50151e-08
1.40054e-16
4.95107e-08
1.61259e-16
4.95107e-08
1.7325e-16
3.50151e-08
1.51602e-08
-2.74721e-17
-4.92847e-17
1.53324e-08
-9.9174e-18
2.24118e-16
3.68832e-08
8.07017e-18
4.00124e-16
5.12559e-08
3.4083e-19
4.81136e-16
5.12559e-08
-7.1748e-18
7.53342e-16
3.68832e-08
-1.97963e-17
1.53324e-08
-3.46419e-17
-3.89201e-17
1.88857e-08
-1.4859e-17
2.04366e-16
4.50851e-08
7.95081e-18
3.77819e-16
6.2712e-08
-2.09847e-18
4.75724e-16
6.2712e-08
-1.0848e-17
6.98311e-16
4.50851e-08
-1.17138e-16
1.88857e-08
-4.26475e-17
-3.09756e-17
2.29799e-08
-2.13986e-17
1.74787e-16
5.4389e-08
6.22435e-18
3.47554e-16
7.5734e-08
-5.88284e-18
4.51884e-16
7.5734e-08
-1.76012e-17
5.95757e-16
5.4389e-08
-2.53674e-16
2.29799e-08
-5.11473e-17
-1.15908e-17
2.73861e-08
-2.98404e-17
1.47946e-16
6.42239e-08
1.62668e-18
3.07199e-16
8.9543e-08
-1.27235e-17
4.19719e-16
8.9543e-08
-3.53344e-17
4.7626e-16
6.42239e-08
2.03855e-17
2.73861e-08
-5.90718e-17
-5.49104e-18
3.14534e-08
-4.03672e-17
1.04603e-16
7.30867e-08
-7.64096e-18
2.34555e-16
1.02066e-07
-2.57662e-17
3.60547e-16
1.02066e-07
-5.48983e-17
4.07875e-16
7.30867e-08
-2.55336e-16
3.14534e-08
-6.42644e-17
-2.65227e-17
3.36367e-08
-5.32735e-17
3.28174e-17
7.75291e-08
-2.29754e-17
1.1643e-16
1.08511e-07
-3.84809e-17
2.24683e-16
1.08511e-07
-9.42485e-17
1.69831e-16
7.75291e-08
1.2962e-16
3.36367e-08
-5.90389e-17
-3.74275e-17
3.05588e-08
-6.18752e-17
-3.04877e-17
7.00874e-08
-4.39915e-17
-2.81389e-18
9.84233e-08
-4.60716e-17
6.43685e-17
9.84233e-08
-1.22834e-16
8.01703e-17
7.00874e-08
2.85681e-16
3.05588e-08
-2.89094e-17
1.51602e-08
-4.3312e-17
3.50151e-08
-4.42405e-17
4.95107e-08
-1.8149e-17
4.95107e-08
-8.24984e-17
3.50151e-08
1.51602e-08
1.39541e-17
2.04462e-16
1.53324e-08
3.97725e-17
3.41018e-16
3.68832e-08
6.49002e-17
4.25521e-16
5.12559e-08
9.57812e-17
6.71366e-16
5.12559e-08
5.51204e-17
5.85105e-16
3.68832e-08
2.72317e-15
1.53324e-08
1.71304e-17
1.81157e-16
1.88857e-08
4.9387e-17
2.93914e-16
4.50851e-08
8.17864e-17
3.77392e-16
6.2712e-08
1.26993e-16
6.07573e-16
6.2712e-08
7.26622e-17
6.02118e-16
4.50851e-08
2.75715e-15
1.88857e-08
2.15217e-17
1.62902e-16
2.29799e-08
6.13117e-17
2.56621e-16
5.4389e-08
1.04118e-16
3.3155e-16
7.5734e-08
1.67518e-16
5.39347e-16
7.5734e-08
9.73491e-17
6.4317e-16
5.4389e-08
2.80324e-15
2.29799e-08
2.75314e-17
1.38252e-16
2.73861e-08
7.57888e-17
2.07112e-16
6.42239e-08
1.32478e-16
2.86256e-16
8.9543e-08
2.19159e-16
4.55371e-16
8.9543e-08
1.37554e-16
6.74061e-16
6.42239e-08
2.31042e-15
2.73861e-08
3.48343e-17
1.08216e-16
3.14534e-08
9.24566e-17
1.50835e-16
7.30867e-08
1.65835e-16
2.21173e-16
1.02066e-07
2.8067e-16
3.36349e-16
1.02066e-07
1.87258e-16
5.90957e-16
7.30867e-08
2.06694e-15
3.14534e-08
4.21795e-17
5.95186e-17
3.36367e-08
1.07129e-16
6.13133e-17
7.75291e-08
1.97202e-16
1.04761e-16
1.08511e-07
3.29011e-16
1.51643e-16
1.08511e-07
2.59836e-16
4.7691e-16
7.75291e-08
7.58548e-16
3.36367e-08
4.4825e-17
6.12295e-18
3.05588e-08
1.07283e-16
-1.49356e-17
7.00874e-08
2.0273e-16
8.3826e-18
9.84233e-08
3.16341e-16
2.93283e-18
9.84233e-08
2.89272e-16
1.38024e-16
7.00874e-08
-1.32428e-16
3.05588e-08
2.78075e-17
1.51602e-08
6.09305e-17
3.50151e-08
1.20261e-16
4.95107e-08
1.41675e-16
4.95107e-08
1.70473e-16
3.50151e-08
1.51602e-08
-4.76004e-19
-1.68779e-17
1.53324e-08
2.24861e-17
2.01756e-16
3.68832e-08
3.78639e-17
2.82539e-16
5.12559e-08
3.90408e-17
4.23088e-16
5.12559e-08
1.04715e-17
7.438e-16
3.68832e-08
1.03506e-15
1.53324e-08
-4.9072e-19
-1.31293e-17
1.88857e-08
2.69765e-17
1.67202e-16
4.50851e-08
4.74706e-17
2.51865e-16
6.2712e-08
5.13288e-17
3.97099e-16
6.2712e-08
1.41339e-17
6.97745e-16
4.50851e-08
9.0811e-16
1.88857e-08
8.08604e-19
-1.7699e-17
2.29799e-08
3.25512e-17
1.0979e-16
5.4389e-08
5.86665e-17
1.94443e-16
7.5734e-08
6.71587e-17
3.39455e-16
7.5734e-08
1.77777e-17
6.05278e-16
5.4389e-08
8.03473e-16
2.29799e-08
3.47833e-18
-8.53912e-18
2.73861e-08
3.87934e-17
7.55521e-17
6.42239e-08
7.08856e-17
1.57396e-16
8.9543e-08
8.57305e-17
3.02024e-16
8.9543e-08
1.71527e-17
5.28194e-16
6.42239e-08
8.681e-16
2.73861e-08
7.9369e-18
-1.20914e-17
3.14534e-08
4.42274e-17
2.63832e-17
7.30867e-08
8.15887e-17
9.67906e-17
1.02066e-07
1.02965e-16
2.26127e-16
1.02066e-07
1.86994e-17
4.75217e-16
7.30867e-08
5.37612e-16
3.14534e-08
1.29634e-17
-5.44023e-17
3.36367e-08
4.50496e-17
-8.92996e-17
7.75291e-08
8.41974e-17
-4.9848e-17
1.08511e-07
1.17751e-16
6.59259e-17
1.08511e-07
9.07387e-18
2.40123e-16
7.75291e-08
4.95993e-16
3.36367e-08
1.76963e-17
-8.1717e-17
3.05588e-08
3.66281e-17
-1.48019e-16
7.00874e-08
6.86919e-17
-1.4492e-16
9.84233e-08
1.10964e-16
-7.70892e-17
9.84233e-08
-3.72389e-18
9.08636e-17
7.00874e-08
3.37199e-16
3.05588e-08
1.44227e-17
1.51602e-08
8.76104e-18
3.50151e-08
2.20557e-17
4.95107e-08
6.60481e-17
4.95107e-08
-4.82009e-18
3.50151e-08
1.51602e-08
9.47596e-18
2.87165e-16
1.53324e-08
4.16868e-17
5.33554e-16
3.68832e-08
6.31138e-17
6.29377e-16
5.12559e-08
9.11342e-17
9.68166e-16
5.12559e-08
4.94253e-17
9.83126e-16
3.68832e-08
3.36428e-15
1.53324e-08
1.21103e-17
2.62776e-16
1.88857e-08
5.17463e-17
4.56183e-16
4.50851e-08
7.99773e-17
5.49023e-16
6.2712e-08
1.22732e-16
8.58773e-16
6.2712e-08
6.63615e-17
9.34153e-16
4.50851e-08
3.35355e-15
1.88857e-08
1.62345e-17
2.29016e-16
2.29799e-08
6.37854e-17
3.49535e-16
5.4389e-08
1.02138e-16
4.20214e-16
7.5734e-08
1.63823e-16
7.0791e-16
7.5734e-08
8.93411e-17
8.94495e-16
5.4389e-08
3.40479e-15
2.29799e-08
2.18733e-17
1.87264e-16
2.73861e-08
7.73825e-17
2.48637e-16
6.42239e-08
1.29646e-16
3.15984e-16
8.9543e-08
2.17168e-16
5.46797e-16
8.9543e-08
1.24201e-16
8.53202e-16
6.42239e-08
3.06108e-15
2.73861e-08
2.90706e-17
1.3495e-16
3.14534e-08
9.13228e-17
1.21873e-16
7.30867e-08
1.60559e-16
1.67729e-16
1.02066e-07
2.80059e-16
3.3588e-16
1.02066e-07
1.75421e-16
7.48877e-16
7.30867e-08
2.50504e-15
3.14534e-08
3.53661e-17
2.92685e-17
3.36367e-08
9.94288e-17
-7.20103e-17
7.75291e-08
1.8624e-16
-6.43162e-17
1.08511e-07
3.30805e-16
2.82736e-17
1.08511e-07
2.49321e-16
4.59531e-16
7.75291e-08
9.07217e-16
3.36367e-08
3.76394e-17
-4.87563e-17
3.05588e-08
8.97574e-17
-1.90043e-16
7.00874e-08
1.84524e-16
-2.17777e-16
9.84233e-08
3.10625e-16
-1.87511e-16
9.84233e-08
2.75286e-16
1.08715e-17
7.00874e-08
-1.96851e-16
3.05588e-08
2.24338e-17
1.51602e-08
3.99223e-17
3.50151e-08
1.03458e-16
4.95107e-08
1.26868e-16
4.95107e-08
1.56258e-16
3.50151e-08
1.51602e-08
-6.02804e-18
-4.84191e-16
1.53324e-08
1.50588e-17
-3.78832e-16
3.68832e-08
4.33088e-17
-3.31992e-16
5.12559e-08
8.08607e-17
-8.93066e-17
5.12559e-08
4.23298e-17
2.53937e-16
3.68832e-08
2.16347e-15
1.53324e-08
-8.12089e-18
-4.38566e-16
1.88857e-08
1.76477e-17
-3.43231e-16
4.50851e-08
5.48563e-17
-2.84493e-16
6.2712e-08
1.08354e-16
-4.46697e-17
6.2712e-08
5.76372e-17
3.12639e-16
4.50851e-08
2.03481e-15
1.88857e-08
-8.97905e-18
-3.85375e-16
2.29799e-08
2.11601e-17
-3.09371e-16
5.4389e-08
6.95393e-17
-2.44988e-16
7.5734e-08
1.44469e-16
-1.52952e-17
7.5734e-08
7.77387e-17
3.71146e-16
5.4389e-08
2.05625e-15
2.29799e-08
-8.70257e-18
-3.03428e-16
2.73861e-08
2.51052e-17
-2.28231e-16
6.42239e-08
8.69836e-17
-1.51174e-16
8.9543e-08
1.90049e-16
6.55661e-17
8.9543e-08
1.06291e-16
4.66135e-16
6.42239e-08
1.74e-15
2.73861e-08
-6.6823e-18
-2.20599e-16
3.14534e-08
2.82509e-17
-1.53484e-16
7.30867e-08
1.04697e-16
-6.90667e-17
1.02066e-07
2.41602e-16
1.15738e-16
1.02066e-07
1.3941e-16
5.18078e-16
7.30867e-08
1.57893e-15
3.14534e-08
-3.96376e-18
-1.90442e-16
3.36367e-08
2.67146e-17
-1.69085e-16
7.75291e-08
1.15026e-16
-1.00383e-16
1.08511e-07
2.82897e-16
4.38191e-17
1.08511e-07
1.77214e-16
4.58064e-16
7.75291e-08
9.96613e-16
3.36367e-08
2.51738e-20
-1.50266e-16
3.05588e-08
1.73935e-17
-1.65582e-16
7.00874e-08
1.03003e-16
-1.35439e-16
9.84233e-08
2.76045e-16
-4.92097e-17
9.84233e-08
1.8983e-16
2.52044e-16
7.00874e-08
4.26071e-16
3.05588e-08
3.89349e-18
1.51602e-08
-1.93097e-18
3.50151e-08
4.46451e-17
4.95107e-08
1.46258e-16
4.95107e-08
1.16604e-16
3.50151e-08
1.51602e-08
-4.63199e-17
1.26806e-15
1.53324e-08
1.17445e-17
2.35594e-15
3.68832e-08
6.72393e-17
2.73265e-15
5.12559e-08
1.24301e-16
3.02876e-15
5.12559e-08
1.09994e-16
2.46695e-15
3.68832e-08
3.90622e-15
1.53324e-08
-5.55783e-17
1.1515e-15
1.88857e-08
1.27247e-17
2.06003e-15
4.50851e-08
8.15687e-17
2.41505e-15
6.2712e-08
1.59369e-16
2.67907e-15
6.2712e-08
1.37456e-16
2.18378e-15
4.50851e-08
3.80078e-15
1.88857e-08
-6.40146e-17
9.91796e-16
2.29799e-08
1.32127e-17
1.67729e-15
5.4389e-08
9.92891e-17
1.99471e-15
7.5734e-08
2.02032e-16
2.21755e-15
7.5734e-08
1.67336e-16
1.90334e-15
5.4389e-08
3.86141e-15
2.29799e-08
-6.93332e-17
8.07862e-16
2.73861e-08
1.41771e-17
1.23697e-15
6.42239e-08
1.19363e-16
1.49117e-15
8.9543e-08
2.53682e-16
1.66751e-15
8.9543e-08
1.94978e-16
1.55643e-15
6.42239e-08
3.93466e-15
2.73861e-08
-6.83182e-17
5.67093e-16
3.14534e-08
1.58331e-17
7.40689e-16
7.30867e-08
1.39957e-16
9.15528e-16
1.02066e-07
3.04986e-16
1.01761e-15
1.02066e-07
2.4312e-16
1.29569e-15
7.30867e-08
2.82162e-15
3.14534e-08
-5.73613e-17
2.31146e-16
3.36367e-08
1.64724e-17
1.36459e-16
7.75291e-08
1.50771e-16
1.79414e-16
1.08511e-07
3.3748e-16
2.45184e-16
1.08511e-07
2.92501e-16
5.66791e-16
7.75291e-08
9.42265e-16
3.36367e-08
-3.02363e-17
-3.67234e-17
3.05588e-08
1.08895e-17
-2.59945e-16
7.00874e-08
1.35371e-16
-3.05546e-16
9.84233e-08
2.76686e-16
-3.31338e-16
9.84233e-08
2.65552e-16
-1.6408e-16
7.00874e-08
-3.586e-16
3.05588e-08
6.25788e-18
1.51602e-08
-4.61664e-18
3.50151e-08
6.28607e-17
4.95107e-08
6.91237e-17
4.95107e-08
1.02944e-16
3.50151e-08
1.51602e-08
-1.20509e-17
2.17135e-15
-1.22053e-16
3.77489e-15
-1.28867e-16
4.69386e-15
-1.79776e-16
4.63821e-15
-1.73443e-16
3.31561e-15
-4.32384e-15
-7.56685e-18
2.18649e-15
-1.46737e-16
3.74906e-15
-1.69231e-16
4.53954e-15
-2.64584e-16
4.50561e-15
-2.46126e-16
3.35264e-15
-3.75834e-15
-6.44286e-18
1.99328e-15
-1.82752e-16
3.49258e-15
-2.26276e-16
4.43751e-15
-3.73511e-16
4.44211e-15
-3.4301e-16
2.75815e-15
-4.16367e-15
-1.10667e-17
1.63138e-15
-2.26818e-16
2.90033e-15
-3.0214e-16
3.62273e-15
-5.24817e-16
3.64008e-15
-4.66425e-16
2.08257e-15
-3.97191e-15
-1.60893e-17
1.29537e-15
-2.78445e-16
2.47439e-15
-3.96368e-16
3.36756e-15
-7.06435e-16
3.39061e-15
-6.43183e-16
1.26383e-15
-3.40078e-15
-1.41905e-17
8.92299e-16
-3.09816e-16
2.00151e-15
-4.9005e-16
2.97356e-15
-8.98532e-16
2.82007e-15
-8.50679e-16
4.09102e-16
-2.01412e-15
-3.34822e-18
4.14126e-16
-2.85825e-16
1.15869e-15
-5.31802e-16
1.83507e-15
-9.70735e-16
1.59773e-15
-9.57402e-16
-1.82287e-16
-8.98552e-16
1.50831e-17
-1.32326e-16
-3.43401e-16
-5.87041e-16
-6.36983e-16
)
;

boundaryField
{
    inlet
    {
        type            calculated;
        value           nonuniform List<scalar> 
228
(
-4.50765e-07
-4.50765e-07
-4.50765e-07
-4.50765e-07
-4.50765e-07
-4.50765e-07
-4.50765e-07
-4.50765e-07
-4.50765e-07
-4.50765e-07
-4.50765e-07
-4.50765e-07
-4.50765e-07
-4.50765e-07
-4.50765e-07
-4.50765e-07
-4.50765e-07
-4.50765e-07
-4.50765e-07
-4.50765e-07
-4.50765e-07
-4.50765e-07
-4.50765e-07
-4.50765e-07
-4.50765e-07
-4.50765e-07
-4.50765e-07
-4.50765e-07
-4.50765e-07
-4.50765e-07
-4.50765e-07
-4.50765e-07
-4.50765e-07
-4.50765e-07
-4.50765e-07
-4.50765e-07
-2.07768e-08
-3.5065e-08
-4.24738e-08
-4.24738e-08
-3.5065e-08
-2.07768e-08
-2.6827e-08
-4.49295e-08
-5.43521e-08
-5.43521e-08
-4.49295e-08
-2.6827e-08
-3.48378e-08
-5.78111e-08
-6.98258e-08
-6.98258e-08
-5.78111e-08
-3.48378e-08
-4.55476e-08
-7.47626e-08
-9.01305e-08
-9.01305e-08
-7.47626e-08
-4.55476e-08
-6.00208e-08
-9.7268e-08
-1.17e-07
-1.17e-07
-9.7268e-08
-6.00208e-08
-7.98113e-08
-1.27447e-07
-1.52901e-07
-1.52901e-07
-1.27447e-07
-7.98113e-08
-1.07213e-07
-1.68367e-07
-2.01385e-07
-2.01385e-07
-1.68367e-07
-1.07213e-07
-1.45652e-07
-2.24522e-07
-2.67631e-07
-2.67631e-07
-2.24522e-07
-1.45652e-07
-2.07768e-08
-3.5065e-08
-4.24738e-08
-4.24738e-08
-3.5065e-08
-2.07768e-08
-2.6827e-08
-4.49295e-08
-5.43521e-08
-5.43521e-08
-4.49295e-08
-2.6827e-08
-3.48378e-08
-5.78111e-08
-6.98258e-08
-6.98258e-08
-5.78111e-08
-3.48378e-08
-4.55476e-08
-7.47626e-08
-9.01305e-08
-9.01305e-08
-7.47626e-08
-4.55476e-08
-6.00208e-08
-9.7268e-08
-1.17e-07
-1.17e-07
-9.7268e-08
-6.00208e-08
-7.98113e-08
-1.27447e-07
-1.52901e-07
-1.52901e-07
-1.27447e-07
-7.98113e-08
-1.07213e-07
-1.68367e-07
-2.01385e-07
-2.01385e-07
-1.68367e-07
-1.07213e-07
-1.45652e-07
-2.24522e-07
-2.67631e-07
-2.67631e-07
-2.24522e-07
-1.45652e-07
-2.07768e-08
-2.6827e-08
-3.48378e-08
-4.55476e-08
-6.00208e-08
-7.98113e-08
-1.07213e-07
-1.45652e-07
-3.5065e-08
-4.49295e-08
-5.78111e-08
-7.47626e-08
-9.7268e-08
-1.27447e-07
-1.68367e-07
-2.24522e-07
-4.24738e-08
-5.43521e-08
-6.98258e-08
-9.01305e-08
-1.17e-07
-1.52901e-07
-2.01385e-07
-2.67631e-07
-4.24738e-08
-5.43521e-08
-6.98258e-08
-9.01305e-08
-1.17e-07
-1.52901e-07
-2.01385e-07
-2.67631e-07
-3.5065e-08
-4.49295e-08
-5.78111e-08
-7.47626e-08
-9.7268e-08
-1.27447e-07
-1.68367e-07
-2.24522e-07
-2.07768e-08
-2.6827e-08
-3.48378e-08
-4.55476e-08
-6.00208e-08
-7.98113e-08
-1.07213e-07
-1.45652e-07
-2.07768e-08
-2.6827e-08
-3.48378e-08
-4.55476e-08
-6.00208e-08
-7.98113e-08
-1.07213e-07
-1.45652e-07
-3.5065e-08
-4.49295e-08
-5.78111e-08
-7.47626e-08
-9.7268e-08
-1.27447e-07
-1.68367e-07
-2.24522e-07
-4.24738e-08
-5.43521e-08
-6.98258e-08
-9.01305e-08
-1.17e-07
-1.52901e-07
-2.01385e-07
-2.67631e-07
-4.24738e-08
-5.43521e-08
-6.98258e-08
-9.01305e-08
-1.17e-07
-1.52901e-07
-2.01385e-07
-2.67631e-07
-3.5065e-08
-4.49295e-08
-5.78111e-08
-7.47626e-08
-9.7268e-08
-1.27447e-07
-1.68367e-07
-2.24522e-07
-2.07768e-08
-2.6827e-08
-3.48378e-08
-4.55476e-08
-6.00208e-08
-7.98113e-08
-1.07213e-07
-1.45652e-07
)
;
    }
    outlet
    {
        type            calculated;
        value           nonuniform List<scalar> 
228
(
4.41971e-07
5.88945e-07
6.62151e-07
6.62151e-07
5.88945e-07
4.41971e-07
5.88945e-07
7.34096e-07
8.06798e-07
8.06798e-07
7.34096e-07
5.88945e-07
6.62151e-07
8.06798e-07
8.79248e-07
8.79248e-07
8.06798e-07
6.62151e-07
6.62151e-07
8.06798e-07
8.79248e-07
8.79248e-07
8.06798e-07
6.62151e-07
5.88945e-07
7.34096e-07
8.06798e-07
8.06798e-07
7.34096e-07
5.88945e-07
4.41971e-07
5.88945e-07
6.62151e-07
6.62151e-07
5.88945e-07
4.41971e-07
1.53324e-08
3.68832e-08
5.12559e-08
5.12559e-08
3.68832e-08
1.53324e-08
1.88857e-08
4.50851e-08
6.2712e-08
6.2712e-08
4.50851e-08
1.88857e-08
2.29799e-08
5.4389e-08
7.5734e-08
7.5734e-08
5.4389e-08
2.29799e-08
2.73861e-08
6.42239e-08
8.9543e-08
8.9543e-08
6.42239e-08
2.73861e-08
3.14534e-08
7.30867e-08
1.02066e-07
1.02066e-07
7.30867e-08
3.14534e-08
3.36367e-08
7.75291e-08
1.08511e-07
1.08511e-07
7.75291e-08
3.36367e-08
3.05588e-08
7.00874e-08
9.84233e-08
9.84233e-08
7.00874e-08
3.05588e-08
1.51602e-08
3.50151e-08
4.95107e-08
4.95107e-08
3.50151e-08
1.51602e-08
1.53324e-08
3.68832e-08
5.12559e-08
5.12559e-08
3.68832e-08
1.53324e-08
1.88857e-08
4.50851e-08
6.2712e-08
6.2712e-08
4.50851e-08
1.88857e-08
2.29799e-08
5.4389e-08
7.5734e-08
7.5734e-08
5.4389e-08
2.29799e-08
2.73861e-08
6.42239e-08
8.9543e-08
8.9543e-08
6.42239e-08
2.73861e-08
3.14534e-08
7.30867e-08
1.02066e-07
1.02066e-07
7.30867e-08
3.14534e-08
3.36367e-08
7.75291e-08
1.08511e-07
1.08511e-07
7.75291e-08
3.36367e-08
3.05588e-08
7.00874e-08
9.84233e-08
9.84233e-08
7.00874e-08
3.05588e-08
1.51602e-08
3.50151e-08
4.95107e-08
4.95107e-08
3.50151e-08
1.51602e-08
1.53324e-08
1.88857e-08
2.29799e-08
2.73861e-08
3.14534e-08
3.36367e-08
3.05588e-08
1.51602e-08
3.68832e-08
4.50851e-08
5.4389e-08
6.42239e-08
7.30867e-08
7.75291e-08
7.00874e-08
3.50151e-08
5.12559e-08
6.2712e-08
7.5734e-08
8.9543e-08
1.02066e-07
1.08511e-07
9.84233e-08
4.95107e-08
5.12559e-08
6.2712e-08
7.5734e-08
8.9543e-08
1.02066e-07
1.08511e-07
9.84233e-08
4.95107e-08
3.68832e-08
4.50851e-08
5.4389e-08
6.42239e-08
7.30867e-08
7.75291e-08
7.00874e-08
3.50151e-08
1.53324e-08
1.88857e-08
2.29799e-08
2.73861e-08
3.14534e-08
3.36367e-08
3.05588e-08
1.51602e-08
1.53324e-08
1.88857e-08
2.29799e-08
2.73861e-08
3.14534e-08
3.36367e-08
3.05588e-08
1.51602e-08
3.68832e-08
4.50851e-08
5.4389e-08
6.42239e-08
7.30867e-08
7.75291e-08
7.00874e-08
3.50151e-08
5.12559e-08
6.2712e-08
7.5734e-08
8.9543e-08
1.02066e-07
1.08511e-07
9.84233e-08
4.95107e-08
5.12559e-08
6.2712e-08
7.5734e-08
8.9543e-08
1.02066e-07
1.08511e-07
9.84233e-08
4.95107e-08
3.68832e-08
4.50851e-08
5.4389e-08
6.42239e-08
7.30867e-08
7.75291e-08
7.00874e-08
3.50151e-08
1.53324e-08
1.88857e-08
2.29799e-08
2.73861e-08
3.14534e-08
3.36367e-08
3.05588e-08
1.51602e-08
)
;
    }
    wall
    {
        type            calculated;
        value           uniform 0;
    }
}


// ************************************************************************* //
