/*--------------------------------*- C++ -*----------------------------------*\
  =========                 |
  \\      /  F ield         | OpenFOAM: The Open Source CFD Toolbox
   \\    /   O peration     | Website:  https://openfoam.org
    \\  /    A nd           | Version:  12
     \\/     M anipulation  |
\*---------------------------------------------------------------------------*/
FoamFile
{
    format      ascii;
    class       volVectorField;
    location    "600";
    object      U;
}
// * * * * * * * * * * * * * * * * * * * * * * * * * * * * * * * * * * * * * //

dimensions      [0 1 -1 0 0 0 0];

internalField   nonuniform List<vector> 
18240
(
(0.0122017 0.0122017 0.181814)
(0.00782463 0.0129618 0.202089)
(0.00254611 0.0135235 0.208145)
(-0.00254611 0.0135235 0.208145)
(-0.00782463 0.0129618 0.202089)
(-0.0122017 0.0122017 0.181814)
(0.0129618 0.00782463 0.202089)
(0.00811558 0.00811558 0.211521)
(0.00269166 0.00823784 0.213587)
(-0.00269166 0.00823784 0.213587)
(-0.00811558 0.00811558 0.211521)
(-0.0129618 0.00782463 0.202089)
(0.0135235 0.00254611 0.208145)
(0.00823784 0.00269166 0.213587)
(0.00272255 0.00272255 0.214319)
(-0.00272255 0.00272255 0.214319)
(-0.00823784 0.00269166 0.213587)
(-0.0135235 0.00254611 0.208145)
(0.0135235 -0.00254611 0.208145)
(0.00823784 -0.00269166 0.213587)
(0.00272255 -0.00272255 0.214319)
(-0.00272255 -0.00272255 0.214319)
(-0.00823784 -0.00269166 0.213587)
(-0.0135235 -0.00254611 0.208145)
(0.0129618 -0.00782463 0.202089)
(0.00811558 -0.00811558 0.211521)
(0.00269166 -0.00823784 0.213587)
(-0.00269166 -0.00823784 0.213587)
(-0.00811558 -0.00811558 0.211521)
(-0.0129618 -0.00782463 0.202089)
(0.0122017 -0.0122017 0.181814)
(0.00782463 -0.0129618 0.202089)
(0.00254611 -0.0135235 0.208145)
(-0.00254611 -0.0135235 0.208145)
(-0.00782463 -0.0129618 0.202089)
(-0.0122017 -0.0122017 0.181814)
(0.00248823 0.00248823 0.208443)
(0.00257293 0.00350528 0.249882)
(0.000919379 0.00406399 0.264874)
(-0.000919379 0.00406399 0.264874)
(-0.00257293 0.00350528 0.249882)
(-0.00248823 0.00248823 0.208443)
(0.00350528 0.00257293 0.249882)
(0.00307212 0.00307212 0.275286)
(0.00108539 0.0032541 0.282882)
(-0.00108539 0.0032541 0.282882)
(-0.00307212 0.00307212 0.275286)
(-0.00350528 0.00257293 0.249882)
(0.00406399 0.000919379 0.264874)
(0.0032541 0.00108539 0.282882)
(0.00113829 0.00113829 0.287294)
(-0.00113829 0.00113829 0.287294)
(-0.0032541 0.00108539 0.282882)
(-0.00406399 0.000919379 0.264874)
(0.00406399 -0.000919379 0.264874)
(0.0032541 -0.00108539 0.282882)
(0.00113829 -0.00113829 0.287294)
(-0.00113829 -0.00113829 0.287294)
(-0.0032541 -0.00108539 0.282882)
(-0.00406399 -0.000919379 0.264874)
(0.00350528 -0.00257293 0.249882)
(0.00307212 -0.00307212 0.275286)
(0.00108539 -0.0032541 0.282882)
(-0.00108539 -0.0032541 0.282882)
(-0.00307212 -0.00307212 0.275286)
(-0.00350528 -0.00257293 0.249882)
(0.00248823 -0.00248823 0.208443)
(0.00257293 -0.00350528 0.249882)
(0.000919379 -0.00406399 0.264874)
(-0.000919379 -0.00406399 0.264874)
(-0.00257293 -0.00350528 0.249882)
(-0.00248823 -0.00248823 0.208443)
(0.00176201 0.00176201 0.188925)
(0.00157511 0.0028775 0.243974)
(0.000610264 0.00342618 0.267262)
(-0.000610264 0.00342618 0.267262)
(-0.00157511 0.0028775 0.243974)
(-0.00176201 0.00176201 0.188925)
(0.0028775 0.00157511 0.243974)
(0.0023508 0.0023508 0.286627)
(0.000867909 0.00269538 0.302497)
(-0.000867909 0.00269538 0.302497)
(-0.0023508 0.0023508 0.286627)
(-0.0028775 0.00157511 0.243974)
(0.00342618 0.000610264 0.267262)
(0.00269538 0.000867909 0.302497)
(0.000979705 0.000979705 0.314271)
(-0.000979705 0.000979705 0.314271)
(-0.00269538 0.000867909 0.302497)
(-0.00342618 0.000610264 0.267262)
(0.00342618 -0.000610264 0.267262)
(0.00269538 -0.000867909 0.302497)
(0.000979705 -0.000979705 0.314271)
(-0.000979705 -0.000979705 0.314271)
(-0.00269538 -0.000867909 0.302497)
(-0.00342618 -0.000610264 0.267262)
(0.0028775 -0.00157511 0.243974)
(0.0023508 -0.0023508 0.286627)
(0.000867909 -0.00269538 0.302497)
(-0.000867909 -0.00269538 0.302497)
(-0.0023508 -0.0023508 0.286627)
(-0.0028775 -0.00157511 0.243974)
(0.00176201 -0.00176201 0.188925)
(0.00157511 -0.0028775 0.243974)
(0.000610264 -0.00342618 0.267262)
(-0.000610264 -0.00342618 0.267262)
(-0.00157511 -0.0028775 0.243974)
(-0.00176201 -0.00176201 0.188925)
(0.000256426 0.000256426 0.182546)
(0.000495433 0.000741273 0.239888)
(0.000234386 0.00106484 0.266346)
(-0.000234386 0.00106484 0.266346)
(-0.000495433 0.000741273 0.239888)
(-0.000256426 0.000256426 0.182546)
(0.000741273 0.000495433 0.239888)
(0.000953157 0.000953157 0.290401)
(0.000407475 0.00121219 0.311853)
(-0.000407474 0.00121219 0.311853)
(-0.000953157 0.000953157 0.290401)
(-0.000741273 0.000495433 0.239888)
(0.00106484 0.000234386 0.266346)
(0.00121219 0.000407474 0.311853)
(0.000499385 0.000499385 0.329884)
(-0.000499385 0.000499385 0.329884)
(-0.00121219 0.000407474 0.311853)
(-0.00106484 0.000234386 0.266346)
(0.00106484 -0.000234386 0.266346)
(0.00121219 -0.000407475 0.311853)
(0.000499385 -0.000499385 0.329884)
(-0.000499385 -0.000499385 0.329884)
(-0.00121219 -0.000407475 0.311853)
(-0.00106484 -0.000234386 0.266346)
(0.000741273 -0.000495433 0.239888)
(0.000953157 -0.000953157 0.290401)
(0.000407475 -0.00121219 0.311853)
(-0.000407474 -0.00121219 0.311853)
(-0.000953157 -0.000953157 0.290401)
(-0.000741273 -0.000495433 0.239888)
(0.000256426 -0.000256426 0.182546)
(0.000495433 -0.000741273 0.239888)
(0.000234386 -0.00106484 0.266346)
(-0.000234386 -0.00106484 0.266346)
(-0.000495433 -0.000741273 0.239888)
(-0.000256426 -0.000256426 0.182546)
(0.00011058 0.00011058 0.180916)
(0.000241498 0.000308575 0.238652)
(0.000118823 0.000469882 0.266274)
(-0.000118823 0.000469882 0.266274)
(-0.000241498 0.000308575 0.238652)
(-0.00011058 0.00011058 0.180916)
(0.000308575 0.000241498 0.238652)
(0.000493428 0.000493428 0.292536)
(0.000226187 0.000664711 0.317233)
(-0.000226187 0.000664711 0.317233)
(-0.000493428 0.000493428 0.292536)
(-0.000308575 0.000241498 0.238652)
(0.000469882 0.000118823 0.266274)
(0.000664711 0.000226187 0.317233)
(0.00029414 0.00029414 0.339638)
(-0.00029414 0.00029414 0.339638)
(-0.000664711 0.000226187 0.317233)
(-0.000469882 0.000118823 0.266274)
(0.000469882 -0.000118823 0.266274)
(0.000664711 -0.000226187 0.317233)
(0.00029414 -0.00029414 0.339638)
(-0.00029414 -0.00029414 0.339638)
(-0.000664711 -0.000226187 0.317233)
(-0.000469882 -0.000118823 0.266274)
(0.000308575 -0.000241498 0.238652)
(0.000493428 -0.000493428 0.292536)
(0.000226187 -0.000664711 0.317233)
(-0.000226187 -0.000664711 0.317233)
(-0.000493428 -0.000493428 0.292536)
(-0.000308575 -0.000241498 0.238652)
(0.00011058 -0.00011058 0.180916)
(0.000241498 -0.000308575 0.238652)
(0.000118823 -0.000469882 0.266274)
(-0.000118823 -0.000469882 0.266274)
(-0.000241498 -0.000308575 0.238652)
(-0.00011058 -0.00011058 0.180916)
(0.000112309 0.000112309 0.179381)
(0.000157943 0.000228734 0.237555)
(7.4596e-05 0.000315531 0.265842)
(-7.4596e-05 0.000315531 0.265842)
(-0.000157943 0.000228734 0.237555)
(-0.000112309 0.000112309 0.179381)
(0.000228734 0.000157943 0.237555)
(0.000303025 0.000303025 0.293206)
(0.000138998 0.000407127 0.319763)
(-0.000138998 0.000407127 0.319763)
(-0.000303025 0.000303025 0.293206)
(-0.000228734 0.000157943 0.237555)
(0.000315531 7.4596e-05 0.265842)
(0.000407127 0.000138998 0.319763)
(0.000183326 0.000183326 0.34492)
(-0.000183326 0.000183326 0.34492)
(-0.000407127 0.000138998 0.319763)
(-0.000315531 7.4596e-05 0.265842)
(0.000315531 -7.4596e-05 0.265842)
(0.000407127 -0.000138998 0.319763)
(0.000183326 -0.000183326 0.34492)
(-0.000183326 -0.000183326 0.34492)
(-0.000407127 -0.000138998 0.319763)
(-0.000315531 -7.4596e-05 0.265842)
(0.000228734 -0.000157943 0.237555)
(0.000303025 -0.000303025 0.293206)
(0.000138998 -0.000407127 0.319763)
(-0.000138998 -0.000407127 0.319763)
(-0.000303025 -0.000303025 0.293206)
(-0.000228734 -0.000157943 0.237555)
(0.000112309 -0.000112309 0.179381)
(0.000157943 -0.000228734 0.237555)
(7.4596e-05 -0.000315531 0.265842)
(-7.45959e-05 -0.000315531 0.265842)
(-0.000157943 -0.000228734 0.237555)
(-0.000112309 -0.000112309 0.179381)
(5.92489e-05 5.92489e-05 0.178568)
(9.02862e-05 0.000126553 0.237019)
(4.3622e-05 0.000175611 0.265712)
(-4.3622e-05 0.000175611 0.265712)
(-9.02862e-05 0.000126553 0.237019)
(-5.9249e-05 5.9249e-05 0.178568)
(0.000126553 9.02862e-05 0.237019)
(0.000170046 0.000170046 0.293655)
(7.97192e-05 0.000228447 0.321261)
(-7.97192e-05 0.000228447 0.321261)
(-0.000170046 0.000170046 0.293655)
(-0.000126553 9.02862e-05 0.237019)
(0.000175611 4.3622e-05 0.265712)
(0.000228447 7.97192e-05 0.321261)
(0.000105686 0.000105686 0.348025)
(-0.000105686 0.000105686 0.348025)
(-0.000228447 7.97192e-05 0.321261)
(-0.000175611 4.3622e-05 0.265712)
(0.000175611 -4.3622e-05 0.265712)
(0.000228447 -7.97192e-05 0.321261)
(0.000105686 -0.000105686 0.348025)
(-0.000105686 -0.000105686 0.348025)
(-0.000228447 -7.97192e-05 0.321261)
(-0.000175611 -4.3622e-05 0.265712)
(0.000126553 -9.02862e-05 0.237019)
(0.000170046 -0.000170046 0.293655)
(7.97192e-05 -0.000228447 0.321261)
(-7.97192e-05 -0.000228447 0.321261)
(-0.000170046 -0.000170046 0.293655)
(-0.000126553 -9.02862e-05 0.237019)
(5.92489e-05 -5.92489e-05 0.178568)
(9.02862e-05 -0.000126553 0.237019)
(4.3622e-05 -0.000175611 0.265712)
(-4.3622e-05 -0.000175611 0.265712)
(-9.02862e-05 -0.000126553 0.237019)
(-5.9249e-05 -5.92491e-05 0.178568)
(3.72353e-05 3.72353e-05 0.178104)
(5.56126e-05 7.8462e-05 0.236743)
(2.67527e-05 0.000108099 0.265692)
(-2.67526e-05 0.000108099 0.265692)
(-5.56125e-05 7.8462e-05 0.236743)
(-3.72353e-05 3.72353e-05 0.178104)
(7.84621e-05 5.56125e-05 0.236743)
(0.000102223 0.000102223 0.293979)
(4.77113e-05 0.000135763 0.322196)
(-4.77113e-05 0.000135763 0.322196)
(-0.000102222 0.000102223 0.293979)
(-7.8462e-05 5.56126e-05 0.236743)
(0.000108099 2.67527e-05 0.265692)
(0.000135763 4.77113e-05 0.322196)
(6.27846e-05 6.27846e-05 0.349886)
(-6.27845e-05 6.27846e-05 0.349886)
(-0.000135763 4.77113e-05 0.322196)
(-0.000108099 2.67527e-05 0.265692)
(0.000108099 -2.67527e-05 0.265692)
(0.000135763 -4.77113e-05 0.322196)
(6.27846e-05 -6.27846e-05 0.349886)
(-6.27845e-05 -6.27846e-05 0.349886)
(-0.000135763 -4.77113e-05 0.322196)
(-0.000108099 -2.67527e-05 0.265692)
(7.84621e-05 -5.56125e-05 0.236743)
(0.000102223 -0.000102223 0.293979)
(4.77113e-05 -0.000135763 0.322196)
(-4.77112e-05 -0.000135763 0.322196)
(-0.000102222 -0.000102223 0.293979)
(-7.8462e-05 -5.56125e-05 0.236743)
(3.72354e-05 -3.72353e-05 0.178104)
(5.56126e-05 -7.8462e-05 0.236743)
(2.67528e-05 -0.000108099 0.265692)
(-2.67526e-05 -0.000108099 0.265692)
(-5.56125e-05 -7.8462e-05 0.236743)
(-3.72353e-05 -3.72353e-05 0.178104)
(2.40337e-05 2.40337e-05 0.177801)
(3.46468e-05 5.00445e-05 0.236565)
(1.64868e-05 6.84513e-05 0.265677)
(-1.64868e-05 6.84513e-05 0.265677)
(-3.46467e-05 5.00445e-05 0.236565)
(-2.40337e-05 2.40337e-05 0.177801)
(5.00445e-05 3.46468e-05 0.236565)
(6.31291e-05 6.31291e-05 0.294181)
(2.9076e-05 8.30705e-05 0.322766)
(-2.9076e-05 8.30705e-05 0.322766)
(-6.3129e-05 6.31291e-05 0.294181)
(-5.00445e-05 3.46468e-05 0.236565)
(6.84513e-05 1.64868e-05 0.265677)
(8.30706e-05 2.9076e-05 0.322766)
(3.79177e-05 3.79177e-05 0.350996)
(-3.79176e-05 3.79177e-05 0.350996)
(-8.30705e-05 2.9076e-05 0.322766)
(-6.84513e-05 1.64868e-05 0.265677)
(6.84513e-05 -1.64868e-05 0.265677)
(8.30706e-05 -2.9076e-05 0.322766)
(3.79177e-05 -3.79176e-05 0.350996)
(-3.79176e-05 -3.79176e-05 0.350996)
(-8.30705e-05 -2.9076e-05 0.322766)
(-6.84513e-05 -1.64868e-05 0.265677)
(5.00445e-05 -3.46467e-05 0.236565)
(6.31291e-05 -6.3129e-05 0.294181)
(2.9076e-05 -8.30705e-05 0.322766)
(-2.9076e-05 -8.30705e-05 0.322766)
(-6.3129e-05 -6.3129e-05 0.294181)
(-5.00445e-05 -3.46468e-05 0.236565)
(2.40337e-05 -2.40336e-05 0.177801)
(3.46468e-05 -5.00445e-05 0.236565)
(1.64868e-05 -6.84513e-05 0.265677)
(-1.64868e-05 -6.84513e-05 0.265677)
(-3.46468e-05 -5.00445e-05 0.236565)
(-2.40337e-05 -2.40338e-05 0.177801)
(1.44998e-05 1.44998e-05 0.177617)
(2.11565e-05 3.05552e-05 0.236458)
(1.00237e-05 4.19304e-05 0.265669)
(-1.00235e-05 4.19304e-05 0.265669)
(-2.11564e-05 3.05552e-05 0.236458)
(-1.44997e-05 1.44998e-05 0.177617)
(3.05552e-05 2.11565e-05 0.236458)
(3.86281e-05 3.86281e-05 0.29431)
(1.76562e-05 5.06947e-05 0.323119)
(-1.7656e-05 5.06947e-05 0.323119)
(-3.8628e-05 3.86281e-05 0.29431)
(-3.05551e-05 2.11565e-05 0.236458)
(4.19305e-05 1.00237e-05 0.265669)
(5.06947e-05 1.76561e-05 0.323119)
(2.29083e-05 2.29082e-05 0.351672)
(-2.29081e-05 2.29082e-05 0.351672)
(-5.06946e-05 1.76561e-05 0.323119)
(-4.19303e-05 1.00237e-05 0.265669)
(4.19305e-05 -1.00236e-05 0.265669)
(5.06947e-05 -1.76561e-05 0.323119)
(2.29083e-05 -2.29082e-05 0.351672)
(-2.29081e-05 -2.29082e-05 0.351672)
(-5.06946e-05 -1.76561e-05 0.323119)
(-4.19303e-05 -1.00236e-05 0.265669)
(3.05552e-05 -2.11564e-05 0.236458)
(3.86281e-05 -3.8628e-05 0.29431)
(1.76562e-05 -5.06946e-05 0.323119)
(-1.7656e-05 -5.06946e-05 0.323119)
(-3.8628e-05 -3.86281e-05 0.29431)
(-3.05551e-05 -2.11564e-05 0.236458)
(1.44999e-05 -1.44997e-05 0.177617)
(2.11566e-05 -3.05552e-05 0.236458)
(1.00237e-05 -4.19304e-05 0.265669)
(-1.00235e-05 -4.19304e-05 0.265669)
(-2.11564e-05 -3.05552e-05 0.236458)
(-1.44997e-05 -1.44997e-05 0.177617)
(8.93898e-06 8.93906e-06 0.177504)
(1.30404e-05 1.88377e-05 0.236393)
(6.14733e-06 2.5857e-05 0.265665)
(-6.14731e-06 2.5857e-05 0.265665)
(-1.30404e-05 1.88377e-05 0.236393)
(-8.939e-06 8.93902e-06 0.177504)
(1.88377e-05 1.30405e-05 0.236393)
(2.38165e-05 2.38166e-05 0.294391)
(1.08213e-05 3.12241e-05 0.323337)
(-1.08213e-05 3.12241e-05 0.323337)
(-2.38165e-05 2.38166e-05 0.294391)
(-1.88377e-05 1.30404e-05 0.236393)
(2.5857e-05 6.14737e-06 0.265665)
(3.12241e-05 1.08213e-05 0.323337)
(1.40026e-05 1.40027e-05 0.352087)
(-1.40026e-05 1.40027e-05 0.352087)
(-3.12241e-05 1.08213e-05 0.323337)
(-2.5857e-05 6.14734e-06 0.265665)
(2.5857e-05 -6.14728e-06 0.265665)
(3.12241e-05 -1.08213e-05 0.323337)
(1.40026e-05 -1.40026e-05 0.352087)
(-1.40026e-05 -1.40026e-05 0.352087)
(-3.12241e-05 -1.08213e-05 0.323337)
(-2.5857e-05 -6.1473e-06 0.265665)
(1.88377e-05 -1.30404e-05 0.236393)
(2.38165e-05 -2.38165e-05 0.294391)
(1.08213e-05 -3.12241e-05 0.323337)
(-1.08213e-05 -3.12241e-05 0.323337)
(-2.38165e-05 -2.38165e-05 0.294391)
(-1.88377e-05 -1.30404e-05 0.236393)
(8.93892e-06 -8.939e-06 0.177504)
(1.30404e-05 -1.88377e-05 0.236393)
(6.1473e-06 -2.5857e-05 0.265665)
(-6.14733e-06 -2.5857e-05 0.265665)
(-1.30404e-05 -1.88377e-05 0.236393)
(-8.93902e-06 -8.93906e-06 0.177504)
(5.53724e-06 5.5373e-06 0.177434)
(8.05869e-06 1.16515e-05 0.236352)
(3.78896e-06 1.59845e-05 0.265662)
(-3.78897e-06 1.59845e-05 0.265662)
(-8.0587e-06 1.16515e-05 0.236352)
(-5.5373e-06 5.53733e-06 0.177434)
(1.16514e-05 8.05876e-06 0.236352)
(1.47189e-05 1.4719e-05 0.294441)
(6.66795e-06 1.92965e-05 0.323472)
(-6.66795e-06 1.92965e-05 0.323472)
(-1.47189e-05 1.4719e-05 0.294441)
(-1.16515e-05 8.05877e-06 0.236352)
(1.59844e-05 3.78901e-06 0.265662)
(1.92964e-05 6.668e-06 0.323472)
(8.622e-06 8.62204e-06 0.352343)
(-8.62198e-06 8.62204e-06 0.352343)
(-1.92964e-05 6.668e-06 0.323472)
(-1.59845e-05 3.78903e-06 0.265662)
(1.59845e-05 -3.78895e-06 0.265662)
(1.92964e-05 -6.66793e-06 0.323472)
(8.62201e-06 -8.62197e-06 0.352343)
(-8.62198e-06 -8.62196e-06 0.352343)
(-1.92964e-05 -6.66791e-06 0.323472)
(-1.59845e-05 -3.78891e-06 0.265662)
(1.16514e-05 -8.05872e-06 0.236352)
(1.4719e-05 -1.47189e-05 0.294441)
(6.66797e-06 -1.92964e-05 0.323472)
(-6.66793e-06 -1.92964e-05 0.323472)
(-1.47189e-05 -1.47189e-05 0.294441)
(-1.16515e-05 -8.05865e-06 0.236352)
(5.53734e-06 -5.5373e-06 0.177434)
(8.05875e-06 -1.16515e-05 0.236352)
(3.789e-06 -1.59845e-05 0.265662)
(-3.78894e-06 -1.59845e-05 0.265662)
(-8.05867e-06 -1.16515e-05 0.236352)
(-5.53728e-06 -5.53722e-06 0.177434)
(3.41134e-06 3.41134e-06 0.177391)
(4.97374e-06 7.18375e-06 0.236327)
(2.33837e-06 9.85908e-06 0.26566)
(-2.33828e-06 9.85907e-06 0.26566)
(-4.97365e-06 7.18376e-06 0.236327)
(-3.41129e-06 3.41135e-06 0.177391)
(7.18376e-06 4.97374e-06 0.236327)
(9.08831e-06 9.08831e-06 0.294472)
(4.11605e-06 1.19213e-05 0.323555)
(-4.11597e-06 1.19213e-05 0.323555)
(-9.08822e-06 9.08832e-06 0.294472)
(-7.18369e-06 4.97374e-06 0.236327)
(9.85908e-06 2.33838e-06 0.26566)
(1.19213e-05 4.11606e-06 0.323555)
(5.32431e-06 5.32432e-06 0.352501)
(-5.32424e-06 5.32432e-06 0.352501)
(-1.19212e-05 4.11605e-06 0.323555)
(-9.85903e-06 2.33836e-06 0.26566)
(9.85907e-06 -2.33826e-06 0.26566)
(1.19213e-05 -4.11596e-06 0.323555)
(5.32431e-06 -5.32423e-06 0.352501)
(-5.32424e-06 -5.32424e-06 0.352501)
(-1.19212e-05 -4.11598e-06 0.323555)
(-9.85903e-06 -2.3383e-06 0.26566)
(7.18377e-06 -4.97361e-06 0.236327)
(9.08831e-06 -9.08821e-06 0.294472)
(4.11604e-06 -1.19212e-05 0.323555)
(-4.11598e-06 -1.19212e-05 0.323555)
(-9.08825e-06 -9.08824e-06 0.294472)
(-7.18371e-06 -4.97369e-06 0.236327)
(3.41127e-06 -3.41126e-06 0.177391)
(4.97372e-06 -7.18369e-06 0.236327)
(2.33834e-06 -9.85903e-06 0.26566)
(-2.3383e-06 -9.85904e-06 0.26566)
(-4.97369e-06 -7.18371e-06 0.236327)
(-3.41131e-06 -3.41138e-06 0.177391)
(2.1082e-06 2.10817e-06 0.177364)
(3.07412e-06 4.43874e-06 0.236312)
(1.4459e-06 6.09244e-06 0.265659)
(-1.44581e-06 6.09245e-06 0.265659)
(-3.07403e-06 4.43877e-06 0.236312)
(-2.10817e-06 2.10821e-06 0.177364)
(4.43876e-06 3.0741e-06 0.236312)
(5.61814e-06 5.61813e-06 0.294491)
(2.54572e-06 7.37247e-06 0.323607)
(-2.54563e-06 7.37248e-06 0.323607)
(-5.61805e-06 5.61815e-06 0.294491)
(-4.4387e-06 3.07414e-06 0.236312)
(6.09245e-06 1.44589e-06 0.265659)
(7.37247e-06 2.54572e-06 0.323607)
(3.29485e-06 3.29485e-06 0.352599)
(-3.29476e-06 3.29485e-06 0.352599)
(-7.37239e-06 2.54573e-06 0.323607)
(-6.09241e-06 1.44591e-06 0.265659)
(6.09246e-06 -1.44581e-06 0.265659)
(7.37248e-06 -2.54564e-06 0.323607)
(3.29486e-06 -3.29477e-06 0.352599)
(-3.29476e-06 -3.29476e-06 0.352599)
(-7.37238e-06 -2.54563e-06 0.323607)
(-6.0924e-06 -1.44579e-06 0.265659)
(4.43877e-06 -3.07405e-06 0.236312)
(5.61816e-06 -5.61805e-06 0.294491)
(2.54574e-06 -7.37239e-06 0.323607)
(-2.54562e-06 -7.37239e-06 0.323607)
(-5.61804e-06 -5.61805e-06 0.294491)
(-4.43871e-06 -3.07401e-06 0.236312)
(2.10829e-06 -2.10816e-06 0.177364)
(3.07417e-06 -4.4387e-06 0.236312)
(1.44593e-06 -6.0924e-06 0.265659)
(-1.44578e-06 -6.09239e-06 0.265659)
(-3.07401e-06 -4.4387e-06 0.236312)
(-2.10815e-06 -2.1081e-06 0.177364)
(1.30425e-06 1.30423e-06 0.177347)
(1.90137e-06 2.74567e-06 0.236302)
(8.94753e-07 3.76879e-06 0.265659)
(-8.94633e-07 3.7688e-06 0.265659)
(-1.90125e-06 2.7457e-06 0.236302)
(-1.30417e-06 1.30423e-06 0.177347)
(2.74574e-06 1.90133e-06 0.236302)
(3.47537e-06 3.47533e-06 0.294503)
(1.57577e-06 4.56176e-06 0.323639)
(-1.57565e-06 4.56176e-06 0.323639)
(-3.47525e-06 3.47535e-06 0.294503)
(-2.74562e-06 1.90134e-06 0.236302)
(3.76886e-06 8.9474e-07 0.265659)
(4.56179e-06 1.57576e-06 0.323639)
(2.04034e-06 2.04032e-06 0.352659)
(-2.04022e-06 2.04032e-06 0.352659)
(-4.56168e-06 1.57575e-06 0.323639)
(-3.76875e-06 8.9472e-07 0.265659)
(3.76885e-06 -8.94623e-07 0.265659)
(4.56179e-06 -1.57565e-06 0.323639)
(2.04033e-06 -2.04023e-06 0.352659)
(-2.04023e-06 -2.04024e-06 0.352659)
(-4.56168e-06 -1.57567e-06 0.323639)
(-3.76874e-06 -8.94667e-07 0.265659)
(2.74574e-06 -1.9012e-06 0.236302)
(3.47537e-06 -3.47523e-06 0.294503)
(1.57576e-06 -4.56167e-06 0.323639)
(-1.57566e-06 -4.56169e-06 0.323639)
(-3.47527e-06 -3.47527e-06 0.294503)
(-2.74564e-06 -1.9013e-06 0.236302)
(1.30418e-06 -1.30414e-06 0.177347)
(1.90133e-06 -2.74561e-06 0.236302)
(8.94724e-07 -3.76874e-06 0.265659)
(-8.94655e-07 -3.76875e-06 0.265659)
(-1.90129e-06 -2.74564e-06 0.236302)
(-1.30419e-06 -1.30426e-06 0.177347)
(8.06716e-07 8.06652e-07 0.177337)
(1.17632e-06 1.69858e-06 0.236297)
(5.53794e-07 2.33184e-06 0.265658)
(-5.53669e-07 2.33184e-06 0.265658)
(-1.1762e-06 1.69862e-06 0.236297)
(-8.06644e-07 8.06698e-07 0.177337)
(1.69865e-06 1.17627e-06 0.236297)
(2.15045e-06 2.1504e-06 0.29451)
(9.75528e-07 2.8231e-06 0.323658)
(-9.75388e-07 2.8231e-06 0.323658)
(-2.15031e-06 2.15043e-06 0.29451)
(-1.69854e-06 1.17632e-06 0.236297)
(2.3319e-06 5.53759e-07 0.265658)
(2.82314e-06 9.75494e-07 0.323658)
(1.26345e-06 1.26342e-06 0.352696)
(-1.26331e-06 1.26343e-06 0.352696)
(-2.823e-06 9.7551e-07 0.323658)
(-2.33179e-06 5.53785e-07 0.265658)
(2.33191e-06 -5.53688e-07 0.265658)
(2.82315e-06 -9.75409e-07 0.323658)
(1.26346e-06 -1.26333e-06 0.352696)
(-1.26331e-06 -1.26333e-06 0.352696)
(-2.823e-06 -9.75401e-07 0.323658)
(-2.33178e-06 -5.53669e-07 0.265658)
(1.69866e-06 -1.17622e-06 0.236297)
(2.15047e-06 -2.15032e-06 0.29451)
(9.75544e-07 -2.82301e-06 0.323658)
(-9.75376e-07 -2.82301e-06 0.323658)
(-2.15031e-06 -2.15032e-06 0.29451)
(-1.69854e-06 -1.1762e-06 0.236297)
(8.06798e-07 -8.06638e-07 0.177337)
(1.17637e-06 -1.69853e-06 0.236297)
(5.53826e-07 -2.33178e-06 0.265658)
(-5.53643e-07 -2.33178e-06 0.265658)
(-1.17618e-06 -1.69854e-06 0.236297)
(-8.06622e-07 -8.06577e-07 0.177337)
(4.99362e-07 4.9931e-07 0.177331)
(7.28133e-07 1.05139e-06 0.236293)
(3.42863e-07 1.44343e-06 0.265658)
(-3.42743e-07 1.44343e-06 0.265658)
(-7.28018e-07 1.0514e-06 0.236293)
(-4.99268e-07 4.993e-07 0.177331)
(1.05149e-06 7.28072e-07 0.236293)
(1.33117e-06 1.3311e-06 0.294515)
(6.04023e-07 1.74761e-06 0.32367)
(-6.03886e-07 1.74761e-06 0.32367)
(-1.33104e-06 1.33111e-06 0.294515)
(-1.05135e-06 7.28083e-07 0.236293)
(1.44354e-06 3.4283e-07 0.265658)
(1.74768e-06 6.03979e-07 0.32367)
(7.82371e-07 7.82326e-07 0.35272)
(-7.82237e-07 7.82324e-07 0.35272)
(-1.74754e-06 6.03972e-07 0.32367)
(-1.44339e-06 3.42812e-07 0.265658)
(1.44352e-06 -3.4275e-07 0.265658)
(1.74767e-06 -6.03905e-07 0.32367)
(7.82367e-07 -7.82263e-07 0.35272)
(-7.82241e-07 -7.8227e-07 0.35272)
(-1.74754e-06 -6.03927e-07 0.32367)
(-1.44339e-06 -3.42791e-07 0.265658)
(1.05149e-06 -7.27987e-07 0.236293)
(1.33116e-06 -1.33103e-06 0.294515)
(6.04009e-07 -1.74755e-06 0.32367)
(-6.03898e-07 -1.74756e-06 0.32367)
(-1.33105e-06 -1.33107e-06 0.294515)
(-1.05136e-06 -7.28074e-07 0.236293)
(4.99267e-07 -4.99263e-07 0.177331)
(7.28093e-07 -1.05135e-06 0.236293)
(3.42833e-07 -1.44339e-06 0.265658)
(-3.42763e-07 -1.44341e-06 0.265658)
(-7.28049e-07 -1.05138e-06 0.236293)
(-4.99275e-07 -4.99355e-07 0.177331)
(3.09114e-07 3.09072e-07 0.177327)
(4.50772e-07 6.50903e-07 0.236291)
(2.12272e-07 8.93639e-07 0.265658)
(-2.1221e-07 8.93643e-07 0.265658)
(-4.5072e-07 6.50919e-07 0.236291)
(-3.0908e-07 3.09094e-07 0.177327)
(6.50954e-07 4.50751e-07 0.236291)
(8.24151e-07 8.24112e-07 0.294518)
(3.73994e-07 1.082e-06 0.323678)
(-3.73902e-07 1.08201e-06 0.323678)
(-8.24066e-07 8.2413e-07 0.294518)
(-6.50887e-07 4.50773e-07 0.236291)
(8.93695e-07 2.12252e-07 0.265658)
(1.08205e-06 3.73965e-07 0.323678)
(4.84444e-07 4.84412e-07 0.352734)
(-4.84337e-07 4.84417e-07 0.352734)
(-1.08195e-06 3.73979e-07 0.323678)
(-8.93619e-07 2.12274e-07 0.265658)
(8.937e-07 -2.12224e-07 0.265658)
(1.08205e-06 -3.73919e-07 0.323678)
(4.84448e-07 -4.84355e-07 0.352734)
(-4.84332e-07 -4.84351e-07 0.352734)
(-1.08194e-06 -3.73906e-07 0.323678)
(-8.93613e-07 -2.12194e-07 0.265658)
(6.50954e-07 -4.50741e-07 0.236291)
(8.24167e-07 -8.24076e-07 0.294518)
(3.7401e-07 -1.08195e-06 0.323678)
(-3.73887e-07 -1.08195e-06 0.323678)
(-8.24053e-07 -8.24064e-07 0.294518)
(-6.50874e-07 -4.5069e-07 0.236291)
(3.09184e-07 -3.09087e-07 0.177327)
(4.50815e-07 -6.50886e-07 0.236291)
(2.12303e-07 -8.93612e-07 0.265658)
(-2.12182e-07 -8.93601e-07 0.265658)
(-4.50688e-07 -6.50872e-07 0.236291)
(-3.09054e-07 -3.08994e-07 0.177327)
(1.91439e-07 1.91451e-07 0.177324)
(2.79137e-07 4.0309e-07 0.236289)
(1.3145e-07 5.53388e-07 0.265658)
(-1.31392e-07 5.53384e-07 0.265658)
(-2.79081e-07 4.03086e-07 0.236289)
(-1.91382e-07 1.91421e-07 0.177324)
(4.03124e-07 2.79138e-07 0.236289)
(5.10338e-07 5.10319e-07 0.294519)
(2.3159e-07 6.69998e-07 0.323683)
(-2.31513e-07 6.69997e-07 0.323683)
(-5.10262e-07 5.10316e-07 0.294519)
(-4.03032e-07 2.79126e-07 0.236289)
(5.53437e-07 1.31463e-07 0.265658)
(6.70025e-07 2.31586e-07 0.323683)
(2.99977e-07 2.99965e-07 0.352743)
(-2.99896e-07 2.99962e-07 0.352743)
(-6.69944e-07 2.31573e-07 0.323683)
(-5.53337e-07 1.31437e-07 0.265658)
(5.53426e-07 -1.31369e-07 0.265658)
(6.7002e-07 -2.31503e-07 0.323683)
(2.99972e-07 -2.99894e-07 0.352743)
(-2.999e-07 -2.999e-07 0.352743)
(-6.69949e-07 -2.31522e-07 0.323683)
(-5.53339e-07 -1.31406e-07 0.265658)
(4.03121e-07 -2.79037e-07 0.236289)
(5.10327e-07 -5.10238e-07 0.294519)
(2.31576e-07 -6.69931e-07 0.323683)
(-2.31527e-07 -6.6994e-07 0.323683)
(-5.10281e-07 -5.10267e-07 0.294519)
(-4.03048e-07 -2.79105e-07 0.236289)
(1.91341e-07 -1.91365e-07 0.177324)
(2.79096e-07 -4.03018e-07 0.236289)
(1.31418e-07 -5.53328e-07 0.265658)
(-1.31419e-07 -5.53336e-07 0.265658)
(-2.79119e-07 -4.03035e-07 0.236289)
(-1.91397e-07 -1.91441e-07 0.177324)
(1.18507e-07 1.18492e-07 0.177323)
(1.72825e-07 2.49575e-07 0.236288)
(8.13812e-08 3.42647e-07 0.265657)
(-8.13692e-08 3.42648e-07 0.265657)
(-1.72817e-07 2.49578e-07 0.236288)
(-1.18493e-07 1.18506e-07 0.177323)
(2.49581e-07 1.72843e-07 0.236288)
(3.15998e-07 3.16003e-07 0.29452)
(1.43396e-07 4.14881e-07 0.323686)
(-1.43358e-07 4.14883e-07 0.323686)
(-3.15963e-07 3.16008e-07 0.29452)
(-2.49545e-07 1.72853e-07 0.236288)
(3.42661e-07 8.13998e-08 0.265657)
(4.14886e-07 1.43406e-07 0.323686)
(1.85747e-07 1.85751e-07 0.352748)
(-1.85693e-07 1.85754e-07 0.352748)
(-4.14836e-07 1.43414e-07 0.323686)
(-3.42614e-07 8.14165e-08 0.265657)
(3.42665e-07 -8.13525e-08 0.265657)
(4.1489e-07 -1.43344e-07 0.323686)
(1.85751e-07 -1.85681e-07 0.352748)
(-1.85689e-07 -1.85676e-07 0.352748)
(-4.14833e-07 -1.4333e-07 0.323686)
(-3.42611e-07 -8.13217e-08 0.265657)
(2.49577e-07 -1.72817e-07 0.236288)
(3.16011e-07 -3.15953e-07 0.29452)
(1.43409e-07 -4.1482e-07 0.323686)
(-1.43346e-07 -4.14813e-07 0.323686)
(-3.15952e-07 -3.15932e-07 0.29452)
(-2.49532e-07 -1.72757e-07 0.236288)
(1.18552e-07 -1.18483e-07 0.177323)
(1.7286e-07 -2.49528e-07 0.236288)
(8.14084e-08 -3.42591e-07 0.265657)
(-8.1345e-08 -3.42577e-07 0.265657)
(-1.72786e-07 -2.49504e-07 0.236288)
(-1.18462e-07 -1.18374e-07 0.177323)
(7.34017e-08 7.34445e-08 0.177322)
(1.07021e-07 1.54601e-07 0.236288)
(5.0379e-08 2.12231e-07 0.265657)
(-5.04119e-08 2.12223e-07 0.265657)
(-1.0705e-07 1.54578e-07 0.236288)
(-7.33967e-08 7.33964e-08 0.177322)
(1.54585e-07 1.07071e-07 0.236288)
(1.95686e-07 1.95722e-07 0.294521)
(8.8782e-08 2.56948e-07 0.323687)
(-8.88001e-08 2.56941e-07 0.323687)
(-1.957e-07 1.95703e-07 0.294521)
(-1.54562e-07 1.07039e-07 0.236288)
(2.12233e-07 5.04399e-08 0.265657)
(2.56923e-07 8.88297e-08 0.323687)
(1.15005e-07 1.15044e-07 0.352752)
(-1.15018e-07 1.15039e-07 0.352752)
(-2.5693e-07 8.88131e-08 0.323687)
(-2.12199e-07 5.04101e-08 0.265657)
(2.12219e-07 -5.03501e-08 0.265657)
(2.56917e-07 -8.87474e-08 0.323687)
(1.15e-07 -1.14972e-07 0.352752)
(-1.15022e-07 -1.14976e-07 0.352752)
(-2.56934e-07 -8.87602e-08 0.323687)
(-2.12201e-07 -5.03767e-08 0.265657)
(1.54576e-07 -1.06979e-07 0.236288)
(1.95671e-07 -1.95646e-07 0.294521)
(8.87669e-08 -2.56884e-07 0.323687)
(-8.8813e-08 -2.56886e-07 0.323687)
(-1.95715e-07 -1.95658e-07 0.294521)
(-1.54569e-07 -1.07021e-07 0.236288)
(7.32722e-08 -7.33692e-08 0.177322)
(1.06971e-07 -1.54523e-07 0.236288)
(5.03457e-08 -2.12162e-07 0.265657)
(-5.04361e-08 -2.12161e-07 0.265657)
(-1.07079e-07 -1.54516e-07 0.236288)
(-7.33972e-08 -7.33946e-08 0.177322)
(4.53866e-08 4.54361e-08 0.177321)
(6.62083e-08 9.57197e-08 0.236287)
(3.11428e-08 1.31403e-07 0.265657)
(-3.1256e-08 1.31398e-07 0.265657)
(-6.63123e-08 9.56938e-08 0.236287)
(-4.5438e-08 4.54233e-08 0.177321)
(9.56362e-08 6.6318e-08 0.236287)
(1.21114e-07 1.21215e-07 0.294521)
(5.49249e-08 1.59126e-07 0.323688)
(-5.50255e-08 1.5912e-07 0.323688)
(-1.21208e-07 1.21197e-07 0.294521)
(-9.57011e-08 6.6296e-08 0.236287)
(1.31337e-07 3.12513e-08 0.265657)
(1.59041e-07 5.50282e-08 0.323688)
(7.11695e-08 7.12635e-08 0.352754)
(-7.12555e-08 7.12637e-08 0.352754)
(-1.59121e-07 5.50283e-08 0.323688)
(-1.31391e-07 3.12559e-08 0.265657)
(1.31332e-07 -3.11642e-08 0.265657)
(1.59043e-07 -5.49321e-08 0.323688)
(7.11719e-08 -7.11631e-08 0.352754)
(-7.1252e-08 -7.11555e-08 0.352754)
(-1.59118e-07 -5.49117e-08 0.323688)
(-1.31392e-07 -3.11266e-08 0.265657)
(9.56283e-08 -6.62521e-08 0.236287)
(1.21122e-07 -1.21134e-07 0.294521)
(5.49353e-08 -1.59041e-07 0.323688)
(-5.50139e-08 -1.59026e-07 0.323688)
(-1.21196e-07 -1.21097e-07 0.294521)
(-9.56913e-08 -6.61737e-08 0.236287)
(4.53539e-08 -4.53964e-08 0.177321)
(6.62189e-08 -9.56286e-08 0.236287)
(3.11595e-08 -1.31311e-07 0.265657)
(-3.12357e-08 -1.31286e-07 0.265657)
(-6.62823e-08 -9.55839e-08 0.236287)
(-4.54102e-08 -4.5237e-08 0.177321)
(2.81088e-08 2.82061e-08 0.177321)
(4.10099e-08 5.92889e-08 0.236287)
(1.93015e-08 8.13725e-08 0.265657)
(-1.93233e-08 8.13621e-08 0.265657)
(-4.10145e-08 5.92679e-08 0.236287)
(-2.81015e-08 2.81487e-08 0.177321)
(5.9196e-08 4.1096e-08 0.236287)
(7.49831e-08 7.50802e-08 0.294522)
(3.40118e-08 9.85489e-08 0.323689)
(-3.40515e-08 9.85413e-08 0.323689)
(-7.50102e-08 7.50608e-08 0.294522)
(-5.92133e-08 4.10666e-08 0.236287)
(8.1287e-08 1.94021e-08 0.265657)
(9.84572e-08 3.41166e-08 0.323689)
(4.40629e-08 4.41609e-08 0.352755)
(-4.41068e-08 4.41562e-08 0.352755)
(-9.84897e-08 3.41016e-08 0.323689)
(-8.1318e-08 1.93776e-08 0.265657)
(8.12581e-08 -1.92296e-08 0.265657)
(9.84463e-08 -3.39544e-08 0.323689)
(4.40567e-08 -4.40147e-08 0.352755)
(-4.41087e-08 -4.40141e-08 0.352755)
(-9.84898e-08 -3.39607e-08 0.323689)
(-8.13218e-08 -1.92356e-08 0.265657)
(5.91504e-08 -4.09243e-08 0.236287)
(7.49574e-08 -7.49314e-08 0.294522)
(3.39965e-08 -9.84197e-08 0.323689)
(-3.40579e-08 -9.84147e-08 0.323689)
(-7.50059e-08 -7.49363e-08 0.294522)
(-5.92254e-08 -4.09238e-08 0.236287)
(2.78636e-08 -2.80649e-08 0.177321)
(4.09238e-08 -5.91677e-08 0.236287)
(1.92633e-08 -8.12772e-08 0.265657)
(-1.93336e-08 -8.12577e-08 0.265657)
(-4.09899e-08 -5.91641e-08 0.236287)
(-2.80874e-08 -2.79539e-08 0.177321)
(1.75396e-08 1.72908e-08 0.177321)
(2.55101e-08 3.6574e-08 0.236287)
(1.20525e-08 5.0277e-08 0.265657)
(-1.18933e-08 5.02902e-08 0.265657)
(-2.53662e-08 3.6607e-08 0.236287)
(-1.74139e-08 1.7354e-08 0.177321)
(3.67954e-08 2.52668e-08 0.236287)
(4.65417e-08 4.63476e-08 0.294522)
(2.11587e-08 6.09052e-08 0.32369)
(-2.10118e-08 6.09137e-08 0.32369)
(-4.64068e-08 4.63731e-08 0.294522)
(-3.66672e-08 2.53182e-08 0.236287)
(5.04475e-08 1.18313e-08 0.265657)
(6.10648e-08 2.09841e-08 0.32369)
(2.73775e-08 2.72249e-08 0.352756)
(-2.72372e-08 2.72279e-08 0.352756)
(-6.09364e-08 2.09938e-08 0.32369)
(-5.03364e-08 1.18588e-08 0.265657)
(5.04463e-08 -1.20912e-08 0.265657)
(6.10621e-08 -2.11643e-08 0.32369)
(2.73768e-08 -2.73753e-08 0.352756)
(-2.72353e-08 -2.73748e-08 0.352756)
(-6.09302e-08 -2.11654e-08 0.32369)
(-5.03267e-08 -1.20803e-08 0.265657)
(3.6767e-08 -2.55513e-08 0.236287)
(4.65315e-08 -4.65328e-08 0.294522)
(2.11557e-08 -6.10548e-08 0.32369)
(-2.10062e-08 -6.10573e-08 0.32369)
(-4.63869e-08 -4.65449e-08 0.294522)
(-3.6637e-08 -2.55468e-08 0.236287)
(1.76626e-08 -1.76204e-08 0.177321)
(2.55371e-08 -3.67987e-08 0.236287)
(1.20596e-08 -5.04702e-08 0.265657)
(-1.18845e-08 -5.04679e-08 0.265657)
(-2.53523e-08 -3.68122e-08 0.236287)
(-1.74042e-08 -1.7614e-08 0.177321)
(1.07871e-08 1.07195e-08 0.177321)
(1.57524e-08 2.26504e-08 0.236287)
(7.43387e-09 3.11307e-08 0.265657)
(-7.38475e-09 3.1145e-08 0.265657)
(-1.57127e-08 2.26869e-08 0.236287)
(-1.07858e-08 1.0787e-08 0.177321)
(2.27335e-08 1.56692e-08 0.236287)
(2.87928e-08 2.87033e-08 0.294522)
(1.30856e-08 3.77151e-08 0.32369)
(-1.30195e-08 3.77243e-08 0.32369)
(-2.87326e-08 2.87273e-08 0.294522)
(-2.27099e-08 1.57068e-08 0.236287)
(3.12088e-08 7.34827e-09 0.265657)
(3.77924e-08 1.30035e-08 0.32369)
(1.69412e-08 1.6871e-08 0.352756)
(-1.68691e-08 1.68777e-08 0.352756)
(-3.77253e-08 1.30222e-08 0.32369)
(-3.11772e-08 7.38123e-09 0.265657)
(3.12098e-08 -7.45251e-09 0.265657)
(3.77931e-08 -1.30835e-08 0.32369)
(1.69449e-08 -1.69256e-08 0.352756)
(-1.68646e-08 -1.69207e-08 0.352756)
(-3.77194e-08 -1.30697e-08 0.32369)
(-3.11763e-08 -7.4249e-09 0.265657)
(2.276e-08 -1.57414e-08 0.236287)
(2.87981e-08 -2.87664e-08 0.294522)
(1.3096e-08 -3.77594e-08 0.32369)
(-1.30045e-08 -3.77571e-08 0.32369)
(-2.87143e-08 -2.87601e-08 0.294522)
(-2.27177e-08 -1.57233e-08 0.236287)
(1.08509e-08 -1.07954e-08 0.177321)
(1.5771e-08 -2.27254e-08 0.236287)
(7.45492e-09 -3.11947e-08 0.265657)
(-7.36179e-09 -3.11892e-08 0.265657)
(-1.56904e-08 -2.27181e-08 0.236287)
(-1.08242e-08 -1.07793e-08 0.177321)
(6.66541e-09 6.7227e-09 0.177321)
(9.73436e-09 1.40851e-08 0.236287)
(4.57899e-09 1.93157e-08 0.265657)
(-4.5983e-09 1.93104e-08 0.265657)
(-9.74967e-09 1.4063e-08 0.236287)
(-6.70099e-09 6.68394e-09 0.177321)
(1.40588e-08 9.75536e-09 0.236287)
(1.78132e-08 1.78095e-08 0.294522)
(8.08105e-09 2.33793e-08 0.32369)
(-8.08765e-09 2.33786e-08 0.32369)
(-1.78146e-08 1.78043e-08 0.294522)
(-1.40902e-08 9.74246e-09 0.236287)
(1.93077e-08 4.57897e-09 0.265657)
(2.33901e-08 8.06825e-09 0.32369)
(1.04706e-08 1.04594e-08 0.352757)
(-1.04715e-08 1.04622e-08 0.352757)
(-2.33845e-08 8.07488e-09 0.32369)
(-1.9336e-08 4.58641e-09 0.265657)
(1.93213e-08 -4.60511e-09 0.265657)
(2.33947e-08 -8.10178e-09 0.32369)
(1.04739e-08 -1.04794e-08 0.352757)
(-1.04695e-08 -1.04746e-08 0.352757)
(-2.33836e-08 -8.08916e-09 0.32369)
(-1.93377e-08 -4.58729e-09 0.265657)
(1.40698e-08 -9.77413e-09 0.236287)
(1.7823e-08 -1.78303e-08 0.294522)
(8.08987e-09 -2.33888e-08 0.32369)
(-8.085e-09 -2.33826e-08 0.32369)
(-1.78148e-08 -1.78093e-08 0.294522)
(-1.40975e-08 -9.73121e-09 0.236287)
(6.78403e-09 -6.68738e-09 0.177321)
(9.77467e-09 -1.40674e-08 0.236287)
(4.59609e-09 -1.93043e-08 0.265657)
(-4.60121e-09 -1.93045e-08 0.265657)
(-9.76083e-09 -1.40605e-08 0.236287)
(-6.72249e-09 -6.6493e-09 0.177321)
(4.1678e-09 4.13922e-09 0.177321)
(6.05362e-09 8.73812e-09 0.236287)
(2.85452e-09 1.19976e-08 0.265657)
(-2.84023e-09 1.20006e-08 0.265657)
(-6.04455e-09 8.75064e-09 0.236287)
(-4.16511e-09 4.17523e-09 0.177321)
(8.76161e-09 6.04691e-09 0.236287)
(1.10656e-08 1.10443e-08 0.294522)
(5.02694e-09 1.44967e-08 0.32369)
(-5.00422e-09 1.44959e-08 0.32369)
(-1.10479e-08 1.10414e-08 0.294522)
(-8.75215e-09 6.04293e-09 0.236287)
(1.20246e-08 2.85204e-09 0.265657)
(1.45234e-08 5.00507e-09 0.32369)
(6.50691e-09 6.4799e-09 0.352757)
(-6.48322e-09 6.47725e-09 0.352757)
(-1.45025e-08 4.99569e-09 0.32369)
(-1.20069e-08 2.83033e-09 0.265657)
(1.20193e-08 -2.83101e-09 0.265657)
(1.45188e-08 -5.01435e-09 0.32369)
(6.50201e-09 -6.50056e-09 0.352757)
(-6.48839e-09 -6.50686e-09 0.352757)
(-1.45083e-08 -5.03361e-09 0.32369)
(-1.20098e-08 -2.87634e-09 0.265657)
(8.77587e-09 -6.00701e-09 0.236287)
(1.10548e-08 -1.10389e-08 0.294522)
(5.01016e-09 -1.45056e-08 0.32369)
(-5.02282e-09 -1.45156e-08 0.32369)
(-1.10719e-08 -1.10675e-08 0.294522)
(-8.7728e-09 -6.09244e-09 0.236287)
(4.10168e-09 -4.15025e-09 0.177321)
(6.01566e-09 -8.74226e-09 0.236287)
(2.81797e-09 -1.20013e-08 0.265657)
(-2.87699e-09 -1.20145e-08 0.265657)
(-6.09625e-09 -8.76079e-09 0.236287)
(-4.19306e-09 -4.27518e-09 0.177321)
(2.55612e-09 2.64567e-09 0.177321)
(3.7458e-09 5.53181e-09 0.236287)
(1.7864e-09 7.49235e-09 0.265657)
(-1.73391e-09 7.48084e-09 0.265657)
(-3.70764e-09 5.45184e-09 0.236287)
(-2.52149e-09 2.59397e-09 0.177321)
(5.40372e-09 3.81385e-09 0.236287)
(6.84944e-09 6.91114e-09 0.294522)
(3.12251e-09 9.0336e-09 0.32369)
(-3.08206e-09 9.02807e-09 0.32369)
(-6.81526e-09 6.88611e-09 0.294522)
(-5.36212e-09 3.78725e-09 0.236287)
(7.43136e-09 1.82155e-09 0.265657)
(8.99492e-09 3.15434e-09 0.32369)
(4.03724e-09 4.06047e-09 0.352757)
(-4.00256e-09 4.05721e-09 0.352757)
(-8.96265e-09 3.14231e-09 0.32369)
(-7.38793e-09 1.80622e-09 0.265657)
(7.43792e-09 -1.71672e-09 0.265657)
(8.99672e-09 -3.0679e-09 0.32369)
(4.03488e-09 -3.98997e-09 0.352757)
(-4.00615e-09 -3.99123e-09 0.352757)
(-8.96729e-09 -3.07109e-09 0.32369)
(-7.39274e-09 -1.71945e-09 0.265657)
(5.41347e-09 -3.72009e-09 0.236287)
(6.85419e-09 -6.81886e-09 0.294522)
(3.11527e-09 -8.95988e-09 0.32369)
(-3.09309e-09 -8.958e-09 0.32369)
(-6.82756e-09 -6.81299e-09 0.294522)
(-5.37178e-09 -3.69638e-09 0.236287)
(2.58536e-09 -2.55329e-09 0.177321)
(3.75283e-09 -5.38059e-09 0.236287)
(1.77039e-09 -7.39142e-09 0.265657)
(-1.75138e-09 -7.38251e-09 0.265657)
(-3.7171e-09 -5.36833e-09 0.236287)
(-2.5265e-09 -2.48021e-09 0.177321)
(1.53916e-09 1.63142e-09 0.177321)
(2.2685e-09 3.38396e-09 0.236287)
(1.03566e-09 4.61597e-09 0.265657)
(-1.14774e-09 4.59826e-09 0.265657)
(-2.38239e-09 3.31376e-09 0.236287)
(-1.62492e-09 1.53141e-09 0.177321)
(3.27263e-09 2.36413e-09 0.236287)
(4.18349e-09 4.27603e-09 0.294522)
(1.86887e-09 5.58396e-09 0.32369)
(-1.97788e-09 5.56821e-09 0.32369)
(-4.30127e-09 4.22291e-09 0.294522)
(-3.38761e-09 2.28271e-09 0.236287)
(4.51946e-09 1.13201e-09 0.265657)
(5.50553e-09 1.94772e-09 0.32369)
(2.43086e-09 2.49592e-09 0.352757)
(-2.55119e-09 2.4813e-09 0.352757)
(-5.63052e-09 1.90075e-09 0.32369)
(-4.63841e-09 1.05976e-09 0.265657)
(4.4918e-09 -1.06368e-09 0.265657)
(5.48544e-09 -1.91597e-09 0.32369)
(2.4141e-09 -2.50242e-09 0.352757)
(-2.56401e-09 -2.51514e-09 0.352757)
(-5.63629e-09 -1.9574e-09 0.32369)
(-4.63624e-09 -1.12635e-09 0.265657)
(3.21532e-09 -2.28645e-09 0.236287)
(4.12586e-09 -4.25202e-09 0.294522)
(1.81904e-09 -5.59806e-09 0.32369)
(-2.017e-09 -5.60887e-09 0.32369)
(-4.31761e-09 -4.29896e-09 0.294522)
(-3.37566e-09 -2.36874e-09 0.236287)
(1.28756e-09 -1.55292e-09 0.177321)
(2.12607e-09 -3.37571e-09 0.236287)
(9.4284e-10 -4.63195e-09 0.265657)
(-1.22281e-09 -4.63694e-09 0.265657)
(-2.41459e-09 -3.42496e-09 0.236287)
(-1.60305e-09 -1.61675e-09 0.177321)
(1.02372e-09 9.20173e-10 0.177321)
(1.44608e-09 2.04491e-09 0.236287)
(6.76075e-10 2.83473e-09 0.265657)
(-6.80767e-10 2.84056e-09 0.265657)
(-1.44745e-09 2.06468e-09 0.236287)
(-9.72713e-10 9.76414e-10 0.177321)
(2.10173e-09 1.42472e-09 0.236287)
(2.63511e-09 2.63513e-09 0.294522)
(1.19272e-09 3.46109e-09 0.32369)
(-1.19456e-09 3.46025e-09 0.32369)
(-2.63993e-09 2.63481e-09 0.294522)
(-2.07174e-09 1.44508e-09 0.236287)
(2.87063e-09 6.92718e-10 0.265657)
(3.45799e-09 1.21622e-09 0.32369)
(1.54581e-09 1.56664e-09 0.352757)
(-1.54614e-09 1.5648e-09 0.352757)
(-3.46299e-09 1.21247e-09 0.32369)
(-2.84913e-09 7.00265e-10 0.265657)
(2.867e-09 -6.41136e-10 0.265657)
(3.45497e-09 -1.15663e-09 0.32369)
(1.54321e-09 -1.51149e-09 0.352757)
(-1.54813e-09 -1.51207e-09 0.352757)
(-3.46536e-09 -1.1553e-09 0.32369)
(-2.85514e-09 -6.34754e-10 0.265657)
(2.10862e-09 -1.38042e-09 0.236287)
(2.63488e-09 -2.58532e-09 0.294522)
(1.19143e-09 -3.4134e-09 0.32369)
(-1.19497e-09 -3.41351e-09 0.32369)
(-2.64406e-09 -2.57845e-09 0.294522)
(-2.09129e-09 -1.38132e-09 0.236287)
(1.00591e-09 -8.70993e-10 0.177321)
(1.44972e-09 -2.00052e-09 0.236287)
(6.86606e-10 -2.77971e-09 0.265657)
(-6.64388e-10 -2.78536e-09 0.265657)
(-1.44187e-09 -1.97352e-09 0.236287)
(-9.92875e-10 -9.06005e-10 0.177321)
(5.85557e-10 6.39341e-10 0.177321)
(8.89049e-10 1.29158e-09 0.236287)
(4.16313e-10 1.76943e-09 0.265657)
(-4.17385e-10 1.76678e-09 0.265657)
(-8.86266e-10 1.28889e-09 0.236287)
(-5.8954e-10 6.1238e-10 0.177321)
(1.28404e-09 9.03176e-10 0.236287)
(1.62665e-09 1.64459e-09 0.294522)
(7.35805e-10 2.15802e-09 0.32369)
(-7.36544e-10 2.16003e-09 0.32369)
(-1.62442e-09 1.65405e-09 0.294522)
(-1.26351e-09 9.23635e-10 0.236287)
(1.76677e-09 4.43933e-10 0.265657)
(2.1367e-09 7.71809e-10 0.32369)
(9.56953e-10 9.94534e-10 0.352757)
(-9.518e-10 9.99342e-10 0.352757)
(-2.13187e-09 7.89157e-10 0.32369)
(-1.74497e-09 4.83079e-10 0.265657)
(1.7724e-09 -3.82672e-10 0.265657)
(2.14217e-09 -6.90859e-10 0.32369)
(9.62863e-10 -9.02391e-10 0.352757)
(-9.4587e-10 -8.92755e-10 0.352757)
(-2.12669e-09 -6.60796e-10 0.32369)
(-1.75584e-09 -3.14048e-10 0.265657)
(1.2928e-09 -8.5211e-10 0.236287)
(1.64507e-09 -1.57534e-09 0.294522)
(7.59967e-10 -2.07832e-09 0.32369)
(-7.12736e-10 -2.06312e-09 0.32369)
(-1.59661e-09 -1.53867e-09 0.294522)
(-1.26694e-09 -7.41607e-10 0.236287)
(6.1414e-10 -5.58204e-10 0.177321)
(9.2753e-10 -1.1991e-09 0.236287)
(4.68146e-10 -1.67424e-09 0.265657)
(-3.68076e-10 -1.64407e-09 0.265657)
(-8.1385e-10 -1.16106e-09 0.236287)
(-5.78986e-10 -2.69451e-10 0.177321)
(3.6294e-10 2.77753e-10 0.177321)
(5.09126e-10 7.13701e-10 0.236287)
(2.12814e-10 1.01734e-09 0.265657)
(-2.97529e-10 1.02548e-09 0.265657)
(-5.75458e-10 7.32589e-10 0.236287)
(-3.83791e-10 3.27906e-10 0.177321)
(7.60069e-10 4.9565e-10 0.236287)
(9.63884e-10 9.59211e-10 0.294522)
(4.14243e-10 1.28021e-09 0.32369)
(-4.8694e-10 1.28484e-09 0.32369)
(-1.0212e-09 9.72664e-10 0.294522)
(-7.97446e-10 5.20585e-10 0.236287)
(1.0476e-09 2.13276e-10 0.265657)
(1.27989e-09 4.26228e-10 0.32369)
(5.54881e-10 5.71526e-10 0.352757)
(-6.13494e-10 5.7929e-10 0.352757)
(-1.32555e-09 4.49172e-10 0.32369)
(-1.08156e-09 2.54359e-10 0.265657)
(1.04666e-09 -2.94864e-10 0.265657)
(1.28457e-09 -4.69576e-10 0.32369)
(5.62464e-10 -5.89992e-10 0.352757)
(-6.05427e-10 -5.78534e-10 0.352757)
(-1.31661e-09 -4.38262e-10 0.32369)
(-1.07458e-09 -2.39339e-10 0.265657)
(7.53776e-10 -5.83223e-10 0.236287)
(9.77046e-10 -1.01074e-09 0.294522)
(4.38841e-10 -1.31e-09 0.32369)
(-4.59935e-10 -1.29647e-09 0.32369)
(-9.89616e-10 -9.79464e-10 0.294522)
(-7.66038e-10 -5.23177e-10 0.236287)
(3.2989e-10 -4.06869e-10 0.177321)
(5.23442e-10 -7.84291e-10 0.236287)
(2.48049e-10 -1.06443e-09 0.265657)
(-2.57037e-10 -1.04979e-09 0.265657)
(-5.27002e-10 -7.59138e-10 0.236287)
(-3.32042e-10 -3.37961e-10 0.177321)
(2.16014e-10 2.28937e-10 0.177321)
(3.38388e-10 4.69714e-10 0.236287)
(1.63731e-10 6.50441e-10 0.265657)
(-1.48353e-10 6.52765e-10 0.265657)
(-3.21049e-10 4.78576e-10 0.236287)
(-2.12436e-10 2.27987e-10 0.177321)
(4.76256e-10 3.08599e-10 0.236287)
(6.11422e-10 5.88963e-10 0.294522)
(2.80087e-10 7.87297e-10 0.32369)
(-2.72997e-10 7.91018e-10 0.32369)
(-6.01993e-10 6.00046e-10 0.294522)
(-4.65071e-10 3.20193e-10 0.236287)
(6.51675e-10 1.25457e-10 0.265657)
(8.01274e-10 2.53577e-10 0.32369)
(3.62873e-10 3.42888e-10 0.352757)
(-3.54281e-10 3.4647e-10 0.352757)
(-7.91931e-10 2.62285e-10 0.32369)
(-6.39711e-10 1.33686e-10 0.265657)
(6.47896e-10 -1.89132e-10 0.265657)
(7.98935e-10 -3.00915e-10 0.32369)
(3.63326e-10 -3.77137e-10 0.352757)
(-3.52059e-10 -3.75355e-10 0.352757)
(-7.87599e-10 -2.97832e-10 0.32369)
(-6.32911e-10 -1.90714e-10 0.265657)
(4.56253e-10 -3.62726e-10 0.236287)
(6.01884e-10 -6.34965e-10 0.294522)
(2.80037e-10 -8.22401e-10 0.32369)
(-2.67632e-10 -8.23026e-10 0.32369)
(-5.89806e-10 -6.39307e-10 0.294522)
(-4.44392e-10 -3.76711e-10 0.236287)
(2.10456e-10 -2.26046e-10 0.177321)
(3.17568e-10 -4.99166e-10 0.236287)
(1.5376e-10 -6.79979e-10 0.265657)
(-1.51053e-10 -6.87438e-10 0.265657)
(-3.12129e-10 -5.21539e-10 0.236287)
(-1.95172e-10 -2.74152e-10 0.177321)
(1.80652e-10 2.35664e-11 0.177321)
(2.47405e-10 2.12992e-10 0.236287)
(1.30395e-10 3.37664e-10 0.265657)
(-7.97351e-11 3.46361e-10 0.265657)
(-2.17407e-10 2.1871e-10 0.236287)
(-1.49159e-10 6.28713e-11 0.177321)
(3.32698e-10 9.57288e-11 0.236287)
(4.16357e-10 2.81329e-10 0.294522)
(2.02706e-10 4.13195e-10 0.32369)
(-1.5588e-10 4.19327e-10 0.32369)
(-3.87267e-10 2.95411e-10 0.294522)
(-3.02962e-10 1.16078e-10 0.236287)
(4.328e-10 -3.40993e-11 0.265657)
(5.29019e-10 5.91842e-11 0.32369)
(2.5197e-10 1.2421e-10 0.352757)
(-2.05348e-10 1.28467e-10 0.352757)
(-5.00637e-10 7.10672e-11 0.32369)
(-4.0967e-10 -1.64375e-11 0.265657)
(4.367e-10 -2.38641e-10 0.265657)
(5.29658e-10 -2.92293e-10 0.32369)
(2.54002e-10 -3.29896e-10 0.352757)
(-2.01084e-10 -3.28228e-10 0.352757)
(-4.92462e-10 -2.86761e-10 0.32369)
(-3.93397e-10 -2.32034e-10 0.265657)
(3.17245e-10 -3.72641e-10 0.236287)
(4.10565e-10 -5.05768e-10 0.294522)
(2.03704e-10 -6.07675e-10 0.32369)
(-1.47233e-10 -6.07679e-10 0.32369)
(-3.70676e-10 -5.01912e-10 0.294522)
(-2.76633e-10 -3.607e-10 0.236287)
(2.96398e-10 -2.75649e-10 0.177321)
(2.8229e-10 -3.86651e-10 0.236287)
(1.41778e-10 -4.9456e-10 0.265657)
(-7.27835e-11 -5.02489e-10 0.265657)
(-2.14814e-10 -3.94294e-10 0.236287)
(-1.38119e-10 -2.93984e-10 0.177321)
(7.45743e-11 5.36116e-11 0.177321)
(1.23711e-10 1.64939e-10 0.236287)
(6.25927e-11 2.34336e-10 0.265657)
(-5.55304e-11 2.45868e-10 0.265657)
(-1.24189e-10 1.84064e-10 0.236287)
(-8.22671e-11 1.05323e-10 0.177321)
(1.79845e-10 9.85668e-11 0.236287)
(2.36404e-10 2.00693e-10 0.294522)
(1.12848e-10 2.77907e-10 0.32369)
(-9.8064e-11 2.85216e-10 0.32369)
(-2.3055e-10 2.17607e-10 0.294522)
(-1.83278e-10 1.25848e-10 0.236287)
(2.57149e-10 2.40714e-11 0.265657)
(3.14241e-10 6.61679e-11 0.32369)
(1.48424e-10 1.04724e-10 0.352757)
(-1.25493e-10 1.12103e-10 0.352757)
(-3.01252e-10 8.51589e-11 0.32369)
(-2.54622e-10 5.27329e-11 0.265657)
(2.6141e-10 -8.90649e-11 0.265657)
(3.19865e-10 -1.39562e-10 0.32369)
(1.54655e-10 -1.64853e-10 0.352757)
(-1.19607e-10 -1.58628e-10 0.352757)
(-2.96041e-10 -1.21809e-10 0.32369)
(-2.54873e-10 -6.02345e-11 0.265657)
(2.20377e-10 -1.32664e-10 0.236287)
(2.5517e-10 -2.49938e-10 0.294522)
(1.29083e-10 -3.22803e-10 0.32369)
(-8.17339e-11 -3.17029e-10 0.32369)
(-2.18055e-10 -2.36982e-10 0.294522)
(-1.94679e-10 -1.06722e-10 0.236287)
(1.06656e-10 -1.0205e-10 0.177321)
(1.53306e-10 -1.76802e-10 0.236287)
(8.92393e-11 -2.46482e-10 0.265657)
(-3.12579e-11 -2.33174e-10 0.265657)
(-1.08309e-10 -1.55788e-10 0.236287)
(-1.08145e-10 -2.87752e-11 0.177321)
(7.0197e-11 8.39659e-11 0.177321)
(9.97015e-11 1.21931e-10 0.236287)
(6.48591e-11 1.58806e-10 0.265657)
(-5.9835e-12 1.57912e-10 0.265657)
(-4.65396e-11 1.21947e-10 0.236287)
(-3.47328e-11 6.44602e-11 0.177321)
(1.42136e-10 8.40094e-11 0.236287)
(1.67281e-10 1.35377e-10 0.294522)
(9.34018e-11 1.77847e-10 0.32369)
(-3.49637e-11 1.80604e-10 0.32369)
(-1.12691e-10 1.42518e-10 0.294522)
(-8.85571e-11 8.93485e-11 0.236287)
(1.85503e-10 3.75148e-11 0.265657)
(2.13499e-10 5.27232e-11 0.32369)
(1.13048e-10 7.03253e-11 0.352757)
(-5.51147e-11 7.30819e-11 0.352757)
(-1.59544e-10 5.91486e-11 0.32369)
(-1.3487e-10 4.35879e-11 0.265657)
(1.97073e-10 -3.58603e-11 0.265657)
(2.18917e-10 -7.5385e-11 0.32369)
(1.1556e-10 -9.65671e-11 0.352757)
(-5.38965e-11 -9.42317e-11 0.352757)
(-1.59967e-10 -7.20088e-11 0.32369)
(-1.37676e-10 -3.05064e-11 0.265657)
(1.52553e-10 -8.63366e-11 0.236287)
(1.80176e-10 -1.47623e-10 0.294522)
(9.98105e-11 -1.93613e-10 0.32369)
(-3.5019e-11 -1.92376e-10 0.32369)
(-1.16946e-10 -1.47498e-10 0.294522)
(-9.81072e-11 -7.03784e-11 0.236287)
(1.62068e-10 -8.25556e-11 0.177321)
(1.31678e-10 -1.07068e-10 0.236287)
(7.20483e-11 -1.50538e-10 0.265657)
(-1.27402e-11 -1.49544e-10 0.265657)
(-5.88123e-11 -1.12127e-10 0.236287)
(-4.37324e-11 -2.15587e-11 0.177321)
(-1.20891e-11 1.60314e-11 0.177321)
(8.58688e-12 6.08282e-11 0.236287)
(-9.29074e-12 7.80046e-11 0.265657)
(-4.98008e-11 7.44687e-11 0.265657)
(-7.1109e-11 4.20849e-11 0.236287)
(-3.99481e-11 4.61409e-12 0.177321)
(1.2274e-11 6.5809e-11 0.236287)
(5.04253e-11 9.05081e-11 0.294522)
(1.11854e-11 1.05977e-10 0.32369)
(-6.3457e-11 1.00638e-10 0.32369)
(-1.07332e-10 7.03766e-11 0.294522)
(-7.55928e-11 2.99172e-11 0.236287)
(4.55522e-11 4.21894e-11 0.265657)
(7.95252e-11 4.11323e-11 0.32369)
(2.21408e-11 4.12635e-11 0.352757)
(-7.68313e-11 3.57277e-11 0.352757)
(-1.36941e-10 2.2023e-11 0.32369)
(-1.01585e-10 4.3562e-12 0.265657)
(4.16175e-11 -4.52273e-13 0.265657)
(7.52943e-11 -3.55156e-11 0.32369)
(1.64926e-11 -5.87575e-11 0.352757)
(-8.37238e-11 -6.49267e-11 0.352757)
(-1.45316e-10 -5.5438e-11 0.32369)
(-1.08895e-10 -4.45429e-11 0.265657)
(2.13096e-11 -1.10328e-11 0.236287)
(3.80859e-11 -7.61303e-11 0.294522)
(-8.03871e-12 -1.14525e-10 0.32369)
(-8.56511e-11 -1.21618e-10 0.32369)
(-1.36136e-10 -9.58914e-11 0.294522)
(-9.49442e-11 -7.95903e-11 0.236287)
(-9.14225e-11 3.06651e-11 0.177321)
(-3.79905e-11 -4.49988e-11 0.236287)
(-5.19814e-11 -7.26743e-11 0.265657)
(-9.16966e-11 -8.40507e-11 0.265657)
(-1.28389e-10 -5.1981e-11 0.236287)
(-6.89806e-11 -1.08278e-10 0.177321)
(1.55412e-11 4.92484e-11 0.177321)
(1.78441e-11 5.10902e-11 0.236287)
(8.07018e-12 5.68642e-11 0.265657)
(-7.07958e-12 5.15893e-11 0.265657)
(-5.56143e-12 4.89474e-11 0.236287)
(-8.27103e-12 3.9688e-11 0.177321)
(2.74219e-11 5.31877e-11 0.236287)
(3.47122e-11 6.75142e-11 0.294522)
(1.50916e-11 7.62081e-11 0.32369)
(-1.817e-11 7.48869e-11 0.32369)
(-3.03996e-11 6.62493e-11 0.294522)
(-3.11266e-11 5.39857e-11 0.236287)
(4.05114e-11 4.569e-11 0.265657)
(5.24268e-11 4.61548e-11 0.32369)
(2.35736e-11 4.67945e-11 0.352757)
(-2.44006e-11 4.79138e-11 0.352757)
(-4.80373e-11 4.97953e-11 0.32369)
(-5.31963e-11 5.10572e-11 0.265657)
(4.25185e-11 2.09393e-11 0.265657)
(5.60175e-11 4.64075e-12 0.32369)
(2.61269e-11 -5.02706e-12 0.352757)
(-2.26139e-11 -1.1862e-12 0.352757)
(-4.97431e-11 1.49688e-11 0.32369)
(-5.61956e-11 3.80277e-11 0.265657)
(3.23386e-11 -5.61751e-12 0.236287)
(4.74631e-11 -2.22812e-11 0.294522)
(2.42506e-11 -3.62966e-11 0.32369)
(-1.35266e-11 -2.95202e-11 0.32369)
(-3.3083e-11 -4.60119e-12 0.294522)
(-4.48331e-11 3.46621e-11 0.236287)
(4.36062e-11 -6.57182e-11 0.177321)
(4.29017e-11 -3.44471e-11 0.236287)
(2.59725e-11 -4.14857e-11 0.265657)
(8.555e-12 -2.92174e-11 0.265657)
(5.50317e-12 -1.47474e-11 0.236287)
(-1.9069e-11 4.56179e-11 0.177321)
(4.75936e-11 -1.55662e-11 0.177321)
(6.92524e-11 7.52657e-12 0.236287)
(7.90196e-11 3.00559e-11 0.265657)
(7.1841e-11 4.22473e-11 0.265657)
(6.78631e-11 5.53841e-11 0.236287)
(4.51787e-11 4.99726e-11 0.177321)
(6.75968e-11 2.16266e-11 0.236287)
(8.098e-11 4.14672e-11 0.294522)
(8.29415e-11 5.59721e-11 0.32369)
(6.56037e-11 6.45965e-11 0.32369)
(5.71418e-11 7.09714e-11 0.294522)
(5.14902e-11 7.08016e-11 0.236287)
(7.9538e-11 5.8029e-11 0.265657)
(8.93207e-11 5.84043e-11 0.32369)
(8.53675e-11 5.68577e-11 0.352757)
(5.93653e-11 5.84341e-11 0.352757)
(4.42094e-11 6.43127e-11 0.32369)
(3.4867e-11 6.98669e-11 0.265657)
(5.77859e-11 6.81937e-11 0.265657)
(8.5416e-11 5.59356e-11 0.32369)
(8.28865e-11 3.91658e-11 0.352757)
(5.84874e-11 3.71395e-11 0.352757)
(4.39676e-11 4.59171e-11 0.32369)
(3.01831e-11 6.76142e-11 0.265657)
(5.93959e-11 9.95474e-11 0.236287)
(8.06745e-11 6.89448e-11 0.294522)
(7.98918e-11 3.43336e-11 0.32369)
(6.44999e-11 2.89637e-11 0.32369)
(6.1655e-11 3.64545e-11 0.294522)
(3.77888e-11 7.57366e-11 0.236287)
(-1.17328e-10 -2.20951e-11 0.177321)
(3.4656e-11 2.45655e-11 0.236287)
(6.64601e-11 -1.17582e-12 0.265657)
(7.68048e-11 1.33145e-11 0.265657)
(9.6032e-11 1.91136e-11 0.236287)
(5.38349e-11 1.28348e-10 0.177321)
(6.92148e-11 3.80279e-11 0.177321)
(6.50589e-11 3.46597e-11 0.236287)
(5.28425e-11 4.20351e-11 0.265657)
(2.41482e-11 4.33787e-11 0.265657)
(-7.94592e-12 3.4211e-11 0.236287)
(-6.6975e-11 2.23378e-11 0.177321)
(9.90671e-11 -2.05703e-11 0.236287)
(8.20872e-11 1.45009e-12 0.294522)
(6.21271e-11 1.56e-11 0.32369)
(2.47444e-11 2.00059e-11 0.32369)
(-9.22822e-12 1.20137e-11 0.294522)
(-6.9265e-11 -8.78399e-12 0.236287)
(1.01907e-10 -5.30088e-11 0.265657)
(8.84351e-11 -2.61043e-11 0.32369)
(6.47664e-11 -1.49673e-11 0.352757)
(2.21524e-11 -1.192e-11 0.352757)
(-1.30797e-11 -1.69327e-11 0.32369)
(-6.54679e-11 -3.36434e-11 0.265657)
(1.12168e-10 -9.93451e-11 0.265657)
(9.48914e-11 -6.90764e-11 0.32369)
(6.82893e-11 -5.86306e-11 0.352757)
(2.33071e-11 -5.41625e-11 0.352757)
(-1.30222e-11 -5.5072e-11 0.32369)
(-6.79072e-11 -6.41963e-11 0.265657)
(1.13829e-10 -1.55255e-10 0.236287)
(1.01777e-10 -1.02482e-10 0.294522)
(7.4961e-11 -8.53554e-11 0.32369)
(3.04975e-11 -8.1099e-11 0.32369)
(-4.96341e-12 -8.20333e-11 0.294522)
(-6.24859e-11 -9.60702e-11 0.236287)
(2.41521e-10 -2.2699e-10 0.177321)
(1.31211e-10 -1.84735e-10 0.236287)
(8.09834e-11 -1.41671e-10 0.265657)
(3.02627e-11 -1.35533e-10 0.265657)
(-1.6445e-11 -1.30217e-10 0.236287)
(-1.03411e-10 -1.76979e-10 0.177321)
(1.81103e-13 8.05546e-11 0.177321)
(-8.80818e-13 6.26883e-11 0.236287)
(-9.06926e-12 5.53047e-11 0.265657)
(-2.40329e-11 4.61538e-11 0.265657)
(-3.2877e-11 3.62127e-11 0.236287)
(-4.9047e-11 3.63671e-11 0.177321)
(2.1694e-11 3.92192e-11 0.236287)
(1.7638e-11 3.5861e-11 0.294522)
(3.71809e-12 3.50163e-11 0.32369)
(-1.96503e-11 2.94109e-11 0.32369)
(-3.42927e-11 1.7397e-11 0.294522)
(-5.97012e-11 3.20018e-12 0.236287)
(2.9476e-11 1.20932e-11 0.265657)
(2.29752e-11 1.26381e-11 0.32369)
(5.68307e-12 1.30773e-11 0.352757)
(-2.19514e-11 9.39731e-12 0.352757)
(-3.89806e-11 1.68607e-13 0.32369)
(-6.34414e-11 -1.48375e-11 0.265657)
(2.653e-11 -1.88017e-11 0.265657)
(2.04905e-11 -2.19613e-11 0.32369)
(2.92353e-12 -2.02168e-11 0.352757)
(-2.67822e-11 -2.22341e-11 0.352757)
(-4.60842e-11 -2.6838e-11 0.32369)
(-6.49649e-11 -4.35991e-11 0.265657)
(5.64923e-12 -3.78737e-11 0.236287)
(7.01997e-12 -4.51002e-11 0.294522)
(-6.63856e-12 -3.95948e-11 0.32369)
(-3.43782e-11 -4.06695e-11 0.32369)
(-5.93742e-11 -3.90685e-11 0.294522)
(-7.54162e-11 -6.89796e-11 0.236287)
(2.27679e-11 -7.10635e-11 0.177321)
(-1.04445e-11 -8.01696e-11 0.236287)
(-2.70791e-11 -6.0635e-11 0.265657)
(-5.23337e-11 -6.35772e-11 0.265657)
(-8.95538e-11 -4.7899e-11 0.236287)
(-8.86401e-11 -1.66141e-10 0.177321)
(-3.90996e-11 9.6765e-13 0.177321)
(-3.38965e-11 2.77784e-11 0.236287)
(-3.32268e-11 2.77318e-11 0.265657)
(-3.6821e-11 2.42781e-11 0.265657)
(-3.1035e-11 1.9231e-11 0.236287)
(-3.13024e-11 1.99476e-11 0.177321)
(-5.0173e-11 8.72769e-12 0.236287)
(-2.10964e-11 1.583e-11 0.294522)
(-2.10097e-11 1.83866e-11 0.32369)
(-2.96011e-11 1.78355e-11 0.32369)
(-3.08426e-11 1.41934e-11 0.294522)
(-3.98674e-11 1.27193e-11 0.236287)
(-3.84494e-11 -2.44567e-11 0.265657)
(-7.03885e-12 -1.2667e-11 0.32369)
(-1.01422e-11 -2.72513e-12 0.352757)
(-2.25795e-11 2.71339e-12 0.352757)
(-2.79426e-11 4.57304e-12 0.32369)
(-4.14591e-11 7.45735e-12 0.265657)
(-1.57837e-11 -5.77852e-11 0.265657)
(4.84011e-12 -4.5332e-11 0.32369)
(-1.33194e-12 -3.01565e-11 0.352757)
(-1.65748e-11 -2.0246e-11 0.352757)
(-2.37402e-11 -1.26511e-11 0.32369)
(-3.72949e-11 -9.91243e-13 0.265657)
(8.36857e-12 -8.49291e-11 0.236287)
(1.28036e-11 -6.62391e-11 0.294522)
(4.19068e-12 -4.61975e-11 0.32369)
(-1.19252e-11 -3.27782e-11 0.32369)
(-1.65575e-11 -2.01899e-11 0.294522)
(-2.85568e-11 4.42234e-12 0.236287)
(1.16134e-10 -6.75832e-11 0.177321)
(3.7907e-11 -6.81025e-11 0.236287)
(1.19817e-11 -5.68577e-11 0.265657)
(-5.46491e-12 -4.76078e-11 0.265657)
(1.30103e-12 -4.45737e-11 0.236287)
(-1.68435e-11 4.59929e-12 0.177321)
(-9.50923e-13 6.73668e-11 0.177321)
(-2.02401e-11 6.94344e-11 0.236287)
(-3.5991e-11 6.77986e-11 0.265657)
(-4.6394e-11 6.02233e-11 0.265657)
(-4.5517e-11 5.08371e-11 0.236287)
(-4.26067e-11 4.25122e-11 0.177321)
(1.32018e-12 5.7078e-11 0.236287)
(-1.59977e-11 5.71919e-11 0.294522)
(-3.39443e-11 5.22249e-11 0.32369)
(-5.09856e-11 4.39755e-11 0.32369)
(-5.6763e-11 3.38685e-11 0.294522)
(-6.01201e-11 2.37958e-11 0.236287)
(7.89636e-12 4.62595e-11 0.265657)
(-1.06626e-11 3.57413e-11 0.32369)
(-3.17437e-11 3.04223e-11 0.352757)
(-5.26091e-11 2.57276e-11 0.352757)
(-6.36499e-11 2.04139e-11 0.32369)
(-7.15487e-11 1.51425e-11 0.265657)
(1.73838e-12 3.20018e-11 0.265657)
(-1.36286e-11 9.59425e-12 0.32369)
(-3.49514e-11 3.65072e-12 0.352757)
(-5.69834e-11 1.58766e-12 0.352757)
(-7.0233e-11 1.83938e-12 0.32369)
(-7.67111e-11 -6.42806e-13 0.265657)
(-8.62446e-12 3.26752e-11 0.236287)
(-2.51777e-11 -5.98774e-12 0.294522)
(-4.4951e-11 -1.38489e-11 0.32369)
(-6.57296e-11 -1.33692e-11 0.32369)
(-8.00896e-11 -6.36057e-12 0.294522)
(-8.47059e-11 -1.38575e-11 0.236287)
(-5.93807e-11 2.57507e-11 0.177321)
(-5.11586e-11 -1.30224e-11 0.236287)
(-5.88843e-11 -1.53667e-11 0.265657)
(-7.19892e-11 -1.75907e-11 0.265657)
(-8.85736e-11 -4.38371e-12 0.236287)
(-7.36231e-11 -7.43903e-11 0.177321)
(-3.61305e-11 -2.96518e-11 0.177321)
(-3.27881e-11 5.0951e-13 0.236287)
(-3.57159e-11 8.05205e-12 0.265657)
(-3.67773e-11 9.94516e-12 0.265657)
(-2.85638e-11 6.44438e-12 0.236287)
(-1.49338e-11 2.8774e-12 0.177321)
(-5.30635e-11 -4.0761e-12 0.236287)
(-3.32753e-11 8.33696e-12 0.294522)
(-3.56599e-11 1.32837e-11 0.32369)
(-3.89158e-11 1.50243e-11 0.32369)
(-3.40435e-11 1.4098e-11 0.294522)
(-2.37345e-11 1.35934e-11 0.236287)
(-4.80295e-11 -1.8402e-11 0.265657)
(-2.46891e-11 -7.71024e-12 0.32369)
(-2.75877e-11 2.49848e-13 0.352757)
(-3.37528e-11 6.74742e-12 0.352757)
(-3.25994e-11 1.27781e-11 0.32369)
(-2.6179e-11 1.91848e-11 0.265657)
(-2.92002e-11 -3.59612e-11 0.265657)
(-1.34605e-11 -2.71477e-11 0.32369)
(-1.79857e-11 -1.6847e-11 0.352757)
(-2.5499e-11 -5.58116e-12 0.352757)
(-2.55698e-11 6.80656e-12 0.32369)
(-2.19719e-11 2.39007e-11 0.265657)
(-4.73188e-12 -5.31094e-11 0.236287)
(-1.05546e-12 -3.96218e-11 0.294522)
(-6.34519e-12 -2.6527e-11 0.32369)
(-1.35342e-11 -1.15758e-11 0.32369)
(-8.8644e-12 4.10229e-12 0.294522)
(-4.05811e-12 3.62916e-11 0.236287)
(7.87434e-11 -2.02099e-11 0.177321)
(2.72937e-11 -3.06477e-11 0.236287)
(1.50538e-11 -2.33084e-11 0.265657)
(8.72859e-12 -9.34052e-12 0.265657)
(2.6724e-11 -3.36095e-12 0.236287)
(2.02437e-11 7.6244e-11 0.177321)
(-1.90682e-11 4.81345e-11 0.177321)
(-2.92014e-11 4.67018e-11 0.236287)
(-4.44079e-11 4.70952e-11 0.265657)
(-5.1676e-11 4.22615e-11 0.265657)
(-4.99239e-11 3.29714e-11 0.236287)
(-3.02021e-11 2.25727e-11 0.177321)
(-2.65017e-11 4.31067e-11 0.236287)
(-3.3814e-11 4.45802e-11 0.294522)
(-5.05288e-11 4.23746e-11 0.32369)
(-6.1638e-11 3.68271e-11 0.32369)
(-6.35602e-11 2.8784e-11 0.294522)
(-4.80786e-11 1.9122e-11 0.236287)
(-2.5419e-11 3.49867e-11 0.265657)
(-3.32432e-11 2.84117e-11 0.32369)
(-5.07577e-11 2.47345e-11 0.352757)
(-6.44888e-11 2.28424e-11 0.352757)
(-6.93726e-11 2.19476e-11 0.32369)
(-5.75209e-11 1.98012e-11 0.265657)
(-3.46051e-11 2.49353e-11 0.265657)
(-3.60967e-11 7.8378e-12 0.32369)
(-5.12936e-11 2.87317e-12 0.352757)
(-6.393e-11 5.21936e-12 0.352757)
(-6.90617e-11 1.1591e-11 0.32369)
(-5.97866e-11 1.72513e-11 0.265657)
(-4.63488e-11 2.4748e-11 0.236287)
(-4.32968e-11 -8.66223e-12 0.294522)
(-5.16771e-11 -1.50346e-11 0.32369)
(-6.00627e-11 -9.47074e-12 0.32369)
(-6.30294e-11 2.31763e-12 0.294522)
(-5.76569e-11 1.40346e-11 0.236287)
(-1.02318e-10 3.81586e-11 0.177321)
(-6.35628e-11 -8.3761e-12 0.236287)
(-5.21966e-11 -1.13925e-11 0.265657)
(-5.11196e-11 -8.18121e-12 0.265657)
(-4.91074e-11 8.4811e-12 0.236287)
(-3.65436e-11 1.39888e-11 0.177321)
(-1.41011e-11 -5.80458e-11 0.177321)
(-2.05215e-11 -3.04573e-11 0.236287)
(-3.17164e-11 -1.6463e-11 0.265657)
(-3.49472e-11 -8.49167e-12 0.265657)
(-3.22254e-11 -9.80982e-12 0.236287)
(-1.98945e-11 -9.83301e-12 0.177321)
(-2.57544e-11 -3.27021e-11 0.236287)
(-2.64839e-11 -1.53423e-11 0.294522)
(-3.6183e-11 -3.70869e-12 0.32369)
(-4.05241e-11 3.67685e-12 0.32369)
(-3.96874e-11 6.46418e-12 0.294522)
(-3.22993e-11 9.10825e-12 0.236287)
(-2.57945e-11 -3.78398e-11 0.265657)
(-2.17299e-11 -2.14532e-11 0.32369)
(-2.92741e-11 -8.22189e-12 0.352757)
(-3.44161e-11 4.52875e-12 0.352757)
(-3.47577e-11 1.63582e-11 0.32369)
(-3.45105e-11 2.91718e-11 0.265657)
(-7.66177e-12 -4.13103e-11 0.265657)
(-8.82063e-12 -2.82914e-11 0.32369)
(-1.45902e-11 -1.3859e-11 0.352757)
(-1.83667e-11 4.94377e-12 0.352757)
(-1.77476e-11 2.50108e-11 0.32369)
(-2.66121e-11 5.70306e-11 0.265657)
(1.5191e-11 -4.91698e-11 0.236287)
(9.46057e-12 -3.50878e-11 0.294522)
(9.1946e-12 -1.95911e-11 0.32369)
(8.16464e-12 4.4463e-12 0.32369)
(1.94118e-11 2.73755e-11 0.294522)
(1.10486e-11 9.23775e-11 0.236287)
(9.1679e-11 4.26119e-12 0.177321)
(4.56346e-11 -8.96072e-12 0.236287)
(4.49286e-11 -3.36756e-12 0.265657)
(4.48438e-11 2.75524e-11 0.265657)
(7.86402e-11 4.48695e-11 0.236287)
(5.25936e-11 2.48692e-10 0.177321)
(1.45965e-11 -1.0708e-11 0.177321)
(1.75248e-11 -1.4452e-11 0.236287)
(2.0043e-11 -1.36591e-11 0.265657)
(2.03607e-11 -9.32457e-12 0.265657)
(2.1321e-11 -5.49664e-12 0.236287)
(1.86646e-11 -3.34512e-13 0.177321)
(1.46113e-11 -1.10733e-11 0.236287)
(4.68054e-12 -1.3755e-11 0.294522)
(5.54863e-12 -1.23766e-11 0.32369)
(5.88353e-12 -1.18671e-11 0.32369)
(8.21708e-12 -1.27345e-11 0.294522)
(8.94647e-12 -1.45024e-11 0.236287)
(4.1217e-12 5.63607e-12 0.265657)
(-5.78017e-12 -4.92811e-12 0.32369)
(-3.8967e-12 -9.95212e-12 0.352757)
(-2.204e-12 -1.39076e-11 0.352757)
(1.54979e-12 -1.77355e-11 0.32369)
(3.81057e-12 -2.48565e-11 0.265657)
(-1.072e-11 2.34409e-11 0.265657)
(-1.57399e-11 1.75622e-12 0.32369)
(-1.11312e-11 -1.03329e-11 0.352757)
(-6.3749e-12 -1.92667e-11 0.352757)
(3.72685e-13 -2.44578e-11 0.32369)
(2.62879e-12 -3.75161e-11 0.265657)
(-2.31745e-11 4.61843e-11 0.236287)
(-2.77672e-11 4.72732e-12 0.294522)
(-1.99575e-11 -1.53453e-11 0.32369)
(-9.3605e-12 -3.51032e-11 0.32369)
(1.76188e-12 -3.63392e-11 0.294522)
(1.92451e-12 -6.05143e-11 0.236287)
(-8.35563e-11 3.88768e-11 0.177321)
(-5.78382e-11 -2.40616e-11 0.236287)
(-4.34088e-11 -4.15642e-11 0.265657)
(-1.96535e-11 -8.41549e-11 0.265657)
(-6.11823e-12 -5.68265e-11 0.236287)
(-6.17275e-12 -1.2916e-10 0.177321)
(-4.21146e-11 5.39724e-11 0.177321)
(-2.81484e-11 3.87166e-11 0.236287)
(-1.90044e-11 3.57399e-11 0.265657)
(-8.96424e-12 3.80416e-11 0.265657)
(3.22669e-12 4.38813e-11 0.236287)
(1.23936e-11 4.48404e-11 0.177321)
(-4.74701e-11 4.46502e-11 0.236287)
(-2.81271e-11 3.83338e-11 0.294522)
(-2.06057e-11 4.03738e-11 0.32369)
(-1.31693e-11 4.50341e-11 0.32369)
(-2.52587e-12 5.16134e-11 0.294522)
(1.01901e-11 5.74327e-11 0.236287)
(-3.8032e-11 4.14862e-11 0.265657)
(-2.1848e-11 4.35151e-11 0.32369)
(-1.74717e-11 4.96885e-11 0.352757)
(-1.39732e-11 5.76826e-11 0.352757)
(-8.2169e-12 6.65344e-11 0.32369)
(-2.8659e-12 7.45833e-11 0.265657)
(-9.32417e-12 4.31616e-11 0.265657)
(-5.43983e-12 5.08086e-11 0.32369)
(-5.60999e-12 6.0329e-11 0.352757)
(-6.73234e-12 7.23658e-11 0.352757)
(-8.06986e-12 8.56666e-11 0.32369)
(-1.52957e-11 9.87482e-11 0.265657)
(2.84844e-11 4.20475e-11 0.236287)
(2.17644e-11 5.97622e-11 0.294522)
(1.69902e-11 7.33794e-11 0.32369)
(8.21383e-12 9.0734e-11 0.32369)
(-3.39153e-12 1.09554e-10 0.294522)
(-2.86726e-11 1.35574e-10 0.236287)
(1.18958e-10 1.00747e-10 0.177321)
(7.07013e-11 1.09772e-10 0.236287)
(5.18953e-11 1.20162e-10 0.265657)
(2.7861e-11 1.51579e-10 0.265657)
(4.6148e-12 1.72965e-10 0.236287)
(-3.74892e-11 2.46083e-10 0.177321)
(-1.65592e-11 -1.51238e-11 0.177321)
(-2.64892e-11 8.13195e-12 0.236287)
(-2.13497e-11 8.88243e-12 0.265657)
(-1.42117e-11 1.31079e-11 0.265657)
(-5.46933e-12 1.50176e-11 0.236287)
(-1.55579e-11 1.40845e-11 0.177321)
(-3.37809e-11 2.61497e-11 0.236287)
(-3.33731e-11 2.7555e-11 0.294522)
(-2.60112e-11 2.44086e-11 0.32369)
(-1.69327e-11 2.46337e-11 0.32369)
(-6.43053e-12 2.54154e-11 0.294522)
(-1.30969e-11 2.18128e-11 0.236287)
(-3.54154e-11 5.04685e-11 0.265657)
(-3.49035e-11 4.49498e-11 0.32369)
(-2.8939e-11 3.99707e-11 0.352757)
(-2.05743e-11 3.86281e-11 0.352757)
(-1.12175e-11 3.82477e-11 0.32369)
(-1.68906e-11 3.40845e-11 0.265657)
(-4.00748e-11 7.32251e-11 0.265657)
(-3.59532e-11 6.27847e-11 0.32369)
(-3.08618e-11 5.48528e-11 0.352757)
(-2.39552e-11 5.15546e-11 0.352757)
(-1.61228e-11 4.92742e-11 0.32369)
(-2.0116e-11 4.24822e-11 0.265657)
(-4.14826e-11 9.55442e-11 0.236287)
(-3.90432e-11 7.40127e-11 0.294522)
(-3.35122e-11 6.28814e-11 0.32369)
(-2.9059e-11 5.85016e-11 0.32369)
(-2.22829e-11 5.42029e-11 0.294522)
(-2.57216e-11 4.26369e-11 0.236287)
(-9.72888e-11 1.33149e-10 0.177321)
(-6.29599e-11 8.70539e-11 0.236287)
(-4.38213e-11 6.69023e-11 0.265657)
(-3.68836e-11 5.63369e-11 0.265657)
(-2.45196e-11 4.23529e-11 0.236287)
(-9.57322e-12 1.51998e-11 0.177321)
(5.12443e-11 9.15432e-12 0.177321)
(4.29353e-11 -3.09232e-12 0.236287)
(3.56949e-11 7.40658e-12 0.265657)
(3.0432e-11 1.40218e-11 0.265657)
(2.57131e-11 2.44544e-11 0.236287)
(-1.67446e-13 3.01632e-11 0.177321)
(6.11027e-11 -2.47991e-11 0.236287)
(3.58627e-11 -1.22657e-11 0.294522)
(3.05346e-11 -2.35405e-12 0.32369)
(2.71563e-11 4.16683e-12 0.32369)
(2.53923e-11 8.51101e-12 0.294522)
(2.87203e-12 6.33994e-12 0.236287)
(5.47324e-11 -1.88484e-11 0.265657)
(3.19302e-11 -4.93703e-12 0.32369)
(2.89009e-11 2.31085e-12 0.352757)
(2.62195e-11 6.70178e-12 0.352757)
(2.49876e-11 7.35403e-12 0.32369)
(3.23338e-12 5.39589e-13 0.265657)
(6.60338e-11 -1.33174e-11 0.265657)
(3.72712e-11 1.79368e-12 0.32369)
(3.27886e-11 7.61377e-12 0.352757)
(2.8341e-11 8.87974e-12 0.352757)
(2.67303e-11 5.01421e-12 0.32369)
(6.90921e-12 -6.51742e-12 0.265657)
(7.94907e-11 -2.30385e-11 0.236287)
(4.71017e-11 1.02267e-12 0.294522)
(4.03327e-11 8.87512e-12 0.32369)
(3.30653e-11 8.27703e-12 0.32369)
(3.13875e-11 -1.99718e-13 0.294522)
(1.17627e-11 -1.70547e-11 0.236287)
(1.38224e-10 -6.50353e-11 0.177321)
(7.15495e-11 -3.39362e-11 0.236287)
(5.4971e-11 -1.80807e-11 0.265657)
(4.41664e-11 -2.02256e-11 0.265657)
(4.22213e-11 -3.52297e-11 0.236287)
(1.23413e-11 -4.90068e-11 0.177321)
(6.47229e-12 -2.02724e-11 0.177321)
(9.53446e-12 -1.16859e-11 0.236287)
(1.28946e-11 -6.97932e-12 0.265657)
(1.24295e-11 -7.263e-13 0.265657)
(1.37271e-11 5.28192e-12 0.236287)
(-9.03586e-13 9.79142e-12 0.177321)
(1.64446e-11 4.49703e-12 0.236287)
(1.02233e-11 4.55994e-12 0.294522)
(1.22725e-11 6.99789e-12 0.32369)
(1.36091e-11 9.93664e-12 0.32369)
(1.79787e-11 1.21023e-11 0.294522)
(7.05025e-12 1.18159e-11 0.236287)
(1.63477e-11 2.81658e-11 0.265657)
(5.46647e-12 2.53307e-11 0.32369)
(8.65227e-12 2.43098e-11 0.352757)
(1.15787e-11 2.33329e-11 0.352757)
(1.76402e-11 2.0807e-11 0.32369)
(7.62017e-12 1.56067e-11 0.265657)
(5.79696e-12 4.90138e-11 0.265657)
(3.61422e-13 4.32777e-11 0.32369)
(5.20353e-12 3.81341e-11 0.352757)
(8.8114e-12 3.23997e-11 0.352757)
(1.63357e-11 2.47836e-11 0.32369)
(1.07328e-11 1.54289e-11 0.265657)
(-5.0725e-12 7.31577e-11 0.236287)
(-6.9062e-12 5.79105e-11 0.294522)
(-3.04148e-13 4.80552e-11 0.32369)
(4.33194e-12 3.80251e-11 0.32369)
(1.28859e-11 2.6577e-11 0.294522)
(9.51236e-12 1.47376e-11 0.236287)
(-5.968e-11 8.12495e-11 0.177321)
(-2.98157e-11 5.5699e-11 0.236287)
(-1.23894e-11 4.14766e-11 0.265657)
(-3.53263e-12 2.85152e-11 0.265657)
(5.82635e-12 1.77369e-11 0.236287)
(2.50927e-12 8.90817e-12 0.177321)
(2.88656e-11 4.14605e-11 0.177321)
(2.76882e-11 2.85004e-11 0.236287)
(2.24944e-11 3.14577e-11 0.265657)
(1.35436e-11 3.30369e-11 0.265657)
(4.5398e-12 3.54683e-11 0.236287)
(-1.30854e-11 3.19953e-11 0.177321)
(4.62371e-11 2.52153e-12 0.236287)
(3.4663e-11 6.51564e-12 0.294522)
(2.63271e-11 1.29878e-11 0.32369)
(1.52846e-11 1.62408e-11 0.32369)
(5.33382e-12 1.67914e-11 0.294522)
(-1.46254e-11 1.16907e-11 0.236287)
(5.02966e-11 -1.10061e-11 0.265657)
(3.61293e-11 -1.09246e-12 0.32369)
(2.72501e-11 6.13391e-12 0.352757)
(1.56679e-11 8.93528e-12 0.352757)
(6.08831e-12 7.37724e-12 0.32369)
(-1.52908e-11 2.39389e-12 0.265657)
(6.06992e-11 -2.51567e-11 0.265657)
(4.01218e-11 -1.04952e-11 0.32369)
(3.04425e-11 -2.91691e-12 0.352757)
(1.82702e-11 -9.06494e-13 0.352757)
(8.71713e-12 -3.87075e-12 0.32369)
(-1.31216e-11 -8.66442e-12 0.265657)
(6.77966e-11 -4.7685e-11 0.236287)
(4.51559e-11 -2.35635e-11 0.294522)
(3.54306e-11 -1.32084e-11 0.32369)
(2.30233e-11 -1.19415e-11 0.32369)
(1.28108e-11 -1.51081e-11 0.294522)
(-1.06677e-11 -1.73421e-11 0.236287)
(1.19072e-10 -8.19758e-11 0.177321)
(6.19333e-11 -5.21322e-11 0.236287)
(4.38257e-11 -3.47109e-11 0.265657)
(2.89657e-11 -3.12157e-11 0.265657)
(1.73057e-11 -3.16847e-11 0.236287)
(-7.32073e-12 -2.71743e-11 0.177321)
(-2.55463e-11 -9.18698e-12 0.177321)
(-2.31241e-11 1.00583e-11 0.236287)
(-1.77478e-11 8.94652e-12 0.265657)
(-1.6228e-11 8.75159e-12 0.265657)
(-1.2755e-11 4.68501e-12 0.236287)
(-9.36293e-12 8.67647e-13 0.177321)
(-2.86548e-11 2.76654e-11 0.236287)
(-1.75866e-11 2.5418e-11 0.294522)
(-1.34054e-11 2.20747e-11 0.32369)
(-1.22476e-11 1.99518e-11 0.32369)
(-1.00856e-11 1.71868e-11 0.294522)
(-8.3969e-12 1.31957e-11 0.236287)
(-2.31413e-11 3.77472e-11 0.265657)
(-1.57676e-11 3.24594e-11 0.32369)
(-1.30637e-11 2.94889e-11 0.352757)
(-1.20296e-11 2.67622e-11 0.352757)
(-9.78871e-12 2.36085e-11 0.32369)
(-9.26605e-12 2.04432e-11 0.265657)
(-3.36681e-11 4.43319e-11 0.265657)
(-2.0136e-11 3.71807e-11 0.32369)
(-1.63294e-11 3.34037e-11 0.352757)
(-1.45185e-11 2.97831e-11 0.352757)
(-1.08891e-11 2.61415e-11 0.32369)
(-6.70799e-12 2.36248e-11 0.265657)
(-4.52035e-11 5.95172e-11 0.236287)
(-3.00594e-11 4.25244e-11 0.294522)
(-2.3609e-11 3.53092e-11 0.32369)
(-1.97743e-11 3.10047e-11 0.32369)
(-1.53597e-11 2.83438e-11 0.294522)
(-4.948e-12 2.70187e-11 0.236287)
(-1.00053e-10 8.93604e-11 0.177321)
(-5.74285e-11 6.17552e-11 0.236287)
(-3.9697e-11 4.84533e-11 0.265657)
(-3.04197e-11 4.28098e-11 0.265657)
(-2.30004e-11 4.31721e-11 0.236287)
(-3.19777e-13 3.91052e-11 0.177321)
(3.21192e-11 1.67746e-11 0.177321)
(2.47824e-11 1.28223e-11 0.236287)
(1.45446e-11 1.89745e-11 0.265657)
(5.05993e-12 1.99089e-11 0.265657)
(-3.79993e-12 1.89398e-11 0.236287)
(-7.15572e-12 1.37916e-11 0.177321)
(4.3372e-11 -9.79238e-12 0.236287)
(2.85867e-11 2.56267e-13 0.294522)
(1.76678e-11 6.86706e-12 0.32369)
(6.12993e-12 8.74278e-12 0.32369)
(-5.27252e-12 6.88726e-12 0.294522)
(-1.24023e-11 7.7418e-13 0.236287)
(4.57067e-11 -2.12204e-11 0.265657)
(3.16266e-11 -9.575e-12 0.32369)
(2.0898e-11 -2.96036e-12 0.352757)
(8.61299e-12 -3.49229e-13 0.352757)
(-3.86661e-12 -1.8318e-12 0.32369)
(-1.26404e-11 -6.35255e-12 0.265657)
(5.49686e-11 -3.29554e-11 0.265657)
(3.54027e-11 -2.05449e-11 0.32369)
(2.40635e-11 -1.32442e-11 0.352757)
(1.16207e-11 -1.02572e-11 0.352757)
(-4.5944e-13 -1.06617e-11 0.32369)
(-9.7573e-12 -1.3709e-11 0.265657)
(6.2648e-11 -5.0518e-11 0.236287)
(3.91007e-11 -3.32543e-11 0.294522)
(2.79035e-11 -2.43331e-11 0.32369)
(1.64267e-11 -2.06778e-11 0.32369)
(4.88078e-12 -1.99455e-11 0.294522)
(-2.86551e-12 -2.04747e-11 0.236287)
(1.05284e-10 -6.8429e-11 0.177321)
(5.34207e-11 -4.5197e-11 0.236287)
(3.55535e-11 -3.16932e-11 0.265657)
(2.31798e-11 -2.70345e-11 0.265657)
(1.35839e-11 -2.6403e-11 0.236287)
(6.35941e-12 -2.30781e-11 0.177321)
(-2.45503e-11 -2.66557e-11 0.177321)
(-2.32852e-11 -9.80713e-12 0.236287)
(-2.18586e-11 -8.85027e-12 0.265657)
(-2.08417e-11 -7.79591e-12 0.265657)
(-1.77316e-11 -1.25507e-11 0.236287)
(-3.576e-12 -1.56368e-11 0.177321)
(-2.47189e-11 1.3412e-11 0.236287)
(-1.96673e-11 1.21953e-11 0.294522)
(-1.86013e-11 1.02165e-11 0.32369)
(-1.83811e-11 7.73616e-12 0.32369)
(-1.65293e-11 4.05676e-12 0.294522)
(-4.44544e-12 9.07271e-13 0.236287)
(-2.07988e-11 2.70458e-11 0.265657)
(-1.83529e-11 2.13759e-11 0.32369)
(-1.80268e-11 1.80187e-11 0.352757)
(-1.74465e-11 1.53569e-11 0.352757)
(-1.57105e-11 1.26358e-11 0.32369)
(-4.62058e-12 1.04199e-11 0.265657)
(-3.27374e-11 3.84089e-11 0.265657)
(-2.41077e-11 2.89033e-11 0.32369)
(-2.13826e-11 2.39533e-11 0.352757)
(-1.93021e-11 2.12343e-11 0.352757)
(-1.62212e-11 1.88318e-11 0.32369)
(-1.82687e-12 1.75945e-11 0.265657)
(-4.57726e-11 5.9452e-11 0.236287)
(-3.47248e-11 3.79261e-11 0.294522)
(-2.90763e-11 2.85668e-11 0.32369)
(-2.39668e-11 2.47111e-11 0.32369)
(-1.88886e-11 2.35316e-11 0.294522)
(2.44245e-12 2.30001e-11 0.236287)
(-1.13235e-10 9.99394e-11 0.177321)
(-6.45809e-11 6.81077e-11 0.236287)
(-4.54463e-11 5.1214e-11 0.265657)
(-3.40649e-11 4.51709e-11 0.265657)
(-2.46248e-11 4.58102e-11 0.236287)
(6.91428e-12 4.29818e-11 0.177321)
(-9.13534e-12 2.10698e-11 0.177321)
(-1.13323e-11 1.36213e-11 0.236287)
(-1.8357e-11 1.23791e-11 0.265657)
(-2.29883e-11 9.85015e-12 0.265657)
(-2.65923e-11 3.69128e-12 0.236287)
(-1.67068e-11 -1.49419e-12 0.177321)
(-1.04231e-11 8.42469e-13 0.236287)
(-9.40665e-12 3.6412e-12 0.294522)
(-1.62992e-11 5.19703e-12 0.32369)
(-2.33333e-11 3.83977e-12 0.32369)
(-3.02376e-11 -1.01353e-12 0.294522)
(-2.60547e-11 -7.19652e-12 0.236287)
(-7.15929e-12 -1.76508e-11 0.265657)
(-5.53904e-12 -9.48642e-12 0.32369)
(-1.29892e-11 -4.84901e-12 0.352757)
(-2.09367e-11 -3.25181e-12 0.352757)
(-2.87892e-11 -4.92611e-12 0.32369)
(-2.55423e-11 -8.33733e-12 0.265657)
(1.6549e-12 -3.37433e-11 0.265657)
(-2.04832e-12 -2.17312e-11 0.32369)
(-9.85735e-12 -1.42703e-11 0.352757)
(-1.7748e-11 -1.02154e-11 0.352757)
(-2.55298e-11 -8.61148e-12 0.32369)
(-2.31564e-11 -9.30484e-12 0.265657)
(8.29567e-12 -5.55781e-11 0.236287)
(1.17285e-12 -3.56488e-11 0.294522)
(-6.41086e-12 -2.45995e-11 0.32369)
(-1.32964e-11 -1.81733e-11 0.32369)
(-2.02269e-11 -1.36428e-11 0.294522)
(-1.52252e-11 -1.13022e-11 0.236287)
(5.88135e-11 -5.25629e-11 0.177321)
(1.55238e-11 -3.10897e-11 0.236287)
(7.87074e-13 -1.7159e-11 0.265657)
(-6.96818e-12 -1.03749e-11 0.265657)
(-1.17914e-11 -4.8652e-12 0.236287)
(-3.20528e-12 -7.78902e-13 0.177321)
(-6.27424e-11 -3.20619e-11 0.177321)
(-5.78858e-11 -1.31073e-11 0.236287)
(-5.14646e-11 -1.84006e-11 0.265657)
(-4.18588e-11 -1.94916e-11 0.265657)
(-2.83472e-11 -2.45396e-11 0.236287)
(1.33387e-12 -2.26561e-11 0.177321)
(-8.98456e-11 2.20442e-11 0.236287)
(-6.41357e-11 1.62668e-11 0.294522)
(-5.49807e-11 8.09272e-12 0.32369)
(-4.39629e-11 2.54116e-12 0.32369)
(-3.22917e-11 -2.41558e-12 0.294522)
(-4.63409e-12 -2.77948e-12 0.236287)
(-8.90748e-11 3.29136e-11 0.265657)
(-6.39965e-11 2.45209e-11 0.32369)
(-5.55251e-11 1.8163e-11 0.352757)
(-4.45281e-11 1.3843e-11 0.352757)
(-3.3029e-11 1.03066e-11 0.32369)
(-5.63671e-12 9.56624e-12 0.265657)
(-9.98633e-11 4.40383e-11 0.265657)
(-6.93571e-11 3.29443e-11 0.32369)
(-5.99232e-11 2.76249e-11 0.352757)
(-4.7575e-11 2.42508e-11 0.352757)
(-3.52328e-11 2.21172e-11 0.32369)
(-4.73645e-12 2.03406e-11 0.265657)
(-1.05247e-10 6.46425e-11 0.236287)
(-7.83961e-11 4.16868e-11 0.294522)
(-6.79429e-11 3.42427e-11 0.32369)
(-5.39288e-11 3.15117e-11 0.32369)
(-3.96775e-11 3.10887e-11 0.294522)
(-2.30034e-12 2.86329e-11 0.236287)
(-1.54003e-10 1.35069e-10 0.177321)
(-1.01853e-10 8.89462e-11 0.236287)
(-8.14136e-11 7.1709e-11 0.265657)
(-6.30457e-11 6.19749e-11 0.265657)
(-4.47902e-11 5.98665e-11 0.236287)
(4.69184e-12 4.89931e-11 0.177321)
(2.57841e-11 1.75535e-11 0.177321)
(2.24974e-11 6.14044e-12 0.236287)
(2.43712e-11 5.54963e-12 0.265657)
(2.89648e-11 6.27583e-12 0.265657)
(3.36305e-11 1.37832e-11 0.236287)
(3.06462e-11 1.77144e-11 0.177321)
(2.48634e-11 2.65094e-12 0.236287)
(1.12057e-11 7.34166e-12 0.294522)
(1.28019e-11 8.58442e-12 0.32369)
(1.89941e-11 9.54884e-12 0.32369)
(2.48004e-11 1.26043e-11 0.294522)
(3.23051e-11 1.58925e-11 0.236287)
(1.24634e-11 1.53923e-11 0.265657)
(5.56702e-12 1.8054e-11 0.32369)
(9.30463e-12 1.75032e-11 0.352757)
(1.53885e-11 1.67306e-11 0.352757)
(1.93011e-11 1.61072e-11 0.32369)
(2.57663e-11 1.47999e-11 0.265657)
(2.37027e-11 3.23991e-11 0.265657)
(7.91289e-12 3.14273e-11 0.32369)
(8.4325e-12 2.94607e-11 0.352757)
(1.36543e-11 2.64905e-11 0.352757)
(1.63196e-11 2.30886e-11 0.32369)
(2.22748e-11 1.6841e-11 0.265657)
(2.4292e-11 3.60641e-11 0.236287)
(1.2213e-11 3.8646e-11 0.294522)
(1.08856e-11 3.70281e-11 0.32369)
(1.34952e-11 3.2205e-11 0.32369)
(1.50115e-11 2.64631e-11 0.294522)
(1.76312e-11 1.56168e-11 0.236287)
(1.09033e-10 9.93489e-11 0.177321)
(4.30872e-11 7.44979e-11 0.236287)
(2.6675e-11 6.15299e-11 0.265657)
(2.2214e-11 4.71748e-11 0.265657)
(2.08282e-11 3.70874e-11 0.236287)
(1.74631e-11 2.16627e-11 0.177321)
(1.96811e-11 -5.30894e-11 0.177321)
(3.68526e-11 -4.16505e-11 0.236287)
(5.25115e-11 -3.24378e-11 0.265657)
(5.88684e-11 -2.042e-11 0.265657)
(5.9836e-11 -2.82503e-12 0.236287)
(3.42047e-11 5.83022e-12 0.177321)
(1.26179e-11 -3.2426e-11 0.236287)
(2.81264e-11 -2.66003e-11 0.294522)
(4.5417e-11 -2.02949e-11 0.32369)
(5.68727e-11 -1.31792e-11 0.32369)
(6.49867e-11 -3.55637e-12 0.294522)
(5.39203e-11 3.09682e-12 0.236287)
(4.83127e-12 -2.63499e-12 0.265657)
(2.00211e-11 -4.08698e-13 0.32369)
(3.9969e-11 9.47098e-14 0.352757)
(5.42237e-11 9.97042e-13 0.352757)
(6.41241e-11 2.26109e-12 0.32369)
(5.75862e-11 1.68877e-12 0.265657)
(-1.80801e-12 2.51132e-11 0.265657)
(1.69502e-11 2.68141e-11 0.32369)
(3.78021e-11 2.23341e-11 0.352757)
(5.2863e-11 1.68175e-11 0.352757)
(6.37911e-11 1.03842e-11 0.32369)
(5.97868e-11 2.2646e-12 0.265657)
(1.66922e-11 5.95415e-11 0.236287)
(2.10379e-11 5.44844e-11 0.294522)
(3.8782e-11 4.26879e-11 0.32369)
(5.3138e-11 3.06793e-11 0.32369)
(6.41501e-11 1.58901e-11 0.294522)
(5.68842e-11 -4.06901e-13 0.236287)
(-4.48361e-11 6.69523e-13 0.177321)
(1.2272e-11 2.63857e-11 0.236287)
(3.93608e-11 2.29991e-11 0.265657)
(5.56507e-11 1.63575e-11 0.265657)
(6.3521e-11 -3.99417e-12 0.236287)
(4.25895e-11 -1.73494e-11 0.177321)
(4.81134e-11 1.08278e-13 0.177321)
(5.84651e-11 -2.82196e-11 0.236287)
(5.39696e-11 -2.88441e-11 0.265657)
(4.29861e-11 -3.27103e-11 0.265657)
(2.5278e-11 -3.63896e-11 0.236287)
(8.31429e-12 -4.12889e-11 0.177321)
(6.78263e-11 -2.68142e-11 0.236287)
(5.65023e-11 -2.90949e-11 0.294522)
(5.12554e-11 -2.61336e-11 0.32369)
(4.30902e-11 -2.53806e-11 0.32369)
(3.29979e-11 -2.54557e-11 0.294522)
(1.73832e-11 -2.80365e-11 0.236287)
(5.86294e-11 -2.32849e-11 0.265657)
(4.63262e-11 -2.14151e-11 0.32369)
(4.39917e-11 -2.07361e-11 0.352757)
(3.97448e-11 -2.1865e-11 0.352757)
(3.47703e-11 -2.47375e-11 0.32369)
(2.27882e-11 -2.92177e-11 0.265657)
(5.78766e-11 -1.55095e-11 0.265657)
(4.17341e-11 -1.37681e-11 0.32369)
(4.12954e-11 -1.44207e-11 0.352757)
(3.89743e-11 -1.81837e-11 0.352757)
(3.69445e-11 -2.38913e-11 0.32369)
(2.54309e-11 -2.9399e-11 0.265657)
(3.01826e-11 -2.29884e-11 0.236287)
(3.77944e-11 -1.04433e-11 0.294522)
(4.26602e-11 -7.55501e-12 0.32369)
(4.14194e-11 -1.30189e-11 0.32369)
(4.04193e-11 -2.17093e-11 0.294522)
(2.65929e-11 -2.77931e-11 0.236287)
(1.07715e-10 -7.66577e-12 0.177321)
(5.27732e-11 -1.55179e-11 0.236287)
(4.85328e-11 -1.17323e-11 0.265657)
(4.27818e-11 -1.77996e-11 0.265657)
(3.7669e-11 -2.59147e-11 0.236287)
(1.34774e-11 -2.44845e-11 0.177321)
(-1.07321e-11 -1.26663e-11 0.177321)
(-8.68224e-12 -1.00554e-12 0.236287)
(-3.18557e-12 -8.52089e-13 0.265657)
(-3.92058e-12 2.60175e-12 0.265657)
(-7.08158e-12 6.87748e-12 0.236287)
(-2.71038e-11 1.61743e-11 0.177321)
(2.38835e-12 -7.54424e-12 0.236287)
(6.17826e-12 -9.66279e-12 0.294522)
(8.87585e-12 -9.15835e-12 0.32369)
(7.62813e-12 -7.56193e-12 0.32369)
(4.65603e-12 -5.79489e-12 0.294522)
(-2.03006e-11 -1.98076e-12 0.236287)
(9.8242e-12 -8.29082e-12 0.265657)
(8.29454e-12 -9.55322e-12 0.32369)
(1.06917e-11 -9.14616e-12 0.352757)
(1.11768e-11 -8.73915e-12 0.352757)
(1.10477e-11 -8.9027e-12 0.32369)
(-1.07064e-11 -6.30773e-12 0.265657)
(2.09843e-12 -7.11322e-12 0.265657)
(4.54396e-12 -6.52858e-12 0.32369)
(9.38265e-12 -7.25287e-12 0.352757)
(1.17535e-11 -9.63265e-12 0.352757)
(1.4298e-11 -1.21361e-11 0.32369)
(-1.91441e-12 -1.02033e-11 0.265657)
(1.32789e-11 9.82681e-12 0.236287)
(-9.36122e-13 1.48959e-12 0.294522)
(4.84894e-12 -3.77889e-12 0.32369)
(9.62602e-12 -8.67853e-12 0.32369)
(1.35261e-11 -1.35037e-11 0.294522)
(3.09124e-14 -1.14268e-11 0.236287)
(-7.01101e-11 -3.13938e-11 0.177321)
(-3.11438e-11 -2.65562e-11 0.236287)
(-1.25369e-11 -3.01058e-11 0.265657)
(-2.04674e-12 -3.28557e-11 0.265657)
(4.16238e-12 -4.05615e-11 0.236287)
(-5.29023e-12 -3.9419e-11 0.177321)
(-3.23777e-12 3.60215e-11 0.177321)
(-2.55808e-12 1.58897e-11 0.236287)
(-6.89607e-12 5.05853e-12 0.265657)
(-1.34264e-11 -5.82317e-12 0.265657)
(-1.92941e-11 -1.86873e-11 0.236287)
(-1.68867e-11 -2.43604e-11 0.177321)
(5.49703e-12 1.28426e-11 0.236287)
(3.65404e-12 3.42593e-12 0.294522)
(-1.19303e-12 -2.70477e-12 0.32369)
(-9.65024e-12 -8.42391e-12 0.32369)
(-1.72732e-11 -1.42679e-11 0.294522)
(-2.28995e-11 -1.65783e-11 0.236287)
(8.02328e-12 -3.03584e-12 0.265657)
(4.81951e-12 -7.50543e-12 0.32369)
(-4.58877e-13 -1.02658e-11 0.352757)
(-8.13734e-12 -1.33213e-11 0.352757)
(-1.45905e-11 -1.62606e-11 0.32369)
(-2.2308e-11 -1.57248e-11 0.265657)
(1.09206e-11 -1.44434e-11 0.265657)
(2.552e-12 -1.78581e-11 0.32369)
(-2.37521e-12 -1.78986e-11 0.352757)
(-8.63996e-12 -1.88335e-11 0.352757)
(-1.30865e-11 -1.91975e-11 0.32369)
(-2.07136e-11 -1.56228e-11 0.265657)
(-1.55255e-11 -3.52134e-11 0.236287)
(-6.03897e-12 -2.86221e-11 0.294522)
(-6.35371e-12 -2.24245e-11 0.32369)
(-1.10812e-11 -2.05694e-11 0.32369)
(-1.4183e-11 -1.73946e-11 0.294522)
(-2.06712e-11 -1.0342e-11 0.236287)
(6.38005e-11 -1.55938e-12 0.177321)
(4.95755e-12 -2.2737e-11 0.236287)
(-7.23053e-12 -1.99794e-11 0.265657)
(-1.54183e-11 -2.14666e-11 0.265657)
(-1.86846e-11 -1.68885e-11 0.236287)
(-2.1998e-11 -9.53096e-12 0.177321)
(-5.59395e-11 9.06973e-12 0.177321)
(-5.94901e-11 3.43284e-11 0.236287)
(-5.30009e-11 3.082e-11 0.265657)
(-4.57228e-11 3.00638e-11 0.265657)
(-3.37682e-11 2.87919e-11 0.236287)
(-3.32283e-11 3.21452e-11 0.177321)
(-7.03989e-11 3.26621e-11 0.236287)
(-5.08454e-11 3.12592e-11 0.294522)
(-4.39121e-11 2.61096e-11 0.32369)
(-3.90268e-11 2.34461e-11 0.32369)
(-3.31571e-11 2.26961e-11 0.294522)
(-3.67775e-11 2.57671e-11 0.236287)
(-5.8775e-11 2.49115e-11 0.265657)
(-4.03338e-11 2.18403e-11 0.32369)
(-3.57162e-11 2.05255e-11 0.352757)
(-3.34748e-11 2.11784e-11 0.352757)
(-3.04488e-11 2.39965e-11 0.32369)
(-3.56244e-11 3.05585e-11 0.265657)
(-5.92969e-11 1.51977e-11 0.265657)
(-3.73151e-11 1.44273e-11 0.32369)
(-3.28371e-11 1.56003e-11 0.352757)
(-3.09767e-11 1.87564e-11 0.352757)
(-2.9426e-11 2.48356e-11 0.32369)
(-3.14678e-11 3.39686e-11 0.265657)
(-3.37983e-11 2.33914e-11 0.236287)
(-3.60403e-11 1.35059e-11 0.294522)
(-3.45541e-11 1.27626e-11 0.32369)
(-3.23411e-11 1.78308e-11 0.32369)
(-3.09546e-11 2.71945e-11 0.294522)
(-2.76431e-11 3.79112e-11 0.236287)
(-1.03572e-10 -1.47239e-12 0.177321)
(-5.32263e-11 6.25171e-12 0.236287)
(-4.1988e-11 9.52989e-12 0.265657)
(-3.52713e-11 1.94845e-11 0.265657)
(-3.14885e-11 3.51492e-11 0.236287)
(-1.4863e-11 4.14663e-11 0.177321)
(1.00917e-11 1.70349e-11 0.177321)
(-2.07529e-12 1.23224e-11 0.236287)
(-1.47016e-11 9.71517e-12 0.265657)
(-2.07481e-11 9.19968e-13 0.265657)
(-2.3268e-11 -1.20589e-11 0.236287)
(-1.23432e-11 -2.3692e-11 0.177321)
(5.5229e-12 1.0711e-11 0.236287)
(-8.42091e-12 1.3244e-11 0.294522)
(-1.9537e-11 1.02997e-11 0.32369)
(-2.65485e-11 4.3872e-12 0.32369)
(-3.05653e-11 -2.53938e-12 0.294522)
(-2.19283e-11 -8.6987e-12 0.236287)
(2.48029e-12 4.38044e-12 0.265657)
(-8.48274e-12 4.19409e-12 0.32369)
(-1.91902e-11 1.80917e-12 0.352757)
(-2.73375e-11 -9.49339e-13 0.352757)
(-3.20523e-11 -2.63966e-12 0.32369)
(-2.51724e-11 -5.41687e-12 0.265657)
(5.62333e-12 -2.8789e-12 0.265657)
(-8.47471e-12 -7.16917e-12 0.32369)
(-1.92945e-11 -7.67993e-12 0.352757)
(-2.70714e-11 -6.69931e-12 0.352757)
(-3.16525e-11 -3.90268e-12 0.32369)
(-2.43841e-11 -3.91313e-12 0.265657)
(-1.54135e-11 -2.18079e-11 0.236287)
(-1.1977e-11 -2.06417e-11 0.294522)
(-2.02192e-11 -1.67911e-11 0.32369)
(-2.62471e-11 -1.21682e-11 0.32369)
(-2.90867e-11 -5.97365e-12 0.294522)
(-1.82237e-11 -5.02279e-12 0.236287)
(5.39915e-11 1.83775e-11 0.177321)
(3.14987e-12 -3.87178e-12 0.236287)
(-1.34161e-11 -3.51147e-12 0.265657)
(-2.12155e-11 -3.54123e-12 0.265657)
(-2.12768e-11 2.44703e-12 0.236287)
(-3.85672e-12 7.10981e-13 0.177321)
(-2.94142e-11 -2.22866e-11 0.177321)
(-3.64576e-11 3.64974e-12 0.236287)
(-3.94415e-11 8.41749e-12 0.265657)
(-3.79679e-11 9.67518e-12 0.265657)
(-3.19301e-11 7.20504e-12 0.236287)
(-2.29351e-11 6.33987e-12 0.177321)
(-3.95038e-11 3.88191e-12 0.236287)
(-3.77153e-11 1.00918e-11 0.294522)
(-4.13715e-11 1.01254e-11 0.32369)
(-4.03548e-11 8.19626e-12 0.32369)
(-3.64167e-11 5.38919e-12 0.294522)
(-2.81098e-11 3.47041e-12 0.236287)
(-3.69832e-11 4.6204e-12 0.265657)
(-3.58454e-11 5.48147e-12 0.32369)
(-3.95282e-11 4.65436e-12 0.352757)
(-3.94461e-11 3.74097e-12 0.352757)
(-3.61874e-11 3.46221e-12 0.32369)
(-2.52043e-11 3.26176e-12 0.265657)
(-4.42811e-11 2.27932e-12 0.265657)
(-3.72909e-11 4.45157e-13 0.32369)
(-3.95842e-11 -1.3239e-12 0.352757)
(-3.84162e-11 -9.55113e-13 0.352757)
(-3.41079e-11 7.34232e-13 0.32369)
(-1.82248e-11 1.4628e-12 0.265657)
(-2.7924e-11 1.51878e-11 0.236287)
(-3.88706e-11 -3.20756e-13 0.294522)
(-4.21293e-11 -7.23999e-12 0.32369)
(-3.82727e-11 -7.1473e-12 0.32369)
(-3.0265e-11 -5.04796e-12 0.294522)
(-5.3882e-12 -4.58562e-12 0.236287)
(-1.17244e-10 -1.85716e-12 0.177321)
(-6.22937e-11 -1.86458e-12 0.236287)
(-4.96529e-11 -9.65276e-12 0.265657)
(-3.77917e-11 -1.08699e-11 0.265657)
(-2.44625e-11 -1.37156e-11 0.236287)
(8.25206e-12 -1.53808e-11 0.177321)
(-5.23291e-12 8.7485e-12 0.177321)
(-8.47948e-12 -2.46881e-12 0.236287)
(-2.15999e-11 -6.20955e-12 0.265657)
(-2.89787e-11 -1.74778e-11 0.265657)
(-3.45914e-11 -3.58193e-11 0.236287)
(-2.45221e-12 -5.18142e-11 0.177321)
(-6.05497e-12 3.72945e-12 0.236287)
(-1.56443e-11 3.56216e-12 0.294522)
(-3.01207e-11 1.04937e-12 0.32369)
(-3.88885e-11 -5.44652e-12 0.32369)
(-4.44021e-11 -1.47286e-11 0.294522)
(-1.55583e-11 -2.31553e-11 0.236287)
(-8.96523e-12 -5.23462e-12 0.265657)
(-1.96372e-11 -4.47173e-12 0.32369)
(-3.39525e-11 -6.21e-12 0.352757)
(-4.23903e-11 -9.49126e-12 0.352757)
(-4.71671e-11 -1.33175e-11 0.32369)
(-1.69626e-11 -1.75268e-11 0.265657)
(-8.34894e-12 -1.16881e-11 0.265657)
(-2.15913e-11 -1.43642e-11 0.32369)
(-3.54831e-11 -1.48828e-11 0.352757)
(-4.2603e-11 -1.48349e-11 0.352757)
(-4.56872e-11 -1.38034e-11 0.32369)
(-1.5541e-11 -1.35029e-11 0.265657)
(-3.31628e-11 -3.09202e-11 0.236287)
(-2.55138e-11 -2.90774e-11 0.294522)
(-3.48716e-11 -2.5817e-11 0.32369)
(-3.90855e-11 -2.22275e-11 0.32369)
(-3.9514e-11 -1.71542e-11 0.294522)
(-4.31273e-12 -1.24123e-11 0.236287)
(2.46704e-11 2.9608e-11 0.177321)
(-1.15022e-11 9.60284e-12 0.236287)
(-2.51204e-11 8.207e-12 0.265657)
(-3.03398e-11 5.83218e-12 0.265657)
(-3.02549e-11 1.2939e-11 0.236287)
(7.97385e-12 2.10529e-11 0.177321)
(-9.34058e-11 -3.82942e-11 0.177321)
(-9.57491e-11 -1.84614e-11 0.236287)
(-9.28628e-11 -2.30037e-11 0.265657)
(-7.81565e-11 -2.20043e-11 0.265657)
(-5.86217e-11 -2.60734e-11 0.236287)
(-4.00478e-11 -1.75878e-11 0.177321)
(-1.34555e-10 -1.47373e-12 0.236287)
(-1.05776e-10 -2.81566e-12 0.294522)
(-9.7352e-11 -7.51052e-12 0.32369)
(-8.04642e-11 -9.97271e-12 0.32369)
(-6.29594e-11 -1.29316e-11 0.294522)
(-4.88135e-11 -1.20038e-11 0.236287)
(-1.347e-10 -6.80715e-12 0.265657)
(-1.03952e-10 -4.35659e-12 0.32369)
(-9.44496e-11 -3.02465e-12 0.352757)
(-7.73513e-11 -1.00083e-12 0.352757)
(-6.03809e-11 4.6844e-13 0.32369)
(-4.59074e-11 2.64612e-12 0.265657)
(-1.39579e-10 -8.24767e-12 0.265657)
(-1.02307e-10 -1.09393e-12 0.32369)
(-9.10042e-11 3.7451e-12 0.352757)
(-7.26921e-11 9.45526e-12 0.352757)
(-5.59398e-11 1.42876e-11 0.32369)
(-3.49446e-11 1.71964e-11 0.265657)
(-1.17497e-10 1.08509e-12 0.236287)
(-9.69932e-11 2.07587e-12 0.294522)
(-8.60042e-11 6.23346e-12 0.32369)
(-6.7232e-11 1.44714e-11 0.32369)
(-5.05189e-11 2.19049e-11 0.294522)
(-2.06649e-11 2.51308e-11 0.236287)
(-1.83162e-10 7.11811e-12 0.177321)
(-1.04254e-10 2.99342e-11 0.236287)
(-8.08414e-11 3.32569e-11 0.265657)
(-5.79673e-11 4.17666e-11 0.265657)
(-4.05376e-11 5.17793e-11 0.236287)
(4.57761e-12 4.99513e-11 0.177321)
(7.69035e-11 -8.6322e-11 0.177321)
(8.63333e-11 -8.23892e-11 0.236287)
(8.58645e-11 -7.28002e-11 0.265657)
(7.95027e-11 -6.14701e-11 0.265657)
(6.34253e-11 -5.52542e-11 0.236287)
(6.73428e-11 -4.59797e-11 0.177321)
(6.8544e-11 -9.06302e-11 0.236287)
(5.96304e-11 -8.0477e-11 0.294522)
(6.31807e-11 -7.08694e-11 0.32369)
(6.04472e-11 -6.55425e-11 0.32369)
(4.90212e-11 -6.39714e-11 0.294522)
(5.93192e-11 -6.23142e-11 0.236287)
(3.82172e-11 -7.78641e-11 0.265657)
(4.18115e-11 -7.51146e-11 0.32369)
(5.12137e-11 -7.02489e-11 0.352757)
(5.27719e-11 -7.13475e-11 0.352757)
(4.44547e-11 -7.70906e-11 0.32369)
(6.01462e-11 -8.9474e-11 0.265657)
(2.61853e-11 -6.78495e-11 0.265657)
(3.31369e-11 -7.23242e-11 0.32369)
(4.80068e-11 -6.81467e-11 0.352757)
(5.04483e-11 -7.43356e-11 0.352757)
(4.28217e-11 -8.59997e-11 0.32369)
(6.13076e-11 -1.16895e-10 0.265657)
(1.29909e-12 -7.72383e-11 0.236287)
(3.51193e-11 -8.52007e-11 0.294522)
(5.49327e-11 -6.87069e-11 0.32369)
(5.61091e-11 -7.97151e-11 0.32369)
(4.26256e-11 -9.34226e-11 0.294522)
(6.32331e-11 -1.51031e-10 0.236287)
(6.5988e-11 -1.21105e-10 0.177321)
(6.80332e-11 -1.51022e-10 0.236287)
(8.72699e-11 -7.0902e-11 0.265657)
(7.35275e-11 -9.07644e-11 0.265657)
(3.78975e-11 -8.39008e-11 0.236287)
(4.61377e-11 -2.20281e-10 0.177321)
(-1.83978e-11 5.35623e-11 0.177321)
(-4.12472e-12 2.47086e-11 0.236287)
(1.26289e-13 1.33928e-11 0.265657)
(4.64554e-12 1.33964e-11 0.265657)
(8.22581e-12 2.1181e-11 0.236287)
(9.21887e-12 2.58047e-11 0.177321)
(-1.73765e-11 1.86662e-11 0.236287)
(-7.08736e-12 3.8256e-12 0.294522)
(-5.0262e-12 1.0189e-12 0.32369)
(-1.2158e-12 2.50851e-12 0.32369)
(2.9162e-12 7.32311e-12 0.294522)
(5.83931e-12 1.65766e-11 0.236287)
(-2.28703e-11 1.14522e-11 0.265657)
(-1.4578e-11 -2.58509e-12 0.32369)
(-1.0353e-11 -3.94687e-12 0.352757)
(-5.065e-12 -2.54563e-12 0.352757)
(-1.0482e-12 1.78647e-12 0.32369)
(4.0511e-13 1.07582e-11 0.265657)
(-3.30305e-11 4.37887e-12 0.265657)
(-1.82829e-11 -8.6986e-12 0.32369)
(-9.2404e-12 -8.71324e-12 0.352757)
(-1.94163e-12 -5.58099e-12 0.352757)
(1.09725e-12 2.26461e-13 0.32369)
(-2.12529e-12 1.1303e-11 0.265657)
(-1.39366e-11 1.64986e-11 0.236287)
(-1.20959e-11 -9.43229e-12 0.294522)
(4.60193e-14 -1.27304e-11 0.32369)
(9.84896e-12 -6.33292e-12 0.32369)
(1.03952e-11 1.26427e-12 0.294522)
(1.08708e-12 2.01718e-11 0.236287)
(-8.5999e-11 -2.34693e-11 0.177321)
(-2.43e-11 -3.28832e-11 0.236287)
(6.66286e-12 -3.18608e-11 0.265657)
(2.28919e-11 5.02346e-12 0.265657)
(2.10668e-11 1.77881e-11 0.236287)
(-6.9711e-12 5.74553e-11 0.177321)
(4.01771e-11 -2.67351e-11 0.177321)
(4.30705e-11 1.08905e-12 0.236287)
(4.13258e-11 1.65375e-11 0.265657)
(3.32043e-11 2.46866e-11 0.265657)
(1.66087e-11 2.19903e-11 0.236287)
(3.76729e-11 1.2841e-12 0.177321)
(5.75813e-11 7.12968e-12 0.236287)
(5.24771e-11 1.30145e-11 0.294522)
(4.36097e-11 1.8887e-11 0.32369)
(3.0078e-11 2.38151e-11 0.32369)
(1.07176e-11 2.79947e-11 0.294522)
(3.64564e-11 2.9862e-11 0.236287)
(6.55668e-11 1.73698e-11 0.265657)
(5.34069e-11 1.24412e-11 0.32369)
(4.1003e-11 1.14267e-11 0.352757)
(2.48989e-11 1.19595e-11 0.352757)
(3.62963e-12 1.54018e-11 0.32369)
(2.95208e-11 2.23258e-11 0.265657)
(7.29264e-11 3.02894e-11 0.265657)
(5.44594e-11 1.12249e-11 0.32369)
(4.00486e-11 2.95082e-12 0.352757)
(2.36996e-11 -8.12379e-13 0.352757)
(1.32935e-12 1.86912e-12 0.32369)
(2.62607e-11 1.01056e-11 0.265657)
(5.31888e-11 3.29947e-11 0.236287)
(5.29634e-11 7.11541e-12 0.294522)
(4.12911e-11 -5.87904e-12 0.32369)
(2.55752e-11 -1.54701e-11 0.32369)
(1.15928e-12 -1.35081e-11 0.294522)
(3.13632e-11 -6.57708e-12 0.236287)
(9.77206e-11 1.1107e-10 0.177321)
(6.10086e-11 5.26458e-11 0.236287)
(3.90721e-11 2.78966e-11 0.265657)
(1.88972e-11 4.37162e-12 0.265657)
(-4.06922e-12 1.63997e-11 0.236287)
(4.36552e-11 1.39268e-11 0.177321)
(-3.19097e-11 3.74808e-11 0.177321)
(-2.32046e-11 3.39725e-11 0.236287)
(-1.46927e-11 3.54143e-11 0.265657)
(-3.91553e-12 3.72673e-11 0.265657)
(-7.6505e-13 3.38575e-11 0.236287)
(3.19767e-11 1.43374e-11 0.177321)
(-2.30063e-11 6.06376e-11 0.236287)
(-1.0457e-11 5.62575e-11 0.294522)
(-5.04081e-12 5.60327e-11 0.32369)
(1.33148e-12 6.00627e-11 0.32369)
(-7.60034e-13 6.52599e-11 0.294522)
(3.21299e-11 6.48232e-11 0.236287)
(-6.65242e-12 7.62588e-11 0.265657)
(-2.97803e-14 6.9134e-11 0.32369)
(1.35281e-12 6.84744e-11 0.352757)
(2.73534e-12 7.46828e-11 0.352757)
(-5.36847e-12 8.55324e-11 0.32369)
(2.21198e-11 9.70061e-11 0.265657)
(-5.85804e-13 9.46987e-11 0.265657)
(9.43666e-12 8.60673e-11 0.32369)
(9.55382e-12 8.40969e-11 0.352757)
(7.02702e-12 9.39581e-11 0.352757)
(-8.00246e-12 1.10686e-10 0.32369)
(4.46977e-12 1.34267e-10 0.265657)
(1.95165e-11 1.18389e-10 0.236287)
(2.10112e-11 9.68802e-11 0.294522)
(2.34018e-11 9.34384e-11 0.32369)
(1.74784e-11 1.10915e-10 0.32369)
(-4.42858e-12 1.312e-10 0.294522)
(-8.25082e-12 1.74421e-10 0.236287)
(-8.72104e-11 1.65516e-10 0.177321)
(7.81882e-12 1.37615e-10 0.236287)
(3.81883e-11 1.41805e-10 0.265657)
(2.96135e-11 1.89027e-10 0.265657)
(8.59918e-12 2.11134e-10 0.236287)
(-3.70362e-12 3.29063e-10 0.177321)
(-2.85747e-11 -4.60621e-11 0.177321)
(-3.6079e-11 -2.52257e-11 0.236287)
(-3.04365e-11 -2.55453e-11 0.265657)
(-2.07413e-11 -2.39723e-11 0.265657)
(-1.7329e-11 -3.00755e-11 0.236287)
(1.96735e-12 -3.97803e-11 0.177321)
(-4.25813e-11 -2.42928e-12 0.236287)
(-3.53522e-11 2.27452e-12 0.294522)
(-2.58618e-11 1.30204e-12 0.32369)
(-1.37788e-11 2.05199e-12 0.32369)
(-1.0389e-11 1.70065e-13 0.294522)
(7.86735e-12 -8.60031e-12 0.236287)
(-4.34134e-11 8.63074e-12 0.265657)
(-3.03869e-11 1.43252e-11 0.32369)
(-2.09331e-11 1.55214e-11 0.352757)
(-1.03941e-11 1.78443e-11 0.352757)
(-7.78588e-12 1.93944e-11 0.32369)
(1.33921e-11 1.44208e-11 0.265657)
(-4.12835e-11 2.18133e-11 0.265657)
(-2.66663e-11 2.76377e-11 0.32369)
(-1.75157e-11 2.98508e-11 0.352757)
(-9.01597e-12 3.41502e-11 0.352757)
(-7.74161e-12 3.73544e-11 0.32369)
(1.39417e-11 3.28712e-11 0.265657)
(-6.61009e-11 5.80079e-12 0.236287)
(-3.08733e-11 2.10233e-11 0.294522)
(-1.58011e-11 2.93744e-11 0.32369)
(-8.50075e-12 3.69112e-11 0.32369)
(-6.67448e-12 3.79246e-11 0.294522)
(2.27516e-11 3.03371e-11 0.236287)
(-3.33889e-11 4.21599e-11 0.177321)
(-3.18521e-11 3.2247e-11 0.236287)
(-1.80765e-11 4.60912e-11 0.265657)
(-1.2712e-11 5.23473e-11 0.265657)
(-3.92048e-12 4.63468e-11 0.236287)
(4.46394e-11 3.07431e-11 0.177321)
(-3.77737e-11 -1.10787e-12 0.177321)
(-3.07601e-11 -8.46289e-12 0.236287)
(-2.38584e-11 -1.15046e-11 0.265657)
(-1.13179e-11 -1.41505e-11 0.265657)
(-4.31044e-12 -2.04978e-11 0.236287)
(3.67755e-11 -2.68525e-11 0.177321)
(-5.62167e-11 2.51486e-11 0.236287)
(-3.80634e-11 2.29353e-11 0.294522)
(-2.6336e-11 1.91181e-11 0.32369)
(-1.17682e-11 1.55308e-11 0.32369)
(-4.5259e-12 1.02797e-11 0.294522)
(3.6811e-11 2.8734e-12 0.236287)
(-5.77768e-11 4.01927e-11 0.265657)
(-3.79619e-11 4.00576e-11 0.32369)
(-2.60103e-11 3.68814e-11 0.352757)
(-1.23777e-11 3.39465e-11 0.352757)
(-5.51616e-12 2.94355e-11 0.32369)
(3.75523e-11 1.9178e-11 0.265657)
(-6.79877e-11 5.30458e-11 0.265657)
(-4.13024e-11 5.5939e-11 0.32369)
(-2.89388e-11 5.3166e-11 0.352757)
(-1.63125e-11 5.0771e-11 0.352757)
(-9.32883e-12 4.58754e-11 0.32369)
(3.61914e-11 3.11699e-11 0.265657)
(-6.366e-11 6.37817e-11 0.236287)
(-4.83939e-11 5.79889e-11 0.294522)
(-3.66931e-11 5.35861e-11 0.32369)
(-2.3319e-11 5.21052e-11 0.32369)
(-1.47319e-11 4.58945e-11 0.294522)
(3.98607e-11 2.78059e-11 0.236287)
(-1.53327e-10 7.05041e-11 0.177321)
(-7.6921e-11 8.3305e-11 0.236287)
(-5.39613e-11 8.37476e-11 0.265657)
(-3.49782e-11 8.53794e-11 0.265657)
(-2.13883e-11 8.12334e-11 0.236287)
(4.25215e-11 6.6877e-11 0.177321)
(-1.07081e-11 -4.91841e-11 0.177321)
(-1.67371e-11 -3.18146e-11 0.236287)
(-1.6985e-11 -2.89791e-11 0.265657)
(-1.13244e-11 -2.62647e-11 0.265657)
(-9.83483e-12 -2.92525e-11 0.236287)
(1.16048e-11 -3.5052e-11 0.177321)
(-2.62546e-11 -1.165e-11 0.236287)
(-2.49797e-11 -4.3576e-12 0.294522)
(-2.13163e-11 -3.55292e-12 0.32369)
(-1.15481e-11 -4.33592e-12 0.32369)
(-8.32083e-12 -8.3851e-12 0.294522)
(1.44444e-11 -1.49862e-11 0.236287)
(-3.46009e-11 2.62242e-12 0.265657)
(-2.84502e-11 1.1028e-11 0.32369)
(-2.20687e-11 1.26526e-11 0.352757)
(-1.06929e-11 1.13192e-11 0.352757)
(-6.41501e-12 6.55769e-12 0.32369)
(1.9581e-11 -3.54422e-12 0.265657)
(-3.9174e-11 1.66214e-11 0.265657)
(-3.16011e-11 2.41682e-11 0.32369)
(-2.42586e-11 2.72087e-11 0.352757)
(-1.20572e-11 2.58489e-11 0.352757)
(-5.98001e-12 1.95309e-11 0.32369)
(2.55007e-11 5.2256e-12 0.265657)
(-6.13715e-11 8.31389e-12 0.236287)
(-3.85752e-11 1.71995e-11 0.294522)
(-2.86161e-11 2.24635e-11 0.32369)
(-1.50233e-11 2.19785e-11 0.32369)
(-6.58749e-12 1.47884e-11 0.294522)
(3.3419e-11 3.98238e-13 0.236287)
(-3.47293e-11 4.97307e-11 0.177321)
(-3.4321e-11 4.04254e-11 0.236287)
(-2.89081e-11 4.66847e-11 0.265657)
(-1.60594e-11 4.00373e-11 0.265657)
(-4.43484e-12 3.0808e-11 0.236287)
(4.29283e-11 1.9823e-11 0.177321)
(-2.3261e-11 -1.05971e-11 0.177321)
(-1.27127e-11 -2.01692e-11 0.236287)
(-8.38386e-12 -2.05199e-11 0.265657)
(1.31501e-13 -2.13842e-11 0.265657)
(3.80849e-12 -2.44523e-11 0.236287)
(4.11829e-11 -3.15776e-11 0.177321)
(-3.34727e-11 1.04117e-11 0.236287)
(-2.22166e-11 8.14864e-12 0.294522)
(-1.51051e-11 6.58773e-12 0.32369)
(-3.82744e-12 3.54546e-12 0.32369)
(1.37e-12 -1.09798e-12 0.294522)
(4.20164e-11 -5.40507e-12 0.236287)
(-3.8665e-11 2.76795e-11 0.265657)
(-2.90167e-11 2.67935e-11 0.32369)
(-2.00454e-11 2.40332e-11 0.352757)
(-7.21826e-12 1.91777e-11 0.352757)
(-3.40154e-13 1.22015e-11 0.32369)
(4.23844e-11 3.78225e-12 0.265657)
(-5.44229e-11 4.23964e-11 0.265657)
(-3.81598e-11 4.28303e-11 0.32369)
(-2.72307e-11 3.89662e-11 0.352757)
(-1.17611e-11 3.30829e-11 0.352757)
(-2.93202e-12 2.46641e-11 0.32369)
(4.21198e-11 1.2284e-11 0.265657)
(-4.98405e-11 5.91693e-11 0.236287)
(-4.56049e-11 4.73076e-11 0.294522)
(-3.571e-11 3.8406e-11 0.32369)
(-1.75789e-11 3.19307e-11 0.32369)
(-6.50159e-12 2.2623e-11 0.294522)
(4.30804e-11 1.10817e-11 0.236287)
(-1.50339e-10 6.16403e-11 0.177321)
(-7.10778e-11 7.17157e-11 0.236287)
(-4.64322e-11 6.38749e-11 0.265657)
(-2.22685e-11 6.05331e-11 0.265657)
(-9.26763e-12 5.62007e-11 0.236287)
(4.53331e-11 5.18903e-11 0.177321)
(-1.8376e-11 -3.06821e-11 0.177321)
(-2.67584e-11 -1.39516e-11 0.236287)
(-2.5489e-11 -1.60925e-11 0.265657)
(-1.9929e-11 -1.62173e-11 0.265657)
(-1.83238e-11 -2.33498e-11 0.236287)
(1.32556e-11 -3.51983e-11 0.177321)
(-3.45699e-11 6.03068e-12 0.236287)
(-3.36622e-11 8.30907e-12 0.294522)
(-3.05005e-11 6.36234e-12 0.32369)
(-2.19513e-11 3.5012e-12 0.32369)
(-1.98151e-11 -1.46621e-12 0.294522)
(1.27507e-11 -7.52837e-12 0.236287)
(-3.93293e-11 1.56201e-11 0.265657)
(-3.77037e-11 1.96118e-11 0.32369)
(-3.35813e-11 1.97449e-11 0.352757)
(-2.37753e-11 1.71367e-11 0.352757)
(-2.04475e-11 1.21175e-11 0.32369)
(1.40562e-11 6.17756e-12 0.265657)
(-4.86073e-11 2.62851e-11 0.265657)
(-4.32799e-11 2.95682e-11 0.32369)
(-3.75025e-11 3.04846e-11 0.352757)
(-2.51289e-11 2.88719e-11 0.352757)
(-2.08177e-11 2.53058e-11 0.32369)
(1.71959e-11 1.82319e-11 0.265657)
(-7.24825e-11 2.2207e-11 0.236287)
(-4.93743e-11 2.29681e-11 0.294522)
(-4.00052e-11 2.40775e-11 0.32369)
(-2.547e-11 2.33552e-11 0.32369)
(-2.06888e-11 2.07789e-11 0.294522)
(2.35473e-11 1.62022e-11 0.236287)
(-9.52965e-11 6.24393e-11 0.177321)
(-5.28764e-11 5.17036e-11 0.236287)
(-3.87819e-11 5.29865e-11 0.265657)
(-2.35768e-11 5.31278e-11 0.265657)
(-1.84269e-11 5.74636e-11 0.236287)
(3.83087e-11 6.02935e-11 0.177321)
(-3.92883e-11 -4.08821e-11 0.177321)
(-2.65782e-11 -4.35934e-11 0.236287)
(-2.09521e-11 -4.52918e-11 0.265657)
(-8.51157e-12 -4.81962e-11 0.265657)
(-2.09124e-12 -5.88195e-11 0.236287)
(6.68433e-11 -6.71039e-11 0.177321)
(-6.11666e-11 6.22421e-12 0.236287)
(-3.98546e-11 1.86523e-12 0.294522)
(-3.10005e-11 -3.82519e-12 0.32369)
(-1.50025e-11 -1.01076e-11 0.32369)
(-5.06753e-12 -1.73312e-11 0.294522)
(6.67966e-11 -2.12302e-11 0.236287)
(-6.75679e-11 2.41999e-11 0.265657)
(-4.88169e-11 2.02916e-11 0.32369)
(-3.91899e-11 1.40471e-11 0.352757)
(-2.06065e-11 6.56149e-12 0.352757)
(-6.92397e-12 -1.62922e-12 0.32369)
(7.08323e-11 -8.69409e-12 0.265657)
(-9.03318e-11 4.07249e-11 0.265657)
(-6.26063e-11 3.75251e-11 0.32369)
(-4.97049e-11 3.02789e-11 0.352757)
(-2.7023e-11 2.26871e-11 0.352757)
(-1.05949e-11 1.43691e-11 0.32369)
(6.94416e-11 2.67921e-12 0.265657)
(-9.52835e-11 5.88461e-11 0.236287)
(-7.40242e-11 4.28614e-11 0.294522)
(-5.96631e-11 3.09292e-11 0.32369)
(-3.26419e-11 2.31419e-11 0.32369)
(-1.42503e-11 1.49754e-11 0.294522)
(7.33141e-11 3.32377e-12 0.236287)
(-2.13901e-10 8.96956e-11 0.177321)
(-1.06786e-10 9.26216e-11 0.236287)
(-7.32836e-11 8.1814e-11 0.265657)
(-3.91972e-11 7.87331e-11 0.265657)
(-1.81746e-11 7.7887e-11 0.236287)
(7.74205e-11 7.16719e-11 0.177321)
(1.88184e-11 2.61015e-12 0.177321)
(-7.22517e-12 2.52135e-11 0.236287)
(-1.59084e-11 2.28401e-11 0.265657)
(-1.66941e-11 2.18786e-11 0.265657)
(-2.56334e-11 1.01793e-11 0.236287)
(-3.92606e-12 -1.43053e-11 0.177321)
(8.00956e-12 1.17327e-11 0.236287)
(-1.2259e-11 1.92781e-11 0.294522)
(-2.23783e-11 1.69537e-11 0.32369)
(-2.35374e-11 1.24587e-11 0.32369)
(-3.43597e-11 3.67196e-12 0.294522)
(-1.52198e-11 -6.36505e-12 0.236287)
(2.52386e-12 1.75526e-11 0.265657)
(-1.74801e-11 1.96356e-11 0.32369)
(-2.81957e-11 1.62385e-11 0.352757)
(-2.83762e-11 1.10913e-11 0.352757)
(-3.75757e-11 4.67854e-12 0.32369)
(-1.13505e-11 -2.71011e-13 0.265657)
(-1.31519e-11 2.84123e-11 0.265657)
(-2.87705e-11 2.40686e-11 0.32369)
(-3.65327e-11 1.83971e-11 0.352757)
(-3.28809e-11 1.34086e-11 0.352757)
(-3.92831e-11 1.02529e-11 0.32369)
(-1.32784e-11 8.41569e-12 0.265657)
(-3.83403e-11 3.5335e-11 0.236287)
(-4.12115e-11 1.50751e-11 0.294522)
(-4.27511e-11 5.12938e-12 0.32369)
(-3.32824e-11 8.34849e-13 0.32369)
(-3.63272e-11 1.75976e-12 0.294522)
(5.06131e-13 6.00964e-12 0.236287)
(-1.32605e-10 6.69495e-11 0.177321)
(-6.67098e-11 4.14587e-11 0.236287)
(-4.86065e-11 3.43064e-11 0.265657)
(-3.05785e-11 3.20359e-11 0.265657)
(-2.82506e-11 4.4035e-11 0.236287)
(1.69939e-11 5.894e-11 0.177321)
(-1.53384e-10 -2.16469e-10 0.177321)
(-9.55342e-11 -2.31548e-10 0.236287)
(-6.18118e-11 -2.12449e-10 0.265657)
(-9.98683e-12 -2.13918e-10 0.265657)
(2.17175e-11 -1.96958e-10 0.236287)
(1.41626e-10 -1.61188e-10 0.177321)
(-2.12245e-10 -6.1093e-11 0.236287)
(-1.28445e-10 -7.82539e-11 0.294522)
(-7.35934e-11 -8.61465e-11 0.32369)
(-1.35326e-12 -8.74054e-11 0.32369)
(5.11476e-11 -7.56902e-11 0.294522)
(1.82725e-10 -4.79681e-11 0.236287)
(-2.25003e-10 6.48616e-12 0.265657)
(-1.42246e-10 1.88576e-12 0.32369)
(-8.10658e-11 -4.52281e-12 0.352757)
(3.77487e-12 -8.23411e-12 0.352757)
(6.85692e-11 -6.50708e-12 0.32369)
(2.24047e-10 2.49426e-13 0.265657)
(-2.50039e-10 7.90134e-11 0.265657)
(-1.55641e-10 9.01298e-11 0.32369)
(-8.93517e-11 8.72902e-11 0.352757)
(-1.77684e-12 8.2161e-11 0.352757)
(6.43054e-11 7.65245e-11 0.32369)
(2.12113e-10 6.53705e-11 0.265657)
(-2.31966e-10 1.43183e-10 0.236287)
(-1.50933e-10 1.57377e-10 0.294522)
(-9.22002e-11 1.54827e-10 0.32369)
(-5.5902e-12 1.49026e-10 0.32369)
(6.05297e-11 1.36315e-10 0.294522)
(2.53982e-10 1.04862e-10 0.236287)
(-3.19348e-10 2.74381e-10 0.177321)
(-1.57767e-10 3.1503e-10 0.236287)
(-9.15463e-11 3.10396e-10 0.265657)
(-1.70724e-11 3.06146e-10 0.265657)
(3.02437e-11 2.96583e-10 0.236287)
(1.98786e-10 2.34368e-10 0.177321)
(-2.59694e-11 -3.11533e-11 0.177321)
(-2.31532e-11 -1.7266e-10 0.236287)
(1.96315e-11 -2.67905e-10 0.265657)
(8.24544e-11 -2.62479e-10 0.265657)
(1.72229e-10 -1.66389e-10 0.236287)
(2.4278e-11 -2.92562e-11 0.177321)
(-1.22221e-10 -1.36912e-10 0.236287)
(-8.70592e-11 -1.78879e-10 0.294522)
(-1.29261e-11 -2.02488e-10 0.32369)
(9.40694e-11 -2.0009e-10 0.32369)
(2.21918e-10 -1.62629e-10 0.294522)
(1.02394e-10 -1.22569e-10 0.236287)
(-1.52431e-10 -9.74216e-11 0.265657)
(-1.19092e-10 -9.70999e-11 0.32369)
(-2.90536e-11 -9.69001e-11 0.352757)
(9.90389e-11 -9.55757e-11 0.352757)
(2.27829e-10 -9.27943e-11 0.32369)
(4.3519e-11 -8.89931e-11 0.265657)
(-1.38076e-10 -9.09355e-12 0.265657)
(-1.17564e-10 2.76666e-11 0.32369)
(-2.83811e-11 4.68528e-11 0.352757)
(9.4557e-11 4.16223e-11 0.352757)
(2.33106e-10 2.20091e-11 0.32369)
(8.30705e-11 7.13328e-12 0.265657)
(-9.02616e-11 3.47488e-11 0.236287)
(-7.84913e-11 1.39982e-10 0.294522)
(-1.5231e-11 1.93017e-10 0.32369)
(8.69313e-11 1.92328e-10 0.32369)
(2.09613e-10 1.65112e-10 0.294522)
(-7.3916e-11 1.1377e-10 0.236287)
(3.79193e-10 -1.89733e-10 0.177321)
(6.29228e-11 -6.98048e-11 0.236287)
(4.6175e-11 5.42807e-11 0.265657)
(1.01862e-10 4.9136e-11 0.265657)
(1.82905e-10 -5.57566e-11 0.236287)
(-1.97824e-10 -1.40612e-10 0.177321)
(0.00841866 0.0110891 0.156199)
(0.00807321 0.0108272 0.152385)
(0.00762946 0.0104259 0.146931)
(0.00705991 0.009869 0.138969)
(0.00631635 0.00906951 0.127104)
(0.00530662 0.00784738 0.109009)
(0.00382171 0.00579605 0.0806449)
(0.00141908 0.0021694 0.0345313)
(0.00692494 0.0132155 0.18724)
(0.00683125 0.0131532 0.183946)
(0.00666301 0.0129683 0.179131)
(0.00638225 0.0126247 0.171871)
(0.00592939 0.0120079 0.160519)
(0.00519154 0.0108435 0.142002)
(0.00390011 0.00839308 0.110173)
(0.00148748 0.00320618 0.0516022)
(0.00224518 0.0143877 0.197652)
(0.00222325 0.0144341 0.195148)
(0.00218492 0.0143623 0.191258)
(0.00211697 0.0141528 0.185054)
(0.00199634 0.0136775 0.174823)
(0.00177758 0.0126124 0.157175)
(0.00134981 0.00999767 0.124869)
(0.000491833 0.00387082 0.060943)
(-0.00224518 0.0143877 0.197652)
(-0.00222325 0.0144341 0.195148)
(-0.00218492 0.0143623 0.191258)
(-0.00211697 0.0141528 0.185054)
(-0.00199634 0.0136775 0.174823)
(-0.00177758 0.0126124 0.157175)
(-0.00134981 0.00999767 0.124869)
(-0.000491833 0.00387082 0.060943)
(-0.00692494 0.0132155 0.18724)
(-0.00683125 0.0131532 0.183946)
(-0.00666301 0.0129683 0.179131)
(-0.00638225 0.0126247 0.171871)
(-0.00592939 0.0120079 0.160519)
(-0.00519154 0.0108435 0.142002)
(-0.00390011 0.00839308 0.110173)
(-0.00148748 0.00320618 0.0516022)
(-0.00841866 0.0110891 0.156199)
(-0.00807321 0.0108272 0.152385)
(-0.00762946 0.0104259 0.146931)
(-0.00705991 0.009869 0.138969)
(-0.00631635 0.00906951 0.127104)
(-0.00530662 0.00784738 0.109009)
(-0.00382171 0.00579605 0.0806449)
(-0.00141908 0.0021694 0.0345313)
(0.00160625 0.0017285 0.164622)
(0.00149929 0.00164002 0.158443)
(0.0013555 0.00154937 0.150088)
(0.00116408 0.00141663 0.138647)
(0.000917327 0.00122374 0.122821)
(0.000617552 0.000949789 0.100762)
(0.000287698 0.000576075 0.0698988)
(-4.30199e-06 0.000126983 0.0266716)
(0.00183145 0.00310352 0.216219)
(0.00171979 0.00304931 0.209382)
(0.00157075 0.00299672 0.199972)
(0.0013689 0.0028707 0.186773)
(0.0010975 0.00261867 0.167897)
(0.000745951 0.00216917 0.140425)
(0.000325682 0.00141717 0.0999158)
(-6.92695e-05 0.000323979 0.0397558)
(0.000662654 0.00384802 0.236732)
(0.000622617 0.00384903 0.230577)
(0.000569429 0.00384935 0.221779)
(0.000497305 0.00376072 0.208943)
(0.000399011 0.00350865 0.189818)
(0.000268308 0.00297929 0.160779)
(0.000106058 0.00198509 0.116094)
(-4.91998e-05 0.000422606 0.0470579)
(-0.000662654 0.00384802 0.236732)
(-0.000622617 0.00384903 0.230577)
(-0.000569429 0.00384935 0.221779)
(-0.000497305 0.00376072 0.208943)
(-0.000399011 0.00350865 0.189818)
(-0.000268308 0.00297929 0.160779)
(-0.000106058 0.00198509 0.116094)
(4.91998e-05 0.000422606 0.0470579)
(-0.00183145 0.00310352 0.216219)
(-0.00171979 0.00304931 0.209382)
(-0.00157075 0.00299672 0.199972)
(-0.0013689 0.0028707 0.186773)
(-0.0010975 0.00261867 0.167897)
(-0.000745951 0.00216917 0.140425)
(-0.000325682 0.00141717 0.0999158)
(6.92695e-05 0.000323979 0.0397558)
(-0.00160625 0.0017285 0.164622)
(-0.00149929 0.00164002 0.158443)
(-0.0013555 0.00154937 0.150088)
(-0.00116408 0.00141663 0.138647)
(-0.000917327 0.00122374 0.122821)
(-0.000617552 0.000949789 0.100762)
(-0.000287698 0.000576075 0.0698988)
(4.30199e-06 0.000126983 0.0266716)
(0.000912321 0.00106927 0.141992)
(0.000822917 0.000964602 0.135466)
(0.000713959 0.000834751 0.126897)
(0.000584523 0.000679525 0.115567)
(0.000435837 0.000499552 0.100527)
(0.000274743 0.000303187 0.0805475)
(0.00012112 0.000120004 0.0541171)
(7.88052e-06 -3.41618e-06 0.0195022)
(0.000981317 0.0021271 0.199567)
(0.000890406 0.00196082 0.190976)
(0.000775437 0.00173611 0.179636)
(0.000634109 0.00145151 0.164517)
(0.000467441 0.00110044 0.144175)
(0.000285129 0.000691636 0.116634)
(0.000115879 0.000284645 0.0793306)
(1.11075e-06 -1.01083e-05 0.029182)
(0.000400444 0.00271096 0.225619)
(0.000365296 0.00253092 0.216959)
(0.000320291 0.00227135 0.205258)
(0.000264148 0.00192922 0.189254)
(0.000196954 0.0014887 0.167124)
(0.000122564 0.000952568 0.136311)
(5.31797e-05 0.000395414 0.0934634)
(5.05146e-06 -2.1324e-05 0.0346555)
(-0.000400444 0.00271096 0.225619)
(-0.000365296 0.00253092 0.216959)
(-0.000320291 0.00227135 0.205258)
(-0.000264148 0.00192922 0.189254)
(-0.000196954 0.0014887 0.167124)
(-0.000122564 0.000952568 0.136311)
(-5.31797e-05 0.000395414 0.0934634)
(-5.05146e-06 -2.1324e-05 0.0346555)
(-0.000981317 0.0021271 0.199567)
(-0.000890406 0.00196082 0.190976)
(-0.000775437 0.00173611 0.179636)
(-0.000634109 0.00145151 0.164517)
(-0.000467441 0.00110044 0.144175)
(-0.000285129 0.000691636 0.116634)
(-0.000115879 0.000284645 0.0793306)
(-1.11074e-06 -1.01083e-05 0.029182)
(-0.000912321 0.00106927 0.141992)
(-0.000822917 0.000964602 0.135466)
(-0.000713959 0.000834751 0.126897)
(-0.000584523 0.000679525 0.115567)
(-0.000435837 0.000499552 0.100527)
(-0.000274743 0.000303187 0.0805475)
(-0.00012112 0.000120004 0.0541171)
(-7.88052e-06 -3.41618e-06 0.0195022)
(0.000159675 8.90307e-05 0.137684)
(0.000145633 7.02161e-05 0.131424)
(0.00012826 5.2714e-05 0.123233)
(0.000107073 3.32515e-05 0.112431)
(8.21988e-05 1.35842e-05 0.0981053)
(5.50511e-05 -2.80065e-06 0.0790242)
(2.87033e-05 -1.12268e-05 0.0535678)
(7.90742e-06 -6.31955e-06 0.0196476)
(0.00028552 0.000410236 0.194313)
(0.000253055 0.000359429 0.185618)
(0.000214407 0.000304088 0.174293)
(0.000169607 0.000237516 0.15942)
(0.000120177 0.000161626 0.13972)
(7.02988e-05 8.42192e-05 0.113383)
(2.76604e-05 2.14209e-05 0.0778427)
(3.31233e-06 -2.38533e-06 0.0293555)
(0.000139475 0.00066113 0.22113)
(0.000123354 0.000593477 0.211903)
(0.000103828 0.000513055 0.199707)
(8.08873e-05 0.000411196 0.183444)
(5.53716e-05 0.000288909 0.161563)
(2.96521e-05 0.000156892 0.131857)
(8.3388e-06 4.37614e-05 0.0911599)
(-1.46393e-06 -2.35217e-06 0.0347714)
(-0.000139475 0.00066113 0.22113)
(-0.000123354 0.000593477 0.211903)
(-0.000103828 0.000513055 0.199707)
(-8.08873e-05 0.000411196 0.183444)
(-5.53716e-05 0.000288909 0.161563)
(-2.96521e-05 0.000156892 0.131857)
(-8.3388e-06 4.37614e-05 0.0911599)
(1.46392e-06 -2.35217e-06 0.0347714)
(-0.00028552 0.000410236 0.194313)
(-0.000253055 0.000359429 0.185618)
(-0.000214407 0.000304088 0.174293)
(-0.000169607 0.000237516 0.15942)
(-0.000120177 0.000161626 0.13972)
(-7.02988e-05 8.42192e-05 0.113383)
(-2.76604e-05 2.14209e-05 0.0778427)
(-3.31233e-06 -2.38533e-06 0.0293555)
(-0.000159675 8.90308e-05 0.137684)
(-0.000145633 7.02161e-05 0.131424)
(-0.00012826 5.2714e-05 0.123233)
(-0.000107073 3.32515e-05 0.112431)
(-8.21988e-05 1.35842e-05 0.0981053)
(-5.50511e-05 -2.80065e-06 0.0790242)
(-2.87033e-05 -1.12268e-05 0.0535678)
(-7.90742e-06 -6.31956e-06 0.0196476)
(8.42613e-05 5.75524e-05 0.1366)
(7.93028e-05 5.0059e-05 0.130401)
(7.29581e-05 4.20943e-05 0.122289)
(6.47783e-05 3.26445e-05 0.111587)
(5.42404e-05 2.19673e-05 0.0973817)
(4.09264e-05 1.09154e-05 0.0784424)
(2.49384e-05 1.51194e-06 0.0531552)
(7.27539e-06 -2.73105e-06 0.0194688)
(0.000160825 0.000195488 0.19312)
(0.000148325 0.000176223 0.184446)
(0.000133139 0.000154344 0.173171)
(0.000114879 0.00012793 0.158393)
(9.32611e-05 9.70947e-05 0.138838)
(6.82814e-05 6.31574e-05 0.112695)
(4.05397e-05 2.96232e-05 0.0773689)
(1.12927e-05 2.68712e-06 0.0291251)
(7.69893e-05 0.00031554 0.220263)
(7.01138e-05 0.000288086 0.210921)
(6.17358e-05 0.000255098 0.198641)
(5.17357e-05 0.000214259 0.182361)
(4.01807e-05 0.000165596 0.160562)
(2.74664e-05 0.000111201 0.131056)
(1.45031e-05 5.64919e-05 0.0906271)
(2.7422e-06 9.28569e-06 0.0345115)
(-7.69893e-05 0.00031554 0.220263)
(-7.01138e-05 0.000288086 0.210921)
(-6.17358e-05 0.000255098 0.198641)
(-5.17357e-05 0.000214259 0.182361)
(-4.01807e-05 0.000165596 0.160562)
(-2.74664e-05 0.000111201 0.131056)
(-1.45031e-05 5.64919e-05 0.0906271)
(-2.74218e-06 9.28569e-06 0.0345115)
(-0.000160825 0.000195488 0.19312)
(-0.000148325 0.000176223 0.184446)
(-0.000133139 0.000154344 0.173171)
(-0.000114879 0.00012793 0.158393)
(-9.3261e-05 9.70947e-05 0.138838)
(-6.82814e-05 6.31574e-05 0.112695)
(-4.05397e-05 2.96232e-05 0.0773689)
(-1.12927e-05 2.68712e-06 0.0291251)
(-8.42613e-05 5.75524e-05 0.1366)
(-7.93028e-05 5.00591e-05 0.130401)
(-7.29581e-05 4.20943e-05 0.122289)
(-6.47783e-05 3.26445e-05 0.111587)
(-5.42404e-05 2.19673e-05 0.0973817)
(-4.09264e-05 1.09154e-05 0.0784424)
(-2.49384e-05 1.51194e-06 0.0531552)
(-7.27538e-06 -2.73105e-06 0.0194688)
(6.87183e-05 6.22866e-05 0.135221)
(6.31406e-05 5.52802e-05 0.12904)
(5.62111e-05 4.72669e-05 0.12096)
(4.77182e-05 3.77862e-05 0.110312)
(3.75369e-05 2.69649e-05 0.0961983)
(2.58451e-05 1.54457e-05 0.0774151)
(1.35667e-05 5.05459e-06 0.0523925)
(2.6632e-06 -1.08643e-06 0.0191504)
(0.000105326 0.000153058 0.191862)
(9.71711e-05 0.000138713 0.183163)
(8.70437e-05 0.000121339 0.17187)
(7.45942e-05 0.000100248 0.157088)
(5.95332e-05 7.52869e-05 0.137561)
(4.19124e-05 4.73269e-05 0.111509)
(2.27987e-05 1.98977e-05 0.0764089)
(4.83258e-06 -5.37392e-08 0.0286715)
(5.02729e-05 0.000223182 0.21935)
(4.63082e-05 0.00020467 0.209928)
(4.13868e-05 0.000181284 0.197569)
(3.53473e-05 0.000152298 0.181218)
(2.80696e-05 0.000117195 0.159375)
(1.96038e-05 7.67051e-05 0.129884)
(1.04923e-05 3.51752e-05 0.0896136)
(2.05458e-06 2.07408e-06 0.0339914)
(-5.02728e-05 0.000223182 0.21935)
(-4.63081e-05 0.00020467 0.209928)
(-4.13867e-05 0.000181284 0.197569)
(-3.53473e-05 0.000152298 0.181218)
(-2.80696e-05 0.000117195 0.159375)
(-1.96037e-05 7.67051e-05 0.129884)
(-1.04923e-05 3.51752e-05 0.0896136)
(-2.05457e-06 2.07408e-06 0.0339914)
(-0.000105326 0.000153058 0.191862)
(-9.71711e-05 0.000138713 0.183163)
(-8.70436e-05 0.000121339 0.17187)
(-7.45941e-05 0.000100248 0.157088)
(-5.95331e-05 7.52869e-05 0.137561)
(-4.19124e-05 4.73269e-05 0.111509)
(-2.27986e-05 1.98978e-05 0.0764089)
(-4.83257e-06 -5.37336e-08 0.0286715)
(-6.87183e-05 6.22866e-05 0.135221)
(-6.31406e-05 5.52801e-05 0.12904)
(-5.6211e-05 4.72669e-05 0.12096)
(-4.77182e-05 3.77861e-05 0.110312)
(-3.75369e-05 2.69649e-05 0.0961983)
(-2.58451e-05 1.54457e-05 0.0774151)
(-1.35667e-05 5.0546e-06 0.0523925)
(-2.6632e-06 -1.08642e-06 0.0191504)
(3.64031e-05 3.10785e-05 0.134539)
(3.3385e-05 2.7391e-05 0.128375)
(2.96334e-05 2.33582e-05 0.12032)
(2.50326e-05 1.85895e-05 0.109712)
(1.95372e-05 1.31772e-05 0.0956597)
(1.32984e-05 7.48919e-06 0.0769698)
(6.871e-06 2.42935e-06 0.0520846)
(1.35187e-06 -4.7393e-07 0.0190364)
(5.83658e-05 8.20865e-05 0.191211)
(5.33977e-05 7.42419e-05 0.182496)
(4.72884e-05 6.50067e-05 0.171193)
(3.98751e-05 5.37009e-05 0.156415)
(3.10895e-05 4.0267e-05 0.136919)
(2.11449e-05 2.52715e-05 0.110945)
(1.0888e-05 1.06846e-05 0.0759959)
(2.07141e-06 3.62355e-07 0.0285108)
(2.88794e-05 0.000121587 0.218899)
(2.64524e-05 0.000111434 0.209424)
(2.34553e-05 9.88207e-05 0.197013)
(1.98016e-05 8.29643e-05 0.18062)
(1.54479e-05 6.35829e-05 0.158761)
(1.04855e-05 4.12116e-05 0.129307)
(5.33654e-06 1.85293e-05 0.0891659)
(9.43515e-07 1.4117e-06 0.0338097)
(-2.88794e-05 0.000121587 0.218899)
(-2.64524e-05 0.000111434 0.209424)
(-2.34553e-05 9.88207e-05 0.197013)
(-1.98016e-05 8.29643e-05 0.18062)
(-1.54479e-05 6.35829e-05 0.158761)
(-1.04855e-05 4.12116e-05 0.129307)
(-5.33655e-06 1.85293e-05 0.0891659)
(-9.43521e-07 1.4117e-06 0.0338097)
(-5.83658e-05 8.20865e-05 0.191211)
(-5.33977e-05 7.42419e-05 0.182496)
(-4.72884e-05 6.50067e-05 0.171193)
(-3.98751e-05 5.37009e-05 0.156415)
(-3.10895e-05 4.0267e-05 0.136919)
(-2.11449e-05 2.52715e-05 0.110945)
(-1.0888e-05 1.06846e-05 0.0759959)
(-2.07141e-06 3.62353e-07 0.0285108)
(-3.64031e-05 3.10786e-05 0.134539)
(-3.3385e-05 2.7391e-05 0.128375)
(-2.96334e-05 2.33582e-05 0.12032)
(-2.50326e-05 1.85895e-05 0.109712)
(-1.95372e-05 1.31772e-05 0.0956597)
(-1.32984e-05 7.4892e-06 0.0769698)
(-6.871e-06 2.42935e-06 0.0520846)
(-1.35187e-06 -4.7393e-07 0.0190364)
(2.29357e-05 2.02342e-05 0.134141)
(2.10712e-05 1.79395e-05 0.127985)
(1.87521e-05 1.53923e-05 0.119943)
(1.59032e-05 1.23604e-05 0.109355)
(1.24853e-05 8.88568e-06 0.0953349)
(8.57128e-06 5.17907e-06 0.0766956)
(4.48355e-06 1.80613e-06 0.0518883)
(8.8998e-07 -2.52e-07 0.0189587)
(3.59365e-05 5.21898e-05 0.190845)
(3.28783e-05 4.74527e-05 0.182118)
(2.91141e-05 4.18074e-05 0.170805)
(2.45484e-05 3.4842e-05 0.156025)
(1.9146e-05 2.64806e-05 0.136541)
(1.3041e-05 1.70079e-05 0.110605)
(6.7412e-06 7.56809e-06 0.0757367)
(1.25645e-06 4.52247e-07 0.0283992)
(1.75856e-05 7.63624e-05 0.218658)
(1.6072e-05 7.02838e-05 0.209146)
(1.42037e-05 6.26398e-05 0.196697)
(1.19329e-05 5.29508e-05 0.180273)
(9.24481e-06 4.09972e-05 0.158398)
(6.21286e-06 2.70448e-05 0.128959)
(3.10998e-06 1.26501e-05 0.0888848)
(4.91844e-07 1.18942e-06 0.033682)
(-1.75855e-05 7.63624e-05 0.218658)
(-1.60719e-05 7.02838e-05 0.209146)
(-1.42036e-05 6.26398e-05 0.196697)
(-1.19328e-05 5.29508e-05 0.180273)
(-9.24471e-06 4.09972e-05 0.158398)
(-6.21277e-06 2.70448e-05 0.128959)
(-3.10991e-06 1.26501e-05 0.0888848)
(-4.91814e-07 1.18942e-06 0.033682)
(-3.59364e-05 5.21898e-05 0.190845)
(-3.28782e-05 4.74527e-05 0.182118)
(-2.9114e-05 4.18074e-05 0.170805)
(-2.45483e-05 3.4842e-05 0.156025)
(-1.91459e-05 2.64806e-05 0.136541)
(-1.30409e-05 1.70079e-05 0.110605)
(-6.74114e-06 7.56812e-06 0.0757367)
(-1.25643e-06 4.52258e-07 0.0283992)
(-2.29356e-05 2.02342e-05 0.134141)
(-2.10712e-05 1.79395e-05 0.127985)
(-1.8752e-05 1.53923e-05 0.119943)
(-1.59031e-05 1.23605e-05 0.109355)
(-1.24853e-05 8.8857e-06 0.0953349)
(-8.57124e-06 5.17909e-06 0.0766956)
(-4.48352e-06 1.80615e-06 0.0518883)
(-8.89969e-07 -2.51989e-07 0.0189587)
(1.46798e-05 1.30697e-05 0.133876)
(1.34794e-05 1.15849e-05 0.127724)
(1.19862e-05 9.92848e-06 0.11969)
(1.01533e-05 7.95944e-06 0.109114)
(7.95726e-06 5.70566e-06 0.0951153)
(5.44734e-06 3.30575e-06 0.0765092)
(2.83534e-06 1.13146e-06 0.0517543)
(5.55409e-07 -1.77126e-07 0.0189053)
(2.2442e-05 3.33979e-05 0.190605)
(2.05472e-05 3.03718e-05 0.181868)
(1.8209e-05 2.67494e-05 0.170548)
(1.53654e-05 2.22761e-05 0.155765)
(1.19911e-05 1.68995e-05 0.136288)
(8.16761e-06 1.08026e-05 0.110375)
(4.21562e-06 4.73887e-06 0.0755589)
(7.80106e-07 2.2353e-07 0.0283221)
(1.08473e-05 4.85778e-05 0.218496)
(9.91599e-06 4.47368e-05 0.208959)
(8.76419e-06 3.98842e-05 0.196485)
(7.36219e-06 3.37192e-05 0.180039)
(5.70098e-06 2.60904e-05 0.158152)
(3.82711e-06 1.71589e-05 0.12872)
(1.91183e-06 7.93747e-06 0.08869)
(3.00433e-07 6.56732e-07 0.0335928)
(-1.08472e-05 4.85778e-05 0.218496)
(-9.91593e-06 4.47368e-05 0.208959)
(-8.76413e-06 3.98842e-05 0.196485)
(-7.36214e-06 3.37192e-05 0.180039)
(-5.70094e-06 2.60904e-05 0.158152)
(-3.82708e-06 1.71589e-05 0.12872)
(-1.91181e-06 7.93748e-06 0.08869)
(-3.00431e-07 6.56732e-07 0.0335928)
(-2.24419e-05 3.33979e-05 0.190605)
(-2.05472e-05 3.03719e-05 0.181868)
(-1.8209e-05 2.67495e-05 0.170548)
(-1.53653e-05 2.22761e-05 0.155765)
(-1.19911e-05 1.68995e-05 0.136288)
(-8.16758e-06 1.08026e-05 0.110375)
(-4.21561e-06 4.73887e-06 0.0755589)
(-7.80103e-07 2.23532e-07 0.0283221)
(-1.46798e-05 1.30697e-05 0.133876)
(-1.34794e-05 1.15849e-05 0.127724)
(-1.19862e-05 9.9285e-06 0.11969)
(-1.01533e-05 7.95946e-06 0.109114)
(-7.95723e-06 5.70568e-06 0.0951153)
(-5.44732e-06 3.30577e-06 0.0765092)
(-2.83533e-06 1.13147e-06 0.0517543)
(-5.55406e-07 -1.77122e-07 0.0189053)
(8.92489e-06 7.81305e-06 0.133716)
(8.20248e-06 6.91373e-06 0.127567)
(7.30239e-06 5.91631e-06 0.119538)
(6.19517e-06 4.73146e-06 0.10897)
(4.86541e-06 3.37756e-06 0.0949842)
(3.34192e-06 1.94068e-06 0.0763986)
(1.75114e-06 6.46487e-07 0.0516753)
(3.53222e-07 -1.17673e-07 0.0188743)
(1.37404e-05 2.02899e-05 0.19046)
(1.25889e-05 1.84407e-05 0.181717)
(1.11672e-05 1.62368e-05 0.170393)
(9.43608e-06 1.35136e-05 0.155608)
(7.37854e-06 1.02407e-05 0.136135)
(5.04191e-06 6.53353e-06 0.110237)
(2.61876e-06 2.85468e-06 0.0754535)
(4.9984e-07 1.32913e-07 0.0282773)
(6.61256e-06 2.96624e-05 0.218398)
(6.04963e-06 2.73137e-05 0.208846)
(5.35252e-06 2.43555e-05 0.196357)
(4.50245e-06 2.05912e-05 0.179897)
(3.49294e-06 1.5928e-05 0.158003)
(2.35108e-06 1.04679e-05 0.128576)
(1.17981e-06 4.83532e-06 0.0885739)
(1.90035e-07 4.0873e-07 0.0335409)
(-6.61239e-06 2.96624e-05 0.218398)
(-6.04946e-06 2.73137e-05 0.208846)
(-5.35235e-06 2.43555e-05 0.196357)
(-4.50228e-06 2.05912e-05 0.179897)
(-3.49279e-06 1.59281e-05 0.158003)
(-2.35095e-06 1.04679e-05 0.128576)
(-1.17972e-06 4.83534e-06 0.0885739)
(-1.89997e-07 4.08737e-07 0.0335409)
(-1.37403e-05 2.029e-05 0.19046)
(-1.25888e-05 1.84407e-05 0.181717)
(-1.1167e-05 1.62368e-05 0.170393)
(-9.43595e-06 1.35136e-05 0.155608)
(-7.37841e-06 1.02407e-05 0.136135)
(-5.04181e-06 6.53356e-06 0.110237)
(-2.61868e-06 2.85471e-06 0.0754535)
(-4.99811e-07 1.32927e-07 0.0282773)
(-8.92479e-06 7.81307e-06 0.133716)
(-8.20239e-06 6.91375e-06 0.127567)
(-7.3023e-06 5.91634e-06 0.119538)
(-6.19508e-06 4.73149e-06 0.10897)
(-4.86534e-06 3.37759e-06 0.0949842)
(-3.34187e-06 1.94072e-06 0.0763986)
(-1.7511e-06 6.46519e-07 0.0516753)
(-3.53209e-07 -1.1766e-07 0.0188743)
(5.51676e-06 4.82547e-06 0.133618)
(5.07262e-06 4.27096e-06 0.127471)
(4.51893e-06 3.65532e-06 0.119444)
(3.83731e-06 2.92381e-06 0.108882)
(3.01772e-06 2.08759e-06 0.0949034)
(2.07702e-06 1.19952e-06 0.0763303)
(1.09205e-06 3.99062e-07 0.0516264)
(2.22094e-07 -7.3977e-08 0.018855)
(8.49288e-06 1.25255e-05 0.190371)
(7.78692e-06 1.13863e-05 0.181625)
(6.91455e-06 1.00277e-05 0.170298)
(5.85112e-06 8.34884e-06 0.155512)
(4.58488e-06 6.33047e-06 0.136041)
(3.14305e-06 4.04297e-06 0.110152)
(1.64155e-06 1.77033e-06 0.0753885)
(3.18095e-07 8.30015e-08 0.0282494)
(4.06788e-06 1.8313e-05 0.218339)
(3.72505e-06 1.68667e-05 0.208777)
(3.29991e-06 1.50441e-05 0.196278)
(2.78052e-06 1.27247e-05 0.17981)
(2.16214e-06 9.85067e-06 0.157912)
(1.46025e-06 6.48354e-06 0.128488)
(7.36769e-07 3.00538e-06 0.0885025)
(1.20349e-07 2.58481e-07 0.0335086)
(-4.06788e-06 1.8313e-05 0.218339)
(-3.72505e-06 1.68667e-05 0.208777)
(-3.29991e-06 1.50441e-05 0.196278)
(-2.78053e-06 1.27247e-05 0.17981)
(-2.16217e-06 9.85067e-06 0.157912)
(-1.46028e-06 6.48353e-06 0.128488)
(-7.36811e-07 3.00537e-06 0.0885025)
(-1.20377e-07 2.58478e-07 0.0335086)
(-8.49287e-06 1.25255e-05 0.190371)
(-7.78692e-06 1.13863e-05 0.181625)
(-6.91455e-06 1.00277e-05 0.170298)
(-5.85112e-06 8.34882e-06 0.155512)
(-4.5849e-06 6.33045e-06 0.136041)
(-3.14307e-06 4.04295e-06 0.110152)
(-1.64158e-06 1.77031e-06 0.0753885)
(-3.18114e-07 8.29942e-08 0.0282494)
(-5.51678e-06 4.82544e-06 0.133618)
(-5.07263e-06 4.27093e-06 0.127471)
(-4.51895e-06 3.65529e-06 0.119444)
(-3.83733e-06 2.92379e-06 0.108882)
(-3.01774e-06 2.08757e-06 0.0949034)
(-2.07704e-06 1.1995e-06 0.0763303)
(-1.09207e-06 3.99051e-07 0.0516264)
(-2.22104e-07 -7.3982e-08 0.018855)
(3.41437e-06 2.98865e-06 0.133557)
(3.13915e-06 2.64513e-06 0.127411)
(2.79609e-06 2.26358e-06 0.119386)
(2.37384e-06 1.81032e-06 0.108827)
(1.86626e-06 1.29227e-06 0.0948532)
(1.28391e-06 7.42215e-07 0.0762877)
(6.74506e-07 2.46612e-07 0.0515959)
(1.36847e-07 -4.59887e-08 0.0188429)
(5.25014e-06 7.7463e-06 0.190315)
(4.81419e-06 7.04107e-06 0.181568)
(4.27537e-06 6.19977e-06 0.170238)
(3.61834e-06 5.16044e-06 0.155452)
(2.83574e-06 3.91131e-06 0.135983)
(1.94422e-06 2.49609e-06 0.110099)
(1.01544e-06 1.09094e-06 0.0753481)
(1.96722e-07 4.94958e-08 0.028232)
(2.5099e-06 1.13203e-05 0.218302)
(2.29908e-06 1.04253e-05 0.208734)
(2.0375e-06 9.2974e-06 0.19623)
(1.71768e-06 7.86247e-06 0.179757)
(1.33652e-06 6.08495e-06 0.157855)
(9.0336e-07 4.00293e-06 0.128433)
(4.56268e-07 1.85305e-06 0.0884581)
(7.47989e-08 1.57175e-07 0.0334885)
(-2.50991e-06 1.13203e-05 0.218302)
(-2.29909e-06 1.04253e-05 0.208734)
(-2.03751e-06 9.29739e-06 0.19623)
(-1.71769e-06 7.86247e-06 0.179757)
(-1.33654e-06 6.08495e-06 0.157855)
(-9.03375e-07 4.00292e-06 0.128433)
(-4.56279e-07 1.85305e-06 0.0884581)
(-7.48022e-08 1.57175e-07 0.0334885)
(-5.25014e-06 7.7463e-06 0.190315)
(-4.8142e-06 7.04107e-06 0.181568)
(-4.27538e-06 6.19977e-06 0.170238)
(-3.61835e-06 5.16044e-06 0.155452)
(-2.83575e-06 3.91131e-06 0.135983)
(-1.94423e-06 2.49609e-06 0.110099)
(-1.01545e-06 1.09094e-06 0.0753481)
(-1.96725e-07 4.94964e-08 0.028232)
(-3.41439e-06 2.98867e-06 0.133557)
(-3.13917e-06 2.64515e-06 0.127411)
(-2.79611e-06 2.2636e-06 0.119386)
(-2.37385e-06 1.81033e-06 0.108827)
(-1.86627e-06 1.29228e-06 0.0948532)
(-1.28392e-06 7.42224e-07 0.0762877)
(-6.7451e-07 2.46617e-07 0.0515959)
(-1.36848e-07 -4.5987e-08 0.0188429)
(2.10392e-06 1.84007e-06 0.133519)
(1.9343e-06 1.62844e-06 0.127374)
(1.72286e-06 1.39349e-06 0.11935)
(1.46263e-06 1.11439e-06 0.108793)
(1.14982e-06 7.95424e-07 0.0948222)
(7.90972e-07 4.56804e-07 0.0762616)
(4.15507e-07 1.51752e-07 0.0515772)
(8.43196e-08 -2.82825e-08 0.0188356)
(3.2391e-06 4.7734e-06 0.190281)
(2.96984e-06 4.33849e-06 0.181532)
(2.6371e-06 3.8199e-06 0.170202)
(2.23146e-06 3.1793e-06 0.155415)
(1.74843e-06 2.40951e-06 0.135947)
(1.19838e-06 1.53755e-06 0.110067)
(6.2563e-07 6.71988e-07 0.0753232)
(1.21133e-07 3.07009e-08 0.0282214)
(1.54872e-06 6.97861e-06 0.218279)
(1.41856e-06 6.42638e-06 0.208708)
(1.25706e-06 5.73071e-06 0.1962)
(1.05963e-06 4.84579e-06 0.179723)
(8.24361e-07 3.7498e-06 0.15782)
(5.57049e-07 2.4664e-06 0.128399)
(2.81234e-07 1.14157e-06 0.0884309)
(4.60696e-08 9.71026e-08 0.0334762)
(-1.54861e-06 6.97861e-06 0.218279)
(-1.41845e-06 6.42638e-06 0.208708)
(-1.25695e-06 5.73072e-06 0.1962)
(-1.05951e-06 4.8458e-06 0.179723)
(-8.24254e-07 3.74981e-06 0.15782)
(-5.56953e-07 2.46641e-06 0.128399)
(-2.8116e-07 1.14158e-06 0.0884309)
(-4.6038e-08 9.7108e-08 0.0334762)
(-3.23898e-06 4.77342e-06 0.190281)
(-2.96972e-06 4.33852e-06 0.181532)
(-2.63698e-06 3.81992e-06 0.170202)
(-2.23134e-06 3.17933e-06 0.155415)
(-1.74832e-06 2.40954e-06 0.135947)
(-1.19828e-06 1.53758e-06 0.110067)
(-6.25557e-07 6.72017e-07 0.0753232)
(-1.21103e-07 3.07143e-08 0.0282214)
(-2.10384e-06 1.84009e-06 0.133519)
(-1.93422e-06 1.62846e-06 0.127374)
(-1.72279e-06 1.39352e-06 0.11935)
(-1.46255e-06 1.11442e-06 0.108793)
(-1.14976e-06 7.95458e-07 0.0948222)
(-7.90916e-07 4.5684e-07 0.0762616)
(-4.15469e-07 1.51785e-07 0.0515772)
(-8.43047e-08 -2.82684e-08 0.0188356)
(1.29996e-06 1.13769e-06 0.133496)
(1.19512e-06 1.00693e-06 0.127351)
(1.06445e-06 8.6174e-07 0.119328)
(9.03627e-07 6.89254e-07 0.108772)
(7.10338e-07 4.92106e-07 0.0948031)
(4.88609e-07 2.82768e-07 0.0762454)
(2.56629e-07 9.41082e-08 0.0515656)
(5.20289e-08 -1.73779e-08 0.018831)
(2.00157e-06 2.95e-06 0.19026)
(1.83508e-06 2.6813e-06 0.18151)
(1.62937e-06 2.36087e-06 0.17018)
(1.37862e-06 1.96506e-06 0.155393)
(1.08008e-06 1.48943e-06 0.135925)
(7.40185e-07 9.50643e-07 0.110047)
(3.86341e-07 4.15711e-07 0.0753079)
(7.47266e-08 1.91266e-08 0.0282148)
(9.57374e-07 4.31275e-06 0.218265)
(8.76844e-07 3.97147e-06 0.208691)
(7.76942e-07 3.54154e-06 0.196181)
(6.54834e-07 2.9947e-06 0.179703)
(5.09365e-07 2.31749e-06 0.157798)
(3.44133e-07 1.5245e-06 0.128378)
(1.73703e-07 7.0587e-07 0.088414)
(2.8428e-08 6.01685e-08 0.0334686)
(-9.57282e-07 4.31276e-06 0.218265)
(-8.76752e-07 3.97148e-06 0.208691)
(-7.76853e-07 3.54154e-06 0.196181)
(-6.5475e-07 2.9947e-06 0.179703)
(-5.09293e-07 2.31749e-06 0.157798)
(-3.44077e-07 1.52451e-06 0.128378)
(-1.73669e-07 7.05876e-07 0.088414)
(-2.84195e-08 6.01703e-08 0.0334686)
(-2.00148e-06 2.95002e-06 0.19026)
(-1.835e-06 2.68133e-06 0.18151)
(-1.62929e-06 2.36089e-06 0.17018)
(-1.37854e-06 1.96508e-06 0.155393)
(-1.08001e-06 1.48945e-06 0.135925)
(-7.40136e-07 9.50661e-07 0.110047)
(-3.86312e-07 4.15724e-07 0.0753079)
(-7.47189e-08 1.91312e-08 0.0282148)
(-1.29991e-06 1.13772e-06 0.133496)
(-1.19507e-06 1.00696e-06 0.127351)
(-1.0644e-06 8.61771e-07 0.119328)
(-9.03584e-07 6.89283e-07 0.108772)
(-7.10301e-07 4.92133e-07 0.0948031)
(-4.8858e-07 2.82791e-07 0.0762454)
(-2.56611e-07 9.41245e-08 0.0515656)
(-5.20233e-08 -1.7372e-08 0.018831)
(8.04027e-07 7.03894e-07 0.133482)
(7.39157e-07 6.23001e-07 0.127337)
(6.58309e-07 5.33174e-07 0.119314)
(5.58815e-07 4.2646e-07 0.108759)
(4.39245e-07 3.04491e-07 0.0947913)
(3.02097e-07 1.74976e-07 0.0762354)
(1.58633e-07 5.82507e-08 0.0515584)
(3.21393e-08 -1.07351e-08 0.0188282)
(1.23784e-06 1.8248e-06 0.190247)
(1.13484e-06 1.65857e-06 0.181497)
(1.00758e-06 1.46033e-06 0.170166)
(8.5247e-07 1.21548e-06 0.155378)
(6.67816e-07 9.21248e-07 0.135911)
(4.57611e-07 5.8796e-07 0.110034)
(2.38811e-07 2.57075e-07 0.0752984)
(4.61706e-08 1.1802e-08 0.0282107)
(5.92357e-07 2.66781e-06 0.218256)
(5.42506e-07 2.45666e-06 0.208681)
(4.80672e-07 2.19065e-06 0.19617)
(4.05103e-07 1.85234e-06 0.17969)
(3.15092e-07 1.43339e-06 0.157785)
(2.12872e-07 9.42857e-07 0.128365)
(1.07453e-07 4.36489e-07 0.0884036)
(1.75998e-08 3.71523e-08 0.0334639)
(-5.92233e-07 2.66782e-06 0.218256)
(-5.42383e-07 2.45667e-06 0.208681)
(-4.80552e-07 2.19066e-06 0.19617)
(-4.04989e-07 1.85235e-06 0.17969)
(-3.1499e-07 1.4334e-06 0.157785)
(-2.12787e-07 9.42867e-07 0.128365)
(-1.07394e-07 4.36498e-07 0.0884036)
(-1.75783e-08 3.71557e-08 0.0334639)
(-1.23771e-06 1.82483e-06 0.190247)
(-1.13472e-06 1.6586e-06 0.181497)
(-1.00746e-06 1.46036e-06 0.170166)
(-8.52354e-07 1.2155e-06 0.155378)
(-6.67711e-07 9.21277e-07 0.135911)
(-4.57524e-07 5.87987e-07 0.110034)
(-2.38751e-07 2.57097e-07 0.0752984)
(-4.61479e-08 1.18117e-08 0.0282107)
(-8.0394e-07 7.03912e-07 0.133482)
(-7.39072e-07 6.23021e-07 0.127337)
(-6.58227e-07 5.33197e-07 0.119314)
(-5.58739e-07 4.26487e-07 0.108759)
(-4.39178e-07 3.0452e-07 0.0947913)
(-3.02044e-07 1.75006e-07 0.0762354)
(-1.58598e-07 5.8277e-08 0.0515584)
(-3.2127e-08 -1.07238e-08 0.0188282)
(4.97323e-07 4.35314e-07 0.133473)
(4.57197e-07 3.85279e-07 0.127328)
(4.07189e-07 3.29725e-07 0.119306)
(3.45648e-07 2.63729e-07 0.108751)
(2.71689e-07 1.88297e-07 0.094784)
(1.86859e-07 1.08203e-07 0.0762292)
(9.81227e-08 3.60203e-08 0.051554)
(1.98823e-08 -6.63938e-09 0.0188264)
(7.65776e-07 1.12881e-06 0.190239)
(7.02049e-07 1.02597e-06 0.181488)
(6.23311e-07 9.03334e-07 0.170157)
(5.27347e-07 7.5186e-07 0.15537)
(4.1311e-07 5.69851e-07 0.135902)
(2.83072e-07 3.63686e-07 0.110027)
(1.47725e-07 1.59014e-07 0.0752925)
(2.85636e-08 7.30464e-09 0.0282082)
(3.66608e-07 1.65051e-06 0.21825)
(3.35749e-07 1.51986e-06 0.208675)
(2.97475e-07 1.35527e-06 0.196162)
(2.50703e-07 1.14595e-06 0.179682)
(1.94997e-07 8.86757e-07 0.157777)
(1.3174e-07 5.83279e-07 0.128358)
(6.65058e-08 2.7002e-07 0.0883971)
(1.09016e-08 2.29909e-08 0.033461)
(-3.66491e-07 1.65052e-06 0.21825)
(-3.35636e-07 1.51987e-06 0.208675)
(-2.97367e-07 1.35528e-06 0.196162)
(-2.50604e-07 1.14596e-06 0.179682)
(-1.94912e-07 8.86768e-07 0.157777)
(-1.31674e-07 5.83288e-07 0.128358)
(-6.64646e-08 2.70027e-07 0.0883971)
(-1.08894e-08 2.29931e-08 0.033461)
(-7.65672e-07 1.12884e-06 0.190239)
(-7.01949e-07 1.026e-06 0.181488)
(-6.23216e-07 9.03364e-07 0.170157)
(-5.27261e-07 7.5189e-07 0.15537)
(-4.13036e-07 5.69878e-07 0.135902)
(-2.83015e-07 3.63708e-07 0.110027)
(-1.47689e-07 1.59029e-07 0.0752925)
(-2.8553e-08 7.31003e-09 0.0282082)
(-4.97256e-07 4.3535e-07 0.133473)
(-4.57132e-07 3.85315e-07 0.127328)
(-4.07127e-07 3.2976e-07 0.119306)
(-3.45592e-07 2.63761e-07 0.108751)
(-2.71641e-07 1.88327e-07 0.094784)
(-1.86821e-07 1.08228e-07 0.0762292)
(-9.80988e-08 3.60382e-08 0.051554)
(-1.98745e-08 -6.63283e-09 0.0188264)
(3.07859e-07 2.69459e-07 0.133467)
(2.83022e-07 2.38488e-07 0.127323)
(2.52067e-07 2.04098e-07 0.119301)
(2.13974e-07 1.63243e-07 0.108746)
(1.68193e-07 1.16549e-07 0.0947795)
(1.15682e-07 6.69681e-08 0.0762254)
(6.07507e-08 2.22863e-08 0.0515513)
(1.23128e-08 -4.11451e-09 0.0188253)
(4.74038e-07 6.98716e-07 0.190234)
(4.34596e-07 6.35059e-07 0.181483)
(3.85862e-07 5.59147e-07 0.170152)
(3.26465e-07 4.65385e-07 0.155364)
(2.55756e-07 3.52722e-07 0.135897)
(1.75264e-07 2.25107e-07 0.110022)
(9.14775e-08 9.84186e-08 0.0752889)
(1.76977e-08 4.51634e-09 0.0282066)
(2.26982e-07 1.02168e-06 0.218247)
(2.07879e-07 9.40805e-07 0.208671)
(1.84184e-07 8.38923e-07 0.196158)
(1.5523e-07 7.09351e-07 0.179678)
(1.20744e-07 5.48907e-07 0.157772)
(8.15823e-08 3.61054e-07 0.128353)
(4.11935e-08 1.67147e-07 0.0883931)
(6.75868e-09 1.42324e-08 0.0334592)
(-2.26871e-07 1.02169e-06 0.218247)
(-2.07771e-07 9.4081e-07 0.208671)
(-1.84082e-07 8.38928e-07 0.196158)
(-1.55136e-07 7.09357e-07 0.179678)
(-1.20663e-07 5.48914e-07 0.157772)
(-8.15196e-08 3.6106e-07 0.128353)
(-4.11543e-08 1.67152e-07 0.0883931)
(-6.74711e-09 1.42346e-08 0.0334592)
(-4.73929e-07 6.98734e-07 0.190234)
(-4.34489e-07 6.35078e-07 0.181483)
(-3.8576e-07 5.59166e-07 0.170152)
(-3.2637e-07 4.65404e-07 0.155364)
(-2.55674e-07 3.52741e-07 0.135897)
(-1.75198e-07 2.25125e-07 0.110022)
(-9.1435e-08 9.84329e-08 0.0752889)
(-1.76838e-08 4.5222e-09 0.0282066)
(-3.0778e-07 2.69466e-07 0.133467)
(-2.82946e-07 2.38496e-07 0.127323)
(-2.51996e-07 2.04109e-07 0.119301)
(-2.1391e-07 1.63258e-07 0.108746)
(-1.68139e-07 1.16566e-07 0.0947795)
(-1.1564e-07 6.69872e-08 0.0762254)
(-6.07245e-08 2.23035e-08 0.0515513)
(-1.23042e-08 -4.10718e-09 0.0188253)
(1.90564e-07 1.6679e-07 0.133464)
(1.75188e-07 1.47619e-07 0.12732)
(1.56026e-07 1.26333e-07 0.119297)
(1.32445e-07 1.01047e-07 0.108743)
(1.04106e-07 7.21459e-08 0.0947767)
(7.16012e-08 4.1459e-08 0.0762231)
(3.76e-08 1.38035e-08 0.0515496)
(7.61874e-09 -2.54313e-09 0.0188247)
(2.93451e-07 4.32559e-07 0.190231)
(2.6903e-07 3.93149e-07 0.18148)
(2.38858e-07 3.46154e-07 0.170148)
(2.02084e-07 2.88109e-07 0.155361)
(1.58309e-07 2.18363e-07 0.135894)
(1.08478e-07 1.39363e-07 0.110019)
(5.6612e-08 6.09365e-08 0.0752866)
(1.09465e-08 2.80033e-09 0.0282057)
(1.40521e-07 6.32519e-07 0.218245)
(1.28692e-07 5.82446e-07 0.208669)
(1.14021e-07 5.19369e-07 0.196155)
(9.60932e-08 4.39153e-07 0.179675)
(7.47412e-08 3.39823e-07 0.157769)
(5.04949e-08 2.23527e-07 0.12835)
(2.54913e-08 1.03483e-07 0.0883907)
(4.17853e-09 8.81313e-09 0.0334581)
(-1.40476e-07 6.32523e-07 0.218245)
(-1.28651e-07 5.82449e-07 0.208669)
(-1.13986e-07 5.19373e-07 0.196155)
(-9.60669e-08 4.39155e-07 0.179675)
(-7.47255e-08 3.39825e-07 0.157769)
(-5.0491e-08 2.23527e-07 0.12835)
(-2.54973e-08 1.03482e-07 0.0883907)
(-4.18599e-09 8.81239e-09 0.0334581)
(-2.93418e-07 4.32569e-07 0.190231)
(-2.69001e-07 3.93158e-07 0.18148)
(-2.38834e-07 3.46161e-07 0.170148)
(-2.02067e-07 2.88115e-07 0.155361)
(-1.583e-07 2.18367e-07 0.135894)
(-1.08478e-07 1.39364e-07 0.110019)
(-5.66186e-08 6.09347e-08 0.0752866)
(-1.09533e-08 2.79828e-09 0.0282057)
(-1.90542e-07 1.66804e-07 0.133464)
(-1.75168e-07 1.47632e-07 0.12732)
(-1.56009e-07 1.26345e-07 0.119297)
(-1.32431e-07 1.01056e-07 0.108743)
(-1.04096e-07 7.21526e-08 0.0947767)
(-7.15955e-08 4.14627e-08 0.0762231)
(-3.75982e-08 1.38042e-08 0.0515496)
(-7.61959e-09 -2.54365e-09 0.0188247)
(1.18021e-07 1.03322e-07 0.133462)
(1.08499e-07 9.14473e-08 0.127318)
(9.66313e-08 7.82606e-08 0.119295)
(8.20271e-08 6.25946e-08 0.108741)
(6.4476e-08 4.46897e-08 0.094775)
(4.43447e-08 2.56777e-08 0.0762216)
(2.32861e-08 8.54433e-09 0.0515485)
(4.71896e-09 -1.57774e-09 0.0188243)
(1.81733e-07 2.67879e-07 0.190229)
(1.66613e-07 2.43474e-07 0.181478)
(1.47931e-07 2.14369e-07 0.170146)
(1.2516e-07 1.7842e-07 0.155359)
(9.80534e-08 1.35224e-07 0.135892)
(6.71953e-08 8.62965e-08 0.110017)
(3.50736e-08 3.77253e-08 0.0752852)
(6.78718e-09 1.72893e-09 0.0282051)
(8.70252e-08 3.91697e-07 0.218244)
(7.97016e-08 3.60689e-07 0.208667)
(7.06178e-08 3.21627e-07 0.196154)
(5.95171e-08 2.71949e-07 0.179673)
(4.62958e-08 2.10436e-07 0.157767)
(3.12814e-08 1.38414e-07 0.128348)
(1.57962e-08 6.40737e-08 0.0883891)
(2.5929e-09 5.45415e-09 0.0334574)
(-8.6973e-08 3.91695e-07 0.218244)
(-7.9651e-08 3.60688e-07 0.208667)
(-7.05703e-08 3.21627e-07 0.196154)
(-5.94743e-08 2.7195e-07 0.179673)
(-4.62596e-08 2.10437e-07 0.157767)
(-3.12536e-08 1.38416e-07 0.128348)
(-1.57787e-08 6.40756e-08 0.0883891)
(-2.5873e-09 5.45511e-09 0.0334574)
(-1.81678e-07 2.67881e-07 0.190229)
(-1.66559e-07 2.43476e-07 0.181478)
(-1.47879e-07 2.14372e-07 0.170146)
(-1.25113e-07 1.78424e-07 0.155359)
(-9.8012e-08 1.35229e-07 0.135892)
(-6.71622e-08 8.63029e-08 0.110017)
(-3.50517e-08 3.77319e-08 0.0752852)
(-6.77937e-09 1.73206e-09 0.0282051)
(-1.17977e-07 1.03312e-07 0.133462)
(-1.08457e-07 9.14393e-08 0.127318)
(-9.65922e-08 7.82559e-08 0.119295)
(-8.1992e-08 6.25937e-08 0.108741)
(-6.44463e-08 4.46925e-08 0.094775)
(-4.43222e-08 2.5684e-08 0.0762216)
(-2.32723e-08 8.55224e-09 0.0515485)
(-4.71445e-09 -1.57366e-09 0.0188243)
(7.30544e-08 6.39458e-08 0.133461)
(6.71596e-08 5.65961e-08 0.127316)
(5.98132e-08 4.84363e-08 0.119294)
(5.07727e-08 3.87427e-08 0.10874)
(3.99081e-08 2.7663e-08 0.0947739)
(2.74472e-08 1.5899e-08 0.0762207)
(1.44129e-08 5.29646e-09 0.0515479)
(2.91961e-09 -9.73208e-10 0.018824)
(1.12499e-07 1.65858e-07 0.190228)
(1.03135e-07 1.50747e-07 0.181477)
(9.15655e-08 1.32729e-07 0.170145)
(7.74653e-08 1.10473e-07 0.155358)
(6.06809e-08 8.37318e-08 0.135891)
(4.15761e-08 5.3442e-08 0.110016)
(2.16931e-08 2.33718e-08 0.0752844)
(4.1908e-09 1.07719e-09 0.0282047)
(5.38678e-08 2.42525e-07 0.218243)
(4.93319e-08 2.23326e-07 0.208666)
(4.37061e-08 1.99142e-07 0.196153)
(3.68314e-08 1.68385e-07 0.179672)
(2.8644e-08 1.303e-07 0.157765)
(1.93477e-08 8.57098e-08 0.128346)
(9.76272e-09 3.96826e-08 0.0883882)
(1.59664e-09 3.38138e-09 0.033457)
(-5.38687e-08 2.42526e-07 0.218243)
(-4.93356e-08 2.23327e-07 0.208666)
(-4.37137e-08 1.99142e-07 0.196153)
(-3.68441e-08 1.68385e-07 0.179672)
(-2.86624e-08 1.30299e-07 0.157765)
(-1.93707e-08 8.57075e-08 0.128346)
(-9.78639e-09 3.96798e-08 0.0883882)
(-1.6102e-09 3.37963e-09 0.033457)
(-1.12506e-07 1.65856e-07 0.190228)
(-1.03144e-07 1.50746e-07 0.181477)
(-9.15781e-08 1.32726e-07 0.170145)
(-7.74817e-08 1.1047e-07 0.155358)
(-6.07011e-08 8.37266e-08 0.135891)
(-4.15991e-08 5.34355e-08 0.110016)
(-2.17149e-08 2.33643e-08 0.0752844)
(-4.20286e-09 1.07288e-09 0.0282047)
(-7.30539e-08 6.39517e-08 0.133461)
(-6.71601e-08 5.66011e-08 0.127316)
(-5.98149e-08 4.84398e-08 0.119294)
(-5.07758e-08 3.87441e-08 0.10874)
(-3.99127e-08 2.76623e-08 0.0947739)
(-2.74525e-08 1.58958e-08 0.0762207)
(-1.44179e-08 5.29183e-09 0.0515479)
(-2.92273e-09 -9.75683e-10 0.018824)
(4.52458e-08 3.96461e-08 0.13346)
(4.15944e-08 3.50914e-08 0.127315)
(3.70437e-08 3.00324e-08 0.119293)
(3.14435e-08 2.40216e-08 0.108739)
(2.47135e-08 1.71518e-08 0.0947732)
(1.69948e-08 9.85733e-09 0.0762201)
(8.92189e-09 3.28309e-09 0.0515475)
(1.80619e-09 -6.02947e-10 0.0188238)
(6.96696e-08 1.02755e-07 0.190227)
(6.38717e-08 9.33959e-08 0.181476)
(5.67077e-08 8.22334e-08 0.170144)
(4.79761e-08 6.84444e-08 0.155357)
(3.75818e-08 5.18754e-08 0.13589)
(2.57501e-08 3.3108e-08 0.110016)
(1.3436e-08 1.44766e-08 0.0752838)
(2.59634e-09 6.65456e-10 0.0282045)
(3.33429e-08 1.50232e-07 0.218242)
(3.05344e-08 1.38342e-07 0.208666)
(2.70511e-08 1.23362e-07 0.196152)
(2.27945e-08 1.04309e-07 0.179671)
(1.77253e-08 8.07149e-08 0.157765)
(1.197e-08 5.30914e-08 0.128346)
(6.03713e-09 2.45784e-08 0.0883876)
(9.85052e-10 2.09274e-09 0.0334567)
(-3.33795e-08 1.50225e-07 0.218242)
(-3.05718e-08 1.38335e-07 0.208666)
(-2.70896e-08 1.23355e-07 0.196152)
(-2.28343e-08 1.04302e-07 0.179671)
(-1.77658e-08 8.07087e-08 0.157765)
(-1.20089e-08 5.30859e-08 0.128346)
(-6.06938e-09 2.45744e-08 0.0883876)
(-1.00011e-09 2.09116e-09 0.0334567)
(-6.96969e-08 1.02735e-07 0.190227)
(-6.38986e-08 9.33762e-08 0.181476)
(-5.67347e-08 8.22143e-08 0.170144)
(-4.80032e-08 6.84266e-08 0.155357)
(-3.76088e-08 5.18596e-08 0.13589)
(-2.57756e-08 3.30947e-08 0.110016)
(-1.34568e-08 1.44672e-08 0.0752838)
(-2.60595e-09 6.61815e-10 0.0282045)
(-4.52534e-08 3.9615e-08 0.13346)
(-4.16027e-08 3.50623e-08 0.127315)
(-3.70528e-08 3.00065e-08 0.119293)
(-3.14535e-08 2.39994e-08 0.108739)
(-2.47242e-08 1.71337e-08 0.0947732)
(-1.70054e-08 9.84409e-09 0.0762201)
(-8.93079e-09 3.27522e-09 0.0515475)
(-1.81029e-09 -6.05739e-10 0.0188238)
(2.79671e-08 2.45354e-08 0.133459)
(2.57085e-08 2.17188e-08 0.127315)
(2.28938e-08 1.85915e-08 0.119293)
(1.94305e-08 1.4875e-08 0.108739)
(1.52689e-08 1.06261e-08 0.0947728)
(1.04972e-08 6.11433e-09 0.0762198)
(5.50855e-09 2.0461e-09 0.0515472)
(1.11267e-09 -3.67211e-10 0.0188237)
(4.30737e-08 6.36266e-08 0.190227)
(3.94831e-08 5.78339e-08 0.181476)
(3.50475e-08 5.0925e-08 0.170144)
(2.96426e-08 4.23899e-08 0.155356)
(2.32105e-08 3.21332e-08 0.135889)
(1.58923e-08 2.0515e-08 0.110015)
(8.28166e-09 8.9794e-09 0.0752835)
(1.59216e-09 4.19634e-10 0.0282043)
(2.05945e-08 9.3016e-08 0.218242)
(1.88558e-08 8.56553e-08 0.208665)
(1.66998e-08 7.63818e-08 0.196152)
(1.40659e-08 6.45864e-08 0.17967)
(1.09305e-08 4.99798e-08 0.157764)
(7.37308e-09 3.28785e-08 0.128345)
(3.71033e-09 1.52257e-08 0.0883872)
(5.99414e-10 1.29947e-09 0.0334565)
(-2.07067e-08 9.30064e-08 0.218242)
(-1.89673e-08 8.56446e-08 0.208665)
(-1.68099e-08 7.63703e-08 0.196152)
(-1.41731e-08 6.45746e-08 0.17967)
(-1.10316e-08 4.99681e-08 0.157764)
(-7.46222e-09 3.28672e-08 0.128345)
(-3.77698e-09 1.52169e-08 0.0883872)
(-6.26438e-10 1.29583e-09 0.0334565)
(-4.31792e-08 6.35945e-08 0.190227)
(-3.95878e-08 5.78008e-08 0.181476)
(-3.51507e-08 5.08914e-08 0.170144)
(-2.97426e-08 4.23568e-08 0.155356)
(-2.33042e-08 3.21016e-08 0.135889)
(-1.59743e-08 2.04864e-08 0.110015)
(-8.34241e-09 8.95655e-09 0.0752835)
(-1.61711e-09 4.10073e-10 0.0282043)
(-2.80246e-08 2.45112e-08 0.133459)
(-2.57648e-08 2.16934e-08 0.127315)
(-2.29482e-08 1.85647e-08 0.119293)
(-1.94817e-08 1.48475e-08 0.108739)
(-1.53152e-08 1.05988e-08 0.0947728)
(-1.05356e-08 6.08847e-09 0.0762198)
(-5.5349e-09 2.02482e-09 0.0515472)
(-1.12295e-09 -3.75649e-10 0.0188237)
(1.7341e-08 1.52213e-08 0.133459)
(1.5943e-08 1.34721e-08 0.127315)
(1.42003e-08 1.15271e-08 0.119293)
(1.20554e-08 9.21548e-09 0.108738)
(9.47751e-09 6.57478e-09 0.0947726)
(6.51997e-09 3.77129e-09 0.0762196)
(3.42528e-09 1.24621e-09 0.0515471)
(6.96633e-10 -2.37631e-10 0.0188237)
(2.67222e-08 3.93869e-08 0.190227)
(2.45043e-08 3.57953e-08 0.181475)
(2.17634e-08 3.15119e-08 0.170144)
(1.84218e-08 2.62212e-08 0.155356)
(1.44424e-08 1.98654e-08 0.135889)
(9.90979e-09 1.26674e-08 0.110015)
(5.18617e-09 5.52508e-09 0.0752833)
(1.015e-09 2.43896e-10 0.0282042)
(1.27905e-08 5.75837e-08 0.218242)
(1.17176e-08 5.30219e-08 0.208665)
(1.03869e-08 4.72759e-08 0.196151)
(8.7603e-09 3.99694e-08 0.17967)
(6.82245e-09 3.09233e-08 0.157764)
(4.62041e-09 2.03337e-08 0.128345)
(2.34525e-09 9.40592e-09 0.088387)
(3.94789e-10 7.96545e-10 0.0334564)
(-1.27818e-08 5.75762e-08 0.218242)
(-1.17031e-08 5.30151e-08 0.208665)
(-1.03652e-08 4.72707e-08 0.196151)
(-8.73058e-09 3.99669e-08 0.17967)
(-6.7842e-09 3.09242e-08 0.157764)
(-4.57522e-09 2.03382e-08 0.128345)
(-2.30027e-09 9.41279e-09 0.088387)
(-3.69379e-10 8.00569e-10 0.0334564)
(-2.66912e-08 3.9376e-08 0.190227)
(-2.44677e-08 3.57856e-08 0.181475)
(-2.17206e-08 3.15054e-08 0.170144)
(-1.83729e-08 2.62207e-08 0.155356)
(-1.43886e-08 1.98719e-08 0.135889)
(-9.85436e-09 1.26819e-08 0.110015)
(-5.13737e-09 5.54461e-09 0.0752833)
(-9.89707e-10 2.55269e-10 0.0282042)
(-1.7318e-08 1.51861e-08 0.133459)
(-1.5919e-08 1.344e-08 0.127315)
(-1.41756e-08 1.15019e-08 0.119293)
(-1.20306e-08 9.20051e-09 0.108738)
(-9.45346e-09 6.57031e-09 0.0947726)
(-6.49846e-09 3.77754e-09 0.0762196)
(-3.40922e-09 1.26008e-09 0.0515471)
(-6.88603e-10 -2.29468e-10 0.0188237)
(1.08472e-08 9.28349e-09 0.133459)
(9.97895e-09 8.20614e-09 0.127314)
(8.89639e-09 7.01287e-09 0.119292)
(7.56305e-09 5.59615e-09 0.108738)
(5.95867e-09 3.97905e-09 0.0947724)
(4.11417e-09 2.26432e-09 0.0762194)
(2.17677e-09 7.27114e-10 0.051547)
(4.52736e-10 -1.623e-10 0.0188236)
(1.6648e-08 2.42617e-08 0.190227)
(1.52721e-08 2.20399e-08 0.181475)
(1.35715e-08 1.93942e-08 0.170143)
(1.14976e-08 1.61314e-08 0.155356)
(9.02611e-09 1.22135e-08 0.135889)
(6.20723e-09 7.78011e-09 0.110015)
(3.26206e-09 3.38495e-09 0.0752832)
(6.47102e-10 1.41244e-10 0.0282042)
(8.01374e-09 3.55571e-08 0.218242)
(7.34769e-09 3.27351e-08 0.208665)
(6.52064e-09 2.91835e-08 0.196151)
(5.50889e-09 2.46706e-08 0.17967)
(4.30159e-09 1.90841e-08 0.157764)
(2.92619e-09 1.25458e-08 0.128345)
(1.49832e-09 5.8007e-09 0.0883869)
(2.61416e-10 4.88498e-10 0.0334564)
(-7.84757e-09 3.55798e-08 0.218242)
(-7.18145e-09 3.27598e-08 0.208665)
(-6.35613e-09 2.92093e-08 0.196151)
(-5.34866e-09 2.46955e-08 0.17967)
(-4.1503e-09 1.91072e-08 0.157764)
(-2.79248e-09 1.2566e-08 0.128345)
(-1.39783e-09 5.81563e-09 0.0883869)
(-2.20302e-10 4.94061e-10 0.0334564)
(-1.65073e-08 2.43217e-08 0.190227)
(-1.51333e-08 2.21047e-08 0.181475)
(-1.34359e-08 1.94613e-08 0.170143)
(-1.13672e-08 1.61965e-08 0.155356)
(-8.90497e-09 1.22735e-08 0.135889)
(-6.10226e-09 7.83081e-09 0.110015)
(-3.1852e-09 3.42158e-09 0.0752832)
(-6.1653e-10 1.54957e-10 0.0282042)
(-1.07449e-08 9.3541e-09 0.133459)
(-9.88029e-09 8.27597e-09 0.127314)
(-8.80234e-09 7.07923e-09 0.119292)
(-7.47531e-09 5.6577e-09 0.108738)
(-5.87973e-09 4.03393e-09 0.0947724)
(-4.04825e-09 2.31009e-09 0.0762194)
(-2.13047e-09 7.60073e-10 0.051547)
(-4.35133e-10 -1.49599e-10 0.0188236)
(6.64102e-09 5.77854e-09 0.133459)
(6.1035e-09 5.11319e-09 0.127314)
(5.43383e-09 4.37693e-09 0.119292)
(4.61003e-09 3.50364e-09 0.108738)
(3.6203e-09 2.50503e-09 0.0947723)
(2.48598e-09 1.44461e-09 0.0762193)
(1.3012e-09 4.87655e-10 0.0515469)
(2.59807e-10 -8.326e-11 0.0188236)
(1.02389e-08 1.50443e-08 0.190226)
(9.38281e-09 1.36721e-08 0.181475)
(8.32548e-09 1.20387e-08 0.170143)
(7.03748e-09 1.00231e-08 0.155356)
(5.50497e-09 7.60089e-09 0.135889)
(3.76202e-09 4.85697e-09 0.110015)
(1.95175e-09 2.1308e-09 0.0752831)
(3.67943e-10 1.03459e-10 0.0282041)
(4.91142e-09 2.20216e-08 0.218242)
(4.49501e-09 2.02757e-08 0.208665)
(3.97857e-09 1.80793e-08 0.196151)
(3.34769e-09 1.52878e-08 0.17967)
(2.59661e-09 1.18316e-08 0.157764)
(1.74458e-09 7.78487e-09 0.128345)
(8.69062e-10 3.60613e-09 0.0883868)
(1.32731e-10 3.08998e-10 0.0334563)
(-4.89831e-09 2.20322e-08 0.218242)
(-4.4889e-09 2.02853e-08 0.208665)
(-3.98097e-09 1.80867e-08 0.196151)
(-3.36005e-09 1.52923e-08 0.17967)
(-2.62008e-09 1.18327e-08 0.157764)
(-1.77876e-09 7.78175e-09 0.128345)
(-9.07943e-10 3.60029e-09 0.0883868)
(-1.57259e-10 3.05107e-10 0.0334563)
(-1.02396e-08 1.50664e-08 0.190226)
(-9.38999e-09 1.36914e-08 0.181475)
(-8.33989e-09 1.20528e-08 0.170143)
(-7.05946e-09 1.003e-08 0.155356)
(-5.53436e-09 7.5999e-09 0.135889)
(-3.79688e-09 4.84741e-09 0.110015)
(-1.98591e-09 2.11542e-09 0.0752831)
(-3.87574e-10 9.44735e-11 0.0282041)
(-6.65195e-09 5.81585e-09 0.133459)
(-6.11556e-09 5.14659e-09 0.127314)
(-5.44683e-09 4.40379e-09 0.119292)
(-4.62366e-09 3.5218e-09 0.108738)
(-3.63422e-09 2.51388e-09 0.0947723)
(-2.49903e-09 1.44344e-09 0.0762193)
(-1.31136e-09 4.78866e-10 0.0515469)
(-2.65378e-10 -8.93212e-11 0.0188236)
(4.10238e-09 3.63581e-09 0.133459)
(3.76985e-09 3.22006e-09 0.127314)
(3.35557e-09 2.75766e-09 0.119292)
(2.84605e-09 2.20811e-09 0.108738)
(2.23427e-09 1.57981e-09 0.0947722)
(1.53334e-09 9.11489e-10 0.0762193)
(8.01773e-10 3.07475e-10 0.0515469)
(1.6039e-10 -5.19847e-11 0.0188236)
(6.33324e-09 9.3649e-09 0.190226)
(5.80529e-09 8.51289e-09 0.181475)
(5.15307e-09 7.49675e-09 0.170143)
(4.35826e-09 6.24158e-09 0.155356)
(3.41245e-09 4.73289e-09 0.135889)
(2.33649e-09 3.02284e-09 0.110014)
(1.21779e-09 1.32347e-09 0.0752831)
(2.3486e-10 6.2122e-11 0.0282041)
(3.02395e-09 1.36738e-08 0.218242)
(2.76765e-09 1.2592e-08 0.208665)
(2.45003e-09 1.12297e-08 0.196151)
(2.06227e-09 9.49739e-09 0.17967)
(1.60103e-09 7.35129e-09 0.157764)
(1.07844e-09 4.83772e-09 0.128345)
(5.41442e-10 2.24145e-09 0.0883867)
(8.69469e-11 1.92063e-10 0.0334563)
(-3.05208e-09 1.36648e-08 0.218242)
(-2.79709e-09 1.25824e-08 0.208665)
(-2.48045e-09 1.12198e-08 0.196151)
(-2.09305e-09 9.48797e-09 0.17967)
(-1.63098e-09 7.34345e-09 0.157764)
(-1.10504e-09 4.83158e-09 0.128345)
(-5.60586e-10 2.23772e-09 0.0883867)
(-9.34935e-11 1.90949e-10 0.0334563)
(-6.35363e-09 9.33958e-09 0.190226)
(-5.82628e-09 8.4873e-09 0.181475)
(-5.17435e-09 7.47226e-09 0.170143)
(-4.37939e-09 6.21959e-09 0.155356)
(-3.43239e-09 4.71451e-09 0.135889)
(-2.35351e-09 3.0094e-09 0.110014)
(-1.22935e-09 1.31605e-09 0.0752831)
(-2.38114e-10 6.04254e-11 0.0282041)
(-4.13365e-09 3.59997e-09 0.133459)
(-3.80072e-09 3.18502e-09 0.127314)
(-3.3856e-09 2.72496e-09 0.119292)
(-2.8746e-09 2.17918e-09 0.108738)
(-2.26027e-09 1.55531e-09 0.0947723)
(-1.5554e-09 8.93e-10 0.0762193)
(-8.17446e-10 2.96244e-10 0.0515469)
(-1.66032e-10 -5.58679e-11 0.0188236)
(2.56456e-09 2.23032e-09 0.133458)
(2.35741e-09 1.97331e-09 0.127314)
(2.09942e-09 1.68876e-09 0.119292)
(1.78213e-09 1.35096e-09 0.108738)
(1.40098e-09 9.64641e-10 0.0947722)
(9.63982e-10 5.54335e-10 0.0762193)
(5.06837e-10 1.84401e-10 0.0515469)
(1.03016e-10 -3.44534e-11 0.0188236)
(3.93302e-09 5.80905e-09 0.190226)
(3.60401e-09 5.27995e-09 0.181475)
(3.19786e-09 4.64914e-09 0.170143)
(2.70344e-09 3.86982e-09 0.155356)
(2.11561e-09 2.9335e-09 0.135889)
(1.4473e-09 1.87248e-09 0.110014)
(7.53139e-10 8.18823e-10 0.075283)
(1.4427e-10 3.79789e-11 0.0282041)
(1.88671e-09 8.49596e-09 0.218242)
(1.7271e-09 7.82369e-09 0.208665)
(1.52944e-09 6.97623e-09 0.196151)
(1.28839e-09 5.89839e-09 0.17967)
(1.00197e-09 4.56386e-09 0.157764)
(6.77432e-10 3.00101e-09 0.128345)
(3.43167e-10 1.38745e-09 0.0883867)
(5.7887e-11 1.17481e-10 0.0334563)
(-1.88088e-09 8.50185e-09 0.218242)
(-1.72271e-09 7.83e-09 0.208665)
(-1.52624e-09 6.98245e-09 0.196151)
(-1.28574e-09 5.90388e-09 0.17967)
(-9.98849e-10 4.56848e-09 0.157764)
(-6.72639e-10 3.00419e-09 0.128345)
(-3.36558e-10 1.38955e-09 0.0883867)
(-5.24052e-11 1.18089e-10 0.0334563)
(-3.93578e-09 5.82387e-09 0.190226)
(-3.60834e-09 5.29481e-09 0.181475)
(-3.20335e-09 4.66283e-09 0.170143)
(-2.70926e-09 3.88126e-09 0.155356)
(-2.12072e-09 2.94214e-09 0.135889)
(-1.45063e-09 1.87792e-09 0.110014)
(-7.53722e-10 8.2093e-10 0.075283)
(-1.43191e-10 3.82589e-11 0.0282041)
(-2.56329e-09 2.25998e-09 0.133458)
(-2.35592e-09 2.00166e-09 0.127314)
(-2.09725e-09 1.71407e-09 0.119292)
(-1.7788e-09 1.37188e-09 0.108738)
(-1.39622e-09 9.80562e-10 0.0947722)
(-9.57695e-10 5.64546e-10 0.0762193)
(-4.99929e-10 1.89017e-10 0.0515469)
(-9.94111e-11 -3.30789e-11 0.0188236)
(1.54959e-09 1.45891e-09 0.133458)
(1.41942e-09 1.29834e-09 0.127314)
(1.25771e-09 1.11866e-09 0.119292)
(1.05962e-09 9.02981e-10 0.108738)
(8.23273e-10 6.54961e-10 0.0947722)
(5.54959e-10 3.88244e-10 0.0762192)
(2.79709e-10 1.42334e-10 0.0515469)
(4.87907e-11 -1.16148e-11 0.0188236)
(2.43667e-09 3.68307e-09 0.190226)
(2.23237e-09 3.34735e-09 0.181475)
(1.97988e-09 2.94437e-09 0.170143)
(1.67224e-09 2.4468e-09 0.155356)
(1.30645e-09 1.8518e-09 0.135889)
(8.9077e-10 1.17869e-09 0.110014)
(4.59922e-10 5.11585e-10 0.075283)
(8.60984e-11 2.29046e-11 0.0282041)
(1.20848e-09 5.31591e-09 0.218242)
(1.11287e-09 4.89822e-09 0.208665)
(9.93218e-10 4.36981e-09 0.196151)
(8.45296e-10 3.69548e-09 0.17967)
(6.66975e-10 2.85974e-09 0.157764)
(4.61369e-10 1.87983e-09 0.128345)
(2.43723e-10 8.67729e-10 0.0883867)
(4.82437e-11 7.27215e-11 0.0334563)
(-1.13082e-09 5.306e-09 0.218242)
(-1.03127e-09 4.88824e-09 0.208665)
(-9.07968e-10 4.36082e-09 0.196151)
(-7.58041e-10 3.68901e-09 0.17967)
(-5.80835e-10 2.85653e-09 0.157764)
(-3.82389e-10 1.88114e-09 0.128345)
(-1.83168e-10 8.72884e-10 0.0883867)
(-2.31501e-11 7.56588e-11 0.0334563)
(-2.39388e-09 3.63449e-09 0.190226)
(-2.1901e-09 3.30617e-09 0.181475)
(-1.9387e-09 2.91456e-09 0.170143)
(-1.63314e-09 2.42989e-09 0.155356)
(-1.27075e-09 1.84664e-09 0.135889)
(-8.60951e-10 1.18477e-09 0.110014)
(-4.39461e-10 5.25207e-10 0.075283)
(-7.77459e-11 2.94418e-11 0.0282041)
(-1.54543e-09 1.40897e-09 0.133458)
(-1.41884e-09 1.2493e-09 0.127314)
(-1.26115e-09 1.07235e-09 0.119292)
(-1.06737e-09 8.61798e-10 0.108738)
(-8.35059e-10 6.20249e-10 0.0947722)
(-5.699e-10 3.63141e-10 0.0762192)
(-2.94904e-10 1.29178e-10 0.0515469)
(-5.63683e-11 -1.56567e-11 0.0188236)
(9.4889e-10 8.87578e-10 0.133458)
(8.72027e-10 7.86918e-10 0.127314)
(7.76125e-10 6.73695e-10 0.119292)
(6.58089e-10 5.38871e-10 0.108738)
(5.16509e-10 3.85377e-10 0.0947722)
(3.54841e-10 2.23897e-10 0.0762192)
(1.86418e-10 7.87425e-11 0.0515469)
(3.74379e-11 -1.08976e-11 0.0188236)
(1.46575e-09 2.26275e-09 0.190226)
(1.34157e-09 2.06079e-09 0.181475)
(1.18815e-09 1.81805e-09 0.170143)
(1.00135e-09 1.51585e-09 0.155356)
(7.79597e-10 1.15261e-09 0.135889)
(5.29051e-10 7.43277e-10 0.110014)
(2.70877e-10 3.34976e-10 0.075283)
(4.72663e-11 2.16596e-11 0.0282041)
(6.64076e-10 3.28241e-09 0.218242)
(6.03015e-10 3.02647e-09 0.208665)
(5.27619e-10 2.7008e-09 0.196151)
(4.3597e-10 2.28456e-09 0.17967)
(3.27626e-10 1.7694e-09 0.157764)
(2.069e-10 1.16857e-09 0.128345)
(8.76955e-11 5.50266e-10 0.0883867)
(-2.37074e-13 5.15657e-11 0.0334563)
(-7.79703e-10 3.26221e-09 0.218242)
(-7.19073e-10 3.00566e-09 0.208665)
(-6.43638e-10 2.67999e-09 0.196151)
(-5.51211e-10 2.26407e-09 0.17967)
(-4.40279e-10 1.75012e-09 0.157764)
(-3.12641e-10 1.15204e-09 0.128345)
(-1.75395e-10 5.36776e-10 0.0883867)
(-4.26073e-11 4.57214e-11 0.0334563)
(-1.5746e-09 2.20745e-09 0.190226)
(-1.44906e-09 2.00654e-09 0.181475)
(-1.29361e-09 1.76465e-09 0.170143)
(-1.10351e-09 1.46461e-09 0.155356)
(-8.76111e-10 1.10444e-09 0.135889)
(-6.15079e-10 7.00518e-10 0.110014)
(-3.37847e-10 3.02979e-10 0.075283)
(-7.76103e-11 8.58978e-12 0.0282041)
(-1.02927e-09 8.18112e-10 0.133458)
(-9.50805e-10 7.20793e-10 0.127314)
(-8.52373e-10 6.11836e-10 0.119292)
(-7.3028e-10 4.81922e-10 0.108738)
(-5.82215e-10 3.34801e-10 0.0947722)
(-4.10368e-10 1.81846e-10 0.0762192)
(-2.26397e-10 4.95495e-11 0.0515469)
(-5.31252e-11 -2.17837e-11 0.0188236)
(6.40079e-10 4.69367e-10 0.133458)
(5.9116e-10 4.08876e-10 0.127314)
(5.3015e-10 3.44222e-10 0.119292)
(4.54845e-10 2.69623e-10 0.108738)
(3.636e-10 1.85232e-10 0.0947722)
(2.5787e-10 9.89016e-11 0.0762192)
(1.44091e-10 2.50308e-11 0.0515468)
(3.44262e-11 -1.45633e-11 0.0188236)
(9.39905e-10 1.35022e-09 0.190226)
(8.6172e-10 1.22458e-09 0.181475)
(7.65262e-10 1.07534e-09 0.170143)
(6.48216e-10 8.92235e-10 0.155356)
(5.09322e-10 6.72763e-10 0.135889)
(3.51876e-10 4.2714e-10 0.110014)
(1.88075e-10 1.85873e-10 0.075283)
(3.96761e-11 6.28632e-12 0.0282041)
(4.45738e-10 2.00166e-09 0.218242)
(4.07917e-10 1.84199e-09 0.208665)
(3.61288e-10 1.64083e-09 0.196151)
(3.04947e-10 1.38553e-09 0.17967)
(2.38665e-10 1.06991e-09 0.157764)
(1.64499e-10 7.02458e-10 0.128345)
(8.85976e-11 3.25299e-10 0.0883867)
(2.02423e-11 2.66274e-11 0.0334563)
(-4.52161e-10 2.01075e-09 0.218242)
(-4.14318e-10 1.85157e-09 0.208665)
(-3.67051e-10 1.65035e-09 0.196151)
(-3.08795e-10 1.39405e-09 0.17967)
(-2.38649e-10 1.07701e-09 0.157764)
(-1.58273e-10 7.07883e-10 0.128345)
(-7.52156e-11 3.28801e-10 0.0883867)
(-7.28994e-12 2.81895e-11 0.0334563)
(-9.41804e-10 1.37543e-09 0.190226)
(-8.63086e-10 1.25055e-09 0.181475)
(-7.6568e-10 1.10108e-09 0.170143)
(-6.46713e-10 9.16095e-10 0.155356)
(-5.04817e-10 6.93717e-10 0.135889)
(-3.43313e-10 4.43392e-10 0.110014)
(-1.7592e-10 1.96039e-10 0.075283)
(-3.0717e-11 1.03484e-11 0.0282041)
(-5.99832e-10 5.31912e-10 0.133458)
(-5.50973e-10 4.71667e-10 0.127314)
(-4.89979e-10 4.04484e-10 0.119292)
(-4.14798e-10 3.24359e-10 0.108738)
(-3.24468e-10 2.32711e-10 0.0947722)
(-2.21247e-10 1.36015e-10 0.0762192)
(-1.14131e-10 4.87602e-11 0.0515468)
(-2.12447e-11 -5.36658e-12 0.0188236)
(3.64018e-10 3.66583e-10 0.133458)
(3.34204e-10 3.28666e-10 0.127314)
(2.96605e-10 2.83459e-10 0.119292)
(2.49901e-10 2.27467e-10 0.108738)
(1.93755e-10 1.63606e-10 0.0947722)
(1.29484e-10 9.50753e-11 0.0762192)
(6.35741e-11 3.28613e-11 0.0515468)
(1.01828e-11 -3.25893e-12 0.0188236)
(5.88517e-10 8.66186e-10 0.190226)
(5.41665e-10 7.89045e-10 0.181475)
(4.8335e-10 6.95136e-10 0.170143)
(4.11414e-10 5.77381e-10 0.155356)
(3.24742e-10 4.36071e-10 0.135889)
(2.24805e-10 2.76633e-10 0.110014)
(1.18974e-10 1.19008e-10 0.075283)
(2.40142e-11 4.33441e-12 0.0282041)
(2.79407e-10 1.26033e-09 0.218242)
(2.56924e-10 1.16261e-09 0.208665)
(2.28833e-10 1.03757e-09 0.196151)
(1.94121e-10 8.76725e-10 0.17967)
(1.52188e-10 6.77494e-10 0.157764)
(1.03791e-10 4.44489e-10 0.128345)
(5.2434e-11 2.04941e-10 0.0883867)
(7.67471e-12 1.73126e-11 0.0334563)
(-2.72773e-10 1.2566e-09 0.218242)
(-2.48842e-10 1.15886e-09 0.208665)
(-2.1916e-10 1.0344e-09 0.196151)
(-1.83102e-10 8.74503e-10 0.17967)
(-1.40546e-10 6.76473e-10 0.157764)
(-9.30458e-11 4.44687e-10 0.128345)
(-4.54938e-11 2.06208e-10 0.0883867)
(-6.83538e-12 1.78528e-11 0.0334563)
(-5.73892e-10 8.62405e-10 0.190226)
(-5.2536e-10 7.85348e-10 0.181475)
(-4.65457e-10 6.92563e-10 0.170143)
(-3.92586e-10 5.76804e-10 0.155356)
(-3.06189e-10 4.37569e-10 0.135889)
(-2.08515e-10 2.79789e-10 0.110014)
(-1.07858e-10 1.2328e-10 0.075283)
(-2.04171e-11 6.31655e-12 0.0282041)
(-3.64835e-10 3.35432e-10 0.133458)
(-3.35279e-10 2.98003e-10 0.127314)
(-2.9831e-10 2.56004e-10 0.119292)
(-2.52709e-10 2.05387e-10 0.108738)
(-1.97933e-10 1.47196e-10 0.0947722)
(-1.35363e-10 8.53859e-11 0.0762192)
(-7.04068e-11 2.95985e-11 0.0515468)
(-1.37248e-11 -4.26847e-12 0.0188236)
(2.23497e-10 1.34e-10 0.133458)
(2.06558e-10 1.14774e-10 0.127314)
(1.85515e-10 9.62792e-11 0.119292)
(1.59592e-10 7.57385e-11 0.108738)
(1.28132e-10 5.22053e-11 0.0947722)
(9.20288e-11 2.94223e-11 0.0762192)
(5.30963e-11 1.02898e-11 0.0515468)
(1.28256e-11 -3.65592e-12 0.0188236)
(3.09153e-10 4.7558e-10 0.190226)
(2.78854e-10 4.32993e-10 0.181475)
(2.42036e-10 3.83173e-10 0.170143)
(1.98307e-10 3.21939e-10 0.155356)
(1.47711e-10 2.47336e-10 0.135889)
(9.28621e-11 1.6374e-10 0.110014)
(4.05298e-11 8.00788e-11 0.075283)
(1.313e-12 8.84081e-12 0.0282041)
(1.19131e-10 7.15806e-10 0.218242)
(1.03886e-10 6.58986e-10 0.208665)
(8.56559e-11 5.88055e-10 0.196151)
(6.43811e-11 4.98373e-10 0.17967)
(4.06155e-11 3.87259e-10 0.157764)
(1.63815e-11 2.58298e-10 0.128345)
(-3.23026e-12 1.25086e-10 0.0883867)
(-9.2772e-12 1.33581e-11 0.0334563)
(-2.17195e-10 7.15074e-10 0.218242)
(-2.03764e-10 6.56218e-10 0.208665)
(-1.86594e-10 5.83108e-10 0.196151)
(-1.64919e-10 4.91287e-10 0.17967)
(-1.37888e-10 3.78313e-10 0.157764)
(-1.04955e-10 2.48121e-10 0.128345)
(-6.59357e-11 1.15334e-10 0.0883867)
(-2.06627e-11 8.90323e-12 0.0334563)
(-3.92537e-10 4.72579e-10 0.190226)
(-3.63714e-10 4.2595e-10 0.181475)
(-3.2779e-10 3.71397e-10 0.170143)
(-2.83518e-10 3.05671e-10 0.155356)
(-2.29905e-10 2.27469e-10 0.135889)
(-1.67163e-10 1.41284e-10 0.110014)
(-9.75416e-11 5.80547e-11 0.075283)
(-2.62575e-11 -1.48256e-12 0.0282041)
(-2.53063e-10 1.61999e-10 0.133458)
(-2.35135e-10 1.39819e-10 0.127314)
(-2.12491e-10 1.15834e-10 0.119292)
(-1.84193e-10 8.83605e-11 0.108738)
(-1.49445e-10 5.76164e-11 0.0947722)
(-1.08307e-10 2.67205e-11 0.0762192)
(-6.26892e-11 1.75388e-12 0.0515468)
(-1.65964e-11 -8.31261e-12 0.0188236)
(1.39233e-10 1.32329e-10 0.133458)
(1.28389e-10 1.18428e-10 0.127314)
(1.14649e-10 1.01304e-10 0.119292)
(9.75252e-11 8.00055e-11 0.108738)
(7.67718e-11 5.58234e-11 0.0947722)
(5.25814e-11 2.97407e-11 0.0762192)
(2.71433e-11 6.77539e-12 0.0515468)
(5.74267e-12 -3.33217e-12 0.0188236)
(2.32681e-10 3.09517e-10 0.190226)
(2.16149e-10 2.80069e-10 0.181475)
(1.95621e-10 2.44327e-10 0.170143)
(1.70239e-10 1.99981e-10 0.155356)
(1.39472e-10 1.47199e-10 0.135889)
(1.03163e-10 8.86873e-11 0.110014)
(6.22344e-11 3.20782e-11 0.075283)
(1.92185e-11 -3.62076e-12 0.0282041)
(1.19181e-10 4.59341e-10 0.218242)
(1.12048e-10 4.21977e-10 0.208665)
(1.03148e-10 3.74493e-10 0.196151)
(9.21443e-11 3.14294e-10 0.17967)
(7.86852e-11 2.40178e-10 0.157764)
(6.24177e-11 1.54587e-10 0.128345)
(4.24404e-11 6.76605e-11 0.0883867)
(1.6235e-11 3.14174e-12 0.0334563)
(-8.82717e-11 4.62714e-10 0.218242)
(-7.8122e-11 4.25872e-10 0.208665)
(-6.55063e-11 3.79289e-10 0.196151)
(-5.01817e-11 3.2033e-10 0.17967)
(-3.21992e-11 2.47622e-10 0.157764)
(-1.27813e-11 1.62913e-10 0.128345)
(4.25176e-12 7.59715e-11 0.0883867)
(9.79541e-12 7.09432e-12 0.0334563)
(-1.99497e-10 3.20765e-10 0.190226)
(-1.80578e-10 2.92086e-10 0.181475)
(-1.57241e-10 2.57951e-10 0.170143)
(-1.2894e-10 2.15783e-10 0.155356)
(-9.5683e-11 1.65187e-10 0.135889)
(-5.89146e-11 1.07935e-10 0.110014)
(-2.32693e-11 5.02303e-11 0.075283)
(1.37921e-12 5.211e-12 0.0282041)
(-1.2363e-10 1.27877e-10 0.133458)
(-1.12255e-10 1.1422e-10 0.127314)
(-9.8159e-11 9.91435e-11 0.119292)
(-8.10175e-11 8.12e-11 0.108738)
(-6.08598e-11 6.04734e-11 0.0947722)
(-3.85748e-11 3.83139e-11 0.0762192)
(-1.68939e-11 1.73329e-11 0.0515468)
(-8.34302e-13 1.53569e-12 0.0188236)
(1.22559e-10 3.95703e-12 0.133458)
(1.15386e-10 7.50297e-13 0.127314)
(1.06273e-10 -1.85217e-12 0.119292)
(9.45588e-11 -5.9872e-12 0.108738)
(7.9815e-11 -1.00977e-11 0.0947722)
(6.20494e-11 -1.1407e-11 0.0762192)
(4.0416e-11 -9.24939e-12 0.0515468)
(1.27495e-11 -5.67546e-12 0.0188236)
(1.64241e-10 1.36679e-10 0.190226)
(1.51381e-10 1.22305e-10 0.181475)
(1.35755e-10 1.05345e-10 0.170143)
(1.16907e-10 8.52606e-11 0.155356)
(9.44044e-11 6.25295e-11 0.135889)
(6.85222e-11 4.01549e-11 0.110014)
(4.02704e-11 2.03893e-11 0.075283)
(9.9183e-12 1.43862e-12 0.0282041)
(9.5646e-11 2.43084e-10 0.218242)
(8.97363e-11 2.24858e-10 0.208665)
(8.20605e-11 2.00212e-10 0.196151)
(7.23847e-11 1.6813e-10 0.17967)
(6.01184e-11 1.29208e-10 0.157764)
(4.53063e-11 8.73049e-11 0.128345)
(2.77119e-11 4.57518e-11 0.0883867)
(7.65837e-12 6.3008e-12 0.0334563)
(-4.32301e-11 2.52281e-10 0.218242)
(-3.76418e-11 2.34378e-10 0.208665)
(-3.10797e-11 2.10007e-10 0.196151)
(-2.3759e-11 1.77607e-10 0.17967)
(-1.57162e-11 1.37999e-10 0.157764)
(-8.15296e-12 9.34807e-11 0.128345)
(-2.13714e-12 4.97175e-11 0.0883867)
(1.21587e-12 7.08032e-12 0.0334563)
(-1.42629e-10 1.60471e-10 0.190226)
(-1.31721e-10 1.48817e-10 0.181475)
(-1.18391e-10 1.32917e-10 0.170143)
(-1.02118e-10 1.11244e-10 0.155356)
(-8.29075e-11 8.42077e-11 0.135889)
(-6.09286e-11 5.63219e-11 0.110014)
(-3.66748e-11 2.76407e-11 0.075283)
(-1.03497e-11 1.85116e-12 0.0282041)
(-1.07685e-10 3.3794e-11 0.133458)
(-1.02066e-10 2.8769e-11 0.127314)
(-9.45751e-11 2.23728e-11 0.119292)
(-8.46622e-11 1.41055e-11 0.108738)
(-7.17656e-11 5.33135e-12 0.0947722)
(-5.54161e-11 -3.42553e-12 0.0762192)
(-3.61479e-11 -6.56229e-12 0.0515468)
(-1.18228e-11 -5.42538e-12 0.0188236)
(3.61695e-11 3.58304e-11 0.133458)
(3.16145e-11 3.28948e-11 0.127314)
(2.61835e-11 3.0415e-11 0.119292)
(1.98297e-11 2.76662e-11 0.108738)
(1.25771e-11 2.36561e-11 0.0947722)
(5.20698e-12 1.87475e-11 0.0762192)
(-5.54987e-13 1.32323e-11 0.0515468)
(-2.93485e-12 4.5017e-12 0.0188236)
(6.56007e-11 1.13835e-10 0.190226)
(5.65738e-11 1.04058e-10 0.181475)
(4.5902e-11 9.27243e-11 0.170143)
(3.37104e-11 7.88577e-11 0.155356)
(2.03292e-11 6.20477e-11 0.135889)
(6.93396e-12 4.29028e-11 0.110014)
(-3.27216e-12 2.3107e-11 0.075283)
(-5.56419e-12 4.70101e-12 0.0282041)
(3.469e-11 1.68037e-10 0.218242)
(2.98991e-11 1.55e-10 0.208665)
(2.40981e-11 1.38614e-10 0.196151)
(1.73659e-11 1.17477e-10 0.17967)
(9.88533e-12 9.09439e-11 0.157764)
(2.42444e-12 6.0263e-11 0.128345)
(-3.14165e-12 2.85733e-11 0.0883867)
(-3.51523e-12 3.32412e-12 0.0334563)
(-4.09238e-11 1.74988e-10 0.218242)
(-3.85224e-11 1.60915e-10 0.208665)
(-3.5345e-11 1.42849e-10 0.196151)
(-3.11858e-11 1.19558e-10 0.17967)
(-2.5898e-11 9.11635e-11 0.157764)
(-1.94614e-11 5.821e-11 0.128345)
(-1.17854e-11 2.52601e-11 0.0883867)
(-3.38611e-12 1.48178e-12 0.0334563)
(-8.07729e-11 1.25632e-10 0.190226)
(-7.38426e-11 1.14479e-10 0.181475)
(-6.51453e-11 1.00709e-10 0.170143)
(-5.43428e-11 8.33599e-11 0.155356)
(-4.14271e-11 6.27192e-11 0.135889)
(-2.67659e-11 3.95339e-11 0.110014)
(-1.19395e-11 1.65217e-11 0.075283)
(-9.03663e-13 9.68417e-13 0.0282041)
(-4.50354e-11 6.22395e-11 0.133458)
(-4.01832e-11 5.64605e-11 0.127314)
(-3.41728e-11 4.95832e-11 0.119292)
(-2.68891e-11 4.09821e-11 0.108738)
(-1.84719e-11 3.11088e-11 0.0947722)
(-9.40935e-12 2.0291e-11 0.0762192)
(-1.2651e-12 9.6027e-12 0.0515468)
(2.13883e-12 1.91861e-12 0.0188236)
(4.62161e-11 4.35056e-11 0.133458)
(4.2728e-11 3.8312e-11 0.127314)
(3.82933e-11 3.18015e-11 0.119292)
(3.27884e-11 2.41747e-11 0.108738)
(2.61565e-11 1.59441e-11 0.0947722)
(1.82877e-11 7.0429e-12 0.0762192)
(9.74226e-12 -7.06387e-13 0.0515468)
(2.54927e-12 -2.30496e-12 0.0188236)
(7.63147e-11 7.73542e-11 0.190226)
(7.23581e-11 6.9359e-11 0.181475)
(6.71685e-11 5.96875e-11 0.170143)
(6.03894e-11 4.791e-11 0.155356)
(5.16739e-11 3.39494e-11 0.135889)
(4.05917e-11 1.87364e-11 0.110014)
(2.66109e-11 4.0755e-12 0.075283)
(9.45809e-12 -3.02836e-12 0.0282041)
(5.36176e-11 1.10285e-10 0.218242)
(5.16666e-11 1.0075e-10 0.208665)
(4.90543e-11 8.87488e-11 0.196151)
(4.5519e-11 7.38453e-11 0.17967)
(4.06502e-11 5.57718e-11 0.157764)
(3.38851e-11 3.50302e-11 0.128345)
(2.41481e-11 1.40819e-11 0.0883867)
(9.40579e-12 -1.51777e-13 0.0334563)
(7.3327e-12 1.10741e-10 0.218242)
(9.46502e-12 1.01795e-10 0.208665)
(1.19457e-11 9.07308e-11 0.196151)
(1.45562e-11 7.71201e-11 0.17967)
(1.69796e-11 6.03655e-11 0.157764)
(1.82484e-11 4.05015e-11 0.128345)
(1.65274e-11 1.95768e-11 0.0883867)
(8.38132e-12 2.53095e-12 0.0334563)
(-1.85169e-11 8.21231e-11 0.190226)
(-1.44149e-11 7.5006e-11 0.181475)
(-9.58891e-12 6.69125e-11 0.170143)
(-4.19211e-12 5.71852e-11 0.155356)
(1.40343e-12 4.54418e-11 0.135889)
(6.36685e-12 3.1751e-11 0.110014)
(8.8257e-12 1.70065e-11 0.075283)
(5.7118e-12 3.27342e-12 0.0282041)
(-1.313e-11 3.74003e-11 0.133458)
(-1.08277e-11 3.40148e-11 0.127314)
(-8.17392e-12 3.05121e-11 0.119292)
(-5.24191e-12 2.63859e-11 0.108738)
(-2.23008e-12 2.12491e-11 0.0947722)
(5.25908e-13 1.53501e-11 0.0762192)
(2.13684e-12 9.0272e-12 0.0515468)
(1.84113e-12 2.12554e-12 0.0188236)
(-1.73177e-11 1.59863e-11 0.133458)
(-1.76164e-11 1.61887e-11 0.127314)
(-1.77117e-11 1.73365e-11 0.119292)
(-1.74867e-11 1.85686e-11 0.108738)
(-1.67602e-11 1.88333e-11 0.0947722)
(-1.47389e-11 1.85515e-11 0.0762192)
(-1.07141e-11 1.60025e-11 0.0515468)
(-5.11528e-12 6.41992e-12 0.0188236)
(-1.62682e-11 4.93559e-11 0.190226)
(-1.98793e-11 4.75704e-11 0.181475)
(-2.37499e-11 4.57025e-11 0.170143)
(-2.75289e-11 4.30917e-11 0.155356)
(-3.06378e-11 3.89593e-11 0.135889)
(-3.16373e-11 3.31991e-11 0.110014)
(-2.7691e-11 2.48616e-11 0.075283)
(-1.42758e-11 8.89553e-12 0.0282041)
(-2.28806e-11 6.06559e-11 0.218242)
(-2.51971e-11 5.80827e-11 0.208665)
(-2.78114e-11 5.4717e-11 0.196151)
(-3.04351e-11 4.98603e-11 0.17967)
(-3.26286e-11 4.27156e-11 0.157764)
(-3.30318e-11 3.36049e-11 0.128345)
(-2.89081e-11 2.20705e-11 0.0883867)
(-1.45719e-11 6.08664e-12 0.0334563)
(-4.7479e-11 5.47406e-11 0.218242)
(-4.71022e-11 5.14676e-11 0.208665)
(-4.64781e-11 4.72883e-11 0.196151)
(-4.53624e-11 4.13122e-11 0.17967)
(-4.32719e-11 3.3109e-11 0.157764)
(-3.93858e-11 2.31969e-11 0.128345)
(-3.13362e-11 1.23264e-11 0.0883867)
(-1.43888e-11 1.59145e-12 0.0334563)
(-5.90841e-11 2.67565e-11 0.190226)
(-5.70231e-11 2.41751e-11 0.181475)
(-5.43598e-11 2.12216e-11 0.170143)
(-5.08655e-11 1.73223e-11 0.155356)
(-4.60688e-11 1.22035e-11 0.135889)
(-3.92682e-11 6.60296e-12 0.110014)
(-2.89602e-11 1.32412e-12 0.075283)
(-1.1943e-11 -1.96493e-12 0.0282041)
(-3.69889e-11 -2.18905e-12 0.133458)
(-3.59432e-11 -3.18959e-12 0.127314)
(-3.44728e-11 -4.15007e-12 0.119292)
(-3.23087e-11 -5.34999e-12 0.108738)
(-2.90757e-11 -6.70056e-12 0.0947722)
(-2.42818e-11 -7.32764e-12 0.0762192)
(-1.72478e-11 -6.36523e-12 0.0515468)
(-6.46387e-12 -3.33769e-12 0.0188236)
(1.4347e-11 2.00183e-11 0.133458)
(1.37938e-11 1.66033e-11 0.127314)
(1.30616e-11 1.23548e-11 0.119292)
(1.20908e-11 7.43397e-12 0.108738)
(1.08607e-11 2.60916e-12 0.0947722)
(8.95761e-12 -2.45815e-12 0.0762192)
(6.1536e-12 -6.20291e-12 0.0515468)
(2.97867e-12 -3.65932e-12 0.0188236)
(2.2487e-11 2.31231e-11 0.190226)
(2.32111e-11 1.85443e-11 0.181475)
(2.39652e-11 1.33813e-11 0.170143)
(2.45667e-11 7.7757e-12 0.155356)
(2.48204e-11 1.66771e-12 0.135889)
(2.39794e-11 -4.65422e-12 0.110014)
(2.04132e-11 -9.34543e-12 0.075283)
(1.0894e-11 -5.80699e-12 0.0282041)
(1.28868e-11 2.82776e-11 0.218242)
(1.39709e-11 2.27354e-11 0.208665)
(1.54002e-11 1.70521e-11 0.196151)
(1.71159e-11 1.17102e-11 0.17967)
(1.89821e-11 5.86825e-12 0.157764)
(2.04468e-11 -3.76133e-13 0.128345)
(1.95564e-11 -4.92388e-12 0.0883867)
(1.11677e-11 -3.44436e-12 0.0334563)
(1.66382e-12 2.44038e-11 0.218242)
(3.4183e-12 1.92421e-11 0.208665)
(5.69194e-12 1.45873e-11 0.196151)
(8.45389e-12 1.08611e-11 0.17967)
(1.15914e-11 7.23262e-12 0.157764)
(1.45471e-11 3.47492e-12 0.128345)
(1.53807e-11 4.72938e-13 0.0883867)
(9.29149e-12 -1.96913e-13 0.0334563)
(5.62497e-12 2.11564e-11 0.190226)
(7.53287e-12 1.64587e-11 0.181475)
(9.77349e-12 1.27609e-11 0.170143)
(1.22191e-11 1.04403e-11 0.155356)
(1.4587e-11 8.54121e-12 0.135889)
(1.6242e-11 6.97004e-12 0.110014)
(1.5436e-11 5.34696e-12 0.075283)
(8.4181e-12 2.64159e-12 0.0282041)
(7.60701e-12 1.59979e-11 0.133458)
(9.1499e-12 1.38182e-11 0.127314)
(1.06831e-11 1.24542e-11 0.119292)
(1.19667e-11 1.2141e-11 0.108738)
(1.27638e-11 1.17371e-11 0.0947722)
(1.26084e-11 1.07097e-11 0.0762192)
(1.05585e-11 8.53886e-12 0.0515468)
(5.02979e-12 3.77348e-12 0.0188236)
(4.11236e-11 -3.28995e-11 0.133458)
(3.96925e-11 -3.39927e-11 0.127314)
(3.78755e-11 -3.32785e-11 0.119292)
(3.55126e-11 -3.05735e-11 0.108738)
(3.21174e-11 -2.68169e-11 0.0947722)
(2.68333e-11 -2.24821e-11 0.0762192)
(1.87681e-11 -1.65609e-11 0.0515468)
(7.3597e-12 -6.21399e-12 0.0188236)
(6.2491e-11 -2.23581e-11 0.190226)
(6.08148e-11 -2.68084e-11 0.181475)
(5.85775e-11 -2.92202e-11 0.170143)
(5.56195e-11 -2.90905e-11 0.155356)
(5.13253e-11 -2.72685e-11 0.135889)
(4.42601e-11 -2.36238e-11 0.110014)
(3.23252e-11 -1.82369e-11 0.075283)
(1.32931e-11 -6.42007e-12 0.0282041)
(7.71748e-11 3.35832e-13 0.218242)
(7.64275e-11 -4.88994e-12 0.208665)
(7.49425e-11 -8.76573e-12 0.196151)
(7.24163e-11 -1.0979e-11 0.17967)
(6.79884e-11 -1.187e-11 0.157764)
(5.9974e-11 -1.16852e-11 0.128345)
(4.52942e-11 -1.05507e-11 0.0883867)
(1.90809e-11 -3.30579e-12 0.0334563)
(7.36044e-11 1.94479e-11 0.218242)
(7.35457e-11 1.57828e-11 0.208665)
(7.28069e-11 1.30481e-11 0.196151)
(7.09101e-11 1.11283e-11 0.17967)
(6.68782e-11 9.61229e-12 0.157764)
(5.92227e-11 7.14772e-12 0.128345)
(4.48224e-11 3.66028e-12 0.0883867)
(1.83388e-11 2.20786e-12 0.0334563)
(6.97181e-11 3.53544e-11 0.190226)
(6.93663e-11 3.27873e-11 0.181475)
(6.83022e-11 3.09315e-11 0.170143)
(6.59673e-11 2.90273e-11 0.155356)
(6.1503e-11 2.63125e-11 0.135889)
(5.37088e-11 2.13736e-11 0.110014)
(3.99094e-11 1.43546e-11 0.075283)
(1.58919e-11 6.05321e-12 0.0282041)
(4.62343e-11 3.28661e-11 0.133458)
(4.5477e-11 3.15418e-11 0.127314)
(4.41019e-11 3.05427e-11 0.119292)
(4.17291e-11 2.93032e-11 0.108738)
(3.78931e-11 2.71132e-11 0.0947722)
(3.19201e-11 2.29265e-11 0.0762192)
(2.26929e-11 1.60372e-11 0.0515468)
(8.5288e-12 6.16654e-12 0.0188236)
(4.20778e-11 1.27741e-11 0.133458)
(3.86811e-11 9.73602e-12 0.127314)
(3.43756e-11 7.07373e-12 0.119292)
(2.90896e-11 5.3982e-12 0.108738)
(2.25422e-11 3.38928e-12 0.0947722)
(1.41096e-11 -1.57131e-12 0.0762192)
(5.29347e-12 -5.98025e-12 0.0515468)
(4.64452e-13 -3.1588e-12 0.0188236)
(5.57633e-11 1.69254e-11 0.190226)
(5.38369e-11 1.36687e-11 0.181475)
(5.07814e-11 1.09357e-11 0.170143)
(4.61591e-11 8.77562e-12 0.155356)
(3.94286e-11 5.46082e-12 0.135889)
(2.91272e-11 -1.06991e-12 0.110014)
(1.58076e-11 -9.12117e-12 0.075283)
(3.9224e-12 -5.25576e-12 0.0282041)
(4.32848e-11 2.33649e-11 0.218242)
(4.12978e-11 1.98028e-11 0.208665)
(3.82978e-11 1.74368e-11 0.196151)
(3.39975e-11 1.54738e-11 0.17967)
(2.77648e-11 1.20402e-11 0.157764)
(1.91538e-11 4.23344e-12 0.128345)
(8.20155e-12 -6.14028e-12 0.0883867)
(-5.62105e-13 -4.177e-12 0.0334563)
(1.76645e-11 2.90961e-11 0.218242)
(1.59214e-11 2.62719e-11 0.208665)
(1.34282e-11 2.30874e-11 0.196151)
(1.00561e-11 1.92292e-11 0.17967)
(5.72546e-12 1.37608e-11 0.157764)
(5.00127e-13 3.48425e-12 0.128345)
(-4.37639e-12 -7.27537e-12 0.0883867)
(-5.42747e-12 -5.23483e-12 0.0334563)
(-1.43591e-11 1.67451e-11 0.190226)
(-1.61038e-11 1.39572e-11 0.181475)
(-1.80644e-11 1.16071e-11 0.170143)
(-2.01101e-11 8.29314e-12 0.155356)
(-2.19504e-11 3.78998e-12 0.135889)
(-2.19491e-11 -3.51435e-12 0.110014)
(-1.79418e-11 -1.25401e-11 0.075283)
(-9.46115e-12 -7.78812e-12 0.0282041)
(-4.66795e-11 9.8516e-12 0.133458)
(-4.52488e-11 7.9622e-12 0.127314)
(-4.32424e-11 5.53479e-12 0.119292)
(-4.04308e-11 2.66877e-12 0.108738)
(-3.61358e-11 -1.62865e-12 0.0947722)
(-2.8837e-11 -9.3551e-12 0.0762192)
(-1.83734e-11 -1.5165e-11 0.0515468)
(-7.15294e-12 -8.32338e-12 0.0188236)
(-1.32304e-11 5.2888e-11 0.133458)
(-1.47464e-11 4.98779e-11 0.127314)
(-1.64936e-11 4.60435e-11 0.119292)
(-1.82757e-11 4.09113e-11 0.108738)
(-1.961e-11 3.50199e-11 0.0947722)
(-1.99982e-11 2.63877e-11 0.0762192)
(-1.77332e-11 1.52204e-11 0.0515468)
(-8.21887e-12 4.95557e-12 0.0188236)
(-8.72924e-12 4.89997e-11 0.190226)
(-1.00256e-11 4.69255e-11 0.181475)
(-1.1832e-11 4.43418e-11 0.170143)
(-1.41704e-11 4.04544e-11 0.155356)
(-1.68196e-11 3.50835e-11 0.135889)
(-1.92022e-11 2.61294e-11 0.110014)
(-1.91528e-11 1.38457e-11 0.075283)
(-1.04096e-11 4.1048e-12 0.0282041)
(-1.91214e-11 4.40139e-11 0.218242)
(-2.09246e-11 4.19609e-11 0.208665)
(-2.30974e-11 3.93767e-11 0.196151)
(-2.55252e-11 3.53077e-11 0.17967)
(-2.78571e-11 2.99245e-11 0.157764)
(-2.90388e-11 2.07926e-11 0.128345)
(-2.6394e-11 8.95567e-12 0.0883867)
(-1.35575e-11 1.60582e-12 0.0334563)
(-3.06874e-11 3.44763e-11 0.218242)
(-3.18977e-11 3.21949e-11 0.208665)
(-3.30956e-11 2.92006e-11 0.196151)
(-3.39546e-11 2.48362e-11 0.17967)
(-3.38965e-11 1.93036e-11 0.157764)
(-3.16842e-11 1.08485e-11 0.128345)
(-2.50443e-11 8.4169e-13 0.0883867)
(-1.1122e-11 -1.54764e-12 0.0334563)
(-3.60286e-11 2.19579e-11 0.190226)
(-3.62353e-11 1.9363e-11 0.181475)
(-3.59113e-11 1.62329e-11 0.170143)
(-3.46082e-11 1.17172e-11 0.155356)
(-3.17331e-11 7.10272e-12 0.135889)
(-2.62652e-11 6.82274e-13 0.110014)
(-1.73788e-11 -5.14033e-12 0.075283)
(-6.21648e-12 -3.34268e-12 0.0282041)
(-3.04181e-11 1.956e-11 0.133458)
(-2.81895e-11 1.74617e-11 0.127314)
(-2.52479e-11 1.46568e-11 0.119292)
(-2.14682e-11 1.1049e-11 0.108738)
(-1.67424e-11 7.16047e-12 0.0947722)
(-1.0841e-11 2.20853e-12 0.0762192)
(-4.41398e-12 -2.27005e-12 0.0515468)
(-5.39231e-13 -1.60139e-12 0.0188236)
(-3.47724e-11 4.48863e-12 0.133458)
(-3.3851e-11 5.22979e-12 0.127314)
(-3.23559e-11 7.15391e-12 0.119292)
(-3.00128e-11 9.45595e-12 0.108738)
(-2.6553e-11 1.12288e-11 0.0947722)
(-2.13098e-11 1.23138e-11 0.0762192)
(-1.39486e-11 1.09344e-11 0.0515468)
(-5.09299e-12 4.33181e-12 0.0188236)
(-4.35346e-11 2.21218e-11 0.190226)
(-4.46668e-11 2.13327e-11 0.181475)
(-4.5361e-11 2.10322e-11 0.170143)
(-4.50302e-11 2.0937e-11 0.155356)
(-4.2993e-11 2.01801e-11 0.135889)
(-3.80887e-11 1.80014e-11 0.110014)
(-2.82398e-11 1.31763e-11 0.075283)
(-1.13828e-11 4.49752e-12 0.0282041)
(-3.81932e-11 1.87586e-11 0.218242)
(-3.89299e-11 1.73713e-11 0.208665)
(-3.94041e-11 1.64922e-11 0.196151)
(-3.91946e-11 1.58578e-11 0.17967)
(-3.75166e-11 1.44017e-11 0.157764)
(-3.31608e-11 1.18479e-11 0.128345)
(-2.43799e-11 7.17888e-12 0.0883867)
(-9.21523e-12 1.66759e-12 0.0334563)
(-3.83052e-11 1.39071e-11 0.218242)
(-3.83448e-11 1.20072e-11 0.208665)
(-3.80363e-11 1.04749e-11 0.196151)
(-3.69794e-11 8.97063e-12 0.17967)
(-3.45935e-11 7.34143e-12 0.157764)
(-2.98782e-11 4.78784e-12 0.128345)
(-2.14087e-11 1.37583e-12 0.0883867)
(-8.06719e-12 -7.46492e-13 0.0334563)
(-2.88552e-11 7.62665e-12 0.190226)
(-2.81146e-11 5.76578e-12 0.181475)
(-2.69512e-11 4.28062e-12 0.170143)
(-2.51312e-11 2.92941e-12 0.155356)
(-2.23356e-11 1.73391e-12 0.135889)
(-1.80668e-11 3.20792e-13 0.110014)
(-1.18103e-11 -1.36548e-12 0.075283)
(-3.8876e-12 -1.4489e-12 0.0282041)
(-1.97647e-11 6.54369e-12 0.133458)
(-1.82888e-11 5.23101e-12 0.127314)
(-1.64865e-11 3.99876e-12 0.119292)
(-1.43148e-11 2.9342e-12 0.108738)
(-1.1706e-11 1.88035e-12 0.0947722)
(-8.48368e-12 5.13867e-13 0.0762192)
(-4.79951e-12 -7.51967e-13 0.0515468)
(-1.22113e-12 -8.11207e-13 0.0188236)
(-5.54631e-12 4.43934e-11 0.133458)
(-5.82807e-12 4.11668e-11 0.127314)
(-6.19785e-12 3.64768e-11 0.119292)
(-6.58931e-12 3.03591e-11 0.108738)
(-6.79732e-12 2.35459e-11 0.0947722)
(-6.79327e-12 1.52475e-11 0.0762192)
(-6.03114e-12 6.49838e-12 0.0515468)
(-2.43982e-12 1.16887e-12 0.0188236)
(-1.58699e-11 5.51177e-11 0.190226)
(-1.48841e-11 5.22685e-11 0.181475)
(-1.38222e-11 4.78077e-11 0.170143)
(-1.26603e-11 4.10761e-11 0.155356)
(-1.12273e-11 3.23425e-11 0.135889)
(-9.34956e-12 2.12329e-11 0.110014)
(-6.68342e-12 9.1918e-12 0.075283)
(-2.26601e-12 8.93654e-13 0.0282041)
(-3.28e-11 5.79412e-11 0.218242)
(-3.19732e-11 5.54533e-11 0.208665)
(-3.07733e-11 5.10213e-11 0.196151)
(-2.89398e-11 4.42101e-11 0.17967)
(-2.61596e-11 3.51501e-11 0.157764)
(-2.18905e-11 2.31497e-11 0.128345)
(-1.54047e-11 9.87753e-12 0.0883867)
(-5.72836e-12 1.14674e-12 0.0334563)
(-4.04958e-11 5.01441e-11 0.218242)
(-3.92053e-11 4.76093e-11 0.208665)
(-3.73277e-11 4.32582e-11 0.196151)
(-3.45176e-11 3.66557e-11 0.17967)
(-3.03782e-11 2.82056e-11 0.157764)
(-2.43349e-11 1.7158e-11 0.128345)
(-1.5811e-11 5.57541e-12 0.0883867)
(-5.24241e-12 -4.64262e-13 0.0334563)
(-3.73481e-11 3.87744e-11 0.190226)
(-3.56723e-11 3.59274e-11 0.181475)
(-3.3301e-11 3.16651e-11 0.170143)
(-2.99584e-11 2.56261e-11 0.155356)
(-2.53562e-11 1.85283e-11 0.135889)
(-1.92093e-11 9.95233e-12 0.110014)
(-1.14496e-11 1.38789e-12 0.075283)
(-3.49767e-12 -1.54767e-12 0.0282041)
(-2.46479e-11 2.78098e-11 0.133458)
(-2.24229e-11 2.55855e-11 0.127314)
(-1.96217e-11 2.23843e-11 0.119292)
(-1.61905e-11 1.80911e-11 0.108738)
(-1.21634e-11 1.31416e-11 0.0947722)
(-7.48246e-12 7.26904e-12 0.0762192)
(-2.75423e-12 1.61292e-12 0.0515468)
(-1.58369e-13 -4.7601e-13 0.0188236)
(-2.52613e-11 -1.67251e-11 0.133458)
(-2.37611e-11 -1.49448e-11 0.127314)
(-2.17829e-11 -1.19699e-11 0.119292)
(-1.91757e-11 -8.10109e-12 0.108738)
(-1.58828e-11 -4.20003e-12 0.0947722)
(-1.14953e-11 3.51108e-13 0.0762192)
(-6.20916e-12 3.85596e-12 0.0515468)
(-1.93986e-12 2.14559e-12 0.0188236)
(-3.49834e-11 6.16233e-14 0.190226)
(-3.49741e-11 1.98806e-13 0.181475)
(-3.44883e-11 1.11677e-12 0.170143)
(-3.31365e-11 2.66805e-12 0.155356)
(-3.05393e-11 3.98664e-12 0.135889)
(-2.5943e-11 5.89169e-12 0.110014)
(-1.82817e-11 6.94519e-12 0.075283)
(-7.25027e-12 2.99904e-12 0.0282041)
(-3.27673e-11 3.23739e-12 0.218242)
(-3.20933e-11 2.8525e-12 0.208665)
(-3.10486e-11 2.9557e-12 0.196151)
(-2.93493e-11 3.59173e-12 0.17967)
(-2.66764e-11 4.01632e-12 0.157764)
(-2.23877e-11 4.46702e-12 0.128345)
(-1.56036e-11 4.43897e-12 0.0883867)
(-5.69327e-12 1.35645e-12 0.0334563)
(-3.21516e-11 3.38019e-12 0.218242)
(-3.11272e-11 2.52183e-12 0.208665)
(-2.97269e-11 2.16658e-12 0.196151)
(-2.77232e-11 2.05329e-12 0.17967)
(-2.4798e-11 2.04948e-12 0.157764)
(-2.05547e-11 1.91714e-12 0.128345)
(-1.4336e-11 1.39761e-12 0.0883867)
(-5.2471e-12 9.18982e-14 0.0334563)
(-2.32565e-11 -3.27247e-13 0.190226)
(-2.21208e-11 -1.28564e-12 0.181475)
(-2.06835e-11 -1.71431e-12 0.170143)
(-1.88495e-11 -1.83219e-12 0.155356)
(-1.64216e-11 -1.82466e-12 0.135889)
(-1.32031e-11 -1.51975e-12 0.110014)
(-8.86195e-12 -9.15995e-13 0.075283)
(-2.92622e-12 -7.60241e-13 0.0282041)
(-1.20911e-11 -3.10018e-12 0.133458)
(-1.14468e-11 -3.60378e-12 0.127314)
(-1.06285e-11 -3.80232e-12 0.119292)
(-9.60139e-12 -3.64543e-12 0.108738)
(-8.27084e-12 -3.48138e-12 0.0947722)
(-6.55248e-12 -2.92117e-12 0.0762192)
(-4.37696e-12 -2.05189e-12 0.0515468)
(-1.42956e-12 -8.3304e-13 0.0188236)
(-1.45335e-11 3.73751e-11 0.133458)
(-1.39651e-11 3.53961e-11 0.127314)
(-1.33779e-11 3.18357e-11 0.119292)
(-1.27176e-11 2.6804e-11 0.108738)
(-1.17522e-11 2.10585e-11 0.0947722)
(-1.02093e-11 1.47591e-11 0.0762192)
(-7.66761e-12 7.8893e-12 0.0515468)
(-3.08539e-12 2.08862e-12 0.0188236)
(-2.19389e-11 4.4615e-11 0.190226)
(-2.05306e-11 4.36615e-11 0.181475)
(-1.89932e-11 4.07752e-11 0.170143)
(-1.72987e-11 3.56089e-11 0.155356)
(-1.52787e-11 2.87809e-11 0.135889)
(-1.26038e-11 2.0258e-11 0.110014)
(-8.83034e-12 1.06734e-11 0.075283)
(-3.24971e-12 2.11781e-12 0.0282041)
(-3.84255e-11 4.65238e-11 0.218242)
(-3.71105e-11 4.58512e-11 0.208665)
(-3.53885e-11 4.30836e-11 0.196151)
(-3.3091e-11 3.77142e-11 0.17967)
(-2.98857e-11 3.03601e-11 0.157764)
(-2.51873e-11 2.08924e-11 0.128345)
(-1.81145e-11 1.07158e-11 0.0883867)
(-7.24204e-12 1.71446e-12 0.0334563)
(-4.39535e-11 4.06495e-11 0.218242)
(-4.23559e-11 3.9786e-11 0.208665)
(-4.01568e-11 3.6847e-11 0.196151)
(-3.70837e-11 3.14468e-11 0.17967)
(-3.2711e-11 2.41468e-11 0.157764)
(-2.65756e-11 1.52702e-11 0.128345)
(-1.80185e-11 6.42369e-12 0.0883867)
(-6.32565e-12 7.11501e-14 0.0334563)
(-4.14362e-11 2.96171e-11 0.190226)
(-3.96898e-11 2.81951e-11 0.181475)
(-3.72842e-11 2.52316e-11 0.170143)
(-3.39278e-11 2.01981e-11 0.155356)
(-2.93265e-11 1.39682e-11 0.135889)
(-2.32176e-11 7.14135e-12 0.110014)
(-1.51685e-11 1.05322e-12 0.075283)
(-5.26632e-12 -1.5994e-12 0.0282041)
(-2.1803e-11 1.78218e-11 0.133458)
(-2.03673e-11 1.66849e-11 0.127314)
(-1.84614e-11 1.44481e-11 0.119292)
(-1.59646e-11 1.0971e-11 0.108738)
(-1.28773e-11 7.15106e-12 0.0947722)
(-9.11513e-12 3.11227e-12 0.0762192)
(-4.97525e-12 -2.30054e-13 0.0515468)
(-1.29461e-12 -8.85742e-13 0.0188236)
(-2.89818e-12 -3.07825e-11 0.133458)
(-1.24677e-12 -2.78205e-11 0.127314)
(6.53399e-13 -2.41666e-11 0.119292)
(2.69108e-12 -2.02715e-11 0.108738)
(4.65648e-12 -1.61722e-11 0.0947722)
(6.32345e-12 -1.11475e-11 0.0762192)
(6.85147e-12 -5.53557e-12 0.0515468)
(3.3502e-12 -1.81981e-12 0.0188236)
(-1.87197e-11 -1.56115e-11 0.190226)
(-1.79302e-11 -1.31373e-11 0.181475)
(-1.66491e-11 -1.05841e-11 0.170143)
(-1.46924e-11 -8.36879e-12 0.155356)
(-1.19306e-11 -6.06757e-12 0.135889)
(-8.2383e-12 -3.07148e-12 0.110014)
(-3.76534e-12 -6.38525e-14 0.075283)
(-4.07776e-13 2.91314e-13 0.0282041)
(-2.62146e-11 -8.34085e-12 0.218242)
(-2.49265e-11 -6.4065e-12 0.208665)
(-2.30608e-11 -4.57558e-12 0.196151)
(-2.04038e-11 -3.25227e-12 0.17967)
(-1.67191e-11 -2.07654e-12 0.157764)
(-1.17725e-11 -1.14536e-13 0.128345)
(-5.72008e-12 1.56191e-12 0.0883867)
(-2.9284e-13 6.97714e-13 0.0334563)
(-2.76844e-11 -5.40758e-12 0.218242)
(-2.61436e-11 -4.55982e-12 0.208665)
(-2.40508e-11 -3.80185e-12 0.196151)
(-2.12499e-11 -3.24387e-12 0.17967)
(-1.74461e-11 -2.37118e-12 0.157764)
(-1.25202e-11 -1.13081e-12 0.128345)
(-6.65449e-12 5.24163e-13 0.0883867)
(-8.51161e-13 4.89026e-13 0.0334563)
(-2.46479e-11 -7.27382e-12 0.190226)
(-2.32438e-11 -6.74841e-12 0.181475)
(-2.14306e-11 -6.0689e-12 0.170143)
(-1.90656e-11 -5.30532e-12 0.155356)
(-1.59659e-11 -4.37418e-12 0.135889)
(-1.20576e-11 -2.96109e-12 0.110014)
(-7.18192e-12 -1.25203e-12 0.075283)
(-1.61977e-12 -3.02086e-13 0.0282041)
(-1.68426e-11 -8.58159e-12 0.133458)
(-1.6285e-11 -8.35287e-12 0.127314)
(-1.54772e-11 -8.07816e-12 0.119292)
(-1.42994e-11 -7.76413e-12 0.108738)
(-1.2611e-11 -7.14474e-12 0.0947722)
(-1.02427e-11 -6.02318e-12 0.0762192)
(-6.82942e-12 -4.26937e-12 0.0515468)
(-2.19591e-12 -1.63202e-12 0.0188236)
(1.43624e-11 -1.55931e-11 0.133458)
(1.39216e-11 -1.59756e-11 0.127314)
(1.32562e-11 -1.61502e-11 0.119292)
(1.23366e-11 -1.55577e-11 0.108738)
(1.1038e-11 -1.40125e-11 0.0947722)
(9.12393e-12 -1.17172e-11 0.0762192)
(6.29032e-12 -8.17913e-12 0.0515468)
(2.51757e-12 -2.46137e-12 0.0188236)
(2.51023e-11 -2.46049e-11 0.190226)
(2.59658e-11 -2.60565e-11 0.181475)
(2.67068e-11 -2.67963e-11 0.170143)
(2.71865e-11 -2.64901e-11 0.155356)
(2.6987e-11 -2.48076e-11 0.135889)
(2.51721e-11 -2.18736e-11 0.110014)
(2.02991e-11 -1.58644e-11 0.075283)
(9.55825e-12 -5.57438e-12 0.0282041)
(2.97611e-11 -2.10374e-11 0.218242)
(3.13415e-11 -2.23856e-11 0.208665)
(3.28939e-11 -2.31352e-11 0.196151)
(3.41891e-11 -2.28591e-11 0.17967)
(3.47509e-11 -2.10584e-11 0.157764)
(3.34335e-11 -1.75569e-11 0.128345)
(2.77808e-11 -1.18347e-11 0.0883867)
(1.31381e-11 -3.71887e-12 0.0334563)
(2.88625e-11 -1.20258e-11 0.218242)
(3.02534e-11 -1.22258e-11 0.208665)
(3.16708e-11 -1.18664e-11 0.196151)
(3.28246e-11 -1.10268e-11 0.17967)
(3.32952e-11 -9.61779e-12 0.157764)
(3.18518e-11 -7.54232e-12 0.128345)
(2.62086e-11 -4.1598e-12 0.0883867)
(1.20538e-11 -3.73903e-13 0.0334563)
(2.73287e-11 -3.45197e-12 0.190226)
(2.80783e-11 -3.4334e-12 0.181475)
(2.88205e-11 -3.18861e-12 0.170143)
(2.92567e-11 -2.29495e-12 0.155356)
(2.88596e-11 -9.24829e-13 0.135889)
(2.67362e-11 1.58014e-12 0.110014)
(2.10941e-11 3.25247e-12 0.075283)
(9.28676e-12 2.41136e-12 0.0282041)
(2.06208e-11 1.85306e-12 0.133458)
(2.0564e-11 1.98402e-12 0.127314)
(2.03619e-11 2.28962e-12 0.119292)
(1.97973e-11 3.12042e-12 0.108738)
(1.85653e-11 4.15294e-12 0.0947722)
(1.62125e-11 5.11909e-12 0.0762192)
(1.16684e-11 5.60647e-12 0.0515468)
(4.73866e-12 3.01032e-12 0.0188236)
(-3.55007e-11 4.70763e-11 0.133458)
(-3.50005e-11 4.60446e-11 0.127314)
(-3.43591e-11 4.3746e-11 0.119292)
(-3.34006e-11 3.96624e-11 0.108738)
(-3.15876e-11 3.45175e-11 0.0947722)
(-2.81047e-11 2.77627e-11 0.0762192)
(-2.15204e-11 1.8478e-11 0.0515468)
(-9.08159e-12 6.8421e-12 0.0188236)
(-2.6438e-11 4.14028e-11 0.190226)
(-2.63503e-11 4.20197e-11 0.181475)
(-2.63493e-11 4.14942e-11 0.170143)
(-2.64613e-11 3.8735e-11 0.155356)
(-2.64953e-11 3.42272e-11 0.135889)
(-2.56667e-11 2.72991e-11 0.110014)
(-2.21913e-11 1.76193e-11 0.075283)
(-1.11156e-11 6.15574e-12 0.0282041)
(-2.03079e-11 3.60984e-11 0.218242)
(-2.05912e-11 3.62195e-11 0.208665)
(-2.09503e-11 3.52054e-11 0.196151)
(-2.14199e-11 3.21532e-11 0.17967)
(-2.19937e-11 2.77044e-11 0.157764)
(-2.21646e-11 2.0363e-11 0.128345)
(-2.02225e-11 1.15794e-11 0.0883867)
(-1.11142e-11 3.44959e-12 0.0334563)
(-1.0215e-11 3.44644e-11 0.218242)
(-1.03497e-11 3.39281e-11 0.208665)
(-1.05012e-11 3.22147e-11 0.196151)
(-1.06774e-11 2.82358e-11 0.17967)
(-1.08186e-11 2.29717e-11 0.157764)
(-1.08956e-11 1.53581e-11 0.128345)
(-1.00735e-11 6.63249e-12 0.0883867)
(-5.86039e-12 1.1388e-12 0.0334563)
(1.71081e-12 3.59446e-11 0.190226)
(1.73058e-12 3.4435e-11 0.181475)
(1.84588e-12 3.16871e-11 0.170143)
(2.04248e-12 2.69398e-11 0.155356)
(2.15513e-12 2.09817e-11 0.135889)
(1.99555e-12 1.36762e-11 0.110014)
(1.41186e-12 5.71952e-12 0.075283)
(3.38365e-14 6.42505e-13 0.0282041)
(1.09035e-11 3.16126e-11 0.133458)
(1.09947e-11 3.01931e-11 0.127314)
(1.11287e-11 2.78529e-11 0.119292)
(1.12327e-11 2.41736e-11 0.108738)
(1.10087e-11 1.97028e-11 0.0947722)
(1.02509e-11 1.38821e-11 0.0762192)
(8.34008e-12 7.2261e-12 0.0515468)
(3.42748e-12 1.97609e-12 0.0188236)
(-1.16075e-11 -1.55809e-11 0.133458)
(-1.0581e-11 -1.51796e-11 0.127314)
(-9.12329e-12 -1.35736e-11 0.119292)
(-7.11952e-12 -1.10581e-11 0.108738)
(-4.63626e-12 -8.48247e-12 0.0947722)
(-1.73444e-12 -5.73648e-12 0.0762192)
(9.71723e-13 -3.05852e-12 0.0515468)
(1.41685e-12 -1.28534e-12 0.0188236)
(-2.66227e-11 -2.63616e-12 0.190226)
(-2.63244e-11 -4.25892e-12 0.181475)
(-2.54872e-11 -5.13102e-12 0.170143)
(-2.36816e-11 -5.03278e-12 0.155356)
(-2.05481e-11 -4.45671e-12 0.135889)
(-1.5711e-11 -3.60726e-12 0.110014)
(-8.98588e-12 -2.56252e-12 0.075283)
(-1.65226e-12 -9.10707e-13 0.0282041)
(-2.01202e-11 -2.32021e-12 0.218242)
(-1.98205e-11 -4.29027e-12 0.208665)
(-1.92189e-11 -5.74822e-12 0.196151)
(-1.80077e-11 -6.06961e-12 0.17967)
(-1.57498e-11 -5.89125e-12 0.157764)
(-1.20038e-11 -5.1916e-12 0.128345)
(-6.54373e-12 -4.42279e-12 0.0883867)
(-4.42308e-13 -1.70443e-12 0.0334563)
(-1.54029e-11 3.74152e-13 0.218242)
(-1.54765e-11 -1.93201e-12 0.208665)
(-1.53724e-11 -3.95908e-12 0.196151)
(-1.48991e-11 -5.32178e-12 0.17967)
(-1.37948e-11 -6.05214e-12 0.157764)
(-1.16844e-11 -6.29817e-12 0.128345)
(-7.82602e-12 -5.77447e-12 0.0883867)
(-2.40997e-12 -2.30412e-12 0.0334563)
(-8.01335e-12 1.23794e-12 0.190226)
(-8.25318e-12 -1.07705e-12 0.181475)
(-8.3862e-12 -3.21148e-12 0.170143)
(-8.33104e-12 -4.85933e-12 0.155356)
(-8.03498e-12 -5.9345e-12 0.135889)
(-7.16072e-12 -6.82498e-12 0.110014)
(-5.10904e-12 -6.50827e-12 0.075283)
(-2.05186e-12 -2.69082e-12 0.0282041)
(-1.10827e-11 7.23055e-13 0.133458)
(-1.06024e-11 -6.3826e-13 0.127314)
(-9.93413e-12 -2.05988e-12 0.119292)
(-9.07628e-12 -3.29978e-12 0.108738)
(-8.01924e-12 -4.33195e-12 0.0947722)
(-6.49246e-12 -5.18687e-12 0.0762192)
(-4.28856e-12 -5.36663e-12 0.0515468)
(-1.72931e-12 -2.5456e-12 0.0188236)
(4.58552e-11 -2.7274e-12 0.133458)
(4.46968e-11 -4.68157e-12 0.127314)
(4.28216e-11 -7.85326e-12 0.119292)
(3.9923e-11 -1.16773e-11 0.108738)
(3.56534e-11 -1.47669e-11 0.0947722)
(2.90103e-11 -1.7436e-11 0.0762192)
(1.93618e-11 -1.72762e-11 0.0515468)
(7.62839e-12 -7.50561e-12 0.0188236)
(5.40406e-11 -1.17292e-11 0.190226)
(5.55537e-11 -1.33396e-11 0.181475)
(5.66885e-11 -1.54303e-11 0.170143)
(5.68893e-11 -1.79181e-11 0.155356)
(5.53065e-11 -2.00618e-11 0.135889)
(5.02057e-11 -2.19783e-11 0.110014)
(3.86838e-11 -2.12521e-11 0.075283)
(1.74313e-11 -9.43402e-12 0.0282041)
(4.08316e-11 3.83036e-13 0.218242)
(4.17914e-11 -1.34105e-12 0.208665)
(4.26756e-11 -3.59689e-12 0.196151)
(4.32605e-11 -6.50415e-12 0.17967)
(4.29036e-11 -8.98349e-12 0.157764)
(4.02137e-11 -1.18506e-11 0.128345)
(3.2338e-11 -1.28964e-11 0.0883867)
(1.47198e-11 -5.15383e-12 0.0334563)
(3.23663e-11 8.13776e-12 0.218242)
(3.2611e-11 7.00528e-12 0.208665)
(3.28523e-11 5.47692e-12 0.196151)
(3.297e-11 3.38246e-12 0.17967)
(3.25231e-11 1.39776e-12 0.157764)
(3.06365e-11 -1.81668e-12 0.128345)
(2.53527e-11 -4.49106e-12 0.0883867)
(1.18804e-11 -1.40138e-12 0.0334563)
(2.38928e-11 1.70089e-11 0.190226)
(2.34095e-11 1.55527e-11 0.181475)
(2.2955e-11 1.35985e-11 0.170143)
(2.24922e-11 1.09098e-11 0.155356)
(2.17062e-11 8.24034e-12 0.135889)
(2.02302e-11 4.40821e-12 0.110014)
(1.67139e-11 4.13356e-13 0.075283)
(7.37092e-12 3.42077e-13 0.0282041)
(9.36929e-12 2.08163e-11 0.133458)
(9.95051e-12 1.95839e-11 0.127314)
(1.06522e-11 1.7752e-11 0.119292)
(1.13272e-11 1.52922e-11 0.108738)
(1.1664e-11 1.26555e-11 0.0947722)
(1.14814e-11 8.94775e-12 0.0762192)
(9.90197e-12 4.53283e-12 0.0515468)
(4.32941e-12 1.47115e-12 0.0188236)
(4.28017e-13 -1.50339e-11 0.133458)
(-9.30869e-14 -1.37447e-11 0.127314)
(-6.68095e-13 -1.10464e-11 0.119292)
(-1.29084e-12 -7.40638e-12 0.108738)
(-1.97483e-12 -3.61573e-12 0.0947722)
(-2.56273e-12 6.04423e-14 0.0762192)
(-2.68513e-12 2.57545e-12 0.0515468)
(-1.96704e-12 1.89633e-12 0.0188236)
(5.74166e-13 -1.24403e-11 0.190226)
(-9.35561e-13 -1.19002e-11 0.181475)
(-2.68142e-12 -9.90107e-12 0.170143)
(-4.61986e-12 -6.88617e-12 0.155356)
(-6.77044e-12 -3.25005e-12 0.135889)
(-8.89158e-12 4.94705e-13 0.110014)
(-9.79505e-12 3.05114e-12 0.075283)
(-6.26474e-12 2.72534e-12 0.0282041)
(8.173e-12 -1.11641e-11 0.218242)
(7.16132e-12 -1.13165e-11 0.208665)
(5.82448e-12 -1.01759e-11 0.196151)
(4.03872e-12 -7.92549e-12 0.17967)
(1.71664e-12 -4.83083e-12 0.157764)
(-1.11561e-12 -1.68153e-12 0.128345)
(-3.79355e-12 -8.0848e-14 0.0883867)
(-3.54694e-12 9.59461e-13 0.0334563)
(7.41744e-12 -6.1757e-12 0.218242)
(6.41425e-12 -6.60605e-12 0.208665)
(5.11494e-12 -6.01323e-12 0.196151)
(3.45547e-12 -4.8506e-12 0.17967)
(1.39674e-12 -3.33412e-12 0.157764)
(-1.0704e-12 -2.2114e-12 0.128345)
(-3.29874e-12 -1.42499e-12 0.0883867)
(-3.24533e-12 -2.682e-13 0.0334563)
(7.67462e-12 -1.45373e-12 0.190226)
(6.64322e-12 -2.06145e-12 0.181475)
(5.42049e-12 -1.95961e-12 0.170143)
(3.9876e-12 -1.53441e-12 0.155356)
(2.35664e-12 -1.12725e-12 0.135889)
(6.43168e-13 -9.49778e-13 0.110014)
(-6.16327e-13 -1.22186e-12 0.075283)
(-1.07995e-12 -6.18702e-13 0.0282041)
(-3.81597e-13 2.36529e-12 0.133458)
(-4.83757e-13 1.88545e-12 0.127314)
(-5.77536e-13 1.54465e-12 0.119292)
(-6.65899e-13 1.22428e-12 0.108738)
(-7.77853e-13 8.54832e-13 0.0947722)
(-7.15741e-13 9.11123e-14 0.0762192)
(-4.38894e-13 -7.71495e-13 0.0515468)
(-3.18297e-13 -5.65647e-13 0.0188236)
(1.80686e-11 2.7435e-11 0.133458)
(1.65744e-11 2.51672e-11 0.127314)
(1.45797e-11 2.1451e-11 0.119292)
(1.20257e-11 1.66059e-11 0.108738)
(9.00943e-12 1.14072e-11 0.0947722)
(5.4292e-12 5.48777e-12 0.0762192)
(1.76841e-12 -1.74255e-13 0.0515468)
(1.29734e-13 -1.07059e-12 0.0188236)
(2.68589e-11 2.33225e-11 0.190226)
(2.65303e-11 2.19508e-11 0.181475)
(2.571e-11 1.94677e-11 0.170143)
(2.41381e-11 1.56076e-11 0.155356)
(2.1557e-11 1.06633e-11 0.135889)
(1.76263e-11 4.52014e-12 0.110014)
(1.19138e-11 -1.63007e-12 0.075283)
(4.76133e-12 -2.51853e-12 0.0282041)
(1.90916e-11 2.84189e-11 0.218242)
(1.84347e-11 2.71661e-11 0.208665)
(1.74847e-11 2.45309e-11 0.196151)
(1.61292e-11 2.03836e-11 0.17967)
(1.42081e-11 1.50464e-11 0.157764)
(1.15001e-11 8.21718e-12 0.128345)
(7.81142e-12 1.18253e-12 0.0883867)
(2.94313e-12 -1.36899e-12 0.0334563)
(1.11072e-11 2.98605e-11 0.218242)
(1.05806e-11 2.86628e-11 0.208665)
(9.99113e-12 2.62348e-11 0.196151)
(9.29037e-12 2.22086e-11 0.17967)
(8.40552e-12 1.71173e-11 0.157764)
(7.31645e-12 1.02708e-11 0.128345)
(5.71129e-12 2.9545e-12 0.0883867)
(2.66619e-12 -5.8599e-13 0.0334563)
(3.00486e-12 2.92792e-11 0.190226)
(2.68862e-12 2.75724e-11 0.181475)
(2.50115e-12 2.47635e-11 0.170143)
(2.51247e-12 2.06088e-11 0.155356)
(2.70885e-12 1.56067e-11 0.135889)
(3.07617e-12 9.33858e-12 0.110014)
(3.29408e-12 2.75063e-12 0.075283)
(1.70073e-12 -3.56427e-13 0.0282041)
(-3.23094e-12 2.31993e-11 0.133458)
(-2.36576e-12 2.17381e-11 0.127314)
(-1.27191e-12 1.94565e-11 0.119292)
(1.04415e-14 1.6395e-11 0.108738)
(1.35082e-12 1.27843e-11 0.0947722)
(2.64147e-12 8.25846e-12 0.0762192)
(3.32745e-12 3.58202e-12 0.0515468)
(1.79254e-12 6.48229e-13 0.0188236)
(-2.45507e-11 -3.29612e-12 0.133458)
(-2.39809e-11 -1.97998e-12 0.127314)
(-2.30153e-11 6.8866e-13 0.119292)
(-2.14956e-11 3.86251e-12 0.108738)
(-1.92327e-11 6.80283e-12 0.0947722)
(-1.57444e-11 9.19452e-12 0.0762192)
(-1.05904e-11 9.59232e-12 0.0515468)
(-4.39829e-12 4.32025e-12 0.0188236)
(-3.2885e-11 8.52794e-12 0.190226)
(-3.42283e-11 8.76326e-12 0.181475)
(-3.5349e-11 9.83099e-12 0.170143)
(-3.58567e-11 1.13158e-11 0.155356)
(-3.52214e-11 1.25418e-11 0.135889)
(-3.23757e-11 1.37724e-11 0.110014)
(-2.54702e-11 1.26065e-11 0.075283)
(-1.16385e-11 5.61684e-12 0.0282041)
(-2.30861e-11 5.034e-12 0.218242)
(-2.40475e-11 5.04351e-12 0.208665)
(-2.50198e-11 5.64437e-12 0.196151)
(-2.57598e-11 6.64874e-12 0.17967)
(-2.5863e-11 7.28722e-12 0.157764)
(-2.45043e-11 7.94683e-12 0.128345)
(-1.98326e-11 6.79764e-12 0.0883867)
(-9.03971e-12 2.75734e-12 0.0334563)
(-2.03555e-11 3.48724e-12 0.218242)
(-2.10169e-11 3.00076e-12 0.208665)
(-2.16421e-11 2.993e-12 0.196151)
(-2.20534e-11 2.97771e-12 0.17967)
(-2.19717e-11 2.94017e-12 0.157764)
(-2.0704e-11 2.60153e-12 0.128345)
(-1.68555e-11 1.68038e-12 0.0883867)
(-7.80944e-12 1.62847e-13 0.0334563)
(-1.50408e-11 -4.51809e-13 0.190226)
(-1.52323e-11 -1.05877e-12 0.181475)
(-1.53525e-11 -1.18539e-12 0.170143)
(-1.52937e-11 -1.09138e-12 0.155356)
(-1.47975e-11 -1.23809e-12 0.135889)
(-1.34559e-11 -1.22763e-12 0.110014)
(-1.05048e-11 -1.16975e-12 0.075283)
(-4.58499e-12 -9.15003e-13 0.0282041)
(-1.0306e-11 -3.32117e-12 0.133458)
(-1.02067e-11 -3.54916e-12 0.127314)
(-1.00116e-11 -3.55987e-12 0.119292)
(-9.64594e-12 -3.50816e-12 0.108738)
(-8.98342e-12 -3.51381e-12 0.0947722)
(-7.79224e-12 -3.24046e-12 0.0762192)
(-5.70565e-12 -2.59683e-12 0.0515468)
(-2.28365e-12 -1.30161e-12 0.0188236)
(2.68233e-11 9.13001e-12 0.133458)
(2.60255e-11 7.40779e-12 0.127314)
(2.4795e-11 4.38869e-12 0.119292)
(2.2988e-11 5.95743e-13 0.108738)
(2.04445e-11 -3.01169e-12 0.0947722)
(1.67289e-11 -6.33432e-12 0.0762192)
(1.13535e-11 -7.95246e-12 0.0515468)
(4.44959e-12 -4.05303e-12 0.0188236)
(2.88175e-11 1.01749e-11 0.190226)
(2.94511e-11 9.202e-12 0.181475)
(2.98606e-11 7.15914e-12 0.170143)
(2.9758e-11 4.00493e-12 0.155356)
(2.87957e-11 3.74429e-13 0.135889)
(2.62585e-11 -3.46945e-12 0.110014)
(2.07649e-11 -6.31555e-12 0.075283)
(9.70259e-12 -4.24227e-12 0.0282041)
(1.5052e-11 1.83622e-11 0.218242)
(1.52423e-11 1.76397e-11 0.208665)
(1.54197e-11 1.57036e-11 0.196151)
(1.5544e-11 1.26041e-11 0.17967)
(1.55194e-11 8.5312e-12 0.157764)
(1.49656e-11 3.70764e-12 0.128345)
(1.27016e-11 -6.36675e-13 0.0883867)
(6.37427e-12 -1.65247e-12 0.0334563)
(6.22375e-12 1.99356e-11 0.218242)
(6.42503e-12 1.94872e-11 0.208665)
(6.76522e-12 1.7946e-11 0.196151)
(7.26705e-12 1.52025e-11 0.17967)
(7.9033e-12 1.17262e-11 0.157764)
(8.45308e-12 7.18487e-12 0.128345)
(8.12035e-12 2.45171e-12 0.0883867)
(4.76824e-12 -3.44645e-14 0.0334563)
(-1.7239e-12 1.80097e-11 0.190226)
(-1.42894e-12 1.71752e-11 0.181475)
(-9.52573e-13 1.55207e-11 0.170143)
(-1.9835e-13 1.28956e-11 0.155356)
(8.14193e-13 9.73248e-12 0.135889)
(1.92645e-12 5.98694e-12 0.110014)
(2.73392e-12 2.45304e-12 0.075283)
(1.84016e-12 1.03885e-13 0.0282041)
(-1.84596e-12 1.26796e-11 0.133458)
(-1.31462e-12 1.2129e-11 0.127314)
(-6.30841e-13 1.09494e-11 0.119292)
(1.85434e-13 9.06445e-12 0.108738)
(1.03866e-12 6.92236e-12 0.0947722)
(1.82628e-12 4.59225e-12 0.0762192)
(2.11172e-12 2.36701e-12 0.0515468)
(1.19152e-12 6.14275e-13 0.0188236)
(-2.25452e-11 -1.34363e-11 0.133458)
(-2.18355e-11 -1.13756e-11 0.127314)
(-2.07577e-11 -7.83294e-12 0.119292)
(-1.9202e-11 -3.4592e-12 0.108738)
(-1.70558e-11 8.95144e-13 0.0947722)
(-1.37322e-11 5.51602e-12 0.0762192)
(-9.10959e-12 8.41694e-12 0.0515468)
(-4.04112e-12 4.40165e-12 0.0188236)
(-3.23796e-11 -4.4502e-12 0.190226)
(-3.35744e-11 -3.08603e-12 0.181475)
(-3.45749e-11 -7.38051e-13 0.170143)
(-3.50231e-11 2.463e-12 0.155356)
(-3.44884e-11 5.85248e-12 0.135889)
(-3.19432e-11 9.93504e-12 0.110014)
(-2.54448e-11 1.21723e-11 0.075283)
(-1.22082e-11 6.24149e-12 0.0282041)
(-2.61424e-11 -6.66259e-12 0.218242)
(-2.69163e-11 -5.40536e-12 0.208665)
(-2.76926e-11 -3.4453e-12 0.196151)
(-2.82217e-11 -7.2247e-13 0.17967)
(-2.82093e-11 2.15575e-12 0.157764)
(-2.67609e-11 5.24998e-12 0.128345)
(-2.2094e-11 7.19253e-12 0.0883867)
(-1.06022e-11 3.64639e-12 0.0334563)
(-2.36538e-11 -7.56619e-12 0.218242)
(-2.4076e-11 -6.99838e-12 0.208665)
(-2.44386e-11 -5.94961e-12 0.196151)
(-2.46384e-11 -4.41175e-12 0.17967)
(-2.4376e-11 -2.73833e-12 0.157764)
(-2.298e-11 -6.44922e-13 0.128345)
(-1.9006e-11 1.45784e-12 0.0883867)
(-9.07573e-12 7.72782e-13 0.0334563)
(-1.86855e-11 -1.19144e-11 0.190226)
(-1.86546e-11 -1.14397e-11 0.181475)
(-1.85851e-11 -1.03505e-11 0.170143)
(-1.8367e-11 -8.89958e-12 0.155356)
(-1.77519e-11 -7.33157e-12 0.135889)
(-1.63948e-11 -4.99558e-12 0.110014)
(-1.32128e-11 -2.32065e-12 0.075283)
(-5.90519e-12 -8.75876e-13 0.0282041)
(-9.44849e-12 -1.26568e-11 0.133458)
(-9.73853e-12 -1.2147e-11 0.127314)
(-1.00068e-11 -1.12624e-11 0.119292)
(-1.01575e-11 -1.00695e-11 0.108738)
(-9.99308e-12 -8.74822e-12 0.0947722)
(-9.2896e-12 -6.82619e-12 0.0762192)
(-7.43262e-12 -4.19842e-12 0.0515468)
(-3.09443e-12 -1.58144e-12 0.0188236)
(-6.41335e-12 1.87544e-11 0.133458)
(-6.17197e-12 1.78054e-11 0.127314)
(-5.9558e-12 1.57739e-11 0.119292)
(-5.73879e-12 1.28421e-11 0.108738)
(-5.37387e-12 9.63544e-12 0.0947722)
(-4.66258e-12 6.39968e-12 0.0762192)
(-3.36993e-12 3.33257e-12 0.0515468)
(-1.28293e-12 8.74501e-13 0.0188236)
(-7.61421e-12 1.77744e-11 0.190226)
(-6.89448e-12 1.79075e-11 0.181475)
(-6.1157e-12 1.69515e-11 0.170143)
(-5.28257e-12 1.47003e-11 0.155356)
(-4.29868e-12 1.18102e-11 0.135889)
(-2.88163e-12 8.27548e-12 0.110014)
(-1.1752e-12 4.19569e-12 0.075283)
(2.7785e-13 5.62753e-13 0.0282041)
(-1.72604e-11 1.72847e-11 0.218242)
(-1.69006e-11 1.76879e-11 0.208665)
(-1.63481e-11 1.69294e-11 0.196151)
(-1.5442e-11 1.50804e-11 0.17967)
(-1.3983e-11 1.20673e-11 0.157764)
(-1.14881e-11 8.48742e-12 0.128345)
(-7.54766e-12 4.72747e-12 0.0883867)
(-2.37793e-12 8.06939e-13 0.0334563)
(-2.08202e-11 1.37952e-11 0.218242)
(-2.03283e-11 1.4062e-11 0.208665)
(-1.95196e-11 1.3238e-11 0.196151)
(-1.82178e-11 1.13336e-11 0.17967)
(-1.613e-11 8.68486e-12 0.157764)
(-1.29746e-11 5.46648e-12 0.128345)
(-8.4314e-12 2.64521e-12 0.0883867)
(-2.30321e-12 -1.1011e-15 0.0334563)
(-2.2889e-11 7.43925e-12 0.190226)
(-2.21145e-11 7.4923e-12 0.181475)
(-2.09504e-11 6.78862e-12 0.170143)
(-1.92476e-11 5.03696e-12 0.155356)
(-1.68076e-11 3.05704e-12 0.135889)
(-1.34414e-11 1.29915e-12 0.110014)
(-8.8023e-12 -2.38361e-13 0.075283)
(-2.76187e-12 -8.9399e-13 0.0282041)
(-1.35717e-11 1.62541e-12 0.133458)
(-1.29484e-11 1.4929e-12 0.127314)
(-1.20376e-11 9.50371e-13 0.119292)
(-1.0763e-11 -8.04661e-16 0.108738)
(-9.05261e-12 -1.12059e-12 0.0947722)
(-6.89963e-12 -1.76225e-12 0.0762192)
(-4.25035e-12 -1.75322e-12 0.0515468)
(-1.16925e-12 -9.5993e-13 0.0188236)
(-4.57305e-11 -1.65067e-11 0.133458)
(-4.33436e-11 -1.39807e-11 0.127314)
(-4.00793e-11 -9.80029e-12 0.119292)
(-3.57111e-11 -4.4853e-12 0.108738)
(-3.00573e-11 7.50153e-13 0.0947722)
(-2.25754e-11 6.17339e-12 0.0762192)
(-1.32128e-11 9.73896e-12 0.0515468)
(-4.46657e-12 4.92586e-12 0.0188236)
(-5.91326e-11 -6.78357e-12 0.190226)
(-5.89311e-11 -5.1142e-12 0.181475)
(-5.79559e-11 -2.26346e-12 0.170143)
(-5.55838e-11 1.66724e-12 0.155356)
(-5.11438e-11 5.52909e-12 0.135889)
(-4.3416e-11 1.01621e-11 0.110014)
(-3.0668e-11 1.30295e-11 0.075283)
(-1.22128e-11 6.5367e-12 0.0282041)
(-4.92032e-11 -1.44395e-11 0.218242)
(-4.86444e-11 -1.2831e-11 0.208665)
(-4.75761e-11 -1.02969e-11 0.196151)
(-4.5507e-11 -6.61645e-12 0.17967)
(-4.18448e-11 -2.65337e-12 0.157764)
(-3.5518e-11 2.46706e-12 0.128345)
(-2.51719e-11 6.11533e-12 0.0883867)
(-9.445e-12 3.44041e-12 0.0334563)
(-3.95896e-11 -1.77663e-11 0.218242)
(-3.88862e-11 -1.6819e-11 0.208665)
(-3.77336e-11 -1.519e-11 0.196151)
(-3.58794e-11 -1.27362e-11 0.17967)
(-3.28407e-11 -9.56051e-12 0.157764)
(-2.79771e-11 -4.80159e-12 0.128345)
(-2.01298e-11 -1.17799e-13 0.0883867)
(-7.64858e-12 7.49827e-13 0.0334563)
(-2.5446e-11 -2.10186e-11 0.190226)
(-2.4559e-11 -2.00087e-11 0.181475)
(-2.34368e-11 -1.82199e-11 0.170143)
(-2.19701e-11 -1.55231e-11 0.155356)
(-1.98824e-11 -1.22666e-11 0.135889)
(-1.69026e-11 -7.40161e-12 0.110014)
(-1.22678e-11 -2.49051e-12 0.075283)
(-4.49917e-12 -3.90914e-13 0.0282041)
(-6.36724e-12 -1.69804e-11 0.133458)
(-6.61278e-12 -1.6045e-11 0.127314)
(-6.84875e-12 -1.45738e-11 0.119292)
(-6.98547e-12 -1.24739e-11 0.108738)
(-6.90115e-12 -1.00997e-11 0.0947722)
(-6.4186e-12 -6.88118e-12 0.0762192)
(-5.11926e-12 -3.13136e-12 0.0515468)
(-2.00417e-12 -7.28932e-13 0.0188236)
(2.96738e-11 -8.50566e-13 0.133458)
(2.95168e-11 -3.39519e-12 0.127314)
(2.91211e-11 -6.63101e-12 0.119292)
(2.83358e-11 -9.30943e-12 0.108738)
(2.66376e-11 -1.19538e-11 0.0947722)
(2.29507e-11 -1.51853e-11 0.0762192)
(1.65287e-11 -1.57582e-11 0.0515468)
(7.38146e-12 -7.19063e-12 0.0188236)
(4.00143e-11 -1.03863e-11 0.190226)
(4.24132e-11 -1.36753e-11 0.181475)
(4.47847e-11 -1.75616e-11 0.170143)
(4.69347e-11 -2.06005e-11 0.155356)
(4.82337e-11 -2.31985e-11 0.135889)
(4.68753e-11 -2.41863e-11 0.110014)
(3.9395e-11 -2.18872e-11 0.075283)
(1.96758e-11 -9.48161e-12 0.0282041)
(3.79188e-11 -2.26571e-12 0.218242)
(4.03132e-11 -4.20748e-12 0.208665)
(4.27905e-11 -6.57436e-12 0.196151)
(4.52765e-11 -9.42515e-12 0.17967)
(4.71335e-11 -1.16807e-11 0.157764)
(4.67944e-11 -1.32774e-11 0.128345)
(4.04678e-11 -1.28161e-11 0.0883867)
(2.04115e-11 -5.02016e-12 0.0334563)
(3.95424e-11 3.26196e-12 0.218242)
(4.1417e-11 2.51923e-12 0.208665)
(4.34723e-11 1.58883e-12 0.196151)
(4.5386e-11 6.35931e-13 0.17967)
(4.65355e-11 7.59553e-14 0.157764)
(4.55123e-11 -7.51183e-13 0.128345)
(3.8802e-11 -9.16663e-13 0.0883867)
(1.91395e-11 5.08249e-13 0.0334563)
(4.04884e-11 1.2824e-11 0.190226)
(4.13616e-11 1.25659e-11 0.181475)
(4.21259e-11 1.23387e-11 0.170143)
(4.24852e-11 1.19219e-11 0.155356)
(4.17815e-11 1.14308e-11 0.135889)
(3.88155e-11 1.03711e-11 0.110014)
(3.11469e-11 7.95458e-12 0.075283)
(1.40901e-11 3.9518e-12 0.0282041)
(3.23018e-11 1.65866e-11 0.133458)
(3.20663e-11 1.65195e-11 0.127314)
(3.1527e-11 1.64535e-11 0.119292)
(3.04153e-11 1.6132e-11 0.108738)
(2.83101e-11 1.54997e-11 0.0947722)
(2.46004e-11 1.38797e-11 0.0762192)
(1.81829e-11 1.06673e-11 0.0515468)
(7.36038e-12 4.53964e-12 0.0188236)
(2.02525e-11 -5.15936e-11 0.133458)
(1.98401e-11 -5.03164e-11 0.127314)
(1.93911e-11 -4.65696e-11 0.119292)
(1.88442e-11 -4.01935e-11 0.108738)
(1.78051e-11 -3.25583e-11 0.0947722)
(1.5809e-11 -2.37132e-11 0.0762192)
(1.20638e-11 -1.37777e-11 0.0515468)
(4.93044e-12 -3.93309e-12 0.0188236)
(3.41609e-11 -5.34232e-11 0.190226)
(3.32408e-11 -5.45171e-11 0.181475)
(3.20704e-11 -5.28541e-11 0.170143)
(3.06327e-11 -4.79232e-11 0.155356)
(2.8435e-11 -4.04189e-11 0.135889)
(2.45406e-11 -3.01158e-11 0.110014)
(1.77379e-11 -1.80725e-11 0.075283)
(6.84013e-12 -4.74453e-12 0.0282041)
(5.20092e-11 -4.37157e-11 0.218242)
(5.15001e-11 -4.52113e-11 0.208665)
(5.04219e-11 -4.44216e-11 0.196151)
(4.84634e-11 -4.04713e-11 0.17967)
(4.49179e-11 -3.38628e-11 0.157764)
(3.86337e-11 -2.49953e-11 0.128345)
(2.77742e-11 -1.51453e-11 0.0883867)
(1.05038e-11 -3.42781e-12 0.0334563)
(5.44249e-11 -2.77897e-11 0.218242)
(5.33063e-11 -2.84772e-11 0.208665)
(5.14542e-11 -2.74758e-11 0.196151)
(4.84642e-11 -2.4577e-11 0.17967)
(4.36414e-11 -1.98788e-11 0.157764)
(3.60278e-11 -1.38886e-11 0.128345)
(2.44085e-11 -7.56137e-12 0.0883867)
(8.02581e-12 -1.11721e-12 0.0334563)
(5.12039e-11 -1.00499e-11 0.190226)
(4.93277e-11 -1.05895e-11 0.181475)
(4.66638e-11 -1.00338e-11 0.170143)
(4.28259e-11 -8.28471e-12 0.155356)
(3.72809e-11 -5.74117e-12 0.135889)
(2.95695e-11 -3.05272e-12 0.110014)
(1.90697e-11 -8.56702e-13 0.075283)
(5.78691e-12 6.25096e-13 0.0282041)
(2.80838e-11 3.79216e-13 0.133458)
(2.67664e-11 2.27888e-13 0.127314)
(2.49388e-11 5.37717e-13 0.119292)
(2.23645e-11 1.50111e-12 0.108738)
(1.88634e-11 2.36329e-12 0.0947722)
(1.43705e-11 2.788e-12 0.0762192)
(8.80327e-12 2.49003e-12 0.0515468)
(2.53124e-12 1.16898e-12 0.0188236)
(4.13085e-11 -5.7563e-12 0.133458)
(3.98466e-11 -6.68618e-12 0.127314)
(3.77331e-11 -8.28162e-12 0.119292)
(3.46858e-11 -9.91012e-12 0.108738)
(3.03664e-11 -1.09707e-11 0.0947722)
(2.41275e-11 -1.1468e-11 0.0762192)
(1.5598e-11 -1.01476e-11 0.0515468)
(5.39081e-12 -4.08535e-12 0.0188236)
(5.98071e-11 -2.28812e-11 0.190226)
(5.95333e-11 -2.1758e-11 0.181475)
(5.84875e-11 -2.0394e-11 0.170143)
(5.60906e-11 -1.84741e-11 0.155356)
(5.14945e-11 -1.6093e-11 0.135889)
(4.35693e-11 -1.27456e-11 0.110014)
(3.05484e-11 -9.03748e-12 0.075283)
(1.13048e-11 -3.44716e-12 0.0282041)
(5.10271e-11 -2.10437e-11 0.218242)
(5.02565e-11 -1.92841e-11 0.208665)
(4.87946e-11 -1.68839e-11 0.196151)
(4.61361e-11 -1.37096e-11 0.17967)
(4.15491e-11 -9.94536e-12 0.157764)
(3.40396e-11 -5.84713e-12 0.128345)
(2.24953e-11 -1.73005e-12 0.0883867)
(6.88125e-12 2.39646e-13 0.0334563)
(3.98032e-11 -2.20041e-11 0.218242)
(3.88154e-11 -1.94791e-11 0.208665)
(3.71744e-11 -1.59954e-11 0.196151)
(3.44136e-11 -1.14743e-11 0.17967)
(3.00811e-11 -6.44252e-12 0.157764)
(2.36e-11 -1.24159e-12 0.128345)
(1.46964e-11 2.83576e-12 0.0883867)
(4.2684e-12 2.14063e-12 0.0334563)
(1.94154e-11 -2.4956e-11 0.190226)
(1.78553e-11 -2.25194e-11 0.181475)
(1.57518e-11 -1.87121e-11 0.170143)
(1.29213e-11 -1.39287e-11 0.155356)
(9.39453e-12 -8.89895e-12 0.135889)
(5.23935e-12 -3.6045e-12 0.110014)
(1.07772e-12 9.76668e-13 0.075283)
(-8.60966e-13 9.41869e-13 0.0282041)
(-1.20205e-12 -2.74615e-11 0.133458)
(-2.66909e-12 -2.57632e-11 0.127314)
(-4.37194e-12 -2.31522e-11 0.119292)
(-6.2189e-12 -1.95975e-11 0.108738)
(-7.87953e-12 -1.57965e-11 0.0947722)
(-8.89898e-12 -1.10779e-11 0.0762192)
(-8.33918e-12 -5.7968e-12 0.0515468)
(-3.89859e-12 -1.73165e-12 0.0188236)
(-2.12143e-11 -3.22848e-12 0.133458)
(-2.17963e-11 -1.76826e-12 0.127314)
(-2.21851e-11 9.16204e-13 0.119292)
(-2.21511e-11 4.44641e-12 0.108738)
(-2.1378e-11 7.94554e-12 0.0947722)
(-1.91804e-11 1.06966e-11 0.0762192)
(-1.46085e-11 1.0999e-11 0.0515468)
(-6.64055e-12 5.40501e-12 0.0188236)
(-2.78547e-11 1.40669e-12 0.190226)
(-3.07386e-11 1.85719e-12 0.181475)
(-3.37512e-11 3.33151e-12 0.170143)
(-3.6514e-11 5.55416e-12 0.155356)
(-3.83194e-11 7.90538e-12 0.135889)
(-3.77665e-11 1.02193e-11 0.110014)
(-3.20471e-11 1.03487e-11 0.075283)
(-1.55996e-11 5.48974e-12 0.0282041)
(-1.82107e-11 -2.36997e-12 0.218242)
(-2.10187e-11 -2.94386e-12 0.208665)
(-2.42028e-11 -2.96418e-12 0.196151)
(-2.75159e-11 -2.18691e-12 0.17967)
(-3.04198e-11 -1.35629e-12 0.157764)
(-3.15763e-11 -9.97969e-14 0.128345)
(-2.80771e-11 8.23258e-13 0.0883867)
(-1.4041e-11 8.73269e-13 0.0334563)
(-1.7105e-11 -2.3383e-12 0.218242)
(-1.94816e-11 -3.74692e-12 0.208665)
(-2.21228e-11 -5.30634e-12 0.196151)
(-2.47719e-11 -6.54996e-12 0.17967)
(-2.70562e-11 -7.4326e-12 0.157764)
(-2.78003e-11 -8.04168e-12 0.128345)
(-2.44006e-11 -7.46645e-12 0.0883867)
(-1.23279e-11 -2.87875e-12 0.0334563)
(-1.60798e-11 -1.09211e-12 0.190226)
(-1.73333e-11 -2.8514e-12 0.181475)
(-1.85406e-11 -4.85573e-12 0.170143)
(-1.94552e-11 -6.85182e-12 0.155356)
(-1.97799e-11 -8.414e-12 0.135889)
(-1.86731e-11 -9.48373e-12 0.110014)
(-1.48474e-11 -9.10535e-12 0.075283)
(-6.90856e-12 -3.9282e-12 0.0282041)
(-1.74428e-11 5.47007e-12 0.133458)
(-1.63977e-11 4.16002e-12 0.127314)
(-1.50519e-11 2.41104e-12 0.119292)
(-1.33326e-11 5.43004e-13 0.108738)
(-1.11818e-11 -1.16973e-12 0.0947722)
(-8.36141e-12 -2.93651e-12 0.0762192)
(-4.9271e-12 -3.68439e-12 0.0515468)
(-1.71225e-12 -1.76673e-12 0.0188236)
(-2.52775e-12 2.52362e-11 0.133458)
(-2.66468e-12 2.37497e-11 0.127314)
(-2.91916e-12 2.1087e-11 0.119292)
(-3.25518e-12 1.7342e-11 0.108738)
(-3.52192e-12 1.3314e-11 0.0947722)
(-3.68321e-12 8.49757e-12 0.0762192)
(-3.33427e-12 3.49068e-12 0.0515468)
(-1.26444e-12 7.88551e-13 0.0188236)
(1.25292e-12 1.67113e-11 0.190226)
(1.83618e-12 1.683e-11 0.181475)
(2.36512e-12 1.62219e-11 0.170143)
(2.7383e-12 1.44152e-11 0.155356)
(2.97179e-12 1.17535e-11 0.135889)
(3.11924e-12 8.28772e-12 0.110014)
(2.8777e-12 3.86496e-12 0.075283)
(1.87151e-12 4.89495e-13 0.0282041)
(-6.6226e-12 9.59529e-12 0.218242)
(-6.45907e-12 1.06902e-11 0.208665)
(-6.19591e-12 1.13736e-11 0.196151)
(-5.77235e-12 1.12148e-11 0.17967)
(-5.00305e-12 1.03991e-11 0.157764)
(-3.67867e-12 8.56493e-12 0.128345)
(-1.88339e-12 5.36669e-12 0.0883867)
(-2.27269e-13 1.62622e-12 0.0334563)
(-1.07599e-11 -2.75754e-13 0.218242)
(-1.02481e-11 9.76451e-13 0.208665)
(-9.52267e-12 2.15178e-12 0.196151)
(-8.55799e-12 3.08182e-12 0.17967)
(-7.2208e-12 3.84294e-12 0.157764)
(-5.26424e-12 4.52988e-12 0.128345)
(-2.744e-12 4.41081e-12 0.0883867)
(-1.23585e-14 1.94395e-12 0.0334563)
(-1.50417e-11 -1.10492e-11 0.190226)
(-1.43857e-11 -9.60465e-12 0.181475)
(-1.35236e-11 -7.50153e-12 0.170143)
(-1.23795e-11 -4.98901e-12 0.155356)
(-1.07084e-11 -2.48383e-12 0.135889)
(-8.41684e-12 7.74559e-14 0.110014)
(-5.34485e-12 2.03414e-12 0.075283)
(-1.17003e-12 1.12544e-12 0.0282041)
(-1.53129e-11 -1.67534e-11 0.133458)
(-1.51012e-11 -1.57907e-11 0.127314)
(-1.47099e-11 -1.43175e-11 0.119292)
(-1.40125e-11 -1.2476e-11 0.108738)
(-1.28291e-11 -1.03765e-11 0.0947722)
(-1.09734e-11 -7.42146e-12 0.0762192)
(-7.89502e-12 -4.05993e-12 0.0515468)
(-2.75326e-12 -1.31292e-12 0.0188236)
(-5.20897e-11 1.36691e-11 0.133458)
(-5.09062e-11 1.4549e-11 0.127314)
(-4.90246e-11 1.64563e-11 0.119292)
(-4.60645e-11 1.85901e-11 0.108738)
(-4.15397e-11 2.00012e-11 0.0947722)
(-3.44497e-11 2.04621e-11 0.0762192)
(-2.37931e-11 1.76974e-11 0.0515468)
(-9.35562e-12 7.37117e-12 0.0188236)
(-6.87064e-11 3.05696e-11 0.190226)
(-6.97274e-11 2.97942e-11 0.181475)
(-7.01996e-11 2.91619e-11 0.170143)
(-6.94146e-11 2.80607e-11 0.155356)
(-6.64417e-11 2.63607e-11 0.135889)
(-5.94826e-11 2.34284e-11 0.110014)
(-4.53599e-11 1.79408e-11 0.075283)
(-1.9436e-11 7.33237e-12 0.0282041)
(-5.75975e-11 2.33999e-11 0.218242)
(-5.82922e-11 2.17965e-11 0.208665)
(-5.86562e-11 1.96386e-11 0.196151)
(-5.81843e-11 1.72351e-11 0.17967)
(-5.60314e-11 1.45566e-11 0.157764)
(-5.06115e-11 1.11536e-11 0.128345)
(-3.91141e-11 6.57757e-12 0.0883867)
(-1.67371e-11 2.10501e-12 0.0334563)
(-4.82159e-11 1.93739e-11 0.218242)
(-4.83524e-11 1.68507e-11 0.208665)
(-4.81442e-11 1.35394e-11 0.196151)
(-4.71788e-11 9.51635e-12 0.17967)
(-4.48068e-11 5.36402e-12 0.157764)
(-3.99006e-11 8.64929e-13 0.128345)
(-3.04701e-11 -2.93714e-12 0.0883867)
(-1.32091e-11 -2.3325e-12 0.0334563)
(-3.24234e-11 1.63849e-11 0.190226)
(-3.1701e-11 1.38003e-11 0.181475)
(-3.05102e-11 1.04879e-11 0.170143)
(-2.85915e-11 6.37601e-12 0.155356)
(-2.56739e-11 2.21039e-12 0.135889)
(-2.1286e-11 -1.89663e-12 0.110014)
(-1.46827e-11 -4.78059e-12 0.075283)
(-5.77435e-12 -2.94092e-12 0.0282041)
(-1.99258e-11 1.77623e-11 0.133458)
(-1.8171e-11 1.59391e-11 0.127314)
(-1.59617e-11 1.3272e-11 0.119292)
(-1.32638e-11 1.00077e-11 0.108738)
(-1.01226e-11 6.50729e-12 0.0947722)
(-6.50161e-12 2.80154e-12 0.0762192)
(-2.83127e-12 -3.39858e-13 0.0515468)
(-4.5892e-13 -7.12537e-13 0.0188236)
(1.59733e-11 8.90239e-12 0.133458)
(1.647e-11 7.47394e-12 0.127314)
(1.68139e-11 4.89531e-12 0.119292)
(1.68404e-11 1.3542e-12 0.108738)
(1.63418e-11 -2.20572e-12 0.0947722)
(1.47968e-11 -5.48371e-12 0.0762192)
(1.1474e-11 -6.91283e-12 0.0515468)
(5.2138e-12 -3.80436e-12 0.0188236)
(1.1345e-11 1.00961e-11 0.190226)
(1.36036e-11 9.67006e-12 0.181475)
(1.60429e-11 8.29952e-12 0.170143)
(1.84569e-11 5.9135e-12 0.155356)
(2.05109e-11 2.608e-12 0.135889)
(2.14963e-11 -5.50332e-13 0.110014)
(1.94685e-11 -3.38188e-12 0.075283)
(1.02837e-11 -3.25846e-12 0.0282041)
(-4.26972e-12 1.19962e-11 0.218242)
(-2.17365e-12 1.25238e-11 0.208665)
(3.68864e-13 1.23263e-11 0.196151)
(3.36172e-12 1.11744e-11 0.17967)
(6.73192e-12 9.20458e-12 0.157764)
(9.99211e-12 6.69779e-12 0.128345)
(1.14793e-11 3.59567e-12 0.0883867)
(7.11524e-12 4.12262e-13 0.0334563)
(-9.42629e-12 5.00407e-12 0.218242)
(-7.29694e-12 6.03154e-12 0.208665)
(-4.71565e-12 6.89797e-12 0.196151)
(-1.69422e-12 7.26515e-12 0.17967)
(1.70624e-12 7.41774e-12 0.157764)
(5.13384e-12 7.23793e-12 0.128345)
(7.35908e-12 6.29298e-12 0.0883867)
(5.50085e-12 2.35113e-12 0.0334563)
(-1.27824e-11 -5.09658e-12 0.190226)
(-1.11913e-11 -3.72996e-12 0.181475)
(-9.33923e-12 -1.88705e-12 0.170143)
(-7.22675e-12 5.59975e-14 0.155356)
(-4.77544e-12 1.72054e-12 0.135889)
(-2.18759e-12 3.46981e-12 0.110014)
(-3.45913e-14 4.64006e-12 0.075283)
(1.27469e-12 1.90844e-12 0.0282041)
(-1.15214e-11 -1.39166e-11 0.133458)
(-1.14091e-11 -1.2867e-11 0.127314)
(-1.11996e-11 -1.13768e-11 0.119292)
(-1.07826e-11 -9.63506e-12 0.108738)
(-9.99833e-12 -7.81932e-12 0.0947722)
(-8.74104e-12 -5.22862e-12 0.0762192)
(-6.62155e-12 -2.13374e-12 0.0515468)
(-2.43816e-12 -6.36406e-13 0.0188236)
(-2.69598e-11 -6.21829e-12 0.133458)
(-2.60454e-11 -4.31822e-12 0.127314)
(-2.47305e-11 -1.48664e-12 0.119292)
(-2.28825e-11 1.81488e-12 0.108738)
(-2.03413e-11 4.76308e-12 0.0947722)
(-1.64847e-11 8.0771e-12 0.0762192)
(-1.09051e-11 9.75182e-12 0.0515468)
(-4.66658e-12 4.53703e-12 0.0188236)
(-4.25604e-11 8.42545e-12 0.190226)
(-4.31358e-11 9.09176e-12 0.181475)
(-4.33631e-11 9.93017e-12 0.170143)
(-4.28428e-11 1.0956e-11 0.155356)
(-4.11078e-11 1.18182e-11 0.135889)
(-3.70856e-11 1.27267e-11 0.110014)
(-2.87056e-11 1.2107e-11 0.075283)
(-1.31075e-11 5.59313e-12 0.0282041)
(-3.9401e-11 8.16466e-12 0.218242)
(-3.93047e-11 7.9804e-12 0.208665)
(-3.89737e-11 7.51819e-12 0.196151)
(-3.81078e-11 7.0409e-12 0.17967)
(-3.62974e-11 6.37268e-12 0.157764)
(-3.268e-11 6.04566e-12 0.128345)
(-2.56075e-11 5.28914e-12 0.0883867)
(-1.16087e-11 1.99789e-12 0.0334563)
(-3.60256e-11 7.54074e-12 0.218242)
(-3.55228e-11 6.82529e-12 0.208665)
(-3.47561e-11 5.33167e-12 0.196151)
(-3.34849e-11 3.47699e-12 0.17967)
(-3.14116e-11 1.48603e-12 0.157764)
(-2.79021e-11 -3.53346e-14 0.128345)
(-2.16893e-11 -9.59104e-13 0.0883867)
(-9.79218e-12 -9.71351e-13 0.0334563)
(-2.84945e-11 4.66546e-12 0.190226)
(-2.76419e-11 3.81377e-12 0.181475)
(-2.64616e-11 2.43326e-12 0.170143)
(-2.47802e-11 4.95823e-13 0.155356)
(-2.24123e-11 -1.59864e-12 0.135889)
(-1.90435e-11 -3.18729e-12 0.110014)
(-1.38966e-11 -3.58943e-12 0.075283)
(-5.71962e-12 -2.18878e-12 0.0282041)
(-1.68454e-11 3.65684e-12 0.133458)
(-1.58724e-11 3.1162e-12 0.127314)
(-1.46035e-11 2.10038e-12 0.119292)
(-1.29744e-11 7.0869e-13 0.108738)
(-1.09285e-11 -7.04141e-13 0.0947722)
(-8.38851e-12 -1.82386e-12 0.0762192)
(-5.30653e-12 -2.12299e-12 0.0515468)
(-1.76646e-12 -1.12841e-12 0.0188236)
(2.75387e-12 1.25804e-11 0.133458)
(3.47229e-12 1.23164e-11 0.127314)
(4.07339e-12 1.06106e-11 0.119292)
(4.43505e-12 7.80622e-12 0.108738)
(4.5733e-12 4.86674e-12 0.0947722)
(4.47437e-12 2.53624e-12 0.0762192)
(3.71732e-12 9.14832e-13 0.0515468)
(1.53269e-12 -1.44296e-13 0.0188236)
(1.35897e-12 1.02287e-11 0.190226)
(3.01909e-12 1.20915e-11 0.181475)
(4.74758e-12 1.2551e-11 0.170143)
(6.32544e-12 1.15249e-11 0.155356)
(7.63439e-12 9.504e-12 0.135889)
(8.56165e-12 7.88278e-12 0.110014)
(8.21725e-12 5.8747e-12 0.075283)
(4.14596e-12 1.21569e-12 0.0282041)
(-1.26289e-11 7.79011e-12 0.218242)
(-1.08494e-11 1.06345e-11 0.208665)
(-8.73364e-12 1.23794e-11 0.196151)
(-6.37142e-12 1.27852e-11 0.17967)
(-3.83762e-12 1.20968e-11 0.157764)
(-1.17899e-12 1.1503e-11 0.128345)
(1.11388e-12 1.00055e-11 0.0883867)
(1.26708e-12 3.19331e-12 0.0334563)
(-1.75184e-11 -2.18706e-12 0.218242)
(-1.54298e-11 8.92956e-13 0.208665)
(-1.29689e-11 3.50517e-12 0.196151)
(-1.02043e-11 5.51028e-12 0.17967)
(-7.11356e-12 7.06839e-12 0.157764)
(-3.93937e-12 8.93986e-12 0.128345)
(-1.10458e-12 1.001e-11 0.0883867)
(1.02058e-12 3.80325e-12 0.0334563)
(-2.35737e-11 -1.72488e-11 0.190226)
(-2.18788e-11 -1.40148e-11 0.181475)
(-1.99777e-11 -1.0224e-11 0.170143)
(-1.78147e-11 -6.4628e-12 0.155356)
(-1.52454e-11 -3.16921e-12 0.135889)
(-1.23531e-11 9.65824e-13 0.110014)
(-8.82556e-12 4.82023e-12 0.075283)
(-2.64864e-12 2.0223e-12 0.0282041)
(-1.26461e-11 -2.89117e-11 0.133458)
(-1.33776e-11 -2.64304e-11 0.127314)
(-1.41119e-11 -2.33487e-11 0.119292)
(-1.46466e-11 -1.98611e-11 0.108738)
(-1.46623e-11 -1.61654e-11 0.0947722)
(-1.39278e-11 -1.08213e-11 0.0762192)
(-1.1411e-11 -4.67822e-12 0.0515468)
(-4.46559e-12 -1.31549e-12 0.0188236)
(-7.0291e-11 -9.23891e-12 0.133458)
(-6.6857e-11 -5.61776e-12 0.127314)
(-6.22649e-11 -8.68446e-13 0.119292)
(-5.61832e-11 4.15245e-12 0.108738)
(-4.81737e-11 8.78556e-12 0.0947722)
(-3.72564e-11 1.3506e-11 0.0762192)
(-2.31703e-11 1.54288e-11 0.0515468)
(-8.02552e-12 7.32733e-12 0.0188236)
(-9.45794e-11 -2.10244e-12 0.190226)
(-9.36027e-11 1.00019e-12 0.181475)
(-9.14114e-11 4.59252e-12 0.170143)
(-8.72466e-11 8.17389e-12 0.155356)
(-8.01416e-11 1.13947e-11 0.135889)
(-6.81909e-11 1.47844e-11 0.110014)
(-4.86389e-11 1.61483e-11 0.075283)
(-1.92244e-11 8.07105e-12 0.0282041)
(-8.95939e-11 -1.54714e-11 0.218242)
(-8.86115e-11 -1.37133e-11 0.208665)
(-8.66279e-11 -1.15425e-11 0.196151)
(-8.30071e-11 -8.62301e-12 0.17967)
(-7.66682e-11 -5.56131e-12 0.157764)
(-6.59837e-11 -1.05293e-12 0.128345)
(-4.81073e-11 3.48797e-12 0.0883867)
(-1.89711e-11 2.71108e-12 0.0334563)
(-7.51858e-11 -2.24003e-11 0.218242)
(-7.4118e-11 -2.27444e-11 0.208665)
(-7.22623e-11 -2.29877e-11 0.196151)
(-6.90927e-11 -2.2281e-11 0.17967)
(-6.38816e-11 -2.0262e-11 0.157764)
(-5.53552e-11 -1.60804e-11 0.128345)
(-4.09612e-11 -9.68982e-12 0.0883867)
(-1.67237e-11 -2.82894e-12 0.0334563)
(-5.44499e-11 -2.70954e-11 0.190226)
(-5.30921e-11 -2.73875e-11 0.181475)
(-5.11337e-11 -2.73262e-11 0.170143)
(-4.8205e-11 -2.66702e-11 0.155356)
(-4.3813e-11 -2.46913e-11 0.135889)
(-3.7255e-11 -2.04806e-11 0.110014)
(-2.69009e-11 -1.3848e-11 0.075283)
(-1.06435e-11 -4.79354e-12 0.0282041)
(-3.34141e-11 -1.82835e-11 0.133458)
(-3.20636e-11 -1.83416e-11 0.127314)
(-3.02267e-11 -1.85119e-11 0.119292)
(-2.77342e-11 -1.82724e-11 0.108738)
(-2.43452e-11 -1.73345e-11 0.0947722)
(-1.97378e-11 -1.4998e-11 0.0762192)
(-1.33004e-11 -1.0853e-11 0.0515468)
(-4.85529e-12 -3.89142e-12 0.0188236)
(8.28264e-11 -7.94411e-11 0.133458)
(8.23845e-11 -7.87474e-11 0.127314)
(8.12862e-11 -7.72665e-11 0.119292)
(7.9057e-11 -7.37376e-11 0.108738)
(7.45571e-11 -6.78038e-11 0.0947722)
(6.60363e-11 -5.78298e-11 0.0762192)
(5.002e-11 -4.18241e-11 0.0515468)
(2.14222e-11 -1.60128e-11 0.0188236)
(1.05443e-10 -8.97892e-11 0.190226)
(1.07886e-10 -8.97526e-11 0.181475)
(1.10154e-10 -8.77656e-11 0.170143)
(1.1161e-10 -8.37129e-11 0.155356)
(1.10883e-10 -7.62551e-11 0.135889)
(1.0442e-10 -6.46381e-11 0.110014)
(8.56959e-11 -4.52527e-11 0.075283)
(4.05164e-11 -1.68888e-11 0.0282041)
(1.04506e-10 -6.85613e-11 0.218242)
(1.0759e-10 -6.79301e-11 0.208665)
(1.10774e-10 -6.58387e-11 0.196151)
(1.1346e-10 -6.1605e-11 0.17967)
(1.14472e-10 -5.39628e-11 0.157764)
(1.10579e-10 -4.00754e-11 0.128345)
(9.31063e-11 -2.27911e-11 0.0883867)
(4.50612e-11 -6.23155e-12 0.0334563)
(9.50691e-11 -4.50988e-11 0.218242)
(9.74921e-11 -4.16103e-11 0.208665)
(9.96958e-11 -3.76767e-11 0.196151)
(1.01351e-10 -3.21888e-11 0.17967)
(1.01099e-10 -2.45297e-11 0.157764)
(9.60562e-11 -1.33096e-11 0.128345)
(7.92814e-11 1.66961e-12 0.0883867)
(3.79836e-11 5.09024e-12 0.0334563)
(7.3369e-11 -2.93519e-11 0.190226)
(7.4052e-11 -2.46928e-11 0.181475)
(7.42901e-11 -1.93002e-11 0.170143)
(7.36551e-11 -1.37765e-11 0.155356)
(7.10086e-11 -6.09455e-12 0.135889)
(6.3914e-11 5.44589e-12 0.110014)
(4.89252e-11 1.53419e-11 0.075283)
(2.19702e-11 9.99008e-12 0.0282041)
(5.35699e-11 -1.59171e-11 0.133458)
(5.1439e-11 -1.26204e-11 0.127314)
(4.86729e-11 -9.39407e-12 0.119292)
(4.49751e-11 -5.95704e-12 0.108738)
(3.96909e-11 -1.39664e-12 0.0947722)
(3.1781e-11 4.87743e-12 0.0762192)
(2.02981e-11 1.12257e-11 0.0515468)
(7.56928e-12 6.9362e-12 0.0188236)
(-2.45803e-11 4.57629e-11 0.133458)
(-2.56183e-11 4.46665e-11 0.127314)
(-2.68518e-11 4.23698e-11 0.119292)
(-2.81243e-11 3.88492e-11 0.108738)
(-2.88854e-11 3.46511e-11 0.0947722)
(-2.81867e-11 2.89499e-11 0.0762192)
(-2.38797e-11 2.06164e-11 0.0515468)
(-1.15836e-11 8.48775e-12 0.0188236)
(-6.69363e-12 2.96805e-11 0.190226)
(-7.62335e-12 3.02609e-11 0.181475)
(-9.24601e-12 2.97562e-11 0.170143)
(-1.18921e-11 2.78751e-11 0.155356)
(-1.56383e-11 2.52924e-11 0.135889)
(-1.98664e-11 2.19807e-11 0.110014)
(-2.20632e-11 1.6573e-11 0.075283)
(-1.45218e-11 7.2476e-12 0.0282041)
(-2.96186e-12 2.01992e-11 0.218242)
(-3.81771e-12 2.10247e-11 0.208665)
(-5.33153e-12 2.05821e-11 0.196151)
(-7.88219e-12 1.8924e-11 0.17967)
(-1.19291e-11 1.63398e-11 0.157764)
(-1.73447e-11 1.31492e-11 0.128345)
(-2.18483e-11 9.05392e-12 0.0883867)
(-1.6194e-11 3.57111e-12 0.0334563)
(4.42674e-14 1.64682e-11 0.218242)
(-9.22147e-13 1.66601e-11 0.208665)
(-2.31766e-12 1.58807e-11 0.196151)
(-4.41546e-12 1.36723e-11 0.17967)
(-7.59717e-12 1.06304e-11 0.157764)
(-1.18983e-11 6.62665e-12 0.128345)
(-1.55854e-11 2.29597e-12 0.0883867)
(-1.19145e-11 -3.23897e-13 0.0334563)
(3.59662e-12 1.86359e-11 0.190226)
(2.89365e-12 1.77063e-11 0.181475)
(1.95728e-12 1.58478e-11 0.170143)
(6.96985e-13 1.25595e-11 0.155356)
(-1.02302e-12 8.64973e-12 0.135889)
(-3.25663e-12 3.9362e-12 0.110014)
(-5.34368e-12 -2.31596e-13 0.075283)
(-4.70718e-12 -1.36674e-12 0.0282041)
(7.94009e-12 1.93094e-11 0.133458)
(7.85484e-12 1.84736e-11 0.127314)
(7.68723e-12 1.69785e-11 0.119292)
(7.37307e-12 1.44844e-11 0.108738)
(6.71211e-12 1.13877e-11 0.0947722)
(5.63976e-12 7.71079e-12 0.0762192)
(3.88354e-12 3.81132e-12 0.0515468)
(1.15014e-12 7.99545e-13 0.0188236)
(3.07502e-11 -1.33062e-11 0.133458)
(2.9921e-11 -1.21896e-11 0.127314)
(2.87773e-11 -1.09166e-11 0.119292)
(2.70873e-11 -9.80235e-12 0.108738)
(2.46125e-11 -9.01724e-12 0.0947722)
(2.12929e-11 -6.95206e-12 0.0762192)
(1.62103e-11 -3.73325e-12 0.0515468)
(6.15089e-12 -2.03774e-12 0.0188236)
(2.7807e-11 1.10958e-11 0.190226)
(2.54213e-11 1.21927e-11 0.181475)
(2.26534e-11 1.25123e-11 0.170143)
(1.95422e-11 1.20285e-11 0.155356)
(1.60587e-11 1.03421e-11 0.135889)
(1.2603e-11 9.75849e-12 0.110014)
(9.26944e-12 8.62335e-12 0.075283)
(3.48079e-12 1.92236e-12 0.0282041)
(3.26369e-11 2.52571e-11 0.218242)
(3.08895e-11 2.66002e-11 0.208665)
(2.86428e-11 2.65122e-11 0.196151)
(2.59442e-11 2.48462e-11 0.17967)
(2.2686e-11 2.16416e-11 0.157764)
(1.90709e-11 1.84701e-11 0.128345)
(1.47657e-11 1.43935e-11 0.0883867)
(7.13266e-12 3.52079e-12 0.0334563)
(3.14109e-11 3.61234e-11 0.218242)
(3.08676e-11 3.79136e-11 0.208665)
(3.00218e-11 3.75949e-11 0.196151)
(2.87157e-11 3.53969e-11 0.17967)
(2.68035e-11 3.13189e-11 0.157764)
(2.38321e-11 2.64608e-11 0.128345)
(1.90323e-11 1.98609e-11 0.0883867)
(9.72906e-12 5.8322e-12 0.0334563)
(2.25996e-11 3.58587e-11 0.190226)
(2.32158e-11 3.75261e-11 0.181475)
(2.3599e-11 3.76993e-11 0.170143)
(2.35818e-11 3.61033e-11 0.155356)
(2.28905e-11 3.25363e-11 0.135889)
(2.07247e-11 2.82826e-11 0.110014)
(1.59835e-11 2.17955e-11 0.075283)
(7.98421e-12 7.28217e-12 0.0282041)
(2.43641e-11 1.63167e-11 0.133458)
(2.29254e-11 1.75614e-11 0.127314)
(2.1145e-11 1.83964e-11 0.119292)
(1.90115e-11 1.82294e-11 0.108738)
(1.63755e-11 1.7064e-11 0.0947722)
(1.27711e-11 1.59295e-11 0.0762192)
(7.98751e-12 1.34408e-11 0.0515468)
(3.35879e-12 5.03265e-12 0.0188236)
(-2.92732e-11 3.66426e-11 0.133458)
(-2.88695e-11 3.60542e-11 0.127314)
(-2.83771e-11 3.40817e-11 0.119292)
(-2.76673e-11 3.06105e-11 0.108738)
(-2.62663e-11 2.64987e-11 0.0947721)
(-2.33068e-11 2.20591e-11 0.0762192)
(-1.75818e-11 1.62114e-11 0.0515468)
(-7.81184e-12 6.36233e-12 0.0188236)
(-2.91829e-11 3.9083e-11 0.190226)
(-3.01088e-11 3.95029e-11 0.181475)
(-3.11033e-11 3.80878e-11 0.170143)
(-3.20336e-11 3.47151e-11 0.155356)
(-3.23784e-11 2.98451e-11 0.135889)
(-3.07877e-11 2.46276e-11 0.110014)
(-2.51266e-11 1.82062e-11 0.075283)
(-1.22522e-11 6.57098e-12 0.0282041)
(-2.28848e-11 3.64408e-11 0.218242)
(-2.43873e-11 3.62292e-11 0.208665)
(-2.60291e-11 3.40383e-11 0.196151)
(-2.76412e-11 2.98969e-11 0.17967)
(-2.88426e-11 2.4255e-11 0.157764)
(-2.86546e-11 1.81654e-11 0.128345)
(-2.48555e-11 1.25256e-11 0.0883867)
(-1.27869e-11 3.49281e-12 0.0334563)
(-1.00389e-11 3.3495e-11 0.218242)
(-1.10502e-11 3.24001e-11 0.208665)
(-1.22085e-11 2.93724e-11 0.196151)
(-1.34899e-11 2.42039e-11 0.17967)
(-1.47388e-11 1.78348e-11 0.157764)
(-1.56247e-11 1.1701e-11 0.128345)
(-1.47451e-11 6.34273e-12 0.0883867)
(-8.13315e-12 4.46241e-13 0.0334563)
(-1.88161e-12 2.8633e-11 0.190226)
(-1.88829e-12 2.71292e-11 0.181475)
(-2.07176e-12 2.41594e-11 0.170143)
(-2.50937e-12 1.94573e-11 0.155356)
(-3.30293e-12 1.38257e-11 0.135889)
(-4.52113e-12 8.46442e-12 0.110014)
(-5.557e-12 4.0562e-12 0.075283)
(-3.77747e-12 -2.74991e-13 0.0282041)
(1.55898e-11 1.34015e-11 0.133458)
(1.43374e-11 1.30309e-11 0.127314)
(1.28082e-11 1.20057e-11 0.119292)
(1.09754e-11 1.00311e-11 0.108738)
(8.7348e-12 7.56616e-12 0.0947722)
(5.90409e-12 5.52219e-12 0.0762192)
(2.68771e-12 3.83896e-12 0.0515468)
(3.55352e-13 9.32333e-13 0.0188236)
(-1.92567e-11 -2.53343e-11 0.133458)
(-1.75635e-11 -2.29133e-11 0.127314)
(-1.53152e-11 -1.95891e-11 0.119292)
(-1.24417e-11 -1.55606e-11 0.108738)
(-8.90707e-12 -1.12287e-11 0.0947721)
(-4.4362e-12 -5.31144e-12 0.0762192)
(1.42167e-13 6.53052e-13 0.0515468)
(1.13676e-12 1.11013e-12 0.0188236)
(-3.84343e-11 -1.68932e-11 0.190226)
(-3.83215e-11 -1.54896e-11 0.181475)
(-3.75525e-11 -1.3733e-11 0.170143)
(-3.56336e-11 -1.11967e-11 0.155356)
(-3.21034e-11 -8.22545e-12 0.135889)
(-2.58502e-11 -2.56713e-12 0.110014)
(-1.61753e-11 3.74765e-12 0.075283)
(-5.09056e-12 2.75903e-12 0.0282041)
(-3.23401e-11 -2.09853e-11 0.218242)
(-3.25587e-11 -1.99147e-11 0.208665)
(-3.24499e-11 -1.86673e-11 0.196151)
(-3.15932e-11 -1.65761e-11 0.17967)
(-2.93951e-11 -1.36341e-11 0.157764)
(-2.48463e-11 -7.57632e-12 0.128345)
(-1.67789e-11 -1.51026e-13 0.0883867)
(-5.39786e-12 1.37717e-12 0.0334563)
(-2.48605e-11 -2.15919e-11 0.218242)
(-2.54451e-11 -2.11316e-11 0.208665)
(-2.591e-11 -2.07648e-11 0.196151)
(-2.60525e-11 -1.97522e-11 0.17967)
(-2.5373e-11 -1.76079e-11 0.157764)
(-2.31129e-11 -1.2385e-11 0.128345)
(-1.77776e-11 -4.79546e-12 0.0883867)
(-7.10632e-12 -5.09456e-13 0.0334563)
(-2.09045e-11 -2.59066e-11 0.190226)
(-2.13082e-11 -2.52829e-11 0.181475)
(-2.17623e-11 -2.43964e-11 0.170143)
(-2.21255e-11 -2.29273e-11 0.155356)
(-2.20448e-11 -2.06726e-11 0.135889)
(-2.10656e-11 -1.56946e-11 0.110014)
(-1.76296e-11 -8.11621e-12 0.075283)
(-7.87531e-12 -2.59593e-12 0.0282041)
(-1.17008e-11 -2.84626e-11 0.133458)
(-1.27287e-11 -2.73414e-11 0.127314)
(-1.37949e-11 -2.58672e-11 0.119292)
(-1.47307e-11 -2.39543e-11 0.108738)
(-1.524e-11 -2.13895e-11 0.0947722)
(-1.49746e-11 -1.67934e-11 0.0762192)
(-1.27407e-11 -1.01372e-11 0.0515468)
(-5.68736e-12 -3.52725e-12 0.0188236)
(-2.16391e-11 2.78401e-12 0.133458)
(-1.9962e-11 3.17083e-12 0.127314)
(-1.79362e-11 3.16896e-12 0.119292)
(-1.55523e-11 2.62752e-12 0.108738)
(-1.26694e-11 2.16371e-12 0.0947721)
(-9.08956e-12 2.50787e-12 0.0762192)
(-5.02701e-12 2.84222e-12 0.0515468)
(-1.38645e-12 1.41451e-12 0.0188236)
(-2.23909e-11 -7.66881e-13 0.190226)
(-2.09983e-11 7.5479e-13 0.181475)
(-1.92066e-11 1.8916e-12 0.170143)
(-1.69141e-11 2.34978e-12 0.155356)
(-1.40219e-11 2.51162e-12 0.135889)
(-1.01475e-11 3.537e-12 0.110014)
(-5.49908e-12 4.50181e-12 0.075283)
(-1.4853e-12 1.88183e-12 0.0282041)
(-1.96177e-11 -4.24294e-12 0.218242)
(-1.8748e-11 -2.46769e-12 0.208665)
(-1.75169e-11 -1.21275e-12 0.196151)
(-1.57052e-11 -5.61044e-13 0.17967)
(-1.3167e-11 1.12297e-13 0.157764)
(-9.66408e-12 2.04391e-12 0.128345)
(-5.31821e-12 4.47717e-12 0.0883867)
(-1.23847e-12 2.09759e-12 0.0334563)
(-8.20925e-12 -6.12742e-12 0.218242)
(-7.46984e-12 -4.26074e-12 0.208665)
(-6.44696e-12 -2.87978e-12 0.196151)
(-5.06896e-12 -1.98504e-12 0.17967)
(-3.22605e-12 -1.00166e-12 0.157764)
(-1.01186e-12 1.19563e-12 0.128345)
(1.12061e-12 3.6766e-12 0.0883867)
(1.94607e-12 2.00047e-12 0.0334563)
(-1.25374e-12 -8.97598e-12 0.190226)
(-5.42613e-13 -7.00348e-12 0.181475)
(2.05309e-13 -4.95943e-12 0.170143)
(1.02847e-12 -3.51047e-12 0.155356)
(1.88748e-12 -1.81892e-12 0.135889)
(2.40377e-12 8.64248e-13 0.110014)
(2.41193e-12 3.47566e-12 0.075283)
(1.83369e-12 1.98758e-12 0.0282041)
(1.79689e-11 -1.04065e-11 0.133458)
(1.65067e-11 -8.57428e-12 0.127314)
(1.47918e-11 -6.62535e-12 0.119292)
(1.28311e-11 -4.83486e-12 0.108738)
(1.05567e-11 -3.0021e-12 0.0947722)
(7.76033e-12 -2.62581e-13 0.0762192)
(4.50642e-12 2.38425e-12 0.0515468)
(1.66284e-12 1.66442e-12 0.0188236)
(-2.90613e-12 -2.63696e-11 0.133458)
(-1.66711e-12 -2.38732e-11 0.127314)
(-1.51316e-13 -2.07375e-11 0.119292)
(1.56011e-12 -1.70542e-11 0.108738)
(3.2885e-12 -1.32777e-11 0.0947721)
(5.11007e-12 -7.84784e-12 0.0762192)
(6.29298e-12 -1.62788e-12 0.0515468)
(3.04592e-12 1.57028e-13 0.0188236)
(-1.59711e-11 -1.95706e-11 0.190226)
(-1.55127e-11 -1.77098e-11 0.181475)
(-1.46137e-11 -1.57412e-11 0.170143)
(-1.3086e-11 -1.30286e-11 0.155356)
(-1.08237e-11 -1.01799e-11 0.135889)
(-7.50096e-12 -4.41649e-12 0.110014)
(-3.30925e-12 1.94879e-12 0.075283)
(-6.7717e-13 1.80583e-12 0.0282041)
(-1.46721e-11 -2.04502e-11 0.218242)
(-1.41392e-11 -1.8762e-11 0.208665)
(-1.33343e-11 -1.69828e-11 0.196151)
(-1.20734e-11 -1.46114e-11 0.17967)
(-1.02664e-11 -1.18056e-11 0.157764)
(-7.66542e-12 -5.88305e-12 0.128345)
(-4.24864e-12 1.23702e-12 0.0883867)
(-9.75045e-13 1.59975e-12 0.0334563)
(-1.05425e-11 -1.8846e-11 0.218242)
(-1.02947e-11 -1.74451e-11 0.208665)
(-9.89126e-12 -1.61818e-11 0.196151)
(-9.34499e-12 -1.42856e-11 0.17967)
(-8.54409e-12 -1.18659e-11 0.157764)
(-7.49333e-12 -6.98755e-12 0.128345)
(-5.78653e-12 -4.68246e-13 0.0883867)
(-2.26477e-12 6.99289e-13 0.0334563)
(-8.2056e-12 -1.94503e-11 0.190226)
(-7.90147e-12 -1.79943e-11 0.181475)
(-7.64692e-12 -1.63865e-11 0.170143)
(-7.45304e-12 -1.4388e-11 0.155356)
(-7.26298e-12 -1.20899e-11 0.135889)
(-7.18516e-12 -7.70975e-12 0.110014)
(-6.63325e-12 -2.25777e-12 0.075283)
(-3.09511e-12 -4.43553e-13 0.0282041)
(-5.20304e-14 -2.03486e-11 0.133458)
(-1.02893e-12 -1.88398e-11 0.127314)
(-2.16844e-12 -1.71097e-11 0.119292)
(-3.39695e-12 -1.49522e-11 0.108738)
(-4.58279e-12 -1.26264e-11 0.0947722)
(-5.67469e-12 -8.62341e-12 0.0762192)
(-5.81224e-12 -3.89502e-12 0.0515468)
(-2.81884e-12 -1.11697e-12 0.0188236)
(-1.00958e-11 -5.5595e-12 0.133458)
(-8.90796e-12 -5.00298e-12 0.127314)
(-7.61032e-12 -4.71831e-12 0.119292)
(-6.24274e-12 -4.53111e-12 0.108738)
(-4.75121e-12 -3.85667e-12 0.0947721)
(-3.0604e-12 -2.31858e-12 0.0762192)
(-1.40397e-12 -3.65043e-13 0.0515468)
(-4.63316e-13 2.013e-13 0.0188236)
(-6.61924e-12 -1.07646e-11 0.190226)
(-5.73252e-12 -8.86246e-12 0.181475)
(-4.73707e-12 -7.18299e-12 0.170143)
(-3.70468e-12 -5.9093e-12 0.155356)
(-2.59725e-12 -4.36301e-12 0.135889)
(-1.25352e-12 -1.19255e-12 0.110014)
(3.65879e-14 2.05226e-12 0.075283)
(-1.63194e-14 1.21413e-12 0.0282041)
(-4.95895e-12 -1.15058e-11 0.218242)
(-4.34883e-12 -9.61065e-12 0.208665)
(-3.63197e-12 -7.90622e-12 0.196151)
(-2.78874e-12 -6.03158e-12 0.17967)
(-1.89344e-12 -4.14909e-12 0.157764)
(-8.85953e-13 -9.31953e-13 0.128345)
(4.13918e-14 2.99354e-12 0.0883867)
(4.77092e-14 1.84519e-12 0.0334563)
(3.12757e-12 -1.18844e-11 0.218242)
(3.70292e-12 -9.73936e-12 0.208665)
(4.30909e-12 -7.59332e-12 0.196151)
(4.93163e-12 -5.78237e-12 0.17967)
(5.44628e-12 -3.48008e-12 0.157764)
(5.50382e-12 -3.59339e-13 0.128345)
(4.69999e-12 3.36015e-12 0.0883867)
(2.57805e-12 2.10917e-12 0.0334563)
(7.01369e-12 -1.15676e-11 0.190226)
(7.5705e-12 -9.43617e-12 0.181475)
(7.99193e-12 -7.22872e-12 0.170143)
(8.15565e-12 -5.3201e-12 0.155356)
(7.96025e-12 -3.11666e-12 0.135889)
(6.87784e-12 2.86703e-13 0.110014)
(4.71823e-12 3.28293e-12 0.075283)
(2.12383e-12 2.04576e-12 0.0282041)
(2.18387e-11 -1.379e-11 0.133458)
(2.01723e-11 -1.17428e-11 0.127314)
(1.81386e-11 -9.44292e-12 0.119292)
(1.57092e-11 -7.15477e-12 0.108738)
(1.27794e-11 -4.66239e-12 0.0947722)
(9.07228e-12 -9.89224e-13 0.0762192)
(4.82897e-12 2.35113e-12 0.0515468)
(1.54497e-12 1.66855e-12 0.0188236)
(-1.53066e-11 -8.64554e-12 0.133458)
(-1.43213e-11 -6.35974e-12 0.127314)
(-1.29663e-11 -3.9334e-12 0.119292)
(-1.12162e-11 -1.49981e-12 0.108738)
(-9.00455e-12 7.22675e-13 0.0947721)
(-5.76267e-12 4.41942e-12 0.0762192)
(-1.773e-12 7.94126e-12 0.0515468)
(-4.65795e-13 3.88901e-12 0.0188236)
(-3.01049e-11 -2.14684e-13 0.190226)
(-3.03115e-11 1.59954e-12 0.181475)
(-3.01332e-11 2.94606e-12 0.170143)
(-2.93068e-11 4.29352e-12 0.155356)
(-2.74878e-11 5.45974e-12 0.135889)
(-2.36647e-11 8.70362e-12 0.110014)
(-1.65897e-11 1.21492e-11 0.075283)
(-7.05433e-12 5.53541e-12 0.0282041)
(-2.48603e-11 -5.34878e-12 0.218242)
(-2.47012e-11 -3.48587e-12 0.208665)
(-2.43826e-11 -2.40117e-12 0.196151)
(-2.37439e-11 -1.17597e-12 0.17967)
(-2.24522e-11 8.26318e-14 0.157764)
(-1.98529e-11 3.69393e-12 0.128345)
(-1.47395e-11 7.93088e-12 0.0883867)
(-6.13152e-12 3.355e-12 0.0334563)
(-1.92229e-11 -6.73593e-12 0.218242)
(-1.90074e-11 -5.31712e-12 0.208665)
(-1.8714e-11 -4.67131e-12 0.196151)
(-1.82164e-11 -4.22371e-12 0.17967)
(-1.74445e-11 -3.57615e-12 0.157764)
(-1.60946e-11 -9.17411e-13 0.128345)
(-1.31681e-11 3.03558e-12 0.0883867)
(-5.81558e-12 9.1898e-13 0.0334563)
(-1.52017e-11 -1.12557e-11 0.190226)
(-1.46084e-11 -9.6411e-12 0.181475)
(-1.40652e-11 -8.36108e-12 0.170143)
(-1.35456e-11 -7.34238e-12 0.155356)
(-1.29205e-11 -6.30436e-12 0.135889)
(-1.22791e-11 -3.41853e-12 0.110014)
(-1.06633e-11 5.68491e-13 0.075283)
(-4.72752e-12 -6.59809e-14 0.0282041)
(-1.28206e-12 -1.76762e-11 0.133458)
(-2.37516e-12 -1.59486e-11 0.127314)
(-3.59617e-12 -1.40903e-11 0.119292)
(-4.84017e-12 -1.22364e-11 0.108738)
(-5.94469e-12 -1.04177e-11 0.0947722)
(-6.92967e-12 -6.92623e-12 0.0762192)
(-6.94015e-12 -2.3372e-12 0.0515468)
(-3.14056e-12 -6.7082e-13 0.0188236)
(-1.85149e-11 -2.27571e-11 0.133458)
(-1.62265e-11 -2.05655e-11 0.127314)
(-1.34132e-11 -1.80465e-11 0.119292)
(-1.01415e-11 -1.5262e-11 0.108738)
(-6.43843e-12 -1.18288e-11 0.0947721)
(-2.2702e-12 -6.66218e-12 0.0762192)
(1.44457e-12 -9.73327e-13 0.0515468)
(1.45064e-12 4.39266e-13 0.0188236)
(-2.12015e-11 -2.38512e-11 0.190226)
(-2.02169e-11 -1.99996e-11 0.181475)
(-1.87667e-11 -1.608e-11 0.170143)
(-1.66203e-11 -1.19746e-11 0.155356)
(-1.36647e-11 -7.46445e-12 0.135889)
(-9.3547e-12 -7.03497e-13 0.110014)
(-4.09536e-12 5.95656e-12 0.075283)
(-8.22221e-13 3.53512e-12 0.0282041)
(-1.74538e-11 -2.61501e-11 0.218242)
(-1.67675e-11 -2.17817e-11 0.208665)
(-1.57509e-11 -1.74588e-11 0.196151)
(-1.42563e-11 -1.3054e-11 0.17967)
(-1.21026e-11 -7.88729e-12 0.157764)
(-8.91106e-12 -6.58564e-14 0.128345)
(-4.82281e-12 7.54733e-12 0.0883867)
(-1.08776e-12 4.76453e-12 0.0334563)
(-4.31869e-12 -2.76612e-11 0.218242)
(-3.48191e-12 -2.31513e-11 0.208665)
(-2.49848e-12 -1.85303e-11 0.196151)
(-1.44065e-12 -1.37291e-11 0.17967)
(-2.16386e-13 -8.35547e-12 0.157764)
(8.89146e-13 -6.26538e-13 0.128345)
(1.67493e-12 7.22918e-12 0.0883867)
(1.93965e-12 4.71915e-12 0.0334563)
(1.19664e-12 -3.1321e-11 0.190226)
(1.85875e-12 -2.64285e-11 0.181475)
(2.31339e-12 -2.09381e-11 0.170143)
(2.46524e-12 -1.5313e-11 0.155356)
(2.27067e-12 -9.58141e-12 0.135889)
(1.26856e-12 -1.65884e-12 0.110014)
(-2.41258e-13 5.5951e-12 0.075283)
(-9.49721e-15 3.62551e-12 0.0282041)
(2.84319e-11 -3.27071e-11 0.133458)
(2.52163e-11 -2.87729e-11 0.127314)
(2.14247e-11 -2.41591e-11 0.119292)
(1.71336e-11 -1.9175e-11 0.108738)
(1.23683e-11 -1.37606e-11 0.0947722)
(7.03964e-12 -6.5467e-12 0.0762192)
(1.84748e-12 6.96566e-13 0.0515468)
(-8.77307e-14 1.73368e-12 0.0188236)
(5.96649e-12 2.06767e-11 0.133458)
(5.3143e-12 2.10834e-11 0.127314)
(4.54834e-12 1.99165e-11 0.119292)
(3.63869e-12 1.78583e-11 0.108738)
(2.64032e-12 1.46069e-11 0.0947721)
(2.4535e-12 1.31835e-11 0.0762192)
(3.10189e-12 1.27263e-11 0.0515468)
(8.48255e-13 5.08449e-12 0.0188236)
(-1.24149e-11 3.63113e-11 0.190226)
(-1.28736e-11 3.58785e-11 0.181475)
(-1.31906e-11 3.23009e-11 0.170143)
(-1.32508e-11 2.72386e-11 0.155356)
(-1.29223e-11 2.07454e-11 0.135889)
(-1.12226e-11 1.72059e-11 0.110014)
(-7.23513e-12 1.58138e-11 0.075283)
(-3.24381e-12 5.38325e-12 0.0282041)
(-1.50215e-11 3.41597e-11 0.218242)
(-1.4773e-11 3.39417e-11 0.208665)
(-1.43573e-11 2.9883e-11 0.196151)
(-1.36878e-11 2.40382e-11 0.17967)
(-1.26475e-11 1.66392e-11 0.157764)
(-1.07639e-11 1.26899e-11 0.128345)
(-7.43149e-12 1.18566e-11 0.0883867)
(-2.91982e-12 2.50462e-12 0.0334563)
(-1.45543e-11 3.25335e-11 0.218242)
(-1.40955e-11 3.2011e-11 0.208665)
(-1.3383e-11 2.77124e-11 0.196151)
(-1.24149e-11 2.15688e-11 0.17967)
(-1.11386e-11 1.4091e-11 0.157764)
(-9.74352e-12 9.62346e-12 0.128345)
(-7.86258e-12 8.82996e-12 0.0883867)
(-3.36496e-12 1.08878e-12 0.0334563)
(-1.75936e-11 2.47504e-11 0.190226)
(-1.62807e-11 2.47531e-11 0.181475)
(-1.47261e-11 2.1988e-11 0.170143)
(-1.29609e-11 1.77377e-11 0.155356)
(-1.09394e-11 1.19251e-11 0.135889)
(-9.35384e-12 8.77681e-12 0.110014)
(-8.05819e-12 8.26517e-12 0.075283)
(-3.2593e-12 1.57354e-12 0.0282041)
(-8.07048e-12 5.04228e-12 0.133458)
(-8.23642e-12 5.69457e-12 0.127314)
(-8.24339e-12 5.23815e-12 0.119292)
(-8.01267e-12 4.22153e-12 0.108738)
(-7.45188e-12 2.42135e-12 0.0947722)
(-7.11452e-12 2.95561e-12 0.0762192)
(-6.58913e-12 4.81092e-12 0.0515468)
(-2.46973e-12 1.78491e-12 0.0188236)
(-6.88093e-11 -1.35762e-10 0.133458)
(-5.94193e-11 -1.24377e-10 0.127314)
(-4.78938e-11 -1.09094e-10 0.119292)
(-3.41468e-11 -8.86524e-11 0.108738)
(-1.89158e-11 -6.53909e-11 0.0947721)
(-4.04496e-12 -4.02813e-11 0.0762192)
(8.95124e-12 -1.10739e-11 0.0515468)
(7.74751e-12 1.48034e-12 0.0188236)
(-8.6187e-11 -1.49675e-10 0.190226)
(-8.40136e-11 -1.33439e-10 0.181475)
(-8.01561e-11 -1.13945e-10 0.170143)
(-7.38061e-11 -9.18317e-11 0.155356)
(-6.29608e-11 -6.34556e-11 0.135889)
(-4.62528e-11 -2.12329e-11 0.110014)
(-2.5339e-11 1.37886e-11 0.075283)
(-6.69926e-12 1.55378e-11 0.0282041)
(-6.13743e-11 -1.5352e-10 0.218242)
(-6.10676e-11 -1.36268e-10 0.208665)
(-6.0172e-11 -1.13143e-10 0.196151)
(-5.80826e-11 -8.71489e-11 0.17967)
(-5.46887e-11 -5.73012e-11 0.157764)
(-4.64507e-11 -2.30082e-11 0.128345)
(-3.13825e-11 1.02895e-11 0.0883867)
(-1.06304e-11 1.60857e-11 0.0334563)
(-1.69262e-11 -1.51568e-10 0.218242)
(-1.79704e-11 -1.34088e-10 0.208665)
(-1.89973e-11 -1.11147e-10 0.196151)
(-2.01175e-11 -8.44282e-11 0.17967)
(-2.08036e-11 -5.47562e-11 0.157764)
(-2.03972e-11 -2.10824e-11 0.128345)
(-1.68736e-11 9.27846e-12 0.0883867)
(-6.8485e-12 1.46267e-11 0.0334563)
(-7.17367e-13 -1.33013e-10 0.190226)
(-3.84467e-12 -1.18557e-10 0.181475)
(-7.9893e-12 -9.96055e-11 0.170143)
(-1.31485e-11 -7.71329e-11 0.155356)
(-1.85569e-11 -5.27371e-11 0.135889)
(-2.33984e-11 -2.52868e-11 0.110014)
(-2.46233e-11 4.50415e-13 0.075283)
(-1.35926e-11 7.85385e-12 0.0282041)
(4.97987e-11 -9.02952e-11 0.133458)
(4.16567e-11 -8.07005e-11 0.127314)
(3.18674e-11 -6.86264e-11 0.119292)
(2.06984e-11 -5.46469e-11 0.108738)
(8.96536e-12 -3.97983e-11 0.0947721)
(-2.62017e-12 -2.1886e-11 0.0762192)
(-1.1075e-11 -4.37493e-12 0.0515468)
(-8.13299e-12 2.43047e-12 0.0188236)
(8.57319e-12 -1.05879e-10 0.133458)
(9.97158e-12 -1.1013e-10 0.127314)
(1.22912e-11 -1.082e-10 0.119292)
(1.64883e-11 -9.36556e-11 0.108738)
(2.0243e-11 -7.67232e-11 0.0947721)
(2.01728e-11 -6.78238e-11 0.0762192)
(1.73863e-11 -5.18791e-11 0.0515468)
(1.18363e-11 -1.75872e-11 0.0188236)
(5.45649e-11 -2.48068e-10 0.190226)
(6.54572e-11 -2.54603e-10 0.181475)
(7.72874e-11 -2.46319e-10 0.170143)
(9.02012e-11 -2.19217e-10 0.155356)
(1.01157e-10 -1.85278e-10 0.135889)
(1.03193e-10 -1.5996e-10 0.110014)
(9.05162e-11 -1.18398e-10 0.075283)
(4.94378e-11 -4.10322e-11 0.0282041)
(5.91567e-11 -3.00448e-10 0.218242)
(6.59609e-11 -2.99778e-10 0.208665)
(7.31626e-11 -2.81497e-10 0.196151)
(8.06595e-11 -2.44085e-10 0.17967)
(8.65913e-11 -2.00801e-10 0.157764)
(8.69217e-11 -1.67135e-10 0.128345)
(7.53844e-11 -1.18302e-10 0.0883867)
(3.89392e-11 -3.68385e-11 0.0334563)
(6.45489e-11 -3.02805e-10 0.218242)
(6.19131e-11 -3.02541e-10 0.208665)
(5.90868e-11 -2.83155e-10 0.196151)
(5.53568e-11 -2.44152e-10 0.17967)
(5.03815e-11 -1.97715e-10 0.157764)
(4.3886e-11 -1.62148e-10 0.128345)
(3.20492e-11 -1.11299e-10 0.0883867)
(1.05771e-11 -3.20007e-11 0.0334563)
(1.17991e-10 -2.32841e-10 0.190226)
(1.09726e-10 -2.37139e-10 0.181475)
(1.0022e-10 -2.24711e-10 0.170143)
(8.76461e-11 -1.92403e-10 0.155356)
(7.30653e-11 -1.53162e-10 0.135889)
(5.72032e-11 -1.21646e-10 0.110014)
(3.61177e-11 -7.93735e-11 0.075283)
(8.4292e-12 -2.11053e-11 0.0282041)
(4.66698e-11 -1.08857e-10 0.133458)
(4.70388e-11 -1.13045e-10 0.127314)
(4.58673e-11 -1.08136e-10 0.119292)
(4.14113e-11 -8.85761e-11 0.108738)
(3.47166e-11 -6.60596e-11 0.0947722)
(2.65235e-11 -4.76166e-11 0.0762192)
(1.52468e-11 -2.69743e-11 0.0515468)
(2.4985e-12 -6.16094e-12 0.0188236)
(-0.0110891 0.00841866 0.156199)
(-0.0108272 0.00807321 0.152385)
(-0.0104259 0.00762946 0.146931)
(-0.009869 0.00705991 0.138969)
(-0.00906951 0.00631635 0.127104)
(-0.00784738 0.00530662 0.109009)
(-0.00579605 0.00382171 0.0806449)
(-0.0021694 0.00141908 0.0345313)
(-0.0132155 0.00692494 0.18724)
(-0.0131532 0.00683125 0.183946)
(-0.0129683 0.00666301 0.179131)
(-0.0126247 0.00638225 0.171871)
(-0.0120079 0.00592939 0.160519)
(-0.0108435 0.00519154 0.142002)
(-0.00839308 0.00390011 0.110173)
(-0.00320618 0.00148748 0.0516022)
(-0.0143877 0.00224518 0.197652)
(-0.0144341 0.00222325 0.195148)
(-0.0143623 0.00218492 0.191258)
(-0.0141528 0.00211697 0.185054)
(-0.0136775 0.00199634 0.174823)
(-0.0126124 0.00177758 0.157175)
(-0.00999767 0.00134981 0.124869)
(-0.00387082 0.000491833 0.060943)
(-0.0143877 -0.00224518 0.197652)
(-0.0144341 -0.00222325 0.195148)
(-0.0143623 -0.00218492 0.191258)
(-0.0141528 -0.00211697 0.185054)
(-0.0136775 -0.00199634 0.174823)
(-0.0126124 -0.00177758 0.157175)
(-0.00999767 -0.00134981 0.124869)
(-0.00387082 -0.000491833 0.060943)
(-0.0132155 -0.00692494 0.18724)
(-0.0131532 -0.00683125 0.183946)
(-0.0129683 -0.00666301 0.179131)
(-0.0126247 -0.00638225 0.171871)
(-0.0120079 -0.00592939 0.160519)
(-0.0108435 -0.00519154 0.142002)
(-0.00839308 -0.00390011 0.110173)
(-0.00320618 -0.00148748 0.0516022)
(-0.0110891 -0.00841866 0.156199)
(-0.0108272 -0.00807321 0.152385)
(-0.0104259 -0.00762946 0.146931)
(-0.009869 -0.00705991 0.138969)
(-0.00906951 -0.00631635 0.127104)
(-0.00784738 -0.00530662 0.109009)
(-0.00579605 -0.00382171 0.0806449)
(-0.0021694 -0.00141908 0.0345313)
(-0.0017285 0.00160625 0.164622)
(-0.00164002 0.00149929 0.158443)
(-0.00154937 0.0013555 0.150088)
(-0.00141663 0.00116408 0.138647)
(-0.00122374 0.000917327 0.122821)
(-0.000949789 0.000617552 0.100762)
(-0.000576075 0.000287698 0.0698988)
(-0.000126983 -4.30199e-06 0.0266716)
(-0.00310352 0.00183145 0.216219)
(-0.00304931 0.00171979 0.209382)
(-0.00299672 0.00157075 0.199972)
(-0.0028707 0.0013689 0.186773)
(-0.00261867 0.0010975 0.167897)
(-0.00216917 0.000745951 0.140425)
(-0.00141717 0.000325682 0.0999158)
(-0.000323979 -6.92695e-05 0.0397558)
(-0.00384802 0.000662654 0.236732)
(-0.00384903 0.000622617 0.230577)
(-0.00384935 0.000569429 0.221779)
(-0.00376072 0.000497305 0.208943)
(-0.00350865 0.000399011 0.189818)
(-0.00297929 0.000268308 0.160779)
(-0.00198509 0.000106058 0.116094)
(-0.000422606 -4.91998e-05 0.0470579)
(-0.00384802 -0.000662654 0.236732)
(-0.00384903 -0.000622617 0.230577)
(-0.00384935 -0.000569429 0.221779)
(-0.00376072 -0.000497305 0.208943)
(-0.00350865 -0.000399011 0.189818)
(-0.00297929 -0.000268308 0.160779)
(-0.00198509 -0.000106058 0.116094)
(-0.000422606 4.91998e-05 0.0470579)
(-0.00310352 -0.00183145 0.216219)
(-0.00304931 -0.00171979 0.209382)
(-0.00299672 -0.00157075 0.199972)
(-0.0028707 -0.0013689 0.186773)
(-0.00261867 -0.0010975 0.167897)
(-0.00216917 -0.000745951 0.140425)
(-0.00141717 -0.000325682 0.0999158)
(-0.000323979 6.92695e-05 0.0397558)
(-0.0017285 -0.00160625 0.164622)
(-0.00164002 -0.00149929 0.158443)
(-0.00154937 -0.0013555 0.150088)
(-0.00141663 -0.00116408 0.138647)
(-0.00122374 -0.000917327 0.122821)
(-0.000949789 -0.000617552 0.100762)
(-0.000576075 -0.000287698 0.0698988)
(-0.000126983 4.30199e-06 0.0266716)
(-0.00106927 0.000912321 0.141992)
(-0.000964602 0.000822917 0.135466)
(-0.000834751 0.000713959 0.126897)
(-0.000679525 0.000584523 0.115567)
(-0.000499552 0.000435837 0.100527)
(-0.000303187 0.000274743 0.0805475)
(-0.000120004 0.00012112 0.0541171)
(3.41618e-06 7.88052e-06 0.0195022)
(-0.0021271 0.000981317 0.199567)
(-0.00196082 0.000890406 0.190976)
(-0.00173611 0.000775437 0.179636)
(-0.00145151 0.000634109 0.164517)
(-0.00110044 0.000467441 0.144175)
(-0.000691636 0.000285129 0.116634)
(-0.000284645 0.000115879 0.0793306)
(1.01083e-05 1.11075e-06 0.029182)
(-0.00271096 0.000400444 0.225619)
(-0.00253092 0.000365296 0.216959)
(-0.00227135 0.000320291 0.205258)
(-0.00192922 0.000264148 0.189254)
(-0.0014887 0.000196954 0.167124)
(-0.000952568 0.000122564 0.136311)
(-0.000395414 5.31797e-05 0.0934634)
(2.1324e-05 5.05146e-06 0.0346555)
(-0.00271096 -0.000400444 0.225619)
(-0.00253092 -0.000365296 0.216959)
(-0.00227135 -0.000320291 0.205258)
(-0.00192922 -0.000264148 0.189254)
(-0.0014887 -0.000196954 0.167124)
(-0.000952568 -0.000122564 0.136311)
(-0.000395414 -5.31797e-05 0.0934634)
(2.1324e-05 -5.05146e-06 0.0346555)
(-0.0021271 -0.000981317 0.199567)
(-0.00196082 -0.000890406 0.190976)
(-0.00173611 -0.000775437 0.179636)
(-0.00145151 -0.000634109 0.164517)
(-0.00110044 -0.000467441 0.144175)
(-0.000691636 -0.000285129 0.116634)
(-0.000284645 -0.000115879 0.0793306)
(1.01083e-05 -1.11075e-06 0.029182)
(-0.00106927 -0.000912321 0.141992)
(-0.000964602 -0.000822917 0.135466)
(-0.000834751 -0.000713959 0.126897)
(-0.000679525 -0.000584523 0.115567)
(-0.000499552 -0.000435837 0.100527)
(-0.000303187 -0.000274743 0.0805475)
(-0.000120004 -0.00012112 0.0541171)
(3.41618e-06 -7.88052e-06 0.0195022)
(-8.90308e-05 0.000159675 0.137684)
(-7.02161e-05 0.000145633 0.131424)
(-5.27141e-05 0.00012826 0.123233)
(-3.32515e-05 0.000107073 0.112431)
(-1.35842e-05 8.21988e-05 0.0981053)
(2.80064e-06 5.50511e-05 0.0790242)
(1.12268e-05 2.87033e-05 0.0535678)
(6.31955e-06 7.90742e-06 0.0196476)
(-0.000410236 0.00028552 0.194313)
(-0.000359429 0.000253055 0.185618)
(-0.000304088 0.000214407 0.174293)
(-0.000237516 0.000169607 0.15942)
(-0.000161626 0.000120177 0.13972)
(-8.42192e-05 7.02988e-05 0.113383)
(-2.14209e-05 2.76604e-05 0.0778427)
(2.38533e-06 3.31233e-06 0.0293555)
(-0.00066113 0.000139475 0.22113)
(-0.000593477 0.000123354 0.211903)
(-0.000513055 0.000103828 0.199707)
(-0.000411196 8.08872e-05 0.183444)
(-0.000288909 5.53716e-05 0.161563)
(-0.000156892 2.96521e-05 0.131857)
(-4.37614e-05 8.33879e-06 0.0911599)
(2.35217e-06 -1.46393e-06 0.0347714)
(-0.00066113 -0.000139475 0.22113)
(-0.000593477 -0.000123354 0.211903)
(-0.000513055 -0.000103828 0.199707)
(-0.000411196 -8.08873e-05 0.183444)
(-0.000288909 -5.53716e-05 0.161563)
(-0.000156892 -2.96521e-05 0.131857)
(-4.37614e-05 -8.33881e-06 0.0911599)
(2.35217e-06 1.46392e-06 0.0347714)
(-0.000410236 -0.00028552 0.194313)
(-0.000359429 -0.000253055 0.185618)
(-0.000304088 -0.000214407 0.174293)
(-0.000237516 -0.000169607 0.15942)
(-0.000161626 -0.000120177 0.13972)
(-8.42192e-05 -7.02988e-05 0.113383)
(-2.14209e-05 -2.76604e-05 0.0778427)
(2.38533e-06 -3.31234e-06 0.0293555)
(-8.90308e-05 -0.000159675 0.137684)
(-7.02161e-05 -0.000145633 0.131424)
(-5.2714e-05 -0.00012826 0.123233)
(-3.32515e-05 -0.000107073 0.112431)
(-1.35842e-05 -8.21988e-05 0.0981053)
(2.80065e-06 -5.50511e-05 0.0790242)
(1.12268e-05 -2.87033e-05 0.0535678)
(6.31956e-06 -7.90743e-06 0.0196476)
(-5.75523e-05 8.42613e-05 0.1366)
(-5.0059e-05 7.93028e-05 0.130401)
(-4.20943e-05 7.29581e-05 0.122289)
(-3.26445e-05 6.47783e-05 0.111587)
(-2.19673e-05 5.42405e-05 0.0973817)
(-1.09154e-05 4.09264e-05 0.0784424)
(-1.51192e-06 2.49384e-05 0.0531552)
(2.73106e-06 7.27539e-06 0.0194688)
(-0.000195488 0.000160825 0.19312)
(-0.000176223 0.000148325 0.184446)
(-0.000154344 0.000133139 0.173171)
(-0.00012793 0.000114879 0.158393)
(-9.70947e-05 9.32611e-05 0.138838)
(-6.31574e-05 6.82814e-05 0.112695)
(-2.96232e-05 4.05397e-05 0.0773689)
(-2.68711e-06 1.12927e-05 0.0291251)
(-0.00031554 7.69893e-05 0.220263)
(-0.000288086 7.01138e-05 0.210921)
(-0.000255098 6.17358e-05 0.198641)
(-0.000214259 5.17357e-05 0.182361)
(-0.000165596 4.01807e-05 0.160562)
(-0.000111201 2.74664e-05 0.131056)
(-5.64919e-05 1.45031e-05 0.0906271)
(-9.28569e-06 2.74219e-06 0.0345115)
(-0.00031554 -7.69894e-05 0.220263)
(-0.000288086 -7.01138e-05 0.210921)
(-0.000255098 -6.17358e-05 0.198641)
(-0.000214259 -5.17357e-05 0.182361)
(-0.000165596 -4.01807e-05 0.160562)
(-0.000111201 -2.74664e-05 0.131056)
(-5.64919e-05 -1.45031e-05 0.0906271)
(-9.28569e-06 -2.7422e-06 0.0345115)
(-0.000195488 -0.000160825 0.19312)
(-0.000176223 -0.000148325 0.184446)
(-0.000154344 -0.00013314 0.173171)
(-0.00012793 -0.000114879 0.158393)
(-9.70947e-05 -9.32611e-05 0.138838)
(-6.31574e-05 -6.82815e-05 0.112695)
(-2.96232e-05 -4.05397e-05 0.0773689)
(-2.68711e-06 -1.12927e-05 0.0291251)
(-5.75523e-05 -8.42614e-05 0.1366)
(-5.0059e-05 -7.93029e-05 0.130401)
(-4.20943e-05 -7.29582e-05 0.122289)
(-3.26445e-05 -6.47784e-05 0.111587)
(-2.19673e-05 -5.42405e-05 0.0973817)
(-1.09154e-05 -4.09265e-05 0.0784424)
(-1.51191e-06 -2.49385e-05 0.0531552)
(2.73106e-06 -7.2754e-06 0.0194688)
(-6.22866e-05 6.87183e-05 0.135221)
(-5.52801e-05 6.31406e-05 0.12904)
(-4.72669e-05 5.62111e-05 0.12096)
(-3.77861e-05 4.77182e-05 0.110312)
(-2.69648e-05 3.75369e-05 0.0961983)
(-1.54456e-05 2.58451e-05 0.0774151)
(-5.05459e-06 1.35667e-05 0.0523925)
(1.08643e-06 2.6632e-06 0.0191504)
(-0.000153058 0.000105326 0.191862)
(-0.000138713 9.71711e-05 0.183163)
(-0.000121339 8.70437e-05 0.17187)
(-0.000100247 7.45942e-05 0.157088)
(-7.52869e-05 5.95331e-05 0.137561)
(-4.73269e-05 4.19124e-05 0.111509)
(-1.98977e-05 2.27987e-05 0.0764089)
(5.37402e-08 4.83258e-06 0.0286715)
(-0.000223182 5.02729e-05 0.21935)
(-0.00020467 4.63081e-05 0.209928)
(-0.000181284 4.13867e-05 0.197569)
(-0.000152298 3.53473e-05 0.181218)
(-0.000117195 2.80696e-05 0.159375)
(-7.67051e-05 1.96038e-05 0.129884)
(-3.51752e-05 1.04923e-05 0.0896136)
(-2.07408e-06 2.05458e-06 0.0339914)
(-0.000223182 -5.02729e-05 0.21935)
(-0.00020467 -4.63081e-05 0.209928)
(-0.000181284 -4.13867e-05 0.197569)
(-0.000152298 -3.53473e-05 0.181218)
(-0.000117195 -2.80696e-05 0.159375)
(-7.67051e-05 -1.96038e-05 0.129884)
(-3.51752e-05 -1.04923e-05 0.0896136)
(-2.07408e-06 -2.05457e-06 0.0339914)
(-0.000153058 -0.000105326 0.191862)
(-0.000138713 -9.71711e-05 0.183163)
(-0.000121339 -8.70437e-05 0.17187)
(-0.000100247 -7.45942e-05 0.157088)
(-7.52869e-05 -5.95331e-05 0.137561)
(-4.73269e-05 -4.19124e-05 0.111509)
(-1.98977e-05 -2.27987e-05 0.0764089)
(5.37363e-08 -4.83257e-06 0.0286715)
(-6.22866e-05 -6.87183e-05 0.135221)
(-5.52801e-05 -6.31406e-05 0.12904)
(-4.72669e-05 -5.62111e-05 0.12096)
(-3.77861e-05 -4.77182e-05 0.110312)
(-2.69648e-05 -3.75369e-05 0.0961983)
(-1.54456e-05 -2.58451e-05 0.0774151)
(-5.05459e-06 -1.35667e-05 0.0523925)
(1.08642e-06 -2.6632e-06 0.0191504)
(-3.10786e-05 3.64031e-05 0.134539)
(-2.7391e-05 3.3385e-05 0.128375)
(-2.33582e-05 2.96334e-05 0.12032)
(-1.85895e-05 2.50326e-05 0.109712)
(-1.31772e-05 1.95372e-05 0.0956597)
(-7.48919e-06 1.32984e-05 0.0769698)
(-2.42934e-06 6.871e-06 0.0520846)
(4.73933e-07 1.35187e-06 0.0190364)
(-8.20865e-05 5.83658e-05 0.191211)
(-7.42419e-05 5.33977e-05 0.182496)
(-6.50067e-05 4.72884e-05 0.171193)
(-5.37009e-05 3.98751e-05 0.156415)
(-4.0267e-05 3.10895e-05 0.136919)
(-2.52715e-05 2.11449e-05 0.110945)
(-1.06846e-05 1.0888e-05 0.0759959)
(-3.62352e-07 2.07141e-06 0.0285108)
(-0.000121587 2.88794e-05 0.218899)
(-0.000111434 2.64524e-05 0.209424)
(-9.88207e-05 2.34553e-05 0.197013)
(-8.29643e-05 1.98016e-05 0.18062)
(-6.35829e-05 1.54479e-05 0.158761)
(-4.12116e-05 1.04855e-05 0.129307)
(-1.85293e-05 5.33654e-06 0.0891659)
(-1.4117e-06 9.43516e-07 0.0338097)
(-0.000121587 -2.88795e-05 0.218899)
(-0.000111434 -2.64524e-05 0.209424)
(-9.88207e-05 -2.34553e-05 0.197013)
(-8.29643e-05 -1.98016e-05 0.18062)
(-6.35829e-05 -1.54479e-05 0.158761)
(-4.12116e-05 -1.04855e-05 0.129307)
(-1.85293e-05 -5.33655e-06 0.0891659)
(-1.4117e-06 -9.43523e-07 0.0338097)
(-8.20865e-05 -5.83658e-05 0.191211)
(-7.42419e-05 -5.33977e-05 0.182496)
(-6.50067e-05 -4.72884e-05 0.171193)
(-5.37009e-05 -3.98751e-05 0.156415)
(-4.0267e-05 -3.10895e-05 0.136919)
(-2.52715e-05 -2.11449e-05 0.110945)
(-1.06846e-05 -1.0888e-05 0.0759959)
(-3.62351e-07 -2.07141e-06 0.0285108)
(-3.10786e-05 -3.64031e-05 0.134539)
(-2.7391e-05 -3.33851e-05 0.128375)
(-2.33582e-05 -2.96335e-05 0.12032)
(-1.85895e-05 -2.50327e-05 0.109712)
(-1.31772e-05 -1.95372e-05 0.0956597)
(-7.48919e-06 -1.32984e-05 0.0769698)
(-2.42934e-06 -6.87102e-06 0.0520846)
(4.73936e-07 -1.35188e-06 0.0190364)
(-2.02342e-05 2.29357e-05 0.134141)
(-1.79395e-05 2.10712e-05 0.127985)
(-1.53923e-05 1.8752e-05 0.119943)
(-1.23604e-05 1.59032e-05 0.109355)
(-8.88566e-06 1.24853e-05 0.0953349)
(-5.17906e-06 8.57127e-06 0.0766956)
(-1.80612e-06 4.48355e-06 0.0518883)
(2.52e-07 8.89979e-07 0.0189587)
(-5.21898e-05 3.59365e-05 0.190845)
(-4.74527e-05 3.28783e-05 0.182118)
(-4.18074e-05 2.91141e-05 0.170805)
(-3.4842e-05 2.45484e-05 0.156025)
(-2.64806e-05 1.9146e-05 0.136541)
(-1.70079e-05 1.3041e-05 0.110605)
(-7.56809e-06 6.74119e-06 0.0757367)
(-4.52246e-07 1.25645e-06 0.0283992)
(-7.63624e-05 1.75855e-05 0.218658)
(-7.02838e-05 1.6072e-05 0.209146)
(-6.26398e-05 1.42037e-05 0.196697)
(-5.29508e-05 1.19329e-05 0.180273)
(-4.09972e-05 9.24479e-06 0.158398)
(-2.70448e-05 6.21284e-06 0.128959)
(-1.26501e-05 3.10997e-06 0.0888848)
(-1.18941e-06 4.91839e-07 0.033682)
(-7.63624e-05 -1.75855e-05 0.218658)
(-7.02838e-05 -1.60719e-05 0.209146)
(-6.26398e-05 -1.42036e-05 0.196697)
(-5.29508e-05 -1.19329e-05 0.180273)
(-4.09972e-05 -9.24472e-06 0.158398)
(-2.70448e-05 -6.21278e-06 0.128959)
(-1.26501e-05 -3.10992e-06 0.0888848)
(-1.18942e-06 -4.91818e-07 0.033682)
(-5.21898e-05 -3.59364e-05 0.190845)
(-4.74527e-05 -3.28782e-05 0.182118)
(-4.18074e-05 -2.9114e-05 0.170805)
(-3.4842e-05 -2.45483e-05 0.156025)
(-2.64806e-05 -1.91459e-05 0.136541)
(-1.70079e-05 -1.3041e-05 0.110605)
(-7.5681e-06 -6.74116e-06 0.0757367)
(-4.52253e-07 -1.25643e-06 0.0283992)
(-2.02342e-05 -2.29356e-05 0.134141)
(-1.79395e-05 -2.10712e-05 0.127985)
(-1.53923e-05 -1.8752e-05 0.119943)
(-1.23604e-05 -1.59031e-05 0.109355)
(-8.88568e-06 -1.24853e-05 0.0953349)
(-5.17908e-06 -8.57123e-06 0.0766956)
(-1.80614e-06 -4.48352e-06 0.0518883)
(2.51991e-07 -8.89968e-07 0.0189587)
(-1.30697e-05 1.46798e-05 0.133876)
(-1.15849e-05 1.34794e-05 0.127724)
(-9.92848e-06 1.19862e-05 0.11969)
(-7.95943e-06 1.01534e-05 0.109114)
(-5.70565e-06 7.95727e-06 0.0951153)
(-3.30574e-06 5.44735e-06 0.0765092)
(-1.13145e-06 2.83535e-06 0.0517543)
(1.7713e-07 5.55412e-07 0.0189053)
(-3.33979e-05 2.2442e-05 0.190605)
(-3.03718e-05 2.05472e-05 0.181868)
(-2.67494e-05 1.8209e-05 0.170548)
(-2.22761e-05 1.53654e-05 0.155765)
(-1.68995e-05 1.19911e-05 0.136288)
(-1.08026e-05 8.16762e-06 0.110375)
(-4.73886e-06 4.21564e-06 0.0755589)
(-2.23526e-07 7.80112e-07 0.0283221)
(-4.85778e-05 1.08473e-05 0.218496)
(-4.47368e-05 9.91598e-06 0.208959)
(-3.98842e-05 8.76418e-06 0.196485)
(-3.37192e-05 7.36218e-06 0.180039)
(-2.60904e-05 5.70098e-06 0.158152)
(-1.71589e-05 3.82711e-06 0.12872)
(-7.93747e-06 1.91183e-06 0.08869)
(-6.56729e-07 3.00434e-07 0.0335928)
(-4.85778e-05 -1.08472e-05 0.218496)
(-4.47368e-05 -9.91594e-06 0.208959)
(-3.98842e-05 -8.76415e-06 0.196485)
(-3.37192e-05 -7.36215e-06 0.180039)
(-2.60904e-05 -5.70095e-06 0.158152)
(-1.71589e-05 -3.82709e-06 0.12872)
(-7.93747e-06 -1.91181e-06 0.08869)
(-6.5673e-07 -3.00432e-07 0.0335928)
(-3.33979e-05 -2.2442e-05 0.190605)
(-3.03719e-05 -2.05472e-05 0.181868)
(-2.67495e-05 -1.8209e-05 0.170548)
(-2.22761e-05 -1.53654e-05 0.155765)
(-1.68995e-05 -1.19911e-05 0.136288)
(-1.08026e-05 -8.1676e-06 0.110375)
(-4.73887e-06 -4.21562e-06 0.0755589)
(-2.23529e-07 -7.80106e-07 0.0283221)
(-1.30697e-05 -1.46799e-05 0.133876)
(-1.15849e-05 -1.34795e-05 0.127724)
(-9.92849e-06 -1.19863e-05 0.11969)
(-7.95945e-06 -1.01534e-05 0.109114)
(-5.70567e-06 -7.95728e-06 0.0951153)
(-3.30575e-06 -5.44736e-06 0.0765092)
(-1.13146e-06 -2.83536e-06 0.0517543)
(1.77129e-07 -5.55415e-07 0.0189053)
(-7.81299e-06 8.9249e-06 0.133716)
(-6.91368e-06 8.2025e-06 0.127567)
(-5.91627e-06 7.30241e-06 0.119538)
(-4.73142e-06 6.19519e-06 0.10897)
(-3.37752e-06 4.86543e-06 0.0949842)
(-1.94065e-06 3.34194e-06 0.0763986)
(-6.46471e-07 1.75115e-06 0.0516753)
(1.17679e-07 3.53229e-07 0.0188743)
(-2.02899e-05 1.37404e-05 0.19046)
(-1.84406e-05 1.25889e-05 0.181717)
(-1.62367e-05 1.11672e-05 0.170393)
(-1.35135e-05 9.43609e-06 0.155608)
(-1.02406e-05 7.37855e-06 0.136135)
(-6.5335e-06 5.04193e-06 0.110237)
(-2.85467e-06 2.61877e-06 0.0754535)
(-1.32912e-07 4.99845e-07 0.0282773)
(-2.96623e-05 6.61252e-06 0.218398)
(-2.73136e-05 6.04959e-06 0.208846)
(-2.43554e-05 5.35248e-06 0.196357)
(-2.05911e-05 4.50241e-06 0.179897)
(-1.5928e-05 3.49291e-06 0.158003)
(-1.04679e-05 2.35105e-06 0.128576)
(-4.83532e-06 1.17979e-06 0.0885739)
(-4.08732e-07 1.90026e-07 0.0335409)
(-2.96623e-05 -6.61244e-06 0.218398)
(-2.73136e-05 -6.04951e-06 0.208846)
(-2.43554e-05 -5.3524e-06 0.196357)
(-2.05911e-05 -4.50233e-06 0.179897)
(-1.5928e-05 -3.49284e-06 0.158003)
(-1.04679e-05 -2.35099e-06 0.128576)
(-4.83533e-06 -1.17975e-06 0.0885739)
(-4.08734e-07 -1.9001e-07 0.0335409)
(-2.02899e-05 -1.37403e-05 0.19046)
(-1.84407e-05 -1.25889e-05 0.181717)
(-1.62367e-05 -1.11671e-05 0.170393)
(-1.35135e-05 -9.43602e-06 0.155608)
(-1.02407e-05 -7.37848e-06 0.136135)
(-6.53352e-06 -5.04187e-06 0.110237)
(-2.85468e-06 -2.61873e-06 0.0754535)
(-1.32919e-07 -4.99832e-07 0.0282773)
(-7.81302e-06 -8.92482e-06 0.133716)
(-6.9137e-06 -8.20242e-06 0.127567)
(-5.9163e-06 -7.30233e-06 0.119538)
(-4.73145e-06 -6.19511e-06 0.10897)
(-3.37755e-06 -4.86536e-06 0.0949842)
(-1.94068e-06 -3.34189e-06 0.0763986)
(-6.46498e-07 -1.75111e-06 0.0516753)
(1.17667e-07 -3.53214e-07 0.0188743)
(-4.82543e-06 5.5168e-06 0.133618)
(-4.27092e-06 5.07266e-06 0.127471)
(-3.65529e-06 4.51898e-06 0.119444)
(-2.92378e-06 3.83735e-06 0.108882)
(-2.08756e-06 3.01776e-06 0.0949034)
(-1.1995e-06 2.07705e-06 0.0763303)
(-3.99046e-07 1.09207e-06 0.0516264)
(7.39829e-08 2.22101e-07 0.018855)
(-1.25254e-05 8.49291e-06 0.190371)
(-1.13863e-05 7.78696e-06 0.181625)
(-1.00277e-05 6.91459e-06 0.170298)
(-8.3488e-06 5.85115e-06 0.155512)
(-6.33044e-06 4.58492e-06 0.136041)
(-4.04294e-06 3.14308e-06 0.110152)
(-1.77031e-06 1.64158e-06 0.0753885)
(-8.2996e-08 3.18107e-07 0.0282494)
(-1.8313e-05 4.0679e-06 0.218339)
(-1.68666e-05 3.72507e-06 0.208777)
(-1.50441e-05 3.29994e-06 0.196278)
(-1.27247e-05 2.78055e-06 0.17981)
(-9.85065e-06 2.16217e-06 0.157912)
(-6.48352e-06 1.46028e-06 0.128488)
(-3.00537e-06 7.36799e-07 0.0885025)
(-2.58478e-07 1.20364e-07 0.0335086)
(-1.8313e-05 -4.06786e-06 0.218339)
(-1.68666e-05 -3.72502e-06 0.208777)
(-1.50441e-05 -3.29989e-06 0.196278)
(-1.27247e-05 -2.78051e-06 0.17981)
(-9.85065e-06 -2.16214e-06 0.157912)
(-6.48353e-06 -1.46025e-06 0.128488)
(-3.00537e-06 -7.36782e-07 0.0885025)
(-2.58479e-07 -1.20361e-07 0.0335086)
(-1.25255e-05 -8.49287e-06 0.190371)
(-1.13863e-05 -7.78692e-06 0.181625)
(-1.00277e-05 -6.91455e-06 0.170298)
(-8.34882e-06 -5.85111e-06 0.155512)
(-6.33045e-06 -4.58489e-06 0.136041)
(-4.04295e-06 -3.14306e-06 0.110152)
(-1.77032e-06 -1.64156e-06 0.0753885)
(-8.29991e-08 -3.18102e-07 0.0282494)
(-4.82543e-06 -5.51681e-06 0.133618)
(-4.27093e-06 -5.07267e-06 0.127471)
(-3.65529e-06 -4.51898e-06 0.119444)
(-2.92378e-06 -3.83736e-06 0.108882)
(-2.08756e-06 -3.01777e-06 0.0949034)
(-1.1995e-06 -2.07706e-06 0.0763303)
(-3.99047e-07 -1.09208e-06 0.0516264)
(7.39833e-08 -2.22107e-07 0.018855)
(-2.98865e-06 3.41444e-06 0.133557)
(-2.64513e-06 3.13922e-06 0.127411)
(-2.26358e-06 2.79616e-06 0.119386)
(-1.81031e-06 2.3739e-06 0.108827)
(-1.29226e-06 1.86632e-06 0.0948532)
(-7.42199e-07 1.28395e-06 0.0762877)
(-2.46596e-07 6.74532e-07 0.0515959)
(4.59956e-08 1.36855e-07 0.0188429)
(-7.74629e-06 5.25023e-06 0.190315)
(-7.04106e-06 4.81429e-06 0.181568)
(-6.19976e-06 4.27546e-06 0.170238)
(-5.16042e-06 3.61843e-06 0.155452)
(-3.91129e-06 2.83582e-06 0.135983)
(-2.49607e-06 1.94429e-06 0.110099)
(-1.09093e-06 1.01549e-06 0.0753481)
(-4.94902e-08 1.96741e-07 0.028232)
(-1.13203e-05 2.50997e-06 0.218302)
(-1.04253e-05 2.29915e-06 0.208734)
(-9.29739e-06 2.03757e-06 0.19623)
(-7.86246e-06 1.71775e-06 0.179757)
(-6.08494e-06 1.33659e-06 0.157855)
(-4.00292e-06 9.03419e-07 0.128433)
(-1.85305e-06 4.56311e-07 0.0884581)
(-1.57174e-07 7.48146e-08 0.0334885)
(-1.13203e-05 -2.50984e-06 0.218302)
(-1.04253e-05 -2.29902e-06 0.208734)
(-9.2974e-06 -2.03744e-06 0.19623)
(-7.86247e-06 -1.71762e-06 0.179757)
(-6.08495e-06 -1.33647e-06 0.157855)
(-4.00293e-06 -9.03315e-07 0.128433)
(-1.85306e-06 -4.56234e-07 0.0884581)
(-1.57179e-07 -7.47843e-08 0.0334885)
(-7.7463e-06 -5.2501e-06 0.190315)
(-7.04107e-06 -4.81415e-06 0.181568)
(-6.19977e-06 -4.27533e-06 0.170238)
(-5.16044e-06 -3.61831e-06 0.155452)
(-3.91132e-06 -2.83571e-06 0.135983)
(-2.4961e-06 -1.94419e-06 0.110099)
(-1.09095e-06 -1.01543e-06 0.0753481)
(-4.9502e-08 -1.96716e-07 0.028232)
(-2.98866e-06 -3.41433e-06 0.133557)
(-2.64515e-06 -3.13912e-06 0.127411)
(-2.2636e-06 -2.79605e-06 0.119386)
(-1.81034e-06 -2.3738e-06 0.108827)
(-1.29229e-06 -1.86623e-06 0.0948532)
(-7.42236e-07 -1.28388e-06 0.0762877)
(-2.4663e-07 -6.74482e-07 0.0515959)
(4.59801e-08 -1.36837e-07 0.0188429)
(-1.84004e-06 2.10392e-06 0.133519)
(-1.62841e-06 1.9343e-06 0.127374)
(-1.39347e-06 1.72287e-06 0.11935)
(-1.11437e-06 1.46263e-06 0.108793)
(-7.95413e-07 1.14983e-06 0.0948222)
(-4.56799e-07 7.90972e-07 0.0762616)
(-1.51753e-07 4.15505e-07 0.0515772)
(2.82804e-08 8.43177e-08 0.0188356)
(-4.77337e-06 3.23909e-06 0.190281)
(-4.33847e-06 2.96983e-06 0.181532)
(-3.81988e-06 2.63709e-06 0.170202)
(-3.17929e-06 2.23145e-06 0.155415)
(-2.4095e-06 1.74841e-06 0.135947)
(-1.53755e-06 1.19836e-06 0.110067)
(-6.71998e-07 6.25611e-07 0.0753232)
(-3.07074e-08 1.21122e-07 0.0282214)
(-6.97858e-06 1.5487e-06 0.218279)
(-6.42636e-06 1.41854e-06 0.208708)
(-5.73069e-06 1.25704e-06 0.1962)
(-4.84578e-06 1.0596e-06 0.179723)
(-3.7498e-06 8.24331e-07 0.15782)
(-2.46639e-06 5.57017e-07 0.128399)
(-1.14157e-06 2.81204e-07 0.0884309)
(-9.71068e-08 4.60532e-08 0.0334762)
(-6.97858e-06 -1.54863e-06 0.218279)
(-6.42636e-06 -1.41847e-06 0.208708)
(-5.73069e-06 -1.25698e-06 0.1962)
(-4.84578e-06 -1.05955e-06 0.179723)
(-3.7498e-06 -8.24288e-07 0.15782)
(-2.4664e-06 -5.56988e-07 0.128399)
(-1.14157e-06 -2.81192e-07 0.0884309)
(-9.71075e-08 -4.60549e-08 0.0334762)
(-4.77339e-06 -3.23903e-06 0.190281)
(-4.33848e-06 -2.96977e-06 0.181532)
(-3.81989e-06 -2.63703e-06 0.170202)
(-3.1793e-06 -2.23139e-06 0.155415)
(-2.40951e-06 -1.74837e-06 0.135947)
(-1.53756e-06 -1.19833e-06 0.110067)
(-6.72004e-07 -6.25593e-07 0.0753232)
(-3.07093e-08 -1.21118e-07 0.0282214)
(-1.84005e-06 -2.10392e-06 0.133519)
(-1.62842e-06 -1.9343e-06 0.127374)
(-1.39348e-06 -1.72287e-06 0.11935)
(-1.11438e-06 -1.46263e-06 0.108793)
(-7.95418e-07 -1.14983e-06 0.0948222)
(-4.56803e-07 -7.90979e-07 0.0762616)
(-1.51756e-07 -4.15514e-07 0.0515772)
(2.82806e-08 -8.4322e-08 0.0188356)
(-1.13769e-06 1.29998e-06 0.133496)
(-1.00693e-06 1.19514e-06 0.127351)
(-8.61737e-07 1.06447e-06 0.119328)
(-6.89249e-07 9.03648e-07 0.108772)
(-4.921e-07 7.10356e-07 0.0948031)
(-2.8276e-07 4.88623e-07 0.0762454)
(-9.41005e-08 2.56638e-07 0.0515656)
(1.73808e-08 5.20319e-08 0.018831)
(-2.94998e-06 2.0016e-06 0.19026)
(-2.68129e-06 1.83512e-06 0.18151)
(-2.36086e-06 1.6294e-06 0.17018)
(-1.96505e-06 1.37865e-06 0.155393)
(-1.48942e-06 1.08011e-06 0.135925)
(-9.50636e-07 7.40215e-07 0.110047)
(-4.15705e-07 3.86364e-07 0.0753079)
(-1.91242e-08 7.47368e-08 0.0282148)
(-4.31274e-06 9.57388e-07 0.218265)
(-3.97146e-06 8.76859e-07 0.208691)
(-3.54153e-06 7.76957e-07 0.196181)
(-2.99469e-06 6.54849e-07 0.179703)
(-2.31748e-06 5.0938e-07 0.157798)
(-1.5245e-06 3.44148e-07 0.128378)
(-7.0587e-07 1.73715e-07 0.088414)
(-6.0169e-08 2.84342e-08 0.0334686)
(-4.31274e-06 -9.5726e-07 0.218265)
(-3.97146e-06 -8.7673e-07 0.208691)
(-3.54153e-06 -7.7683e-07 0.196181)
(-2.99469e-06 -6.54728e-07 0.179703)
(-2.31749e-06 -5.0927e-07 0.157798)
(-1.52451e-06 -3.44055e-07 0.128378)
(-7.05879e-07 -1.7365e-07 0.088414)
(-6.01734e-08 -2.84088e-08 0.0334686)
(-2.94999e-06 -2.00147e-06 0.19026)
(-2.6813e-06 -1.83499e-06 0.18151)
(-2.36087e-06 -1.62928e-06 0.17018)
(-1.96507e-06 -1.37853e-06 0.155393)
(-1.48944e-06 -1.08e-06 0.135925)
(-9.5066e-07 -7.40128e-07 0.110047)
(-4.15729e-07 -3.86305e-07 0.0753079)
(-1.91348e-08 -7.47152e-08 0.0282148)
(-1.1377e-06 -1.29987e-06 0.133496)
(-1.00694e-06 -1.19503e-06 0.127351)
(-8.61757e-07 -1.06436e-06 0.119328)
(-6.89273e-07 -9.03551e-07 0.108772)
(-4.92129e-07 -7.10269e-07 0.0948031)
(-2.82794e-07 -4.88552e-07 0.0762454)
(-9.41318e-08 -2.5659e-07 0.0515656)
(1.73666e-08 -5.20148e-08 0.018831)
(-7.03863e-07 8.04016e-07 0.133482)
(-6.22973e-07 7.39147e-07 0.127337)
(-5.3315e-07 6.583e-07 0.119314)
(-4.26442e-07 5.58808e-07 0.108759)
(-3.04478e-07 4.39238e-07 0.0947913)
(-1.7497e-07 3.02092e-07 0.0762354)
(-5.82511e-08 1.58629e-07 0.0515584)
(1.07333e-08 3.21376e-08 0.0188282)
(-1.82477e-06 1.23781e-06 0.190247)
(-1.65855e-06 1.13481e-06 0.181497)
(-1.46032e-06 1.00755e-06 0.170166)
(-1.21546e-06 8.52444e-07 0.155378)
(-9.21242e-07 6.67791e-07 0.135911)
(-5.87961e-07 4.57588e-07 0.110034)
(-2.57082e-07 2.38792e-07 0.0752984)
(-1.1807e-08 4.61611e-08 0.0282107)
(-2.66778e-06 5.92321e-07 0.218256)
(-2.45663e-06 5.4247e-07 0.208681)
(-2.19063e-06 4.80635e-07 0.19617)
(-1.85232e-06 4.05066e-07 0.17969)
(-1.43338e-06 3.15057e-07 0.157785)
(-9.42854e-07 2.12838e-07 0.128365)
(-4.36492e-07 1.07426e-07 0.0884036)
(-3.71555e-08 1.75866e-08 0.0334639)
(-2.66778e-06 -5.9227e-07 0.218256)
(-2.45663e-06 -5.42421e-07 0.208681)
(-2.19063e-06 -4.8059e-07 0.19617)
(-1.85232e-06 -4.05028e-07 0.17969)
(-1.43339e-06 -3.15028e-07 0.157785)
(-9.42856e-07 -2.12823e-07 0.128365)
(-4.36494e-07 -1.07423e-07 0.0884036)
(-3.71556e-08 -1.7592e-08 0.0334639)
(-1.82478e-06 -1.23776e-06 0.190247)
(-1.65856e-06 -1.13477e-06 0.181497)
(-1.46033e-06 -1.00751e-06 0.170166)
(-1.21547e-06 -8.52406e-07 0.155378)
(-9.21249e-07 -6.67761e-07 0.135911)
(-5.87966e-07 -4.57568e-07 0.110034)
(-2.57085e-07 -2.38784e-07 0.0752984)
(-1.18073e-08 -4.61612e-08 0.0282107)
(-7.03867e-07 -8.0402e-07 0.133482)
(-6.22976e-07 -7.39151e-07 0.127337)
(-5.33153e-07 -6.58305e-07 0.119314)
(-4.26445e-07 -5.58815e-07 0.108759)
(-3.0448e-07 -4.39248e-07 0.0947913)
(-1.7497e-07 -3.02105e-07 0.0762354)
(-5.82501e-08 -1.58642e-07 0.0515584)
(1.07349e-08 -3.21437e-08 0.0188282)
(-4.3531e-07 4.97328e-07 0.133473)
(-3.85276e-07 4.57204e-07 0.127328)
(-3.29721e-07 4.07196e-07 0.119306)
(-2.63723e-07 3.45655e-07 0.108751)
(-1.88292e-07 2.71696e-07 0.094784)
(-1.08197e-07 1.86864e-07 0.0762292)
(-3.60151e-08 9.81262e-08 0.051554)
(6.64098e-09 1.98838e-08 0.0188264)
(-1.12879e-06 7.6579e-07 0.190239)
(-1.02595e-06 7.02066e-07 0.181488)
(-9.0332e-07 6.2333e-07 0.170157)
(-7.51849e-07 5.27368e-07 0.15537)
(-5.69843e-07 4.13132e-07 0.135902)
(-3.6368e-07 2.83093e-07 0.110027)
(-1.5901e-07 1.47742e-07 0.0752925)
(-7.30313e-09 2.85717e-08 0.0282082)
(-1.65049e-06 3.66607e-07 0.21825)
(-1.51984e-06 3.3575e-07 0.208675)
(-1.35525e-06 2.97477e-07 0.196162)
(-1.14594e-06 2.50707e-07 0.179682)
(-8.86749e-07 1.95004e-07 0.157777)
(-5.83275e-07 1.31748e-07 0.128358)
(-2.70021e-07 6.6514e-08 0.0883971)
(-2.29921e-08 1.0906e-08 0.033461)
(-1.65049e-06 -3.66483e-07 0.21825)
(-1.51984e-06 -3.35626e-07 0.208675)
(-1.35526e-06 -2.97356e-07 0.196162)
(-1.14594e-06 -2.50591e-07 0.179682)
(-8.86756e-07 -1.94898e-07 0.157777)
(-5.83285e-07 -1.31658e-07 0.128358)
(-2.7003e-07 -6.64497e-08 0.0883971)
(-2.29963e-08 -1.08808e-08 0.033461)
(-1.1288e-06 -7.65669e-07 0.190239)
(-1.02596e-06 -7.01946e-07 0.181488)
(-9.03334e-07 -6.23214e-07 0.170157)
(-7.51866e-07 -5.27258e-07 0.15537)
(-5.69863e-07 -4.13032e-07 0.135902)
(-3.63703e-07 -2.83011e-07 0.110027)
(-1.59032e-07 -1.47686e-07 0.0752925)
(-7.31295e-09 -2.85512e-08 0.0282082)
(-4.3532e-07 -4.9722e-07 0.133473)
(-3.85289e-07 -4.57097e-07 0.127328)
(-3.29738e-07 -4.07093e-07 0.119306)
(-2.63745e-07 -3.45558e-07 0.108751)
(-1.88319e-07 -2.71609e-07 0.094784)
(-1.08229e-07 -1.86793e-07 0.0762292)
(-3.60452e-08 -9.80786e-08 0.051554)
(6.62729e-09 -1.98667e-08 0.0188264)
(-2.6944e-07 3.07821e-07 0.133467)
(-2.38471e-07 2.82987e-07 0.127323)
(-2.04085e-07 2.52035e-07 0.119301)
(-1.63236e-07 2.13945e-07 0.108746)
(-1.16547e-07 1.68168e-07 0.0947795)
(-6.69714e-08 1.15662e-07 0.0762254)
(-2.22933e-08 6.07374e-08 0.0515513)
(4.11032e-09 1.23076e-08 0.0188253)
(-6.98698e-07 4.73992e-07 0.190234)
(-6.35045e-07 4.3455e-07 0.181483)
(-5.59138e-07 3.85817e-07 0.170152)
(-4.65381e-07 3.26422e-07 0.155364)
(-3.52723e-07 2.55716e-07 0.135897)
(-2.25114e-07 1.75228e-07 0.110022)
(-9.8429e-08 9.14503e-08 0.0752889)
(-4.52243e-09 1.76856e-08 0.0282066)
(-1.02166e-06 2.26933e-07 0.218247)
(-9.40784e-07 2.0783e-07 0.208671)
(-8.38906e-07 1.84136e-07 0.196158)
(-7.09339e-07 1.55183e-07 0.179678)
(-5.48901e-07 1.207e-07 0.157772)
(-3.61053e-07 8.15426e-08 0.128353)
(-1.67152e-07 4.11627e-08 0.0883931)
(-1.42362e-08 6.74492e-09 0.0334592)
(-1.02166e-06 -2.26918e-07 0.218247)
(-9.40781e-07 -2.07817e-07 0.208671)
(-8.38903e-07 -1.84128e-07 0.196158)
(-7.09337e-07 -1.55181e-07 0.179678)
(-5.48898e-07 -1.20706e-07 0.157772)
(-3.61051e-07 -8.15578e-08 0.128353)
(-1.67149e-07 -4.1184e-08 0.0883931)
(-1.42345e-08 -6.76053e-09 0.0334592)
(-6.987e-07 -4.73983e-07 0.190234)
(-6.35045e-07 -4.34542e-07 0.181483)
(-5.59136e-07 -3.85812e-07 0.170152)
(-4.65377e-07 -3.26421e-07 0.155364)
(-3.52718e-07 -2.5572e-07 0.135897)
(-2.25108e-07 -1.75238e-07 0.110022)
(-9.84221e-08 -9.14643e-08 0.0752889)
(-4.51881e-09 -1.7695e-08 0.0282066)
(-2.69431e-07 -3.07853e-07 0.133467)
(-2.38462e-07 -2.83018e-07 0.127323)
(-2.04075e-07 -2.52067e-07 0.119301)
(-1.63224e-07 -2.13978e-07 0.108746)
(-1.16534e-07 -1.68201e-07 0.0947795)
(-6.69576e-08 -1.15694e-07 0.0762254)
(-2.22811e-08 -6.07631e-08 0.0515513)
(4.11641e-09 -1.23187e-08 0.0188253)
(-1.66794e-07 1.90569e-07 0.133464)
(-1.47621e-07 1.75195e-07 0.12732)
(-1.26334e-07 1.56034e-07 0.119297)
(-1.01046e-07 1.32454e-07 0.108743)
(-7.21425e-08 1.04115e-07 0.0947767)
(-4.14535e-08 7.16094e-08 0.0762231)
(-1.37971e-08 3.76061e-08 0.0515496)
(2.54604e-09 7.62182e-09 0.0188247)
(-4.3255e-07 2.93474e-07 0.190231)
(-3.93142e-07 2.69056e-07 0.18148)
(-3.46146e-07 2.38886e-07 0.170148)
(-2.88101e-07 2.02115e-07 0.155361)
(-2.18355e-07 1.58341e-07 0.135894)
(-1.39355e-07 1.0851e-07 0.110019)
(-6.09276e-08 5.66386e-08 0.0752866)
(-2.79594e-09 1.09598e-08 0.0282057)
(-6.3251e-07 1.40536e-07 0.218245)
(-5.82439e-07 1.2871e-07 0.208669)
(-5.19363e-07 1.14042e-07 0.196155)
(-4.39148e-07 9.61165e-08 0.179675)
(-3.39819e-07 7.47671e-08 0.157769)
(-2.23524e-07 5.0522e-08 0.12835)
(-1.0348e-07 2.55156e-08 0.0883907)
(-8.81246e-09 4.19096e-09 0.0334581)
(-6.3251e-07 -1.40448e-07 0.218245)
(-5.82438e-07 -1.28621e-07 0.208669)
(-5.19365e-07 -1.13953e-07 0.196155)
(-4.39151e-07 -9.60315e-08 0.179675)
(-3.39824e-07 -7.46883e-08 0.157769)
(-2.2353e-07 -5.04536e-08 0.12835)
(-1.03487e-07 -2.54645e-08 0.0883907)
(-8.81568e-09 -4.16911e-09 0.0334581)
(-4.3255e-07 -2.93387e-07 0.190231)
(-3.93144e-07 -2.6897e-07 0.18148)
(-3.46152e-07 -2.38802e-07 0.170148)
(-2.88111e-07 -2.02035e-07 0.155361)
(-2.1837e-07 -1.58268e-07 0.135894)
(-1.39372e-07 -1.08448e-07 0.110019)
(-6.09454e-08 -5.65948e-08 0.0752866)
(-2.80435e-09 -1.09428e-08 0.0282057)
(-1.66798e-07 -1.90482e-07 0.133464)
(-1.47628e-07 -1.75109e-07 0.12732)
(-1.26345e-07 -1.5595e-07 0.119297)
(-1.01061e-07 -1.32374e-07 0.108743)
(-7.21623e-08 -1.04043e-07 0.0947767)
(-4.14782e-08 -7.15492e-08 0.0762231)
(-1.3821e-08 -3.75646e-08 0.0515496)
(2.53452e-09 -7.60643e-09 0.0188247)
(-1.03277e-07 1.18019e-07 0.133462)
(-9.14052e-08 1.08498e-07 0.127318)
(-7.82233e-08 9.66326e-08 0.119295)
(-6.25637e-08 8.203e-08 0.108741)
(-4.4666e-08 6.44803e-08 0.094775)
(-2.56627e-08 4.43502e-08 0.0762216)
(-8.53834e-09 2.32917e-08 0.0515485)
(1.57863e-09 4.72139e-09 0.0188243)
(-2.67837e-07 1.81724e-07 0.190229)
(-2.43435e-07 1.66604e-07 0.181478)
(-2.14334e-07 1.47923e-07 0.170146)
(-1.78392e-07 1.25153e-07 0.155359)
(-1.35204e-07 9.80468e-08 0.135892)
(-8.62861e-08 6.71895e-08 0.110017)
(-3.77242e-08 3.50691e-08 0.0752852)
(-1.73059e-09 6.78442e-09 0.0282051)
(-3.91656e-07 8.70148e-08 0.218244)
(-3.60651e-07 7.96916e-08 0.208667)
(-3.21594e-07 7.06081e-08 0.196154)
(-2.71923e-07 5.95077e-08 0.179673)
(-2.10416e-07 4.62867e-08 0.157767)
(-1.38404e-07 3.12726e-08 0.128348)
(-6.40727e-08 1.57885e-08 0.0883891)
(-5.45575e-09 2.58858e-09 0.0334574)
(-3.91657e-07 -8.69869e-08 0.218244)
(-3.60652e-07 -7.9665e-08 0.208667)
(-3.21595e-07 -7.05845e-08 0.196154)
(-2.71923e-07 -5.94887e-08 0.179673)
(-2.10417e-07 -4.62742e-08 0.157767)
(-1.38404e-07 -3.12682e-08 0.128348)
(-6.40724e-08 -1.57918e-08 0.0883891)
(-5.45539e-09 -2.59448e-09 0.0334574)
(-2.67846e-07 -1.81701e-07 0.190229)
(-2.43442e-07 -1.66582e-07 0.181478)
(-2.14341e-07 -1.47902e-07 0.170146)
(-1.78396e-07 -1.25136e-07 0.155359)
(-1.35207e-07 -9.8034e-08 0.135892)
(-8.6287e-08 -6.71822e-08 0.110017)
(-3.77236e-08 -3.50677e-08 0.0752852)
(-1.72973e-09 -6.78606e-09 0.0282051)
(-1.03276e-07 -1.18027e-07 0.133462)
(-9.14034e-08 -1.08507e-07 0.127318)
(-7.82209e-08 -9.66429e-08 0.119295)
(-6.25604e-08 -8.20423e-08 0.108741)
(-4.46615e-08 -6.44938e-08 0.094775)
(-2.56567e-08 -4.43649e-08 0.0762216)
(-8.53271e-09 -2.33045e-08 0.0515485)
(1.58187e-09 -4.72717e-09 0.0188243)
(-6.39422e-08 7.30691e-08 0.133461)
(-5.65919e-08 6.71748e-08 0.127316)
(-4.84309e-08 5.98285e-08 0.119294)
(-3.8736e-08 5.07876e-08 0.10874)
(-2.76555e-08 3.9922e-08 0.0947739)
(-1.58907e-08 2.74587e-08 0.0762207)
(-5.28882e-09 1.44208e-08 0.0515479)
(9.76133e-10 2.9231e-09 0.018824)
(-1.65833e-07 1.12542e-07 0.190228)
(-1.50724e-07 1.0318e-07 0.181477)
(-1.32707e-07 9.16114e-08 0.170145)
(-1.10453e-07 7.75117e-08 0.155358)
(-8.37131e-08 6.07263e-08 0.135891)
(-5.34254e-08 4.16176e-08 0.110016)
(-2.33584e-08 2.17256e-08 0.0752844)
(-1.07169e-09 4.20559e-09 0.0282047)
(-2.42502e-07 5.39119e-08 0.218243)
(-2.23304e-07 4.93774e-08 0.208666)
(-1.99122e-07 4.37528e-08 0.196153)
(-1.68368e-07 3.6879e-08 0.179672)
(-1.30286e-07 2.86913e-08 0.157765)
(-8.56992e-08 1.9392e-08 0.128346)
(-3.96763e-08 9.7985e-09 0.0883882)
(-3.37946e-09 1.61286e-09 0.033457)
(-2.42503e-07 -5.38122e-08 0.218243)
(-2.23306e-07 -4.92777e-08 0.208666)
(-1.99124e-07 -4.36545e-08 0.196153)
(-1.68372e-07 -3.67841e-08 0.179672)
(-1.30291e-07 -2.86032e-08 0.157765)
(-8.5706e-08 -1.93155e-08 0.128346)
(-3.9683e-08 -9.74169e-09 0.0883882)
(-3.38261e-09 -1.58915e-09 0.033457)
(-1.65833e-07 -1.12447e-07 0.190228)
(-1.50727e-07 -1.03086e-07 0.181477)
(-1.32713e-07 -9.15197e-08 0.170145)
(-1.10463e-07 -7.74245e-08 0.155358)
(-8.37273e-08 -6.06467e-08 0.135891)
(-5.34431e-08 -4.15507e-08 0.110016)
(-2.3376e-08 -2.16784e-08 0.0752844)
(-1.07959e-09 -4.1878e-09 0.0282047)
(-6.39428e-08 -7.2968e-08 0.133461)
(-5.65953e-08 -6.70764e-08 0.127316)
(-4.84381e-08 -5.97339e-08 0.119294)
(-3.8748e-08 -5.06986e-08 0.10874)
(-2.76726e-08 -3.98423e-08 0.0947739)
(-1.59135e-08 -2.73926e-08 0.0762207)
(-5.31177e-09 -1.43758e-08 0.0515479)
(9.65129e-10 -2.90683e-09 0.018824)
(-3.96123e-08 4.52496e-08 0.13346)
(-3.506e-08 4.15989e-08 0.127315)
(-3.00052e-08 3.70488e-08 0.119293)
(-2.39996e-08 3.14492e-08 0.108739)
(-1.71357e-08 2.47196e-08 0.0947732)
(-9.84763e-09 1.7001e-08 0.0762201)
(-3.27961e-09 8.92724e-09 0.0515475)
(6.03371e-10 1.80833e-09 0.0188238)
(-1.02722e-07 6.96835e-08 0.190227)
(-9.33647e-08 6.38846e-08 0.181476)
(-8.22056e-08 5.67195e-08 0.170144)
(-6.84215e-08 4.79867e-08 0.155357)
(-5.18584e-08 3.75908e-08 0.13589)
(-3.30978e-08 2.57571e-08 0.110016)
(-1.44735e-08 1.34405e-08 0.0752838)
(-6.65946e-10 2.59732e-09 0.0282045)
(-1.50201e-07 3.33715e-08 0.218242)
(-1.38312e-07 3.05624e-08 0.208666)
(-1.23335e-07 2.7078e-08 0.196152)
(-1.04286e-07 2.28198e-08 0.179671)
(-8.06987e-08 1.77482e-08 0.157765)
(-5.30819e-08 1.19889e-08 0.128346)
(-2.45757e-08 6.05012e-09 0.0883876)
(-2.09345e-09 9.89617e-10 0.0334567)
(-1.50202e-07 -3.33471e-08 0.218242)
(-1.38313e-07 -3.05402e-08 0.208666)
(-1.23335e-07 -2.70591e-08 0.196152)
(-1.04286e-07 -2.28057e-08 0.179671)
(-8.06977e-08 -1.77401e-08 0.157765)
(-5.30805e-08 -1.19882e-08 0.128346)
(-2.45743e-08 -6.05593e-09 0.0883876)
(-2.09239e-09 -9.96138e-10 0.0334567)
(-1.02722e-07 -6.96679e-08 0.190227)
(-9.33645e-08 -6.38702e-08 0.181476)
(-8.22045e-08 -5.67072e-08 0.170144)
(-6.84193e-08 -4.79775e-08 0.155357)
(-5.18552e-08 -3.75858e-08 0.13589)
(-3.30937e-08 -2.57568e-08 0.110016)
(-1.44692e-08 -1.34442e-08 0.0752838)
(-6.63617e-10 -2.60122e-09 0.0282045)
(-3.96025e-08 -4.52545e-08 0.13346)
(-3.50496e-08 -4.16054e-08 0.127315)
(-2.99945e-08 -3.70576e-08 0.119293)
(-2.39887e-08 -3.14609e-08 0.108739)
(-1.71241e-08 -2.47333e-08 0.0947732)
(-9.83568e-09 -1.70165e-08 0.0762201)
(-3.27008e-09 -8.94135e-09 0.0515475)
(6.07982e-10 -1.81499e-09 0.0188238)
(-2.45207e-08 2.80107e-08 0.133459)
(-2.17025e-08 2.57511e-08 0.127315)
(-1.85732e-08 2.29348e-08 0.119293)
(-1.48552e-08 1.94689e-08 0.108739)
(-1.06057e-08 1.53035e-08 0.0947728)
(-6.09403e-09 1.05259e-08 0.0762198)
(-2.0284e-09 5.52819e-09 0.0515472)
(3.74423e-10 1.12054e-09 0.0188237)
(-6.35974e-08 4.31676e-08 0.190227)
(-5.78036e-08 3.95767e-08 0.181476)
(-5.08939e-08 3.51399e-08 0.170144)
(-4.23585e-08 2.97323e-08 0.155356)
(-3.21026e-08 2.32947e-08 0.135889)
(-2.04864e-08 1.59662e-08 0.110015)
(-8.95524e-09 8.33705e-09 0.0752835)
(-4.09149e-10 1.61578e-09 0.0282043)
(-9.2998e-08 2.07084e-08 0.218242)
(-8.56366e-08 1.89692e-08 0.208665)
(-7.63629e-08 1.68117e-08 0.196152)
(-6.45678e-08 1.41748e-08 0.17967)
(-4.99626e-08 1.10333e-08 0.157764)
(-3.28636e-08 7.46425e-09 0.128345)
(-1.52141e-08 3.77932e-09 0.0883872)
(-1.29495e-09 6.28257e-10 0.0334565)
(-9.30047e-08 -2.05767e-08 0.218242)
(-8.56442e-08 -1.88378e-08 0.208665)
(-7.63713e-08 -1.66818e-08 0.196152)
(-6.45773e-08 -1.40484e-08 0.17967)
(-4.99729e-08 -1.0914e-08 0.157764)
(-3.28746e-08 -7.35808e-09 0.128345)
(-1.52241e-08 -3.69778e-09 0.0883872)
(-1.29953e-09 -5.92677e-10 0.0334565)
(-6.36064e-08 -4.30473e-08 0.190227)
(-5.78157e-08 -3.94574e-08 0.181476)
(-5.09102e-08 -3.50231e-08 0.170144)
(-4.23793e-08 -2.96202e-08 0.155356)
(-3.21274e-08 -2.3191e-08 0.135889)
(-2.05138e-08 -1.58772e-08 0.110015)
(-8.98082e-09 -8.27235e-09 0.0752835)
(-4.20778e-10 -1.59008e-09 0.0282043)
(-2.45343e-08 -2.78747e-08 0.133459)
(-2.17196e-08 -2.56197e-08 0.127315)
(-1.85948e-08 -2.28094e-08 0.119293)
(-1.48819e-08 -1.93517e-08 0.108739)
(-1.06373e-08 -1.5199e-08 0.0947728)
(-6.1304e-09 -1.04392e-08 0.0762198)
(-2.06238e-09 -5.46876e-09 0.0515472)
(3.5854e-10 -1.09873e-09 0.0188237)
(-1.51455e-08 1.7361e-08 0.133459)
(-1.34002e-08 1.59613e-08 0.127315)
(-1.14634e-08 1.42169e-08 0.119293)
(-9.1645e-09 1.20702e-08 0.108738)
(-6.53808e-09 9.49027e-09 0.0947726)
(-3.75111e-09 6.53053e-09 0.0762196)
(-1.24224e-09 3.43308e-09 0.0515471)
(2.36038e-10 6.98153e-10 0.0188237)
(-3.93295e-08 2.67405e-08 0.190227)
(-3.57407e-08 2.45162e-08 0.181475)
(-3.14632e-08 2.17679e-08 0.170144)
(-2.61833e-08 1.84184e-08 0.155356)
(-1.98409e-08 1.44309e-08 0.135889)
(-1.26595e-08 9.89137e-09 0.110015)
(-5.53219e-09 5.16504e-09 0.0752833)
(-2.51294e-10 1.00066e-09 0.0282042)
(-5.75377e-08 1.28335e-08 0.218242)
(-5.29772e-08 1.1754e-08 0.208665)
(-4.72347e-08 1.04146e-08 0.196151)
(-3.99357e-08 8.77763e-09 0.17967)
(-3.08996e-08 6.82733e-09 0.157764)
(-2.03222e-08 4.61198e-09 0.128345)
(-9.40635e-09 2.32662e-09 0.088387)
(-7.99485e-10 3.79181e-10 0.0334564)
(-5.75448e-08 -1.27258e-08 0.218242)
(-5.2985e-08 -1.16535e-08 0.208665)
(-4.72429e-08 -1.03241e-08 0.196151)
(-3.99436e-08 -8.70041e-09 0.17967)
(-3.09061e-08 -6.7678e-09 0.157764)
(-2.03267e-08 -4.57481e-09 0.128345)
(-9.40811e-09 -2.31426e-09 0.088387)
(-7.9921e-10 -3.84635e-10 0.0334564)
(-3.93473e-08 -2.6636e-08 0.190227)
(-3.57586e-08 -2.44182e-08 0.181475)
(-3.14802e-08 -2.16785e-08 0.170144)
(-2.61984e-08 -1.83407e-08 0.155356)
(-1.98534e-08 -1.43686e-08 0.135889)
(-1.26677e-08 -9.84929e-09 0.110015)
(-5.53557e-09 -5.1469e-09 0.0752833)
(-2.5072e-10 -1.0031e-09 0.0282042)
(-1.51587e-08 -1.72277e-08 0.133459)
(-1.34146e-08 -1.58332e-08 0.127315)
(-1.14789e-08 -1.40957e-08 0.119293)
(-9.1818e-09 -1.19586e-08 0.108738)
(-6.55708e-09 -9.39264e-09 0.0947726)
(-3.77349e-09 -6.45361e-09 0.0762196)
(-1.26368e-09 -3.38585e-09 0.0515471)
(2.26734e-10 -6.84928e-10 0.0188237)
(-9.40719e-09 1.06771e-08 0.133459)
(-8.32801e-09 9.81212e-09 0.127314)
(-7.13034e-09 8.73448e-09 0.119292)
(-5.70738e-09 7.40893e-09 0.108738)
(-4.08048e-09 5.81697e-09 0.0947724)
(-2.35291e-09 3.99325e-09 0.0762194)
(-7.91991e-10 2.08876e-09 0.051547)
(1.36662e-10 4.17534e-10 0.0188236)
(-2.43762e-08 1.64436e-08 0.190227)
(-2.21582e-08 1.5067e-08 0.181475)
(-1.95137e-08 1.33668e-08 0.170143)
(-1.62467e-08 1.12956e-08 0.155356)
(-1.23202e-08 8.83223e-09 0.135889)
(-7.86854e-09 6.03212e-09 0.110015)
(-3.44724e-09 3.12719e-09 0.0752832)
(-1.65139e-10 5.89647e-10 0.0282042)
(-3.56305e-08 7.79833e-09 0.218242)
(-3.28102e-08 7.1291e-09 0.208665)
(-2.92583e-08 6.29973e-09 0.196151)
(-2.47412e-08 5.28783e-09 0.17967)
(-1.91462e-08 4.08565e-09 0.157764)
(-1.2595e-08 2.72725e-09 0.128345)
(-5.82859e-09 1.34107e-09 0.0883869)
(-4.96864e-10 1.92774e-10 0.0334564)
(-3.56132e-08 -8.05946e-09 0.218242)
(-3.27927e-08 -7.39702e-09 0.208665)
(-2.92399e-08 -6.57448e-09 0.196151)
(-2.47206e-08 -5.56753e-09 0.17967)
(-1.9124e-08 -4.36426e-09 0.157764)
(-1.25662e-08 -2.98863e-09 0.128345)
(-5.80143e-09 -1.55102e-09 0.0883869)
(-4.84204e-10 -2.86489e-10 0.0334564)
(-2.4329e-08 -1.67049e-08 0.190227)
(-2.21074e-08 -1.53324e-08 0.181475)
(-1.94585e-08 -1.36355e-08 0.170143)
(-1.61868e-08 -1.1565e-08 0.155356)
(-1.22531e-08 -9.09444e-09 0.135889)
(-7.79639e-09 -6.27123e-09 0.110015)
(-3.3774e-09 -3.31057e-09 0.0752832)
(-1.31987e-10 -6.67898e-10 0.0282042)
(-9.38768e-09 -1.091e-08 0.133459)
(-8.30814e-09 -1.0041e-08 0.127314)
(-7.10758e-09 -8.95694e-09 0.119292)
(-5.67763e-09 -7.62018e-09 0.108738)
(-4.03938e-09 -6.00917e-09 0.0947724)
(-2.29405e-09 -4.15188e-09 0.0762194)
(-7.24998e-10 -2.19595e-09 0.051547)
(1.70036e-10 -4.5875e-10 0.0188236)
(-5.81408e-09 6.64993e-09 0.133459)
(-5.14453e-09 6.11374e-09 0.127314)
(-4.40159e-09 5.44563e-09 0.119292)
(-3.51932e-09 4.6236e-09 0.108738)
(-2.51105e-09 3.63571e-09 0.0947723)
(-1.4399e-09 2.50225e-09 0.0762193)
(-4.74895e-10 1.31579e-09 0.0515469)
(9.19458e-11 2.68473e-10 0.0188236)
(-1.50857e-08 1.02259e-08 0.190226)
(-1.37096e-08 9.37548e-09 0.181475)
(-1.20696e-08 8.32499e-09 0.170143)
(-1.00443e-08 7.04509e-09 0.155356)
(-7.61107e-09 5.5219e-09 0.135889)
(-4.85355e-09 3.78796e-09 0.110015)
(-2.11579e-09 1.98224e-09 0.0752831)
(-9.2732e-11 3.88918e-10 0.0282041)
(-2.20617e-08 4.88617e-09 0.218242)
(-2.03134e-08 4.47535e-09 0.208665)
(-1.8112e-08 3.96631e-09 0.196151)
(-1.53132e-08 3.34514e-09 0.17967)
(-1.18485e-08 2.60651e-09 0.157764)
(-7.79042e-09 1.76878e-09 0.128345)
(-3.6008e-09 9.04204e-10 0.0883868)
(-3.03565e-10 1.59493e-10 0.0334563)
(-2.20642e-08 -4.91336e-09 0.218242)
(-2.03164e-08 -4.49864e-09 0.208665)
(-1.81157e-08 -3.98368e-09 0.196151)
(-1.53176e-08 -3.35343e-09 0.17967)
(-1.18537e-08 -2.60148e-09 0.157764)
(-7.79627e-09 -1.74632e-09 0.128345)
(-3.60727e-09 -8.65784e-10 0.0883868)
(-3.07646e-10 -1.27281e-10 0.0334563)
(-1.51006e-08 -1.02276e-08 0.190226)
(-1.37251e-08 -9.37351e-09 0.181475)
(-1.20854e-08 -8.31759e-09 0.170143)
(-1.00609e-08 -7.02994e-09 0.155356)
(-7.62931e-09 -5.4967e-09 0.135889)
(-4.87353e-09 -3.75189e-09 0.110015)
(-2.1354e-09 -1.94016e-09 0.0752831)
(-1.03857e-10 -3.61093e-10 0.0282041)
(-5.85537e-09 -6.61443e-09 0.133459)
(-5.18524e-09 -6.07406e-09 0.127314)
(-4.44106e-09 -5.40065e-09 0.119292)
(-3.5579e-09 -4.57311e-09 0.108738)
(-2.54971e-09 -3.5806e-09 0.0947723)
(-1.47765e-09 -2.44673e-09 0.0762193)
(-5.07322e-10 -1.26938e-09 0.0515469)
(7.6472e-11 -2.46596e-10 0.0188236)
(-3.61505e-09 4.11749e-09 0.133459)
(-3.19949e-09 3.78464e-09 0.127314)
(-2.7383e-09 3.36996e-09 0.119292)
(-2.19079e-09 2.85988e-09 0.108738)
(-1.56501e-09 2.2471e-09 0.0947723)
(-9.00122e-10 1.54441e-09 0.0762193)
(-3.00132e-10 8.09706e-10 0.0515469)
(5.4541e-11 1.63301e-10 0.0188236)
(-9.35999e-09 6.34576e-09 0.190226)
(-8.50624e-09 5.81835e-09 0.181475)
(-7.48881e-09 5.1666e-09 0.170143)
(-6.23277e-09 4.37212e-09 0.155356)
(-4.72385e-09 3.42606e-09 0.135889)
(-3.01402e-09 2.34847e-09 0.110014)
(-1.31603e-09 1.22597e-09 0.0752831)
(-5.93252e-11 2.37172e-10 0.0282041)
(-1.36842e-08 3.04272e-09 0.218242)
(-1.26001e-08 2.78826e-09 0.208665)
(-1.12349e-08 2.47243e-09 0.196151)
(-9.49957e-09 2.08616e-09 0.17967)
(-7.35093e-09 1.62549e-09 0.157764)
(-4.8343e-09 1.10113e-09 0.128345)
(-2.23585e-09 5.58209e-10 0.0883867)
(-1.89039e-10 9.25672e-11 0.0334563)
(-1.36877e-08 -3.02912e-09 0.218242)
(-1.26039e-08 -2.77219e-09 0.208665)
(-1.12392e-08 -2.45384e-09 0.196151)
(-9.50414e-09 -2.06533e-09 0.17967)
(-7.35554e-09 -1.60342e-09 0.157764)
(-4.83828e-09 -1.08026e-09 0.128345)
(-2.23831e-09 -5.43054e-10 0.0883867)
(-1.89718e-10 -8.83604e-11 0.0334563)
(-9.37036e-09 -6.32812e-09 0.190226)
(-8.51721e-09 -5.79989e-09 0.181475)
(-7.50029e-09 -5.14769e-09 0.170143)
(-6.24408e-09 -4.35343e-09 0.155356)
(-4.73399e-09 -3.40881e-09 0.135889)
(-3.02195e-09 -2.33475e-09 0.110014)
(-1.32057e-09 -1.2179e-09 0.0752831)
(-5.99926e-11 -2.3601e-10 0.0282041)
(-3.63368e-09 -4.09481e-09 0.133459)
(-3.21828e-09 -3.76335e-09 0.127314)
(-2.75696e-09 -3.35081e-09 0.119292)
(-2.20841e-09 -2.84369e-09 0.108738)
(-1.58004e-09 -2.23538e-09 0.0947723)
(-9.10689e-10 -1.5368e-09 0.0762193)
(-3.04576e-10 -8.05289e-10 0.0515469)
(5.41868e-11 -1.62249e-10 0.0188236)
(-2.2505e-09 2.57094e-09 0.133458)
(-1.99227e-09 2.36368e-09 0.127314)
(-1.70489e-09 2.10538e-09 0.119292)
(-1.36315e-09 1.78751e-09 0.108738)
(-9.72692e-10 1.40549e-09 0.0947722)
(-5.57492e-10 9.67035e-10 0.0762193)
(-1.8316e-10 5.07979e-10 0.0515469)
(3.5932e-11 1.03305e-10 0.0188236)
(-5.82112e-09 3.93462e-09 0.190226)
(-5.29168e-09 3.60759e-09 0.181475)
(-4.65963e-09 3.20333e-09 0.170143)
(-3.87808e-09 2.71038e-09 0.155356)
(-2.93892e-09 2.1233e-09 0.135889)
(-1.87436e-09 1.45467e-09 0.110014)
(-8.17224e-10 7.58491e-10 0.075283)
(-3.6142e-11 1.46331e-10 0.0282041)
(-8.50479e-09 1.87179e-09 0.218242)
(-7.83278e-09 1.71392e-09 0.208665)
(-6.98533e-09 1.51798e-09 0.196151)
(-5.90657e-09 1.27845e-09 0.17967)
(-4.57047e-09 9.93143e-10 0.157764)
(-3.0051e-09 6.69251e-10 0.128345)
(-1.38894e-09 3.35768e-10 0.0883867)
(-1.17e-10 5.3519e-11 0.0334563)
(-8.505e-09 -1.91344e-09 0.218242)
(-7.83276e-09 -1.75468e-09 0.208665)
(-6.98502e-09 -1.55756e-09 0.196151)
(-5.90567e-09 -1.3163e-09 0.17967)
(-4.56873e-09 -1.02834e-09 0.157764)
(-3.00258e-09 -7.00173e-10 0.128345)
(-1.38609e-09 -3.59153e-10 0.0883867)
(-1.15789e-10 -6.34432e-11 0.0334563)
(-5.82891e-09 -3.97544e-09 0.190226)
(-5.29733e-09 -3.64717e-09 0.181475)
(-4.66257e-09 -3.2412e-09 0.170143)
(-3.87814e-09 -2.74581e-09 0.155356)
(-2.93593e-09 -2.15514e-09 0.135889)
(-1.86893e-09 -1.4808e-09 0.110014)
(-8.11135e-10 -7.76001e-10 0.075283)
(-3.37013e-11 -1.5174e-10 0.0282041)
(-2.25046e-09 -2.64125e-09 0.133458)
(-1.99012e-09 -2.43215e-09 0.127314)
(-1.7005e-09 -2.17145e-09 0.119292)
(-1.35597e-09 -1.85023e-09 0.108738)
(-9.62222e-10 -1.46213e-09 0.0947722)
(-5.4321e-10 -1.01455e-09 0.0762193)
(-1.68949e-10 -5.40132e-10 0.0515469)
(4.28216e-11 -1.14328e-10 0.0188236)
(-1.35053e-09 1.61243e-09 0.133458)
(-1.19271e-09 1.48455e-09 0.127314)
(-1.01806e-09 1.32499e-09 0.119292)
(-8.11023e-10 1.12823e-09 0.108738)
(-5.7494e-10 8.91077e-10 0.0947722)
(-3.25927e-10 6.17951e-10 0.0762192)
(-1.03654e-10 3.2985e-10 0.0515469)
(2.5045e-11 6.99721e-11 0.0188236)
(-3.55622e-09 2.48095e-09 0.190226)
(-3.23081e-09 2.27788e-09 0.181475)
(-2.84362e-09 2.02681e-09 0.170143)
(-2.366e-09 1.72038e-09 0.155356)
(-1.79161e-09 1.35462e-09 0.135889)
(-1.14239e-09 9.36609e-10 0.110014)
(-4.98598e-10 4.97752e-10 0.075283)
(-2.03929e-11 1.02171e-10 0.0282041)
(-5.22567e-09 1.21283e-09 0.218242)
(-4.81193e-09 1.11492e-09 0.208665)
(-4.2914e-09 9.93234e-10 0.196151)
(-3.62968e-09 8.44051e-10 0.17967)
(-2.8098e-09 6.65304e-10 0.157764)
(-1.85025e-09 4.60279e-10 0.128345)
(-8.59452e-10 2.44106e-10 0.0883867)
(-7.34253e-11 4.89134e-11 0.0334563)
(-5.2332e-09 -1.1178e-09 0.218242)
(-4.8199e-09 -1.01871e-09 0.208665)
(-4.29998e-09 -8.96221e-10 0.196151)
(-3.63917e-09 -7.47304e-10 0.17967)
(-2.82001e-09 -5.71133e-10 0.157764)
(-1.86087e-09 -3.73523e-10 0.128345)
(-8.6911e-10 -1.75054e-10 0.0883867)
(-7.76775e-11 -1.74739e-11 0.0334563)
(-3.57537e-09 -2.38995e-09 0.190226)
(-3.25177e-09 -2.18725e-09 0.181475)
(-2.86695e-09 -1.93719e-09 0.170143)
(-2.39171e-09 -1.633e-09 0.155356)
(-1.81907e-09 -1.27185e-09 0.135889)
(-1.16985e-09 -8.63203e-10 0.110014)
(-5.22331e-10 -4.42178e-10 0.075283)
(-3.06983e-11 -7.88669e-11 0.0282041)
(-1.37548e-09 -1.52135e-09 0.133458)
(-1.21932e-09 -1.3953e-09 0.127314)
(-1.04664e-09 -1.23811e-09 0.119292)
(-8.41867e-10 -1.04486e-09 0.108738)
(-6.0737e-10 -8.14302e-10 0.0947722)
(-3.59374e-10 -5.51741e-10 0.0762192)
(-1.32454e-10 -2.82496e-10 0.0515469)
(1.19693e-11 -5.18425e-11 0.0188236)
(-8.93921e-10 9.27818e-10 0.133458)
(-7.95174e-10 8.49558e-10 0.127314)
(-6.84715e-10 7.52258e-10 0.119292)
(-5.52544e-10 6.32954e-10 0.108738)
(-4.01552e-10 4.90713e-10 0.0947722)
(-2.41784e-10 3.30059e-10 0.0762192)
(-9.49946e-11 1.66077e-10 0.0515469)
(2.94326e-12 2.7701e-11 0.0188236)
(-2.27121e-09 1.46136e-09 0.190226)
(-2.06941e-09 1.33389e-09 0.181475)
(-1.82687e-09 1.17678e-09 0.170143)
(-1.52533e-09 9.86026e-10 0.155356)
(-1.16228e-09 7.60434e-10 0.135889)
(-7.51089e-10 5.06982e-10 0.110014)
(-3.40579e-10 2.50017e-10 0.075283)
(-2.48928e-11 3.67431e-11 0.0282041)
(-3.2965e-09 6.81904e-10 0.218242)
(-3.03908e-09 6.19462e-10 0.208665)
(-2.7123e-09 5.42308e-10 0.196151)
(-2.2948e-09 4.48572e-10 0.17967)
(-1.77783e-09 3.37863e-10 0.157764)
(-1.1734e-09 2.14549e-10 0.128345)
(-5.49721e-10 9.27231e-11 0.0883867)
(-5.08406e-11 2.29886e-12 0.0334563)
(-3.29109e-09 -7.5922e-10 0.218242)
(-3.03293e-09 -6.98723e-10 0.208665)
(-2.70502e-09 -6.23554e-10 0.196151)
(-2.28644e-09 -5.31363e-10 0.17967)
(-1.76833e-09 -4.21148e-10 0.157764)
(-1.16313e-09 -2.94466e-10 0.128345)
(-5.40805e-10 -1.60505e-10 0.0883867)
(-4.663e-11 -3.59881e-11 0.0334563)
(-2.24767e-09 -1.55593e-09 0.190226)
(-2.04392e-09 -1.42982e-09 0.181475)
(-1.799e-09 -1.27374e-09 0.170143)
(-1.49499e-09 -1.08331e-09 0.155356)
(-1.13029e-09 -8.55437e-10 0.135889)
(-7.18407e-10 -5.94632e-10 0.110014)
(-3.13018e-10 -3.20279e-10 0.075283)
(-1.20234e-11 -6.92271e-11 0.0282041)
(-8.73376e-10 -1.01167e-09 0.133458)
(-7.73535e-10 -9.32855e-10 0.127314)
(-6.60324e-10 -8.34317e-10 0.119292)
(-5.24766e-10 -7.11934e-10 0.108738)
(-3.68581e-10 -5.63462e-10 0.0947722)
(-2.06928e-10 -3.92693e-10 0.0762192)
(-6.44976e-11 -2.1198e-10 0.0515469)
(1.67846e-11 -4.68872e-11 0.0188236)
(-5.23184e-10 6.11408e-10 0.133458)
(-4.62408e-10 5.63458e-10 0.127314)
(-3.94488e-10 5.03618e-10 0.119292)
(-3.13185e-10 4.29802e-10 0.108738)
(-2.20346e-10 3.40746e-10 0.0947722)
(-1.22688e-10 2.38106e-10 0.0762192)
(-3.63399e-11 1.29318e-10 0.0515468)
(1.17643e-11 2.93493e-11 0.0188236)
(-1.37625e-09 9.49135e-10 0.190226)
(-1.25056e-09 8.72005e-10 0.181475)
(-1.0998e-09 7.76853e-10 0.170143)
(-9.1288e-10 6.61012e-10 0.155356)
(-6.88408e-10 5.23092e-10 0.135889)
(-4.34986e-10 3.65688e-10 0.110014)
(-1.85501e-10 1.9981e-10 0.075283)
(-3.93275e-12 4.61591e-11 0.0282041)
(-2.01872e-09 4.75522e-10 0.218242)
(-1.85952e-09 4.38496e-10 0.208665)
(-1.65786e-09 3.9266e-10 0.196151)
(-1.40037e-09 3.36714e-10 0.17967)
(-1.08135e-09 2.69994e-10 0.157764)
(-7.08652e-10 1.93428e-10 0.128345)
(-3.25887e-10 1.11252e-10 0.0883867)
(-2.55864e-11 3.00203e-11 0.0334563)
(-2.02725e-09 -4.04065e-10 0.218242)
(-1.8684e-09 -3.65786e-10 0.208665)
(-1.66707e-09 -3.18236e-10 0.196151)
(-1.40979e-09 -2.60215e-10 0.17967)
(-1.09101e-09 -1.91624e-10 0.157764)
(-7.18756e-10 -1.15528e-10 0.128345)
(-3.34966e-10 -4.20611e-11 0.0883867)
(-3.02115e-11 6.73928e-12 0.0334563)
(-1.40285e-09 -8.74754e-10 0.190226)
(-1.27799e-09 -7.95939e-10 0.181475)
(-1.1282e-09 -6.98856e-10 0.170143)
(-9.42283e-10 -5.81156e-10 0.155356)
(-7.18685e-10 -4.4255e-10 0.135889)
(-4.65399e-10 -2.88085e-10 0.110014)
(-2.12059e-10 -1.34242e-10 0.075283)
(-1.6925e-11 -1.37058e-11 0.0282041)
(-5.5363e-10 -5.38899e-10 0.133458)
(-4.93782e-10 -4.90702e-10 0.127314)
(-4.27224e-10 -4.30496e-10 0.119292)
(-3.47673e-10 -3.57282e-10 0.108738)
(-2.57065e-10 -2.70686e-10 0.0947722)
(-1.60185e-10 -1.74718e-10 0.0762192)
(-6.8892e-11 -8.11288e-11 0.0515468)
(-3.06554e-12 -8.96901e-12 0.0188236)
(-3.18117e-10 3.85255e-10 0.133458)
(-2.81453e-10 3.54962e-10 0.127314)
(-2.4052e-10 3.17073e-10 0.119292)
(-1.91098e-10 2.70197e-10 0.108738)
(-1.34833e-10 2.1353e-10 0.0947722)
(-7.54703e-11 1.48078e-10 0.0762192)
(-2.28581e-11 7.89097e-11 0.0515468)
(6.50673e-12 1.66878e-11 0.0188236)
(-8.39607e-10 6.13377e-10 0.190226)
(-7.63286e-10 5.64515e-10 0.181475)
(-6.71799e-10 5.03976e-10 0.170143)
(-5.57502e-10 4.29794e-10 0.155356)
(-4.2025e-10 3.40726e-10 0.135889)
(-2.65466e-10 2.37924e-10 0.110014)
(-1.12893e-10 1.28415e-10 0.075283)
(-2.65909e-12 2.76671e-11 0.0282041)
(-1.23883e-09 3.36748e-10 0.218242)
(-1.14225e-09 3.12045e-10 0.208665)
(-1.01958e-09 2.81132e-10 0.196151)
(-8.61799e-10 2.42781e-10 0.17967)
(-6.65828e-10 1.9594e-10 0.157764)
(-4.36547e-10 1.40403e-10 0.128345)
(-2.00508e-10 7.87303e-11 0.0883867)
(-1.61502e-11 1.8105e-11 0.0334563)
(-1.25508e-09 -1.8128e-10 0.218242)
(-1.15911e-09 -1.59796e-10 0.208665)
(-1.03618e-09 -1.33815e-10 0.196151)
(-8.7755e-10 -1.03113e-10 0.17967)
(-6.80457e-10 -6.86076e-11 0.157764)
(-4.4862e-10 -3.32333e-11 0.128345)
(-2.0868e-10 -3.60085e-12 0.0883867)
(-1.89377e-11 8.98932e-12 0.0334563)
(-8.65107e-10 -4.58011e-10 0.190226)
(-7.92116e-10 -4.13411e-10 0.181475)
(-7.0345e-10 -3.59283e-10 0.170143)
(-5.90815e-10 -2.95034e-10 0.155356)
(-4.54173e-10 -2.21316e-10 0.135889)
(-2.96862e-10 -1.41969e-10 0.110014)
(-1.36159e-10 -6.68786e-11 0.075283)
(-1.06539e-11 -1.0478e-11 0.0282041)
(-3.61277e-10 -1.50644e-10 0.133458)
(-3.28096e-10 -1.29037e-10 0.127314)
(-2.90162e-10 -1.0293e-10 0.119292)
(-2.43759e-10 -7.2424e-11 0.108738)
(-1.89015e-10 -3.91325e-11 0.0947722)
(-1.29467e-10 -8.26847e-12 0.0762192)
(-6.9725e-11 1.20198e-11 0.0515468)
(-1.40592e-11 1.39104e-11 0.0188236)
(-2.1212e-10 1.91056e-10 0.133458)
(-1.89258e-10 1.73179e-10 0.127314)
(-1.64213e-10 1.51255e-10 0.119292)
(-1.34586e-10 1.24838e-10 0.108738)
(-1.00446e-10 9.39477e-11 0.0947722)
(-6.33891e-11 5.99393e-11 0.0762192)
(-2.7925e-11 2.68952e-11 0.0515468)
(-1.82798e-12 2.0309e-12 0.0188236)
(-5.29279e-10 3.23139e-10 0.190226)
(-4.81033e-10 2.92319e-10 0.181475)
(-4.23838e-10 2.54683e-10 0.170143)
(-3.53683e-10 2.09562e-10 0.155356)
(-2.69746e-10 1.56997e-10 0.135889)
(-1.74862e-10 9.91241e-11 0.110014)
(-7.979e-11 4.27531e-11 0.075283)
(-6.6742e-12 1.50547e-12 0.0282041)
(-7.59661e-10 1.57719e-10 0.218242)
(-6.97925e-10 1.41335e-10 0.208665)
(-6.20643e-10 1.21099e-10 0.196151)
(-5.23591e-10 9.64462e-11 0.17967)
(-4.04539e-10 6.7506e-11 0.157764)
(-2.6594e-10 3.57866e-11 0.128345)
(-1.23546e-10 6.5892e-12 0.0883867)
(-1.07557e-11 -8.44542e-12 0.0334563)
(-7.52576e-10 -1.68263e-10 0.218242)
(-6.90684e-10 -1.57067e-10 0.208665)
(-6.13474e-10 -1.43431e-10 0.196151)
(-5.16478e-10 -1.27076e-10 0.17967)
(-3.96921e-10 -1.07672e-10 0.157764)
(-2.58746e-10 -8.47114e-11 0.128345)
(-1.17123e-10 -5.72878e-11 0.0883867)
(-7.36324e-12 -2.16615e-11 0.0334563)
(-4.99262e-10 -3.52772e-10 0.190226)
(-4.51153e-10 -3.26709e-10 0.181475)
(-3.94514e-10 -2.94917e-10 0.170143)
(-3.24919e-10 -2.56531e-10 0.155356)
(-2.4158e-10 -2.10764e-10 0.135889)
(-1.47814e-10 -1.57206e-10 0.110014)
(-5.73795e-11 -9.68672e-11 0.075283)
(4.35032e-12 -3.04345e-11 0.0282041)
(-1.64782e-10 -2.26003e-10 0.133458)
(-1.4251e-10 -2.1072e-10 0.127314)
(-1.18493e-10 -1.91809e-10 0.119292)
(-9.03318e-11 -1.68485e-10 0.108738)
(-5.80565e-11 -1.39784e-10 0.0947722)
(-2.51227e-11 -1.05354e-10 0.0762192)
(1.6327e-12 -6.55563e-11 0.0515468)
(1.13028e-11 -2.07855e-11 0.0188236)
(-1.11299e-10 1.42414e-10 0.133458)
(-9.75378e-11 1.31639e-10 0.127314)
(-8.24978e-11 1.18197e-10 0.119292)
(-6.47204e-11 1.01564e-10 0.108738)
(-4.44758e-11 8.14056e-11 0.0947722)
(-2.35143e-11 5.80062e-11 0.0762192)
(-5.63519e-12 3.26848e-11 0.0515468)
(3.49336e-12 8.10902e-12 0.0188236)
(-3.06917e-10 2.03236e-10 0.190226)
(-2.78435e-10 1.8553e-10 0.181475)
(-2.4483e-10 1.63801e-10 0.170143)
(-2.03846e-10 1.3755e-10 0.155356)
(-1.54735e-10 1.06605e-10 0.135889)
(-9.98241e-11 7.2071e-11 0.110014)
(-4.49359e-11 3.69746e-11 0.075283)
(-2.33931e-12 6.69056e-12 0.0282041)
(-4.50454e-10 7.37843e-11 0.218242)
(-4.1472e-10 6.40075e-11 0.208665)
(-3.70006e-10 5.21336e-11 0.196151)
(-3.13584e-10 3.81681e-11 0.17967)
(-2.43301e-10 2.25691e-11 0.157764)
(-1.61265e-10 6.9792e-12 0.128345)
(-7.66034e-11 -4.99784e-12 0.0883867)
(-7.45507e-12 -7.27682e-12 0.0334563)
(-4.41627e-10 -1.49164e-10 0.218242)
(-4.05384e-10 -1.42507e-10 0.208665)
(-3.60191e-10 -1.33768e-10 0.196151)
(-3.03249e-10 -1.22217e-10 0.17967)
(-2.3275e-10 -1.06734e-10 0.157764)
(-1.50904e-10 -8.59967e-11 0.128345)
(-6.81039e-11 -5.79449e-11 0.0883867)
(-3.88911e-12 -2.02265e-11 0.0334563)
(-2.82301e-10 -2.72299e-10 0.190226)
(-2.53213e-10 -2.559e-10 0.181475)
(-2.19133e-10 -2.35089e-10 0.170143)
(-1.7761e-10 -2.08649e-10 0.155356)
(-1.28637e-10 -1.75205e-10 0.135889)
(-7.52702e-11 -1.33734e-10 0.110014)
(-2.57057e-11 -8.38018e-11 0.075283)
(5.11046e-12 -2.62566e-11 0.0282041)
(-9.05439e-11 -1.87589e-10 0.133458)
(-7.65906e-11 -1.75773e-10 0.127314)
(-6.12757e-11 -1.60702e-10 0.119292)
(-4.35229e-11 -1.41502e-10 0.108738)
(-2.41238e-11 -1.17346e-10 0.0947722)
(-5.33014e-12 -8.75777e-11 0.0762192)
(8.06369e-12 -5.29007e-11 0.0515468)
(8.7395e-12 -1.55741e-11 0.0188236)
(-9.6935e-11 2.53749e-11 0.133458)
(-8.90557e-11 2.10553e-11 0.127314)
(-7.98951e-11 1.57991e-11 0.119292)
(-6.78375e-11 9.52027e-12 0.108738)
(-5.38636e-11 2.69631e-12 0.0947722)
(-4.10285e-11 -2.97404e-12 0.0762192)
(-2.53685e-11 -6.82678e-12 0.0515468)
(-7.04423e-12 -5.68292e-12 0.0188236)
(-2.21571e-10 4.43387e-11 0.190226)
(-2.07371e-10 3.42685e-11 0.181475)
(-1.88594e-10 2.23828e-11 0.170143)
(-1.62695e-10 8.89106e-12 0.155356)
(-1.30559e-10 -5.42295e-12 0.135889)
(-9.13875e-11 -1.82216e-11 0.110014)
(-5.15925e-11 -2.38149e-11 0.075283)
(-1.13315e-11 -1.54473e-11 0.0282041)
(-3.02823e-10 -5.01801e-11 0.218242)
(-2.8206e-10 -5.51227e-11 0.208665)
(-2.54355e-10 -6.0515e-11 0.196151)
(-2.17197e-10 -6.56921e-11 0.17967)
(-1.70166e-10 -6.9269e-11 0.157764)
(-1.17622e-10 -6.80801e-11 0.128345)
(-5.94487e-11 -5.65289e-11 0.0883867)
(-8.70294e-12 -2.58182e-11 0.0334563)
(-2.85358e-10 -1.97232e-10 0.218242)
(-2.66067e-10 -1.91104e-10 0.208665)
(-2.39652e-10 -1.82545e-10 0.196151)
(-2.0277e-10 -1.70397e-10 0.17967)
(-1.56281e-10 -1.52733e-10 0.157764)
(-9.83949e-11 -1.26117e-10 0.128345)
(-4.20388e-11 -8.67472e-11 0.0883867)
(-1.09625e-12 -3.05357e-11 0.0334563)
(-1.82594e-10 -2.80631e-10 0.190226)
(-1.65267e-10 -2.67734e-10 0.181475)
(-1.43767e-10 -2.51062e-10 0.170143)
(-1.15663e-10 -2.28957e-10 0.155356)
(-8.01789e-11 -1.98837e-10 0.135889)
(-4.14247e-11 -1.57855e-10 0.110014)
(-4.63786e-12 -1.01515e-10 0.075283)
(1.00034e-11 -3.21077e-11 0.0282041)
(-8.61438e-11 -2.15483e-10 0.133458)
(-8.00306e-11 -2.05377e-10 0.127314)
(-7.12697e-11 -1.91853e-10 0.119292)
(-5.61181e-11 -1.72939e-10 0.108738)
(-3.50098e-11 -1.46998e-10 0.0947722)
(-6.61967e-12 -1.10561e-10 0.0762192)
(1.78584e-11 -6.45863e-11 0.0515468)
(1.45516e-11 -1.89919e-11 0.0188236)
(-3.92283e-11 7.4387e-11 0.133458)
(-3.3329e-11 7.03667e-11 0.127314)
(-2.64144e-11 6.5175e-11 0.119292)
(-1.79042e-11 5.84711e-11 0.108738)
(-8.45115e-12 4.98943e-11 0.0947722)
(1.18199e-12 3.8936e-11 0.0762192)
(8.28945e-12 2.52304e-11 0.0515468)
(6.44074e-12 9.05111e-12 0.0188236)
(-1.18338e-10 9.57687e-11 0.190226)
(-1.06374e-10 9.13076e-11 0.181475)
(-9.1592e-11 8.56683e-11 0.170143)
(-7.27118e-11 7.8556e-11 0.155356)
(-5.0377e-11 6.9513e-11 0.135889)
(-2.55747e-11 5.77597e-11 0.110014)
(-2.71905e-12 4.1662e-11 0.075283)
(6.46439e-12 1.77352e-11 0.0282041)
(-1.79926e-10 4.94763e-11 0.218242)
(-1.6524e-10 4.94942e-11 0.208665)
(-1.46084e-10 4.96623e-11 0.196151)
(-1.21285e-10 4.99521e-11 0.17967)
(-9.08394e-11 5.01127e-11 0.157764)
(-5.52961e-11 4.89948e-11 0.128345)
(-1.98052e-11 4.29535e-11 0.0883867)
(1.92252e-12 2.27802e-11 0.0334563)
(-1.85731e-10 -2.14592e-11 0.218242)
(-1.71875e-10 -1.43355e-11 0.208665)
(-1.53731e-10 -5.36971e-12 0.196151)
(-1.30236e-10 5.65162e-12 0.17967)
(-1.0147e-10 1.83937e-11 0.157764)
(-6.71115e-11 3.10282e-11 0.128345)
(-3.14315e-11 3.7852e-11 0.0883867)
(-4.0625e-12 2.47647e-11 0.0334563)
(-1.42337e-10 -4.61767e-11 0.190226)
(-1.32106e-10 -3.61281e-11 0.181475)
(-1.19362e-10 -2.3732e-11 0.170143)
(-1.02963e-10 -8.97715e-12 0.155356)
(-8.34213e-11 7.38245e-12 0.135889)
(-5.9918e-11 2.30024e-11 0.110014)
(-3.4019e-11 3.16471e-11 0.075283)
(-9.09518e-12 2.0825e-11 0.0282041)
(-7.99547e-11 9.81042e-12 0.133458)
(-7.48552e-11 1.55459e-11 0.127314)
(-6.88276e-11 2.25288e-11 0.119292)
(-6.1868e-11 2.99322e-11 0.108738)
(-5.41062e-11 3.67298e-11 0.0947722)
(-4.46704e-11 3.98447e-11 0.0762192)
(-3.19168e-11 3.47467e-11 0.0515468)
(-1.20001e-11 1.67622e-11 0.0188236)
(-1.44211e-11 4.53254e-11 0.133458)
(-1.15054e-11 4.25642e-11 0.127314)
(-8.5681e-12 3.89813e-11 0.119292)
(-5.58642e-12 3.4371e-11 0.108738)
(-2.53025e-12 2.84858e-11 0.0947722)
(8.62432e-14 2.11885e-11 0.0762192)
(1.67747e-12 1.26686e-11 0.0515468)
(1.37697e-12 3.34484e-12 0.0188236)
(-5.41894e-11 6.76261e-11 0.190226)
(-4.79619e-11 6.41014e-11 0.181475)
(-4.10586e-11 5.94187e-11 0.170143)
(-3.30744e-11 5.31883e-11 0.155356)
(-2.36953e-11 4.48823e-11 0.135889)
(-1.4484e-11 3.41175e-11 0.110014)
(-5.71587e-12 2.06448e-11 0.075283)
(5.29663e-13 5.3918e-12 0.0282041)
(-9.27549e-11 3.79485e-11 0.218242)
(-8.45876e-11 3.70145e-11 0.208665)
(-7.47982e-11 3.54878e-11 0.196151)
(-6.30414e-11 3.29854e-11 0.17967)
(-4.8517e-11 2.88546e-11 0.157764)
(-3.19278e-11 2.24029e-11 0.128345)
(-1.51827e-11 1.30362e-11 0.0883867)
(-1.37418e-12 2.18799e-12 0.0334563)
(-9.68664e-11 -1.19041e-11 0.218242)
(-8.89789e-11 -8.95068e-12 0.208665)
(-7.95488e-11 -5.73959e-12 0.196151)
(-6.8171e-11 -2.59749e-12 0.17967)
(-5.35907e-11 -1.31079e-14 0.157764)
(-3.61135e-11 1.08551e-12 0.128345)
(-1.76972e-11 1.59828e-13 0.0883867)
(-1.56304e-12 -1.52973e-12 0.0334563)
(-6.47328e-11 -4.33173e-11 0.190226)
(-5.87604e-11 -3.94166e-11 0.181475)
(-5.21103e-11 -3.5124e-11 0.170143)
(-4.4104e-11 -3.05499e-11 0.155356)
(-3.35204e-11 -2.58263e-11 0.135889)
(-2.10243e-11 -2.11643e-11 0.110014)
(-8.58679e-12 -1.58071e-11 0.075283)
(9.91899e-13 -7.3516e-12 0.0282041)
(-2.45308e-11 -1.99323e-11 0.133458)
(-2.2139e-11 -1.93013e-11 0.127314)
(-1.96424e-11 -1.88098e-11 0.119292)
(-1.63438e-11 -1.83254e-11 0.108738)
(-1.15476e-11 -1.80059e-11 0.0947722)
(-5.67392e-12 -1.61059e-11 0.0762192)
(2.63332e-13 -1.167e-11 0.0515468)
(2.19981e-12 -4.60785e-12 0.0188236)
(-2.7873e-11 -1.20765e-12 0.133458)
(-2.63936e-11 -2.11016e-12 0.127314)
(-2.48399e-11 -3.14941e-12 0.119292)
(-2.26372e-11 -4.28868e-12 0.108738)
(-1.96764e-11 -5.38833e-12 0.0947722)
(-1.57816e-11 -6.10003e-12 0.0762192)
(-1.08322e-11 -5.58293e-12 0.0515468)
(-3.74755e-12 -3.07161e-12 0.0188236)
(-5.62838e-11 1.25288e-11 0.190226)
(-5.30597e-11 9.85679e-12 0.181475)
(-4.92516e-11 6.66374e-12 0.170143)
(-4.37142e-11 2.94885e-12 0.155356)
(-3.64551e-11 -1.12914e-12 0.135889)
(-2.77936e-11 -4.87151e-12 0.110014)
(-1.69701e-11 -6.81339e-12 0.075283)
(-4.49842e-12 -4.61724e-12 0.0282041)
(-7.73077e-11 -3.05064e-12 0.218242)
(-7.3197e-11 -4.23548e-12 0.208665)
(-6.77865e-11 -5.71539e-12 0.196151)
(-5.98753e-11 -7.3975e-12 0.17967)
(-4.89062e-11 -9.14695e-12 0.157764)
(-3.54385e-11 -1.03262e-11 0.128345)
(-1.97151e-11 -9.73976e-12 0.0883867)
(-4.20729e-12 -4.91663e-12 0.0334563)
(-7.93999e-11 -3.62244e-11 0.218242)
(-7.46189e-11 -3.47747e-11 0.208665)
(-6.82181e-11 -3.28268e-11 0.196151)
(-5.88923e-11 -3.01881e-11 0.17967)
(-4.69089e-11 -2.65821e-11 0.157764)
(-3.20177e-11 -2.16251e-11 0.128345)
(-1.63448e-11 -1.45934e-11 0.0883867)
(-2.56208e-12 -4.92795e-12 0.0334563)
(-6.33801e-11 -5.47591e-11 0.190226)
(-5.82095e-11 -5.11757e-11 0.181475)
(-5.20533e-11 -4.66603e-11 0.170143)
(-4.35797e-11 -4.08967e-11 0.155356)
(-3.31871e-11 -3.34706e-11 0.135889)
(-2.16957e-11 -2.40058e-11 0.110014)
(-1.01416e-11 -1.26442e-11 0.075283)
(-1.48064e-12 -1.197e-12 0.0282041)
(-2.7778e-11 -7.41403e-11 0.133458)
(-2.40846e-11 -7.15839e-11 0.127314)
(-1.99057e-11 -6.83274e-11 0.119292)
(-1.41088e-11 -6.38548e-11 0.108738)
(-7.15769e-12 -5.66077e-11 0.0947722)
(6.3132e-13 -4.62723e-11 0.0762192)
(5.74561e-12 -3.008e-11 0.0515468)
(4.49345e-12 -9.39189e-12 0.0188236)
(9.20778e-12 3.20484e-11 0.133458)
(1.14844e-11 3.06496e-11 0.127314)
(1.34428e-11 2.89689e-11 0.119292)
(1.45038e-11 2.69516e-11 0.108738)
(1.49864e-11 2.43776e-11 0.0947722)
(1.44751e-11 2.06457e-11 0.0762192)
(1.2338e-11 1.50113e-11 0.0515468)
(5.37133e-12 6.45902e-12 0.0188236)
(-5.13808e-12 4.92106e-11 0.190226)
(-5.10068e-14 4.81702e-11 0.181475)
(5.04666e-12 4.6834e-11 0.170143)
(8.91139e-12 4.51371e-11 0.155356)
(1.21233e-11 4.2627e-11 0.135889)
(1.40699e-11 3.83212e-11 0.110014)
(1.43427e-11 3.01467e-11 0.075283)
(7.10969e-12 1.42017e-11 0.0282041)
(-2.41763e-11 5.28611e-11 0.218242)
(-1.73956e-11 5.30845e-11 0.208665)
(-1.04424e-11 5.31494e-11 0.196151)
(-4.28434e-12 5.28319e-11 0.17967)
(1.02335e-12 5.15845e-11 0.157764)
(5.62712e-12 4.81782e-11 0.128345)
(8.44893e-12 3.9419e-11 0.0883867)
(4.43133e-12 1.88244e-11 0.0334563)
(-3.28278e-11 4.97587e-11 0.218242)
(-2.73142e-11 5.17396e-11 0.208665)
(-2.17468e-11 5.37409e-11 0.196151)
(-1.72107e-11 5.53691e-11 0.17967)
(-1.2826e-11 5.57989e-11 0.157764)
(-8.61946e-12 5.3319e-11 0.128345)
(-3.72322e-12 4.42647e-11 0.0883867)
(-9.22846e-13 2.10638e-11 0.0334563)
(-3.06079e-11 4.65926e-11 0.190226)
(-2.73404e-11 4.83227e-11 0.181475)
(-2.45847e-11 5.00437e-11 0.170143)
(-2.28701e-11 5.12424e-11 0.155356)
(-2.1193e-11 5.1091e-11 0.135889)
(-1.8773e-11 4.75975e-11 0.110014)
(-1.43349e-11 3.77938e-11 0.075283)
(-5.80008e-12 1.62392e-11 0.0282041)
(-2.41634e-11 5.12799e-11 0.133458)
(-2.3258e-11 5.21085e-11 0.127314)
(-2.26726e-11 5.27516e-11 0.119292)
(-2.32253e-11 5.247e-11 0.108738)
(-2.39877e-11 4.95309e-11 0.0947722)
(-2.51665e-11 4.39124e-11 0.0762192)
(-2.14699e-11 3.25183e-11 0.0515468)
(-9.67245e-12 1.30381e-11 0.0188236)
(3.97692e-11 4.63056e-11 0.133458)
(3.91112e-11 4.51547e-11 0.127314)
(3.75728e-11 4.35114e-11 0.119292)
(3.46687e-11 4.10654e-11 0.108738)
(3.04223e-11 3.72913e-11 0.0947722)
(2.48285e-11 3.12394e-11 0.0762192)
(1.70546e-11 2.18495e-11 0.0515468)
(5.78933e-12 8.32077e-12 0.0188236)
(4.67737e-11 6.61647e-11 0.190226)
(4.55944e-11 6.49878e-11 0.181475)
(4.26553e-11 6.31121e-11 0.170143)
(3.74559e-11 6.00317e-11 0.155356)
(3.09211e-11 5.48617e-11 0.135889)
(2.24994e-11 4.64008e-11 0.110014)
(1.32255e-11 3.26508e-11 0.075283)
(3.75619e-12 1.1989e-11 0.0282041)
(3.25926e-11 6.20398e-11 0.218242)
(3.17406e-11 6.03204e-11 0.208665)
(2.90669e-11 5.77576e-11 0.196151)
(2.38646e-11 5.3863e-11 0.17967)
(1.76931e-11 4.77684e-11 0.157764)
(1.11493e-11 3.8446e-11 0.128345)
(4.55447e-12 2.46257e-11 0.0883867)
(-1.39509e-13 6.82508e-12 0.0334563)
(2.52975e-11 5.9353e-11 0.218242)
(2.39945e-11 5.74447e-11 0.208665)
(2.09724e-11 5.45738e-11 0.196151)
(1.57381e-11 5.01937e-11 0.17967)
(9.9373e-12 4.34915e-11 0.157764)
(3.92467e-12 3.33938e-11 0.128345)
(-8.9864e-13 1.94415e-11 0.0883867)
(-2.03094e-12 3.83814e-12 0.0334563)
(2.66376e-11 5.77256e-11 0.190226)
(2.48889e-11 5.48391e-11 0.181475)
(2.16273e-11 5.08389e-11 0.170143)
(1.63349e-11 4.50608e-11 0.155356)
(1.03296e-11 3.70199e-11 0.135889)
(3.98083e-12 2.57025e-11 0.110014)
(-7.55366e-13 1.13766e-11 0.075283)
(-1.20563e-12 -1.47759e-12 0.0282041)
(2.20237e-11 8.90543e-11 0.133458)
(1.98509e-11 8.62675e-11 0.127314)
(1.64524e-11 8.23551e-11 0.119292)
(1.06789e-11 7.66202e-11 0.108738)
(3.72905e-12 6.75312e-11 0.0947722)
(-5.74831e-12 5.34267e-11 0.0762192)
(-1.21315e-11 3.22219e-11 0.0515468)
(-7.11838e-12 8.74625e-12 0.0188236)
(-5.47619e-11 -1.0947e-11 0.133458)
(-5.30661e-11 -1.36309e-11 0.127314)
(-5.14558e-11 -1.66234e-11 0.119292)
(-4.84393e-11 -1.97759e-11 0.108738)
(-4.35443e-11 -2.26078e-11 0.0947722)
(-3.3998e-11 -2.45772e-11 0.0762192)
(-1.84805e-11 -2.38517e-11 0.0515468)
(-5.83956e-12 -1.17854e-11 0.0188236)
(-6.59377e-11 -2.87441e-11 0.190226)
(-6.42583e-11 -3.14679e-11 0.181475)
(-6.16891e-11 -3.47585e-11 0.170143)
(-5.76666e-11 -3.838e-11 0.155356)
(-5.02828e-11 -4.1959e-11 0.135889)
(-3.49522e-11 -4.45182e-11 0.110014)
(-1.56722e-11 -4.1239e-11 0.075283)
(-4.37218e-12 -2.07151e-11 0.0282041)
(-6.15468e-11 -5.16713e-11 0.218242)
(-5.9981e-11 -5.47991e-11 0.208665)
(-5.80412e-11 -5.84562e-11 0.196151)
(-5.36061e-11 -6.23125e-11 0.17967)
(-4.55167e-11 -6.55182e-11 0.157764)
(-2.96816e-11 -6.57075e-11 0.128345)
(-6.58301e-12 -5.73556e-11 0.0883867)
(8.58665e-13 -2.79588e-11 0.0334563)
(-6.01437e-11 -8.01007e-11 0.218242)
(-5.73892e-11 -8.31731e-11 0.208665)
(-5.27954e-11 -8.64429e-11 0.196151)
(-4.53765e-11 -8.93904e-11 0.17967)
(-3.32948e-11 -9.05225e-11 0.157764)
(-1.10504e-11 -8.61061e-11 0.128345)
(1.08681e-11 -6.96778e-11 0.0883867)
(9.18481e-12 -3.16503e-11 0.0334563)
(-4.22123e-11 -1.12807e-10 0.190226)
(-3.85625e-11 -1.15679e-10 0.181475)
(-3.42767e-11 -1.18326e-10 0.170143)
(-2.72698e-11 -1.19876e-10 0.155356)
(-1.57753e-11 -1.17748e-10 0.135889)
(4.11408e-12 -1.0701e-10 0.110014)
(2.6153e-11 -7.88968e-11 0.075283)
(1.71245e-11 -3.23305e-11 0.0282041)
(-7.34322e-11 -1.32458e-10 0.133458)
(-7.05196e-11 -1.28039e-10 0.127314)
(-6.57492e-11 -1.22079e-10 0.119292)
(-5.64223e-11 -1.13572e-10 0.108738)
(-3.92054e-11 -1.00695e-10 0.0947722)
(-9.48213e-12 -7.81531e-11 0.0762192)
(2.18965e-11 -4.52602e-11 0.0515468)
(1.65391e-11 -1.54913e-11 0.0188236)
(-2.89524e-11 1.70319e-11 0.133458)
(-2.65494e-11 1.54327e-11 0.127314)
(-2.35431e-11 1.34275e-11 0.119292)
(-1.95235e-11 1.10082e-11 0.108738)
(-1.47371e-11 8.22664e-12 0.0947722)
(-8.22807e-12 4.95242e-12 0.0762192)
(-1.22089e-12 1.59589e-12 0.0515468)
(1.10825e-12 2.91173e-13 0.0188236)
(-4.35104e-11 -6.21735e-13 0.190226)
(-4.06186e-11 -8.37415e-13 0.181475)
(-3.68546e-11 -1.08497e-12 0.170143)
(-3.14264e-11 -1.26218e-12 0.155356)
(-2.48785e-11 -1.13496e-12 0.135889)
(-1.53657e-11 -8.06456e-13 0.110014)
(-4.13237e-12 -1.91854e-13 0.075283)
(7.89461e-13 1.20063e-12 0.0282041)
(-4.87422e-11 -1.33725e-11 0.218242)
(-4.57281e-11 -1.27439e-11 0.208665)
(-4.17588e-11 -1.16879e-11 0.196151)
(-3.61236e-11 -9.87548e-12 0.17967)
(-2.89138e-11 -6.88614e-12 0.157764)
(-1.81337e-11 -2.43608e-12 0.128345)
(-5.05034e-12 2.80779e-12 0.0883867)
(5.67727e-13 5.33636e-12 0.0334563)
(-4.71711e-11 -3.60034e-11 0.218242)
(-4.40858e-11 -3.43291e-11 0.208665)
(-4.02547e-11 -3.17194e-11 0.196151)
(-3.48096e-11 -2.76223e-11 0.17967)
(-2.82434e-11 -2.13441e-11 0.157764)
(-1.80927e-11 -1.22767e-11 0.128345)
(-6.23672e-12 -1.2688e-12 0.0883867)
(-7.00294e-13 5.08666e-12 0.0334563)
(-4.88673e-11 -4.66399e-11 0.190226)
(-4.45524e-11 -4.33099e-11 0.181475)
(-3.96712e-11 -3.85704e-11 0.170143)
(-3.35059e-11 -3.18633e-11 0.155356)
(-2.65931e-11 -2.26833e-11 0.135889)
(-1.7507e-11 -1.02881e-11 0.110014)
(-7.58609e-12 3.35142e-12 0.075283)
(-2.43539e-12 9.16603e-12 0.0282041)
(-3.80746e-11 -9.53226e-11 0.133458)
(-3.3727e-11 -8.98234e-11 0.127314)
(-2.87322e-11 -8.30238e-11 0.119292)
(-2.25161e-11 -7.44572e-11 0.108738)
(-1.52205e-11 -6.25204e-11 0.0947722)
(-5.18767e-12 -4.70749e-11 0.0762192)
(3.12142e-12 -2.63785e-11 0.0515468)
(3.3698e-12 -5.80414e-12 0.0188236)
(-1.57688e-11 1.13767e-11 0.133458)
(-1.39471e-11 1.03405e-11 0.127314)
(-1.19746e-11 9.03878e-12 0.119292)
(-9.89718e-12 7.45977e-12 0.108738)
(-7.62885e-12 5.60727e-12 0.0947722)
(-4.71931e-12 3.41935e-12 0.0762192)
(-1.65352e-12 1.23277e-12 0.0515468)
(2.6796e-15 -9.76465e-14 0.0188236)
(-2.39322e-11 1.33562e-11 0.190226)
(-2.10929e-11 1.33269e-11 0.181475)
(-1.80888e-11 1.31038e-11 0.170143)
(-1.47275e-11 1.26181e-11 0.155356)
(-1.07458e-11 1.16376e-11 0.135889)
(-6.08575e-12 9.77365e-12 0.110014)
(-9.94484e-13 6.67689e-12 0.075283)
(1.0736e-12 2.4451e-12 0.0282041)
(-2.80781e-11 1.36778e-11 0.218242)
(-2.51712e-11 1.4798e-11 0.208665)
(-2.19002e-11 1.60263e-11 0.196151)
(-1.83672e-11 1.72094e-11 0.17967)
(-1.4272e-11 1.80463e-11 0.157764)
(-9.01867e-12 1.77345e-11 0.128345)
(-2.49441e-12 1.46303e-11 0.0883867)
(8.984e-13 6.35701e-12 0.0334563)
(-2.75409e-11 1.15107e-11 0.218242)
(-2.52005e-11 1.38088e-11 0.208665)
(-2.25301e-11 1.64359e-11 0.196151)
(-2.00018e-11 1.92037e-11 0.17967)
(-1.69323e-11 2.16434e-11 0.157764)
(-1.24634e-11 2.27087e-11 0.128345)
(-6.71222e-12 1.98888e-11 0.0883867)
(-1.32459e-12 9.39199e-12 0.0334563)
(-2.29034e-11 1.59301e-11 0.190226)
(-2.16665e-11 1.78658e-11 0.181475)
(-2.07855e-11 2.01122e-11 0.170143)
(-2.01285e-11 2.2453e-11 0.155356)
(-1.90808e-11 2.4305e-11 0.135889)
(-1.64126e-11 2.42197e-11 0.110014)
(-1.15334e-11 2.02804e-11 0.075283)
(-3.87849e-12 9.01525e-12 0.0282041)
(-2.04251e-11 2.01101e-11 0.133458)
(-1.99765e-11 2.22778e-11 0.127314)
(-1.96622e-11 2.48185e-11 0.119292)
(-1.97929e-11 2.7303e-11 0.108738)
(-1.99157e-11 2.80523e-11 0.0947722)
(-1.96024e-11 2.74565e-11 0.0762192)
(-1.53896e-11 2.21878e-11 0.0515468)
(-6.46603e-12 9.57329e-12 0.0188236)
(-2.6246e-11 2.23513e-11 0.133458)
(-2.40257e-11 2.03934e-11 0.127314)
(-2.11304e-11 1.79164e-11 0.119292)
(-1.73773e-11 1.48572e-11 0.108738)
(-1.30193e-11 1.12307e-11 0.0947722)
(-7.62109e-12 7.00078e-12 0.0762192)
(-2.06224e-12 2.65928e-12 0.0515468)
(3.97069e-13 9.39242e-14 0.0188236)
(-4.42165e-11 1.67162e-11 0.190226)
(-4.11406e-11 1.55568e-11 0.181475)
(-3.70254e-11 1.38947e-11 0.170143)
(-3.10939e-11 1.15979e-11 0.155356)
(-2.39137e-11 8.59891e-12 0.135889)
(-1.50868e-11 4.85996e-12 0.110014)
(-5.60334e-12 9.3701e-13 0.075283)
(-1.19924e-13 -9.8075e-13 0.0282041)
(-5.55676e-11 1.37717e-11 0.218242)
(-5.20031e-11 1.34697e-11 0.208665)
(-4.66213e-11 1.28976e-11 0.196151)
(-3.92393e-11 1.19055e-11 0.17967)
(-2.99824e-11 1.02885e-11 0.157764)
(-1.83599e-11 7.78613e-12 0.128345)
(-6.32484e-12 4.37578e-12 0.0883867)
(3.59761e-13 9.53564e-13 0.0334563)
(-5.94078e-11 2.60622e-12 0.218242)
(-5.57756e-11 3.12531e-12 0.208665)
(-5.04659e-11 3.6802e-12 0.196151)
(-4.26251e-11 4.19013e-12 0.17967)
(-3.30922e-11 4.46388e-12 0.157764)
(-2.07411e-11 4.17295e-12 0.128345)
(-7.44299e-12 2.99576e-12 0.0883867)
(-4.92442e-14 6.07999e-13 0.0334563)
(-6.12283e-11 -2.00629e-12 0.190226)
(-5.66611e-11 -5.60591e-13 0.181475)
(-5.05856e-11 1.19143e-12 0.170143)
(-4.22746e-11 3.17583e-12 0.155356)
(-3.246e-11 5.21516e-12 0.135889)
(-2.05344e-11 7.28989e-12 0.110014)
(-8.35936e-12 7.90834e-12 0.075283)
(-9.22777e-13 4.65289e-12 0.0282041)
(-3.68941e-11 -3.88644e-11 0.133458)
(-3.32663e-11 -3.67027e-11 0.127314)
(-2.87627e-11 -3.42435e-11 0.119292)
(-2.28897e-11 -3.13162e-11 0.108738)
(-1.58138e-11 -2.66502e-11 0.0947722)
(-6.96882e-12 -2.12768e-11 0.0762192)
(-9.41872e-15 -1.33481e-11 0.0515468)
(2.0874e-12 -4.14521e-12 0.0188236)
(-6.69454e-12 1.90177e-12 0.133458)
(-5.85025e-12 1.50517e-12 0.127314)
(-5.09667e-12 1.01334e-12 0.119292)
(-4.32627e-12 4.54026e-13 0.108738)
(-3.44581e-12 -1.32612e-13 0.0947722)
(-2.64102e-12 -6.40715e-13 0.0762192)
(-1.48366e-12 -8.91636e-13 0.0515468)
(-3.67264e-13 -5.65842e-13 0.0188236)
(-1.32117e-11 1.14518e-11 0.190226)
(-1.15289e-11 1.08511e-11 0.181475)
(-9.93861e-12 1.00572e-11 0.170143)
(-7.83767e-12 9.00503e-12 0.155356)
(-5.62108e-12 7.63887e-12 0.135889)
(-3.17938e-12 5.86945e-12 0.110014)
(-8.12681e-13 3.81939e-12 0.075283)
(5.42827e-13 1.30073e-12 0.0282041)
(-1.56767e-11 1.97704e-11 0.218242)
(-1.38867e-11 1.97055e-11 0.208665)
(-1.18499e-11 1.94675e-11 0.196151)
(-9.48653e-12 1.89019e-11 0.17967)
(-7.06073e-12 1.77639e-11 0.157764)
(-4.55135e-12 1.55018e-11 0.128345)
(-1.47738e-12 1.13492e-11 0.0883867)
(3.90919e-13 4.54161e-12 0.0334563)
(-1.47387e-11 2.80426e-11 0.218242)
(-1.32646e-11 2.86893e-11 0.208665)
(-1.16993e-11 2.91316e-11 0.196151)
(-1.02713e-11 2.9055e-11 0.17967)
(-8.9393e-12 2.7969e-11 0.157764)
(-7.37608e-12 2.51378e-11 0.128345)
(-4.79394e-12 1.92375e-11 0.0883867)
(-1.23905e-12 8.31608e-12 0.0334563)
(-5.16879e-12 3.52948e-11 0.190226)
(-5.37067e-12 3.52818e-11 0.181475)
(-6.24179e-12 3.49355e-11 0.170143)
(-7.47718e-12 3.39231e-11 0.155356)
(-8.83538e-12 3.16997e-11 0.135889)
(-9.41869e-12 2.70558e-11 0.110014)
(-8.57851e-12 1.90713e-11 0.075283)
(-3.24427e-12 6.72312e-12 0.0282041)
(-7.23835e-13 5.77803e-11 0.133458)
(-2.0464e-12 5.70398e-11 0.127314)
(-3.85405e-12 5.60406e-11 0.119292)
(-6.58805e-12 5.42523e-11 0.108738)
(-9.88461e-12 4.98173e-11 0.0947722)
(-1.42472e-11 4.27678e-11 0.0762192)
(-1.4728e-11 2.97482e-11 0.0515468)
(-7.15109e-12 1.08353e-11 0.0188236)
(-2.19934e-11 1.14412e-11 0.133458)
(-2.07815e-11 1.03327e-11 0.127314)
(-1.90047e-11 8.91056e-12 0.119292)
(-1.61173e-11 7.08219e-12 0.108738)
(-1.26281e-11 4.92994e-12 0.0947722)
(-8.42015e-12 2.56171e-12 0.0762192)
(-4.01625e-12 4.09716e-13 0.0515468)
(-6.04622e-13 -6.36551e-13 0.0188236)
(-3.93941e-11 1.09314e-11 0.190226)
(-3.77446e-11 9.54229e-12 0.181475)
(-3.48633e-11 7.75942e-12 0.170143)
(-2.99776e-11 5.50525e-12 0.155356)
(-2.34645e-11 2.81599e-12 0.135889)
(-1.5949e-11 -5.24925e-14 0.110014)
(-7.98607e-12 -2.3171e-12 0.075283)
(-1.4494e-12 -2.23519e-12 0.0282041)
(-4.78999e-11 1.49639e-11 0.218242)
(-4.58049e-11 1.39449e-11 0.208665)
(-4.19542e-11 1.2588e-11 0.196151)
(-3.58429e-11 1.08035e-11 0.17967)
(-2.78457e-11 8.49269e-12 0.157764)
(-1.81946e-11 5.64191e-12 0.128345)
(-8.07001e-12 2.52311e-12 0.0883867)
(-6.22367e-13 -8.79411e-15 0.0334563)
(-5.13688e-11 1.49491e-11 0.218242)
(-4.95037e-11 1.44606e-11 0.208665)
(-4.56972e-11 1.37852e-11 0.196151)
(-3.91927e-11 1.28465e-11 0.17967)
(-3.08049e-11 1.14802e-11 0.157764)
(-2.03957e-11 9.29613e-12 0.128345)
(-9.38518e-12 6.10361e-12 0.0883867)
(-1.1623e-12 1.74942e-12 0.0334563)
(-4.86773e-11 1.71273e-11 0.190226)
(-4.6555e-11 1.75309e-11 0.181475)
(-4.28538e-11 1.78813e-11 0.170143)
(-3.68373e-11 1.79846e-11 0.155356)
(-2.94453e-11 1.74854e-11 0.135889)
(-2.0639e-11 1.60619e-11 0.110014)
(-1.087e-11 1.22815e-11 0.075283)
(-2.41941e-12 4.92725e-12 0.0282041)
(-2.75164e-11 1.59723e-11 0.133458)
(-2.60843e-11 1.58036e-11 0.127314)
(-2.40059e-11 1.53222e-11 0.119292)
(-2.10481e-11 1.43613e-11 0.108738)
(-1.73638e-11 1.35948e-11 0.0947722)
(-1.29661e-11 1.07882e-11 0.0762192)
(-9.14092e-12 6.70417e-12 0.0515468)
(-2.96837e-12 2.43333e-12 0.0188236)
(-1.79902e-11 -8.44337e-12 0.133458)
(-1.75305e-11 -8.60047e-12 0.127314)
(-1.66056e-11 -8.81022e-12 0.119292)
(-1.47942e-11 -8.97398e-12 0.108738)
(-1.24202e-11 -8.93561e-12 0.0947722)
(-9.24639e-12 -8.4121e-12 0.0762192)
(-5.27717e-12 -6.77156e-12 0.0515468)
(-1.63114e-12 -2.79921e-12 0.0188236)
(-2.87373e-11 4.42444e-12 0.190226)
(-2.79512e-11 3.30005e-12 0.181475)
(-2.60358e-11 1.97138e-12 0.170143)
(-2.22173e-11 5.04534e-13 0.155356)
(-1.71851e-11 -9.68907e-13 0.135889)
(-1.06188e-11 -2.3895e-12 0.110014)
(-3.59322e-12 -2.95428e-12 0.075283)
(-1.84926e-13 -1.44047e-12 0.0282041)
(-3.02609e-11 2.5104e-11 0.218242)
(-2.89166e-11 2.40273e-11 0.208665)
(-2.58077e-11 2.26522e-11 0.196151)
(-2.07435e-11 2.07901e-11 0.17967)
(-1.4847e-11 1.83096e-11 0.157764)
(-7.99571e-12 1.47704e-11 0.128345)
(-1.21734e-12 9.65261e-12 0.0883867)
(5.91563e-13 3.20057e-12 0.0334563)
(-2.84186e-11 5.71142e-11 0.218242)
(-2.77724e-11 5.69734e-11 0.208665)
(-2.54878e-11 5.61551e-11 0.196151)
(-2.14991e-11 5.41444e-11 0.17967)
(-1.68373e-11 5.00852e-11 0.157764)
(-1.13419e-11 4.28374e-11 0.128345)
(-5.21565e-12 3.06526e-11 0.0883867)
(-1.27089e-12 1.17097e-11 0.0334563)
(-9.51748e-12 8.10082e-11 0.190226)
(-1.23598e-11 7.98503e-11 0.181475)
(-1.50042e-11 7.75895e-11 0.170143)
(-1.66112e-11 7.33846e-11 0.155356)
(-1.77109e-11 6.6125e-11 0.135889)
(-1.68855e-11 5.3957e-11 0.110014)
(-1.29452e-11 3.47696e-11 0.075283)
(-4.60203e-12 9.13546e-12 0.0282041)
(-2.02485e-12 1.67531e-10 0.133458)
(-5.64841e-12 1.62118e-10 0.127314)
(-9.79547e-12 1.55159e-10 0.119292)
(-1.50881e-11 1.45686e-10 0.108738)
(-2.1081e-11 1.3106e-10 0.0947722)
(-2.88421e-11 1.08145e-10 0.0762192)
(-3.12579e-11 7.14301e-11 0.0515468)
(-1.55047e-11 2.42184e-11 0.0188236)
(1.7793e-11 -1.74915e-13 0.133458)
(1.7813e-11 2.39567e-13 0.127314)
(1.75389e-11 7.86543e-13 0.119292)
(1.66016e-11 1.49394e-12 0.108738)
(1.47011e-11 2.4484e-12 0.0947722)
(1.10169e-11 3.55438e-12 0.0762192)
(6.44691e-12 4.0138e-12 0.0515468)
(2.15992e-12 2.24582e-12 0.0188236)
(1.18622e-11 -1.53488e-11 0.190226)
(1.24357e-11 -1.50774e-11 0.181475)
(1.26917e-11 -1.46571e-11 0.170143)
(1.17142e-11 -1.39013e-11 0.155356)
(1.01012e-11 -1.26827e-11 0.135889)
(7.2835e-12 -1.04709e-11 0.110014)
(3.00696e-12 -6.81207e-12 0.075283)
(4.67259e-13 -2.3149e-12 0.0282041)
(8.79998e-12 -3.10764e-11 0.218242)
(9.53511e-12 -3.20299e-11 0.208665)
(1.00134e-11 -3.30021e-11 0.196151)
(9.51116e-12 -3.37962e-11 0.17967)
(8.2955e-12 -3.38106e-11 0.157764)
(5.9909e-12 -3.1952e-11 0.128345)
(2.50299e-12 -2.57274e-11 0.0883867)
(4.98741e-13 -1.15352e-11 0.0334563)
(1.08798e-11 -4.91338e-11 0.218242)
(1.24219e-11 -5.13607e-11 0.208665)
(1.38557e-11 -5.38625e-11 0.196151)
(1.42636e-11 -5.63308e-11 0.17967)
(1.44382e-11 -5.78574e-11 0.157764)
(1.33092e-11 -5.64939e-11 0.128345)
(1.07634e-11 -4.72654e-11 0.0883867)
(4.79279e-12 -2.21988e-11 0.0334563)
(1.41413e-11 -6.82753e-11 0.190226)
(1.61162e-11 -6.99676e-11 0.181475)
(1.80162e-11 -7.16813e-11 0.170143)
(1.97672e-11 -7.31026e-11 0.155356)
(2.20427e-11 -7.32751e-11 0.135889)
(2.44474e-11 -6.83008e-11 0.110014)
(2.41915e-11 -5.31859e-11 0.075283)
(1.14556e-11 -2.25354e-11 0.0282041)
(1.72523e-11 -1.03541e-10 0.133458)
(1.8973e-11 -1.02277e-10 0.127314)
(2.03339e-11 -1.0058e-10 0.119292)
(2.06373e-11 -9.79711e-11 0.108738)
(2.34523e-11 -9.16979e-11 0.0947722)
(3.13133e-11 -7.86252e-11 0.0762192)
(3.31681e-11 -5.5373e-11 0.0515468)
(1.63998e-11 -2.16256e-11 0.0188236)
(1.23332e-11 3.95492e-11 0.133458)
(1.22675e-11 3.83467e-11 0.127314)
(1.2466e-11 3.65899e-11 0.119292)
(1.29858e-11 3.39906e-11 0.108738)
(1.32258e-11 3.02022e-11 0.0947722)
(1.30605e-11 2.45953e-11 0.0762192)
(1.11289e-11 1.66155e-11 0.0515468)
(4.77e-12 6.18601e-12 0.0188236)
(9.38727e-12 5.8089e-11 0.190226)
(9.02766e-12 5.75863e-11 0.181475)
(8.93993e-12 5.65839e-11 0.170143)
(9.85899e-12 5.46996e-11 0.155356)
(1.07443e-11 5.12953e-11 0.135889)
(1.17402e-11 4.507e-11 0.110014)
(1.12372e-11 3.39938e-11 0.075283)
(5.45918e-12 1.45874e-11 0.0282041)
(-4.34954e-12 7.53608e-11 0.218242)
(-4.83534e-12 7.52066e-11 0.208665)
(-5.00587e-12 7.47492e-11 0.196151)
(-3.72364e-12 7.36493e-11 0.17967)
(-2.01407e-12 7.12017e-11 0.157764)
(7.26902e-13 6.5742e-11 0.128345)
(3.56947e-12 5.32183e-11 0.0883867)
(1.96551e-12 2.51666e-11 0.0334563)
(-2.2897e-11 9.91711e-11 0.218242)
(-2.44213e-11 9.92792e-11 0.208665)
(-2.53043e-11 9.9073e-11 0.196151)
(-2.46984e-11 9.8178e-11 0.17967)
(-2.32222e-11 9.56242e-11 0.157764)
(-1.95311e-11 8.90486e-11 0.128345)
(-1.32988e-11 7.30714e-11 0.0883867)
(-5.49093e-12 3.51776e-11 0.0334563)
(-4.45344e-11 1.29196e-10 0.190226)
(-4.71123e-11 1.28815e-10 0.181475)
(-4.92607e-11 1.27666e-10 0.170143)
(-5.00195e-11 1.2499e-10 0.155356)
(-4.9818e-11 1.19267e-10 0.135889)
(-4.62962e-11 1.07277e-10 0.110014)
(-3.61742e-11 8.30086e-11 0.075283)
(-1.57303e-11 3.55786e-11 0.0282041)
(-6.72516e-11 1.90112e-10 0.133458)
(-6.96208e-11 1.86287e-10 0.127314)
(-7.16275e-11 1.8102e-10 0.119292)
(-7.30298e-11 1.73198e-10 0.108738)
(-7.34343e-11 1.59855e-10 0.0947722)
(-7.15942e-11 1.37406e-10 0.0762192)
(-5.98489e-11 9.83358e-11 0.0515468)
(-2.66423e-11 3.81073e-11 0.0188236)
(-8.69879e-12 3.38277e-12 0.133458)
(-7.81847e-12 2.02935e-12 0.127314)
(-6.83266e-12 4.22482e-13 0.119292)
(-5.80643e-12 -1.35768e-12 0.108738)
(-4.8739e-12 -3.12735e-12 0.0947722)
(-3.43119e-12 -4.65568e-12 0.0762192)
(-1.7331e-12 -5.13814e-12 0.0515468)
(-7.70842e-13 -2.81117e-12 0.0188236)
(-6.69722e-12 1.30667e-11 0.190226)
(-5.22647e-12 1.13036e-11 0.181475)
(-3.56079e-12 9.0169e-12 0.170143)
(-1.96077e-12 6.12344e-12 0.155356)
(-7.27514e-13 2.61288e-12 0.135889)
(5.69666e-13 -1.39567e-12 0.110014)
(1.74298e-12 -4.81724e-12 0.075283)
(4.23418e-13 -4.17662e-12 0.0282041)
(-8.00068e-12 2.4805e-11 0.218242)
(-5.66878e-12 2.27506e-11 0.208665)
(-3.10341e-12 1.99487e-11 0.196151)
(-6.94565e-13 1.60384e-11 0.17967)
(1.32435e-12 1.07697e-11 0.157764)
(3.3061e-12 3.94827e-12 0.128345)
(4.35114e-12 -3.33343e-12 0.0883867)
(1.60708e-12 -5.82952e-12 0.0334563)
(-1.0298e-11 2.91714e-11 0.218242)
(-7.8188e-12 2.64036e-11 0.208665)
(-4.94386e-12 2.26065e-11 0.196151)
(-2.35221e-12 1.7347e-11 0.17967)
(2.512e-13 1.02217e-11 0.157764)
(2.97525e-12 1.3619e-12 0.128345)
(5.64008e-12 -7.49301e-12 0.0883867)
(3.57193e-12 -9.55242e-12 0.0334563)
(-1.09072e-11 2.51704e-11 0.190226)
(-7.9898e-12 2.18671e-11 0.181475)
(-4.74147e-12 1.74501e-11 0.170143)
(-1.13952e-12 1.15812e-11 0.155356)
(2.58998e-12 4.04966e-12 0.135889)
(7.08686e-12 -4.48051e-12 0.110014)
(1.01511e-11 -1.17715e-11 0.075283)
(6.60966e-12 -1.08095e-11 0.0282041)
(4.35283e-12 2.92544e-12 0.133458)
(5.87702e-12 9.86697e-13 0.127314)
(7.41735e-12 -1.60143e-12 0.119292)
(8.99971e-12 -4.94466e-12 0.108738)
(1.08259e-11 -8.82786e-12 0.0947722)
(1.27111e-11 -1.24055e-11 0.0762192)
(1.2779e-11 -1.37806e-11 0.0515468)
(7.27239e-12 -8.76177e-12 0.0188236)
(2.14982e-12 1.59079e-11 0.133458)
(2.55264e-12 1.48136e-11 0.127314)
(3.10959e-12 1.34334e-11 0.119292)
(3.68694e-12 1.17154e-11 0.108738)
(3.9701e-12 9.67523e-12 0.0947722)
(4.72138e-12 7.12397e-12 0.0762192)
(5.23018e-12 3.99167e-12 0.0515468)
(2.27475e-12 1.4401e-12 0.0188236)
(3.11892e-12 6.85274e-13 0.190226)
(3.37781e-12 3.7125e-14 0.181475)
(3.60752e-12 -7.58649e-13 0.170143)
(3.8235e-12 -1.64907e-12 0.155356)
(3.95069e-12 -2.50408e-12 0.135889)
(4.36323e-12 -3.23973e-12 0.110014)
(4.69952e-12 -3.3634e-12 0.075283)
(1.7086e-12 -1.38629e-12 0.0282041)
(4.92822e-12 -7.92088e-12 0.218242)
(5.46852e-12 -9.39959e-12 0.208665)
(6.05967e-12 -1.10692e-11 0.196151)
(6.84269e-12 -1.27663e-11 0.17967)
(6.9692e-12 -1.4188e-11 0.157764)
(7.53313e-12 -1.45731e-11 0.128345)
(7.61703e-12 -1.24614e-11 0.0883867)
(2.49084e-12 -5.38419e-12 0.0334563)
(9.1352e-12 -1.72406e-11 0.218242)
(1.00255e-11 -1.92505e-11 0.208665)
(1.13366e-11 -2.14546e-11 0.196151)
(1.25498e-11 -2.36157e-11 0.17967)
(1.31288e-11 -2.51349e-11 0.157764)
(1.36409e-11 -2.47859e-11 0.128345)
(1.26498e-11 -2.0294e-11 0.0883867)
(4.61814e-12 -8.93347e-12 0.0334563)
(1.62531e-11 -2.87887e-11 0.190226)
(1.74367e-11 -3.06389e-11 0.181475)
(1.89134e-11 -3.23601e-11 0.170143)
(2.04926e-11 -3.35627e-11 0.155356)
(2.11743e-11 -3.35801e-11 0.135889)
(2.12073e-11 -3.09401e-11 0.110014)
(1.8113e-11 -2.37142e-11 0.075283)
(7.01589e-12 -1.02178e-11 0.0282041)
(1.43901e-11 -3.78033e-11 0.133458)
(1.50817e-11 -3.66629e-11 0.127314)
(1.62197e-11 -3.49836e-11 0.119292)
(1.73166e-11 -3.25377e-11 0.108738)
(1.77192e-11 -2.89814e-11 0.0947722)
(1.73108e-11 -2.35092e-11 0.0762192)
(1.45795e-11 -1.55875e-11 0.0515468)
(5.83092e-12 -5.83484e-12 0.0188236)
(1.35565e-12 7.30306e-12 0.133458)
(1.44701e-12 6.85135e-12 0.127314)
(1.39812e-12 6.23664e-12 0.119292)
(1.25853e-12 5.42004e-12 0.108738)
(1.13357e-12 4.3562e-12 0.0947722)
(1.20254e-12 2.97829e-12 0.0762192)
(1.41701e-12 1.362e-12 0.0515468)
(5.09306e-13 2.86151e-13 0.0188236)
(6.36083e-12 1.1635e-11 0.190226)
(6.14318e-12 1.14744e-11 0.181475)
(5.61167e-12 1.11898e-11 0.170143)
(4.9207e-12 1.07505e-11 0.155356)
(3.84715e-12 9.97539e-12 0.135889)
(3.21815e-12 8.55529e-12 0.110014)
(3.12752e-12 6.1532e-12 0.075283)
(1.2279e-12 2.59741e-12 0.0282041)
(7.40562e-12 1.44569e-11 0.218242)
(7.27999e-12 1.42322e-11 0.208665)
(6.88493e-12 1.39683e-11 0.196151)
(5.85036e-12 1.36008e-11 0.17967)
(4.43129e-12 1.31167e-11 0.157764)
(3.08311e-12 1.22157e-11 0.128345)
(2.5322e-12 9.98061e-12 0.0883867)
(6.63494e-13 4.79128e-12 0.0334563)
(9.06895e-12 1.45616e-11 0.218242)
(8.69838e-12 1.44195e-11 0.208665)
(7.50325e-12 1.42685e-11 0.196151)
(5.41089e-12 1.40442e-11 0.17967)
(2.72844e-12 1.37256e-11 0.157764)
(2.74194e-13 1.31756e-11 0.128345)
(-9.66343e-13 1.14614e-11 0.0883867)
(-1.18653e-12 5.91802e-12 0.0334563)
(6.7409e-12 1.46382e-11 0.190226)
(6.02011e-12 1.46006e-11 0.181475)
(4.22082e-12 1.4527e-11 0.170143)
(1.68007e-12 1.44052e-11 0.155356)
(-1.25313e-12 1.41236e-11 0.135889)
(-3.4578e-12 1.35962e-11 0.110014)
(-4.62384e-12 1.16983e-11 0.075283)
(-2.83145e-12 5.99444e-12 0.0282041)
(1.30308e-12 1.09861e-11 0.133458)
(8.51772e-13 1.10537e-11 0.127314)
(-2.13838e-13 1.10456e-11 0.119292)
(-1.97882e-12 1.08565e-11 0.108738)
(-3.71437e-12 1.04082e-11 0.0947722)
(-5.13119e-12 9.45508e-12 0.0762192)
(-5.38656e-12 7.38431e-12 0.0515468)
(-2.82649e-12 3.40334e-12 0.0188236)
(-8.87255e-12 1.65727e-11 0.133458)
(-8.15888e-12 1.52471e-11 0.127314)
(-7.13903e-12 1.35657e-11 0.119292)
(-5.72116e-12 1.1469e-11 0.108738)
(-4.16672e-12 8.96515e-12 0.0947722)
(-2.19787e-12 6.00031e-12 0.0762192)
(-1.75721e-13 2.83236e-12 0.0515468)
(3.89353e-13 4.01001e-13 0.0188236)
(-1.40227e-11 6.34723e-12 0.190226)
(-1.34537e-11 5.62334e-12 0.181475)
(-1.23342e-11 4.60351e-12 0.170143)
(-1.06465e-11 3.24617e-12 0.155356)
(-8.40425e-12 1.50886e-12 0.135889)
(-5.51511e-12 -4.68298e-13 0.110014)
(-2.21784e-12 -2.09102e-12 0.075283)
(-1.61488e-13 -1.91661e-12 0.0282041)
(-1.59381e-11 -1.34489e-12 0.218242)
(-1.55029e-11 -1.98953e-12 0.208665)
(-1.42964e-11 -2.80444e-12 0.196151)
(-1.22455e-11 -3.73687e-12 0.17967)
(-9.57967e-12 -4.7206e-12 0.157764)
(-5.56599e-12 -5.55267e-12 0.128345)
(-1.53059e-12 -5.69448e-12 0.0883867)
(4.25097e-13 -3.31285e-12 0.0334563)
(-1.36845e-11 -1.02937e-11 0.218242)
(-1.3272e-11 -1.061e-11 0.208665)
(-1.18873e-11 -1.08927e-11 0.196151)
(-9.46049e-12 -1.11171e-11 0.17967)
(-6.66556e-12 -1.10779e-11 0.157764)
(-2.74981e-12 -1.05353e-11 0.128345)
(9.78717e-13 -8.84338e-12 0.0883867)
(1.53614e-12 -4.47344e-12 0.0334563)
(-9.72095e-12 -1.60239e-11 0.190226)
(-8.89333e-12 -1.58188e-11 0.181475)
(-7.38159e-12 -1.54165e-11 0.170143)
(-5.20236e-12 -1.46902e-11 0.155356)
(-2.5912e-12 -1.3492e-11 0.135889)
(6.08644e-13 -1.155e-11 0.110014)
(3.33287e-12 -8.59206e-12 0.075283)
(2.41654e-12 -4.02288e-12 0.0282041)
(-5.56527e-12 -1.68077e-11 0.133458)
(-4.88935e-12 -1.57419e-11 0.127314)
(-3.64813e-12 -1.43837e-11 0.119292)
(-2.02957e-12 -1.27083e-11 0.108738)
(-2.55333e-13 -1.06848e-11 0.0947722)
(1.53573e-12 -8.17966e-12 0.0762192)
(2.70649e-12 -5.19109e-12 0.0515468)
(1.65369e-12 -1.86189e-12 0.0188236)
(-5.71413e-12 1.32213e-12 0.133458)
(-5.41068e-12 1.05741e-12 0.127314)
(-5.08369e-12 7.01868e-13 0.119292)
(-4.65898e-12 2.59931e-13 0.108738)
(-4.0404e-12 -2.278e-13 0.0947722)
(-3.06493e-12 -7.21657e-13 0.0762192)
(-1.82275e-12 -9.85477e-13 0.0515468)
(-6.80484e-13 -6.27668e-13 0.0188236)
(-5.51449e-12 1.18411e-11 0.190226)
(-5.2968e-12 1.13686e-11 0.181475)
(-5.06813e-12 1.07376e-11 0.170143)
(-4.43557e-12 9.89765e-12 0.155356)
(-3.63178e-12 8.75281e-12 0.135889)
(-2.39698e-12 7.1485e-12 0.110014)
(-7.45621e-13 4.96905e-12 0.075283)
(4.25468e-14 1.97015e-12 0.0282041)
(-5.97373e-12 2.09757e-11 0.218242)
(-5.54747e-12 2.09409e-11 0.208665)
(-5.10298e-12 2.07622e-11 0.196151)
(-4.46227e-12 2.03088e-11 0.17967)
(-3.61199e-12 1.93928e-11 0.157764)
(-2.66234e-12 1.74626e-11 0.128345)
(-1.6962e-12 1.35001e-11 0.0883867)
(-4.88344e-13 5.87052e-12 0.0334563)
(-5.55785e-12 2.68786e-11 0.218242)
(-5.58998e-12 2.74023e-11 0.208665)
(-5.94085e-12 2.7783e-11 0.196151)
(-6.40282e-12 2.77413e-11 0.17967)
(-7.00446e-12 2.68819e-11 0.157764)
(-7.2634e-12 2.45349e-11 0.128345)
(-6.16733e-12 1.93265e-11 0.0883867)
(-2.72008e-12 8.72568e-12 0.0334563)
(-6.61755e-12 3.08454e-11 0.190226)
(-7.22305e-12 3.12886e-11 0.181475)
(-8.71567e-12 3.14408e-11 0.170143)
(-1.04691e-11 3.09783e-11 0.155356)
(-1.16964e-11 2.95452e-11 0.135889)
(-1.24155e-11 2.63992e-11 0.110014)
(-1.11554e-11 2.0145e-11 0.075283)
(-4.85045e-12 8.86123e-12 0.0282041)
(-3.03808e-12 2.95929e-11 0.133458)
(-3.7462e-12 2.8471e-11 0.127314)
(-5.214e-12 2.69165e-11 0.119292)
(-7.18057e-12 2.47311e-11 0.108738)
(-8.73458e-12 2.1763e-11 0.0947722)
(-1.00039e-11 1.75691e-11 0.0762192)
(-9.66759e-12 1.17985e-11 0.0515468)
(-4.37311e-12 4.68217e-12 0.0188236)
(-5.87228e-12 5.33552e-12 0.133458)
(-5.52582e-12 4.75837e-12 0.127314)
(-4.99623e-12 4.03506e-12 0.119292)
(-4.23803e-12 3.15343e-12 0.108738)
(-3.36175e-12 2.16015e-12 0.0947722)
(-2.24215e-12 1.13463e-12 0.0762192)
(-1.17856e-12 2.85062e-13 0.0515468)
(-2.35351e-13 -2.92945e-13 0.0188236)
(-1.20153e-11 -4.27626e-12 0.190226)
(-1.17408e-11 -4.90469e-12 0.181475)
(-1.10746e-11 -5.67998e-12 0.170143)
(-9.85044e-12 -6.56955e-12 0.155356)
(-8.20978e-12 -7.43001e-12 0.135889)
(-6.57255e-12 -7.9054e-12 0.110014)
(-4.20852e-12 -7.221e-12 0.075283)
(-1.18875e-12 -3.86964e-12 0.0282041)
(-1.27458e-11 -1.04684e-11 0.218242)
(-1.24533e-11 -1.11862e-11 0.208665)
(-1.16182e-11 -1.20566e-11 0.196151)
(-1.00749e-11 -1.3007e-11 0.17967)
(-7.87144e-12 -1.38545e-11 0.157764)
(-5.25999e-12 -1.41156e-11 0.128345)
(-2.53946e-12 -1.27035e-11 0.0883867)
(-2.11444e-13 -6.67014e-12 0.0334563)
(-9.27391e-12 -1.64061e-11 0.218242)
(-8.83226e-12 -1.69519e-11 0.208665)
(-7.75354e-12 -1.7541e-11 0.196151)
(-5.65209e-12 -1.81305e-11 0.17967)
(-3.07219e-12 -1.85227e-11 0.157764)
(-3.28258e-13 -1.83029e-11 0.128345)
(1.78622e-12 -1.59359e-11 0.0883867)
(1.84413e-12 -8.2138e-12 0.0334563)
(-2.25766e-12 -2.14767e-11 0.190226)
(-1.54348e-12 -2.16349e-11 0.181475)
(-2.95063e-13 -2.17234e-11 0.170143)
(1.56474e-12 -2.16118e-11 0.155356)
(3.83648e-12 -2.1057e-11 0.135889)
(5.77603e-12 -1.95363e-11 0.110014)
(6.44649e-12 -1.58644e-11 0.075283)
(3.77728e-12 -7.74218e-12 0.0282041)
(5.58192e-12 -2.02439e-11 0.133458)
(5.8541e-12 -1.98474e-11 0.127314)
(6.58324e-12 -1.92249e-11 0.119292)
(7.59662e-12 -1.82551e-11 0.108738)
(8.5085e-12 -1.67681e-11 0.0947722)
(8.88892e-12 -1.43419e-11 0.0762192)
(7.7815e-12 -1.05054e-11 0.0515468)
(3.58022e-12 -4.3763e-12 0.0188236)
(-3.336e-12 -8.93354e-12 0.133458)
(-3.5188e-12 -8.50755e-12 0.127314)
(-3.78215e-12 -7.98161e-12 0.119292)
(-3.8953e-12 -7.33283e-12 0.108738)
(-3.91343e-12 -6.47243e-12 0.0947722)
(-3.88905e-12 -5.24269e-12 0.0762192)
(-3.21041e-12 -3.57101e-12 0.0515468)
(-1.38424e-12 -1.39325e-12 0.0188236)
(-3.56174e-12 1.20942e-12 0.190226)
(-3.68531e-12 1.05782e-12 0.181475)
(-3.85022e-12 9.12706e-13 0.170143)
(-3.6916e-12 8.12524e-13 0.155356)
(-3.4091e-12 7.76315e-13 0.135889)
(-3.17041e-12 9.1431e-13 0.110014)
(-2.58152e-12 1.12372e-12 0.075283)
(-9.90964e-13 6.80265e-13 0.0282041)
(-2.11826e-12 1.18057e-11 0.218242)
(-2.03133e-12 1.19674e-11 0.208665)
(-2.03931e-12 1.2159e-11 0.196151)
(-2.0379e-12 1.22832e-11 0.17967)
(-2.08884e-12 1.22724e-11 0.157764)
(-2.1429e-12 1.17819e-11 0.128345)
(-2.1928e-12 1.00351e-11 0.0883867)
(-9.48173e-13 5.05487e-12 0.0334563)
(-9.0133e-13 2.11413e-11 0.218242)
(-1.08899e-12 2.17802e-11 0.208665)
(-1.67299e-12 2.23338e-11 0.196151)
(-2.77034e-12 2.25709e-11 0.17967)
(-3.86372e-12 2.22798e-11 0.157764)
(-5.5603e-12 2.09079e-11 0.128345)
(-6.15015e-12 1.71521e-11 0.0883867)
(-2.86029e-12 8.36668e-12 0.0334563)
(-6.92015e-13 2.7152e-11 0.190226)
(-1.88255e-12 2.77088e-11 0.181475)
(-4.03401e-12 2.79776e-11 0.170143)
(-6.5858e-12 2.77327e-11 0.155356)
(-8.75503e-12 2.66688e-11 0.135889)
(-1.0787e-11 2.40398e-11 0.110014)
(-1.12152e-11 1.85573e-11 0.075283)
(-5.10626e-12 8.63016e-12 0.0282041)
(9.78342e-13 3.00931e-11 0.133458)
(-2.17614e-13 2.87498e-11 0.127314)
(-2.23087e-12 2.69636e-11 0.119292)
(-4.64798e-12 2.45989e-11 0.108738)
(-6.91532e-12 2.14916e-11 0.0947722)
(-9.15549e-12 1.71962e-11 0.0762192)
(-9.71433e-12 1.14913e-11 0.0515468)
(-4.53357e-12 4.58434e-12 0.0188236)
(-1.47238e-11 -5.45293e-12 0.133458)
(-1.42546e-11 -5.64681e-12 0.127314)
(-1.3392e-11 -5.85835e-12 0.119292)
(-1.18645e-11 -6.046e-12 0.108738)
(-9.966e-12 -6.06258e-12 0.0947722)
(-7.66547e-12 -5.61541e-12 0.0762192)
(-4.82607e-12 -4.40745e-12 0.0515468)
(-1.39722e-12 -2.0473e-12 0.0188236)
(-2.38257e-11 -1.08141e-11 0.190226)
(-2.32337e-11 -1.13066e-11 0.181475)
(-2.17411e-11 -1.18888e-11 0.170143)
(-1.89507e-11 -1.24627e-11 0.155356)
(-1.54811e-11 -1.27655e-11 0.135889)
(-1.11772e-11 -1.2386e-11 0.110014)
(-6.54696e-12 -1.03137e-11 0.075283)
(-1.61503e-12 -5.02332e-12 0.0282041)
(-2.38243e-11 -1.05046e-11 0.218242)
(-2.33753e-11 -1.09349e-11 0.208665)
(-2.17251e-11 -1.14583e-11 0.196151)
(-1.86741e-11 -1.20106e-11 0.17967)
(-1.43757e-11 -1.24268e-11 0.157764)
(-9.5205e-12 -1.22968e-11 0.128345)
(-4.64303e-12 -1.07464e-11 0.0883867)
(-5.68662e-13 -5.6282e-12 0.0334563)
(-2.14061e-11 -9.93649e-12 0.218242)
(-2.0822e-11 -1.00574e-11 0.208665)
(-1.88021e-11 -1.02132e-11 0.196151)
(-1.50193e-11 -1.03995e-11 0.17967)
(-1.07207e-11 -1.0505e-11 0.157764)
(-6.01709e-12 -1.03625e-11 0.128345)
(-1.546e-12 -9.1616e-12 0.0883867)
(8.79371e-13 -5.02599e-12 0.0334563)
(-1.4103e-11 -9.67551e-12 0.190226)
(-1.34901e-11 -9.39495e-12 0.181475)
(-1.20298e-11 -9.10848e-12 0.170143)
(-9.25474e-12 -8.78153e-12 0.155356)
(-5.79735e-12 -8.39757e-12 0.135889)
(-2.16741e-12 -7.85704e-12 0.110014)
(7.30631e-13 -6.7835e-12 0.075283)
(1.51445e-12 -3.6931e-12 0.0282041)
(-4.61477e-12 -3.89248e-12 0.133458)
(-4.44938e-12 -4.04467e-12 0.127314)
(-3.83439e-12 -4.16748e-12 0.119292)
(-2.54143e-12 -4.21759e-12 0.108738)
(-8.52841e-13 -4.16866e-12 0.0947722)
(6.97354e-13 -3.92033e-12 0.0762192)
(1.41782e-12 -3.28992e-12 0.0515468)
(1.09071e-12 -1.47552e-12 0.0188236)
(1.1617e-12 -1.01924e-11 0.133458)
(8.80675e-13 -9.20772e-12 0.127314)
(4.85075e-13 -7.99221e-12 0.119292)
(1.00749e-13 -6.53089e-12 0.108738)
(-1.59593e-13 -4.84277e-12 0.0947722)
(-4.02955e-13 -2.92701e-12 0.0762192)
(-8.17249e-13 -9.33657e-13 0.0515468)
(-3.75228e-13 7.65901e-14 0.0188236)
(-4.18391e-13 3.75496e-13 0.190226)
(-9.89926e-14 6.84419e-13 0.181475)
(7.39688e-14 1.18011e-12 0.170143)
(3.8349e-13 1.92329e-12 0.155356)
(7.93239e-13 2.88164e-12 0.135889)
(6.53204e-13 3.97442e-12 0.110014)
(2.45783e-13 4.65213e-12 0.075283)
(4.72357e-13 2.93759e-12 0.0282041)
(-5.94401e-14 1.25136e-11 0.218242)
(4.01298e-13 1.29624e-11 0.208665)
(6.43494e-13 1.34632e-11 0.196151)
(7.62879e-13 1.39692e-11 0.17967)
(6.26321e-13 1.43824e-11 0.157764)
(-1.16549e-14 1.42182e-11 0.128345)
(-8.65923e-13 1.23425e-11 0.0883867)
(-3.22958e-13 6.25708e-12 0.0334563)
(-2.65355e-13 2.35341e-11 0.218242)
(-1.30379e-13 2.41066e-11 0.208665)
(-4.81236e-13 2.45443e-11 0.196151)
(-1.19916e-12 2.46618e-11 0.17967)
(-2.26838e-12 2.41264e-11 0.157764)
(-4.08626e-12 2.2318e-11 0.128345)
(-5.28379e-12 1.7915e-11 0.0883867)
(-2.33056e-12 8.41947e-12 0.0334563)
(-1.77765e-12 3.1201e-11 0.190226)
(-2.36506e-12 3.14893e-11 0.181475)
(-3.84835e-12 3.14087e-11 0.170143)
(-5.68533e-12 3.06498e-11 0.155356)
(-7.40692e-12 2.88419e-11 0.135889)
(-9.10595e-12 2.53148e-11 0.110014)
(-9.80448e-12 1.88112e-11 0.075283)
(-4.55465e-12 8.16189e-12 0.0282041)
(1.67608e-12 3.24374e-11 0.133458)
(8.03084e-13 3.06974e-11 0.127314)
(-9.45444e-13 2.84443e-11 0.119292)
(-3.06653e-12 2.55188e-11 0.108738)
(-4.94661e-12 2.17963e-11 0.0947722)
(-6.98615e-12 1.69113e-11 0.0762192)
(-7.81055e-12 1.07209e-11 0.0515468)
(-3.60349e-12 3.98134e-12 0.0188236)
(2.56788e-11 2.00372e-11 0.133458)
(2.51745e-11 2.01848e-11 0.127314)
(2.44922e-11 2.02082e-11 0.119292)
(2.32375e-11 1.99327e-11 0.108738)
(2.12949e-11 1.90712e-11 0.0947722)
(1.80171e-11 1.70456e-11 0.0762192)
(1.28763e-11 1.3019e-11 0.0515468)
(4.75441e-12 5.64465e-12 0.0188236)
(2.93159e-11 1.86389e-11 0.190226)
(2.87587e-11 1.90891e-11 0.181475)
(2.76605e-11 1.94984e-11 0.170143)
(2.5349e-11 1.97279e-11 0.155356)
(2.21146e-11 1.94093e-11 0.135889)
(1.7557e-11 1.79295e-11 0.110014)
(1.12988e-11 1.42874e-11 0.075283)
(3.63039e-12 6.36369e-12 0.0282041)
(2.39985e-11 1.28224e-11 0.218242)
(2.36686e-11 1.24406e-11 0.208665)
(2.26564e-11 1.18958e-11 0.196151)
(2.05126e-11 1.11489e-11 0.17967)
(1.7555e-11 1.00096e-11 0.157764)
(1.37624e-11 8.19494e-12 0.128345)
(8.12914e-12 5.43374e-12 0.0883867)
(1.94894e-12 1.62446e-12 0.0334563)
(2.01935e-11 1.09617e-11 0.218242)
(1.98063e-11 9.75575e-12 0.208665)
(1.90206e-11 8.25407e-12 0.196151)
(1.72775e-11 6.34854e-12 0.17967)
(1.50842e-11 4.03514e-12 0.157764)
(1.21313e-11 1.28398e-12 0.128345)
(7.75307e-12 -1.47116e-12 0.0883867)
(2.06358e-12 -2.26585e-12 0.0334563)
(1.61826e-11 5.85174e-12 0.190226)
(1.62799e-11 4.2252e-12 0.181475)
(1.64342e-11 2.24612e-12 0.170143)
(1.60625e-11 -1.3693e-13 0.155356)
(1.50225e-11 -2.85445e-12 0.135889)
(1.28672e-11 -5.68434e-12 0.110014)
(9.54486e-12 -7.48571e-12 0.075283)
(3.69637e-12 -5.37467e-12 0.0282041)
(1.20262e-11 7.65458e-12 0.133458)
(1.17211e-11 6.31939e-12 0.127314)
(1.15408e-11 4.71904e-12 0.119292)
(1.11885e-11 2.81249e-12 0.108738)
(1.04058e-11 6.54152e-13 0.0947722)
(8.96378e-12 -1.45272e-12 0.0762192)
(6.60506e-12 -2.96493e-12 0.0515468)
(2.56502e-12 -2.36292e-12 0.0188236)
(2.69033e-11 6.26793e-12 0.133458)
(2.58266e-11 6.25515e-12 0.127314)
(2.40555e-11 6.22473e-12 0.119292)
(2.11599e-11 6.13668e-12 0.108738)
(1.71869e-11 5.91091e-12 0.0947722)
(1.23627e-11 5.2949e-12 0.0762192)
(7.01571e-12 3.92485e-12 0.0515468)
(1.64665e-12 1.52925e-12 0.0188236)
(4.6483e-11 5.46778e-12 0.190226)
(4.49604e-11 5.86057e-12 0.181475)
(4.18605e-11 6.25839e-12 0.170143)
(3.63191e-11 6.58646e-12 0.155356)
(2.8961e-11 6.62408e-12 0.135889)
(1.97055e-11 6.12261e-12 0.110014)
(1.00298e-11 4.52491e-12 0.075283)
(1.78294e-12 1.72625e-12 0.0282041)
(5.17572e-11 1.12664e-13 0.218242)
(5.04744e-11 -1.78778e-13 0.208665)
(4.72752e-11 -5.66351e-13 0.196151)
(4.11599e-11 -1.06822e-12 0.17967)
(3.30406e-11 -1.7431e-12 0.157764)
(2.26104e-11 -2.42266e-12 0.128345)
(1.12038e-11 -2.82868e-12 0.0883867)
(1.53842e-12 -1.84184e-12 0.0334563)
(5.45139e-11 -3.43884e-12 0.218242)
(5.32518e-11 -4.53523e-12 0.208665)
(4.97869e-11 -5.81434e-12 0.196151)
(4.3331e-11 -7.30881e-12 0.17967)
(3.48194e-11 -8.77278e-12 0.157764)
(2.41989e-11 -9.79121e-12 0.128345)
(1.23234e-11 -9.13793e-12 0.0883867)
(2.13038e-12 -4.771e-12 0.0334563)
(5.21411e-11 -1.09964e-11 0.190226)
(5.11138e-11 -1.2752e-11 0.181475)
(4.82039e-11 -1.46958e-11 0.170143)
(4.27547e-11 -1.6658e-11 0.155356)
(3.54975e-11 -1.81709e-11 0.135889)
(2.62745e-11 -1.84715e-11 0.110014)
(1.54133e-11 -1.58264e-11 0.075283)
(4.23599e-12 -7.58078e-12 0.0282041)
(3.64648e-11 -1.87785e-11 0.133458)
(3.56574e-11 -1.90151e-11 0.127314)
(3.40187e-11 -1.92064e-11 0.119292)
(3.0896e-11 -1.92485e-11 0.108738)
(2.67051e-11 -1.8828e-11 0.0947722)
(2.09797e-11 -1.73055e-11 0.0762192)
(1.35114e-11 -1.35218e-11 0.0515468)
(4.38355e-12 -5.86272e-12 0.0188236)
(-3.34361e-12 -3.18948e-11 0.133458)
(-4.65485e-12 -3.08075e-11 0.127314)
(-6.30849e-12 -2.93122e-11 0.119292)
(-8.13406e-12 -2.71981e-11 0.108738)
(-9.74284e-12 -2.42146e-11 0.0947722)
(-1.06541e-11 -1.99062e-11 0.0762192)
(-9.63114e-12 -1.37649e-11 0.0515468)
(-4.43973e-12 -5.37678e-12 0.0188236)
(4.03632e-12 -3.01998e-11 0.190226)
(1.55977e-12 -3.0383e-11 0.181475)
(-1.46668e-12 -3.03345e-11 0.170143)
(-4.53421e-12 -2.98223e-11 0.155356)
(-7.46552e-12 -2.84605e-11 0.135889)
(-9.28378e-12 -2.55262e-11 0.110014)
(-8.7873e-12 -1.9621e-11 0.075283)
(-4.14673e-12 -8.36719e-12 0.0282041)
(1.105e-11 -3.23136e-11 0.218242)
(8.75405e-12 -3.27398e-11 0.208665)
(5.96945e-12 -3.30107e-11 0.196151)
(2.88022e-12 -3.28328e-11 0.17967)
(-2.01108e-14 -3.17317e-11 0.157764)
(-2.51373e-12 -2.8811e-11 0.128345)
(-3.57846e-12 -2.2445e-11 0.0883867)
(-2.29334e-12 -9.80925e-12 0.0334563)
(1.59635e-11 -3.19551e-11 0.218242)
(1.41562e-11 -3.22673e-11 0.208665)
(1.19346e-11 -3.23571e-11 0.196151)
(9.77557e-12 -3.19058e-11 0.17967)
(7.02704e-12 -3.04379e-11 0.157764)
(4.63469e-12 -2.70606e-11 0.128345)
(2.31209e-12 -2.01986e-11 0.0883867)
(1.41468e-13 -8.14789e-12 0.0334563)
(1.78151e-11 -2.95965e-11 0.190226)
(1.64052e-11 -2.95643e-11 0.181475)
(1.47377e-11 -2.91704e-11 0.170143)
(1.29305e-11 -2.81088e-11 0.155356)
(1.07237e-11 -2.59811e-11 0.135889)
(8.37832e-12 -2.2078e-11 0.110014)
(5.50987e-12 -1.54492e-11 0.075283)
(1.6419e-12 -5.77009e-12 0.0282041)
(8.55774e-12 -1.97573e-11 0.133458)
(8.04873e-12 -1.89085e-11 0.127314)
(7.54333e-12 -1.77159e-11 0.119292)
(7.02137e-12 -1.60413e-11 0.108738)
(6.28187e-12 -1.37512e-11 0.0947722)
(5.40857e-12 -1.05595e-11 0.0762192)
(4.11388e-12 -6.43947e-12 0.0515468)
(1.34504e-12 -2.01927e-12 0.0188236)
(-1.49283e-11 7.03272e-12 0.133458)
(-1.34473e-11 6.21336e-12 0.127314)
(-1.14386e-11 5.26734e-12 0.119292)
(-8.99784e-12 4.226e-12 0.108738)
(-6.29635e-12 3.16743e-12 0.0947722)
(-2.899e-12 1.95054e-12 0.0762192)
(3.16621e-13 7.99627e-13 0.0515468)
(7.37235e-13 4.39375e-13 0.0188236)
(-1.25004e-11 1.79658e-12 0.190226)
(-1.04742e-11 2.43079e-12 0.181475)
(-7.78021e-12 3.14162e-12 0.170143)
(-4.93723e-12 3.93166e-12 0.155356)
(-1.92639e-12 4.75347e-12 0.135889)
(1.31039e-12 5.35045e-12 0.110014)
(3.78756e-12 5.14858e-12 0.075283)
(2.41434e-12 3.22714e-12 0.0282041)
(-5.45513e-12 7.94937e-13 0.218242)
(-3.67282e-12 2.15622e-12 0.208665)
(-1.58672e-12 3.77159e-12 0.196151)
(3.28449e-13 5.63161e-12 0.17967)
(2.03697e-12 7.62756e-12 0.157764)
(3.74119e-12 9.37709e-12 0.128345)
(4.32589e-12 9.63116e-12 0.0883867)
(2.02582e-12 5.73113e-12 0.0334563)
(1.20299e-12 -1.96464e-12 0.218242)
(2.36677e-12 -4.04569e-13 0.208665)
(3.26123e-12 1.46881e-12 0.196151)
(3.51908e-12 3.57884e-12 0.17967)
(3.16019e-12 5.7914e-12 0.157764)
(2.31877e-12 7.71924e-12 0.128345)
(1.62769e-12 8.41799e-12 0.0883867)
(2.72022e-13 5.06297e-12 0.0334563)
(2.69501e-12 -2.87008e-12 0.190226)
(3.42304e-12 -1.6398e-12 0.181475)
(3.47432e-12 -1.14358e-13 0.170143)
(2.56566e-12 1.64803e-12 0.155356)
(1.20434e-12 3.60152e-12 0.135889)
(-9.73168e-15 5.51565e-12 0.110014)
(-1.03433e-12 6.3767e-12 0.075283)
(-9.81228e-13 4.07119e-12 0.0282041)
(7.61109e-13 -1.8021e-11 0.133458)
(1.38293e-12 -1.62517e-11 0.127314)
(1.60202e-12 -1.41555e-11 0.119292)
(1.18744e-12 -1.17413e-11 0.108738)
(8.31971e-13 -8.97516e-12 0.0947722)
(5.18275e-13 -5.89778e-12 0.0762192)
(9.33684e-14 -2.73869e-12 0.0515468)
(-3.10631e-14 -2.00879e-13 0.0188236)
(-1.55965e-11 -1.9654e-11 0.133458)
(-1.53898e-11 -1.91609e-11 0.127314)
(-1.50992e-11 -1.84755e-11 0.119292)
(-1.44275e-11 -1.74863e-11 0.108738)
(-1.32722e-11 -1.59944e-11 0.0947722)
(-1.13569e-11 -1.3681e-11 0.0762192)
(-8.02861e-12 -9.9475e-12 0.0515468)
(-3.08968e-12 -4.09037e-12 0.0188236)
(-2.19668e-11 -1.71932e-11 0.190226)
(-2.19329e-11 -1.72819e-11 0.181475)
(-2.14872e-11 -1.72781e-11 0.170143)
(-2.00381e-11 -1.70329e-11 0.155356)
(-1.76281e-11 -1.64013e-11 0.135889)
(-1.39763e-11 -1.49997e-11 0.110014)
(-8.56008e-12 -1.1907e-11 0.075283)
(-2.83052e-12 -5.28243e-12 0.0282041)
(-2.09964e-11 -1.42261e-11 0.218242)
(-2.08013e-11 -1.39081e-11 0.208665)
(-1.98852e-11 -1.34437e-11 0.196151)
(-1.79296e-11 -1.27792e-11 0.17967)
(-1.51637e-11 -1.18078e-11 0.157764)
(-1.09775e-11 -1.03713e-11 0.128345)
(-5.52791e-12 -8.14901e-12 0.0883867)
(-1.43365e-12 -3.80653e-12 0.0334563)
(-1.8826e-11 -1.14123e-11 0.218242)
(-1.84503e-11 -1.05294e-11 0.208665)
(-1.74092e-11 -9.41063e-12 0.196151)
(-1.52696e-11 -8.02826e-12 0.17967)
(-1.23788e-11 -6.30298e-12 0.157764)
(-8.35065e-12 -4.40281e-12 0.128345)
(-3.83378e-12 -2.53334e-12 0.0883867)
(-8.50638e-13 -9.27617e-13 0.0334563)
(-1.87128e-11 -4.25605e-12 0.190226)
(-1.8157e-11 -3.13976e-12 0.181475)
(-1.71549e-11 -1.74879e-12 0.170143)
(-1.52413e-11 -6.57704e-14 0.155356)
(-1.25463e-11 1.77814e-12 0.135889)
(-8.90653e-12 3.47623e-12 0.110014)
(-4.74361e-12 4.29854e-12 0.075283)
(-1.32881e-12 2.51773e-12 0.0282041)
(-1.67569e-11 -1.02291e-12 0.133458)
(-1.61382e-11 -7.28219e-14 0.127314)
(-1.51373e-11 1.09323e-12 0.119292)
(-1.35514e-11 2.44922e-12 0.108738)
(-1.15054e-11 3.80232e-12 0.0947722)
(-8.83888e-12 4.86857e-12 0.0762192)
(-5.3789e-12 5.09961e-12 0.0515468)
(-1.89451e-12 2.71024e-12 0.0188236)
(-1.62967e-11 2.19523e-11 0.133458)
(-1.42393e-11 2.06451e-11 0.127314)
(-1.1398e-11 1.89704e-11 0.119292)
(-7.78751e-12 1.68339e-11 0.108738)
(-3.96411e-12 1.42e-11 0.0947722)
(2.02082e-13 1.08269e-11 0.0762192)
(3.51798e-12 6.68977e-12 0.0515468)
(2.46762e-12 2.46769e-12 0.0188236)
(-2.1464e-11 2.85214e-11 0.190226)
(-1.8428e-11 2.86224e-11 0.181475)
(-1.42408e-11 2.84775e-11 0.170143)
(-9.16613e-12 2.78792e-11 0.155356)
(-3.62651e-12 2.64734e-11 0.135889)
(1.75724e-12 2.35427e-11 0.110014)
(6.15118e-12 1.78853e-11 0.075283)
(3.99459e-12 7.93461e-12 0.0282041)
(-2.28868e-11 3.73588e-11 0.218242)
(-2.00525e-11 3.84138e-11 0.208665)
(-1.62612e-11 3.9372e-11 0.196151)
(-1.16259e-11 3.98839e-11 0.17967)
(-6.75782e-12 3.93959e-11 0.157764)
(-1.43241e-12 3.66833e-11 0.128345)
(3.0574e-12 2.92872e-11 0.0883867)
(2.71841e-12 1.32729e-11 0.0334563)
(-2.30926e-11 4.29092e-11 0.218242)
(-2.10871e-11 4.43993e-11 0.208665)
(-1.86647e-11 4.57913e-11 0.196151)
(-1.59656e-11 4.66068e-11 0.17967)
(-1.3101e-11 4.60591e-11 0.157764)
(-1.00577e-11 4.27464e-11 0.128345)
(-6.09535e-12 3.3877e-11 0.0883867)
(-1.52008e-12 1.49381e-11 0.0334563)
(-2.35376e-11 4.59807e-11 0.190226)
(-2.27509e-11 4.6913e-11 0.181475)
(-2.22979e-11 4.75189e-11 0.170143)
(-2.17522e-11 4.72873e-11 0.155356)
(-2.04305e-11 4.5537e-11 0.135889)
(-1.78007e-11 4.10247e-11 0.110014)
(-1.35924e-11 3.13764e-11 0.075283)
(-5.26245e-12 1.33967e-11 0.0282041)
(-1.36628e-11 3.67048e-11 0.133458)
(-1.35946e-11 3.57931e-11 0.127314)
(-1.40323e-11 3.4422e-11 0.119292)
(-1.46784e-11 3.22849e-11 0.108738)
(-1.48143e-11 2.90567e-11 0.0947722)
(-1.43528e-11 2.40535e-11 0.0762192)
(-1.19856e-11 1.65847e-11 0.0515468)
(-4.94903e-12 6.50702e-12 0.0188236)
(-1.4809e-11 -1.87806e-11 0.133458)
(-1.4939e-11 -1.83149e-11 0.127314)
(-1.49815e-11 -1.76825e-11 0.119292)
(-1.4546e-11 -1.67917e-11 0.108738)
(-1.36068e-11 -1.54813e-11 0.0947722)
(-1.20084e-11 -1.33231e-11 0.0762192)
(-9.15818e-12 -9.72572e-12 0.0515468)
(-3.66931e-12 -4.15898e-12 0.0188236)
(-2.1529e-11 -1.37643e-11 0.190226)
(-2.17301e-11 -1.45966e-11 0.181475)
(-2.16277e-11 -1.54834e-11 0.170143)
(-2.05001e-11 -1.63341e-11 0.155356)
(-1.83816e-11 -1.69962e-11 0.135889)
(-1.53721e-11 -1.68653e-11 0.110014)
(-1.07933e-11 -1.45804e-11 0.075283)
(-3.98895e-12 -7.42183e-12 0.0282041)
(-2.31097e-11 -1.03009e-11 0.218242)
(-2.29988e-11 -1.12438e-11 0.208665)
(-2.20802e-11 -1.23845e-11 0.196151)
(-1.98313e-11 -1.37224e-11 0.17967)
(-1.68538e-11 -1.51485e-11 0.157764)
(-1.2736e-11 -1.62821e-11 0.128345)
(-7.88896e-12 -1.55878e-11 0.0883867)
(-2.27206e-12 -8.99426e-12 0.0334563)
(-2.08751e-11 -7.88119e-12 0.218242)
(-2.03665e-11 -8.66639e-12 0.208665)
(-1.90233e-11 -9.6536e-12 0.196151)
(-1.61008e-11 -1.08987e-11 0.17967)
(-1.23578e-11 -1.23541e-11 0.157764)
(-7.58985e-12 -1.37344e-11 0.128345)
(-2.88649e-12 -1.3676e-11 0.0883867)
(3.53546e-13 -8.14979e-12 0.0334563)
(-1.4448e-11 -8.30055e-12 0.190226)
(-1.3669e-11 -8.85043e-12 0.181475)
(-1.22467e-11 -9.5298e-12 0.170143)
(-9.55232e-12 -1.03521e-11 0.155356)
(-5.98098e-12 -1.12547e-11 0.135889)
(-2.08797e-12 -1.19133e-11 0.110014)
(1.10314e-12 -1.11312e-11 0.075283)
(2.03461e-12 -6.29075e-12 0.0282041)
(-2.70263e-12 -5.99131e-12 0.133458)
(-2.40037e-12 -6.5442e-12 0.127314)
(-1.76193e-12 -7.09724e-12 0.119292)
(-4.68125e-13 -7.5605e-12 0.108738)
(1.13385e-12 -7.82875e-12 0.0947722)
(2.61315e-12 -7.57607e-12 0.0762192)
(3.29654e-12 -6.2479e-12 0.0515468)
(2.02268e-12 -3.07996e-12 0.0188236)
(-1.43434e-11 3.49057e-12 0.133458)
(-1.31789e-11 3.17404e-12 0.127314)
(-1.15482e-11 2.79877e-12 0.119292)
(-9.26992e-12 2.34207e-12 0.108738)
(-6.68958e-12 1.84767e-12 0.0947722)
(-3.93867e-12 1.35166e-12 0.0762192)
(-1.50349e-12 9.52967e-13 0.0515468)
(-4.48529e-14 3.90783e-13 0.0188236)
(-1.89846e-11 4.57573e-12 0.190226)
(-1.72065e-11 4.71324e-12 0.181475)
(-1.46198e-11 4.86187e-12 0.170143)
(-1.13004e-11 4.99296e-12 0.155356)
(-7.56891e-12 5.06216e-12 0.135889)
(-4.03108e-12 4.99794e-12 0.110014)
(-9.3064e-13 4.49059e-12 0.075283)
(8.31222e-13 2.45359e-12 0.0282041)
(-1.71821e-11 5.8785e-12 0.218242)
(-1.56424e-11 6.34955e-12 0.208665)
(-1.34854e-11 6.89243e-12 0.196151)
(-1.06526e-11 7.43065e-12 0.17967)
(-7.60801e-12 7.86145e-12 0.157764)
(-4.51973e-12 8.07713e-12 0.128345)
(-1.77173e-12 7.29503e-12 0.0883867)
(2.12914e-13 3.90934e-12 0.0334563)
(-1.1288e-11 5.31642e-12 0.218242)
(-9.94015e-12 5.98968e-12 0.208665)
(-8.3961e-12 6.7245e-12 0.196151)
(-7.05172e-12 7.37487e-12 0.17967)
(-5.59127e-12 7.84226e-12 0.157764)
(-4.56393e-12 7.90093e-12 0.128345)
(-3.89713e-12 7.01547e-12 0.0883867)
(-9.37557e-13 3.94274e-12 0.0334563)
(-1.94964e-12 2.69124e-13 0.190226)
(-1.5309e-12 8.0157e-13 0.181475)
(-1.81763e-12 1.34698e-12 0.170143)
(-2.39411e-12 1.84833e-12 0.155356)
(-3.02352e-12 2.38704e-12 0.135889)
(-3.62613e-12 2.90498e-12 0.110014)
(-4.19396e-12 3.0038e-12 0.075283)
(-1.71982e-12 2.32126e-12 0.0282041)
(8.53063e-12 -1.14325e-11 0.133458)
(8.41748e-12 -1.12844e-11 0.127314)
(7.82394e-12 -1.10168e-11 0.119292)
(6.75364e-12 -1.05283e-11 0.108738)
(5.71342e-12 -9.6037e-12 0.0947722)
(3.96229e-12 -8.18742e-12 0.0762192)
(1.54646e-12 -6.00123e-12 0.0515468)
(5.33712e-13 -1.99637e-12 0.0188236)
(-1.20707e-11 -3.46088e-11 0.133458)
(-1.3231e-11 -3.29122e-11 0.127314)
(-1.44984e-11 -3.0738e-11 0.119292)
(-1.50944e-11 -2.79636e-11 0.108738)
(-1.50346e-11 -2.43703e-11 0.0947722)
(-1.45801e-11 -1.94024e-11 0.0762192)
(-1.24452e-11 -1.26966e-11 0.0515468)
(-5.06134e-12 -4.92051e-12 0.0188236)
(-2.06281e-11 -2.51622e-11 0.190226)
(-2.20429e-11 -2.54631e-11 0.181475)
(-2.30255e-11 -2.55069e-11 0.170143)
(-2.24426e-11 -2.51305e-11 0.155356)
(-2.07581e-11 -2.4009e-11 0.135889)
(-1.82798e-11 -2.14386e-11 0.110014)
(-1.44219e-11 -1.61241e-11 0.075283)
(-5.28015e-12 -7.14897e-12 0.0282041)
(-2.01156e-11 -1.88875e-11 0.218242)
(-2.1399e-11 -1.90946e-11 0.208665)
(-2.20165e-11 -1.91612e-11 0.196151)
(-2.09581e-11 -1.89912e-11 0.17967)
(-1.8488e-11 -1.8306e-11 0.157764)
(-1.56287e-11 -1.66963e-11 0.128345)
(-1.16575e-11 -1.32903e-11 0.0883867)
(-3.69392e-12 -6.29132e-12 0.0334563)
(-1.72741e-11 -1.21432e-11 0.218242)
(-1.82433e-11 -1.17998e-11 0.208665)
(-1.8236e-11 -1.13171e-11 0.196151)
(-1.66744e-11 -1.06043e-11 0.17967)
(-1.42242e-11 -9.59229e-12 0.157764)
(-1.1559e-11 -8.27288e-12 0.128345)
(-8.199e-12 -6.30155e-12 0.0883867)
(-2.36398e-12 -2.72964e-12 0.0334563)
(-1.00187e-11 -7.47269e-12 0.190226)
(-1.12904e-11 -6.53004e-12 0.181475)
(-1.22655e-11 -5.48044e-12 0.170143)
(-1.17189e-11 -4.28211e-12 0.155356)
(-1.03646e-11 -3.01194e-12 0.135889)
(-8.94908e-12 -1.87923e-12 0.110014)
(-6.91212e-12 -1.08874e-12 0.075283)
(-1.94944e-12 -2.97017e-14 0.0282041)
(-3.65428e-13 7.91408e-12 0.133458)
(-1.43268e-12 7.00537e-12 0.127314)
(-2.49424e-12 6.02739e-12 0.119292)
(-3.01612e-12 5.03532e-12 0.108738)
(-3.11923e-12 4.0555e-12 0.0947722)
(-3.55951e-12 2.92506e-12 0.0762192)
(-3.68188e-12 1.6409e-12 0.0515468)
(-1.52237e-12 7.61571e-13 0.0188236)
(-2.60082e-11 -1.56371e-11 0.133458)
(-2.42894e-11 -1.55262e-11 0.127314)
(-2.18899e-11 -1.52633e-11 0.119292)
(-1.86995e-11 -1.46984e-11 0.108738)
(-1.4887e-11 -1.35703e-11 0.0947722)
(-1.0268e-11 -1.16131e-11 0.0762192)
(-5.05845e-12 -8.33942e-12 0.0515468)
(-1.12142e-12 -2.86829e-12 0.0188236)
(-3.37312e-11 -1.00594e-11 0.190226)
(-3.06833e-11 -9.96965e-12 0.181475)
(-2.62874e-11 -9.71833e-12 0.170143)
(-2.04959e-11 -9.15627e-12 0.155356)
(-1.38118e-11 -8.15684e-12 0.135889)
(-7.07713e-12 -6.5003e-12 0.110014)
(-1.06888e-12 -4.10679e-12 0.075283)
(7.98075e-13 -7.89001e-13 0.0282041)
(-2.96643e-11 7.15162e-12 0.218242)
(-2.58028e-11 7.81988e-12 0.208665)
(-2.03771e-11 8.58375e-12 0.196151)
(-1.4019e-11 9.28119e-12 0.17967)
(-7.5641e-12 9.79687e-12 0.157764)
(-1.61543e-12 9.62172e-12 0.128345)
(2.42536e-12 7.94136e-12 0.0883867)
(1.84302e-12 3.72151e-12 0.0334563)
(-2.23148e-11 2.33598e-11 0.218242)
(-1.90693e-11 2.43889e-11 0.208665)
(-1.49207e-11 2.51688e-11 0.196151)
(-1.07216e-11 2.53153e-11 0.17967)
(-6.68069e-12 2.424e-11 0.157764)
(-3.61248e-12 2.12856e-11 0.128345)
(-8.80702e-13 1.53664e-11 0.0883867)
(3.41118e-14 5.55843e-12 0.0334563)
(-1.44692e-11 3.07013e-11 0.190226)
(-1.33477e-11 3.13487e-11 0.181475)
(-1.24131e-11 3.14622e-11 0.170143)
(-1.12842e-11 3.05805e-11 0.155356)
(-9.76179e-12 2.81352e-11 0.135889)
(-7.52417e-12 2.34904e-11 0.110014)
(-5.54249e-12 1.56389e-11 0.075283)
(-1.93336e-12 5.01437e-12 0.0282041)
(2.22908e-12 3.29028e-11 0.133458)
(1.83853e-12 3.10416e-11 0.127314)
(7.49128e-13 2.85334e-11 0.119292)
(-7.81341e-13 2.5142e-11 0.108738)
(-2.06237e-12 2.07471e-11 0.0947722)
(-3.63967e-12 1.50138e-11 0.0762192)
(-4.55787e-12 8.18161e-12 0.0515468)
(-1.98245e-12 2.07947e-12 0.0188236)
(4.47673e-11 -2.72032e-11 0.133458)
(4.20853e-11 -2.43604e-11 0.127314)
(3.87782e-11 -2.08548e-11 0.119292)
(3.48592e-11 -1.66275e-11 0.108738)
(2.87124e-11 -1.14805e-11 0.0947722)
(1.86955e-11 -5.18738e-12 0.0762192)
(6.54513e-12 1.16609e-12 0.0515468)
(5.40981e-13 2.23644e-12 0.0188236)
(4.16566e-11 -5.74783e-11 0.190226)
(3.80235e-11 -5.56822e-11 0.181475)
(3.42785e-11 -5.3162e-11 0.170143)
(3.01323e-11 -4.95983e-11 0.155356)
(2.37557e-11 -4.44308e-11 0.135889)
(1.23296e-11 -3.61309e-11 0.110014)
(-1.03357e-12 -2.3669e-11 0.075283)
(-3.65293e-12 -8.61664e-12 0.0282041)
(4.77491e-11 -9.22098e-11 0.218242)
(4.37367e-11 -9.21332e-11 0.208665)
(3.88399e-11 -9.15011e-11 0.196151)
(3.31639e-11 -8.98442e-11 0.17967)
(2.53376e-11 -8.59627e-11 0.157764)
(1.40283e-11 -7.75876e-11 0.128345)
(-2.11763e-13 -5.97933e-11 0.0883867)
(-3.43114e-12 -2.57651e-11 0.0334563)
(5.33919e-11 -1.25423e-10 0.218242)
(5.08996e-11 -1.26889e-10 0.208665)
(4.81642e-11 -1.27966e-10 0.196151)
(4.54025e-11 -1.27899e-10 0.17967)
(4.07275e-11 -1.25085e-10 0.157764)
(3.14362e-11 -1.15708e-10 0.128345)
(1.89439e-11 -9.14551e-11 0.0883867)
(6.04256e-12 -4.00333e-11 0.0334563)
(6.23418e-11 -1.5479e-10 0.190226)
(6.0943e-11 -1.55593e-10 0.181475)
(5.88542e-11 -1.55518e-10 0.170143)
(5.66643e-11 -1.53668e-10 0.155356)
(5.43815e-11 -1.47934e-10 0.135889)
(5.19827e-11 -1.32389e-10 0.110014)
(4.29609e-11 -9.94212e-11 0.075283)
(1.80419e-11 -4.03052e-11 0.0282041)
(5.35185e-11 -1.86236e-10 0.133458)
(5.34504e-11 -1.83523e-10 0.127314)
(5.32443e-11 -1.79218e-10 0.119292)
(5.21044e-11 -1.72149e-10 0.108738)
(5.35213e-11 -1.58371e-10 0.0947722)
(5.95705e-11 -1.33252e-10 0.0762192)
(5.62842e-11 -9.16784e-11 0.0515468)
(2.57741e-11 -3.43042e-11 0.0188236)
(7.35035e-12 2.30771e-11 0.133458)
(7.2779e-12 2.26721e-11 0.127314)
(7.44102e-12 2.20126e-11 0.119292)
(8.03034e-12 2.08794e-11 0.108738)
(8.48316e-12 1.90386e-11 0.0947722)
(8.28499e-12 1.60889e-11 0.0762192)
(6.83786e-12 1.15422e-11 0.0515468)
(2.93101e-12 4.57732e-12 0.0188236)
(5.16066e-12 2.40325e-11 0.190226)
(5.27122e-12 2.51962e-11 0.181475)
(5.84298e-12 2.64921e-11 0.170143)
(7.10728e-12 2.77591e-11 0.155356)
(8.68633e-12 2.85514e-11 0.135889)
(9.83395e-12 2.80093e-11 0.110014)
(9.19841e-12 2.40522e-11 0.075283)
(4.46259e-12 1.21851e-11 0.0282041)
(-1.85415e-13 2.3311e-11 0.218242)
(1.41268e-13 2.57676e-11 0.208665)
(1.13108e-12 2.8879e-11 0.196151)
(2.66416e-12 3.26748e-11 0.17967)
(4.1147e-12 3.68838e-11 0.157764)
(5.22595e-12 4.0267e-11 0.128345)
(4.99734e-12 3.87265e-11 0.0883867)
(2.38374e-12 2.20872e-11 0.0334563)
(-7.63243e-12 2.93685e-11 0.218242)
(-8.26489e-12 3.29211e-11 0.208665)
(-8.52495e-12 3.73396e-11 0.196151)
(-8.29525e-12 4.26472e-11 0.17967)
(-8.35759e-12 4.85226e-11 0.157764)
(-8.69967e-12 5.32909e-11 0.128345)
(-8.43894e-12 5.17777e-11 0.0883867)
(-4.65974e-12 3.0007e-11 0.0334563)
(-1.51924e-11 3.84077e-11 0.190226)
(-1.77296e-11 4.16891e-11 0.181475)
(-2.06246e-11 4.56553e-11 0.170143)
(-2.34e-11 5.01827e-11 0.155356)
(-2.60131e-11 5.46009e-11 0.135889)
(-2.76896e-11 5.66644e-11 0.110014)
(-2.53321e-11 5.15453e-11 0.075283)
(-1.25623e-11 2.75706e-11 0.0282041)
(-2.98104e-11 6.06862e-11 0.133458)
(-3.16659e-11 6.18611e-11 0.127314)
(-3.36583e-11 6.32141e-11 0.119292)
(-3.5688e-11 6.42243e-11 0.108738)
(-3.74592e-11 6.29487e-11 0.0947722)
(-3.84898e-11 5.86547e-11 0.0762192)
(-3.31982e-11 4.64763e-11 0.0515468)
(-1.56296e-11 2.08109e-11 0.0188236)
(1.7957e-11 1.56686e-11 0.133458)
(1.58619e-11 1.6587e-11 0.127314)
(1.39936e-11 1.73907e-11 0.119292)
(1.23756e-11 1.77976e-11 0.108738)
(1.08069e-11 1.74149e-11 0.0947722)
(7.63106e-12 1.60411e-11 0.0762192)
(3.14758e-12 1.28372e-11 0.0515468)
(9.74335e-13 4.86588e-12 0.0188236)
(1.73383e-11 3.37051e-11 0.190226)
(1.35915e-11 3.40504e-11 0.181475)
(9.9565e-12 3.41808e-11 0.170143)
(6.99067e-12 3.3646e-11 0.155356)
(4.59001e-12 3.18625e-11 0.135889)
(-2.65425e-14 2.82848e-11 0.110014)
(-4.39907e-12 2.1344e-11 0.075283)
(-1.508e-12 7.57681e-12 0.0282041)
(9.7944e-12 2.9088e-11 0.218242)
(4.80737e-12 3.02252e-11 0.208665)
(-5.076e-14 3.1245e-11 0.196151)
(-4.1548e-12 3.17498e-11 0.17967)
(-6.89705e-12 3.09713e-11 0.157764)
(-1.0655e-11 2.78719e-11 0.128345)
(-1.352e-11 2.05727e-11 0.0883867)
(-4.71629e-12 6.87201e-12 0.0334563)
(5.41455e-12 2.09116e-11 0.218242)
(1.6652e-13 2.2685e-11 0.208665)
(-5.1887e-12 2.44763e-11 0.196151)
(-9.88653e-12 2.58451e-11 0.17967)
(-1.32516e-11 2.61386e-11 0.157764)
(-1.72504e-11 2.37704e-11 0.128345)
(-1.88054e-11 1.69371e-11 0.0883867)
(-6.65733e-12 5.78442e-12 0.0334563)
(8.04201e-12 6.90171e-12 0.190226)
(3.43152e-12 8.46443e-12 0.181475)
(-1.90006e-12 9.8754e-12 0.170143)
(-6.82594e-12 1.08485e-11 0.155356)
(-1.03117e-11 1.1111e-11 0.135889)
(-1.4438e-11 9.69688e-12 0.110014)
(-1.63617e-11 5.61256e-12 0.075283)
(-5.8527e-12 1.92611e-12 0.0282041)
(2.37309e-11 -2.05613e-12 0.133458)
(2.10135e-11 -4.16868e-12 0.127314)
(1.7518e-11 -6.68771e-12 0.119292)
(1.39792e-11 -9.34856e-12 0.108738)
(1.0986e-11 -1.09059e-11 0.0947722)
(6.81759e-12 -1.29609e-11 0.0762192)
(6.86143e-13 -1.30336e-11 0.0515468)
(2.11092e-13 -5.68282e-12 0.0188236)
(2.04055e-11 2.12719e-11 0.133458)
(1.90469e-11 2.09452e-11 0.127314)
(1.77305e-11 2.03683e-11 0.119292)
(1.63468e-11 1.93335e-11 0.108738)
(1.44677e-11 1.76377e-11 0.0947722)
(1.11322e-11 1.51347e-11 0.0762192)
(6.30149e-12 1.13041e-11 0.0515468)
(1.96438e-12 4.29738e-12 0.0188236)
(2.19833e-11 5.99464e-11 0.190226)
(2.01844e-11 5.82061e-11 0.181475)
(1.86921e-11 5.58426e-11 0.170143)
(1.75554e-11 5.24872e-11 0.155356)
(1.60567e-11 4.75776e-11 0.135889)
(1.21863e-11 4.04344e-11 0.110014)
(6.47828e-12 2.95051e-11 0.075283)
(2.61022e-12 1.15094e-11 0.0282041)
(1.09436e-11 9.1949e-11 0.218242)
(8.58844e-12 9.04002e-11 0.208665)
(6.81208e-12 8.80061e-11 0.196151)
(5.94562e-12 8.41549e-11 0.17967)
(5.30641e-12 7.77874e-11 0.157764)
(3.03531e-12 6.73519e-11 0.128345)
(-2.80666e-13 4.98441e-11 0.0883867)
(-1.22757e-13 2.02133e-11 0.0334563)
(-1.15112e-11 1.27564e-10 0.218242)
(-1.44836e-11 1.26136e-10 0.208665)
(-1.65904e-11 1.23634e-10 0.196151)
(-1.75003e-11 1.19195e-10 0.17967)
(-1.73315e-11 1.11278e-10 0.157764)
(-1.72817e-11 9.70168e-11 0.128345)
(-1.57252e-11 7.21924e-11 0.0883867)
(-6.34308e-12 3.0129e-11 0.0334563)
(-3.4222e-11 1.58034e-10 0.190226)
(-3.81714e-11 1.55837e-10 0.181475)
(-4.14084e-11 1.51846e-10 0.170143)
(-4.33089e-11 1.44899e-10 0.155356)
(-4.36761e-11 1.33104e-10 0.135889)
(-4.26199e-11 1.12756e-10 0.110014)
(-3.58723e-11 7.93806e-11 0.075283)
(-1.47318e-11 2.91253e-11 0.0282041)
(-5.1441e-11 2.34503e-10 0.133458)
(-5.54817e-11 2.26999e-10 0.127314)
(-5.94464e-11 2.16989e-10 0.119292)
(-6.30318e-11 2.03282e-10 0.108738)
(-6.57566e-11 1.82623e-10 0.0947722)
(-6.7995e-11 1.51296e-10 0.0762192)
(-6.04109e-11 1.02372e-10 0.0515468)
(-2.71191e-11 3.65507e-11 0.0188236)
(-4.3307e-12 -3.19535e-11 0.133458)
(-5.25122e-12 -3.12617e-11 0.127314)
(-6.27035e-12 -3.01396e-11 0.119292)
(-7.23136e-12 -2.84054e-11 0.108738)
(-8.19115e-12 -2.57054e-11 0.0947722)
(-9.39619e-12 -2.12775e-11 0.0762192)
(-9.61323e-12 -1.45388e-11 0.0515468)
(-4.65455e-12 -5.78214e-12 0.0188236)
(3.41313e-12 -1.84669e-11 0.190226)
(2.64046e-12 -2.02806e-11 0.181475)
(1.7031e-12 -2.21439e-11 0.170143)
(5.84115e-13 -2.38479e-11 0.155356)
(-9.60555e-13 -2.50222e-11 0.135889)
(-4.13497e-12 -2.45691e-11 0.110014)
(-7.15736e-12 -2.0513e-11 0.075283)
(-4.28355e-12 -1.02283e-11 0.0282041)
(1.16681e-11 7.82992e-13 0.218242)
(1.11e-11 -2.03147e-12 0.208665)
(1.04444e-11 -5.51274e-12 0.196151)
(9.46512e-12 -9.79467e-12 0.17967)
(8.02932e-12 -1.4693e-11 0.157764)
(4.23708e-12 -1.93519e-11 0.128345)
(-7.50176e-13 -2.1171e-11 0.0883867)
(-1.58255e-12 -1.33493e-11 0.0334563)
(1.50352e-11 1.51997e-11 0.218242)
(1.51667e-11 1.16419e-11 0.208665)
(1.52438e-11 6.94561e-12 0.196151)
(1.48109e-11 7.3444e-13 0.17967)
(1.37944e-11 -7.04057e-12 0.157764)
(1.05437e-11 -1.56585e-11 0.128345)
(5.22073e-12 -2.17811e-11 0.0883867)
(2.10442e-12 -1.55142e-11 0.0334563)
(2.3979e-11 8.84379e-12 0.190226)
(2.38565e-11 4.85131e-12 0.181475)
(2.32989e-11 -5.15929e-13 0.170143)
(2.25327e-11 -7.46702e-12 0.155356)
(2.1712e-11 -1.57677e-11 0.135889)
(1.91932e-11 -2.42859e-11 0.110014)
(1.38486e-11 -2.8775e-11 0.075283)
(6.98242e-12 -1.82416e-11 0.0282041)
(3.96164e-11 -3.66497e-12 0.133458)
(3.86131e-11 -7.49429e-12 0.127314)
(3.70434e-11 -1.21917e-11 0.119292)
(3.52426e-11 -1.75749e-11 0.108738)
(3.31368e-11 -2.30653e-11 0.0947722)
(2.90159e-11 -2.73617e-11 0.0762192)
(2.15089e-11 -2.71823e-11 0.0515468)
(9.90415e-12 -1.47471e-11 0.0188236)
(2.11476e-11 -7.80093e-12 0.133458)
(1.90518e-11 -6.08422e-12 0.127314)
(1.66861e-11 -4.06178e-12 0.119292)
(1.42273e-11 -1.82758e-12 0.108738)
(1.14971e-11 5.09428e-13 0.0947722)
(7.57734e-12 2.93236e-12 0.0762192)
(2.8938e-12 4.59889e-12 0.0515468)
(6.9197e-13 2.68812e-12 0.0188236)
(2.41456e-11 1.73857e-12 0.190226)
(2.12352e-11 1.496e-12 0.181475)
(1.79208e-11 1.49735e-12 0.170143)
(1.45547e-11 1.84486e-12 0.155356)
(1.09466e-11 2.57907e-12 0.135889)
(5.41341e-12 3.88038e-12 0.110014)
(-3.53062e-13 5.15195e-12 0.075283)
(-8.13417e-13 3.17246e-12 0.0282041)
(2.65721e-11 1.17976e-11 0.218242)
(2.31259e-11 1.04345e-11 0.208665)
(1.92311e-11 8.9774e-12 0.196151)
(1.51415e-11 7.5062e-12 0.17967)
(1.06613e-11 6.24709e-12 0.157764)
(4.04967e-12 5.4992e-12 0.128345)
(-3.14222e-12 5.08111e-12 0.0883867)
(-2.5234e-12 3.08121e-12 0.0334563)
(2.60188e-11 2.07753e-11 0.218242)
(2.27611e-11 1.88575e-11 0.208665)
(1.89788e-11 1.65664e-11 0.196151)
(1.48009e-11 1.39021e-11 0.17967)
(1.00295e-11 1.10463e-11 0.157764)
(3.07498e-12 8.15575e-12 0.128345)
(-4.53985e-12 5.69117e-12 0.0883867)
(-3.43867e-12 3.39376e-12 0.0334563)
(2.61943e-11 1.79344e-11 0.190226)
(2.28725e-11 1.62978e-11 0.181475)
(1.85676e-11 1.41114e-11 0.170143)
(1.41311e-11 1.13863e-11 0.155356)
(9.35943e-12 8.32379e-12 0.135889)
(2.62789e-12 5.04522e-12 0.110014)
(-4.21076e-12 2.14501e-12 0.075283)
(-3.21396e-12 1.27636e-12 0.0282041)
(2.1586e-11 3.07536e-11 0.133458)
(1.8653e-11 2.74113e-11 0.127314)
(1.51316e-11 2.34115e-11 0.119292)
(1.13585e-11 1.88669e-11 0.108738)
(7.40399e-12 1.39233e-11 0.0947722)
(1.88186e-12 8.53256e-12 0.0762192)
(-3.45541e-12 3.39978e-12 0.0515468)
(-2.65621e-12 8.7997e-13 0.0188236)
(2.78585e-12 -2.19638e-11 0.133458)
(1.77558e-12 -2.06904e-11 0.127314)
(7.3001e-13 -1.90569e-11 0.119292)
(-2.81355e-13 -1.69959e-11 0.108738)
(-1.2675e-12 -1.43902e-11 0.0947722)
(-2.94589e-12 -1.08977e-11 0.0762192)
(-4.37357e-12 -6.46515e-12 0.0515468)
(-2.26775e-12 -2.27323e-12 0.0188236)
(8.01468e-12 -1.53971e-11 0.190226)
(6.84299e-12 -1.54847e-11 0.181475)
(5.73507e-12 -1.53271e-11 0.170143)
(4.63562e-12 -1.47931e-11 0.155356)
(3.34303e-12 -1.36599e-11 0.135889)
(3.70094e-13 -1.139e-11 0.110014)
(-3.0519e-12 -7.69426e-12 0.075283)
(-1.87658e-12 -3.26381e-12 0.0282041)
(1.53893e-11 -6.52319e-12 0.218242)
(1.44495e-11 -7.08976e-12 0.208665)
(1.35282e-11 -7.61703e-12 0.196151)
(1.23257e-11 -8.04687e-12 0.17967)
(1.04472e-11 -8.24013e-12 0.157764)
(6.18534e-12 -7.86526e-12 0.128345)
(3.49445e-13 -6.56445e-12 0.0883867)
(-8.59517e-13 -3.51301e-12 0.0334563)
(2.01573e-11 1.74851e-12 0.218242)
(1.91762e-11 1.09073e-12 0.208665)
(1.80553e-11 2.54851e-13 0.196151)
(1.62439e-11 -8.98665e-13 0.17967)
(1.3664e-11 -2.25456e-12 0.157764)
(8.1313e-12 -3.68598e-12 0.128345)
(1.036e-12 -4.65265e-12 0.0883867)
(-5.02386e-13 -3.07697e-12 0.0334563)
(2.46239e-11 -1.29518e-12 0.190226)
(2.28273e-11 -1.71948e-12 0.181475)
(2.02982e-11 -2.49866e-12 0.170143)
(1.71344e-11 -3.65323e-12 0.155356)
(1.37538e-11 -5.04895e-12 0.135889)
(8.34932e-12 -6.59342e-12 0.110014)
(1.55623e-12 -7.47899e-12 0.075283)
(5.21361e-14 -4.12695e-12 0.0282041)
(2.71713e-11 2.18632e-12 0.133458)
(2.52628e-11 4.99871e-13 0.127314)
(2.27282e-11 -1.48834e-12 0.119292)
(1.95355e-11 -3.67216e-12 0.108738)
(1.62001e-11 -5.77841e-12 0.0947722)
(1.10868e-11 -7.70414e-12 0.0762192)
(4.87016e-12 -8.27799e-12 0.0515468)
(1.31551e-12 -4.12687e-12 0.0188236)
(2.44691e-11 -1.02846e-11 0.133458)
(2.22329e-11 -8.32992e-12 0.127314)
(1.97073e-11 -6.09143e-12 0.119292)
(1.69559e-11 -3.62965e-12 0.108738)
(1.37829e-11 -1.06276e-12 0.0947722)
(8.95693e-12 1.64712e-12 0.0762192)
(3.27505e-12 3.69494e-12 0.0515468)
(5.43679e-13 2.12222e-12 0.0188236)
(2.85124e-11 -2.43584e-12 0.190226)
(2.54096e-11 -2.00113e-12 0.181475)
(2.17581e-11 -1.31769e-12 0.170143)
(1.77893e-11 -3.83152e-13 0.155356)
(1.3402e-11 8.1714e-13 0.135889)
(6.71597e-12 2.42013e-12 0.110014)
(-4.56504e-13 3.90031e-12 0.075283)
(-1.18459e-12 2.20752e-12 0.0282041)
(3.08414e-11 2.80201e-12 0.218242)
(2.72612e-11 2.62977e-12 0.208665)
(2.31084e-11 2.5034e-12 0.196151)
(1.8567e-11 2.44385e-12 0.17967)
(1.3583e-11 2.52881e-12 0.157764)
(5.78947e-12 2.85978e-12 0.128345)
(-2.63008e-12 3.07567e-12 0.0883867)
(-2.61485e-12 1.62721e-12 0.0334563)
(3.02724e-11 9.5665e-12 0.218242)
(2.68915e-11 9.0866e-12 0.208665)
(2.27423e-11 8.51136e-12 0.196151)
(1.80258e-11 7.7718e-12 0.17967)
(1.26796e-11 6.86192e-12 0.157764)
(4.55466e-12 5.56073e-12 0.128345)
(-3.92202e-12 3.82057e-12 0.0883867)
(-3.3212e-12 1.91077e-12 0.0334563)
(2.77059e-11 9.53331e-12 0.190226)
(2.42803e-11 9.2408e-12 0.181475)
(1.98333e-11 8.57378e-12 0.170143)
(1.51391e-11 7.4973e-12 0.155356)
(1.01735e-11 6.00818e-12 0.135889)
(3.35862e-12 3.81387e-12 0.110014)
(-4.00569e-12 1.18497e-12 0.075283)
(-2.90647e-12 2.52043e-13 0.0282041)
(2.38583e-11 2.31002e-11 0.133458)
(2.09724e-11 2.0468e-11 0.127314)
(1.7502e-11 1.72962e-11 0.119292)
(1.37604e-11 1.36563e-11 0.108738)
(9.85578e-12 9.62828e-12 0.0947722)
(4.38395e-12 5.1033e-12 0.0762192)
(-1.28202e-12 8.49715e-13 0.0515468)
(-1.67136e-12 -3.53148e-13 0.0188236)
(3.7042e-12 -1.94628e-11 0.133458)
(2.56934e-12 -1.8073e-11 0.127314)
(1.44418e-12 -1.63485e-11 0.119292)
(5.18649e-13 -1.426e-11 0.108738)
(-3.70853e-13 -1.17457e-11 0.0947722)
(-2.3837e-12 -8.35065e-12 0.0762192)
(-4.30705e-12 -4.30599e-12 0.0515468)
(-2.0857e-12 -1.44981e-12 0.0188236)
(7.24679e-12 -6.85777e-12 0.190226)
(5.99666e-12 -6.94648e-12 0.181475)
(4.89203e-12 -6.90784e-12 0.170143)
(4.17749e-12 -6.65125e-12 0.155356)
(3.16724e-12 -6.12175e-12 0.135889)
(3.63546e-13 -4.88227e-12 0.110014)
(-3.47941e-12 -2.76535e-12 0.075283)
(-1.60994e-12 -1.28783e-12 0.0282041)
(1.08915e-11 6.52607e-12 0.218242)
(9.8521e-12 6.44754e-12 0.208665)
(8.91862e-12 6.318e-12 0.196151)
(8.1187e-12 6.01602e-12 0.17967)
(6.96494e-12 5.53905e-12 0.157764)
(3.60993e-12 4.7152e-12 0.128345)
(-1.87165e-12 3.35058e-12 0.0883867)
(-8.53435e-13 7.99658e-13 0.0334563)
(1.19539e-11 1.96463e-11 0.218242)
(1.07171e-11 1.97784e-11 0.208665)
(9.50496e-12 1.96026e-11 0.196151)
(7.96139e-12 1.88382e-11 0.17967)
(5.84445e-12 1.7248e-11 0.157764)
(7.66622e-13 1.43701e-11 0.128345)
(-5.13394e-12 9.54661e-12 0.0883867)
(-2.27324e-12 3.31035e-12 0.0334563)
(1.2201e-11 1.97988e-11 0.190226)
(9.70372e-12 2.00806e-11 0.181475)
(6.61617e-12 1.97138e-11 0.170143)
(3.48263e-12 1.84401e-11 0.155356)
(7.47066e-13 1.61031e-11 0.135889)
(-3.78329e-12 1.20523e-11 0.110014)
(-8.55569e-12 6.10314e-12 0.075283)
(-3.61987e-12 1.46609e-12 0.0282041)
(1.63208e-11 3.15367e-11 0.133458)
(1.36941e-11 2.86513e-11 0.127314)
(1.04814e-11 2.49082e-11 0.119292)
(7.06986e-12 2.02951e-11 0.108738)
(3.94744e-12 1.49053e-11 0.0947722)
(-1.0599e-12 8.39272e-12 0.0762192)
(-5.97956e-12 1.76083e-12 0.0515468)
(-3.1071e-12 -5.1546e-13 0.0188236)
(3.85703e-11 -3.02169e-11 0.133458)
(3.4562e-11 -2.66781e-11 0.127314)
(2.95397e-11 -2.23907e-11 0.119292)
(2.40598e-11 -1.73976e-11 0.108738)
(1.79379e-11 -1.17901e-11 0.0947722)
(9.66089e-12 -5.43182e-12 0.0762192)
(1.29814e-12 4.01366e-13 0.0515468)
(-9.0276e-13 1.44747e-12 0.0188236)
(4.75671e-11 -1.64949e-11 0.190226)
(4.24793e-11 -1.57577e-11 0.181475)
(3.58796e-11 -1.45256e-11 0.170143)
(2.86072e-11 -1.27072e-11 0.155356)
(2.00923e-11 -1.01361e-11 0.135889)
(8.74149e-12 -6.47512e-12 0.110014)
(-2.90292e-12 -2.03998e-12 0.075283)
(-3.33895e-12 -2.09886e-13 0.0282041)
(5.41562e-11 -9.03909e-12 0.218242)
(4.82067e-11 -9.1339e-12 0.208665)
(4.02253e-11 -9.20956e-12 0.196151)
(3.11741e-11 -9.21477e-12 0.17967)
(2.11423e-11 -9.02311e-12 0.157764)
(7.45349e-12 -8.16515e-12 0.128345)
(-5.95837e-12 -6.28012e-12 0.0883867)
(-4.92718e-12 -3.19383e-12 0.0334563)
(5.38751e-11 -9.09135e-13 0.218242)
(4.84196e-11 -1.62411e-12 0.208665)
(4.09845e-11 -2.6494e-12 0.196151)
(3.25332e-11 -4.02915e-12 0.17967)
(2.27717e-11 -5.6352e-12 0.157764)
(9.66653e-12 -7.2501e-12 0.128345)
(-3.78712e-12 -7.89568e-12 0.0883867)
(-4.07003e-12 -4.32584e-12 0.0334563)
(5.29393e-11 -6.18335e-13 0.190226)
(4.76493e-11 -1.33877e-12 0.181475)
(4.03916e-11 -2.77487e-12 0.170143)
(3.22984e-11 -4.95379e-12 0.155356)
(2.3794e-11 -7.63226e-12 0.135889)
(1.22845e-11 -1.06966e-11 0.110014)
(3.47882e-13 -1.22948e-11 0.075283)
(-1.52866e-12 -6.66352e-12 0.0282041)
(4.81259e-11 2.39823e-11 0.133458)
(4.37246e-11 1.97572e-11 0.127314)
(3.8074e-11 1.46605e-11 0.119292)
(3.1863e-11 8.89487e-12 0.108738)
(2.51981e-11 2.81574e-12 0.0947722)
(1.60404e-11 -3.23613e-12 0.0762192)
(5.89642e-12 -7.47197e-12 0.0515468)
(9.53856e-13 -4.73465e-12 0.0188236)
(-1.34804e-11 -1.28405e-11 0.133458)
(-1.37172e-11 -1.24729e-11 0.127314)
(-1.2819e-11 -1.18091e-11 0.119292)
(-1.12542e-11 -1.07816e-11 0.108738)
(-9.13405e-12 -9.25295e-12 0.0947722)
(-8.52951e-12 -6.57e-12 0.0762192)
(-8.57514e-12 -2.79503e-12 0.0515468)
(-3.2132e-12 -9.65307e-13 0.0188236)
(-1.74914e-11 -8.29484e-12 0.190226)
(-1.67541e-11 -8.65462e-12 0.181475)
(-1.38567e-11 -8.85528e-12 0.170143)
(-9.79707e-12 -8.77696e-12 0.155356)
(-4.97019e-12 -8.25538e-12 0.135889)
(-3.21728e-12 -6.42865e-12 0.110014)
(-4.43073e-12 -2.98126e-12 0.075283)
(-5.28427e-13 -8.96812e-13 0.0282041)
(-1.4084e-11 5.6808e-13 0.218242)
(-1.35974e-11 6.71612e-13 0.208665)
(-1.05853e-11 8.47705e-13 0.196151)
(-6.54212e-12 1.13756e-12 0.17967)
(-1.36582e-12 1.54422e-12 0.157764)
(3.36494e-14 2.34026e-12 0.128345)
(-2.45171e-12 3.0652e-12 0.0883867)
(7.26183e-13 1.7867e-12 0.0334563)
(-1.54068e-11 1.31603e-11 0.218242)
(-1.44955e-11 1.39895e-11 0.208665)
(-1.1293e-11 1.4759e-11 0.196151)
(-7.2371e-12 1.52921e-11 0.17967)
(-2.50566e-12 1.54963e-11 0.157764)
(-1.72613e-12 1.46376e-11 0.128345)
(-4.78536e-12 1.18073e-11 0.0883867)
(-4.04357e-13 5.97223e-12 0.0334563)
(-1.26256e-11 1.43514e-11 0.190226)
(-1.41765e-11 1.55304e-11 0.181475)
(-1.45797e-11 1.63951e-11 0.170143)
(-1.41108e-11 1.67686e-11 0.155356)
(-1.20766e-11 1.64814e-11 0.135889)
(-1.24617e-11 1.44301e-11 0.110014)
(-1.36732e-11 9.91628e-12 0.075283)
(-4.49985e-12 4.74138e-12 0.0282041)
(-2.33203e-12 3.06676e-11 0.133458)
(-4.06723e-12 2.82318e-11 0.127314)
(-5.58226e-12 2.5361e-11 0.119292)
(-6.63092e-12 2.20696e-11 0.108738)
(-6.88371e-12 1.82813e-11 0.0947722)
(-8.63003e-12 1.32252e-11 0.0762192)
(-1.06223e-11 6.93195e-12 0.0515468)
(-4.78665e-12 2.5778e-12 0.0188236)
(7.36131e-11 -7.20218e-11 0.133458)
(6.40346e-11 -6.38987e-11 0.127314)
(5.26464e-11 -5.37796e-11 0.119292)
(3.98595e-11 -4.17022e-11 0.108738)
(2.64451e-11 -2.8162e-11 0.0947721)
(1.11149e-11 -1.36074e-11 0.0762192)
(-2.91319e-12 -4.8692e-13 0.0515468)
(-5.18499e-12 3.88165e-12 0.0188236)
(1.25317e-10 -2.08208e-11 0.190226)
(1.11588e-10 -1.70063e-11 0.181475)
(9.37179e-11 -1.17123e-11 0.170143)
(7.30791e-11 -4.94215e-12 0.155356)
(4.98735e-11 2.90205e-12 0.135889)
(2.3697e-11 1.09213e-11 0.110014)
(-1.30099e-12 1.62702e-11 0.075283)
(-8.31693e-12 1.06818e-11 0.0282041)
(1.58877e-10 8.33549e-12 0.218242)
(1.40929e-10 9.68603e-12 0.208665)
(1.17288e-10 1.14151e-11 0.196151)
(8.97297e-11 1.35761e-11 0.17967)
(5.91005e-11 1.5483e-11 0.157764)
(2.37767e-11 1.64896e-11 0.128345)
(-8.31799e-12 1.43145e-11 0.0883867)
(-1.47283e-11 5.73999e-12 0.0334563)
(1.58244e-10 6.93864e-11 0.218242)
(1.42197e-10 6.98934e-11 0.208665)
(1.19809e-10 6.95005e-11 0.196151)
(9.3795e-11 6.73376e-11 0.17967)
(6.25929e-11 6.26934e-11 0.157764)
(2.67275e-11 5.33355e-11 0.128345)
(-8.19262e-12 3.6934e-11 0.0883867)
(-1.56146e-11 1.34347e-11 0.0334563)
(1.59953e-10 8.85513e-11 0.190226)
(1.39217e-10 8.52053e-11 0.181475)
(1.11979e-10 7.95162e-11 0.170143)
(8.17333e-11 7.07235e-11 0.155356)
(4.98465e-11 5.84901e-11 0.135889)
(1.22115e-11 4.10327e-11 0.110014)
(-1.86945e-11 2.01447e-11 0.075283)
(-1.63584e-11 3.94598e-12 0.0282041)
(1.12746e-10 1.04046e-10 0.133458)
(1.00131e-10 9.10561e-11 0.127314)
(8.37804e-11 7.52499e-11 0.119292)
(6.62267e-11 5.70131e-11 0.108738)
(4.72043e-11 3.68935e-11 0.0947722)
(2.36619e-11 1.57322e-11 0.0762192)
(1.65516e-12 -2.23585e-12 0.0515468)
(-4.11427e-12 -6.11556e-12 0.0188236)
(9.31863e-11 -4.30948e-11 0.133458)
(9.9774e-11 -4.27663e-11 0.127314)
(9.89908e-11 -4.09695e-11 0.119292)
(8.38855e-11 -3.64491e-11 0.108738)
(6.50483e-11 -2.97154e-11 0.0947722)
(4.70604e-11 -2.19449e-11 0.0762192)
(2.6118e-11 -1.20308e-11 0.0515468)
(5.49312e-12 -1.48809e-12 0.0188236)
(1.56188e-10 -1.31001e-10 0.190226)
(1.67404e-10 -1.30722e-10 0.181475)
(1.63983e-10 -1.28696e-10 0.170143)
(1.36029e-10 -1.22307e-10 0.155356)
(1.03094e-10 -1.122e-10 0.135889)
(7.32465e-11 -9.56163e-11 0.110014)
(4.39439e-11 -6.77116e-11 0.075283)
(9.50037e-12 -2.32749e-11 0.0282041)
(1.53574e-10 -1.05561e-10 0.218242)
(1.80319e-10 -1.08465e-10 0.208665)
(1.92331e-10 -1.10918e-10 0.196151)
(1.77284e-10 -1.11222e-10 0.17967)
(1.51892e-10 -1.09301e-10 0.157764)
(1.39599e-10 -1.01175e-10 0.128345)
(1.08714e-10 -7.86122e-11 0.0883867)
(3.34621e-11 -3.125e-11 0.0334563)
(1.74351e-10 -3.8125e-11 0.218242)
(1.96485e-10 -4.55273e-11 0.208665)
(2.02756e-10 -5.3215e-11 0.196151)
(1.78824e-10 -6.17463e-11 0.17967)
(1.49652e-10 -6.94169e-11 0.157764)
(1.3599e-10 -7.16933e-11 0.128345)
(1.09488e-10 -6.34267e-11 0.0883867)
(3.62612e-11 -3.43025e-11 0.0334563)
(7.97374e-11 3.4068e-11 0.190226)
(1.11761e-10 2.39021e-11 0.181475)
(1.34752e-10 1.37434e-11 0.170143)
(1.29328e-10 1.86547e-12 0.155356)
(1.16613e-10 -9.32533e-12 0.135889)
(1.18016e-10 -1.55892e-11 0.110014)
(9.96915e-11 -1.95532e-11 0.075283)
(3.4989e-11 -1.91804e-11 0.0282041)
(-1.7176e-11 -3.80357e-12 0.133458)
(4.89221e-12 8.18327e-12 0.127314)
(2.01739e-11 1.94503e-11 0.119292)
(1.49216e-11 2.69702e-11 0.108738)
(7.52311e-12 3.17352e-11 0.0947722)
(7.28798e-12 3.31301e-11 0.0762192)
(5.45565e-12 2.6443e-11 0.0515468)
(-5.58305e-13 8.52322e-12 0.0188236)
(0.00841866 -0.0110891 0.156199)
(0.00692494 -0.0132155 0.18724)
(0.00224518 -0.0143877 0.197652)
(-0.00224518 -0.0143877 0.197652)
(-0.00692494 -0.0132155 0.18724)
(-0.00841866 -0.0110891 0.156199)
(0.00807321 -0.0108272 0.152385)
(0.00683125 -0.0131532 0.183946)
(0.00222325 -0.0144341 0.195148)
(-0.00222325 -0.0144341 0.195148)
(-0.00683125 -0.0131532 0.183946)
(-0.00807321 -0.0108272 0.152385)
(0.00762946 -0.0104259 0.146931)
(0.00666301 -0.0129683 0.179131)
(0.00218492 -0.0143623 0.191258)
(-0.00218492 -0.0143623 0.191258)
(-0.00666301 -0.0129683 0.179131)
(-0.00762946 -0.0104259 0.146931)
(0.00705991 -0.009869 0.138969)
(0.00638225 -0.0126247 0.171871)
(0.00211697 -0.0141528 0.185054)
(-0.00211697 -0.0141528 0.185054)
(-0.00638225 -0.0126247 0.171871)
(-0.00705991 -0.009869 0.138969)
(0.00631635 -0.00906951 0.127104)
(0.00592939 -0.0120079 0.160519)
(0.00199634 -0.0136775 0.174823)
(-0.00199634 -0.0136775 0.174823)
(-0.00592939 -0.0120079 0.160519)
(-0.00631635 -0.00906951 0.127104)
(0.00530662 -0.00784738 0.109009)
(0.00519154 -0.0108435 0.142002)
(0.00177758 -0.0126124 0.157175)
(-0.00177758 -0.0126124 0.157175)
(-0.00519154 -0.0108435 0.142002)
(-0.00530662 -0.00784738 0.109009)
(0.00382171 -0.00579605 0.0806449)
(0.00390011 -0.00839308 0.110173)
(0.00134981 -0.00999767 0.124869)
(-0.00134981 -0.00999767 0.124869)
(-0.00390011 -0.00839308 0.110173)
(-0.00382171 -0.00579605 0.0806449)
(0.00141908 -0.0021694 0.0345313)
(0.00148748 -0.00320618 0.0516022)
(0.000491833 -0.00387082 0.060943)
(-0.000491833 -0.00387082 0.060943)
(-0.00148748 -0.00320618 0.0516022)
(-0.00141908 -0.0021694 0.0345313)
(0.00160625 -0.0017285 0.164622)
(0.00183145 -0.00310352 0.216219)
(0.000662654 -0.00384802 0.236732)
(-0.000662654 -0.00384802 0.236732)
(-0.00183145 -0.00310352 0.216219)
(-0.00160625 -0.0017285 0.164622)
(0.00149929 -0.00164002 0.158443)
(0.00171979 -0.00304931 0.209382)
(0.000622617 -0.00384903 0.230577)
(-0.000622617 -0.00384903 0.230577)
(-0.00171979 -0.00304931 0.209382)
(-0.00149929 -0.00164002 0.158443)
(0.0013555 -0.00154937 0.150088)
(0.00157075 -0.00299672 0.199972)
(0.000569429 -0.00384935 0.221779)
(-0.000569429 -0.00384935 0.221779)
(-0.00157075 -0.00299672 0.199972)
(-0.0013555 -0.00154937 0.150088)
(0.00116408 -0.00141663 0.138647)
(0.0013689 -0.0028707 0.186773)
(0.000497305 -0.00376072 0.208943)
(-0.000497305 -0.00376072 0.208943)
(-0.0013689 -0.0028707 0.186773)
(-0.00116408 -0.00141663 0.138647)
(0.000917327 -0.00122374 0.122821)
(0.0010975 -0.00261867 0.167897)
(0.000399011 -0.00350865 0.189818)
(-0.000399011 -0.00350865 0.189818)
(-0.0010975 -0.00261867 0.167897)
(-0.000917327 -0.00122374 0.122821)
(0.000617552 -0.000949789 0.100762)
(0.000745951 -0.00216917 0.140425)
(0.000268308 -0.00297929 0.160779)
(-0.000268308 -0.00297929 0.160779)
(-0.000745951 -0.00216917 0.140425)
(-0.000617552 -0.000949789 0.100762)
(0.000287698 -0.000576075 0.0698988)
(0.000325682 -0.00141717 0.0999158)
(0.000106058 -0.00198509 0.116094)
(-0.000106058 -0.00198509 0.116094)
(-0.000325682 -0.00141717 0.0999158)
(-0.000287698 -0.000576075 0.0698988)
(-4.30198e-06 -0.000126983 0.0266716)
(-6.92695e-05 -0.000323979 0.0397558)
(-4.91998e-05 -0.000422606 0.0470579)
(4.91998e-05 -0.000422606 0.0470579)
(6.92695e-05 -0.000323979 0.0397558)
(4.30199e-06 -0.000126983 0.0266716)
(0.000912321 -0.00106927 0.141992)
(0.000981317 -0.0021271 0.199567)
(0.000400444 -0.00271096 0.225619)
(-0.000400444 -0.00271096 0.225619)
(-0.000981317 -0.0021271 0.199567)
(-0.000912321 -0.00106927 0.141992)
(0.000822917 -0.000964602 0.135466)
(0.000890406 -0.00196082 0.190976)
(0.000365296 -0.00253092 0.216959)
(-0.000365296 -0.00253092 0.216959)
(-0.000890406 -0.00196082 0.190976)
(-0.000822917 -0.000964602 0.135466)
(0.000713959 -0.000834751 0.126897)
(0.000775437 -0.00173611 0.179636)
(0.000320291 -0.00227135 0.205258)
(-0.000320291 -0.00227135 0.205258)
(-0.000775437 -0.00173611 0.179636)
(-0.000713959 -0.000834751 0.126897)
(0.000584523 -0.000679525 0.115567)
(0.000634109 -0.00145151 0.164517)
(0.000264148 -0.00192922 0.189254)
(-0.000264148 -0.00192922 0.189254)
(-0.000634109 -0.00145151 0.164517)
(-0.000584523 -0.000679525 0.115567)
(0.000435837 -0.000499552 0.100527)
(0.000467441 -0.00110044 0.144175)
(0.000196954 -0.0014887 0.167124)
(-0.000196954 -0.0014887 0.167124)
(-0.000467441 -0.00110044 0.144175)
(-0.000435837 -0.000499552 0.100527)
(0.000274743 -0.000303187 0.0805475)
(0.000285129 -0.000691636 0.116634)
(0.000122564 -0.000952568 0.136311)
(-0.000122564 -0.000952568 0.136311)
(-0.000285129 -0.000691636 0.116634)
(-0.000274743 -0.000303187 0.0805475)
(0.00012112 -0.000120004 0.0541171)
(0.000115879 -0.000284645 0.0793306)
(5.31797e-05 -0.000395414 0.0934634)
(-5.31797e-05 -0.000395414 0.0934634)
(-0.000115879 -0.000284645 0.0793306)
(-0.00012112 -0.000120004 0.0541171)
(7.88052e-06 3.41619e-06 0.0195022)
(1.11075e-06 1.01083e-05 0.029182)
(5.05147e-06 2.1324e-05 0.0346555)
(-5.05145e-06 2.1324e-05 0.0346555)
(-1.11074e-06 1.01083e-05 0.029182)
(-7.88052e-06 3.41618e-06 0.0195022)
(0.000159675 -8.90308e-05 0.137684)
(0.00028552 -0.000410236 0.194313)
(0.000139475 -0.00066113 0.22113)
(-0.000139475 -0.00066113 0.22113)
(-0.00028552 -0.000410236 0.194313)
(-0.000159675 -8.90308e-05 0.137684)
(0.000145633 -7.02161e-05 0.131424)
(0.000253055 -0.000359429 0.185618)
(0.000123354 -0.000593477 0.211903)
(-0.000123354 -0.000593477 0.211903)
(-0.000253055 -0.000359429 0.185618)
(-0.000145633 -7.02162e-05 0.131424)
(0.00012826 -5.27141e-05 0.123233)
(0.000214407 -0.000304088 0.174293)
(0.000103828 -0.000513055 0.199707)
(-0.000103828 -0.000513055 0.199707)
(-0.000214407 -0.000304088 0.174293)
(-0.00012826 -5.27141e-05 0.123233)
(0.000107073 -3.32515e-05 0.112431)
(0.000169607 -0.000237516 0.15942)
(8.08873e-05 -0.000411196 0.183444)
(-8.08873e-05 -0.000411196 0.183444)
(-0.000169607 -0.000237516 0.15942)
(-0.000107073 -3.32515e-05 0.112431)
(8.21988e-05 -1.35842e-05 0.0981053)
(0.000120177 -0.000161626 0.13972)
(5.53716e-05 -0.000288909 0.161563)
(-5.53716e-05 -0.000288909 0.161563)
(-0.000120177 -0.000161626 0.13972)
(-8.21988e-05 -1.35842e-05 0.0981053)
(5.50511e-05 2.80065e-06 0.0790242)
(7.02988e-05 -8.42192e-05 0.113383)
(2.96521e-05 -0.000156892 0.131857)
(-2.96521e-05 -0.000156892 0.131857)
(-7.02988e-05 -8.42192e-05 0.113383)
(-5.50511e-05 2.80062e-06 0.0790242)
(2.87033e-05 1.12268e-05 0.0535678)
(2.76604e-05 -2.14209e-05 0.0778427)
(8.3388e-06 -4.37614e-05 0.0911599)
(-8.3388e-06 -4.37614e-05 0.0911599)
(-2.76604e-05 -2.14209e-05 0.0778427)
(-2.87033e-05 1.12268e-05 0.0535678)
(7.90743e-06 6.31956e-06 0.0196476)
(3.31233e-06 2.38533e-06 0.0293555)
(-1.46393e-06 2.35217e-06 0.0347714)
(1.46392e-06 2.35217e-06 0.0347714)
(-3.31234e-06 2.38533e-06 0.0293555)
(-7.90742e-06 6.31956e-06 0.0196476)
(8.42613e-05 -5.75524e-05 0.1366)
(0.000160825 -0.000195488 0.19312)
(7.69893e-05 -0.00031554 0.220263)
(-7.69893e-05 -0.00031554 0.220263)
(-0.000160825 -0.000195488 0.19312)
(-8.42613e-05 -5.75525e-05 0.1366)
(7.93028e-05 -5.00591e-05 0.130401)
(0.000148325 -0.000176223 0.184446)
(7.01138e-05 -0.000288086 0.210921)
(-7.01138e-05 -0.000288086 0.210921)
(-0.000148325 -0.000176223 0.184446)
(-7.93028e-05 -5.00592e-05 0.130401)
(7.29582e-05 -4.20944e-05 0.122289)
(0.000133139 -0.000154344 0.173171)
(6.17358e-05 -0.000255098 0.198641)
(-6.17358e-05 -0.000255098 0.198641)
(-0.00013314 -0.000154344 0.173171)
(-7.29582e-05 -4.20945e-05 0.122289)
(6.47783e-05 -3.26445e-05 0.111587)
(0.000114879 -0.00012793 0.158393)
(5.17357e-05 -0.000214259 0.182361)
(-5.17357e-05 -0.000214259 0.182361)
(-0.000114879 -0.00012793 0.158393)
(-6.47783e-05 -3.26446e-05 0.111587)
(5.42405e-05 -2.19673e-05 0.0973817)
(9.32611e-05 -9.70947e-05 0.138838)
(4.01807e-05 -0.000165596 0.160562)
(-4.01807e-05 -0.000165596 0.160562)
(-9.32611e-05 -9.70947e-05 0.138838)
(-5.42405e-05 -2.19674e-05 0.0973817)
(4.09264e-05 -1.09154e-05 0.0784424)
(6.82815e-05 -6.31574e-05 0.112695)
(2.74664e-05 -0.000111201 0.131056)
(-2.74664e-05 -0.000111201 0.131056)
(-6.82815e-05 -6.31574e-05 0.112695)
(-4.09264e-05 -1.09155e-05 0.0784424)
(2.49384e-05 -1.51193e-06 0.0531552)
(4.05397e-05 -2.96232e-05 0.0773689)
(1.45031e-05 -5.64919e-05 0.0906271)
(-1.45031e-05 -5.64919e-05 0.0906271)
(-4.05398e-05 -2.96232e-05 0.0773689)
(-2.49384e-05 -1.51195e-06 0.0531552)
(7.27539e-06 2.73105e-06 0.0194688)
(1.12927e-05 -2.68712e-06 0.0291251)
(2.74219e-06 -9.28569e-06 0.0345115)
(-2.74219e-06 -9.28569e-06 0.0345115)
(-1.12927e-05 -2.68711e-06 0.0291251)
(-7.27539e-06 2.73105e-06 0.0194688)
(6.87184e-05 -6.22867e-05 0.135221)
(0.000105326 -0.000153058 0.191862)
(5.02729e-05 -0.000223182 0.21935)
(-5.02728e-05 -0.000223182 0.21935)
(-0.000105326 -0.000153058 0.191862)
(-6.87183e-05 -6.22866e-05 0.135221)
(6.31407e-05 -5.52802e-05 0.12904)
(9.71712e-05 -0.000138713 0.183163)
(4.63082e-05 -0.00020467 0.209928)
(-4.63081e-05 -0.00020467 0.209928)
(-9.71711e-05 -0.000138713 0.183163)
(-6.31406e-05 -5.52801e-05 0.12904)
(5.62111e-05 -4.7267e-05 0.12096)
(8.70437e-05 -0.00012134 0.17187)
(4.13868e-05 -0.000181284 0.197569)
(-4.13867e-05 -0.000181284 0.197569)
(-8.70436e-05 -0.00012134 0.17187)
(-5.6211e-05 -4.72669e-05 0.12096)
(4.77182e-05 -3.77862e-05 0.110312)
(7.45942e-05 -0.000100248 0.157088)
(3.53474e-05 -0.000152298 0.181218)
(-3.53473e-05 -0.000152298 0.181218)
(-7.45941e-05 -0.000100248 0.157088)
(-4.77181e-05 -3.77861e-05 0.110312)
(3.7537e-05 -2.69649e-05 0.0961983)
(5.95332e-05 -7.52869e-05 0.137561)
(2.80696e-05 -0.000117195 0.159375)
(-2.80695e-05 -0.000117195 0.159375)
(-5.95331e-05 -7.52869e-05 0.137561)
(-3.75369e-05 -2.69649e-05 0.0961983)
(2.58451e-05 -1.54456e-05 0.0774151)
(4.19125e-05 -4.73269e-05 0.111509)
(1.96038e-05 -7.67051e-05 0.129884)
(-1.96037e-05 -7.67051e-05 0.129884)
(-4.19124e-05 -4.7327e-05 0.111509)
(-2.5845e-05 -1.54457e-05 0.0774151)
(1.35667e-05 -5.05458e-06 0.0523925)
(2.27987e-05 -1.98978e-05 0.0764089)
(1.04923e-05 -3.51752e-05 0.0896136)
(-1.04923e-05 -3.51752e-05 0.0896136)
(-2.27986e-05 -1.98978e-05 0.0764089)
(-1.35667e-05 -5.0546e-06 0.0523925)
(2.66321e-06 1.08643e-06 0.0191504)
(4.83259e-06 5.37384e-08 0.0286715)
(2.05459e-06 -2.07408e-06 0.0339914)
(-2.05457e-06 -2.07409e-06 0.0339914)
(-4.83256e-06 5.37295e-08 0.0286715)
(-2.6632e-06 1.08642e-06 0.0191504)
(3.6403e-05 -3.10786e-05 0.134539)
(5.83658e-05 -8.20865e-05 0.191211)
(2.88794e-05 -0.000121587 0.218899)
(-2.88795e-05 -0.000121587 0.218899)
(-5.83658e-05 -8.20865e-05 0.191211)
(-3.64031e-05 -3.10787e-05 0.134539)
(3.3385e-05 -2.7391e-05 0.128375)
(5.33977e-05 -7.42419e-05 0.182496)
(2.64524e-05 -0.000111434 0.209424)
(-2.64524e-05 -0.000111434 0.209424)
(-5.33978e-05 -7.42419e-05 0.182496)
(-3.33851e-05 -2.73911e-05 0.128375)
(2.96334e-05 -2.33582e-05 0.12032)
(4.72884e-05 -6.50067e-05 0.171193)
(2.34553e-05 -9.88207e-05 0.197013)
(-2.34553e-05 -9.88207e-05 0.197013)
(-4.72885e-05 -6.50067e-05 0.171193)
(-2.96335e-05 -2.33583e-05 0.12032)
(2.50326e-05 -1.85895e-05 0.109712)
(3.98751e-05 -5.37009e-05 0.156415)
(1.98016e-05 -8.29643e-05 0.18062)
(-1.98017e-05 -8.29643e-05 0.18062)
(-3.98752e-05 -5.37009e-05 0.156415)
(-2.50327e-05 -1.85896e-05 0.109712)
(1.95371e-05 -1.31772e-05 0.0956597)
(3.10895e-05 -4.0267e-05 0.136919)
(1.54478e-05 -6.35829e-05 0.158761)
(-1.54479e-05 -6.35829e-05 0.158761)
(-3.10896e-05 -4.0267e-05 0.136919)
(-1.95372e-05 -1.31773e-05 0.0956597)
(1.32983e-05 -7.4892e-06 0.0769698)
(2.11449e-05 -2.52715e-05 0.110945)
(1.04855e-05 -4.12116e-05 0.129307)
(-1.04855e-05 -4.12116e-05 0.129307)
(-2.1145e-05 -2.52715e-05 0.110945)
(-1.32984e-05 -7.48924e-06 0.0769698)
(6.87098e-06 -2.42936e-06 0.0520846)
(1.08879e-05 -1.06846e-05 0.0759959)
(5.33652e-06 -1.85293e-05 0.0891659)
(-5.33656e-06 -1.85293e-05 0.0891659)
(-1.0888e-05 -1.06846e-05 0.0759959)
(-6.87101e-06 -2.42935e-06 0.0520846)
(1.35186e-06 4.73925e-07 0.0190364)
(2.0714e-06 -3.62359e-07 0.0285108)
(9.43506e-07 -1.4117e-06 0.0338097)
(-9.43528e-07 -1.4117e-06 0.0338097)
(-2.07144e-06 -3.62348e-07 0.0285108)
(-1.35187e-06 4.73937e-07 0.0190364)
(2.29358e-05 -2.02342e-05 0.134141)
(3.59365e-05 -5.21898e-05 0.190845)
(1.75856e-05 -7.63624e-05 0.218658)
(-1.75854e-05 -7.63624e-05 0.218658)
(-3.59364e-05 -5.21899e-05 0.190845)
(-2.29356e-05 -2.02341e-05 0.134141)
(2.10713e-05 -1.79395e-05 0.127985)
(3.28784e-05 -4.74527e-05 0.182118)
(1.6072e-05 -7.02838e-05 0.209146)
(-1.60719e-05 -7.02838e-05 0.209146)
(-3.28782e-05 -4.74528e-05 0.182118)
(-2.10712e-05 -1.79395e-05 0.127985)
(1.87521e-05 -1.53923e-05 0.119943)
(2.91141e-05 -4.18074e-05 0.170805)
(1.42037e-05 -6.26398e-05 0.196697)
(-1.42036e-05 -6.26398e-05 0.196697)
(-2.9114e-05 -4.18074e-05 0.170805)
(-1.8752e-05 -1.53922e-05 0.119943)
(1.59033e-05 -1.23604e-05 0.109355)
(2.45484e-05 -3.4842e-05 0.156025)
(1.1933e-05 -5.29508e-05 0.180273)
(-1.19328e-05 -5.29508e-05 0.180273)
(-2.45483e-05 -3.48421e-05 0.156025)
(-1.59031e-05 -1.23604e-05 0.109355)
(1.24854e-05 -8.88566e-06 0.0953349)
(1.9146e-05 -2.64806e-05 0.136541)
(9.24483e-06 -4.09972e-05 0.158398)
(-9.24469e-06 -4.09972e-05 0.158398)
(-1.91458e-05 -2.64806e-05 0.136541)
(-1.24852e-05 -8.88565e-06 0.0953349)
(8.57133e-06 -5.17905e-06 0.0766956)
(1.30411e-05 -1.70079e-05 0.110605)
(6.21288e-06 -2.70448e-05 0.128959)
(-6.21275e-06 -2.70449e-05 0.128959)
(-1.30409e-05 -1.70079e-05 0.110605)
(-8.57121e-06 -5.17906e-06 0.0766956)
(4.48359e-06 -1.80611e-06 0.0518883)
(6.74123e-06 -7.56809e-06 0.0757367)
(3.11e-06 -1.26501e-05 0.0888848)
(-3.1099e-06 -1.26501e-05 0.0888848)
(-6.7411e-06 -7.56813e-06 0.0757367)
(-4.48351e-06 -1.80615e-06 0.0518883)
(8.89993e-07 2.52009e-07 0.0189587)
(1.25646e-06 -4.52244e-07 0.0283992)
(4.91852e-07 -1.18942e-06 0.033682)
(-4.91808e-07 -1.18942e-06 0.033682)
(-1.25641e-06 -4.52265e-07 0.0283992)
(-8.89966e-07 2.51984e-07 0.0189587)
(1.46798e-05 -1.30697e-05 0.133876)
(2.2442e-05 -3.33979e-05 0.190605)
(1.08473e-05 -4.85778e-05 0.218496)
(-1.08473e-05 -4.85778e-05 0.218496)
(-2.2442e-05 -3.33979e-05 0.190605)
(-1.46799e-05 -1.30698e-05 0.133876)
(1.34794e-05 -1.15849e-05 0.127724)
(2.05472e-05 -3.03718e-05 0.181868)
(9.91596e-06 -4.47368e-05 0.208959)
(-9.91596e-06 -4.47368e-05 0.208959)
(-2.05473e-05 -3.03718e-05 0.181868)
(-1.34795e-05 -1.1585e-05 0.127724)
(1.19862e-05 -9.92846e-06 0.11969)
(1.8209e-05 -2.67494e-05 0.170548)
(8.76416e-06 -3.98842e-05 0.196485)
(-8.76416e-06 -3.98842e-05 0.196485)
(-1.82091e-05 -2.67495e-05 0.170548)
(-1.19863e-05 -9.92858e-06 0.11969)
(1.01533e-05 -7.95943e-06 0.109114)
(1.53654e-05 -2.22761e-05 0.155765)
(7.36216e-06 -3.37192e-05 0.180039)
(-7.36217e-06 -3.37192e-05 0.180039)
(-1.53654e-05 -2.22761e-05 0.155765)
(-1.01534e-05 -7.95952e-06 0.109114)
(7.95724e-06 -5.70566e-06 0.0951153)
(1.19911e-05 -1.68995e-05 0.136288)
(5.70095e-06 -2.60904e-05 0.158152)
(-5.70097e-06 -2.60904e-05 0.158152)
(-1.19912e-05 -1.68995e-05 0.136288)
(-7.95729e-06 -5.70573e-06 0.0951153)
(5.44732e-06 -3.30576e-06 0.0765092)
(8.16759e-06 -1.08026e-05 0.110375)
(3.82708e-06 -1.71589e-05 0.12872)
(-3.82711e-06 -1.71589e-05 0.12872)
(-8.16767e-06 -1.08026e-05 0.110375)
(-5.44737e-06 -3.3058e-06 0.0765092)
(2.83532e-06 -1.13147e-06 0.0517543)
(4.21561e-06 -4.73887e-06 0.0755589)
(1.9118e-06 -7.93748e-06 0.08869)
(-1.91183e-06 -7.93748e-06 0.08869)
(-4.21568e-06 -4.73886e-06 0.0755589)
(-2.83535e-06 -1.13147e-06 0.0517543)
(5.55402e-07 1.77122e-07 0.0189053)
(7.80099e-07 -2.23534e-07 0.0283221)
(3.00421e-07 -6.56735e-07 0.0335928)
(-3.00441e-07 -6.56733e-07 0.0335928)
(-7.80134e-07 -2.23524e-07 0.0283221)
(-5.55413e-07 1.77133e-07 0.0189053)
(8.92495e-06 -7.81301e-06 0.133716)
(1.37405e-05 -2.02899e-05 0.19046)
(6.61258e-06 -2.96624e-05 0.218398)
(-6.61238e-06 -2.96624e-05 0.218398)
(-1.37403e-05 -2.029e-05 0.19046)
(-8.92477e-06 -7.81297e-06 0.133716)
(8.20255e-06 -6.91369e-06 0.127567)
(1.2589e-05 -1.84407e-05 0.181717)
(6.04964e-06 -2.73137e-05 0.208846)
(-6.04945e-06 -2.73137e-05 0.208846)
(-1.25888e-05 -1.84407e-05 0.181717)
(-8.20237e-06 -6.91365e-06 0.127567)
(7.30246e-06 -5.91628e-06 0.119538)
(1.11672e-05 -1.62367e-05 0.170393)
(5.35253e-06 -2.43555e-05 0.196357)
(-5.35234e-06 -2.43555e-05 0.196357)
(-1.1167e-05 -1.62368e-05 0.170393)
(-7.30228e-06 -5.91624e-06 0.119538)
(6.19523e-06 -4.73143e-06 0.10897)
(9.43611e-06 -1.35136e-05 0.155608)
(4.50246e-06 -2.05912e-05 0.179897)
(-4.50227e-06 -2.05912e-05 0.179897)
(-9.4359e-06 -1.35136e-05 0.155608)
(-6.19506e-06 -4.73139e-06 0.10897)
(4.86547e-06 -3.37753e-06 0.0949842)
(7.37856e-06 -1.02407e-05 0.136135)
(3.49296e-06 -1.5928e-05 0.158003)
(-3.49278e-06 -1.5928e-05 0.158003)
(-7.37836e-06 -1.02407e-05 0.136135)
(-4.86532e-06 -3.37751e-06 0.0949842)
(3.34197e-06 -1.94065e-06 0.0763986)
(5.04193e-06 -6.53352e-06 0.110237)
(2.3511e-06 -1.04679e-05 0.128576)
(-2.35094e-06 -1.04679e-05 0.128576)
(-5.04176e-06 -6.53356e-06 0.110237)
(-3.34185e-06 -1.94066e-06 0.0763986)
(1.75117e-06 -6.46467e-07 0.0516753)
(2.61877e-06 -2.85467e-06 0.0754535)
(1.17983e-06 -4.83532e-06 0.0885739)
(-1.1797e-06 -4.83534e-06 0.0885739)
(-2.61864e-06 -2.85471e-06 0.0754535)
(-1.75109e-06 -6.46506e-07 0.0516753)
(3.53234e-07 1.17682e-07 0.0188743)
(4.99845e-07 -1.32912e-07 0.0282773)
(1.90043e-07 -4.0873e-07 0.0335409)
(-1.8999e-07 -4.08739e-07 0.0335409)
(-4.9979e-07 -1.32933e-07 0.0282773)
(-3.53208e-07 1.17657e-07 0.0188743)
(5.51672e-06 -4.82544e-06 0.133618)
(8.49285e-06 -1.25255e-05 0.190371)
(4.06785e-06 -1.8313e-05 0.218339)
(-4.0679e-06 -1.8313e-05 0.218339)
(-8.49293e-06 -1.25255e-05 0.190371)
(-5.51682e-06 -4.82551e-06 0.133618)
(5.07258e-06 -4.27094e-06 0.127471)
(7.7869e-06 -1.13863e-05 0.181625)
(3.72502e-06 -1.68667e-05 0.208777)
(-3.72507e-06 -1.68667e-05 0.208777)
(-7.78698e-06 -1.13863e-05 0.181625)
(-5.07268e-06 -4.27101e-06 0.127471)
(4.5189e-06 -3.6553e-06 0.119444)
(6.91453e-06 -1.00277e-05 0.170298)
(3.29988e-06 -1.50441e-05 0.196278)
(-3.29994e-06 -1.50441e-05 0.196278)
(-6.91462e-06 -1.00277e-05 0.170298)
(-4.519e-06 -3.65537e-06 0.119444)
(3.83727e-06 -2.9238e-06 0.108882)
(5.8511e-06 -8.34883e-06 0.155512)
(2.78049e-06 -1.27247e-05 0.17981)
(-2.78056e-06 -1.27247e-05 0.17981)
(-5.8512e-06 -8.34881e-06 0.155512)
(-3.83738e-06 -2.92386e-06 0.108882)
(3.01769e-06 -2.08758e-06 0.0949034)
(4.58486e-06 -6.33047e-06 0.136041)
(2.16211e-06 -9.85067e-06 0.157912)
(-2.16219e-06 -9.85067e-06 0.157912)
(-4.58497e-06 -6.33044e-06 0.136041)
(-3.01778e-06 -2.08762e-06 0.0949034)
(2.07699e-06 -1.19952e-06 0.0763303)
(3.14303e-06 -4.04297e-06 0.110152)
(1.46022e-06 -6.48354e-06 0.128488)
(-1.4603e-06 -6.48353e-06 0.128488)
(-3.14315e-06 -4.04294e-06 0.110152)
(-2.07708e-06 -1.19954e-06 0.0763303)
(1.09202e-06 -3.9907e-07 0.0516264)
(1.64154e-06 -1.77033e-06 0.0753885)
(7.36747e-07 -3.00538e-06 0.0885025)
(-7.36829e-07 -3.00537e-06 0.0885025)
(-1.64164e-06 -1.7703e-06 0.0753885)
(-1.09208e-06 -3.99049e-07 0.0516264)
(2.22085e-07 7.39716e-08 0.018855)
(3.1809e-07 -8.3005e-08 0.0282494)
(1.20338e-07 -2.58484e-07 0.0335086)
(-1.20384e-07 -2.58478e-07 0.0335086)
(-3.1814e-07 -8.29879e-08 0.0282494)
(-2.22108e-07 7.39899e-08 0.018855)
(3.41446e-06 -2.98863e-06 0.133557)
(5.25021e-06 -7.74629e-06 0.190315)
(2.50995e-06 -1.13203e-05 0.218302)
(-2.50987e-06 -1.13203e-05 0.218302)
(-5.2501e-06 -7.74628e-06 0.190315)
(-3.41436e-06 -2.98855e-06 0.133557)
(3.13924e-06 -2.64512e-06 0.127411)
(4.81427e-06 -7.04106e-06 0.181568)
(2.29914e-06 -1.04253e-05 0.208734)
(-2.29904e-06 -1.04253e-05 0.208734)
(-4.81415e-06 -7.04105e-06 0.181568)
(-3.13914e-06 -2.64504e-06 0.127411)
(2.79618e-06 -2.26357e-06 0.119386)
(4.27544e-06 -6.19976e-06 0.170238)
(2.03755e-06 -9.29739e-06 0.19623)
(-2.03746e-06 -9.29739e-06 0.19623)
(-4.27532e-06 -6.19975e-06 0.170238)
(-2.79608e-06 -2.26348e-06 0.119386)
(2.37392e-06 -1.8103e-06 0.108827)
(3.61841e-06 -5.16042e-06 0.155452)
(1.71773e-06 -7.86246e-06 0.179757)
(-1.71764e-06 -7.86246e-06 0.179757)
(-3.61829e-06 -5.16042e-06 0.155452)
(-2.37382e-06 -1.81023e-06 0.108827)
(1.86633e-06 -1.29224e-06 0.0948532)
(2.83581e-06 -3.9113e-06 0.135983)
(1.33658e-06 -6.08495e-06 0.157855)
(-1.33649e-06 -6.08495e-06 0.157855)
(-2.83569e-06 -3.9113e-06 0.135983)
(-1.86625e-06 -1.2922e-06 0.0948532)
(1.28397e-06 -7.42189e-07 0.0762877)
(1.94428e-06 -2.49607e-06 0.110099)
(9.03413e-07 -4.00292e-06 0.128433)
(-9.03326e-07 -4.00293e-06 0.128433)
(-1.94417e-06 -2.49609e-06 0.110099)
(-1.2839e-06 -7.42167e-07 0.0762877)
(6.74547e-07 -2.46588e-07 0.0515959)
(1.01549e-06 -1.09093e-06 0.0753481)
(4.56311e-07 -1.85305e-06 0.0884581)
(-4.56239e-07 -1.85306e-06 0.0884581)
(-1.0154e-06 -1.09095e-06 0.0753481)
(-6.74506e-07 -2.46604e-07 0.0515959)
(1.36862e-07 4.59995e-08 0.0188429)
(1.9674e-07 -4.94904e-08 0.028232)
(7.48189e-08 -1.57174e-07 0.0334885)
(-7.47838e-08 -1.5718e-07 0.0334885)
(-1.967e-07 -4.95051e-08 0.028232)
(-1.36848e-07 4.59834e-08 0.0188429)
(2.10387e-06 -1.84004e-06 0.133519)
(3.23907e-06 -4.77337e-06 0.190281)
(1.54868e-06 -6.97859e-06 0.218279)
(-1.54863e-06 -6.9786e-06 0.218279)
(-3.23905e-06 -4.77339e-06 0.190281)
(-2.1039e-06 -1.84016e-06 0.133519)
(1.93425e-06 -1.62841e-06 0.127374)
(2.96981e-06 -4.33847e-06 0.181532)
(1.41852e-06 -6.42636e-06 0.208708)
(-1.41847e-06 -6.42637e-06 0.208708)
(-2.9698e-06 -4.33849e-06 0.181532)
(-1.93428e-06 -1.62853e-06 0.127374)
(1.72282e-06 -1.39347e-06 0.11935)
(2.63707e-06 -3.81988e-06 0.170202)
(1.25702e-06 -5.7307e-06 0.1962)
(-1.25698e-06 -5.73071e-06 0.1962)
(-2.63706e-06 -3.8199e-06 0.170202)
(-1.72285e-06 -1.39359e-06 0.11935)
(1.46259e-06 -1.11438e-06 0.108793)
(2.23143e-06 -3.17929e-06 0.155415)
(1.05959e-06 -4.84578e-06 0.179723)
(-1.05954e-06 -4.84579e-06 0.179723)
(-2.23143e-06 -3.17931e-06 0.155415)
(-1.46261e-06 -1.11449e-06 0.108793)
(1.14978e-06 -7.95418e-07 0.0948222)
(1.7484e-06 -2.40951e-06 0.135947)
(8.24322e-07 -3.7498e-06 0.15782)
(-8.24285e-07 -3.74981e-06 0.15782)
(-1.74841e-06 -2.40952e-06 0.135947)
(-1.14981e-06 -7.95507e-07 0.0948222)
(7.90936e-07 -4.56808e-07 0.0762616)
(1.19835e-06 -1.53755e-06 0.110067)
(5.5701e-07 -2.4664e-06 0.128399)
(-5.56984e-07 -2.4664e-06 0.128399)
(-1.19837e-06 -1.53756e-06 0.110067)
(-7.9096e-07 -4.56871e-07 0.0762616)
(4.15481e-07 -1.51763e-07 0.0515772)
(6.25608e-07 -6.71999e-07 0.0753232)
(2.812e-07 -1.14157e-06 0.0884309)
(-2.81187e-07 -1.14158e-06 0.0884309)
(-6.25631e-07 -6.72002e-07 0.0753232)
(-4.1549e-07 -1.51778e-07 0.0515772)
(8.4309e-08 2.82751e-08 0.0188356)
(1.21123e-07 -3.07075e-08 0.0282214)
(4.60519e-08 -9.71075e-08 0.0334762)
(-4.60503e-08 -9.71076e-08 0.0334762)
(-1.21135e-07 -3.0706e-08 0.0282214)
(-8.43105e-08 2.82786e-08 0.0188356)
(1.30004e-06 -1.13767e-06 0.133496)
(2.00163e-06 -2.94997e-06 0.19026)
(9.57416e-07 -4.31273e-06 0.218265)
(-9.57247e-07 -4.31272e-06 0.218265)
(-2.00144e-06 -2.94999e-06 0.19026)
(-1.29988e-06 -1.1376e-06 0.133496)
(1.1952e-06 -1.0069e-06 0.127351)
(1.83515e-06 -2.68128e-06 0.18151)
(8.76888e-07 -3.97145e-06 0.208691)
(-8.76716e-07 -3.97145e-06 0.208691)
(-1.83496e-06 -2.68129e-06 0.18151)
(-1.19504e-06 -1.00684e-06 0.127351)
(1.06452e-06 -8.61713e-07 0.119328)
(1.62943e-06 -2.36084e-06 0.17018)
(7.76987e-07 -3.54152e-06 0.196181)
(-7.76815e-07 -3.54152e-06 0.196181)
(-1.62924e-06 -2.36086e-06 0.17018)
(-1.06437e-06 -8.61644e-07 0.119328)
(9.03703e-07 -6.89224e-07 0.108772)
(1.37868e-06 -1.96504e-06 0.155393)
(6.5488e-07 -2.99468e-06 0.179703)
(-6.54711e-07 -2.99468e-06 0.179703)
(-1.37849e-06 -1.96506e-06 0.155393)
(-9.0356e-07 -6.89171e-07 0.108772)
(7.10408e-07 -4.92075e-07 0.0948031)
(1.08014e-06 -1.48941e-06 0.135925)
(5.09412e-07 -2.31747e-06 0.157798)
(-5.09252e-07 -2.31748e-06 0.157798)
(-1.07996e-06 -1.48944e-06 0.135925)
(-7.1028e-07 -4.92046e-07 0.0948031)
(4.88668e-07 -2.82736e-07 0.0762454)
(7.4024e-07 -9.50624e-07 0.110047)
(3.44178e-07 -1.52449e-06 0.128378)
(-3.44038e-07 -1.5245e-06 0.128378)
(-7.40078e-07 -9.50659e-07 0.110047)
(-4.88563e-07 -2.82729e-07 0.0762454)
(2.56671e-07 -9.40811e-08 0.0515656)
(3.86383e-07 -4.15697e-07 0.0753079)
(1.7374e-07 -7.05866e-07 0.088414)
(-1.73636e-07 -7.0588e-07 0.088414)
(-3.86261e-07 -4.15732e-07 0.0753079)
(-2.56609e-07 -9.41105e-08 0.0515656)
(5.20446e-08 1.73894e-08 0.018831)
(7.47439e-08 -1.91209e-08 0.0282148)
(2.84459e-08 -6.01678e-08 0.0334686)
(-2.84038e-08 -6.01746e-08 0.0334686)
(-7.46956e-08 -1.91389e-08 0.0282148)
(-5.2024e-08 1.73683e-08 0.018831)
(8.03976e-07 -7.03861e-07 0.133482)
(1.2378e-06 -1.82476e-06 0.190247)
(5.9232e-07 -2.66778e-06 0.218256)
(-5.92261e-07 -2.66779e-06 0.218256)
(-1.23778e-06 -1.82479e-06 0.190247)
(-8.03994e-07 -7.03975e-07 0.133482)
(7.39107e-07 -6.22972e-07 0.127337)
(1.13481e-06 -1.65854e-06 0.181497)
(5.42468e-07 -2.45663e-06 0.208681)
(-5.42413e-07 -2.45664e-06 0.208681)
(-1.13479e-06 -1.65857e-06 0.181497)
(-7.39128e-07 -6.23088e-07 0.127337)
(6.5826e-07 -5.33151e-07 0.119314)
(1.00755e-06 -1.46031e-06 0.170166)
(4.80632e-07 -2.19063e-06 0.19617)
(-4.80583e-07 -2.19064e-06 0.19617)
(-1.00754e-06 -1.46033e-06 0.170166)
(-6.58284e-07 -5.33268e-07 0.119314)
(5.58769e-07 -4.26445e-07 0.108759)
(8.52438e-07 -1.21546e-06 0.155378)
(4.05062e-07 -1.85232e-06 0.17969)
(-4.05022e-07 -1.85233e-06 0.17969)
(-8.5244e-07 -1.21548e-06 0.155378)
(-5.58796e-07 -4.2655e-07 0.108759)
(4.39201e-07 -3.04484e-07 0.0947913)
(6.67785e-07 -9.21239e-07 0.135911)
(3.15051e-07 -1.43338e-06 0.157785)
(-3.15024e-07 -1.43339e-06 0.157785)
(-6.678e-07 -9.21254e-07 0.135911)
(-4.3923e-07 -3.04566e-07 0.0947913)
(3.02059e-07 -1.7498e-07 0.0762354)
(4.57582e-07 -5.8796e-07 0.110034)
(2.12832e-07 -9.42855e-07 0.128365)
(-2.1282e-07 -9.42858e-07 0.128365)
(-4.57612e-07 -5.87966e-07 0.110034)
(-3.02087e-07 -1.75037e-07 0.0762354)
(1.58606e-07 -5.8262e-08 0.0515584)
(2.38788e-07 -2.57082e-07 0.0752984)
(1.07419e-07 -4.36493e-07 0.0884036)
(-1.07422e-07 -4.36493e-07 0.0884036)
(-2.38823e-07 -2.57081e-07 0.0752984)
(-1.58619e-07 -5.82721e-08 0.0515584)
(3.21286e-08 1.07275e-08 0.0188282)
(4.616e-08 -1.18075e-08 0.0282107)
(1.75822e-08 -3.71561e-08 0.0334639)
(-1.75906e-08 -3.7155e-08 0.0334639)
(-4.61794e-08 -1.18031e-08 0.0282107)
(-3.2133e-08 1.07331e-08 0.0188282)
(4.97401e-07 -4.35285e-07 0.133473)
(7.65836e-07 -1.12877e-06 0.190239)
(3.6665e-07 -1.65047e-06 0.21825)
(-3.66457e-07 -1.65047e-06 0.21825)
(-7.6563e-07 -1.12879e-06 0.190239)
(-4.97226e-07 -4.35214e-07 0.133473)
(4.57275e-07 -3.8525e-07 0.127328)
(7.02111e-07 -1.02594e-06 0.181488)
(3.35793e-07 -1.51982e-06 0.208675)
(-3.356e-07 -1.51982e-06 0.208675)
(-7.01903e-07 -1.02596e-06 0.181488)
(-4.57102e-07 -3.85176e-07 0.127328)
(4.07265e-07 -3.29694e-07 0.119306)
(6.23374e-07 -9.03301e-07 0.170157)
(2.97521e-07 -1.35524e-06 0.196162)
(-2.9733e-07 -1.35524e-06 0.196162)
(-6.23165e-07 -9.03326e-07 0.170157)
(-4.07096e-07 -3.29621e-07 0.119306)
(3.45721e-07 -2.63696e-07 0.108751)
(5.27409e-07 -7.5183e-07 0.15537)
(2.5075e-07 -1.14593e-06 0.179682)
(-2.50565e-07 -1.14593e-06 0.179682)
(-5.27203e-07 -7.51858e-07 0.15537)
(-3.45563e-07 -2.6364e-07 0.108751)
(2.71756e-07 -1.88264e-07 0.094784)
(4.1317e-07 -5.69824e-07 0.135902)
(1.95045e-07 -8.86737e-07 0.157777)
(-1.94871e-07 -8.86748e-07 0.157777)
(-4.12974e-07 -5.69858e-07 0.135902)
(-2.71616e-07 -1.88232e-07 0.094784)
(1.86917e-07 -1.0817e-07 0.0762292)
(2.83126e-07 -3.63663e-07 0.110027)
(1.31785e-07 -5.83266e-07 0.128358)
(-1.31634e-07 -5.8328e-07 0.128358)
(-2.82951e-07 -3.63703e-07 0.110027)
(-1.86802e-07 -1.08162e-07 0.0762292)
(9.81643e-08 -3.59934e-08 0.051554)
(1.47766e-07 -1.58998e-07 0.0752925)
(6.6544e-08 -2.70015e-07 0.0883971)
(-6.64308e-08 -2.70029e-07 0.0883971)
(-1.47635e-07 -1.59037e-07 0.0752925)
(-9.80957e-08 -3.60237e-08 0.051554)
(1.98983e-08 6.65075e-09 0.0188264)
(2.8581e-08 -7.29838e-09 0.0282082)
(1.092e-08 -2.29896e-08 0.033461)
(-1.08737e-08 -2.29968e-08 0.033461)
(-2.85282e-08 -7.31817e-09 0.0282082)
(-1.98755e-08 6.62852e-09 0.0188264)
(3.0779e-07 -2.69452e-07 0.133467)
(4.73999e-07 -6.98701e-07 0.190234)
(2.26945e-07 -1.02167e-06 0.218247)
(-2.26895e-07 -1.02168e-06 0.218247)
(-4.73986e-07 -6.98716e-07 0.190234)
(-3.07819e-07 -2.69544e-07 0.133467)
(2.82954e-07 -2.38484e-07 0.127323)
(4.34556e-07 -6.35048e-07 0.181483)
(2.07841e-07 -9.40792e-07 0.208671)
(-2.07796e-07 -9.40801e-07 0.208671)
(-4.3455e-07 -6.35062e-07 0.181483)
(-2.82987e-07 -2.38578e-07 0.127323)
(2.52001e-07 -2.04098e-07 0.119301)
(3.85822e-07 -5.5914e-07 0.170152)
(1.84145e-07 -8.38913e-07 0.196158)
(-1.84108e-07 -8.3892e-07 0.196158)
(-3.85826e-07 -5.59152e-07 0.170152)
(-2.52039e-07 -2.04194e-07 0.119301)
(2.1391e-07 -1.63249e-07 0.108746)
(3.26425e-07 -4.65383e-07 0.155364)
(1.55189e-07 -7.09345e-07 0.179678)
(-1.55163e-07 -7.09351e-07 0.179678)
(-3.26443e-07 -4.65393e-07 0.155364)
(-2.13951e-07 -1.63332e-07 0.108746)
(1.68134e-07 -1.1656e-07 0.0947795)
(2.55716e-07 -3.52725e-07 0.135897)
(1.20703e-07 -5.48905e-07 0.157772)
(-1.20692e-07 -5.48908e-07 0.157772)
(-2.55748e-07 -3.5273e-07 0.135897)
(-1.68176e-07 -1.16622e-07 0.0947795)
(1.1563e-07 -6.69865e-08 0.0762254)
(1.75227e-07 -2.25116e-07 0.110022)
(8.15425e-08 -3.61055e-07 0.128353)
(-8.15473e-08 -3.61056e-07 0.128353)
(-1.75273e-07 -2.25113e-07 0.110022)
(-1.15671e-07 -6.7027e-08 0.0762254)
(6.07128e-08 -2.23063e-08 0.0515513)
(9.14484e-08 -9.84294e-08 0.0752889)
(4.11594e-08 -1.67151e-07 0.0883931)
(-4.11781e-08 -1.67149e-07 0.0883931)
(-9.14969e-08 -9.84214e-08 0.0752889)
(-6.07372e-08 -2.23058e-08 0.0515513)
(1.22978e-08 4.10395e-09 0.0188253)
(1.76849e-08 -4.5225e-09 0.0282066)
(6.74113e-09 -1.4236e-08 0.0334592)
(-6.75798e-09 -1.42338e-08 0.0334592)
(-1.77111e-08 -4.51531e-09 0.0282066)
(-1.23071e-08 4.11364e-09 0.0188253)
(1.90629e-07 -1.6678e-07 0.133464)
(2.93504e-07 -4.32542e-07 0.190231)
(1.40562e-07 -6.325e-07 0.218245)
(-1.4044e-07 -6.32493e-07 0.218245)
(-2.93366e-07 -4.32541e-07 0.190231)
(-1.90503e-07 -1.66679e-07 0.133464)
(1.75253e-07 -1.47606e-07 0.12732)
(2.69085e-07 -3.93132e-07 0.18148)
(1.28735e-07 -5.82428e-07 0.208669)
(-1.28614e-07 -5.82423e-07 0.208669)
(-2.68945e-07 -3.93132e-07 0.18148)
(-1.75129e-07 -1.47503e-07 0.12732)
(1.56091e-07 -1.26317e-07 0.119297)
(2.38914e-07 -3.46137e-07 0.170148)
(1.14066e-07 -5.19354e-07 0.196155)
(-1.13948e-07 -5.1935e-07 0.196155)
(-2.38773e-07 -3.46139e-07 0.170148)
(-1.55969e-07 -1.26215e-07 0.119297)
(1.32508e-07 -1.01028e-07 0.108743)
(2.0214e-07 -2.88092e-07 0.155361)
(9.61394e-08 -4.39139e-07 0.179675)
(-9.60265e-08 -4.39138e-07 0.179675)
(-2.01999e-07 -2.88097e-07 0.155361)
(-1.32394e-07 -1.00942e-07 0.108743)
(1.04164e-07 -7.21235e-08 0.0947767)
(1.58363e-07 -2.18346e-07 0.135894)
(7.4788e-08 -3.39812e-07 0.157769)
(-7.4684e-08 -3.39814e-07 0.157769)
(-1.58229e-07 -2.18357e-07 0.135894)
(-1.04063e-07 -7.20635e-08 0.0947767)
(7.16519e-08 -4.14339e-08 0.0762231)
(1.08528e-07 -1.39347e-07 0.110019)
(5.054e-08 -2.23518e-07 0.12835)
(-5.0451e-08 -2.23524e-07 0.12835)
(-1.08406e-07 -1.39366e-07 0.110019)
(-7.15704e-08 -4.14003e-08 0.0762231)
(3.76367e-08 -1.37808e-08 0.0515496)
(5.66507e-08 -6.09224e-08 0.0752866)
(2.5529e-08 -1.03478e-07 0.0883907)
(-2.54639e-08 -1.03485e-07 0.0883907)
(-5.65584e-08 -6.09439e-08 0.0752866)
(-3.75916e-08 -1.37928e-08 0.0515496)
(7.63325e-09 2.55366e-09 0.0188247)
(1.09633e-08 -2.79387e-09 0.0282057)
(4.19672e-09 -8.81123e-09 0.0334581)
(-4.17101e-09 -8.8157e-09 0.0334581)
(-1.09268e-08 -2.80653e-09 0.0282057)
(-7.61956e-09 2.53832e-09 0.0188247)
(1.17954e-07 -1.03285e-07 0.133462)
(1.81692e-07 -2.67835e-07 0.190229)
(8.69846e-08 -3.91653e-07 0.218244)
(-8.70064e-08 -3.91657e-07 0.218244)
(-1.81741e-07 -2.67836e-07 0.190229)
(-1.18024e-07 -1.03359e-07 0.133462)
(1.08434e-07 -9.14146e-08 0.127318)
(1.66572e-07 -2.43434e-07 0.181478)
(7.96596e-08 -3.60649e-07 0.208667)
(-7.96858e-08 -3.60652e-07 0.208667)
(-1.66626e-07 -2.43433e-07 0.181478)
(-1.08506e-07 -9.14901e-08 0.127318)
(9.65688e-08 -7.82342e-08 0.119295)
(1.4789e-07 -2.14336e-07 0.170146)
(7.05744e-08 -3.21593e-07 0.196154)
(-7.06066e-08 -3.21594e-07 0.196154)
(-1.47952e-07 -2.14332e-07 0.170146)
(-9.66434e-08 -7.83111e-08 0.119295)
(8.19679e-08 -6.25768e-08 0.108741)
(1.25121e-07 -1.78395e-07 0.155359)
(5.94726e-08 -2.71922e-07 0.179673)
(-5.95122e-08 -2.71921e-07 0.179673)
(-1.25192e-07 -1.78389e-07 0.155359)
(-8.20424e-08 -6.26408e-08 0.108741)
(6.44226e-08 -4.46819e-08 0.094775)
(9.80152e-08 -1.35209e-07 0.135892)
(4.6251e-08 -2.10417e-07 0.157767)
(-4.62987e-08 -2.10414e-07 0.157767)
(-9.80933e-08 -1.35198e-07 0.135892)
(-6.44935e-08 -4.47258e-08 0.094775)
(4.42999e-08 -2.56819e-08 0.0762216)
(6.71613e-08 -8.62929e-08 0.110017)
(3.12383e-08 -1.38406e-07 0.128348)
(-3.12917e-08 -1.38401e-07 0.128348)
(-6.72442e-08 -8.62763e-08 0.110017)
(-4.43634e-08 -2.57083e-08 0.0762216)
(2.32557e-08 -8.55639e-09 0.0515485)
(3.50478e-08 -3.77315e-08 0.0752852)
(1.576e-08 -6.40745e-08 0.0883891)
(-1.58112e-08 -6.40684e-08 0.0883891)
(-3.51205e-08 -3.77131e-08 0.0752852)
(-2.32945e-08 -8.54592e-09 0.0515485)
(4.70769e-09 1.56972e-09 0.0188243)
(6.77616e-09 -1.73402e-09 0.0282051)
(2.57468e-09 -5.45675e-09 0.0334574)
(-2.60223e-09 -5.45321e-09 0.0334574)
(-6.81028e-09 -1.72298e-09 0.0282051)
(-4.72158e-09 1.58281e-09 0.0188243)
(7.3103e-08 -6.39216e-08 0.133461)
(1.12545e-07 -1.65816e-07 0.190228)
(5.39058e-08 -2.42481e-07 0.218243)
(-5.38353e-08 -2.4247e-07 0.218243)
(-1.1245e-07 -1.65804e-07 0.190228)
(-7.30095e-08 -6.38025e-08 0.133461)
(6.72087e-08 -5.65709e-08 0.127316)
(1.03182e-07 -1.50708e-07 0.181477)
(4.93719e-08 -2.23284e-07 0.208666)
(-4.93004e-08 -2.23275e-07 0.208666)
(-1.03084e-07 -1.50696e-07 0.181477)
(-6.71154e-08 -5.64496e-08 0.127316)
(5.98626e-08 -4.84097e-08 0.119294)
(9.16143e-08 -1.32691e-07 0.170145)
(4.37482e-08 -1.99103e-07 0.196153)
(-4.36764e-08 -1.99096e-07 0.196153)
(-9.15115e-08 -1.32682e-07 0.170145)
(-5.97703e-08 -4.8289e-08 0.119294)
(5.08218e-08 -3.87151e-08 0.10874)
(7.75149e-08 -1.10439e-07 0.155358)
(3.68754e-08 -1.68352e-07 0.179672)
(-3.68044e-08 -1.68347e-07 0.179672)
(-7.74077e-08 -1.10433e-07 0.155358)
(-5.07343e-08 -3.86116e-08 0.10874)
(3.99545e-08 -2.76351e-08 0.0947739)
(6.07299e-08 -8.37014e-08 0.135891)
(2.86893e-08 -1.30273e-07 0.157765)
(-2.86209e-08 -1.30272e-07 0.157765)
(-6.06236e-08 -8.37019e-08 0.135891)
(-3.98767e-08 -2.75591e-08 0.0947739)
(2.74887e-08 -1.58715e-08 0.0762207)
(4.16215e-08 -5.34172e-08 0.110016)
(1.93919e-08 -8.56907e-08 0.128346)
(-1.93301e-08 -8.56931e-08 0.128346)
(-4.15199e-08 -5.34275e-08 0.110016)
(-2.74251e-08 -1.58243e-08 0.0762207)
(1.44441e-08 -5.27453e-09 0.0515479)
(2.17295e-08 -2.33542e-08 0.0752844)
(9.8005e-09 -3.96728e-08 0.0883882)
(-9.75198e-09 -3.96778e-08 0.0883882)
(-2.16492e-08 -2.33703e-08 0.0752844)
(-1.44109e-08 -5.27769e-09 0.0515479)
(2.93249e-09 9.82476e-10 0.018824)
(4.20718e-09 -1.07043e-09 0.0282047)
(1.61536e-09 -3.37872e-09 0.033457)
(-1.59437e-09 -3.3823e-09 0.033457)
(-4.17382e-09 -1.08125e-09 0.0282047)
(-2.92276e-09 9.70265e-10 0.018824)
(4.51584e-08 -3.96193e-08 0.13346)
(6.96239e-08 -1.02705e-07 0.190227)
(3.33039e-08 -1.5018e-07 0.218242)
(-3.34073e-08 -1.50173e-07 0.218242)
(-6.97453e-08 -1.0268e-07 0.190227)
(-4.52873e-08 -3.9648e-08 0.13346)
(4.15097e-08 -3.50693e-08 0.127315)
(6.38265e-08 -9.33519e-08 0.181476)
(3.04945e-08 -1.38294e-07 0.208666)
(-3.06004e-08 -1.38286e-07 0.208666)
(-6.39504e-08 -9.33246e-08 0.181476)
(-4.1639e-08 -3.51007e-08 0.127315)
(3.69624e-08 -3.00164e-08 0.119293)
(5.66635e-08 -8.2197e-08 0.170144)
(2.70103e-08 -1.2332e-07 0.196152)
(-2.7119e-08 -1.2331e-07 0.196152)
(-5.67912e-08 -8.21674e-08 0.170144)
(-3.70915e-08 -3.00505e-08 0.119293)
(3.13669e-08 -2.40138e-08 0.108739)
(4.79336e-08 -6.84179e-08 0.155357)
(2.27533e-08 -1.04275e-07 0.179671)
(-2.28647e-08 -1.04264e-07 0.179671)
(-4.80656e-08 -6.83866e-08 0.155357)
(-3.14923e-08 -2.40362e-08 0.108739)
(2.46449e-08 -1.71531e-08 0.0947732)
(3.75422e-08 -5.18601e-08 0.13589)
(1.76844e-08 -8.06919e-08 0.157765)
(-1.77969e-08 -8.06797e-08 0.157765)
(-3.76733e-08 -5.18255e-08 0.13589)
(-2.47615e-08 -1.71591e-08 0.0947732)
(1.69377e-08 -9.86948e-09 0.0762201)
(2.57161e-08 -3.31046e-08 0.110016)
(1.19312e-08 -5.30803e-08 0.128346)
(-1.20392e-08 -5.30672e-08 0.128346)
(-2.58424e-08 -3.30678e-08 0.110016)
(-1.70403e-08 -9.86676e-09 0.0762201)
(8.88336e-09 -3.30118e-09 0.0515475)
(1.34115e-08 -1.44829e-08 0.0752838)
(6.00477e-09 -2.45787e-08 0.0883876)
(-6.09586e-09 -2.45663e-08 0.0883876)
(-1.35148e-08 -1.4451e-08 0.0752838)
(-8.9504e-09 -3.27205e-09 0.0515475)
(1.79234e-09 5.92655e-10 0.0188238)
(2.58662e-09 -6.71038e-10 0.0282045)
(9.6871e-10 -2.09582e-09 0.0334567)
(-1.01272e-09 -2.08964e-09 0.0334567)
(-2.63271e-09 -6.54508e-10 0.0282045)
(-1.81681e-09 6.12531e-10 0.0188238)
(2.7969e-08 -2.44984e-08 0.133459)
(4.31024e-08 -6.35542e-08 0.190227)
(2.06217e-08 -9.29417e-08 0.218242)
(-2.06767e-08 -9.2918e-08 0.218242)
(-4.31193e-08 -6.35135e-08 0.190227)
(-2.79825e-08 -2.43366e-08 0.133459)
(2.57131e-08 -2.16826e-08 0.127315)
(3.95144e-08 -5.77661e-08 0.181476)
(1.88849e-08 -8.55856e-08 0.208665)
(-1.89354e-08 -8.55624e-08 0.208665)
(-3.95229e-08 -5.77247e-08 0.181476)
(-2.57228e-08 -2.15198e-08 0.127315)
(2.29016e-08 -1.85562e-08 0.119293)
(3.50817e-08 -5.08639e-08 0.170144)
(1.67312e-08 -7.6319e-08 0.196152)
(-1.67756e-08 -7.62977e-08 0.196152)
(-3.50794e-08 -5.08234e-08 0.170144)
(-2.2907e-08 -1.83958e-08 0.119293)
(1.94418e-08 -1.4842e-08 0.108739)
(2.96798e-08 -4.23379e-08 0.155356)
(1.40997e-08 -6.45334e-08 0.17967)
(-1.41362e-08 -6.45155e-08 0.17967)
(-2.96642e-08 -4.23008e-08 0.155356)
(-1.94444e-08 -1.47022e-08 0.108739)
(1.52828e-08 -1.05967e-08 0.0947728)
(2.32501e-08 -3.20915e-08 0.135889)
(1.09665e-08 -4.99387e-08 0.157764)
(-1.09926e-08 -4.99255e-08 0.157764)
(-2.32231e-08 -3.20629e-08 0.135889)
(-1.52842e-08 -1.04873e-08 0.0947728)
(1.05137e-08 -6.09008e-09 0.0762198)
(1.5932e-08 -2.04859e-08 0.110015)
(7.40961e-09 -3.28519e-08 0.128345)
(-7.42407e-09 -3.28448e-08 0.128345)
(-1.58924e-08 -2.04716e-08 0.110015)
(-1.05133e-08 -6.01164e-09 0.0762198)
(5.52496e-09 -2.03074e-09 0.0515472)
(8.31646e-09 -8.9636e-09 0.0752835)
(3.74273e-09 -1.5215e-08 0.0883872)
(-3.74485e-09 -1.52136e-08 0.0883872)
(-8.27519e-09 -8.96241e-09 0.0752835)
(-5.5335e-09 -2.01094e-09 0.0515472)
(1.12142e-09 3.72583e-10 0.0188237)
(1.60926e-09 -4.14351e-10 0.0282043)
(6.15875e-10 -1.29791e-09 0.0334565)
(-6.11784e-10 -1.29894e-09 0.0334565)
(-1.58735e-09 -4.1964e-10 0.0282043)
(-1.12569e-09 3.69298e-10 0.0188237)
(1.71685e-08 -1.51663e-08 0.133459)
(2.66304e-08 -3.93246e-08 0.190227)
(1.27469e-08 -5.75235e-08 0.218242)
(-1.27879e-08 -5.74989e-08 0.218242)
(-2.66304e-08 -3.93047e-08 0.190227)
(-1.72761e-08 -1.49833e-08 0.133459)
(1.57757e-08 -1.34253e-08 0.127315)
(2.44109e-08 -3.57422e-08 0.181475)
(1.16731e-08 -5.29673e-08 0.208665)
(-1.17079e-08 -5.29426e-08 0.208665)
(-2.44002e-08 -3.57169e-08 0.181475)
(-1.58759e-08 -1.32344e-08 0.127315)
(1.40404e-08 -1.14923e-08 0.119293)
(2.16694e-08 -3.14703e-08 0.170144)
(1.03416e-08 -4.7228e-08 0.196151)
(-1.03683e-08 -4.72044e-08 0.196151)
(-2.16448e-08 -3.14403e-08 0.170144)
(-1.41322e-08 -1.12963e-08 0.119293)
(1.19062e-08 -9.19758e-09 0.108738)
(1.83296e-08 -2.61944e-08 0.155356)
(8.71529e-09 -3.99303e-08 0.17967)
(-8.73183e-09 -3.99094e-08 0.17967)
(-1.82881e-08 -2.6163e-08 0.155356)
(-1.19897e-08 -9.0102e-09 0.108738)
(9.34461e-09 -6.57525e-09 0.0947726)
(1.43557e-08 -1.98546e-08 0.135889)
(6.77912e-09 -3.08953e-08 0.157764)
(-6.78369e-09 -3.08791e-08 0.157764)
(-1.4298e-08 -1.98265e-08 0.135889)
(-9.41961e-09 -6.41402e-09 0.0947726)
(6.41203e-09 -3.79307e-09 0.0762196)
(9.83516e-09 -1.2674e-08 0.110015)
(4.58114e-09 -2.03194e-08 0.128345)
(-4.5749e-09 -2.03103e-08 0.128345)
(-9.76599e-09 -1.26602e-08 0.110015)
(-6.47964e-09 -3.67864e-09 0.0762196)
(3.35579e-09 -1.28228e-09 0.0515471)
(5.13372e-09 -5.54413e-09 0.0752833)
(2.31456e-09 -9.40504e-09 0.088387)
(-2.30327e-09 -9.40384e-09 0.088387)
(-5.07236e-09 -5.54797e-09 0.0752833)
(-3.41398e-09 -1.23876e-09 0.0515471)
(6.72807e-10 2.17142e-10 0.0188237)
(9.96055e-10 -2.55772e-10 0.0282042)
(3.80789e-10 -7.99702e-10 0.0334564)
(-3.75836e-10 -8.01569e-10 0.0334564)
(-9.67263e-10 -2.63508e-10 0.0282042)
(-6.94706e-10 2.23576e-10 0.0188237)
(1.09253e-08 -9.50158e-09 0.133459)
(1.66919e-08 -2.4427e-08 0.190227)
(8.0297e-09 -3.57128e-08 0.218242)
(-7.83257e-09 -3.57259e-08 0.218242)
(-1.65018e-08 -2.4483e-08 0.190227)
(-1.07229e-08 -9.59219e-09 0.133459)
(1.00537e-08 -8.41033e-09 0.127314)
(1.53192e-08 -2.21946e-08 0.181475)
(7.36536e-09 -3.28811e-08 0.208665)
(-7.16542e-09 -3.28977e-08 0.208665)
(-1.51296e-08 -2.22574e-08 0.181475)
(-9.85671e-09 -8.51137e-09 0.127314)
(8.96694e-09 -7.19535e-09 0.119292)
(1.36215e-08 -1.95324e-08 0.170143)
(6.54028e-09 -2.9314e-08 0.196151)
(-6.33891e-09 -2.93342e-08 0.196151)
(-1.34351e-08 -1.96017e-08 0.170143)
(-8.77662e-09 -7.3021e-09 0.119292)
(7.62865e-09 -5.75392e-09 0.108738)
(1.155e-08 -1.6245e-08 0.155356)
(5.53029e-09 -2.47783e-08 0.17967)
(-5.33068e-09 -2.4802e-08 0.17967)
(-1.13696e-08 -1.63206e-08 0.155356)
(-7.44633e-09 -5.85471e-09 0.108738)
(6.01509e-09 -4.09896e-09 0.0947724)
(9.08028e-09 -1.22969e-08 0.135889)
(4.32419e-09 -1.91646e-08 0.157764)
(-4.13219e-09 -1.91908e-08 0.157764)
(-8.91029e-09 -1.23727e-08 0.135889)
(-5.84661e-09 -4.19386e-09 0.0947724)
(4.15362e-09 -2.32576e-09 0.0762194)
(6.25709e-09 -7.82463e-09 0.110015)
(2.94839e-09 -1.25918e-08 0.128345)
(-2.77464e-09 -1.26187e-08 0.128345)
(-6.10739e-09 -7.89282e-09 0.110015)
(-4.00845e-09 -2.41242e-09 0.0762194)
(2.19339e-09 -7.34145e-10 0.051547)
(3.29753e-09 -3.38973e-09 0.0752832)
(1.51625e-09 -5.81171e-09 0.0883869)
(-1.3812e-09 -5.83423e-09 0.0883869)
(-3.18567e-09 -3.44232e-09 0.0752832)
(-2.08849e-09 -8.0169e-10 0.051547)
(4.5671e-10 1.70359e-10 0.0188236)
(6.60745e-10 -1.34139e-10 0.0282042)
(2.69619e-10 -4.8559e-10 0.0334564)
(-2.10574e-10 -4.94953e-10 0.0334564)
(-6.15613e-10 -1.55575e-10 0.0282042)
(-4.15512e-10 1.41248e-10 0.0188236)
(6.67464e-09 -5.82176e-09 0.133459)
(1.02652e-08 -1.50864e-08 0.190226)
(4.94156e-09 -2.2062e-08 0.218242)
(-4.8664e-09 -2.20581e-08 0.218242)
(-1.02101e-08 -1.50808e-08 0.190226)
(-6.6601e-09 -5.7499e-09 0.133459)
(6.13353e-09 -5.15246e-09 0.127314)
(9.41003e-09 -1.37088e-08 0.181475)
(4.52659e-09 -2.03113e-08 0.208665)
(-4.45559e-09 -2.03077e-08 0.208665)
(-9.35945e-09 -1.37022e-08 0.181475)
(-6.12169e-09 -5.06883e-09 0.127314)
(5.45927e-09 -4.41053e-09 0.119292)
(8.35309e-09 -1.20683e-08 0.170143)
(4.01143e-09 -1.81086e-08 0.196151)
(-3.94642e-09 -1.81052e-08 0.196151)
(-8.30655e-09 -1.20598e-08 0.170143)
(-5.45116e-09 -4.31546e-09 0.119292)
(4.62997e-09 -3.53019e-09 0.108738)
(7.06445e-09 -1.00443e-08 0.155356)
(3.3811e-09 -1.53099e-08 0.17967)
(-3.32483e-09 -1.53069e-08 0.17967)
(-7.02324e-09 -1.00338e-08 0.155356)
(-4.62745e-09 -3.43361e-09 0.108738)
(3.63508e-09 -2.52431e-09 0.0947723)
(5.52986e-09 -7.61385e-09 0.135889)
(2.62914e-09 -1.18462e-08 0.157764)
(-2.58556e-09 -1.18436e-08 0.157764)
(-5.4945e-09 -7.60239e-09 0.135889)
(-3.63909e-09 -2.43192e-09 0.0947723)
(2.49415e-09 -1.45522e-09 0.0762193)
(3.78248e-09 -4.86011e-09 0.110015)
(1.7734e-09 -7.7906e-09 0.128345)
(-1.74737e-09 -7.78885e-09 0.128345)
(-3.75727e-09 -4.85084e-09 0.110015)
(-2.51109e-09 -1.39209e-09 0.0762193)
(1.30297e-09 -4.87912e-10 0.0515469)
(1.9641e-09 -2.12559e-09 0.0752831)
(8.89509e-10 -3.60386e-09 0.0883868)
(-8.85062e-10 -3.60339e-09 0.0883868)
(-1.95609e-09 -2.12175e-09 0.0752831)
(-1.33042e-09 -4.62226e-10 0.0515469)
(2.59364e-10 8.5633e-11 0.0188236)
(3.71027e-10 -9.96128e-11 0.0282041)
(1.39486e-10 -3.06185e-10 0.0334563)
(-1.49809e-10 -3.05623e-10 0.0334563)
(-3.76196e-10 -9.78593e-11 0.0282041)
(-2.75575e-10 9.15803e-11 0.0188236)
(4.18439e-09 -3.58965e-09 0.133459)
(6.3554e-09 -9.33983e-09 0.190226)
(3.02717e-09 -1.36567e-08 0.218242)
(-3.06958e-09 -1.36539e-08 0.218242)
(-6.3656e-09 -9.33469e-09 0.190226)
(-4.1571e-09 -3.59148e-09 0.133459)
(3.85002e-09 -3.17394e-09 0.127314)
(5.82538e-09 -8.4875e-09 0.181475)
(2.76834e-09 -1.25751e-08 0.208665)
(-2.81741e-09 -1.25711e-08 0.208665)
(-5.83861e-09 -8.48256e-09 0.181475)
(-3.82485e-09 -3.18374e-09 0.127314)
(3.4334e-09 -2.71314e-09 0.119292)
(5.17062e-09 -7.47309e-09 0.170143)
(2.44763e-09 -1.12145e-08 0.196151)
(-2.50421e-09 -1.1209e-08 0.196151)
(-5.18834e-09 -7.46777e-09 0.170143)
(-3.41051e-09 -2.73499e-09 0.119292)
(2.92042e-09 -2.16635e-09 0.108738)
(4.37275e-09 -6.22137e-09 0.155356)
(2.05627e-09 -9.48506e-09 0.17967)
(-2.12071e-09 -9.47809e-09 0.17967)
(-4.39608e-09 -6.21506e-09 0.155356)
(-2.90042e-09 -2.20289e-09 0.108738)
(2.30196e-09 -1.54155e-09 0.0947723)
(3.42312e-09 -4.71704e-09 0.135889)
(1.59107e-09 -7.34271e-09 0.157764)
(-1.66254e-09 -7.33435e-09 0.157764)
(-3.45538e-09 -4.71007e-09 0.135889)
(-2.28463e-09 -1.58709e-09 0.0947723)
(1.59135e-09 -8.78248e-10 0.0762193)
(2.34246e-09 -3.01342e-09 0.110014)
(1.06489e-09 -4.83335e-09 0.128345)
(-1.13962e-09 -4.82445e-09 0.128345)
(-2.37952e-09 -3.00318e-09 0.110014)
(-1.56986e-09 -9.05029e-10 0.0762193)
(8.43181e-10 -2.8414e-10 0.0515469)
(1.21892e-09 -1.32106e-09 0.0752831)
(5.26957e-10 -2.24116e-09 0.0883867)
(-5.92643e-10 -2.23261e-09 0.0883867)
(-1.25125e-09 -1.30561e-09 0.0752831)
(-8.2223e-10 -2.93527e-10 0.0515469)
(1.7531e-10 6.13575e-11 0.0188236)
(2.32164e-10 -6.22519e-11 0.0282041)
(7.84263e-11 -1.92212e-10 0.0334563)
(-1.10144e-10 -1.88402e-10 0.0334563)
(-2.48525e-10 -5.45175e-11 0.0282041)
(-1.6648e-10 5.93577e-11 0.0188236)
(2.50918e-09 -2.25749e-09 0.133458)
(3.90473e-09 -5.81838e-09 0.190226)
(1.84628e-09 -8.50143e-09 0.218242)
(-1.9222e-09 -8.51184e-09 0.218242)
(-4.01571e-09 -5.82575e-09 0.190226)
(-2.61604e-09 -2.3797e-09 0.133458)
(2.30182e-09 -2.00054e-09 0.127314)
(3.57702e-09 -5.28968e-09 0.181475)
(1.68616e-09 -7.82917e-09 0.208665)
(-1.76496e-09 -7.8389e-09 0.208665)
(-3.69312e-09 -5.29686e-09 0.181475)
(-2.40952e-09 -2.12416e-09 0.127314)
(2.04361e-09 -1.71487e-09 0.119292)
(3.17228e-09 -4.65862e-09 0.170143)
(1.48811e-09 -6.9816e-09 0.196151)
(-1.56942e-09 -6.98975e-09 0.196151)
(-3.29409e-09 -4.66488e-09 0.170143)
(-2.15118e-09 -1.83784e-09 0.119292)
(1.72664e-09 -1.37566e-09 0.108738)
(2.67936e-09 -3.87874e-09 0.155356)
(1.2471e-09 -5.90341e-09 0.17967)
(-1.32955e-09 -5.90912e-09 0.17967)
(-2.80674e-09 -3.88299e-09 0.155356)
(-1.83021e-09 -1.48337e-09 0.108738)
(1.34844e-09 -9.88318e-10 0.0947722)
(2.09348e-09 -2.94166e-09 0.135889)
(9.61769e-10 -4.56833e-09 0.157764)
(-1.04206e-09 -4.57106e-09 0.157764)
(-2.22044e-09 -2.94093e-09 0.135889)
(-1.44179e-09 -1.06856e-09 0.0947722)
(9.16804e-10 -5.77025e-10 0.0762193)
(1.4286e-09 -1.87898e-09 0.110014)
(6.4065e-10 -3.00434e-09 0.128345)
(-7.11589e-10 -3.00369e-09 0.128345)
(-1.54782e-09 -1.87031e-09 0.110014)
(-9.92823e-10 -6.23929e-10 0.0762193)
(4.71535e-10 -2.02052e-10 0.0515469)
(7.39782e-10 -8.22658e-10 0.075283)
(3.14501e-10 -1.38929e-09 0.0883867)
(-3.65143e-10 -1.38603e-09 0.0883867)
(-8.29684e-10 -8.08876e-10 0.075283)
(-5.1255e-10 -1.96379e-10 0.0515469)
(8.92986e-11 2.62545e-11 0.0188236)
(1.40033e-10 -3.9343e-11 0.0282041)
(4.53278e-11 -1.18179e-10 0.0334563)
(-6.15767e-11 -1.15557e-10 0.0334563)
(-1.73251e-10 -2.984e-11 0.0282041)
(-1.01401e-10 4.00408e-11 0.0188236)
(1.59808e-09 -1.3733e-09 0.133458)
(2.4463e-09 -3.5771e-09 0.190226)
(1.17817e-09 -5.23284e-09 0.218242)
(-1.15308e-09 -5.22464e-09 0.218242)
(-2.39262e-09 -3.56904e-09 0.190226)
(-1.53342e-09 -1.26972e-09 0.133458)
(1.47057e-09 -1.21457e-09 0.127314)
(2.24357e-09 -3.25196e-09 0.181475)
(1.08062e-09 -4.81978e-09 0.208665)
(-1.05413e-09 -4.81223e-09 0.208665)
(-2.18606e-09 -3.2438e-09 0.181475)
(-1.40545e-09 -1.10747e-09 0.127314)
(1.31175e-09 -1.03832e-09 0.119292)
(1.99312e-09 -2.86417e-09 0.170143)
(9.59648e-10 -4.29947e-09 0.196151)
(-9.31314e-10 -4.29339e-09 0.196151)
(-1.93032e-09 -2.85667e-09 0.170143)
(-1.24651e-09 -9.30046e-10 0.119292)
(1.11618e-09 -8.28871e-10 0.108738)
(1.68778e-09 -2.38476e-09 0.155356)
(8.1163e-10 -3.63735e-09 0.17967)
(-7.81153e-10 -3.63326e-09 0.17967)
(-1.61829e-09 -2.37888e-09 0.155356)
(-1.05356e-09 -7.33575e-10 0.108738)
(8.79858e-10 -5.89566e-10 0.0947722)
(1.32397e-09 -1.80831e-09 0.135889)
(6.34923e-10 -2.81657e-09 0.157764)
(-6.02602e-10 -2.81492e-09 0.157764)
(-1.251e-09 -1.80644e-09 0.135889)
(-8.23856e-10 -5.17543e-10 0.0947722)
(6.09237e-10 -3.35878e-10 0.0762192)
(9.09165e-10 -1.15592e-09 0.110014)
(4.33415e-10 -1.85544e-09 0.128345)
(-4.0162e-10 -1.8566e-09 0.128345)
(-8.3493e-10 -1.16072e-09 0.110014)
(-5.63231e-10 -2.89633e-10 0.0762192)
(3.24442e-10 -1.10023e-10 0.0515469)
(4.76497e-10 -5.08059e-10 0.075283)
(2.23652e-10 -8.62721e-10 0.0883867)
(-1.97154e-10 -8.65692e-10 0.0883867)
(-4.15187e-10 -5.17499e-10 0.075283)
(-3.01638e-10 -1.09022e-10 0.0515469)
(6.8083e-11 2.3004e-11 0.0188236)
(9.27339e-11 -2.40705e-11 0.0282041)
(4.01389e-11 -7.45883e-11 0.0334563)
(-2.92382e-11 -7.66564e-11 0.0334563)
(-6.6596e-11 -3.16367e-11 0.0282041)
(-6.16864e-11 1.40161e-11 0.0188236)
(7.36217e-10 -8.53466e-10 0.133458)
(1.30771e-09 -2.28265e-09 0.190226)
(5.63287e-10 -3.30489e-09 0.218242)
(-8.7738e-10 -3.30274e-09 0.218242)
(-1.61243e-09 -2.32177e-09 0.190226)
(-9.94596e-10 -9.19231e-10 0.133458)
(6.6247e-10 -7.57045e-10 0.127314)
(1.18027e-09 -2.08328e-09 0.181475)
(5.00815e-10 -3.04985e-09 0.208665)
(-8.20456e-10 -3.04729e-09 0.208665)
(-1.48635e-09 -2.12031e-09 0.181475)
(-9.13563e-10 -8.24011e-10 0.127314)
(5.71799e-10 -6.52043e-10 0.119292)
(1.0243e-09 -1.84342e-09 0.170143)
(4.24249e-10 -2.72589e-09 0.196151)
(-7.48886e-10 -2.7229e-09 0.196151)
(-1.33051e-09 -1.87458e-09 0.170143)
(-8.11817e-10 -7.09915e-10 0.119292)
(4.62277e-10 -5.26305e-10 0.108738)
(8.36872e-10 -1.54553e-09 0.155356)
(3.3258e-10 -2.3112e-09 0.17967)
(-6.59458e-10 -2.30586e-09 0.17967)
(-1.13819e-09 -1.5695e-09 0.155356)
(-6.85437e-10 -5.62056e-10 0.108738)
(3.37563e-10 -3.89798e-10 0.0947722)
(6.18433e-10 -1.18626e-09 0.135889)
(2.27139e-10 -1.79546e-09 0.157764)
(-5.49973e-10 -1.78814e-09 0.157764)
(-9.04764e-10 -1.18911e-09 0.135889)
(-5.3466e-10 -4.0031e-10 0.0947722)
(2.07457e-10 -2.59371e-10 0.0762192)
(3.82972e-10 -7.78801e-10 0.110014)
(1.15161e-10 -1.19025e-09 0.128345)
(-4.13764e-10 -1.1768e-09 0.128345)
(-6.32211e-10 -7.38153e-10 0.110014)
(-3.64498e-10 -2.31288e-10 0.0762192)
(8.84056e-11 -1.3196e-10 0.0515469)
(1.61622e-10 -3.67811e-10 0.075283)
(1.86369e-11 -5.61376e-10 0.0883867)
(-2.51952e-10 -5.38686e-10 0.0883867)
(-3.4442e-10 -3.0168e-10 0.075283)
(-1.89179e-10 -7.90949e-11 0.0515469)
(1.38321e-12 -1.82465e-11 0.0188236)
(5.16404e-12 -3.74547e-11 0.0282041)
(-2.59808e-11 -5.45969e-11 0.0334563)
(-7.43509e-11 -4.1974e-11 0.0334563)
(-8.10619e-11 -2.0547e-12 0.0282041)
(-3.78499e-11 1.17123e-11 0.0188236)
(6.55724e-10 -4.39594e-10 0.133458)
(9.74454e-10 -1.30913e-09 0.190226)
(4.85528e-10 -1.95461e-09 0.218242)
(-4.02839e-10 -1.95981e-09 0.218242)
(-9.24046e-10 -1.27733e-09 0.190226)
(-6.27115e-10 -4.38515e-10 0.133458)
(6.09716e-10 -3.81355e-10 0.127314)
(9.01199e-10 -1.1846e-09 0.181475)
(4.53394e-10 -1.79754e-09 0.208665)
(-3.58666e-10 -1.80148e-09 0.208665)
(-8.44135e-10 -1.15272e-09 0.181475)
(-5.79687e-10 -3.69698e-10 0.127314)
(5.5215e-10 -3.17888e-10 0.119292)
(8.11027e-10 -1.0366e-09 0.170143)
(4.13986e-10 -1.60023e-09 0.196151)
(-3.0355e-10 -1.60265e-09 0.196151)
(-7.43649e-10 -1.00444e-09 0.170143)
(-5.20646e-10 -2.93887e-10 0.119292)
(4.80539e-10 -2.43265e-10 0.108738)
(7.01328e-10 -8.54617e-10 0.155356)
(3.66163e-10 -1.34977e-09 0.17967)
(-2.35389e-10 -1.35167e-09 0.17967)
(-6.21532e-10 -8.20715e-10 0.155356)
(-4.48846e-10 -2.18342e-10 0.108738)
(3.92685e-10 -1.58546e-10 0.0947722)
(5.70107e-10 -6.36671e-10 0.135889)
(3.09057e-10 -1.04018e-09 0.157764)
(-1.53828e-10 -1.04111e-09 0.157764)
(-4.7747e-10 -6.16889e-10 0.135889)
(-3.61498e-10 -1.31099e-10 0.0947722)
(2.88469e-10 -7.22958e-11 0.0762192)
(4.18057e-10 -3.93675e-10 0.110014)
(2.41989e-10 -6.80364e-10 0.128345)
(-6.76214e-11 -6.86352e-10 0.128345)
(-3.19032e-10 -4.10912e-10 0.110014)
(-2.62577e-10 -5.95303e-11 0.0762192)
(1.71664e-10 -2.11575e-12 0.0515468)
(2.50359e-10 -1.58459e-10 0.075283)
(1.61592e-10 -3.12199e-10 0.0883867)
(5.47364e-12 -3.28547e-10 0.0883867)
(-1.59786e-10 -2.03631e-10 0.075283)
(-1.55749e-10 -1.15068e-11 0.0515468)
(4.91526e-11 2.51356e-11 0.0188236)
(7.40096e-11 6.75611e-12 0.0282041)
(5.90127e-11 -2.21863e-11 0.0334563)
(3.38466e-11 -3.29944e-11 0.0334563)
(-2.24394e-11 -2.03871e-11 0.0282041)
(-4.10213e-11 1.54057e-11 0.0188236)
(3.96849e-10 -2.98023e-10 0.133458)
(6.29629e-10 -7.92307e-10 0.190226)
(3.46714e-10 -1.18257e-09 0.218242)
(-2.08141e-10 -1.15752e-09 0.218242)
(-4.2431e-10 -7.71174e-10 0.190226)
(-3.02792e-10 -2.02481e-11 0.133458)
(3.6715e-10 -2.62695e-10 0.127314)
(5.82569e-10 -7.19575e-10 0.181475)
(3.26597e-10 -1.08903e-09 0.208665)
(-1.81203e-10 -1.06667e-09 0.208665)
(-3.6347e-10 -6.97199e-10 0.181475)
(-2.72676e-10 6.65349e-12 0.127314)
(3.29604e-10 -2.22839e-10 0.119292)
(5.23804e-10 -6.32791e-10 0.170143)
(3.00583e-10 -9.70438e-10 0.196151)
(-1.48336e-10 -9.53138e-10 0.196151)
(-2.91157e-10 -6.1117e-10 0.170143)
(-2.37239e-10 1.95815e-11 0.119292)
(2.82548e-10 -1.7522e-10 0.108738)
(4.50871e-10 -5.24995e-10 0.155356)
(2.66849e-10 -8.19522e-10 0.17967)
(-1.10163e-10 -8.08413e-10 0.17967)
(-2.07503e-10 -5.09279e-10 0.155356)
(-1.95939e-10 3.0286e-11 0.108738)
(2.24925e-10 -1.21495e-10 0.0947722)
(3.61769e-10 -3.95522e-10 0.135889)
(2.23145e-10 -6.32734e-10 0.157764)
(-6.83128e-11 -6.28858e-10 0.157764)
(-1.16458e-10 -3.88894e-10 0.135889)
(-1.52103e-10 2.34285e-11 0.0947722)
(1.57541e-10 -6.65403e-11 0.0762192)
(2.56938e-10 -2.50789e-10 0.110014)
(1.67401e-10 -4.16238e-10 0.128345)
(-2.84961e-11 -4.20035e-10 0.128345)
(-3.19215e-11 -2.6192e-10 0.110014)
(-1.09983e-10 -3.85676e-12 0.0762192)
(8.51895e-11 -1.93633e-11 0.0515468)
(1.41846e-10 -1.09579e-10 0.075283)
(9.95149e-11 -1.95334e-10 0.0883867)
(-1.75731e-12 -2.03955e-10 0.0883867)
(2.50379e-11 -1.38996e-10 0.075283)
(-6.69005e-11 -2.58757e-11 0.0515468)
(1.82768e-11 6.31273e-12 0.0188236)
(3.10418e-11 -4.08296e-12 0.0282041)
(2.50063e-11 -1.71562e-11 0.0334563)
(3.19163e-12 -2.2999e-11 0.0334563)
(3.37141e-11 -2.4102e-11 0.0282041)
(-1.29267e-11 -8.31527e-12 0.0188236)
(1.93798e-10 -2.3115e-10 0.133458)
(3.29713e-10 -5.30099e-10 0.190226)
(1.53991e-10 -7.57642e-10 0.218242)
(-1.77906e-10 -7.44097e-10 0.218242)
(-3.43373e-10 -5.05716e-10 0.190226)
(-2.10777e-10 -1.84923e-10 0.133458)
(1.7575e-10 -2.07791e-10 0.127314)
(2.99391e-10 -4.84302e-10 0.181475)
(1.38133e-10 -6.98789e-10 0.208665)
(-1.65131e-10 -6.85015e-10 0.208665)
(-3.14825e-10 -4.59457e-10 0.181475)
(-1.94124e-10 -1.63001e-10 0.127314)
(1.53343e-10 -1.81036e-10 0.119292)
(2.61976e-10 -4.29086e-10 0.170143)
(1.18402e-10 -6.2404e-10 0.196151)
(-1.4948e-10 -6.10257e-10 0.196151)
(-2.79963e-10 -4.03961e-10 0.170143)
(-1.73218e-10 -1.38229e-10 0.119292)
(1.2601e-10 -1.48355e-10 0.108738)
(2.16384e-10 -3.60042e-10 0.155356)
(9.40662e-11 -5.28703e-10 0.17967)
(-1.30841e-10 -5.15585e-10 0.17967)
(-2.38234e-10 -3.35575e-10 0.155356)
(-1.47311e-10 -1.09146e-10 0.108738)
(9.39008e-11 -1.10814e-10 0.0947722)
(1.62436e-10 -2.76567e-10 0.135889)
(6.49804e-11 -4.10617e-10 0.157764)
(-1.09065e-10 -3.98329e-10 0.157764)
(-1.89658e-10 -2.52905e-10 0.135889)
(-1.15977e-10 -7.62584e-11 0.0947722)
(5.8518e-11 -7.02268e-11 0.0762192)
(1.02435e-10 -1.81471e-10 0.110014)
(3.26067e-11 -2.72597e-10 0.128345)
(-8.43721e-11 -2.6224e-10 0.128345)
(-1.35897e-10 -1.60263e-10 0.110014)
(-8.00669e-11 -4.2964e-11 0.0762192)
(2.4431e-11 -3.145e-11 0.0515468)
(4.34675e-11 -8.59212e-11 0.075283)
(2.65065e-12 -1.30361e-10 0.0883867)
(-5.63451e-11 -1.22476e-10 0.0883867)
(-8.01424e-11 -6.89369e-11 0.075283)
(-4.27769e-11 -1.45948e-11 0.0515468)
(4.65031e-13 -3.06796e-12 0.0188236)
(4.36791e-13 -9.3774e-12 0.0282041)
(-1.15123e-11 -1.39941e-11 0.0334563)
(-2.10864e-11 -1.05677e-11 0.0334563)
(-2.43961e-11 -1.16801e-12 0.0282041)
(-9.32641e-12 2.15623e-12 0.0188236)
(1.23477e-10 -1.21127e-10 0.133458)
(1.91579e-10 -3.30975e-10 0.190226)
(9.19948e-11 -4.79044e-10 0.218242)
(-1.07054e-10 -4.85023e-10 0.218242)
(-2.01015e-10 -3.4779e-10 0.190226)
(-1.12093e-10 -1.5449e-10 0.133458)
(1.1261e-10 -1.07337e-10 0.127314)
(1.72224e-10 -3.00444e-10 0.181475)
(8.16931e-11 -4.40285e-10 0.208665)
(-9.97361e-11 -4.45833e-10 0.208665)
(-1.83412e-10 -3.16335e-10 0.181475)
(-1.00968e-10 -1.38961e-10 0.127314)
(9.93298e-11 -9.25937e-11 0.119292)
(1.48992e-10 -2.64311e-10 0.170143)
(6.92829e-11 -3.91596e-10 0.196151)
(-9.03264e-11 -3.96203e-10 0.196151)
(-1.61662e-10 -2.78177e-10 0.170143)
(-8.72915e-11 -1.21326e-10 0.119292)
(8.33563e-11 -7.52517e-11 0.108738)
(1.21775e-10 -2.2018e-10 0.155356)
(5.49202e-11 -3.30125e-10 0.17967)
(-7.8237e-11 -3.33119e-10 0.17967)
(-1.35144e-10 -2.30788e-10 0.155356)
(-7.08376e-11 -9.98045e-11 0.108738)
(6.45977e-11 -5.4891e-11 0.0947722)
(9.08601e-11 -1.67255e-10 0.135889)
(3.90877e-11 -2.54298e-10 0.157764)
(-6.29321e-11 -2.55942e-10 0.157764)
(-1.03711e-10 -1.74651e-10 0.135889)
(-5.17905e-11 -7.50218e-11 0.0947722)
(4.37049e-11 -3.2862e-11 0.0762192)
(5.78605e-11 -1.07314e-10 0.110014)
(2.31312e-11 -1.66207e-10 0.128345)
(-4.42482e-11 -1.66089e-10 0.128345)
(-6.81721e-11 -1.11137e-10 0.110014)
(-3.11284e-11 -4.77001e-11 0.0762192)
(2.26315e-11 -1.24697e-11 0.0515468)
(2.66993e-11 -4.80669e-11 0.075283)
(9.74452e-12 -7.58842e-11 0.0883867)
(-2.2975e-11 -7.45473e-11 0.0883867)
(-3.19465e-11 -4.82565e-11 0.075283)
(-1.18017e-11 -2.12471e-11 0.0515468)
(4.41936e-12 1.19277e-12 0.0188236)
(3.31263e-12 -3.27623e-12 0.0282041)
(1.57249e-12 -6.22105e-12 0.0334563)
(-3.40738e-12 -5.80802e-12 0.0334563)
(-3.39747e-12 -3.19695e-12 0.0282041)
(6.18619e-13 -1.98305e-12 0.0188236)
(2.08386e-10 -1.50803e-10 0.133458)
(2.13693e-10 -2.49577e-10 0.190226)
(1.05025e-10 -3.49403e-10 0.218242)
(-4.11029e-11 -3.61079e-10 0.218242)
(-1.61041e-10 -2.73675e-10 0.190226)
(-1.03997e-10 -2.27086e-10 0.133458)
(1.98752e-10 -1.34361e-10 0.127314)
(2.03701e-10 -2.26783e-10 0.181475)
(9.90636e-11 -3.22161e-10 0.208665)
(-3.63935e-11 -3.34472e-10 0.208665)
(-1.53688e-10 -2.52304e-10 0.181475)
(-9.83128e-11 -2.18418e-10 0.127314)
(1.859e-10 -1.1291e-10 0.119292)
(1.90066e-10 -1.98955e-10 0.170143)
(9.161e-11 -2.87359e-10 0.196151)
(-3.04893e-11 -3.00236e-10 0.196151)
(-1.44755e-10 -2.24933e-10 0.170143)
(-9.02471e-11 -2.00642e-10 0.119292)
(1.69004e-10 -8.98357e-11 0.108738)
(1.72159e-10 -1.6238e-10 0.155356)
(8.22173e-11 -2.42117e-10 0.17967)
(-2.34668e-11 -2.54515e-10 0.17967)
(-1.32628e-10 -1.90282e-10 0.155356)
(-7.85595e-11 -1.70411e-10 0.108738)
(1.44532e-10 -5.77615e-11 0.0947722)
(1.48686e-10 -1.18e-10 0.135889)
(7.03503e-11 -1.85676e-10 0.157764)
(-1.50002e-11 -1.97486e-10 0.157764)
(-1.16081e-10 -1.4462e-10 0.135889)
(-6.23266e-11 -1.29437e-10 0.0947722)
(1.09362e-10 -1.51826e-11 0.0762192)
(1.15987e-10 -6.6035e-11 0.110014)
(5.52665e-11 -1.1827e-10 0.128345)
(-5.31459e-12 -1.28526e-10 0.128345)
(-9.14072e-11 -8.94475e-11 0.110014)
(-3.88164e-11 -7.09302e-11 0.0762192)
(6.36809e-11 1.88076e-11 0.0515468)
(7.21415e-11 -1.68602e-11 0.075283)
(3.57731e-11 -4.97777e-11 0.0883867)
(4.31438e-12 -5.7132e-11 0.0883867)
(-5.60303e-11 -3.21548e-11 0.075283)
(-1.33944e-11 -1.61509e-11 0.0515468)
(1.85995e-11 1.73673e-11 0.0188236)
(2.099e-11 7.59313e-12 0.0282041)
(1.13835e-11 -1.64531e-12 0.0334563)
(7.84252e-12 -4.22702e-12 0.0334563)
(-1.59858e-11 2.69484e-12 0.0282041)
(-7.48209e-13 4.72639e-12 0.0188236)
(7.08059e-11 -5.52654e-11 0.133458)
(1.18229e-10 -1.07721e-10 0.190226)
(7.30112e-11 -1.64251e-10 0.218242)
(-6.58848e-12 -1.54282e-10 0.218242)
(-5.78574e-11 -9.32549e-11 0.190226)
(-5.74311e-11 4.43781e-11 0.133458)
(6.48742e-11 -4.86644e-11 0.127314)
(1.12184e-10 -9.5755e-11 0.181475)
(7.01994e-11 -1.48661e-10 0.208665)
(-2.63057e-12 -1.3966e-10 0.208665)
(-4.99873e-11 -8.1413e-11 0.181475)
(-5.21929e-11 5.69278e-11 0.127314)
(5.69342e-11 -4.05011e-11 0.119292)
(1.03859e-10 -8.16574e-11 0.170143)
(6.62505e-11 -1.2953e-10 0.196151)
(2.00073e-12 -1.22641e-10 0.196151)
(-3.89878e-11 -6.84949e-11 0.170143)
(-4.61833e-11 6.70151e-11 0.119292)
(4.67909e-11 -3.08278e-11 0.108738)
(9.2424e-11 -6.4667e-11 0.155356)
(6.05325e-11 -1.06288e-10 0.17967)
(7.00818e-12 -1.02456e-10 0.17967)
(-2.59521e-11 -5.49288e-11 0.155356)
(-4.00114e-11 6.75986e-11 0.108738)
(3.52844e-11 -2.08666e-11 0.0947722)
(7.71858e-11 -4.53155e-11 0.135889)
(5.24137e-11 -7.9025e-11 0.157764)
(1.17789e-11 -7.83907e-11 0.157764)
(-1.04162e-11 -4.069e-11 0.135889)
(-3.38603e-11 6.25046e-11 0.0947722)
(2.14869e-11 -1.03802e-11 0.0762192)
(5.76683e-11 -2.46482e-11 0.110014)
(4.1029e-11 -4.88891e-11 0.128345)
(1.50182e-11 -5.18729e-11 0.128345)
(3.47579e-12 -2.76687e-11 0.110014)
(-3.11642e-11 3.80075e-11 0.0762192)
(8.21204e-12 -3.39945e-13 0.0515468)
(3.35837e-11 -5.78925e-12 0.075283)
(2.54975e-11 -1.95657e-11 0.0883867)
(1.38124e-11 -2.50717e-11 0.0883867)
(9.99381e-12 -1.71401e-11 0.075283)
(-2.71403e-11 1.04497e-11 0.0515468)
(1.94223e-13 2.28421e-12 0.0188236)
(8.61191e-12 3.38966e-12 0.0282041)
(6.74174e-12 5.94577e-13 0.0334563)
(5.70218e-12 -2.53129e-12 0.0334563)
(7.27269e-12 -3.77249e-12 0.0282041)
(-1.03791e-11 1.03647e-12 0.0188236)
(1.11893e-10 -2.72884e-11 0.133458)
(9.98886e-11 -6.51418e-11 0.190226)
(5.03292e-11 -1.03635e-10 0.218242)
(-9.8546e-12 -1.03254e-10 0.218242)
(-2.85289e-11 -7.63505e-11 0.190226)
(-2.66313e-11 -2.46177e-11 0.133458)
(1.06995e-10 -2.0923e-11 0.127314)
(9.50955e-11 -5.8027e-11 0.181475)
(4.64778e-11 -9.48477e-11 0.208665)
(-9.73531e-12 -9.43546e-11 0.208665)
(-2.42191e-11 -7.00928e-11 0.181475)
(-2.50493e-11 -2.7593e-11 0.127314)
(1.00509e-10 -1.32718e-11 0.119292)
(8.8297e-11 -5.00652e-11 0.170143)
(4.14447e-11 -8.43539e-11 0.196151)
(-9.81168e-12 -8.34123e-11 0.196151)
(-2.01664e-11 -6.27435e-11 0.170143)
(-2.31923e-11 -3.37896e-11 0.119292)
(9.18218e-11 -4.65612e-12 0.108738)
(7.88014e-11 -4.06345e-11 0.155356)
(3.486e-11 -7.12891e-11 0.17967)
(-1.01604e-11 -6.97452e-11 0.17967)
(-1.63753e-11 -5.29761e-11 0.155356)
(-2.10669e-11 -4.06696e-11 0.108738)
(7.9299e-11 4.20917e-12 0.0947722)
(6.57188e-11 -2.92312e-11 0.135889)
(2.64544e-11 -5.49998e-11 0.157764)
(-1.09743e-11 -5.30586e-11 0.157764)
(-1.49124e-11 -4.12288e-11 0.135889)
(-1.71161e-11 -4.25134e-11 0.0947722)
(6.29193e-11 1.27915e-11 0.0762192)
(4.84598e-11 -1.65744e-11 0.110014)
(1.61383e-11 -3.57966e-11 0.128345)
(-1.2388e-11 -3.43096e-11 0.128345)
(-1.21501e-11 -2.64987e-11 0.110014)
(-7.68416e-12 -2.45525e-11 0.0762192)
(4.02735e-11 1.6434e-11 0.0515468)
(2.74992e-11 -4.96895e-12 0.075283)
(5.12697e-12 -1.65298e-11 0.0883867)
(-1.22439e-11 -1.48253e-11 0.0883867)
(-7.20116e-12 -8.8338e-12 0.075283)
(5.22716e-13 -8.49727e-12 0.0515468)
(1.2803e-11 9.1104e-12 0.0188236)
(5.60367e-12 1.73416e-12 0.0282041)
(-2.30248e-12 -1.06134e-12 0.0334563)
(-7.13954e-12 -6.35816e-14 0.0334563)
(-2.4033e-12 1.07088e-12 0.0282041)
(2.46745e-12 -5.51235e-13 0.0188236)
(-8.42121e-11 -9.99926e-12 0.133458)
(-6.72886e-11 -4.46543e-11 0.190226)
(-7.34186e-11 -5.69753e-11 0.218242)
(-9.70031e-11 -6.12352e-11 0.218242)
(-1.46684e-10 -2.88941e-11 0.190226)
(-9.33979e-11 -1.22183e-10 0.133458)
(-8.39431e-11 -1.37385e-11 0.127314)
(-7.15227e-11 -4.43881e-11 0.181475)
(-7.70148e-11 -5.49888e-11 0.208665)
(-9.80765e-11 -5.71842e-11 0.208665)
(-1.49691e-10 -2.65729e-11 0.181475)
(-9.32747e-11 -1.24221e-10 0.127314)
(-8.31646e-11 -1.91705e-11 0.119292)
(-7.57096e-11 -4.43965e-11 0.170143)
(-8.07795e-11 -5.2767e-11 0.196151)
(-9.88099e-11 -5.17941e-11 0.196151)
(-1.53159e-10 -2.37296e-11 0.170143)
(-9.20408e-11 -1.24211e-10 0.119292)
(-8.12984e-11 -2.54113e-11 0.108738)
(-7.89664e-11 -4.43738e-11 0.155356)
(-8.39455e-11 -4.94379e-11 0.17967)
(-9.85109e-11 -4.45125e-11 0.17967)
(-1.56251e-10 -1.91167e-11 0.155356)
(-8.71549e-11 -1.10517e-10 0.108738)
(-7.62279e-11 -3.11303e-11 0.0947722)
(-7.98686e-11 -4.30632e-11 0.135889)
(-8.49969e-11 -4.40296e-11 0.157764)
(-9.55761e-11 -3.4612e-11 0.157764)
(-1.53486e-10 -1.07114e-11 0.135889)
(-7.76123e-11 -8.50736e-11 0.0947722)
(-6.65198e-11 -3.66323e-11 0.0762192)
(-7.50119e-11 -4.04721e-11 0.110014)
(-8.07038e-11 -3.61631e-11 0.128345)
(-8.63491e-11 -2.25393e-11 0.128345)
(-1.43037e-10 1.65274e-12 0.110014)
(-6.13242e-11 -5.32465e-11 0.0762192)
(-4.76403e-11 -3.50185e-11 0.0515468)
(-5.94181e-11 -3.30487e-11 0.075283)
(-6.51133e-11 -2.48853e-11 0.0883867)
(-6.57001e-11 -9.73712e-12 0.0883867)
(-1.09629e-10 1.20603e-11 0.075283)
(-3.12194e-11 -1.57331e-12 0.0515468)
(-1.91105e-11 -1.59281e-11 0.0188236)
(-2.60676e-11 -1.31834e-11 0.0282041)
(-2.90646e-11 -7.70016e-12 0.0334563)
(-2.53429e-11 3.71004e-13 0.0334563)
(-4.3968e-11 1.12503e-11 0.0282041)
(-9.07829e-12 1.00634e-11 0.0188236)
(4.63366e-11 -2.21259e-11 0.133458)
(6.41463e-11 -1.48777e-11 0.190226)
(4.22735e-11 -2.34786e-11 0.218242)
(3.1298e-11 -1.1979e-11 0.218242)
(4.48961e-11 -4.90167e-12 0.190226)
(2.4446e-11 7.06962e-11 0.133458)
(4.57805e-11 -1.60493e-11 0.127314)
(6.72977e-11 -1.13508e-11 0.181475)
(4.56504e-11 -1.88842e-11 0.208665)
(3.58295e-11 -8.17371e-12 0.208665)
(5.13954e-11 -1.44199e-12 0.181475)
(2.75203e-11 7.46351e-11 0.127314)
(4.48434e-11 -7.32866e-12 0.119292)
(7.03192e-11 -6.25456e-12 0.170143)
(4.98998e-11 -1.326e-11 0.196151)
(4.1598e-11 -5.02361e-12 0.196151)
(5.96039e-11 7.96828e-13 0.170143)
(3.03114e-11 7.50847e-11 0.119292)
(4.33838e-11 2.26973e-12 0.108738)
(7.26642e-11 4.67413e-13 0.155356)
(5.47768e-11 -7.19363e-12 0.17967)
(4.83505e-11 -3.36735e-12 0.17967)
(6.86711e-11 9.52121e-15 0.155356)
(3.04794e-11 5.83758e-11 0.108738)
(4.02928e-11 1.10123e-11 0.0947722)
(7.33164e-11 7.83591e-12 0.135889)
(5.97372e-11 -8.02935e-13 0.157764)
(5.54981e-11 -2.51073e-12 0.157764)
(7.40532e-11 -4.79979e-12 0.135889)
(2.93318e-11 3.80834e-11 0.0947722)
(3.57363e-11 1.82269e-11 0.0762192)
(7.01048e-11 1.66174e-11 0.110014)
(6.24359e-11 6.26122e-12 0.128345)
(5.97917e-11 -2.80916e-12 0.128345)
(7.81839e-11 -1.37186e-11 0.110014)
(2.73773e-11 2.56131e-11 0.0762192)
(2.6941e-11 2.04504e-11 0.0515468)
(5.85125e-11 2.16974e-11 0.075283)
(5.69988e-11 1.07908e-11 0.0883867)
(5.59167e-11 -3.53744e-12 0.0883867)
(6.95724e-11 -1.75376e-11 0.075283)
(1.39787e-11 -6.02485e-12 0.0515468)
(1.22052e-11 1.02026e-11 0.0188236)
(2.92639e-11 1.26702e-11 0.0282041)
(3.03749e-11 6.40214e-12 0.0334563)
(2.94991e-11 -2.31988e-12 0.0334563)
(3.44482e-11 -1.12656e-11 0.0282041)
(5.04483e-12 -9.49175e-12 0.0188236)
(-6.47174e-11 -2.81734e-11 0.133458)
(6.47711e-11 2.22708e-11 0.190226)
(8.06437e-11 2.97074e-12 0.218242)
(9.61078e-11 1.68275e-11 0.218242)
(1.37435e-10 1.12659e-11 0.190226)
(8.51788e-11 1.57399e-10 0.133458)
(-6.39106e-11 -2.62653e-11 0.127314)
(6.75636e-11 2.22787e-11 0.181475)
(8.28346e-11 5.33522e-12 0.208665)
(9.94312e-11 1.723e-11 0.208665)
(1.43774e-10 1.23063e-11 0.181475)
(8.56637e-11 1.6194e-10 0.127314)
(-6.30123e-11 -2.17998e-11 0.119292)
(6.99482e-11 2.21674e-11 0.170143)
(8.46961e-11 7.94794e-12 0.196151)
(1.02493e-10 1.63077e-11 0.196151)
(1.50847e-10 1.20608e-11 0.170143)
(8.47365e-11 1.63319e-10 0.119292)
(-6.14854e-11 -1.72428e-11 0.108738)
(7.10629e-11 2.165e-11 0.155356)
(8.53999e-11 9.88265e-12 0.17967)
(1.04029e-10 1.38934e-11 0.17967)
(1.57361e-10 8.87865e-12 0.155356)
(8.0105e-11 1.51029e-10 0.108738)
(-5.75207e-11 -1.41914e-11 0.0947722)
(6.96093e-11 2.05538e-11 0.135889)
(8.3273e-11 1.09069e-11 0.157764)
(1.02147e-10 9.15253e-12 0.157764)
(1.58271e-10 2.60156e-12 0.135889)
(6.95221e-11 1.21037e-10 0.0947722)
(-4.98595e-11 -1.28595e-11 0.0762192)
(6.36999e-11 1.99608e-11 0.110014)
(7.51322e-11 1.17838e-11 0.128345)
(9.22648e-11 3.4185e-12 0.128345)
(1.47561e-10 -1.08382e-11 0.110014)
(4.90668e-11 7.06416e-11 0.0762192)
(-3.45124e-11 -9.87171e-12 0.0515468)
(4.95285e-11 1.87869e-11 0.075283)
(5.58558e-11 1.12998e-11 0.0883867)
(6.77142e-11 -1.72962e-12 0.0883867)
(1.09398e-10 -2.22392e-11 0.075283)
(1.74229e-11 4.31589e-12 0.0515468)
(-1.09259e-11 -5.45209e-12 0.0188236)
(2.31948e-11 8.16196e-12 0.0282041)
(2.08327e-11 3.6353e-12 0.0334563)
(2.29963e-11 -3.78568e-12 0.0334563)
(4.02565e-11 -1.46852e-11 0.0282041)
(2.3144e-12 -1.12386e-11 0.0188236)
(1.53834e-10 -1.55497e-10 0.133458)
(1.24349e-10 -1.19547e-10 0.190226)
(8.01348e-11 -1.09846e-10 0.218242)
(2.28402e-11 -1.07692e-10 0.218242)
(-3.6434e-11 -9.39761e-11 0.190226)
(-7.9863e-11 -1.31571e-10 0.133458)
(1.46163e-10 -1.47091e-10 0.127314)
(1.23554e-10 -1.07085e-10 0.181475)
(7.9556e-11 -1.02193e-10 0.208665)
(2.05285e-11 -1.00163e-10 0.208665)
(-4.08235e-11 -8.77769e-11 0.181475)
(-7.80185e-11 -1.26066e-10 0.127314)
(1.36602e-10 -1.33414e-10 0.119292)
(1.21194e-10 -9.01558e-11 0.170143)
(7.74845e-11 -9.10488e-11 0.196151)
(1.70016e-11 -8.88308e-11 0.196151)
(-4.59542e-11 -7.82332e-11 0.170143)
(-7.53094e-11 -1.19136e-10 0.119292)
(1.24615e-10 -1.15832e-10 0.108738)
(1.16504e-10 -6.83802e-11 0.155356)
(7.27493e-11 -7.52752e-11 0.17967)
(1.19734e-11 -7.3244e-11 0.17967)
(-5.23337e-11 -6.42291e-11 0.155356)
(-7.14168e-11 -1.12019e-10 0.108738)
(1.06653e-10 -8.60382e-11 0.0947722)
(1.07843e-10 -4.39433e-11 0.135889)
(6.41109e-11 -5.57668e-11 0.157764)
(4.80414e-12 -5.39786e-11 0.157764)
(-6.01251e-11 -4.71674e-11 0.135889)
(-6.25465e-11 -9.07628e-11 0.0947722)
(7.87334e-11 -3.72991e-11 0.0762192)
(8.92397e-11 -1.33304e-11 0.110014)
(4.98782e-11 -2.98996e-11 0.128345)
(-4.06522e-12 -2.85069e-11 0.128345)
(-6.23571e-11 -2.1145e-11 0.110014)
(-4.28966e-11 -4.22908e-11 0.0762192)
(4.16404e-11 7.85658e-12 0.0515468)
(5.65373e-11 1.45373e-11 0.075283)
(2.86628e-11 -3.44036e-12 0.0883867)
(-1.11358e-11 -2.86062e-12 0.0883867)
(-5.13051e-11 7.56755e-12 0.075283)
(-1.78419e-11 4.0969e-12 0.0515468)
(1.17388e-11 1.3145e-11 0.0188236)
(1.68423e-11 1.17254e-11 0.0282041)
(5.42174e-12 4.05988e-12 0.0334563)
(-9.91319e-12 4.65827e-12 0.0334563)
(-2.46342e-11 1.11414e-11 0.0282041)
(-4.58943e-12 1.03488e-11 0.0188236)
(-1.09992e-11 -4.11624e-11 0.133458)
(-2.57213e-11 -6.04069e-11 0.190226)
(-4.3792e-11 -4.61103e-11 0.218242)
(-6.56538e-11 -4.73169e-11 0.218242)
(-1.30543e-10 -2.42836e-11 0.190226)
(-1.004e-10 -1.6162e-10 0.133458)
(-1.45048e-11 -3.80046e-11 0.127314)
(-2.8084e-11 -5.73203e-11 0.181475)
(-4.67475e-11 -4.38906e-11 0.208665)
(-6.8455e-11 -4.41955e-11 0.208665)
(-1.37378e-10 -2.23617e-11 0.181475)
(-9.93267e-11 -1.62104e-10 0.127314)
(-1.86234e-11 -3.59949e-11 0.119292)
(-3.1246e-11 -5.36497e-11 0.170143)
(-5.02451e-11 -4.15615e-11 0.196151)
(-7.15874e-11 -4.02263e-11 0.196151)
(-1.45045e-10 -2.00357e-11 0.170143)
(-9.67553e-11 -1.59727e-10 0.119292)
(-2.29797e-11 -3.45538e-11 0.108738)
(-3.50228e-11 -4.88011e-11 0.155356)
(-5.41246e-11 -3.83762e-11 0.17967)
(-7.44603e-11 -3.44408e-11 0.17967)
(-1.52369e-10 -1.6048e-11 0.155356)
(-8.9885e-11 -1.41284e-10 0.108738)
(-2.60127e-11 -3.30304e-11 0.0947722)
(-3.88548e-11 -4.28851e-11 0.135889)
(-5.7512e-11 -3.37886e-11 0.157764)
(-7.55292e-11 -2.64323e-11 0.157764)
(-1.52785e-10 -8.43382e-12 0.135889)
(-7.7842e-11 -1.09226e-10 0.0947722)
(-2.79163e-11 -2.96753e-11 0.0762192)
(-4.11036e-11 -3.36201e-11 0.110014)
(-5.82171e-11 -2.5808e-11 0.128345)
(-7.08931e-11 -1.47597e-11 0.128345)
(-1.43835e-10 5.22322e-12 0.110014)
(-5.84938e-11 -6.86537e-11 0.0762192)
(-2.50931e-11 -2.08243e-11 0.0515468)
(-3.82402e-11 -2.10718e-11 0.075283)
(-5.11584e-11 -1.41711e-11 0.0883867)
(-5.54483e-11 -1.8149e-12 0.0883867)
(-1.08872e-10 1.68258e-11 0.075283)
(-2.47522e-11 -4.77141e-12 0.0515468)
(-1.21395e-11 -8.36182e-12 0.0188236)
(-2.00796e-11 -7.84175e-12 0.0282041)
(-2.56441e-11 -4.12304e-12 0.0334563)
(-2.16194e-11 2.55047e-12 0.0334563)
(-4.20458e-11 1.2251e-11 0.0282041)
(-5.17019e-12 1.06278e-11 0.0188236)
(7.67828e-11 -3.74287e-11 0.133458)
(2.98096e-11 -3.97601e-11 0.190226)
(1.026e-11 -3.83572e-11 0.218242)
(-3.51605e-12 -3.02412e-11 0.218242)
(2.40843e-11 -2.98811e-11 0.190226)
(2.22955e-11 5.79523e-11 0.133458)
(7.41694e-11 -3.43342e-11 0.127314)
(2.93425e-11 -3.53056e-11 0.181475)
(1.01378e-11 -3.47607e-11 0.208665)
(-2.79221e-12 -2.66695e-11 0.208665)
(2.86732e-11 -2.60961e-11 0.181475)
(2.5561e-11 6.42193e-11 0.127314)
(7.07511e-11 -2.85704e-11 0.119292)
(2.87238e-11 -3.06505e-11 0.170143)
(1.01497e-11 -3.06617e-11 0.196151)
(-1.47112e-12 -2.28223e-11 0.196151)
(3.50466e-11 -2.18856e-11 0.170143)
(2.88519e-11 6.79611e-11 0.119292)
(6.59558e-11 -1.99601e-11 0.108738)
(2.75842e-11 -2.51916e-11 0.155356)
(1.04643e-11 -2.5583e-11 0.17967)
(8.22246e-13 -1.88298e-11 0.17967)
(4.30719e-11 -1.78374e-11 0.155356)
(2.98075e-11 5.64009e-11 0.108738)
(5.81956e-11 -9.73e-12 0.0947722)
(2.5502e-11 -1.80982e-11 0.135889)
(1.11607e-11 -1.94744e-11 0.157764)
(4.16074e-12 -1.48473e-11 0.157764)
(4.8296e-11 -1.64817e-11 0.135889)
(2.93348e-11 3.92433e-11 0.0947722)
(4.74135e-11 2.73034e-12 0.0762192)
(2.15037e-11 -9.18491e-12 0.110014)
(1.20094e-11 -1.13146e-11 0.128345)
(7.5717e-12 -9.70141e-12 0.128345)
(5.42411e-11 -1.61642e-11 0.110014)
(2.79878e-11 2.96709e-11 0.0762192)
(3.11537e-11 1.12924e-11 0.0515468)
(1.49283e-11 -2.32089e-13 0.075283)
(1.19885e-11 -2.53876e-12 0.0883867)
(1.04667e-11 -3.60001e-12 0.0883867)
(5.01315e-11 -1.17948e-11 0.075283)
(1.45477e-11 -1.28731e-12 0.0515468)
(1.09748e-11 7.75443e-12 0.0188236)
(5.32795e-12 2.80489e-12 0.0282041)
(7.71411e-12 1.75307e-12 0.0334563)
(6.63185e-12 -8.37033e-14 0.0334563)
(2.44185e-11 -6.27881e-12 0.0282041)
(5.01275e-12 -7.0484e-12 0.0188236)
(-5.59701e-11 1.29267e-11 0.133458)
(-5.5523e-11 -1.78538e-11 0.190226)
(-6.19599e-11 -1.5477e-11 0.218242)
(-7.24273e-11 -1.43602e-11 0.218242)
(-1.10066e-10 4.81849e-12 0.190226)
(-8.60176e-11 -8.49955e-11 0.133458)
(-5.5976e-11 1.19646e-11 0.127314)
(-5.61785e-11 -1.82439e-11 0.181475)
(-6.22859e-11 -1.59803e-11 0.208665)
(-7.25893e-11 -1.36825e-11 0.208665)
(-1.13681e-10 5.14829e-12 0.181475)
(-8.56344e-11 -8.65901e-11 0.127314)
(-5.5709e-11 8.24458e-12 0.119292)
(-5.68124e-11 -1.86027e-11 0.170143)
(-6.23867e-11 -1.64664e-11 0.196151)
(-7.24524e-11 -1.26184e-11 0.196151)
(-1.17918e-10 5.36217e-12 0.170143)
(-8.43136e-11 -8.61275e-11 0.119292)
(-5.46414e-11 2.10542e-12 0.108738)
(-5.68293e-11 -1.87046e-11 0.155356)
(-6.18907e-11 -1.65073e-11 0.17967)
(-7.17066e-11 -1.08563e-11 0.17967)
(-1.22001e-10 6.22316e-12 0.155356)
(-7.9376e-11 -7.0312e-11 0.108738)
(-5.10067e-11 -5.20145e-12 0.0947722)
(-5.52986e-11 -1.86929e-11 0.135889)
(-6.00167e-11 -1.58839e-11 0.157764)
(-6.93049e-11 -8.26098e-12 0.157764)
(-1.20206e-10 1.02401e-11 0.135889)
(-7.12095e-11 -4.7977e-11 0.0947722)
(-4.43422e-11 -1.38335e-11 0.0762192)
(-5.01695e-11 -1.83446e-11 0.110014)
(-5.49418e-11 -1.41701e-11 0.128345)
(-6.25215e-11 -3.84635e-12 0.128345)
(-1.14388e-10 1.60231e-11 0.110014)
(-5.95574e-11 -3.12606e-11 0.0762192)
(-3.13904e-11 -1.76185e-11 0.0515468)
(-3.84973e-11 -1.61802e-11 0.075283)
(-4.34809e-11 -1.03709e-11 0.0883867)
(-4.86394e-11 1.63662e-13 0.0883867)
(-9.12876e-11 1.75788e-11 0.075283)
(-3.31434e-11 6.89321e-12 0.0515468)
(-1.22982e-11 -9.21228e-12 0.0188236)
(-1.62686e-11 -6.95205e-12 0.0282041)
(-1.97031e-11 -3.49305e-12 0.0334563)
(-2.02332e-11 2.34642e-12 0.0334563)
(-3.93245e-11 1.13565e-11 0.0282041)
(-1.08535e-11 1.1183e-11 0.0188236)
(5.69082e-11 -1.30882e-11 0.133458)
(2.65657e-11 -1.55135e-11 0.190226)
(2.75255e-11 -1.40604e-11 0.218242)
(2.35514e-11 -4.40962e-12 0.218242)
(6.47842e-11 -5.17914e-12 0.190226)
(5.40802e-11 1.12426e-10 0.133458)
(5.57507e-11 -1.26808e-11 0.127314)
(2.69071e-11 -1.31781e-11 0.181475)
(2.97891e-11 -1.23693e-11 0.208665)
(2.65914e-11 -3.76535e-12 0.208665)
(7.16357e-11 -3.95464e-12 0.181475)
(5.62477e-11 1.16952e-10 0.127314)
(5.41554e-11 -1.02513e-11 0.119292)
(2.73821e-11 -1.05916e-11 0.170143)
(3.23584e-11 -1.0263e-11 0.196151)
(3.03604e-11 -3.4464e-12 0.196151)
(8.03286e-11 -3.24703e-12 0.170143)
(5.79785e-11 1.18205e-10 0.119292)
(5.16031e-11 -5.41991e-12 0.108738)
(2.76815e-11 -7.17273e-12 0.155356)
(3.50566e-11 -7.56798e-12 0.17967)
(3.47513e-11 -3.11794e-12 0.17967)
(9.03841e-11 -3.71971e-12 0.155356)
(5.64968e-11 1.0152e-10 0.108738)
(4.66968e-11 6.34e-13 0.0947722)
(2.73041e-11 -3.02845e-12 0.135889)
(3.74781e-11 -4.4274e-12 0.157764)
(3.91704e-11 -3.51734e-12 0.157764)
(9.61529e-11 -7.64128e-12 0.135889)
(5.2026e-11 7.49943e-11 0.0947722)
(3.95306e-11 7.80764e-12 0.0762192)
(2.51061e-11 1.65479e-12 0.110014)
(3.82868e-11 -7.09296e-13 0.128345)
(4.10489e-11 -4.72283e-12 0.128345)
(9.89205e-11 -1.56055e-11 0.110014)
(4.37973e-11 4.92616e-11 0.0762192)
(2.74584e-11 1.16466e-11 0.0515468)
(1.96407e-11 5.21874e-12 0.075283)
(3.41661e-11 2.59504e-12 0.0883867)
(3.69027e-11 -5.3813e-12 0.0883867)
(8.38302e-11 -1.96354e-11 0.075283)
(2.08949e-11 -1.04671e-12 0.0515468)
(1.02685e-11 6.87747e-12 0.0188236)
(8.43767e-12 3.61117e-12 0.0282041)
(1.8022e-11 2.28041e-12 0.0334563)
(1.77236e-11 -3.07918e-12 0.0334563)
(3.84768e-11 -1.25967e-11 0.0282041)
(6.49787e-12 -1.08332e-11 0.0188236)
(-8.32699e-11 1.18145e-11 0.133458)
(-6.74258e-11 -2.09924e-11 0.190226)
(-5.03383e-11 -1.74542e-11 0.218242)
(-4.55662e-11 -1.07089e-11 0.218242)
(-4.5248e-11 8.84271e-12 0.190226)
(-3.98689e-11 -2.22878e-12 0.133458)
(-8.19748e-11 9.33714e-12 0.127314)
(-6.83486e-11 -2.27249e-11 0.181475)
(-5.00132e-11 -1.90115e-11 0.208665)
(-4.44349e-11 -1.11192e-11 0.208665)
(-4.47095e-11 9.16021e-12 0.181475)
(-3.98576e-11 -4.31644e-12 0.127314)
(-8.00943e-11 4.11481e-12 0.119292)
(-6.91134e-11 -2.39677e-11 0.170143)
(-4.9491e-11 -1.98993e-11 0.196151)
(-4.2874e-11 -1.05759e-11 0.196151)
(-4.44329e-11 9.56024e-12 0.170143)
(-3.97367e-11 -7.31809e-12 0.119292)
(-7.70382e-11 -3.13606e-12 0.108738)
(-6.90043e-11 -2.42016e-11 0.155356)
(-4.85555e-11 -1.92155e-11 0.17967)
(-4.09731e-11 -8.821e-12 0.17967)
(-4.45214e-11 9.69894e-12 0.155356)
(-3.76247e-11 8.18508e-14 0.108738)
(-7.08384e-11 -1.12465e-11 0.0947722)
(-6.69622e-11 -2.41377e-11 0.135889)
(-4.67264e-11 -1.74252e-11 0.157764)
(-3.83978e-11 -6.59533e-12 0.157764)
(-4.12425e-11 1.09851e-11 0.135889)
(-3.5196e-11 6.42108e-12 0.0947722)
(-6.02352e-11 -2.07195e-11 0.0762192)
(-6.04845e-11 -2.33514e-11 0.110014)
(-4.2928e-11 -1.48979e-11 0.128345)
(-3.41492e-11 -4.12383e-12 0.128345)
(-4.03353e-11 1.05313e-11 0.110014)
(-3.45386e-11 -3.94638e-12 0.0762192)
(-4.15667e-11 -2.45116e-11 0.0515468)
(-4.6144e-11 -2.00229e-11 0.075283)
(-3.45709e-11 -1.08034e-11 0.0883867)
(-2.80254e-11 -1.84605e-12 0.0883867)
(-3.54522e-11 5.39726e-12 0.075283)
(-2.33091e-11 4.58136e-12 0.0515468)
(-1.59307e-11 -1.22805e-11 0.0188236)
(-1.93486e-11 -8.62405e-12 0.0282041)
(-1.63801e-11 -3.59725e-12 0.0334563)
(-1.38477e-11 4.75549e-13 0.0334563)
(-1.70769e-11 3.6362e-12 0.0282041)
(-8.51286e-12 4.82844e-12 0.0188236)
(7.37057e-11 1.08996e-12 0.133458)
(4.60445e-11 -1.06036e-12 0.190226)
(6.32316e-11 1.59595e-13 0.218242)
(6.80915e-11 2.63699e-11 0.218242)
(1.54754e-10 2.91662e-11 0.190226)
(1.04584e-10 2.58303e-10 0.133458)
(7.29273e-11 3.53803e-13 0.127314)
(4.63157e-11 -1.89646e-13 0.181475)
(6.63027e-11 7.11507e-13 0.208665)
(7.27865e-11 2.51656e-11 0.208665)
(1.67338e-10 2.97341e-11 0.181475)
(1.06491e-10 2.601e-10 0.127314)
(7.16356e-11 1.70784e-12 0.119292)
(4.66476e-11 1.4368e-12 0.170143)
(6.95122e-11 2.36746e-12 0.196151)
(7.83291e-11 2.30365e-11 0.196151)
(1.81942e-10 2.87907e-11 0.170143)
(1.07172e-10 2.57169e-10 0.119292)
(6.91197e-11 5.96309e-12 0.108738)
(4.66095e-11 4.48254e-12 0.155356)
(7.2348e-11 5.19035e-12 0.17967)
(8.38316e-11 2.03578e-11 0.17967)
(1.97631e-10 2.44545e-11 0.155356)
(1.03678e-10 2.3748e-10 0.108738)
(6.38025e-11 1.15709e-11 0.0947722)
(4.55027e-11 8.17027e-12 0.135889)
(7.36979e-11 7.94557e-12 0.157764)
(8.7854e-11 1.5374e-11 0.157764)
(2.07811e-10 1.48091e-11 0.135889)
(9.22621e-11 1.91275e-10 0.0947722)
(5.49794e-11 1.77252e-11 0.0762192)
(4.1771e-11 1.14798e-11 0.110014)
(7.10251e-11 9.92019e-12 0.128345)
(8.57153e-11 7.45647e-12 0.128345)
(2.03782e-10 -6.17938e-12 0.110014)
(6.65569e-11 1.13342e-10 0.0762192)
(3.91159e-11 1.95389e-11 0.0515468)
(3.28209e-11 1.23143e-11 0.075283)
(5.91836e-11 9.50169e-12 0.0883867)
(6.94755e-11 -1.26527e-12 0.0883867)
(1.60978e-10 -2.82064e-11 0.075283)
(2.41257e-11 1.11369e-11 0.0515468)
(1.5229e-11 1.02309e-11 0.0188236)
(1.43139e-11 6.17508e-12 0.0282041)
(2.83159e-11 4.03177e-12 0.0334563)
(2.79251e-11 -4.4e-12 0.0334563)
(6.78826e-11 -2.16432e-11 0.0282041)
(5.24361e-12 -1.47728e-11 0.0188236)
(-8.07845e-11 1.98224e-11 0.133458)
(-7.41038e-11 -2.31168e-11 0.190226)
(-6.70127e-11 -4.30857e-11 0.218242)
(-3.0519e-11 -1.01504e-10 0.218242)
(-2.79676e-11 -5.8959e-11 0.190226)
(-3.57407e-11 -1.51012e-10 0.133458)
(-8.08695e-11 1.83267e-11 0.127314)
(-7.6869e-11 -2.13568e-11 0.181475)
(-7.19926e-11 -4.23255e-11 0.208665)
(-3.27172e-11 -1.02227e-10 0.208665)
(-3.18576e-11 -5.97749e-11 0.181475)
(-3.79626e-11 -1.52448e-10 0.127314)
(-8.0502e-11 1.31378e-11 0.119292)
(-7.98845e-11 -2.00076e-11 0.170143)
(-7.82409e-11 -4.18048e-11 0.196151)
(-3.58054e-11 -9.84581e-11 0.196151)
(-3.70488e-11 -5.95037e-11 0.170143)
(-4.00079e-11 -1.51739e-10 0.119292)
(-7.87694e-11 4.36068e-12 0.108738)
(-8.22364e-11 -1.94093e-11 0.155356)
(-8.52683e-11 -4.16408e-11 0.17967)
(-3.98338e-11 -9.41619e-11 0.17967)
(-4.42159e-11 -5.60539e-11 0.155356)
(-4.01479e-11 -1.40095e-10 0.108738)
(-7.37745e-11 -5.79829e-12 0.0947722)
(-8.24072e-11 -1.99863e-11 0.135889)
(-9.28634e-11 -4.16272e-11 0.157764)
(-4.36658e-11 -7.48677e-11 0.157764)
(-4.96474e-11 -4.7804e-11 0.135889)
(-3.67006e-11 -1.12679e-10 0.0947722)
(-6.41864e-11 -1.63601e-11 0.0762192)
(-7.76999e-11 -2.09273e-11 0.110014)
(-9.34613e-11 -3.38721e-11 0.128345)
(-4.41716e-11 -2.67657e-11 0.128345)
(-5.51836e-11 -2.80394e-11 0.110014)
(-2.64081e-11 -7.06547e-11 0.0762192)
(-4.57747e-11 -2.15668e-11 0.0515468)
(-6.18175e-11 -1.85454e-11 0.075283)
(-7.96565e-11 -1.52085e-11 0.0883867)
(-3.91135e-11 1.02806e-11 0.0883867)
(-4.91492e-11 -8.01784e-13 0.075283)
(-6.09747e-12 -1.03071e-11 0.0515468)
(-1.8047e-11 -1.18123e-11 0.0188236)
(-2.64854e-11 -8.58024e-12 0.0282041)
(-3.79553e-11 -3.72273e-12 0.0334563)
(-2.01671e-11 1.02868e-11 0.0334563)
(-2.54052e-11 8.05065e-12 0.0282041)
(-4.58992e-13 7.03328e-12 0.0188236)
(1.15262e-10 8.1084e-11 0.133458)
(8.45027e-11 1.02961e-10 0.190226)
(7.65883e-11 1.1566e-10 0.218242)
(4.3778e-11 1.57603e-10 0.218242)
(2.43214e-11 1.75393e-10 0.190226)
(-2.34359e-11 2.61442e-10 0.133458)
(1.15754e-10 7.7463e-11 0.127314)
(8.72232e-11 9.92171e-11 0.181475)
(8.15022e-11 1.12528e-10 0.208665)
(4.67768e-11 1.55558e-10 0.208665)
(2.68881e-11 1.75273e-10 0.181475)
(-2.38678e-11 2.61546e-10 0.127314)
(1.15713e-10 7.41059e-11 0.119292)
(9.04645e-11 9.24676e-11 0.170143)
(8.75344e-11 1.06109e-10 0.196151)
(5.06335e-11 1.50428e-10 0.196151)
(3.0234e-11 1.72125e-10 0.170143)
(-2.46296e-11 2.58208e-10 0.119292)
(1.14014e-10 7.11044e-11 0.108738)
(9.34822e-11 8.30798e-11 0.155356)
(9.48372e-11 9.52515e-11 0.17967)
(5.56382e-11 1.4343e-10 0.17967)
(3.43888e-11 1.62632e-10 0.155356)
(-2.71282e-11 2.40876e-10 0.108738)
(1.08247e-10 6.72968e-11 0.0947722)
(9.47716e-11 7.13938e-11 0.135889)
(1.02871e-10 8.24294e-11 0.157764)
(6.01598e-11 1.17824e-10 0.157764)
(3.49867e-11 1.3812e-10 0.135889)
(-3.19072e-11 2.03792e-10 0.0947722)
(9.64473e-11 6.01706e-11 0.0762192)
(9.14951e-11 5.56442e-11 0.110014)
(1.05005e-10 5.90075e-11 0.128345)
(5.88152e-11 5.82005e-11 0.128345)
(3.27188e-11 8.45419e-11 0.110014)
(-3.98289e-11 1.4383e-10 0.0762192)
(7.25714e-11 4.51886e-11 0.0515468)
(7.58219e-11 3.46161e-11 0.075283)
(9.13825e-11 2.33134e-11 0.0883867)
(4.69445e-11 -3.07211e-13 0.0883867)
(2.0508e-11 1.85089e-11 0.075283)
(-4.91218e-11 5.54354e-11 0.0515468)
(2.95066e-11 1.89553e-11 0.0188236)
(3.40369e-11 1.23695e-11 0.0282041)
(4.445e-11 3.49445e-12 0.0334563)
(2.05913e-11 -1.10864e-11 0.0334563)
(8.50278e-12 -6.18116e-12 0.0282041)
(-2.37748e-11 8.44003e-12 0.0188236)
(-8.74778e-11 7.39374e-11 0.133458)
(-9.01443e-11 4.99174e-11 0.190226)
(-6.22698e-11 5.03404e-11 0.218242)
(-4.84342e-11 4.76505e-11 0.218242)
(-2.75232e-11 3.3849e-11 0.190226)
(-3.51077e-12 5.48646e-12 0.133458)
(-8.64115e-11 6.72029e-11 0.127314)
(-9.4421e-11 4.40424e-11 0.181475)
(-6.57456e-11 4.7863e-11 0.208665)
(-5.03441e-11 4.70772e-11 0.208665)
(-2.72969e-11 3.29855e-11 0.181475)
(-2.22857e-12 4.82627e-12 0.127314)
(-8.45385e-11 5.48302e-11 0.119292)
(-9.86003e-11 3.51885e-11 0.170143)
(-6.95274e-11 4.4034e-11 0.196151)
(-5.24114e-11 4.66073e-11 0.196151)
(-2.67517e-11 3.25484e-11 0.170143)
(-5.79736e-13 4.81139e-12 0.119292)
(-8.10947e-11 3.67654e-11 0.108738)
(-1.01417e-10 2.2598e-11 0.155356)
(-7.2938e-11 3.71215e-11 0.17967)
(-5.42169e-11 4.49282e-11 0.17967)
(-2.5656e-11 3.1498e-11 0.155356)
(1.40525e-12 4.55182e-12 0.108738)
(-7.45328e-11 1.65757e-11 0.0947722)
(-1.0128e-10 8.06027e-12 0.135889)
(-7.49929e-11 2.80483e-11 0.157764)
(-5.51827e-11 4.05953e-11 0.157764)
(-2.38605e-11 2.90469e-11 0.135889)
(3.59311e-12 3.55954e-12 0.0947722)
(-6.32138e-11 -6.01829e-12 0.0762192)
(-9.46097e-11 -8.18642e-12 0.110014)
(-7.35705e-11 1.52046e-11 0.128345)
(-5.37936e-11 3.20486e-11 0.128345)
(-2.1121e-11 2.38982e-11 0.110014)
(5.66291e-12 1.77044e-12 0.0762192)
(-4.35772e-11 -2.22676e-11 0.0515468)
(-7.53281e-11 -2.07792e-11 0.075283)
(-6.312e-11 1.72854e-12 0.0883867)
(-4.6317e-11 1.91008e-11 0.0883867)
(-1.67989e-11 1.54389e-11 0.075283)
(6.43885e-12 -7.30614e-13 0.0515468)
(-1.77014e-11 -1.456e-11 0.0188236)
(-3.4496e-11 -1.41151e-11 0.0282041)
(-3.18267e-11 -3.8501e-12 0.0334563)
(-2.37279e-11 4.73977e-12 0.0334563)
(-8.60547e-12 4.43722e-12 0.0282041)
(3.67653e-12 -2.31255e-12 0.0188236)
(1.00333e-10 -2.9515e-11 0.133458)
(8.04408e-11 -1.28539e-11 0.190226)
(6.50548e-11 -1.27526e-11 0.218242)
(5.14461e-11 -1.80217e-11 0.218242)
(4.96212e-11 -3.15982e-11 0.190226)
(2.87239e-11 -3.7071e-11 0.133458)
(9.70684e-11 -2.50582e-11 0.127314)
(8.188e-11 -8.22738e-12 0.181475)
(6.68126e-11 -1.0692e-11 0.208665)
(5.27049e-11 -1.69688e-11 0.208665)
(5.04832e-11 -3.04556e-11 0.181475)
(2.96447e-11 -3.56693e-11 0.127314)
(9.2706e-11 -1.72596e-11 0.119292)
(8.28101e-11 -1.69346e-12 0.170143)
(6.84164e-11 -7.14848e-12 0.196151)
(5.41155e-11 -1.4986e-11 0.196151)
(5.13768e-11 -2.86328e-11 0.170143)
(3.04981e-11 -3.37001e-11 0.119292)
(8.67691e-11 -6.90854e-12 0.108738)
(8.25334e-11 6.14913e-12 0.155356)
(6.95267e-11 -2.75619e-12 0.17967)
(5.54376e-11 -1.24932e-11 0.17967)
(5.19675e-11 -2.62271e-11 0.155356)
(3.09378e-11 -3.11576e-11 0.108738)
(7.76734e-11 4.31126e-12 0.0947722)
(8.01045e-11 1.40059e-11 0.135889)
(6.94048e-11 1.97133e-12 0.157764)
(5.60951e-11 -9.91611e-12 0.157764)
(5.15101e-11 -2.34794e-11 0.135889)
(3.03083e-11 -2.81225e-11 0.0947722)
(6.4067e-11 1.73837e-11 0.0762192)
(7.30627e-11 2.19832e-11 0.110014)
(6.63685e-11 7.4701e-12 0.128345)
(5.45781e-11 -6.08094e-12 0.128345)
(4.84947e-11 -1.9465e-11 0.110014)
(2.78419e-11 -2.295e-11 0.0762192)
(4.29341e-11 2.47497e-11 0.0515468)
(5.72514e-11 2.55779e-11 0.075283)
(5.60885e-11 1.14183e-11 0.0883867)
(4.68961e-11 -2.35447e-12 0.0883867)
(3.99653e-11 -1.33079e-11 0.075283)
(2.18211e-11 -1.52683e-11 0.0515468)
(1.64289e-11 1.30667e-11 0.0188236)
(2.64635e-11 1.26797e-11 0.0282041)
(2.83242e-11 5.4366e-12 0.0334563)
(2.36326e-11 -1.64833e-12 0.0334563)
(1.86897e-11 -6.16388e-12 0.0282041)
(9.24835e-12 -5.89552e-12 0.0188236)
(-5.12662e-11 5.08523e-11 0.133458)
(-4.28341e-11 3.76218e-11 0.190226)
(-2.37776e-11 3.37198e-11 0.218242)
(-1.23442e-11 2.59948e-11 0.218242)
(-3.06465e-12 1.89921e-11 0.190226)
(-3.66219e-12 1.06618e-11 0.133458)
(-5.09081e-11 4.71077e-11 0.127314)
(-4.51059e-11 3.39707e-11 0.181475)
(-2.59763e-11 3.17374e-11 0.208665)
(-1.39437e-11 2.50052e-11 0.208665)
(-4.39372e-12 1.86861e-11 0.181475)
(-4.2279e-12 1.06842e-11 0.127314)
(-5.01969e-11 3.92573e-11 0.119292)
(-4.74034e-11 2.76213e-11 0.170143)
(-2.8451e-11 2.77983e-11 0.196151)
(-1.59272e-11 2.28025e-11 0.196151)
(-6.05423e-12 1.75514e-11 0.170143)
(-4.8781e-12 1.04474e-11 0.119292)
(-4.86038e-11 2.72946e-11 0.108738)
(-4.90857e-11 1.82937e-11 0.155356)
(-3.09225e-11 2.11196e-11 0.17967)
(-1.82543e-11 1.88375e-11 0.17967)
(-8.07839e-12 1.5322e-11 0.155356)
(-5.62513e-12 9.65565e-12 0.108738)
(-4.4735e-11 1.36721e-11 0.0947722)
(-4.94329e-11 7.29082e-12 0.135889)
(-3.30784e-11 1.28957e-11 0.157764)
(-2.07591e-11 1.38426e-11 0.157764)
(-1.03284e-11 1.26049e-11 0.135889)
(-6.36128e-12 8.61277e-12 0.0947722)
(-3.81404e-11 -2.06788e-12 0.0762192)
(-4.66588e-11 -4.44577e-12 0.110014)
(-3.38756e-11 3.68952e-12 0.128345)
(-2.27571e-11 8.17429e-12 0.128345)
(-1.23451e-11 9.48373e-12 0.110014)
(-6.71455e-12 7.18729e-12 0.0762192)
(-2.62454e-11 -1.3014e-11 0.0515468)
(-3.78482e-11 -1.31697e-11 0.075283)
(-3.04474e-11 -3.62168e-12 0.0883867)
(-2.2027e-11 3.28826e-12 0.0883867)
(-1.25586e-11 6.30118e-12 0.075283)
(-5.94383e-12 5.4118e-12 0.0515468)
(-1.05981e-11 -8.80645e-12 0.0188236)
(-1.80118e-11 -8.84705e-12 0.0282041)
(-1.63697e-11 -3.84847e-12 0.0334563)
(-1.27372e-11 8.64474e-14 0.0334563)
(-7.45428e-12 2.42597e-12 0.0282041)
(-3.04868e-12 2.25507e-12 0.0188236)
(8.25827e-11 -4.61436e-11 0.133458)
(6.6262e-11 -3.14763e-11 0.190226)
(4.90674e-11 -2.77828e-11 0.218242)
(3.18057e-11 -2.72962e-11 0.218242)
(1.97465e-11 -2.65017e-11 0.190226)
(3.67084e-12 -1.96748e-11 0.133458)
(7.94302e-11 -4.16936e-11 0.127314)
(6.70151e-11 -2.7331e-11 0.181475)
(4.99567e-11 -2.57169e-11 0.208665)
(3.21561e-11 -2.58921e-11 0.208665)
(1.98129e-11 -2.50484e-11 0.181475)
(4.32762e-12 -1.85383e-11 0.127314)
(7.53105e-11 -3.3679e-11 0.119292)
(6.7211e-11 -2.1219e-11 0.170143)
(5.05886e-11 -2.23854e-11 0.196151)
(3.24823e-11 -2.34389e-11 0.196151)
(1.99097e-11 -2.29561e-11 0.170143)
(5.09246e-12 -1.70439e-11 0.119292)
(6.97434e-11 -2.28866e-11 0.108738)
(6.61172e-11 -1.34352e-11 0.155356)
(5.05738e-11 -1.77031e-11 0.17967)
(3.25893e-11 -2.03393e-11 0.17967)
(1.99301e-11 -2.04373e-11 0.155356)
(5.90007e-12 -1.51056e-11 0.108738)
(6.12973e-11 -1.06667e-11 0.0947722)
(6.28149e-11 -4.66347e-12 0.135889)
(4.92461e-11 -1.19969e-11 0.157764)
(3.21147e-11 -1.66506e-11 0.157764)
(1.969e-11 -1.72578e-11 0.135889)
(6.57406e-12 -1.27411e-11 0.0947722)
(4.95017e-11 3.60281e-12 0.0762192)
(5.53873e-11 4.68249e-12 0.110014)
(4.53749e-11 -4.73307e-12 0.128345)
(3.02281e-11 -1.15749e-11 0.128345)
(1.8649e-11 -1.29932e-11 0.110014)
(6.89345e-12 -9.60187e-12 0.0762192)
(3.21532e-11 1.33642e-11 0.0515468)
(4.12329e-11 1.16734e-11 0.075283)
(3.62632e-11 1.56353e-12 0.0883867)
(2.50962e-11 -5.54659e-12 0.0883867)
(1.56944e-11 -8.01098e-12 0.075283)
(6.11241e-12 -5.93971e-12 0.0515468)
(1.15396e-11 8.41059e-12 0.0188236)
(1.72749e-11 7.62531e-12 0.0282041)
(1.68568e-11 2.71861e-12 0.0334563)
(1.23278e-11 -7.03348e-13 0.0334563)
(7.69806e-12 -2.41209e-12 0.0282041)
(3.03996e-12 -2.06328e-12 0.0188236)
(-7.66764e-11 5.21057e-11 0.133458)
(-6.92446e-11 3.77724e-11 0.190226)
(-5.20078e-11 3.78523e-11 0.218242)
(-3.92983e-11 3.71306e-11 0.218242)
(-3.05778e-11 3.75464e-11 0.190226)
(-1.40043e-11 3.09778e-11 0.133458)
(-7.47176e-11 4.74474e-11 0.127314)
(-7.10736e-11 3.27065e-11 0.181475)
(-5.41919e-11 3.463e-11 0.208665)
(-4.07766e-11 3.5191e-11 0.208665)
(-3.14426e-11 3.57635e-11 0.181475)
(-1.48241e-11 2.97106e-11 0.127314)
(-7.19366e-11 3.8638e-11 0.119292)
(-7.24853e-11 2.46805e-11 0.170143)
(-5.63125e-11 2.92327e-11 0.196151)
(-4.23587e-11 3.15459e-11 0.196151)
(-3.23699e-11 3.28012e-11 0.170143)
(-1.56614e-11 2.76838e-11 0.119292)
(-6.77879e-11 2.60787e-11 0.108738)
(-7.26629e-11 1.40358e-11 0.155356)
(-5.78888e-11 2.15484e-11 0.17967)
(-4.37622e-11 2.61706e-11 0.17967)
(-3.31558e-11 2.86135e-11 0.155356)
(-1.63547e-11 2.47431e-11 0.108738)
(-6.06577e-11 1.17146e-11 0.0947722)
(-7.05902e-11 2.37289e-12 0.135889)
(-5.80918e-11 1.24364e-11 0.157764)
(-4.43943e-11 1.95942e-11 0.157764)
(-3.33209e-11 2.3601e-11 0.135889)
(-1.65912e-11 2.10812e-11 0.0947722)
(-4.97393e-11 -5.32585e-12 0.0762192)
(-6.36666e-11 -1.02073e-11 0.110014)
(-5.51618e-11 1.73385e-12 0.128345)
(-4.29582e-11 1.1144e-11 0.128345)
(-3.19182e-11 1.69366e-11 0.110014)
(-1.58697e-11 1.60263e-11 0.0762192)
(-3.24156e-11 -1.71954e-11 0.0515468)
(-4.86166e-11 -1.90607e-11 0.075283)
(-4.52708e-11 -7.00094e-12 0.0883867)
(-3.62492e-11 3.27875e-12 0.0883867)
(-2.65562e-11 9.68707e-12 0.075283)
(-1.30312e-11 1.00577e-11 0.0515468)
(-1.20305e-11 -1.05932e-11 0.0188236)
(-2.12781e-11 -1.10165e-11 0.0282041)
(-2.14319e-11 -5.33785e-12 0.0334563)
(-1.74706e-11 1.77917e-13 0.0334563)
(-1.24719e-11 3.35371e-12 0.0282041)
(-5.75871e-12 3.47698e-12 0.0188236)
(7.67299e-11 -3.79943e-11 0.133458)
(6.06708e-11 -2.68009e-11 0.190226)
(4.33804e-11 -2.53018e-11 0.218242)
(2.93494e-11 -2.45679e-11 0.218242)
(2.04117e-11 -2.47884e-11 0.190226)
(1.33964e-11 -1.99232e-11 0.133458)
(7.43731e-11 -3.41004e-11 0.127314)
(6.19739e-11 -2.29868e-11 0.181475)
(4.48334e-11 -2.34119e-11 0.208665)
(3.04111e-11 -2.35177e-11 0.208665)
(2.12853e-11 -2.39733e-11 0.181475)
(1.38252e-11 -1.92898e-11 0.127314)
(7.12198e-11 -2.66936e-11 0.119292)
(6.29504e-11 -1.69792e-11 0.170143)
(4.62871e-11 -1.98971e-11 0.196151)
(3.16735e-11 -2.15321e-11 0.196151)
(2.22908e-11 -2.24571e-11 0.170143)
(1.42495e-11 -1.8318e-11 0.119292)
(6.67951e-11 -1.65038e-11 0.108738)
(6.29525e-11 -9.06109e-12 0.155356)
(4.73901e-11 -1.48529e-11 0.17967)
(3.29861e-11 -1.85473e-11 0.17967)
(2.33149e-11 -2.0255e-11 0.155356)
(1.45586e-11 -1.68285e-11 0.108738)
(5.96066e-11 -5.04289e-12 0.0947722)
(6.10951e-11 -4.91752e-13 0.135889)
(4.76315e-11 -8.86429e-12 0.157764)
(3.40298e-11 -1.46696e-11 0.157764)
(2.40757e-11 -1.75496e-11 0.135889)
(1.44425e-11 -1.49013e-11 0.0947722)
(4.91482e-11 7.91152e-12 0.0762192)
(5.5408e-11 8.2343e-12 0.110014)
(4.57417e-11 -2.21762e-12 0.128345)
(3.36766e-11 -9.89833e-12 0.128345)
(2.36598e-11 -1.41544e-11 0.110014)
(1.34887e-11 -1.23951e-11 0.0762192)
(3.30321e-11 1.58351e-11 0.0515468)
(4.28828e-11 1.40071e-11 0.075283)
(3.85674e-11 3.26395e-12 0.0883867)
(2.93637e-11 -5.22418e-12 0.0883867)
(2.0416e-11 -9.90753e-12 0.075283)
(1.07546e-11 -8.81051e-12 0.0515468)
(1.23918e-11 9.28727e-12 0.0188236)
(1.89077e-11 8.55968e-12 0.0282041)
(1.90238e-11 3.49065e-12 0.0334563)
(1.51748e-11 -9.46334e-13 0.0334563)
(1.03004e-11 -3.54731e-12 0.0282041)
(4.93973e-12 -3.48995e-12 0.0188236)
(-8.51806e-11 5.74533e-11 0.133458)
(-7.6478e-11 4.1389e-11 0.190226)
(-5.71966e-11 4.00122e-11 0.218242)
(-4.17493e-11 3.89214e-11 0.218242)
(-3.11287e-11 3.9367e-11 0.190226)
(-1.12364e-11 3.28729e-11 0.133458)
(-8.27529e-11 5.21228e-11 0.127314)
(-7.83308e-11 3.59053e-11 0.181475)
(-5.92915e-11 3.65027e-11 0.208665)
(-4.30073e-11 3.67258e-11 0.208665)
(-3.18279e-11 3.73225e-11 0.181475)
(-1.24438e-11 3.13171e-11 0.127314)
(-7.94207e-11 4.24584e-11 0.119292)
(-7.97149e-11 2.74933e-11 0.170143)
(-6.1305e-11 3.08803e-11 0.196151)
(-4.43639e-11 3.29566e-11 0.196151)
(-3.26696e-11 3.40763e-11 0.170143)
(-1.37749e-11 2.9072e-11 0.119292)
(-7.46489e-11 2.9006e-11 0.108738)
(-7.97504e-11 1.65923e-11 0.155356)
(-6.27408e-11 2.32054e-11 0.17967)
(-4.56284e-11 2.76642e-11 0.17967)
(-3.34726e-11 2.98319e-11 0.155356)
(-1.50629e-11 2.6079e-11 0.108738)
(-6.67425e-11 1.36513e-11 0.0947722)
(-7.73465e-11 4.25904e-12 0.135889)
(-6.2788e-11 1.39632e-11 0.157764)
(-4.62315e-11 2.10296e-11 0.157764)
(-3.37849e-11 2.47272e-11 0.135889)
(-1.6003e-11 2.23844e-11 0.0947722)
(-5.46752e-11 -4.60557e-12 0.0762192)
(-6.97599e-11 -9.35159e-12 0.110014)
(-5.95741e-11 2.62332e-12 0.128345)
(-4.47955e-11 1.2628e-11 0.128345)
(-3.27293e-11 1.7977e-11 0.110014)
(-1.60289e-11 1.72154e-11 0.0762192)
(-3.5709e-11 -1.77357e-11 0.0515468)
(-5.33076e-11 -1.95766e-11 0.075283)
(-4.90246e-11 -7.28865e-12 0.0883867)
(-3.81627e-11 3.87794e-12 0.0883867)
(-2.78091e-11 1.0289e-11 0.075283)
(-1.3835e-11 1.06738e-11 0.0515468)
(-1.32932e-11 -1.12277e-11 0.0188236)
(-2.34972e-11 -1.16006e-11 0.0282041)
(-2.35442e-11 -5.56454e-12 0.0334563)
(-1.89089e-11 1.42733e-13 0.0334563)
(-1.34892e-11 3.57847e-12 0.0282041)
(-6.403e-12 3.92093e-12 0.0188236)
(4.40443e-11 -3.30286e-11 0.133458)
(2.23216e-11 -2.0937e-11 0.190226)
(7.25838e-12 -1.5358e-11 0.218242)
(-1.49372e-12 -1.10669e-11 0.218242)
(-5.64864e-12 -6.7733e-12 0.190226)
(-1.73437e-12 -2.92947e-12 0.133458)
(4.33386e-11 -3.07525e-11 0.127314)
(2.37902e-11 -1.9046e-11 0.181475)
(8.55033e-12 -1.50097e-11 0.208665)
(-4.4613e-13 -1.09394e-11 0.208665)
(-4.66838e-12 -6.85224e-12 0.181475)
(-1.50748e-12 -3.02186e-12 0.127314)
(4.23163e-11 -2.5559e-11 0.119292)
(2.53331e-11 -1.57559e-11 0.170143)
(1.00593e-11 -1.36311e-11 0.196151)
(9.27494e-13 -1.02743e-11 0.196151)
(-3.4431e-12 -6.61454e-12 0.170143)
(-1.19584e-12 -3.00361e-12 0.119292)
(4.05648e-11 -1.75993e-11 0.108738)
(2.65578e-11 -1.07501e-11 0.155356)
(1.1719e-11 -1.08688e-11 0.17967)
(2.6567e-12 -8.76823e-12 0.17967)
(-1.90321e-12 -5.81997e-12 0.155356)
(-7.58346e-13 -2.67487e-12 0.108738)
(3.69906e-11 -8.41694e-12 0.0947722)
(2.7092e-11 -4.80036e-12 0.135889)
(1.3432e-11 -7.34193e-12 0.157764)
(4.78733e-12 -6.73869e-12 0.157764)
(-5.57465e-14 -4.82353e-12 0.135889)
(-1.96495e-13 -2.37115e-12 0.0947722)
(3.15047e-11 1.98559e-12 0.0762192)
(2.59277e-11 1.27288e-12 0.110014)
(1.48754e-11 -3.71947e-12 0.128345)
(7.06291e-12 -4.88665e-12 0.128345)
(1.80879e-12 -4.23063e-12 0.110014)
(4.10612e-13 -2.08079e-12 0.0762192)
(2.18986e-11 8.57081e-12 0.0515468)
(2.13399e-11 4.96837e-12 0.075283)
(1.47047e-11 -6.74725e-13 0.0883867)
(8.40885e-12 -3.23477e-12 0.0883867)
(3.28141e-12 -3.57539e-12 0.075283)
(8.12094e-13 -1.81019e-12 0.0515468)
(8.43644e-12 5.83845e-12 0.0188236)
(9.94884e-12 4.2268e-12 0.0282041)
(8.67411e-12 1.33173e-12 0.0334563)
(5.93397e-12 -4.86671e-13 0.0334563)
(2.87782e-12 -1.17229e-12 0.0282041)
(8.77812e-13 -9.24502e-13 0.0188236)
(-1.09389e-10 7.71652e-11 0.133458)
(-1.10253e-10 5.6541e-11 0.190226)
(-9.05387e-11 5.62115e-11 0.218242)
(-7.0181e-11 5.35647e-11 0.218242)
(-5.07073e-11 5.1369e-11 0.190226)
(-1.57939e-11 3.74867e-11 0.133458)
(-1.04916e-10 6.9839e-11 0.127314)
(-1.11171e-10 4.9704e-11 0.181475)
(-9.19542e-11 5.15474e-11 0.208665)
(-7.11022e-11 5.07294e-11 0.208665)
(-5.09307e-11 4.91191e-11 0.181475)
(-1.67987e-11 3.56832e-11 0.127314)
(-9.89655e-11 5.72861e-11 0.119292)
(-1.10937e-10 3.91434e-11 0.170143)
(-9.28082e-11 4.41276e-11 0.196151)
(-7.1725e-11 4.61452e-11 0.196151)
(-5.10415e-11 4.56814e-11 0.170143)
(-1.78072e-11 3.32455e-11 0.119292)
(-9.09583e-11 4.04371e-11 0.108738)
(-1.08335e-10 2.51272e-11 0.155356)
(-9.22082e-11 3.38135e-11 0.17967)
(-7.15035e-11 3.94519e-11 0.17967)
(-5.06885e-11 4.08314e-11 0.155356)
(-1.85965e-11 3.00692e-11 0.108738)
(-7.93091e-11 2.1622e-11 0.0947722)
(-1.01917e-10 9.77092e-12 0.135889)
(-8.88468e-11 2.17736e-11 0.157764)
(-6.94854e-11 3.11437e-11 0.157764)
(-4.91086e-11 3.47818e-11 0.135889)
(-1.8823e-11 2.60218e-11 0.0947722)
(-6.26876e-11 -2.84095e-13 0.0762192)
(-8.855e-11 -7.18451e-12 0.110014)
(-8.01784e-11 6.85984e-12 0.128345)
(-6.37384e-11 1.98472e-11 0.128345)
(-4.52434e-11 2.58514e-11 0.110014)
(-1.79228e-11 2.0089e-11 0.0762192)
(-3.86528e-11 -1.70103e-11 0.0515468)
(-6.43382e-11 -2.0105e-11 0.075283)
(-6.18047e-11 -6.16373e-12 0.0883867)
(-5.03841e-11 7.42793e-12 0.0883867)
(-3.59933e-11 1.51577e-11 0.075283)
(-1.47003e-11 1.26631e-11 0.0515468)
(-1.32255e-11 -1.12654e-11 0.0188236)
(-2.62735e-11 -1.22239e-11 0.0282041)
(-2.67708e-11 -5.7985e-12 0.0334563)
(-2.23004e-11 1.08837e-12 0.0334563)
(-1.59716e-11 5.05742e-12 0.0282041)
(-6.50717e-12 4.28408e-12 0.0188236)
(9.09592e-11 8.17769e-11 0.133458)
(4.05283e-11 6.86015e-11 0.190226)
(3.45107e-11 5.76858e-11 0.218242)
(3.10099e-11 4.12562e-11 0.218242)
(2.88323e-11 2.63859e-11 0.190226)
(1.78923e-11 1.24459e-11 0.133458)
(9.08444e-11 7.83196e-11 0.127314)
(4.1005e-11 6.62456e-11 0.181475)
(3.60858e-11 5.70095e-11 0.208665)
(3.26652e-11 4.0078e-11 0.208665)
(2.98501e-11 2.43126e-11 0.181475)
(1.75064e-11 1.10021e-11 0.127314)
(9.0452e-11 7.34792e-11 0.119292)
(4.20613e-11 6.18921e-11 0.170143)
(3.8415e-11 5.49969e-11 0.196151)
(3.45938e-11 3.75495e-11 0.196151)
(3.08163e-11 2.09853e-11 0.170143)
(1.68824e-11 8.91467e-12 0.119292)
(8.90613e-11 6.89589e-11 0.108738)
(4.34322e-11 5.7312e-11 0.155356)
(4.13202e-11 4.98521e-11 0.17967)
(3.67571e-11 3.25306e-11 0.17967)
(3.15313e-11 1.55607e-11 0.155356)
(1.5889e-11 5.74658e-12 0.108738)
(8.47532e-11 6.29058e-11 0.0947722)
(4.4685e-11 5.04923e-11 0.135889)
(4.47462e-11 4.2527e-11 0.157764)
(3.88376e-11 2.54149e-11 0.157764)
(3.1686e-11 9.18166e-12 0.135889)
(1.44016e-11 2.234e-12 0.0947722)
(7.60941e-11 5.35385e-11 0.0762192)
(4.42993e-11 4.08599e-11 0.110014)
(4.72827e-11 3.12573e-11 0.128345)
(3.97648e-11 1.54329e-11 0.128345)
(3.04012e-11 1.55533e-12 0.110014)
(1.2106e-11 -1.6035e-12 0.0762192)
(5.74876e-11 3.83483e-11 0.0515468)
(3.90515e-11 2.63837e-11 0.075283)
(4.47417e-11 1.73238e-11 0.0883867)
(3.6473e-11 4.56783e-12 0.0883867)
(2.55596e-11 -5.33669e-12 0.075283)
(8.54727e-12 -4.44206e-12 0.0515468)
(2.3437e-11 1.54625e-11 0.0188236)
(1.96273e-11 9.44096e-12 0.0282041)
(2.55049e-11 4.59678e-12 0.0334563)
(2.02306e-11 -1.3534e-12 0.0334563)
(1.31401e-11 -4.86386e-12 0.0282041)
(3.74889e-12 -3.02454e-12 0.0188236)
(-3.46802e-11 -3.57598e-12 0.133458)
(2.41492e-11 2.62351e-11 0.190226)
(4.71637e-11 2.41457e-11 0.218242)
(6.0148e-11 1.50759e-11 0.218242)
(6.33826e-11 -5.11431e-12 0.190226)
(4.37307e-11 -1.56701e-11 0.133458)
(-3.59895e-11 -3.07526e-12 0.127314)
(2.47092e-11 2.70218e-11 0.181475)
(4.81023e-11 2.54667e-11 0.208665)
(6.07257e-11 1.51971e-11 0.208665)
(6.29331e-11 -5.13786e-12 0.181475)
(4.30905e-11 -1.55737e-11 0.127314)
(-3.77093e-11 -2.39223e-12 0.119292)
(2.4737e-11 2.75744e-11 0.170143)
(4.85525e-11 2.6368e-11 0.196151)
(6.07724e-11 1.47523e-11 0.196151)
(6.18889e-11 -5.44157e-12 0.170143)
(4.19167e-11 -1.57465e-11 0.119292)
(-3.92882e-11 -2.76507e-12 0.108738)
(2.39096e-11 2.6585e-11 0.155356)
(4.80018e-11 2.59362e-11 0.17967)
(5.97191e-11 1.31001e-11 0.17967)
(5.9694e-11 -6.13534e-12 0.155356)
(3.9809e-11 -1.62032e-11 0.108738)
(-3.91308e-11 -4.8129e-12 0.0947722)
(2.19302e-11 2.35008e-11 0.135889)
(4.55735e-11 2.375e-11 0.157764)
(5.65226e-11 1.03341e-11 0.157764)
(5.54893e-11 -7.36373e-12 0.135889)
(3.62457e-11 -1.64825e-11 0.0947722)
(-3.67802e-11 -7.76435e-12 0.0762192)
(1.85138e-11 1.92178e-11 0.110014)
(3.97854e-11 1.98307e-11 0.128345)
(4.95901e-11 7.25149e-12 0.128345)
(4.79251e-11 -7.67512e-12 0.110014)
(3.04266e-11 -1.56596e-11 0.0762192)
(-2.87527e-11 -8.21116e-12 0.0515468)
(1.27128e-11 1.33662e-11 0.075283)
(2.85069e-11 1.39118e-11 0.0883867)
(3.62856e-11 4.32796e-12 0.0883867)
(3.47712e-11 -6.687e-12 0.075283)
(2.1437e-11 -1.24711e-11 0.0515468)
(-1.16538e-11 -5.6405e-12 0.0188236)
(5.4117e-12 3.49315e-12 0.0282041)
(1.01727e-11 3.52836e-12 0.0334563)
(1.34601e-11 -2.91073e-14 0.0334563)
(1.31449e-11 -3.80327e-12 0.0282041)
(8.09553e-12 -5.45076e-12 0.0188236)
(6.84621e-11 1.12572e-11 0.133458)
(3.45485e-11 -7.51141e-12 0.190226)
(4.08453e-11 -7.45764e-12 0.218242)
(3.51011e-11 -1.48853e-11 0.218242)
(3.07799e-11 -2.04464e-11 0.190226)
(1.29228e-11 -1.6251e-11 0.133458)
(6.59383e-11 1.23218e-11 0.127314)
(3.18147e-11 -6.28149e-12 0.181475)
(3.91298e-11 -7.14302e-12 0.208665)
(3.34087e-11 -1.4457e-11 0.208665)
(2.93215e-11 -1.96672e-11 0.181475)
(1.23616e-11 -1.54582e-11 0.127314)
(6.29898e-11 1.2773e-11 0.119292)
(2.83479e-11 -5.19307e-12 0.170143)
(3.66373e-11 -7.09747e-12 0.196151)
(3.10525e-11 -1.386e-11 0.196151)
(2.73662e-11 -1.85446e-11 0.170143)
(1.16246e-11 -1.43784e-11 0.119292)
(5.93176e-11 1.30099e-11 0.108738)
(2.40523e-11 -4.00703e-12 0.155356)
(3.30184e-11 -6.60395e-12 0.17967)
(2.77532e-11 -1.26043e-11 0.17967)
(2.47168e-11 -1.64289e-11 0.155356)
(1.06243e-11 -1.27217e-11 0.108738)
(5.34367e-11 1.35964e-11 0.0947722)
(1.86882e-11 -2.75757e-12 0.135889)
(2.77958e-11 -6.00348e-12 0.157764)
(2.30953e-11 -1.0739e-11 0.157764)
(2.10699e-11 -1.36992e-11 0.135889)
(9.21498e-12 -1.06034e-11 0.0947722)
(4.51658e-11 1.44447e-11 0.0762192)
(1.19817e-11 -1.57984e-12 0.110014)
(2.06285e-11 -4.51906e-12 0.128345)
(1.66852e-11 -7.57125e-12 0.128345)
(1.61935e-11 -9.7421e-12 0.110014)
(7.34577e-12 -7.49374e-12 0.0762192)
(3.13142e-11 1.28544e-11 0.0515468)
(4.4814e-12 -3.2437e-13 0.075283)
(1.16693e-11 -2.16713e-12 0.0883867)
(8.80363e-12 -3.78754e-12 0.0883867)
(9.98279e-12 -4.77437e-12 0.075283)
(4.85072e-12 -3.70708e-12 0.0515468)
(1.10471e-11 6.56524e-12 0.0188236)
(-1.35443e-12 -2.09213e-13 0.0282041)
(2.65944e-12 -7.77074e-13 0.0334563)
(1.02851e-12 -8.92692e-13 0.0334563)
(2.55171e-12 -1.07581e-12 0.0282041)
(1.48454e-12 -7.95953e-13 0.0188236)
(-6.30882e-11 -3.46758e-11 0.133458)
(-3.34066e-11 -2.41291e-11 0.190226)
(-2.37022e-11 -2.40384e-11 0.218242)
(-1.42877e-11 -2.28953e-11 0.218242)
(-6.64111e-12 -2.47714e-11 0.190226)
(-4.09523e-13 -2.37059e-11 0.133458)
(-6.36634e-11 -3.3801e-11 0.127314)
(-3.41822e-11 -2.32047e-11 0.181475)
(-2.57991e-11 -2.19415e-11 0.208665)
(-1.64314e-11 -2.02505e-11 0.208665)
(-8.04783e-12 -2.13088e-11 0.181475)
(2.80583e-13 -2.14313e-11 0.127314)
(-6.41983e-11 -3.23903e-11 0.119292)
(-3.504e-11 -2.20191e-11 0.170143)
(-2.81515e-11 -1.92345e-11 0.196151)
(-1.88191e-11 -1.65065e-11 0.196151)
(-9.47561e-12 -1.64549e-11 0.170143)
(1.09936e-12 -1.81965e-11 0.119292)
(-6.4019e-11 -3.09929e-11 0.108738)
(-3.57334e-11 -2.0677e-11 0.155356)
(-3.05242e-11 -1.5942e-11 0.17967)
(-2.12048e-11 -1.18385e-11 0.17967)
(-1.07767e-11 -1.05969e-11 0.155356)
(1.92824e-12 -1.42954e-11 0.108738)
(-6.1134e-11 -2.9833e-11 0.0947722)
(-3.55885e-11 -1.88227e-11 0.135889)
(-3.24113e-11 -1.20676e-11 0.157764)
(-2.32065e-11 -6.77577e-12 0.157764)
(-1.1781e-11 -4.67089e-12 0.135889)
(2.55423e-12 -1.0359e-11 0.0947722)
(-5.4948e-11 -2.80269e-11 0.0762192)
(-3.31045e-11 -1.5322e-11 0.110014)
(-3.25143e-11 -6.9691e-12 0.128345)
(-2.37586e-11 -5.39694e-13 0.128345)
(-1.19004e-11 1.58107e-12 0.110014)
(3.04714e-12 -5.67764e-12 0.0762192)
(-4.1196e-11 -2.17445e-11 0.0515468)
(-2.629e-11 -9.69132e-12 0.075283)
(-2.80867e-11 -1.47705e-12 0.0883867)
(-2.07368e-11 4.92864e-12 0.0883867)
(-9.9822e-12 7.0307e-12 0.075283)
(2.95329e-12 -9.37466e-13 0.0515468)
(-1.6307e-11 -9.77393e-12 0.0188236)
(-1.07281e-11 -3.35668e-12 0.0282041)
(-1.37512e-11 2.00319e-13 0.0334563)
(-1.02914e-11 3.27428e-12 0.0334563)
(-5.37548e-12 4.39091e-12 0.0282041)
(1.11835e-12 4.3431e-13 0.0188236)
(3.97583e-11 1.07956e-11 0.133458)
(-7.75496e-12 -1.64116e-11 0.190226)
(-1.28246e-11 -1.51595e-11 0.218242)
(-2.07588e-11 -1.57251e-11 0.218242)
(-2.16593e-11 -9.77568e-12 0.190226)
(-1.89761e-11 -2.99302e-12 0.133458)
(3.91449e-11 1.11362e-11 0.127314)
(-9.00186e-12 -1.54899e-11 0.181475)
(-1.36917e-11 -1.49238e-11 0.208665)
(-2.16121e-11 -1.49855e-11 0.208665)
(-2.19687e-11 -8.6925e-12 0.181475)
(-1.84768e-11 -2.21706e-12 0.127314)
(3.86146e-11 1.06583e-11 0.119292)
(-1.01398e-11 -1.479e-11 0.170143)
(-1.44722e-11 -1.47736e-11 0.196151)
(-2.22821e-11 -1.40184e-11 0.196151)
(-2.20783e-11 -7.36331e-12 0.170143)
(-1.77077e-11 -1.20764e-12 0.119292)
(3.7896e-11 1.02054e-11 0.108738)
(-1.0899e-11 -1.37114e-11 0.155356)
(-1.48741e-11 -1.38e-11 0.17967)
(-2.2473e-11 -1.21534e-11 0.17967)
(-2.16997e-11 -5.45936e-12 0.155356)
(-1.65132e-11 1.77301e-13 0.108738)
(3.55468e-11 1.03088e-11 0.0947722)
(-1.1136e-11 -1.16937e-11 0.135889)
(-1.44625e-11 -1.23177e-11 0.157764)
(-2.16872e-11 -9.45274e-12 0.157764)
(-2.04641e-11 -3.33903e-12 0.135889)
(-1.47526e-11 1.65231e-12 0.0947722)
(3.189e-11 1.07252e-11 0.0762192)
(-1.05911e-11 -8.98023e-12 0.110014)
(-1.25726e-11 -9.57821e-12 0.128345)
(-1.91285e-11 -6.09487e-12 0.128345)
(-1.76897e-11 -6.96593e-13 0.110014)
(-1.20711e-11 3.30303e-12 0.0762192)
(2.38204e-11 8.96982e-12 0.0515468)
(-8.37784e-12 -5.78826e-12 0.075283)
(-8.35734e-12 -5.63693e-12 0.0883867)
(-1.37292e-11 -2.28002e-12 0.0883867)
(-1.25389e-11 1.74637e-12 0.075283)
(-8.20897e-12 4.10751e-12 0.0515468)
(9.13216e-12 4.82426e-12 0.0188236)
(-4.22055e-12 -1.69749e-12 0.0282041)
(-2.05873e-12 -1.36216e-12 0.0334563)
(-4.88256e-12 5.24155e-14 0.0334563)
(-4.69817e-12 1.47807e-12 0.0282041)
(-3.07502e-12 2.29874e-12 0.0188236)
(-7.31948e-11 -1.58824e-11 0.133458)
(-3.88097e-11 7.32427e-13 0.190226)
(-3.63635e-11 6.55168e-12 0.218242)
(-2.92234e-11 1.76617e-11 0.218242)
(-2.73913e-11 2.93395e-11 0.190226)
(-1.83153e-11 3.14871e-11 0.133458)
(-7.16266e-11 -1.64748e-11 0.127314)
(-3.68474e-11 -2.55063e-13 0.181475)
(-3.52046e-11 6.01727e-12 0.208665)
(-2.79841e-11 1.71922e-11 0.208665)
(-2.65854e-11 2.81338e-11 0.181475)
(-1.83416e-11 3.03215e-11 0.127314)
(-6.96775e-11 -1.67451e-11 0.119292)
(-3.43952e-11 -1.43474e-12 0.170143)
(-3.35752e-11 5.18314e-12 0.196151)
(-2.63843e-11 1.5956e-11 0.196151)
(-2.55628e-11 2.57994e-11 0.170143)
(-1.82575e-11 2.82086e-11 0.119292)
(-6.68161e-11 -1.72631e-11 0.108738)
(-3.13179e-11 -2.87584e-12 0.155356)
(-3.12784e-11 3.85321e-12 0.17967)
(-2.43783e-11 1.37233e-11 0.17967)
(-2.42321e-11 2.21614e-11 0.155356)
(-1.7905e-11 2.5058e-11 0.108738)
(-6.11567e-11 -1.84068e-11 0.0947722)
(-2.72285e-11 -4.38573e-12 0.135889)
(-2.80353e-11 2.13479e-12 0.157764)
(-2.16276e-11 1.08297e-11 0.157764)
(-2.22191e-11 1.80138e-11 0.135889)
(-1.70097e-11 2.11355e-11 0.0947722)
(-5.23114e-11 -1.99773e-11 0.0762192)
(-2.12677e-11 -5.68984e-12 0.110014)
(-2.33553e-11 1.78311e-13 0.128345)
(-1.78556e-11 6.59121e-12 0.128345)
(-1.92021e-11 1.25899e-11 0.110014)
(-1.52605e-11 1.56993e-11 0.0762192)
(-3.67593e-11 -1.78843e-11 0.0515468)
(-1.33427e-11 -5.68405e-12 0.075283)
(-1.65478e-11 -1.68721e-12 0.0883867)
(-1.2528e-11 2.26357e-12 0.0883867)
(-1.42759e-11 6.25018e-12 0.075283)
(-1.18028e-11 9.13445e-12 0.0515468)
(-1.34786e-11 -8.67986e-12 0.0188236)
(-3.52105e-12 -2.33974e-12 0.0282041)
(-6.74274e-12 -8.72656e-13 0.0334563)
(-4.5888e-12 5.09491e-13 0.0334563)
(-5.65597e-12 1.9617e-12 0.0282041)
(-4.60211e-12 2.96901e-12 0.0188236)
(3.80608e-11 2.08258e-11 0.133458)
(-4.66415e-12 -4.52164e-12 0.190226)
(-1.22369e-11 -5.58863e-12 0.218242)
(-1.79604e-11 -6.1427e-12 0.218242)
(-1.56524e-11 -1.66102e-12 0.190226)
(-3.49483e-12 -2.76651e-12 0.133458)
(3.80984e-11 2.02656e-11 0.127314)
(-5.18691e-12 -4.84843e-12 0.181475)
(-1.18728e-11 -6.50498e-12 0.208665)
(-1.72491e-11 -6.7491e-12 0.208665)
(-1.45665e-11 -2.37395e-12 0.181475)
(-3.1502e-12 -3.1605e-12 0.127314)
(3.82595e-11 1.88707e-11 0.119292)
(-5.55941e-12 -5.33632e-12 0.170143)
(-1.12891e-11 -7.26986e-12 0.196151)
(-1.62065e-11 -6.84975e-12 0.196151)
(-1.3189e-11 -2.78305e-12 0.170143)
(-2.66937e-12 -3.30597e-12 0.119292)
(3.81999e-11 1.74487e-11 0.108738)
(-5.6093e-12 -5.41587e-12 0.155356)
(-1.03187e-11 -7.24931e-12 0.17967)
(-1.46895e-11 -6.14827e-12 0.17967)
(-1.14053e-11 -2.81491e-12 0.155356)
(-1.96926e-12 -3.03578e-12 0.108738)
(3.64931e-11 1.63365e-11 0.0947722)
(-5.3774e-12 -5.00119e-12 0.135889)
(-8.79528e-12 -6.55905e-12 0.157764)
(-1.25958e-11 -5.15297e-12 0.157764)
(-9.08221e-12 -2.41184e-12 0.135889)
(-1.12596e-12 -2.77882e-12 0.0947722)
(3.33919e-11 1.48191e-11 0.0762192)
(-4.8533e-12 -4.65542e-12 0.110014)
(-6.59538e-12 -5.93693e-12 0.128345)
(-9.777e-12 -4.09056e-12 0.128345)
(-6.40387e-12 -2.47546e-12 0.110014)
(-1.55303e-13 -2.37947e-12 0.0762192)
(2.56541e-11 1.06904e-11 0.0515468)
(-3.6638e-12 -4.46649e-12 0.075283)
(-3.57031e-12 -5.02777e-12 0.0883867)
(-6.18593e-12 -3.17321e-12 0.0883867)
(-3.2701e-12 -2.041e-12 0.075283)
(6.46541e-13 -1.88793e-12 0.0515468)
(1.0001e-11 5.07675e-12 0.0188236)
(-2.41977e-12 -1.75782e-12 0.0282041)
(-4.57768e-13 -1.89895e-12 0.0334563)
(-1.73009e-12 -1.00437e-12 0.0334563)
(-3.71978e-13 -7.78985e-13 0.0282041)
(7.33653e-13 -1.02529e-12 0.0188236)
(-8.53151e-11 -2.12404e-11 0.133458)
(-5.24051e-11 -1.13534e-11 0.190226)
(-4.87726e-11 -1.33319e-11 0.218242)
(-3.68469e-11 -1.07483e-11 0.218242)
(-2.33992e-11 -1.12704e-11 0.190226)
(3.5719e-12 -1.26026e-11 0.133458)
(-8.34646e-11 -2.21517e-11 0.127314)
(-5.10986e-11 -1.28434e-11 0.181475)
(-4.84673e-11 -1.36663e-11 0.208665)
(-3.64113e-11 -1.0385e-11 0.208665)
(-2.26989e-11 -1.04059e-11 0.181475)
(3.78719e-12 -1.20248e-11 0.127314)
(-8.11622e-11 -2.26407e-11 0.119292)
(-4.93175e-11 -1.41695e-11 0.170143)
(-4.77659e-11 -1.33434e-11 0.196151)
(-3.56264e-11 -9.3936e-12 0.196151)
(-2.17135e-11 -8.68523e-12 0.170143)
(4.03121e-12 -1.07749e-11 0.119292)
(-7.78079e-11 -2.32521e-11 0.108738)
(-4.68073e-11 -1.50606e-11 0.155356)
(-4.63166e-11 -1.21744e-11 0.17967)
(-3.42018e-11 -7.63003e-12 0.17967)
(-2.03038e-11 -5.93529e-12 0.155356)
(4.24198e-12 -8.94648e-12 0.108738)
(-7.14197e-11 -2.42507e-11 0.0947722)
(-4.29177e-11 -1.52307e-11 0.135889)
(-4.35856e-11 -1.05946e-11 0.157764)
(-3.17569e-11 -5.19478e-12 0.157764)
(-1.82972e-11 -2.98388e-12 0.135889)
(4.24651e-12 -6.95154e-12 0.0947722)
(-6.13232e-11 -2.54256e-11 0.0762192)
(-3.62728e-11 -1.47821e-11 0.110014)
(-3.8506e-11 -8.65513e-12 0.128345)
(-2.75677e-11 -2.33179e-12 0.128345)
(-1.55143e-11 1.19401e-13 0.110014)
(3.95949e-12 -4.71694e-12 0.0762192)
(-4.32924e-11 -2.23827e-11 0.0515468)
(-2.56616e-11 -1.21046e-11 0.075283)
(-2.91755e-11 -6.37306e-12 0.0883867)
(-2.03858e-11 9.06031e-14 0.0883867)
(-1.12855e-11 2.29841e-12 0.075283)
(3.08573e-12 -2.30343e-12 0.0515468)
(-1.62464e-11 -1.05002e-11 0.0188236)
(-9.14938e-12 -4.6405e-12 0.0282041)
(-1.2563e-11 -1.9389e-12 0.0334563)
(-8.22769e-12 8.72891e-13 0.0334563)
(-4.85255e-12 1.96573e-12 0.0282041)
(1.19165e-12 -6.13925e-13 0.0188236)
(2.34482e-11 2.45689e-11 0.133458)
(-1.55058e-11 1.58844e-12 0.190226)
(-2.26742e-11 1.44257e-12 0.218242)
(-2.69363e-11 1.78676e-13 0.218242)
(-2.61545e-11 6.33979e-12 0.190226)
(-7.20131e-12 1.24306e-11 0.133458)
(2.48603e-11 2.29817e-11 0.127314)
(-1.53812e-11 -3.91786e-13 0.181475)
(-2.20047e-11 -1.20737e-12 0.208665)
(-2.61814e-11 -1.99235e-12 0.208665)
(-2.53083e-11 4.52959e-12 0.181475)
(-8.17711e-12 1.12092e-11 0.127314)
(2.6613e-11 2.06167e-11 0.119292)
(-1.48577e-11 -2.57501e-12 0.170143)
(-2.09541e-11 -3.93472e-12 0.196151)
(-2.50361e-11 -4.22807e-12 0.196151)
(-2.42864e-11 2.62074e-12 0.170143)
(-9.19346e-12 9.78822e-12 0.119292)
(2.83332e-11 1.82921e-11 0.108738)
(-1.3715e-11 -4.11645e-12 0.155356)
(-1.9272e-11 -5.95792e-12 0.17967)
(-2.32756e-11 -5.54942e-12 0.17967)
(-2.29136e-11 1.38889e-12 0.155356)
(-1.0034e-11 8.74781e-12 0.108738)
(2.86364e-11 1.65054e-11 0.0947722)
(-1.189e-11 -5.03839e-12 0.135889)
(-1.66746e-11 -7.37468e-12 0.157764)
(-2.05695e-11 -6.22271e-12 0.157764)
(-2.09005e-11 6.08424e-13 0.135889)
(-1.04738e-11 7.90054e-12 0.0947722)
(2.79177e-11 1.38385e-11 0.0762192)
(-9.16736e-12 -6.84089e-12 0.110014)
(-1.26812e-11 -8.93582e-12 0.128345)
(-1.66079e-11 -6.95404e-12 0.128345)
(-1.80449e-11 -1.09644e-12 0.110014)
(-1.0281e-11 6.14389e-12 0.0762192)
(2.29856e-11 8.59165e-12 0.0515468)
(-5.46614e-12 -8.1241e-12 0.075283)
(-7.03157e-12 -9.59759e-12 0.0883867)
(-1.09054e-11 -7.23376e-12 0.0883867)
(-1.32938e-11 -2.47022e-12 0.075283)
(-8.65983e-12 3.64125e-12 0.0515468)
(9.31089e-12 4.00494e-12 0.0188236)
(-2.50227e-12 -2.93824e-12 0.0282041)
(-1.22042e-12 -3.31899e-12 0.0334563)
(-2.97694e-12 -2.33339e-12 0.0334563)
(-4.72047e-12 -3.83171e-13 0.0282041)
(-3.61748e-12 1.65184e-12 0.0188236)
(-1.23719e-10 -1.77549e-11 0.133458)
(-8.00598e-11 1.13276e-11 0.190226)
(-6.92235e-11 2.4087e-11 0.218242)
(-4.71777e-11 3.53132e-11 0.218242)
(-3.34379e-11 4.16205e-11 0.190226)
(-8.75109e-12 3.54658e-11 0.133458)
(-1.19318e-10 -1.9953e-11 0.127314)
(-7.65152e-11 7.86495e-12 0.181475)
(-6.68112e-11 2.19267e-11 0.208665)
(-4.48551e-11 3.39657e-11 0.208665)
(-3.18965e-11 3.96189e-11 0.181475)
(-9.40318e-12 3.36833e-11 0.127314)
(-1.13858e-10 -2.16963e-11 0.119292)
(-7.1768e-11 4.29722e-12 0.170143)
(-6.32978e-11 1.91693e-11 0.196151)
(-4.18121e-11 3.16827e-11 0.196151)
(-3.00965e-11 3.62452e-11 0.170143)
(-1.01233e-11 3.11326e-11 0.119292)
(-1.06683e-10 -2.33598e-11 0.108738)
(-6.54967e-11 7.91913e-13 0.155356)
(-5.8296e-11 1.57278e-11 0.17967)
(-3.79075e-11 2.77192e-11 0.17967)
(-2.79837e-11 3.12407e-11 0.155356)
(-1.07946e-11 2.73713e-11 0.108738)
(-9.56323e-11 -2.56146e-11 0.0947722)
(-5.69782e-11 -2.71398e-12 0.135889)
(-5.11669e-11 1.13801e-11 0.157764)
(-3.2742e-11 2.23086e-11 0.157764)
(-2.52229e-11 2.53572e-11 0.135889)
(-1.1126e-11 2.27126e-11 0.0947722)
(-7.95272e-11 -2.84182e-11 0.0762192)
(-4.48036e-11 -6.52402e-12 0.110014)
(-4.10042e-11 5.76176e-12 0.128345)
(-2.59611e-11 1.44312e-11 0.128345)
(-2.17037e-11 1.6765e-11 0.110014)
(-1.09295e-11 1.60147e-11 0.0762192)
(-5.42876e-11 -2.64544e-11 0.0515468)
(-2.82356e-11 -8.93685e-12 0.075283)
(-2.7051e-11 -4.34766e-13 0.0883867)
(-1.71315e-11 4.97004e-12 0.0883867)
(-1.64702e-11 7.21162e-12 0.075283)
(-9.33492e-12 8.06633e-12 0.0515468)
(-1.94945e-11 -1.30088e-11 0.0188236)
(-8.00688e-12 -4.64542e-12 0.0282041)
(-9.24212e-12 -1.72196e-12 0.0334563)
(-5.49036e-12 9.41017e-14 0.0334563)
(-6.75043e-12 1.45832e-12 0.0282041)
(-3.93526e-12 1.92357e-12 0.0188236)
(3.44117e-11 -7.42943e-11 0.133458)
(1.00186e-10 -1.33358e-10 0.190226)
(1.30208e-10 -5.77232e-11 0.218242)
(9.37814e-11 -7.95337e-11 0.218242)
(1.9034e-11 -7.57574e-11 0.190226)
(1.02374e-11 -2.31572e-10 0.133458)
(3.00173e-11 -6.83719e-11 0.127314)
(1.03231e-10 -1.26196e-10 0.181475)
(1.37982e-10 -5.53016e-11 0.208665)
(9.67311e-11 -7.59678e-11 0.208665)
(1.42334e-11 -7.62482e-11 0.181475)
(7.22618e-12 -2.33707e-10 0.127314)
(2.48655e-11 -6.10144e-11 0.119292)
(1.0537e-10 -1.12418e-10 0.170143)
(1.46205e-10 -5.13228e-11 0.196151)
(9.96014e-11 -6.99663e-11 0.196151)
(7.46454e-12 -7.5694e-11 0.170143)
(4.09497e-12 -2.33278e-10 0.119292)
(1.90616e-11 -5.12517e-11 0.108738)
(1.05944e-10 -9.85052e-11 0.155356)
(1.54085e-10 -4.37835e-11 0.17967)
(1.01699e-10 -6.08852e-11 0.17967)
(-1.98462e-12 -7.21058e-11 0.155356)
(2.61441e-12 -2.18998e-10 0.108738)
(1.20168e-11 -4.1294e-11 0.0947722)
(1.015e-10 -6.93385e-11 0.135889)
(1.60609e-10 -3.2929e-11 0.157764)
(1.01667e-10 -4.87234e-11 0.157764)
(-1.07841e-11 -6.34659e-11 0.135889)
(4.39014e-12 -1.83547e-10 0.0947722)
(5.46317e-12 -2.48631e-11 0.0762192)
(8.64801e-11 -1.00643e-11 0.110014)
(1.55046e-10 -1.36574e-11 0.128345)
(9.73479e-11 -3.17011e-11 0.128345)
(-1.79053e-11 -4.50374e-11 0.110014)
(1.25247e-11 -1.2435e-10 0.0762192)
(-1.73078e-12 -4.1242e-12 0.0515468)
(6.22269e-11 3.38988e-11 0.075283)
(1.25562e-10 9.28361e-12 0.0883867)
(8.1116e-11 -1.31807e-11 0.0883867)
(-1.28259e-11 -2.04075e-11 0.075283)
(2.77826e-11 -3.97351e-11 0.0515468)
(-1.53547e-12 2.75929e-12 0.0188236)
(2.86513e-11 2.22899e-11 0.0282041)
(5.72409e-11 9.10411e-12 0.0334563)
(3.98319e-11 -1.58583e-12 0.0334563)
(-1.19847e-12 -2.86649e-12 0.0282041)
(1.55158e-11 -2.25118e-12 0.0188236)
(-5.70201e-11 -4.33902e-11 0.133458)
(-1.73534e-11 -3.19475e-11 0.190226)
(1.63851e-11 -3.53225e-11 0.218242)
(3.48363e-11 -1.35286e-12 0.218242)
(3.00158e-11 1.3559e-11 0.190226)
(5.52942e-12 8.78586e-11 0.133458)
(-5.57803e-11 -4.36073e-11 0.127314)
(-1.71775e-11 -3.29029e-11 0.181475)
(1.74229e-11 -3.51181e-11 0.208665)
(3.66801e-11 -4.15427e-12 0.208665)
(3.13597e-11 1.29963e-11 0.181475)
(5.74822e-12 9.1368e-11 0.127314)
(-5.45397e-11 -4.11465e-11 0.119292)
(-1.72524e-11 -3.26545e-11 0.170143)
(1.77729e-11 -3.4911e-11 0.196151)
(3.79799e-11 -7.99655e-12 0.196151)
(3.33889e-11 1.15973e-11 0.170143)
(5.68372e-12 9.26584e-11 0.119292)
(-5.28263e-11 -3.64776e-11 0.108738)
(-1.85905e-11 -2.4611e-11 0.155356)
(1.63288e-11 -3.97401e-11 0.17967)
(3.83328e-11 -1.13225e-11 0.17967)
(3.57954e-11 9.51214e-12 0.155356)
(3.50004e-12 7.99855e-11 0.108738)
(-4.87031e-11 -2.99766e-11 0.0947722)
(-2.05311e-11 -2.3184e-11 0.135889)
(1.01249e-11 -3.5325e-11 0.157764)
(3.78088e-11 -1.44399e-11 0.157764)
(3.4718e-11 5.27031e-12 0.135889)
(6.56131e-13 6.24167e-11 0.0947722)
(-4.30423e-11 -2.33874e-11 0.0762192)
(-1.95576e-11 -3.01446e-11 0.110014)
(1.70415e-12 -1.15161e-11 0.128345)
(3.0586e-11 -1.2541e-11 0.128345)
(3.41529e-11 -5.10739e-13 0.110014)
(-1.31837e-12 5.03684e-11 0.0762192)
(-3.07692e-11 -1.59229e-11 0.0515468)
(-1.89492e-11 -1.87988e-11 0.075283)
(-8.1954e-12 9.9917e-13 0.0883867)
(1.76484e-11 -5.05694e-12 0.0883867)
(2.64556e-11 -2.53592e-12 0.075283)
(-1.03034e-11 1.60668e-11 0.0515468)
(-1.13348e-11 -5.82689e-12 0.0188236)
(-1.07904e-11 -5.78027e-12 0.0282041)
(-1.13525e-11 1.55442e-12 0.0334563)
(1.49119e-12 -3.75735e-13 0.0334563)
(9.27418e-12 -1.84699e-12 0.0282041)
(-6.96937e-12 1.14978e-12 0.0188236)
(8.19615e-11 1.00354e-10 0.133458)
(4.15547e-11 4.50501e-11 0.190226)
(2.27989e-11 3.32071e-11 0.218242)
(6.14827e-12 3.37833e-13 0.218242)
(-1.29718e-11 3.50277e-12 0.190226)
(5.58453e-12 -2.2762e-11 0.133458)
(8.17602e-11 9.78311e-11 0.127314)
(3.9259e-11 4.35375e-11 0.181475)
(1.99377e-11 3.19093e-11 0.208665)
(3.30792e-12 -5.26471e-13 0.208665)
(-1.49243e-11 4.67979e-13 0.181475)
(2.39389e-12 -2.74038e-11 0.127314)
(8.13631e-11 9.15994e-11 0.119292)
(3.6635e-11 4.14543e-11 0.170143)
(1.65464e-11 3.10411e-11 0.196151)
(-3.50382e-13 -1.71742e-12 0.196151)
(-1.80974e-11 -2.37536e-12 0.170143)
(-1.26294e-12 -3.19175e-11 0.119292)
(8.014e-11 8.24299e-11 0.108738)
(3.43134e-11 3.88623e-11 0.155356)
(1.24247e-11 3.69807e-11 0.17967)
(-5.56272e-12 -8.50798e-12 0.17967)
(-2.2212e-11 -4.19619e-12 0.155356)
(-3.50963e-12 -2.39938e-11 0.108738)
(7.60961e-11 7.14783e-11 0.0947722)
(3.25842e-11 3.75719e-11 0.135889)
(7.21036e-12 3.00905e-11 0.157764)
(-1.26383e-11 -8.87219e-12 0.157764)
(-2.25846e-11 -4.21963e-12 0.135889)
(-6.00893e-12 -1.53746e-11 0.0947722)
(6.91695e-11 5.58882e-11 0.0762192)
(2.88119e-11 2.85083e-11 0.110014)
(4.87696e-12 1.90669e-12 0.128345)
(-1.537e-11 4.78919e-13 0.128345)
(-2.64613e-11 -2.88343e-12 0.110014)
(-1.07439e-11 -2.08912e-11 0.0762192)
(5.36476e-11 3.42022e-11 0.0515468)
(2.38559e-11 9.77729e-12 0.075283)
(4.1952e-12 -1.18781e-11 0.0883867)
(-1.48096e-11 -3.68414e-12 0.0883867)
(-2.52342e-11 -3.01529e-12 0.075283)
(-6.51579e-12 -6.06338e-12 0.0515468)
(2.09744e-11 1.29181e-11 0.0188236)
(9.4789e-12 2.47086e-12 0.0282041)
(2.96379e-12 -4.91055e-12 0.0334563)
(-6.16773e-12 -9.83463e-13 0.0334563)
(-1.13659e-11 1.14289e-12 0.0282041)
(-1.9761e-12 1.05192e-12 0.0188236)
(-4.93407e-11 7.7103e-11 0.133458)
(7.39023e-12 9.78556e-11 0.190226)
(5.9209e-11 1.23061e-10 0.218242)
(4.88428e-11 1.81739e-10 0.218242)
(4.51766e-11 1.98304e-10 0.190226)
(2.43725e-12 3.16927e-10 0.133458)
(-4.7235e-11 6.7607e-11 0.127314)
(6.36243e-12 9.04206e-11 0.181475)
(6.29536e-11 1.19032e-10 0.208665)
(5.2513e-11 1.78282e-10 0.208665)
(5.04178e-11 1.96725e-10 0.181475)
(8.90184e-13 3.14977e-10 0.127314)
(-4.48399e-11 5.60022e-11 0.119292)
(5.75599e-12 8.16991e-11 0.170143)
(6.73775e-11 1.14221e-10 0.196151)
(5.69139e-11 1.73213e-10 0.196151)
(5.65526e-11 1.93092e-10 0.170143)
(-1.50851e-12 3.10197e-10 0.119292)
(-4.2059e-11 4.25087e-11 0.108738)
(5.67192e-12 7.08001e-11 0.155356)
(7.24734e-11 1.06113e-10 0.17967)
(6.21719e-11 1.66881e-10 0.17967)
(6.33978e-11 1.82725e-10 0.155356)
(-6.69006e-12 2.8916e-10 0.108738)
(-3.7659e-11 2.76356e-11 0.0947722)
(6.42959e-12 5.69588e-11 0.135889)
(7.80536e-11 9.50924e-11 0.157764)
(6.60417e-11 1.40109e-10 0.157764)
(6.50034e-11 1.54909e-10 0.135889)
(-1.56897e-11 2.43805e-10 0.0947722)
(-3.12149e-11 9.72001e-12 0.0762192)
(8.57359e-12 3.71646e-11 0.110014)
(7.81351e-11 6.80431e-11 0.128345)
(6.26281e-11 7.33621e-11 0.128345)
(6.02676e-11 9.20607e-11 0.110014)
(-3.08769e-11 1.6769e-10 0.0762192)
(-1.98672e-11 -6.00655e-12 0.0515468)
(9.60778e-12 1.3915e-11 0.075283)
(6.49632e-11 2.4949e-11 0.0883867)
(4.61632e-11 4.02318e-12 0.0883867)
(3.7872e-11 1.29213e-11 0.075283)
(-5.01875e-11 5.59177e-11 0.0515468)
(-7.38122e-12 -6.94935e-12 0.0188236)
(4.80368e-12 5.05017e-13 0.0282041)
(2.81427e-11 1.78694e-12 0.0334563)
(1.63595e-11 -1.14764e-11 0.0334563)
(1.26135e-11 -1.11458e-11 0.0282041)
(-2.61389e-11 3.84771e-12 0.0188236)
(-3.05904e-11 2.09187e-11 0.133458)
(-5.03728e-11 1.19135e-11 0.190226)
(-2.98286e-11 2.88716e-11 0.218242)
(-2.25682e-11 3.69119e-11 0.218242)
(-5.69631e-12 2.86987e-11 0.190226)
(2.67497e-11 9.24988e-12 0.133458)
(-2.92249e-11 1.7937e-11 0.127314)
(-5.312e-11 8.77123e-12 0.181475)
(-3.22654e-11 2.54779e-11 0.208665)
(-2.43759e-11 3.46625e-11 0.208665)
(-5.52161e-12 2.61791e-11 0.181475)
(2.57163e-11 7.28091e-12 0.127314)
(-2.7327e-11 1.3684e-11 0.119292)
(-5.59021e-11 5.18367e-12 0.170143)
(-3.52975e-11 2.1986e-11 0.196151)
(-2.65834e-11 3.31216e-11 0.196151)
(-5.48265e-12 2.44215e-11 0.170143)
(2.44399e-11 5.80631e-12 0.119292)
(-2.47432e-11 8.56347e-12 0.108738)
(-5.81189e-11 8.36845e-13 0.155356)
(-3.87402e-11 1.76704e-11 0.17967)
(-2.91341e-11 3.1409e-11 0.17967)
(-5.62091e-12 2.27984e-11 0.155356)
(2.28793e-11 4.28886e-12 0.108738)
(-2.19311e-11 3.64371e-12 0.0947722)
(-5.88084e-11 -3.94763e-12 0.135889)
(-4.21633e-11 1.28702e-11 0.157764)
(-3.179e-11 2.87774e-11 0.157764)
(-6.13571e-12 2.07287e-11 0.135889)
(2.08486e-11 2.30975e-12 0.0947722)
(-1.7058e-11 -1.60517e-12 0.0762192)
(-5.57658e-11 -1.0417e-11 0.110014)
(-4.41089e-11 5.36084e-12 0.128345)
(-3.39553e-11 2.20171e-11 0.128345)
(-7.5045e-12 1.53629e-11 0.110014)
(1.77455e-11 -1.181e-12 0.0762192)
(-1.09675e-11 -6.77065e-12 0.0515468)
(-4.50462e-11 -1.58824e-11 0.075283)
(-4.05363e-11 -3.3955e-12 0.0883867)
(-3.27481e-11 1.08882e-11 0.0883867)
(-9.16534e-12 7.43373e-12 0.075283)
(1.264e-11 -5.18074e-12 0.0515468)
(-5.04731e-12 -4.247e-12 0.0188236)
(-2.1689e-11 -9.33403e-12 0.0282041)
(-2.2203e-11 -4.16243e-12 0.0334563)
(-1.88904e-11 2.26601e-12 0.0334563)
(-6.73668e-12 1.78382e-12 0.0282041)
(5.16682e-12 -4.41219e-12 0.0188236)
(-9.2914e-11 2.46294e-11 0.133458)
(-6.04964e-11 4.56775e-11 0.190226)
(-5.45779e-11 5.25582e-11 0.218242)
(-3.74735e-11 5.79855e-11 0.218242)
(-2.49823e-11 5.40557e-11 0.190226)
(7.04125e-12 4.03903e-11 0.133458)
(-8.81642e-11 2.02258e-11 0.127314)
(-5.80185e-11 3.85697e-11 0.181475)
(-5.44863e-11 4.53121e-11 0.208665)
(-3.76905e-11 5.12348e-11 0.208665)
(-2.51438e-11 4.84028e-11 0.181475)
(4.30311e-12 3.65617e-11 0.127314)
(-8.25044e-11 1.53271e-11 0.119292)
(-5.45801e-11 3.02139e-11 0.170143)
(-5.39061e-11 3.6612e-11 0.196151)
(-3.77048e-11 4.29188e-11 0.196151)
(-2.54989e-11 4.13564e-11 0.170143)
(1.09513e-12 3.17421e-11 0.119292)
(-7.5547e-11 9.45835e-12 0.108738)
(-4.9766e-11 2.07972e-11 0.155356)
(-5.22971e-11 2.66074e-11 0.17967)
(-3.72392e-11 3.32594e-11 0.17967)
(-2.58449e-11 3.32244e-11 0.155356)
(-2.34901e-12 2.6543e-11 0.108738)
(-6.56765e-11 2.50091e-12 0.0947722)
(-4.28539e-11 1.10195e-11 0.135889)
(-4.88106e-11 1.59619e-11 0.157764)
(-3.5484e-11 2.27979e-11 0.157764)
(-2.56757e-11 2.4608e-11 0.135889)
(-5.77993e-12 2.09177e-11 0.0947722)
(-5.21381e-11 -6.59183e-12 0.0762192)
(-3.22632e-11 -5.96132e-13 0.110014)
(-4.16475e-11 2.68994e-12 0.128345)
(-3.14818e-11 9.35286e-12 0.128345)
(-2.45403e-11 1.2952e-11 0.110014)
(-8.96856e-12 1.31949e-11 0.0762192)
(-3.24618e-11 -1.30614e-11 0.0515468)
(-1.80703e-11 -1.03086e-11 0.075283)
(-2.89076e-11 -9.80161e-12 0.0883867)
(-2.3197e-11 -4.32312e-12 0.0883867)
(-2.04248e-11 1.29884e-12 0.075283)
(-1.02888e-11 5.05298e-12 0.0515468)
(-1.03416e-11 -7.82085e-12 0.0188236)
(-3.90988e-12 -6.05945e-12 0.0282041)
(-1.04189e-11 -6.67486e-12 0.0334563)
(-8.06217e-12 -4.77821e-12 0.0334563)
(-8.50996e-12 -1.28417e-12 0.0282041)
(-5.26077e-12 9.8032e-13 0.0188236)
(-1.47238e-11 3.56348e-11 0.133458)
(-3.00031e-11 2.69015e-11 0.190226)
(-2.42309e-11 3.27205e-11 0.218242)
(-1.5414e-11 2.80446e-11 0.218242)
(-3.28179e-12 1.98029e-11 0.190226)
(2.23311e-11 8.85944e-12 0.133458)
(-1.21018e-11 3.34391e-11 0.127314)
(-2.90353e-11 2.48257e-11 0.181475)
(-2.32717e-11 2.96121e-11 0.208665)
(-1.50367e-11 2.56455e-11 0.208665)
(-2.74501e-12 1.79549e-11 0.181475)
(2.07906e-11 7.496e-12 0.127314)
(-9.02578e-12 3.01986e-11 0.119292)
(-2.75654e-11 2.23275e-11 0.170143)
(-2.19296e-11 2.5893e-11 0.196151)
(-1.43308e-11 2.2864e-11 0.196151)
(-2.26636e-12 1.59627e-11 0.170143)
(1.88095e-11 5.97869e-12 0.119292)
(-5.49328e-12 2.58911e-11 0.108738)
(-2.52118e-11 1.86086e-11 0.155356)
(-1.98517e-11 2.12369e-11 0.17967)
(-1.30978e-11 1.93301e-11 0.17967)
(-1.86615e-12 1.34007e-11 0.155356)
(1.63549e-11 4.20126e-12 0.108738)
(-2.19866e-12 2.12569e-11 0.0947722)
(-2.17224e-11 1.42236e-11 0.135889)
(-1.66523e-11 1.5907e-11 0.157764)
(-1.10891e-11 1.51882e-11 0.157764)
(-1.47934e-12 1.03463e-11 0.135889)
(1.32999e-11 2.15988e-12 0.0947722)
(1.78011e-12 1.49365e-11 0.0762192)
(-1.65767e-11 6.91163e-12 0.110014)
(-1.18556e-11 7.79299e-12 0.128345)
(-8.27609e-12 8.49061e-12 0.128345)
(-1.45539e-12 4.8849e-12 0.110014)
(9.46959e-12 -9.63685e-13 0.0762192)
(4.36202e-12 6.44413e-12 0.0515468)
(-9.51562e-12 -1.82349e-12 0.075283)
(-5.51709e-12 -1.42658e-12 0.0883867)
(-4.49499e-12 3.34075e-13 0.0883867)
(-1.35969e-12 -9.18527e-13 0.075283)
(5.06615e-12 -3.52245e-12 0.0515468)
(1.97404e-12 1.45583e-12 0.0188236)
(-3.3038e-12 -2.54102e-12 0.0282041)
(-7.27386e-17 -2.17296e-12 0.0334563)
(-3.31274e-13 -1.19141e-12 0.0334563)
(-1.74556e-13 -1.16854e-12 0.0282041)
(1.58171e-12 -2.09594e-12 0.0188236)
(-9.19985e-11 1.78775e-11 0.133458)
(-5.19696e-11 3.87733e-11 0.190226)
(-4.04284e-11 3.97847e-11 0.218242)
(-1.83126e-11 4.03919e-11 0.218242)
(-9.07435e-12 3.56877e-11 0.190226)
(1.45231e-11 2.84434e-11 0.133458)
(-8.76081e-11 1.39542e-11 0.127314)
(-4.93425e-11 3.27056e-11 0.181475)
(-3.92748e-11 3.45145e-11 0.208665)
(-1.74422e-11 3.55238e-11 0.208665)
(-8.85975e-12 3.13651e-11 0.181475)
(1.19849e-11 2.53748e-11 0.127314)
(-8.24212e-11 9.70359e-12 0.119292)
(-4.59496e-11 2.59204e-11 0.170143)
(-3.76719e-11 2.86218e-11 0.196151)
(-1.6457e-11 2.99566e-11 0.196151)
(-8.9238e-12 2.6399e-11 0.170143)
(8.95405e-12 2.17338e-11 0.119292)
(-7.60481e-11 4.61373e-12 0.108738)
(-4.15604e-11 1.82168e-11 0.155356)
(-3.53628e-11 2.19465e-11 0.17967)
(-1.52876e-11 2.34172e-11 0.17967)
(-9.24472e-12 2.09351e-11 0.155356)
(5.55221e-12 1.77692e-11 0.108738)
(-6.70221e-11 -1.61607e-12 0.0947722)
(-3.57323e-11 1.01717e-11 0.135889)
(-3.19671e-11 1.45331e-11 0.157764)
(-1.37774e-11 1.64587e-11 0.157764)
(-9.65703e-12 1.52707e-11 0.135889)
(1.94562e-12 1.35782e-11 0.0947722)
(-5.4174e-11 -9.77103e-12 0.0762192)
(-2.72637e-11 1.46738e-13 0.110014)
(-2.68287e-11 4.5461e-12 0.128345)
(-1.18377e-11 6.9665e-12 0.128345)
(-1.01764e-11 7.24288e-12 0.110014)
(-1.77836e-12 7.79065e-12 0.0762192)
(-3.47601e-11 -1.52757e-11 0.0515468)
(-1.60589e-11 -8.62349e-12 0.075283)
(-1.89986e-11 -5.40864e-12 0.0883867)
(-8.91862e-12 -2.92869e-12 0.0883867)
(-9.69144e-12 -6.78406e-13 0.075283)
(-4.5161e-12 1.89879e-12 0.0515468)
(-1.171e-11 -8.84963e-12 0.0188236)
(-4.28116e-12 -5.44288e-12 0.0282041)
(-7.79328e-12 -4.39045e-12 0.0334563)
(-3.35098e-12 -3.15917e-12 0.0334563)
(-4.63062e-12 -1.30807e-12 0.0282041)
(-2.7618e-12 -3.62311e-14 0.0188236)
(-5.24816e-11 3.37372e-11 0.133458)
(-4.45206e-11 2.75598e-11 0.190226)
(-3.13773e-11 3.29672e-11 0.218242)
(-1.80886e-11 3.26664e-11 0.218242)
(-1.45814e-11 3.32367e-11 0.190226)
(8.46823e-12 3.00288e-11 0.133458)
(-4.8343e-11 3.02124e-11 0.127314)
(-4.32439e-11 2.35234e-11 0.181475)
(-3.00615e-11 2.85476e-11 0.208665)
(-1.70489e-11 2.83415e-11 0.208665)
(-1.39291e-11 2.88534e-11 0.181475)
(6.01094e-12 2.65843e-11 0.127314)
(-4.35503e-11 2.56774e-11 0.119292)
(-4.13905e-11 1.91424e-11 0.170143)
(-2.84494e-11 2.37607e-11 0.196151)
(-1.59332e-11 2.40028e-11 0.196151)
(-1.35613e-11 2.38129e-11 0.170143)
(3.08211e-12 2.24826e-11 0.119292)
(-3.79896e-11 2.012e-11 0.108738)
(-3.85703e-11 1.39302e-11 0.155356)
(-2.63219e-11 1.82035e-11 0.17967)
(-1.47496e-11 1.86654e-11 0.17967)
(-1.35145e-11 1.81493e-11 0.155356)
(-1.11327e-13 1.79729e-11 0.108738)
(-3.16683e-11 1.44011e-11 0.0947722)
(-3.43063e-11 8.14517e-12 0.135889)
(-2.33438e-11 1.20123e-11 0.157764)
(-1.33156e-11 1.31251e-11 0.157764)
(-1.34076e-11 1.27928e-11 0.135889)
(-3.27652e-12 1.34128e-11 0.0947722)
(-2.30904e-11 6.73174e-12 0.0762192)
(-2.75018e-11 -6.63273e-13 0.110014)
(-1.88042e-11 2.32394e-12 0.128345)
(-1.15505e-11 3.87253e-12 0.128345)
(-1.35228e-11 4.17783e-12 0.110014)
(-6.43989e-12 6.33203e-12 0.0762192)
(-1.29018e-11 -1.94105e-12 0.0515468)
(-1.74856e-11 -9.85514e-12 0.075283)
(-1.20811e-11 -8.18703e-12 0.0883867)
(-9.00406e-12 -6.83706e-12 0.0883867)
(-1.25412e-11 -5.1347e-12 0.075283)
(-8.23572e-12 -1.04543e-12 0.0515468)
(-4.67064e-12 -2.67909e-12 0.0188236)
(-6.64144e-12 -6.02644e-12 0.0282041)
(-4.09516e-12 -4.99906e-12 0.0334563)
(-3.40109e-12 -4.14882e-12 0.0334563)
(-5.58367e-12 -2.94767e-12 0.0282041)
(-4.04046e-12 -1.6133e-12 0.0188236)
(-1.32883e-10 2.95932e-11 0.133458)
(-8.58553e-11 5.03588e-11 0.190226)
(-6.7257e-11 5.35131e-11 0.218242)
(-3.56064e-11 5.51439e-11 0.218242)
(-1.87862e-11 5.27029e-11 0.190226)
(2.70228e-11 4.19725e-11 0.133458)
(-1.26028e-10 2.34474e-11 0.127314)
(-8.2795e-11 4.19943e-11 0.181475)
(-6.60255e-11 4.63949e-11 0.208665)
(-3.469e-11 4.86881e-11 0.208665)
(-1.84128e-11 4.687e-11 0.181475)
(2.30973e-11 3.76628e-11 0.127314)
(-1.17506e-10 1.63107e-11 0.119292)
(-7.8374e-11 3.21381e-11 0.170143)
(-6.40817e-11 3.77599e-11 0.196151)
(-3.35889e-11 4.05e-11 0.196151)
(-1.8339e-11 3.94637e-11 0.170143)
(1.84315e-11 3.2184e-11 0.119292)
(-1.06969e-10 8.1866e-12 0.108738)
(-7.2029e-11 2.13404e-11 0.155356)
(-6.09792e-11 2.78152e-11 0.17967)
(-3.21028e-11 3.15683e-11 0.17967)
(-1.84883e-11 3.15362e-11 0.155356)
(1.3159e-11 2.60827e-11 0.108738)
(-9.30144e-11 -9.95968e-13 0.0947722)
(-6.29657e-11 9.73293e-12 0.135889)
(-5.59392e-11 1.69864e-11 0.157764)
(-2.9823e-11 2.16096e-11 0.157764)
(-1.8587e-11 2.29527e-11 0.135889)
(7.54667e-12 1.95337e-11 0.0947722)
(-7.32816e-11 -1.2591e-11 0.0762192)
(-4.95338e-11 -3.57004e-12 0.110014)
(-4.7653e-11 3.00712e-12 0.128345)
(-2.62811e-11 8.27881e-12 0.128345)
(-1.84018e-11 1.14089e-11 0.110014)
(1.7456e-12 1.09947e-11 0.0762192)
(-4.49814e-11 -2.12073e-11 0.0515468)
(-3.06287e-11 -1.46183e-11 0.075283)
(-3.42875e-11 -9.95189e-12 0.0883867)
(-1.98924e-11 -4.72933e-12 0.0883867)
(-1.62454e-11 -5.6561e-14 0.075283)
(-2.99335e-12 2.26856e-12 0.0515468)
(-1.42209e-11 -1.19529e-11 0.0188236)
(-9.13113e-12 -8.45325e-12 0.0282041)
(-1.39038e-11 -7.39148e-12 0.0334563)
(-7.75797e-12 -4.73229e-12 0.0334563)
(-7.40631e-12 -1.85711e-12 0.0282041)
(-2.55408e-12 -7.53124e-13 0.0188236)
(-7.89035e-11 2.88377e-11 0.133458)
(-5.35714e-11 2.13161e-11 0.190226)
(-3.88503e-11 2.12794e-11 0.218242)
(-2.02481e-11 2.29074e-11 0.218242)
(-1.57799e-11 2.94194e-11 0.190226)
(-1.28414e-12 3.65544e-11 0.133458)
(-7.44383e-11 2.51365e-11 0.127314)
(-5.16207e-11 1.8238e-11 0.181475)
(-3.69448e-11 1.84938e-11 0.208665)
(-1.81441e-11 2.06674e-11 0.208665)
(-1.38125e-11 2.64757e-11 0.181475)
(-2.90352e-12 3.376e-11 0.127314)
(-6.92291e-11 2.11197e-11 0.119292)
(-4.878e-11 1.55305e-11 0.170143)
(-3.43762e-11 1.64219e-11 0.196151)
(-1.5601e-11 1.89363e-11 0.196151)
(-1.18296e-11 2.30534e-11 0.170143)
(-4.89472e-12 3.02573e-11 0.119292)
(-6.29962e-11 1.66551e-11 0.108738)
(-4.45893e-11 1.29239e-11 0.155356)
(-3.07903e-11 1.47514e-11 0.17967)
(-1.26036e-11 1.74574e-11 0.17967)
(-9.87747e-12 1.98887e-11 0.155356)
(-7.02602e-12 2.6671e-11 0.108738)
(-5.46297e-11 1.1762e-11 0.0947722)
(-3.85072e-11 1.01709e-11 0.135889)
(-2.58287e-11 1.30369e-11 0.157764)
(-8.99662e-12 1.58465e-11 0.157764)
(-7.94452e-12 1.63267e-11 0.135889)
(-9.097e-12 2.23611e-11 0.0947722)
(-4.27328e-11 3.7564e-12 0.0762192)
(-2.90744e-11 3.88796e-12 0.110014)
(-1.88043e-11 7.60465e-12 0.128345)
(-5.21282e-12 1.0623e-11 0.128345)
(-6.72158e-12 8.94835e-12 0.110014)
(-1.10979e-11 1.49357e-11 0.0762192)
(-2.62529e-11 -5.03849e-12 0.0515468)
(-1.58901e-11 -5.25352e-12 0.075283)
(-9.54848e-12 -1.26866e-12 0.0883867)
(-1.65488e-12 1.52528e-12 0.0883867)
(-5.71971e-12 3.29054e-13 0.075283)
(-1.146e-11 6.00948e-12 0.0515468)
(-9.31013e-12 -4.09833e-12 0.0188236)
(-3.87705e-12 -2.48818e-12 0.0282041)
(-1.12833e-12 1.65462e-13 0.0334563)
(1.4638e-12 1.26576e-12 0.0334563)
(-1.3597e-12 6.99395e-13 0.0282041)
(-5.05171e-12 2.10171e-12 0.0188236)
(-1.67189e-10 1.37326e-10 0.133458)
(-1.13987e-10 2.01645e-10 0.190226)
(-7.58744e-11 2.1745e-10 0.218242)
(-1.42826e-11 2.16155e-10 0.218242)
(1.01636e-11 1.95476e-10 0.190226)
(7.53367e-11 1.31138e-10 0.133458)
(-1.52811e-10 1.21208e-10 0.127314)
(-1.0714e-10 1.80845e-10 0.181475)
(-7.28121e-11 1.92428e-10 0.208665)
(-1.3492e-11 1.91847e-10 0.208665)
(7.35141e-12 1.72964e-10 0.181475)
(6.43114e-11 1.16536e-10 0.127314)
(-1.34975e-10 1.02135e-10 0.119292)
(-9.76333e-11 1.55887e-10 0.170143)
(-6.90102e-11 1.60339e-10 0.196151)
(-1.26634e-11 1.60035e-10 0.196151)
(3.1156e-12 1.43887e-10 0.170143)
(5.10137e-11 9.82041e-11 0.119292)
(-1.13833e-10 7.87211e-11 0.108738)
(-8.42112e-11 1.23148e-10 0.155356)
(-6.33466e-11 1.25443e-10 0.17967)
(-1.19988e-11 1.24827e-10 0.17967)
(-2.58047e-12 1.11974e-10 0.155356)
(3.58575e-11 7.84184e-11 0.108738)
(-8.97099e-11 5.32189e-11 0.0947721)
(-6.61179e-11 8.59078e-11 0.135889)
(-5.54585e-11 8.45832e-11 0.157764)
(-1.10698e-11 8.4575e-11 0.157764)
(-9.23874e-12 7.73408e-11 0.135889)
(1.96521e-11 5.68287e-11 0.0947722)
(-6.01021e-11 2.4168e-11 0.0762192)
(-4.27494e-11 3.81943e-11 0.110014)
(-4.34444e-11 3.7702e-11 0.128345)
(-1.01732e-11 3.86726e-11 0.128345)
(-1.64483e-11 3.7346e-11 0.110014)
(3.27145e-12 3.15219e-11 0.0762192)
(-2.48115e-11 -6.41473e-12 0.0515468)
(-1.57669e-11 -5.86432e-12 0.075283)
(-2.64307e-11 -7.01419e-12 0.0883867)
(-8.15497e-12 -4.5518e-12 0.0883867)
(-2.06471e-11 7.8858e-13 0.075283)
(-9.22569e-12 7.27981e-12 0.0515468)
(-1.38368e-12 -9.77475e-12 0.0188236)
(1.92975e-12 -1.29941e-11 0.0282041)
(-7.73075e-12 -1.63928e-11 0.0334563)
(-2.59484e-12 -1.50937e-11 0.0334563)
(-1.17419e-11 -9.00713e-12 0.0282041)
(-8.15393e-12 -2.45129e-12 0.0188236)
(2.11008e-10 -1.59857e-11 0.133458)
(9.82235e-11 6.37303e-11 0.190226)
(8.193e-11 1.19304e-10 0.218242)
(7.96091e-11 1.21812e-10 0.218242)
(1.50303e-10 4.48524e-11 0.190226)
(-2.22888e-11 -1.88915e-11 0.133458)
(1.97877e-10 2.75052e-12 0.127314)
(1.04198e-10 9.03267e-11 0.181475)
(8.80246e-11 1.37643e-10 0.208665)
(7.64923e-11 1.40768e-10 0.208665)
(1.45171e-10 6.69669e-11 0.181475)
(-8.97215e-12 -2.91548e-12 0.127314)
(1.84623e-10 1.81087e-11 0.119292)
(1.10211e-10 1.08279e-10 0.170143)
(9.42772e-11 1.45826e-10 0.196151)
(7.36737e-11 1.47835e-10 0.196151)
(1.40281e-10 8.03729e-11 0.170143)
(5.00134e-12 7.55568e-12 0.119292)
(1.72697e-10 1.92154e-11 0.108738)
(1.16958e-10 1.04495e-10 0.155356)
(1.00729e-10 1.31675e-10 0.17967)
(7.0418e-11 1.32442e-10 0.17967)
(1.32944e-10 7.15798e-11 0.155356)
(1.68886e-11 1.72081e-12 0.108738)
(1.57897e-10 2.07854e-11 0.0947722)
(1.20477e-10 9.68713e-11 0.135889)
(1.04766e-10 1.14723e-10 0.157764)
(6.60905e-11 1.12192e-10 0.157764)
(1.23845e-10 5.74642e-11 0.135889)
(2.63143e-11 -5.41333e-12 0.0947722)
(1.34863e-10 2.75095e-11 0.0762192)
(1.14872e-10 9.73784e-11 0.110014)
(1.02513e-10 1.09903e-10 0.128345)
(5.96444e-11 1.06083e-10 0.128345)
(1.10072e-10 5.21312e-11 0.110014)
(3.08141e-11 -1.08319e-11 0.0762192)
(9.83885e-11 2.85053e-11 0.0515468)
(9.51365e-11 8.22083e-11 0.075283)
(8.74577e-11 8.99177e-11 0.0883867)
(4.48102e-11 8.34289e-11 0.0883867)
(8.18439e-11 3.59231e-11 0.075283)
(2.65779e-11 -1.46574e-11 0.0515468)
(4.31172e-11 1.34667e-11 0.0188236)
(4.87703e-11 3.10362e-11 0.0282041)
(4.49729e-11 3.01532e-11 0.0334563)
(1.4951e-11 2.44159e-11 0.0334563)
(3.00859e-11 5.00978e-12 0.0282041)
(1.13892e-11 -9.66789e-12 0.0188236)
(0.0110891 0.00841866 0.156199)
(0.0132155 0.00692494 0.18724)
(0.0143877 0.00224518 0.197652)
(0.0143877 -0.00224518 0.197652)
(0.0132155 -0.00692494 0.18724)
(0.0110891 -0.00841866 0.156199)
(0.0108272 0.00807321 0.152385)
(0.0131532 0.00683125 0.183946)
(0.0144341 0.00222325 0.195148)
(0.0144341 -0.00222325 0.195148)
(0.0131532 -0.00683125 0.183946)
(0.0108272 -0.00807321 0.152385)
(0.0104259 0.00762946 0.146931)
(0.0129683 0.00666301 0.179131)
(0.0143623 0.00218492 0.191258)
(0.0143623 -0.00218492 0.191258)
(0.0129683 -0.00666301 0.179131)
(0.0104259 -0.00762946 0.146931)
(0.009869 0.00705991 0.138969)
(0.0126247 0.00638225 0.171871)
(0.0141528 0.00211697 0.185054)
(0.0141528 -0.00211697 0.185054)
(0.0126247 -0.00638225 0.171871)
(0.009869 -0.00705991 0.138969)
(0.00906951 0.00631635 0.127104)
(0.0120079 0.00592939 0.160519)
(0.0136775 0.00199634 0.174823)
(0.0136775 -0.00199634 0.174823)
(0.0120079 -0.00592939 0.160519)
(0.00906951 -0.00631635 0.127104)
(0.00784738 0.00530662 0.109009)
(0.0108435 0.00519154 0.142002)
(0.0126124 0.00177758 0.157175)
(0.0126124 -0.00177758 0.157175)
(0.0108435 -0.00519154 0.142002)
(0.00784738 -0.00530662 0.109009)
(0.00579605 0.00382171 0.0806449)
(0.00839308 0.00390011 0.110173)
(0.00999767 0.00134981 0.124869)
(0.00999767 -0.00134981 0.124869)
(0.00839308 -0.00390011 0.110173)
(0.00579605 -0.00382171 0.0806449)
(0.0021694 0.00141908 0.0345313)
(0.00320618 0.00148748 0.0516022)
(0.00387082 0.000491833 0.060943)
(0.00387082 -0.000491833 0.060943)
(0.00320618 -0.00148748 0.0516022)
(0.0021694 -0.00141908 0.0345313)
(0.0017285 0.00160625 0.164622)
(0.00310352 0.00183145 0.216219)
(0.00384802 0.000662654 0.236732)
(0.00384802 -0.000662654 0.236732)
(0.00310352 -0.00183145 0.216219)
(0.0017285 -0.00160625 0.164622)
(0.00164002 0.00149929 0.158443)
(0.00304931 0.00171979 0.209382)
(0.00384903 0.000622617 0.230577)
(0.00384903 -0.000622617 0.230577)
(0.00304931 -0.00171979 0.209382)
(0.00164002 -0.00149929 0.158443)
(0.00154937 0.0013555 0.150088)
(0.00299672 0.00157075 0.199972)
(0.00384935 0.000569429 0.221779)
(0.00384935 -0.000569429 0.221779)
(0.00299672 -0.00157075 0.199972)
(0.00154937 -0.0013555 0.150088)
(0.00141663 0.00116408 0.138647)
(0.0028707 0.0013689 0.186773)
(0.00376072 0.000497305 0.208943)
(0.00376072 -0.000497305 0.208943)
(0.0028707 -0.0013689 0.186773)
(0.00141663 -0.00116408 0.138647)
(0.00122374 0.000917327 0.122821)
(0.00261867 0.0010975 0.167897)
(0.00350865 0.000399011 0.189818)
(0.00350865 -0.000399012 0.189818)
(0.00261867 -0.0010975 0.167897)
(0.00122374 -0.000917327 0.122821)
(0.000949789 0.000617552 0.100762)
(0.00216917 0.000745951 0.140425)
(0.00297929 0.000268308 0.160779)
(0.00297929 -0.000268308 0.160779)
(0.00216917 -0.000745951 0.140425)
(0.000949789 -0.000617552 0.100762)
(0.000576075 0.000287698 0.0698988)
(0.00141717 0.000325682 0.0999158)
(0.00198509 0.000106058 0.116094)
(0.00198509 -0.000106058 0.116094)
(0.00141717 -0.000325682 0.0999158)
(0.000576075 -0.000287698 0.0698988)
(0.000126983 -4.30199e-06 0.0266716)
(0.000323979 -6.92695e-05 0.0397558)
(0.000422606 -4.91998e-05 0.0470579)
(0.000422606 4.91998e-05 0.0470579)
(0.000323979 6.92695e-05 0.0397558)
(0.000126983 4.30199e-06 0.0266716)
(0.00106927 0.000912321 0.141992)
(0.0021271 0.000981317 0.199567)
(0.00271096 0.000400444 0.225619)
(0.00271096 -0.000400444 0.225619)
(0.0021271 -0.000981317 0.199567)
(0.00106927 -0.000912321 0.141992)
(0.000964602 0.000822917 0.135466)
(0.00196082 0.000890406 0.190976)
(0.00253092 0.000365296 0.216959)
(0.00253092 -0.000365296 0.216959)
(0.00196082 -0.000890406 0.190976)
(0.000964602 -0.000822917 0.135466)
(0.000834751 0.000713959 0.126897)
(0.00173611 0.000775437 0.179636)
(0.00227135 0.000320291 0.205258)
(0.00227135 -0.000320291 0.205258)
(0.00173611 -0.000775437 0.179636)
(0.000834751 -0.000713959 0.126897)
(0.000679525 0.000584523 0.115567)
(0.00145151 0.000634109 0.164517)
(0.00192922 0.000264148 0.189254)
(0.00192922 -0.000264148 0.189254)
(0.00145151 -0.000634109 0.164517)
(0.000679525 -0.000584523 0.115567)
(0.000499552 0.000435837 0.100527)
(0.00110044 0.000467441 0.144175)
(0.0014887 0.000196954 0.167124)
(0.0014887 -0.000196954 0.167124)
(0.00110044 -0.000467441 0.144175)
(0.000499552 -0.000435837 0.100527)
(0.000303187 0.000274743 0.0805475)
(0.000691636 0.000285129 0.116634)
(0.000952568 0.000122564 0.136311)
(0.000952568 -0.000122564 0.136311)
(0.000691636 -0.000285129 0.116634)
(0.000303187 -0.000274743 0.0805475)
(0.000120004 0.00012112 0.0541171)
(0.000284645 0.000115879 0.0793306)
(0.000395414 5.31797e-05 0.0934634)
(0.000395414 -5.31797e-05 0.0934634)
(0.000284645 -0.000115879 0.0793306)
(0.000120004 -0.00012112 0.0541171)
(-3.41618e-06 7.88052e-06 0.0195022)
(-1.01083e-05 1.11074e-06 0.029182)
(-2.1324e-05 5.05146e-06 0.0346555)
(-2.1324e-05 -5.05146e-06 0.0346555)
(-1.01083e-05 -1.11075e-06 0.029182)
(-3.41618e-06 -7.88052e-06 0.0195022)
(8.90307e-05 0.000159675 0.137684)
(0.000410236 0.00028552 0.194313)
(0.00066113 0.000139475 0.22113)
(0.00066113 -0.000139475 0.22113)
(0.000410236 -0.00028552 0.194313)
(8.90309e-05 -0.000159675 0.137684)
(7.02161e-05 0.000145633 0.131424)
(0.000359429 0.000253055 0.185618)
(0.000593477 0.000123354 0.211903)
(0.000593477 -0.000123354 0.211903)
(0.000359429 -0.000253055 0.185618)
(7.02162e-05 -0.000145633 0.131424)
(5.2714e-05 0.00012826 0.123233)
(0.000304088 0.000214407 0.174293)
(0.000513055 0.000103828 0.199707)
(0.000513055 -0.000103828 0.199707)
(0.000304088 -0.000214407 0.174293)
(5.27142e-05 -0.00012826 0.123233)
(3.32515e-05 0.000107073 0.112431)
(0.000237516 0.000169607 0.15942)
(0.000411196 8.08872e-05 0.183444)
(0.000411196 -8.08873e-05 0.183444)
(0.000237516 -0.000169607 0.15942)
(3.32516e-05 -0.000107073 0.112431)
(1.35842e-05 8.21988e-05 0.0981053)
(0.000161626 0.000120177 0.13972)
(0.000288909 5.53716e-05 0.161563)
(0.000288909 -5.53717e-05 0.161563)
(0.000161626 -0.000120177 0.13972)
(1.35842e-05 -8.21988e-05 0.0981053)
(-2.80065e-06 5.50511e-05 0.0790242)
(8.42192e-05 7.02988e-05 0.113383)
(0.000156892 2.96521e-05 0.131857)
(0.000156892 -2.96521e-05 0.131857)
(8.42192e-05 -7.02989e-05 0.113383)
(-2.8006e-06 -5.50511e-05 0.0790242)
(-1.12268e-05 2.87033e-05 0.0535678)
(2.14209e-05 2.76604e-05 0.0778427)
(4.37614e-05 8.33878e-06 0.0911599)
(4.37614e-05 -8.33882e-06 0.0911599)
(2.14209e-05 -2.76604e-05 0.0778427)
(-1.12268e-05 -2.87033e-05 0.0535678)
(-6.31956e-06 7.90742e-06 0.0196476)
(-2.38533e-06 3.31233e-06 0.0293555)
(-2.35217e-06 -1.46393e-06 0.0347714)
(-2.35217e-06 1.46392e-06 0.0347714)
(-2.38534e-06 -3.31236e-06 0.0293555)
(-6.31956e-06 -7.90742e-06 0.0196476)
(5.75523e-05 8.42613e-05 0.1366)
(0.000195488 0.000160825 0.19312)
(0.00031554 7.69893e-05 0.220263)
(0.00031554 -7.69893e-05 0.220263)
(0.000195488 -0.000160825 0.19312)
(5.75524e-05 -8.42613e-05 0.1366)
(5.0059e-05 7.93028e-05 0.130401)
(0.000176223 0.000148325 0.184446)
(0.000288086 7.01138e-05 0.210921)
(0.000288086 -7.01138e-05 0.210921)
(0.000176223 -0.000148325 0.184446)
(5.00591e-05 -7.93028e-05 0.130401)
(4.20943e-05 7.29581e-05 0.122289)
(0.000154344 0.000133139 0.173171)
(0.000255098 6.17358e-05 0.198641)
(0.000255098 -6.17358e-05 0.198641)
(0.000154344 -0.000133139 0.173171)
(4.20943e-05 -7.29581e-05 0.122289)
(3.26445e-05 6.47783e-05 0.111587)
(0.00012793 0.000114879 0.158393)
(0.000214259 5.17357e-05 0.182361)
(0.000214259 -5.17357e-05 0.182361)
(0.00012793 -0.000114879 0.158393)
(3.26445e-05 -6.47783e-05 0.111587)
(2.19673e-05 5.42404e-05 0.0973817)
(9.70947e-05 9.32611e-05 0.138838)
(0.000165596 4.01807e-05 0.160562)
(0.000165596 -4.01807e-05 0.160562)
(9.70947e-05 -9.32611e-05 0.138838)
(2.19673e-05 -5.42405e-05 0.0973817)
(1.09154e-05 4.09264e-05 0.0784424)
(6.31574e-05 6.82814e-05 0.112695)
(0.000111201 2.74664e-05 0.131056)
(0.000111201 -2.74664e-05 0.131056)
(6.31574e-05 -6.82814e-05 0.112695)
(1.09154e-05 -4.09264e-05 0.0784424)
(1.51193e-06 2.49384e-05 0.0531552)
(2.96232e-05 4.05397e-05 0.0773689)
(5.64919e-05 1.45031e-05 0.0906271)
(5.64919e-05 -1.45031e-05 0.0906271)
(2.96232e-05 -4.05397e-05 0.0773689)
(1.51193e-06 -2.49384e-05 0.0531552)
(-2.73106e-06 7.27539e-06 0.0194688)
(2.68711e-06 1.12927e-05 0.0291251)
(9.28569e-06 2.74219e-06 0.0345115)
(9.28569e-06 -2.74219e-06 0.0345115)
(2.68711e-06 -1.12927e-05 0.0291251)
(-2.73106e-06 -7.27539e-06 0.0194688)
(6.22866e-05 6.87183e-05 0.135221)
(0.000153058 0.000105326 0.191862)
(0.000223182 5.02729e-05 0.21935)
(0.000223182 -5.02729e-05 0.21935)
(0.000153058 -0.000105326 0.191862)
(6.22867e-05 -6.87184e-05 0.135221)
(5.52801e-05 6.31406e-05 0.12904)
(0.000138713 9.71711e-05 0.183163)
(0.00020467 4.63081e-05 0.209928)
(0.00020467 -4.63082e-05 0.209928)
(0.000138713 -9.71712e-05 0.183163)
(5.52803e-05 -6.31407e-05 0.12904)
(4.72669e-05 5.62111e-05 0.12096)
(0.000121339 8.70437e-05 0.17187)
(0.000181284 4.13867e-05 0.197569)
(0.000181284 -4.13867e-05 0.197569)
(0.000121339 -8.70438e-05 0.17187)
(4.7267e-05 -5.62111e-05 0.12096)
(3.77861e-05 4.77182e-05 0.110312)
(0.000100247 7.45942e-05 0.157088)
(0.000152298 3.53473e-05 0.181218)
(0.000152298 -3.53473e-05 0.181218)
(0.000100248 -7.45942e-05 0.157088)
(3.77862e-05 -4.77182e-05 0.110312)
(2.69648e-05 3.75369e-05 0.0961983)
(7.52869e-05 5.95331e-05 0.137561)
(0.000117195 2.80696e-05 0.159375)
(0.000117195 -2.80696e-05 0.159375)
(7.52869e-05 -5.95332e-05 0.137561)
(2.69649e-05 -3.7537e-05 0.0961983)
(1.54456e-05 2.58451e-05 0.0774151)
(4.73269e-05 4.19124e-05 0.111509)
(7.67051e-05 1.96038e-05 0.129884)
(7.67051e-05 -1.96038e-05 0.129884)
(4.73269e-05 -4.19125e-05 0.111509)
(1.54457e-05 -2.58451e-05 0.0774151)
(5.05458e-06 1.35667e-05 0.0523925)
(1.98977e-05 2.27987e-05 0.0764089)
(3.51752e-05 1.04923e-05 0.0896136)
(3.51752e-05 -1.04923e-05 0.0896136)
(1.98977e-05 -2.27987e-05 0.0764089)
(5.0546e-06 -1.35667e-05 0.0523925)
(-1.08643e-06 2.66321e-06 0.0191504)
(-5.3739e-08 4.83258e-06 0.0286715)
(2.07408e-06 2.05458e-06 0.0339914)
(2.07408e-06 -2.05458e-06 0.0339914)
(-5.37427e-08 -4.8326e-06 0.0286715)
(-1.08643e-06 -2.66321e-06 0.0191504)
(3.10785e-05 3.64031e-05 0.134539)
(8.20865e-05 5.83658e-05 0.191211)
(0.000121587 2.88795e-05 0.218899)
(0.000121587 -2.88794e-05 0.218899)
(8.20865e-05 -5.83657e-05 0.191211)
(3.10785e-05 -3.6403e-05 0.134539)
(2.7391e-05 3.3385e-05 0.128375)
(7.42418e-05 5.33977e-05 0.182496)
(0.000111434 2.64524e-05 0.209424)
(0.000111434 -2.64524e-05 0.209424)
(7.42419e-05 -5.33977e-05 0.182496)
(2.7391e-05 -3.3385e-05 0.128375)
(2.33582e-05 2.96334e-05 0.12032)
(6.50067e-05 4.72884e-05 0.171193)
(9.88207e-05 2.34553e-05 0.197013)
(9.88207e-05 -2.34553e-05 0.197013)
(6.50067e-05 -4.72883e-05 0.171193)
(2.33581e-05 -2.96334e-05 0.12032)
(1.85894e-05 2.50326e-05 0.109712)
(5.37009e-05 3.98751e-05 0.156415)
(8.29643e-05 1.98017e-05 0.18062)
(8.29643e-05 -1.98016e-05 0.18062)
(5.37009e-05 -3.98751e-05 0.156415)
(1.85894e-05 -2.50326e-05 0.109712)
(1.31772e-05 1.95372e-05 0.0956597)
(4.0267e-05 3.10895e-05 0.136919)
(6.35829e-05 1.54479e-05 0.158761)
(6.35829e-05 -1.54479e-05 0.158761)
(4.0267e-05 -3.10895e-05 0.136919)
(1.31772e-05 -1.95371e-05 0.0956597)
(7.48919e-06 1.32984e-05 0.0769698)
(2.52715e-05 2.11449e-05 0.110945)
(4.12116e-05 1.04855e-05 0.129307)
(4.12116e-05 -1.04855e-05 0.129307)
(2.52715e-05 -2.11448e-05 0.110945)
(7.48918e-06 -1.32983e-05 0.0769698)
(2.42934e-06 6.871e-06 0.0520846)
(1.06846e-05 1.0888e-05 0.0759959)
(1.85293e-05 5.33655e-06 0.0891659)
(1.85293e-05 -5.33653e-06 0.0891659)
(1.06846e-05 -1.08879e-05 0.0759959)
(2.42935e-06 -6.87098e-06 0.0520846)
(-4.73932e-07 1.35187e-06 0.0190364)
(3.62352e-07 2.07141e-06 0.0285108)
(1.4117e-06 9.43524e-07 0.0338097)
(1.4117e-06 -9.43512e-07 0.0338097)
(3.62359e-07 -2.07139e-06 0.0285108)
(-4.73923e-07 -1.35186e-06 0.0190364)
(2.02342e-05 2.29357e-05 0.134141)
(5.21899e-05 3.59365e-05 0.190845)
(7.63624e-05 1.75855e-05 0.218658)
(7.63624e-05 -1.75855e-05 0.218658)
(5.21899e-05 -3.59365e-05 0.190845)
(2.02343e-05 -2.29357e-05 0.134141)
(1.79395e-05 2.10712e-05 0.127985)
(4.74528e-05 3.28783e-05 0.182118)
(7.02838e-05 1.6072e-05 0.209146)
(7.02838e-05 -1.6072e-05 0.209146)
(4.74528e-05 -3.28783e-05 0.182118)
(1.79397e-05 -2.10713e-05 0.127985)
(1.53923e-05 1.8752e-05 0.119943)
(4.18075e-05 2.91141e-05 0.170805)
(6.26398e-05 1.42037e-05 0.196697)
(6.26398e-05 -1.42036e-05 0.196697)
(4.18075e-05 -2.91141e-05 0.170805)
(1.53924e-05 -1.87521e-05 0.119943)
(1.23605e-05 1.59032e-05 0.109355)
(3.4842e-05 2.45484e-05 0.156025)
(5.29508e-05 1.19329e-05 0.180273)
(5.29508e-05 -1.19329e-05 0.180273)
(3.48421e-05 -2.45484e-05 0.156025)
(1.23606e-05 -1.59032e-05 0.109355)
(8.8857e-06 1.24853e-05 0.0953349)
(2.64806e-05 1.91459e-05 0.136541)
(4.09972e-05 9.24477e-06 0.158398)
(4.09972e-05 -9.24475e-06 0.158398)
(2.64806e-05 -1.9146e-05 0.136541)
(8.88577e-06 -1.24853e-05 0.0953349)
(5.17909e-06 8.57126e-06 0.0766956)
(1.70079e-05 1.3041e-05 0.110605)
(2.70448e-05 6.21282e-06 0.128959)
(2.70448e-05 -6.2128e-06 0.128959)
(1.70079e-05 -1.3041e-05 0.110605)
(5.17914e-06 -8.57128e-06 0.0766956)
(1.80614e-06 4.48353e-06 0.0518883)
(7.56811e-06 6.74117e-06 0.0757367)
(1.26501e-05 3.10995e-06 0.0888848)
(1.26501e-05 -3.10994e-06 0.0888848)
(7.56811e-06 -6.74121e-06 0.0757367)
(1.80615e-06 -4.48354e-06 0.0518883)
(-2.51994e-07 8.89973e-07 0.0189587)
(4.52252e-07 1.25644e-06 0.0283992)
(1.18942e-06 4.91829e-07 0.033682)
(1.18942e-06 -4.91825e-07 0.033682)
(4.5225e-07 -1.25645e-06 0.0283992)
(-2.51998e-07 -8.89974e-07 0.0189587)
(1.30697e-05 1.46798e-05 0.133876)
(3.33979e-05 2.2442e-05 0.190605)
(4.85778e-05 1.08473e-05 0.218496)
(4.85778e-05 -1.08472e-05 0.218496)
(3.33979e-05 -2.24419e-05 0.190605)
(1.30696e-05 -1.46797e-05 0.133876)
(1.15849e-05 1.34794e-05 0.127724)
(3.03719e-05 2.05472e-05 0.181868)
(4.47368e-05 9.916e-06 0.208959)
(4.47368e-05 -9.9159e-06 0.208959)
(3.03719e-05 -2.05471e-05 0.181868)
(1.15848e-05 -1.34793e-05 0.127724)
(9.92849e-06 1.19862e-05 0.11969)
(2.67495e-05 1.8209e-05 0.170548)
(3.98842e-05 8.76421e-06 0.196485)
(3.98842e-05 -8.7641e-06 0.196485)
(2.67495e-05 -1.82089e-05 0.170548)
(9.92843e-06 -1.19861e-05 0.11969)
(7.95944e-06 1.01533e-05 0.109114)
(2.22761e-05 1.53654e-05 0.155765)
(3.37192e-05 7.36221e-06 0.180039)
(3.37192e-05 -7.3621e-06 0.180039)
(2.22762e-05 -1.53653e-05 0.155765)
(7.9594e-06 -1.01532e-05 0.109114)
(5.70566e-06 7.95725e-06 0.0951153)
(1.68995e-05 1.19911e-05 0.136288)
(2.60904e-05 5.701e-06 0.158152)
(2.60904e-05 -5.7009e-06 0.158152)
(1.68996e-05 -1.1991e-05 0.136288)
(5.70564e-06 -7.95717e-06 0.0951153)
(3.30575e-06 5.44734e-06 0.0765092)
(1.08026e-05 8.16761e-06 0.110375)
(1.71589e-05 3.82713e-06 0.12872)
(1.71589e-05 -3.82704e-06 0.12872)
(1.08026e-05 -8.16749e-06 0.110375)
(3.30574e-06 -5.44727e-06 0.0765092)
(1.13146e-06 2.83534e-06 0.0517543)
(4.73886e-06 4.21563e-06 0.0755589)
(7.93747e-06 1.91185e-06 0.08869)
(7.93748e-06 -1.91178e-06 0.08869)
(4.73889e-06 -4.21554e-06 0.0755589)
(1.13148e-06 -2.8353e-06 0.0517543)
(-1.77127e-07 5.55409e-07 0.0189053)
(2.23527e-07 7.80111e-07 0.0283221)
(6.56728e-07 3.00444e-07 0.0335928)
(6.56733e-07 -3.00417e-07 0.0335928)
(2.2354e-07 -7.80072e-07 0.0283221)
(-1.77113e-07 -5.55396e-07 0.0189053)
(7.81306e-06 8.92487e-06 0.133716)
(2.029e-05 1.37404e-05 0.19046)
(2.96624e-05 6.61251e-06 0.218398)
(2.96624e-05 -6.61244e-06 0.218398)
(2.029e-05 -1.37404e-05 0.19046)
(7.81317e-06 -8.92485e-06 0.133716)
(6.91374e-06 8.20246e-06 0.127567)
(1.84407e-05 1.25889e-05 0.181717)
(2.73137e-05 6.04958e-06 0.208846)
(2.73137e-05 -6.04951e-06 0.208846)
(1.84407e-05 -1.25889e-05 0.181717)
(6.91385e-06 -8.20245e-06 0.127567)
(5.91633e-06 7.30238e-06 0.119538)
(1.62368e-05 1.11671e-05 0.170393)
(2.43555e-05 5.35247e-06 0.196357)
(2.43555e-05 -5.3524e-06 0.196357)
(1.62368e-05 -1.11671e-05 0.170393)
(5.91644e-06 -7.30236e-06 0.119538)
(4.73147e-06 6.19515e-06 0.10897)
(1.35136e-05 9.43606e-06 0.155608)
(2.05912e-05 4.5024e-06 0.179897)
(2.05912e-05 -4.50234e-06 0.179897)
(1.35136e-05 -9.43605e-06 0.155608)
(4.73157e-06 -6.19514e-06 0.10897)
(3.37757e-06 4.8654e-06 0.0949842)
(1.02407e-05 7.37851e-06 0.136135)
(1.59281e-05 3.4929e-06 0.158003)
(1.59281e-05 -3.49285e-06 0.158003)
(1.02407e-05 -7.37851e-06 0.136135)
(3.37765e-06 -4.86539e-06 0.0949842)
(1.94069e-06 3.34191e-06 0.0763986)
(6.53354e-06 5.04189e-06 0.110237)
(1.04679e-05 2.35104e-06 0.128576)
(1.04679e-05 -2.351e-06 0.128576)
(6.53355e-06 -5.04191e-06 0.110237)
(1.94075e-06 -3.34191e-06 0.0763986)
(6.46493e-07 1.75113e-06 0.0516753)
(2.85468e-06 2.61874e-06 0.0754535)
(4.83533e-06 1.17978e-06 0.0885739)
(4.83533e-06 -1.17976e-06 0.0885739)
(2.85469e-06 -2.61876e-06 0.0754535)
(6.4651e-07 -1.75112e-06 0.0516753)
(-1.17672e-07 3.53219e-07 0.0188743)
(1.32915e-07 4.99833e-07 0.0282773)
(4.08732e-07 1.9002e-07 0.0335409)
(4.08733e-07 -1.90015e-07 0.0335409)
(1.32914e-07 -4.99847e-07 0.0282773)
(-1.17673e-07 -3.53216e-07 0.0188743)
(4.8254e-06 5.51684e-06 0.133618)
(1.25254e-05 8.49294e-06 0.190371)
(1.8313e-05 4.06794e-06 0.218339)
(1.8313e-05 -4.06783e-06 0.218339)
(1.25254e-05 -8.49281e-06 0.190371)
(4.82531e-06 -5.51674e-06 0.133618)
(4.27089e-06 5.0727e-06 0.127471)
(1.13862e-05 7.78699e-06 0.181625)
(1.68666e-05 3.72511e-06 0.208777)
(1.68666e-05 -3.725e-06 0.208777)
(1.13863e-05 -7.78685e-06 0.181625)
(4.2708e-06 -5.0726e-06 0.127471)
(3.65525e-06 4.51901e-06 0.119444)
(1.00277e-05 6.91462e-06 0.170298)
(1.50441e-05 3.29997e-06 0.196278)
(1.50441e-05 -3.29987e-06 0.196278)
(1.00277e-05 -6.91448e-06 0.170298)
(3.65517e-06 -4.51891e-06 0.119444)
(2.92375e-06 3.83738e-06 0.108882)
(8.34878e-06 5.85118e-06 0.155512)
(1.27246e-05 2.78059e-06 0.17981)
(1.27246e-05 -2.78048e-06 0.17981)
(8.3488e-06 -5.85104e-06 0.155512)
(2.92368e-06 -3.83729e-06 0.108882)
(2.08753e-06 3.01779e-06 0.0949034)
(6.33042e-06 4.58495e-06 0.136041)
(9.85064e-06 2.16221e-06 0.157912)
(9.85065e-06 -2.16212e-06 0.157912)
(6.33044e-06 -4.58482e-06 0.136041)
(2.08748e-06 -3.01771e-06 0.0949034)
(1.19947e-06 2.07708e-06 0.0763303)
(4.04293e-06 3.14311e-06 0.110152)
(6.48352e-06 1.46031e-06 0.128488)
(6.48352e-06 -1.46023e-06 0.128488)
(4.04295e-06 -3.14299e-06 0.110152)
(1.19945e-06 -2.07702e-06 0.0763303)
(3.99029e-07 1.09209e-06 0.0516264)
(1.7703e-06 1.6416e-06 0.0753885)
(3.00537e-06 7.36824e-07 0.0885025)
(3.00537e-06 -7.3677e-07 0.0885025)
(1.77032e-06 -1.64151e-06 0.0753885)
(3.99042e-07 -1.09206e-06 0.0516264)
(-7.39901e-08 2.22112e-07 0.018855)
(8.29915e-08 3.18118e-07 0.0282494)
(2.58476e-07 1.20377e-07 0.0335086)
(2.58481e-07 -1.20357e-07 0.0335086)
(8.30032e-08 -3.18083e-07 0.0282494)
(-7.39766e-08 -2.22103e-07 0.018855)
(2.9886e-06 3.41442e-06 0.133557)
(7.74622e-06 5.25022e-06 0.190315)
(1.13202e-05 2.50995e-06 0.218302)
(1.13202e-05 -2.50989e-06 0.218302)
(7.74624e-06 -5.25019e-06 0.190315)
(2.98871e-06 -3.41443e-06 0.133557)
(2.64509e-06 3.13921e-06 0.127411)
(7.04099e-06 4.81428e-06 0.181568)
(1.04252e-05 2.29913e-06 0.208734)
(1.04252e-05 -2.29907e-06 0.208734)
(7.04101e-06 -4.81425e-06 0.181568)
(2.6452e-06 -3.13921e-06 0.127411)
(2.26354e-06 2.79614e-06 0.119386)
(6.19969e-06 4.27545e-06 0.170238)
(9.29733e-06 2.03754e-06 0.19623)
(9.29734e-06 -2.03749e-06 0.19623)
(6.19972e-06 -4.27543e-06 0.170238)
(2.26365e-06 -2.79615e-06 0.119386)
(1.81027e-06 2.37389e-06 0.108827)
(5.16037e-06 3.61842e-06 0.155452)
(7.86241e-06 1.71772e-06 0.179757)
(7.86242e-06 -1.71768e-06 0.179757)
(5.16039e-06 -3.61842e-06 0.155452)
(1.81037e-06 -2.37389e-06 0.108827)
(1.29223e-06 1.86631e-06 0.0948532)
(3.91125e-06 2.83581e-06 0.135983)
(6.08491e-06 1.33656e-06 0.157855)
(6.08492e-06 -1.33653e-06 0.157855)
(3.91127e-06 -2.83582e-06 0.135983)
(1.29231e-06 -1.86632e-06 0.0948532)
(7.42182e-07 1.28395e-06 0.0762877)
(2.49605e-06 1.94428e-06 0.110099)
(4.0029e-06 9.0339e-07 0.128433)
(4.00291e-06 -9.03371e-07 0.128433)
(2.49606e-06 -1.9443e-06 0.110099)
(7.42241e-07 -1.28395e-06 0.0762877)
(2.4659e-07 6.74532e-07 0.0515959)
(1.09092e-06 1.01549e-06 0.0753481)
(1.85304e-06 4.56287e-07 0.0884581)
(1.85305e-06 -4.5628e-07 0.0884581)
(1.09092e-06 -1.01552e-06 0.0753481)
(2.46607e-07 -6.74531e-07 0.0515959)
(-4.59955e-08 1.36856e-07 0.0188429)
(4.94905e-08 1.96739e-07 0.028232)
(1.57176e-07 7.48026e-08 0.0334885)
(1.57176e-07 -7.48037e-08 0.0334885)
(4.94886e-08 -1.96754e-07 0.028232)
(-4.59971e-08 -1.36855e-07 0.0188429)
(1.84008e-06 2.10389e-06 0.133519)
(4.77342e-06 3.23907e-06 0.190281)
(6.97862e-06 1.54872e-06 0.218279)
(6.97861e-06 -1.54859e-06 0.218279)
(4.77343e-06 -3.2389e-06 0.190281)
(1.84e-06 -2.10378e-06 0.133519)
(1.62846e-06 1.93427e-06 0.127374)
(4.33852e-06 2.96981e-06 0.181532)
(6.42639e-06 1.41856e-06 0.208708)
(6.42639e-06 -1.41842e-06 0.208708)
(4.33852e-06 -2.96964e-06 0.181532)
(1.62837e-06 -1.93415e-06 0.127374)
(1.39351e-06 1.72284e-06 0.11935)
(3.81992e-06 2.63706e-06 0.170202)
(5.73072e-06 1.25706e-06 0.1962)
(5.73072e-06 -1.25692e-06 0.1962)
(3.81993e-06 -2.63689e-06 0.170202)
(1.39342e-06 -1.72272e-06 0.11935)
(1.11441e-06 1.4626e-06 0.108793)
(3.17932e-06 2.23141e-06 0.155415)
(4.8458e-06 1.05963e-06 0.179723)
(4.8458e-06 -1.05949e-06 0.179723)
(3.17933e-06 -2.23124e-06 0.155415)
(1.11434e-06 -1.46249e-06 0.108793)
(7.95448e-07 1.14979e-06 0.0948222)
(2.40953e-06 1.74838e-06 0.135947)
(3.74981e-06 8.24358e-07 0.15782)
(3.74981e-06 -8.24227e-07 0.15782)
(2.40955e-06 -1.74822e-06 0.135947)
(7.95402e-07 -1.1497e-06 0.0948222)
(4.56829e-07 7.90942e-07 0.0762616)
(1.53757e-06 1.19833e-06 0.110067)
(2.4664e-06 5.57044e-07 0.128399)
(2.4664e-06 -5.56928e-07 0.128399)
(1.53759e-06 -1.19818e-06 0.110067)
(4.56807e-07 -7.90869e-07 0.0762616)
(1.51774e-07 4.15482e-07 0.0515772)
(6.72006e-07 6.25586e-07 0.0753232)
(1.14157e-06 2.81227e-07 0.0884309)
(1.14158e-06 -2.81141e-07 0.0884309)
(6.72032e-07 -6.25475e-07 0.0753232)
(1.5179e-07 -4.15443e-07 0.0515772)
(-2.82727e-08 8.43081e-08 0.0188356)
(3.07101e-08 1.21112e-07 0.0282214)
(9.71034e-08 4.60661e-08 0.0334762)
(9.71088e-08 -4.60316e-08 0.0334762)
(3.0725e-08 -1.21067e-07 0.0282214)
(-2.82577e-08 -8.42956e-08 0.0188356)
(1.13771e-06 1.29994e-06 0.133496)
(2.95002e-06 2.00156e-06 0.19026)
(4.31277e-06 9.57361e-07 0.218265)
(4.31277e-06 -9.57289e-07 0.218265)
(2.95003e-06 -2.00152e-06 0.19026)
(1.13782e-06 -1.29994e-06 0.133496)
(1.00695e-06 1.1951e-06 0.127351)
(2.68132e-06 1.83507e-06 0.18151)
(3.97149e-06 8.7683e-07 0.208691)
(3.9715e-06 -8.7676e-07 0.208691)
(2.68133e-06 -1.83505e-06 0.18151)
(1.00706e-06 -1.1951e-06 0.127351)
(8.61762e-07 1.06443e-06 0.119328)
(2.36089e-06 1.62936e-06 0.17018)
(3.54155e-06 7.76927e-07 0.196181)
(3.54156e-06 -7.76862e-07 0.196181)
(2.3609e-06 -1.62934e-06 0.17018)
(8.61872e-07 -1.06443e-06 0.119328)
(6.89273e-07 9.0361e-07 0.108772)
(1.96508e-06 1.37861e-06 0.155393)
(2.99471e-06 6.54818e-07 0.179703)
(2.99472e-06 -6.54761e-07 0.179703)
(1.96509e-06 -1.3786e-06 0.155393)
(6.89372e-07 -9.03617e-07 0.108772)
(4.92122e-07 7.10323e-07 0.0948031)
(1.48945e-06 1.08007e-06 0.135925)
(2.3175e-06 5.09349e-07 0.157798)
(2.31751e-06 -5.09304e-07 0.157798)
(1.48946e-06 -1.08008e-06 0.135925)
(4.92201e-07 -7.10332e-07 0.0948031)
(2.8278e-07 4.88596e-07 0.0762454)
(9.50655e-07 7.4018e-07 0.110047)
(1.52451e-06 3.44118e-07 0.128378)
(1.52452e-06 -3.44089e-07 0.128378)
(9.50662e-07 -7.40203e-07 0.110047)
(2.82837e-07 -4.88606e-07 0.0762454)
(9.41156e-08 2.5662e-07 0.0515656)
(4.1572e-07 3.86339e-07 0.0753079)
(7.05881e-07 1.73691e-07 0.088414)
(7.05883e-07 -1.7368e-07 0.088414)
(4.1572e-07 -3.86368e-07 0.0753079)
(9.4129e-08 -2.56621e-07 0.0515656)
(-1.73752e-08 5.20256e-08 0.018831)
(1.91291e-08 7.47268e-08 0.0282148)
(6.01724e-08 2.8422e-08 0.0334686)
(6.01721e-08 -2.84235e-08 0.0334686)
(1.9126e-08 -7.47443e-08 0.0282148)
(-1.73783e-08 -5.20254e-08 0.018831)
(7.03924e-07 8.0399e-07 0.133482)
(1.82486e-06 1.23778e-06 0.190247)
(2.66787e-06 5.92345e-07 0.218256)
(2.66786e-06 -5.92218e-07 0.218256)
(1.82487e-06 -1.23763e-06 0.190247)
(7.03831e-07 -8.0388e-07 0.133482)
(6.23031e-07 7.39119e-07 0.127337)
(1.65863e-06 1.13479e-06 0.181497)
(2.45671e-06 5.42495e-07 0.208681)
(2.45671e-06 -5.42367e-07 0.208681)
(1.65864e-06 -1.13463e-06 0.181497)
(6.22936e-07 -7.3901e-07 0.127337)
(5.33206e-07 6.58271e-07 0.119314)
(1.46039e-06 1.00752e-06 0.170166)
(2.1907e-06 4.80661e-07 0.19617)
(2.1907e-06 -4.80534e-07 0.19617)
(1.46039e-06 -1.00737e-06 0.170166)
(5.33112e-07 -6.58164e-07 0.119314)
(4.26493e-07 5.58778e-07 0.108759)
(1.21553e-06 8.52413e-07 0.155378)
(1.85238e-06 4.05092e-07 0.17969)
(1.85238e-06 -4.04969e-07 0.17969)
(1.21553e-06 -8.52256e-07 0.155378)
(4.26417e-07 -5.58678e-07 0.108759)
(3.04522e-07 4.39209e-07 0.0947913)
(9.21292e-07 6.6776e-07 0.135911)
(1.43342e-06 3.15083e-07 0.157785)
(1.43343e-06 -3.14968e-07 0.157785)
(9.213e-07 -6.6761e-07 0.135911)
(3.04471e-07 -4.39122e-07 0.0947913)
(1.75005e-07 3.02065e-07 0.0762354)
(5.87994e-07 4.57559e-07 0.110034)
(9.42875e-07 2.12864e-07 0.128365)
(9.4288e-07 -2.12764e-07 0.128365)
(5.88011e-07 -4.57423e-07 0.110034)
(1.74977e-07 -3.01996e-07 0.0762354)
(5.8273e-08 1.58608e-07 0.0515584)
(2.57095e-07 2.38769e-07 0.0752984)
(4.36495e-07 1.07448e-07 0.0884036)
(4.36502e-07 -1.07375e-07 0.0884036)
(2.57117e-07 -2.38668e-07 0.0752984)
(5.82857e-08 -1.58572e-07 0.0515584)
(-1.07262e-08 3.21291e-08 0.0188282)
(1.18097e-08 4.61524e-08 0.0282107)
(3.71533e-08 1.75993e-08 0.0334639)
(3.71577e-08 -1.75711e-08 0.0334639)
(1.18228e-08 -4.61116e-08 0.0282107)
(-1.07122e-08 -3.21182e-08 0.0188282)
(4.35365e-07 4.97278e-07 0.133473)
(1.12887e-06 7.65738e-07 0.190239)
(1.65057e-06 3.66575e-07 0.21825)
(1.65058e-06 -3.66508e-07 0.21825)
(1.12888e-06 -7.65712e-07 0.190239)
(4.35466e-07 -4.97282e-07 0.133473)
(3.85329e-07 4.57154e-07 0.127328)
(1.02603e-06 7.02013e-07 0.181488)
(1.51992e-06 3.35717e-07 0.208675)
(1.51992e-06 -3.35652e-07 0.208675)
(1.02604e-06 -7.01992e-07 0.181488)
(3.85433e-07 -4.5716e-07 0.127328)
(3.29771e-07 4.07147e-07 0.119306)
(9.03392e-07 6.23277e-07 0.170157)
(1.35533e-06 2.97443e-07 0.196162)
(1.35533e-06 -2.97383e-07 0.196162)
(9.03398e-07 -6.23265e-07 0.170157)
(3.29878e-07 -4.07157e-07 0.119306)
(2.6377e-07 3.45609e-07 0.108751)
(7.51912e-07 5.27315e-07 0.15537)
(1.146e-06 2.50672e-07 0.179682)
(1.14601e-06 -2.5062e-07 0.179682)
(7.5192e-07 -5.27316e-07 0.15537)
(2.63865e-07 -3.45621e-07 0.108751)
(1.88334e-07 2.71653e-07 0.094784)
(5.69894e-07 4.1308e-07 0.135902)
(8.86798e-07 1.94968e-07 0.157777)
(8.86801e-07 -1.94928e-07 0.157777)
(5.69901e-07 -4.13095e-07 0.135902)
(1.88408e-07 -2.71667e-07 0.094784)
(1.08231e-07 1.86828e-07 0.0762292)
(3.63717e-07 2.83047e-07 0.110027)
(5.83308e-07 1.31713e-07 0.128358)
(5.8331e-07 -1.31688e-07 0.128358)
(3.6372e-07 -2.83077e-07 0.110027)
(1.08285e-07 -1.86843e-07 0.0762292)
(3.60384e-08 9.81005e-08 0.051554)
(1.5903e-07 1.47707e-07 0.0752925)
(2.70036e-07 6.64854e-08 0.0883971)
(2.70036e-07 -6.64764e-08 0.0883971)
(1.5903e-07 -1.47742e-07 0.0752925)
(3.60491e-08 -9.81046e-08 0.051554)
(-6.63295e-09 1.98738e-08 0.0188264)
(7.30904e-09 2.85575e-08 0.0282082)
(2.29947e-08 1.08924e-08 0.033461)
(2.2994e-08 -1.0894e-08 0.033461)
(7.30531e-09 -2.85768e-08 0.0282082)
(-6.63708e-09 -1.98749e-08 0.0188264)
(2.69508e-07 3.07808e-07 0.133467)
(6.98809e-07 4.73973e-07 0.190234)
(1.02178e-06 2.26956e-07 0.218247)
(1.02176e-06 -2.2687e-07 0.218247)
(6.98801e-07 -4.73861e-07 0.190234)
(2.69394e-07 -3.07731e-07 0.133467)
(2.38536e-07 2.82971e-07 0.127323)
(6.35148e-07 4.3453e-07 0.181483)
(9.40893e-07 2.07854e-07 0.208671)
(9.40882e-07 -2.07767e-07 0.208671)
(6.35139e-07 -4.34414e-07 0.181483)
(2.38419e-07 -2.82894e-07 0.127323)
(2.04146e-07 2.52018e-07 0.119301)
(5.5923e-07 3.85796e-07 0.170152)
(8.39001e-07 1.84161e-07 0.196158)
(8.38992e-07 -1.84075e-07 0.196158)
(5.59219e-07 -3.85676e-07 0.170152)
(2.04029e-07 -2.51941e-07 0.119301)
(1.63289e-07 2.13926e-07 0.108746)
(4.65458e-07 3.26399e-07 0.155364)
(7.09417e-07 1.55209e-07 0.179678)
(7.0941e-07 -1.55126e-07 0.179678)
(4.65448e-07 -3.26277e-07 0.155364)
(1.63191e-07 -2.13855e-07 0.108746)
(1.16592e-07 1.68149e-07 0.0947795)
(3.52783e-07 2.55693e-07 0.135897)
(5.48958e-07 1.20727e-07 0.157772)
(5.48954e-07 -1.2065e-07 0.157772)
(3.52778e-07 -2.55575e-07 0.135897)
(1.1652e-07 -1.68088e-07 0.0947795)
(6.70046e-08 1.15644e-07 0.0762254)
(2.25151e-07 1.75207e-07 0.110022)
(3.61085e-07 8.15691e-08 0.128353)
(3.61085e-07 -8.15038e-08 0.128353)
(2.25157e-07 -1.75099e-07 0.110022)
(6.69583e-08 -1.15596e-07 0.0762254)
(2.23118e-08 6.07222e-08 0.0515513)
(9.84426e-08 9.14346e-08 0.0752889)
(1.67158e-07 4.11858e-08 0.0883931)
(1.67161e-07 -4.11396e-08 0.0883931)
(9.84549e-08 -9.13523e-08 0.0752889)
(2.23124e-08 -6.0701e-08 0.0515513)
(-4.10531e-09 1.23014e-08 0.0188253)
(4.52387e-09 1.76804e-08 0.0282066)
(1.42338e-08 6.75774e-09 0.0334592)
(1.42368e-08 -6.74145e-09 0.0334592)
(4.53334e-09 -1.76476e-08 0.0282066)
(-4.0956e-09 -1.22964e-08 0.0188253)
(1.66818e-07 1.90551e-07 0.133464)
(4.32598e-07 2.93453e-07 0.190231)
(6.32568e-07 1.4051e-07 0.218245)
(6.32573e-07 -1.40485e-07 0.218245)
(4.32596e-07 -2.93462e-07 0.190231)
(1.66907e-07 -1.90578e-07 0.133464)
(1.47644e-07 1.75177e-07 0.12732)
(3.93185e-07 2.69036e-07 0.18148)
(5.82493e-07 1.28683e-07 0.208669)
(5.82497e-07 -1.28659e-07 0.208669)
(3.93185e-07 -2.69049e-07 0.18148)
(1.47736e-07 -1.75206e-07 0.12732)
(1.26355e-07 1.56017e-07 0.119297)
(3.46186e-07 2.38867e-07 0.170148)
(5.19414e-07 1.14014e-07 0.196155)
(5.19418e-07 -1.13994e-07 0.196155)
(3.46188e-07 -2.38887e-07 0.170148)
(1.26449e-07 -1.56048e-07 0.119297)
(1.01064e-07 1.32438e-07 0.108743)
(2.88136e-07 2.02097e-07 0.155361)
(4.39193e-07 9.60888e-08 0.179675)
(4.39195e-07 -9.60736e-08 0.179675)
(2.88139e-07 -2.02127e-07 0.155361)
(1.01145e-07 -1.32469e-07 0.108743)
(7.21574e-08 1.04101e-07 0.0947767)
(2.18383e-07 1.58324e-07 0.135894)
(3.39856e-07 7.47393e-08 0.157769)
(3.39858e-07 -7.47317e-08 0.157769)
(2.18386e-07 -1.58363e-07 0.135894)
(7.22194e-08 -1.0413e-07 0.0947767)
(4.14645e-08 7.15989e-08 0.0762231)
(1.39374e-07 1.08496e-07 0.110019)
(2.2355e-07 5.04954e-08 0.12835)
(2.2355e-07 -5.0496e-08 0.12835)
(1.39373e-07 -1.08543e-07 0.110019)
(4.15103e-08 -7.1625e-08 0.0762231)
(1.38037e-08 3.75994e-08 0.0515496)
(6.09385e-08 5.66292e-08 0.0752866)
(1.03495e-07 2.54933e-08 0.0883907)
(1.03494e-07 -2.55009e-08 0.0883907)
(6.09349e-08 -5.66735e-08 0.0752866)
(1.38103e-08 -3.76108e-08 0.0515496)
(-2.54416e-09 7.61964e-09 0.0188247)
(2.7984e-09 1.09564e-08 0.0282057)
(8.81561e-09 4.17978e-09 0.0334581)
(8.81454e-09 -4.18627e-09 0.0334581)
(2.7939e-09 -1.0978e-08 0.0282057)
(-2.54934e-09 -7.62283e-09 0.0188247)
(1.03318e-07 1.18027e-07 0.133462)
(2.67907e-07 1.81732e-07 0.190229)
(3.91736e-07 8.7047e-08 0.218244)
(3.91726e-07 -8.6942e-08 0.218244)
(2.67908e-07 -1.81598e-07 0.190229)
(1.03205e-07 -1.17923e-07 0.133462)
(9.14438e-08 1.08505e-07 0.127318)
(2.435e-07 1.66611e-07 0.181478)
(3.60725e-07 7.97248e-08 0.208667)
(3.60716e-07 -7.96182e-08 0.208667)
(2.435e-07 -1.66473e-07 0.181478)
(9.13279e-08 -1.08401e-07 0.127318)
(7.82588e-08 9.66367e-08 0.119295)
(2.14392e-07 1.47928e-07 0.170146)
(3.21658e-07 7.06424e-08 0.196154)
(3.21652e-07 -7.05353e-08 0.196154)
(2.14392e-07 -1.47785e-07 0.170146)
(7.81442e-08 -9.6535e-08 0.119295)
(6.25946e-08 8.20317e-08 0.108741)
(1.78439e-07 1.25157e-07 0.155359)
(2.71974e-07 5.9543e-08 0.179673)
(2.7197e-07 -5.9437e-08 0.179673)
(1.7844e-07 -1.2501e-07 0.155359)
(6.24994e-08 -8.19368e-08 0.108741)
(4.46911e-08 6.44795e-08 0.094775)
(1.3524e-07 9.80498e-08 0.135892)
(2.10452e-07 4.63224e-08 0.157767)
(2.10453e-07 -4.62205e-08 0.157767)
(1.35245e-07 -9.79059e-08 0.135892)
(4.4624e-08 -6.43958e-08 0.094775)
(2.56801e-08 4.43471e-08 0.0762216)
(8.63062e-08 6.71911e-08 0.110017)
(1.38422e-07 3.13071e-08 0.128348)
(1.38427e-07 -3.1216e-08 0.128348)
(8.63225e-08 -6.70567e-08 0.110017)
(2.56392e-08 -4.428e-08 0.0762216)
(8.54655e-09 2.32873e-08 0.0515485)
(3.77296e-08 3.50694e-08 0.0752852)
(6.40746e-08 1.58177e-08 0.0883891)
(6.40817e-08 -1.5748e-08 0.0883891)
(3.77514e-08 -3.49651e-08 0.0752852)
(8.55424e-09 -2.32526e-08 0.0515485)
(-1.57689e-09 4.71916e-09 0.0188243)
(1.73012e-09 6.78488e-09 0.0282051)
(5.45331e-09 2.60356e-09 0.0334574)
(5.45791e-09 -2.57519e-09 0.0334574)
(1.74403e-09 -6.74176e-09 0.0282051)
(-1.56334e-09 -4.70873e-09 0.0188243)
(6.3957e-08 7.30594e-08 0.133461)
(1.65863e-07 1.12533e-07 0.190228)
(2.42541e-07 5.38909e-08 0.218243)
(2.42545e-07 -5.38481e-08 0.218243)
(1.65858e-07 -1.12525e-07 0.190228)
(6.40219e-08 -7.3075e-08 0.133461)
(5.66061e-08 6.71655e-08 0.127316)
(1.50752e-07 1.0317e-07 0.181477)
(2.23342e-07 4.93558e-08 0.208666)
(2.23345e-07 -4.93147e-08 0.208666)
(1.50749e-07 -1.03167e-07 0.181477)
(5.66743e-08 -6.71837e-08 0.127316)
(4.84441e-08 5.98196e-08 0.119294)
(1.32733e-07 9.16025e-08 0.170145)
(1.99157e-07 4.37305e-08 0.196153)
(1.9916e-07 -4.36928e-08 0.196153)
(1.32731e-07 -9.16061e-08 0.170145)
(4.85146e-08 -5.98408e-08 0.119294)
(3.87476e-08 5.07794e-08 0.10874)
(1.10476e-07 7.75031e-08 0.155358)
(1.68399e-07 3.6856e-08 0.179672)
(1.68401e-07 -3.68239e-08 0.179672)
(1.10476e-07 -7.75163e-08 0.155358)
(3.88067e-08 -5.08018e-08 0.10874)
(2.7665e-08 3.99147e-08 0.0947739)
(8.37316e-08 6.07182e-08 0.135891)
(1.30312e-07 2.86678e-08 0.157765)
(1.30313e-07 -2.8644e-08 0.157765)
(8.37307e-08 -6.07393e-08 0.135891)
(2.77074e-08 -3.99375e-08 0.0947739)
(1.58979e-08 2.74527e-08 0.0762207)
(5.3439e-08 4.16104e-08 0.110016)
(8.5718e-08 1.93688e-08 0.128346)
(8.57181e-08 -1.93551e-08 0.128346)
(5.34359e-08 -4.16417e-08 0.110016)
(1.59314e-08 -2.74758e-08 0.0762207)
(5.29311e-09 1.44167e-08 0.0515479)
(2.33662e-08 2.172e-08 0.0752844)
(3.96872e-08 9.77817e-09 0.0883882)
(3.96862e-08 -9.7758e-09 0.0883882)
(2.33633e-08 -2.17539e-08 0.0752844)
(5.29539e-09 -1.44285e-08 0.0515479)
(-9.74857e-10 2.9215e-09 0.018824)
(1.07362e-09 4.20317e-09 0.0282047)
(3.38237e-09 1.6021e-09 0.033457)
(3.38125e-09 -1.60563e-09 0.033457)
(1.06987e-09 -4.22144e-09 0.0282047)
(-9.80678e-10 -2.92566e-09 0.018824)
(3.96173e-08 4.52834e-08 0.13346)
(1.02742e-07 6.97147e-08 0.190227)
(1.50234e-07 3.34082e-08 0.218242)
(1.50222e-07 -3.33136e-08 0.218242)
(1.02739e-07 -6.95893e-08 0.190227)
(3.94748e-08 -4.51882e-08 0.13346)
(3.50641e-08 4.16311e-08 0.127315)
(9.33833e-08 6.39156e-08 0.181476)
(1.38343e-07 3.06002e-08 0.208666)
(1.38332e-07 -3.0505e-08 0.208666)
(9.33787e-08 -6.3785e-08 0.181476)
(3.49192e-08 -4.15361e-08 0.127315)
(3.00075e-08 3.70789e-08 0.119293)
(8.22208e-08 5.675e-08 0.170144)
(1.23361e-07 2.7117e-08 0.196152)
(1.23352e-07 -2.70218e-08 0.196152)
(8.22153e-08 -5.66137e-08 0.170144)
(2.98639e-08 -3.69855e-08 0.119293)
(2.39998e-08 3.14765e-08 0.108739)
(6.84325e-08 4.80162e-08 0.155357)
(1.04306e-07 2.28597e-08 0.179671)
(1.043e-07 -2.27659e-08 0.179671)
(6.84279e-08 -4.78745e-08 0.155357)
(2.38757e-08 -3.13891e-08 0.108739)
(1.71333e-08 2.47432e-08 0.0947732)
(5.18646e-08 3.76186e-08 0.13589)
(8.07117e-08 1.77883e-08 0.157765)
(8.07093e-08 -1.76983e-08 0.157765)
(5.18654e-08 -3.74779e-08 0.13589)
(1.70405e-08 -2.46664e-08 0.0947732)
(9.84284e-09 1.70196e-08 0.0762201)
(3.30985e-08 2.57816e-08 0.110016)
(5.30874e-08 1.20274e-08 0.128346)
(5.30899e-08 -1.1947e-08 0.128346)
(3.31102e-08 -2.56481e-08 0.110016)
(9.78443e-09 -1.69595e-08 0.0762201)
(3.27341e-09 8.93948e-09 0.0515475)
(1.44698e-08 1.34591e-08 0.0752838)
(2.45751e-08 6.08237e-09 0.0883876)
(2.4581e-08 -6.02126e-09 0.0883876)
(1.4489e-08 -1.33548e-08 0.0752838)
(3.27524e-09 -8.91215e-09 0.0515475)
(-6.06756e-10 1.81288e-09 0.0188238)
(6.63286e-10 2.60563e-09 0.0282045)
(2.09158e-09 1.00559e-09 0.0334567)
(2.09575e-09 -9.81228e-10 0.0334567)
(6.76478e-10 -2.56252e-09 0.0282045)
(-5.93607e-10 -1.80588e-09 0.0188238)
(2.44938e-08 2.80345e-08 0.133459)
(6.35599e-08 4.31967e-08 0.190227)
(9.29699e-08 2.07045e-08 0.218242)
(9.29678e-08 -2.06159e-08 0.218242)
(6.35562e-08 -4.31283e-08 0.190227)
(2.44823e-08 -2.80096e-08 0.133459)
(2.16773e-08 2.57756e-08 0.127315)
(5.77701e-08 3.96071e-08 0.181476)
(8.5613e-08 1.89657e-08 0.208665)
(8.56115e-08 -1.88775e-08 0.208665)
(5.77673e-08 -3.95398e-08 0.181476)
(2.16695e-08 -2.57533e-08 0.127315)
(1.85493e-08 2.29598e-08 0.119293)
(5.08648e-08 3.51714e-08 0.170144)
(7.63443e-08 1.68085e-08 0.196152)
(7.63436e-08 -1.67219e-08 0.196152)
(5.08642e-08 -3.51069e-08 0.170144)
(1.85468e-08 -2.2941e-08 0.119293)
(1.48331e-08 1.94937e-08 0.108739)
(4.23348e-08 2.97643e-08 0.155356)
(6.45552e-08 1.41716e-08 0.17967)
(6.4556e-08 -1.40889e-08 0.17967)
(4.23375e-08 -2.97049e-08 0.155356)
(1.4826e-08 -1.9478e-08 0.108739)
(1.0586e-08 1.53272e-08 0.0947728)
(3.20847e-08 2.3326e-08 0.135889)
(4.99559e-08 1.10298e-08 0.157764)
(4.99584e-08 -1.0954e-08 0.157764)
(3.2089e-08 -2.32716e-08 0.135889)
(1.05775e-08 -1.53163e-08 0.0947728)
(6.07846e-09 1.05468e-08 0.0762198)
(2.04759e-08 1.59948e-08 0.110015)
(3.28635e-08 7.46005e-09 0.128345)
(3.28676e-08 -7.3958e-09 0.128345)
(2.04833e-08 -1.59531e-08 0.110015)
(6.08728e-09 -1.05458e-08 0.0762198)
(2.0189e-09 5.54391e-09 0.0515472)
(8.95314e-09 8.35916e-09 0.0752835)
(1.52206e-08 3.77455e-09 0.0883872)
(1.52254e-08 -3.73031e-09 0.0883872)
(8.965e-09 -8.33554e-09 0.0752835)
(2.02617e-09 -5.54592e-09 0.0515472)
(-3.77533e-10 1.12669e-09 0.0188237)
(4.0926e-10 1.62445e-09 0.0282043)
(1.29849e-09 6.24178e-10 0.0334565)
(1.3006e-09 -6.09129e-10 0.0334565)
(4.14375e-10 -1.61853e-09 0.0282043)
(-3.75303e-10 -1.12836e-09 0.0188237)
(1.5151e-08 1.73986e-08 0.133459)
(3.93212e-08 2.67713e-08 0.190227)
(5.7517e-08 1.28736e-08 0.218242)
(5.74908e-08 -1.26963e-08 0.218242)
(3.92901e-08 -2.6559e-08 0.190227)
(1.49051e-08 -1.72525e-08 0.133459)
(1.34061e-08 1.59969e-08 0.127315)
(3.57343e-08 2.45469e-08 0.181475)
(5.2959e-08 1.17968e-08 0.208665)
(5.29342e-08 -1.16193e-08 0.208665)
(3.57022e-08 -2.43291e-08 0.181475)
(1.31583e-08 -1.5854e-08 0.127315)
(1.14691e-08 1.42496e-08 0.119293)
(3.14584e-08 2.17981e-08 0.170144)
(4.72186e-08 1.04603e-08 0.196151)
(4.7197e-08 -1.02841e-08 0.196151)
(3.14271e-08 -2.15748e-08 0.170144)
(1.12239e-08 -1.41125e-08 0.119293)
(9.16885e-09 1.20989e-08 0.108738)
(2.61788e-08 1.8447e-08 0.155356)
(3.99203e-08 8.82577e-09 0.17967)
(3.99035e-08 -8.65428e-09 0.17967)
(2.61527e-08 -1.822e-08 0.155356)
(8.94442e-09 -1.19733e-08 0.108738)
(6.5408e-09 9.5135e-09 0.0947726)
(1.98365e-08 1.44565e-08 0.135889)
(3.08854e-08 6.87668e-09 0.157764)
(3.08753e-08 -6.71584e-09 0.157764)
(1.98201e-08 -1.4234e-08 0.135889)
(6.3607e-09 -9.40794e-09 0.0947726)
(3.75153e-09 6.54691e-09 0.0762196)
(1.2655e-08 9.91189e-09 0.110015)
(2.03105e-08 4.6593e-09 0.128345)
(2.03099e-08 -4.5212e-09 0.128345)
(1.26607e-08 -9.7097e-09 0.110015)
(3.64554e-09 -6.47541e-09 0.0762196)
(1.24073e-09 3.44164e-09 0.0515471)
(5.5291e-09 5.17793e-09 0.0752833)
(9.39996e-09 2.36518e-09 0.088387)
(9.40723e-09 -2.26963e-09 0.088387)
(5.55631e-09 -5.0317e-09 0.0752833)
(1.23217e-09 -3.41916e-09 0.0515471)
(-2.36732e-10 7.00077e-10 0.0188237)
(2.51042e-10 1.00406e-09 0.0282042)
(7.98658e-10 3.96709e-10 0.0334564)
(8.04168e-10 -3.66932e-10 0.0334564)
(2.69825e-10 -9.50867e-10 0.0282042)
(-2.22312e-10 -6.98675e-10 0.0188237)
(9.48742e-09 1.06078e-08 0.133459)
(2.44602e-08 1.63849e-08 0.190227)
(3.56984e-08 7.76165e-09 0.218242)
(3.569e-08 -8.07716e-09 0.218242)
(2.44041e-08 -1.67473e-08 0.190227)
(9.61335e-09 -1.09339e-08 0.133459)
(8.40375e-09 9.74217e-09 0.127314)
(2.2234e-08 1.50067e-08 0.181475)
(3.287e-08 7.09046e-09 0.208665)
(3.28589e-08 -7.41613e-09 0.208665)
(2.21753e-08 -1.5381e-08 0.181475)
(8.53027e-09 -1.00644e-08 0.127314)
(7.20112e-09 8.66426e-09 0.119292)
(1.95799e-08 1.33047e-08 0.170143)
(2.93089e-08 6.25883e-09 0.196151)
(2.92931e-08 -6.59551e-09 0.196151)
(1.95169e-08 -1.36917e-08 0.170143)
(7.32321e-09 -8.97878e-09 0.119292)
(5.77262e-09 7.33953e-09 0.108738)
(1.63026e-08 1.12323e-08 0.155356)
(2.47815e-08 5.24445e-09 0.17967)
(2.47595e-08 -5.59075e-09 0.17967)
(1.62329e-08 -1.16305e-08 0.155356)
(5.87461e-09 -7.63834e-09 0.108738)
(4.13892e-09 5.75069e-09 0.0947724)
(1.23654e-08 8.76916e-09 0.135889)
(1.9177e-08 4.04036e-09 0.157764)
(1.9148e-08 -4.39001e-09 0.157764)
(1.22865e-08 -9.16807e-09 0.135889)
(4.1996e-09 -6.02026e-09 0.0947724)
(2.40019e-09 3.93365e-09 0.0762194)
(7.90319e-09 5.97293e-09 0.110015)
(1.26143e-08 2.68179e-09 0.128345)
(1.25792e-08 -3.0164e-09 0.128345)
(7.81155e-09 -6.34976e-09 0.110015)
(2.39965e-09 -4.15053e-09 0.0762194)
(8.24498e-10 2.04337e-09 0.051547)
(3.46837e-09 3.07882e-09 0.0752832)
(5.83895e-09 1.30073e-09 0.0883869)
(5.80401e-09 -1.57709e-09 0.0883869)
(3.37507e-09 -3.37676e-09 0.0752832)
(7.5284e-10 -2.17536e-09 0.051547)
(-1.23939e-10 3.98641e-10 0.0188236)
(1.72959e-10 5.67754e-10 0.0282042)
(5.00594e-10 1.71446e-10 0.0334564)
(4.82909e-10 -2.99313e-10 0.0334564)
(1.24959e-10 -6.97771e-10 0.0282042)
(-1.7109e-10 -4.46226e-10 0.0188236)
(5.80911e-09 6.61799e-09 0.133459)
(1.50921e-08 1.01973e-08 0.190226)
(2.20726e-08 4.85436e-09 0.218242)
(2.20727e-08 -4.94466e-09 0.218242)
(1.51118e-08 -1.02455e-08 0.190226)
(5.81118e-09 -6.6311e-09 0.133459)
(5.13925e-09 6.08529e-09 0.127314)
(1.37145e-08 9.34864e-09 0.181475)
(2.03218e-08 4.44402e-09 0.208665)
(2.03221e-08 -4.53035e-09 0.208665)
(1.37326e-08 -9.3906e-09 0.181475)
(5.13515e-09 -6.09125e-09 0.127314)
(4.39675e-09 5.42144e-09 0.119292)
(1.20739e-08 8.30072e-09 0.170143)
(1.81193e-08 3.93593e-09 0.196151)
(1.812e-08 -4.0156e-09 0.196151)
(1.20896e-08 -8.33295e-09 0.170143)
(4.38834e-09 -5.41875e-09 0.119292)
(3.51521e-09 4.60457e-09 0.108738)
(1.00486e-08 7.02454e-09 0.155356)
(1.53204e-08 3.31656e-09 0.17967)
(1.53218e-08 -3.3848e-09 0.17967)
(1.00618e-08 -7.04247e-09 0.155356)
(3.51569e-09 -4.59362e-09 0.108738)
(2.50767e-09 3.6227e-09 0.0947723)
(7.61499e-09 5.50652e-09 0.135889)
(1.18552e-08 2.58109e-09 0.157764)
(1.18575e-08 -2.63107e-09 0.157764)
(7.6293e-09 -5.50852e-09 0.135889)
(2.51873e-09 -3.60266e-09 0.0947723)
(1.43757e-09 2.49582e-09 0.0762193)
(4.85709e-09 3.77948e-09 0.110015)
(7.79662e-09 1.74871e-09 0.128345)
(7.80013e-09 -1.77253e-09 0.128345)
(4.87331e-09 -3.75834e-09 0.110015)
(1.44406e-09 -2.46506e-09 0.0762193)
(4.73415e-10 1.3154e-09 0.0515469)
(2.11816e-09 1.98114e-09 0.0752831)
(3.60581e-09 8.92323e-10 0.0883868)
(3.61027e-09 -8.84176e-10 0.0883868)
(2.13261e-09 -1.94036e-09 0.0752831)
(4.91524e-10 -1.28687e-09 0.0515469)
(-9.31006e-11 2.70512e-10 0.0188236)
(9.24034e-11 3.9187e-10 0.0282041)
(3.04646e-10 1.57153e-10 0.0334563)
(3.08415e-10 -1.3364e-10 0.0334563)
(1.03185e-10 -3.5872e-10 0.0282041)
(-8.04639e-11 -2.54484e-10 0.0188236)
(3.58598e-09 4.15818e-09 0.133459)
(9.3342e-09 6.37116e-09 0.190226)
(1.36624e-08 3.04037e-09 0.218242)
(1.36776e-08 -3.0443e-09 0.218242)
(9.35091e-09 -6.39889e-09 0.190226)
(3.71587e-09 -4.15769e-09 0.133459)
(3.17116e-09 3.82561e-09 0.127314)
(8.48172e-09 5.84608e-09 0.181475)
(1.25805e-08 2.78714e-09 0.208665)
(1.25955e-08 -2.78715e-09 0.208665)
(8.50111e-09 -5.87565e-09 0.181475)
(3.30327e-09 -3.82712e-09 0.127314)
(2.7107e-09 3.41078e-09 0.119292)
(7.46581e-09 5.19673e-09 0.170143)
(1.12186e-08 2.47289e-09 0.196151)
(1.12327e-08 -2.46846e-09 0.196151)
(7.48818e-09 -5.22914e-09 0.170143)
(2.84256e-09 -3.41418e-09 0.119292)
(2.16415e-09 2.89972e-09 0.108738)
(6.21156e-09 4.40427e-09 0.155356)
(9.48728e-09 2.08857e-09 0.17967)
(9.50006e-09 -2.07929e-09 0.17967)
(6.23587e-09 -4.44041e-09 0.155356)
(2.27858e-09 -2.90269e-09 0.108738)
(1.54002e-09 2.28454e-09 0.0947722)
(4.70473e-09 3.45919e-09 0.135889)
(7.34271e-09 1.6301e-09 0.157764)
(7.35351e-09 -1.6159e-09 0.157764)
(4.72663e-09 -3.49533e-09 0.135889)
(1.62923e-09 -2.28626e-09 0.0947723)
(8.78339e-10 1.57717e-09 0.0762193)
(2.99894e-09 2.38049e-09 0.110014)
(4.83095e-09 1.10788e-09 0.128345)
(4.83893e-09 -1.08911e-09 0.128345)
(3.01331e-09 -2.41752e-09 0.110014)
(9.46001e-10 -1.57812e-09 0.0762193)
(2.84427e-10 8.34052e-10 0.0515469)
(1.30712e-09 1.25215e-09 0.0752831)
(2.23759e-09 5.66011e-10 0.0883867)
(2.24174e-09 -5.46774e-10 0.0883867)
(1.31372e-09 -1.28242e-09 0.0752831)
(3.03118e-10 -8.24962e-10 0.0515469)
(-6.06875e-11 1.73079e-10 0.0188236)
(5.61148e-11 2.48643e-10 0.0282041)
(1.9032e-10 9.69532e-11 0.0334563)
(1.90952e-10 -8.60641e-11 0.0334563)
(5.51224e-11 -2.61074e-10 0.0282041)
(-6.22372e-11 -1.67338e-10 0.0188236)
(2.25314e-09 2.54644e-09 0.133458)
(5.824e-09 3.93606e-09 0.190226)
(8.51255e-09 1.89802e-09 0.218242)
(8.50756e-09 -1.86177e-09 0.218242)
(5.83575e-09 -3.86547e-09 0.190226)
(2.14677e-09 -2.51173e-09 0.133458)
(1.99507e-09 2.33972e-09 0.127314)
(5.29344e-09 3.60807e-09 0.181475)
(7.8377e-09 1.7407e-09 0.208665)
(7.83354e-09 -1.70148e-09 0.208665)
(5.30271e-09 -3.5321e-09 0.181475)
(1.88384e-09 -2.30231e-09 0.127314)
(1.70861e-09 2.08214e-09 0.119292)
(4.66062e-09 3.20277e-09 0.170143)
(6.98672e-09 1.54529e-09 0.196151)
(6.98427e-09 -1.50263e-09 0.196151)
(4.66667e-09 -3.11983e-09 0.170143)
(1.59585e-09 -2.04232e-09 0.119292)
(1.36822e-09 1.76535e-09 0.108738)
(3.87858e-09 2.70882e-09 0.155356)
(5.90471e-09 1.30606e-09 0.17967)
(5.90411e-09 -1.25978e-09 0.17967)
(3.88236e-09 -2.61796e-09 0.155356)
(1.27161e-09 -1.72611e-09 0.108738)
(9.79104e-10 1.385e-09 0.0947722)
(2.93918e-09 2.12079e-09 0.135889)
(4.56632e-09 1.02031e-09 0.157764)
(4.56777e-09 -9.71388e-10 0.157764)
(2.9448e-09 -2.02693e-09 0.135889)
(9.07206e-10 -1.34875e-09 0.0947722)
(5.65339e-10 9.49351e-10 0.0762193)
(1.87486e-09 1.45143e-09 0.110014)
(2.99924e-09 6.9432e-10 0.128345)
(3.00296e-09 -6.46883e-10 0.128345)
(1.88578e-09 -1.35748e-09 0.110014)
(5.14528e-10 -9.18469e-10 0.0762193)
(1.91193e-10 4.95068e-10 0.0515469)
(8.17832e-10 7.55166e-10 0.075283)
(1.383e-09 3.55623e-10 0.0883867)
(1.38785e-09 -3.16779e-10 0.0883867)
(8.30936e-10 -6.77685e-10 0.075283)
(1.86317e-10 -4.82827e-10 0.0515469)
(-3.16932e-11 9.8059e-11 0.0188236)
(3.71532e-11 1.44676e-10 0.0282041)
(1.15417e-10 6.2489e-11 0.0334563)
(1.18228e-10 -4.62721e-11 0.0334563)
(4.64095e-11 -1.10938e-10 0.0282041)
(-2.45872e-11 -9.52912e-11 0.0188236)
(1.37287e-09 1.64731e-09 0.133458)
(3.59051e-09 2.50791e-09 0.190226)
(5.26653e-09 1.2277e-09 0.218242)
(5.27632e-09 -1.11769e-09 0.218242)
(3.60708e-09 -2.42245e-09 0.190226)
(1.4227e-09 -1.58877e-09 0.133458)
(1.21285e-09 1.51785e-09 0.127314)
(3.26288e-09 2.3049e-09 0.181475)
(4.85145e-09 1.12967e-09 0.208665)
(4.86169e-09 -1.01937e-09 0.208665)
(3.28133e-09 -2.22205e-09 0.181475)
(1.26583e-09 -1.4632e-09 0.127314)
(1.0345e-09 1.35611e-09 0.119292)
(2.87141e-09 2.05344e-09 0.170143)
(4.32762e-09 1.00757e-09 0.196151)
(4.33826e-09 -8.97869e-10 0.196151)
(2.8926e-09 -1.97495e-09 0.170143)
(1.09095e-09 -1.30628e-09 0.119292)
(8.22496e-10 1.15638e-09 0.108738)
(2.38739e-09 1.74591e-09 0.155356)
(3.66065e-09 8.57442e-10 0.17967)
(3.67154e-09 -7.50322e-10 0.17967)
(2.41165e-09 -1.67421e-09 0.155356)
(8.69923e-10 -1.1108e-09 0.108738)
(5.8065e-10 9.15267e-10 0.0947722)
(1.80574e-09 1.37807e-09 0.135889)
(2.83387e-09 6.77039e-10 0.157764)
(2.84473e-09 -5.7587e-10 0.157764)
(1.82998e-09 -1.31283e-09 0.135889)
(6.18699e-10 -8.75991e-10 0.0947722)
(3.24993e-10 6.36663e-10 0.0762192)
(1.14805e-09 9.56455e-10 0.110014)
(1.86528e-09 4.69321e-10 0.128345)
(1.87598e-09 -3.79568e-10 0.128345)
(1.17076e-09 -9.05352e-10 0.110014)
(3.68107e-10 -6.09153e-10 0.0762192)
(9.76006e-11 3.41518e-10 0.0515469)
(4.96898e-10 5.11613e-10 0.075283)
(8.64991e-10 2.49468e-10 0.0883867)
(8.7399e-10 -1.82487e-10 0.0883867)
(5.18168e-10 -4.79425e-10 0.075283)
(1.2074e-10 -3.2021e-10 0.0515469)
(-2.90816e-11 7.41658e-11 0.0188236)
(1.76497e-11 1.07776e-10 0.0282041)
(7.33358e-11 4.9997e-11 0.0334563)
(7.7006e-11 -2.25128e-11 0.0334563)
(2.58673e-11 -9.64845e-11 0.0282041)
(-2.28077e-11 -6.54742e-11 0.0188236)
(8.2783e-10 1.01798e-09 0.133458)
(2.17838e-09 1.5527e-09 0.190226)
(3.20553e-09 7.6503e-10 0.218242)
(3.18176e-09 -6.90753e-10 0.218242)
(2.14065e-09 -1.43597e-09 0.190226)
(5.84487e-10 -9.23273e-10 0.133458)
(7.31325e-10 9.38077e-10 0.127314)
(1.98084e-09 1.42642e-09 0.181475)
(2.95394e-09 7.04347e-10 0.208665)
(2.93167e-09 -6.29173e-10 0.208665)
(1.94363e-09 -1.30326e-09 0.181475)
(4.87223e-10 -8.43649e-10 0.127314)
(6.2361e-10 8.38051e-10 0.119292)
(1.74514e-09 1.26994e-09 0.170143)
(2.6361e-09 6.28595e-10 0.196151)
(2.61693e-09 -5.5304e-10 0.196151)
(1.70964e-09 -1.13926e-09 0.170143)
(3.8218e-10 -7.45146e-10 0.119292)
(4.95827e-10 7.1428e-10 0.108738)
(1.45368e-09 1.07835e-09 0.155356)
(2.23171e-09 5.35059e-10 0.17967)
(2.21667e-09 -4.60602e-10 0.17967)
(1.42205e-09 -9.39442e-10 0.155356)
(2.72935e-10 -6.26906e-10 0.108738)
(3.50342e-10 5.64728e-10 0.0947722)
(1.10253e-09 8.48927e-10 0.135889)
(1.72952e-09 4.22053e-10 0.157764)
(1.71984e-09 -3.51682e-10 0.157764)
(1.07885e-09 -7.06855e-10 0.135889)
(1.69379e-10 -4.89481e-10 0.0947722)
(1.98445e-10 3.92389e-10 0.0762192)
(7.06717e-10 5.86217e-10 0.110014)
(1.14348e-09 2.91294e-10 0.128345)
(1.13967e-09 -2.3139e-10 0.128345)
(6.98964e-10 -4.50349e-10 0.110014)
(8.4561e-11 -3.41298e-10 0.0762192)
(6.40554e-11 2.10348e-10 0.0515469)
(3.14729e-10 3.10065e-10 0.075283)
(5.38164e-10 1.52481e-10 0.0883867)
(5.39668e-10 -1.12846e-10 0.0883867)
(3.23971e-10 -2.0851e-10 0.075283)
(4.42028e-11 -1.98674e-10 0.0515469)
(-1.46725e-11 4.46621e-11 0.0188236)
(1.63953e-11 6.10016e-11 0.0282041)
(4.91291e-11 2.7727e-11 0.0334563)
(5.16054e-11 -1.86082e-11 0.0334563)
(2.67003e-11 -2.39083e-11 0.0282041)
(-6.02625e-12 -4.67982e-11 0.0188236)
(5.6837e-10 5.5191e-10 0.133458)
(1.4053e-09 9.15877e-10 0.190226)
(2.03778e-09 4.5448e-10 0.218242)
(2.0375e-09 -4.24245e-10 0.218242)
(1.41332e-09 -8.83285e-10 0.190226)
(5.64708e-10 -5.21931e-10 0.133458)
(5.06485e-10 5.03091e-10 0.127314)
(1.2785e-09 8.362e-10 0.181475)
(1.87678e-09 4.14684e-10 0.208665)
(1.87697e-09 -3.88617e-10 0.208665)
(1.2863e-09 -8.05683e-10 0.181475)
(5.04089e-10 -4.75378e-10 0.127314)
(4.36999e-10 4.42579e-10 0.119292)
(1.12587e-09 7.37946e-10 0.170143)
(1.6727e-09 3.65266e-10 0.196151)
(1.67298e-09 -3.44349e-10 0.196151)
(1.13291e-09 -7.10276e-10 0.170143)
(4.35615e-10 -4.17728e-10 0.119292)
(3.54058e-10 3.68891e-10 0.108738)
(9.37098e-10 6.18651e-10 0.155356)
(1.41271e-09 3.04853e-10 0.17967)
(1.41291e-09 -2.9025e-10 0.17967)
(9.42671e-10 -5.94952e-10 0.155356)
(3.53503e-10 -3.4754e-10 0.108738)
(2.59197e-10 2.81848e-10 0.0947722)
(7.11063e-10 4.77611e-10 0.135889)
(1.09137e-09 2.3307e-10 0.157764)
(1.09135e-09 -2.26009e-10 0.157764)
(7.1455e-10 -4.59513e-10 0.135889)
(2.59068e-10 -2.64539e-10 0.0947722)
(1.57712e-10 1.84669e-10 0.0762192)
(4.55411e-10 3.19238e-10 0.110014)
(7.16083e-10 1.52321e-10 0.128345)
(7.15592e-10 -1.53544e-10 0.128345)
(4.57109e-10 -3.08595e-10 0.110014)
(1.58389e-10 -1.72005e-10 0.0762192)
(6.32693e-11 8.78944e-11 0.0515468)
(2.01475e-10 1.58425e-10 0.075283)
(3.3036e-10 7.09885e-11 0.0883867)
(3.29401e-10 -7.92064e-11 0.0883867)
(2.00989e-10 -1.56586e-10 0.075283)
(6.55132e-11 -8.0592e-11 0.0515468)
(1.65584e-14 1.13969e-11 0.0188236)
(1.18664e-11 2.50009e-11 0.0282041)
(2.78466e-11 6.9234e-12 0.0334563)
(2.71618e-11 -1.48564e-11 0.0334563)
(1.04732e-11 -2.89709e-11 0.0282041)
(1.8827e-12 -9.58385e-12 0.0188236)
(3.16134e-10 3.94675e-10 0.133458)
(8.60107e-10 5.80504e-10 0.190226)
(1.2569e-09 2.92285e-10 0.218242)
(1.2619e-09 -2.49595e-10 0.218242)
(8.69454e-10 -5.50069e-10 0.190226)
(3.37833e-10 -3.50269e-10 0.133458)
(2.79598e-10 3.63905e-10 0.127314)
(7.83578e-10 5.30539e-10 0.181475)
(1.15902e-09 2.66983e-10 0.208665)
(1.16367e-09 -2.27946e-10 0.208665)
(7.93512e-10 -5.03554e-10 0.181475)
(3.00665e-10 -3.22675e-10 0.127314)
(2.39123e-10 3.25501e-10 0.119292)
(6.91294e-10 4.69148e-10 0.170143)
(1.03397e-09 2.35829e-10 0.196151)
(1.03801e-09 -2.01326e-10 0.196151)
(7.01596e-10 -4.46443e-10 0.170143)
(2.58676e-10 -2.88169e-10 0.119292)
(1.90272e-10 2.78047e-10 0.108738)
(5.75691e-10 3.9488e-10 0.155356)
(8.73377e-10 1.98021e-10 0.17967)
(8.76771e-10 -1.69033e-10 0.17967)
(5.85625e-10 -3.77233e-10 0.155356)
(2.07507e-10 -2.45532e-10 0.108738)
(1.34042e-10 2.20728e-10 0.0947722)
(4.36526e-10 3.07248e-10 0.135889)
(6.75065e-10 1.53532e-10 0.157764)
(6.77617e-10 -1.3094e-10 0.157764)
(4.45147e-10 -2.95352e-10 0.135889)
(1.48683e-10 -1.94093e-10 0.0947722)
(7.435e-11 1.54465e-10 0.0762192)
(2.78187e-10 2.08388e-10 0.110014)
(4.43676e-10 1.03404e-10 0.128345)
(4.46002e-10 -8.78838e-11 0.128345)
(2.84911e-10 -2.02512e-10 0.110014)
(8.57608e-11 -1.34903e-10 0.0762192)
(2.13587e-11 8.40465e-11 0.0515468)
(1.21727e-10 1.06873e-10 0.075283)
(2.05318e-10 5.21771e-11 0.0883867)
(2.06914e-10 -4.372e-11 0.0883867)
(1.25368e-10 -1.06138e-10 0.075283)
(2.85852e-11 -7.26117e-11 0.0515468)
(-7.99211e-12 1.89852e-11 0.0188236)
(5.70263e-12 1.9352e-11 0.0282041)
(1.76246e-11 8.84751e-12 0.0334563)
(1.7925e-11 -6.41748e-12 0.0334563)
(6.11273e-12 -2.08842e-11 0.0282041)
(-5.6349e-12 -1.61127e-11 0.0188236)
(2.12154e-10 1.6826e-10 0.133458)
(5.15382e-10 3.13197e-10 0.190226)
(7.50024e-10 1.21664e-10 0.218242)
(7.41435e-10 -2.197e-10 0.218242)
(4.92578e-10 -4.02226e-10 0.190226)
(1.67983e-10 -2.68539e-10 0.133458)
(1.90582e-10 1.52623e-10 0.127314)
(4.70863e-10 2.84908e-10 0.181475)
(6.93263e-10 1.06684e-10 0.208665)
(6.83623e-10 -2.0725e-10 0.208665)
(4.44925e-10 -3.73796e-10 0.181475)
(1.46013e-10 -2.50033e-10 0.127314)
(1.65639e-10 1.33136e-10 0.119292)
(4.16663e-10 2.50111e-10 0.170143)
(6.2053e-10 8.83788e-11 0.196151)
(6.09847e-10 -1.91112e-10 0.196151)
(3.87572e-10 -3.38213e-10 0.170143)
(1.2144e-10 -2.26636e-10 0.119292)
(1.35152e-10 1.09381e-10 0.108738)
(3.48701e-10 2.07927e-10 0.155356)
(5.26841e-10 6.66695e-11 0.17967)
(5.14551e-10 -1.70428e-10 0.17967)
(3.16931e-10 -2.94107e-10 0.155356)
(9.19738e-11 -1.9722e-10 0.108738)
(1.00381e-10 8.14697e-11 0.0947722)
(2.66468e-10 1.58297e-10 0.135889)
(4.09571e-10 4.17956e-11 0.157764)
(3.96365e-10 -1.44062e-10 0.157764)
(2.33379e-10 -2.40269e-10 0.135889)
(5.88566e-11 -1.60926e-10 0.0947722)
(6.34247e-11 5.08383e-11 0.0762192)
(1.7303e-10 1.03397e-10 0.110014)
(2.70814e-10 1.60361e-11 0.128345)
(2.57502e-10 -1.11429e-10 0.128345)
(1.41734e-10 -1.76618e-10 0.110014)
(2.4921e-11 -1.17481e-10 0.0762192)
(2.85223e-11 2.15994e-11 0.0515468)
(7.92195e-11 4.89215e-11 0.075283)
(1.27462e-10 -5.24703e-12 0.0883867)
(1.15966e-10 -7.1831e-11 0.0883867)
(5.36796e-11 -1.04802e-10 0.075283)
(-2.4367e-12 -6.86635e-11 0.0515468)
(2.57275e-12 4.95834e-13 0.0188236)
(5.94579e-12 5.92098e-12 0.0282041)
(1.18443e-11 -1.16719e-11 0.0334563)
(6.91714e-12 -2.41507e-11 0.0334563)
(-4.77426e-12 -2.97022e-11 0.0282041)
(-1.09486e-11 -1.88951e-11 0.0188236)
(1.12964e-10 1.37286e-10 0.133458)
(3.14321e-10 1.8981e-10 0.190226)
(4.56309e-10 7.14107e-11 0.218242)
(4.5183e-10 -1.35566e-10 0.218242)
(2.97791e-10 -2.48233e-10 0.190226)
(1.08959e-10 -1.49912e-10 0.133458)
(9.93993e-11 1.26343e-10 0.127314)
(2.85281e-10 1.71906e-10 0.181475)
(4.18701e-10 6.26789e-11 0.208665)
(4.13899e-10 -1.26635e-10 0.208665)
(2.69608e-10 -2.30155e-10 0.181475)
(9.49867e-11 -1.38949e-10 0.127314)
(8.49585e-11 1.12835e-10 0.119292)
(2.51047e-10 1.50176e-10 0.170143)
(3.71573e-10 5.22473e-11 0.196151)
(3.66306e-10 -1.15434e-10 0.196151)
(2.36268e-10 -2.07659e-10 0.170143)
(7.93952e-11 -1.25057e-10 0.119292)
(6.80226e-11 9.6298e-11 0.108738)
(2.08954e-10 1.24295e-10 0.155356)
(3.12541e-10 4.00965e-11 0.17967)
(3.06784e-10 -1.01356e-10 0.17967)
(1.94752e-10 -1.79828e-10 0.155356)
(6.10212e-11 -1.07656e-10 0.108738)
(4.82301e-11 7.63881e-11 0.0947722)
(1.58531e-10 9.4288e-11 0.135889)
(2.40321e-10 2.66888e-11 0.157764)
(2.34295e-10 -8.38431e-11 0.157764)
(1.44971e-10 -1.4589e-10 0.135889)
(4.06179e-11 -8.6282e-11 0.0947722)
(2.72422e-11 5.35054e-11 0.0762192)
(1.01288e-10 6.12106e-11 0.110014)
(1.57031e-10 1.30874e-11 0.128345)
(1.51317e-10 -6.2296e-11 0.128345)
(8.90604e-11 -1.05751e-10 0.110014)
(2.00722e-11 -6.11097e-11 0.0762192)
(8.2808e-12 2.92046e-11 0.0515468)
(4.53093e-11 2.86141e-11 0.075283)
(7.19632e-11 1.89936e-12 0.0883867)
(6.76614e-11 -3.6905e-11 0.0883867)
(3.47607e-11 -6.10778e-11 0.075283)
(3.07381e-12 -3.38861e-11 0.0515468)
(-2.5452e-12 6.65008e-12 0.0188236)
(2.82539e-12 3.09227e-12 0.0282041)
(5.67409e-12 -2.89741e-12 0.0334563)
(3.87269e-12 -9.6858e-12 0.0334563)
(-1.91727e-12 -1.62635e-11 0.0282041)
(-4.15005e-12 -8.0657e-12 0.0188236)
(1.18628e-10 -4.73533e-12 0.133458)
(2.36537e-10 2.91048e-11 0.190226)
(3.1396e-10 -7.01845e-11 0.218242)
(3.14878e-10 -2.08771e-10 0.218242)
(2.0406e-10 -3.33625e-10 0.190226)
(2.39939e-10 -2.35737e-10 0.133458)
(1.09832e-10 -8.3918e-12 0.127314)
(2.19109e-10 1.97242e-11 0.181475)
(2.91371e-10 -7.55383e-11 0.208665)
(2.90917e-10 -2.0375e-10 0.208665)
(1.86047e-10 -3.27498e-10 0.181475)
(2.33694e-10 -2.27169e-10 0.127314)
(9.96537e-11 -1.25918e-11 0.119292)
(1.97597e-10 8.75879e-12 0.170143)
(2.6266e-10 -8.12263e-11 0.196151)
(2.59312e-10 -1.96748e-10 0.196151)
(1.63573e-10 -3.18982e-10 0.170143)
(2.22967e-10 -2.14574e-10 0.119292)
(8.69218e-11 -1.71625e-11 0.108738)
(1.70108e-10 -3.49616e-12 0.155356)
(2.25829e-10 -8.65252e-11 0.17967)
(2.18366e-10 -1.86294e-10 0.17967)
(1.33302e-10 -3.06277e-10 0.155356)
(1.95714e-10 -1.94941e-10 0.108738)
(7.15445e-11 -2.15216e-11 0.0947722)
(1.36322e-10 -1.60698e-11 0.135889)
(1.78956e-10 -8.98263e-11 0.157764)
(1.66516e-10 -1.70445e-10 0.157764)
(9.38664e-11 -2.83367e-10 0.135889)
(1.47914e-10 -1.65169e-10 0.0947722)
(5.3766e-11 -2.41168e-11 0.0762192)
(9.64789e-11 -2.64856e-11 0.110014)
(1.2317e-10 -8.75192e-11 0.128345)
(1.04932e-10 -1.44576e-10 0.128345)
(4.28249e-11 -2.43895e-10 0.110014)
(7.71866e-11 -1.19838e-10 0.0762192)
(3.36141e-11 -2.20361e-11 0.0515468)
(5.32521e-11 -2.95935e-11 0.075283)
(6.28715e-11 -7.27707e-11 0.0883867)
(4.24258e-11 -1.02183e-10 0.0883867)
(-5.70783e-12 -1.70735e-10 0.075283)
(-7.78092e-12 -5.7716e-11 0.0515468)
(1.00314e-11 -1.15129e-11 0.0188236)
(1.12355e-11 -1.72769e-11 0.0282041)
(9.6488e-12 -3.4027e-11 0.0334563)
(-8.40996e-13 -3.5999e-11 0.0334563)
(-1.93233e-11 -6.10827e-11 0.0282041)
(-2.1629e-11 -1.39591e-11 0.0188236)
(3.83993e-11 4.26561e-11 0.133458)
(1.16597e-10 7.11519e-11 0.190226)
(1.80677e-10 2.26892e-11 0.218242)
(1.85116e-10 -5.28958e-11 0.218242)
(1.49526e-10 -5.96945e-11 0.190226)
(2.36749e-11 -2.69768e-11 0.133458)
(3.33101e-11 4.06959e-11 0.127314)
(1.05327e-10 6.73181e-11 0.181475)
(1.6589e-10 2.32514e-11 0.208665)
(1.70953e-10 -4.58337e-11 0.208665)
(1.36151e-10 -4.7012e-11 0.181475)
(1.40234e-11 -1.88356e-11 0.127314)
(2.75714e-11 3.82646e-11 0.119292)
(9.14682e-11 6.28636e-11 0.170143)
(1.46824e-10 2.43022e-11 0.196151)
(1.53004e-10 -3.64022e-11 0.196151)
(1.19868e-10 -3.05512e-11 0.170143)
(5.76833e-12 -9.23644e-12 0.119292)
(2.03991e-11 3.51824e-11 0.108738)
(7.38491e-11 5.77534e-11 0.155356)
(1.2197e-10 2.60969e-11 0.17967)
(1.29182e-10 -2.3869e-11 0.17967)
(9.99726e-11 -1.01496e-11 0.155356)
(6.86279e-12 1.38308e-13 0.108738)
(1.20302e-11 3.11008e-11 0.0947722)
(5.28473e-11 5.17561e-11 0.135889)
(9.1736e-11 2.87299e-11 0.157764)
(1.00117e-10 -8.26644e-12 0.157764)
(7.94779e-11 1.06781e-11 0.135889)
(1.03463e-11 9.64944e-12 0.0947722)
(3.44697e-12 2.5605e-11 0.0762192)
(2.88614e-11 4.42492e-11 0.110014)
(5.63643e-11 3.15673e-11 0.128345)
(6.52642e-11 8.77134e-12 0.128345)
(5.64797e-11 3.35797e-11 0.110014)
(5.43238e-12 1.89808e-11 0.0762192)
(-3.46703e-12 1.80733e-11 0.0515468)
(6.30557e-12 3.37306e-11 0.075283)
(2.10211e-11 3.17076e-11 0.0883867)
(2.92897e-11 2.29871e-11 0.0883867)
(3.00629e-11 4.67192e-11 0.075283)
(1.48347e-11 1.71855e-11 0.0515468)
(-4.4199e-12 7.25103e-12 0.0188236)
(-5.04327e-12 1.58127e-11 0.0282041)
(-1.62622e-12 1.9694e-11 0.0334563)
(3.212e-12 1.94874e-11 0.0334563)
(9.01722e-12 3.07272e-11 0.0282041)
(8.31262e-12 9.97798e-12 0.0188236)
(3.51528e-11 5.0301e-11 0.133458)
(9.13534e-11 6.21043e-11 0.190226)
(1.29871e-10 3.63794e-11 0.218242)
(1.42975e-10 -9.23369e-12 0.218242)
(1.07128e-10 -6.99077e-11 0.190226)
(1.44781e-10 -6.84926e-11 0.133458)
(3.06761e-11 4.64069e-11 0.127314)
(8.19273e-11 5.86425e-11 0.181475)
(1.1889e-10 3.63458e-11 0.208665)
(1.31772e-10 -4.90524e-12 0.208665)
(1.00119e-10 -6.83403e-11 0.181475)
(1.42923e-10 -6.60944e-11 0.127314)
(2.56979e-11 4.15592e-11 0.119292)
(7.03738e-11 5.4125e-11 0.170143)
(1.04706e-10 3.60327e-11 0.196151)
(1.17058e-10 7.71651e-15 0.196151)
(9.12984e-11 -6.68523e-11 0.170143)
(1.38564e-10 -6.24909e-11 0.119292)
(1.97841e-11 3.55779e-11 0.108738)
(5.59699e-11 4.82355e-11 0.155356)
(8.65327e-11 3.51516e-11 0.17967)
(9.81126e-11 5.09778e-12 0.17967)
(7.88975e-11 -6.53239e-11 0.155356)
(1.19408e-10 -5.55767e-11 0.108738)
(1.32106e-11 2.83554e-11 0.0947722)
(3.95778e-11 4.05587e-11 0.135889)
(6.48122e-11 3.30579e-11 0.157764)
(7.50755e-11 9.88736e-12 0.157764)
(6.06451e-11 -6.00408e-11 0.135889)
(9.11644e-11 -4.58308e-11 0.0947722)
(6.003e-12 1.97702e-11 0.0762192)
(2.13788e-11 3.05603e-11 0.110014)
(3.91422e-11 2.86692e-11 0.128345)
(4.73804e-11 1.37685e-11 0.128345)
(3.63395e-11 -5.39667e-11 0.110014)
(6.16661e-11 -3.32711e-11 0.0762192)
(-3.78797e-13 1.04188e-11 0.0515468)
(4.79814e-12 1.80758e-11 0.075283)
(1.38192e-11 2.04336e-11 0.0883867)
(1.91803e-11 1.39392e-11 0.0883867)
(1.22242e-11 -3.9337e-11 0.075283)
(1.17759e-11 -1.1187e-11 0.0515468)
(-2.09202e-12 2.41613e-12 0.0188236)
(-2.5048e-12 4.98989e-12 0.0282041)
(-1.11322e-12 7.1308e-12 0.0334563)
(7.96432e-15 8.10232e-12 0.0334563)
(-3.19183e-12 -1.445e-11 0.0282041)
(-5.50244e-12 -8.95095e-13 0.0188236)
(-9.70698e-12 2.66687e-11 0.133458)
(6.37521e-12 5.83666e-11 0.190226)
(3.43061e-11 4.14461e-11 0.218242)
(3.2419e-11 9.46929e-12 0.218242)
(1.74783e-11 2.31715e-11 0.190226)
(-1.15273e-10 4.18256e-11 0.133458)
(-9.76456e-12 2.67129e-11 0.127314)
(6.05717e-12 5.69906e-11 0.181475)
(3.31808e-11 4.13606e-11 0.208665)
(3.22687e-11 1.12943e-11 0.208665)
(1.56043e-11 2.93306e-11 0.181475)
(-1.19046e-10 4.25408e-11 0.127314)
(-9.74901e-12 2.6501e-11 0.119292)
(6.19614e-12 5.50971e-11 0.170143)
(3.19897e-11 4.09534e-11 0.196151)
(3.21647e-11 1.35424e-11 0.196151)
(1.38021e-11 3.72474e-11 0.170143)
(-1.20533e-10 4.27966e-11 0.119292)
(-9.7628e-12 2.57698e-11 0.108738)
(6.09732e-12 5.22649e-11 0.155356)
(2.96689e-11 3.99468e-11 0.17967)
(3.08371e-11 1.61208e-11 0.17967)
(1.1657e-11 4.6866e-11 0.155356)
(-1.08151e-10 4.03868e-11 0.108738)
(-9.54463e-12 2.40749e-11 0.0947722)
(5.14001e-12 4.78352e-11 0.135889)
(2.54403e-11 3.7601e-11 0.157764)
(2.78037e-11 1.85479e-11 0.157764)
(1.12266e-11 5.37417e-11 0.135889)
(-8.49173e-11 3.5165e-11 0.0947722)
(-8.4459e-12 2.09501e-11 0.0762192)
(3.98628e-12 4.09314e-11 0.110014)
(1.98953e-11 3.30561e-11 0.128345)
(2.30284e-11 1.88159e-11 0.128345)
(1.46917e-11 5.85404e-11 0.110014)
(-5.64863e-11 2.59329e-11 0.0762192)
(-5.87358e-12 1.56232e-11 0.0515468)
(2.57759e-12 2.98924e-11 0.075283)
(1.26748e-11 2.47111e-11 0.0883867)
(1.64715e-11 1.53926e-11 0.0883867)
(1.57963e-11 4.93318e-11 0.075283)
(-5.39747e-12 5.72425e-12 0.0515468)
(-2.49315e-12 6.01167e-12 0.0188236)
(-8.43347e-13 1.1748e-11 0.0282041)
(2.40805e-12 9.89702e-12 0.0334563)
(4.80924e-12 5.62938e-12 0.0334563)
(8.10676e-12 2.11073e-11 0.0282041)
(7.49839e-12 -5.53925e-13 0.0188236)
(7.07528e-13 3.01549e-11 0.133458)
(8.86336e-12 4.23291e-11 0.190226)
(1.96207e-11 4.36837e-11 0.218242)
(2.18807e-11 2.83312e-11 0.218242)
(1.43978e-11 -9.62223e-13 0.190226)
(3.37046e-11 -4.35293e-11 0.133458)
(-7.56848e-13 2.78149e-11 0.127314)
(5.2945e-12 4.03135e-11 0.181475)
(1.51465e-11 4.32109e-11 0.208665)
(1.75398e-11 2.93319e-11 0.208665)
(1.13173e-11 -1.24993e-12 0.181475)
(3.33943e-11 -4.20369e-11 0.127314)
(-1.96715e-12 2.49638e-11 0.119292)
(1.61013e-12 3.76991e-11 0.170143)
(1.02569e-11 4.23399e-11 0.196151)
(1.32011e-11 3.03027e-11 0.196151)
(8.92574e-12 -2.01169e-12 0.170143)
(3.42984e-11 -4.02615e-11 0.119292)
(-3.15003e-12 2.14819e-11 0.108738)
(-1.75295e-12 3.42408e-11 0.155356)
(5.25951e-12 4.07265e-11 0.17967)
(9.15049e-12 3.06368e-11 0.17967)
(7.91561e-12 -3.70256e-12 0.155356)
(2.77489e-11 -3.6705e-11 0.108738)
(-3.93652e-12 1.73491e-11 0.0947722)
(-4.97791e-12 2.95507e-11 0.135889)
(2.71066e-13 3.77963e-11 0.157764)
(5.50752e-12 2.99016e-11 0.157764)
(5.42658e-12 -3.57905e-12 0.135889)
(1.9387e-11 -3.22823e-11 0.0947722)
(-4.66027e-12 1.24567e-11 0.0762192)
(-7.30907e-12 2.32618e-11 0.110014)
(-4.69131e-12 3.26373e-11 0.128345)
(2.16685e-12 2.74868e-11 0.128345)
(3.54081e-12 -6.1458e-12 0.110014)
(1.93274e-11 -2.80722e-11 0.0762192)
(-4.62496e-12 6.96607e-12 0.0515468)
(-7.85118e-12 1.48382e-11 0.075283)
(-6.79303e-12 2.38371e-11 0.0883867)
(7.99698e-14 2.08051e-11 0.0883867)
(4.0964e-12 -7.03525e-12 0.075283)
(2.59957e-12 -1.55092e-11 0.0515468)
(-1.93534e-12 1.98084e-12 0.0188236)
(-3.3939e-12 4.9039e-12 0.0282041)
(-3.23683e-12 9.45634e-12 0.0334563)
(-4.05764e-13 8.76392e-12 0.0334563)
(8.96648e-13 -3.0096e-12 0.0282041)
(-2.57545e-12 -4.42789e-12 0.0188236)
(2.30986e-11 -2.2323e-11 0.133458)
(3.21106e-11 4.79971e-12 0.190226)
(3.4926e-11 5.67112e-11 0.218242)
(1.31792e-11 7.57689e-11 0.218242)
(2.0132e-11 1.56628e-10 0.190226)
(-1.79189e-10 6.15484e-11 0.133458)
(2.10719e-11 -2.3573e-11 0.127314)
(2.68026e-11 1.29981e-12 0.181475)
(2.65209e-11 5.59205e-11 0.208665)
(5.83117e-12 7.74165e-11 0.208665)
(1.06962e-11 1.65645e-10 0.181475)
(-1.86421e-10 6.58537e-11 0.127314)
(2.00336e-11 -2.46868e-11 0.119292)
(2.22858e-11 -2.6206e-12 0.170143)
(1.81297e-11 5.45325e-11 0.196151)
(2.33294e-13 7.91684e-11 0.196151)
(2.84077e-12 1.7606e-10 0.170143)
(-1.88861e-10 6.92858e-11 0.119292)
(1.9343e-11 -2.53192e-11 0.108738)
(1.80325e-11 -6.62404e-12 0.155356)
(9.47693e-12 5.21301e-11 0.17967)
(-4.25843e-12 7.98717e-11 0.17967)
(-9.72539e-13 1.86343e-10 0.155356)
(-1.74455e-10 6.91948e-11 0.108738)
(1.83258e-11 -2.50295e-11 0.0947722)
(1.39817e-11 -1.04038e-11 0.135889)
(2.2398e-12 4.80082e-11 0.157764)
(-5.60373e-12 7.81741e-11 0.157764)
(4.13625e-13 1.90618e-10 0.135889)
(-1.39609e-10 6.29139e-11 0.0947722)
(1.56534e-11 -2.32515e-11 0.0762192)
(8.02092e-12 -1.34237e-11 0.110014)
(-5.47085e-12 4.066e-11 0.128345)
(-5.11483e-12 7.00768e-11 0.128345)
(1.22134e-11 1.81867e-10 0.110014)
(-8.08594e-11 4.54378e-11 0.0762192)
(1.0336e-11 -1.85644e-11 0.0515468)
(9.3943e-13 -1.404e-11 0.075283)
(-1.11608e-11 2.83404e-11 0.0883867)
(-3.86272e-12 5.01489e-11 0.0883867)
(2.43851e-11 1.40117e-10 0.075283)
(-3.04172e-12 1.45383e-11 0.0515468)
(4.13308e-12 -7.71266e-12 0.0188236)
(5.62522e-13 -6.98871e-12 0.0282041)
(-3.94993e-12 1.03784e-11 0.0334563)
(1.52248e-12 1.44134e-11 0.0334563)
(1.79373e-11 5.61865e-11 0.0282041)
(1.35975e-11 2.21204e-12 0.0188236)
(3.52797e-11 5.64351e-12 0.133458)
(6.56232e-11 -3.58229e-11 0.190226)
(7.18259e-11 -7.4055e-11 0.218242)
(7.93604e-11 -1.22578e-10 0.218242)
(5.98633e-11 -2.10672e-10 0.190226)
(2.208e-10 -2.12974e-10 0.133458)
(3.1291e-11 3.42577e-12 0.127314)
(5.9401e-11 -3.73401e-11 0.181475)
(6.60194e-11 -7.75919e-11 0.208665)
(7.20787e-11 -1.27402e-10 0.208665)
(5.27615e-11 -2.20335e-10 0.181475)
(2.18267e-10 -2.09753e-10 0.127314)
(2.73538e-11 9.54124e-13 0.119292)
(5.25826e-11 -3.91132e-11 0.170143)
(5.95781e-11 -8.16065e-11 0.196151)
(6.22781e-11 -1.32831e-10 0.196151)
(4.24852e-11 -2.31088e-10 0.170143)
(2.10233e-10 -2.03818e-10 0.119292)
(2.30876e-11 -1.53899e-12 0.108738)
(4.50826e-11 -4.07599e-11 0.155356)
(5.19243e-11 -8.55864e-11 0.17967)
(4.94866e-11 -1.37817e-10 0.17967)
(2.79029e-11 -2.41825e-10 0.155356)
(1.85684e-10 -1.91879e-10 0.108738)
(1.82852e-11 -3.74293e-12 0.0947722)
(3.65582e-11 -4.15056e-11 0.135889)
(4.24737e-11 -8.81825e-11 0.157764)
(3.32696e-11 -1.40389e-10 0.157764)
(8.56052e-12 -2.45983e-10 0.135889)
(1.38105e-10 -1.6975e-10 0.0947722)
(1.16905e-11 -5.60392e-12 0.0762192)
(2.49698e-11 -4.01115e-11 0.110014)
(2.87148e-11 -8.62857e-11 0.128345)
(1.23689e-11 -1.34955e-10 0.128345)
(-2.0306e-11 -2.35165e-10 0.110014)
(6.5136e-11 -1.29694e-10 0.0762192)
(4.1162e-12 -6.39522e-12 0.0515468)
(1.19697e-11 -3.35271e-11 0.075283)
(1.17587e-11 -7.31672e-11 0.0883867)
(-8.0321e-12 -1.10587e-10 0.0883867)
(-4.52364e-11 -1.84924e-10 0.075283)
(-2.33955e-11 -6.7573e-11 0.0515468)
(5.63628e-14 -3.05568e-12 0.0188236)
(2.92933e-12 -1.52547e-11 0.0282041)
(1.76651e-12 -3.51595e-11 0.0334563)
(-9.5779e-12 -4.91888e-11 0.0334563)
(-2.99616e-11 -8.00691e-11 0.0282041)
(-2.8002e-11 -2.1148e-11 0.0188236)
(-1.34292e-11 5.94665e-11 0.133458)
(4.54188e-12 4.03526e-11 0.190226)
(1.43483e-11 1.8217e-11 0.218242)
(1.55524e-11 -4.64643e-12 0.218242)
(6.31657e-12 -2.32947e-11 0.190226)
(-3.36999e-11 -3.08373e-11 0.133458)
(-1.49213e-11 5.74605e-11 0.127314)
(2.02706e-12 4.08855e-11 0.181475)
(1.205e-11 1.96593e-11 0.208665)
(1.39736e-11 -2.06937e-12 0.208665)
(7.41002e-12 -2.04076e-11 0.181475)
(-3.9395e-11 -2.66701e-11 0.127314)
(-1.61383e-11 5.46637e-11 0.119292)
(-4.29146e-14 4.12271e-11 0.170143)
(1.02537e-11 2.15435e-11 0.196151)
(1.31735e-11 1.14032e-12 0.196151)
(9.67034e-12 -1.5544e-11 0.170143)
(-4.32367e-11 -2.14437e-11 0.119292)
(-1.71833e-11 5.07011e-11 0.108738)
(-2.19708e-12 4.11524e-11 0.155356)
(8.57894e-12 2.3969e-11 0.17967)
(1.31791e-11 5.43805e-12 0.17967)
(1.16996e-11 -7.93132e-12 0.155356)
(-3.51907e-11 -1.66518e-11 0.108738)
(-1.77721e-11 4.50966e-11 0.0947722)
(-4.42201e-12 4.00908e-11 0.135889)
(6.7738e-12 2.68712e-11 0.157764)
(1.32201e-11 1.11756e-11 0.157764)
(1.48875e-11 -1.45523e-13 0.135889)
(-2.37337e-11 -1.08436e-11 0.0947722)
(-1.78637e-11 3.69407e-11 0.0762192)
(-7.48403e-12 3.68961e-11 0.110014)
(3.47273e-12 2.9482e-11 0.128345)
(1.15955e-11 1.80878e-11 0.128345)
(1.63991e-11 1.28632e-11 0.110014)
(-2.25324e-11 -2.32136e-12 0.0762192)
(-1.60222e-11 2.52368e-11 0.0515468)
(-9.52601e-12 2.92145e-11 0.075283)
(-1.00762e-12 2.91514e-11 0.0883867)
(7.82768e-12 2.42476e-11 0.0883867)
(1.28914e-11 2.37424e-11 0.075283)
(-3.69517e-12 -1.13659e-12 0.0515468)
(-7.25317e-12 9.62535e-12 0.0188236)
(-5.41191e-12 1.35774e-11 0.0282041)
(-1.71593e-12 1.75726e-11 0.0334563)
(3.47218e-12 1.80406e-11 0.0334563)
(7.13238e-12 1.87757e-11 0.0282041)
(2.82602e-12 1.17811e-12 0.0188236)
(-3.34696e-11 1.24662e-11 0.133458)
(-4.50376e-11 1.28283e-11 0.190226)
(-3.41829e-11 -3.01664e-11 0.218242)
(-1.65636e-11 -6.78381e-11 0.218242)
(-9.39363e-12 -1.16232e-10 0.190226)
(1.11578e-10 -7.7973e-11 0.133458)
(-3.2609e-11 1.33762e-11 0.127314)
(-4.30088e-11 1.39088e-11 0.181475)
(-3.17473e-11 -3.07989e-11 0.208665)
(-1.55052e-11 -6.97345e-11 0.208665)
(-1.06901e-11 -1.21125e-10 0.181475)
(1.12545e-10 -7.71754e-11 0.127314)
(-3.08065e-11 1.42378e-11 0.119292)
(-3.8266e-11 1.49468e-11 0.170143)
(-2.61306e-11 -3.14042e-11 0.196151)
(-1.22794e-11 -7.14074e-11 0.196151)
(-1.15223e-11 -1.26562e-10 0.170143)
(1.11152e-10 -7.53746e-11 0.119292)
(-2.7433e-11 1.48528e-11 0.108738)
(-3.07107e-11 1.5644e-11 0.155356)
(-1.75396e-11 -3.17865e-11 0.17967)
(-7.41054e-12 -7.21363e-11 0.17967)
(-1.22225e-11 -1.31316e-10 0.155356)
(9.40092e-11 -6.99442e-11 0.108738)
(-2.29385e-11 1.48612e-11 0.0947722)
(-2.21155e-11 1.54714e-11 0.135889)
(-8.63453e-12 -3.1652e-11 0.157764)
(-3.60318e-12 -7.07877e-11 0.157764)
(-1.50609e-11 -1.29624e-10 0.135889)
(6.8899e-11 -6.11826e-11 0.0947722)
(-1.63895e-11 1.38444e-11 0.0762192)
(-1.14861e-11 1.41062e-11 0.110014)
(8.81851e-13 -3.0044e-11 0.128345)
(-5.10636e-13 -6.45773e-11 0.128345)
(-1.98454e-11 -1.22265e-10 0.110014)
(4.48086e-11 -4.84521e-11 0.0762192)
(-8.32982e-12 1.09813e-11 0.0515468)
(-9.91079e-13 1.06193e-11 0.075283)
(7.99286e-12 -2.50255e-11 0.0883867)
(1.25462e-12 -5.03755e-11 0.0883867)
(-2.05221e-11 -9.55758e-11 0.075283)
(-6.99158e-13 -2.26615e-11 0.0515468)
(-2.06969e-12 4.11217e-12 0.0188236)
(6.86593e-13 3.1914e-12 0.0282041)
(3.71588e-12 -1.29625e-11 0.0334563)
(-8.95454e-13 -2.07881e-11 0.0334563)
(-1.21317e-11 -3.97559e-11 0.0282041)
(-9.37785e-12 -5.81953e-12 0.0188236)
(-3.50382e-12 4.55244e-11 0.133458)
(7.96412e-13 5.17442e-11 0.190226)
(8.91674e-12 5.47263e-11 0.218242)
(6.9569e-12 5.17254e-11 0.218242)
(9.11386e-12 6.70313e-11 0.190226)
(-9.04114e-11 5.23826e-11 0.133458)
(-4.01764e-12 4.30101e-11 0.127314)
(4.91971e-14 5.05819e-11 0.181475)
(7.89721e-12 5.61193e-11 0.208665)
(7.35376e-12 5.52477e-11 0.208665)
(1.14155e-11 7.28174e-11 0.181475)
(-9.44447e-11 5.40901e-11 0.127314)
(-4.94277e-12 3.97314e-11 0.119292)
(-1.58696e-12 4.87935e-11 0.170143)
(5.47294e-12 5.7408e-11 0.196151)
(7.35929e-12 5.89773e-11 0.196151)
(1.41106e-11 8.01126e-11 0.170143)
(-9.63062e-11 5.55232e-11 0.119292)
(-6.07951e-12 3.54593e-11 0.108738)
(-3.92893e-12 4.6027e-11 0.155356)
(2.30886e-12 5.82037e-11 0.17967)
(7.47346e-12 6.25668e-11 0.17967)
(1.66044e-11 8.86854e-11 0.155356)
(-8.3715e-11 5.42073e-11 0.108738)
(-7.09877e-12 3.00088e-11 0.0947722)
(-6.06093e-12 4.18034e-11 0.135889)
(-7.64327e-13 5.76994e-11 0.157764)
(8.02354e-12 6.50226e-11 0.157764)
(2.0422e-11 9.3554e-11 0.135889)
(-6.20251e-11 5.01223e-11 0.0947722)
(-7.957e-12 2.30163e-11 0.0762192)
(-7.96522e-12 3.52223e-11 0.110014)
(-3.61851e-12 5.43128e-11 0.128345)
(8.79831e-12 6.36899e-11 0.128345)
(2.46587e-11 9.56729e-11 0.110014)
(-4.06409e-11 4.23129e-11 0.0762192)
(-7.48057e-12 1.44676e-11 0.0515468)
(-8.47636e-12 2.50379e-11 0.075283)
(-5.10921e-12 4.44571e-11 0.0883867)
(8.16542e-12 5.4299e-11 0.0883867)
(2.40907e-11 8.10143e-11 0.075283)
(2.17217e-12 2.11238e-11 0.0515468)
(-3.33419e-12 4.83816e-12 0.0188236)
(-4.05175e-12 9.96003e-12 0.0282041)
(-2.63632e-12 2.12529e-11 0.0334563)
(4.14859e-12 2.58636e-11 0.0334563)
(1.32405e-11 3.73331e-11 0.0282041)
(9.78094e-12 6.7232e-12 0.0188236)
(-2.54361e-11 -1.2197e-11 0.133458)
(-4.145e-11 -4.60075e-12 0.190226)
(-3.76772e-11 -2.93742e-11 0.218242)
(-2.39817e-11 -5.26008e-11 0.218242)
(-1.64706e-11 -8.90244e-11 0.190226)
(8.52441e-11 -5.13147e-11 0.133458)
(-2.40016e-11 -1.06942e-11 0.127314)
(-3.83561e-11 -4.45628e-12 0.181475)
(-3.41493e-11 -3.12118e-11 0.208665)
(-2.16729e-11 -5.58138e-11 0.208665)
(-1.71404e-11 -9.47542e-11 0.181475)
(8.72622e-11 -5.28206e-11 0.127314)
(-2.19262e-11 -8.93884e-12 0.119292)
(-3.30982e-11 -4.31278e-12 0.170143)
(-2.77946e-11 -3.33717e-11 0.196151)
(-1.79281e-11 -5.93135e-11 0.196151)
(-1.79011e-11 -1.01641e-10 0.170143)
(8.72068e-11 -5.39487e-11 0.119292)
(-1.86486e-11 -6.93113e-12 0.108738)
(-2.58295e-11 -4.28508e-12 0.155356)
(-1.90236e-11 -3.57012e-11 0.17967)
(-1.31271e-11 -6.26643e-11 0.17967)
(-1.84361e-11 -1.08865e-10 0.155356)
(7.27221e-11 -5.23039e-11 0.108738)
(-1.45463e-11 -4.74636e-12 0.0947722)
(-1.74023e-11 -4.41724e-12 0.135889)
(-1.00142e-11 -3.78339e-11 0.157764)
(-8.95704e-12 -6.50146e-11 0.157764)
(-2.08398e-11 -1.11446e-10 0.135889)
(5.17802e-11 -4.82248e-11 0.0947722)
(-8.89856e-12 -2.35444e-12 0.0762192)
(-6.74703e-12 -4.29403e-12 0.110014)
(2.7198e-13 -3.83553e-11 0.128345)
(-4.77327e-12 -6.37252e-11 0.128345)
(-2.39553e-11 -1.10083e-10 0.110014)
(3.32761e-11 -4.10436e-11 0.0762192)
(-2.52387e-12 -4.59327e-14 0.0515468)
(3.17347e-12 -3.6418e-12 0.075283)
(8.56895e-12 -3.40925e-11 0.0883867)
(-1.25331e-12 -5.43673e-11 0.0883867)
(-2.27341e-11 -9.12461e-11 0.075283)
(-3.90389e-12 -2.15998e-11 0.0515468)
(2.40851e-13 1.19112e-13 0.0188236)
(2.79625e-12 -2.84964e-12 0.0282041)
(4.42407e-12 -1.84138e-11 0.0334563)
(-1.64834e-12 -2.55249e-11 0.0334563)
(-1.29957e-11 -4.14756e-11 0.0282041)
(-9.34524e-12 -7.10328e-12 0.0188236)
(-1.26625e-11 3.69801e-11 0.133458)
(-1.56022e-11 4.02217e-11 0.190226)
(-1.29099e-11 4.0189e-11 0.218242)
(-1.85464e-11 3.82274e-11 0.218242)
(-1.82462e-11 5.39456e-11 0.190226)
(-1.20158e-10 5.07782e-11 0.133458)
(-1.22432e-11 3.56533e-11 0.127314)
(-1.44338e-11 3.96055e-11 0.181475)
(-1.14263e-11 4.10598e-11 0.208665)
(-1.58051e-11 4.06182e-11 0.208665)
(-1.39479e-11 5.90415e-11 0.181475)
(-1.22867e-10 5.13587e-11 0.127314)
(-1.23458e-11 3.38086e-11 0.119292)
(-1.3832e-11 3.86281e-11 0.170143)
(-1.09691e-11 4.18765e-11 0.196151)
(-1.30601e-11 4.30713e-11 0.196151)
(-8.8471e-12 6.55775e-11 0.170143)
(-1.23961e-10 5.15912e-11 0.119292)
(-1.25946e-11 3.12092e-11 0.108738)
(-1.33445e-11 3.70354e-11 0.155356)
(-1.03591e-11 4.23802e-11 0.17967)
(-9.45232e-12 4.54619e-11 0.17967)
(-3.59841e-12 7.36382e-11 0.155356)
(-1.11477e-10 4.92374e-11 0.108738)
(-1.24547e-11 2.7585e-11 0.0947722)
(-1.26703e-11 3.43841e-11 0.135889)
(-9.14288e-12 4.21023e-11 0.157764)
(-5.08059e-12 4.72057e-11 0.157764)
(3.26078e-12 7.89327e-11 0.135889)
(-8.74137e-11 4.38736e-11 0.0947722)
(-1.126e-11 2.26334e-11 0.0762192)
(-1.05428e-11 3.01025e-11 0.110014)
(-6.82687e-12 3.99953e-11 0.128345)
(8.38276e-13 4.64174e-11 0.128345)
(1.22506e-11 8.17855e-11 0.110014)
(-5.77234e-11 3.40722e-11 0.0762192)
(-8.44557e-12 1.57123e-11 0.0515468)
(-6.64292e-12 2.27413e-11 0.075283)
(-3.09163e-12 3.35374e-11 0.0883867)
(6.53956e-12 4.00097e-11 0.0883867)
(1.83698e-11 6.9058e-11 0.075283)
(-6.03266e-12 1.2567e-11 0.0515468)
(-3.71211e-12 5.71889e-12 0.0188236)
(-2.90045e-12 9.23766e-12 0.0282041)
(-1.21656e-12 1.65421e-11 0.0334563)
(4.09542e-12 1.95487e-11 0.0334563)
(1.14309e-11 3.18894e-11 0.0282041)
(7.54587e-12 2.7184e-12 0.0188236)
(6.83292e-12 -4.31895e-11 0.133458)
(-3.05304e-12 -3.81891e-11 0.190226)
(-4.81048e-12 -5.0482e-11 0.218242)
(6.72219e-12 -5.7037e-11 0.218242)
(1.2829e-11 -7.81013e-11 0.190226)
(1.11915e-10 -3.00317e-11 0.133458)
(8.91593e-12 -4.15869e-11 0.127314)
(8.72845e-13 -3.87924e-11 0.181475)
(-4.42639e-13 -5.26227e-11 0.208665)
(9.44349e-12 -5.98383e-11 0.208665)
(1.24708e-11 -8.25008e-11 0.181475)
(1.15049e-10 -3.17873e-11 0.127314)
(1.07005e-11 -3.95497e-11 0.119292)
(4.61929e-12 -3.9287e-11 0.170143)
(3.46458e-12 -5.49426e-11 0.196151)
(1.03956e-11 -6.26404e-11 0.196151)
(9.74972e-12 -8.79226e-11 0.170143)
(1.15506e-10 -3.33061e-11 0.119292)
(1.19796e-11 -3.6889e-11 0.108738)
(7.60066e-12 -3.94966e-11 0.155356)
(6.21647e-12 -5.70462e-11 0.17967)
(8.95187e-12 -6.49778e-11 0.17967)
(4.72801e-12 -9.37487e-11 0.155356)
(1.01292e-10 -3.24606e-11 0.108738)
(1.30604e-11 -3.32242e-11 0.0947722)
(1.01602e-11 -3.88753e-11 0.135889)
(7.9918e-12 -5.81502e-11 0.157764)
(5.61526e-12 -6.58604e-11 0.157764)
(-2.72983e-12 -9.58763e-11 0.135889)
(7.81245e-11 -2.93601e-11 0.0947722)
(1.35358e-11 -2.77834e-11 0.0762192)
(1.2114e-11 -3.61074e-11 0.110014)
(9.11097e-12 -5.63174e-11 0.128345)
(8.55701e-13 -6.28474e-11 0.128345)
(-1.17873e-11 -9.44938e-11 0.110014)
(5.19476e-11 -2.31179e-11 0.0762192)
(1.22312e-11 -1.96052e-11 0.0515468)
(1.2342e-11 -2.89692e-11 0.075283)
(8.92868e-12 -4.7439e-11 0.0883867)
(-3.29287e-12 -5.1935e-11 0.0883867)
(-1.77852e-11 -7.74808e-11 0.075283)
(7.82667e-12 -7.38933e-12 0.0515468)
(5.74659e-12 -8.03197e-12 0.0188236)
(5.64094e-12 -1.35604e-11 0.0282041)
(3.70923e-12 -2.3384e-11 0.0334563)
(-3.21041e-12 -2.36623e-11 0.0334563)
(-1.16443e-11 -3.52506e-11 0.0282041)
(-4.98443e-12 -1.30384e-12 0.0188236)
(3.23028e-12 -9.73403e-12 0.133458)
(2.14095e-14 -6.1996e-12 0.190226)
(-9.07251e-12 1.84218e-11 0.218242)
(-1.98799e-11 4.07231e-11 0.218242)
(-1.8998e-11 7.75793e-11 0.190226)
(-1.16869e-10 6.20578e-11 0.133458)
(2.30424e-12 -9.62787e-12 0.127314)
(-2.75413e-12 -5.62781e-12 0.181475)
(-1.24394e-11 2.06475e-11 0.208665)
(-2.20271e-11 4.4112e-11 0.208665)
(-1.87392e-11 8.31177e-11 0.181475)
(-1.21542e-10 6.33029e-11 0.127314)
(1.50959e-12 -9.26048e-12 0.119292)
(-5.70996e-12 -4.63198e-12 0.170143)
(-1.62167e-11 2.34027e-11 0.196151)
(-2.33727e-11 4.78434e-11 0.196151)
(-1.70002e-11 9.01066e-11 0.170143)
(-1.23216e-10 6.39976e-11 0.119292)
(8.3474e-13 -8.47928e-12 0.108738)
(-8.7096e-12 -2.98487e-12 0.155356)
(-1.94535e-11 2.66596e-11 0.17967)
(-2.29889e-11 5.17225e-11 0.17967)
(-1.36687e-11 9.79313e-11 0.155356)
(-1.09996e-10 6.16801e-11 0.108738)
(1.64563e-13 -7.10543e-12 0.0947722)
(-1.10494e-11 -5.25893e-13 0.135889)
(-2.10955e-11 3.01659e-11 0.157764)
(-2.02686e-11 5.48655e-11 0.157764)
(-6.76026e-12 1.02135e-10 0.135889)
(-8.56362e-11 5.57922e-11 0.0947722)
(-9.55823e-13 -5.17364e-12 0.0762192)
(-1.29368e-11 2.55089e-12 0.110014)
(-2.11999e-11 3.27526e-11 0.128345)
(-1.53976e-11 5.50452e-11 0.128345)
(2.74402e-12 1.02187e-10 0.110014)
(-5.56273e-11 4.46987e-11 0.0762192)
(-2.14359e-12 -2.82891e-12 0.0515468)
(-1.28771e-11 5.23397e-12 0.075283)
(-1.82007e-11 3.13692e-11 0.0883867)
(-8.69625e-12 4.81481e-11 0.0883867)
(1.0211e-11 8.45986e-11 0.075283)
(-7.21049e-12 2.16191e-11 0.0515468)
(-1.30061e-12 -1.29039e-13 0.0188236)
(-5.5733e-12 5.26647e-12 0.0282041)
(-6.65651e-12 1.82577e-11 0.0334563)
(-8.96752e-13 2.34203e-11 0.0334563)
(9.05776e-12 3.7954e-11 0.0282041)
(6.73252e-12 6.45828e-12 0.0188236)
(-3.24513e-11 5.08812e-11 0.133458)
(-3.29944e-11 4.78488e-11 0.190226)
(-1.98431e-11 3.50566e-11 0.218242)
(8.75432e-12 2.75344e-11 0.218242)
(3.2316e-11 4.43653e-12 0.190226)
(1.40399e-10 4.24856e-11 0.133458)
(-3.13229e-11 5.03691e-11 0.127314)
(-2.99519e-11 4.83059e-11 0.181475)
(-1.5218e-11 3.3808e-11 0.208665)
(1.28447e-11 2.44365e-11 0.208665)
(3.36583e-11 -1.75065e-12 0.181475)
(1.44107e-10 3.79386e-11 0.127314)
(-3.02527e-11 4.93073e-11 0.119292)
(-2.62006e-11 4.83809e-11 0.170143)
(-9.66803e-12 3.20523e-11 0.196151)
(1.64766e-11 2.0757e-11 0.196151)
(3.34731e-11 -9.83757e-12 0.170143)
(1.45228e-10 3.27443e-11 0.119292)
(-2.89815e-11 4.72512e-11 0.108738)
(-2.19844e-11 4.75725e-11 0.155356)
(-4.07523e-12 2.96075e-11 0.17967)
(1.86779e-11 1.64351e-11 0.17967)
(3.13042e-11 -1.96907e-11 0.155356)
(1.32155e-10 2.85322e-11 0.108738)
(-2.69751e-11 4.35741e-11 0.0947722)
(-1.76193e-11 4.50793e-11 0.135889)
(6.34043e-13 2.60601e-11 0.157764)
(1.85674e-11 1.1442e-11 0.157764)
(2.54448e-11 -2.81266e-11 0.135889)
(1.0905e-10 2.47488e-11 0.0947722)
(-2.34789e-11 3.73478e-11 0.0762192)
(-1.23177e-11 3.97786e-11 0.110014)
(4.75452e-12 2.09197e-11 0.128345)
(1.57961e-11 6.26602e-12 0.128345)
(1.5806e-11 -3.64025e-11 0.110014)
(8.02999e-11 2.14965e-11 0.0762192)
(-1.70466e-11 2.71585e-11 0.0515468)
(-6.18836e-12 2.96191e-11 0.075283)
(6.80168e-12 1.36247e-11 0.0883867)
(1.06387e-11 1.30372e-12 0.0883867)
(5.29542e-12 -3.5039e-11 0.075283)
(3.07415e-11 2.32046e-11 0.0515468)
(-6.84124e-12 1.04896e-11 0.0188236)
(-2.49575e-12 1.14004e-11 0.0282041)
(2.45087e-12 3.63957e-12 0.0334563)
(2.44696e-12 -5.51274e-13 0.0334563)
(-2.08655e-12 -1.78227e-11 0.0282041)
(4.67144e-12 1.02604e-11 0.0188236)
(-1.05895e-11 -8.76222e-12 0.133458)
(-2.91054e-11 2.34358e-11 0.190226)
(-3.28563e-11 4.95896e-11 0.218242)
(-3.56454e-11 7.26247e-11 0.218242)
(-2.91808e-11 1.0195e-10 0.190226)
(-1.19236e-10 1.069e-10 0.133458)
(-9.82447e-12 -8.9251e-12 0.127314)
(-2.83672e-11 2.22673e-11 0.181475)
(-3.28186e-11 4.90065e-11 0.208665)
(-3.48463e-11 7.24152e-11 0.208665)
(-2.72694e-11 1.03388e-10 0.181475)
(-1.22628e-10 1.03576e-10 0.127314)
(-8.61978e-12 -9.05858e-12 0.119292)
(-2.68953e-11 2.0788e-11 0.170143)
(-3.22998e-11 4.79653e-11 0.196151)
(-3.26306e-11 7.15076e-11 0.196151)
(-2.34792e-11 1.05099e-10 0.170143)
(-1.2331e-10 9.86349e-11 0.119292)
(-6.74366e-12 -9.07964e-12 0.108738)
(-2.43803e-11 1.88796e-11 0.155356)
(-3.04033e-11 4.60477e-11 0.17967)
(-2.82112e-11 6.93743e-11 0.17967)
(-1.80377e-11 1.06405e-10 0.155356)
(-1.09928e-10 8.95805e-11 0.108738)
(-4.3676e-12 -8.87719e-12 0.0947722)
(-2.04706e-11 1.6286e-11 0.135889)
(-2.66507e-11 4.26064e-11 0.157764)
(-2.19334e-11 6.49568e-11 0.157764)
(-9.98704e-12 1.03115e-10 0.135889)
(-8.56349e-11 7.58109e-11 0.0947722)
(-1.64089e-12 -8.23589e-12 0.0762192)
(-1.5546e-11 1.27416e-11 0.110014)
(-2.09598e-11 3.65703e-11 0.128345)
(-1.38268e-11 5.62909e-11 0.128345)
(2.4558e-13 9.51148e-11 0.110014)
(-5.46529e-11 5.58092e-11 0.0762192)
(9.30179e-13 -6.46329e-12 0.0515468)
(-9.46046e-12 8.02201e-12 0.075283)
(-1.34607e-11 2.64519e-11 0.0883867)
(-5.28098e-12 4.11631e-11 0.0883867)
(8.41012e-12 7.15332e-11 0.075283)
(-6.22476e-12 2.44555e-11 0.0515468)
(1.70824e-12 -2.95453e-12 0.0188236)
(-2.24592e-12 2.65636e-12 0.0282041)
(-3.43381e-12 1.04742e-11 0.0334563)
(4.86132e-13 1.54109e-11 0.0334563)
(7.47024e-12 2.77677e-11 0.0282041)
(6.69963e-12 4.91795e-12 0.0188236)
(3.72895e-11 -1.77459e-11 0.133458)
(4.98899e-11 -4.13204e-11 0.190226)
(4.37437e-11 -3.53103e-11 0.218242)
(4.96623e-11 -3.28579e-11 0.218242)
(4.74516e-11 -5.30028e-11 0.190226)
(1.32866e-10 -6.01166e-11 0.133458)
(3.58708e-11 -1.95827e-11 0.127314)
(4.72593e-11 -4.36545e-11 0.181475)
(4.091e-11 -3.83473e-11 0.208665)
(4.5139e-11 -3.63995e-11 0.208665)
(4.13189e-11 -5.8115e-11 0.181475)
(1.3266e-10 -5.92148e-11 0.127314)
(3.41962e-11 -2.14826e-11 0.119292)
(4.35018e-11 -4.61649e-11 0.170143)
(3.63096e-11 -4.1762e-11 0.196151)
(3.79401e-11 -4.01349e-11 0.196151)
(3.23126e-11 -6.4291e-11 0.170143)
(1.30841e-10 -5.77595e-11 0.119292)
(3.16213e-11 -2.31666e-11 0.108738)
(3.81003e-11 -4.84315e-11 0.155356)
(2.9301e-11 -4.52129e-11 0.17967)
(2.74507e-11 -4.38464e-11 0.17967)
(2.13878e-11 -7.16943e-11 0.155356)
(1.17092e-10 -5.38051e-11 0.108738)
(2.80567e-11 -2.4019e-11 0.0947722)
(3.16108e-11 -4.95763e-11 0.135889)
(2.14869e-11 -4.78885e-11 0.157764)
(1.58022e-11 -4.67833e-11 0.157764)
(8.41462e-12 -7.64827e-11 0.135889)
(9.14767e-11 -4.66629e-11 0.0947722)
(2.19643e-11 -2.33142e-11 0.0762192)
(2.25518e-11 -4.80617e-11 0.110014)
(1.13605e-11 -4.80622e-11 0.128345)
(1.70036e-12 -4.67943e-11 0.128345)
(-6.88548e-12 -7.8179e-11 0.110014)
(5.75582e-11 -3.44517e-11 0.0762192)
(1.34262e-11 -1.93595e-11 0.0515468)
(1.18196e-11 -4.02862e-11 0.075283)
(5.44457e-13 -4.16588e-11 0.0883867)
(-1.04254e-11 -4.02846e-11 0.0883867)
(-1.92276e-11 -6.43979e-11 0.075283)
(4.67821e-12 -1.18131e-11 0.0515468)
(4.73693e-12 -8.44916e-12 0.0188236)
(4.15919e-12 -1.84719e-11 0.0282041)
(-5.92757e-13 -2.02244e-11 0.0334563)
(-6.68685e-12 -1.93314e-11 0.0334563)
(-1.25319e-11 -2.9083e-11 0.0282041)
(-8.18626e-12 -2.06126e-12 0.0188236)
(4.25869e-12 -1.00793e-11 0.133458)
(8.34642e-12 6.30645e-12 0.190226)
(8.60644e-12 3.24152e-11 0.218242)
(1.06621e-12 5.54281e-11 0.218242)
(-8.4129e-13 9.00997e-11 0.190226)
(-8.94423e-11 8.24445e-11 0.133458)
(3.98898e-12 -9.45715e-12 0.127314)
(7.35354e-12 6.20036e-12 0.181475)
(7.24493e-12 3.301e-11 0.208665)
(6.92199e-13 5.67621e-11 0.208665)
(-8.80878e-14 9.33046e-11 0.181475)
(-9.35357e-11 8.17298e-11 0.127314)
(4.00315e-12 -8.63517e-12 0.119292)
(6.32055e-12 6.27085e-12 0.170143)
(5.81752e-12 3.3738e-11 0.196151)
(1.08549e-12 5.80724e-11 0.196151)
(2.18581e-12 9.74106e-11 0.170143)
(-9.47798e-11 8.00383e-11 0.119292)
(3.79731e-12 -7.53595e-12 0.108738)
(4.50816e-12 6.68758e-12 0.155356)
(3.63564e-12 3.45337e-11 0.17967)
(1.72155e-12 5.91091e-11 0.17967)
(5.02805e-12 1.01652e-10 0.155356)
(-8.1134e-11 7.48984e-11 0.108738)
(3.25234e-12 -6.14474e-12 0.0947722)
(2.40505e-12 7.47741e-12 0.135889)
(1.56975e-12 3.51366e-11 0.157764)
(3.05886e-12 5.9122e-11 0.157764)
(1.02632e-11 1.01651e-10 0.135889)
(-5.92554e-11 6.62588e-11 0.0947722)
(2.03739e-12 -4.49161e-12 0.0762192)
(-1.12779e-12 8.34568e-12 0.110014)
(-1.74743e-12 3.45665e-11 0.128345)
(3.95203e-12 5.59625e-11 0.128345)
(1.70411e-11 9.7902e-11 0.110014)
(-3.63482e-11 5.30349e-11 0.0762192)
(6.17602e-14 -2.57658e-12 0.0515468)
(-4.95226e-12 8.34674e-12 0.075283)
(-5.53502e-12 3.00876e-11 0.0883867)
(3.4989e-12 4.61553e-11 0.0883867)
(1.8884e-11 7.86279e-11 0.075283)
(3.83269e-12 2.74781e-11 0.0515468)
(-4.5165e-13 -3.43469e-13 0.0188236)
(-3.26242e-12 5.79988e-12 0.0282041)
(-2.96751e-12 1.5847e-11 0.0334563)
(2.50133e-12 2.10101e-11 0.0334563)
(1.11578e-11 3.39306e-11 0.0282041)
(1.00248e-11 8.31398e-12 0.0188236)
(1.68866e-11 1.94169e-11 0.133458)
(3.58364e-11 -4.60273e-12 0.190226)
(4.22169e-11 -2.09195e-11 0.218242)
(4.91568e-11 -3.89258e-11 0.218242)
(4.21858e-11 -7.3575e-11 0.190226)
(1.16456e-10 -7.66279e-11 0.133458)
(1.52452e-11 1.7786e-11 0.127314)
(3.35056e-11 -5.34342e-12 0.181475)
(4.01541e-11 -2.26196e-11 0.208665)
(4.60537e-11 -4.15827e-11 0.208665)
(3.74145e-11 -7.81704e-11 0.181475)
(1.16563e-10 -7.55062e-11 0.127314)
(1.33494e-11 1.57783e-11 0.119292)
(3.04176e-11 -6.34385e-12 0.170143)
(3.70342e-11 -2.46139e-11 0.196151)
(4.09637e-11 -4.43824e-11 0.196151)
(3.03873e-11 -8.37224e-11 0.170143)
(1.14585e-10 -7.36187e-11 0.119292)
(1.0855e-11 1.33311e-11 0.108738)
(2.61343e-11 -7.61809e-12 0.155356)
(3.22597e-11 -2.67032e-11 0.17967)
(3.35093e-11 -4.71215e-11 0.17967)
(2.15582e-11 -8.99405e-11 0.155356)
(9.9048e-11 -6.87241e-11 0.108738)
(8.0136e-12 1.04384e-11 0.0947722)
(2.09811e-11 -9.02789e-12 0.135889)
(2.59366e-11 -2.85685e-11 0.157764)
(2.41939e-11 -4.90291e-11 0.157764)
(9.6813e-12 -9.23387e-11 0.135889)
(7.42058e-11 -6.06275e-11 0.0947722)
(4.39906e-12 7.0055e-12 0.0762192)
(1.45803e-11 -1.02392e-11 0.110014)
(1.74467e-11 -2.92326e-11 0.128345)
(1.18693e-11 -4.79963e-11 0.128345)
(-4.63941e-12 -9.14063e-11 0.110014)
(4.70772e-11 -4.81007e-11 0.0762192)
(7.25234e-13 3.31211e-12 0.0515468)
(7.26439e-12 -1.02329e-11 0.075283)
(7.50718e-12 -2.61803e-11 0.0883867)
(-3.2376e-13 -4.1021e-11 0.0883867)
(-1.52973e-11 -7.47765e-11 0.075283)
(1.01824e-12 -2.3537e-11 0.0515468)
(-7.08785e-13 5.55315e-13 0.0188236)
(1.27476e-12 -5.94148e-12 0.0282041)
(5.4809e-13 -1.3855e-11 0.0334563)
(-4.09285e-12 -1.9618e-11 0.0334563)
(-1.19618e-11 -3.34973e-11 0.0282041)
(-9.22801e-12 -6.96248e-12 0.0188236)
(-1.82654e-11 6.63733e-12 0.133458)
(-2.48864e-11 3.28477e-11 0.190226)
(-2.00071e-11 4.38093e-11 0.218242)
(-2.64122e-11 5.28434e-11 0.218242)
(-2.6215e-11 7.77207e-11 0.190226)
(-1.18928e-10 8.12537e-11 0.133458)
(-1.74411e-11 7.42104e-12 0.127314)
(-2.37499e-11 3.31909e-11 0.181475)
(-1.88587e-11 4.47487e-11 0.208665)
(-2.39603e-11 5.43857e-11 0.208665)
(-2.27633e-11 8.11395e-11 0.181475)
(-1.21579e-10 7.98914e-11 0.127314)
(-1.63082e-11 8.20999e-12 0.119292)
(-2.17747e-11 3.34631e-11 0.170143)
(-1.69769e-11 4.56217e-11 0.196151)
(-1.99604e-11 5.58009e-11 0.196151)
(-1.71771e-11 8.55e-11 0.170143)
(-1.21557e-10 7.75594e-11 0.119292)
(-1.47253e-11 8.89322e-12 0.108738)
(-1.92188e-11 3.34419e-11 0.155356)
(-1.4379e-11 4.62059e-11 0.17967)
(-1.43201e-11 5.68045e-11 0.17967)
(-1.02087e-11 9.04698e-11 0.155356)
(-1.06623e-10 7.18659e-11 0.108738)
(-1.25876e-11 9.26388e-12 0.0947722)
(-1.60753e-11 3.26439e-11 0.135889)
(-1.11389e-11 4.58743e-11 0.157764)
(-7.3859e-12 5.66749e-11 0.157764)
(-7.67474e-13 9.16659e-11 0.135889)
(-8.11013e-11 6.25634e-11 0.0947722)
(-9.55549e-12 8.97214e-12 0.0762192)
(-1.23212e-11 3.02247e-11 0.110014)
(-7.27373e-12 4.33755e-11 0.128345)
(5.28032e-13 5.33843e-11 0.128345)
(1.1048e-11 8.97668e-11 0.110014)
(-5.13584e-11 4.83305e-11 0.0762192)
(-5.90083e-12 7.4065e-12 0.0515468)
(-8.05823e-12 2.43002e-11 0.075283)
(-3.07471e-12 3.58005e-11 0.0883867)
(6.5769e-12 4.3831e-11 0.0883867)
(1.85755e-11 7.23523e-11 0.075283)
(-1.10157e-12 2.16049e-11 0.0515468)
(-1.9235e-12 3.21625e-12 0.0188236)
(-3.35334e-12 1.11705e-11 0.0282041)
(-5.24666e-13 1.71034e-11 0.0334563)
(4.81987e-12 1.9995e-11 0.0334563)
(1.19923e-11 3.14595e-11 0.0282041)
(9.90636e-12 5.51522e-12 0.0188236)
(2.60783e-11 -3.12944e-12 0.133458)
(4.10225e-11 -2.15082e-11 0.190226)
(4.28077e-11 -3.25479e-11 0.218242)
(4.77426e-11 -4.52294e-11 0.218242)
(4.19381e-11 -7.00237e-11 0.190226)
(1.08286e-10 -6.44451e-11 0.133458)
(2.50594e-11 -4.54081e-12 0.127314)
(3.9723e-11 -2.30419e-11 0.181475)
(4.15126e-11 -3.45441e-11 0.208665)
(4.50821e-11 -4.75152e-11 0.208665)
(3.74852e-11 -7.34071e-11 0.181475)
(1.09024e-10 -6.33905e-11 0.127314)
(2.36492e-11 -6.14682e-12 0.119292)
(3.7079e-11 -2.48912e-11 0.170143)
(3.8421e-11 -3.6885e-11 0.196151)
(3.98385e-11 -4.98364e-11 0.196151)
(3.03416e-11 -7.76027e-11 0.170143)
(1.07897e-10 -6.1676e-11 0.119292)
(2.1501e-11 -7.84783e-12 0.108738)
(3.29913e-11 -2.68959e-11 0.155356)
(3.33258e-11 -3.93597e-11 0.17967)
(3.16579e-11 -5.19198e-11 0.17967)
(2.10662e-11 -8.23552e-11 0.155356)
(9.32397e-11 -5.71505e-11 0.108738)
(1.86967e-11 -9.35609e-12 0.0947722)
(2.79343e-11 -2.86038e-11 0.135889)
(2.66423e-11 -4.14087e-11 0.157764)
(2.19278e-11 -5.30477e-11 0.157764)
(9.31888e-12 -8.3518e-11 0.135889)
(7.02639e-11 -4.99751e-11 0.0947722)
(1.47376e-11 -1.02115e-11 0.0762192)
(2.12828e-11 -2.90448e-11 0.110014)
(1.82092e-11 -4.16361e-11 0.128345)
(9.73984e-12 -5.113e-11 0.128345)
(-4.20947e-12 -8.21459e-11 0.110014)
(4.60554e-11 -3.93611e-11 0.0762192)
(9.57496e-12 -9.34806e-12 0.0515468)
(1.33674e-11 -2.57276e-11 0.075283)
(8.87928e-12 -3.65429e-11 0.0883867)
(-1.29717e-12 -4.31789e-11 0.0883867)
(-1.40192e-11 -6.70728e-11 0.075283)
(2.84396e-12 -1.78858e-11 0.0515468)
(3.30127e-12 -4.75135e-12 0.0188236)
(4.4867e-12 -1.31663e-11 0.0282041)
(1.75867e-12 -1.87025e-11 0.0334563)
(-3.89913e-12 -2.06178e-11 0.0334563)
(-1.06657e-11 -3.00623e-11 0.0282041)
(-7.57506e-12 -4.7563e-12 0.0188236)
(-1.39322e-11 -5.49849e-12 0.133458)
(-1.90825e-11 1.94363e-11 0.190226)
(-1.63934e-11 3.43019e-11 0.218242)
(-2.45908e-11 4.87417e-11 0.218242)
(-2.58303e-11 8.20026e-11 0.190226)
(-1.26283e-10 8.92688e-11 0.133458)
(-1.29211e-11 -4.0547e-12 0.127314)
(-1.76795e-11 1.99975e-11 0.181475)
(-1.51227e-11 3.54895e-11 0.208665)
(-2.21759e-11 5.07141e-11 0.208665)
(-2.23871e-11 8.61881e-11 0.181475)
(-1.28448e-10 8.76591e-11 0.127314)
(-1.18444e-11 -2.38204e-12 0.119292)
(-1.59003e-11 2.07181e-11 0.170143)
(-1.35663e-11 3.67952e-11 0.196151)
(-1.83542e-11 5.26742e-11 0.196151)
(-1.69355e-11 9.13241e-11 0.170143)
(-1.27948e-10 8.49971e-11 0.119292)
(-1.05481e-11 -5.07626e-13 0.108738)
(-1.39596e-11 2.15551e-11 0.155356)
(-1.16656e-11 3.80589e-11 0.17967)
(-1.33276e-11 5.43256e-11 0.17967)
(-1.0415e-11 9.70582e-11 0.155356)
(-1.12885e-10 7.88333e-11 0.108738)
(-9.01597e-12 1.44763e-12 0.0947722)
(-1.19668e-11 2.22238e-11 0.135889)
(-9.02371e-12 3.88581e-11 0.157764)
(-7.14406e-12 5.49673e-11 0.157764)
(-1.27858e-12 9.88421e-11 0.135889)
(-8.64599e-11 6.86557e-11 0.0947722)
(-6.72647e-12 3.26089e-12 0.0762192)
(-9.48032e-12 2.2226e-11 0.110014)
(-5.80194e-12 3.80256e-11 0.128345)
(4.21971e-13 5.24728e-11 0.128345)
(1.0703e-11 9.66533e-11 0.110014)
(-5.41272e-11 5.27256e-11 0.0762192)
(-4.0615e-12 4.22198e-12 0.0515468)
(-6.57375e-12 1.96248e-11 0.075283)
(-2.37907e-12 3.2868e-11 0.0883867)
(6.53528e-12 4.35781e-11 0.0883867)
(1.8838e-11 7.74731e-11 0.075283)
(-1.36949e-12 2.38699e-11 0.0515468)
(-1.48898e-12 2.53683e-12 0.0188236)
(-2.92727e-12 1.03064e-11 0.0282041)
(-5.55677e-13 1.66897e-11 0.0334563)
(4.73214e-12 2.00863e-11 0.0334563)
(1.22242e-11 3.32504e-11 0.0282041)
(1.01379e-11 6.09934e-12 0.0188236)
(-6.46889e-12 1.4643e-11 0.133458)
(-4.32219e-12 -1.2565e-12 0.190226)
(7.28343e-14 -2.54817e-11 0.218242)
(6.20133e-12 -4.59169e-11 0.218242)
(2.55605e-12 -8.08514e-11 0.190226)
(7.43101e-11 -6.6536e-11 0.133458)
(-6.31784e-12 1.43508e-11 0.127314)
(-3.41171e-12 -1.17509e-12 0.181475)
(1.47721e-12 -2.67382e-11 0.208665)
(6.67737e-12 -4.83291e-11 0.208665)
(1.60317e-12 -8.51835e-11 0.181475)
(7.68476e-11 -6.69543e-11 0.127314)
(-6.32856e-12 1.38874e-11 0.119292)
(-2.38321e-12 -1.19644e-12 0.170143)
(2.92486e-12 -2.82198e-11 0.196151)
(6.57402e-12 -5.0943e-11 0.196151)
(-8.09847e-13 -9.05132e-11 0.170143)
(7.74166e-11 -6.6766e-11 0.119292)
(-6.41727e-12 1.3099e-11 0.108738)
(-1.01074e-12 -1.44923e-12 0.155356)
(4.55265e-12 -2.97796e-11 0.17967)
(5.83562e-12 -5.34588e-11 0.17967)
(-4.12563e-12 -9.61285e-11 0.155356)
(6.50126e-11 -6.37775e-11 0.108738)
(-6.23439e-12 1.18937e-11 0.0947722)
(2.78757e-13 -2.00983e-12 0.135889)
(5.63647e-12 -3.11045e-11 0.157764)
(3.91051e-12 -5.50735e-11 0.157764)
(-9.77366e-12 -9.7848e-11 0.135889)
(4.60924e-11 -5.79705e-11 0.0947722)
(-5.28779e-12 1.0095e-11 0.0762192)
(2.33813e-12 -2.64845e-12 0.110014)
(7.08192e-12 -3.11161e-11 0.128345)
(1.28232e-12 -5.35601e-11 0.128345)
(-1.59586e-11 -9.60714e-11 0.110014)
(2.77329e-11 -4.82748e-11 0.0762192)
(-3.56007e-12 7.34003e-12 0.0515468)
(4.50679e-12 -3.10866e-12 0.075283)
(7.75298e-12 -2.73374e-11 0.0883867)
(-7.2514e-13 -4.54629e-11 0.0883867)
(-1.80973e-11 -7.91354e-11 0.075283)
(-5.74747e-12 -2.70897e-11 0.0515468)
(-1.44058e-12 2.58248e-12 0.0188236)
(1.73277e-12 -2.85337e-12 0.0282041)
(2.41575e-12 -1.4554e-11 0.0334563)
(-2.55332e-12 -2.14251e-11 0.0334563)
(-1.1578e-11 -3.5703e-11 0.0282041)
(-9.65846e-12 -9.28368e-12 0.0188236)
(-4.32248e-11 -1.81871e-13 0.133458)
(-7.09974e-11 3.45004e-11 0.190226)
(-7.12811e-11 4.25608e-11 0.218242)
(-7.70049e-11 5.41392e-11 0.218242)
(-6.72811e-11 8.33796e-11 0.190226)
(-1.52506e-10 1.06761e-10 0.133458)
(-4.07631e-11 1.9907e-12 0.127314)
(-6.68426e-11 3.59751e-11 0.181475)
(-6.68722e-11 4.42105e-11 0.208665)
(-7.11451e-11 5.60144e-11 0.208665)
(-6.00798e-11 8.70787e-11 0.181475)
(-1.52807e-10 1.03757e-10 0.127314)
(-3.77321e-11 4.44453e-12 0.119292)
(-6.07492e-11 3.76374e-11 0.170143)
(-6.01154e-11 4.60262e-11 0.196151)
(-6.19163e-11 5.77705e-11 0.196151)
(-4.95521e-11 9.16494e-11 0.170143)
(-1.5057e-10 9.94981e-11 0.119292)
(-3.34162e-11 7.02407e-12 0.108738)
(-5.22967e-11 3.91916e-11 0.155356)
(-5.0272e-11 4.76954e-11 0.17967)
(-4.8553e-11 5.92426e-11 0.17967)
(-3.63913e-11 9.7092e-11 0.155356)
(-1.34748e-10 9.16799e-11 0.108738)
(-2.78311e-11 9.37759e-12 0.0947722)
(-4.21808e-11 3.99484e-11 0.135889)
(-3.84876e-11 4.8558e-11 0.157764)
(-3.28257e-11 5.9661e-11 0.157764)
(-2.04612e-11 9.94677e-11 0.135889)
(-1.04788e-10 7.91249e-11 0.0947722)
(-2.00204e-11 1.10732e-11 0.0762192)
(-2.86208e-11 3.89307e-11 0.110014)
(-2.35618e-11 4.73028e-11 0.128345)
(-1.3577e-11 5.69945e-11 0.128345)
(-3.76002e-13 9.74756e-11 0.110014)
(-6.31436e-11 5.91623e-11 0.0762192)
(-1.06083e-11 1.07777e-11 0.0515468)
(-1.37063e-11 3.31362e-11 0.075283)
(-7.14369e-12 4.0422e-11 0.0883867)
(4.38822e-12 4.74502e-11 0.0883867)
(1.69416e-11 7.77924e-11 0.075283)
(-2.63583e-12 2.66282e-11 0.0515468)
(-2.74058e-12 5.23833e-12 0.0188236)
(-3.64044e-12 1.56095e-11 0.0282041)
(-1.81513e-14 1.98674e-11 0.0334563)
(6.36189e-12 2.25239e-11 0.0334563)
(1.34247e-11 3.39151e-11 0.0282041)
(1.11312e-11 7.01931e-12 0.0188236)
(1.88502e-11 -4.56927e-12 0.133458)
(1.96594e-11 -6.93776e-12 0.190226)
(1.04566e-11 8.1896e-12 0.218242)
(2.03608e-11 2.55281e-11 0.218242)
(2.37323e-11 6.53223e-12 0.190226)
(1.28617e-10 4.11269e-11 0.133458)
(1.82032e-11 -6.57467e-12 0.127314)
(1.80168e-11 -8.70448e-12 0.181475)
(9.27768e-12 6.57082e-12 0.208665)
(1.82888e-11 2.39533e-11 0.208665)
(2.35487e-11 1.3907e-12 0.181475)
(1.31622e-10 3.64779e-11 0.127314)
(1.75098e-11 -8.77188e-12 0.119292)
(1.53827e-11 -1.08912e-11 0.170143)
(6.84937e-12 4.43048e-12 0.196151)
(1.4434e-11 2.17172e-11 0.196151)
(2.17696e-11 -5.73122e-12 0.170143)
(1.32891e-10 3.09037e-11 0.119292)
(1.63206e-11 -1.09459e-11 0.108738)
(1.18409e-11 -1.34234e-11 0.155356)
(3.38312e-12 1.67559e-12 0.17967)
(8.91299e-12 1.83391e-11 0.17967)
(1.89789e-11 -1.53129e-11 0.155356)
(1.22581e-10 2.5788e-11 0.108738)
(1.48111e-11 -1.26625e-11 0.0947722)
(8.55363e-12 -1.60036e-11 0.135889)
(3.38304e-13 -1.72868e-12 0.157764)
(3.43548e-12 1.35801e-11 0.157764)
(1.33335e-11 -2.46753e-11 0.135889)
(1.01214e-10 2.12539e-11 0.0947722)
(1.24978e-11 -1.33922e-11 0.0762192)
(5.07691e-12 -1.80516e-11 0.110014)
(-2.65434e-12 -5.54925e-12 0.128345)
(-2.60724e-12 7.67265e-12 0.128345)
(4.53323e-12 -3.42682e-11 0.110014)
(7.1132e-11 1.82509e-11 0.0762192)
(8.26976e-12 -1.20618e-11 0.0515468)
(2.06993e-12 -1.74388e-11 0.075283)
(-4.7469e-12 -8.66974e-12 0.0883867)
(-6.76479e-12 1.27038e-12 0.0883867)
(-4.30039e-12 -3.44148e-11 0.075283)
(2.23584e-11 2.04314e-11 0.0515468)
(3.22265e-12 -5.66834e-12 0.0188236)
(1.57376e-12 -9.43162e-12 0.0282041)
(-1.19457e-12 -6.6997e-12 0.0334563)
(-3.46803e-12 -1.86513e-12 0.0334563)
(-5.40673e-12 -1.86019e-11 0.0282041)
(1.00187e-12 8.44634e-12 0.0188236)
(2.01943e-12 -4.08667e-11 0.133458)
(-9.45134e-12 -3.2906e-11 0.190226)
(-2.12844e-11 -4.84665e-12 0.218242)
(-3.02934e-11 1.64513e-11 0.218242)
(-1.6435e-11 6.88214e-11 0.190226)
(-1.07227e-10 3.37615e-11 0.133458)
(9.93243e-13 -3.97397e-11 0.127314)
(-1.20236e-11 -3.31925e-11 0.181475)
(-2.53452e-11 -5.4068e-12 0.208665)
(-3.43835e-11 1.52889e-11 0.208665)
(-2.24527e-11 7.09817e-11 0.181475)
(-1.1419e-10 3.54793e-11 0.127314)
(1.17051e-12 -3.79707e-11 0.119292)
(-1.24003e-11 -3.30404e-11 0.170143)
(-2.69252e-11 -5.92559e-12 0.196151)
(-3.55587e-11 1.41014e-11 0.196151)
(-2.6602e-11 7.41322e-11 0.170143)
(-1.17273e-10 3.65919e-11 0.119292)
(2.5031e-12 -3.52043e-11 0.108738)
(-1.06187e-11 -3.20087e-11 0.155356)
(-2.57928e-11 -6.2605e-12 0.17967)
(-3.3651e-11 1.28518e-11 0.17967)
(-2.74972e-11 7.73689e-11 0.155356)
(-1.0427e-10 3.48901e-11 0.108738)
(4.33469e-12 -3.10415e-11 0.0947722)
(-7.47964e-12 -2.96132e-11 0.135889)
(-2.24582e-11 -6.25781e-12 0.157764)
(-2.87854e-11 1.13031e-11 0.157764)
(-2.29828e-11 7.68786e-11 0.135889)
(-8.23054e-11 3.0521e-11 0.0947722)
(5.91954e-12 -2.50317e-11 0.0762192)
(-4.28027e-12 -2.51504e-11 0.110014)
(-1.77248e-11 -5.72195e-12 0.128345)
(-2.16128e-11 8.58725e-12 0.128345)
(-1.33654e-11 7.33057e-11 0.110014)
(-5.69374e-11 2.28326e-11 0.0762192)
(5.75797e-12 -1.67502e-11 0.0515468)
(-1.83096e-12 -1.77034e-11 0.075283)
(-1.17887e-11 -4.12327e-12 0.0883867)
(-1.32982e-11 4.89551e-12 0.0883867)
(-3.91811e-12 5.75492e-11 0.075283)
(-1.46796e-11 6.56224e-12 0.0515468)
(3.10871e-12 -5.8311e-12 0.0188236)
(5.33677e-13 -6.0125e-12 0.0282041)
(-2.6314e-12 -9.78011e-13 0.0334563)
(-2.16737e-12 -3.00077e-13 0.0334563)
(3.04653e-12 2.36546e-11 0.0282041)
(1.58841e-12 -9.57156e-14 0.0188236)
(3.49456e-11 -1.30673e-11 0.133458)
(5.43852e-11 -3.15627e-11 0.190226)
(4.71386e-11 -2.7234e-11 0.218242)
(4.62976e-11 -1.42539e-11 0.218242)
(2.44261e-11 -4.87798e-11 0.190226)
(1.2052e-10 -3.81249e-11 0.133458)
(3.34457e-11 -1.3777e-11 0.127314)
(5.16092e-11 -3.20551e-11 0.181475)
(4.45133e-11 -2.79418e-11 0.208665)
(4.29317e-11 -1.43334e-11 0.208665)
(2.45039e-11 -5.35004e-11 0.181475)
(1.2208e-10 -3.99179e-11 0.127314)
(3.15695e-11 -1.44353e-11 0.119292)
(4.74626e-11 -3.23945e-11 0.170143)
(4.04682e-11 -2.85512e-11 0.196151)
(3.76617e-11 -1.4623e-11 0.196151)
(2.39928e-11 -5.95213e-11 0.170143)
(1.21682e-10 -4.1332e-11 0.119292)
(2.87339e-11 -1.48769e-11 0.108738)
(4.13865e-11 -3.22804e-11 0.155356)
(3.45552e-11 -2.8818e-11 0.17967)
(3.05698e-11 -1.53109e-11 0.17967)
(2.19794e-11 -6.68035e-11 0.155356)
(1.08807e-10 -4.0324e-11 0.108738)
(2.48425e-11 -1.47777e-11 0.0947722)
(3.40973e-11 -3.121e-11 0.135889)
(2.76515e-11 -2.82822e-11 0.157764)
(2.28062e-11 -1.5992e-11 0.157764)
(1.63278e-11 -7.11864e-11 0.135889)
(8.54113e-11 -3.6421e-11 0.0947722)
(1.89983e-11 -1.3778e-11 0.0762192)
(2.42523e-11 -2.84642e-11 0.110014)
(1.84363e-11 -2.62205e-11 0.128345)
(1.30019e-11 -1.53793e-11 0.128345)
(6.68023e-12 -7.2928e-11 0.110014)
(5.69003e-11 -2.82577e-11 0.0762192)
(1.09888e-11 -1.10465e-11 0.0515468)
(1.25873e-11 -2.25353e-11 0.075283)
(7.80478e-12 -2.10685e-11 0.0883867)
(2.88917e-12 -1.23181e-11 0.0883867)
(-3.34134e-12 -6.03011e-11 0.075283)
(9.00372e-12 -9.65888e-12 0.0515468)
(3.28441e-12 -4.60488e-12 0.0188236)
(3.4969e-12 -9.64981e-12 0.0282041)
(1.54946e-12 -9.55882e-12 0.0334563)
(-1.30863e-12 -4.32553e-12 0.0334563)
(-6.25007e-12 -2.64031e-11 0.0282041)
(-5.22615e-12 -1.5085e-12 0.0188236)
(-9.98078e-12 -1.8131e-12 0.133458)
(-3.48507e-12 -2.56912e-12 0.190226)
(3.22775e-12 -4.26485e-12 0.218242)
(-6.7748e-12 -9.77966e-12 0.218242)
(-2.77542e-12 3.12344e-11 0.190226)
(-1.13725e-10 1.32705e-11 0.133458)
(-1.01048e-11 -7.59475e-13 0.127314)
(-4.10178e-12 -1.67157e-12 0.181475)
(2.15857e-12 -3.42347e-12 0.208665)
(-7.613e-12 -9.74577e-12 0.208665)
(-7.16027e-12 3.56009e-11 0.181475)
(-1.1923e-10 1.65377e-11 0.127314)
(-9.85019e-12 4.7421e-13 0.119292)
(-4.22325e-12 -4.79697e-13 0.170143)
(1.07516e-12 -2.32691e-12 0.196151)
(-7.50151e-12 -9.153e-12 0.196151)
(-1.14243e-11 4.17267e-11 0.170143)
(-1.21332e-10 1.97325e-11 0.119292)
(-9.28471e-12 1.85887e-12 0.108738)
(-4.05741e-12 1.09777e-12 0.155356)
(4.17981e-13 -8.54617e-13 0.17967)
(-6.8324e-12 -7.76126e-12 0.17967)
(-1.40954e-11 4.92089e-11 0.155356)
(-1.07423e-10 2.06154e-11 0.108738)
(-8.53531e-12 3.22077e-12 0.0947722)
(-3.99558e-12 3.01559e-12 0.135889)
(-2.83551e-13 9.93138e-13 0.157764)
(-5.73989e-12 -5.50703e-12 0.157764)
(-1.25575e-11 5.39128e-11 0.135889)
(-8.41952e-11 1.94991e-11 0.0947722)
(-7.54467e-12 4.22082e-12 0.0762192)
(-4.41145e-12 4.97943e-12 0.110014)
(-1.65711e-12 3.09165e-12 0.128345)
(-4.47562e-12 -3.32793e-12 0.128345)
(-6.2859e-12 5.7366e-11 0.110014)
(-5.90711e-11 1.59104e-11 0.0762192)
(-5.81203e-12 4.39623e-12 0.0515468)
(-4.43683e-12 6.00662e-12 0.075283)
(-3.1234e-12 4.7183e-12 0.0883867)
(-3.2063e-12 -1.3975e-12 0.0883867)
(-2.28366e-13 4.90179e-11 0.075283)
(-1.3304e-11 2.5138e-12 0.0515468)
(-2.52769e-12 2.49205e-12 0.0188236)
(-2.61366e-12 4.18841e-12 0.0282041)
(-1.96597e-12 3.8083e-12 0.0334563)
(-8.37202e-13 -1.54485e-12 0.0334563)
(3.5357e-12 2.17412e-11 0.0282041)
(2.9676e-12 -7.48753e-13 0.0188236)
(-5.58374e-12 2.59486e-11 0.133458)
(3.68626e-12 1.44599e-11 0.190226)
(7.48601e-12 -1.83823e-12 0.218242)
(1.2443e-11 -7.84572e-12 0.218242)
(-6.47034e-12 -5.6165e-11 0.190226)
(8.77531e-11 -3.82046e-11 0.133458)
(-5.91075e-12 2.51136e-11 0.127314)
(3.19756e-12 1.49276e-11 0.181475)
(7.4398e-12 -1.52762e-12 0.208665)
(1.20505e-11 -7.12021e-12 0.208665)
(-3.4532e-12 -6.02335e-11 0.181475)
(9.07806e-11 -4.04774e-11 0.127314)
(-6.2167e-12 2.39539e-11 0.119292)
(2.51398e-12 1.52822e-11 0.170143)
(7.26611e-12 -1.15802e-12 0.196151)
(1.11217e-11 -6.61552e-12 0.196151)
(3.85038e-14 -6.55315e-11 0.170143)
(9.20775e-11 -4.24388e-11 0.119292)
(-6.60489e-12 2.22697e-11 0.108738)
(1.41747e-12 1.53285e-11 0.155356)
(7.19566e-12 -7.15449e-13 0.17967)
(1.00789e-11 -6.54373e-12 0.17967)
(3.06629e-12 -7.16925e-11 0.155356)
(8.02074e-11 -4.18506e-11 0.108738)
(-6.84899e-12 1.98381e-11 0.0947722)
(1.1619e-13 1.47194e-11 0.135889)
(6.97644e-12 -3.53131e-13 0.157764)
(8.82175e-12 -6.55753e-12 0.157764)
(2.51017e-12 -7.42242e-11 0.135889)
(6.04852e-11 -3.87318e-11 0.0947722)
(-6.78318e-12 1.62684e-11 0.0762192)
(-7.55716e-13 1.30468e-11 0.110014)
(6.35079e-12 -1.12516e-13 0.128345)
(7.11232e-12 -5.76679e-12 0.128345)
(-5.64827e-13 -7.45591e-11 0.110014)
(4.13976e-11 -3.24133e-11 0.0762192)
(-5.77661e-12 1.11752e-11 0.0515468)
(-1.22013e-12 9.44796e-12 0.075283)
(4.67621e-12 -2.30474e-13 0.0883867)
(4.60746e-12 -4.09907e-12 0.0883867)
(-3.29276e-12 -6.14101e-11 0.075283)
(3.10342e-12 -1.48618e-11 0.0515468)
(-2.60885e-12 4.1325e-12 0.0188236)
(-1.03075e-12 3.52397e-12 0.0282041)
(1.51014e-12 -7.08129e-13 0.0334563)
(7.60668e-13 -6.29419e-14 0.0334563)
(-4.94339e-12 -2.65502e-11 0.0282041)
(-6.11084e-12 -3.93007e-12 0.0188236)
(-4.33128e-11 2.33785e-11 0.133458)
(-5.87288e-11 3.87092e-11 0.190226)
(-4.91665e-11 2.79656e-11 0.218242)
(-5.07365e-11 1.1068e-11 0.218242)
(-3.31045e-11 4.30473e-11 0.190226)
(-1.3469e-10 3.05425e-11 0.133458)
(-4.18793e-11 2.41941e-11 0.127314)
(-5.59699e-11 3.95019e-11 0.181475)
(-4.63632e-11 2.85412e-11 0.208665)
(-4.74552e-11 1.06391e-11 0.208665)
(-3.42186e-11 4.7009e-11 0.181475)
(-1.38425e-10 3.25758e-11 0.127314)
(-3.98205e-11 2.49099e-11 0.119292)
(-5.12784e-11 4.01764e-11 0.170143)
(-4.1617e-11 2.89843e-11 0.196151)
(-4.13468e-11 1.04911e-11 0.196151)
(-3.42301e-11 5.25459e-11 0.170143)
(-1.39009e-10 3.42458e-11 0.119292)
(-3.64434e-11 2.52656e-11 0.108738)
(-4.42021e-11 4.03789e-11 0.155356)
(-3.45466e-11 2.91091e-11 0.17967)
(-3.30736e-11 1.07814e-11 0.17967)
(-3.15228e-11 5.9434e-11 0.155356)
(-1.23301e-10 3.32499e-11 0.108738)
(-3.1734e-11 2.47729e-11 0.0947722)
(-3.57408e-11 3.93993e-11 0.135889)
(-2.61202e-11 2.84518e-11 0.157764)
(-2.36068e-11 1.12791e-11 0.157764)
(-2.41196e-11 6.33411e-11 0.135889)
(-9.66014e-11 2.96611e-11 0.0947722)
(-2.46491e-11 2.28078e-11 0.0762192)
(-2.47087e-11 3.63033e-11 0.110014)
(-1.54006e-11 2.62765e-11 0.128345)
(-1.19526e-11 1.06346e-11 0.128345)
(-1.0671e-11 6.54503e-11 0.110014)
(-6.57914e-11 2.26305e-11 0.0762192)
(-1.5251e-11 1.79206e-11 0.0515468)
(-1.21978e-11 2.87971e-11 0.075283)
(-4.51692e-12 2.09844e-11 0.0883867)
(-5.16452e-13 8.32049e-12 0.0883867)
(2.23081e-12 5.43619e-11 0.075283)
(-1.2411e-11 4.7914e-12 0.0515468)
(-4.99831e-12 7.43341e-12 0.0188236)
(-3.52894e-12 1.23015e-11 0.0282041)
(-4.14156e-13 9.28489e-12 0.0334563)
(2.33728e-12 2.34895e-12 0.0334563)
(5.94212e-12 2.39228e-11 0.0282041)
(5.07675e-12 -3.92064e-13 0.0188236)
(1.23912e-11 2.92392e-12 0.133458)
(1.2851e-11 2.45494e-12 0.190226)
(9.56269e-12 -3.12606e-13 0.218242)
(1.39113e-11 1.83877e-12 0.218242)
(-6.77281e-13 -3.80242e-11 0.190226)
(8.34363e-11 -1.96001e-11 0.133458)
(1.25511e-11 1.59621e-12 0.127314)
(1.33302e-11 1.12791e-12 0.181475)
(1.01393e-11 -1.23908e-12 0.208665)
(1.40673e-11 2.22261e-12 0.208665)
(2.7706e-12 -4.13224e-11 0.181475)
(8.70172e-11 -2.22206e-11 0.127314)
(1.23641e-11 3.63842e-14 0.119292)
(1.29147e-11 -5.50954e-13 0.170143)
(9.70308e-12 -2.42032e-12 0.196151)
(1.26953e-11 2.23715e-12 0.196151)
(6.05235e-12 -4.59064e-11 0.170143)
(8.89961e-11 -2.47691e-11 0.119292)
(1.17522e-11 -1.7618e-12 0.108738)
(1.17093e-11 -2.64042e-12 0.155356)
(8.56194e-12 -3.90216e-12 0.17967)
(1.05919e-11 1.56378e-12 0.17967)
(8.38023e-12 -5.16009e-11 0.155356)
(7.77552e-11 -2.51664e-11 0.108738)
(1.07705e-11 -3.60833e-12 0.0947722)
(1.00448e-11 -5.08462e-12 0.135889)
(7.41037e-12 -5.68769e-12 0.157764)
(8.18832e-12 2.91353e-13 0.157764)
(7.10995e-12 -5.43781e-11 0.135889)
(5.94584e-11 -2.37991e-11 0.0947722)
(9.29774e-12 -5.1397e-12 0.0762192)
(8.44404e-12 -7.46305e-12 0.110014)
(6.58226e-12 -7.48835e-12 0.128345)
(6.02148e-12 -7.29173e-13 0.128345)
(3.08884e-12 -5.64888e-11 0.110014)
(4.29578e-11 -2.05347e-11 0.0762192)
(7.04666e-12 -5.43927e-12 0.0515468)
(6.68094e-12 -8.55015e-12 0.075283)
(5.29955e-12 -8.39069e-12 0.0883867)
(4.03311e-12 -1.55074e-12 0.0883867)
(-2.1529e-13 -4.79627e-11 0.075283)
(6.9505e-12 -7.36237e-12 0.0515468)
(2.93174e-12 -3.12243e-12 0.0188236)
(3.05922e-12 -5.64337e-12 0.0282041)
(2.2035e-12 -5.63898e-12 0.0334563)
(8.21964e-13 2.57888e-14 0.0334563)
(-3.25706e-12 -2.12594e-11 0.0282041)
(-4.00981e-12 -1.23715e-12 0.0188236)
(-1.58038e-11 -6.80518e-12 0.133458)
(-2.64884e-11 4.96325e-12 0.190226)
(-2.53565e-11 5.21803e-12 0.218242)
(-3.4077e-11 -1.02084e-12 0.218242)
(-2.42456e-11 4.04771e-11 0.190226)
(-1.40349e-10 3.03356e-11 0.133458)
(-1.45161e-11 -5.52837e-12 0.127314)
(-2.39866e-11 5.08111e-12 0.181475)
(-2.28392e-11 5.34465e-12 0.208665)
(-3.10347e-11 -1.17311e-12 0.208665)
(-2.53758e-11 4.54027e-11 0.181475)
(-1.43492e-10 3.23712e-11 0.127314)
(-1.31435e-11 -4.00937e-12 0.119292)
(-2.08215e-11 5.31508e-12 0.170143)
(-1.96888e-11 5.46071e-12 0.196151)
(-2.68079e-11 -9.23846e-13 0.196151)
(-2.61273e-11 5.19828e-11 0.170143)
(-1.4371e-10 3.40713e-11 0.119292)
(-1.14341e-11 -2.26358e-12 0.108738)
(-1.6926e-11 5.67703e-12 0.155356)
(-1.57582e-11 5.5767e-12 0.17967)
(-2.152e-11 -9.55549e-14 0.17967)
(-2.53489e-11 5.99231e-11 0.155356)
(-1.28174e-10 3.31242e-11 0.108738)
(-9.34278e-12 -4.03885e-13 0.0947722)
(-1.25251e-11 6.14135e-12 0.135889)
(-1.15444e-11 5.63987e-12 0.157764)
(-1.5778e-11 1.16552e-12 0.157764)
(-2.0043e-11 6.4732e-11 0.135889)
(-1.01405e-10 2.94718e-11 0.0947722)
(-6.40254e-12 1.49743e-12 0.0762192)
(-7.08908e-12 6.70986e-12 0.110014)
(-6.07028e-12 5.618e-12 0.128345)
(-8.30887e-12 1.62571e-12 0.128345)
(-8.93135e-12 6.72036e-11 0.110014)
(-6.92396e-11 2.20122e-11 0.0762192)
(-2.72036e-12 2.89287e-12 0.0515468)
(-1.67309e-12 6.66638e-12 0.075283)
(6.65144e-14 5.2274e-12 0.0883867)
(-8.15996e-13 1.12e-12 0.0883867)
(1.98789e-12 5.55369e-11 0.075283)
(-1.39115e-11 3.68603e-12 0.0515468)
(-6.86298e-13 1.68161e-12 0.0188236)
(-3.5707e-13 3.49261e-12 0.0282041)
(5.67077e-13 2.8084e-12 0.0334563)
(1.39827e-12 -1.07129e-12 0.0334563)
(5.36706e-12 2.39064e-11 0.0282041)
(4.53072e-12 -1.15208e-12 0.0188236)
(5.11513e-12 5.5218e-12 0.133458)
(9.01949e-12 1.27301e-12 0.190226)
(7.29238e-12 -7.7809e-12 0.218242)
(9.8156e-12 -6.74886e-12 0.218242)
(-7.63145e-12 -4.5731e-11 0.190226)
(6.66299e-11 -1.79279e-11 0.133458)
(5.86216e-12 5.3639e-12 0.127314)
(1.09018e-11 1.04839e-12 0.181475)
(9.92363e-12 -8.19487e-12 0.208665)
(1.21678e-11 -6.25585e-12 0.208665)
(-2.42362e-12 -4.86998e-11 0.181475)
(7.16649e-11 -2.12748e-11 0.127314)
(5.81698e-12 5.10913e-12 0.119292)
(1.16035e-11 7.78011e-13 0.170143)
(1.12225e-11 -8.61906e-12 0.196151)
(1.2858e-11 -6.00164e-12 0.196151)
(2.32141e-12 -5.2923e-11 0.170143)
(7.47023e-11 -2.45571e-11 0.119292)
(5.07627e-12 4.65397e-12 0.108738)
(1.11603e-11 3.85601e-13 0.155356)
(1.14595e-11 -8.9985e-12 0.17967)
(1.24145e-11 -6.20197e-12 0.17967)
(5.60564e-12 -5.79552e-11 0.155356)
(6.42648e-11 -2.56811e-11 0.108738)
(4.05192e-12 4.01622e-12 0.0947722)
(9.83753e-12 -1.31564e-13 0.135889)
(1.11162e-11 -9.26515e-12 0.157764)
(1.11044e-11 -6.65295e-12 0.157764)
(5.08037e-12 -5.99674e-11 0.135889)
(4.79585e-11 -2.51165e-11 0.0947722)
(3.13991e-12 3.27728e-12 0.0762192)
(8.87531e-12 -5.88076e-13 0.110014)
(1.08648e-11 -9.07269e-12 0.128345)
(9.81543e-12 -6.41989e-12 0.128345)
(2.31413e-12 -6.09907e-11 0.110014)
(3.45614e-11 -2.27617e-11 0.0762192)
(2.36083e-12 2.31466e-12 0.0515468)
(7.48896e-12 -9.56123e-13 0.075283)
(9.96167e-12 -7.90686e-12 0.0883867)
(8.39073e-12 -5.29778e-12 0.0883867)
(2.57434e-13 -5.15365e-11 0.075283)
(3.80765e-12 -1.0714e-11 0.0515468)
(7.07917e-13 5.81829e-13 0.0188236)
(2.3404e-12 -1.33233e-12 0.0282041)
(3.40985e-12 -4.53961e-12 0.0334563)
(1.77415e-12 -9.88953e-13 0.0334563)
(-3.47314e-12 -2.2745e-11 0.0282041)
(-4.64413e-12 -3.00256e-12 0.0188236)
(-5.9583e-11 -2.63933e-12 0.133458)
(-9.73384e-11 1.11243e-11 0.190226)
(-1.00108e-10 -4.88479e-12 0.218242)
(-1.08242e-10 -1.62717e-11 0.218242)
(-9.40628e-11 1.53335e-11 0.190226)
(-1.89099e-10 1.68093e-11 0.133458)
(-5.56301e-11 4.9471e-13 0.127314)
(-8.96941e-11 1.32287e-11 0.181475)
(-9.2092e-11 -4.33641e-12 0.208665)
(-9.99549e-11 -1.73237e-11 0.208665)
(-9.07715e-11 1.85515e-11 0.181475)
(-1.89749e-10 1.70526e-11 0.127314)
(-5.11882e-11 4.05682e-12 0.119292)
(-7.94004e-11 1.57553e-11 0.170143)
(-8.09265e-11 -3.62882e-12 0.196151)
(-8.80831e-11 -1.80492e-11 0.196151)
(-8.52165e-11 2.32065e-11 0.170143)
(-1.87227e-10 1.68211e-11 0.119292)
(-4.52501e-11 7.80731e-12 0.108738)
(-6.61231e-11 1.84386e-11 0.155356)
(-6.59614e-11 -2.70562e-12 0.17967)
(-7.27325e-11 -1.81128e-11 0.17967)
(-7.62073e-11 2.94422e-11 0.155356)
(-1.69083e-10 1.42013e-11 0.108738)
(-3.76979e-11 1.12731e-11 0.0947722)
(-5.09684e-11 2.07667e-11 0.135889)
(-4.92079e-11 -1.67924e-12 0.157764)
(-5.50005e-11 -1.7321e-11 0.157764)
(-6.17632e-11 3.35733e-11 0.135889)
(-1.37658e-10 9.2676e-12 0.0947722)
(-2.71161e-11 1.38937e-11 0.0762192)
(-3.17321e-11 2.22443e-11 0.110014)
(-2.81718e-11 -4.35715e-13 0.128345)
(-3.26453e-11 -1.63047e-11 0.128345)
(-3.87059e-11 3.68311e-11 0.110014)
(-9.66161e-11 1.32159e-12 0.0762192)
(-1.40314e-11 1.39127e-11 0.0515468)
(-1.07957e-11 2.05057e-11 0.075283)
(-6.27289e-12 8.19133e-13 0.0883867)
(-8.8145e-12 -1.38944e-11 0.0883867)
(-1.3277e-11 2.98077e-11 0.075283)
(-3.11177e-11 -1.40997e-11 0.0515468)
(-3.49543e-12 6.73585e-12 0.0188236)
(-1.17818e-12 9.63343e-12 0.0282041)
(1.57594e-12 5.9529e-13 0.0334563)
(1.35457e-12 -7.854e-12 0.0334563)
(1.33105e-12 1.20487e-11 0.0282041)
(-1.41031e-12 -9.34326e-12 0.0188236)
(5.77183e-11 -8.81102e-11 0.133458)
(4.91371e-11 -9.38685e-11 0.190226)
(1.88068e-11 -7.49749e-11 0.218242)
(5.74126e-12 -5.66771e-11 0.218242)
(-1.39705e-11 -7.97273e-11 0.190226)
(6.67599e-11 -9.85257e-11 0.133458)
(5.62155e-11 -8.75708e-11 0.127314)
(4.52538e-11 -9.41806e-11 0.181475)
(1.42003e-11 -7.43357e-11 0.208665)
(1.63699e-15 -5.46158e-11 0.208665)
(-1.56681e-11 -8.06507e-11 0.181475)
(6.7344e-11 -9.58889e-11 0.127314)
(5.48806e-11 -8.60566e-11 0.119292)
(4.06196e-11 -9.37725e-11 0.170143)
(8.8728e-12 -7.30311e-11 0.196151)
(-6.43668e-12 -5.20331e-11 0.196151)
(-1.68102e-11 -8.17735e-11 0.170143)
(6.75846e-11 -9.20181e-11 0.119292)
(5.29593e-11 -8.28438e-11 0.108738)
(3.52263e-11 -9.18663e-11 0.155356)
(3.54122e-12 -7.06064e-11 0.17967)
(-1.21162e-11 -4.89266e-11 0.17967)
(-1.71367e-11 -8.30403e-11 0.155356)
(5.79455e-11 -8.47732e-11 0.108738)
(4.99338e-11 -7.67624e-11 0.0947722)
(3.02294e-11 -8.71789e-11 0.135889)
(-5.06507e-13 -6.61468e-11 0.157764)
(-1.59818e-11 -4.46921e-11 0.157764)
(-1.85508e-11 -8.05155e-11 0.135889)
(4.09967e-11 -7.3708e-11 0.0947722)
(4.39132e-11 -6.61726e-11 0.0762192)
(2.39575e-11 -7.77492e-11 0.110014)
(-4.09285e-12 -5.81596e-11 0.128345)
(-1.77624e-11 -3.77231e-11 0.128345)
(-2.02333e-11 -7.51947e-11 0.110014)
(2.2988e-11 -5.74433e-11 0.0762192)
(3.2597e-11 -4.84053e-11 0.0515468)
(1.58998e-11 -5.94887e-11 0.075283)
(-5.40926e-12 -4.39646e-11 0.0883867)
(-1.55021e-11 -2.69027e-11 0.0883867)
(-1.83436e-11 -5.71695e-11 0.075283)
(-1.16228e-11 -2.86152e-11 0.0515468)
(1.34003e-11 -1.92985e-11 0.0188236)
(7.41767e-12 -2.4831e-11 0.0282041)
(-6.3524e-13 -1.83057e-11 0.0334563)
(-5.13579e-12 -9.40833e-12 0.0334563)
(-8.64058e-12 -2.21312e-11 0.0282041)
(-1.18428e-11 -7.15548e-12 0.0188236)
(-2.07254e-11 5.02494e-11 0.133458)
(-1.65291e-11 3.17456e-11 0.190226)
(-1.45059e-11 2.71291e-11 0.218242)
(-2.11207e-11 1.56626e-11 0.218242)
(-7.15042e-12 5.51839e-11 0.190226)
(-1.11962e-10 2.82584e-11 0.133458)
(-2.10802e-11 5.00953e-11 0.127314)
(-1.59337e-11 3.39788e-11 0.181475)
(-1.2292e-11 3.01187e-11 0.208665)
(-1.75456e-11 1.82525e-11 0.208665)
(-7.33152e-12 6.20652e-11 0.181475)
(-1.15463e-10 3.17936e-11 0.127314)
(-2.19076e-11 4.95473e-11 0.119292)
(-1.53958e-11 3.64396e-11 0.170143)
(-9.74175e-12 3.36118e-11 0.196151)
(-1.30764e-11 2.18299e-11 0.196151)
(-7.1191e-12 7.10753e-11 0.170143)
(-1.16253e-10 3.54509e-11 0.119292)
(-2.287e-11 4.82325e-11 0.108738)
(-1.49089e-11 3.88581e-11 0.155356)
(-7.30031e-12 3.74727e-11 0.17967)
(-7.97882e-12 2.64621e-11 0.17967)
(-5.50174e-12 8.17708e-11 0.155356)
(-1.0177e-10 3.69967e-11 0.108738)
(-2.34001e-11 4.55609e-11 0.0947722)
(-1.45636e-11 4.07092e-11 0.135889)
(-4.82541e-12 4.11429e-11 0.157764)
(-2.42419e-12 3.15985e-11 0.157764)
(-3.58426e-14 8.93865e-11 0.135889)
(-7.72189e-11 3.62622e-11 0.0947722)
(-2.28623e-11 4.04027e-11 0.0762192)
(-1.33831e-11 4.06672e-11 0.110014)
(-1.98958e-12 4.31856e-11 0.128345)
(4.14378e-12 3.47757e-11 0.128345)
(1.02808e-11 9.36133e-11 0.110014)
(-4.91429e-11 3.18285e-11 0.0762192)
(-1.92124e-11 3.07617e-11 0.0515468)
(-1.04003e-11 3.53101e-11 0.075283)
(7.96507e-13 3.96231e-11 0.0883867)
(8.92433e-12 3.23722e-11 0.0883867)
(1.79911e-11 8.03847e-11 0.075283)
(-9.70146e-13 1.50179e-11 0.0515468)
(-8.98773e-12 1.31282e-11 0.0188236)
(-5.2849e-12 1.74064e-11 0.0282041)
(1.17566e-13 2.10859e-11 0.0334563)
(5.3651e-12 1.59868e-11 0.0334563)
(1.26138e-11 3.77859e-11 0.0282041)
(9.46868e-12 5.65828e-12 0.0188236)
(4.23547e-11 -2.50296e-11 0.133458)
(5.69243e-11 7.86642e-13 0.190226)
(6.36886e-11 1.66105e-11 0.218242)
(7.31767e-11 4.32468e-11 0.218242)
(6.24587e-11 2.97369e-11 0.190226)
(1.23781e-10 6.13201e-11 0.133458)
(4.17279e-11 -2.5323e-11 0.127314)
(5.56031e-11 -6.84237e-13 0.181475)
(6.18801e-11 1.62347e-11 0.208665)
(7.11519e-11 4.53041e-11 0.208665)
(6.40798e-11 2.87265e-11 0.181475)
(1.2668e-10 5.75848e-11 0.127314)
(3.98995e-11 -2.55809e-11 0.119292)
(5.18442e-11 -2.45205e-12 0.170143)
(5.68337e-11 1.56928e-11 0.196151)
(6.54105e-11 4.71445e-11 0.196151)
(6.37837e-11 2.63511e-11 0.170143)
(1.27868e-10 5.32632e-11 0.119292)
(3.65983e-11 -2.56574e-11 0.108738)
(4.51157e-11 -4.5491e-12 0.155356)
(4.82335e-11 1.47891e-11 0.17967)
(5.61624e-11 4.80876e-11 0.17967)
(6.05983e-11 2.20639e-11 0.155356)
(1.15539e-10 4.96697e-11 0.108738)
(3.20974e-11 -2.51706e-11 0.0947722)
(3.67263e-11 -6.86838e-12 0.135889)
(3.77746e-11 1.31461e-11 0.157764)
(4.48589e-11 4.72515e-11 0.157764)
(5.22446e-11 1.8312e-11 0.135889)
(9.57479e-11 4.53686e-11 0.0947722)
(2.63908e-11 -2.32975e-11 0.0762192)
(2.64655e-11 -9.0803e-12 0.110014)
(2.576e-11 1.0192e-11 0.128345)
(3.14082e-11 4.3615e-11 0.128345)
(3.91876e-11 1.0613e-11 0.110014)
(7.57165e-11 3.88068e-11 0.0762192)
(1.86437e-11 -1.84651e-11 0.0515468)
(1.53181e-11 -9.83169e-12 0.075283)
(1.28272e-11 5.4794e-12 0.0883867)
(1.70351e-11 3.39198e-11 0.0883867)
(2.3666e-11 4.4112e-12 0.075283)
(3.27536e-11 3.52677e-11 0.0515468)
(6.86692e-12 -8.58077e-12 0.0188236)
(3.57947e-12 -6.26846e-12 0.0282041)
(1.6632e-12 -3.82056e-14 0.0334563)
(2.64618e-12 1.55471e-11 0.0334563)
(4.30064e-12 1.37223e-12 0.0282041)
(6.25986e-12 1.59028e-11 0.0188236)
(-1.75608e-11 4.10154e-11 0.133458)
(-8.74209e-12 6.04115e-11 0.190226)
(7.86721e-12 7.61189e-11 0.218242)
(1.42053e-11 8.82878e-11 0.218242)
(2.97208e-11 1.35239e-10 0.190226)
(-9.58223e-11 1.40777e-10 0.133458)
(-1.6574e-11 4.07173e-11 0.127314)
(-6.85334e-12 5.98142e-11 0.181475)
(1.02474e-11 7.57103e-11 0.208665)
(1.75188e-11 8.72859e-11 0.208665)
(2.93954e-11 1.38441e-10 0.181475)
(-9.77544e-11 1.3694e-10 0.127314)
(-1.6594e-11 3.99988e-11 0.119292)
(-6.47989e-12 5.87961e-11 0.170143)
(1.05768e-11 7.47345e-11 0.196151)
(1.91592e-11 8.58445e-11 0.196151)
(2.74747e-11 1.41915e-10 0.170143)
(-9.80037e-11 1.31098e-10 0.119292)
(-1.74539e-11 3.85096e-11 0.108738)
(-7.53687e-12 5.6942e-11 0.155356)
(8.9941e-12 7.26528e-11 0.17967)
(1.87018e-11 8.3448e-11 0.17967)
(2.43182e-11 1.44724e-10 0.155356)
(-8.56649e-11 1.20544e-10 0.108738)
(-1.81063e-11 3.58371e-11 0.0947721)
(-9.19175e-12 5.35772e-11 0.135889)
(5.98529e-12 6.85437e-11 0.157764)
(1.69384e-11 7.87311e-11 0.157764)
(2.2924e-11 1.41274e-10 0.135889)
(-6.31217e-11 1.04231e-10 0.0947722)
(-1.75113e-11 3.12738e-11 0.0762192)
(-9.92952e-12 4.76598e-11 0.110014)
(3.15554e-12 6.07488e-11 0.128345)
(1.48371e-11 6.85959e-11 0.128345)
(2.46652e-11 1.30428e-10 0.110014)
(-3.54682e-11 7.98253e-11 0.0762192)
(-1.41126e-11 2.35114e-11 0.0515468)
(-8.38643e-12 3.68489e-11 0.075283)
(1.26978e-12 4.63917e-11 0.0883867)
(1.18308e-11 4.9903e-11 0.0883867)
(2.34633e-11 9.82584e-11 0.075283)
(1.1123e-11 4.0207e-11 0.0515468)
(-6.45129e-12 9.73506e-12 0.0188236)
(-4.9609e-12 1.59128e-11 0.0282041)
(-1.19627e-12 1.98927e-11 0.0334563)
(3.88895e-12 1.81132e-11 0.0334563)
(1.16758e-11 3.82725e-11 0.0282041)
(1.37421e-11 1.08927e-11 0.0188236)
(-9.05536e-12 -2.65807e-11 0.133458)
(-2.63131e-11 -3.09959e-12 0.190226)
(-3.14673e-11 -1.22266e-12 0.218242)
(-3.11205e-11 1.14731e-11 0.218242)
(-5.132e-11 -2.43762e-11 0.190226)
(1.188e-15 -1.72824e-11 0.133458)
(-7.25607e-12 -2.50673e-11 0.127314)
(-2.37322e-11 -3.38032e-12 0.181475)
(-2.9213e-11 -3.10774e-12 0.208665)
(-2.97818e-11 9.15601e-12 0.208665)
(-4.78193e-11 -2.98615e-11 0.181475)
(4.3932e-12 -2.24276e-11 0.127314)
(-5.70268e-12 -2.31086e-11 0.119292)
(-2.09633e-11 -3.54919e-12 0.170143)
(-2.66558e-11 -5.26508e-12 0.196151)
(-2.86066e-11 6.04136e-12 0.196151)
(-4.36587e-11 -3.69978e-11 0.170143)
(8.6881e-12 -2.79598e-11 0.119292)
(-3.7926e-12 -2.06151e-11 0.108738)
(-1.75591e-11 -3.62802e-12 0.155356)
(-2.3287e-11 -7.77986e-12 0.17967)
(-2.65859e-11 1.7511e-12 0.17967)
(-3.87709e-11 -4.56927e-11 0.155356)
(3.3404e-12 -3.20335e-11 0.108738)
(-1.60448e-12 -1.74969e-11 0.0947721)
(-1.36351e-11 -3.63646e-12 0.135889)
(-1.89746e-11 -1.07162e-11 0.157764)
(-2.33037e-11 -3.71251e-12 0.157764)
(-3.5272e-11 -5.25856e-11 0.135889)
(-4.95004e-12 -3.47345e-11 0.0947722)
(1.79027e-12 -1.33647e-11 0.0762192)
(-6.95893e-12 -3.28681e-12 0.110014)
(-1.14199e-11 -1.35304e-11 0.128345)
(-1.70146e-11 -9.2243e-12 0.128345)
(-3.09145e-11 -5.91022e-11 0.110014)
(-7.96681e-12 -3.49536e-11 0.0762192)
(4.92351e-12 -8.10582e-12 0.0515468)
(5.92795e-13 -2.57827e-12 0.075283)
(-1.86486e-12 -1.44698e-11 0.0883867)
(-8.3396e-12 -1.2862e-11 0.0883867)
(-2.19306e-11 -5.47315e-11 0.075283)
(-2.38347e-11 -2.35465e-11 0.0515468)
(3.28882e-12 -2.99966e-12 0.0188236)
(1.78605e-12 -1.78642e-12 0.0282041)
(1.24347e-12 -9.50129e-12 0.0334563)
(-2.52734e-12 -7.58394e-12 0.0334563)
(-1.10998e-11 -2.68336e-11 0.0282041)
(-1.47768e-11 -9.97036e-12 0.0188236)
(-2.29076e-11 1.19305e-11 0.133458)
(-3.59259e-11 2.76137e-11 0.190226)
(-3.80921e-11 3.92971e-11 0.218242)
(-4.65616e-11 4.65885e-11 0.218242)
(-3.96205e-11 8.32523e-11 0.190226)
(-1.4947e-10 7.46915e-11 0.133458)
(-2.12133e-11 1.27418e-11 0.127314)
(-3.22308e-11 2.76982e-11 0.181475)
(-3.39534e-11 3.9036e-11 0.208665)
(-4.13746e-11 4.57744e-11 0.208665)
(-3.69228e-11 8.69847e-11 0.181475)
(-1.49622e-10 7.3836e-11 0.127314)
(-1.96883e-11 1.35335e-11 0.119292)
(-2.8423e-11 2.7798e-11 0.170143)
(-2.95498e-11 3.86715e-11 0.196151)
(-3.51544e-11 4.50707e-11 0.196151)
(-3.35103e-11 9.18742e-11 0.170143)
(-1.47446e-10 7.20638e-11 0.119292)
(-1.79897e-11 1.41356e-11 0.108738)
(-2.44163e-11 2.76939e-11 0.155356)
(-2.46226e-11 3.80219e-11 0.17967)
(-2.83743e-11 4.43994e-11 0.17967)
(-2.87149e-11 9.7675e-11 0.155356)
(-1.32162e-10 6.7243e-11 0.108738)
(-1.57436e-11 1.431e-11 0.0947721)
(-1.96638e-11 2.70705e-11 0.135889)
(-1.90022e-11 3.6723e-11 0.157764)
(-2.01226e-11 4.31923e-11 0.157764)
(-1.97172e-11 1.00118e-10 0.135889)
(-1.03792e-10 5.84091e-11 0.0947722)
(-1.21676e-11 1.37271e-11 0.0762192)
(-1.28493e-11 2.53376e-11 0.110014)
(-1.09839e-11 3.40017e-11 0.128345)
(-8.94896e-12 3.95271e-11 0.128345)
(-4.3024e-12 9.78829e-11 0.110014)
(-6.45231e-11 4.32369e-11 0.0762192)
(-7.11277e-12 1.14811e-11 0.0515468)
(-4.79787e-12 2.08072e-11 0.075283)
(-1.79933e-12 2.782e-11 0.0883867)
(2.43885e-12 3.11557e-11 0.0883867)
(1.02991e-11 7.79837e-11 0.075283)
(-6.12202e-12 1.66858e-11 0.0515468)
(-2.46181e-12 5.06286e-12 0.0188236)
(-8.38401e-13 9.29937e-12 0.0282041)
(8.98839e-13 1.32979e-11 0.0334563)
(4.21956e-12 1.30419e-11 0.0334563)
(1.02748e-11 3.36033e-11 0.0282041)
(8.79111e-12 3.56338e-12 0.0188236)
(3.14381e-12 -3.32904e-11 0.133458)
(-1.27423e-11 -1.29881e-11 0.190226)
(-2.23921e-11 -4.17377e-12 0.218242)
(-2.64327e-11 1.36916e-11 0.218242)
(-4.23052e-11 -3.24298e-12 0.190226)
(-3.888e-13 6.63372e-12 0.133458)
(4.47973e-12 -3.19382e-11 0.127314)
(-1.06705e-11 -1.33561e-11 0.181475)
(-2.02729e-11 -5.46814e-12 0.208665)
(-2.47842e-11 1.30165e-11 0.208665)
(-3.86188e-11 -5.48253e-12 0.181475)
(4.45419e-12 2.90441e-12 0.127314)
(5.49608e-12 -3.0055e-11 0.119292)
(-8.71525e-12 -1.34912e-11 0.170143)
(-1.8341e-11 -6.78555e-12 0.196151)
(-2.35164e-11 1.2071e-11 0.196151)
(-3.42927e-11 -8.82588e-12 0.170143)
(1.01047e-11 -1.27447e-12 0.119292)
(6.34378e-12 -2.74957e-11 0.108738)
(-6.72059e-12 -1.32883e-11 0.155356)
(-1.60838e-11 -8.13941e-12 0.17967)
(-2.16061e-11 1.04773e-11 0.17967)
(-2.91045e-11 -1.34872e-11 0.155356)
(8.10448e-12 -4.55941e-12 0.108738)
(7.06239e-12 -2.40152e-11 0.0947721)
(-4.26922e-12 -1.26436e-11 0.135889)
(-1.27172e-11 -9.44672e-12 0.157764)
(-1.85276e-11 8.07327e-12 0.157764)
(-2.48982e-11 -1.73123e-11 0.135889)
(3.44809e-12 -7.3114e-12 0.0947722)
(8.29977e-12 -1.90545e-11 0.0762192)
(-8.24714e-13 -1.11551e-11 0.110014)
(-7.35083e-12 -1.03697e-11 0.128345)
(-1.30503e-11 5.08315e-12 0.128345)
(-1.99627e-11 -2.26678e-11 0.110014)
(1.77293e-12 -9.16341e-12 0.0762192)
(8.67278e-12 -1.22845e-11 0.0515468)
(2.86318e-12 -8.23207e-12 0.075283)
(-1.07532e-12 -1.01816e-11 0.0883867)
(-5.61139e-12 1.41928e-12 0.0883867)
(-1.27028e-11 -2.27456e-11 0.075283)
(-1.29934e-11 -3.62e-12 0.0515468)
(4.14956e-12 -4.58317e-12 0.0188236)
(1.87357e-12 -3.73517e-12 0.0282041)
(8.68751e-13 -6.40161e-12 0.0334563)
(-1.39214e-12 1.44217e-14 0.0334563)
(-6.26211e-12 -1.11449e-11 0.0282041)
(-9.25126e-12 -1.02267e-12 0.0188236)
(-1.17755e-11 5.29695e-13 0.133458)
(-1.97078e-11 1.19812e-11 0.190226)
(-2.42396e-11 2.96263e-11 0.218242)
(-3.71622e-11 4.03924e-11 0.218242)
(-2.95434e-11 8.56998e-11 0.190226)
(-1.42855e-10 7.32805e-11 0.133458)
(-1.03984e-11 1.34135e-12 0.127314)
(-1.7183e-11 1.19682e-11 0.181475)
(-2.12901e-11 2.98503e-11 0.208665)
(-3.29806e-11 4.0398e-11 0.208665)
(-2.75248e-11 9.03966e-11 0.181475)
(-1.42828e-10 7.29217e-11 0.127314)
(-9.29331e-12 2.24065e-12 0.119292)
(-1.49352e-11 1.20803e-11 0.170143)
(-1.87671e-11 3.00554e-11 0.196151)
(-2.82795e-11 4.05227e-11 0.196151)
(-2.51505e-11 9.6057e-11 0.170143)
(-1.40841e-10 7.1574e-11 0.119292)
(-8.51143e-12 3.16925e-12 0.108738)
(-1.30907e-11 1.22841e-11 0.155356)
(-1.65738e-11 3.009e-11 0.17967)
(-2.34764e-11 4.05994e-11 0.17967)
(-2.18845e-11 1.02252e-10 0.155356)
(-1.27672e-10 6.72441e-11 0.108738)
(-7.54771e-12 4.0583e-12 0.0947721)
(-1.08574e-11 1.2453e-11 0.135889)
(-1.37506e-11 2.96349e-11 0.157764)
(-1.71823e-11 3.99669e-11 0.157764)
(-1.49496e-11 1.05005e-10 0.135889)
(-1.01089e-10 5.84745e-11 0.0947722)
(-6.11946e-12 4.77743e-12 0.0762192)
(-7.7268e-12 1.23379e-11 0.110014)
(-9.49331e-12 2.79273e-11 0.128345)
(-8.7479e-12 3.66799e-11 0.128345)
(-2.11547e-12 1.0174e-10 0.110014)
(-6.0709e-11 4.22992e-11 0.0762192)
(-3.9088e-12 4.79358e-12 0.0515468)
(-3.70542e-12 1.08236e-11 0.075283)
(-4.02023e-12 2.30847e-11 0.0883867)
(-5.94358e-14 2.81252e-11 0.0883867)
(1.06224e-11 7.95517e-11 0.075283)
(-3.51134e-12 1.53459e-11 0.0515468)
(-1.57967e-12 2.44111e-12 0.0188236)
(-1.23893e-12 5.27658e-12 0.0282041)
(-1.02834e-12 1.10893e-11 0.0334563)
(2.23303e-12 1.04881e-11 0.0334563)
(9.57084e-12 3.28819e-11 0.0282041)
(9.50379e-12 2.64517e-12 0.0188236)
(3.26252e-13 -1.23852e-11 0.133458)
(-1.30764e-11 9.16141e-12 0.190226)
(-1.74124e-11 1.32881e-11 0.218242)
(-2.45064e-11 2.85409e-11 0.218242)
(-4.16222e-11 2.80612e-11 0.190226)
(-5.57268e-11 2.75524e-11 0.133458)
(1.66259e-12 -1.10184e-11 0.127314)
(-9.92011e-12 9.40754e-12 0.181475)
(-1.3883e-11 1.27769e-11 0.208665)
(-2.07519e-11 2.88648e-11 0.208665)
(-3.68088e-11 2.86854e-11 0.181475)
(-5.0201e-11 2.39949e-11 0.127314)
(2.12462e-12 -9.38988e-12 0.119292)
(-7.7573e-12 9.75179e-12 0.170143)
(-1.1502e-11 1.21866e-11 0.196151)
(-1.78856e-11 2.896e-11 0.196151)
(-3.1744e-11 2.85629e-11 0.170143)
(-4.29551e-11 1.98528e-11 0.119292)
(2.17698e-12 -7.53386e-12 0.108738)
(-5.82672e-12 1.005e-11 0.155356)
(-9.05761e-12 1.13555e-11 0.17967)
(-1.48413e-11 2.84286e-11 0.17967)
(-2.58859e-11 2.74165e-11 0.155356)
(-4.01356e-11 1.58598e-11 0.108738)
(2.18028e-12 -5.4502e-12 0.0947721)
(-4.16975e-12 1.00842e-11 0.135889)
(-6.61275e-12 1.00039e-11 0.157764)
(-1.12688e-11 2.67115e-11 0.157764)
(-2.07259e-11 2.55956e-11 0.135889)
(-3.51742e-11 1.1121e-11 0.0947722)
(3.28917e-12 -2.96635e-12 0.0762192)
(-4.84449e-13 9.92533e-12 0.110014)
(-1.57784e-12 7.9106e-12 0.128345)
(-4.85013e-12 2.30724e-11 0.128345)
(-1.3447e-11 1.98306e-11 0.110014)
(-2.40872e-11 5.37707e-12 0.0762192)
(4.72222e-12 -2.7188e-13 0.0515468)
(4.0261e-12 8.74916e-12 0.075283)
(4.94655e-12 4.80034e-12 0.0883867)
(3.14972e-12 1.6161e-11 0.0883867)
(-4.09091e-12 1.18074e-11 0.075283)
(-1.93918e-11 3.14985e-12 0.0515468)
(2.35989e-12 2.03752e-13 0.0188236)
(1.7513e-12 3.51277e-12 0.0282041)
(2.62123e-12 3.70404e-13 0.0334563)
(2.27283e-12 6.61939e-12 0.0334563)
(-1.25508e-12 4.76077e-12 0.0282041)
(-8.7565e-12 1.27397e-12 0.0188236)
(-1.63193e-11 -1.20229e-11 0.133458)
(-3.15758e-11 1.23911e-11 0.190226)
(-3.69428e-11 2.77914e-11 0.218242)
(-5.48827e-11 4.0181e-11 0.218242)
(-5.24574e-11 8.67923e-11 0.190226)
(-1.77927e-10 8.41028e-11 0.133458)
(-1.39632e-11 -9.84195e-12 0.127314)
(-2.65138e-11 1.29255e-11 0.181475)
(-3.09636e-11 2.8251e-11 0.208665)
(-4.72891e-11 4.03567e-11 0.208665)
(-4.66382e-11 9.16508e-11 0.181475)
(-1.75051e-10 8.22164e-11 0.127314)
(-1.20101e-11 -7.43059e-12 0.119292)
(-2.16621e-11 1.35724e-11 0.170143)
(-2.52913e-11 2.85944e-11 0.196151)
(-3.90588e-11 4.04585e-11 0.196151)
(-4.00439e-11 9.72437e-11 0.170143)
(-1.71742e-10 7.9284e-11 0.119292)
(-1.00083e-11 -4.86899e-12 0.108738)
(-1.66677e-11 1.41578e-11 0.155356)
(-1.93462e-11 2.85636e-11 0.17967)
(-2.98227e-11 4.0288e-11 0.17967)
(-3.27352e-11 1.03773e-10 0.155356)
(-1.62188e-10 7.38373e-11 0.108738)
(-7.69803e-12 -2.22032e-12 0.0947721)
(-1.1542e-11 1.44978e-11 0.135889)
(-1.28936e-11 2.76809e-11 0.157764)
(-1.92451e-11 3.90974e-11 0.157764)
(-2.23795e-11 1.08151e-10 0.135889)
(-1.33584e-10 6.27014e-11 0.0947722)
(-4.03634e-12 5.30496e-13 0.0762192)
(-4.00135e-12 1.44437e-11 0.110014)
(-3.52643e-12 2.53509e-11 0.128345)
(-5.39017e-12 3.51222e-11 0.128345)
(-4.8339e-12 1.04381e-10 0.110014)
(-7.67236e-11 4.05661e-11 0.0762192)
(2.39175e-13 2.76009e-12 0.0515468)
(4.11137e-12 1.2694e-11 0.075283)
(6.90317e-12 2.01661e-11 0.0883867)
(8.08481e-12 2.54613e-11 0.0883867)
(1.49676e-11 7.88913e-11 0.075283)
(-5.92896e-12 9.39864e-12 0.0515468)
(1.00888e-12 1.72814e-12 0.0188236)
(3.44213e-12 5.42887e-12 0.0282041)
(5.11392e-12 8.66975e-12 0.0334563)
(7.01057e-12 8.20034e-12 0.0334563)
(1.30468e-11 3.0744e-11 0.0282041)
(1.09872e-11 -8.92644e-13 0.0188236)
(2.57127e-11 -1.13591e-12 0.133458)
(1.88882e-11 9.0484e-12 0.190226)
(1.59562e-11 1.51457e-11 0.218242)
(3.41848e-12 3.22152e-11 0.218242)
(-1.33718e-11 6.53548e-11 0.190226)
(-1.13032e-10 5.6959e-11 0.133458)
(2.50628e-11 -1.49678e-12 0.127314)
(1.90406e-11 8.43385e-12 0.181475)
(1.64052e-11 1.45658e-11 0.208665)
(4.32393e-12 3.31171e-11 0.208665)
(-1.18485e-11 7.04622e-11 0.181475)
(-1.09448e-10 5.51569e-11 0.127314)
(2.23519e-11 -1.76033e-12 0.119292)
(1.66887e-11 7.72076e-12 0.170143)
(1.35094e-11 1.38689e-11 0.196151)
(2.46514e-12 3.41494e-11 0.196151)
(-1.20995e-11 7.58466e-11 0.170143)
(-1.02669e-10 5.28705e-11 0.119292)
(1.86127e-11 -1.91378e-12 0.108738)
(1.28157e-11 6.80549e-12 0.155356)
(9.26222e-12 1.28232e-11 0.17967)
(-7.84622e-14 3.49266e-11 0.17967)
(-1.23405e-11 8.11434e-11 0.155356)
(-9.31661e-11 4.94472e-11 0.108738)
(1.41775e-11 -1.88266e-12 0.0947721)
(8.1967e-12 5.66092e-12 0.135889)
(4.39803e-12 1.11755e-11 0.157764)
(-2.95745e-12 3.45704e-11 0.157764)
(-1.16191e-11 8.30299e-11 0.135889)
(-7.61977e-11 4.37694e-11 0.0947722)
(1.11843e-11 -1.18648e-12 0.0762192)
(6.2242e-12 4.75755e-12 0.110014)
(3.13046e-12 8.7939e-12 0.128345)
(-2.10107e-12 3.13631e-11 0.128345)
(-6.53951e-12 7.87277e-11 0.110014)
(-5.52996e-11 3.51367e-11 0.0762192)
(9.30482e-12 3.48877e-13 0.0515468)
(7.18343e-12 4.03001e-12 0.075283)
(5.50381e-12 5.4866e-12 0.0883867)
(2.86975e-12 2.3278e-11 0.0883867)
(1.35377e-12 6.13873e-11 0.075283)
(-2.56202e-11 2.07358e-11 0.0515468)
(3.2211e-12 1.40795e-14 0.0188236)
(1.40029e-12 9.42941e-13 0.0282041)
(7.57558e-13 7.60808e-13 0.0334563)
(9.88007e-13 9.25962e-12 0.0334563)
(1.89405e-12 2.71763e-11 0.0282041)
(-6.54943e-12 8.00412e-12 0.0188236)
(-6.90435e-11 -1.05219e-10 0.133458)
(-1.31994e-10 -3.78796e-11 0.190226)
(-1.52553e-10 9.41049e-12 0.218242)
(-1.68913e-10 6.28061e-11 0.218242)
(-1.35386e-10 1.33852e-10 0.190226)
(-2.07429e-10 1.73104e-10 0.133458)
(-5.84989e-11 -9.54893e-11 0.127314)
(-1.15248e-10 -3.48177e-11 0.181475)
(-1.35e-10 9.61934e-12 0.208665)
(-1.49013e-10 6.0133e-11 0.208665)
(-1.17333e-10 1.32868e-10 0.181475)
(-1.95432e-10 1.62422e-10 0.127314)
(-4.68116e-11 -8.35934e-11 0.119292)
(-9.46867e-11 -3.01141e-11 0.170143)
(-1.12962e-10 1.01455e-11 0.196151)
(-1.24036e-10 5.6519e-11 0.196151)
(-9.58339e-11 1.30644e-10 0.170143)
(-1.86656e-10 1.49206e-10 0.119292)
(-3.42173e-11 -6.94513e-11 0.108738)
(-7.12373e-11 -2.36164e-11 0.155356)
(-8.70096e-11 1.08847e-11 0.17967)
(-9.47455e-11 5.16916e-11 0.17967)
(-7.31391e-11 1.28242e-10 0.155356)
(-1.84788e-10 1.33149e-10 0.108738)
(-2.09834e-11 -5.29995e-11 0.0947721)
(-4.58589e-11 -1.54489e-11 0.135889)
(-5.74097e-11 1.14659e-11 0.157764)
(-6.17389e-11 4.49575e-11 0.157764)
(-4.94394e-11 1.25304e-10 0.135889)
(-1.56603e-10 1.07712e-10 0.0947721)
(-5.99517e-12 -3.45559e-11 0.0762192)
(-1.80103e-11 -5.85717e-12 0.110014)
(-2.38898e-11 1.14709e-11 0.128345)
(-2.43616e-11 3.55328e-11 0.128345)
(-1.9142e-11 1.09945e-10 0.110014)
(-7.61501e-11 6.37952e-11 0.0762192)
(6.36478e-12 -1.56602e-11 0.0515468)
(6.32546e-12 3.02969e-12 0.075283)
(6.95483e-12 9.71026e-12 0.0883867)
(8.917e-12 2.06285e-11 0.0883867)
(1.64013e-11 7.02559e-11 0.075283)
(5.78487e-12 1.48743e-11 0.0515468)
(6.66422e-12 -2.05028e-12 0.0188236)
(1.01363e-11 4.78912e-12 0.0282041)
(1.36418e-11 3.82212e-12 0.0334563)
(1.54908e-11 2.44862e-12 0.0334563)
(1.7793e-11 1.82725e-11 0.0282041)
(1.89791e-11 -3.73587e-12 0.0188236)
(-1.11964e-10 -2.93424e-11 0.133458)
(-1.91389e-10 -1.09932e-10 0.190226)
(-2.35819e-10 -1.04259e-10 0.218242)
(-2.32143e-10 -3.46705e-11 0.218242)
(-1.76014e-10 -1.19031e-10 0.190226)
(2.26144e-10 -1.89658e-10 0.133458)
(-1.15722e-10 -2.75265e-11 0.127314)
(-1.95773e-10 -1.04585e-10 0.181475)
(-2.42584e-10 -1.05227e-10 0.208665)
(-2.41937e-10 -4.0525e-11 0.208665)
(-1.83103e-10 -1.45091e-10 0.181475)
(2.05818e-10 -1.88729e-10 0.127314)
(-1.10538e-10 -2.4302e-11 0.119292)
(-1.83536e-10 -9.80433e-11 0.170143)
(-2.29532e-10 -1.06019e-10 0.196151)
(-2.32512e-10 -4.77731e-11 0.196151)
(-1.75338e-10 -1.73873e-10 0.170143)
(1.86257e-10 -1.88725e-10 0.119292)
(-9.38652e-11 -1.87133e-11 0.108738)
(-1.54541e-10 -8.84186e-11 0.155356)
(-1.99767e-10 -1.04687e-10 0.17967)
(-2.066e-10 -5.81084e-11 0.17967)
(-1.48928e-10 -2.08241e-10 0.155356)
(1.84447e-10 -1.89218e-10 0.108738)
(-7.37524e-11 -1.15844e-11 0.0947722)
(-1.20315e-10 -7.68704e-11 0.135889)
(-1.62509e-10 -1.0114e-10 0.157764)
(-1.72205e-10 -6.74086e-11 0.157764)
(-1.22209e-10 -2.38856e-10 0.135889)
(1.52407e-10 -1.80767e-10 0.0947722)
(-5.51266e-11 -4.7506e-12 0.0762192)
(-9.40142e-11 -6.24358e-11 0.110014)
(-1.41519e-10 -9.21659e-11 0.128345)
(-1.50115e-10 -7.35992e-11 0.128345)
(-9.64818e-11 -2.53315e-10 0.110014)
(8.95908e-11 -1.5387e-10 0.0762192)
(-3.43223e-11 1.33242e-12 0.0515468)
(-6.36589e-11 -4.16571e-11 0.075283)
(-1.05459e-10 -7.21639e-11 0.0883867)
(-1.08618e-10 -7.04057e-11 0.0883867)
(-6.90129e-11 -2.23942e-10 0.075283)
(2.07282e-11 -1.05758e-10 0.0515468)
(-9.96088e-12 4.69085e-12 0.0188236)
(-1.83487e-11 -1.16155e-11 0.0282041)
(-3.20064e-11 -3.11914e-11 0.0334563)
(-3.56487e-11 -3.88974e-11 0.0334563)
(-2.92933e-11 -1.13578e-10 0.0282041)
(-1.49372e-12 -4.68331e-11 0.0188236)
)
;

boundaryField
{
    inlet
    {
        type            flowRateInletVelocity;
        massFlowRate    
        {
            type            constant;
            value           3.5e-05;
        }
        value           uniform (-0 -0 0.180848);
    }
    outlet
    {
        type            pressureInletOutletVelocity;
        value           nonuniform List<vector> 
228
(
(-2.59694e-11 -3.11533e-11 0.177321)
(-1.22221e-10 -1.36912e-10 0.236287)
(-1.52431e-10 -9.74216e-11 0.265657)
(-1.38076e-10 -9.09355e-12 0.265657)
(-9.02616e-11 3.47488e-11 0.236287)
(3.79193e-10 -1.89733e-10 0.177321)
(-2.31532e-11 -1.7266e-10 0.236287)
(-8.70592e-11 -1.78879e-10 0.294522)
(-1.19092e-10 -9.70999e-11 0.32369)
(-1.17564e-10 2.76666e-11 0.32369)
(-7.84913e-11 1.39982e-10 0.294522)
(6.29228e-11 -6.98048e-11 0.236287)
(1.96315e-11 -2.67905e-10 0.265657)
(-1.29261e-11 -2.02488e-10 0.32369)
(-2.90536e-11 -9.69001e-11 0.352757)
(-2.83811e-11 4.68528e-11 0.352757)
(-1.5231e-11 1.93017e-10 0.32369)
(4.6175e-11 5.42807e-11 0.265657)
(8.24544e-11 -2.62479e-10 0.265657)
(9.40694e-11 -2.0009e-10 0.32369)
(9.90389e-11 -9.55757e-11 0.352757)
(9.4557e-11 4.16223e-11 0.352757)
(8.69313e-11 1.92328e-10 0.32369)
(1.01862e-10 4.9136e-11 0.265657)
(1.72229e-10 -1.66389e-10 0.236287)
(2.21918e-10 -1.62629e-10 0.294522)
(2.27829e-10 -9.27943e-11 0.32369)
(2.33106e-10 2.20091e-11 0.32369)
(2.09613e-10 1.65112e-10 0.294522)
(1.82905e-10 -5.57566e-11 0.236287)
(2.4278e-11 -2.92562e-11 0.177321)
(1.02394e-10 -1.22569e-10 0.236287)
(4.3519e-11 -8.89931e-11 0.265657)
(8.30705e-11 7.13328e-12 0.265657)
(-7.3916e-11 1.1377e-10 0.236287)
(-1.97824e-10 -1.40612e-10 0.177321)
(8.57319e-12 -1.05879e-10 0.133458)
(5.45649e-11 -2.48068e-10 0.190226)
(5.91567e-11 -3.00448e-10 0.218242)
(6.45489e-11 -3.02805e-10 0.218242)
(1.17991e-10 -2.32841e-10 0.190226)
(4.66698e-11 -1.08857e-10 0.133458)
(9.97158e-12 -1.1013e-10 0.127314)
(6.54572e-11 -2.54603e-10 0.181475)
(6.59609e-11 -2.99778e-10 0.208665)
(6.19131e-11 -3.02541e-10 0.208665)
(1.09726e-10 -2.37139e-10 0.181475)
(4.70388e-11 -1.13045e-10 0.127314)
(1.22912e-11 -1.082e-10 0.119292)
(7.72874e-11 -2.46319e-10 0.170143)
(7.31626e-11 -2.81497e-10 0.196151)
(5.90868e-11 -2.83155e-10 0.196151)
(1.0022e-10 -2.24711e-10 0.170143)
(4.58673e-11 -1.08136e-10 0.119292)
(1.64883e-11 -9.36556e-11 0.108738)
(9.02012e-11 -2.19217e-10 0.155356)
(8.06595e-11 -2.44085e-10 0.17967)
(5.53568e-11 -2.44152e-10 0.17967)
(8.76461e-11 -1.92403e-10 0.155356)
(4.14113e-11 -8.85761e-11 0.108738)
(2.0243e-11 -7.67232e-11 0.0947721)
(1.01157e-10 -1.85278e-10 0.135889)
(8.65913e-11 -2.00801e-10 0.157764)
(5.03815e-11 -1.97715e-10 0.157764)
(7.30653e-11 -1.53162e-10 0.135889)
(3.47166e-11 -6.60596e-11 0.0947722)
(2.01728e-11 -6.78238e-11 0.0762192)
(1.03193e-10 -1.5996e-10 0.110014)
(8.69217e-11 -1.67135e-10 0.128345)
(4.3886e-11 -1.62148e-10 0.128345)
(5.72032e-11 -1.21646e-10 0.110014)
(2.65235e-11 -4.76166e-11 0.0762192)
(1.73863e-11 -5.18791e-11 0.0515468)
(9.05162e-11 -1.18398e-10 0.075283)
(7.53844e-11 -1.18302e-10 0.0883867)
(3.20492e-11 -1.11299e-10 0.0883867)
(3.61177e-11 -7.93735e-11 0.075283)
(1.52468e-11 -2.69743e-11 0.0515468)
(1.18363e-11 -1.75872e-11 0.0188236)
(4.94378e-11 -4.10322e-11 0.0282041)
(3.89392e-11 -3.68385e-11 0.0334563)
(1.05771e-11 -3.20007e-11 0.0334563)
(8.4292e-12 -2.11053e-11 0.0282041)
(2.4985e-12 -6.16094e-12 0.0188236)
(9.31863e-11 -4.30948e-11 0.133458)
(1.56188e-10 -1.31001e-10 0.190226)
(1.53574e-10 -1.05561e-10 0.218242)
(1.74351e-10 -3.8125e-11 0.218242)
(7.97374e-11 3.4068e-11 0.190226)
(-1.7176e-11 -3.80357e-12 0.133458)
(9.9774e-11 -4.27663e-11 0.127314)
(1.67404e-10 -1.30722e-10 0.181475)
(1.80319e-10 -1.08465e-10 0.208665)
(1.96485e-10 -4.55273e-11 0.208665)
(1.11761e-10 2.39021e-11 0.181475)
(4.89221e-12 8.18327e-12 0.127314)
(9.89908e-11 -4.09695e-11 0.119292)
(1.63983e-10 -1.28696e-10 0.170143)
(1.92331e-10 -1.10918e-10 0.196151)
(2.02756e-10 -5.3215e-11 0.196151)
(1.34752e-10 1.37434e-11 0.170143)
(2.01739e-11 1.94503e-11 0.119292)
(8.38855e-11 -3.64491e-11 0.108738)
(1.36029e-10 -1.22307e-10 0.155356)
(1.77284e-10 -1.11222e-10 0.17967)
(1.78824e-10 -6.17463e-11 0.17967)
(1.29328e-10 1.86547e-12 0.155356)
(1.49216e-11 2.69702e-11 0.108738)
(6.50483e-11 -2.97154e-11 0.0947722)
(1.03094e-10 -1.122e-10 0.135889)
(1.51892e-10 -1.09301e-10 0.157764)
(1.49652e-10 -6.94169e-11 0.157764)
(1.16613e-10 -9.32533e-12 0.135889)
(7.52311e-12 3.17352e-11 0.0947722)
(4.70604e-11 -2.19449e-11 0.0762192)
(7.32465e-11 -9.56163e-11 0.110014)
(1.39599e-10 -1.01175e-10 0.128345)
(1.3599e-10 -7.16933e-11 0.128345)
(1.18016e-10 -1.55892e-11 0.110014)
(7.28798e-12 3.31301e-11 0.0762192)
(2.6118e-11 -1.20308e-11 0.0515468)
(4.39439e-11 -6.77116e-11 0.075283)
(1.08714e-10 -7.86122e-11 0.0883867)
(1.09488e-10 -6.34267e-11 0.0883867)
(9.96915e-11 -1.95532e-11 0.075283)
(5.45565e-12 2.6443e-11 0.0515468)
(5.49312e-12 -1.48809e-12 0.0188236)
(9.50037e-12 -2.32749e-11 0.0282041)
(3.34621e-11 -3.125e-11 0.0334563)
(3.62612e-11 -3.43025e-11 0.0334563)
(3.4989e-11 -1.91804e-11 0.0282041)
(-5.58305e-13 8.52322e-12 0.0188236)
(2.11008e-10 -1.59857e-11 0.133458)
(1.97877e-10 2.75052e-12 0.127314)
(1.84623e-10 1.81087e-11 0.119292)
(1.72697e-10 1.92154e-11 0.108738)
(1.57897e-10 2.07854e-11 0.0947722)
(1.34863e-10 2.75095e-11 0.0762192)
(9.83885e-11 2.85053e-11 0.0515468)
(4.31172e-11 1.34667e-11 0.0188236)
(9.82235e-11 6.37303e-11 0.190226)
(1.04198e-10 9.03267e-11 0.181475)
(1.10211e-10 1.08279e-10 0.170143)
(1.16958e-10 1.04495e-10 0.155356)
(1.20477e-10 9.68713e-11 0.135889)
(1.14872e-10 9.73784e-11 0.110014)
(9.51365e-11 8.22083e-11 0.075283)
(4.87703e-11 3.10362e-11 0.0282041)
(8.193e-11 1.19304e-10 0.218242)
(8.80246e-11 1.37643e-10 0.208665)
(9.42772e-11 1.45826e-10 0.196151)
(1.00729e-10 1.31675e-10 0.17967)
(1.04766e-10 1.14723e-10 0.157764)
(1.02513e-10 1.09903e-10 0.128345)
(8.74577e-11 8.99177e-11 0.0883867)
(4.49729e-11 3.01532e-11 0.0334563)
(7.96091e-11 1.21812e-10 0.218242)
(7.64923e-11 1.40768e-10 0.208665)
(7.36737e-11 1.47835e-10 0.196151)
(7.0418e-11 1.32442e-10 0.17967)
(6.60905e-11 1.12192e-10 0.157764)
(5.96444e-11 1.06083e-10 0.128345)
(4.48102e-11 8.34289e-11 0.0883867)
(1.4951e-11 2.44159e-11 0.0334563)
(1.50303e-10 4.48524e-11 0.190226)
(1.45171e-10 6.69669e-11 0.181475)
(1.40281e-10 8.03729e-11 0.170143)
(1.32944e-10 7.15798e-11 0.155356)
(1.23845e-10 5.74642e-11 0.135889)
(1.10072e-10 5.21312e-11 0.110014)
(8.18439e-11 3.59231e-11 0.075283)
(3.00859e-11 5.00978e-12 0.0282041)
(-2.22888e-11 -1.88915e-11 0.133458)
(-8.97215e-12 -2.91548e-12 0.127314)
(5.00134e-12 7.55568e-12 0.119292)
(1.68886e-11 1.72081e-12 0.108738)
(2.63143e-11 -5.41333e-12 0.0947722)
(3.08141e-11 -1.08319e-11 0.0762192)
(2.65779e-11 -1.46574e-11 0.0515468)
(1.13892e-11 -9.66789e-12 0.0188236)
(-1.11964e-10 -2.93424e-11 0.133458)
(-1.15722e-10 -2.75265e-11 0.127314)
(-1.10538e-10 -2.4302e-11 0.119292)
(-9.38652e-11 -1.87133e-11 0.108738)
(-7.37524e-11 -1.15844e-11 0.0947722)
(-5.51266e-11 -4.7506e-12 0.0762192)
(-3.43223e-11 1.33242e-12 0.0515468)
(-9.96088e-12 4.69085e-12 0.0188236)
(-1.91389e-10 -1.09932e-10 0.190226)
(-1.95773e-10 -1.04585e-10 0.181475)
(-1.83536e-10 -9.80433e-11 0.170143)
(-1.54541e-10 -8.84186e-11 0.155356)
(-1.20315e-10 -7.68704e-11 0.135889)
(-9.40142e-11 -6.24358e-11 0.110014)
(-6.36589e-11 -4.16571e-11 0.075283)
(-1.83487e-11 -1.16155e-11 0.0282041)
(-2.35819e-10 -1.04259e-10 0.218242)
(-2.42584e-10 -1.05227e-10 0.208665)
(-2.29532e-10 -1.06019e-10 0.196151)
(-1.99767e-10 -1.04687e-10 0.17967)
(-1.62509e-10 -1.0114e-10 0.157764)
(-1.41519e-10 -9.21659e-11 0.128345)
(-1.05459e-10 -7.21639e-11 0.0883867)
(-3.20064e-11 -3.11914e-11 0.0334563)
(-2.32143e-10 -3.46705e-11 0.218242)
(-2.41937e-10 -4.0525e-11 0.208665)
(-2.32512e-10 -4.77731e-11 0.196151)
(-2.066e-10 -5.81084e-11 0.17967)
(-1.72205e-10 -6.74086e-11 0.157764)
(-1.50115e-10 -7.35992e-11 0.128345)
(-1.08618e-10 -7.04057e-11 0.0883867)
(-3.56487e-11 -3.88974e-11 0.0334563)
(-1.76014e-10 -1.19031e-10 0.190226)
(-1.83103e-10 -1.45091e-10 0.181475)
(-1.75338e-10 -1.73873e-10 0.170143)
(-1.48928e-10 -2.08241e-10 0.155356)
(-1.22209e-10 -2.38856e-10 0.135889)
(-9.64818e-11 -2.53315e-10 0.110014)
(-6.90129e-11 -2.23942e-10 0.075283)
(-2.92933e-11 -1.13578e-10 0.0282041)
(2.26144e-10 -1.89658e-10 0.133458)
(2.05818e-10 -1.88729e-10 0.127314)
(1.86257e-10 -1.88725e-10 0.119292)
(1.84447e-10 -1.89218e-10 0.108738)
(1.52407e-10 -1.80767e-10 0.0947722)
(8.95908e-11 -1.5387e-10 0.0762192)
(2.07282e-11 -1.05758e-10 0.0515468)
(-1.49372e-12 -4.68331e-11 0.0188236)
)
;
    }
    wall
    {
        type            noSlip;
    }
}


// ************************************************************************* //
