/*--------------------------------*- C++ -*----------------------------------*\
  =========                 |
  \\      /  F ield         | OpenFOAM: The Open Source CFD Toolbox
   \\    /   O peration     | Website:  https://openfoam.org
    \\  /    A nd           | Version:  12
     \\/     M anipulation  |
\*---------------------------------------------------------------------------*/
FoamFile
{
    format      ascii;
    class       volScalarField;
    location    "400";
    object      T;
}
// * * * * * * * * * * * * * * * * * * * * * * * * * * * * * * * * * * * * * //

dimensions      [0 0 0 1 0 0 0];

internalField   nonuniform List<scalar> 
18240
(
298.252
298.164
298.148
298.148
298.164
298.252
298.164
298.151
298.15
298.15
298.151
298.164
298.148
298.15
298.15
298.15
298.15
298.148
298.148
298.15
298.15
298.15
298.15
298.148
298.164
298.151
298.15
298.15
298.151
298.164
298.252
298.164
298.148
298.148
298.164
298.252
298.597
298.225
298.162
298.162
298.225
298.597
298.225
298.15
298.147
298.147
298.15
298.225
298.162
298.147
298.15
298.15
298.147
298.162
298.162
298.147
298.15
298.15
298.147
298.162
298.225
298.15
298.147
298.147
298.15
298.225
298.597
298.225
298.162
298.162
298.225
298.597
299.238
298.402
298.232
298.232
298.402
299.238
298.402
298.165
298.145
298.145
298.165
298.402
298.232
298.145
298.147
298.147
298.145
298.232
298.232
298.145
298.147
298.147
298.145
298.232
298.402
298.165
298.145
298.145
298.165
298.402
299.238
298.402
298.232
298.232
298.402
299.238
299.909
298.633
298.337
298.337
298.633
299.909
298.633
298.205
298.152
298.152
298.205
298.633
298.337
298.152
298.146
298.146
298.152
298.337
298.337
298.152
298.146
298.146
298.152
298.337
298.633
298.205
298.152
298.152
298.205
298.633
299.909
298.633
298.337
298.337
298.633
299.909
300.633
298.929
298.487
298.487
298.929
300.633
298.929
298.273
298.171
298.171
298.273
298.929
298.487
298.171
298.147
298.147
298.171
298.487
298.487
298.171
298.147
298.147
298.171
298.487
298.929
298.273
298.171
298.171
298.273
298.929
300.633
298.929
298.487
298.487
298.929
300.633
301.387
299.287
298.685
298.685
299.287
301.387
299.287
298.371
298.203
298.203
298.371
299.287
298.685
298.203
298.15
298.15
298.203
298.685
298.685
298.203
298.15
298.15
298.203
298.685
299.287
298.371
298.203
298.203
298.371
299.287
301.387
299.287
298.685
298.685
299.287
301.387
302.134
299.688
298.926
298.926
299.688
302.134
299.688
298.498
298.25
298.25
298.498
299.688
298.926
298.25
298.159
298.159
298.25
298.926
298.926
298.25
298.159
298.159
298.25
298.926
299.688
298.498
298.25
298.25
298.498
299.688
302.134
299.688
298.926
298.926
299.688
302.134
302.862
300.119
299.204
299.204
300.119
302.862
300.119
298.654
298.315
298.315
298.654
300.119
299.204
298.315
298.173
298.173
298.315
299.204
299.204
298.315
298.173
298.173
298.315
299.204
300.119
298.654
298.315
298.315
298.654
300.119
302.862
300.119
299.204
299.204
300.119
302.862
303.569
300.572
299.512
299.512
300.572
303.569
300.572
298.836
298.398
298.398
298.836
300.572
299.512
298.398
298.194
298.194
298.398
299.512
299.512
298.398
298.194
298.194
298.398
299.512
300.572
298.836
298.398
298.398
298.836
300.572
303.569
300.572
299.512
299.512
300.572
303.569
304.254
301.037
299.845
299.845
301.037
304.254
301.037
299.042
298.498
298.498
299.042
301.037
299.845
298.498
298.223
298.223
298.498
299.845
299.845
298.498
298.223
298.223
298.498
299.845
301.037
299.042
298.498
298.498
299.042
301.037
304.254
301.037
299.845
299.845
301.037
304.254
304.919
301.511
300.197
300.197
301.511
304.919
301.511
299.269
298.616
298.616
299.269
301.511
300.197
298.616
298.262
298.262
298.616
300.197
300.197
298.616
298.262
298.262
298.616
300.197
301.511
299.269
298.616
298.616
299.269
301.511
304.919
301.511
300.197
300.197
301.511
304.919
305.564
301.989
300.564
300.564
301.989
305.564
301.989
299.515
298.752
298.752
299.515
301.989
300.564
298.752
298.312
298.312
298.752
300.564
300.564
298.752
298.312
298.312
298.752
300.564
301.989
299.515
298.752
298.752
299.515
301.989
305.564
301.989
300.564
300.564
301.989
305.564
306.192
302.47
300.943
300.943
302.47
306.192
302.47
299.777
298.905
298.905
299.777
302.47
300.943
298.905
298.372
298.372
298.905
300.943
300.943
298.905
298.372
298.372
298.905
300.943
302.47
299.777
298.905
298.905
299.777
302.47
306.192
302.47
300.943
300.943
302.47
306.192
306.803
302.952
301.332
301.332
302.952
306.803
302.952
300.055
299.073
299.073
300.055
302.952
301.332
299.073
298.444
298.444
299.073
301.332
301.332
299.073
298.444
298.444
299.073
301.332
302.952
300.055
299.073
299.073
300.055
302.952
306.803
302.952
301.332
301.332
302.952
306.803
307.4
303.433
301.728
301.728
303.433
307.4
303.433
300.346
299.257
299.257
300.346
303.433
301.728
299.257
298.528
298.528
299.257
301.728
301.728
299.257
298.528
298.528
299.257
301.728
303.433
300.346
299.257
299.257
300.346
303.433
307.4
303.433
301.728
301.728
303.433
307.4
307.984
303.913
302.13
302.13
303.913
307.984
303.913
300.648
299.455
299.455
300.648
303.913
302.13
299.455
298.625
298.625
299.455
302.13
302.13
299.455
298.625
298.625
299.455
302.13
303.913
300.648
299.455
299.455
300.648
303.913
307.984
303.913
302.13
302.13
303.913
307.984
308.555
304.39
302.536
302.536
304.39
308.555
304.39
300.96
299.667
299.667
300.96
304.39
302.536
299.667
298.734
298.734
299.667
302.536
302.536
299.667
298.734
298.734
299.667
302.536
304.39
300.96
299.667
299.667
300.96
304.39
308.555
304.39
302.536
302.536
304.39
308.555
309.115
304.865
302.945
302.945
304.865
309.115
304.865
301.281
299.891
299.891
301.281
304.865
302.945
299.891
298.856
298.856
299.891
302.945
302.945
299.891
298.856
298.856
299.891
302.945
304.865
301.281
299.891
299.891
301.281
304.865
309.115
304.865
302.945
302.945
304.865
309.115
309.664
305.337
303.356
303.356
305.337
309.664
305.337
301.61
300.127
300.127
301.61
305.337
303.356
300.127
298.99
298.99
300.127
303.356
303.356
300.127
298.99
298.99
300.127
303.356
305.337
301.61
300.127
300.127
301.61
305.337
309.664
305.337
303.356
303.356
305.337
309.664
310.204
305.806
303.768
303.768
305.806
310.204
305.806
301.946
300.373
300.373
301.946
305.806
303.768
300.373
299.137
299.137
300.373
303.768
303.768
300.373
299.137
299.137
300.373
303.768
305.806
301.946
300.373
300.373
301.946
305.806
310.204
305.806
303.768
303.768
305.806
310.204
310.735
306.273
304.182
304.182
306.273
310.735
306.273
302.289
300.63
300.63
302.289
306.273
304.182
300.63
299.296
299.296
300.63
304.182
304.182
300.63
299.296
299.296
300.63
304.182
306.273
302.289
300.63
300.63
302.289
306.273
310.735
306.273
304.182
304.182
306.273
310.735
311.257
306.736
304.597
304.597
306.736
311.257
306.736
302.636
300.896
300.896
302.636
306.736
304.597
300.896
299.467
299.467
300.896
304.597
304.597
300.896
299.467
299.467
300.896
304.597
306.736
302.636
300.896
300.896
302.636
306.736
311.257
306.736
304.597
304.597
306.736
311.257
311.772
307.196
305.012
305.012
307.196
311.772
307.196
302.988
301.171
301.171
302.988
307.196
305.012
301.171
299.65
299.65
301.171
305.012
305.012
301.171
299.65
299.65
301.171
305.012
307.196
302.988
301.171
301.171
302.988
307.196
311.772
307.196
305.012
305.012
307.196
311.772
312.279
307.653
305.427
305.427
307.653
312.279
307.653
303.345
301.454
301.454
303.345
307.653
305.427
301.454
299.844
299.844
301.454
305.427
305.427
301.454
299.844
299.844
301.454
305.427
307.653
303.345
301.454
301.454
303.345
307.653
312.279
307.653
305.427
305.427
307.653
312.279
312.78
308.108
305.842
305.842
308.108
312.78
308.108
303.705
301.745
301.745
303.705
308.108
305.842
301.745
300.049
300.049
301.745
305.842
305.842
301.745
300.049
300.049
301.745
305.842
308.108
303.705
301.745
301.745
303.705
308.108
312.78
308.108
305.842
305.842
308.108
312.78
313.274
308.559
306.256
306.256
308.559
313.274
308.559
304.069
302.043
302.043
304.069
308.559
306.256
302.043
300.264
300.264
302.043
306.256
306.256
302.043
300.264
300.264
302.043
306.256
308.559
304.069
302.043
302.043
304.069
308.559
313.274
308.559
306.256
306.256
308.559
313.274
313.763
309.008
306.671
306.671
309.008
313.763
309.008
304.436
302.347
302.347
304.436
309.008
306.671
302.347
300.489
300.489
302.347
306.671
306.671
302.347
300.489
300.489
302.347
306.671
309.008
304.436
302.347
302.347
304.436
309.008
313.763
309.008
306.671
306.671
309.008
313.763
314.246
309.454
307.085
307.085
309.454
314.246
309.454
304.806
302.657
302.657
304.806
309.454
307.085
302.657
300.724
300.724
302.657
307.085
307.085
302.657
300.724
300.724
302.657
307.085
309.454
304.806
302.657
302.657
304.806
309.454
314.246
309.454
307.085
307.085
309.454
314.246
314.725
309.898
307.499
307.499
309.898
314.725
309.898
305.178
302.973
302.973
305.178
309.898
307.499
302.973
300.968
300.968
302.973
307.499
307.499
302.973
300.968
300.968
302.973
307.498
309.898
305.178
302.973
302.973
305.178
309.898
314.725
309.898
307.499
307.498
309.898
314.725
315.198
310.34
307.912
307.912
310.34
315.198
310.34
305.552
303.295
303.295
305.552
310.34
307.912
303.295
301.22
301.22
303.295
307.912
307.912
303.295
301.22
301.22
303.295
307.912
310.34
305.552
303.295
303.295
305.552
310.34
315.198
310.34
307.912
307.912
310.34
315.198
315.667
310.779
308.324
308.324
310.779
315.667
310.779
305.928
303.621
303.621
305.928
310.779
308.324
303.621
301.481
301.481
303.621
308.324
308.324
303.621
301.481
301.481
303.621
308.324
310.779
305.928
303.621
303.621
305.928
310.779
315.667
310.779
308.324
308.324
310.779
315.667
316.132
311.216
308.737
308.737
311.216
316.132
311.216
306.306
303.952
303.952
306.306
311.216
308.737
303.952
301.75
301.75
303.952
308.737
308.737
303.952
301.75
301.75
303.952
308.737
311.216
306.306
303.952
303.952
306.306
311.216
316.132
311.216
308.737
308.737
311.216
316.132
316.593
311.651
309.148
309.148
311.651
316.593
311.651
306.686
304.287
304.287
306.686
311.651
309.148
304.287
302.027
302.027
304.287
309.148
309.148
304.287
302.027
302.027
304.287
309.148
311.651
306.686
304.287
304.287
306.686
311.651
316.593
311.651
309.148
309.148
311.651
316.593
317.05
312.084
309.56
309.56
312.084
317.05
312.084
307.068
304.627
304.627
307.068
312.084
309.56
304.627
302.31
302.31
304.627
309.56
309.56
304.627
302.31
302.31
304.627
309.56
312.084
307.068
304.627
304.627
307.068
312.084
317.05
312.084
309.56
309.56
312.084
317.05
317.504
312.515
309.97
309.97
312.515
317.504
312.515
307.45
304.97
304.97
307.45
312.515
309.97
304.97
302.6
302.6
304.97
309.97
309.97
304.97
302.6
302.6
304.97
309.97
312.515
307.45
304.97
304.97
307.45
312.515
317.504
312.515
309.97
309.97
312.515
317.504
317.954
312.945
310.381
310.381
312.945
317.954
312.945
307.834
305.316
305.316
307.834
312.945
310.381
305.316
302.897
302.897
305.316
310.381
310.381
305.316
302.897
302.897
305.316
310.381
312.945
307.834
305.316
305.316
307.834
312.945
317.954
312.945
310.381
310.381
312.945
317.954
318.401
313.372
310.791
310.791
313.372
318.401
313.372
308.219
305.666
305.666
308.219
313.372
310.791
305.666
303.199
303.199
305.666
310.791
310.791
305.666
303.199
303.199
305.666
310.791
313.372
308.219
305.666
305.666
308.219
313.372
318.401
313.372
310.791
310.791
313.372
318.401
318.845
313.799
311.2
311.2
313.799
318.845
313.799
308.606
306.02
306.02
308.606
313.799
311.2
306.02
303.508
303.508
306.02
311.2
311.2
306.02
303.508
303.508
306.02
311.2
313.799
308.606
306.02
306.02
308.606
313.799
318.845
313.799
311.2
311.2
313.799
318.845
319.287
314.223
311.609
311.609
314.223
319.287
314.223
308.993
306.376
306.376
308.993
314.223
311.609
306.376
303.821
303.821
306.376
311.609
311.609
306.376
303.821
303.821
306.376
311.609
314.223
308.993
306.376
306.376
308.993
314.223
319.287
314.223
311.609
311.609
314.223
319.287
319.725
314.646
312.017
312.017
314.646
319.725
314.646
309.381
306.734
306.734
309.381
314.646
312.017
306.734
304.14
304.14
306.734
312.017
312.017
306.734
304.14
304.14
306.734
312.017
314.646
309.381
306.734
306.734
309.381
314.646
319.725
314.646
312.017
312.017
314.646
319.725
320.161
315.068
312.425
312.425
315.068
320.161
315.068
309.77
307.096
307.096
309.77
315.068
312.425
307.096
304.464
304.464
307.096
312.425
312.425
307.096
304.464
304.464
307.096
312.425
315.068
309.77
307.096
307.096
309.77
315.068
320.161
315.068
312.425
312.425
315.068
320.161
320.595
315.488
312.833
312.833
315.488
320.595
315.488
310.159
307.459
307.459
310.159
315.488
312.833
307.459
304.792
304.792
307.459
312.833
312.833
307.459
304.792
304.792
307.459
312.833
315.488
310.159
307.459
307.459
310.159
315.488
320.595
315.488
312.833
312.833
315.488
320.595
321.026
315.907
313.24
313.24
315.907
321.026
315.907
310.549
307.825
307.825
310.549
315.907
313.24
307.825
305.124
305.124
307.825
313.24
313.24
307.825
305.124
305.124
307.825
313.24
315.907
310.549
307.825
307.825
310.549
315.907
321.026
315.907
313.24
313.24
315.907
321.026
321.455
316.325
313.646
313.646
316.325
321.455
316.325
310.94
308.193
308.193
310.94
316.325
313.646
308.193
305.461
305.461
308.193
313.646
313.646
308.193
305.461
305.461
308.193
313.646
316.325
310.94
308.193
308.193
310.94
316.325
321.455
316.325
313.646
313.646
316.325
321.454
321.881
316.742
314.053
314.053
316.742
321.881
316.742
311.332
308.563
308.563
311.332
316.742
314.053
308.563
305.801
305.801
308.563
314.053
314.053
308.563
305.801
305.801
308.563
314.053
316.742
311.332
308.563
308.563
311.332
316.742
321.881
316.742
314.053
314.053
316.742
321.881
322.305
317.157
314.458
314.458
317.157
322.305
317.157
311.724
308.935
308.935
311.724
317.157
314.458
308.935
306.145
306.145
308.935
314.458
314.458
308.935
306.145
306.145
308.935
314.458
317.157
311.724
308.935
308.935
311.724
317.157
322.305
317.157
314.458
314.458
317.157
322.305
322.727
317.571
314.864
314.864
317.571
322.727
317.571
312.116
309.308
309.308
312.116
317.571
314.864
309.308
306.492
306.492
309.308
314.864
314.864
309.308
306.492
306.492
309.308
314.864
317.571
312.116
309.308
309.308
312.116
317.571
322.727
317.571
314.864
314.864
317.571
322.727
323.147
317.984
315.269
315.269
317.984
323.147
317.984
312.509
309.683
309.683
312.509
317.984
315.269
309.683
306.842
306.842
309.683
315.269
315.269
309.683
306.842
306.842
309.683
315.269
317.984
312.509
309.683
309.683
312.509
317.984
323.147
317.984
315.269
315.269
317.984
323.147
323.565
318.396
315.673
315.673
318.396
323.565
318.396
312.902
310.06
310.06
312.902
318.396
315.673
310.06
307.196
307.196
310.06
315.673
315.673
310.06
307.196
307.196
310.06
315.673
318.396
312.902
310.06
310.06
312.902
318.396
323.565
318.396
315.673
315.673
318.396
323.565
323.981
318.807
316.077
316.077
318.807
323.981
318.807
313.295
310.438
310.438
313.295
318.807
316.077
310.438
307.552
307.552
310.438
316.077
316.077
310.438
307.552
307.552
310.438
316.077
318.807
313.295
310.438
310.438
313.295
318.807
323.981
318.807
316.077
316.077
318.807
323.981
324.395
319.216
316.481
316.481
319.216
324.395
319.216
313.689
310.817
310.817
313.689
319.216
316.481
310.817
307.91
307.91
310.817
316.481
316.481
310.817
307.91
307.91
310.817
316.481
319.216
313.689
310.817
310.817
313.689
319.216
324.395
319.216
316.481
316.481
319.216
324.395
324.807
319.625
316.884
316.884
319.625
324.806
319.625
314.083
311.197
311.197
314.083
319.625
316.884
311.197
308.272
308.272
311.197
316.884
316.884
311.197
308.272
308.272
311.197
316.884
319.625
314.083
311.197
311.197
314.083
319.625
324.806
319.625
316.884
316.884
319.625
324.806
325.216
320.032
317.287
317.287
320.032
325.216
320.032
314.477
311.579
311.579
314.477
320.032
317.287
311.579
308.635
308.635
311.579
317.287
317.287
311.579
308.635
308.635
311.579
317.287
320.032
314.477
311.579
311.579
314.477
320.032
325.216
320.032
317.287
317.287
320.032
325.216
325.624
320.438
317.689
317.689
320.438
325.624
320.438
314.871
311.961
311.961
314.871
320.438
317.689
311.961
309.001
309.001
311.961
317.689
317.689
311.961
309.001
309.001
311.961
317.689
320.438
314.871
311.961
311.961
314.871
320.438
325.624
320.438
317.689
317.689
320.438
325.624
326.03
320.843
318.09
318.09
320.843
326.03
320.843
315.265
312.345
312.345
315.265
320.843
318.09
312.345
309.368
309.368
312.345
318.09
318.09
312.345
309.368
309.368
312.345
318.09
320.843
315.265
312.345
312.345
315.265
320.843
326.03
320.843
318.09
318.09
320.843
326.03
326.434
321.247
318.491
318.491
321.247
326.434
321.247
315.659
312.729
312.729
315.659
321.247
318.491
312.729
309.738
309.738
312.729
318.491
318.491
312.729
309.738
309.738
312.729
318.491
321.247
315.659
312.729
312.729
315.659
321.247
326.434
321.247
318.491
318.491
321.247
326.434
326.836
321.65
318.891
318.891
321.65
326.836
321.65
316.053
313.114
313.114
316.053
321.65
318.891
313.114
310.109
310.109
313.114
318.891
318.891
313.114
310.109
310.109
313.114
318.891
321.65
316.053
313.114
313.114
316.053
321.65
326.836
321.65
318.891
318.891
321.65
326.836
327.235
322.052
319.291
319.291
322.052
327.235
322.052
316.447
313.499
313.499
316.447
322.052
319.291
313.499
310.482
310.482
313.499
319.291
319.291
313.499
310.482
310.482
313.499
319.291
322.052
316.447
313.499
313.499
316.447
322.052
327.235
322.052
319.291
319.291
322.052
327.235
327.633
322.452
319.69
319.69
322.452
327.633
322.452
316.841
313.886
313.886
316.841
322.452
319.69
313.886
310.856
310.856
313.886
319.69
319.69
313.886
310.856
310.856
313.886
319.69
322.452
316.841
313.886
313.886
316.841
322.452
327.633
322.452
319.69
319.69
322.452
327.633
328.029
322.851
320.089
320.089
322.851
328.029
322.851
317.234
314.272
314.272
317.234
322.851
320.089
314.272
311.232
311.232
314.272
320.089
320.089
314.272
311.232
311.232
314.272
320.089
322.851
317.234
314.272
314.272
317.234
322.851
328.029
322.851
320.089
320.088
322.851
328.029
328.423
323.249
320.486
320.486
323.249
328.423
323.249
317.627
314.66
314.66
317.627
323.249
320.486
314.66
311.609
311.609
314.66
320.486
320.486
314.66
311.609
311.609
314.659
320.486
323.249
317.627
314.66
314.659
317.627
323.249
328.423
323.249
320.486
320.486
323.249
328.423
328.814
323.646
320.883
320.883
323.646
328.814
323.646
318.02
315.047
315.047
318.02
323.646
320.883
315.047
311.987
311.987
315.047
320.883
320.883
315.047
311.987
311.987
315.047
320.883
323.646
318.02
315.047
315.047
318.02
323.646
328.814
323.646
320.883
320.883
323.646
328.815
329.204
324.041
321.279
321.279
324.041
329.204
324.041
318.413
315.435
315.435
318.413
324.041
321.279
315.435
312.367
312.367
315.435
321.279
321.279
315.435
312.367
312.367
315.435
321.279
324.041
318.413
315.435
315.435
318.413
324.041
329.204
324.041
321.279
321.279
324.041
329.204
329.591
324.435
321.674
321.674
324.435
329.591
324.435
318.805
315.823
315.823
318.805
324.436
321.674
315.823
312.747
312.747
315.823
321.674
321.674
315.823
312.747
312.747
315.823
321.674
324.435
318.805
315.823
315.823
318.805
324.435
329.591
324.435
321.674
321.674
324.435
329.592
329.977
324.828
322.069
322.069
324.828
329.977
324.828
319.197
316.211
316.211
319.197
324.828
322.069
316.211
313.128
313.128
316.211
322.069
322.069
316.211
313.128
313.128
316.211
322.069
324.828
319.197
316.211
316.211
319.197
324.828
329.977
324.828
322.069
322.069
324.828
329.977
330.36
325.219
322.462
322.462
325.219
330.36
325.219
319.588
316.599
316.599
319.588
325.22
322.462
316.599
313.51
313.51
316.599
322.462
322.462
316.599
313.51
313.51
316.599
322.462
325.219
319.588
316.599
316.599
319.588
325.22
330.36
325.22
322.462
322.462
325.22
330.36
330.741
325.609
322.855
322.855
325.609
330.741
325.609
319.979
316.988
316.988
319.979
325.609
322.855
316.988
313.893
313.893
316.988
322.855
322.855
316.988
313.893
313.893
316.988
322.855
325.609
319.979
316.988
316.988
319.979
325.609
330.741
325.609
322.855
322.855
325.609
330.741
331.119
325.998
323.246
323.246
325.998
331.12
325.998
320.369
317.376
317.376
320.369
325.998
323.246
317.376
314.276
314.276
317.376
323.246
323.246
317.376
314.276
314.276
317.376
323.246
325.998
320.369
317.376
317.376
320.369
325.998
331.119
325.998
323.246
323.246
325.998
331.12
331.496
326.385
323.637
323.637
326.385
331.496
326.385
320.759
317.764
317.764
320.759
326.385
323.637
317.764
314.66
314.66
317.764
323.637
323.637
317.764
314.66
314.66
317.764
323.637
326.385
320.759
317.764
317.764
320.759
326.385
331.496
326.385
323.637
323.637
326.385
331.496
331.87
326.77
324.026
324.026
326.77
331.87
326.77
321.148
318.152
318.152
321.147
326.77
324.026
318.152
315.044
315.044
318.152
324.026
324.026
318.152
315.044
315.044
318.152
324.026
326.77
321.147
318.152
318.152
321.147
326.77
331.87
326.77
324.026
324.026
326.77
331.87
332.241
327.154
324.414
324.414
327.154
332.242
327.154
321.536
318.54
318.54
321.535
327.154
324.414
318.54
315.429
315.429
318.54
324.415
324.414
318.54
315.429
315.429
318.54
324.415
327.154
321.535
318.54
318.54
321.535
327.154
332.242
327.154
324.415
324.415
327.154
332.242
332.611
327.536
324.802
324.802
327.536
332.611
327.536
321.923
318.928
318.928
321.923
327.536
324.802
318.928
315.814
315.814
318.928
324.802
324.801
318.928
315.814
315.814
318.928
324.802
327.536
321.923
318.928
318.928
321.923
327.536
332.611
327.536
324.802
324.802
327.536
332.612
332.978
327.916
325.187
325.187
327.916
332.978
327.916
322.309
319.315
319.315
322.309
327.917
325.187
319.315
316.199
316.199
319.315
325.187
325.187
319.315
316.199
316.199
319.315
325.187
327.916
322.309
319.315
319.315
322.309
327.917
332.978
327.916
325.187
325.187
327.917
332.979
333.343
328.295
325.572
325.572
328.295
333.343
328.295
322.695
319.702
319.702
322.695
328.295
325.572
319.702
316.585
316.585
319.702
325.572
325.572
319.702
316.585
316.584
319.702
325.572
328.295
322.695
319.702
319.702
322.695
328.295
333.343
328.295
325.572
325.572
328.295
333.344
333.705
328.672
325.955
325.955
328.672
333.705
328.672
323.079
320.088
320.088
323.079
328.672
325.955
320.088
316.97
316.97
320.088
325.955
325.955
320.088
316.97
316.97
320.088
325.955
328.672
323.079
320.088
320.088
323.079
328.672
333.705
328.672
325.955
325.955
328.672
333.706
334.065
329.048
326.338
326.338
329.048
334.066
329.048
323.463
320.475
320.475
323.463
329.048
326.338
320.475
317.356
317.356
320.475
326.338
326.338
320.475
317.356
317.356
320.475
326.338
329.048
323.463
320.475
320.475
323.463
329.048
334.066
329.048
326.338
326.338
329.048
334.066
334.42
329.418
326.715
326.715
329.418
334.42
329.418
323.842
320.857
320.857
323.842
329.419
326.715
320.857
317.738
317.738
320.857
326.715
326.715
320.857
317.738
317.738
320.857
326.715
329.418
323.842
320.857
320.857
323.842
329.419
334.42
329.419
326.715
326.715
329.419
334.421
334.786
329.802
327.107
327.107
329.802
334.786
329.802
324.236
321.254
321.254
324.236
329.802
327.107
321.254
318.137
318.137
321.254
327.107
327.107
321.254
318.137
318.137
321.254
327.107
329.802
324.236
321.254
321.254
324.236
329.803
334.786
329.802
327.107
327.107
329.803
334.787
335.089
330.119
327.43
327.43
330.12
335.09
330.119
324.562
321.583
321.583
324.562
330.12
327.43
321.583
318.466
318.466
321.583
327.431
327.43
321.583
318.466
318.466
321.583
327.431
330.12
324.562
321.583
321.583
324.562
330.12
335.09
330.12
327.431
327.431
330.12
335.09
335.65
330.711
328.036
328.036
330.711
335.651
330.711
325.173
322.201
322.201
325.173
330.712
328.036
322.201
319.088
319.088
322.201
328.036
328.036
322.201
319.088
319.087
322.201
328.036
330.711
325.173
322.201
322.201
325.173
330.712
335.651
330.712
328.036
328.036
330.712
335.652
298.399
298.427
298.475
298.557
298.697
298.948
299.429
300.452
298.194
298.205
298.225
298.261
298.335
298.502
298.924
300.118
298.15
298.152
298.159
298.174
298.214
298.332
298.709
299.976
298.15
298.152
298.159
298.174
298.214
298.332
298.709
299.976
298.194
298.205
298.225
298.261
298.335
298.502
298.924
300.118
298.399
298.427
298.475
298.557
298.697
298.948
299.429
300.452
299.38
299.504
299.696
299.995
300.471
301.231
302.442
304.292
298.469
298.538
298.654
298.856
299.223
299.915
301.245
303.703
298.261
298.295
298.363
298.499
298.778
299.376
300.682
303.392
298.261
298.295
298.363
298.499
298.778
299.376
300.682
303.392
298.469
298.538
298.654
298.856
299.223
299.915
301.245
303.703
299.38
299.504
299.696
299.995
300.471
301.231
302.442
304.292
300.705
300.922
301.235
301.692
302.364
303.355
304.786
306.757
299.023
299.176
299.418
299.807
300.451
301.532
303.33
306.132
298.562
298.656
298.823
299.123
299.671
300.691
302.572
305.779
298.562
298.656
298.823
299.123
299.671
300.691
302.572
305.779
299.023
299.176
299.418
299.807
300.451
301.532
303.33
306.132
300.705
300.922
301.235
301.692
302.364
303.355
304.786
306.757
301.895
302.178
302.57
303.118
303.892
304.98
306.483
308.48
299.67
299.906
300.259
300.797
301.634
302.942
304.946
307.84
298.971
299.133
299.401
299.851
300.616
301.923
304.103
307.466
298.971
299.133
299.401
299.851
300.616
301.923
304.103
307.466
299.67
299.906
300.259
300.797
301.634
302.942
304.946
307.84
301.895
302.178
302.57
303.118
303.892
304.98
306.483
308.48
302.961
303.287
303.728
304.333
305.164
306.304
307.843
309.855
300.364
300.673
301.117
301.769
302.738
304.18
306.29
309.224
299.458
299.691
300.055
300.634
301.565
303.063
305.409
308.842
299.458
299.691
300.055
300.634
301.565
303.063
305.409
308.842
300.364
300.673
301.117
301.769
302.738
304.18
306.29
309.224
302.961
303.287
303.728
304.333
305.164
306.304
307.843
309.855
303.937
304.291
304.765
305.406
306.274
307.447
309.01
311.032
301.069
301.438
301.956
302.693
303.754
305.284
307.459
310.42
299.992
300.292
300.742
301.427
302.484
304.111
306.56
310.037
299.992
300.292
300.742
301.427
302.484
304.111
306.56
310.037
301.069
301.438
301.956
302.693
303.754
305.284
307.459
310.42
303.937
304.291
304.765
305.406
306.274
307.447
309.01
311.032
304.836
305.21
305.707
306.373
307.267
308.464
310.045
312.074
301.756
302.175
302.751
303.554
304.685
306.28
308.502
311.483
300.542
300.902
301.425
302.198
303.352
305.075
307.599
311.108
300.542
300.902
301.425
302.198
303.352
305.075
307.599
311.108
301.756
302.175
302.751
303.554
304.685
306.28
308.502
311.483
304.836
305.21
305.707
306.373
307.267
308.464
310.045
312.074
305.677
306.066
306.58
307.265
308.178
309.393
310.986
313.021
302.423
302.882
303.505
304.361
305.547
307.194
309.454
312.451
301.095
301.507
302.093
302.939
304.172
305.972
308.553
312.086
301.095
301.507
302.093
302.939
304.172
305.972
308.553
312.086
302.423
302.882
303.505
304.361
305.547
307.194
309.454
312.451
305.677
306.066
306.58
307.265
308.178
309.393
310.986
313.021
306.471
306.871
307.399
308.098
309.027
310.254
311.858
313.898
303.07
303.563
304.224
305.124
306.355
308.043
310.333
313.343
301.643
302.101
302.741
303.649
304.949
306.811
309.439
312.991
301.643
302.101
302.741
303.649
304.949
306.811
309.439
312.991
303.07
303.563
304.224
305.124
306.355
308.043
310.333
313.343
306.471
306.871
307.399
308.098
309.027
310.254
311.858
313.898
307.225
307.635
308.173
308.884
309.825
311.063
312.675
314.718
303.699
304.22
304.914
305.849
307.117
308.84
311.155
314.176
302.186
302.683
303.37
304.331
305.687
307.602
310.269
313.837
302.186
302.683
303.37
304.331
305.687
307.602
310.269
313.837
303.699
304.22
304.914
305.849
307.117
308.84
311.155
314.176
307.225
307.635
308.173
308.884
309.825
311.063
312.675
314.718
307.945
308.363
308.911
309.632
310.582
311.829
313.447
315.493
304.312
304.856
305.578
306.543
307.843
309.594
311.931
314.96
302.722
303.253
303.981
304.987
306.392
308.351
311.051
314.632
302.722
303.253
303.981
304.987
306.392
308.351
311.051
314.632
304.312
304.856
305.578
306.543
307.843
309.594
311.931
314.96
307.945
308.363
308.911
309.632
310.582
311.829
313.447
315.493
308.637
309.062
309.617
310.346
311.304
312.559
314.182
316.231
304.91
305.475
306.219
307.211
308.537
310.313
312.667
315.703
303.25
303.812
304.575
305.621
307.067
309.065
311.792
315.384
303.25
303.812
304.575
305.621
307.067
309.065
311.792
315.384
304.91
305.475
306.219
307.211
308.537
310.313
312.667
315.703
308.637
309.062
309.617
310.346
311.304
312.559
314.182
316.231
309.304
309.735
310.296
311.032
311.997
313.258
314.886
316.936
305.495
306.077
306.842
307.855
309.205
311.001
313.37
316.413
303.772
304.361
305.154
306.235
307.717
309.748
312.499
316.101
303.772
304.361
305.154
306.235
307.717
309.748
312.499
316.101
305.495
306.077
306.842
307.855
309.205
311.001
313.37
316.413
309.304
309.735
310.296
311.032
311.997
313.258
314.886
316.936
309.949
310.385
310.952
311.694
312.665
313.931
315.563
317.614
306.067
306.664
307.447
308.48
309.849
311.663
314.045
317.094
304.288
304.899
305.72
306.832
308.345
310.405
313.177
316.787
304.288
304.899
305.72
306.832
308.345
310.405
313.177
316.787
306.067
306.664
307.447
308.48
309.849
311.663
314.045
317.094
309.949
310.385
310.952
311.694
312.665
313.931
315.563
317.614
310.575
311.015
311.587
312.334
313.31
314.581
316.216
318.269
306.628
307.239
308.037
309.087
310.473
312.303
314.697
317.75
304.797
305.429
306.275
307.413
308.954
311.039
313.83
317.447
304.797
305.429
306.275
307.413
308.954
311.039
313.83
317.447
306.628
307.239
308.037
309.087
310.473
312.303
314.697
317.75
310.575
311.015
311.587
312.334
313.31
314.581
316.216
318.269
311.184
311.627
312.203
312.955
313.936
315.211
316.848
318.902
307.178
307.801
308.614
309.678
311.08
312.923
315.327
318.384
305.3
305.951
306.818
307.98
309.546
311.653
314.46
318.083
305.3
305.951
306.818
307.98
309.546
311.653
314.46
318.083
307.178
307.801
308.614
309.678
311.08
312.923
315.327
318.384
311.184
311.627
312.203
312.955
313.936
315.211
316.848
318.902
311.777
312.224
312.804
313.559
314.544
315.822
317.462
319.517
307.719
308.353
309.177
310.256
311.67
313.526
315.938
318.999
305.797
306.465
307.351
308.535
310.122
312.25
315.07
318.7
305.797
306.465
307.351
308.535
310.122
312.25
315.07
318.7
307.719
308.353
309.177
310.256
311.67
313.526
315.938
318.999
311.777
312.224
312.804
313.559
314.544
315.822
317.462
319.517
312.357
312.806
313.389
314.148
315.137
316.418
318.06
320.116
308.251
308.894
309.73
310.82
312.247
314.113
316.533
319.597
306.288
306.972
307.875
309.078
310.685
312.831
315.664
319.299
306.288
306.972
307.875
309.078
310.685
312.831
315.664
319.299
308.251
308.894
309.73
310.82
312.247
314.113
316.533
319.597
312.357
312.806
313.389
314.148
315.137
316.418
318.06
320.116
312.923
313.376
313.962
314.724
315.715
316.999
318.643
320.7
308.774
309.427
310.272
311.373
312.81
314.686
317.113
320.18
306.775
307.472
308.392
309.612
311.237
313.398
316.243
319.882
306.775
307.472
308.392
309.612
311.237
313.398
316.243
319.882
308.774
309.427
310.272
311.373
312.81
314.686
317.113
320.18
312.923
313.376
313.962
314.724
315.715
316.999
318.643
320.7
313.479
313.933
314.522
315.287
316.281
317.567
319.213
321.27
309.29
309.95
310.805
311.915
313.362
315.247
317.68
320.749
307.256
307.966
308.9
310.136
311.777
313.953
316.808
320.451
307.256
307.966
308.9
310.136
311.777
313.953
316.808
320.451
309.29
309.95
310.805
311.915
313.362
315.247
317.68
320.749
313.479
313.933
314.522
315.287
316.281
317.567
319.213
321.27
314.023
314.48
315.071
315.839
316.835
318.124
319.771
321.829
309.799
310.466
311.328
312.448
313.904
315.796
318.234
321.306
307.733
308.454
309.401
310.652
312.307
314.496
317.36
321.008
307.733
308.454
309.401
310.652
312.307
314.496
317.36
321.008
309.799
310.466
311.328
312.448
313.904
315.796
318.234
321.306
314.023
314.48
315.071
315.839
316.835
318.124
319.771
321.829
314.558
315.017
315.61
316.38
317.379
318.67
320.318
322.376
310.3
310.974
311.844
312.971
314.436
316.335
318.778
321.852
308.205
308.937
309.896
311.16
312.828
315.029
317.902
321.553
308.205
308.937
309.896
311.16
312.828
315.029
317.902
321.553
310.3
310.974
311.844
312.971
314.436
316.335
318.778
321.852
314.558
315.017
315.61
316.38
317.379
318.67
320.318
322.376
315.084
315.545
316.14
316.912
317.913
319.205
320.855
322.914
310.796
311.476
312.352
313.487
314.959
316.865
319.312
322.388
308.673
309.415
310.385
311.66
313.341
315.553
318.434
322.088
308.673
309.415
310.385
311.66
313.341
315.553
318.434
322.088
310.796
311.476
312.352
313.487
314.959
316.865
319.312
322.388
315.084
315.545
316.14
316.912
317.913
319.205
320.855
322.914
315.602
316.065
316.662
317.435
318.438
319.732
321.383
323.442
311.286
311.971
312.854
313.995
315.473
317.386
319.837
322.915
309.137
309.888
310.868
312.155
313.847
316.069
318.957
322.614
309.137
309.888
310.868
312.155
313.847
316.069
318.957
322.614
311.286
311.971
312.854
313.995
315.473
317.386
319.837
322.915
315.602
316.065
316.662
317.435
318.438
319.732
321.383
323.442
316.113
316.577
317.175
317.951
318.955
320.251
321.902
323.962
311.77
312.46
313.349
314.496
315.981
317.898
320.354
323.433
309.598
310.357
311.346
312.643
314.346
316.577
319.471
323.131
309.598
310.357
311.346
312.643
314.346
316.577
319.471
323.131
311.77
312.46
313.349
314.496
315.981
317.898
320.354
323.433
316.113
316.577
317.175
317.951
318.955
320.251
321.902
323.962
316.616
317.081
317.681
318.459
319.465
320.762
322.414
324.474
312.249
312.944
313.838
314.991
316.481
318.404
320.863
323.943
310.055
310.821
311.82
313.126
314.838
317.077
319.978
323.64
310.055
310.821
311.82
313.126
314.838
317.077
319.978
323.64
312.249
312.944
313.838
314.991
316.481
318.404
320.863
323.943
316.616
317.081
317.681
318.459
319.465
320.762
322.414
324.474
317.113
317.579
318.181
318.96
319.967
321.265
322.919
324.979
312.723
313.423
314.322
315.48
316.976
318.903
321.365
324.446
310.508
311.282
312.289
313.603
315.324
317.572
320.478
324.142
310.508
311.282
312.289
313.603
315.324
317.572
320.478
324.142
312.723
313.423
314.322
315.48
316.976
318.903
321.365
324.446
317.113
317.579
318.181
318.96
319.967
321.265
322.919
324.979
317.604
318.071
318.674
319.454
320.463
321.762
323.416
325.477
313.193
313.897
314.8
315.964
317.464
319.395
321.861
324.943
310.959
311.739
312.753
314.076
315.805
318.06
320.971
324.638
310.959
311.739
312.753
314.076
315.805
318.06
320.971
324.638
313.193
313.897
314.8
315.964
317.464
319.395
321.861
324.943
317.604
318.071
318.674
319.454
320.463
321.762
323.416
325.477
318.089
318.557
319.162
319.943
320.953
322.253
323.908
325.969
313.659
314.367
315.274
316.442
317.946
319.882
322.35
325.434
311.407
312.193
313.214
314.544
316.281
318.543
321.459
325.127
311.407
312.193
313.214
314.544
316.281
318.543
321.459
325.127
313.659
314.367
315.274
316.442
317.946
319.882
322.35
325.434
318.089
318.557
319.162
319.943
320.953
322.253
323.908
325.969
318.568
319.038
319.643
320.426
321.437
322.739
324.394
326.455
314.121
314.832
315.743
316.915
318.424
320.363
322.834
325.918
311.851
312.643
313.671
315.008
316.752
319.02
321.941
325.611
311.851
312.643
313.671
315.008
316.752
319.02
321.941
325.611
314.121
314.832
315.743
316.915
318.424
320.363
322.834
325.918
318.568
319.038
319.643
320.426
321.437
322.739
324.394
326.455
319.043
319.514
320.12
320.904
321.916
323.218
324.875
326.936
314.579
315.293
316.208
317.384
318.897
320.839
323.313
326.398
312.294
313.091
314.125
315.469
317.219
319.493
322.418
326.089
312.294
313.091
314.125
315.469
317.219
319.493
322.418
326.089
314.579
315.293
316.208
317.384
318.897
320.839
323.313
326.398
319.043
319.514
320.12
320.904
321.916
323.218
324.875
326.936
319.513
319.985
320.592
321.377
322.39
323.693
325.35
327.411
315.034
315.751
316.669
317.849
319.365
321.311
323.786
326.872
312.733
313.536
314.575
315.925
317.681
319.961
322.89
326.563
312.733
313.536
314.575
315.925
317.681
319.961
322.89
326.563
315.034
315.751
316.669
317.849
319.365
321.311
323.786
326.872
319.513
319.985
320.592
321.377
322.39
323.693
325.35
327.411
319.979
320.452
321.06
321.845
322.86
324.164
325.821
327.882
315.485
316.205
317.127
318.31
319.829
321.778
324.255
327.342
313.171
313.978
315.022
316.378
318.14
320.425
323.357
327.032
313.171
313.978
315.022
316.378
318.14
320.425
323.357
327.032
315.485
316.205
317.127
318.31
319.829
321.778
324.255
327.342
319.979
320.452
321.06
321.845
322.86
324.163
325.821
327.882
320.441
320.914
321.523
322.309
323.325
324.629
326.287
328.349
315.934
316.656
317.581
318.767
320.289
322.241
324.72
327.808
313.606
314.418
315.467
316.828
318.596
320.885
323.821
327.497
313.606
314.418
315.467
316.828
318.596
320.885
323.821
327.497
315.934
316.656
317.581
318.767
320.289
322.241
324.72
327.808
320.441
320.914
321.523
322.309
323.325
324.629
326.287
328.349
320.899
321.372
321.982
322.769
323.785
325.091
326.749
328.811
316.379
317.104
318.031
319.22
320.746
322.7
325.181
328.27
314.04
314.855
315.909
317.275
319.047
321.341
324.28
327.958
314.04
314.855
315.909
317.275
319.047
321.341
324.28
327.958
316.379
317.104
318.031
319.22
320.746
322.7
325.181
328.27
320.899
321.372
321.982
322.769
323.785
325.091
326.749
328.811
321.353
321.827
322.437
323.225
324.242
325.548
327.207
329.269
316.822
317.549
318.479
319.671
321.199
323.155
325.638
328.727
314.471
315.29
316.349
317.719
319.496
321.794
324.736
328.415
314.471
315.29
316.349
317.719
319.496
321.794
324.736
328.415
316.822
317.549
318.479
319.671
321.199
323.155
325.638
328.727
321.353
321.827
322.437
323.225
324.242
325.548
327.207
329.269
321.803
322.278
322.889
323.678
324.695
326.002
327.661
329.723
317.262
317.991
318.924
320.118
321.649
323.607
326.092
329.181
314.9
315.723
316.786
318.161
319.942
322.244
325.188
328.868
314.9
315.723
316.786
318.161
319.942
322.244
325.188
328.868
317.262
317.991
318.924
320.118
321.649
323.607
326.092
329.181
321.803
322.278
322.889
323.678
324.695
326.002
327.661
329.723
322.25
322.726
323.337
324.127
325.145
326.452
328.112
330.174
317.7
318.431
319.365
320.562
322.095
324.056
326.542
329.632
315.328
316.154
317.221
318.6
320.385
322.69
325.638
329.319
315.328
316.154
317.221
318.6
320.385
322.69
325.638
329.319
317.7
318.431
319.365
320.562
322.095
324.056
326.542
329.632
322.25
322.726
323.337
324.127
325.145
326.452
328.112
330.174
322.694
323.17
323.782
324.572
325.591
326.899
328.559
330.621
318.135
318.868
319.805
321.003
322.539
324.501
326.989
330.08
315.754
316.584
317.653
319.036
320.826
323.134
326.084
329.766
315.754
316.584
317.653
319.036
320.826
323.134
326.084
329.766
318.135
318.868
319.805
321.003
322.539
324.501
326.989
330.08
322.694
323.17
323.782
324.572
325.591
326.899
328.559
330.621
323.135
323.611
324.224
325.015
326.034
327.342
329.003
331.065
318.568
319.303
320.241
321.442
322.98
324.944
327.433
330.524
316.179
317.011
318.084
319.471
321.263
323.575
326.527
330.21
316.179
317.011
318.084
319.471
321.263
323.575
326.527
330.21
318.568
319.303
320.241
321.442
322.98
324.944
327.433
330.524
323.135
323.611
324.224
325.014
326.034
327.342
329.003
331.065
323.573
324.049
324.663
325.454
326.474
327.783
329.443
331.506
318.999
319.736
320.676
321.878
323.418
325.384
327.874
330.965
316.602
317.437
318.513
319.903
321.699
324.014
326.968
330.652
316.602
317.437
318.513
319.903
321.699
324.014
326.968
330.652
318.999
319.736
320.676
321.878
323.418
325.384
327.874
330.965
323.573
324.049
324.663
325.454
326.474
327.783
329.443
331.506
324.008
324.485
325.098
325.89
326.91
328.22
329.881
331.944
319.428
320.166
321.108
322.312
323.854
325.821
328.312
331.404
317.024
317.861
318.94
320.333
322.132
324.45
327.406
331.09
317.024
317.861
318.94
320.333
322.132
324.45
327.406
331.09
319.428
320.166
321.108
322.312
323.853
325.821
328.312
331.404
324.008
324.485
325.098
325.89
326.91
328.22
329.881
331.944
324.44
324.917
325.531
326.323
327.344
328.654
330.315
332.379
319.855
320.594
321.538
322.744
324.287
326.256
328.748
331.84
317.444
318.284
319.366
320.761
322.564
324.884
327.841
331.527
317.444
318.284
319.366
320.761
322.564
324.884
327.841
331.527
319.855
320.594
321.538
322.744
324.287
326.256
328.747
331.84
324.44
324.917
325.531
326.323
327.344
328.654
330.315
332.379
324.869
325.347
325.961
326.754
327.775
329.085
330.747
332.81
320.28
321.02
321.965
323.173
324.717
326.688
329.181
332.274
317.863
318.705
319.789
321.188
322.993
325.315
328.275
331.961
317.863
318.705
319.789
321.188
322.993
325.315
328.275
331.961
320.28
321.02
321.965
323.173
324.717
326.688
329.181
332.273
324.869
325.347
325.961
326.754
327.775
329.085
330.747
332.81
325.296
325.774
326.388
327.181
328.203
329.514
331.176
333.24
320.703
321.445
322.391
323.6
325.146
327.118
329.611
332.704
318.281
319.125
320.211
321.612
323.42
325.745
328.706
332.392
318.281
319.125
320.211
321.612
323.42
325.745
328.706
332.392
320.703
321.445
322.391
323.6
325.146
327.117
329.611
332.704
325.296
325.774
326.388
327.181
328.203
329.514
331.176
333.24
325.721
326.198
326.813
327.606
328.629
329.94
331.602
333.666
321.125
321.867
322.814
324.025
325.572
327.545
330.039
333.133
318.697
319.543
320.632
322.035
323.845
326.172
329.134
332.821
318.697
319.543
320.632
322.035
323.845
326.172
329.134
332.821
321.124
321.867
322.814
324.025
325.572
327.545
330.039
333.133
325.721
326.198
326.813
327.606
328.629
329.94
331.602
333.666
326.142
326.62
327.235
328.029
329.051
330.363
332.026
334.09
321.544
322.288
323.236
324.448
325.996
327.97
330.465
333.559
319.112
319.96
321.051
322.457
324.269
326.597
329.561
333.249
319.112
319.96
321.051
322.457
324.269
326.597
329.561
333.249
321.544
322.288
323.236
324.448
325.996
327.97
330.465
333.559
326.142
326.62
327.235
328.029
329.051
330.363
332.026
334.09
326.562
327.039
327.655
328.448
329.471
330.783
332.446
334.511
321.962
322.706
323.656
324.868
326.418
328.393
330.889
333.983
319.526
320.376
321.469
322.876
324.69
327.021
329.986
333.674
319.526
320.376
321.469
322.876
324.69
327.021
329.986
333.674
321.962
322.706
323.656
324.868
326.418
328.393
330.889
333.983
326.562
327.039
327.655
328.448
329.471
330.783
332.446
334.511
326.979
327.456
328.072
328.866
329.889
331.201
332.865
334.929
322.378
323.123
324.074
325.287
326.838
328.814
331.31
334.405
319.939
320.79
321.885
323.294
325.11
327.442
330.409
334.097
319.939
320.79
321.885
323.294
325.11
327.442
330.409
334.097
322.378
323.123
324.074
325.287
326.838
328.814
331.31
334.405
326.979
327.456
328.072
328.865
329.889
331.201
332.865
334.929
327.393
327.871
328.486
329.28
330.304
331.617
333.28
335.345
322.793
323.539
324.49
325.704
327.256
329.232
331.73
334.824
320.351
321.203
322.299
323.711
325.528
327.862
330.829
334.518
320.351
321.203
322.299
323.711
325.528
327.862
330.829
334.518
322.793
323.539
324.49
325.704
327.256
329.232
331.73
334.824
327.393
327.871
328.486
329.28
330.304
331.617
333.28
335.345
327.805
328.283
328.898
329.692
330.716
332.029
333.694
335.758
323.206
323.952
324.904
326.119
327.672
329.649
332.147
335.242
320.762
321.615
322.713
324.126
325.945
328.28
331.248
334.937
320.762
321.615
322.713
324.126
325.945
328.28
331.248
334.937
323.206
323.952
324.904
326.119
327.672
329.649
332.147
335.242
327.805
328.283
328.898
329.692
330.716
332.029
333.694
335.758
328.215
328.692
329.307
330.102
331.126
332.44
334.104
336.169
323.617
324.364
325.316
326.532
328.085
330.064
332.562
335.657
321.171
322.026
323.125
324.539
326.36
328.696
331.665
335.355
321.171
322.026
323.125
324.539
326.36
328.696
331.665
335.355
323.617
324.364
325.316
326.532
328.085
330.064
332.562
335.657
328.215
328.692
329.307
330.102
331.126
332.44
334.104
336.169
328.622
329.099
329.714
330.509
331.534
332.847
334.512
336.578
324.027
324.774
325.727
326.943
328.497
330.476
332.975
336.07
321.579
322.435
323.535
324.951
326.773
329.111
332.081
335.77
321.579
322.435
323.535
324.951
326.773
329.111
332.081
335.77
324.027
324.774
325.727
326.943
328.497
330.476
332.975
336.07
328.622
329.099
329.714
330.509
331.534
332.847
334.512
336.578
329.027
329.504
330.119
330.914
331.938
333.253
334.918
336.983
324.435
325.182
326.136
327.353
328.907
330.887
333.386
336.481
321.987
322.844
323.945
325.362
327.185
329.524
332.494
336.184
321.987
322.844
323.945
325.362
327.185
329.524
332.494
336.184
324.435
325.182
326.136
327.353
328.907
330.887
333.386
336.481
329.027
329.504
330.119
330.914
331.938
333.253
334.918
336.983
329.429
329.906
330.521
331.316
332.341
333.655
335.321
337.387
324.841
325.589
326.543
327.76
329.315
331.295
333.794
336.89
322.393
323.25
324.352
325.771
327.595
329.935
332.906
336.595
322.393
323.25
324.352
325.771
327.595
329.935
332.906
336.595
324.841
325.589
326.543
327.76
329.315
331.295
333.794
336.89
329.429
329.906
330.521
331.316
332.341
333.655
335.321
337.387
329.83
330.306
330.921
331.715
332.741
334.055
335.721
337.788
325.246
325.994
326.948
328.166
329.721
331.702
334.201
337.297
322.798
323.656
324.759
326.178
328.004
330.344
333.316
337.005
322.798
323.656
324.759
326.178
328.004
330.344
333.316
337.005
325.246
325.994
326.948
328.166
329.721
331.702
334.201
337.297
329.83
330.306
330.921
331.715
332.741
334.055
335.721
337.788
330.227
330.703
331.318
332.112
333.138
334.453
336.119
338.186
325.649
326.397
327.351
328.57
330.125
332.106
334.606
337.702
323.201
324.06
325.164
326.584
328.411
330.752
333.724
337.413
323.201
324.06
325.164
326.584
328.411
330.752
333.724
337.413
325.649
326.397
327.351
328.57
330.125
332.106
334.606
337.702
330.227
330.703
331.318
332.112
333.138
334.453
336.119
338.186
330.623
331.098
331.712
332.507
333.533
334.848
336.515
338.582
326.051
326.799
327.753
328.971
330.527
332.508
335.009
338.105
323.604
324.463
325.568
326.989
328.816
331.158
334.13
337.82
323.604
324.463
325.568
326.989
328.816
331.158
334.13
337.82
326.051
326.799
327.753
328.971
330.527
332.508
335.009
338.105
330.623
331.098
331.712
332.507
333.533
334.848
336.515
338.582
331.016
331.49
332.104
332.899
333.925
335.241
336.908
338.975
326.451
327.198
328.153
329.371
330.928
332.909
335.409
338.505
324.005
324.865
325.97
327.392
329.22
331.562
334.534
338.224
324.005
324.865
325.97
327.392
329.22
331.562
334.534
338.224
326.451
327.198
328.153
329.371
330.928
332.909
335.409
338.505
331.016
331.49
332.104
332.899
333.925
335.241
336.908
338.975
331.406
331.88
332.494
333.288
334.314
335.63
337.298
339.366
326.849
327.596
328.55
329.769
331.326
333.307
335.808
338.904
324.405
325.266
326.371
327.793
329.622
331.964
334.937
338.627
324.405
325.266
326.371
327.793
329.622
331.964
334.937
338.627
326.849
327.596
328.55
329.769
331.326
333.307
335.808
338.904
331.406
331.88
332.494
333.289
334.314
335.631
337.298
339.366
331.794
332.267
332.881
333.675
334.701
336.018
337.686
339.754
327.246
327.993
328.946
330.165
331.722
333.703
336.204
339.3
324.804
325.665
326.771
328.193
330.022
332.365
335.338
339.028
324.804
325.665
326.771
328.193
330.022
332.365
335.338
339.028
327.246
327.993
328.946
330.165
331.722
333.703
336.204
339.3
331.794
332.267
332.881
333.676
334.702
336.018
337.686
339.754
332.18
332.652
333.265
334.06
335.086
336.403
338.071
340.139
327.64
328.387
329.341
330.559
332.116
334.097
336.598
339.695
325.202
326.062
327.169
328.591
330.421
332.764
335.737
339.427
325.202
326.062
327.169
328.591
330.421
332.764
335.737
339.427
327.64
328.387
329.341
330.559
332.116
334.098
336.598
339.695
332.18
332.652
333.265
334.06
335.086
336.403
338.071
340.14
332.563
333.034
333.647
334.441
335.468
336.785
338.453
340.522
328.033
328.779
329.733
330.951
332.508
334.49
336.99
340.087
325.598
326.459
327.565
328.988
330.818
333.161
336.134
339.824
325.598
326.459
327.565
328.988
330.818
333.161
336.134
339.824
328.033
328.779
329.733
330.951
332.508
334.49
336.99
340.087
332.563
333.035
333.647
334.442
335.468
336.785
338.454
340.523
332.943
333.414
334.026
334.82
335.847
337.164
338.833
340.903
328.424
329.17
330.123
331.341
332.898
334.879
337.38
340.477
325.993
326.854
327.96
329.383
331.213
333.557
336.53
340.219
325.993
326.854
327.96
329.383
331.213
333.557
336.53
340.219
328.424
329.17
330.123
331.341
332.898
334.879
337.38
340.477
332.943
333.414
334.027
334.821
335.847
337.164
338.833
340.903
333.321
333.791
334.403
335.197
336.223
337.541
339.21
341.28
328.814
329.559
330.511
331.729
333.286
335.267
337.768
340.864
326.386
327.247
328.353
329.777
331.607
333.95
336.923
340.612
326.386
327.247
328.353
329.777
331.607
333.95
336.923
340.612
328.814
329.559
330.511
331.729
333.286
335.267
337.768
340.864
333.321
333.791
334.403
335.197
336.223
337.541
339.211
341.281
333.696
334.166
334.777
335.57
336.597
337.915
339.585
341.655
329.201
329.946
330.898
332.115
333.671
335.653
338.153
341.25
326.779
327.639
328.745
330.168
331.998
334.342
337.315
341.003
326.779
327.639
328.745
330.168
331.998
334.342
337.315
341.003
329.201
329.946
330.898
332.115
333.671
335.653
338.153
341.25
333.697
334.166
334.777
335.571
336.597
337.915
339.585
341.656
334.069
334.537
335.148
335.941
336.968
338.286
339.957
342.027
329.587
330.33
331.282
332.499
334.055
336.036
338.536
341.633
327.169
328.029
329.135
330.558
332.388
334.732
337.704
341.392
327.169
328.029
329.135
330.558
332.388
334.732
337.704
341.392
329.587
330.33
331.282
332.499
334.055
336.036
338.536
341.633
334.069
334.538
335.148
335.942
336.968
338.286
339.957
342.028
334.439
334.907
335.516
336.309
337.336
338.655
340.326
342.397
329.97
330.713
331.664
332.88
334.436
336.417
338.917
342.014
327.558
328.418
329.524
330.947
332.776
335.12
338.092
341.779
327.558
328.418
329.524
330.947
332.776
335.12
338.092
341.779
329.971
330.713
331.664
332.881
334.436
336.417
338.917
342.014
334.44
334.907
335.517
336.31
337.336
338.655
340.326
342.397
334.807
335.273
335.882
336.675
337.701
339.02
340.692
342.764
330.352
331.094
332.044
333.26
334.815
336.796
339.296
342.392
327.946
328.805
329.91
331.333
333.162
335.506
338.477
342.164
327.946
328.805
329.91
331.333
333.162
335.506
338.477
342.164
330.352
331.094
332.044
333.26
334.815
336.796
339.296
342.393
334.807
335.273
335.883
336.675
337.702
339.021
340.692
342.764
335.171
335.637
336.245
337.038
338.064
339.383
341.055
343.128
330.732
331.473
332.422
333.637
335.192
337.172
339.672
342.769
328.332
329.19
330.295
331.717
333.547
335.889
338.86
342.547
328.332
329.19
330.295
331.718
333.547
335.89
338.86
342.547
330.732
331.473
332.422
333.637
335.192
337.172
339.672
342.769
335.172
335.637
336.246
337.038
338.065
339.384
341.056
343.128
335.533
335.998
336.605
337.397
338.424
339.743
341.416
343.489
331.109
331.849
332.797
334.012
335.566
337.546
340.046
343.143
328.716
329.574
330.678
332.1
333.929
336.271
339.242
342.928
328.716
329.574
330.678
332.1
333.929
336.271
339.242
342.928
331.11
331.849
332.797
334.012
335.566
337.546
340.046
343.143
335.534
335.998
336.606
337.398
338.424
339.744
341.416
343.489
335.893
336.356
336.963
337.754
338.781
340.101
341.774
343.847
331.485
332.224
333.171
334.385
335.938
337.918
340.417
343.514
329.099
329.956
331.06
332.481
334.309
336.651
339.621
343.307
329.099
329.956
331.06
332.481
334.309
336.651
339.621
343.307
331.485
332.224
333.171
334.385
335.938
337.918
340.417
343.514
335.893
336.356
336.963
337.755
338.781
340.101
341.774
343.848
336.249
336.711
337.317
338.108
339.135
340.455
342.128
344.202
331.858
332.596
333.542
334.755
336.308
338.287
340.786
343.883
329.48
330.336
331.439
332.86
334.687
337.029
339.998
343.683
329.48
330.336
331.439
332.86
334.687
337.029
339.998
343.683
331.859
332.596
333.542
334.755
336.308
338.287
340.786
343.883
336.25
336.712
337.318
338.109
339.136
340.456
342.129
344.203
336.603
337.064
337.669
338.46
339.486
340.806
342.48
344.555
332.23
332.966
333.911
335.123
336.675
338.654
341.153
344.249
329.859
330.714
331.816
333.236
335.063
337.404
340.373
344.057
329.859
330.714
331.816
333.236
335.063
337.404
340.373
344.057
332.23
332.966
333.911
335.123
336.675
338.654
341.153
344.25
336.604
337.064
337.67
338.46
339.487
340.807
342.481
344.556
336.954
337.413
338.018
338.808
339.834
341.155
342.829
344.905
332.599
333.333
334.277
335.488
337.04
339.018
341.517
344.613
330.236
331.09
332.192
333.611
335.437
337.777
340.745
344.429
330.236
331.09
332.192
333.611
335.437
337.777
340.745
344.429
332.599
333.334
334.278
335.489
337.04
339.018
341.517
344.613
336.955
337.414
338.018
338.809
339.835
341.156
342.83
344.905
337.303
337.76
338.364
339.154
340.18
341.501
343.176
345.252
332.966
333.699
334.642
335.852
337.403
339.38
341.878
344.975
330.612
331.465
332.566
333.984
335.81
338.149
341.116
344.799
330.612
331.465
332.566
333.984
335.81
338.149
341.116
344.799
332.967
333.7
334.642
335.853
337.403
339.381
341.879
344.975
337.304
337.761
338.365
339.155
340.181
341.502
343.177
345.253
337.645
338.102
338.704
339.494
340.52
341.841
343.517
345.593
333.328
334.06
335.001
336.21
337.76
339.737
342.235
345.331
330.983
331.835
332.934
334.352
336.177
338.515
341.481
345.164
330.983
331.835
332.934
334.352
336.177
338.515
341.481
345.164
333.329
334.06
335.002
336.211
337.76
339.737
342.235
345.332
337.646
338.103
338.705
339.495
340.521
341.842
343.518
345.594
337.999
338.453
339.055
339.844
340.87
342.191
343.867
345.944
333.702
334.432
335.372
336.58
338.129
340.105
342.602
345.698
331.367
332.218
333.316
334.732
336.556
338.893
341.858
345.54
331.367
332.218
333.316
334.732
336.556
338.893
341.858
345.54
333.703
334.433
335.372
336.58
338.129
340.105
342.602
345.699
338
338.454
339.056
339.845
340.871
342.192
343.868
345.945
338.291
338.745
339.346
340.134
341.16
342.482
344.159
346.237
334.012
334.741
335.679
336.886
338.434
340.41
342.907
346.004
331.685
332.534
333.631
335.047
336.87
339.207
342.171
345.853
331.685
332.534
333.631
335.047
336.87
339.207
342.171
345.853
334.012
334.741
335.68
336.887
338.435
340.411
342.908
346.005
338.293
338.746
339.347
340.135
341.161
342.483
344.16
346.238
338.831
339.282
339.881
340.668
341.693
343.015
344.692
346.771
334.587
335.312
336.249
337.453
338.999
340.973
343.469
346.564
332.276
333.123
334.218
335.632
337.452
339.787
342.749
346.428
332.276
333.123
334.218
335.632
337.453
339.787
342.749
346.428
334.587
335.313
336.249
337.454
339
340.974
343.469
346.565
338.832
339.283
339.882
340.669
341.695
343.017
344.694
346.772
298.399
298.427
298.475
298.557
298.697
298.948
299.429
300.452
298.194
298.205
298.225
298.261
298.335
298.502
298.924
300.118
298.15
298.152
298.159
298.174
298.214
298.332
298.709
299.976
298.15
298.152
298.159
298.174
298.214
298.332
298.709
299.976
298.194
298.205
298.225
298.261
298.335
298.502
298.924
300.118
298.399
298.427
298.475
298.557
298.697
298.948
299.429
300.452
299.38
299.504
299.696
299.995
300.471
301.231
302.442
304.292
298.469
298.538
298.654
298.856
299.223
299.915
301.245
303.703
298.261
298.295
298.363
298.499
298.778
299.376
300.682
303.392
298.261
298.295
298.363
298.499
298.778
299.376
300.682
303.392
298.469
298.538
298.654
298.856
299.223
299.915
301.245
303.703
299.38
299.504
299.696
299.995
300.471
301.231
302.442
304.292
300.705
300.922
301.235
301.692
302.364
303.355
304.786
306.757
299.023
299.176
299.418
299.807
300.451
301.532
303.33
306.132
298.562
298.656
298.823
299.123
299.671
300.691
302.572
305.779
298.562
298.656
298.823
299.123
299.671
300.691
302.572
305.779
299.023
299.176
299.418
299.807
300.451
301.532
303.33
306.132
300.705
300.922
301.235
301.692
302.364
303.355
304.786
306.757
301.895
302.178
302.57
303.118
303.892
304.98
306.483
308.48
299.67
299.906
300.259
300.797
301.634
302.942
304.946
307.84
298.971
299.133
299.401
299.851
300.616
301.923
304.103
307.466
298.971
299.133
299.401
299.851
300.616
301.923
304.103
307.466
299.67
299.906
300.259
300.797
301.634
302.942
304.946
307.84
301.895
302.178
302.57
303.118
303.892
304.98
306.483
308.48
302.961
303.287
303.728
304.333
305.164
306.304
307.843
309.855
300.364
300.673
301.117
301.769
302.738
304.18
306.29
309.224
299.458
299.691
300.055
300.634
301.565
303.063
305.409
308.842
299.458
299.691
300.055
300.634
301.565
303.063
305.409
308.842
300.364
300.673
301.117
301.769
302.738
304.18
306.29
309.224
302.961
303.287
303.728
304.333
305.164
306.304
307.843
309.855
303.937
304.291
304.765
305.406
306.274
307.447
309.01
311.032
301.069
301.438
301.956
302.693
303.754
305.284
307.459
310.42
299.992
300.292
300.742
301.427
302.484
304.111
306.56
310.037
299.992
300.292
300.742
301.427
302.484
304.111
306.56
310.037
301.069
301.438
301.956
302.693
303.754
305.284
307.459
310.42
303.937
304.291
304.765
305.406
306.274
307.447
309.01
311.032
304.836
305.21
305.707
306.373
307.267
308.464
310.045
312.074
301.756
302.175
302.751
303.554
304.685
306.28
308.502
311.483
300.542
300.902
301.425
302.198
303.352
305.075
307.599
311.108
300.542
300.902
301.425
302.198
303.352
305.075
307.599
311.108
301.756
302.175
302.751
303.554
304.685
306.28
308.502
311.483
304.836
305.21
305.707
306.373
307.267
308.464
310.045
312.074
305.677
306.066
306.58
307.265
308.178
309.393
310.986
313.021
302.423
302.882
303.505
304.361
305.547
307.194
309.454
312.451
301.095
301.507
302.093
302.939
304.172
305.972
308.553
312.086
301.095
301.507
302.093
302.939
304.172
305.972
308.553
312.086
302.423
302.882
303.505
304.361
305.547
307.194
309.454
312.451
305.677
306.066
306.58
307.265
308.178
309.393
310.986
313.021
306.471
306.871
307.399
308.098
309.027
310.254
311.858
313.898
303.07
303.563
304.224
305.124
306.355
308.043
310.333
313.343
301.643
302.101
302.741
303.649
304.949
306.811
309.439
312.991
301.643
302.101
302.741
303.649
304.949
306.811
309.439
312.991
303.07
303.563
304.224
305.124
306.355
308.043
310.333
313.343
306.471
306.871
307.399
308.098
309.027
310.254
311.858
313.898
307.225
307.635
308.173
308.884
309.825
311.063
312.675
314.718
303.699
304.22
304.914
305.849
307.117
308.84
311.155
314.176
302.186
302.683
303.37
304.331
305.687
307.602
310.269
313.837
302.186
302.683
303.37
304.331
305.687
307.602
310.269
313.837
303.699
304.22
304.914
305.849
307.117
308.84
311.155
314.176
307.225
307.635
308.173
308.884
309.825
311.063
312.675
314.718
307.945
308.363
308.911
309.632
310.582
311.829
313.447
315.493
304.312
304.856
305.578
306.543
307.843
309.594
311.931
314.96
302.722
303.253
303.981
304.987
306.392
308.351
311.051
314.632
302.722
303.253
303.981
304.987
306.392
308.351
311.051
314.632
304.312
304.856
305.578
306.543
307.843
309.594
311.931
314.96
307.945
308.363
308.911
309.632
310.582
311.829
313.447
315.493
308.637
309.062
309.617
310.346
311.304
312.559
314.182
316.231
304.91
305.475
306.219
307.211
308.537
310.313
312.667
315.703
303.25
303.812
304.575
305.621
307.067
309.065
311.792
315.384
303.25
303.812
304.575
305.621
307.067
309.065
311.792
315.384
304.91
305.475
306.219
307.211
308.537
310.313
312.667
315.703
308.637
309.062
309.617
310.346
311.304
312.559
314.182
316.231
309.304
309.735
310.296
311.032
311.997
313.258
314.886
316.936
305.495
306.077
306.842
307.855
309.205
311.001
313.37
316.413
303.772
304.361
305.154
306.235
307.717
309.748
312.499
316.101
303.772
304.361
305.154
306.235
307.717
309.748
312.499
316.101
305.495
306.077
306.842
307.855
309.205
311.001
313.37
316.413
309.304
309.735
310.296
311.032
311.997
313.258
314.886
316.936
309.949
310.385
310.952
311.694
312.665
313.931
315.563
317.614
306.067
306.664
307.447
308.48
309.849
311.663
314.045
317.094
304.288
304.899
305.72
306.832
308.345
310.405
313.177
316.787
304.288
304.899
305.72
306.832
308.345
310.405
313.177
316.787
306.067
306.664
307.447
308.48
309.849
311.663
314.045
317.094
309.949
310.385
310.952
311.694
312.665
313.931
315.563
317.614
310.575
311.015
311.587
312.334
313.31
314.581
316.216
318.269
306.628
307.239
308.037
309.087
310.473
312.303
314.697
317.75
304.797
305.429
306.275
307.413
308.954
311.039
313.83
317.447
304.797
305.429
306.275
307.413
308.954
311.039
313.83
317.447
306.628
307.239
308.037
309.087
310.473
312.303
314.697
317.75
310.575
311.015
311.587
312.334
313.31
314.581
316.216
318.269
311.184
311.627
312.203
312.955
313.936
315.211
316.848
318.902
307.178
307.801
308.614
309.678
311.08
312.923
315.327
318.384
305.3
305.951
306.818
307.98
309.546
311.653
314.46
318.083
305.3
305.951
306.818
307.98
309.546
311.653
314.46
318.083
307.178
307.801
308.614
309.678
311.08
312.923
315.327
318.384
311.184
311.627
312.203
312.955
313.936
315.211
316.848
318.902
311.777
312.224
312.804
313.559
314.544
315.822
317.462
319.517
307.719
308.353
309.177
310.256
311.67
313.526
315.938
318.999
305.797
306.465
307.351
308.535
310.122
312.25
315.07
318.7
305.797
306.465
307.351
308.535
310.122
312.25
315.07
318.7
307.719
308.353
309.177
310.256
311.67
313.526
315.938
318.999
311.777
312.224
312.804
313.559
314.544
315.822
317.462
319.517
312.357
312.806
313.389
314.148
315.137
316.418
318.06
320.116
308.251
308.894
309.73
310.82
312.247
314.113
316.533
319.597
306.288
306.972
307.875
309.078
310.685
312.831
315.664
319.299
306.288
306.972
307.875
309.078
310.685
312.831
315.664
319.299
308.251
308.894
309.73
310.82
312.247
314.113
316.533
319.597
312.357
312.806
313.389
314.148
315.137
316.418
318.06
320.116
312.923
313.376
313.962
314.724
315.715
316.999
318.643
320.7
308.774
309.427
310.272
311.373
312.81
314.686
317.113
320.18
306.775
307.472
308.392
309.612
311.237
313.398
316.243
319.882
306.775
307.472
308.392
309.612
311.237
313.398
316.243
319.882
308.774
309.427
310.272
311.373
312.81
314.686
317.113
320.18
312.923
313.376
313.962
314.724
315.715
316.999
318.643
320.7
313.479
313.933
314.522
315.287
316.281
317.567
319.213
321.27
309.29
309.95
310.805
311.915
313.362
315.247
317.68
320.749
307.256
307.966
308.9
310.136
311.777
313.953
316.808
320.451
307.256
307.966
308.9
310.136
311.777
313.953
316.808
320.451
309.29
309.95
310.805
311.915
313.362
315.247
317.68
320.749
313.479
313.933
314.522
315.287
316.281
317.567
319.213
321.27
314.023
314.48
315.071
315.839
316.835
318.124
319.771
321.829
309.799
310.466
311.328
312.448
313.904
315.796
318.234
321.306
307.733
308.454
309.401
310.652
312.307
314.496
317.36
321.008
307.733
308.454
309.401
310.652
312.307
314.496
317.36
321.008
309.799
310.466
311.328
312.448
313.904
315.796
318.234
321.306
314.023
314.48
315.071
315.839
316.835
318.124
319.771
321.829
314.558
315.017
315.61
316.38
317.379
318.67
320.318
322.376
310.3
310.974
311.844
312.971
314.436
316.335
318.778
321.852
308.205
308.937
309.896
311.16
312.828
315.029
317.902
321.553
308.205
308.937
309.896
311.16
312.828
315.029
317.902
321.553
310.3
310.974
311.844
312.971
314.436
316.335
318.778
321.852
314.558
315.017
315.61
316.38
317.379
318.67
320.318
322.376
315.084
315.545
316.14
316.912
317.913
319.205
320.855
322.914
310.796
311.476
312.352
313.487
314.959
316.865
319.312
322.388
308.673
309.415
310.385
311.66
313.341
315.553
318.434
322.088
308.673
309.415
310.385
311.66
313.341
315.553
318.434
322.088
310.796
311.476
312.352
313.487
314.959
316.865
319.312
322.388
315.084
315.545
316.14
316.912
317.913
319.205
320.855
322.914
315.602
316.065
316.662
317.435
318.438
319.732
321.383
323.442
311.286
311.971
312.854
313.995
315.473
317.386
319.837
322.915
309.137
309.888
310.868
312.155
313.847
316.069
318.957
322.614
309.137
309.888
310.868
312.155
313.847
316.069
318.957
322.614
311.286
311.971
312.854
313.995
315.473
317.386
319.837
322.915
315.602
316.065
316.662
317.435
318.438
319.732
321.383
323.442
316.113
316.577
317.175
317.951
318.955
320.251
321.902
323.962
311.77
312.46
313.349
314.496
315.981
317.898
320.354
323.433
309.598
310.357
311.346
312.643
314.346
316.577
319.471
323.131
309.598
310.357
311.346
312.643
314.346
316.577
319.471
323.131
311.77
312.46
313.349
314.496
315.981
317.898
320.354
323.433
316.113
316.577
317.175
317.951
318.955
320.251
321.902
323.962
316.616
317.081
317.681
318.459
319.465
320.762
322.414
324.474
312.249
312.944
313.838
314.991
316.481
318.404
320.863
323.943
310.055
310.821
311.82
313.126
314.838
317.077
319.978
323.64
310.055
310.821
311.82
313.126
314.838
317.077
319.978
323.64
312.249
312.944
313.838
314.991
316.481
318.404
320.863
323.943
316.616
317.081
317.681
318.459
319.465
320.762
322.414
324.474
317.113
317.579
318.181
318.96
319.967
321.265
322.919
324.979
312.723
313.423
314.322
315.48
316.976
318.903
321.365
324.446
310.508
311.282
312.289
313.603
315.324
317.572
320.478
324.142
310.508
311.282
312.289
313.603
315.324
317.572
320.478
324.142
312.723
313.423
314.322
315.48
316.976
318.903
321.365
324.446
317.113
317.579
318.181
318.96
319.967
321.265
322.919
324.979
317.604
318.071
318.674
319.454
320.463
321.762
323.416
325.477
313.193
313.897
314.8
315.964
317.464
319.395
321.861
324.943
310.959
311.739
312.753
314.076
315.805
318.06
320.971
324.638
310.959
311.739
312.753
314.076
315.805
318.06
320.971
324.638
313.193
313.897
314.8
315.964
317.464
319.395
321.861
324.943
317.604
318.071
318.674
319.454
320.463
321.762
323.416
325.477
318.089
318.557
319.162
319.943
320.953
322.253
323.908
325.969
313.659
314.367
315.274
316.442
317.946
319.882
322.35
325.434
311.407
312.193
313.214
314.544
316.281
318.543
321.459
325.127
311.407
312.193
313.214
314.544
316.281
318.543
321.459
325.127
313.659
314.367
315.274
316.442
317.946
319.882
322.35
325.434
318.089
318.557
319.162
319.943
320.953
322.253
323.908
325.969
318.568
319.038
319.643
320.426
321.437
322.739
324.394
326.455
314.121
314.832
315.743
316.915
318.424
320.363
322.834
325.918
311.851
312.643
313.671
315.008
316.752
319.02
321.941
325.611
311.851
312.643
313.671
315.008
316.752
319.02
321.941
325.611
314.121
314.832
315.743
316.915
318.424
320.363
322.834
325.918
318.568
319.038
319.643
320.426
321.437
322.739
324.394
326.455
319.043
319.514
320.12
320.904
321.916
323.218
324.875
326.936
314.579
315.293
316.208
317.384
318.897
320.839
323.313
326.398
312.294
313.091
314.125
315.469
317.219
319.493
322.418
326.089
312.294
313.091
314.125
315.469
317.219
319.493
322.418
326.089
314.579
315.293
316.208
317.384
318.897
320.839
323.313
326.398
319.043
319.514
320.12
320.904
321.916
323.218
324.875
326.936
319.513
319.985
320.592
321.377
322.39
323.693
325.35
327.411
315.034
315.751
316.669
317.849
319.365
321.311
323.786
326.872
312.733
313.536
314.575
315.925
317.681
319.961
322.89
326.563
312.733
313.536
314.575
315.925
317.681
319.961
322.89
326.563
315.034
315.751
316.669
317.849
319.365
321.311
323.786
326.872
319.513
319.985
320.592
321.377
322.39
323.693
325.35
327.411
319.979
320.452
321.06
321.845
322.86
324.163
325.821
327.882
315.485
316.205
317.127
318.31
319.829
321.778
324.255
327.342
313.171
313.978
315.022
316.378
318.14
320.425
323.357
327.032
313.171
313.978
315.022
316.378
318.14
320.425
323.357
327.032
315.485
316.205
317.127
318.31
319.829
321.778
324.255
327.342
319.979
320.452
321.06
321.845
322.86
324.163
325.821
327.882
320.441
320.914
321.523
322.309
323.325
324.629
326.287
328.349
315.934
316.656
317.581
318.767
320.289
322.241
324.72
327.808
313.606
314.418
315.467
316.828
318.596
320.885
323.821
327.497
313.606
314.418
315.467
316.828
318.596
320.885
323.821
327.497
315.934
316.656
317.581
318.767
320.289
322.241
324.72
327.808
320.441
320.914
321.523
322.309
323.325
324.629
326.287
328.349
320.899
321.372
321.982
322.769
323.785
325.091
326.749
328.811
316.379
317.104
318.031
319.22
320.746
322.7
325.181
328.27
314.04
314.855
315.909
317.275
319.047
321.341
324.28
327.958
314.04
314.855
315.909
317.275
319.047
321.341
324.28
327.958
316.379
317.104
318.031
319.22
320.746
322.7
325.181
328.27
320.899
321.372
321.982
322.769
323.785
325.091
326.749
328.811
321.353
321.827
322.437
323.225
324.242
325.548
327.207
329.269
316.822
317.549
318.479
319.671
321.199
323.155
325.638
328.727
314.471
315.29
316.349
317.719
319.496
321.794
324.736
328.415
314.471
315.29
316.349
317.719
319.496
321.794
324.736
328.415
316.822
317.549
318.479
319.671
321.199
323.155
325.638
328.727
321.353
321.827
322.437
323.225
324.242
325.548
327.207
329.269
321.803
322.278
322.889
323.678
324.695
326.002
327.661
329.723
317.262
317.991
318.924
320.118
321.649
323.607
326.092
329.181
314.9
315.723
316.786
318.161
319.942
322.244
325.188
328.868
314.9
315.723
316.786
318.161
319.942
322.244
325.188
328.868
317.262
317.991
318.924
320.118
321.649
323.607
326.092
329.181
321.803
322.278
322.889
323.678
324.695
326.002
327.661
329.723
322.25
322.726
323.337
324.127
325.145
326.452
328.112
330.174
317.7
318.431
319.365
320.562
322.095
324.056
326.542
329.632
315.328
316.154
317.221
318.6
320.385
322.69
325.638
329.319
315.328
316.154
317.221
318.6
320.385
322.69
325.638
329.319
317.7
318.431
319.365
320.562
322.095
324.056
326.542
329.632
322.25
322.726
323.337
324.127
325.145
326.452
328.112
330.174
322.694
323.17
323.782
324.572
325.591
326.899
328.559
330.621
318.135
318.868
319.805
321.003
322.539
324.501
326.989
330.08
315.754
316.584
317.653
319.036
320.826
323.134
326.084
329.766
315.754
316.584
317.653
319.036
320.826
323.134
326.084
329.766
318.135
318.868
319.805
321.003
322.539
324.501
326.989
330.08
322.694
323.17
323.782
324.572
325.591
326.899
328.559
330.621
323.135
323.611
324.224
325.014
326.034
327.342
329.003
331.065
318.568
319.303
320.241
321.442
322.98
324.944
327.433
330.524
316.179
317.011
318.084
319.471
321.263
323.575
326.527
330.21
316.179
317.011
318.084
319.471
321.263
323.575
326.527
330.21
318.568
319.303
320.241
321.442
322.98
324.944
327.433
330.524
323.135
323.611
324.224
325.014
326.034
327.342
329.003
331.065
323.573
324.049
324.663
325.454
326.474
327.783
329.443
331.506
318.999
319.736
320.676
321.878
323.418
325.384
327.874
330.965
316.602
317.437
318.513
319.903
321.699
324.014
326.968
330.652
316.602
317.437
318.513
319.903
321.699
324.014
326.968
330.652
318.999
319.736
320.676
321.878
323.418
325.384
327.874
330.965
323.573
324.049
324.663
325.454
326.474
327.782
329.443
331.506
324.008
324.485
325.098
325.89
326.91
328.22
329.881
331.944
319.428
320.166
321.108
322.312
323.853
325.821
328.312
331.404
317.024
317.861
318.94
320.333
322.132
324.45
327.406
331.09
317.024
317.861
318.94
320.333
322.132
324.45
327.406
331.09
319.428
320.166
321.108
322.312
323.853
325.821
328.312
331.404
324.008
324.485
325.098
325.89
326.91
328.22
329.881
331.944
324.44
324.917
325.531
326.323
327.344
328.654
330.315
332.379
319.855
320.594
321.538
322.744
324.287
326.256
328.747
331.84
317.444
318.284
319.366
320.761
322.564
324.884
327.841
331.527
317.444
318.284
319.366
320.761
322.564
324.884
327.841
331.527
319.855
320.594
321.537
322.744
324.287
326.256
328.747
331.84
324.44
324.917
325.531
326.323
327.344
328.654
330.315
332.379
324.869
325.347
325.961
326.754
327.775
329.085
330.747
332.81
320.28
321.02
321.965
323.173
324.717
326.688
329.181
332.273
317.863
318.705
319.789
321.188
322.993
325.315
328.275
331.961
317.863
318.705
319.789
321.188
322.993
325.315
328.275
331.96
320.28
321.02
321.965
323.173
324.717
326.688
329.18
332.273
324.869
325.347
325.961
326.754
327.775
329.085
330.747
332.81
325.296
325.774
326.388
327.181
328.203
329.514
331.176
333.24
320.703
321.445
322.391
323.6
325.146
327.117
329.611
332.704
318.281
319.125
320.211
321.612
323.42
325.745
328.706
332.392
318.281
319.125
320.211
321.612
323.42
325.745
328.706
332.392
320.703
321.445
322.391
323.6
325.146
327.117
329.611
332.704
325.296
325.774
326.388
327.181
328.203
329.514
331.176
333.239
325.721
326.198
326.813
327.606
328.629
329.94
331.602
333.666
321.124
321.867
322.814
324.025
325.572
327.545
330.039
333.133
318.697
319.543
320.632
322.035
323.845
326.172
329.134
332.821
318.697
319.543
320.632
322.035
323.845
326.172
329.134
332.821
321.124
321.867
322.814
324.025
325.572
327.545
330.039
333.133
325.721
326.198
326.813
327.606
328.628
329.94
331.602
333.666
326.142
326.62
327.235
328.029
329.051
330.363
332.026
334.09
321.544
322.288
323.236
324.448
325.996
327.97
330.465
333.559
319.112
319.96
321.051
322.457
324.269
326.597
329.561
333.249
319.112
319.96
321.051
322.457
324.269
326.597
329.561
333.249
321.544
322.288
323.236
324.448
325.996
327.97
330.465
333.559
326.142
326.62
327.235
328.029
329.051
330.363
332.026
334.09
326.562
327.039
327.655
328.448
329.471
330.783
332.446
334.511
321.962
322.706
323.656
324.868
326.418
328.393
330.889
333.983
319.526
320.376
321.468
322.876
324.69
327.021
329.986
333.674
319.526
320.376
321.468
322.876
324.69
327.021
329.986
333.674
321.962
322.706
323.656
324.868
326.418
328.393
330.889
333.983
326.562
327.039
327.655
328.448
329.471
330.783
332.446
334.511
326.979
327.456
328.072
328.866
329.889
331.201
332.865
334.929
322.378
323.123
324.074
325.287
326.838
328.814
331.31
334.405
319.939
320.79
321.885
323.294
325.11
327.442
330.409
334.097
319.939
320.79
321.885
323.294
325.11
327.442
330.409
334.097
322.378
323.123
324.074
325.287
326.838
328.814
331.31
334.405
326.979
327.456
328.071
328.865
329.889
331.201
332.865
334.929
327.393
327.871
328.486
329.28
330.304
331.617
333.28
335.345
322.793
323.539
324.49
325.704
327.256
329.232
331.73
334.824
320.351
321.203
322.299
323.711
325.528
327.862
330.829
334.518
320.351
321.203
322.299
323.711
325.528
327.862
330.829
334.518
322.793
323.539
324.49
325.704
327.256
329.232
331.73
334.824
327.393
327.871
328.486
329.28
330.304
331.617
333.28
335.345
327.805
328.283
328.898
329.692
330.716
332.029
333.694
335.758
323.206
323.952
324.904
326.119
327.672
329.649
332.147
335.242
320.762
321.615
322.713
324.126
325.945
328.28
331.248
334.937
320.762
321.615
322.713
324.126
325.945
328.28
331.248
334.937
323.206
323.952
324.904
326.119
327.672
329.649
332.147
335.242
327.805
328.283
328.898
329.692
330.716
332.029
333.693
335.758
328.215
328.692
329.307
330.102
331.126
332.44
334.104
336.169
323.617
324.364
325.316
326.532
328.085
330.064
332.562
335.657
321.171
322.026
323.125
324.539
326.36
328.696
331.665
335.355
321.171
322.026
323.125
324.539
326.36
328.696
331.665
335.354
323.617
324.364
325.316
326.532
328.085
330.064
332.562
335.657
328.215
328.692
329.307
330.102
331.126
332.44
334.104
336.169
328.622
329.099
329.714
330.509
331.534
332.847
334.512
336.578
324.027
324.774
325.727
326.943
328.497
330.476
332.975
336.07
321.579
322.435
323.535
324.951
326.773
329.111
332.081
335.77
321.579
322.435
323.535
324.951
326.773
329.111
332.081
335.77
324.027
324.774
325.727
326.943
328.497
330.476
332.975
336.07
328.622
329.099
329.714
330.509
331.534
332.847
334.512
336.578
329.027
329.504
330.119
330.914
331.938
333.253
334.918
336.983
324.435
325.182
326.136
327.353
328.907
330.887
333.386
336.481
321.987
322.844
323.945
325.362
327.185
329.524
332.494
336.184
321.987
322.843
323.945
325.362
327.185
329.524
332.494
336.184
324.435
325.182
326.136
327.353
328.907
330.887
333.386
336.481
329.027
329.504
330.119
330.914
331.938
333.253
334.918
336.983
329.429
329.906
330.521
331.316
332.341
333.655
335.321
337.387
324.841
325.589
326.543
327.76
329.315
331.295
333.794
336.89
322.393
323.25
324.352
325.771
327.595
329.935
332.906
336.595
322.393
323.25
324.352
325.771
327.595
329.935
332.906
336.595
324.841
325.589
326.543
327.76
329.315
331.295
333.794
336.89
329.429
329.906
330.521
331.316
332.341
333.655
335.321
337.387
329.83
330.306
330.921
331.715
332.741
334.055
335.721
337.788
325.246
325.994
326.948
328.166
329.721
331.702
334.201
337.297
322.798
323.656
324.759
326.178
328.004
330.344
333.316
337.005
322.798
323.656
324.759
326.178
328.004
330.344
333.316
337.005
325.246
325.994
326.948
328.166
329.721
331.702
334.201
337.297
329.83
330.306
330.921
331.715
332.741
334.055
335.721
337.788
330.227
330.703
331.318
332.112
333.138
334.453
336.119
338.186
325.649
326.397
327.351
328.57
330.125
332.106
334.606
337.702
323.201
324.06
325.164
326.584
328.411
330.752
333.724
337.413
323.201
324.06
325.164
326.584
328.41
330.752
333.724
337.413
325.649
326.397
327.351
328.57
330.125
332.106
334.606
337.702
330.227
330.703
331.318
332.113
333.138
334.453
336.119
338.186
330.623
331.098
331.712
332.507
333.533
334.848
336.515
338.582
326.051
326.799
327.753
328.971
330.527
332.508
335.009
338.105
323.604
324.463
325.568
326.989
328.816
331.158
334.13
337.82
323.604
324.463
325.568
326.989
328.816
331.158
334.13
337.82
326.051
326.799
327.753
328.971
330.527
332.508
335.009
338.105
330.623
331.098
331.712
332.507
333.533
334.848
336.515
338.582
331.016
331.49
332.104
332.899
333.925
335.241
336.908
338.975
326.451
327.198
328.153
329.371
330.928
332.909
335.409
338.505
324.005
324.865
325.97
327.392
329.22
331.562
334.534
338.224
324.005
324.865
325.97
327.392
329.22
331.562
334.534
338.224
326.451
327.198
328.153
329.371
330.928
332.909
335.409
338.505
331.016
331.49
332.104
332.899
333.925
335.241
336.908
338.975
331.406
331.88
332.494
333.289
334.315
335.631
337.298
339.366
326.849
327.596
328.55
329.769
331.326
333.307
335.808
338.904
324.405
325.266
326.371
327.793
329.622
331.964
334.937
338.627
324.405
325.266
326.371
327.793
329.622
331.964
334.937
338.627
326.849
327.596
328.55
329.769
331.326
333.307
335.808
338.904
331.406
331.88
332.494
333.289
334.315
335.631
337.298
339.366
331.794
332.268
332.881
333.676
334.702
336.018
337.686
339.754
327.246
327.993
328.947
330.165
331.722
333.703
336.204
339.3
324.804
325.665
326.771
328.193
330.022
332.365
335.338
339.028
324.804
325.665
326.771
328.193
330.022
332.365
335.338
339.028
327.246
327.993
328.946
330.165
331.722
333.703
336.204
339.3
331.794
332.268
332.881
333.676
334.702
336.018
337.686
339.754
332.18
332.652
333.265
334.06
335.086
336.403
338.071
340.14
327.64
328.387
329.341
330.559
332.116
334.098
336.598
339.695
325.202
326.063
327.169
328.591
330.421
332.764
335.737
339.427
325.202
326.062
327.169
328.591
330.421
332.764
335.737
339.427
327.64
328.387
329.341
330.559
332.116
334.098
336.598
339.695
332.18
332.653
333.266
334.06
335.086
336.403
338.071
340.14
332.563
333.035
333.647
334.442
335.468
336.785
338.454
340.523
328.033
328.78
329.733
330.951
332.508
334.49
336.99
340.087
325.598
326.459
327.565
328.988
330.818
333.162
336.134
339.824
325.598
326.459
327.565
328.988
330.818
333.162
336.134
339.824
328.033
328.78
329.733
330.951
332.508
334.49
336.99
340.087
332.563
333.035
333.648
334.442
335.468
336.785
338.454
340.523
332.943
333.414
334.027
334.821
335.847
337.164
338.834
340.903
328.425
329.17
330.123
331.341
332.898
334.88
337.38
340.477
325.993
326.854
327.96
329.383
331.213
333.557
336.53
340.219
325.993
326.854
327.96
329.383
331.213
333.557
336.53
340.219
328.425
329.17
330.123
331.341
332.898
334.88
337.38
340.477
332.944
333.415
334.027
334.821
335.847
337.165
338.834
340.903
333.321
333.792
334.403
335.197
336.223
337.541
339.211
341.281
328.814
329.559
330.511
331.729
333.286
335.267
337.768
340.865
326.387
327.247
328.353
329.777
331.607
333.951
336.923
340.612
326.386
327.247
328.353
329.777
331.607
333.951
336.923
340.612
328.814
329.559
330.511
331.729
333.286
335.267
337.768
340.865
333.322
333.792
334.403
335.197
336.224
337.541
339.211
341.281
333.697
334.166
334.777
335.571
336.597
337.915
339.585
341.656
329.201
329.946
330.898
332.115
333.671
335.653
338.153
341.25
326.779
327.639
328.745
330.168
331.998
334.342
337.315
341.003
326.779
327.639
328.745
330.168
331.998
334.342
337.315
341.003
329.201
329.946
330.898
332.115
333.671
335.653
338.153
341.25
333.697
334.166
334.777
335.571
336.597
337.915
339.586
341.656
334.069
334.538
335.148
335.942
336.968
338.287
339.957
342.028
329.587
330.331
331.282
332.499
334.055
336.036
338.537
341.633
327.169
328.029
329.135
330.558
332.388
334.732
337.704
341.392
327.169
328.029
329.135
330.558
332.388
334.732
337.704
341.392
329.587
330.331
331.282
332.499
334.055
336.036
338.537
341.633
334.07
334.538
335.149
335.942
336.969
338.287
339.957
342.028
334.44
334.907
335.517
336.31
337.337
338.655
340.326
342.397
329.971
330.713
331.664
332.881
334.436
336.417
338.918
342.014
327.558
328.418
329.524
330.947
332.776
335.12
338.092
341.779
327.558
328.418
329.524
330.947
332.776
335.12
338.092
341.779
329.971
330.713
331.664
332.881
334.436
336.417
338.918
342.014
334.44
334.907
335.517
336.31
337.337
338.655
340.326
342.398
334.807
335.274
335.883
336.675
337.702
339.021
340.692
342.764
330.352
331.094
332.044
333.26
334.815
336.796
339.296
342.393
327.946
328.805
329.91
331.333
333.163
335.506
338.477
342.164
327.946
328.805
329.91
331.333
333.163
335.506
338.477
342.164
330.352
331.094
332.044
333.26
334.815
336.796
339.296
342.393
334.808
335.274
335.883
336.676
337.702
339.021
340.693
342.765
335.172
335.637
336.246
337.038
338.065
339.384
341.056
343.128
330.732
331.473
332.422
333.637
335.192
337.172
339.672
342.769
328.332
329.19
330.295
331.718
333.547
335.89
338.861
342.547
328.332
329.19
330.295
331.718
333.547
335.89
338.861
342.547
330.732
331.473
332.422
333.638
335.192
337.173
339.673
342.769
335.172
335.638
336.246
337.039
338.065
339.384
341.056
343.129
335.534
335.998
336.606
337.398
338.425
339.744
341.417
343.489
331.11
331.849
332.798
334.012
335.566
337.547
340.046
343.143
328.716
329.574
330.678
332.1
333.929
336.272
339.242
342.928
328.716
329.574
330.678
332.1
333.929
336.272
339.242
342.928
331.11
331.85
332.798
334.013
335.567
337.547
340.046
343.143
335.535
335.999
336.607
337.399
338.425
339.744
341.417
343.49
335.893
336.356
336.963
337.755
338.782
340.101
341.774
343.848
331.485
332.224
333.171
334.385
335.939
337.918
340.418
343.514
329.099
329.956
331.06
332.481
334.309
336.651
339.621
343.307
329.099
329.956
331.06
332.481
334.309
336.651
339.621
343.307
331.485
332.224
333.171
334.385
335.939
337.918
340.418
343.514
335.894
336.357
336.964
337.756
338.782
340.102
341.775
343.848
336.25
336.712
337.318
338.109
339.136
340.456
342.129
344.203
331.859
332.596
333.542
334.755
336.308
338.288
340.787
343.883
329.48
330.336
331.439
332.86
334.688
337.029
339.998
343.683
329.48
330.336
331.439
332.86
334.688
337.029
339.998
343.683
331.859
332.596
333.543
334.756
336.308
338.288
340.787
343.883
336.251
336.712
337.319
338.11
339.136
340.456
342.13
344.204
336.604
337.064
337.67
338.46
339.487
340.807
342.481
344.556
332.23
332.966
333.911
335.124
336.676
338.654
341.153
344.25
329.859
330.714
331.817
333.237
335.064
337.404
340.373
344.057
329.859
330.714
331.817
333.237
335.064
337.404
340.373
344.057
332.23
332.966
333.912
335.124
336.676
338.655
341.153
344.25
336.605
337.065
337.67
338.461
339.488
340.808
342.482
344.557
336.955
337.414
338.019
338.809
339.835
341.156
342.83
344.906
332.599
333.334
334.278
335.489
337.04
339.019
341.517
344.614
330.236
331.091
332.192
333.611
335.438
337.778
340.745
344.429
330.236
331.091
332.192
333.611
335.438
337.778
340.745
344.429
332.599
333.334
334.278
335.489
337.041
339.019
341.517
344.614
336.956
337.415
338.019
338.809
339.836
341.156
342.831
344.906
337.304
337.761
338.365
339.155
340.181
341.502
343.177
345.253
332.967
333.7
334.643
335.853
337.403
339.381
341.879
344.976
330.613
331.466
332.566
333.985
335.81
338.149
341.116
344.799
330.613
331.466
332.566
333.985
335.81
338.149
341.116
344.799
332.967
333.7
334.643
335.853
337.404
339.381
341.879
344.976
337.304
337.762
338.366
339.156
340.182
341.503
343.178
345.254
337.647
338.103
338.706
339.495
340.521
341.842
343.518
345.594
333.329
334.061
335.002
336.211
337.761
339.738
342.236
345.332
330.983
331.835
332.935
334.352
336.177
338.515
341.481
345.164
330.984
331.835
332.935
334.352
336.177
338.515
341.482
345.164
333.329
334.061
335.002
336.211
337.761
339.738
342.236
345.332
337.647
338.104
338.706
339.496
340.522
341.843
343.519
345.595
338
338.455
339.056
339.845
340.871
342.192
343.868
345.946
333.703
334.433
335.373
336.581
338.129
340.106
342.603
345.699
331.367
332.218
333.316
334.733
336.556
338.893
341.858
345.54
331.367
332.218
333.316
334.733
336.556
338.894
341.859
345.54
333.703
334.433
335.373
336.581
338.13
340.106
342.603
345.699
338.001
338.456
339.057
339.846
340.872
342.193
343.869
345.946
338.293
338.746
339.347
340.135
341.162
342.483
344.16
346.238
334.013
334.741
335.68
336.887
338.435
340.411
342.908
346.005
331.685
332.535
333.632
335.047
336.87
339.207
342.172
345.853
331.685
332.535
333.632
335.048
336.87
339.207
342.172
345.853
334.013
334.742
335.68
336.887
338.436
340.411
342.909
346.005
338.294
338.747
339.348
340.137
341.163
342.484
344.161
346.239
338.832
339.283
339.882
340.669
341.695
343.017
344.694
346.772
334.588
335.313
336.249
337.454
339
340.974
343.47
346.565
332.277
333.124
334.219
335.632
337.453
339.788
342.75
346.429
332.277
333.124
334.219
335.632
337.453
339.788
342.75
346.429
334.588
335.314
336.25
337.454
339.001
340.975
343.47
346.566
338.833
339.284
339.883
340.671
341.696
343.018
344.695
346.774
298.399
298.194
298.15
298.15
298.194
298.399
298.427
298.205
298.152
298.152
298.205
298.427
298.475
298.225
298.159
298.159
298.225
298.475
298.557
298.261
298.174
298.174
298.261
298.557
298.697
298.335
298.214
298.214
298.335
298.697
298.948
298.502
298.332
298.332
298.502
298.948
299.429
298.924
298.709
298.709
298.924
299.429
300.452
300.118
299.976
299.976
300.118
300.452
299.38
298.469
298.261
298.261
298.469
299.38
299.504
298.538
298.295
298.295
298.538
299.504
299.696
298.654
298.363
298.363
298.654
299.696
299.995
298.856
298.499
298.499
298.856
299.995
300.471
299.223
298.778
298.778
299.223
300.471
301.231
299.915
299.376
299.376
299.915
301.231
302.442
301.245
300.682
300.682
301.245
302.442
304.292
303.703
303.392
303.392
303.703
304.292
300.705
299.023
298.562
298.562
299.023
300.705
300.922
299.176
298.656
298.656
299.176
300.922
301.235
299.418
298.823
298.823
299.418
301.235
301.692
299.807
299.123
299.123
299.807
301.692
302.364
300.451
299.671
299.671
300.451
302.364
303.355
301.532
300.691
300.691
301.532
303.355
304.786
303.33
302.572
302.572
303.33
304.786
306.757
306.132
305.779
305.779
306.132
306.757
301.895
299.67
298.971
298.971
299.67
301.895
302.178
299.906
299.133
299.133
299.906
302.178
302.57
300.259
299.401
299.401
300.259
302.57
303.118
300.797
299.851
299.851
300.797
303.118
303.892
301.634
300.616
300.616
301.634
303.892
304.98
302.942
301.923
301.923
302.942
304.98
306.483
304.946
304.103
304.103
304.946
306.483
308.48
307.84
307.466
307.466
307.84
308.48
302.961
300.364
299.458
299.458
300.364
302.961
303.287
300.673
299.691
299.691
300.673
303.287
303.728
301.117
300.055
300.055
301.117
303.728
304.333
301.769
300.634
300.634
301.769
304.333
305.164
302.738
301.565
301.565
302.738
305.164
306.304
304.18
303.063
303.063
304.18
306.304
307.843
306.29
305.409
305.409
306.29
307.843
309.855
309.224
308.842
308.842
309.224
309.855
303.937
301.069
299.992
299.992
301.069
303.937
304.291
301.438
300.292
300.292
301.438
304.291
304.765
301.956
300.742
300.742
301.956
304.765
305.406
302.693
301.427
301.427
302.693
305.406
306.274
303.754
302.484
302.484
303.754
306.274
307.447
305.284
304.111
304.111
305.284
307.447
309.01
307.459
306.56
306.56
307.459
309.01
311.032
310.42
310.037
310.037
310.42
311.032
304.836
301.756
300.542
300.542
301.756
304.836
305.21
302.175
300.902
300.902
302.175
305.21
305.707
302.751
301.425
301.425
302.751
305.707
306.373
303.554
302.198
302.198
303.554
306.373
307.267
304.685
303.352
303.352
304.685
307.267
308.464
306.28
305.075
305.075
306.28
308.464
310.045
308.502
307.599
307.599
308.502
310.045
312.074
311.483
311.108
311.108
311.483
312.074
305.677
302.423
301.095
301.095
302.423
305.677
306.066
302.882
301.507
301.507
302.882
306.066
306.58
303.505
302.093
302.093
303.505
306.58
307.265
304.361
302.939
302.939
304.361
307.265
308.178
305.547
304.172
304.172
305.547
308.178
309.393
307.194
305.972
305.972
307.194
309.393
310.986
309.454
308.553
308.553
309.454
310.986
313.021
312.451
312.086
312.086
312.451
313.021
306.471
303.07
301.643
301.643
303.07
306.471
306.871
303.563
302.101
302.101
303.563
306.871
307.399
304.224
302.741
302.741
304.224
307.399
308.098
305.124
303.649
303.649
305.124
308.098
309.027
306.355
304.949
304.949
306.355
309.027
310.254
308.043
306.811
306.811
308.043
310.254
311.858
310.333
309.439
309.439
310.333
311.858
313.898
313.343
312.991
312.991
313.343
313.898
307.225
303.699
302.186
302.186
303.699
307.225
307.635
304.22
302.683
302.683
304.22
307.635
308.173
304.914
303.37
303.37
304.914
308.173
308.884
305.849
304.331
304.331
305.849
308.884
309.825
307.117
305.687
305.687
307.117
309.825
311.063
308.84
307.602
307.602
308.84
311.063
312.675
311.155
310.269
310.269
311.155
312.675
314.718
314.176
313.837
313.837
314.176
314.718
307.945
304.312
302.722
302.722
304.312
307.945
308.363
304.856
303.253
303.253
304.856
308.363
308.911
305.578
303.981
303.981
305.578
308.911
309.632
306.543
304.987
304.987
306.543
309.632
310.582
307.843
306.392
306.392
307.843
310.582
311.829
309.594
308.351
308.351
309.594
311.829
313.447
311.931
311.051
311.051
311.931
313.447
315.493
314.96
314.632
314.632
314.96
315.493
308.637
304.91
303.25
303.25
304.91
308.637
309.062
305.475
303.812
303.812
305.475
309.062
309.617
306.219
304.575
304.575
306.219
309.617
310.346
307.211
305.621
305.621
307.211
310.346
311.304
308.537
307.067
307.067
308.537
311.304
312.559
310.313
309.065
309.065
310.313
312.559
314.182
312.667
311.792
311.792
312.667
314.182
316.231
315.703
315.384
315.384
315.703
316.231
309.304
305.495
303.772
303.772
305.495
309.304
309.735
306.077
304.361
304.361
306.077
309.735
310.296
306.842
305.154
305.154
306.842
310.296
311.032
307.855
306.235
306.235
307.855
311.032
311.997
309.205
307.717
307.717
309.205
311.997
313.258
311.001
309.748
309.748
311.001
313.258
314.886
313.37
312.499
312.499
313.37
314.886
316.936
316.413
316.101
316.101
316.413
316.936
309.949
306.067
304.288
304.288
306.067
309.949
310.385
306.664
304.899
304.899
306.664
310.385
310.952
307.447
305.72
305.72
307.447
310.952
311.694
308.48
306.832
306.832
308.48
311.694
312.665
309.849
308.345
308.345
309.849
312.665
313.931
311.663
310.405
310.405
311.663
313.931
315.563
314.045
313.177
313.177
314.045
315.563
317.614
317.094
316.787
316.787
317.094
317.614
310.575
306.628
304.797
304.797
306.628
310.575
311.015
307.239
305.429
305.429
307.239
311.015
311.587
308.037
306.275
306.275
308.037
311.587
312.334
309.087
307.413
307.413
309.087
312.334
313.31
310.473
308.954
308.954
310.473
313.31
314.581
312.303
311.039
311.039
312.303
314.581
316.216
314.697
313.83
313.83
314.697
316.216
318.269
317.75
317.447
317.447
317.75
318.269
311.184
307.178
305.3
305.3
307.178
311.184
311.627
307.801
305.951
305.951
307.801
311.627
312.203
308.614
306.818
306.818
308.614
312.203
312.955
309.678
307.98
307.98
309.678
312.955
313.936
311.08
309.546
309.546
311.08
313.936
315.211
312.923
311.653
311.653
312.923
315.211
316.848
315.327
314.46
314.46
315.327
316.848
318.902
318.384
318.083
318.083
318.384
318.902
311.777
307.719
305.797
305.797
307.719
311.777
312.224
308.353
306.465
306.465
308.353
312.224
312.804
309.177
307.351
307.351
309.177
312.804
313.559
310.256
308.535
308.535
310.256
313.559
314.544
311.67
310.122
310.122
311.67
314.544
315.822
313.526
312.25
312.25
313.526
315.822
317.462
315.938
315.07
315.07
315.938
317.462
319.517
318.999
318.7
318.7
318.999
319.517
312.357
308.251
306.288
306.288
308.251
312.357
312.806
308.894
306.972
306.972
308.894
312.806
313.389
309.73
307.875
307.875
309.73
313.389
314.148
310.82
309.078
309.078
310.82
314.148
315.137
312.247
310.685
310.685
312.247
315.137
316.418
314.113
312.831
312.831
314.113
316.418
318.06
316.533
315.664
315.664
316.533
318.06
320.116
319.597
319.299
319.299
319.597
320.116
312.923
308.774
306.775
306.775
308.774
312.923
313.376
309.427
307.472
307.472
309.427
313.376
313.962
310.272
308.392
308.392
310.272
313.962
314.724
311.373
309.612
309.612
311.373
314.724
315.715
312.81
311.237
311.237
312.81
315.715
316.999
314.686
313.398
313.398
314.686
316.999
318.643
317.113
316.243
316.243
317.113
318.643
320.7
320.18
319.882
319.882
320.18
320.7
313.479
309.29
307.256
307.256
309.29
313.479
313.933
309.95
307.966
307.966
309.95
313.933
314.522
310.805
308.9
308.9
310.805
314.522
315.287
311.915
310.136
310.136
311.915
315.287
316.281
313.362
311.777
311.777
313.362
316.281
317.567
315.247
313.953
313.953
315.247
317.567
319.213
317.68
316.808
316.808
317.68
319.213
321.27
320.749
320.451
320.451
320.749
321.27
314.023
309.799
307.733
307.733
309.799
314.023
314.48
310.466
308.454
308.454
310.466
314.48
315.071
311.328
309.401
309.401
311.328
315.071
315.839
312.448
310.652
310.652
312.448
315.839
316.835
313.904
312.307
312.307
313.904
316.835
318.124
315.796
314.496
314.496
315.796
318.124
319.771
318.234
317.36
317.36
318.234
319.771
321.829
321.306
321.008
321.008
321.306
321.829
314.558
310.3
308.205
308.205
310.3
314.558
315.017
310.974
308.937
308.937
310.974
315.017
315.61
311.844
309.896
309.896
311.844
315.61
316.38
312.971
311.16
311.16
312.971
316.38
317.379
314.436
312.828
312.828
314.436
317.379
318.67
316.335
315.029
315.029
316.335
318.67
320.318
318.778
317.902
317.902
318.778
320.318
322.376
321.852
321.553
321.553
321.852
322.376
315.084
310.796
308.673
308.673
310.796
315.084
315.545
311.476
309.415
309.415
311.476
315.545
316.14
312.352
310.385
310.385
312.352
316.14
316.912
313.487
311.66
311.66
313.487
316.912
317.913
314.959
313.341
313.341
314.959
317.913
319.205
316.865
315.553
315.553
316.865
319.205
320.855
319.312
318.434
318.434
319.312
320.855
322.914
322.388
322.088
322.088
322.388
322.914
315.602
311.286
309.137
309.137
311.286
315.602
316.065
311.971
309.888
309.888
311.971
316.065
316.662
312.854
310.868
310.868
312.854
316.662
317.435
313.995
312.155
312.155
313.995
317.435
318.438
315.473
313.847
313.847
315.473
318.438
319.732
317.386
316.069
316.069
317.386
319.732
321.383
319.837
318.957
318.957
319.837
321.383
323.442
322.915
322.614
322.614
322.915
323.442
316.113
311.77
309.598
309.598
311.77
316.113
316.577
312.46
310.357
310.357
312.46
316.577
317.175
313.349
311.346
311.346
313.349
317.175
317.951
314.496
312.643
312.643
314.496
317.951
318.955
315.981
314.346
314.346
315.981
318.955
320.251
317.898
316.577
316.577
317.898
320.251
321.902
320.354
319.471
319.471
320.354
321.902
323.962
323.433
323.131
323.131
323.433
323.962
316.616
312.249
310.055
310.055
312.249
316.616
317.081
312.944
310.821
310.821
312.944
317.081
317.681
313.838
311.82
311.82
313.838
317.681
318.459
314.991
313.126
313.126
314.991
318.459
319.465
316.481
314.838
314.838
316.481
319.465
320.762
318.404
317.077
317.077
318.404
320.762
322.414
320.863
319.978
319.978
320.863
322.414
324.474
323.943
323.64
323.64
323.943
324.474
317.113
312.723
310.508
310.508
312.723
317.113
317.579
313.423
311.282
311.282
313.423
317.579
318.181
314.322
312.289
312.289
314.322
318.181
318.96
315.48
313.603
313.603
315.48
318.96
319.967
316.976
315.324
315.324
316.976
319.967
321.265
318.903
317.572
317.572
318.903
321.265
322.919
321.365
320.478
320.478
321.365
322.919
324.979
324.446
324.142
324.142
324.446
324.979
317.604
313.193
310.959
310.959
313.193
317.604
318.071
313.897
311.739
311.739
313.897
318.071
318.674
314.8
312.753
312.753
314.8
318.674
319.454
315.964
314.076
314.076
315.964
319.454
320.463
317.464
315.805
315.805
317.464
320.463
321.762
319.395
318.06
318.06
319.395
321.762
323.416
321.861
320.971
320.971
321.861
323.416
325.477
324.943
324.638
324.638
324.943
325.477
318.089
313.659
311.407
311.407
313.659
318.089
318.557
314.367
312.193
312.193
314.367
318.557
319.162
315.274
313.214
313.214
315.274
319.162
319.943
316.442
314.544
314.544
316.442
319.943
320.953
317.946
316.281
316.281
317.946
320.953
322.253
319.882
318.543
318.543
319.882
322.253
323.908
322.35
321.459
321.459
322.35
323.908
325.969
325.434
325.127
325.127
325.434
325.969
318.568
314.121
311.851
311.851
314.121
318.568
319.038
314.832
312.643
312.643
314.832
319.038
319.643
315.743
313.671
313.671
315.743
319.643
320.426
316.915
315.008
315.008
316.915
320.426
321.437
318.424
316.752
316.752
318.424
321.437
322.739
320.363
319.02
319.02
320.363
322.739
324.394
322.834
321.941
321.941
322.834
324.394
326.455
325.918
325.611
325.611
325.918
326.455
319.043
314.579
312.294
312.294
314.579
319.043
319.514
315.293
313.091
313.091
315.293
319.514
320.12
316.208
314.125
314.125
316.208
320.12
320.904
317.384
315.469
315.469
317.384
320.904
321.916
318.897
317.219
317.219
318.897
321.916
323.218
320.839
319.493
319.493
320.839
323.218
324.875
323.313
322.418
322.418
323.313
324.875
326.936
326.398
326.089
326.089
326.398
326.936
319.513
315.034
312.733
312.733
315.034
319.513
319.985
315.751
313.536
313.536
315.751
319.985
320.592
316.669
314.575
314.575
316.669
320.592
321.377
317.849
315.925
315.925
317.849
321.377
322.39
319.365
317.681
317.681
319.365
322.39
323.693
321.311
319.961
319.961
321.311
323.693
325.35
323.786
322.89
322.89
323.786
325.35
327.411
326.872
326.563
326.563
326.872
327.411
319.979
315.485
313.171
313.171
315.485
319.979
320.452
316.205
313.978
313.978
316.205
320.452
321.06
317.127
315.022
315.022
317.127
321.06
321.845
318.31
316.378
316.378
318.31
321.845
322.86
319.829
318.14
318.14
319.829
322.86
324.163
321.778
320.425
320.425
321.778
324.163
325.821
324.255
323.357
323.357
324.255
325.821
327.882
327.342
327.032
327.032
327.342
327.882
320.441
315.934
313.606
313.606
315.934
320.441
320.914
316.656
314.418
314.418
316.656
320.914
321.523
317.581
315.467
315.467
317.581
321.523
322.309
318.767
316.828
316.828
318.767
322.309
323.325
320.289
318.596
318.596
320.289
323.325
324.629
322.241
320.885
320.885
322.241
324.629
326.287
324.72
323.821
323.821
324.72
326.287
328.349
327.808
327.497
327.497
327.808
328.349
320.899
316.379
314.04
314.04
316.379
320.899
321.372
317.104
314.855
314.855
317.104
321.372
321.982
318.031
315.909
315.909
318.031
321.982
322.769
319.22
317.275
317.275
319.22
322.769
323.785
320.746
319.047
319.047
320.746
323.785
325.091
322.7
321.341
321.341
322.7
325.091
326.749
325.181
324.28
324.28
325.181
326.749
328.811
328.27
327.958
327.958
328.27
328.811
321.353
316.822
314.471
314.471
316.822
321.353
321.827
317.549
315.29
315.29
317.549
321.827
322.437
318.479
316.349
316.349
318.479
322.437
323.225
319.671
317.719
317.719
319.671
323.225
324.242
321.199
319.496
319.496
321.199
324.242
325.548
323.155
321.794
321.794
323.155
325.548
327.207
325.638
324.736
324.736
325.638
327.207
329.269
328.727
328.415
328.415
328.727
329.269
321.803
317.262
314.9
314.9
317.262
321.803
322.278
317.991
315.723
315.723
317.991
322.278
322.889
318.924
316.786
316.786
318.924
322.889
323.678
320.118
318.161
318.161
320.118
323.678
324.695
321.649
319.942
319.942
321.649
324.695
326.002
323.607
322.244
322.244
323.607
326.002
327.661
326.092
325.188
325.188
326.092
327.661
329.723
329.181
328.868
328.868
329.181
329.723
322.25
317.7
315.328
315.328
317.7
322.25
322.726
318.431
316.154
316.154
318.431
322.726
323.337
319.365
317.221
317.221
319.365
323.337
324.127
320.562
318.6
318.6
320.562
324.127
325.145
322.095
320.385
320.385
322.095
325.145
326.452
324.056
322.69
322.69
324.056
326.452
328.112
326.542
325.638
325.638
326.542
328.112
330.174
329.632
329.319
329.319
329.632
330.174
322.694
318.135
315.754
315.754
318.135
322.694
323.17
318.868
316.584
316.584
318.868
323.17
323.782
319.805
317.653
317.653
319.805
323.782
324.572
321.003
319.036
319.036
321.003
324.572
325.591
322.539
320.826
320.826
322.539
325.591
326.899
324.501
323.134
323.134
324.501
326.899
328.559
326.989
326.084
326.084
326.989
328.559
330.621
330.08
329.766
329.766
330.08
330.621
323.135
318.568
316.179
316.179
318.568
323.135
323.611
319.303
317.011
317.011
319.303
323.611
324.224
320.241
318.084
318.084
320.241
324.224
325.014
321.442
319.471
319.471
321.442
325.014
326.034
322.98
321.263
321.263
322.98
326.034
327.342
324.944
323.575
323.575
324.944
327.342
329.003
327.433
326.527
326.527
327.433
329.003
331.065
330.524
330.21
330.21
330.524
331.065
323.573
318.999
316.602
316.602
318.999
323.573
324.049
319.736
317.437
317.437
319.736
324.049
324.663
320.676
318.513
318.513
320.676
324.663
325.454
321.878
319.903
319.903
321.878
325.454
326.474
323.418
321.699
321.699
323.418
326.474
327.783
325.384
324.014
324.014
325.384
327.782
329.443
327.874
326.968
326.968
327.874
329.443
331.506
330.965
330.652
330.652
330.965
331.506
324.008
319.428
317.024
317.024
319.428
324.008
324.485
320.166
317.861
317.861
320.166
324.485
325.098
321.108
318.94
318.94
321.108
325.098
325.89
322.312
320.333
320.333
322.312
325.89
326.91
323.853
322.132
322.132
323.853
326.91
328.22
325.821
324.45
324.45
325.821
328.22
329.881
328.312
327.406
327.406
328.312
329.881
331.944
331.404
331.09
331.09
331.404
331.944
324.44
319.855
317.444
317.444
319.855
324.44
324.917
320.594
318.284
318.284
320.594
324.917
325.531
321.538
319.366
319.366
321.537
325.531
326.323
322.744
320.761
320.761
322.744
326.323
327.344
324.287
322.564
322.564
324.287
327.344
328.654
326.256
324.884
324.884
326.256
328.654
330.315
328.747
327.841
327.841
328.747
330.315
332.379
331.84
331.527
331.527
331.84
332.379
324.869
320.28
317.863
317.863
320.28
324.869
325.347
321.02
318.705
318.705
321.02
325.347
325.961
321.965
319.789
319.789
321.965
325.961
326.754
323.173
321.188
321.188
323.173
326.754
327.775
324.717
322.993
322.993
324.717
327.775
329.085
326.688
325.315
325.315
326.688
329.085
330.747
329.181
328.275
328.275
329.18
330.747
332.81
332.273
331.961
331.96
332.273
332.81
325.296
320.703
318.281
318.281
320.703
325.296
325.774
321.445
319.125
319.125
321.445
325.774
326.388
322.391
320.211
320.211
322.391
326.388
327.181
323.6
321.612
321.612
323.6
327.181
328.203
325.146
323.42
323.42
325.146
328.203
329.514
327.117
325.745
325.745
327.117
329.514
331.176
329.611
328.706
328.706
329.611
331.176
333.24
332.704
332.392
332.392
332.704
333.24
325.721
321.124
318.697
318.697
321.124
325.721
326.198
321.867
319.543
319.543
321.867
326.198
326.813
322.814
320.632
320.632
322.814
326.813
327.606
324.025
322.035
322.035
324.025
327.606
328.629
325.572
323.845
323.845
325.572
328.628
329.94
327.545
326.172
326.172
327.545
329.94
331.602
330.039
329.134
329.134
330.039
331.602
333.666
333.133
332.821
332.821
333.133
333.666
326.142
321.544
319.112
319.112
321.544
326.142
326.62
322.288
319.96
319.96
322.288
326.62
327.235
323.236
321.051
321.051
323.236
327.235
328.029
324.448
322.457
322.457
324.448
328.029
329.051
325.996
324.269
324.269
325.996
329.051
330.363
327.97
326.597
326.597
327.97
330.363
332.026
330.465
329.561
329.561
330.465
332.026
334.09
333.559
333.249
333.249
333.559
334.09
326.562
321.962
319.526
319.526
321.962
326.562
327.039
322.706
320.376
320.376
322.706
327.039
327.655
323.656
321.468
321.468
323.656
327.655
328.448
324.868
322.876
322.876
324.868
328.448
329.471
326.418
324.69
324.69
326.418
329.471
330.783
328.393
327.021
327.021
328.393
330.783
332.446
330.889
329.986
329.986
330.889
332.446
334.511
333.983
333.674
333.674
333.983
334.511
326.979
322.378
319.939
319.939
322.378
326.979
327.456
323.123
320.79
320.79
323.123
327.456
328.072
324.074
321.885
321.885
324.074
328.071
328.865
325.287
323.294
323.294
325.287
328.865
329.889
326.838
325.11
325.11
326.838
329.889
331.201
328.814
327.442
327.442
328.814
331.201
332.865
331.31
330.409
330.408
331.31
332.865
334.929
334.405
334.097
334.097
334.405
334.929
327.393
322.793
320.351
320.351
322.793
327.393
327.871
323.539
321.203
321.203
323.539
327.871
328.486
324.49
322.299
322.299
324.49
328.486
329.28
325.704
323.711
323.711
325.704
329.28
330.304
327.256
325.528
325.528
327.256
330.304
331.617
329.232
327.862
327.862
329.232
331.617
333.28
331.73
330.829
330.829
331.73
333.28
335.345
334.824
334.518
334.518
334.824
335.345
327.805
323.206
320.762
320.762
323.206
327.805
328.283
323.952
321.615
321.615
323.952
328.283
328.898
324.904
322.713
322.713
324.904
328.898
329.692
326.119
324.126
324.126
326.119
329.692
330.716
327.672
325.945
325.945
327.672
330.716
332.029
329.649
328.28
328.28
329.649
332.029
333.694
332.147
331.248
331.248
332.147
333.693
335.758
335.242
334.937
334.937
335.242
335.758
328.215
323.617
321.171
321.171
323.617
328.215
328.692
324.364
322.026
322.026
324.364
328.692
329.307
325.316
323.125
323.125
325.316
329.307
330.102
326.532
324.539
324.539
326.532
330.102
331.126
328.085
326.36
326.36
328.085
331.126
332.44
330.064
328.696
328.696
330.064
332.44
334.104
332.562
331.665
331.665
332.562
334.104
336.169
335.657
335.355
335.354
335.657
336.169
328.622
324.027
321.579
321.579
324.027
328.622
329.099
324.774
322.435
322.435
324.774
329.099
329.714
325.727
323.535
323.535
325.727
329.714
330.509
326.943
324.951
324.951
326.943
330.509
331.534
328.497
326.773
326.773
328.497
331.534
332.847
330.476
329.111
329.111
330.476
332.847
334.512
332.975
332.081
332.081
332.975
334.512
336.578
336.07
335.77
335.77
336.07
336.578
329.027
324.435
321.987
321.987
324.435
329.027
329.504
325.182
322.843
322.843
325.182
329.504
330.119
326.136
323.945
323.945
326.136
330.119
330.914
327.353
325.362
325.362
327.353
330.914
331.938
328.907
327.185
327.185
328.907
331.938
333.253
330.887
329.524
329.524
330.887
333.253
334.918
333.386
332.494
332.494
333.386
334.918
336.983
336.481
336.184
336.184
336.481
336.983
329.429
324.841
322.393
322.393
324.841
329.429
329.906
325.589
323.25
323.25
325.589
329.906
330.521
326.543
324.352
324.352
326.543
330.521
331.316
327.76
325.771
325.771
327.76
331.316
332.341
329.315
327.595
327.595
329.315
332.341
333.655
331.295
329.935
329.935
331.295
333.655
335.321
333.794
332.906
332.906
333.794
335.321
337.387
336.89
336.595
336.595
336.89
337.387
329.83
325.246
322.798
322.798
325.246
329.83
330.306
325.994
323.656
323.656
325.994
330.306
330.921
326.948
324.759
324.759
326.948
330.921
331.715
328.166
326.178
326.178
328.166
331.715
332.741
329.721
328.004
328.004
329.721
332.741
334.055
331.702
330.344
330.344
331.702
334.055
335.721
334.201
333.316
333.316
334.201
335.721
337.788
337.297
337.005
337.005
337.297
337.788
330.227
325.649
323.201
323.201
325.649
330.227
330.703
326.397
324.06
324.06
326.397
330.703
331.318
327.351
325.164
325.164
327.351
331.318
332.112
328.57
326.584
326.584
328.57
332.113
333.138
330.125
328.411
328.41
330.125
333.138
334.453
332.106
330.752
330.752
332.106
334.453
336.119
334.606
333.724
333.724
334.606
336.119
338.186
337.702
337.413
337.413
337.702
338.186
330.623
326.051
323.604
323.604
326.051
330.623
331.098
326.799
324.463
324.463
326.799
331.098
331.712
327.753
325.568
325.568
327.753
331.712
332.507
328.971
326.989
326.989
328.971
332.507
333.533
330.527
328.816
328.816
330.527
333.533
334.848
332.508
331.158
331.158
332.508
334.848
336.515
335.009
334.13
334.13
335.009
336.515
338.582
338.105
337.82
337.82
338.105
338.582
331.016
326.451
324.005
324.005
326.451
331.016
331.49
327.198
324.865
324.865
327.198
331.49
332.104
328.153
325.97
325.97
328.153
332.104
332.899
329.371
327.392
327.392
329.371
332.899
333.925
330.928
329.22
329.22
330.928
333.925
335.241
332.909
331.562
331.562
332.909
335.241
336.908
335.409
334.534
334.534
335.409
336.908
338.975
338.505
338.224
338.224
338.505
338.975
331.406
326.849
324.405
324.405
326.849
331.406
331.88
327.596
325.266
325.266
327.596
331.88
332.494
328.55
326.371
326.371
328.55
332.494
333.289
329.769
327.793
327.793
329.769
333.289
334.314
331.326
329.622
329.622
331.326
334.315
335.631
333.307
331.964
331.964
333.307
335.631
337.298
335.808
334.937
334.937
335.808
337.298
339.366
338.904
338.627
338.627
338.904
339.366
331.794
327.246
324.804
324.804
327.246
331.794
332.267
327.993
325.665
325.665
327.993
332.268
332.881
328.946
326.771
326.771
328.946
332.881
333.675
330.165
328.193
328.193
330.165
333.676
334.702
331.722
330.022
330.022
331.722
334.702
336.018
333.703
332.365
332.365
333.703
336.018
337.686
336.204
335.338
335.338
336.204
337.686
339.754
339.3
339.028
339.028
339.3
339.754
332.18
327.64
325.202
325.202
327.64
332.18
332.652
328.387
326.063
326.062
328.387
332.653
333.265
329.341
327.169
327.169
329.341
333.266
334.06
330.559
328.591
328.591
330.559
334.06
335.086
332.116
330.421
330.421
332.116
335.086
336.403
334.098
332.764
332.764
334.098
336.403
338.071
336.598
335.737
335.737
336.598
338.071
340.14
339.695
339.427
339.427
339.695
340.14
332.563
328.033
325.598
325.598
328.033
332.563
333.035
328.78
326.459
326.459
328.78
333.035
333.647
329.733
327.565
327.565
329.733
333.648
334.442
330.951
328.988
328.988
330.951
334.442
335.468
332.508
330.818
330.818
332.508
335.468
336.785
334.49
333.162
333.162
334.49
336.785
338.454
336.99
336.134
336.134
336.99
338.454
340.523
340.087
339.824
339.824
340.087
340.523
332.943
328.424
325.993
325.993
328.425
332.944
333.414
329.17
326.854
326.854
329.17
333.415
334.027
330.123
327.96
327.96
330.123
334.027
334.821
331.341
329.383
329.383
331.341
334.821
335.847
332.898
331.213
331.213
332.898
335.847
337.164
334.88
333.557
333.557
334.88
337.165
338.833
337.38
336.53
336.53
337.38
338.834
340.903
340.477
340.219
340.219
340.477
340.903
333.321
328.814
326.387
326.386
328.814
333.322
333.791
329.559
327.247
327.247
329.559
333.792
334.403
330.511
328.353
328.353
330.511
334.403
335.197
331.729
329.777
329.777
331.729
335.197
336.223
333.286
331.607
331.607
333.286
336.224
337.541
335.267
333.951
333.951
335.267
337.541
339.211
337.768
336.923
336.923
337.768
339.211
341.281
340.864
340.612
340.612
340.865
341.281
333.697
329.201
326.779
326.779
329.201
333.697
334.166
329.946
327.639
327.639
329.946
334.166
334.777
330.898
328.745
328.745
330.898
334.777
335.571
332.115
330.168
330.168
332.115
335.571
336.597
333.671
331.998
331.998
333.671
336.597
337.915
335.653
334.342
334.342
335.653
337.915
339.585
338.153
337.315
337.315
338.153
339.586
341.656
341.25
341.003
341.003
341.25
341.656
334.069
329.587
327.169
327.169
329.587
334.07
334.538
330.331
328.029
328.029
330.331
334.538
335.148
331.282
329.135
329.135
331.282
335.149
335.942
332.499
330.558
330.558
332.499
335.942
336.968
334.055
332.388
332.388
334.055
336.969
338.286
336.036
334.732
334.732
336.036
338.287
339.957
338.537
337.704
337.704
338.537
339.957
342.028
341.633
341.392
341.392
341.633
342.028
334.44
329.971
327.558
327.558
329.971
334.44
334.907
330.713
328.418
328.418
330.713
334.907
335.517
331.664
329.524
329.524
331.664
335.517
336.31
332.881
330.947
330.947
332.881
336.31
337.336
334.436
332.776
332.776
334.436
337.337
338.655
336.417
335.12
335.12
336.417
338.655
340.326
338.917
338.092
338.092
338.918
340.326
342.397
342.014
341.779
341.779
342.014
342.398
334.807
330.352
327.946
327.946
330.352
334.808
335.273
331.094
328.805
328.805
331.094
335.274
335.883
332.044
329.91
329.91
332.044
335.883
336.675
333.26
331.333
331.333
333.26
336.676
337.702
334.815
333.163
333.163
334.815
337.702
339.021
336.796
335.506
335.506
336.796
339.021
340.692
339.296
338.477
338.477
339.296
340.693
342.764
342.393
342.164
342.164
342.393
342.765
335.172
330.732
328.332
328.332
330.732
335.172
335.637
331.473
329.19
329.19
331.473
335.638
336.246
332.422
330.295
330.295
332.422
336.246
337.038
333.637
331.718
331.718
333.638
337.039
338.065
335.192
333.547
333.547
335.192
338.065
339.384
337.172
335.89
335.89
337.173
339.384
341.056
339.672
338.861
338.861
339.673
341.056
343.128
342.769
342.547
342.547
342.769
343.129
335.534
331.11
328.716
328.716
331.11
335.535
335.998
331.849
329.574
329.574
331.85
335.999
336.606
332.798
330.678
330.678
332.798
336.607
337.398
334.012
332.1
332.1
334.013
337.399
338.424
335.566
333.929
333.929
335.567
338.425
339.744
337.546
336.272
336.272
337.547
339.745
341.416
340.046
339.242
339.242
340.046
341.417
343.489
343.143
342.928
342.928
343.143
343.49
335.893
331.485
329.099
329.099
331.485
335.894
336.356
332.224
329.956
329.956
332.224
336.357
336.963
333.171
331.06
331.06
333.171
336.964
337.755
334.385
332.481
332.481
334.385
337.756
338.781
335.938
334.309
334.309
335.939
338.782
340.101
337.918
336.651
336.651
337.918
340.102
341.774
340.418
339.621
339.621
340.418
341.775
343.848
343.514
343.307
343.307
343.514
343.848
336.25
331.859
329.48
329.48
331.859
336.251
336.712
332.596
330.336
330.336
332.596
336.712
337.318
333.542
331.439
331.439
333.543
337.319
338.109
334.755
332.86
332.86
334.756
338.11
339.136
336.308
334.688
334.688
336.308
339.136
340.456
338.287
337.029
337.029
338.288
340.456
342.129
340.787
339.998
339.998
340.787
342.13
344.203
343.883
343.683
343.683
343.883
344.204
336.604
332.23
329.859
329.859
332.23
336.605
337.064
332.966
330.714
330.714
332.966
337.065
337.67
333.911
331.817
331.817
333.912
337.671
338.46
335.123
333.237
333.237
335.124
338.461
339.487
336.676
335.064
335.064
336.676
339.488
340.807
338.654
337.404
337.404
338.655
340.808
342.481
341.153
340.373
340.373
341.153
342.482
344.556
344.25
344.057
344.057
344.25
344.557
336.955
332.599
330.236
330.236
332.599
336.956
337.414
333.334
331.091
331.091
333.334
337.415
338.018
334.278
332.192
332.192
334.278
338.019
338.809
335.489
333.611
333.611
335.489
338.81
339.835
337.04
335.438
335.438
337.041
339.836
341.156
339.019
337.778
337.778
339.019
341.156
342.83
341.517
340.745
340.745
341.517
342.831
344.905
344.614
344.429
344.429
344.614
344.906
337.304
332.967
330.613
330.613
332.967
337.304
337.761
333.7
331.466
331.466
333.7
337.762
338.365
334.643
332.566
332.566
334.643
338.366
339.155
335.853
333.985
333.985
335.853
339.156
340.181
337.403
335.81
335.81
337.404
340.182
341.502
339.381
338.149
338.149
339.381
341.503
343.177
341.879
341.116
341.116
341.879
343.178
345.253
344.976
344.799
344.799
344.976
345.254
337.646
333.329
330.983
330.983
333.329
337.647
338.103
334.06
331.835
331.835
334.061
338.104
338.705
335.002
332.935
332.935
335.002
338.706
339.495
336.211
334.352
334.352
336.211
339.496
340.521
337.761
336.177
336.177
337.761
340.522
341.842
339.738
338.515
338.515
339.738
341.843
343.518
342.235
341.481
341.482
342.236
343.519
345.594
345.332
345.164
345.164
345.332
345.595
338
333.703
331.367
331.367
333.703
338.001
338.455
334.433
332.218
332.218
334.433
338.456
339.056
335.373
333.316
333.316
335.373
339.057
339.845
336.581
334.733
334.733
336.581
339.846
340.871
338.129
336.556
336.556
338.13
340.872
342.192
340.106
338.893
338.893
340.106
342.193
343.868
342.603
341.858
341.859
342.603
343.869
345.945
345.699
345.54
345.54
345.699
345.947
338.293
334.013
331.685
331.685
334.013
338.294
338.746
334.741
332.535
332.535
334.742
338.747
339.347
335.68
333.632
333.632
335.68
339.348
340.135
336.887
335.047
335.048
336.887
340.137
341.161
338.435
336.87
336.87
338.436
341.163
342.483
340.411
339.207
339.207
340.411
342.484
344.16
342.908
342.172
342.172
342.909
344.161
346.238
346.005
345.853
345.853
346.005
346.239
338.832
334.587
332.277
332.277
334.588
338.833
339.283
335.313
333.124
333.124
335.314
339.284
339.882
336.249
334.219
334.219
336.25
339.883
340.669
337.454
335.632
335.632
337.454
340.671
341.695
339
337.453
337.453
339.001
341.696
343.017
340.974
339.788
339.788
340.975
343.018
344.694
343.47
342.75
342.75
343.47
344.695
346.772
346.565
346.429
346.429
346.566
346.774
298.399
298.194
298.15
298.15
298.194
298.399
298.427
298.205
298.152
298.152
298.205
298.427
298.475
298.225
298.159
298.159
298.225
298.475
298.557
298.261
298.174
298.174
298.261
298.557
298.697
298.335
298.214
298.214
298.335
298.697
298.948
298.502
298.332
298.332
298.502
298.948
299.429
298.924
298.709
298.709
298.924
299.429
300.452
300.118
299.976
299.976
300.118
300.452
299.38
298.469
298.261
298.261
298.469
299.38
299.504
298.538
298.295
298.295
298.538
299.504
299.696
298.654
298.363
298.363
298.654
299.696
299.995
298.856
298.499
298.499
298.856
299.995
300.471
299.223
298.778
298.778
299.223
300.471
301.231
299.915
299.376
299.376
299.915
301.231
302.442
301.245
300.682
300.682
301.245
302.442
304.292
303.703
303.392
303.392
303.703
304.292
300.705
299.023
298.562
298.562
299.023
300.705
300.922
299.176
298.656
298.656
299.176
300.922
301.235
299.418
298.823
298.823
299.418
301.235
301.692
299.807
299.123
299.123
299.807
301.692
302.364
300.451
299.671
299.671
300.451
302.364
303.355
301.532
300.691
300.691
301.532
303.355
304.786
303.33
302.572
302.572
303.33
304.786
306.757
306.132
305.779
305.779
306.132
306.757
301.895
299.67
298.971
298.971
299.67
301.895
302.178
299.906
299.133
299.133
299.906
302.178
302.57
300.259
299.401
299.401
300.259
302.57
303.118
300.797
299.851
299.851
300.797
303.118
303.892
301.634
300.616
300.616
301.634
303.892
304.98
302.942
301.923
301.923
302.942
304.98
306.483
304.946
304.103
304.103
304.946
306.483
308.48
307.84
307.466
307.466
307.84
308.48
302.961
300.364
299.458
299.458
300.364
302.961
303.287
300.673
299.691
299.691
300.673
303.287
303.728
301.117
300.055
300.055
301.117
303.728
304.333
301.769
300.634
300.634
301.769
304.333
305.164
302.738
301.565
301.565
302.738
305.164
306.304
304.18
303.063
303.063
304.18
306.304
307.843
306.29
305.409
305.409
306.29
307.843
309.855
309.224
308.842
308.842
309.224
309.855
303.937
301.069
299.992
299.992
301.069
303.937
304.291
301.438
300.292
300.292
301.438
304.291
304.765
301.956
300.742
300.742
301.956
304.765
305.406
302.693
301.427
301.427
302.693
305.406
306.274
303.754
302.484
302.484
303.754
306.274
307.447
305.284
304.111
304.111
305.284
307.447
309.01
307.459
306.56
306.56
307.459
309.01
311.032
310.42
310.037
310.037
310.42
311.032
304.836
301.756
300.542
300.542
301.756
304.836
305.21
302.175
300.902
300.902
302.175
305.21
305.707
302.751
301.425
301.425
302.751
305.707
306.373
303.554
302.198
302.198
303.554
306.373
307.267
304.685
303.352
303.352
304.685
307.267
308.464
306.28
305.075
305.075
306.28
308.464
310.045
308.502
307.599
307.599
308.502
310.045
312.074
311.483
311.108
311.108
311.483
312.074
305.677
302.423
301.095
301.095
302.423
305.677
306.066
302.882
301.507
301.507
302.882
306.066
306.58
303.505
302.093
302.093
303.505
306.58
307.265
304.361
302.939
302.939
304.361
307.265
308.178
305.547
304.172
304.172
305.547
308.178
309.393
307.194
305.972
305.972
307.194
309.393
310.986
309.454
308.553
308.553
309.454
310.986
313.021
312.451
312.086
312.086
312.451
313.021
306.471
303.07
301.643
301.643
303.07
306.471
306.871
303.563
302.101
302.101
303.563
306.871
307.399
304.224
302.741
302.741
304.224
307.399
308.098
305.124
303.649
303.649
305.124
308.098
309.027
306.355
304.949
304.949
306.355
309.027
310.254
308.043
306.811
306.811
308.043
310.254
311.858
310.333
309.439
309.439
310.333
311.858
313.898
313.343
312.991
312.991
313.343
313.898
307.225
303.699
302.186
302.186
303.699
307.225
307.635
304.22
302.683
302.683
304.22
307.635
308.173
304.914
303.37
303.37
304.914
308.173
308.884
305.849
304.331
304.331
305.849
308.884
309.825
307.117
305.687
305.687
307.117
309.825
311.063
308.84
307.602
307.602
308.84
311.063
312.675
311.155
310.269
310.269
311.155
312.675
314.718
314.176
313.837
313.837
314.176
314.718
307.945
304.312
302.722
302.722
304.312
307.945
308.363
304.856
303.253
303.253
304.856
308.363
308.911
305.578
303.981
303.981
305.578
308.911
309.632
306.543
304.987
304.987
306.543
309.632
310.582
307.843
306.392
306.392
307.843
310.582
311.829
309.594
308.351
308.351
309.594
311.829
313.447
311.931
311.051
311.051
311.931
313.447
315.493
314.96
314.632
314.632
314.96
315.493
308.637
304.91
303.25
303.25
304.91
308.637
309.062
305.475
303.812
303.812
305.475
309.062
309.617
306.219
304.575
304.575
306.219
309.617
310.346
307.211
305.621
305.621
307.211
310.346
311.304
308.537
307.067
307.067
308.537
311.304
312.559
310.313
309.065
309.065
310.313
312.559
314.182
312.667
311.792
311.792
312.667
314.182
316.231
315.703
315.384
315.384
315.703
316.231
309.304
305.495
303.772
303.772
305.495
309.304
309.735
306.077
304.361
304.361
306.077
309.735
310.296
306.842
305.154
305.154
306.842
310.296
311.032
307.855
306.235
306.235
307.855
311.032
311.997
309.205
307.717
307.717
309.205
311.997
313.258
311.001
309.748
309.748
311.001
313.258
314.886
313.37
312.499
312.499
313.37
314.886
316.936
316.413
316.101
316.101
316.413
316.936
309.949
306.067
304.288
304.288
306.067
309.949
310.385
306.664
304.899
304.899
306.664
310.385
310.952
307.447
305.72
305.72
307.447
310.952
311.694
308.48
306.832
306.832
308.48
311.694
312.665
309.849
308.345
308.345
309.849
312.665
313.931
311.663
310.405
310.405
311.663
313.931
315.563
314.045
313.177
313.177
314.045
315.563
317.614
317.094
316.787
316.787
317.094
317.614
310.575
306.628
304.797
304.797
306.628
310.575
311.015
307.239
305.429
305.429
307.239
311.015
311.587
308.037
306.275
306.275
308.037
311.587
312.334
309.087
307.413
307.413
309.087
312.334
313.31
310.473
308.954
308.954
310.473
313.31
314.581
312.303
311.039
311.039
312.303
314.581
316.216
314.697
313.83
313.83
314.697
316.216
318.269
317.75
317.447
317.447
317.75
318.269
311.184
307.178
305.3
305.3
307.178
311.184
311.627
307.801
305.951
305.951
307.801
311.627
312.203
308.614
306.818
306.818
308.614
312.203
312.955
309.678
307.98
307.98
309.678
312.955
313.936
311.08
309.546
309.546
311.08
313.936
315.211
312.923
311.653
311.653
312.923
315.211
316.848
315.327
314.46
314.46
315.327
316.848
318.902
318.384
318.083
318.083
318.384
318.902
311.777
307.719
305.797
305.797
307.719
311.777
312.224
308.353
306.465
306.465
308.353
312.224
312.804
309.177
307.351
307.351
309.177
312.804
313.559
310.256
308.535
308.535
310.256
313.559
314.544
311.67
310.122
310.122
311.67
314.544
315.822
313.526
312.25
312.25
313.526
315.822
317.462
315.938
315.07
315.07
315.938
317.462
319.517
318.999
318.7
318.7
318.999
319.517
312.357
308.251
306.288
306.288
308.251
312.357
312.806
308.894
306.972
306.972
308.894
312.806
313.389
309.73
307.875
307.875
309.73
313.389
314.148
310.82
309.078
309.078
310.82
314.148
315.137
312.247
310.685
310.685
312.247
315.137
316.418
314.113
312.831
312.831
314.113
316.418
318.06
316.533
315.664
315.664
316.533
318.06
320.116
319.597
319.299
319.299
319.597
320.116
312.923
308.774
306.775
306.775
308.774
312.923
313.376
309.427
307.472
307.472
309.427
313.376
313.962
310.272
308.392
308.392
310.272
313.962
314.724
311.373
309.612
309.612
311.373
314.724
315.715
312.81
311.237
311.237
312.81
315.715
316.999
314.686
313.398
313.398
314.686
316.999
318.643
317.113
316.243
316.243
317.113
318.643
320.7
320.18
319.882
319.882
320.18
320.7
313.479
309.29
307.256
307.256
309.29
313.479
313.933
309.95
307.966
307.966
309.95
313.933
314.522
310.805
308.9
308.9
310.805
314.522
315.287
311.915
310.136
310.136
311.915
315.287
316.281
313.362
311.777
311.777
313.362
316.281
317.567
315.247
313.953
313.953
315.247
317.567
319.213
317.68
316.808
316.808
317.68
319.213
321.27
320.749
320.451
320.451
320.749
321.27
314.023
309.799
307.733
307.733
309.799
314.023
314.48
310.466
308.454
308.454
310.466
314.48
315.071
311.328
309.401
309.401
311.328
315.071
315.839
312.448
310.652
310.652
312.448
315.839
316.835
313.904
312.307
312.307
313.904
316.835
318.124
315.796
314.496
314.496
315.796
318.124
319.771
318.234
317.36
317.36
318.234
319.771
321.829
321.306
321.008
321.008
321.306
321.829
314.558
310.3
308.205
308.205
310.3
314.558
315.017
310.974
308.937
308.937
310.974
315.017
315.61
311.844
309.896
309.896
311.844
315.61
316.38
312.971
311.16
311.16
312.971
316.38
317.379
314.436
312.828
312.828
314.436
317.379
318.67
316.335
315.029
315.029
316.335
318.67
320.318
318.778
317.902
317.902
318.778
320.318
322.376
321.852
321.553
321.553
321.852
322.376
315.084
310.796
308.673
308.673
310.796
315.084
315.545
311.476
309.415
309.415
311.476
315.545
316.14
312.352
310.385
310.385
312.352
316.14
316.912
313.487
311.66
311.66
313.487
316.912
317.913
314.959
313.341
313.341
314.959
317.913
319.205
316.865
315.553
315.553
316.865
319.205
320.855
319.312
318.434
318.434
319.312
320.855
322.914
322.388
322.088
322.088
322.388
322.914
315.602
311.286
309.137
309.137
311.286
315.602
316.065
311.971
309.888
309.888
311.971
316.065
316.662
312.854
310.868
310.868
312.854
316.662
317.435
313.995
312.155
312.155
313.995
317.435
318.438
315.473
313.847
313.847
315.473
318.438
319.732
317.386
316.069
316.069
317.386
319.732
321.383
319.837
318.957
318.957
319.837
321.383
323.442
322.915
322.614
322.614
322.915
323.442
316.113
311.77
309.598
309.598
311.77
316.113
316.577
312.46
310.357
310.357
312.46
316.577
317.175
313.349
311.346
311.346
313.349
317.175
317.951
314.496
312.643
312.643
314.496
317.951
318.955
315.981
314.346
314.346
315.981
318.955
320.251
317.898
316.577
316.577
317.898
320.251
321.902
320.354
319.471
319.471
320.354
321.902
323.962
323.433
323.131
323.131
323.433
323.962
316.616
312.249
310.055
310.055
312.249
316.616
317.081
312.944
310.821
310.821
312.944
317.081
317.681
313.838
311.82
311.82
313.838
317.681
318.459
314.991
313.126
313.126
314.991
318.459
319.465
316.481
314.838
314.838
316.481
319.465
320.762
318.404
317.077
317.077
318.404
320.762
322.414
320.863
319.978
319.978
320.863
322.414
324.474
323.943
323.64
323.64
323.943
324.474
317.113
312.723
310.508
310.508
312.723
317.113
317.579
313.423
311.282
311.282
313.423
317.579
318.181
314.322
312.289
312.289
314.322
318.181
318.96
315.48
313.603
313.603
315.48
318.96
319.967
316.976
315.324
315.324
316.976
319.967
321.265
318.903
317.572
317.572
318.903
321.265
322.919
321.365
320.478
320.478
321.365
322.919
324.979
324.446
324.142
324.142
324.446
324.979
317.604
313.193
310.959
310.959
313.193
317.604
318.071
313.897
311.739
311.739
313.897
318.071
318.674
314.8
312.753
312.753
314.8
318.674
319.454
315.964
314.076
314.076
315.964
319.454
320.463
317.464
315.805
315.805
317.464
320.463
321.762
319.395
318.06
318.06
319.395
321.762
323.416
321.861
320.971
320.971
321.861
323.416
325.477
324.943
324.638
324.638
324.943
325.477
318.089
313.659
311.407
311.407
313.659
318.089
318.557
314.367
312.193
312.193
314.367
318.557
319.162
315.274
313.214
313.214
315.274
319.162
319.943
316.442
314.544
314.544
316.442
319.943
320.953
317.946
316.281
316.281
317.946
320.953
322.253
319.882
318.543
318.543
319.882
322.253
323.908
322.35
321.459
321.459
322.35
323.908
325.969
325.434
325.127
325.127
325.434
325.969
318.568
314.121
311.851
311.851
314.121
318.568
319.038
314.832
312.643
312.643
314.832
319.038
319.643
315.743
313.671
313.671
315.743
319.643
320.426
316.915
315.008
315.008
316.915
320.426
321.437
318.424
316.752
316.752
318.424
321.437
322.739
320.363
319.02
319.02
320.363
322.739
324.394
322.834
321.941
321.941
322.834
324.394
326.455
325.918
325.611
325.611
325.918
326.455
319.043
314.579
312.294
312.294
314.579
319.043
319.514
315.293
313.091
313.091
315.293
319.514
320.12
316.208
314.125
314.125
316.208
320.12
320.904
317.384
315.469
315.469
317.384
320.904
321.916
318.897
317.219
317.219
318.897
321.916
323.218
320.839
319.493
319.493
320.839
323.218
324.875
323.313
322.418
322.418
323.313
324.875
326.936
326.398
326.089
326.089
326.398
326.936
319.513
315.034
312.733
312.733
315.034
319.513
319.985
315.751
313.536
313.536
315.751
319.985
320.592
316.669
314.575
314.575
316.669
320.592
321.377
317.849
315.925
315.925
317.849
321.377
322.39
319.365
317.681
317.681
319.365
322.39
323.693
321.311
319.961
319.961
321.311
323.693
325.35
323.786
322.89
322.89
323.786
325.35
327.411
326.872
326.563
326.563
326.872
327.411
319.979
315.485
313.171
313.171
315.485
319.979
320.452
316.205
313.978
313.978
316.205
320.452
321.06
317.127
315.022
315.022
317.127
321.06
321.845
318.31
316.378
316.378
318.31
321.845
322.86
319.829
318.14
318.14
319.829
322.86
324.164
321.778
320.425
320.425
321.778
324.163
325.821
324.255
323.357
323.357
324.255
325.821
327.882
327.342
327.032
327.032
327.342
327.882
320.441
315.934
313.606
313.606
315.934
320.441
320.914
316.656
314.418
314.418
316.656
320.914
321.523
317.581
315.467
315.467
317.581
321.523
322.309
318.767
316.828
316.828
318.767
322.309
323.325
320.289
318.596
318.596
320.289
323.325
324.629
322.241
320.885
320.885
322.241
324.629
326.287
324.72
323.821
323.821
324.72
326.287
328.349
327.808
327.497
327.497
327.808
328.349
320.899
316.379
314.04
314.04
316.379
320.899
321.372
317.104
314.855
314.855
317.104
321.372
321.982
318.031
315.909
315.909
318.031
321.982
322.769
319.22
317.275
317.275
319.22
322.769
323.785
320.746
319.047
319.047
320.746
323.785
325.091
322.7
321.341
321.341
322.7
325.091
326.749
325.181
324.28
324.28
325.181
326.749
328.811
328.27
327.958
327.958
328.27
328.811
321.353
316.822
314.471
314.471
316.822
321.353
321.827
317.549
315.29
315.29
317.549
321.827
322.437
318.479
316.349
316.349
318.479
322.437
323.225
319.671
317.719
317.719
319.671
323.225
324.242
321.199
319.496
319.496
321.199
324.242
325.548
323.155
321.794
321.794
323.155
325.548
327.207
325.638
324.736
324.736
325.638
327.207
329.269
328.727
328.415
328.415
328.727
329.269
321.803
317.262
314.9
314.9
317.262
321.803
322.278
317.991
315.723
315.723
317.991
322.278
322.889
318.924
316.786
316.786
318.924
322.889
323.678
320.118
318.161
318.161
320.118
323.678
324.695
321.649
319.942
319.942
321.649
324.695
326.002
323.607
322.244
322.244
323.607
326.002
327.661
326.092
325.188
325.188
326.092
327.661
329.723
329.181
328.868
328.868
329.181
329.723
322.25
317.7
315.328
315.328
317.7
322.25
322.726
318.431
316.154
316.154
318.431
322.726
323.337
319.365
317.221
317.221
319.365
323.337
324.127
320.562
318.6
318.6
320.562
324.127
325.145
322.095
320.385
320.385
322.095
325.145
326.452
324.056
322.69
322.69
324.056
326.452
328.112
326.542
325.638
325.638
326.542
328.112
330.174
329.632
329.319
329.319
329.632
330.174
322.694
318.135
315.754
315.754
318.135
322.694
323.17
318.868
316.584
316.584
318.868
323.17
323.782
319.805
317.653
317.653
319.805
323.782
324.572
321.003
319.036
319.036
321.003
324.572
325.591
322.539
320.826
320.826
322.539
325.591
326.899
324.501
323.134
323.134
324.501
326.899
328.559
326.989
326.084
326.084
326.989
328.559
330.621
330.08
329.766
329.766
330.08
330.621
323.135
318.568
316.179
316.179
318.568
323.135
323.611
319.303
317.011
317.011
319.303
323.611
324.224
320.241
318.084
318.084
320.241
324.224
325.015
321.442
319.471
319.471
321.442
325.014
326.034
322.98
321.263
321.263
322.98
326.034
327.342
324.944
323.575
323.575
324.944
327.342
329.003
327.433
326.527
326.527
327.433
329.003
331.065
330.524
330.21
330.21
330.524
331.065
323.573
318.999
316.602
316.602
318.999
323.573
324.049
319.736
317.437
317.437
319.736
324.049
324.663
320.676
318.513
318.513
320.676
324.663
325.454
321.878
319.903
319.903
321.878
325.454
326.474
323.418
321.699
321.699
323.418
326.474
327.783
325.384
324.014
324.014
325.384
327.783
329.443
327.874
326.968
326.968
327.874
329.443
331.506
330.965
330.652
330.652
330.965
331.506
324.008
319.428
317.024
317.024
319.428
324.008
324.485
320.166
317.861
317.861
320.166
324.485
325.098
321.108
318.94
318.94
321.108
325.098
325.89
322.312
320.333
320.333
322.312
325.89
326.91
323.854
322.132
322.132
323.853
326.91
328.22
325.821
324.45
324.45
325.821
328.22
329.881
328.312
327.406
327.406
328.312
329.881
331.944
331.404
331.09
331.09
331.404
331.944
324.44
319.855
317.444
317.444
319.855
324.44
324.917
320.594
318.284
318.284
320.594
324.917
325.531
321.538
319.366
319.366
321.538
325.531
326.323
322.744
320.761
320.761
322.744
326.323
327.344
324.287
322.564
322.564
324.287
327.344
328.654
326.256
324.884
324.884
326.256
328.654
330.315
328.748
327.841
327.841
328.747
330.315
332.379
331.84
331.527
331.527
331.84
332.379
324.869
320.28
317.863
317.863
320.28
324.869
325.347
321.02
318.705
318.705
321.02
325.347
325.961
321.965
319.789
319.789
321.965
325.961
326.754
323.173
321.188
321.188
323.173
326.754
327.775
324.717
322.993
322.993
324.717
327.775
329.085
326.688
325.315
325.315
326.688
329.085
330.747
329.181
328.275
328.275
329.181
330.747
332.81
332.274
331.961
331.961
332.273
332.81
325.296
320.703
318.281
318.281
320.703
325.296
325.774
321.445
319.125
319.125
321.445
325.774
326.388
322.391
320.211
320.211
322.391
326.388
327.181
323.6
321.612
321.612
323.6
327.181
328.203
325.146
323.42
323.42
325.146
328.203
329.514
327.118
325.745
325.745
327.117
329.514
331.176
329.611
328.706
328.706
329.611
331.176
333.24
332.704
332.392
332.392
332.704
333.24
325.721
321.125
318.697
318.697
321.124
325.721
326.198
321.867
319.543
319.543
321.867
326.198
326.813
322.814
320.632
320.632
322.814
326.813
327.606
324.025
322.035
322.035
324.025
327.606
328.629
325.572
323.845
323.845
325.572
328.629
329.94
327.545
326.172
326.172
327.545
329.94
331.602
330.039
329.134
329.134
330.039
331.602
333.666
333.133
332.821
332.821
333.133
333.666
326.142
321.544
319.112
319.112
321.544
326.142
326.62
322.288
319.96
319.96
322.288
326.62
327.235
323.236
321.051
321.051
323.236
327.235
328.029
324.448
322.457
322.457
324.448
328.029
329.051
325.996
324.269
324.269
325.996
329.051
330.363
327.97
326.597
326.597
327.97
330.363
332.026
330.465
329.561
329.561
330.465
332.026
334.09
333.559
333.249
333.249
333.559
334.09
326.562
321.962
319.526
319.526
321.962
326.562
327.039
322.706
320.376
320.376
322.706
327.039
327.655
323.656
321.469
321.469
323.656
327.655
328.448
324.868
322.876
322.876
324.868
328.448
329.471
326.418
324.69
324.69
326.418
329.471
330.783
328.393
327.021
327.021
328.393
330.783
332.447
330.889
329.986
329.986
330.889
332.446
334.511
333.983
333.674
333.674
333.983
334.511
326.979
322.378
319.939
319.939
322.378
326.979
327.456
323.123
320.79
320.79
323.123
327.456
328.072
324.074
321.885
321.885
324.074
328.072
328.866
325.287
323.294
323.294
325.287
328.865
329.889
326.838
325.11
325.11
326.838
329.889
331.201
328.814
327.442
327.442
328.814
331.201
332.865
331.31
330.409
330.409
331.31
332.865
334.929
334.405
334.097
334.097
334.405
334.929
327.393
322.793
320.351
320.351
322.793
327.393
327.871
323.539
321.203
321.203
323.539
327.871
328.486
324.49
322.299
322.299
324.49
328.486
329.28
325.704
323.711
323.711
325.704
329.28
330.304
327.256
325.528
325.528
327.256
330.304
331.617
329.232
327.862
327.862
329.232
331.617
333.28
331.73
330.829
330.829
331.73
333.28
335.345
334.824
334.518
334.518
334.824
335.345
327.805
323.206
320.762
320.762
323.206
327.805
328.283
323.952
321.615
321.615
323.952
328.283
328.898
324.904
322.713
322.713
324.904
328.898
329.692
326.119
324.126
324.126
326.119
329.692
330.716
327.672
325.945
325.945
327.672
330.716
332.029
329.649
328.28
328.28
329.649
332.029
333.694
332.147
331.248
331.248
332.147
333.694
335.758
335.242
334.937
334.937
335.242
335.758
328.215
323.617
321.171
321.171
323.617
328.215
328.692
324.364
322.026
322.026
324.364
328.692
329.307
325.316
323.125
323.125
325.316
329.307
330.102
326.532
324.539
324.539
326.532
330.102
331.126
328.085
326.36
326.36
328.085
331.126
332.44
330.064
328.696
328.696
330.064
332.44
334.104
332.562
331.665
331.665
332.562
334.104
336.169
335.657
335.355
335.355
335.657
336.169
328.622
324.027
321.579
321.579
324.027
328.622
329.099
324.774
322.435
322.435
324.774
329.099
329.714
325.727
323.535
323.535
325.727
329.714
330.509
326.943
324.951
324.951
326.943
330.509
331.534
328.497
326.773
326.773
328.497
331.534
332.847
330.476
329.111
329.111
330.476
332.847
334.512
332.975
332.081
332.081
332.975
334.512
336.578
336.07
335.77
335.77
336.07
336.578
329.027
324.435
321.987
321.987
324.435
329.027
329.504
325.182
322.844
322.844
325.182
329.504
330.119
326.136
323.945
323.945
326.136
330.119
330.914
327.353
325.362
325.362
327.353
330.914
331.938
328.907
327.185
327.185
328.907
331.938
333.253
330.887
329.524
329.524
330.887
333.253
334.918
333.386
332.494
332.494
333.386
334.918
336.983
336.481
336.184
336.184
336.481
336.983
329.429
324.841
322.393
322.393
324.841
329.429
329.906
325.589
323.25
323.25
325.589
329.906
330.521
326.543
324.352
324.352
326.543
330.521
331.316
327.76
325.771
325.771
327.76
331.316
332.341
329.315
327.595
327.595
329.315
332.341
333.655
331.295
329.935
329.935
331.295
333.655
335.321
333.794
332.906
332.906
333.794
335.321
337.387
336.89
336.595
336.595
336.89
337.387
329.83
325.246
322.798
322.798
325.246
329.83
330.306
325.994
323.656
323.656
325.994
330.306
330.921
326.948
324.759
324.759
326.948
330.921
331.715
328.166
326.178
326.178
328.166
331.715
332.741
329.721
328.004
328.004
329.721
332.741
334.055
331.702
330.344
330.344
331.702
334.055
335.721
334.201
333.316
333.316
334.201
335.721
337.788
337.297
337.005
337.005
337.297
337.788
330.227
325.649
323.201
323.201
325.649
330.227
330.703
326.397
324.06
324.06
326.397
330.703
331.318
327.351
325.164
325.164
327.351
331.318
332.112
328.57
326.584
326.584
328.57
332.112
333.138
330.125
328.411
328.411
330.125
333.138
334.453
332.106
330.752
330.752
332.106
334.453
336.119
334.606
333.724
333.724
334.606
336.119
338.186
337.702
337.413
337.413
337.702
338.186
330.623
326.051
323.604
323.604
326.051
330.623
331.098
326.799
324.463
324.463
326.799
331.098
331.712
327.753
325.568
325.568
327.753
331.712
332.507
328.971
326.989
326.989
328.971
332.507
333.533
330.527
328.816
328.816
330.527
333.533
334.848
332.508
331.158
331.158
332.508
334.848
336.515
335.009
334.13
334.13
335.009
336.515
338.582
338.105
337.82
337.82
338.105
338.582
331.016
326.451
324.005
324.005
326.451
331.016
331.49
327.198
324.865
324.865
327.198
331.49
332.104
328.153
325.97
325.97
328.153
332.104
332.899
329.371
327.392
327.392
329.371
332.899
333.925
330.928
329.22
329.22
330.928
333.925
335.241
332.909
331.562
331.562
332.909
335.241
336.908
335.409
334.534
334.534
335.409
336.908
338.975
338.505
338.224
338.224
338.505
338.975
331.406
326.849
324.405
324.405
326.849
331.406
331.88
327.596
325.266
325.266
327.596
331.88
332.494
328.55
326.371
326.371
328.55
332.494
333.288
329.769
327.793
327.793
329.769
333.289
334.314
331.326
329.622
329.622
331.326
334.314
335.63
333.307
331.964
331.964
333.307
335.631
337.298
335.808
334.937
334.937
335.808
337.298
339.366
338.904
338.627
338.627
338.904
339.366
331.794
327.246
324.804
324.804
327.246
331.794
332.267
327.993
325.665
325.665
327.993
332.267
332.881
328.946
326.771
326.771
328.946
332.881
333.675
330.165
328.193
328.193
330.165
333.675
334.701
331.722
330.022
330.022
331.722
334.702
336.018
333.703
332.365
332.365
333.703
336.018
337.686
336.204
335.338
335.338
336.204
337.686
339.754
339.3
339.028
339.028
339.3
339.754
332.18
327.64
325.202
325.202
327.64
332.18
332.652
328.387
326.062
326.062
328.387
332.652
333.265
329.341
327.169
327.169
329.341
333.265
334.06
330.559
328.591
328.591
330.559
334.06
335.086
332.116
330.421
330.421
332.116
335.086
336.403
334.098
332.764
332.764
334.098
336.403
338.071
336.598
335.737
335.737
336.598
338.071
340.139
339.695
339.427
339.427
339.695
340.14
332.563
328.033
325.598
325.598
328.033
332.563
333.034
328.779
326.459
326.459
328.779
333.035
333.647
329.733
327.565
327.565
329.733
333.647
334.441
330.951
328.988
328.988
330.951
334.441
335.468
332.508
330.818
330.818
332.508
335.468
336.785
334.49
333.161
333.161
334.49
336.785
338.453
336.99
336.134
336.134
336.99
338.454
340.522
340.087
339.824
339.824
340.087
340.523
332.943
328.424
325.993
325.993
328.424
332.943
333.414
329.17
326.854
326.854
329.17
333.414
334.026
330.123
327.96
327.96
330.123
334.027
334.82
331.341
329.383
329.383
331.341
334.821
335.847
332.898
331.213
331.213
332.898
335.847
337.164
334.879
333.557
333.557
334.879
337.164
338.833
337.38
336.53
336.53
337.38
338.833
340.903
340.477
340.219
340.219
340.477
340.903
333.321
328.814
326.386
326.386
328.814
333.321
333.791
329.559
327.247
327.247
329.559
333.791
334.403
330.511
328.353
328.353
330.511
334.403
335.197
331.729
329.777
329.777
331.729
335.197
336.223
333.286
331.607
331.607
333.286
336.223
337.541
335.267
333.95
333.95
335.267
337.541
339.21
337.768
336.923
336.923
337.768
339.211
341.28
340.864
340.612
340.612
340.864
341.281
333.696
329.201
326.779
326.779
329.201
333.697
334.166
329.946
327.639
327.639
329.946
334.166
334.777
330.898
328.745
328.745
330.898
334.777
335.57
332.115
330.168
330.168
332.115
335.571
336.597
333.671
331.998
331.998
333.671
336.597
337.915
335.653
334.342
334.342
335.653
337.915
339.585
338.153
337.315
337.315
338.153
339.585
341.655
341.25
341.003
341.003
341.25
341.656
334.069
329.587
327.169
327.169
329.587
334.069
334.537
330.33
328.029
328.029
330.33
334.538
335.148
331.282
329.135
329.135
331.282
335.148
335.941
332.499
330.558
330.558
332.499
335.942
336.968
334.055
332.388
332.388
334.055
336.968
338.286
336.036
334.732
334.732
336.036
338.286
339.957
338.536
337.704
337.704
338.536
339.957
342.028
341.633
341.392
341.392
341.633
342.028
334.439
329.97
327.558
327.558
329.97
334.44
334.907
330.713
328.418
328.418
330.713
334.907
335.516
331.664
329.524
329.524
331.664
335.517
336.309
332.88
330.947
330.947
332.881
336.31
337.336
334.436
332.776
332.776
334.436
337.336
338.655
336.417
335.12
335.12
336.417
338.655
340.326
338.917
338.092
338.092
338.917
340.326
342.397
342.014
341.779
341.779
342.014
342.397
334.807
330.352
327.946
327.946
330.352
334.807
335.273
331.094
328.805
328.805
331.094
335.273
335.882
332.044
329.91
329.91
332.044
335.883
336.675
333.26
331.333
331.333
333.26
336.675
337.701
334.815
333.162
333.162
334.815
337.702
339.02
336.796
335.506
335.506
336.796
339.021
340.692
339.296
338.477
338.477
339.296
340.692
342.764
342.393
342.164
342.164
342.393
342.764
335.171
330.732
328.332
328.332
330.732
335.172
335.637
331.473
329.19
329.19
331.473
335.637
336.245
332.422
330.295
330.295
332.422
336.246
337.038
333.637
331.717
331.718
333.637
337.038
338.064
335.192
333.547
333.547
335.192
338.065
339.383
337.172
335.89
335.89
337.172
339.384
341.055
339.672
338.86
338.86
339.672
341.056
343.128
342.769
342.547
342.547
342.769
343.128
335.533
331.109
328.716
328.716
331.11
335.534
335.998
331.849
329.574
329.574
331.849
335.998
336.605
332.797
330.678
330.678
332.797
336.606
337.397
334.012
332.1
332.1
334.012
337.398
338.424
335.566
333.929
333.929
335.566
338.424
339.743
337.546
336.271
336.271
337.546
339.744
341.416
340.046
339.242
339.242
340.046
341.416
343.489
343.143
342.928
342.928
343.143
343.489
335.893
331.485
329.099
329.099
331.485
335.893
336.356
332.224
329.956
329.956
332.224
336.356
336.963
333.171
331.06
331.06
333.171
336.963
337.754
334.385
332.481
332.481
334.385
337.755
338.781
335.938
334.309
334.309
335.938
338.781
340.101
337.918
336.651
336.651
337.918
340.101
341.774
340.417
339.621
339.621
340.417
341.774
343.847
343.514
343.307
343.307
343.514
343.848
336.249
331.858
329.48
329.48
331.859
336.25
336.711
332.596
330.336
330.336
332.596
336.712
337.317
333.542
331.439
331.439
333.542
337.318
338.108
334.755
332.86
332.86
334.755
338.109
339.135
336.308
334.687
334.687
336.308
339.136
340.455
338.287
337.029
337.029
338.287
340.456
342.128
340.786
339.998
339.998
340.786
342.129
344.203
343.883
343.683
343.683
343.883
344.203
336.603
332.23
329.859
329.859
332.23
336.604
337.064
332.966
330.714
330.714
332.966
337.064
337.669
333.911
331.816
331.816
333.911
337.67
338.46
335.123
333.236
333.236
335.123
338.46
339.486
336.675
335.063
335.063
336.675
339.487
340.806
338.654
337.404
337.404
338.654
340.807
342.48
341.153
340.373
340.373
341.153
342.481
344.555
344.249
344.057
344.057
344.25
344.556
336.954
332.599
330.236
330.236
332.599
336.955
337.413
333.333
331.09
331.09
333.334
337.414
338.018
334.277
332.192
332.192
334.278
338.018
338.808
335.488
333.611
333.611
335.489
338.809
339.834
337.04
335.437
335.437
337.04
339.835
341.155
339.018
337.777
337.777
339.018
341.156
342.829
341.517
340.745
340.745
341.517
342.83
344.905
344.613
344.429
344.429
344.613
344.905
337.303
332.966
330.612
330.612
332.967
337.303
337.76
333.699
331.465
331.465
333.7
337.761
338.364
334.642
332.566
332.566
334.642
338.365
339.154
335.852
333.984
333.984
335.853
339.155
340.18
337.403
335.81
335.81
337.403
340.181
341.501
339.38
338.149
338.149
339.381
341.502
343.176
341.879
341.116
341.116
341.879
343.177
345.252
344.975
344.799
344.799
344.975
345.253
337.645
333.328
330.983
330.983
333.328
337.646
338.102
334.06
331.835
331.835
334.06
338.103
338.704
335.001
332.934
332.934
335.002
338.705
339.494
336.21
334.352
334.352
336.211
339.495
340.52
337.76
336.177
336.177
337.76
340.521
341.841
339.737
338.515
338.515
339.737
341.842
343.517
342.235
341.481
341.481
342.235
343.518
345.593
345.331
345.164
345.164
345.332
345.594
337.999
333.702
331.367
331.367
333.703
338
338.453
334.432
332.218
332.218
334.432
338.454
339.055
335.372
333.316
333.316
335.372
339.056
339.844
336.58
334.732
334.732
336.58
339.845
340.87
338.129
336.556
336.556
338.129
340.871
342.191
340.105
338.893
338.893
340.105
342.192
343.867
342.602
341.858
341.858
342.602
343.868
345.944
345.698
345.54
345.54
345.699
345.945
338.291
334.012
331.685
331.685
334.012
338.292
338.745
334.741
332.534
332.534
334.741
338.746
339.346
335.679
333.631
333.631
335.68
339.347
340.134
336.886
335.047
335.047
336.887
340.135
341.16
338.434
336.87
336.87
338.435
341.161
342.482
340.41
339.207
339.207
340.411
342.483
344.159
342.907
342.171
342.171
342.908
344.16
346.237
346.004
345.853
345.853
346.005
346.238
338.831
334.587
332.276
332.276
334.587
338.832
339.282
335.312
333.123
333.123
335.313
339.283
339.881
336.249
334.218
334.218
336.249
339.882
340.668
337.453
335.632
335.632
337.454
340.669
341.693
338.999
337.452
337.453
339
341.695
343.015
340.973
339.787
339.787
340.974
343.017
344.692
343.469
342.749
342.749
343.469
344.694
346.771
346.564
346.428
346.428
346.565
346.772
)
;

boundaryField
{
    inlet
    {
        type            fixedValue;
        value           uniform 298.15;
    }
    outlet
    {
        type            inletOutlet;
        inletValue      uniform 298.15;
        value           nonuniform List<scalar> 
228
(
335.635
330.702
328.03
328.03
330.702
335.636
330.702
325.168
322.198
322.198
325.168
330.702
328.03
322.198
319.085
319.085
322.198
328.03
328.03
322.198
319.085
319.085
322.198
328.03
330.702
325.168
322.198
322.198
325.168
330.703
335.636
330.703
328.03
328.03
330.703
335.637
338.812
334.575
332.267
332.267
334.575
338.814
339.263
335.3
333.114
333.114
335.3
339.264
339.862
336.235
334.208
334.208
336.236
339.863
340.648
337.44
335.621
335.621
337.44
340.65
341.674
338.985
337.442
337.442
338.986
341.675
342.996
340.959
339.776
339.776
340.96
342.997
344.673
343.455
342.738
342.738
343.455
344.675
346.752
346.55
346.416
346.416
346.551
346.753
338.814
334.576
332.268
332.268
334.576
338.815
339.264
335.301
333.114
333.114
335.301
339.266
339.863
336.236
334.209
334.209
336.237
339.864
340.65
337.441
335.622
335.622
337.441
340.651
341.676
338.986
337.442
337.443
338.987
341.677
342.997
340.96
339.777
339.777
340.961
342.999
344.675
343.456
342.738
342.738
343.456
344.676
346.753
346.551
346.417
346.417
346.552
346.755
338.814
339.264
339.863
340.65
341.675
342.997
344.675
346.753
334.575
335.301
336.236
337.441
338.986
340.96
343.456
346.551
332.268
333.114
334.209
335.622
337.442
339.777
342.738
346.417
332.268
333.114
334.209
335.622
337.443
339.777
342.738
346.417
334.576
335.301
336.237
337.441
338.987
340.961
343.456
346.552
338.815
339.266
339.864
340.651
341.677
342.999
344.676
346.755
338.812
339.263
339.862
340.648
341.674
342.996
344.673
346.752
334.575
335.3
336.235
337.44
338.985
340.959
343.455
346.55
332.267
333.114
334.208
335.621
337.442
339.776
342.738
346.416
332.267
333.114
334.208
335.621
337.442
339.776
342.738
346.416
334.575
335.3
336.236
337.44
338.986
340.96
343.455
346.551
338.814
339.264
339.863
340.65
341.675
342.997
344.675
346.753
)
;
    }
    wall
    {
        type            externalTemperature;
        q               
        {
            type            uniform;
            value           100000;
        }
        refValue        nonuniform List<scalar> 
1920
(
301.53
301.73
301.887
301.887
301.73
301.53
305.369
305.315
305.303
305.303
305.315
305.369
307.834
307.743
307.689
307.689
307.743
307.834
309.558
309.451
309.376
309.376
309.451
309.558
310.933
310.836
310.753
310.753
310.836
310.933
312.11
312.031
311.948
311.948
312.031
312.11
313.152
313.095
313.018
313.018
313.095
313.152
314.099
314.062
313.997
313.997
314.062
314.099
314.975
314.955
314.902
314.902
314.955
314.975
315.796
315.787
315.747
315.747
315.787
315.796
316.571
316.571
316.542
316.542
316.571
316.571
317.308
317.315
317.295
317.295
317.315
317.308
318.014
318.025
318.011
318.011
318.025
318.014
318.692
318.706
318.698
318.698
318.706
318.692
319.346
319.362
319.357
319.357
319.362
319.346
319.98
319.996
319.994
319.994
319.996
319.98
320.595
320.611
320.61
320.61
320.611
320.595
321.193
321.209
321.209
321.209
321.209
321.193
321.777
321.791
321.792
321.792
321.791
321.777
322.348
322.361
322.361
322.361
322.361
322.348
322.906
322.918
322.918
322.918
322.918
322.906
323.454
323.464
323.463
323.463
323.464
323.454
323.991
324
323.998
323.998
324
323.991
324.52
324.526
324.524
324.524
324.526
324.52
325.039
325.044
325.041
325.041
325.044
325.039
325.551
325.555
325.55
325.55
325.555
325.551
326.056
326.058
326.053
326.053
326.058
326.056
326.554
326.555
326.548
326.548
326.555
326.554
327.046
327.045
327.038
327.038
327.045
327.046
327.532
327.53
327.521
327.521
327.53
327.532
328.013
328.01
328
328
328.01
328.013
328.489
328.484
328.473
328.473
328.484
328.489
328.96
328.954
328.943
328.943
328.954
328.96
329.426
329.42
329.407
329.407
329.42
329.426
329.888
329.881
329.868
329.868
329.881
329.888
330.346
330.339
330.325
330.325
330.339
330.346
330.8
330.793
330.779
330.779
330.793
330.8
331.251
331.244
331.229
331.229
331.244
331.251
331.698
331.691
331.676
331.676
331.691
331.698
332.142
332.135
332.12
332.12
332.135
332.142
332.583
332.577
332.562
332.562
332.577
332.583
333.02
333.015
333.001
333.001
333.015
333.02
333.455
333.451
333.437
333.437
333.451
333.455
333.886
333.884
333.871
333.871
333.884
333.886
334.315
334.315
334.302
334.302
334.315
334.315
334.741
334.744
334.731
334.731
334.744
334.741
335.164
335.17
335.158
335.158
335.17
335.164
335.585
335.593
335.583
335.583
335.593
335.585
336.003
336.015
336.006
336.006
336.015
336.003
336.419
336.434
336.427
336.427
336.434
336.419
336.832
336.851
336.846
336.846
336.851
336.832
337.242
337.266
337.263
337.263
337.266
337.242
337.65
337.679
337.678
337.678
337.679
337.65
338.055
338.089
338.092
338.092
338.089
338.055
338.458
338.498
338.503
338.503
338.498
338.458
338.858
338.904
338.913
338.913
338.904
338.858
339.255
339.309
339.321
339.321
339.309
339.255
339.65
339.711
339.726
339.726
339.711
339.65
340.043
340.111
340.13
340.13
340.111
340.043
340.433
340.509
340.533
340.533
340.509
340.433
340.82
340.905
340.933
340.933
340.905
340.82
341.204
341.298
341.331
341.331
341.298
341.205
341.586
341.69
341.728
341.728
341.69
341.587
341.966
342.079
342.122
342.122
342.079
341.966
342.342
342.466
342.515
342.515
342.466
342.342
342.716
342.85
342.905
342.905
342.85
342.716
343.087
343.233
343.293
343.293
343.233
343.087
343.455
343.612
343.68
343.68
343.613
343.456
343.821
343.99
344.064
344.064
343.99
343.821
344.183
344.365
344.446
344.446
344.365
344.184
344.543
344.738
344.826
344.826
344.738
344.544
344.9
345.108
345.203
345.204
345.108
344.901
345.254
345.476
345.579
345.579
345.476
345.255
345.605
345.841
345.952
345.952
345.841
345.606
345.953
346.204
346.323
346.323
346.204
345.954
346.299
346.564
346.692
346.692
346.565
346.3
346.638
346.919
347.055
347.055
346.92
346.639
346.988
347.285
347.43
347.43
347.285
346.989
347.279
347.59
347.742
347.742
347.59
347.28
347.81
348.147
348.315
348.315
348.148
347.812
301.53
301.73
301.887
301.887
301.73
301.53
305.369
305.315
305.303
305.303
305.315
305.369
307.834
307.743
307.689
307.689
307.743
307.834
309.558
309.451
309.376
309.376
309.451
309.558
310.933
310.836
310.753
310.753
310.836
310.933
312.11
312.031
311.948
311.948
312.031
312.11
313.152
313.095
313.018
313.018
313.095
313.152
314.099
314.062
313.997
313.997
314.062
314.099
314.975
314.955
314.902
314.902
314.955
314.975
315.796
315.787
315.747
315.747
315.787
315.796
316.571
316.571
316.542
316.542
316.571
316.571
317.308
317.315
317.295
317.295
317.315
317.308
318.014
318.025
318.011
318.011
318.025
318.014
318.692
318.706
318.698
318.698
318.706
318.692
319.346
319.362
319.357
319.357
319.362
319.346
319.98
319.996
319.994
319.994
319.996
319.98
320.595
320.611
320.61
320.61
320.611
320.595
321.193
321.209
321.209
321.209
321.209
321.193
321.777
321.791
321.792
321.792
321.791
321.777
322.348
322.361
322.361
322.361
322.361
322.348
322.906
322.918
322.918
322.918
322.918
322.906
323.454
323.464
323.463
323.463
323.464
323.454
323.991
324
323.998
323.998
324
323.991
324.52
324.526
324.524
324.524
324.526
324.52
325.039
325.044
325.041
325.041
325.044
325.039
325.551
325.555
325.55
325.55
325.555
325.551
326.056
326.058
326.053
326.053
326.058
326.056
326.554
326.555
326.548
326.548
326.555
326.554
327.046
327.045
327.038
327.038
327.045
327.046
327.532
327.53
327.521
327.521
327.53
327.532
328.013
328.01
328
328
328.01
328.013
328.489
328.484
328.473
328.473
328.484
328.489
328.96
328.954
328.943
328.943
328.954
328.96
329.426
329.42
329.407
329.407
329.42
329.426
329.888
329.881
329.868
329.868
329.881
329.888
330.346
330.339
330.325
330.325
330.339
330.346
330.8
330.793
330.779
330.779
330.793
330.8
331.251
331.244
331.229
331.229
331.244
331.251
331.698
331.691
331.676
331.676
331.691
331.698
332.142
332.135
332.12
332.12
332.135
332.142
332.583
332.577
332.562
332.562
332.577
332.583
333.02
333.015
333.001
333.001
333.015
333.02
333.455
333.451
333.437
333.437
333.451
333.455
333.886
333.884
333.871
333.871
333.884
333.886
334.315
334.315
334.302
334.302
334.315
334.315
334.741
334.744
334.731
334.731
334.744
334.741
335.164
335.17
335.158
335.158
335.169
335.164
335.585
335.593
335.583
335.583
335.593
335.585
336.003
336.015
336.006
336.006
336.015
336.003
336.419
336.434
336.427
336.427
336.434
336.419
336.832
336.851
336.846
336.846
336.851
336.832
337.242
337.266
337.263
337.263
337.266
337.242
337.65
337.679
337.678
337.678
337.679
337.65
338.055
338.089
338.092
338.092
338.089
338.055
338.458
338.498
338.503
338.503
338.498
338.458
338.858
338.904
338.913
338.913
338.904
338.858
339.255
339.309
339.321
339.32
339.309
339.255
339.65
339.711
339.726
339.726
339.711
339.65
340.043
340.111
340.13
340.13
340.111
340.043
340.433
340.509
340.533
340.533
340.509
340.433
340.82
340.905
340.933
340.933
340.905
340.82
341.205
341.298
341.331
341.331
341.298
341.205
341.587
341.69
341.728
341.728
341.69
341.587
341.966
342.079
342.122
342.122
342.079
341.966
342.342
342.466
342.515
342.515
342.466
342.343
342.716
342.85
342.905
342.905
342.85
342.717
343.087
343.233
343.294
343.293
343.233
343.088
343.456
343.613
343.68
343.68
343.613
343.456
343.821
343.99
344.064
344.064
343.99
343.822
344.184
344.366
344.446
344.446
344.366
344.184
344.544
344.738
344.826
344.826
344.739
344.544
344.901
345.109
345.204
345.204
345.109
344.901
345.255
345.477
345.579
345.579
345.477
345.255
345.606
345.842
345.952
345.952
345.842
345.607
345.954
346.204
346.323
346.323
346.205
345.955
346.3
346.565
346.692
346.692
346.565
346.301
346.64
346.92
347.056
347.056
346.92
346.64
346.989
347.286
347.43
347.43
347.286
346.99
347.28
347.591
347.743
347.743
347.591
347.281
347.812
348.149
348.316
348.316
348.149
347.813
301.53
305.369
307.834
309.558
310.933
312.11
313.152
314.099
314.975
315.796
316.571
317.308
318.014
318.692
319.346
319.98
320.595
321.193
321.777
322.348
322.906
323.454
323.991
324.52
325.039
325.551
326.056
326.554
327.046
327.532
328.013
328.489
328.96
329.426
329.888
330.346
330.8
331.251
331.698
332.142
332.583
333.02
333.455
333.886
334.315
334.741
335.164
335.585
336.003
336.419
336.832
337.242
337.65
338.055
338.458
338.858
339.255
339.65
340.043
340.433
340.82
341.205
341.587
341.966
342.342
342.716
343.087
343.456
343.821
344.184
344.544
344.901
345.255
345.606
345.954
346.3
346.639
346.989
347.28
347.811
301.73
305.315
307.743
309.451
310.836
312.031
313.095
314.062
314.955
315.787
316.571
317.315
318.025
318.706
319.362
319.996
320.611
321.209
321.791
322.361
322.918
323.464
324
324.526
325.044
325.555
326.058
326.555
327.045
327.53
328.01
328.484
328.954
329.42
329.881
330.339
330.793
331.244
331.691
332.135
332.577
333.015
333.451
333.884
334.315
334.744
335.17
335.593
336.015
336.434
336.851
337.266
337.679
338.089
338.498
338.904
339.309
339.711
340.111
340.509
340.905
341.298
341.69
342.079
342.466
342.85
343.233
343.613
343.99
344.366
344.738
345.109
345.476
345.842
346.204
346.565
346.92
347.286
347.59
348.148
301.887
305.303
307.689
309.376
310.753
311.948
313.018
313.997
314.902
315.747
316.542
317.295
318.011
318.698
319.357
319.994
320.61
321.209
321.792
322.361
322.918
323.463
323.998
324.524
325.041
325.55
326.053
326.548
327.038
327.521
328
328.473
328.943
329.407
329.868
330.325
330.779
331.229
331.676
332.12
332.562
333.001
333.437
333.871
334.302
334.731
335.158
335.583
336.006
336.427
336.846
337.263
337.678
338.092
338.503
338.913
339.321
339.726
340.13
340.533
340.933
341.331
341.728
342.122
342.515
342.905
343.293
343.68
344.064
344.446
344.826
345.204
345.579
345.952
346.323
346.692
347.056
347.43
347.743
348.316
301.887
305.303
307.689
309.376
310.753
311.948
313.018
313.997
314.902
315.747
316.542
317.295
318.011
318.698
319.357
319.994
320.61
321.209
321.792
322.361
322.918
323.463
323.998
324.524
325.041
325.55
326.053
326.548
327.038
327.521
328
328.473
328.943
329.407
329.868
330.325
330.779
331.229
331.676
332.12
332.562
333.001
333.437
333.871
334.302
334.731
335.158
335.583
336.006
336.427
336.846
337.263
337.678
338.092
338.503
338.913
339.32
339.726
340.13
340.533
340.933
341.331
341.728
342.122
342.515
342.905
343.293
343.68
344.064
344.446
344.826
345.204
345.579
345.952
346.323
346.692
347.056
347.43
347.743
348.316
301.73
305.315
307.743
309.451
310.836
312.031
313.095
314.062
314.955
315.787
316.571
317.315
318.025
318.706
319.362
319.996
320.611
321.209
321.791
322.361
322.918
323.464
324
324.526
325.044
325.555
326.058
326.555
327.045
327.53
328.01
328.484
328.954
329.42
329.881
330.339
330.793
331.244
331.691
332.135
332.577
333.015
333.451
333.884
334.315
334.744
335.169
335.593
336.015
336.434
336.851
337.266
337.679
338.089
338.498
338.904
339.309
339.711
340.111
340.509
340.905
341.298
341.69
342.079
342.466
342.85
343.233
343.613
343.99
344.366
344.739
345.109
345.477
345.842
346.205
346.565
346.92
347.286
347.591
348.149
301.53
305.369
307.834
309.558
310.933
312.11
313.152
314.099
314.975
315.796
316.571
317.308
318.014
318.692
319.346
319.98
320.595
321.193
321.777
322.348
322.906
323.454
323.991
324.52
325.039
325.551
326.056
326.554
327.046
327.532
328.013
328.489
328.96
329.426
329.888
330.346
330.8
331.251
331.698
332.142
332.583
333.02
333.455
333.886
334.315
334.741
335.164
335.585
336.003
336.419
336.832
337.242
337.65
338.055
338.458
338.858
339.255
339.651
340.043
340.433
340.82
341.205
341.587
341.966
342.343
342.717
343.088
343.456
343.822
344.184
344.544
344.901
345.255
345.607
345.955
346.301
346.641
346.99
347.281
347.813
301.53
305.369
307.834
309.558
310.933
312.11
313.152
314.099
314.975
315.796
316.571
317.308
318.014
318.692
319.346
319.98
320.595
321.193
321.777
322.348
322.906
323.454
323.991
324.52
325.039
325.551
326.056
326.554
327.046
327.532
328.013
328.489
328.96
329.426
329.888
330.346
330.8
331.251
331.698
332.142
332.583
333.02
333.455
333.886
334.315
334.741
335.165
335.585
336.003
336.419
336.832
337.242
337.65
338.055
338.458
338.858
339.255
339.65
340.043
340.433
340.82
341.204
341.586
341.966
342.342
342.716
343.087
343.455
343.821
344.183
344.543
344.9
345.254
345.605
345.953
346.299
346.638
346.988
347.279
347.81
301.73
305.315
307.743
309.451
310.836
312.031
313.095
314.062
314.955
315.787
316.571
317.315
318.025
318.706
319.362
319.996
320.611
321.209
321.791
322.361
322.918
323.464
324
324.526
325.044
325.555
326.058
326.555
327.045
327.53
328.01
328.484
328.954
329.42
329.881
330.339
330.793
331.244
331.691
332.135
332.577
333.015
333.451
333.884
334.315
334.744
335.17
335.593
336.015
336.434
336.851
337.266
337.679
338.089
338.498
338.904
339.309
339.711
340.111
340.509
340.905
341.298
341.69
342.079
342.466
342.85
343.233
343.613
343.99
344.365
344.738
345.108
345.476
345.841
346.204
346.564
346.919
347.285
347.59
348.148
301.887
305.303
307.689
309.376
310.753
311.948
313.018
313.997
314.902
315.747
316.542
317.295
318.011
318.698
319.357
319.994
320.61
321.209
321.792
322.361
322.918
323.463
323.998
324.524
325.041
325.55
326.053
326.548
327.038
327.521
328
328.473
328.943
329.407
329.868
330.325
330.779
331.229
331.676
332.12
332.562
333.001
333.437
333.871
334.302
334.731
335.158
335.583
336.006
336.427
336.846
337.263
337.678
338.092
338.503
338.913
339.321
339.726
340.13
340.533
340.933
341.331
341.728
342.122
342.515
342.905
343.293
343.68
344.064
344.446
344.826
345.203
345.579
345.952
346.323
346.692
347.055
347.43
347.742
348.315
301.887
305.303
307.689
309.376
310.753
311.948
313.018
313.997
314.902
315.747
316.542
317.295
318.011
318.698
319.357
319.994
320.61
321.209
321.792
322.361
322.918
323.463
323.998
324.524
325.041
325.55
326.053
326.548
327.038
327.521
328
328.473
328.943
329.407
329.868
330.325
330.779
331.229
331.676
332.12
332.562
333.001
333.437
333.871
334.302
334.731
335.158
335.583
336.006
336.427
336.846
337.263
337.678
338.092
338.503
338.913
339.321
339.726
340.13
340.533
340.933
341.331
341.728
342.122
342.515
342.905
343.293
343.68
344.064
344.446
344.826
345.203
345.579
345.952
346.323
346.692
347.055
347.43
347.742
348.315
301.73
305.315
307.743
309.451
310.836
312.031
313.095
314.062
314.955
315.787
316.571
317.315
318.025
318.706
319.362
319.996
320.611
321.209
321.791
322.361
322.918
323.464
324
324.526
325.044
325.555
326.058
326.555
327.045
327.53
328.01
328.484
328.954
329.42
329.881
330.339
330.793
331.244
331.691
332.135
332.577
333.015
333.451
333.884
334.315
334.744
335.17
335.593
336.015
336.434
336.851
337.266
337.679
338.089
338.498
338.904
339.309
339.711
340.111
340.509
340.905
341.298
341.69
342.079
342.466
342.85
343.233
343.613
343.99
344.365
344.738
345.108
345.476
345.841
346.204
346.565
346.92
347.285
347.59
348.148
301.53
305.369
307.834
309.558
310.933
312.11
313.152
314.099
314.975
315.796
316.571
317.308
318.014
318.692
319.346
319.98
320.595
321.193
321.777
322.348
322.906
323.454
323.991
324.52
325.039
325.551
326.056
326.554
327.046
327.532
328.013
328.489
328.96
329.426
329.888
330.346
330.8
331.251
331.698
332.142
332.583
333.02
333.455
333.886
334.315
334.741
335.164
335.585
336.003
336.419
336.832
337.242
337.65
338.055
338.458
338.858
339.255
339.65
340.043
340.433
340.82
341.205
341.587
341.966
342.342
342.716
343.087
343.456
343.821
344.184
344.544
344.901
345.255
345.606
345.954
346.3
346.639
346.989
347.28
347.812
)
;
        refGradient     uniform 164737;
        valueFraction   uniform 0;
        value           nonuniform List<scalar> 
1920
(
301.53
301.73
301.887
301.887
301.73
301.53
305.369
305.315
305.303
305.303
305.315
305.369
307.834
307.743
307.689
307.689
307.743
307.834
309.558
309.451
309.376
309.376
309.451
309.558
310.933
310.836
310.753
310.753
310.836
310.933
312.11
312.031
311.948
311.948
312.031
312.11
313.152
313.095
313.018
313.018
313.095
313.152
314.099
314.062
313.997
313.997
314.062
314.099
314.975
314.955
314.902
314.902
314.955
314.975
315.796
315.787
315.747
315.747
315.787
315.796
316.571
316.571
316.542
316.542
316.571
316.571
317.308
317.315
317.295
317.295
317.315
317.308
318.014
318.025
318.011
318.011
318.025
318.014
318.692
318.706
318.698
318.698
318.706
318.692
319.346
319.362
319.357
319.357
319.362
319.346
319.98
319.996
319.994
319.994
319.996
319.98
320.595
320.611
320.61
320.61
320.611
320.595
321.193
321.209
321.209
321.209
321.209
321.193
321.777
321.791
321.792
321.792
321.791
321.777
322.348
322.361
322.361
322.361
322.361
322.348
322.906
322.918
322.918
322.918
322.918
322.906
323.454
323.464
323.463
323.463
323.464
323.454
323.991
324
323.998
323.998
324
323.991
324.52
324.526
324.524
324.524
324.526
324.52
325.039
325.044
325.041
325.041
325.044
325.039
325.551
325.555
325.55
325.55
325.555
325.551
326.056
326.058
326.053
326.053
326.058
326.056
326.554
326.555
326.548
326.548
326.555
326.554
327.046
327.045
327.038
327.038
327.045
327.046
327.532
327.53
327.521
327.521
327.53
327.532
328.013
328.01
328
328
328.01
328.013
328.489
328.484
328.473
328.473
328.484
328.489
328.96
328.954
328.943
328.943
328.954
328.96
329.426
329.42
329.407
329.407
329.42
329.426
329.888
329.881
329.868
329.868
329.881
329.888
330.346
330.339
330.325
330.325
330.339
330.346
330.801
330.793
330.779
330.779
330.793
330.801
331.251
331.244
331.229
331.229
331.244
331.251
331.699
331.691
331.676
331.676
331.691
331.698
332.142
332.136
332.12
332.12
332.136
332.142
332.583
332.577
332.562
332.562
332.577
332.583
333.021
333.016
333.001
333.001
333.016
333.021
333.455
333.452
333.437
333.437
333.452
333.455
333.887
333.885
333.871
333.871
333.885
333.887
334.316
334.316
334.302
334.302
334.316
334.316
334.742
334.744
334.732
334.732
334.744
334.742
335.166
335.17
335.159
335.159
335.17
335.166
335.587
335.594
335.584
335.584
335.594
335.587
336.005
336.016
336.007
336.007
336.016
336.005
336.421
336.435
336.428
336.428
336.435
336.421
336.834
336.852
336.847
336.847
336.852
336.834
337.244
337.267
337.264
337.264
337.267
337.244
337.652
337.68
337.679
337.679
337.68
337.652
338.058
338.091
338.093
338.093
338.091
338.058
338.461
338.5
338.505
338.505
338.5
338.461
338.861
338.907
338.914
338.914
338.907
338.862
339.259
339.311
339.322
339.322
339.311
339.259
339.655
339.714
339.728
339.728
339.714
339.655
340.048
340.114
340.133
340.133
340.114
340.048
340.438
340.512
340.535
340.535
340.512
340.438
340.826
340.908
340.936
340.935
340.908
340.826
341.211
341.302
341.334
341.334
341.302
341.211
341.593
341.694
341.731
341.731
341.694
341.593
341.973
342.084
342.126
342.126
342.084
341.973
342.35
342.471
342.518
342.518
342.471
342.35
342.724
342.856
342.909
342.909
342.856
342.725
343.096
343.239
343.298
343.298
343.239
343.096
343.465
343.619
343.685
343.685
343.619
343.465
343.831
343.997
344.069
344.069
343.997
343.832
344.194
344.373
344.452
344.452
344.373
344.195
344.555
344.746
344.832
344.832
344.746
344.555
344.912
345.117
345.21
345.21
345.117
344.913
345.267
345.485
345.586
345.586
345.486
345.268
345.619
345.851
345.96
345.96
345.851
345.62
345.968
346.214
346.331
346.331
346.215
345.968
346.314
346.576
346.701
346.701
346.576
346.315
346.655
346.931
347.065
347.065
346.932
346.656
347.005
347.298
347.44
347.44
347.298
347.006
347.297
347.603
347.753
347.753
347.603
347.298
347.829
348.162
348.327
348.327
348.162
347.831
301.53
301.73
301.887
301.887
301.73
301.53
305.369
305.315
305.303
305.303
305.315
305.369
307.834
307.743
307.689
307.689
307.743
307.834
309.558
309.451
309.376
309.376
309.451
309.558
310.933
310.836
310.753
310.753
310.836
310.933
312.11
312.031
311.948
311.948
312.031
312.11
313.152
313.095
313.018
313.018
313.095
313.152
314.099
314.062
313.997
313.997
314.062
314.099
314.975
314.955
314.902
314.902
314.955
314.975
315.796
315.787
315.747
315.747
315.787
315.796
316.571
316.571
316.542
316.542
316.571
316.571
317.308
317.315
317.295
317.295
317.315
317.308
318.014
318.025
318.011
318.011
318.025
318.014
318.692
318.706
318.698
318.698
318.706
318.692
319.346
319.362
319.357
319.357
319.362
319.346
319.98
319.996
319.994
319.994
319.996
319.98
320.595
320.611
320.61
320.61
320.611
320.595
321.193
321.209
321.209
321.209
321.209
321.193
321.777
321.791
321.792
321.792
321.791
321.777
322.348
322.361
322.361
322.361
322.361
322.348
322.906
322.918
322.918
322.918
322.918
322.906
323.454
323.464
323.463
323.463
323.464
323.454
323.991
324
323.998
323.998
324
323.991
324.52
324.526
324.524
324.524
324.526
324.52
325.039
325.044
325.041
325.041
325.044
325.039
325.551
325.555
325.55
325.55
325.555
325.551
326.056
326.058
326.053
326.053
326.058
326.056
326.554
326.555
326.548
326.548
326.555
326.554
327.046
327.045
327.038
327.038
327.045
327.046
327.532
327.53
327.521
327.521
327.53
327.532
328.013
328.01
328
328
328.01
328.013
328.489
328.484
328.473
328.473
328.484
328.489
328.96
328.954
328.943
328.943
328.954
328.96
329.426
329.42
329.407
329.407
329.42
329.426
329.888
329.881
329.868
329.868
329.881
329.888
330.346
330.339
330.325
330.325
330.339
330.346
330.801
330.793
330.779
330.779
330.793
330.801
331.251
331.244
331.229
331.229
331.244
331.251
331.698
331.691
331.676
331.676
331.691
331.698
332.142
332.136
332.12
332.12
332.136
332.142
332.583
332.577
332.562
332.562
332.577
332.583
333.021
333.016
333.001
333.001
333.016
333.021
333.455
333.452
333.437
333.437
333.451
333.455
333.887
333.885
333.871
333.871
333.885
333.887
334.316
334.316
334.302
334.302
334.316
334.316
334.742
334.744
334.732
334.732
334.744
334.742
335.166
335.17
335.159
335.159
335.17
335.166
335.587
335.594
335.584
335.584
335.594
335.587
336.005
336.016
336.007
336.007
336.016
336.005
336.421
336.435
336.428
336.428
336.435
336.421
336.834
336.852
336.847
336.847
336.852
336.834
337.244
337.267
337.264
337.264
337.267
337.244
337.652
337.68
337.679
337.679
337.68
337.652
338.058
338.091
338.093
338.093
338.091
338.058
338.461
338.5
338.505
338.504
338.5
338.461
338.862
338.907
338.914
338.914
338.907
338.862
339.26
339.311
339.322
339.322
339.311
339.26
339.655
339.714
339.728
339.728
339.714
339.655
340.048
340.114
340.133
340.133
340.114
340.048
340.438
340.512
340.535
340.535
340.512
340.438
340.826
340.908
340.936
340.936
340.908
340.826
341.211
341.302
341.334
341.334
341.302
341.211
341.593
341.694
341.731
341.731
341.694
341.594
341.973
342.084
342.126
342.126
342.084
341.973
342.35
342.471
342.519
342.518
342.471
342.351
342.725
342.856
342.909
342.909
342.856
342.725
343.097
343.239
343.298
343.298
343.239
343.097
343.465
343.619
343.685
343.685
343.619
343.466
343.832
343.998
344.07
344.07
343.998
343.832
344.195
344.373
344.452
344.452
344.373
344.195
344.555
344.747
344.832
344.832
344.747
344.556
344.913
345.118
345.211
345.211
345.118
344.914
345.268
345.486
345.587
345.587
345.486
345.268
345.62
345.852
345.96
345.96
345.852
345.62
345.969
346.215
346.331
346.331
346.215
345.969
346.315
346.576
346.701
346.701
346.577
346.316
346.656
346.932
347.065
347.065
346.932
346.657
347.006
347.298
347.441
347.441
347.299
347.007
347.298
347.604
347.753
347.753
347.604
347.299
347.831
348.163
348.328
348.328
348.163
347.832
301.53
305.369
307.834
309.558
310.933
312.11
313.152
314.099
314.975
315.796
316.571
317.308
318.014
318.692
319.346
319.98
320.595
321.193
321.777
322.348
322.906
323.454
323.991
324.52
325.039
325.551
326.056
326.554
327.046
327.532
328.013
328.489
328.96
329.426
329.888
330.346
330.801
331.251
331.698
332.142
332.583
333.021
333.455
333.887
334.316
334.742
335.166
335.587
336.005
336.421
336.834
337.244
337.652
338.058
338.461
338.861
339.259
339.655
340.048
340.438
340.826
341.211
341.593
341.973
342.35
342.725
343.096
343.465
343.831
344.195
344.555
344.913
345.268
345.62
345.968
346.315
346.656
347.006
347.298
347.831
301.73
305.315
307.743
309.451
310.836
312.031
313.095
314.062
314.955
315.787
316.571
317.315
318.025
318.706
319.362
319.996
320.611
321.209
321.791
322.361
322.918
323.464
324
324.526
325.044
325.555
326.058
326.555
327.045
327.53
328.01
328.484
328.954
329.42
329.881
330.339
330.793
331.244
331.691
332.136
332.577
333.016
333.452
333.885
334.316
334.744
335.17
335.594
336.016
336.435
336.852
337.267
337.68
338.091
338.5
338.907
339.311
339.714
340.114
340.512
340.908
341.302
341.694
342.084
342.471
342.856
343.239
343.619
343.998
344.373
344.747
345.117
345.486
345.852
346.215
346.576
346.932
347.298
347.604
348.163
301.887
305.303
307.689
309.376
310.753
311.948
313.018
313.997
314.902
315.747
316.542
317.295
318.011
318.698
319.357
319.994
320.61
321.209
321.792
322.361
322.918
323.463
323.998
324.524
325.041
325.55
326.053
326.548
327.038
327.521
328
328.473
328.943
329.407
329.868
330.325
330.779
331.229
331.676
332.12
332.562
333.001
333.437
333.871
334.302
334.732
335.159
335.584
336.007
336.428
336.847
337.264
337.679
338.093
338.505
338.914
339.322
339.728
340.133
340.535
340.936
341.334
341.731
342.126
342.518
342.909
343.298
343.685
344.069
344.452
344.832
345.211
345.586
345.96
346.331
346.701
347.065
347.441
347.753
348.328
301.887
305.303
307.689
309.376
310.753
311.948
313.018
313.997
314.902
315.747
316.542
317.295
318.011
318.698
319.357
319.994
320.61
321.209
321.792
322.361
322.918
323.463
323.998
324.524
325.041
325.55
326.053
326.548
327.038
327.521
328
328.473
328.943
329.407
329.868
330.325
330.779
331.229
331.676
332.12
332.562
333.001
333.437
333.871
334.302
334.732
335.159
335.584
336.007
336.428
336.847
337.264
337.679
338.093
338.504
338.914
339.322
339.728
340.133
340.535
340.936
341.334
341.731
342.126
342.518
342.909
343.298
343.685
344.07
344.452
344.832
345.211
345.587
345.96
346.331
346.701
347.065
347.441
347.753
348.328
301.73
305.315
307.743
309.451
310.836
312.031
313.095
314.062
314.955
315.787
316.571
317.315
318.025
318.706
319.362
319.996
320.611
321.209
321.791
322.361
322.918
323.464
324
324.526
325.044
325.555
326.058
326.555
327.045
327.53
328.01
328.484
328.954
329.42
329.881
330.339
330.793
331.244
331.691
332.136
332.577
333.016
333.451
333.885
334.316
334.744
335.17
335.594
336.016
336.435
336.852
337.267
337.68
338.091
338.5
338.907
339.311
339.714
340.114
340.512
340.908
341.302
341.694
342.084
342.471
342.856
343.239
343.62
343.998
344.373
344.747
345.118
345.486
345.852
346.215
346.577
346.932
347.299
347.604
348.163
301.53
305.369
307.834
309.558
310.933
312.11
313.152
314.099
314.975
315.796
316.571
317.308
318.014
318.692
319.346
319.98
320.595
321.193
321.777
322.348
322.906
323.454
323.991
324.52
325.039
325.551
326.056
326.554
327.046
327.532
328.013
328.489
328.96
329.426
329.888
330.346
330.801
331.251
331.698
332.142
332.583
333.021
333.455
333.887
334.316
334.742
335.166
335.587
336.005
336.421
336.834
337.244
337.652
338.058
338.461
338.862
339.26
339.655
340.048
340.438
340.826
341.211
341.594
341.973
342.351
342.725
343.097
343.466
343.832
344.195
344.556
344.914
345.269
345.621
345.969
346.316
346.657
347.007
347.299
347.832
301.53
305.369
307.834
309.558
310.933
312.11
313.152
314.099
314.975
315.796
316.571
317.308
318.014
318.692
319.346
319.98
320.595
321.193
321.777
322.348
322.906
323.454
323.991
324.52
325.039
325.551
326.056
326.554
327.046
327.532
328.013
328.489
328.96
329.426
329.888
330.346
330.801
331.251
331.699
332.142
332.583
333.021
333.455
333.887
334.316
334.742
335.166
335.587
336.005
336.421
336.834
337.244
337.652
338.058
338.461
338.861
339.259
339.655
340.048
340.438
340.826
341.211
341.593
341.973
342.35
342.724
343.096
343.465
343.831
344.194
344.555
344.912
345.267
345.619
345.968
346.314
346.655
347.005
347.297
347.829
301.73
305.315
307.743
309.451
310.836
312.031
313.095
314.062
314.955
315.787
316.571
317.315
318.025
318.706
319.362
319.996
320.611
321.209
321.791
322.361
322.918
323.464
324
324.526
325.044
325.555
326.058
326.555
327.045
327.53
328.01
328.484
328.954
329.42
329.881
330.339
330.793
331.244
331.691
332.136
332.577
333.016
333.452
333.885
334.316
334.744
335.17
335.594
336.016
336.435
336.852
337.267
337.68
338.091
338.5
338.907
339.311
339.714
340.114
340.512
340.908
341.302
341.694
342.084
342.471
342.856
343.239
343.619
343.997
344.373
344.746
345.117
345.485
345.851
346.214
346.576
346.931
347.298
347.603
348.162
301.887
305.303
307.689
309.376
310.753
311.948
313.018
313.997
314.902
315.747
316.542
317.295
318.011
318.698
319.357
319.994
320.61
321.209
321.792
322.361
322.918
323.463
323.998
324.524
325.041
325.55
326.053
326.548
327.038
327.521
328
328.473
328.943
329.407
329.868
330.325
330.779
331.229
331.676
332.12
332.562
333.001
333.437
333.871
334.302
334.732
335.159
335.584
336.007
336.428
336.847
337.264
337.679
338.093
338.505
338.914
339.322
339.728
340.133
340.535
340.936
341.334
341.731
342.126
342.518
342.909
343.298
343.685
344.069
344.452
344.832
345.21
345.586
345.96
346.331
346.701
347.065
347.44
347.753
348.327
301.887
305.303
307.689
309.376
310.753
311.948
313.018
313.997
314.902
315.747
316.542
317.295
318.011
318.698
319.357
319.994
320.61
321.209
321.792
322.361
322.918
323.463
323.998
324.524
325.041
325.55
326.053
326.548
327.038
327.521
328
328.473
328.943
329.407
329.868
330.325
330.779
331.229
331.676
332.12
332.562
333.001
333.437
333.871
334.302
334.732
335.159
335.584
336.007
336.428
336.847
337.264
337.679
338.093
338.505
338.914
339.322
339.728
340.133
340.535
340.935
341.334
341.731
342.126
342.518
342.909
343.298
343.685
344.069
344.452
344.832
345.21
345.586
345.96
346.331
346.701
347.065
347.44
347.753
348.327
301.73
305.315
307.743
309.451
310.836
312.031
313.095
314.062
314.955
315.787
316.571
317.315
318.025
318.706
319.362
319.996
320.611
321.209
321.791
322.361
322.918
323.464
324
324.526
325.044
325.555
326.058
326.555
327.045
327.53
328.01
328.484
328.954
329.42
329.881
330.339
330.793
331.244
331.691
332.136
332.577
333.016
333.452
333.885
334.316
334.744
335.17
335.594
336.016
336.435
336.852
337.267
337.68
338.091
338.5
338.907
339.311
339.714
340.114
340.512
340.908
341.302
341.694
342.084
342.471
342.856
343.239
343.619
343.997
344.373
344.746
345.117
345.486
345.851
346.215
346.576
346.932
347.298
347.603
348.162
301.53
305.369
307.834
309.558
310.933
312.11
313.152
314.099
314.975
315.796
316.571
317.308
318.014
318.692
319.346
319.98
320.595
321.193
321.777
322.348
322.906
323.454
323.991
324.52
325.039
325.551
326.056
326.554
327.046
327.532
328.013
328.489
328.96
329.426
329.888
330.346
330.801
331.251
331.698
332.142
332.583
333.021
333.455
333.887
334.316
334.742
335.166
335.587
336.005
336.421
336.834
337.244
337.652
338.058
338.461
338.862
339.259
339.655
340.048
340.438
340.826
341.211
341.593
341.973
342.35
342.725
343.096
343.465
343.832
344.195
344.555
344.913
345.268
345.62
345.968
346.315
346.656
347.006
347.298
347.831
)
;
    }
}


// ************************************************************************* //
